group,database,term,term_label,overlap,set_size,n_group_genes,gene_ratio,bg_ratio,fold_enrichment,p_value,q_value,genes,significant
inflammation_only_down,Reactome,REACTOME_GPCR_LIGAND_BINDING,Gpcr ligand binding,17,264,421,0.0404,0.0178,2.263,0.0015107077638870172,0.6736986157081779,"PYY, CXCR2, PTH1R, FZD5, GCGR, RAMP1, LTB4R2, TSHR, CCR3, GNRH2, GLP2R, CHRM5, GNG7, DRD4, UTS2B, PLPPR1, NTSR1",False
inflammation_only_down,Reactome,REACTOME_SIGNALING_BY_GPCR,Signaling by gpcr,24,478,421,0.057,0.0323,1.764,0.005240159802431378,0.6736986157081779,"PYY, FZD5, RAMP1, LTB4R2, TRPC3, CHRM5, DRD4, PLPPR1, CAMK2D, TSHR, RGS14, UTS2B, KALRN, PTH1R, GNRH2, CAMK2A, PCP2, CXCR2, GCGR, CCR3, ARHGEF40, GLP2R, GNG7, NTSR1",False
inflammation_only_down,Reactome,REACTOME_METABOLIC_DISORDERS_OF_BIOLOGICAL_OXIDATION_ENZYMES,Metabolic disorders of biological oxidation enzymes,4,26,421,0.0095,0.0018,5.406,0.005882937383251278,0.6736986157081779,"OPLAH, AHCY, CYP27A1, CYP26B1",False
inflammation_only_down,Reactome,REACTOME_PHASE_0_RAPID_DEPOLARISATION,Phase 0 rapid depolarisation,4,27,421,0.0095,0.0018,5.206,0.00675357165290443,0.6736986157081779,"CAMK2A, CACNB2, CAMK2D, SCN2A",False
inflammation_only_down,Reactome,REACTOME_SIGNALING_BY_MODERATE_KINASE_ACTIVITY_BRAF_MUTANTS,Signaling by moderate kinase activity braf mutants,5,44,421,0.0119,0.003,3.993,0.007946839851150696,0.6736986157081779,"CAMK2D, FGG, CAMK2A, FGB, MAP2K1",False
inflammation_only_down,Reactome,REACTOME_GLYOXYLATE_METABOLISM_AND_GLYCINE_DEGRADATION,Glyoxylate metabolism and glycine degradation,3,15,421,0.0071,0.001,7.028,0.008068969682961417,0.6736986157081779,"HOGA1, PXMP2, AGXT",False
inflammation_only_down,Reactome,REACTOME_IRAK4_DEFICIENCY_TLR2_4,Irak4 deficiency tlr2 4,3,16,421,0.0071,0.0011,6.589,0.009724159651326513,0.6736986157081779,"FGG, FGB, S100A1",False
inflammation_only_down,Reactome,REACTOME_FOXO_MEDIATED_TRANSCRIPTION_OF_CELL_DEATH_GENES,Foxo mediated transcription of cell death genes,3,16,421,0.0071,0.0011,6.589,0.009724159651326513,0.6736986157081779,"FOXO4, CITED2, NFYC",False
inflammation_only_down,Reactome,REACTOME_CLASS_B_2_SECRETIN_FAMILY_RECEPTORS,Class b 2 secretin family receptors,6,65,421,0.0143,0.0044,3.244,0.01028993264378287,0.6736986157081779,"PTH1R, GCGR, FZD5, RAMP1, GLP2R, GNG7",False
inflammation_only_down,Reactome,REACTOME_COMMON_PATHWAY_OF_FIBRIN_CLOT_FORMATION,Common pathway of fibrin clot formation,3,18,421,0.0071,0.0012,5.857,0.013586596226947823,0.6736986157081779,"FGG, FGB, PROS1",False
inflammation_only_down,Reactome,REACTOME_REGULATION_OF_TLR_BY_ENDOGENOUS_LIGAND,Regulation of tlr by endogenous ligand,3,18,421,0.0071,0.0012,5.857,0.013586596226947823,0.6736986157081779,"FGG, FGB, S100A1",False
inflammation_only_down,Reactome,REACTOME_NEGATIVE_REGULATION_OF_NMDA_RECEPTOR_MEDIATED_NEURONAL_TRANSMISSION,Negative regulation of nmda receptor mediated neuronal transmission,3,19,421,0.0071,0.0013,5.548,0.01579950618805051,0.6736986157081779,"CAMK2A, CAMK2D, PPM1E",False
inflammation_only_down,Reactome,REACTOME_TERMINATION_OF_O_GLYCAN_BIOSYNTHESIS,Termination of o glycan biosynthesis,3,19,421,0.0071,0.0013,5.548,0.01579950618805051,0.6736986157081779,"ST3GAL3, MUC17, ST3GAL1",False
inflammation_only_down,Reactome,REACTOME_CYTOCHROME_P450_ARRANGED_BY_SUBSTRATE_TYPE,Cytochrome p450 arranged by substrate type,5,52,421,0.0119,0.0035,3.379,0.01582142738715556,0.6736986157081779,"CYP26B1, CYP4F12, CYP3A4, CYP1A1, CYP27A1",False
inflammation_only_down,Reactome,REACTOME_TRANSCRIPTIONAL_REGULATION_BY_MECP2,Transcriptional regulation by mecp2,5,52,421,0.0119,0.0035,3.379,0.01582142738715556,0.6736986157081779,"CAMK2D, GAMT, TRPC3, TBL1XR1, CAMK2A",False
inflammation_only_down,Reactome,REACTOME_GROWTH_HORMONE_RECEPTOR_SIGNALING,Growth hormone receptor signaling,3,20,421,0.0071,0.0014,5.271,0.018202787636918724,0.6736986157081779,"STAT5B, SOCS2, IRS1",False
inflammation_only_down,Reactome,REACTOME_CLASS_A_1_RHODOPSIN_LIKE_RECEPTORS,Class a 1 rhodopsin like receptors,11,187,421,0.0261,0.0126,2.067,0.018212390171068234,0.6736986157081779,"PYY, CXCR2, LTB4R2, TSHR, CCR3, GNRH2, CHRM5, DRD4, UTS2B, PLPPR1, NTSR1",False
inflammation_only_down,Reactome,REACTOME_INTERLEUKIN_7_SIGNALING,Interleukin 7 signaling,3,21,421,0.0071,0.0014,5.02,0.02079754934141102,0.6736986157081779,"STAT5B, SOCS2, IRS1",False
inflammation_only_down,Reactome,REACTOME_HDMS_DEMETHYLATE_HISTONES,Hdms demethylate histones,3,21,421,0.0071,0.0014,5.02,0.02079754934141102,0.6736986157081779,"KDM5D, UTY, PHF8",False
inflammation_only_down,Reactome,REACTOME_GLUCAGON_TYPE_LIGAND_RECEPTORS,Glucagon type ligand receptors,3,22,421,0.0071,0.0015,4.792,0.023584297176642868,0.6736986157081779,"GNG7, GCGR, GLP2R",False
inflammation_only_down,Reactome,REACTOME_ADIPOGENESIS,Adipogenesis,7,102,421,0.0166,0.0069,2.412,0.02635517342818561,0.6736986157081779,"MTA1, PPARA, CEBPD, TBL1XR1, SMAD4, CDK19, MED13",False
inflammation_only_down,Reactome,REACTOME_SIGNALING_BY_TYPE_1_INSULIN_LIKE_GROWTH_FACTOR_1_RECEPTOR_IGF1R,Signaling by type 1 insulin like growth factor 1 receptor igf1r,4,40,421,0.0095,0.0027,3.514,0.026366143163842694,0.6736986157081779,"FGFR3, IRS1, IGF1, FGFR4",False
inflammation_only_down,Reactome,REACTOME_INSULIN_RECEPTOR_SIGNALLING_CASCADE,Insulin receptor signalling cascade,4,41,421,0.0095,0.0028,3.428,0.02858115627833154,0.6736986157081779,"FGFR3, IRS1, GRB10, FGFR4",False
inflammation_only_down,Reactome,REACTOME_CAMK_IV_MEDIATED_PHOSPHORYLATION_OF_CREB,Camk iv mediated phosphorylation of creb,2,10,421,0.0048,0.0007,7.028,0.03125506274314036,0.6736986157081779,"CAMK2A, CAMK2D",False
inflammation_only_down,Reactome,REACTOME_G_ALPHA_Q_SIGNALLING_EVENTS,G alpha q signalling events,9,154,421,0.0214,0.0104,2.054,0.032110053063203796,0.6736986157081779,"NTSR1, GCGR, LTB4R2, TRPC3, GNRH2, CHRM5, GNG7, UTS2B, KALRN",False
inflammation_only_down,Reactome,REACTOME_TRP_CHANNELS,Trp channels,3,25,421,0.0071,0.0017,4.217,0.033093382595568925,0.6736986157081779,"TRPM1, TRPV1, TRPC3",False
inflammation_only_down,Reactome,REACTOME_TRAFFICKING_OF_AMPA_RECEPTORS,Trafficking of ampa receptors,3,25,421,0.0071,0.0017,4.217,0.033093382595568925,0.6736986157081779,"CAMK2A, GRIP1, CAMK2D",False
inflammation_only_down,Reactome,REACTOME_TOLL_LIKE_RECEPTOR_TLR1_TLR2_CASCADE,Toll like receptor tlr1 tlr2 cascade,7,108,421,0.0166,0.0073,2.278,0.03451417860777624,0.6736986157081779,"ECSIT, FGG, PELI2, MAP2K1, FGB, S100A1, PELI3",False
inflammation_only_down,Reactome,REACTOME_SIGNALING_BY_BRAF_AND_RAF1_FUSIONS,Signaling by braf and raf1 fusions,5,64,421,0.0119,0.0043,2.745,0.03530166684757548,0.6736986157081779,"CAMK2D, FGG, CAMK2A, FGB, MAP2K1",False
inflammation_only_down,Reactome,REACTOME_CARDIAC_CONDUCTION,Cardiac conduction,7,109,421,0.0166,0.0074,2.257,0.03601991599750469,0.6736986157081779,"FXYD6, KCNK5, CACNB2, CAMK2D, ATP2B2, CAMK2A, SCN2A",False
inflammation_only_down,Reactome,REACTOME_TOLL_LIKE_RECEPTOR_CASCADES,Toll like receptor cascades,9,158,421,0.0214,0.0107,2.002,0.036927675006045976,0.6736986157081779,"ECSIT, CNPY3, FGG, PELI2, DNM1, MAP2K1, FGB, S100A1, PELI3",False
inflammation_only_down,Reactome,REACTOME_PHENYLALANINE_AND_TYROSINE_METABOLISM,Phenylalanine and tyrosine metabolism,2,11,421,0.0048,0.0007,6.389,0.03749303497254487,0.6736986157081779,"PCBD1, HGD",False
inflammation_only_down,Reactome,REACTOME_INTERLEUKIN_2_SIGNALING,Interleukin 2 signaling,2,11,421,0.0048,0.0007,6.389,0.03749303497254487,0.6736986157081779,"STAT5B, PTK2B",False
inflammation_only_down,Reactome,REACTOME_SYNTHESIS_OF_PIPS_AT_THE_LATE_ENDOSOME_MEMBRANE,Synthesis of pips at the late endosome membrane,2,11,421,0.0048,0.0007,6.389,0.03749303497254487,0.6736986157081779,"MTMR7, MTMR4",False
inflammation_only_down,Reactome,REACTOME_SIGNALING_BY_LEPTIN,Signaling by leptin,2,11,421,0.0048,0.0007,6.389,0.03749303497254487,0.6736986157081779,"STAT5B, IRS1",False
inflammation_only_down,Reactome,REACTOME_THE_PHOTOTRANSDUCTION_CASCADE,The phototransduction cascade,3,27,421,0.0071,0.0018,3.904,0.04037869603260079,0.6736986157081779,"GRK7, CNGA1, METAP1",False
inflammation_only_down,Reactome,REACTOME_TRANSCRIPTIONAL_REGULATION_OF_BROWN_AND_BEIGE_ADIPOCYTE_DIFFERENTIATION,Transcriptional regulation of brown and beige adipocyte differentiation,3,27,421,0.0071,0.0018,3.904,0.04037869603260079,0.6736986157081779,"MTA1, PPARA, SMAD4",False
inflammation_only_down,Reactome,REACTOME_HEME_SIGNALING,Heme signaling,4,47,421,0.0095,0.0032,2.991,0.04414147608777086,0.6736986157081779,"TBL1XR1, SLC46A1, PPARA, CRTC2",False
inflammation_only_down,Reactome,REACTOME_BLOOD_GROUP_SYSTEMS_BIOSYNTHESIS,Blood group systems biosynthesis,2,12,421,0.0048,0.0008,5.857,0.044160318772415226,0.6736986157081779,"FUT6, ST3GAL3",False
inflammation_only_down,Reactome,REACTOME_IRAK1_RECRUITS_IKK_COMPLEX,Irak1 recruits ikk complex,2,12,421,0.0048,0.0008,5.857,0.044160318772415226,0.6736986157081779,"PELI2, PELI3",False
inflammation_only_down,Reactome,REACTOME_PURINE_SALVAGE,Purine salvage,2,12,421,0.0048,0.0008,5.857,0.044160318772415226,0.6736986157081779,"GMPR, HPRT1",False
inflammation_only_down,Reactome,REACTOME_SIALIC_ACID_METABOLISM,Sialic acid metabolism,3,28,421,0.0071,0.0019,3.765,0.04429949437802718,0.6736986157081779,"NEU4, ST3GAL3, ST3GAL1",False
inflammation_only_down,Reactome,REACTOME_SUMOYLATION_OF_INTRACELLULAR_RECEPTORS,Sumoylation of intracellular receptors,3,28,421,0.0071,0.0019,3.765,0.04429949437802718,0.6736986157081779,"NR1H3, PPARA, NR3C2",False
inflammation_only_down,Reactome,REACTOME_TRANSMISSION_ACROSS_CHEMICAL_SYNAPSES,Transmission across chemical synapses,11,216,421,0.0261,0.0146,1.79,0.04522381765746985,0.6736986157081779,"GRIP1, CACNB2, CAMK2D, PPM1E, CHRNE, GRIK2, CPLX1, CAMK2A, GNG7, TUBB1, TSPOAP1",False
inflammation_only_down,Reactome,REACTOME_DISEASES_OF_METABOLISM,Diseases of metabolism,11,217,421,0.0261,0.0147,1.781,0.04648076685155336,0.6736986157081779,"OPLAH, IDS, CYP26B1, MUC17, GALE, POMT1, DCXR, HPRT1, AHCY, CYP27A1, ST3GAL3",False
inflammation_only_down,Reactome,REACTOME_ION_HOMEOSTASIS,Ion homeostasis,4,48,421,0.0095,0.0032,2.928,0.04711555078812882,0.6736986157081779,"FXYD6, CAMK2A, CAMK2D, ATP2B2",False
inflammation_only_down,Reactome,REACTOME_REGULATION_OF_LIPID_METABOLISM_BY_PPARALPHA,Regulation of lipid metabolism by pparalpha,7,116,421,0.0166,0.0078,2.121,0.04777749852800397,0.6736986157081779,"PPARA, NR1H3, TBL1XR1, NFYC, CYP1A1, CDK19, MED13",False
inflammation_only_down,Reactome,REACTOME_DISEASES_OF_IMMUNE_SYSTEM,Diseases of immune system,3,29,421,0.0071,0.002,3.635,0.04840236378301414,0.6736986157081779,"FGG, FGB, S100A1",False
inflammation_only_down,Reactome,REACTOME_UPTAKE_AND_ACTIONS_OF_BACTERIAL_TOXINS,Uptake and actions of bacterial toxins,3,29,421,0.0071,0.002,3.635,0.04840236378301414,0.6736986157081779,"STX1B, EEF2, MAP2K1",False
inflammation_only_down,Reactome,REACTOME_ION_TRANSPORT_BY_P_TYPE_ATPASES,Ion transport by p type atpases,4,49,421,0.0095,0.0033,2.869,0.05019818681192231,0.6736986157081779,"FXYD6, CAMK2A, CAMK2D, ATP2B2",False
inflammation_only_down,Reactome,REACTOME_REGULATION_OF_GENE_EXPRESSION_IN_LATE_STAGE_BRANCHING_MORPHOGENESIS_PANCREATIC_BUD_PRECURSOR_CELLS,Regulation of gene expression in late stage branching morphogenesis pancreatic bud precursor cells,2,13,421,0.0048,0.0009,5.406,0.05122755267243154,0.6736986157081779,"ONECUT1, MAMLD1",False
inflammation_only_down,Reactome,REACTOME_SYNTHESIS_OF_IP2_IP_AND_INS_IN_THE_CYTOSOL,Synthesis of ip2 ip and ins in the cytosol,2,13,421,0.0048,0.0009,5.406,0.05122755267243154,0.6736986157081779,"IMPA2, MTMR7",False
inflammation_only_down,Reactome,REACTOME_FERTILIZATION,Fertilization,2,13,421,0.0048,0.0009,5.406,0.05122755267243154,0.6736986157081779,"IZUMO4, CATSPERG",False
inflammation_only_down,Reactome,REACTOME_SIGNALING_BY_NOTCH1,Signaling by notch1,5,71,421,0.0119,0.0048,2.475,0.05145647135536295,0.6736986157081779,"TLE2, MIB2, MAMLD1, TBL1XR1, NEURL1",False
inflammation_only_down,Reactome,REACTOME_REGULATION_OF_MECP2_EXPRESSION_AND_ACTIVITY,Regulation of mecp2 expression and activity,3,30,421,0.0071,0.002,3.514,0.05268439248765126,0.6740361171342795,"TBL1XR1, CAMK2A, CAMK2D",False
inflammation_only_down,Reactome,REACTOME_NUCLEAR_RECEPTOR_TRANSCRIPTION_PATHWAY,Nuclear receptor transcription pathway,4,50,421,0.0095,0.0034,2.811,0.05338899937697263,0.6740361171342795,"NR0B2, PPARA, NR1H3, NR3C2",False
inflammation_only_down,Reactome,REACTOME_REGULATION_OF_PYRUVATE_DEHYDROGENASE_PDH_COMPLEX,Regulation of pyruvate dehydrogenase pdh complex,2,14,421,0.0048,0.0009,5.02,0.058666691727843015,0.6921556856180144,"PDK3, PDK2",False
inflammation_only_down,Reactome,REACTOME_REPRESSION_OF_WNT_TARGET_GENES,Repression of wnt target genes,2,14,421,0.0048,0.0009,5.02,0.058666691727843015,0.6921556856180144,"TLE2, TCF7L1",False
inflammation_only_down,Reactome,REACTOME_REGULATION_OF_PYRUVATE_METABOLISM,Regulation of pyruvate metabolism,3,32,421,0.0071,0.0022,3.294,0.0617729017538491,0.6921556856180144,"PDK3, PDK2, GID8",False
inflammation_only_down,Reactome,REACTOME_SIGNALING_BY_NOTCH2,Signaling by notch2,3,32,421,0.0071,0.0022,3.294,0.0617729017538491,0.6921556856180144,"MIB2, NEURL1, MAMLD1",False
inflammation_only_down,Reactome,REACTOME_ACETYLCHOLINE_NEUROTRANSMITTER_RELEASE_CYCLE,Acetylcholine neurotransmitter release cycle,2,15,421,0.0048,0.001,4.685,0.0664509566578248,0.6921556856180144,"CPLX1, TSPOAP1",False
inflammation_only_down,Reactome,REACTOME_SYNTHESIS_SECRETION_AND_DEACYLATION_OF_GHRELIN,Synthesis secretion and deacylation of ghrelin,2,15,421,0.0048,0.001,4.685,0.0664509566578248,0.6921556856180144,"PCSK1, IGF1",False
inflammation_only_down,Reactome,REACTOME_P130CAS_LINKAGE_TO_MAPK_SIGNALING_FOR_INTEGRINS,P130cas linkage to mapk signaling for integrins,2,15,421,0.0048,0.001,4.685,0.0664509566578248,0.6921556856180144,"FGG, FGB",False
inflammation_only_down,Reactome,REACTOME_SIGNALING_BY_NOTCH1_HD_DOMAIN_MUTANTS_IN_CANCER,Signaling by notch1 hd domain mutants in cancer,2,15,421,0.0048,0.001,4.685,0.0664509566578248,0.6921556856180144,"MIB2, NEURL1",False
inflammation_only_down,Reactome,REACTOME_GLYCOSPHINGOLIPID_BIOSYNTHESIS,Glycosphingolipid biosynthesis,2,15,421,0.0048,0.001,4.685,0.0664509566578248,0.6921556856180144,"UGT8, ST3GAL3",False
inflammation_only_down,Reactome,REACTOME_GRB2_SOS_PROVIDES_LINKAGE_TO_MAPK_SIGNALING_FOR_INTEGRINS,Grb2 sos provides linkage to mapk signaling for integrins,2,15,421,0.0048,0.001,4.685,0.0664509566578248,0.6921556856180144,"FGG, FGB",False
inflammation_only_down,Reactome,REACTOME_FORMATION_OF_FIBRIN_CLOT_CLOTTING_CASCADE,Formation of fibrin clot clotting cascade,3,33,421,0.0071,0.0022,3.195,0.06657225830555161,0.6921556856180144,"FGG, FGB, PROS1",False
inflammation_only_down,Reactome,REACTOME_RAF_ACTIVATION,Raf activation,3,33,421,0.0071,0.0022,3.195,0.06657225830555161,0.6921556856180144,"CAMK2A, CAMK2D, MAP2K1",False
inflammation_only_down,Reactome,REACTOME_G_ALPHA_S_SIGNALLING_EVENTS,G alpha s signalling events,6,101,421,0.0143,0.0068,2.088,0.06826671783613435,0.6965446191103132,"PTH1R, GCGR, RAMP1, TSHR, GLP2R, GNG7",False
inflammation_only_down,Reactome,REACTOME_FOXO_MEDIATED_TRANSCRIPTION_OF_CELL_CYCLE_GENES,Foxo mediated transcription of cell cycle genes,2,16,421,0.0048,0.0011,4.393,0.07455478480161025,0.6965446191103132,"FOXO4, SMAD4",False
inflammation_only_down,Reactome,REACTOME_GAMMA_CARBOXYLATION_HYPUSINYLATION_HYDROXYLATION_AND_ARYLSULFATASE_ACTIVATION,Gamma carboxylation hypusinylation hydroxylation and arylsulfatase activation,4,56,421,0.0095,0.0038,2.51,0.07476848593006519,0.6965446191103132,"RPS23, EEF2, DPH1, PROS1",False
inflammation_only_down,Reactome,REACTOME_ASSEMBLY_AND_CELL_SURFACE_PRESENTATION_OF_NMDA_RECEPTORS,Assembly and cell surface presentation of nmda receptors,3,35,421,0.0071,0.0024,3.012,0.07666178635611895,0.6965446191103132,"CAMK2A, CAMK2D, TUBB1",False
inflammation_only_down,Reactome,REACTOME_ONCOGENIC_MAPK_SIGNALING,Oncogenic mapk signaling,5,80,421,0.0119,0.0054,2.196,0.07763116720087015,0.6965446191103132,"CAMK2D, FGG, CAMK2A, FGB, MAP2K1",False
inflammation_only_down,Reactome,REACTOME_TRANSCRIPTIONAL_REGULATION_OF_WHITE_ADIPOCYTE_DIFFERENTIATION,Transcriptional regulation of white adipocyte differentiation,5,80,421,0.0119,0.0054,2.196,0.07763116720087015,0.6965446191103132,"PPARA, CEBPD, TBL1XR1, CDK19, MED13",False
inflammation_only_down,Reactome,REACTOME_SIGNALING_BY_NOTCH1_PEST_DOMAIN_MUTANTS_IN_CANCER,Signaling by notch1 pest domain mutants in cancer,4,57,421,0.0095,0.0039,2.466,0.07869558769898288,0.6965446191103132,"TBL1XR1, MIB2, NEURL1, MAMLD1",False
inflammation_only_down,Reactome,REACTOME_FOXO_MEDIATED_TRANSCRIPTION,Foxo mediated transcription,4,57,421,0.0095,0.0039,2.466,0.07869558769898288,0.6965446191103132,"NFYC, CITED2, FOXO4, SMAD4",False
inflammation_only_down,Reactome,REACTOME_CA2_PATHWAY,Ca2 pathway,4,57,421,0.0095,0.0039,2.466,0.07869558769898288,0.6965446191103132,"GNG7, CAMK2A, TCF7L1, FZD5",False
inflammation_only_down,Reactome,REACTOME_SYNTHESIS_OF_SUBSTRATES_IN_N_GLYCAN_BIOSYTHESIS,Synthesis of substrates in n glycan biosythesis,4,57,421,0.0095,0.0039,2.466,0.07869558769898288,0.6965446191103132,"NEU4, PMM1, ST3GAL1, ST3GAL3",False
inflammation_only_down,Reactome,REACTOME_PLATELET_AGGREGATION_PLUG_FORMATION,Platelet aggregation plug formation,3,36,421,0.0071,0.0024,2.928,0.08194366461131972,0.6965446191103132,"FGG, FGB, THPO",False
inflammation_only_down,Reactome,REACTOME_IRS_MEDIATED_SIGNALLING,Irs mediated signalling,3,36,421,0.0071,0.0024,2.928,0.08194366461131972,0.6965446191103132,"FGFR3, IRS1, FGFR4",False
inflammation_only_down,Reactome,REACTOME_BIOSYNTHESIS_OF_SPECIALIZED_PRORESOLVING_MEDIATORS_SPMS,Biosynthesis of specialized proresolving mediators spms,2,17,421,0.0048,0.0011,4.134,0.08295378283050842,0.6965446191103132,"CYP3A4, CYP1A1",False
inflammation_only_down,Reactome,REACTOME_SEROTONIN_NEUROTRANSMITTER_RELEASE_CYCLE,Serotonin neurotransmitter release cycle,2,17,421,0.0048,0.0011,4.134,0.08295378283050842,0.6965446191103132,"CPLX1, TSPOAP1",False
inflammation_only_down,Reactome,REACTOME_METABOLISM_OF_FOLATE_AND_PTERINES,Metabolism of folate and pterines,2,17,421,0.0048,0.0011,4.134,0.08295378283050842,0.6965446191103132,"FPGS, SLC46A1",False
inflammation_only_down,Reactome,REACTOME_ION_CHANNEL_TRANSPORT,Ion channel transport,8,160,421,0.019,0.0108,1.757,0.08690497058812917,0.6965446191103132,"FXYD6, TRPM1, CAMK2D, ATP2B2, TPCN2, TRPC3, CAMK2A, TRPV1",False
inflammation_only_down,Reactome,REACTOME_NEUROTRANSMITTER_RECEPTORS_AND_POSTSYNAPTIC_SIGNAL_TRANSMISSION,Neurotransmitter receptors and postsynaptic signal transmission,8,160,421,0.019,0.0108,1.757,0.08690497058812917,0.6965446191103132,"GRIP1, CAMK2D, PPM1E, CHRNE, GRIK2, CAMK2A, GNG7, TUBB1",False
inflammation_only_down,Reactome,REACTOME_FLT3_SIGNALING,Flt3 signaling,3,37,421,0.0071,0.0025,2.849,0.08737783955624466,0.6965446191103132,"STAT5B, SOCS2, GRB10",False
inflammation_only_down,Reactome,REACTOME_SIGNALING_BY_RETINOIC_ACID,Signaling by retinoic acid,3,37,421,0.0071,0.0025,2.849,0.08737783955624466,0.6965446191103132,"PDK3, PDK2, CYP26B1",False
inflammation_only_down,Reactome,REACTOME_NEURONAL_SYSTEM,Neuronal system,14,331,421,0.0333,0.0224,1.486,0.09145475608353315,0.6965446191103132,"GRIP1, CACNB2, CAMK2D, PPM1E, CHRNE, PANX2, KCNAB1, GRIK2, CPLX1, CAMK2A, GNG7, TUBB1, NLGN4Y, TSPOAP1",False
inflammation_only_down,Reactome,REACTOME_NOREPINEPHRINE_NEUROTRANSMITTER_RELEASE_CYCLE,Norepinephrine neurotransmitter release cycle,2,18,421,0.0048,0.0012,3.904,0.0916246811559535,0.6965446191103132,"CPLX1, TSPOAP1",False
inflammation_only_down,Reactome,REACTOME_RORA_ACTIVATES_GENE_EXPRESSION,Rora activates gene expression,2,18,421,0.0048,0.0012,3.904,0.0916246811559535,0.6965446191103132,"TBL1XR1, PPARA",False
inflammation_only_down,Reactome,REACTOME_PRE_NOTCH_PROCESSING_IN_GOLGI,Pre notch processing in golgi,2,18,421,0.0048,0.0012,3.904,0.0916246811559535,0.6965446191103132,"RFNG, ST3GAL3",False
inflammation_only_down,Reactome,REACTOME_RAS_ACTIVATION_UPON_CA2_INFLUX_THROUGH_NMDA_RECEPTOR,Ras activation upon ca2 influx through nmda receptor,2,18,421,0.0048,0.0012,3.904,0.0916246811559535,0.6965446191103132,"CAMK2A, CAMK2D",False
inflammation_only_down,Reactome,REACTOME_UNBLOCKING_OF_NMDA_RECEPTORS_GLUTAMATE_BINDING_AND_ACTIVATION,Unblocking of nmda receptors glutamate binding and activation,2,18,421,0.0048,0.0012,3.904,0.0916246811559535,0.6965446191103132,"CAMK2A, CAMK2D",False
inflammation_only_down,Reactome,REACTOME_MAP2K_AND_MAPK_ACTIVATION,Map2k and mapk activation,3,39,421,0.0071,0.0026,2.703,0.09868499658329456,0.7344241324672554,"FGG, FGB, MAP2K1",False
inflammation_only_down,Reactome,REACTOME_DEACTIVATION_OF_THE_BETA_CATENIN_TRANSACTIVATING_COMPLEX,Deactivation of the beta catenin transactivating complex,3,39,421,0.0071,0.0026,2.703,0.09868499658329456,0.7344241324672554,"TLE2, SOX13, TCF7L1",False
inflammation_only_down,Reactome,REACTOME_ACTIVATION_OF_GENE_EXPRESSION_BY_SREBF_SREBP,Activation of gene expression by srebf srebp,3,40,421,0.0071,0.0027,2.636,0.10454868740108796,0.7621346716289517,"NFYC, TBL1XR1, PPARA",False
inflammation_only_down,Reactome,REACTOME_MUSCLE_CONTRACTION,Muscle contraction,8,167,421,0.019,0.0113,1.683,0.10456444575390142,0.7621346716289517,"FXYD6, KCNK5, CACNB2, SORBS3, CAMK2D, ATP2B2, CAMK2A, SCN2A",False
inflammation_only_down,Reactome,REACTOME_PHASE_I_FUNCTIONALIZATION_OF_COMPOUNDS,Phase i functionalization of compounds,5,88,421,0.0119,0.0059,1.997,0.10587342033380014,0.763801103836701,"CYP26B1, CYP4F12, CYP3A4, CYP1A1, CYP27A1",False
inflammation_only_down,Reactome,REACTOME_LONG_TERM_POTENTIATION,Long term potentiation,2,20,421,0.0048,0.0014,3.514,0.1096944569022388,0.7738228684807179,"CAMK2A, CAMK2D",False
inflammation_only_down,Reactome,REACTOME_METABOLISM_OF_NUCLEOTIDES,Metabolism of nucleotides,5,89,421,0.0119,0.006,1.974,0.10971739792725624,0.7738228684807179,"DCTD, NUDT13, NUDT9, GMPR, HPRT1",False
inflammation_only_down,Reactome,REACTOME_RNA_POLYMERASE_III_TRANSCRIPTION,Rna polymerase iii transcription,3,41,421,0.0071,0.0028,2.571,0.11054612406867398,0.7738228684807179,"NFIX, SNAPC4, POLR3H",False
inflammation_only_down,Reactome,REACTOME_SIGNALING_BY_INSULIN_RECEPTOR,Signaling by insulin receptor,4,65,421,0.0095,0.0044,2.162,0.11361857181792484,0.787532649757577,"FGFR3, IRS1, GRB10, FGFR4",False
inflammation_only_down,Reactome,REACTOME_SIGNALING_BY_SCF_KIT,Signaling by scf kit,3,42,421,0.0071,0.0028,2.51,0.1166724807068261,0.7940545515684129,"GRB7, GRB10, STAT5B",False
inflammation_only_down,Reactome,REACTOME_XENOBIOTICS,Xenobiotics,2,21,421,0.0048,0.0014,3.347,0.11905202611916797,0.7940545515684129,"CYP3A4, CYP1A1",False
inflammation_only_down,Reactome,REACTOME_CARDIOGENESIS,Cardiogenesis,2,21,421,0.0048,0.0014,3.347,0.11905202611916797,0.7940545515684129,"FOXO4, SMAD4",False
inflammation_only_down,Reactome,REACTOME_AMINE_LIGAND_BINDING_RECEPTORS,Amine ligand binding receptors,2,21,421,0.0048,0.0014,3.347,0.11905202611916797,0.7940545515684129,"DRD4, CHRM5",False
inflammation_only_down,Reactome,REACTOME_NUCLEOTIDE_SALVAGE,Nucleotide salvage,2,22,421,0.0048,0.0015,3.195,0.1285987990134205,0.8265395536589846,"GMPR, HPRT1",False
inflammation_only_down,Reactome,REACTOME_NOTCH2_ACTIVATION_AND_TRANSMISSION_OF_SIGNAL_TO_THE_NUCLEUS,Notch2 activation and transmission of signal to the nucleus,2,22,421,0.0048,0.0015,3.195,0.1285987990134205,0.8265395536589846,"MIB2, NEURL1",False
inflammation_only_down,Reactome,REACTOME_SURFACTANT_METABOLISM,Surfactant metabolism,2,22,421,0.0048,0.0015,3.195,0.1285987990134205,0.8265395536589846,"CTSH, NAPSA",False
inflammation_only_down,Reactome,REACTOME_DOPAMINE_NEUROTRANSMITTER_RELEASE_CYCLE,Dopamine neurotransmitter release cycle,2,22,421,0.0048,0.0015,3.195,0.1285987990134205,0.8265395536589846,"CPLX1, TSPOAP1",False
inflammation_only_down,Reactome,REACTOME_SIGNALING_BY_NOTCH3,Signaling by notch3,3,45,421,0.0071,0.003,2.343,0.13577618108911918,0.8503457637946152,"MIB2, NEURL1, MAMLD1",False
inflammation_only_down,Reactome,REACTOME_PLATELET_CALCIUM_HOMEOSTASIS,Platelet calcium homeostasis,2,23,421,0.0048,0.0016,3.056,0.1383164962325046,0.8503457637946152,"TRPC3, ATP2B2",False
inflammation_only_down,Reactome,REACTOME_GLUTAMATE_NEUROTRANSMITTER_RELEASE_CYCLE,Glutamate neurotransmitter release cycle,2,23,421,0.0048,0.0016,3.056,0.1383164962325046,0.8503457637946152,"CPLX1, TSPOAP1",False
inflammation_only_down,Reactome,REACTOME_RNA_POLYMERASE_III_TRANSCRIPTION_TERMINATION,Rna polymerase iii transcription termination,2,23,421,0.0048,0.0016,3.056,0.1383164962325046,0.8503457637946152,"NFIX, POLR3H",False
inflammation_only_down,Reactome,REACTOME_FOXO_MEDIATED_TRANSCRIPTION_OF_OXIDATIVE_STRESS_METABOLIC_AND_NEURONAL_GENES,Foxo mediated transcription of oxidative stress metabolic and neuronal genes,2,23,421,0.0048,0.0016,3.056,0.1383164962325046,0.8503457637946152,"FOXO4, SMAD4",False
inflammation_only_down,Reactome,REACTOME_METABOLISM_OF_AMINO_ACIDS_AND_DERIVATIVES,Metabolism of amino acids and derivatives,13,326,421,0.0309,0.022,1.401,0.1397440602264141,0.8517159532765067,"ASS1, HOGA1, HGD, AGXT, SARDH, GAMT, GCDH, PXMP2, AHCY, RPS23, PCBD1, BCAT2, UROC1",False
inflammation_only_down,Reactome,REACTOME_PYRUVATE_METABOLISM,Pyruvate metabolism,3,46,421,0.0071,0.0031,2.292,0.14236920196947042,0.8600198354561817,"PDK3, PDK2, GID8",False
inflammation_only_down,Reactome,REACTOME_BIOSYNTHESIS_OF_THE_N_GLYCAN_PRECURSOR_DOLICHOL_LIPID_LINKED_OLIGOSACCHARIDE_LLO_AND_TRANSFER_TO_A_NASCENT_PROTEIN,Biosynthesis of the n glycan precursor dolichol lipid linked oligosaccharide llo and transfer to a nascent protein,4,71,421,0.0095,0.0048,1.98,0.14353937847783513,0.8600198354561817,"NEU4, PMM1, ST3GAL1, ST3GAL3",False
inflammation_only_down,Reactome,REACTOME_NOTCH3_ACTIVATION_AND_TRANSMISSION_OF_SIGNAL_TO_THE_NUCLEUS,Notch3 activation and transmission of signal to the nucleus,2,24,421,0.0048,0.0016,2.928,0.14818772111797066,0.8638528579473493,"MIB2, NEURL1",False
inflammation_only_down,Reactome,REACTOME_KERATAN_SULFATE_BIOSYNTHESIS,Keratan sulfate biosynthesis,2,24,421,0.0048,0.0016,2.928,0.14818772111797066,0.8638528579473493,"ST3GAL3, ST3GAL1",False
inflammation_only_down,Reactome,REACTOME_ADRENALINE_NORADRENALINE_INHIBITS_INSULIN_SECRETION,Adrenaline noradrenaline inhibits insulin secretion,2,24,421,0.0048,0.0016,2.928,0.14818772111797066,0.8638528579473493,"CACNB2, GNG7",False
inflammation_only_down,Reactome,REACTOME_NOTCH1_INTRACELLULAR_DOMAIN_REGULATES_TRANSCRIPTION,Notch1 intracellular domain regulates transcription,3,47,421,0.0071,0.0032,2.243,0.14906654691594995,0.8638528579473493,"TLE2, TBL1XR1, MAMLD1",False
inflammation_only_down,Reactome,REACTOME_SENSORY_PERCEPTION,Sensory perception,8,183,421,0.019,0.0124,1.536,0.15172573780299822,0.8721146067212987,"CACNB2, ATP2B2, OR7D2, CNGA1, METAP1, GRK7, BSN, SCN2A",False
inflammation_only_down,Reactome,REACTOME_G_ALPHA_I_SIGNALLING_EVENTS,G alpha i signalling events,9,213,421,0.0214,0.0144,1.485,0.15469540683196978,0.8815627116298773,"PYY, CXCR2, CAMK2D, CCR3, CAMK2A, GNG7, DRD4, RGS14, PCP2",False
inflammation_only_down,Reactome,REACTOME_HSP90_CHAPERONE_CYCLE_FOR_STEROID_HORMONE_RECEPTORS_SHR_IN_THE_PRESENCE_OF_LIGAND,Hsp90 chaperone cycle for steroid hormone receptors shr in the presence of ligand,3,48,421,0.0071,0.0032,2.196,0.15586327999113814,0.8815627116298773,"CAPZA3, TUBB1, NR3C2",False
inflammation_only_down,Reactome,REACTOME_PEPTIDE_LIGAND_BINDING_RECEPTORS,Peptide ligand binding receptors,5,101,421,0.0119,0.0068,1.74,0.16078569649989483,0.8999266270435277,"PYY, CXCR2, CCR3, UTS2B, NTSR1",False
inflammation_only_down,Reactome,REACTOME_DISEASES_OF_SIGNAL_TRANSDUCTION_BY_GROWTH_FACTOR_RECEPTORS_AND_SECOND_MESSENGERS,Diseases of signal transduction by growth factor receptors and second messengers,16,428,421,0.038,0.0289,1.314,0.16261623341324963,0.8999266270435277,"CAMK2D, FZD5, FOXO4, STAT5B, FGG, MIB2, MAMLD1, FGFR4, TBL1XR1, CAMK2A, NEURL1, IRS1, SMAD4, FGB, FGFR3, MAP2K1",False
inflammation_only_down,Reactome,REACTOME_ACTIVATION_OF_KAINATE_RECEPTORS_UPON_GLUTAMATE_BINDING,Activation of kainate receptors upon glutamate binding,2,26,421,0.0048,0.0018,2.703,0.1683253705815965,0.8999266270435277,"GRIK2, GNG7",False
inflammation_only_down,Reactome,REACTOME_INTERCONVERSION_OF_NUCLEOTIDE_DI_AND_TRIPHOSPHATES,Interconversion of nucleotide di and triphosphates,2,26,421,0.0048,0.0018,2.703,0.1683253705815965,0.8999266270435277,"DCTD, NUDT13",False
inflammation_only_down,Reactome,REACTOME_BMAL1_CLOCK_NPAS2_ACTIVATES_CIRCADIAN_GENE_EXPRESSION,Bmal1 clock npas2 activates circadian gene expression,2,26,421,0.0048,0.0018,2.703,0.1683253705815965,0.8999266270435277,"TBL1XR1, PPARA",False
inflammation_only_down,Reactome,REACTOME_CREB1_PHOSPHORYLATION_THROUGH_NMDA_RECEPTOR_MEDIATED_ACTIVATION_OF_RAS_SIGNALING,Creb1 phosphorylation through nmda receptor mediated activation of ras signaling,2,26,421,0.0048,0.0018,2.703,0.1683253705815965,0.8999266270435277,"CAMK2A, CAMK2D",False
inflammation_only_down,Reactome,REACTOME_PIWI_INTERACTING_RNA_PIRNA_BIOGENESIS,Piwi interacting rna pirna biogenesis,2,26,421,0.0048,0.0018,2.703,0.1683253705815965,0.8999266270435277,"MOV10L1, PLD6",False
inflammation_only_down,Reactome,REACTOME_PI_METABOLISM,Pi metabolism,4,76,421,0.0095,0.0051,1.849,0.17056600852027257,0.8999266270435277,"MTMR7, PNPLA7, MTMR4, PLEKHA6",False
inflammation_only_down,Reactome,REACTOME_SIGNALING_BY_FGFR,Signaling by fgfr,4,76,421,0.0095,0.0051,1.849,0.17056600852027257,0.8999266270435277,"FGFR3, FLRT1, RBFOX2, FGFR4",False
inflammation_only_down,Reactome,REACTOME_GLYCOSPHINGOLIPID_METABOLISM,Glycosphingolipid metabolism,3,51,421,0.0071,0.0034,2.067,0.17680074352835368,0.9053502682388134,"NEU4, UGT8, ST3GAL3",False
inflammation_only_down,Reactome,REACTOME_METABOLISM_OF_STEROID_HORMONES,Metabolism of steroid hormones,2,27,421,0.0048,0.0018,2.603,0.17856110454551616,0.9053502682388134,"HSD17B11, TSPOAP1",False
inflammation_only_down,Reactome,REACTOME_INTEGRIN_SIGNALING,Integrin signaling,2,27,421,0.0048,0.0018,2.603,0.17856110454551616,0.9053502682388134,"FGG, FGB",False
inflammation_only_down,Reactome,REACTOME_GLUCAGON_SIGNALING_IN_METABOLIC_REGULATION,Glucagon signaling in metabolic regulation,2,27,421,0.0048,0.0018,2.603,0.17856110454551616,0.9053502682388134,"GNG7, GCGR",False
inflammation_only_down,Reactome,REACTOME_REGULATION_OF_INSULIN_LIKE_GROWTH_FACTOR_IGF_TRANSPORT_AND_UPTAKE_BY_INSULIN_LIKE_GROWTH_FACTOR_BINDING_PROTEINS_IGFBPS,Regulation of insulin like growth factor igf transport and uptake by insulin like growth factor binding proteins igfbps,5,105,421,0.0119,0.0071,1.673,0.1796319588374668,0.9053502682388134,"FGG, IGFALS, PNPLA2, IGFBP2, IGF1",False
inflammation_only_down,Reactome,REACTOME_RNA_POLYMERASE_III_TRANSCRIPTION_INITIATION_FROM_TYPE_3_PROMOTER,Rna polymerase iii transcription initiation from type 3 promoter,2,28,421,0.0048,0.0019,2.51,0.18888892071224603,0.9053502682388134,"SNAPC4, POLR3H",False
inflammation_only_down,Reactome,REACTOME_INTERACTION_BETWEEN_L1_AND_ANKYRINS,Interaction between l1 and ankyrins,2,28,421,0.0048,0.0019,2.51,0.18888892071224603,0.9053502682388134,"SPTBN4, SCN2A",False
inflammation_only_down,Reactome,REACTOME_DOWNSTREAM_SIGNAL_TRANSDUCTION,Downstream signal transduction,2,28,421,0.0048,0.0019,2.51,0.18888892071224603,0.9053502682388134,"STAT5B, GRB7",False
inflammation_only_down,Reactome,REACTOME_NOTCH_HLH_TRANSCRIPTION_PATHWAY,Notch hlh transcription pathway,2,28,421,0.0048,0.0019,2.51,0.18888892071224603,0.9053502682388134,"TBL1XR1, MAMLD1",False
inflammation_only_down,Reactome,REACTOME_REGULATION_OF_CHOLESTEROL_BIOSYNTHESIS_BY_SREBP_SREBF,Regulation of cholesterol biosynthesis by srebp srebf,3,53,421,0.0071,0.0036,1.989,0.1911665984416596,0.9053502682388134,"NFYC, TBL1XR1, PPARA",False
inflammation_only_down,Reactome,REACTOME_TRANSCRIPTIONAL_ACTIVATION_OF_MITOCHONDRIAL_BIOGENESIS,Transcriptional activation of mitochondrial biogenesis,3,53,421,0.0071,0.0036,1.989,0.1911665984416596,0.9053502682388134,"TBL1XR1, CRTC2, PPARA",False
inflammation_only_down,Reactome,REACTOME_MAPK_FAMILY_SIGNALING_CASCADES,Mapk family signaling cascades,11,287,421,0.0261,0.0194,1.347,0.1964040640421834,0.9053502682388134,"SPTBN4, CAMK2D, FGG, FGFR4, ABHD17B, CAMK2A, IRS1, FGB, KALRN, FGFR3, MAP2K1",False
inflammation_only_down,Reactome,REACTOME_O_LINKED_GLYCOSYLATION_OF_MUCINS,O linked glycosylation of mucins,3,54,421,0.0071,0.0037,1.952,0.19845746091445496,0.9053502682388134,"ST3GAL3, MUC17, ST3GAL1",False
inflammation_only_down,Reactome,REACTOME_L1CAM_INTERACTIONS,L1cam interactions,5,109,421,0.0119,0.0074,1.612,0.19925637064007823,0.9053502682388134,"SPTBN4, TUBB1, DNM1, SCN2A, MAP2K1",False
inflammation_only_down,Reactome,REACTOME_ACTIVATED_NOTCH1_TRANSMITS_SIGNAL_TO_THE_NUCLEUS,Activated notch1 transmits signal to the nucleus,2,29,421,0.0048,0.002,2.423,0.19929533233663377,0.9053502682388134,"MIB2, NEURL1",False
inflammation_only_down,Reactome,REACTOME_TRANSLATION_OF_SARS_COV_1_STRUCTURAL_PROTEINS,Translation of sars cov 1 structural proteins,2,29,421,0.0048,0.002,2.423,0.19929533233663377,0.9053502682388134,"ST3GAL3, ST3GAL1",False
inflammation_only_down,Reactome,REACTOME_METABOLISM_OF_STEROIDS,Metabolism of steroids,6,138,421,0.0143,0.0093,1.528,0.2003860962200872,0.9053502682388134,"PPARA, TBL1XR1, NFYC, HSD17B11, CYP27A1, TSPOAP1",False
inflammation_only_down,Reactome,REACTOME_ACTIVATION_OF_NMDA_RECEPTORS_AND_POSTSYNAPTIC_EVENTS,Activation of nmda receptors and postsynaptic events,4,82,421,0.0095,0.0055,1.714,0.20509331735836872,0.9053502682388134,"CAMK2A, CAMK2D, TUBB1, PPM1E",False
inflammation_only_down,Reactome,REACTOME_SIGNALING_BY_FGFR_IN_DISEASE,Signaling by fgfr in disease,3,55,421,0.0071,0.0037,1.917,0.20581403322698777,0.9053502682388134,"FGFR3, FGFR4, STAT5B",False
inflammation_only_down,Reactome,REACTOME_REGULATION_OF_BETA_CELL_DEVELOPMENT,Regulation of beta cell development,2,30,421,0.0048,0.002,2.343,0.2097675423258466,0.9053502682388134,"ONECUT1, MAMLD1",False
inflammation_only_down,Reactome,REACTOME_PRE_NOTCH_EXPRESSION_AND_PROCESSING,Pre notch expression and processing,3,58,421,0.0071,0.0039,1.818,0.22823224547061888,0.9053502682388134,"MAMLD1, RFNG, ST3GAL3",False
inflammation_only_down,Reactome,REACTOME_KERATAN_SULFATE_KERATIN_METABOLISM,Keratan sulfate keratin metabolism,2,32,421,0.0048,0.0022,2.196,0.23086144928662242,0.9053502682388134,"ST3GAL3, ST3GAL1",False
inflammation_only_down,Reactome,REACTOME_GAP_JUNCTION_TRAFFICKING_AND_REGULATION,Gap junction trafficking and regulation,2,32,421,0.0048,0.0022,2.196,0.23086144928662242,0.9053502682388134,"TUBB1, DNM1",False
inflammation_only_down,Reactome,REACTOME_HSF1_DEPENDENT_TRANSACTIVATION,Hsf1 dependent transactivation,2,32,421,0.0048,0.0022,2.196,0.23086144928662242,0.9053502682388134,"CAMK2A, CAMK2D",False
inflammation_only_down,Reactome,REACTOME_SIGNALING_BY_NOTCH,Signaling by notch,7,177,421,0.0166,0.012,1.39,0.24027910264271501,0.9053502682388134,"RFNG, TLE2, MIB2, MAMLD1, TBL1XR1, NEURL1, ST3GAL3",False
inflammation_only_down,Reactome,REACTOME_DISEASES_OF_CARBOHYDRATE_METABOLISM,Diseases of carbohydrate metabolism,2,33,421,0.0048,0.0022,2.13,0.2414607519305626,0.9053502682388134,"DCXR, IDS",False
inflammation_only_down,Reactome,REACTOME_ASPIRIN_ADME,Aspirin adme,2,33,421,0.0048,0.0022,2.13,0.2414607519305626,0.9053502682388134,"CYP3A4, SLC16A1",False
inflammation_only_down,Reactome,REACTOME_BIOLOGICAL_OXIDATIONS,Biological oxidations,7,178,421,0.0166,0.012,1.382,0.24454741380210543,0.9053502682388134,"OPLAH, CYP26B1, CYP4F12, AHCY, CYP3A4, CYP1A1, CYP27A1",False
inflammation_only_down,Reactome,REACTOME_PLATELET_ACTIVATION_SIGNALING_AND_AGGREGATION,Platelet activation signaling and aggregation,9,240,421,0.0214,0.0162,1.318,0.24557206147833094,0.9053502682388134,"APOH, FGG, TRPC3, GNG7, THPO, PROS1, MPIG6B, FGB, IGF1",False
inflammation_only_down,Reactome,REACTOME_GAMMA_CARBOXYLATION_TRANSPORT_AND_AMINO_TERMINAL_CLEAVAGE_OF_PROTEINS,Gamma carboxylation transport and amino terminal cleavage of proteins,1,10,421,0.0024,0.0007,3.514,0.2508316852181795,0.9053502682388134,PROS1,False
inflammation_only_down,Reactome,REACTOME_NEUROTOXICITY_OF_CLOSTRIDIUM_TOXINS,Neurotoxicity of clostridium toxins,1,10,421,0.0024,0.0007,3.514,0.2508316852181795,0.9053502682388134,STX1B,False
inflammation_only_down,Reactome,REACTOME_ATF6_ATF6_ALPHA_ACTIVATES_CHAPERONE_GENES,Atf6 atf6 alpha activates chaperone genes,1,10,421,0.0024,0.0007,3.514,0.2508316852181795,0.9053502682388134,NFYC,False
inflammation_only_down,Reactome,REACTOME_IONOTROPIC_ACTIVITY_OF_KAINATE_RECEPTORS,Ionotropic activity of kainate receptors,1,10,421,0.0024,0.0007,3.514,0.2508316852181795,0.9053502682388134,GRIK2,False
inflammation_only_down,Reactome,REACTOME_EICOSANOIDS,Eicosanoids,1,10,421,0.0024,0.0007,3.514,0.2508316852181795,0.9053502682388134,CYP4F12,False
inflammation_only_down,Reactome,REACTOME_REGULATION_OF_GENE_EXPRESSION_BY_HYPOXIA_INDUCIBLE_FACTOR,Regulation of gene expression by hypoxia inducible factor,1,10,421,0.0024,0.0007,3.514,0.2508316852181795,0.9053502682388134,CITED2,False
inflammation_only_down,Reactome,REACTOME_CLEC7A_DECTIN_1_INDUCES_NFAT_ACTIVATION,Clec7a dectin 1 induces nfat activation,1,10,421,0.0024,0.0007,3.514,0.2508316852181795,0.9053502682388134,NFATC3,False
inflammation_only_down,Reactome,REACTOME_TRAFFICKING_AND_PROCESSING_OF_ENDOSOMAL_TLR,Trafficking and processing of endosomal tlr,1,10,421,0.0024,0.0007,3.514,0.2508316852181795,0.9053502682388134,CNPY3,False
inflammation_only_down,Reactome,REACTOME_REDUCTION_OF_CYTOSOLIC_CA_LEVELS,Reduction of cytosolic ca levels,1,10,421,0.0024,0.0007,3.514,0.2508316852181795,0.9053502682388134,ATP2B2,False
inflammation_only_down,Reactome,REACTOME_LGI_ADAM_INTERACTIONS,Lgi adam interactions,1,10,421,0.0024,0.0007,3.514,0.2508316852181795,0.9053502682388134,STX1B,False
inflammation_only_down,Reactome,REACTOME_DIGESTION,Digestion,1,10,421,0.0024,0.0007,3.514,0.2508316852181795,0.9053502682388134,AMY2B,False
inflammation_only_down,Reactome,REACTOME_MAPK3_ERK1_ACTIVATION,Mapk3 erk1 activation,1,10,421,0.0024,0.0007,3.514,0.2508316852181795,0.9053502682388134,MAP2K1,False
inflammation_only_down,Reactome,REACTOME_LYSINE_CATABOLISM,Lysine catabolism,1,10,421,0.0024,0.0007,3.514,0.2508316852181795,0.9053502682388134,GCDH,False
inflammation_only_down,Reactome,REACTOME_STAT5_ACTIVATION_DOWNSTREAM_OF_FLT3_ITD_MUTANTS,Stat5 activation downstream of flt3 itd mutants,1,10,421,0.0024,0.0007,3.514,0.2508316852181795,0.9053502682388134,STAT5B,False
inflammation_only_down,Reactome,REACTOME_CA_DEPENDENT_EVENTS,Ca dependent events,2,34,421,0.0048,0.0023,2.067,0.2520810129882902,0.9053502682388134,"CAMK2A, CAMK2D",False
inflammation_only_down,Reactome,REACTOME_NR1H3_NR1H2_REGULATE_GENE_EXPRESSION_LINKED_TO_CHOLESTEROL_TRANSPORT_AND_EFFLUX,Nr1h3 nr1h2 regulate gene expression linked to cholesterol transport and efflux,2,34,421,0.0048,0.0023,2.067,0.2520810129882902,0.9053502682388134,"TBL1XR1, NR1H3",False
inflammation_only_down,Reactome,REACTOME_INTEGRATION_OF_ENERGY_METABOLISM,Integration of energy metabolism,4,91,421,0.0095,0.0062,1.545,0.2601321088812053,0.9053502682388134,"CACNB2, GNG7, MLXIPL, GCGR",False
inflammation_only_down,Reactome,REACTOME_CARBOXYTERMINAL_POST_TRANSLATIONAL_MODIFICATIONS_OF_TUBULIN,Carboxyterminal post translational modifications of tubulin,2,35,421,0.0048,0.0024,2.008,0.26271248126902796,0.9053502682388134,"TTLL2, TUBB1",False
inflammation_only_down,Reactome,REACTOME_INTERLEUKIN_2_FAMILY_SIGNALING,Interleukin 2 family signaling,2,35,421,0.0048,0.0024,2.008,0.26271248126902796,0.9053502682388134,"STAT5B, PTK2B",False
inflammation_only_down,Reactome,REACTOME_UPTAKE_AND_FUNCTION_OF_ANTHRAX_TOXINS,Uptake and function of anthrax toxins,1,11,421,0.0024,0.0007,3.195,0.2721655502427431,0.9053502682388134,MAP2K1,False
inflammation_only_down,Reactome,REACTOME_GAP_JUNCTION_DEGRADATION,Gap junction degradation,1,11,421,0.0024,0.0007,3.195,0.2721655502427431,0.9053502682388134,DNM1,False
inflammation_only_down,Reactome,REACTOME_FATTY_ACIDS,Fatty acids,1,11,421,0.0024,0.0007,3.195,0.2721655502427431,0.9053502682388134,CYP4F12,False
inflammation_only_down,Reactome,REACTOME_PROLACTIN_RECEPTOR_SIGNALING,Prolactin receptor signaling,1,11,421,0.0024,0.0007,3.195,0.2721655502427431,0.9053502682388134,STAT5B,False
inflammation_only_down,Reactome,REACTOME_LYSOSPHINGOLIPID_AND_LPA_RECEPTORS,Lysosphingolipid and lpa receptors,1,11,421,0.0024,0.0007,3.195,0.2721655502427431,0.9053502682388134,PLPPR1,False
inflammation_only_down,Reactome,REACTOME_SPHINGOLIPID_CATABOLISM,Sphingolipid catabolism,1,11,421,0.0024,0.0007,3.195,0.2721655502427431,0.9053502682388134,ACER1,False
inflammation_only_down,Reactome,REACTOME_REGULATION_OF_LOCALIZATION_OF_FOXO_TRANSCRIPTION_FACTORS,Regulation of localization of foxo transcription factors,1,11,421,0.0024,0.0007,3.195,0.2721655502427431,0.9053502682388134,FOXO4,False
inflammation_only_down,Reactome,REACTOME_REGULATION_OF_BACH1_ACTIVITY,Regulation of bach1 activity,1,11,421,0.0024,0.0007,3.195,0.2721655502427431,0.9053502682388134,SKP2,False
inflammation_only_down,Reactome,REACTOME_SIGNALING_BY_LTK,Signaling by ltk,1,11,421,0.0024,0.0007,3.195,0.2721655502427431,0.9053502682388134,IRS1,False
inflammation_only_down,Reactome,REACTOME_PREGNENOLONE_BIOSYNTHESIS,Pregnenolone biosynthesis,1,11,421,0.0024,0.0007,3.195,0.2721655502427431,0.9053502682388134,TSPOAP1,False
inflammation_only_down,Reactome,REACTOME_PHASE_2_PLATEAU_PHASE,Phase 2 plateau phase,1,11,421,0.0024,0.0007,3.195,0.2721655502427431,0.9053502682388134,CACNB2,False
inflammation_only_down,Reactome,REACTOME_NOTCH2_INTRACELLULAR_DOMAIN_REGULATES_TRANSCRIPTION,Notch2 intracellular domain regulates transcription,1,11,421,0.0024,0.0007,3.195,0.2721655502427431,0.9053502682388134,MAMLD1,False
inflammation_only_down,Reactome,REACTOME_SIGNALING_BY_FGFR4_IN_DISEASE,Signaling by fgfr4 in disease,1,11,421,0.0024,0.0007,3.195,0.2721655502427431,0.9053502682388134,FGFR4,False
inflammation_only_down,Reactome,REACTOME_MUCOPOLYSACCHARIDOSES,Mucopolysaccharidoses,1,11,421,0.0024,0.0007,3.195,0.2721655502427431,0.9053502682388134,IDS,False
inflammation_only_down,Reactome,REACTOME_STIMULI_SENSING_CHANNELS,Stimuli sensing channels,4,93,421,0.0095,0.0063,1.511,0.2727492145038619,0.9053502682388134,"TPCN2, TRPV1, TRPC3, TRPM1",False
inflammation_only_down,Reactome,REACTOME_RET_SIGNALING,Ret signaling,2,36,421,0.0048,0.0024,1.952,0.27334594107242266,0.9053502682388134,"GRB7, GRB10",False
inflammation_only_down,Reactome,REACTOME_MATURATION_OF_SPIKE_PROTEIN,Maturation of spike protein,2,36,421,0.0048,0.0024,1.952,0.27334594107242266,0.9053502682388134,"ST3GAL3, ST3GAL1",False
inflammation_only_down,Reactome,REACTOME_RESPONSE_TO_ELEVATED_PLATELET_CYTOSOLIC_CA2,Response to elevated platelet cytosolic ca2,5,124,421,0.0119,0.0084,1.417,0.27827109722962595,0.9053502682388134,"APOH, FGG, PROS1, FGB, IGF1",False
inflammation_only_down,Reactome,REACTOME_PI3K_AKT_SIGNALING_IN_CANCER,Pi3k akt signaling in cancer,4,94,421,0.0095,0.0064,1.495,0.2790970100279834,0.9053502682388134,"FOXO4, FGFR4, IRS1, FGFR3",False
inflammation_only_down,Reactome,REACTOME_SENSORY_PROCESSING_OF_SOUND,Sensory processing of sound,3,65,421,0.0071,0.0044,1.622,0.28201506545509897,0.9053502682388134,"BSN, CACNB2, ATP2B2",False
inflammation_only_down,Reactome,REACTOME_POST_TRANSLATIONAL_MODIFICATION_SYNTHESIS_OF_GPI_ANCHORED_PROTEINS,Post translational modification synthesis of gpi anchored proteins,3,65,421,0.0071,0.0044,1.622,0.28201506545509897,0.9053502682388134,"NRN1, PIGV, SPRN",False
inflammation_only_down,Reactome,REACTOME_RHOU_GTPASE_CYCLE,Rhou gtpase cycle,2,37,421,0.0048,0.0025,1.899,0.2839726897304899,0.9053502682388134,"PTK2B, DST",False
inflammation_only_down,Reactome,REACTOME_O_LINKED_GLYCOSYLATION,O linked glycosylation,4,95,421,0.0095,0.0064,1.48,0.2854680670409729,0.9053502682388134,"POMT1, ST3GAL3, MUC17, ST3GAL1",False
inflammation_only_down,Reactome,REACTOME_PHOSPHOLIPID_METABOLISM,Phospholipid metabolism,7,188,421,0.0166,0.0127,1.308,0.28841897704513336,0.9053502682388134,"PLAAT3, PLD6, PNPLA2, PNPLA7, MTMR4, PLEKHA6, MTMR7",False
inflammation_only_down,Reactome,REACTOME_SPHINGOLIPID_METABOLISM,Sphingolipid metabolism,4,96,421,0.0095,0.0065,1.464,0.2918602398630325,0.9053502682388134,"NEU4, ACER1, UGT8, ST3GAL3",False
inflammation_only_down,Reactome,REACTOME_PI_3K_CASCADE_FGFR3,Pi 3k cascade fgfr3,1,12,421,0.0024,0.0008,2.928,0.2928932985582275,0.9053502682388134,FGFR3,False
inflammation_only_down,Reactome,REACTOME_MITOCHONDRIAL_IRON_SULFUR_CLUSTER_BIOGENESIS,Mitochondrial iron sulfur cluster biogenesis,1,12,421,0.0024,0.0008,2.928,0.2928932985582275,0.9053502682388134,SLC25A37,False
inflammation_only_down,Reactome,REACTOME_SHC_MEDIATED_CASCADE_FGFR3,Shc mediated cascade fgfr3,1,12,421,0.0024,0.0008,2.928,0.2928932985582275,0.9053502682388134,FGFR3,False
inflammation_only_down,Reactome,REACTOME_DEFECTIVE_GALNT3_CAUSES_HFTC,Defective galnt3 causes hftc,1,12,421,0.0024,0.0008,2.928,0.2928932985582275,0.9053502682388134,MUC17,False
inflammation_only_down,Reactome,REACTOME_METHYLATION,Methylation,1,12,421,0.0024,0.0008,2.928,0.2928932985582275,0.9053502682388134,AHCY,False
inflammation_only_down,Reactome,REACTOME_GLUTATHIONE_SYNTHESIS_AND_RECYCLING,Glutathione synthesis and recycling,1,12,421,0.0024,0.0008,2.928,0.2928932985582275,0.9053502682388134,OPLAH,False
inflammation_only_down,Reactome,REACTOME_CASPASE_MEDIATED_CLEAVAGE_OF_CYTOSKELETAL_PROTEINS,Caspase mediated cleavage of cytoskeletal proteins,1,12,421,0.0024,0.0008,2.928,0.2928932985582275,0.9053502682388134,GAS2,False
inflammation_only_down,Reactome,REACTOME_APOPTOSIS_INDUCED_DNA_FRAGMENTATION,Apoptosis induced dna fragmentation,1,12,421,0.0024,0.0008,2.928,0.2928932985582275,0.9053502682388134,DFFB,False
inflammation_only_down,Reactome,REACTOME_ATF6_ATF6_ALPHA_ACTIVATES_CHAPERONES,Atf6 atf6 alpha activates chaperones,1,12,421,0.0024,0.0008,2.928,0.2928932985582275,0.9053502682388134,NFYC,False
inflammation_only_down,Reactome,REACTOME_DAG_AND_IP3_SIGNALING,Dag and ip3 signaling,2,38,421,0.0048,0.0026,1.849,0.2945845159892085,0.9053502682388134,"CAMK2A, CAMK2D",False
inflammation_only_down,Reactome,REACTOME_EPHB_MEDIATED_FORWARD_SIGNALING,Ephb mediated forward signaling,2,38,421,0.0048,0.0026,1.849,0.2945845159892085,0.9053502682388134,"EPHB1, KALRN",False
inflammation_only_down,Reactome,REACTOME_HCMV_INFECTION,Hcmv infection,4,97,421,0.0095,0.0066,1.449,0.29827140803227836,0.9053502682388134,"TBL1XR1, SEH1L, CEBPD, TUBB1",False
inflammation_only_down,Reactome,REACTOME_RND1_GTPASE_CYCLE,Rnd1 gtpase cycle,2,39,421,0.0048,0.0026,1.802,0.305173679200339,0.9053502682388134,"DST, GRB7",False
inflammation_only_down,Reactome,REACTOME_FORMATION_OF_THE_BETA_CATENIN_TCF_TRANSACTIVATING_COMPLEX,Formation of the beta catenin tcf transactivating complex,2,39,421,0.0048,0.0026,1.802,0.305173679200339,0.9053502682388134,"TLE2, TCF7L1",False
inflammation_only_down,Reactome,REACTOME_HDACS_DEACETYLATE_HISTONES,Hdacs deacetylate histones,2,39,421,0.0048,0.0026,1.802,0.305173679200339,0.9053502682388134,"TBL1XR1, MTA1",False
inflammation_only_down,Reactome,REACTOME_BACTERIAL_INFECTION_PATHWAYS,Bacterial infection pathways,3,68,421,0.0071,0.0046,1.55,0.3054316847436232,0.9053502682388134,"STX1B, EEF2, MAP2K1",False
inflammation_only_down,Reactome,REACTOME_CIRCADIAN_CLOCK,Circadian clock,3,68,421,0.0071,0.0046,1.55,0.3054316847436232,0.9053502682388134,"TBL1XR1, CRTC2, PPARA",False
inflammation_only_down,Reactome,REACTOME_CONSTITUTIVE_SIGNALING_BY_ABERRANT_PI3K_IN_CANCER,Constitutive signaling by aberrant pi3k in cancer,3,68,421,0.0071,0.0046,1.55,0.3054316847436232,0.9053502682388134,"FGFR3, IRS1, FGFR4",False
inflammation_only_down,Reactome,REACTOME_SHC_MEDIATED_CASCADE_FGFR4,Shc mediated cascade fgfr4,1,13,421,0.0024,0.0009,2.703,0.3130321107153771,0.9053502682388134,FGFR4,False
inflammation_only_down,Reactome,REACTOME_PI_3K_CASCADE_FGFR4,Pi 3k cascade fgfr4,1,13,421,0.0024,0.0009,2.703,0.3130321107153771,0.9053502682388134,FGFR4,False
inflammation_only_down,Reactome,REACTOME_PHASE_4_RESTING_MEMBRANE_POTENTIAL,Phase 4 resting membrane potential,1,13,421,0.0024,0.0009,2.703,0.3130321107153771,0.9053502682388134,KCNK5,False
inflammation_only_down,Reactome,REACTOME_CYTOSOLIC_IRON_SULFUR_CLUSTER_ASSEMBLY,Cytosolic iron sulfur cluster assembly,1,13,421,0.0024,0.0009,2.703,0.3130321107153771,0.9053502682388134,RTEL1,False
inflammation_only_down,Reactome,REACTOME_DEFECTIVE_C1GALT1C1_CAUSES_TNPS,Defective c1galt1c1 causes tnps,1,13,421,0.0024,0.0009,2.703,0.3130321107153771,0.9053502682388134,MUC17,False
inflammation_only_down,Reactome,REACTOME_RETROGRADE_NEUROTROPHIN_SIGNALLING,Retrograde neurotrophin signalling,1,13,421,0.0024,0.0009,2.703,0.3130321107153771,0.9053502682388134,DNM1,False
inflammation_only_down,Reactome,REACTOME_WNT5A_DEPENDENT_INTERNALIZATION_OF_FZD2_FZD5_AND_ROR2,Wnt5a dependent internalization of fzd2 fzd5 and ror2,1,13,421,0.0024,0.0009,2.703,0.3130321107153771,0.9053502682388134,FZD5,False
inflammation_only_down,Reactome,REACTOME_FORMATION_OF_DEFINITIVE_ENDODERM,Formation of definitive endoderm,1,13,421,0.0024,0.0009,2.703,0.3130321107153771,0.9053502682388134,SMAD4,False
inflammation_only_down,Reactome,REACTOME_GERM_LAYER_FORMATION_AT_GASTRULATION,Germ layer formation at gastrulation,1,13,421,0.0024,0.0009,2.703,0.3130321107153771,0.9053502682388134,SMAD4,False
inflammation_only_down,Reactome,REACTOME_CS_DS_DEGRADATION,Cs ds degradation,1,13,421,0.0024,0.0009,2.703,0.3130321107153771,0.9053502682388134,IDS,False
inflammation_only_down,Reactome,REACTOME_UBIQUINOL_BIOSYNTHESIS,Ubiquinol biosynthesis,1,13,421,0.0024,0.0009,2.703,0.3130321107153771,0.9053502682388134,COQ8A,False
inflammation_only_down,Reactome,REACTOME_LOSS_OF_FUNCTION_OF_MECP2_IN_RETT_SYNDROME,Loss of function of mecp2 in rett syndrome,1,13,421,0.0024,0.0009,2.703,0.3130321107153771,0.9053502682388134,TBL1XR1,False
inflammation_only_down,Reactome,REACTOME_ELEVATION_OF_CYTOSOLIC_CA2_LEVELS,Elevation of cytosolic ca2 levels,1,13,421,0.0024,0.0009,2.703,0.3130321107153771,0.9053502682388134,TRPC3,False
inflammation_only_down,Reactome,REACTOME_SYNTHESIS_OF_BILE_ACIDS_AND_BILE_SALTS_VIA_24_HYDROXYCHOLESTEROL,Synthesis of bile acids and bile salts via 24 hydroxycholesterol,1,13,421,0.0024,0.0009,2.703,0.3130321107153771,0.9053502682388134,CYP27A1,False
inflammation_only_down,Reactome,REACTOME_CHEMOKINE_RECEPTORS_BIND_CHEMOKINES,Chemokine receptors bind chemokines,2,40,421,0.0048,0.0027,1.757,0.3157328892950359,0.9053502682388134,"CXCR2, CCR3",False
inflammation_only_down,Reactome,REACTOME_RECYCLING_PATHWAY_OF_L1,Recycling pathway of l1,2,41,421,0.0048,0.0028,1.714,0.3262552875117727,0.9053502682388134,"TUBB1, DNM1",False
inflammation_only_down,Reactome,REACTOME_RUNX3_REGULATES_NOTCH_SIGNALING,Runx3 regulates notch signaling,1,14,421,0.0024,0.0009,2.51,0.3325986814067257,0.9053502682388134,MAMLD1,False
inflammation_only_down,Reactome,REACTOME_INTERLEUKIN_15_SIGNALING,Interleukin 15 signaling,1,14,421,0.0024,0.0009,2.51,0.3325986814067257,0.9053502682388134,STAT5B,False
inflammation_only_down,Reactome,REACTOME_EICOSANOID_LIGAND_BINDING_RECEPTORS,Eicosanoid ligand binding receptors,1,14,421,0.0024,0.0009,2.51,0.3325986814067257,0.9053502682388134,LTB4R2,False
inflammation_only_down,Reactome,REACTOME_FRS_MEDIATED_FGFR3_SIGNALING,Frs mediated fgfr3 signaling,1,14,421,0.0024,0.0009,2.51,0.3325986814067257,0.9053502682388134,FGFR3,False
inflammation_only_down,Reactome,REACTOME_SIGNAL_REGULATORY_PROTEIN_FAMILY_INTERACTIONS,Signal regulatory protein family interactions,1,14,421,0.0024,0.0009,2.51,0.3325986814067257,0.9053502682388134,PTK2B,False
inflammation_only_down,Reactome,REACTOME_MRNA_DECAY_BY_5_TO_3_EXORIBONUCLEASE,Mrna decay by 5 to 3 exoribonuclease,1,14,421,0.0024,0.0009,2.51,0.3325986814067257,0.9053502682388134,XRN1,False
inflammation_only_down,Reactome,REACTOME_DIGESTION_AND_ABSORPTION,Digestion and absorption,1,14,421,0.0024,0.0009,2.51,0.3325986814067257,0.9053502682388134,AMY2B,False
inflammation_only_down,Reactome,REACTOME_TRANSPORT_OF_CONNEXONS_TO_THE_PLASMA_MEMBRANE,Transport of connexons to the plasma membrane,1,14,421,0.0024,0.0009,2.51,0.3325986814067257,0.9053502682388134,TUBB1,False
inflammation_only_down,Reactome,REACTOME_NEGATIVE_REGULATION_OF_FLT3,Negative regulation of flt3,1,14,421,0.0024,0.0009,2.51,0.3325986814067257,0.9053502682388134,SOCS2,False
inflammation_only_down,Reactome,REACTOME_IL_6_TYPE_CYTOKINE_RECEPTOR_LIGAND_INTERACTIONS,Il 6 type cytokine receptor ligand interactions,1,14,421,0.0024,0.0009,2.51,0.3325986814067257,0.9053502682388134,CNTFR,False
inflammation_only_down,Reactome,REACTOME_RESPONSE_OF_EIF2AK1_HRI_TO_HEME_DEFICIENCY,Response of eif2ak1 hri to heme deficiency,1,14,421,0.0024,0.0009,2.51,0.3325986814067257,0.9053502682388134,GRB10,False
inflammation_only_down,Reactome,REACTOME_PURINE_CATABOLISM,Purine catabolism,1,14,421,0.0024,0.0009,2.51,0.3325986814067257,0.9053502682388134,NUDT9,False
inflammation_only_down,Reactome,REACTOME_SYNTHESIS_OF_BILE_ACIDS_AND_BILE_SALTS_VIA_27_HYDROXYCHOLESTEROL,Synthesis of bile acids and bile salts via 27 hydroxycholesterol,1,14,421,0.0024,0.0009,2.51,0.3325986814067257,0.9053502682388134,CYP27A1,False
inflammation_only_down,Reactome,REACTOME_PROLONGED_ERK_ACTIVATION_EVENTS,Prolonged erk activation events,1,14,421,0.0024,0.0009,2.51,0.3325986814067257,0.9053502682388134,MAP2K1,False
inflammation_only_down,Reactome,REACTOME_ACYL_CHAIN_REMODELLING_OF_PI,Acyl chain remodelling of pi,1,14,421,0.0024,0.0009,2.51,0.3325986814067257,0.9053502682388134,PLAAT3,False
inflammation_only_down,Reactome,REACTOME_SYNTHESIS_SECRETION_AND_INACTIVATION_OF_GLUCAGON_LIKE_PEPTIDE_1_GLP_1,Synthesis secretion and inactivation of glucagon like peptide 1 glp 1,1,14,421,0.0024,0.0009,2.51,0.3325986814067257,0.9053502682388134,PCSK1,False
inflammation_only_down,Reactome,REACTOME_TRAFFICKING_OF_GLUR2_CONTAINING_AMPA_RECEPTORS,Trafficking of glur2 containing ampa receptors,1,14,421,0.0024,0.0009,2.51,0.3325986814067257,0.9053502682388134,GRIP1,False
inflammation_only_down,Reactome,REACTOME_NR1H2_AND_NR1H3_MEDIATED_SIGNALING,Nr1h2 and nr1h3 mediated signaling,2,42,421,0.0048,0.0028,1.673,0.3367344278520199,0.9053502682388134,"TBL1XR1, NR1H3",False
inflammation_only_down,Reactome,REACTOME_TOLL_LIKE_RECEPTOR_9_TLR9_CASCADE,Toll like receptor 9 tlr9 cascade,4,103,421,0.0095,0.007,1.365,0.3370220407970481,0.9053502682388134,"MAP2K1, PELI2, ECSIT, PELI3",False
inflammation_only_down,Reactome,REACTOME_MAP3K8_TPL2_DEPENDENT_MAPK1_3_ACTIVATION,Map3k8 tpl2 dependent mapk1 3 activation,1,15,421,0.0024,0.001,2.343,0.3516092331745044,0.9053502682388134,MAP2K1,False
inflammation_only_down,Reactome,REACTOME_SYNTHESIS_OF_PROSTAGLANDINS_PG_AND_THROMBOXANES_TX,Synthesis of prostaglandins pg and thromboxanes tx,1,15,421,0.0024,0.001,2.343,0.3516092331745044,0.9053502682388134,PTGR2,False
inflammation_only_down,Reactome,REACTOME_FRS_MEDIATED_FGFR4_SIGNALING,Frs mediated fgfr4 signaling,1,15,421,0.0024,0.001,2.343,0.3516092331745044,0.9053502682388134,FGFR4,False
inflammation_only_down,Reactome,REACTOME_INCRETIN_SYNTHESIS_SECRETION_AND_INACTIVATION,Incretin synthesis secretion and inactivation,1,15,421,0.0024,0.001,2.343,0.3516092331745044,0.9053502682388134,PCSK1,False
inflammation_only_down,Reactome,REACTOME_TRISTETRAPROLIN_TTP_ZFP36_BINDS_AND_DESTABILIZES_MRNA,Tristetraprolin ttp zfp36 binds and destabilizes mrna,1,15,421,0.0024,0.001,2.343,0.3516092331745044,0.9053502682388134,XRN1,False
inflammation_only_down,Reactome,REACTOME_BUTYRATE_RESPONSE_FACTOR_1_BRF1_BINDS_AND_DESTABILIZES_MRNA,Butyrate response factor 1 brf1 binds and destabilizes mrna,1,15,421,0.0024,0.001,2.343,0.3516092331745044,0.9053502682388134,XRN1,False
inflammation_only_down,Reactome,REACTOME_DISEASES_ASSOCIATED_WITH_GLYCOSYLATION_PRECURSOR_BIOSYNTHESIS,Diseases associated with glycosylation precursor biosynthesis,1,15,421,0.0024,0.001,2.343,0.3516092331745044,0.9053502682388134,GALE,False
inflammation_only_down,Reactome,REACTOME_PROSTACYCLIN_SIGNALLING_THROUGH_PROSTACYCLIN_RECEPTOR,Prostacyclin signalling through prostacyclin receptor,1,15,421,0.0024,0.001,2.343,0.3516092331745044,0.9053502682388134,GNG7,False
inflammation_only_down,Reactome,REACTOME_G_BETA_GAMMA_SIGNALLING_THROUGH_CDC42,G beta gamma signalling through cdc42,1,15,421,0.0024,0.001,2.343,0.3516092331745044,0.9053502682388134,GNG7,False
inflammation_only_down,Reactome,REACTOME_SYNTHESIS_OF_GLYCOSYLPHOSPHATIDYLINOSITOL_GPI,Synthesis of glycosylphosphatidylinositol gpi,1,15,421,0.0024,0.001,2.343,0.3516092331745044,0.9053502682388134,PIGV,False
inflammation_only_down,Reactome,REACTOME_SIGNALING_BY_NODAL,Signaling by nodal,1,15,421,0.0024,0.001,2.343,0.3516092331745044,0.9053502682388134,SMAD4,False
inflammation_only_down,Reactome,REACTOME_HCMV_EARLY_EVENTS,Hcmv early events,3,74,421,0.0071,0.005,1.425,0.352399354972325,0.9053502682388134,"TBL1XR1, SEH1L, TUBB1",False
inflammation_only_down,Reactome,REACTOME_G_ALPHA_12_13_SIGNALLING_EVENTS,G alpha 12 13 signalling events,3,74,421,0.0071,0.005,1.425,0.352399354972325,0.9053502682388134,"ARHGEF40, GNG7, KALRN",False
inflammation_only_down,Reactome,REACTOME_PLATELET_HOMEOSTASIS,Platelet homeostasis,3,75,421,0.0071,0.0051,1.406,0.360206700895173,0.9053502682388134,"GNG7, TRPC3, ATP2B2",False
inflammation_only_down,Reactome,REACTOME_INOSITOL_PHOSPHATE_METABOLISM,Inositol phosphate metabolism,2,45,421,0.0048,0.003,1.562,0.36785366310415546,0.9053502682388134,"IMPA2, MTMR7",False
inflammation_only_down,Reactome,REACTOME_COPI_INDEPENDENT_GOLGI_TO_ER_RETROGRADE_TRAFFIC,Copi independent golgi to er retrograde traffic,2,45,421,0.0048,0.003,1.562,0.36785366310415546,0.9053502682388134,"CAPZA3, TUBB1",False
inflammation_only_down,Reactome,REACTOME_NEUROTRANSMITTER_RELEASE_CYCLE,Neurotransmitter release cycle,2,45,421,0.0048,0.003,1.562,0.36785366310415546,0.9053502682388134,"CPLX1, TSPOAP1",False
inflammation_only_down,Reactome,REACTOME_OPIOID_SIGNALLING,Opioid signalling,3,76,421,0.0071,0.0051,1.387,0.36800015400647007,0.9053502682388134,"CAMK2A, GNG7, CAMK2D",False
inflammation_only_down,Reactome,REACTOME_SIGNALING_BY_ACTIVIN,Signaling by activin,1,16,421,0.0024,0.0011,2.196,0.3700795297326974,0.9053502682388134,SMAD4,False
inflammation_only_down,Reactome,REACTOME_MECP2_REGULATES_NEURONAL_RECEPTORS_AND_CHANNELS,Mecp2 regulates neuronal receptors and channels,1,16,421,0.0024,0.0011,2.196,0.3700795297326974,0.9053502682388134,TRPC3,False
inflammation_only_down,Reactome,REACTOME_TIE2_SIGNALING,Tie2 signaling,1,16,421,0.0024,0.0011,2.196,0.3700795297326974,0.9053502682388134,GRB7,False
inflammation_only_down,Reactome,REACTOME_SIGNALING_BY_FLT3_ITD_AND_TKD_MUTANTS,Signaling by flt3 itd and tkd mutants,1,16,421,0.0024,0.0011,2.196,0.3700795297326974,0.9053502682388134,STAT5B,False
inflammation_only_down,Reactome,REACTOME_AFLATOXIN_ACTIVATION_AND_DETOXIFICATION,Aflatoxin activation and detoxification,1,16,421,0.0024,0.0011,2.196,0.3700795297326974,0.9053502682388134,CYP3A4,False
inflammation_only_down,Reactome,REACTOME_REGULATION_OF_MITF_M_DEPENDENT_GENES_INVOLVED_IN_APOPTOSIS,Regulation of mitf m dependent genes involved in apoptosis,1,16,421,0.0024,0.0011,2.196,0.3700795297326974,0.9053502682388134,TRPM1,False
inflammation_only_down,Reactome,REACTOME_PROTEIN_METHYLATION,Protein methylation,1,16,421,0.0024,0.0011,2.196,0.3700795297326974,0.9053502682388134,EEF2,False
inflammation_only_down,Reactome,REACTOME_SYNTHESIS_OF_PIPS_AT_THE_EARLY_ENDOSOME_MEMBRANE,Synthesis of pips at the early endosome membrane,1,16,421,0.0024,0.0011,2.196,0.3700795297326974,0.9053502682388134,MTMR4,False
inflammation_only_down,Reactome,REACTOME_SARS_COV_1_TARGETS_HOST_INTRACELLULAR_SIGNALLING_AND_REGULATORY_PATHWAYS,Sars cov 1 targets host intracellular signalling and regulatory pathways,1,16,421,0.0024,0.0011,2.196,0.3700795297326974,0.9053502682388134,SMAD4,False
inflammation_only_down,Reactome,REACTOME_VLDLR_INTERNALISATION_AND_DEGRADATION,Vldlr internalisation and degradation,1,16,421,0.0024,0.0011,2.196,0.3700795297326974,0.9053502682388134,NR1H3,False
inflammation_only_down,Reactome,REACTOME_SUMOYLATION_OF_TRANSCRIPTION_FACTORS,Sumoylation of transcription factors,1,16,421,0.0024,0.0011,2.196,0.3700795297326974,0.9053502682388134,MTA1,False
inflammation_only_down,Reactome,REACTOME_TGF_BETA_RECEPTOR_SIGNALING_ACTIVATES_SMADS,Tgf beta receptor signaling activates smads,2,46,421,0.0048,0.0031,1.528,0.3781029567920956,0.9104323568208631,"MTMR4, SMAD4",False
inflammation_only_down,Reactome,REACTOME_G_PROTEIN_ACTIVATION,G protein activation,1,17,421,0.0024,0.0011,2.067,0.3880248889140841,0.9104323568208631,GNG7,False
inflammation_only_down,Reactome,REACTOME_POST_CHAPERONIN_TUBULIN_FOLDING_PATHWAY,Post chaperonin tubulin folding pathway,1,17,421,0.0024,0.0011,2.067,0.3880248889140841,0.9104323568208631,TUBB1,False
inflammation_only_down,Reactome,REACTOME_PRESYNAPTIC_FUNCTION_OF_KAINATE_RECEPTORS,Presynaptic function of kainate receptors,1,17,421,0.0024,0.0011,2.067,0.3880248889140841,0.9104323568208631,GNG7,False
inflammation_only_down,Reactome,REACTOME_ADP_SIGNALLING_THROUGH_P2Y_PURINOCEPTOR_12,Adp signalling through p2y purinoceptor 12,1,17,421,0.0024,0.0011,2.067,0.3880248889140841,0.9104323568208631,GNG7,False
inflammation_only_down,Reactome,REACTOME_RA_BIOSYNTHESIS_PATHWAY,Ra biosynthesis pathway,1,17,421,0.0024,0.0011,2.067,0.3880248889140841,0.9104323568208631,CYP26B1,False
inflammation_only_down,Reactome,REACTOME_SIGNALING_BY_NTRK3_TRKC,Signaling by ntrk3 trkc,1,17,421,0.0024,0.0011,2.067,0.3880248889140841,0.9104323568208631,IRS1,False
inflammation_only_down,Reactome,REACTOME_REGULATION_OF_MITF_M_DEPENDENT_GENES_INVOLVED_IN_CELL_CYCLE_AND_PROLIFERATION,Regulation of mitf m dependent genes involved in cell cycle and proliferation,1,17,421,0.0024,0.0011,2.067,0.3880248889140841,0.9104323568208631,TCF7L1,False
inflammation_only_down,Reactome,REACTOME_GABA_SYNTHESIS_RELEASE_REUPTAKE_AND_DEGRADATION,Gaba synthesis release reuptake and degradation,1,17,421,0.0024,0.0011,2.067,0.3880248889140841,0.9104323568208631,CPLX1,False
inflammation_only_down,Reactome,REACTOME_EPH_EPHRIN_MEDIATED_REPULSION_OF_CELLS,Eph ephrin mediated repulsion of cells,2,47,421,0.0048,0.0032,1.495,0.388282352786591,0.9104323568208631,"EPHB1, DNM1",False
inflammation_only_down,Reactome,REACTOME_INTEGRIN_CELL_SURFACE_INTERACTIONS,Integrin cell surface interactions,3,79,421,0.0071,0.0053,1.334,0.3912696722344362,0.9104323568208631,"ICAM3, FGG, FGB",False
inflammation_only_down,Reactome,REACTOME_MHC_CLASS_II_ANTIGEN_PRESENTATION,Mhc class ii antigen presentation,4,112,421,0.0095,0.0076,1.255,0.395365731950507,0.9104323568208631,"CTSH, CAPZA3, TUBB1, DNM1",False
inflammation_only_down,Reactome,REACTOME_INTRAFLAGELLAR_TRANSPORT,Intraflagellar transport,2,48,421,0.0048,0.0032,1.464,0.3983875298646541,0.9104323568208631,"WDR19, TUBB1",False
inflammation_only_down,Reactome,REACTOME_CLASS_I_MHC_MEDIATED_ANTIGEN_PROCESSING_PRESENTATION,Class i mhc mediated antigen processing presentation,11,348,421,0.0261,0.0235,1.111,0.4044712934240523,0.9104323568208631,"UNKL, ASB4, FBXL4, FGG, MIB2, UBR4, BLMH, FGB, S100A1, SKP2, THOP1",False
inflammation_only_down,Reactome,REACTOME_RNA_POLYMERASE_III_CHAIN_ELONGATION,Rna polymerase iii chain elongation,1,18,421,0.0024,0.0012,1.952,0.40546019525279775,0.9104323568208631,POLR3H,False
inflammation_only_down,Reactome,REACTOME_ASSEMBLY_OF_THE_ORC_COMPLEX_AT_THE_ORIGIN_OF_REPLICATION,Assembly of the orc complex at the origin of replication,1,18,421,0.0024,0.0012,1.952,0.40546019525279775,0.9104323568208631,ORC2,False
inflammation_only_down,Reactome,REACTOME_SIGNALING_BY_CYTOSOLIC_FGFR1_FUSION_MUTANTS,Signaling by cytosolic fgfr1 fusion mutants,1,18,421,0.0024,0.0012,1.952,0.40546019525279775,0.9104323568208631,STAT5B,False
inflammation_only_down,Reactome,REACTOME_REGULATION_OF_FZD_BY_UBIQUITINATION,Regulation of fzd by ubiquitination,1,18,421,0.0024,0.0012,1.952,0.40546019525279775,0.9104323568208631,FZD5,False
inflammation_only_down,Reactome,REACTOME_ACYL_CHAIN_REMODELLING_OF_PS,Acyl chain remodelling of ps,1,18,421,0.0024,0.0012,1.952,0.40546019525279775,0.9104323568208631,PLAAT3,False
inflammation_only_down,Reactome,REACTOME_PROTEIN_HYDROXYLATION,Protein hydroxylation,1,18,421,0.0024,0.0012,1.952,0.40546019525279775,0.9104323568208631,RPS23,False
inflammation_only_down,Reactome,REACTOME_INTERLEUKIN_20_FAMILY_SIGNALING,Interleukin 20 family signaling,1,18,421,0.0024,0.0012,1.952,0.40546019525279775,0.9104323568208631,STAT5B,False
inflammation_only_down,Reactome,REACTOME_GENE_SILENCING_BY_RNA,Gene silencing by rna,3,81,421,0.0071,0.0055,1.301,0.40666442308312767,0.9104323568208631,"MOV10L1, PLD6, SEH1L",False
inflammation_only_down,Reactome,REACTOME_VISUAL_PHOTOTRANSDUCTION,Visual phototransduction,3,81,421,0.0071,0.0055,1.301,0.40666442308312767,0.9104323568208631,"GRK7, CNGA1, METAP1",False
inflammation_only_down,Reactome,REACTOME_AMINO_ACIDS_REGULATE_MTORC1,Amino acids regulate mtorc1,2,49,421,0.0048,0.0033,1.434,0.4084144680835663,0.9104323568208631,"WDR59, SEH1L",False
inflammation_only_down,Reactome,REACTOME_APOPTOTIC_EXECUTION_PHASE,Apoptotic execution phase,2,50,421,0.0048,0.0034,1.406,0.41835943520417607,0.9104323568208631,"DFFB, GAS2",False
inflammation_only_down,Reactome,REACTOME_G_PROTEIN_MEDIATED_EVENTS,G protein mediated events,2,50,421,0.0048,0.0034,1.406,0.41835943520417607,0.9104323568208631,"CAMK2A, CAMK2D",False
inflammation_only_down,Reactome,REACTOME_CYTOPROTECTION_BY_HMOX1,Cytoprotection by hmox1,2,50,421,0.0048,0.0034,1.406,0.41835943520417607,0.9104323568208631,"TBL1XR1, PPARA",False
inflammation_only_down,Reactome,REACTOME_ENDOGENOUS_STEROLS,Endogenous sterols,1,19,421,0.0024,0.0013,1.849,0.4223999122126361,0.9104323568208631,CYP27A1,False
inflammation_only_down,Reactome,REACTOME_EPHRIN_SIGNALING,Ephrin signaling,1,19,421,0.0024,0.0013,1.849,0.4223999122126361,0.9104323568208631,EPHB1,False
inflammation_only_down,Reactome,REACTOME_DOWNSTREAM_SIGNALING_OF_ACTIVATED_FGFR3,Downstream signaling of activated fgfr3,1,19,421,0.0024,0.0013,1.849,0.4223999122126361,0.9104323568208631,FGFR3,False
inflammation_only_down,Reactome,REACTOME_E2F_MEDIATED_REGULATION_OF_DNA_REPLICATION,E2f mediated regulation of dna replication,1,19,421,0.0024,0.0013,1.849,0.4223999122126361,0.9104323568208631,ORC2,False
inflammation_only_down,Reactome,REACTOME_SIGNALING_BY_KIT_IN_DISEASE,Signaling by kit in disease,1,19,421,0.0024,0.0013,1.849,0.4223999122126361,0.9104323568208631,STAT5B,False
inflammation_only_down,Reactome,REACTOME_SIGNALING_BY_FLT3_FUSION_PROTEINS,Signaling by flt3 fusion proteins,1,19,421,0.0024,0.0013,1.849,0.4223999122126361,0.9104323568208631,STAT5B,False
inflammation_only_down,Reactome,REACTOME_NOTCH4_INTRACELLULAR_DOMAIN_REGULATES_TRANSCRIPTION,Notch4 intracellular domain regulates transcription,1,19,421,0.0024,0.0013,1.849,0.4223999122126361,0.9104323568208631,MAMLD1,False
inflammation_only_down,Reactome,REACTOME_VXPX_CARGO_TARGETING_TO_CILIUM,Vxpx cargo targeting to cilium,1,19,421,0.0024,0.0013,1.849,0.4223999122126361,0.9104323568208631,PKD2,False
inflammation_only_down,Reactome,REACTOME_ARACHIDONIC_ACID_METABOLISM,Arachidonic acid metabolism,2,51,421,0.0048,0.0034,1.378,0.4282189736399236,0.9104323568208631,"CYP1A1, PTGR2",False
inflammation_only_down,Reactome,REACTOME_METABOLISM_OF_CARBOHYDRATES,Metabolism of carbohydrates,8,254,421,0.019,0.0172,1.107,0.435988071825125,0.9104323568208631,"SEH1L, IDS, ST3GAL3, FUT6, GALE, DCXR, GLYCTK, ST3GAL1",False
inflammation_only_down,Reactome,REACTOME_EPH_EPHRIN_SIGNALING,Eph ephrin signaling,3,85,421,0.0071,0.0057,1.24,0.4370848841349157,0.9104323568208631,"EPHB1, KALRN, DNM1",False
inflammation_only_down,Reactome,REACTOME_KINESINS,Kinesins,2,52,421,0.0048,0.0035,1.352,0.43798988791278054,0.9104323568208631,"KIF25, TUBB1",False
inflammation_only_down,Reactome,REACTOME_CLASS_I_PEROXISOMAL_MEMBRANE_PROTEIN_IMPORT,Class i peroxisomal membrane protein import,1,20,421,0.0024,0.0014,1.757,0.43885809407107806,0.9104323568208631,PXMP2,False
inflammation_only_down,Reactome,REACTOME_AZATHIOPRINE_ADME,Azathioprine adme,1,20,421,0.0024,0.0014,1.757,0.43885809407107806,0.9104323568208631,HPRT1,False
inflammation_only_down,Reactome,REACTOME_SENSORY_PERCEPTION_OF_TASTE,Sensory perception of taste,1,20,421,0.0024,0.0014,1.757,0.43885809407107806,0.9104323568208631,SCN2A,False
inflammation_only_down,Reactome,REACTOME_DECTIN_2_FAMILY,Dectin 2 family,1,20,421,0.0024,0.0014,1.757,0.43885809407107806,0.9104323568208631,MUC17,False
inflammation_only_down,Reactome,REACTOME_TGFBR3_EXPRESSION,Tgfbr3 expression,1,20,421,0.0024,0.0014,1.757,0.43885809407107806,0.9104323568208631,SMAD4,False
inflammation_only_down,Reactome,REACTOME_DOWNSTREAM_SIGNALING_OF_ACTIVATED_FGFR4,Downstream signaling of activated fgfr4,1,20,421,0.0024,0.0014,1.757,0.43885809407107806,0.9104323568208631,FGFR4,False
inflammation_only_down,Reactome,REACTOME_GAP_JUNCTION_ASSEMBLY,Gap junction assembly,1,20,421,0.0024,0.0014,1.757,0.43885809407107806,0.9104323568208631,TUBB1,False
inflammation_only_down,Reactome,REACTOME_ABERRANT_REGULATION_OF_MITOTIC_EXIT_IN_CANCER_DUE_TO_RB1_DEFECTS,Aberrant regulation of mitotic exit in cancer due to rb1 defects,1,20,421,0.0024,0.0014,1.757,0.43885809407107806,0.9104323568208631,SKP2,False
inflammation_only_down,Reactome,REACTOME_G_BETA_GAMMA_SIGNALLING_THROUGH_PI3KGAMMA,G beta gamma signalling through pi3kgamma,1,20,421,0.0024,0.0014,1.757,0.43885809407107806,0.9104323568208631,GNG7,False
inflammation_only_down,Reactome,REACTOME_CD209_DC_SIGN_SIGNALING,Cd209 dc sign signaling,1,20,421,0.0024,0.0014,1.757,0.43885809407107806,0.9104323568208631,ICAM3,False
inflammation_only_down,Reactome,REACTOME_THROMBOXANE_SIGNALLING_THROUGH_TP_RECEPTOR,Thromboxane signalling through tp receptor,1,20,421,0.0024,0.0014,1.757,0.43885809407107806,0.9104323568208631,GNG7,False
inflammation_only_down,Reactome,REACTOME_SIGNALING_BY_NUCLEAR_RECEPTORS,Signaling by nuclear receptors,7,223,421,0.0166,0.0151,1.103,0.4502744613021913,0.9104323568208631,"PDK3, PDK2, NR1H3, CYP26B1, TBL1XR1, GNG7, USF2",False
inflammation_only_down,Reactome,REACTOME_MITF_M_DEPENDENT_GENE_EXPRESSION,Mitf m dependent gene expression,3,87,421,0.0071,0.0059,1.212,0.452076523310155,0.9104323568208631,"GMPR, TRPM1, TCF7L1",False
inflammation_only_down,Reactome,REACTOME_REPRODUCTION,Reproduction,3,87,421,0.0071,0.0059,1.212,0.452076523310155,0.9104323568208631,"IZUMO4, SUN2, CATSPERG",False
inflammation_only_down,Reactome,REACTOME_INTRINSIC_PATHWAY_OF_FIBRIN_CLOT_FORMATION,Intrinsic pathway of fibrin clot formation,1,21,421,0.0024,0.0014,1.673,0.45484839746867356,0.9104323568208631,PROS1,False
inflammation_only_down,Reactome,REACTOME_ADP_SIGNALLING_THROUGH_P2Y_PURINOCEPTOR_1,Adp signalling through p2y purinoceptor 1,1,21,421,0.0024,0.0014,1.673,0.45484839746867356,0.9104323568208631,GNG7,False
inflammation_only_down,Reactome,REACTOME_FORMATION_OF_TUBULIN_FOLDING_INTERMEDIATES_BY_CCT_TRIC,Formation of tubulin folding intermediates by cct tric,1,21,421,0.0024,0.0014,1.673,0.45484839746867356,0.9104323568208631,TUBB1,False
inflammation_only_down,Reactome,REACTOME_INTERLEUKIN_6_FAMILY_SIGNALING,Interleukin 6 family signaling,1,21,421,0.0024,0.0014,1.673,0.45484839746867356,0.9104323568208631,CNTFR,False
inflammation_only_down,Reactome,REACTOME_SIGNAL_TRANSDUCTION_BY_L1,Signal transduction by l1,1,21,421,0.0024,0.0014,1.673,0.45484839746867356,0.9104323568208631,MAP2K1,False
inflammation_only_down,Reactome,REACTOME_OLFACTORY_SIGNALING_PATHWAY,Olfactory signaling pathway,1,21,421,0.0024,0.0014,1.673,0.45484839746867356,0.9104323568208631,OR7D2,False
inflammation_only_down,Reactome,REACTOME_TELOMERE_EXTENSION_BY_TELOMERASE,Telomere extension by telomerase,1,21,421,0.0024,0.0014,1.673,0.45484839746867356,0.9104323568208631,RTEL1,False
inflammation_only_down,Reactome,REACTOME_BRANCHED_CHAIN_AMINO_ACID_CATABOLISM,Branched chain amino acid catabolism,1,21,421,0.0024,0.0014,1.673,0.45484839746867356,0.9104323568208631,BCAT2,False
inflammation_only_down,Reactome,REACTOME_ACTIVATION_OF_THE_MRNA_UPON_BINDING_OF_THE_CAP_BINDING_COMPLEX_AND_EIFS_AND_SUBSEQUENT_BINDING_TO_43S,Activation of the mrna upon binding of the cap binding complex and eifs and subsequent binding to 43s,2,54,421,0.0048,0.0037,1.301,0.4572543007395944,0.9104323568208631,"EIF3L, RPS23",False
inflammation_only_down,Reactome,REACTOME_SIGNALING_BY_PDGF,Signaling by pdgf,2,55,421,0.0048,0.0037,1.278,0.4667426127212023,0.9104323568208631,"STAT5B, GRB7",False
inflammation_only_down,Reactome,REACTOME_DRUG_ADME,Drug adme,3,89,421,0.0071,0.006,1.184,0.46690194168970545,0.9104323568208631,"CYP3A4, HPRT1, SLC16A1",False
inflammation_only_down,Reactome,REACTOME_NEGATIVE_REGULATION_OF_FGFR3_SIGNALING,Negative regulation of fgfr3 signaling,1,22,421,0.0024,0.0015,1.597,0.4703840926332094,0.9104323568208631,FGFR3,False
inflammation_only_down,Reactome,REACTOME_RAF_INDEPENDENT_MAPK1_3_ACTIVATION,Raf independent mapk1 3 activation,1,22,421,0.0024,0.0015,1.597,0.4703840926332094,0.9104323568208631,MAP2K1,False
inflammation_only_down,Reactome,REACTOME_CONDENSATION_OF_PROPHASE_CHROMOSOMES,Condensation of prophase chromosomes,1,22,421,0.0024,0.0015,1.597,0.4703840926332094,0.9104323568208631,PHF8,False
inflammation_only_down,Reactome,REACTOME_NOTCH3_INTRACELLULAR_DOMAIN_REGULATES_TRANSCRIPTION,Notch3 intracellular domain regulates transcription,1,22,421,0.0024,0.0015,1.597,0.4703840926332094,0.9104323568208631,MAMLD1,False
inflammation_only_down,Reactome,REACTOME_ACYL_CHAIN_REMODELLING_OF_PC,Acyl chain remodelling of pc,1,22,421,0.0024,0.0015,1.597,0.4703840926332094,0.9104323568208631,PLAAT3,False
inflammation_only_down,Reactome,REACTOME_INSULIN_PROCESSING,Insulin processing,1,22,421,0.0024,0.0015,1.597,0.4703840926332094,0.9104323568208631,PCSK1,False
inflammation_only_down,Reactome,REACTOME_ACTIVATION_OF_AMPK_DOWNSTREAM_OF_NMDARS,Activation of ampk downstream of nmdars,1,22,421,0.0024,0.0015,1.597,0.4703840926332094,0.9104323568208631,TUBB1,False
inflammation_only_down,Reactome,REACTOME_ACYL_CHAIN_REMODELLING_OF_PE,Acyl chain remodelling of pe,1,22,421,0.0024,0.0015,1.597,0.4703840926332094,0.9104323568208631,PLAAT3,False
inflammation_only_down,Reactome,REACTOME_SIGNALING_BY_NTRKS,Signaling by ntrks,4,124,421,0.0095,0.0084,1.134,0.4716504451493252,0.9104323568208631,"NAB1, MAP2K1, IRS1, DNM1",False
inflammation_only_down,Reactome,REACTOME_SUMOYLATION,Sumoylation,5,159,421,0.0119,0.0107,1.105,0.47453212466831507,0.9104323568208631,"MTA1, NR1H3, PPARA, SEH1L, NR3C2",False
inflammation_only_down,Reactome,REACTOME_TRANSLATION_OF_SARS_COV_2_STRUCTURAL_PROTEINS,Translation of sars cov 2 structural proteins,2,56,421,0.0048,0.0038,1.255,0.4761319055732654,0.9104323568208631,"ST3GAL3, ST3GAL1",False
inflammation_only_down,Reactome,REACTOME_MITOCHONDRIAL_BIOGENESIS,Mitochondrial biogenesis,3,91,421,0.0071,0.0062,1.158,0.4815473713797081,0.9104323568208631,"TBL1XR1, CRTC2, PPARA",False
inflammation_only_down,Reactome,REACTOME_ANTIGEN_PROCESSING_CROSS_PRESENTATION,Antigen processing cross presentation,3,91,421,0.0071,0.0062,1.158,0.4815473713797081,0.9104323568208631,"FGG, FGB, S100A1",False
inflammation_only_down,Reactome,REACTOME_NRAGE_SIGNALS_DEATH_THROUGH_JNK,Nrage signals death through jnk,2,57,421,0.0048,0.0039,1.233,0.48542012270341367,0.9104323568208631,"ARHGEF40, KALRN",False
inflammation_only_down,Reactome,REACTOME_TCF_DEPENDENT_SIGNALING_IN_RESPONSE_TO_WNT,Tcf dependent signaling in response to wnt,5,161,421,0.0119,0.0109,1.091,0.4854761175074431,0.9104323568208631,"SOX13, FZD5, TLE2, TCF7L1, CCDC88C",False
inflammation_only_down,Reactome,REACTOME_HS_GAG_DEGRADATION,Hs gag degradation,1,23,421,0.0024,0.0016,1.528,0.48547807428778694,0.9104323568208631,IDS,False
inflammation_only_down,Reactome,REACTOME_TRANSCRIPTIONAL_REGULATION_OF_PLURIPOTENT_STEM_CELLS,Transcriptional regulation of pluripotent stem cells,1,23,421,0.0024,0.0016,1.528,0.48547807428778694,0.9104323568208631,SMAD4,False
inflammation_only_down,Reactome,REACTOME_BASIGIN_INTERACTIONS,Basigin interactions,1,23,421,0.0024,0.0016,1.528,0.48547807428778694,0.9104323568208631,SLC16A1,False
inflammation_only_down,Reactome,REACTOME_RAS_PROCESSING,Ras processing,1,23,421,0.0024,0.0016,1.528,0.48547807428778694,0.9104323568208631,ABHD17B,False
inflammation_only_down,Reactome,REACTOME_SYNTHESIS_OF_BILE_ACIDS_AND_BILE_SALTS_VIA_7ALPHA_HYDROXYCHOLESTEROL,Synthesis of bile acids and bile salts via 7alpha hydroxycholesterol,1,23,421,0.0024,0.0016,1.528,0.48547807428778694,0.9104323568208631,CYP27A1,False
inflammation_only_down,Reactome,REACTOME_RHO_GTPASES_ACTIVATE_IQGAPS,Rho gtpases activate iqgaps,1,23,421,0.0024,0.0016,1.528,0.48547807428778694,0.9104323568208631,TUBB1,False
inflammation_only_down,Reactome,REACTOME_TIGHT_JUNCTION_INTERACTIONS,Tight junction interactions,1,23,421,0.0024,0.0016,1.528,0.48547807428778694,0.9104323568208631,CLDN14,False
inflammation_only_down,Reactome,REACTOME_TNFR1_INDUCED_PROAPOPTOTIC_SIGNALING,Tnfr1 induced proapoptotic signaling,1,23,421,0.0024,0.0016,1.528,0.48547807428778694,0.9104323568208631,MIB2,False
inflammation_only_down,Reactome,REACTOME_NEGATIVE_REGULATION_OF_FGFR4_SIGNALING,Negative regulation of fgfr4 signaling,1,23,421,0.0024,0.0016,1.528,0.48547807428778694,0.9104323568208631,FGFR4,False
inflammation_only_down,Reactome,REACTOME_COPI_MEDIATED_ANTEROGRADE_TRANSPORT,Copi mediated anterograde transport,3,92,421,0.0071,0.0062,1.146,0.488798624906943,0.9118222369636113,"CAPZA3, SPTBN4, TUBB1",False
inflammation_only_down,Reactome,REACTOME_CELLULAR_RESPONSE_TO_HEAT_STRESS,Cellular response to heat stress,3,92,421,0.0071,0.0062,1.146,0.488798624906943,0.9118222369636113,"SEH1L, CAMK2A, CAMK2D",False
inflammation_only_down,Reactome,REACTOME_DISEASES_ASSOCIATED_WITH_O_GLYCOSYLATION_OF_PROTEINS,Diseases associated with o glycosylation of proteins,2,58,421,0.0048,0.0039,1.212,0.49460540403315645,0.9154084310247163,"POMT1, MUC17",False
inflammation_only_down,Reactome,REACTOME_HCMV_LATE_EVENTS,Hcmv late events,2,58,421,0.0048,0.0039,1.212,0.49460540403315645,0.9154084310247163,"SEH1L, CEBPD",False
inflammation_only_down,Reactome,REACTOME_NCAM_SIGNALING_FOR_NEURITE_OUT_GROWTH,Ncam signaling for neurite out growth,2,58,421,0.0048,0.0039,1.212,0.49460540403315645,0.9154084310247163,"SPTBN4, CACNB2",False
inflammation_only_down,Reactome,REACTOME_SEALING_OF_THE_NUCLEAR_ENVELOPE_NE_BY_ESCRT_III,Sealing of the nuclear envelope ne by escrt iii,1,24,421,0.0024,0.0016,1.464,0.5001428722516919,0.9160559139850925,TUBB1,False
inflammation_only_down,Reactome,REACTOME_INACTIVATION_OF_CSF3_G_CSF_SIGNALING,Inactivation of csf3 g csf signaling,1,24,421,0.0024,0.0016,1.464,0.5001428722516919,0.9160559139850925,STAT5B,False
inflammation_only_down,Reactome,REACTOME_DISEASES_OF_GLYCOSYLATION,Diseases of glycosylation,4,129,421,0.0095,0.0087,1.09,0.5024129824041311,0.9160559139850925,"GALE, POMT1, ST3GAL3, MUC17",False
inflammation_only_down,Reactome,REACTOME_TRANSCRIPTIONAL_REGULATION_BY_RUNX3,Transcriptional regulation by runx3,3,94,421,0.0071,0.0064,1.121,0.5031509289058431,0.9160559139850925,"MAMLD1, TCF7L1, SMAD4",False
inflammation_only_down,Reactome,REACTOME_RAB_GERANYLGERANYLATION,Rab geranylgeranylation,2,59,421,0.0048,0.004,1.191,0.5036860765266796,0.9160559139850925,"RAB37, RAB40B",False
inflammation_only_down,Reactome,REACTOME_SIGNALING_BY_RECEPTOR_TYROSINE_KINASES,Signaling by receptor tyrosine kinases,14,481,421,0.0333,0.0325,1.023,0.5044230270292446,0.9160559139850925,"GRB10, NAB1, STAT5B, FGFR4, RBFOX2, GRB7, DNM1, FLRT1, FGFR3, IRS1, HPN, PTK2B, IGF1, MAP2K1",False
inflammation_only_down,Reactome,REACTOME_FGFR2_ALTERNATIVE_SPLICING,Fgfr2 alternative splicing,1,25,421,0.0024,0.0017,1.406,0.5143906617426898,0.9160559139850925,RBFOX2,False
inflammation_only_down,Reactome,REACTOME_ERCC6_CSB_AND_EHMT2_G9A_POSITIVELY_REGULATE_RRNA_EXPRESSION,Ercc6 csb and ehmt2 g9a positively regulate rrna expression,1,25,421,0.0024,0.0017,1.406,0.5143906617426898,0.9160559139850925,MTA1,False
inflammation_only_down,Reactome,REACTOME_ATF4_ACTIVATES_GENES_IN_RESPONSE_TO_ENDOPLASMIC_RETICULUM_STRESS,Atf4 activates genes in response to endoplasmic reticulum stress,1,25,421,0.0024,0.0017,1.406,0.5143906617426898,0.9160559139850925,NFYC,False
inflammation_only_down,Reactome,REACTOME_CONSTITUTIVE_SIGNALING_BY_AKT1_E17K_IN_CANCER,Constitutive signaling by akt1 e17k in cancer,1,25,421,0.0024,0.0017,1.406,0.5143906617426898,0.9160559139850925,FOXO4,False
inflammation_only_down,Reactome,REACTOME_SIGNALING_BY_ERYTHROPOIETIN,Signaling by erythropoietin,1,25,421,0.0024,0.0017,1.406,0.5143906617426898,0.9160559139850925,STAT5B,False
inflammation_only_down,Reactome,REACTOME_METABOLISM_OF_COFACTORS,Metabolism of cofactors,1,25,421,0.0024,0.0017,1.406,0.5143906617426898,0.9160559139850925,COQ8A,False
inflammation_only_down,Reactome,REACTOME_DOWNSTREAM_SIGNALING_OF_ACTIVATED_FGFR1,Downstream signaling of activated fgfr1,1,25,421,0.0024,0.0017,1.406,0.5143906617426898,0.9160559139850925,FLRT1,False
inflammation_only_down,Reactome,REACTOME_EFFECTS_OF_PIP2_HYDROLYSIS,Effects of pip2 hydrolysis,1,25,421,0.0024,0.0017,1.406,0.5143906617426898,0.9160559139850925,TRPC3,False
inflammation_only_down,Reactome,REACTOME_EGR2_AND_SOX10_MEDIATED_INITIATION_OF_SCHWANN_CELL_MYELINATION,Egr2 and sox10 mediated initiation of schwann cell myelination,1,25,421,0.0024,0.0017,1.406,0.5143906617426898,0.9160559139850925,NAB1,False
inflammation_only_down,Reactome,REACTOME_SARS_COV_1_INFECTION,Sars cov 1 infection,4,133,421,0.0095,0.009,1.057,0.526448380046702,0.929007274343576,"SMAD4, ST3GAL3, RPS23, ST3GAL1",False
inflammation_only_down,Reactome,REACTOME_POSTMITOTIC_NUCLEAR_PORE_COMPLEX_NPC_REFORMATION,Postmitotic nuclear pore complex npc reformation,1,26,421,0.0024,0.0018,1.352,0.5282332733891337,0.929007274343576,SEH1L,False
inflammation_only_down,Reactome,REACTOME_FGFR1_MUTANT_RECEPTOR_ACTIVATION,Fgfr1 mutant receptor activation,1,26,421,0.0024,0.0018,1.352,0.5282332733891337,0.929007274343576,STAT5B,False
inflammation_only_down,Reactome,REACTOME_G_PROTEIN_BETA_GAMMA_SIGNALLING,G protein beta gamma signalling,1,26,421,0.0024,0.0018,1.352,0.5282332733891337,0.929007274343576,GNG7,False
inflammation_only_down,Reactome,REACTOME_DOWNREGULATION_OF_TGF_BETA_RECEPTOR_SIGNALING,Downregulation of tgf beta receptor signaling,1,26,421,0.0024,0.0018,1.352,0.5282332733891337,0.929007274343576,MTMR4,False
inflammation_only_down,Reactome,REACTOME_GASTRULATION,Gastrulation,3,99,421,0.0071,0.0067,1.065,0.5380958067335971,0.92953717838046,"MAMLD1, TCF7L1, SMAD4",False
inflammation_only_down,Reactome,REACTOME_NEGATIVE_REGULATION_OF_THE_PI3K_AKT_NETWORK,Negative regulation of the pi3k akt network,3,99,421,0.0071,0.0067,1.065,0.5380958067335971,0.92953717838046,"FGFR4, IRS1, FGFR3",False
inflammation_only_down,Reactome,REACTOME_BETA_CATENIN_INDEPENDENT_WNT_SIGNALING,Beta catenin independent wnt signaling,4,135,421,0.0095,0.0091,1.041,0.5382543118072647,0.92953717838046,"CAMK2A, TCF7L1, GNG7, FZD5",False
inflammation_only_down,Reactome,REACTOME_CHROMATIN_MODIFYING_ENZYMES,Chromatin modifying enzymes,6,207,421,0.0143,0.014,1.019,0.5397205729426241,0.92953717838046,"UTY, MTA1, PHF8, KDM5D, TBL1XR1, SGF29",False
inflammation_only_down,Reactome,REACTOME_SIGNALING_BY_BMP,Signaling by bmp,1,27,421,0.0024,0.0018,1.301,0.5416822029600418,0.92953717838046,SMAD4,False
inflammation_only_down,Reactome,REACTOME_DISASSEMBLY_OF_THE_DESTRUCTION_COMPLEX_AND_RECRUITMENT_OF_AXIN_TO_THE_MEMBRANE,Disassembly of the destruction complex and recruitment of axin to the membrane,1,27,421,0.0024,0.0018,1.301,0.5416822029600418,0.92953717838046,FZD5,False
inflammation_only_down,Reactome,REACTOME_RESOLUTION_OF_D_LOOP_STRUCTURES_THROUGH_SYNTHESIS_DEPENDENT_STRAND_ANNEALING_SDSA,Resolution of d loop structures through synthesis dependent strand annealing sdsa,1,27,421,0.0024,0.0018,1.301,0.5416822029600418,0.92953717838046,RTEL1,False
inflammation_only_down,Reactome,REACTOME_SULFUR_AMINO_ACID_METABOLISM,Sulfur amino acid metabolism,1,27,421,0.0024,0.0018,1.301,0.5416822029600418,0.92953717838046,AHCY,False
inflammation_only_down,Reactome,REACTOME_SIGNALING_BY_WNT_IN_CANCER,Signaling by wnt in cancer,1,27,421,0.0024,0.0018,1.301,0.5416822029600418,0.92953717838046,FZD5,False
inflammation_only_down,Reactome,REACTOME_FLT3_SIGNALING_IN_DISEASE,Flt3 signaling in disease,1,27,421,0.0024,0.0018,1.301,0.5416822029600418,0.92953717838046,STAT5B,False
inflammation_only_down,Reactome,REACTOME_INTERLEUKIN_17_SIGNALING,Interleukin 17 signaling,2,64,421,0.0048,0.0043,1.098,0.5474737275195302,0.9338268450488033,"IL17RB, MAP2K1",False
inflammation_only_down,Reactome,REACTOME_REGULATION_OF_INSULIN_SECRETION,Regulation of insulin secretion,2,64,421,0.0048,0.0043,1.098,0.5474737275195302,0.9338268450488033,"CACNB2, GNG7",False
inflammation_only_down,Reactome,REACTOME_SIGNAL_AMPLIFICATION,Signal amplification,1,28,421,0.0024,0.0019,1.255,0.5547486208210712,0.9338268450488033,GNG7,False
inflammation_only_down,Reactome,REACTOME_TRANSCRIPTIONAL_REGULATION_BY_THE_AP_2_TFAP2_FAMILY_OF_TRANSCRIPTION_FACTORS,Transcriptional regulation by the ap 2 tfap2 family of transcription factors,1,28,421,0.0024,0.0019,1.255,0.5547486208210712,0.9338268450488033,CITED2,False
inflammation_only_down,Reactome,REACTOME_SIGNALING_BY_ALK,Signaling by alk,1,28,421,0.0024,0.0019,1.255,0.5547486208210712,0.9338268450488033,IRS1,False
inflammation_only_down,Reactome,REACTOME_THROMBIN_SIGNALLING_THROUGH_PROTEINASE_ACTIVATED_RECEPTORS_PARS,Thrombin signalling through proteinase activated receptors pars,1,28,421,0.0024,0.0019,1.255,0.5547486208210712,0.9338268450488033,GNG7,False
inflammation_only_down,Reactome,REACTOME_COOPERATION_OF_PREFOLDIN_AND_TRIC_CCT_IN_ACTIN_AND_TUBULIN_FOLDING,Cooperation of prefoldin and tric cct in actin and tubulin folding,1,28,421,0.0024,0.0019,1.255,0.5547486208210712,0.9338268450488033,TUBB1,False
inflammation_only_down,Reactome,REACTOME_RNA_POLYMERASE_III_TRANSCRIPTION_INITIATION_FROM_TYPE_1_PROMOTER,Rna polymerase iii transcription initiation from type 1 promoter,1,28,421,0.0024,0.0019,1.255,0.5547486208210712,0.9338268450488033,POLR3H,False
inflammation_only_down,Reactome,REACTOME_ORC1_REMOVAL_FROM_CHROMATIN,Orc1 removal from chromatin,2,66,421,0.0048,0.0045,1.065,0.5642164432405083,0.9395374015333244,"ORC2, SKP2",False
inflammation_only_down,Reactome,REACTOME_PEPTIDE_HORMONE_METABOLISM,Peptide hormone metabolism,2,66,421,0.0048,0.0045,1.065,0.5642164432405083,0.9395374015333244,"PCSK1, IGF1",False
inflammation_only_down,Reactome,REACTOME_NUCLEAR_ENVELOPE_NE_REASSEMBLY,Nuclear envelope ne reassembly,2,66,421,0.0048,0.0045,1.065,0.5642164432405083,0.9395374015333244,"SEH1L, TUBB1",False
inflammation_only_down,Reactome,REACTOME_INWARDLY_RECTIFYING_K_CHANNELS,Inwardly rectifying k channels,1,29,421,0.0024,0.002,1.212,0.567443381124087,0.9395374015333244,GNG7,False
inflammation_only_down,Reactome,REACTOME_ANTIGEN_ACTIVATES_B_CELL_RECEPTOR_BCR_LEADING_TO_GENERATION_OF_SECOND_MESSENGERS,Antigen activates b cell receptor bcr leading to generation of second messengers,1,29,421,0.0024,0.002,1.212,0.567443381124087,0.9395374015333244,BLK,False
inflammation_only_down,Reactome,REACTOME_SIGNALING_BY_CSF3_G_CSF,Signaling by csf3 g csf,1,29,421,0.0024,0.002,1.212,0.567443381124087,0.9395374015333244,STAT5B,False
inflammation_only_down,Reactome,REACTOME_RUNX2_REGULATES_BONE_DEVELOPMENT,Runx2 regulates bone development,1,29,421,0.0024,0.002,1.212,0.567443381124087,0.9395374015333244,SMAD4,False
inflammation_only_down,Reactome,REACTOME_ANTIGEN_PROCESSING_UBIQUITINATION_PROTEASOME_DEGRADATION,Antigen processing ubiquitination proteasome degradation,8,286,421,0.019,0.0193,0.983,0.5700118857388788,0.9401430292010062,"UNKL, ASB4, FBXL4, MIB2, UBR4, BLMH, SKP2, THOP1",False
inflammation_only_down,Reactome,REACTOME_SIGNALING_BY_WNT,Signaling by wnt,7,250,421,0.0166,0.0169,0.984,0.5709247735149845,0.9401430292010062,"SOX13, FZD5, TLE2, TCF7L1, CCDC88C, CAMK2A, GNG7",False
inflammation_only_down,Reactome,REACTOME_TRANSPORT_OF_BILE_SALTS_AND_ORGANIC_ACIDS_METAL_IONS_AND_AMINE_COMPOUNDS,Transport of bile salts and organic acids metal ions and amine compounds,2,67,421,0.0048,0.0045,1.049,0.5724196222482454,0.9401430292010062,"RHBG, SLC16A1",False
inflammation_only_down,Reactome,REACTOME_DOWNREGULATION_OF_SMAD2_3_SMAD4_TRANSCRIPTIONAL_ACTIVITY,Downregulation of smad2 3 smad4 transcriptional activity,1,30,421,0.0024,0.002,1.171,0.5797770307378199,0.9401430292010062,SMAD4,False
inflammation_only_down,Reactome,REACTOME_PERK_REGULATES_GENE_EXPRESSION,Perk regulates gene expression,1,30,421,0.0024,0.002,1.171,0.5797770307378199,0.9401430292010062,NFYC,False
inflammation_only_down,Reactome,REACTOME_REGULATION_OF_GLUCOKINASE_BY_GLUCOKINASE_REGULATORY_PROTEIN,Regulation of glucokinase by glucokinase regulatory protein,1,30,421,0.0024,0.002,1.171,0.5797770307378199,0.9401430292010062,SEH1L,False
inflammation_only_down,Reactome,REACTOME_FCERI_MEDIATED_CA_2_MOBILIZATION,Fceri mediated ca 2 mobilization,1,30,421,0.0024,0.002,1.171,0.5797770307378199,0.9401430292010062,NFATC3,False
inflammation_only_down,Reactome,REACTOME_VOLTAGE_GATED_POTASSIUM_CHANNELS,Voltage gated potassium channels,1,30,421,0.0024,0.002,1.171,0.5797770307378199,0.9401430292010062,KCNAB1,False
inflammation_only_down,Reactome,REACTOME_GLUTATHIONE_CONJUGATION,Glutathione conjugation,1,30,421,0.0024,0.002,1.171,0.5797770307378199,0.9401430292010062,OPLAH,False
inflammation_only_down,Reactome,REACTOME_LATE_SARS_COV_2_INFECTION_EVENTS,Late sars cov 2 infection events,2,69,421,0.0048,0.0047,1.019,0.5884878270652569,0.9508504347143371,"ST3GAL3, ST3GAL1",False
inflammation_only_down,Reactome,REACTOME_ACTIVATION_OF_THE_PRE_REPLICATIVE_COMPLEX,Activation of the pre replicative complex,1,31,421,0.0024,0.0021,1.134,0.5917598179268858,0.9508504347143371,ORC2,False
inflammation_only_down,Reactome,REACTOME_EXPORT_OF_VIRAL_RIBONUCLEOPROTEINS_FROM_NUCLEUS,Export of viral ribonucleoproteins from nucleus,1,31,421,0.0024,0.0021,1.134,0.5917598179268858,0.9508504347143371,SEH1L,False
inflammation_only_down,Reactome,REACTOME_CITRIC_ACID_CYCLE_TCA_CYCLE,Citric acid cycle tca cycle,1,31,421,0.0024,0.0021,1.134,0.5917598179268858,0.9508504347143371,TRAP1,False
inflammation_only_down,Reactome,REACTOME_INTERLEUKIN_1_SIGNALING,Interleukin 1 signaling,3,108,421,0.0071,0.0073,0.976,0.5972902456771174,0.9557447297211715,"MAP2K1, PELI2, PELI3",False
inflammation_only_down,Reactome,REACTOME_GPVI_MEDIATED_ACTIVATION_CASCADE,Gpvi mediated activation cascade,1,32,421,0.0024,0.0022,1.098,0.6034017007862488,0.9557447297211715,MPIG6B,False
inflammation_only_down,Reactome,REACTOME_NUCLEAR_IMPORT_OF_REV_PROTEIN,Nuclear import of rev protein,1,32,421,0.0024,0.0022,1.098,0.6034017007862488,0.9557447297211715,SEH1L,False
inflammation_only_down,Reactome,REACTOME_NUCLEOTIDE_CATABOLISM,Nucleotide catabolism,1,32,421,0.0024,0.0022,1.098,0.6034017007862488,0.9557447297211715,NUDT9,False
inflammation_only_down,Reactome,REACTOME_SUMOYLATION_OF_SUMOYLATION_PROTEINS,Sumoylation of sumoylation proteins,1,32,421,0.0024,0.0022,1.098,0.6034017007862488,0.9557447297211715,SEH1L,False
inflammation_only_down,Reactome,REACTOME_SARS_COV_1_MODULATES_HOST_TRANSLATION_MACHINERY,Sars cov 1 modulates host translation machinery,1,32,421,0.0024,0.0022,1.098,0.6034017007862488,0.9557447297211715,RPS23,False
inflammation_only_down,Reactome,REACTOME_SYNTHESIS_OF_BILE_ACIDS_AND_BILE_SALTS,Synthesis of bile acids and bile salts,1,33,421,0.0024,0.0022,1.065,0.6147123554379891,0.9557447297211715,CYP27A1,False
inflammation_only_down,Reactome,REACTOME_SIGNALING_BY_FGFR3,Signaling by fgfr3,1,33,421,0.0024,0.0022,1.065,0.6147123554379891,0.9557447297211715,FGFR3,False
inflammation_only_down,Reactome,REACTOME_SIGNALING_BY_FGFR1_IN_DISEASE,Signaling by fgfr1 in disease,1,33,421,0.0024,0.0022,1.065,0.6147123554379891,0.9557447297211715,STAT5B,False
inflammation_only_down,Reactome,REACTOME_GLUCAGON_LIKE_PEPTIDE_1_GLP1_REGULATES_INSULIN_SECRETION,Glucagon like peptide 1 glp1 regulates insulin secretion,1,33,421,0.0024,0.0022,1.065,0.6147123554379891,0.9557447297211715,GNG7,False
inflammation_only_down,Reactome,REACTOME_COOPERATION_OF_PDCL_PHLP1_AND_TRIC_CCT_IN_G_PROTEIN_BETA_FOLDING,Cooperation of pdcl phlp1 and tric cct in g protein beta folding,1,33,421,0.0024,0.0022,1.065,0.6147123554379891,0.9557447297211715,GNG7,False
inflammation_only_down,Reactome,REACTOME_SIGNALING_BY_FGFR4,Signaling by fgfr4,1,33,421,0.0024,0.0022,1.065,0.6147123554379891,0.9557447297211715,FGFR4,False
inflammation_only_down,Reactome,REACTOME_SYNTHESIS_OF_PA,Synthesis of pa,1,34,421,0.0024,0.0023,1.034,0.6257011839970708,0.9557447297211715,PLD6,False
inflammation_only_down,Reactome,REACTOME_INTERACTIONS_OF_VPR_WITH_HOST_CELLULAR_PROTEINS,Interactions of vpr with host cellular proteins,1,34,421,0.0024,0.0023,1.034,0.6257011839970708,0.9557447297211715,SEH1L,False
inflammation_only_down,Reactome,REACTOME_RESOLUTION_OF_D_LOOP_STRUCTURES,Resolution of d loop structures,1,34,421,0.0024,0.0023,1.034,0.6257011839970708,0.9557447297211715,RTEL1,False
inflammation_only_down,Reactome,REACTOME_SIGNALLING_TO_ERKS,Signalling to erks,1,34,421,0.0024,0.0023,1.034,0.6257011839970708,0.9557447297211715,MAP2K1,False
inflammation_only_down,Reactome,REACTOME_VASOPRESSIN_REGULATES_RENAL_WATER_HOMEOSTASIS_VIA_AQUAPORINS,Vasopressin regulates renal water homeostasis via aquaporins,1,34,421,0.0024,0.0023,1.034,0.6257011839970708,0.9557447297211715,GNG7,False
inflammation_only_down,Reactome,REACTOME_TRANSPORT_OF_THE_SLBP_DEPENDANT_MATURE_MRNA,Transport of the slbp dependant mature mrna,1,34,421,0.0024,0.0023,1.034,0.6257011839970708,0.9557447297211715,SEH1L,False
inflammation_only_down,Reactome,REACTOME_NUCLEAR_PORE_COMPLEX_NPC_DISASSEMBLY,Nuclear pore complex npc disassembly,1,34,421,0.0024,0.0023,1.034,0.6257011839970708,0.9557447297211715,SEH1L,False
inflammation_only_down,Reactome,REACTOME_NGF_STIMULATED_TRANSCRIPTION,Ngf stimulated transcription,1,34,421,0.0024,0.0023,1.034,0.6257011839970708,0.9557447297211715,NAB1,False
inflammation_only_down,Reactome,REACTOME_CELL_DEATH_SIGNALLING_VIA_NRAGE_NRIF_AND_NADE,Cell death signalling via nrage nrif and nade,2,74,421,0.0048,0.005,0.95,0.6266812928823965,0.9557447297211715,"ARHGEF40, KALRN",False
inflammation_only_down,Reactome,REACTOME_GLYCEROPHOSPHOLIPID_BIOSYNTHESIS,Glycerophospholipid biosynthesis,3,113,421,0.0071,0.0076,0.933,0.627962172905806,0.9557447297211715,"PLAAT3, PLD6, PNPLA2",False
inflammation_only_down,Reactome,REACTOME_GLYCOSAMINOGLYCAN_METABOLISM,Glycosaminoglycan metabolism,3,113,421,0.0071,0.0076,0.933,0.627962172905806,0.9557447297211715,"IDS, ST3GAL3, ST3GAL1",False
inflammation_only_down,Reactome,REACTOME_FANCONI_ANEMIA_PATHWAY,Fanconi anemia pathway,1,35,421,0.0024,0.0024,1.004,0.6363773223126022,0.9557447297211715,FAN1,False
inflammation_only_down,Reactome,REACTOME_AGGREPHAGY,Aggrephagy,1,35,421,0.0024,0.0024,1.004,0.6363773223126022,0.9557447297211715,TUBB1,False
inflammation_only_down,Reactome,REACTOME_RHOV_GTPASE_CYCLE,Rhov gtpase cycle,1,35,421,0.0024,0.0024,1.004,0.6363773223126022,0.9557447297211715,DST,False
inflammation_only_down,Reactome,REACTOME_INTERACTIONS_OF_REV_WITH_HOST_CELLULAR_PROTEINS,Interactions of rev with host cellular proteins,1,35,421,0.0024,0.0024,1.004,0.6363773223126022,0.9557447297211715,SEH1L,False
inflammation_only_down,Reactome,REACTOME_MOLECULES_ASSOCIATED_WITH_ELASTIC_FIBRES,Molecules associated with elastic fibres,1,35,421,0.0024,0.0024,1.004,0.6363773223126022,0.9557447297211715,ELN,False
inflammation_only_down,Reactome,REACTOME_TRANSPORT_OF_MATURE_TRANSCRIPT_TO_CYTOPLASM,Transport of mature transcript to cytoplasm,2,76,421,0.0048,0.0051,0.925,0.6411706642740926,0.9557447297211715,"SEH1L, SRSF5",False
inflammation_only_down,Reactome,REACTOME_NEDDYLATION,Neddylation,6,230,421,0.0143,0.0155,0.917,0.6424448153036952,0.9557447297211715,"ASB4, FBXL4, SOCS2, NEURL2, DCUN1D2, SKP2",False
inflammation_only_down,Reactome,REACTOME_PLASMA_LIPOPROTEIN_CLEARANCE,Plasma lipoprotein clearance,1,36,421,0.0024,0.0024,0.976,0.6467496474908929,0.9557447297211715,NR1H3,False
inflammation_only_down,Reactome,REACTOME_ADORA2B_MEDIATED_ANTI_INFLAMMATORY_CYTOKINES_PRODUCTION,Adora2b mediated anti inflammatory cytokines production,1,36,421,0.0024,0.0024,0.976,0.6467496474908929,0.9557447297211715,GNG7,False
inflammation_only_down,Reactome,REACTOME_SMAD2_SMAD3_SMAD4_HETEROTRIMER_REGULATES_TRANSCRIPTION,Smad2 smad3 smad4 heterotrimer regulates transcription,1,36,421,0.0024,0.0024,0.976,0.6467496474908929,0.9557447297211715,SMAD4,False
inflammation_only_down,Reactome,REACTOME_GABA_B_RECEPTOR_ACTIVATION,Gaba b receptor activation,1,36,421,0.0024,0.0024,0.976,0.6467496474908929,0.9557447297211715,GNG7,False
inflammation_only_down,Reactome,REACTOME_GLYCOSPHINGOLIPID_CATABOLISM,Glycosphingolipid catabolism,1,36,421,0.0024,0.0024,0.976,0.6467496474908929,0.9557447297211715,NEU4,False
inflammation_only_down,Reactome,REACTOME_CELL_SURFACE_INTERACTIONS_AT_THE_VASCULAR_WALL,Cell surface interactions at the vascular wall,3,117,421,0.0071,0.0079,0.901,0.651317169191701,0.9557447297211715,"GRB7, SLC16A1, PROS1",False
inflammation_only_down,Reactome,REACTOME_POTASSIUM_CHANNELS,Potassium channels,2,78,421,0.0048,0.0053,0.901,0.6552139764173781,0.9557447297211715,"KCNAB1, GNG7",False
inflammation_only_down,Reactome,REACTOME_FORMATION_OF_THE_CORNIFIED_ENVELOPE,Formation of the cornified envelope,1,37,421,0.0024,0.0025,0.95,0.6568267852064599,0.9557447297211715,DSC1,False
inflammation_only_down,Reactome,REACTOME_ACTIVATION_OF_ATR_IN_RESPONSE_TO_REPLICATION_STRESS,Activation of atr in response to replication stress,1,37,421,0.0024,0.0025,0.95,0.6568267852064599,0.9557447297211715,ORC2,False
inflammation_only_down,Reactome,REACTOME_GPER1_SIGNALING,Gper1 signaling,1,37,421,0.0024,0.0025,0.95,0.6568267852064599,0.9557447297211715,GNG7,False
inflammation_only_down,Reactome,REACTOME_APOPTOTIC_CLEAVAGE_OF_CELLULAR_PROTEINS,Apoptotic cleavage of cellular proteins,1,37,421,0.0024,0.0025,0.95,0.6568267852064599,0.9557447297211715,GAS2,False
inflammation_only_down,Reactome,REACTOME_NCAM1_INTERACTIONS,Ncam1 interactions,1,37,421,0.0024,0.0025,0.95,0.6568267852064599,0.9557447297211715,CACNB2,False
inflammation_only_down,Reactome,REACTOME_RHOH_GTPASE_CYCLE,Rhoh gtpase cycle,1,37,421,0.0024,0.0025,0.95,0.6568267852064599,0.9557447297211715,RALGAPA1,False
inflammation_only_down,Reactome,REACTOME_SUMOYLATION_OF_UBIQUITINYLATION_PROTEINS,Sumoylation of ubiquitinylation proteins,1,37,421,0.0024,0.0025,0.95,0.6568267852064599,0.9557447297211715,SEH1L,False
inflammation_only_down,Reactome,REACTOME_DISEASES_OF_MITOTIC_CELL_CYCLE,Diseases of mitotic cell cycle,1,37,421,0.0024,0.0025,0.95,0.6568267852064599,0.9557447297211715,SKP2,False
inflammation_only_down,Reactome,REACTOME_MITF_M_REGULATED_MELANOCYTE_DEVELOPMENT,Mitf m regulated melanocyte development,3,118,421,0.0071,0.008,0.893,0.6569900122270005,0.9557447297211715,"GMPR, TRPM1, TCF7L1",False
inflammation_only_down,Reactome,REACTOME_DISEASES_ASSOCIATED_WITH_GLYCOSAMINOGLYCAN_METABOLISM,Diseases associated with glycosaminoglycan metabolism,1,38,421,0.0024,0.0026,0.925,0.6666171168069261,0.9598856462969104,ST3GAL3,False
inflammation_only_down,Reactome,REACTOME_KERATINIZATION,Keratinization,1,38,421,0.0024,0.0026,0.925,0.6666171168069261,0.9598856462969104,DSC1,False
inflammation_only_down,Reactome,REACTOME_RND3_GTPASE_CYCLE,Rnd3 gtpase cycle,1,38,421,0.0024,0.0026,0.925,0.6666171168069261,0.9598856462969104,DST,False
inflammation_only_down,Reactome,REACTOME_RSV_HOST_INTERACTIONS,Rsv host interactions,2,80,421,0.0048,0.0054,0.879,0.6688155482071786,0.9598856462969104,"CDK19, MED13",False
inflammation_only_down,Reactome,REACTOME_DEGRADATION_OF_BETA_CATENIN_BY_THE_DESTRUCTION_COMPLEX,Degradation of beta catenin by the destruction complex,2,80,421,0.0048,0.0054,0.879,0.6688155482071786,0.9598856462969104,"TLE2, TCF7L1",False
inflammation_only_down,Reactome,REACTOME_UB_SPECIFIC_PROCESSING_PROTEASES,Ub specific processing proteases,4,160,421,0.0095,0.0108,0.879,0.6717073260915863,0.9598856462969104,"FOXO4, FKBP8, SKP2, SMAD4",False
inflammation_only_down,Reactome,REACTOME_SIGNALING_BY_INTERLEUKINS,Signaling by interleukins,10,389,421,0.0238,0.0263,0.903,0.6731947250753569,0.9598856462969104,"PELI3, STAT5B, CNTFR, SOCS2, CEBPD, PELI2, IL17RB, IRS1, PTK2B, MAP2K1",False
inflammation_only_down,Reactome,REACTOME_MEIOTIC_SYNAPSIS,Meiotic synapsis,1,39,421,0.0024,0.0026,0.901,0.6761287862176257,0.9598856462969104,SUN2,False
inflammation_only_down,Reactome,REACTOME_RND2_GTPASE_CYCLE,Rnd2 gtpase cycle,1,39,421,0.0024,0.0026,0.901,0.6761287862176257,0.9598856462969104,DST,False
inflammation_only_down,Reactome,REACTOME_AQUAPORIN_MEDIATED_TRANSPORT,Aquaporin mediated transport,1,39,421,0.0024,0.0026,0.901,0.6761287862176257,0.9598856462969104,GNG7,False
inflammation_only_down,Reactome,REACTOME_NS1_MEDIATED_EFFECTS_ON_HOST_PATHWAYS,Ns1 mediated effects on host pathways,1,39,421,0.0024,0.0026,0.901,0.6761287862176257,0.9598856462969104,SEH1L,False
inflammation_only_down,Reactome,REACTOME_SMOOTH_MUSCLE_CONTRACTION,Smooth muscle contraction,1,39,421,0.0024,0.0026,0.901,0.6761287862176257,0.9598856462969104,SORBS3,False
inflammation_only_down,Reactome,REACTOME_ASPARAGINE_N_LINKED_GLYCOSYLATION,Asparagine n linked glycosylation,7,277,421,0.0166,0.0187,0.888,0.6777436027930335,0.9601282088544242,"CAPZA3, SPTBN4, PMM1, NEU4, TUBB1, ST3GAL3, ST3GAL1",False
inflammation_only_down,Reactome,REACTOME_GOLGI_TO_ER_RETROGRADE_TRANSPORT,Golgi to er retrograde transport,3,122,421,0.0071,0.0082,0.864,0.6790157064034117,0.9601282088544242,"KIF25, CAPZA3, TUBB1",False
inflammation_only_down,Reactome,REACTOME_FORMATION_OF_WDR5_CONTAINING_HISTONE_MODIFYING_COMPLEXES,Formation of wdr5 containing histone modifying complexes,1,40,421,0.0024,0.0027,0.879,0.6853697066515383,0.9633327685937129,SGF29,False
inflammation_only_down,Reactome,REACTOME_NETRIN_1_SIGNALING,Netrin 1 signaling,1,40,421,0.0024,0.0027,0.879,0.6853697066515383,0.9633327685937129,TRPC3,False
inflammation_only_down,Reactome,REACTOME_G_ALPHA_Z_SIGNALLING_EVENTS,G alpha z signalling events,1,40,421,0.0024,0.0027,0.879,0.6853697066515383,0.9633327685937129,GNG7,False
inflammation_only_down,Reactome,REACTOME_EUKARYOTIC_TRANSLATION_ELONGATION,Eukaryotic translation elongation,2,83,421,0.0048,0.0056,0.847,0.6884013221307286,0.9649580800671067,"EEF2, RPS23",False
inflammation_only_down,Reactome,REACTOME_C_TYPE_LECTIN_RECEPTORS_CLRS,C type lectin receptors clrs,3,124,421,0.0071,0.0084,0.85,0.6896294752335101,0.9649580800671067,"NFATC3, ICAM3, MUC17",False
inflammation_only_down,Reactome,REACTOME_NEGATIVE_REGULATION_OF_MAPK_PATHWAY,Negative regulation of mapk pathway,1,41,421,0.0024,0.0028,0.857,0.6943475671300325,0.9649580800671067,MAP2K1,False
inflammation_only_down,Reactome,REACTOME_TRANSPORT_OF_MATURE_MRNAS_DERIVED_FROM_INTRONLESS_TRANSCRIPTS,Transport of mature mrnas derived from intronless transcripts,1,41,421,0.0024,0.0028,0.857,0.6943475671300325,0.9649580800671067,SEH1L,False
inflammation_only_down,Reactome,REACTOME_SIGNALING_BY_TGFBR3,Signaling by tgfbr3,1,41,421,0.0024,0.0028,0.857,0.6943475671300325,0.9649580800671067,SMAD4,False
inflammation_only_down,Reactome,REACTOME_SLC_TRANSPORTER_DISORDERS,Slc transporter disorders,2,84,421,0.0048,0.0057,0.837,0.6947152231317643,0.9649580800671067,"SEH1L, SLC16A1",False
inflammation_only_down,Reactome,REACTOME_ELASTIC_FIBRE_FORMATION,Elastic fibre formation,1,42,421,0.0024,0.0028,0.837,0.7030698388197403,0.9670629884154793,ELN,False
inflammation_only_down,Reactome,REACTOME_TBC_RABGAPS,Tbc rabgaps,1,42,421,0.0024,0.0028,0.837,0.7030698388197403,0.9670629884154793,TBC1D2,False
inflammation_only_down,Reactome,REACTOME_BILE_ACID_AND_BILE_SALT_METABOLISM,Bile acid and bile salt metabolism,1,42,421,0.0024,0.0028,0.837,0.7030698388197403,0.9670629884154793,CYP27A1,False
inflammation_only_down,Reactome,REACTOME_INTERLEUKIN_3_INTERLEUKIN_5_AND_GM_CSF_SIGNALING,Interleukin 3 interleukin 5 and gm csf signaling,1,42,421,0.0024,0.0028,0.837,0.7030698388197403,0.9670629884154793,STAT5B,False
inflammation_only_down,Reactome,REACTOME_VIRAL_MESSENGER_RNA_SYNTHESIS,Viral messenger rna synthesis,1,42,421,0.0024,0.0028,0.837,0.7030698388197403,0.9670629884154793,SEH1L,False
inflammation_only_down,Reactome,REACTOME_PROTEIN_FOLDING,Protein folding,2,86,421,0.0048,0.0058,0.817,0.707026102428642,0.9687353767772284,"GNG7, TUBB1",False
inflammation_only_down,Reactome,REACTOME_PHASE_II_CONJUGATION_OF_COMPOUNDS,Phase ii conjugation of compounds,2,86,421,0.0048,0.0058,0.817,0.707026102428642,0.9687353767772284,"OPLAH, AHCY",False
inflammation_only_down,Reactome,REACTOME_INTRACELLULAR_SIGNALING_BY_SECOND_MESSENGERS,Intracellular signaling by second messengers,7,286,421,0.0166,0.0193,0.86,0.7093836377635462,0.9692898907550064,"MTA1, CAMK2D, FOXO4, FGFR4, CAMK2A, IRS1, FGFR3",False
inflammation_only_down,Reactome,REACTOME_SUMOYLATION_OF_DNA_REPLICATION_PROTEINS,Sumoylation of dna replication proteins,1,43,421,0.0024,0.0029,0.817,0.7115437811907331,0.9692898907550064,SEH1L,False
inflammation_only_down,Reactome,REACTOME_SUMOYLATION_OF_RNA_BINDING_PROTEINS,Sumoylation of rna binding proteins,1,43,421,0.0024,0.0029,0.817,0.7115437811907331,0.9692898907550064,SEH1L,False
inflammation_only_down,Reactome,REACTOME_SWITCHING_OF_ORIGINS_TO_A_POST_REPLICATIVE_STATE,Switching of origins to a post replicative state,2,87,421,0.0048,0.0059,0.808,0.7130249160549591,0.9692989499747214,"SKP2, ORC2",False
inflammation_only_down,Reactome,REACTOME_MITOTIC_PROPHASE,Mitotic prophase,2,88,421,0.0048,0.0059,0.799,0.7189205908491765,0.9692989499747214,"SEH1L, PHF8",False
inflammation_only_down,Reactome,REACTOME_UNFOLDED_PROTEIN_RESPONSE_UPR,Unfolded protein response upr,2,88,421,0.0048,0.0059,0.799,0.7189205908491765,0.9692989499747214,"CTDSP2, NFYC",False
inflammation_only_down,Reactome,REACTOME_CYCLIN_D_ASSOCIATED_EVENTS_IN_G1,Cyclin d associated events in g1,1,44,421,0.0024,0.003,0.799,0.7197764480010308,0.9692989499747214,SKP2,False
inflammation_only_down,Reactome,REACTOME_GABA_RECEPTOR_ACTIVATION,Gaba receptor activation,1,44,421,0.0024,0.003,0.799,0.7197764480010308,0.9692989499747214,GNG7,False
inflammation_only_down,Reactome,REACTOME_SIGNALING_BY_FGFR1,Signaling by fgfr1,1,44,421,0.0024,0.003,0.799,0.7197764480010308,0.9692989499747214,FLRT1,False
inflammation_only_down,Reactome,REACTOME_INTERFERON_GAMMA_SIGNALING,Interferon gamma signaling,2,89,421,0.0048,0.006,0.79,0.7247141230137615,0.9722445635118204,"CAMK2A, CAMK2D",False
inflammation_only_down,Reactome,REACTOME_COPI_DEPENDENT_GOLGI_TO_ER_RETROGRADE_TRAFFIC,Copi dependent golgi to er retrograde traffic,2,89,421,0.0048,0.006,0.79,0.7247141230137615,0.9722445635118204,"KIF25, TUBB1",False
inflammation_only_down,Reactome,REACTOME_REGULATION_OF_ENDOGENOUS_RETROELEMENTS_BY_PIWI_INTERACTING_RNAS_PIRNAS,Regulation of endogenous retroelements by piwi interacting rnas pirnas,1,45,421,0.0024,0.003,0.781,0.7277746931123235,0.9724998506646091,MTA1,False
inflammation_only_down,Reactome,REACTOME_SARS_COV_2_MODULATES_HOST_TRANSLATION_MACHINERY,Sars cov 2 modulates host translation machinery,1,45,421,0.0024,0.003,0.781,0.7277746931123235,0.9724998506646091,RPS23,False
inflammation_only_down,Reactome,REACTOME_CELL_CELL_COMMUNICATION,Cell cell communication,3,132,421,0.0071,0.0089,0.799,0.7294486877779971,0.9724998506646091,"PTK2B, DST, CLDN14",False
inflammation_only_down,Reactome,REACTOME_SARS_COV_1_HOST_INTERACTIONS,Sars cov 1 host interactions,2,90,421,0.0048,0.0061,0.781,0.7304065356476767,0.9724998506646091,"RPS23, SMAD4",False
inflammation_only_down,Reactome,REACTOME_SENSORY_PROCESSING_OF_SOUND_BY_OUTER_HAIR_CELLS_OF_THE_COCHLEA,Sensory processing of sound by outer hair cells of the cochlea,1,46,421,0.0024,0.0031,0.764,0.7355451761416618,0.9762686784753182,ATP2B2,False
inflammation_only_down,Reactome,REACTOME_SIGNALING_BY_TGF_BETA_RECEPTOR_COMPLEX,Signaling by tgf beta receptor complex,2,91,421,0.0048,0.0062,0.772,0.7359988764177434,0.9762686784753182,"MTMR4, SMAD4",False
inflammation_only_down,Reactome,REACTOME_RNA_POLYMERASE_I_TRANSCRIPTION_INITIATION,Rna polymerase i transcription initiation,1,47,421,0.0024,0.0032,0.748,0.7430943679537285,0.9783383950526742,MTA1,False
inflammation_only_down,Reactome,REACTOME_IRE1ALPHA_ACTIVATES_CHAPERONES,Ire1alpha activates chaperones,1,47,421,0.0024,0.0032,0.748,0.7430943679537285,0.9783383950526742,CTDSP2,False
inflammation_only_down,Reactome,REACTOME_EXTENSION_OF_TELOMERES,Extension of telomeres,1,47,421,0.0024,0.0032,0.748,0.7430943679537285,0.9783383950526742,RTEL1,False
inflammation_only_down,Reactome,REACTOME_CARGO_TRAFFICKING_TO_THE_PERICILIARY_MEMBRANE,Cargo trafficking to the periciliary membrane,1,47,421,0.0024,0.0032,0.748,0.7430943679537285,0.9783383950526742,PKD2,False
inflammation_only_down,Reactome,REACTOME_POTENTIAL_THERAPEUTICS_FOR_SARS,Potential therapeutics for sars,2,93,421,0.0048,0.0063,0.756,0.7468876426681139,0.9788800536728983,"FXYD6, MTA1",False
inflammation_only_down,Reactome,REACTOME_INTERLEUKIN_1_FAMILY_SIGNALING,Interleukin 1 family signaling,3,136,421,0.0071,0.0092,0.775,0.7478040991962032,0.9788800536728983,"MAP2K1, PELI2, PELI3",False
inflammation_only_down,Reactome,REACTOME_SIGNALING_BY_ERBB2,Signaling by erbb2,1,48,421,0.0024,0.0032,0.732,0.7504285559981767,0.9788800536728983,GRB7,False
inflammation_only_down,Reactome,REACTOME_DNA_DOUBLE_STRAND_BREAK_RESPONSE,Dna double strand break response,1,48,421,0.0024,0.0032,0.732,0.7504285559981767,0.9788800536728983,EYA4,False
inflammation_only_down,Reactome,REACTOME_CHONDROITIN_SULFATE_DERMATAN_SULFATE_METABOLISM,Chondroitin sulfate dermatan sulfate metabolism,1,48,421,0.0024,0.0032,0.732,0.7504285559981767,0.9788800536728983,IDS,False
inflammation_only_down,Reactome,REACTOME_P75_NTR_RECEPTOR_MEDIATED_SIGNALLING,P75 ntr receptor mediated signalling,2,94,421,0.0048,0.0064,0.748,0.752186266880337,0.9793659128626119,"ARHGEF40, KALRN",False
inflammation_only_down,Reactome,REACTOME_RETROGRADE_TRANSPORT_AT_THE_TRANS_GOLGI_NETWORK,Retrograde transport at the trans golgi network,1,49,421,0.0024,0.0033,0.717,0.757553849496398,0.9826993862340747,VPS51,False
inflammation_only_down,Reactome,REACTOME_SYNTHESIS_OF_PIPS_AT_THE_PLASMA_MEMBRANE,Synthesis of pips at the plasma membrane,1,49,421,0.0024,0.0033,0.717,0.757553849496398,0.9826993862340747,PLEKHA6,False
inflammation_only_down,Reactome,REACTOME_AEROBIC_RESPIRATION_AND_RESPIRATORY_ELECTRON_TRANSPORT,Aerobic respiration and respiratory electron transport,5,222,421,0.0119,0.015,0.791,0.7612945063097403,0.9826993862340747,"PDK3, PDK2, ECSIT, TRAP1, GID8",False
inflammation_only_down,Reactome,REACTOME_EXTRACELLULAR_MATRIX_ORGANIZATION,Extracellular matrix organization,6,263,421,0.0143,0.0178,0.802,0.763221263858964,0.9826993862340747,"ICAM3, DST, TNR, FGG, FGB, ELN",False
inflammation_only_down,Reactome,REACTOME_HEPARAN_SULFATE_HEPARIN_HS_GAG_METABOLISM,Heparan sulfate heparin hs gag metabolism,1,50,421,0.0024,0.0034,0.703,0.7644761844819534,0.9826993862340747,IDS,False
inflammation_only_down,Reactome,REACTOME_SNRNP_ASSEMBLY,Snrnp assembly,1,50,421,0.0024,0.0034,0.703,0.7644761844819534,0.9826993862340747,SEH1L,False
inflammation_only_down,Reactome,REACTOME_TRANSCRIPTIONAL_ACTIVITY_OF_SMAD2_SMAD3_SMAD4_HETEROTRIMER,Transcriptional activity of smad2 smad3 smad4 heterotrimer,1,50,421,0.0024,0.0034,0.703,0.7644761844819534,0.9826993862340747,SMAD4,False
inflammation_only_down,Reactome,REACTOME_CELLULAR_RESPONSE_TO_STARVATION,Cellular response to starvation,3,141,421,0.0071,0.0095,0.748,0.7693347110032482,0.9841634368775084,"WDR59, SEH1L, RPS23",False
inflammation_only_down,Reactome,REACTOME_NUCLEAR_ENVELOPE_BREAKDOWN,Nuclear envelope breakdown,1,51,421,0.0024,0.0034,0.689,0.7712013286987942,0.9841634368775084,SEH1L,False
inflammation_only_down,Reactome,REACTOME_FORMATION_OF_TC_NER_PRE_INCISION_COMPLEX,Formation of tc ner pre incision complex,1,51,421,0.0024,0.0034,0.689,0.7712013286987942,0.9841634368775084,UVSSA,False
inflammation_only_down,Reactome,REACTOME_ER_TO_GOLGI_ANTEROGRADE_TRANSPORT,Er to golgi anterograde transport,3,142,421,0.0071,0.0096,0.742,0.7734565036115466,0.9841634368775084,"CAPZA3, SPTBN4, TUBB1",False
inflammation_only_down,Reactome,REACTOME_REGULATION_OF_ENDOGENOUS_RETROELEMENTS_BY_KRAB_ZFP_PROTEINS,Regulation of endogenous retroelements by krab zfp proteins,1,52,421,0.0024,0.0035,0.676,0.777734886361265,0.9841634368775084,MTA1,False
inflammation_only_down,Reactome,REACTOME_DEADENYLATION_DEPENDENT_MRNA_DECAY,Deadenylation dependent mrna decay,1,52,421,0.0024,0.0035,0.676,0.777734886361265,0.9841634368775084,XRN1,False
inflammation_only_down,Reactome,REACTOME_SUMOYLATION_OF_CHROMATIN_ORGANIZATION_PROTEINS,Sumoylation of chromatin organization proteins,1,52,421,0.0024,0.0035,0.676,0.777734886361265,0.9841634368775084,SEH1L,False
inflammation_only_down,Reactome,REACTOME_CELL_JUNCTION_ORGANIZATION,Cell junction organization,2,100,421,0.0048,0.0068,0.703,0.7820090550396905,0.9841634368775084,"DST, CLDN14",False
inflammation_only_down,Reactome,REACTOME_IRON_UPTAKE_AND_TRANSPORT,Iron uptake and transport,1,53,421,0.0024,0.0036,0.663,0.7840823027797907,0.9841634368775084,SLC46A1,False
inflammation_only_down,Reactome,REACTOME_TRNA_PROCESSING_IN_THE_NUCLEUS,Trna processing in the nucleus,1,53,421,0.0024,0.0036,0.663,0.7840823027797907,0.9841634368775084,SEH1L,False
inflammation_only_down,Reactome,REACTOME_TNF_SIGNALING,Tnf signaling,1,53,421,0.0024,0.0036,0.663,0.7840823027797907,0.9841634368775084,MIB2,False
inflammation_only_down,Reactome,REACTOME_COMPLEMENT_CASCADE,Complement cascade,1,53,421,0.0024,0.0036,0.663,0.7840823027797907,0.9841634368775084,PROS1,False
inflammation_only_down,Reactome,REACTOME_INTRA_GOLGI_AND_RETROGRADE_GOLGI_TO_ER_TRAFFIC,Intra golgi and retrograde golgi to er traffic,4,188,421,0.0095,0.0127,0.748,0.7866250642599646,0.9841634368775084,"CAPZA3, KIF25, VPS51, TUBB1",False
inflammation_only_down,Reactome,REACTOME_RESPIRATORY_SYNCYTIAL_VIRUS_INFECTION_PATHWAY,Respiratory syncytial virus infection pathway,2,101,421,0.0048,0.0068,0.696,0.786662246834086,0.9841634368775084,"CDK19, MED13",False
inflammation_only_down,Reactome,REACTOME_NEUREXINS_AND_NEUROLIGINS,Neurexins and neuroligins,1,54,421,0.0024,0.0037,0.651,0.7902488688560207,0.9841634368775084,NLGN4Y,False
inflammation_only_down,Reactome,REACTOME_TRANSCRIPTIONAL_REGULATION_BY_SMALL_RNAS,Transcriptional regulation by small rnas,1,54,421,0.0024,0.0037,0.651,0.7902488688560207,0.9841634368775084,SEH1L,False
inflammation_only_down,Reactome,REACTOME_ASSEMBLY_OF_COLLAGEN_FIBRILS_AND_OTHER_MULTIMERIC_STRUCTURES,Assembly of collagen fibrils and other multimeric structures,1,54,421,0.0024,0.0037,0.651,0.7902488688560207,0.9841634368775084,DST,False
inflammation_only_down,Reactome,REACTOME_SIGNALING_BY_THE_B_CELL_RECEPTOR_BCR,Signaling by the b cell receptor bcr,2,102,421,0.0048,0.0069,0.689,0.7912279486152018,0.9841634368775084,"NFATC3, BLK",False
inflammation_only_down,Reactome,REACTOME_DEATH_RECEPTOR_SIGNALING,Death receptor signaling,3,147,421,0.0071,0.0099,0.717,0.7931693731222753,0.9841634368775084,"MIB2, ARHGEF40, KALRN",False
inflammation_only_down,Reactome,REACTOME_AMYLOID_FIBER_FORMATION,Amyloid fiber formation,1,55,421,0.0024,0.0037,0.639,0.79623972545111,0.9841634368775084,TSPAN5,False
inflammation_only_down,Reactome,REACTOME_POSITIVE_EPIGENETIC_REGULATION_OF_RRNA_EXPRESSION,Positive epigenetic regulation of rrna expression,1,55,421,0.0024,0.0037,0.639,0.79623972545111,0.9841634368775084,MTA1,False
inflammation_only_down,Reactome,REACTOME_NUCLEAR_EVENTS_KINASE_AND_TRANSCRIPTION_FACTOR_ACTIVATION,Nuclear events kinase and transcription factor activation,1,55,421,0.0024,0.0037,0.639,0.79623972545111,0.9841634368775084,NAB1,False
inflammation_only_down,Reactome,REACTOME_ORGANELLE_BIOGENESIS_AND_MAINTENANCE,Organelle biogenesis and maintenance,6,275,421,0.0143,0.0186,0.767,0.798828735771096,0.9856403423912127,"PPARA, WDR19, TBL1XR1, CRTC2, PKD2, TUBB1",False
inflammation_only_down,Reactome,REACTOME_HEDGEHOG_OFF_STATE,Hedgehog off state,2,105,421,0.0048,0.0071,0.669,0.8044120960861582,0.9891148093330749,"WDR19, TUBB1",False
inflammation_only_down,Reactome,REACTOME_SCF_SKP2_MEDIATED_DEGRADATION_OF_P27_P21,Scf skp2 mediated degradation of p27 p21,1,57,421,0.0024,0.0039,0.616,0.8077141487901233,0.9891148093330749,SKP2,False
inflammation_only_down,Reactome,REACTOME_COMPLEX_I_BIOGENESIS,Complex i biogenesis,1,57,421,0.0024,0.0039,0.616,0.8077141487901233,0.9891148093330749,ECSIT,False
inflammation_only_down,Reactome,REACTOME_TRANSCRIPTIONAL_REGULATION_BY_RUNX2,Transcriptional regulation by runx2,2,106,421,0.0048,0.0072,0.663,0.8086398299781009,0.9891148093330749,"SKP2, SMAD4",False
inflammation_only_down,Reactome,REACTOME_SELENOAMINO_ACID_METABOLISM,Selenoamino acid metabolism,2,106,421,0.0048,0.0072,0.663,0.8086398299781009,0.9891148093330749,"AHCY, RPS23",False
inflammation_only_down,Reactome,REACTOME_MITOCHONDRIAL_PROTEIN_IMPORT,Mitochondrial protein import,1,58,421,0.0024,0.0039,0.606,0.8132072846630524,0.9929836791999621,DNAJC19,False
inflammation_only_down,Reactome,REACTOME_FORMATION_OF_PARAXIAL_MESODERM,Formation of paraxial mesoderm,1,59,421,0.0024,0.004,0.596,0.8185438572171279,0.9955143951055101,MAMLD1,False
inflammation_only_down,Reactome,REACTOME_EUKARYOTIC_TRANSLATION_INITIATION,Eukaryotic translation initiation,2,109,421,0.0048,0.0074,0.645,0.8208389056067986,0.9955143951055101,"EIF3L, RPS23",False
inflammation_only_down,Reactome,REACTOME_PROTEIN_LOCALIZATION,Protein localization,3,155,421,0.0071,0.0105,0.68,0.8217276262387049,0.9955143951055101,"PXMP2, AGXT, DNAJC19",False
inflammation_only_down,Reactome,REACTOME_RNA_POLYMERASE_I_TRANSCRIPTION,Rna polymerase i transcription,1,60,421,0.0024,0.0041,0.586,0.8237283184394957,0.9955143951055101,MTA1,False
inflammation_only_down,Reactome,REACTOME_CYTOSOLIC_SENSORS_OF_PATHOGEN_ASSOCIATED_DNA,Cytosolic sensors of pathogen associated dna,1,60,421,0.0024,0.0041,0.586,0.8237283184394957,0.9955143951055101,POLR3H,False
inflammation_only_down,Reactome,REACTOME_ASYMMETRIC_LOCALIZATION_OF_PCP_PROTEINS,Asymmetric localization of pcp proteins,1,60,421,0.0024,0.0041,0.586,0.8237283184394957,0.9955143951055101,FZD5,False
inflammation_only_down,Reactome,REACTOME_REGULATION_OF_PTEN_GENE_TRANSCRIPTION,Regulation of pten gene transcription,1,61,421,0.0024,0.0041,0.576,0.8287649940155084,0.9981888428772818,MTA1,False
inflammation_only_down,Reactome,REACTOME_SIGNALING_BY_FGFR2,Signaling by fgfr2,1,61,421,0.0024,0.0041,0.576,0.8287649940155084,0.9981888428772818,RBFOX2,False
inflammation_only_down,Reactome,REACTOME_PKR_MEDIATED_SIGNALING,Pkr mediated signaling,1,62,421,0.0024,0.0042,0.567,0.8336580869035468,0.9983858509217882,TUBB1,False
inflammation_only_down,Reactome,REACTOME_REGULATION_OF_RUNX2_EXPRESSION_AND_ACTIVITY,Regulation of runx2 expression and activity,1,63,421,0.0024,0.0043,0.558,0.8384116808088963,0.9983858509217882,SKP2,False
inflammation_only_down,Reactome,REACTOME_DUAL_INCISION_IN_TC_NER,Dual incision in tc ner,1,63,421,0.0024,0.0043,0.558,0.8384116808088963,0.9983858509217882,UVSSA,False
inflammation_only_down,Reactome,REACTOME_RNA_POLYMERASE_II_TRANSCRIPTION_TERMINATION,Rna polymerase ii transcription termination,1,63,421,0.0024,0.0043,0.558,0.8384116808088963,0.9983858509217882,SRSF5,False
inflammation_only_down,Reactome,REACTOME_PEROXISOMAL_PROTEIN_IMPORT,Peroxisomal protein import,1,63,421,0.0024,0.0043,0.558,0.8384116808088963,0.9983858509217882,AGXT,False
inflammation_only_down,Reactome,REACTOME_MEIOSIS,Meiosis,1,64,421,0.0024,0.0043,0.549,0.843029743559521,0.9983858509217882,SUN2,False
inflammation_only_down,Reactome,REACTOME_TRANSLOCATION_OF_SLC2A4_GLUT4_TO_THE_PLASMA_MEMBRANE,Translocation of slc2a4 glut4 to the plasma membrane,1,64,421,0.0024,0.0043,0.549,0.843029743559521,0.9983858509217882,TUBB1,False
inflammation_only_down,Reactome,REACTOME_SYNTHESIS_OF_DNA,Synthesis of dna,2,115,421,0.0048,0.0078,0.611,0.8431659004375909,0.9983858509217882,"SKP2, ORC2",False
inflammation_only_down,Reactome,REACTOME_RESOLUTION_OF_SISTER_CHROMATID_COHESION,Resolution of sister chromatid cohesion,2,115,421,0.0048,0.0078,0.611,0.8431659004375909,0.9983858509217882,"SEH1L, TUBB1",False
inflammation_only_down,Reactome,REACTOME_EXTRA_NUCLEAR_ESTROGEN_SIGNALING,Extra nuclear estrogen signaling,1,65,421,0.0024,0.0044,0.541,0.8475161303865028,0.9983858509217882,GNG7,False
inflammation_only_down,Reactome,REACTOME_METABOLISM_OF_WATER_SOLUBLE_VITAMINS_AND_COFACTORS,Metabolism of water soluble vitamins and cofactors,2,117,421,0.0048,0.0079,0.601,0.8500291434854707,0.9983858509217882,"FPGS, SLC46A1",False
inflammation_only_down,Reactome,REACTOME_THE_ROLE_OF_GTSE1_IN_G2_M_PROGRESSION_AFTER_G2_CHECKPOINT,The role of gtse1 in g2 m progression after g2 checkpoint,1,67,421,0.0024,0.0045,0.524,0.8561087532461227,0.9983858509217882,TUBB1,False
inflammation_only_down,Reactome,REACTOME_HDR_THROUGH_HOMOLOGOUS_RECOMBINATION_HRR,Hdr through homologous recombination hrr,1,67,421,0.0024,0.0045,0.524,0.8561087532461227,0.9983858509217882,RTEL1,False
inflammation_only_down,Reactome,REACTOME_ECM_PROTEOGLYCANS,Ecm proteoglycans,1,68,421,0.0024,0.0046,0.517,0.8602221649989155,0.9983858509217882,TNR,False
inflammation_only_down,Reactome,REACTOME_ANTI_INFLAMMATORY_RESPONSE_FAVOURING_LEISHMANIA_PARASITE_INFECTION,Anti inflammatory response favouring leishmania parasite infection,1,68,421,0.0024,0.0046,0.517,0.8602221649989155,0.9983858509217882,GNG7,False
inflammation_only_down,Reactome,REACTOME_TRANSPORT_TO_THE_GOLGI_AND_SUBSEQUENT_MODIFICATION,Transport to the golgi and subsequent modification,3,168,421,0.0071,0.0114,0.628,0.8609605072607655,0.9983858509217882,"CAPZA3, SPTBN4, TUBB1",False
inflammation_only_down,Reactome,REACTOME_CELLULAR_RESPONSE_TO_HYPOXIA,Cellular response to hypoxia,1,69,421,0.0024,0.0047,0.509,0.8642182582038224,0.9983858509217882,CITED2,False
inflammation_only_down,Reactome,REACTOME_APC_C_CDH1_MEDIATED_DEGRADATION_OF_CDC20_AND_OTHER_APC_C_CDH1_TARGETED_PROTEINS_IN_LATE_MITOSIS_EARLY_G1,Apc c cdh1 mediated degradation of cdc20 and other apc c cdh1 targeted proteins in late mitosis early g1,1,70,421,0.0024,0.0047,0.502,0.8681003711611187,0.9983858509217882,SKP2,False
inflammation_only_down,Reactome,REACTOME_TELOMERE_MAINTENANCE,Telomere maintenance,1,70,421,0.0024,0.0047,0.502,0.8681003711611187,0.9983858509217882,RTEL1,False
inflammation_only_down,Reactome,REACTOME_SUMOYLATION_OF_DNA_DAMAGE_RESPONSE_AND_REPAIR_PROTEINS,Sumoylation of dna damage response and repair proteins,1,71,421,0.0024,0.0048,0.495,0.871871747399992,0.9983858509217882,SEH1L,False
inflammation_only_down,Reactome,REACTOME_ISG15_ANTIVIRAL_MECHANISM,Isg15 antiviral mechanism,1,71,421,0.0024,0.0048,0.495,0.871871747399992,0.9983858509217882,SEH1L,False
inflammation_only_down,Reactome,REACTOME_RHOG_GTPASE_CYCLE,Rhog gtpase cycle,1,71,421,0.0024,0.0048,0.495,0.871871747399992,0.9983858509217882,KALRN,False
inflammation_only_down,Reactome,REACTOME_PLASMA_LIPOPROTEIN_ASSEMBLY_REMODELING_AND_CLEARANCE,Plasma lipoprotein assembly remodeling and clearance,1,71,421,0.0024,0.0048,0.495,0.871871747399992,0.9983858509217882,NR1H3,False
inflammation_only_down,Reactome,REACTOME_RHO_GTPASES_ACTIVATE_FORMINS,Rho gtpases activate formins,2,125,421,0.0048,0.0084,0.562,0.8748308984723427,0.9983858509217882,"SEH1L, TUBB1",False
inflammation_only_down,Reactome,REACTOME_FACTORS_INVOLVED_IN_MEGAKARYOCYTE_DEVELOPMENT_AND_PLATELET_PRODUCTION,Factors involved in megakaryocyte development and platelet production,2,125,421,0.0048,0.0084,0.562,0.8748308984723427,0.9983858509217882,"KIF25, TUBB1",False
inflammation_only_down,Reactome,REACTOME_REGULATION_OF_HSF1_MEDIATED_HEAT_SHOCK_RESPONSE,Regulation of hsf1 mediated heat shock response,1,73,421,0.0024,0.0049,0.481,0.8790948060131509,0.9983858509217882,SEH1L,False
inflammation_only_down,Reactome,REACTOME_RHOC_GTPASE_CYCLE,Rhoc gtpase cycle,1,73,421,0.0024,0.0049,0.481,0.8790948060131509,0.9983858509217882,ARHGEF40,False
inflammation_only_down,Reactome,REACTOME_RNA_POLYMERASE_II_TRANSCRIBES_SNRNA_GENES,Rna polymerase ii transcribes snrna genes,1,73,421,0.0024,0.0049,0.481,0.8790948060131509,0.9983858509217882,SNAPC4,False
inflammation_only_down,Reactome,REACTOME_DOWNSTREAM_SIGNALING_EVENTS_OF_B_CELL_RECEPTOR_BCR,Downstream signaling events of b cell receptor bcr,1,74,421,0.0024,0.005,0.475,0.8825525253711062,0.9983858509217882,NFATC3,False
inflammation_only_down,Reactome,REACTOME_CELL_CELL_JUNCTION_ORGANIZATION,Cell cell junction organization,1,75,421,0.0024,0.0051,0.469,0.885911586975642,0.9983858509217882,CLDN14,False
inflammation_only_down,Reactome,REACTOME_DNA_REPLICATION,Dna replication,2,130,421,0.0048,0.0088,0.541,0.8883558664246127,0.9983858509217882,"SKP2, ORC2",False
inflammation_only_down,Reactome,REACTOME_SIGNALING_BY_MET,Signaling by met,1,76,421,0.0024,0.0051,0.462,0.8891747992783293,0.9983858509217882,HPN,False
inflammation_only_down,Reactome,REACTOME_TRANSCRIPTION_COUPLED_NUCLEOTIDE_EXCISION_REPAIR_TC_NER,Transcription coupled nucleotide excision repair tc ner,1,76,421,0.0024,0.0051,0.462,0.8891747992783293,0.9983858509217882,UVSSA,False
inflammation_only_down,Reactome,REACTOME_GLUCOSE_METABOLISM,Glucose metabolism,1,76,421,0.0024,0.0051,0.462,0.8891747992783293,0.9983858509217882,SEH1L,False
inflammation_only_down,Reactome,REACTOME_RESPIRATORY_ELECTRON_TRANSPORT,Respiratory electron transport,2,131,421,0.0048,0.0089,0.536,0.8908931720455302,0.9983858509217882,"TRAP1, ECSIT",False
inflammation_only_down,Reactome,REACTOME_ANTIVIRAL_MECHANISM_BY_IFN_STIMULATED_GENES,Antiviral mechanism by ifn stimulated genes,2,134,421,0.0048,0.0091,0.524,0.898187744034742,0.9983858509217882,"SEH1L, TUBB1",False
inflammation_only_down,Reactome,REACTOME_INTERFERON_SIGNALING,Interferon signaling,4,231,421,0.0095,0.0156,0.608,0.8983269115791572,0.9983858509217882,"SEH1L, CAMK2A, CAMK2D, TUBB1",False
inflammation_only_down,Reactome,REACTOME_SIGNALING_BY_NOTCH4,Signaling by notch4,1,79,421,0.0024,0.0053,0.445,0.898416241961659,0.9983858509217882,MAMLD1,False
inflammation_only_down,Reactome,REACTOME_SELECTIVE_AUTOPHAGY,Selective autophagy,1,79,421,0.0024,0.0053,0.445,0.898416241961659,0.9983858509217882,TUBB1,False
inflammation_only_down,Reactome,REACTOME_METABOLISM_OF_VITAMINS_AND_COFACTORS,Metabolism of vitamins and cofactors,3,184,421,0.0071,0.0124,0.573,0.898707106982222,0.9983858509217882,"FPGS, COQ8A, SLC46A1",False
inflammation_only_down,Reactome,REACTOME_CILIUM_ASSEMBLY,Cilium assembly,3,184,421,0.0071,0.0124,0.573,0.898707106982222,0.9983858509217882,"WDR19, PKD2, TUBB1",False
inflammation_only_down,Reactome,REACTOME_DNA_DOUBLE_STRAND_BREAK_REPAIR,Dna double strand break repair,2,135,421,0.0048,0.0091,0.521,0.9005167227579967,0.9983858509217882,"RTEL1, EYA4",False
inflammation_only_down,Reactome,REACTOME_CELLULAR_RESPONSE_TO_CHEMICAL_STRESS,Cellular response to chemical stress,3,185,421,0.0071,0.0125,0.57,0.9007287876852416,0.9983858509217882,"TBL1XR1, PPARA, SKP2",False
inflammation_only_down,Reactome,REACTOME_DEUBIQUITINATION,Deubiquitination,4,233,421,0.0095,0.0157,0.603,0.9019671648702767,0.9983858509217882,"FOXO4, FKBP8, SKP2, SMAD4",False
inflammation_only_down,Reactome,REACTOME_REGULATION_OF_MRNA_STABILITY_BY_PROTEINS_THAT_BIND_AU_RICH_ELEMENTS,Regulation of mrna stability by proteins that bind au rich elements,1,81,421,0.0024,0.0055,0.434,0.9041459585361002,0.9983858509217882,XRN1,False
inflammation_only_down,Reactome,REACTOME_MAPK6_MAPK4_SIGNALING,Mapk6 mapk4 signaling,1,81,421,0.0024,0.0055,0.434,0.9041459585361002,0.9983858509217882,KALRN,False
inflammation_only_down,Reactome,REACTOME_CYCLIN_A_CDK2_ASSOCIATED_EVENTS_AT_S_PHASE_ENTRY,Cyclin a cdk2 associated events at s phase entry,1,81,421,0.0024,0.0055,0.434,0.9041459585361002,0.9983858509217882,SKP2,False
inflammation_only_down,Reactome,REACTOME_COLLAGEN_FORMATION,Collagen formation,1,81,421,0.0024,0.0055,0.434,0.9041459585361002,0.9983858509217882,DST,False
inflammation_only_down,Reactome,REACTOME_PROTEIN_PROTEIN_INTERACTIONS_AT_SYNAPSES,Protein protein interactions at synapses,1,82,421,0.0024,0.0055,0.429,0.9068887405286443,0.9983858509217882,NLGN4Y,False
inflammation_only_down,Reactome,REACTOME_RHOA_GTPASE_CYCLE,Rhoa gtpase cycle,2,139,421,0.0048,0.0094,0.506,0.909345046798053,0.9983858509217882,"ARHGEF40, KALRN",False
inflammation_only_down,Reactome,REACTOME_APC_C_MEDIATED_DEGRADATION_OF_CELL_CYCLE_PROTEINS,Apc c mediated degradation of cell cycle proteins,1,83,421,0.0024,0.0056,0.423,0.9095532212408141,0.9983858509217882,SKP2,False
inflammation_only_down,Reactome,REACTOME_MITOTIC_G1_PHASE_AND_G1_S_TRANSITION,Mitotic g1 phase and g1 s transition,2,140,421,0.0048,0.0095,0.502,0.9114348001284158,0.9983858509217882,"SKP2, ORC2",False
inflammation_only_down,Reactome,REACTOME_SIGNALING_BY_HEDGEHOG,Signaling by hedgehog,2,140,421,0.0048,0.0095,0.502,0.9114348001284158,0.9983858509217882,"WDR19, TUBB1",False
inflammation_only_down,Reactome,REACTOME_HATS_ACETYLATE_HISTONES,Hats acetylate histones,1,84,421,0.0024,0.0057,0.418,0.9121416308565857,0.9983858509217882,SGF29,False
inflammation_only_down,Reactome,REACTOME_RECRUITMENT_OF_NUMA_TO_MITOTIC_CENTROSOMES,Recruitment of numa to mitotic centrosomes,1,84,421,0.0024,0.0057,0.418,0.9121416308565857,0.9983858509217882,TUBB1,False
inflammation_only_down,Reactome,REACTOME_SARS_COV_INFECTIONS,Sars cov infections,7,376,421,0.0166,0.0254,0.654,0.9141220920615022,0.9983858509217882,"FXYD6, MTA1, ST3GAL3, RPS23, SMAD4, SEH1L, ST3GAL1",False
inflammation_only_down,Reactome,REACTOME_REGULATION_OF_ENDOGENOUS_RETROELEMENTS,Regulation of endogenous retroelements,1,85,421,0.0024,0.0057,0.413,0.9146561361869309,0.9983858509217882,MTA1,False
inflammation_only_down,Reactome,REACTOME_PCP_CE_PATHWAY,Pcp ce pathway,1,86,421,0.0024,0.0058,0.409,0.9170988424664402,0.9983858509217882,FZD5,False
inflammation_only_down,Reactome,REACTOME_MITOCHONDRIAL_PROTEIN_DEGRADATION,Mitochondrial protein degradation,1,87,421,0.0024,0.0059,0.404,0.9194717950991319,0.9983858509217882,CLPP,False
inflammation_only_down,Reactome,REACTOME_SIGNALING_BY_TGFB_FAMILY_MEMBERS,Signaling by tgfb family members,2,145,421,0.0048,0.0098,0.485,0.92122354550715,0.9983858509217882,"MTMR4, SMAD4",False
inflammation_only_down,Reactome,REACTOME_INFLUENZA_INFECTION,Influenza infection,2,145,421,0.0048,0.0098,0.485,0.92122354550715,0.9983858509217882,"SEH1L, RPS23",False
inflammation_only_down,Reactome,REACTOME_SIGNALING_BY_ALK_IN_CANCER,Signaling by alk in cancer,1,88,421,0.0024,0.0059,0.399,0.9217769813548785,0.9983858509217882,IRS1,False
inflammation_only_down,Reactome,REACTOME_MRNA_SPLICING,Mrna splicing,3,200,421,0.0071,0.0135,0.527,0.9269804172368297,0.9983858509217882,"DHX35, SRRM2, SRSF5",False
inflammation_only_down,Reactome,REACTOME_CLEC7A_DECTIN_1_SIGNALING,Clec7a dectin 1 signaling,1,91,421,0.0024,0.0062,0.386,0.928304976839081,0.9983858509217882,NFATC3,False
inflammation_only_down,Reactome,REACTOME_RESPONSE_OF_EIF2AK4_GCN2_TO_AMINO_ACID_DEFICIENCY,Response of eif2ak4 gcn2 to amino acid deficiency,1,92,421,0.0024,0.0062,0.382,0.9303578643280797,0.9983858509217882,RPS23,False
inflammation_only_down,Reactome,REACTOME_TRANSPORT_OF_INORGANIC_CATIONS_ANIONS_AND_AMINO_ACIDS_OLIGOPEPTIDES,Transport of inorganic cations anions and amino acids oligopeptides,1,92,421,0.0024,0.0062,0.382,0.9303578643280797,0.9983858509217882,SLC12A5,False
inflammation_only_down,Reactome,REACTOME_INTERLEUKIN_4_AND_INTERLEUKIN_13_SIGNALING,Interleukin 4 and interleukin 13 signaling,1,93,421,0.0024,0.0063,0.378,0.9323521058678619,0.9983858509217882,CEBPD,False
inflammation_only_down,Reactome,REACTOME_CHROMOSOME_MAINTENANCE,Chromosome maintenance,1,94,421,0.0024,0.0064,0.374,0.9342893729537493,0.9983858509217882,RTEL1,False
inflammation_only_down,Reactome,REACTOME_S_PHASE,S phase,2,156,421,0.0048,0.0105,0.451,0.9392917307004058,0.9983858509217882,"SKP2, ORC2",False
inflammation_only_down,Reactome,REACTOME_ESTROGEN_DEPENDENT_GENE_EXPRESSION,Estrogen dependent gene expression,1,97,421,0.0024,0.0066,0.362,0.9397753375494524,0.9983858509217882,USF2,False
inflammation_only_down,Reactome,REACTOME_DISORDERS_OF_TRANSMEMBRANE_TRANSPORTERS,Disorders of transmembrane transporters,2,157,421,0.0048,0.0106,0.448,0.9407236150045095,0.9983858509217882,"SEH1L, SLC16A1",False
inflammation_only_down,Reactome,REACTOME_SLC_MEDIATED_TRANSMEMBRANE_TRANSPORT,Slc mediated transmembrane transport,3,210,421,0.0071,0.0142,0.502,0.9407730610511028,0.9983858509217882,"RHBG, SLC12A5, SLC16A1",False
inflammation_only_down,Reactome,REACTOME_ESR_MEDIATED_SIGNALING,Esr mediated signaling,2,158,421,0.0048,0.0107,0.445,0.9421234260614076,0.9983858509217882,"GNG7, USF2",False
inflammation_only_down,Reactome,REACTOME_TRNA_PROCESSING,Trna processing,1,100,421,0.0024,0.0068,0.351,0.9448042936750372,0.9983858509217882,SEH1L,False
inflammation_only_down,Reactome,REACTOME_SIGNALING_BY_VEGF,Signaling by vegf,1,100,421,0.0024,0.0068,0.351,0.9448042936750372,0.9983858509217882,PTK2B,False
inflammation_only_down,Reactome,REACTOME_PROCESSING_OF_CAPPED_INTRON_CONTAINING_PRE_MRNA,Processing of capped intron containing pre mrna,4,266,421,0.0095,0.018,0.528,0.9474292201186216,0.9983858509217882,"DHX35, SEH1L, SRRM2, SRSF5",False
inflammation_only_down,Reactome,REACTOME_SARS_COV_2_INFECTION,Sars cov 2 infection,4,266,421,0.0095,0.018,0.528,0.9474292201186216,0.9983858509217882,"SEH1L, ST3GAL3, RPS23, ST3GAL1",False
inflammation_only_down,Reactome,REACTOME_FATTY_ACID_METABOLISM,Fatty acid metabolism,2,163,421,0.0048,0.011,0.431,0.9486640882744031,0.9983858509217882,"CYP1A1, PTGR2",False
inflammation_only_down,Reactome,REACTOME_NONSENSE_MEDIATED_DECAY_NMD,Nonsense mediated decay nmd,1,103,421,0.0024,0.007,0.341,0.94941422937283,0.9983858509217882,RPS23,False
inflammation_only_down,Reactome,REACTOME_MYD88_INDEPENDENT_TLR4_CASCADE,Myd88 independent tlr4 cascade,1,103,421,0.0024,0.007,0.341,0.94941422937283,0.9983858509217882,MAP2K1,False
inflammation_only_down,Reactome,REACTOME_SARS_COV_2_ACTIVATES_MODULATES_INNATE_AND_ADAPTIVE_IMMUNE_RESPONSES,Sars cov 2 activates modulates innate and adaptive immune responses,1,103,421,0.0024,0.007,0.341,0.94941422937283,0.9983858509217882,SEH1L,False
inflammation_only_down,Reactome,REACTOME_SRP_DEPENDENT_COTRANSLATIONAL_PROTEIN_TARGETING_TO_MEMBRANE,Srp dependent cotranslational protein targeting to membrane,1,104,421,0.0024,0.007,0.338,0.950863865846456,0.9983858509217882,RPS23,False
inflammation_only_down,Reactome,REACTOME_NUCLEOTIDE_EXCISION_REPAIR,Nucleotide excision repair,1,105,421,0.0024,0.0071,0.335,0.952272055940305,0.9983858509217882,UVSSA,False
inflammation_only_down,Reactome,REACTOME_DNA_REPLICATION_PRE_INITIATION,Dna replication pre initiation,1,105,421,0.0024,0.0071,0.335,0.952272055940305,0.9983858509217882,ORC2,False
inflammation_only_down,Reactome,REACTOME_APOPTOSIS,Apoptosis,2,167,421,0.0048,0.0113,0.421,0.9533836189609142,0.9983858509217882,"DFFB, GAS2",False
inflammation_only_down,Reactome,REACTOME_MITOTIC_SPINDLE_CHECKPOINT,Mitotic spindle checkpoint,1,106,421,0.0024,0.0072,0.332,0.9536399819018497,0.9983858509217882,SEH1L,False
inflammation_only_down,Reactome,REACTOME_HOMOLOGY_DIRECTED_REPAIR,Homology directed repair,1,106,421,0.0024,0.0072,0.332,0.9536399819018497,0.9983858509217882,RTEL1,False
inflammation_only_down,Reactome,REACTOME_IMMUNOREGULATORY_INTERACTIONS_BETWEEN_A_LYMPHOID_AND_A_NON_LYMPHOID_CELL,Immunoregulatory interactions between a lymphoid and a non lymphoid cell,1,108,421,0.0024,0.0073,0.325,0.9562596031476118,0.9983858509217882,ICAM3,False
inflammation_only_down,Reactome,REACTOME_SARS_COV_2_HOST_INTERACTIONS,Sars cov 2 host interactions,2,174,421,0.0048,0.0118,0.404,0.9606630239799522,0.9983858509217882,"SEH1L, RPS23",False
inflammation_only_down,Reactome,REACTOME_SEPARATION_OF_SISTER_CHROMATIDS,Separation of sister chromatids,2,175,421,0.0048,0.0118,0.402,0.9616095979438364,0.9983858509217882,"SEH1L, TUBB1",False
inflammation_only_down,Reactome,REACTOME_DEGRADATION_OF_THE_EXTRACELLULAR_MATRIX,Degradation of the extracellular matrix,1,114,421,0.0024,0.0077,0.308,0.9632650767211896,0.9983858509217882,ELN,False
inflammation_only_down,Reactome,REACTOME_DNA_REPAIR,Dna repair,4,285,421,0.0095,0.0193,0.493,0.9638822072541982,0.9983858509217882,"FAN1, RTEL1, UVSSA, EYA4",False
inflammation_only_down,Reactome,REACTOME_RAB_REGULATION_OF_TRAFFICKING,Rab regulation of trafficking,1,116,421,0.0024,0.0078,0.303,0.9653419367081233,0.9983858509217882,TBC1D2,False
inflammation_only_down,Reactome,REACTOME_KEAP1_NFE2L2_PATHWAY,Keap1 nfe2l2 pathway,1,117,421,0.0024,0.0079,0.3,0.9663360125117668,0.9983858509217882,SKP2,False
inflammation_only_down,Reactome,REACTOME_FC_EPSILON_RECEPTOR_FCERI_SIGNALING,Fc epsilon receptor fceri signaling,1,123,421,0.0024,0.0083,0.286,0.9717307165405328,0.9983858509217882,NFATC3,False
inflammation_only_down,Reactome,REACTOME_MITOTIC_PROMETAPHASE,Mitotic prometaphase,2,188,421,0.0048,0.0127,0.374,0.9720903254414719,0.9983858509217882,"SEH1L, TUBB1",False
inflammation_only_down,Reactome,REACTOME_HOST_INTERACTIONS_OF_HIV_FACTORS,Host interactions of hiv factors,1,124,421,0.0024,0.0084,0.283,0.9725419337947374,0.9983858509217882,SEH1L,False
inflammation_only_down,Reactome,REACTOME_EPIGENETIC_REGULATION_OF_GENE_EXPRESSION,Epigenetic regulation of gene expression,2,194,421,0.0048,0.0131,0.362,0.9759406504737949,0.9983858509217882,"SGF29, MTA1",False
inflammation_only_down,Reactome,REACTOME_PROGRAMMED_CELL_DEATH,Programmed cell death,2,197,421,0.0048,0.0133,0.357,0.9776682393253011,0.9983858509217882,"DFFB, GAS2",False
inflammation_only_down,Reactome,REACTOME_G2_M_CHECKPOINTS,G2 m checkpoints,1,134,421,0.0024,0.0091,0.262,0.9794801918512006,0.9983858509217882,ORC2,False
inflammation_only_down,Reactome,REACTOME_CLATHRIN_MEDIATED_ENDOCYTOSIS,Clathrin mediated endocytosis,1,134,421,0.0024,0.0091,0.262,0.9794801918512006,0.9983858509217882,DNM1,False
inflammation_only_down,Reactome,REACTOME_PTEN_REGULATION,Pten regulation,1,135,421,0.0024,0.0091,0.26,0.9800694714712991,0.9983858509217882,MTA1,False
inflammation_only_down,Reactome,REACTOME_RHO_GTPASE_CYCLE,Rho gtpase cycle,6,418,421,0.0143,0.0283,0.504,0.980855146337756,0.9983858509217882,"DST, RALGAPA1, ARHGEF40, GRB7, PTK2B, KALRN",False
inflammation_only_down,Reactome,REACTOME_TRANSLATION,Translation,3,268,421,0.0071,0.0181,0.393,0.9834357289234966,0.9983858509217882,"EEF2, EIF3L, RPS23",False
inflammation_only_down,Reactome,REACTOME_NEUTROPHIL_DEGRANULATION,Neutrophil degranulation,6,428,421,0.0143,0.0289,0.493,0.9841202635198065,0.9983858509217882,"CTSH, CXCR2, DSC1, UBR4, RAB37, EEF2",False
inflammation_only_down,Reactome,REACTOME_HIV_LIFE_CYCLE,Hiv life cycle,1,144,421,0.0024,0.0097,0.244,0.9846683442049015,0.9983858509217882,SEH1L,False
inflammation_only_down,Reactome,REACTOME_AUTOPHAGY,Autophagy,1,145,421,0.0024,0.0098,0.242,0.9851089330847469,0.9983858509217882,TUBB1,False
inflammation_only_down,Reactome,REACTOME_LEISHMANIA_INFECTION,Leishmania infection,1,147,421,0.0024,0.0099,0.239,0.985952575941984,0.9983858509217882,GNG7,False
inflammation_only_down,Reactome,REACTOME_MITOTIC_METAPHASE_AND_ANAPHASE,Mitotic metaphase and anaphase,2,218,421,0.0048,0.0147,0.322,0.9868105533251637,0.9983858509217882,"SEH1L, TUBB1",False
inflammation_only_down,Reactome,REACTOME_REGULATION_OF_EXPRESSION_OF_SLITS_AND_ROBOS,Regulation of expression of slits and robos,1,155,421,0.0024,0.0105,0.227,0.9888764068105645,0.9983858509217882,RPS23,False
inflammation_only_down,Reactome,REACTOME_TRANSCRIPTIONAL_REGULATION_BY_RUNX1,Transcriptional regulation by runx1,1,169,421,0.0024,0.0114,0.208,0.9926082972088195,0.9983858509217882,BLK,False
inflammation_only_down,Reactome,REACTOME_RAC1_GTPASE_CYCLE,Rac1 gtpase cycle,1,173,421,0.0024,0.0117,0.203,0.9934234463101845,0.9983858509217882,KALRN,False
inflammation_only_down,Reactome,REACTOME_RHO_GTPASE_EFFECTORS,Rho gtpase effectors,2,250,421,0.0048,0.0169,0.281,0.9941745153562221,0.9983858509217882,"SEH1L, TUBB1",False
inflammation_only_down,Reactome,REACTOME_CELL_CYCLE_CHECKPOINTS,Cell cycle checkpoints,2,252,421,0.0048,0.017,0.279,0.9944674651103923,0.9983858509217882,"SEH1L, ORC2",False
inflammation_only_down,Reactome,REACTOME_MITOTIC_G2_G2_M_PHASES,Mitotic g2 g2 m phases,1,179,421,0.0024,0.0121,0.196,0.9944810970054807,0.9983858509217882,TUBB1,False
inflammation_only_down,Reactome,REACTOME_RRNA_PROCESSING,Rrna processing,1,187,421,0.0024,0.0126,0.188,0.9956320674536994,0.9983858509217882,RPS23,False
inflammation_only_down,Reactome,REACTOME_SIGNALING_BY_ROBO_RECEPTORS,Signaling by robo receptors,1,198,421,0.0024,0.0134,0.177,0.9968339661175305,0.9983858509217882,RPS23,False
inflammation_only_down,Reactome,REACTOME_M_PHASE,M phase,3,343,421,0.0071,0.0232,0.307,0.9971547229429886,0.9983858509217882,"PHF8, SEH1L, TUBB1",False
inflammation_only_down,Reactome,REACTOME_CELL_CYCLE_MITOTIC,Cell cycle mitotic,5,479,421,0.0119,0.0324,0.367,0.9981046798227671,0.9983858509217882,"PHF8, ORC2, TUBB1, SEH1L, SKP2",False
inflammation_only_down,Reactome,REACTOME_HIV_INFECTION,Hiv infection,1,221,421,0.0024,0.0149,0.159,0.9983858509217882,0.9983858509217882,SEH1L,False
