group,database,term,term_label,overlap,set_size,n_group_genes,gene_ratio,bg_ratio,fold_enrichment,p_value,q_value,genes,significant
shared_down,Reactome,REACTOME_METABOLISM_OF_AMINO_ACIDS_AND_DERIVATIVES,Metabolism of amino acids and derivatives,31,326,330,0.0939,0.022,4.263,9.61753164672339e-12,6.3571884184841605e-09,"ALDH6A1, ASPG, ASL, KYNU, GCAT, GRHPR, CBS, PPM1K, HIBADH, DMGDH, GPT, MPST, AMDHD1, HAAO, GLS2, ACMSD, AADAT, ARG1, GNMT, ASPA, NAGS, HAL, MAT1A, OAT, BCKDHB, ACADSB, ADI1, AGXT2, PIPOX, AASS, ALDH7A1",True
shared_down,Reactome,REACTOME_RESPONSE_TO_METAL_IONS,Response to metal ions,6,10,330,0.0182,0.0007,26.898,2.293303232147418e-08,7.579367182247216e-06,"MT1E, MT1F, MT1X, MT1G, MT2A, MT1M",True
shared_down,Reactome,REACTOME_DRUG_ADME,Drug adme,11,89,330,0.0333,0.006,5.541,4.459376132111767e-06,0.0009825492077752927,"CYP2C19, BCHE, CYP2E1, ABCG2, PCK1, GLYATL3, SLCO1A2, PON3, UGT2A1, GLYAT, SULT1E1",True
shared_down,Reactome,REACTOME_LYSINE_CATABOLISM,Lysine catabolism,4,10,330,0.0121,0.0007,17.932,4.590996543209477e-05,0.007586621787653661,"AADAT, ALDH7A1, PIPOX, AASS",True
shared_down,Reactome,REACTOME_ASPIRIN_ADME,Aspirin adme,6,33,330,0.0182,0.0022,8.151,7.838892742538484e-05,0.008950496828506634,"CYP2C19, BCHE, CYP2E1, GLYATL3, UGT2A1, GLYAT",True
shared_down,Reactome,REACTOME_BRANCHED_CHAIN_AMINO_ACID_CATABOLISM,Branched chain amino acid catabolism,5,21,330,0.0152,0.0014,10.674,8.124505441912224e-05,0.008950496828506634,"ALDH6A1, BCKDHB, PPM1K, HIBADH, ACADSB",True
shared_down,Reactome,REACTOME_COMPLEMENT_CASCADE,Complement cascade,7,53,330,0.0212,0.0036,5.921,0.00016463582689039724,0.014974040490532772,"C8A, MASP2, CFHR2, CFHR5, CFP, C8B, CPB2",True
shared_down,Reactome,REACTOME_BIOLOGICAL_OXIDATIONS,Biological oxidations,13,178,330,0.0394,0.012,3.274,0.00018181973805939352,0.014974040490532772,"ADH6, CYP2C19, CYP2E1, MAT1A, SULT1A2, GLYATL3, CYP4A11, CYP1A2, MAOA, UGT2A1, GLYAT, ADH1B, SULT1E1",True
shared_down,Reactome,REACTOME_TRYPTOPHAN_CATABOLISM,Tryptophan catabolism,4,14,330,0.0121,0.0009,12.809,0.00020388254828259447,0.014974040490532772,"AADAT, KYNU, ACMSD, HAAO",True
shared_down,Reactome,REACTOME_PEROXISOMAL_PROTEIN_IMPORT,Peroxisomal protein import,7,63,330,0.0212,0.0043,4.981,0.0004885619926771943,0.03229394771596254,"ACOX2, HAO2, UBB, PIPOX, BAAT, EPHX2, DHRS4",True
shared_down,Reactome,REACTOME_RETINOID_CYCLE_DISEASE_EVENTS,Retinoid cycle disease events,3,10,330,0.0091,0.0007,13.449,0.001174713462110698,0.06960863054531487,"NAPEPLD, RBP4, TTR",False
shared_down,Reactome,REACTOME_NEURONAL_SYSTEM,Neuronal system,17,331,330,0.0515,0.0224,2.302,0.0012636967723809052,0.06960863054531487,"IL1RAP, BCHE, PRKAG2, HOMER2, PTPRD, KCNN2, GLS2, SLC6A13, EPB41L5, SLITRK3, KCNK3, KCNMA1, MAOA, NAAA, ABAT, PRKAA1, ABCC9",False
shared_down,Reactome,REACTOME_METABOLISM_OF_VITAMINS_AND_COFACTORS,Metabolism of vitamins and cofactors,11,184,330,0.0333,0.0124,2.68,0.0028406317233372522,0.13013058875432995,"MMUT, GCHFR, ENPP1, SDC2, TTR, SLC19A2, TTPA, AOX1, RBP4, NT5E, MOCS1",False
shared_down,Reactome,REACTOME_SULFUR_AMINO_ACID_METABOLISM,Sulfur amino acid metabolism,4,27,330,0.0121,0.0018,6.642,0.0028440723868080886,0.13013058875432995,"MPST, CBS, MAT1A, ADI1",False
shared_down,Reactome,REACTOME_PHASE_II_CONJUGATION_OF_COMPOUNDS,Phase ii conjugation of compounds,7,86,330,0.0212,0.0058,3.649,0.003070666781679325,0.13013058875432995,"MAT1A, GLYATL3, CYP1A2, UGT2A1, GLYAT, SULT1A2, SULT1E1",False
shared_down,Reactome,REACTOME_NEUROTRANSMITTER_RELEASE_CYCLE,Neurotransmitter release cycle,5,45,330,0.0152,0.003,4.981,0.0031499083510881684,0.13013058875432995,"GLS2, SLC6A13, MAOA, NAAA, ABAT",False
shared_down,Reactome,REACTOME_PHASE_I_FUNCTIONALIZATION_OF_COMPOUNDS,Phase i functionalization of compounds,7,88,330,0.0212,0.0059,3.566,0.0034938023241336096,0.13295848620929154,"ADH6, CYP2C19, CYP2E1, CYP1A2, MAOA, CYP4A11, ADH1B",False
shared_down,Reactome,REACTOME_FATTY_ACID_METABOLISM,Fatty acid metabolism,10,163,330,0.0303,0.011,2.75,0.0036206546925374398,0.13295848620929154,"ACOX2, CYP2C19, PRKAG2, MMUT, HAO2, CYP1A2, ACSM3, PON3, CYP4A11, EPHX2",False
shared_down,Reactome,REACTOME_GLYOXYLATE_METABOLISM_AND_GLYCINE_DEGRADATION,Glyoxylate metabolism and glycine degradation,3,15,330,0.0091,0.001,8.966,0.004100281740501385,0.14264664370902186,"GNMT, AGXT2, GRHPR",False
shared_down,Reactome,REACTOME_RECYCLING_OF_BILE_ACIDS_AND_SALTS,Recycling of bile acids and salts,3,16,330,0.0091,0.0011,8.406,0.0049639238165485105,0.15182363527231504,"BAAT, SLCO1A2, SLC27A5",False
shared_down,Reactome,REACTOME_PLASMA_LIPOPROTEIN_ASSEMBLY_REMODELING_AND_CLEARANCE,Plasma lipoprotein assembly remodeling and clearance,6,71,330,0.0182,0.0048,3.788,0.0049939401572056275,0.15182363527231504,"LPA, APOF, UBB, LCAT, CETP, SOAT2",False
shared_down,Reactome,REACTOME_PLASMA_LIPOPROTEIN_REMODELING,Plasma lipoprotein remodeling,4,32,330,0.0121,0.0022,5.604,0.0053402499610341915,0.15182363527231504,"APOF, LCAT, CETP, LPA",False
shared_down,Reactome,REACTOME_ARACHIDONIC_ACID_METABOLISM,Arachidonic acid metabolism,5,51,330,0.0152,0.0034,4.395,0.005434026299667973,0.15182363527231504,"CYP2C19, CYP1A2, PON3, CYP4A11, EPHX2",False
shared_down,Reactome,REACTOME_BIOSYNTHESIS_OF_SPECIALIZED_PRORESOLVING_MEDIATORS_SPMS,Biosynthesis of specialized proresolving mediators spms,3,17,330,0.0091,0.0011,7.911,0.005929103070726111,0.15182363527231504,"CYP1A2, EPHX2, CYP2E1",False
shared_down,Reactome,REACTOME_THE_CANONICAL_RETINOID_CYCLE_IN_RODS_TWILIGHT_VISION,The canonical retinoid cycle in rods twilight vision,3,17,330,0.0091,0.0011,7.911,0.005929103070726111,0.15182363527231504,"NAPEPLD, RBP4, TTR",False
shared_down,Reactome,REACTOME_FORMATION_OF_FIBRIN_CLOT_CLOTTING_CASCADE,Formation of fibrin clot clotting cascade,4,33,330,0.0121,0.0022,5.434,0.00597188277924386,0.15182363527231504,"TFPI, F11, SERPINC1, KLKB1",False
shared_down,Reactome,REACTOME_RECEPTOR_TYPE_TYROSINE_PROTEIN_PHOSPHATASES,Receptor type tyrosine protein phosphatases,3,18,330,0.0091,0.0012,7.472,0.0069987666640974645,0.17134017648031202,"PTPRD, IL1RAP, SLITRK3",False
shared_down,Reactome,REACTOME_PARACETAMOL_ADME,Paracetamol adme,3,21,330,0.0091,0.0014,6.404,0.01085892161744532,0.23925823963771187,"ABCG2, CYP2E1, SULT1E1",False
shared_down,Reactome,REACTOME_XENOBIOTICS,Xenobiotics,3,21,330,0.0091,0.0014,6.404,0.01085892161744532,0.23925823963771187,"CYP2C19, CYP1A2, CYP2E1",False
shared_down,Reactome,REACTOME_INTRINSIC_PATHWAY_OF_FIBRIN_CLOT_FORMATION,Intrinsic pathway of fibrin clot formation,3,21,330,0.0091,0.0014,6.404,0.01085892161744532,0.23925823963771187,"F11, SERPINC1, KLKB1",False
shared_down,Reactome,REACTOME_METABOLISM_OF_CARBOHYDRATES,Metabolism of carbohydrates,12,254,330,0.0364,0.0172,2.118,0.01184571043222651,0.2525811159903782,"PGM1, ST3GAL6, HS3ST3A1, UBB, PCK2, PCK1, XYLB, CRYL1, SORD, PFKFB1, LYVE1, SDC2",False
shared_down,Reactome,REACTOME_BILE_ACID_AND_BILE_SALT_METABOLISM,Bile acid and bile salt metabolism,4,42,330,0.0121,0.0028,4.27,0.013973418201275529,0.28029725616783785,"BAAT, ACOX2, SLCO1A2, SLC27A5",False
shared_down,Reactome,REACTOME_SYNTHESIS_OF_BILE_ACIDS_AND_BILE_SALTS_VIA_7ALPHA_HYDROXYCHOLESTEROL,Synthesis of bile acids and bile salts via 7alpha hydroxycholesterol,3,23,330,0.0091,0.0016,5.847,0.013993660292796747,0.28029725616783785,"BAAT, ACOX2, SLC27A5",False
shared_down,Reactome,REACTOME_METABOLISM_OF_FAT_SOLUBLE_VITAMINS,Metabolism of fat soluble vitamins,4,44,330,0.0121,0.003,4.075,0.016371820467944387,0.31828745086209526,"SDC2, TTPA, RBP4, TTR",False
shared_down,Reactome,REACTOME_SENSORY_PROCESSING_OF_SOUND_BY_OUTER_HAIR_CELLS_OF_THE_COCHLEA,Sensory processing of sound by outer hair cells of the cochlea,4,46,330,0.0121,0.0031,3.898,0.01901329610677346,0.35907967790220735,"ESPNL, KCNN2, CDH23, KCNMA1",False
shared_down,Reactome,REACTOME_REVERSIBLE_HYDRATION_OF_CARBON_DIOXIDE,Reversible hydration of carbon dioxide,2,10,330,0.0061,0.0007,8.966,0.01983223497676301,0.36414186999000975,"CA14, CA2",False
shared_down,Reactome,REACTOME_SENSORY_PERCEPTION,Sensory perception,9,183,330,0.0273,0.0124,2.205,0.02174692956947183,0.3885059579843481,"KCNN2, CDH23, TTR, RBP4, KCNMA1, TAS1R1, ESPNL, NAPEPLD, SDC2",False
shared_down,Reactome,REACTOME_ETHANOL_OXIDATION,Ethanol oxidation,2,11,330,0.0061,0.0007,8.151,0.023886364531474025,0.3947221738826083,"ADH6, ADH1B",False
shared_down,Reactome,REACTOME_Z_DECAY_DEGRADATION_OF_MATERNAL_MRNAS_BY_ZYGOTICALLY_EXPRESSED_FACTORS,Z decay degradation of maternal mrnas by zygotically expressed factors,2,11,330,0.0061,0.0007,8.151,0.023886364531474025,0.3947221738826083,"TUT7, EIF4B",False
shared_down,Reactome,REACTOME_PYRIMIDINE_CATABOLISM,Pyrimidine catabolism,2,11,330,0.0061,0.0007,8.151,0.023886364531474025,0.3947221738826083,"AGXT2, NT5E",False
shared_down,Reactome,REACTOME_SIGNALING_BY_ERBB4,Signaling by erbb4,4,51,330,0.0121,0.0034,3.516,0.026718634798981705,0.4307565268811441,"ITCH, ERBB3, WWP1, UBB",False
shared_down,Reactome,REACTOME_METHYLATION,Methylation,2,12,330,0.0061,0.0008,7.472,0.02824696028231502,0.43738418268970347,"CYP1A2, MAT1A",False
shared_down,Reactome,REACTOME_CYTOCHROME_P450_ARRANGED_BY_SUBSTRATE_TYPE,Cytochrome p450 arranged by substrate type,4,52,330,0.0121,0.0035,3.448,0.02845313140038918,0.43738418268970347,"CYP2C19, CYP1A2, CYP2E1, CYP4A11",False
shared_down,Reactome,REACTOME_DOWNREGULATION_OF_ERBB2_ERBB3_SIGNALING,Downregulation of erbb2 erbb3 signaling,2,13,330,0.0061,0.0009,6.897,0.03289841974647824,0.47273598809613293,"ERBB3, UBB",False
shared_down,Reactome,REACTOME_GLUTAMATE_AND_GLUTAMINE_METABOLISM,Glutamate and glutamine metabolism,2,13,330,0.0061,0.0009,6.897,0.03289841974647824,0.47273598809613293,"OAT, GLS2",False
shared_down,Reactome,REACTOME_HEME_DEGRADATION,Heme degradation,2,13,330,0.0061,0.0009,6.897,0.03289841974647824,0.47273598809613293,"BLVRB, ABCG2",False
shared_down,Reactome,REACTOME_RIPK1_MEDIATED_REGULATED_NECROSIS,Ripk1 mediated regulated necrosis,3,32,330,0.0091,0.0022,4.203,0.03385451192559428,0.4753384886585475,"ITCH, UBB, TNFSF10",False
shared_down,Reactome,REACTOME_PROTEIN_PROTEIN_INTERACTIONS_AT_SYNAPSES,Protein protein interactions at synapses,5,82,330,0.0152,0.0055,2.734,0.03628004883314061,0.4753384886585475,"IL1RAP, HOMER2, PTPRD, EPB41L5, SLITRK3",False
shared_down,Reactome,REACTOME_SYNTHESIS_OF_BILE_ACIDS_AND_BILE_SALTS,Synthesis of bile acids and bile salts,3,33,330,0.0091,0.0022,4.075,0.03664277484022929,0.4753384886585475,"BAAT, ACOX2, SLC27A5",False
shared_down,Reactome,REACTOME_TGF_BETA_RECEPTOR_SIGNALING_IN_EMT_EPITHELIAL_TO_MESENCHYMAL_TRANSITION,Tgf beta receptor signaling in emt epithelial to mesenchymal transition,2,14,330,0.0061,0.0009,6.404,0.03782568034714895,0.4753384886585475,"CGN, UBB",False
shared_down,Reactome,REACTOME_DEFECTS_OF_CONTACT_ACTIVATION_SYSTEM_CAS_AND_KALLIKREIN_KININ_SYSTEM_KKS,Defects of contact activation system cas and kallikrein kinin system kks,2,14,330,0.0061,0.0009,6.404,0.03782568034714895,0.4753384886585475,"F11, KLKB1",False
shared_down,Reactome,REACTOME_GLYCOGEN_SYNTHESIS,Glycogen synthesis,2,14,330,0.0061,0.0009,6.404,0.03782568034714895,0.4753384886585475,"UBB, PGM1",False
shared_down,Reactome,REACTOME_FOXO_MEDIATED_TRANSCRIPTION,Foxo mediated transcription,4,57,330,0.0121,0.0039,3.146,0.0381133735233026,0.4753384886585475,"ABCA6, SIRT1, RBL2, PCK1",False
shared_down,Reactome,REACTOME_NEGATIVE_REGULATORS_OF_DDX58_IFIH1_SIGNALING,Negative regulators of ddx58 ifih1 signaling,3,34,330,0.0091,0.0023,3.956,0.03954517232624802,0.4836641698804124,"ITCH, HERC5, UBB",False
shared_down,Reactome,REACTOME_NON_INTEGRIN_MEMBRANE_ECM_INTERACTIONS,Non integrin membrane ecm interactions,4,58,330,0.0121,0.0039,3.092,0.040244371170079694,0.4836641698804124,"COL11A2, SDC2, NTN4, TTR",False
shared_down,Reactome,REACTOME_DISEASES_ASSOCIATED_WITH_GLYCOSYLATION_PRECURSOR_BIOSYNTHESIS,Diseases associated with glycosylation precursor biosynthesis,2,15,330,0.0061,0.001,5.977,0.04301420320971011,0.4988138302038313,"GNE, PGM1",False
shared_down,Reactome,REACTOME_SIGNALING_BY_NODAL,Signaling by nodal,2,15,330,0.0061,0.001,5.977,0.04301420320971011,0.4988138302038313,"ACVR1C, ACVR2B",False
shared_down,Reactome,REACTOME_METABOLISM_OF_WATER_SOLUBLE_VITAMINS_AND_COFACTORS,Metabolism of water soluble vitamins and cofactors,6,117,330,0.0182,0.0079,2.299,0.047074923344246324,0.5364917988025314,"MMUT, ENPP1, SLC19A2, AOX1, NT5E, MOCS1",False
shared_down,Reactome,REACTOME_SIGNALING_BY_ACTIVIN,Signaling by activin,2,16,330,0.0061,0.0011,5.604,0.04844995740873319,0.5428037601215702,"ACVR1C, ACVR2B",False
shared_down,Reactome,REACTOME_METABOLISM_OF_ANGIOTENSINOGEN_TO_ANGIOTENSINS,Metabolism of angiotensinogen to angiotensins,2,17,330,0.0061,0.0011,5.274,0.05411940465380081,0.5741151325630841,"CPB2, ANPEP",False
shared_down,Reactome,REACTOME_DISEASES_OF_HEMOSTASIS,Diseases of hemostasis,2,17,330,0.0061,0.0011,5.274,0.05411940465380081,0.5741151325630841,"F11, KLKB1",False
shared_down,Reactome,REACTOME_GABA_SYNTHESIS_RELEASE_REUPTAKE_AND_DEGRADATION,Gaba synthesis release reuptake and degradation,2,17,330,0.0061,0.0011,5.274,0.05411940465380081,0.5741151325630841,"SLC6A13, ABAT",False
shared_down,Reactome,REACTOME_DISEASES_OF_METABOLISM,Diseases of metabolism,9,217,330,0.0273,0.0147,1.859,0.05471899145457534,0.5741151325630841,"MMUT, MAT1A, PGM1, C1GALT1, UBB, CFP, GNE, MAOA, SDC2",False
shared_down,Reactome,REACTOME_SENSORY_PROCESSING_OF_SOUND,Sensory processing of sound,4,65,330,0.0121,0.0044,2.759,0.05701927119875182,0.5889021603496086,"ESPNL, KCNN2, CDH23, KCNMA1",False
shared_down,Reactome,REACTOME_PROTEIN_LOCALIZATION,Protein localization,7,155,330,0.0212,0.0105,2.025,0.05892784481489261,0.593786052395391,"ACOX2, HAO2, UBB, PIPOX, BAAT, EPHX2, DHRS4",False
shared_down,Reactome,REACTOME_MTOR_SIGNALLING,Mtor signalling,3,40,330,0.0091,0.0027,3.362,0.05928877376413889,0.593786052395391,"PRKAG2, PRKAA1, EIF4B",False
shared_down,Reactome,REACTOME_TRANSPORT_OF_BILE_SALTS_AND_ORGANIC_ACIDS_METAL_IONS_AND_AMINE_COMPOUNDS,Transport of bile salts and organic acids metal ions and amine compounds,4,67,330,0.0121,0.0045,2.676,0.062403833128753965,0.6156557268374084,"SLC47A1, SLC13A5, SLC6A13, SLC30A10",False
shared_down,Reactome,REACTOME_CIRCADIAN_CLOCK,Circadian clock,4,68,330,0.0121,0.0046,2.637,0.06519318405501148,0.6332916405268053,"KLF15, SIRT1, UBB, RORA",False
shared_down,Reactome,REACTOME_INITIAL_TRIGGERING_OF_COMPLEMENT,Initial triggering of complement,2,19,330,0.0061,0.0013,4.719,0.0661075993893337,0.6332916405268053,"MASP2, CFP",False
shared_down,Reactome,REACTOME_CYTOSOLIC_SULFONATION_OF_SMALL_MOLECULES,Cytosolic sulfonation of small molecules,2,20,330,0.0061,0.0014,4.483,0.07240160155920457,0.6836779804376317,"SULT1A2, SULT1E1",False
shared_down,Reactome,REACTOME_REGULATION_OF_SIGNALING_BY_CBL,Regulation of signaling by cbl,2,21,330,0.0061,0.0014,4.27,0.07887977839517925,0.724160187766854,"YES1, UBB",False
shared_down,Reactome,REACTOME_GLUCONEOGENESIS,Gluconeogenesis,2,21,330,0.0061,0.0014,4.27,0.07887977839517925,0.724160187766854,"PCK2, PCK1",False
shared_down,Reactome,REACTOME_MISCELLANEOUS_TRANSPORT_AND_BINDING_EVENTS,Miscellaneous transport and binding events,2,22,330,0.0061,0.0015,4.075,0.08553083962955525,0.7438932236202108,"NIPAL1, AZGP1",False
shared_down,Reactome,REACTOME_RAF_INDEPENDENT_MAPK1_3_ACTIVATION,Raf independent mapk1 3 activation,2,22,330,0.0061,0.0015,4.075,0.08553083962955525,0.7438932236202108,"IL6R, DUSP10",False
shared_down,Reactome,REACTOME_ACTIVATION_OF_AMPK_DOWNSTREAM_OF_NMDARS,Activation of ampk downstream of nmdars,2,22,330,0.0061,0.0015,4.075,0.08553083962955525,0.7438932236202108,"PRKAG2, PRKAA1",False
shared_down,Reactome,REACTOME_DIFFERENTIATION_OF_KERATINOCYTES_IN_INTERFOLLICULAR_EPIDERMIS_IN_MAMMALIAN_SKIN,Differentiation of keratinocytes in interfollicular epidermis in mammalian skin,2,22,330,0.0061,0.0015,4.075,0.08553083962955525,0.7438932236202108,"AQP3, ABCG2",False
shared_down,Reactome,REACTOME_METABOLISM_OF_STEROIDS,Metabolism of steroids,6,138,330,0.0182,0.0093,1.949,0.0887508992648899,0.7618746027804184,"ACOX2, SRD5A1, SLC27A5, SLCO1A2, HSD17B14, BAAT",False
shared_down,Reactome,REACTOME_SIGNALING_BY_ERBB2,Signaling by erbb2,3,48,330,0.0091,0.0032,2.802,0.0913731151478946,0.7629915095125299,"ERBB3, YES1, UBB",False
shared_down,Reactome,REACTOME_FOXO_MEDIATED_TRANSCRIPTION_OF_OXIDATIVE_STRESS_METABOLIC_AND_NEURONAL_GENES,Foxo mediated transcription of oxidative stress metabolic and neuronal genes,2,23,330,0.0061,0.0016,3.898,0.09234390432829409,0.7629915095125299,"ABCA6, PCK1",False
shared_down,Reactome,REACTOME_DEADENYLATION_OF_MRNA,Deadenylation of mrna,2,23,330,0.0061,0.0016,3.898,0.09234390432829409,0.7629915095125299,"TUT7, EIF4B",False
shared_down,Reactome,REACTOME_POTASSIUM_CHANNELS,Potassium channels,4,78,330,0.0121,0.0053,2.299,0.09652284465640468,0.7876740779985616,"KCNN2, KCNK3, KCNMA1, ABCC9",False
shared_down,Reactome,REACTOME_METABOLISM_OF_PORPHYRINS,Metabolism of porphyrins,2,24,330,0.0061,0.0016,3.736,0.0993084883387611,0.8005233023405011,"BLVRB, ABCG2",False
shared_down,Reactome,REACTOME_RSV_HOST_INTERACTIONS,Rsv host interactions,4,80,330,0.0121,0.0054,2.242,0.1035047548634716,0.824296903189816,"SDC2, HERC5, CLEC4M, UBB",False
shared_down,Reactome,REACTOME_GLYCOGEN_METABOLISM,Glycogen metabolism,2,25,330,0.0061,0.0017,3.586,0.10641449209107913,0.8327067022096168,"UBB, PGM1",False
shared_down,Reactome,REACTOME_VISUAL_PHOTOTRANSDUCTION,Visual phototransduction,4,81,330,0.0121,0.0055,2.214,0.10708028697097947,0.8327067022096168,"NAPEPLD, SDC2, RBP4, TTR",False
shared_down,Reactome,REACTOME_GLYCEROPHOSPHOLIPID_BIOSYNTHESIS,Glycerophospholipid biosynthesis,5,113,330,0.0152,0.0076,1.984,0.10854757410510879,0.8343017032962432,"BCHE, AGPAT5, CPNE6, ETNK2, PITPNM3",False
shared_down,Reactome,REACTOME_TRANSMISSION_ACROSS_CHEMICAL_SYNAPSES,Transmission across chemical synapses,8,216,330,0.0242,0.0146,1.66,0.11113447895345666,0.84409097482637,"BCHE, PRKAG2, SLC6A13, GLS2, MAOA, NAAA, ABAT, PRKAA1",False
shared_down,Reactome,REACTOME_METABOLIC_DISORDERS_OF_BIOLOGICAL_OXIDATION_ENZYMES,Metabolic disorders of biological oxidation enzymes,2,26,330,0.0061,0.0018,3.448,0.11365218874364136,0.84409097482637,"MAT1A, MAOA",False
shared_down,Reactome,REACTOME_HS_GAG_BIOSYNTHESIS,Hs gag biosynthesis,2,26,330,0.0061,0.0018,3.448,0.11365218874364136,0.84409097482637,"HS3ST3A1, SDC2",False
shared_down,Reactome,REACTOME_DOWNREGULATION_OF_ERBB2_SIGNALING,Downregulation of erbb2 signaling,2,27,330,0.0061,0.0018,3.321,0.12101221266357086,0.8790007974793443,"ERBB3, UBB",False
shared_down,Reactome,REACTOME_METABOLISM_OF_STEROID_HORMONES,Metabolism of steroid hormones,2,27,330,0.0061,0.0018,3.321,0.12101221266357086,0.8790007974793443,"SRD5A1, HSD17B14",False
shared_down,Reactome,REACTOME_INTERACTION_BETWEEN_L1_AND_ANKYRINS,Interaction between l1 and ankyrins,2,28,330,0.0061,0.0019,3.202,0.12848554823315247,0.8854092426809377,"SCN8A, SPTBN2",False
shared_down,Reactome,REACTOME_SIALIC_ACID_METABOLISM,Sialic acid metabolism,2,28,330,0.0061,0.0019,3.202,0.12848554823315247,0.8854092426809377,"ST3GAL6, GNE",False
shared_down,Reactome,REACTOME_MATERNAL_TO_ZYGOTIC_TRANSITION_MZT,Maternal to zygotic transition mzt,3,56,330,0.0091,0.0038,2.402,0.12909699202804845,0.8854092426809377,"DPPA4, TUT7, EIF4B",False
shared_down,Reactome,REACTOME_REGULATED_NECROSIS,Regulated necrosis,3,57,330,0.0091,0.0039,2.359,0.1341516375005344,0.8854092426809377,"ITCH, UBB, TNFSF10",False
shared_down,Reactome,REACTOME_PEROXISOMAL_LIPID_METABOLISM,Peroxisomal lipid metabolism,2,29,330,0.0061,0.002,3.092,0.13606351897349508,0.8854092426809377,"ACOX2, HAO2",False
shared_down,Reactome,REACTOME_ENERGY_DEPENDENT_REGULATION_OF_MTOR_BY_LKB1_AMPK,Energy dependent regulation of mtor by lkb1 ampk,2,29,330,0.0061,0.002,3.092,0.13606351897349508,0.8854092426809377,"PRKAG2, PRKAA1",False
shared_down,Reactome,REACTOME_ACTIVATED_NOTCH1_TRANSMITS_SIGNAL_TO_THE_NUCLEUS,Activated notch1 transmits signal to the nucleus,2,29,330,0.0061,0.002,3.092,0.13606351897349508,0.8854092426809377,"ITCH, UBB",False
shared_down,Reactome,REACTOME_SIGNALING_BY_CSF1_M_CSF_IN_MYELOID_CELLS,Signaling by csf1 m csf in myeloid cells,2,31,330,0.0061,0.0021,2.892,0.15150029263970186,0.8854092426809377,"YES1, UBB",False
shared_down,Reactome,REACTOME_STIMULI_SENSING_CHANNELS,Stimuli sensing channels,4,93,330,0.0121,0.0063,1.928,0.15403034497646853,0.8854092426809377,"WNK3, UBB, TRPM6, WWP1",False
shared_down,Reactome,REACTOME_NUCLEOTIDE_CATABOLISM,Nucleotide catabolism,2,32,330,0.0061,0.0022,2.802,0.15934334468730904,0.8854092426809377,"AGXT2, NT5E",False
shared_down,Reactome,REACTOME_DISEASES_OF_GLYCOSYLATION,Diseases of glycosylation,5,129,330,0.0152,0.0087,1.738,0.16173042212929178,0.8854092426809377,"PGM1, C1GALT1, CFP, GNE, SDC2",False
shared_down,Reactome,REACTOME_NOD1_2_SIGNALING_PATHWAY,Nod1 2 signaling pathway,2,34,330,0.0061,0.0023,2.637,0.17524165661874772,0.8854092426809377,"ITCH, UBB",False
shared_down,Reactome,REACTOME_ABC_FAMILY_PROTEINS_MEDIATED_TRANSPORT,Abc family proteins mediated transport,4,99,330,0.0121,0.0067,1.811,0.17996393858893633,0.8854092426809377,"ABCA6, UBB, ABCA8, ABCC9",False
shared_down,Reactome,REACTOME_DDX58_IFIH1_MEDIATED_INDUCTION_OF_INTERFERON_ALPHA_BETA,Ddx58 ifih1 mediated induction of interferon alpha beta,3,66,330,0.0091,0.0045,2.038,0.18240206900549824,0.8854092426809377,"ITCH, HERC5, UBB",False
shared_down,Reactome,REACTOME_PEPTIDE_HORMONE_METABOLISM,Peptide hormone metabolism,3,66,330,0.0091,0.0045,2.038,0.18240206900549824,0.8854092426809377,"BCHE, CPB2, ANPEP",False
shared_down,Reactome,REACTOME_RESPIRATORY_SYNCYTIAL_VIRUS_INFECTION_PATHWAY,Respiratory syncytial virus infection pathway,4,101,330,0.0121,0.0068,1.775,0.18891623522588377,0.8854092426809377,"SDC2, HERC5, CLEC4M, UBB",False
shared_down,Reactome,REACTOME_SLC_MEDIATED_TRANSMEMBRANE_TRANSPORT,Slc mediated transmembrane transport,7,210,330,0.0212,0.0142,1.494,0.1899308448900068,0.8854092426809377,"SLC34A1, SLC30A10, SLC47A1, SLC16A10, SLC6A13, SLCO1A2, SLC13A5",False
shared_down,Reactome,REACTOME_PLASMA_LIPOPROTEIN_CLEARANCE,Plasma lipoprotein clearance,2,36,330,0.0061,0.0024,2.491,0.19137674778244346,0.8854092426809377,"UBB, SOAT2",False
shared_down,Reactome,REACTOME_MITOCHONDRIAL_FATTY_ACID_BETA_OXIDATION,Mitochondrial fatty acid beta oxidation,2,37,330,0.0061,0.0025,2.423,0.19951679112020956,0.8854092426809377,"ACSM3, MMUT",False
shared_down,Reactome,REACTOME_MISCELLANEOUS_SUBSTRATES,Miscellaneous substrates,1,10,330,0.003,0.0007,4.483,0.20200929071186194,0.8854092426809377,CYP4A11,False
shared_down,Reactome,REACTOME_TETRAHYDROBIOPTERIN_BH4_SYNTHESIS_RECYCLING_SALVAGE_AND_REGULATION,Tetrahydrobiopterin bh4 synthesis recycling salvage and regulation,1,10,330,0.003,0.0007,4.483,0.20200929071186194,0.8854092426809377,GCHFR,False
shared_down,Reactome,REACTOME_TRANSPORT_OF_ORGANIC_ANIONS,Transport of organic anions,1,10,330,0.003,0.0007,4.483,0.20200929071186194,0.8854092426809377,SLCO1A2,False
shared_down,Reactome,REACTOME_ACTIVATION_OF_PPARGC1A_PGC_1ALPHA_BY_PHOSPHORYLATION,Activation of ppargc1a pgc 1alpha by phosphorylation,1,10,330,0.003,0.0007,4.483,0.20200929071186194,0.8854092426809377,PRKAG2,False
shared_down,Reactome,REACTOME_MAPK3_ERK1_ACTIVATION,Mapk3 erk1 activation,1,10,330,0.003,0.0007,4.483,0.20200929071186194,0.8854092426809377,IL6R,False
shared_down,Reactome,REACTOME_DIGESTION,Digestion,1,10,330,0.003,0.0007,4.483,0.20200929071186194,0.8854092426809377,GUCY2C,False
shared_down,Reactome,REACTOME_IRAK2_MEDIATED_ACTIVATION_OF_TAK1_COMPLEX,Irak2 mediated activation of tak1 complex,1,10,330,0.003,0.0007,4.483,0.20200929071186194,0.8854092426809377,UBB,False
shared_down,Reactome,REACTOME_REGULATION_OF_TBK1_IKK_MEDIATED_ACTIVATION_OF_IRF3_IRF7_UPON_TLR3_LIGATION,Regulation of tbk1 ikk mediated activation of irf3 irf7 upon tlr3 ligation,1,10,330,0.003,0.0007,4.483,0.20200929071186194,0.8854092426809377,UBB,False
shared_down,Reactome,REACTOME_GAMMA_CARBOXYLATION_TRANSPORT_AND_AMINO_TERMINAL_CLEAVAGE_OF_PROTEINS,Gamma carboxylation transport and amino terminal cleavage of proteins,1,10,330,0.003,0.0007,4.483,0.20200929071186194,0.8854092426809377,PROZ,False
shared_down,Reactome,REACTOME_POU5F1_OCT4_SOX2_NANOG_ACTIVATE_GENES_RELATED_TO_PROLIFERATION,Pou5f1 oct4 sox2 nanog activate genes related to proliferation,1,10,330,0.003,0.0007,4.483,0.20200929071186194,0.8854092426809377,DPPA4,False
shared_down,Reactome,REACTOME_APOPTOTIC_CLEAVAGE_OF_CELL_ADHESION_PROTEINS,Apoptotic cleavage of cell adhesion proteins,1,10,330,0.003,0.0007,4.483,0.20200929071186194,0.8854092426809377,DSG1,False
shared_down,Reactome,REACTOME_REGULATION_OF_GLYCOLYSIS_BY_FRUCTOSE_2_6_BISPHOSPHATE_METABOLISM,Regulation of glycolysis by fructose 2 6 bisphosphate metabolism,1,10,330,0.003,0.0007,4.483,0.20200929071186194,0.8854092426809377,PFKFB1,False
shared_down,Reactome,REACTOME_EICOSANOIDS,Eicosanoids,1,10,330,0.003,0.0007,4.483,0.20200929071186194,0.8854092426809377,CYP4A11,False
shared_down,Reactome,REACTOME_EPHB_MEDIATED_FORWARD_SIGNALING,Ephb mediated forward signaling,2,38,330,0.0061,0.0026,2.359,0.2076969944076571,0.8854092426809377,"YES1, SDC2",False
shared_down,Reactome,REACTOME_SARS_COV_1_ACTIVATES_MODULATES_INNATE_IMMUNE_RESPONSES,Sars cov 1 activates modulates innate immune responses,2,38,330,0.0061,0.0026,2.359,0.2076969944076571,0.8854092426809377,"ITCH, UBB",False
shared_down,Reactome,REACTOME_AQUAPORIN_MEDIATED_TRANSPORT,Aquaporin mediated transport,2,39,330,0.0061,0.0026,2.299,0.21591153833150162,0.8854092426809377,"AQP3, AQP11",False
shared_down,Reactome,REACTOME_RND2_GTPASE_CYCLE,Rnd2 gtpase cycle,2,39,330,0.0061,0.0026,2.299,0.21591153833150162,0.8854092426809377,"RND2, DSG1",False
shared_down,Reactome,REACTOME_MITOCHONDRIAL_FATTY_ACID_BETA_OXIDATION_OF_SATURATED_FATTY_ACIDS,Mitochondrial fatty acid beta oxidation of saturated fatty acids,1,11,330,0.003,0.0007,4.075,0.2198215833299008,0.8854092426809377,ACSM3,False
shared_down,Reactome,REACTOME_INTERLEUKIN_6_SIGNALING,Interleukin 6 signaling,1,11,330,0.003,0.0007,4.075,0.2198215833299008,0.8854092426809377,IL6R,False
shared_down,Reactome,REACTOME_ALPHA_PROTEIN_KINASE_1_SIGNALING_PATHWAY,Alpha protein kinase 1 signaling pathway,1,11,330,0.003,0.0007,4.075,0.2198215833299008,0.8854092426809377,UBB,False
shared_down,Reactome,REACTOME_REGULATION_BY_C_FLIP,Regulation by c flip,1,11,330,0.003,0.0007,4.075,0.2198215833299008,0.8854092426809377,TNFSF10,False
shared_down,Reactome,REACTOME_PECAM1_INTERACTIONS,Pecam1 interactions,1,11,330,0.003,0.0007,4.075,0.2198215833299008,0.8854092426809377,YES1,False
shared_down,Reactome,REACTOME_TICAM1_TRAF6_DEPENDENT_INDUCTION_OF_TAK1_COMPLEX,Ticam1 traf6 dependent induction of tak1 complex,1,11,330,0.003,0.0007,4.075,0.2198215833299008,0.8854092426809377,UBB,False
shared_down,Reactome,REACTOME_REGULATION_OF_TBK1_IKK_IKBKE_MEDIATED_ACTIVATION_OF_IRF3_IRF7,Regulation of tbk1 ikk ikbke mediated activation of irf3 irf7,1,11,330,0.003,0.0007,4.075,0.2198215833299008,0.8854092426809377,UBB,False
shared_down,Reactome,REACTOME_JOSEPHIN_DOMAIN_DUBS,Josephin domain dubs,1,11,330,0.003,0.0007,4.075,0.2198215833299008,0.8854092426809377,UBB,False
shared_down,Reactome,REACTOME_REGULATION_OF_BACH1_ACTIVITY,Regulation of bach1 activity,1,11,330,0.003,0.0007,4.075,0.2198215833299008,0.8854092426809377,UBB,False
shared_down,Reactome,REACTOME_PYRIMIDINE_SALVAGE,Pyrimidine salvage,1,11,330,0.003,0.0007,4.075,0.2198215833299008,0.8854092426809377,UCK1,False
shared_down,Reactome,REACTOME_TRAF6_MEDIATED_IRF7_ACTIVATION_IN_TLR7_8_OR_9_SIGNALING,Traf6 mediated irf7 activation in tlr7 8 or 9 signaling,1,11,330,0.003,0.0007,4.075,0.2198215833299008,0.8854092426809377,UBB,False
shared_down,Reactome,REACTOME_FATTY_ACIDS,Fatty acids,1,11,330,0.003,0.0007,4.075,0.2198215833299008,0.8854092426809377,CYP4A11,False
shared_down,Reactome,REACTOME_ERBB2_ACTIVATES_PTK6_SIGNALING,Erbb2 activates ptk6 signaling,1,11,330,0.003,0.0007,4.075,0.2198215833299008,0.8854092426809377,ERBB3,False
shared_down,Reactome,REACTOME_PEXOPHAGY,Pexophagy,1,11,330,0.003,0.0007,4.075,0.2198215833299008,0.8854092426809377,UBB,False
shared_down,Reactome,REACTOME_PROLACTIN_RECEPTOR_SIGNALING,Prolactin receptor signaling,1,11,330,0.003,0.0007,4.075,0.2198215833299008,0.8854092426809377,PRLR,False
shared_down,Reactome,REACTOME_REGULATION_OF_HSF1_MEDIATED_HEAT_SHOCK_RESPONSE,Regulation of hsf1 mediated heat shock response,3,73,330,0.0091,0.0049,1.842,0.22262978065329075,0.8854092426809377,"SIRT1, ST13, UBB",False
shared_down,Reactome,REACTOME_TP53_REGULATES_METABOLIC_GENES,Tp53 regulates metabolic genes,3,73,330,0.0091,0.0049,1.842,0.22262978065329075,0.8854092426809377,"GLS2, PRKAG2, PRKAA1",False
shared_down,Reactome,REACTOME_TRNA_MODIFICATION_IN_THE_NUCLEUS_AND_CYTOSOL,Trna modification in the nucleus and cytosol,2,40,330,0.0061,0.0027,2.242,0.22415484172978375,0.8854092426809377,"TRMT10A, NSUN6",False
shared_down,Reactome,REACTOME_CELL_DEATH_SIGNALLING_VIA_NRAGE_NRIF_AND_NADE,Cell death signalling via nrage nrif and nade,3,74,330,0.0091,0.005,1.817,0.22851872671300993,0.8854092426809377,"NET1, UBB, ARHGEF4",False
shared_down,Reactome,REACTOME_NEGATIVE_REGULATION_OF_MAPK_PATHWAY,Negative regulation of mapk pathway,2,41,330,0.0061,0.0028,2.187,0.23242155391725638,0.8854092426809377,"DUSP10, UBB",False
shared_down,Reactome,REACTOME_EXTRACELLULAR_MATRIX_ORGANIZATION,Extracellular matrix organization,8,263,330,0.0242,0.0178,1.364,0.2347178004698368,0.8854092426809377,"SH3PXD2A, PCOLCE2, KLKB1, TTR, COL11A2, CEACAM8, NTN4, SDC2",False
shared_down,Reactome,REACTOME_SCAVENGING_OF_HEME_FROM_PLASMA,Scavenging of heme from plasma,1,12,330,0.003,0.0008,3.736,0.23723745815240865,0.8854092426809377,HPR,False
shared_down,Reactome,REACTOME_DISSOLUTION_OF_FIBRIN_CLOT,Dissolution of fibrin clot,1,12,330,0.003,0.0008,3.736,0.23723745815240865,0.8854092426809377,SERPINF2,False
shared_down,Reactome,REACTOME_IRAK1_RECRUITS_IKK_COMPLEX,Irak1 recruits ikk complex,1,12,330,0.003,0.0008,3.736,0.23723745815240865,0.8854092426809377,UBB,False
shared_down,Reactome,REACTOME_FCGR_ACTIVATION,Fcgr activation,1,12,330,0.003,0.0008,3.736,0.23723745815240865,0.8854092426809377,YES1,False
shared_down,Reactome,REACTOME_HYALURONAN_UPTAKE_AND_DEGRADATION,Hyaluronan uptake and degradation,1,12,330,0.003,0.0008,3.736,0.23723745815240865,0.8854092426809377,LYVE1,False
shared_down,Reactome,REACTOME_TP53_REGULATES_TRANSCRIPTION_OF_CASPASE_ACTIVATORS_AND_CASPASES,Tp53 regulates transcription of caspase activators and caspases,1,12,330,0.003,0.0008,3.736,0.23723745815240865,0.8854092426809377,CRADD,False
shared_down,Reactome,REACTOME_TRIGLYCERIDE_BIOSYNTHESIS,Triglyceride biosynthesis,1,12,330,0.003,0.0008,3.736,0.23723745815240865,0.8854092426809377,MOGAT2,False
shared_down,Reactome,REACTOME_TICAM1_DEPENDENT_ACTIVATION_OF_IRF3_IRF7,Ticam1 dependent activation of irf3 irf7,1,12,330,0.003,0.0008,3.736,0.23723745815240865,0.8854092426809377,UBB,False
shared_down,Reactome,REACTOME_SUPPRESSION_OF_PHAGOSOMAL_MATURATION,Suppression of phagosomal maturation,1,12,330,0.003,0.0008,3.736,0.23723745815240865,0.8854092426809377,UBB,False
shared_down,Reactome,REACTOME_SYNTHESIS_OF_PE,Synthesis of pe,1,12,330,0.003,0.0008,3.736,0.23723745815240865,0.8854092426809377,ETNK2,False
shared_down,Reactome,REACTOME_BLOOD_GROUP_SYSTEMS_BIOSYNTHESIS,Blood group systems biosynthesis,1,12,330,0.003,0.0008,3.736,0.23723745815240865,0.8854092426809377,ST3GAL6,False
shared_down,Reactome,REACTOME_CLASS_C_3_METABOTROPIC_GLUTAMATE_PHEROMONE_RECEPTORS,Class c 3 metabotropic glutamate pheromone receptors,1,12,330,0.003,0.0008,3.736,0.23723745815240865,0.8854092426809377,TAS1R1,False
shared_down,Reactome,REACTOME_GLUCOSE_METABOLISM,Glucose metabolism,3,76,330,0.0091,0.0051,1.77,0.240381932518328,0.8854092426809377,"PFKFB1, PCK2, PCK1",False
shared_down,Reactome,REACTOME_INTERLEUKIN_3_INTERLEUKIN_5_AND_GM_CSF_SIGNALING,Interleukin 3 interleukin 5 and gm csf signaling,2,42,330,0.0061,0.0028,2.135,0.2407065472329819,0.8854092426809377,"YES1, UBB",False
shared_down,Reactome,REACTOME_NR1H2_AND_NR1H3_MEDIATED_SIGNALING,Nr1h2 and nr1h3 mediated signaling,2,42,330,0.0061,0.0028,2.135,0.2407065472329819,0.8854092426809377,"CETP, PCK1",False
shared_down,Reactome,REACTOME_PHOSPHOLIPID_METABOLISM,Phospholipid metabolism,6,188,330,0.0182,0.0127,1.431,0.24343590436282095,0.8854092426809377,"BCHE, AGPAT5, CPNE6, MTMR10, ETNK2, PITPNM3",False
shared_down,Reactome,REACTOME_GLYCOSAMINOGLYCAN_METABOLISM,Glycosaminoglycan metabolism,4,113,330,0.0121,0.0076,1.587,0.24524400826267262,0.8854092426809377,"ST3GAL6, HS3ST3A1, LYVE1, SDC2",False
shared_down,Reactome,REACTOME_ERBB2_REGULATES_CELL_MOTILITY,Erbb2 regulates cell motility,1,13,330,0.003,0.0009,3.448,0.25426571135290277,0.8854092426809377,ERBB3,False
shared_down,Reactome,REACTOME_NF_KB_IS_ACTIVATED_AND_SIGNALS_SURVIVAL,Nf kb is activated and signals survival,1,13,330,0.003,0.0009,3.448,0.25426571135290277,0.8854092426809377,UBB,False
shared_down,Reactome,REACTOME_REGULATION_OF_INNATE_IMMUNE_RESPONSES_TO_CYTOSOLIC_DNA,Regulation of innate immune responses to cytosolic dna,1,13,330,0.003,0.0009,3.448,0.25426571135290277,0.8854092426809377,UBB,False
shared_down,Reactome,REACTOME_SYNTHESIS_OF_BILE_ACIDS_AND_BILE_SALTS_VIA_24_HYDROXYCHOLESTEROL,Synthesis of bile acids and bile salts via 24 hydroxycholesterol,1,13,330,0.003,0.0009,3.448,0.25426571135290277,0.8854092426809377,SLC27A5,False
shared_down,Reactome,REACTOME_DEFECTIVE_C1GALT1C1_CAUSES_TNPS,Defective c1galt1c1 causes tnps,1,13,330,0.003,0.0009,3.448,0.25426571135290277,0.8854092426809377,C1GALT1,False
shared_down,Reactome,REACTOME_CARNITINE_METABOLISM,Carnitine metabolism,1,13,330,0.003,0.0009,3.448,0.25426571135290277,0.8854092426809377,PRKAG2,False
shared_down,Reactome,REACTOME_NA_CL_DEPENDENT_NEUROTRANSMITTER_TRANSPORTERS,Na cl dependent neurotransmitter transporters,1,13,330,0.003,0.0009,3.448,0.25426571135290277,0.8854092426809377,SLC6A13,False
shared_down,Reactome,REACTOME_HEME_BIOSYNTHESIS,Heme biosynthesis,1,13,330,0.003,0.0009,3.448,0.25426571135290277,0.8854092426809377,ABCG2,False
shared_down,Reactome,REACTOME_PHASE_4_RESTING_MEMBRANE_POTENTIAL,Phase 4 resting membrane potential,1,13,330,0.003,0.0009,3.448,0.25426571135290277,0.8854092426809377,KCNK3,False
shared_down,Reactome,REACTOME_P75NTR_RECRUITS_SIGNALLING_COMPLEXES,P75ntr recruits signalling complexes,1,13,330,0.003,0.0009,3.448,0.25426571135290277,0.8854092426809377,UBB,False
shared_down,Reactome,REACTOME_DEFECTS_IN_COBALAMIN_B12_METABOLISM,Defects in cobalamin b12 metabolism,1,13,330,0.003,0.0009,3.448,0.25426571135290277,0.8854092426809377,MMUT,False
shared_down,Reactome,REACTOME_NEDDYLATION,Neddylation,7,230,330,0.0212,0.0155,1.364,0.25458463589666225,0.8854092426809377,"DCUN1D4, DCAF6, UBB, ASB9, FBXO4, DCAF11, ASB11",False
shared_down,Reactome,REACTOME_CYCLIN_D_ASSOCIATED_EVENTS_IN_G1,Cyclin d associated events in g1,2,44,330,0.0061,0.003,2.038,0.25731193851985457,0.8854092426809377,"RBL2, UBB",False
shared_down,Reactome,REACTOME_HEDGEHOG_ON_STATE,Hedgehog on state,3,80,330,0.0091,0.0054,1.681,0.2643927653523781,0.8854092426809377,"ITCH, UBB, CDON",False
shared_down,Reactome,REACTOME_CELL_SURFACE_INTERACTIONS_AT_THE_VASCULAR_WALL,Cell surface interactions at the vascular wall,4,117,330,0.0121,0.0079,1.533,0.26480438392444244,0.8854092426809377,"CXADR, YES1, CEACAM8, SDC2",False
shared_down,Reactome,REACTOME_CREATION_OF_C4_AND_C2_ACTIVATORS,Creation of c4 and c2 activators,1,14,330,0.003,0.0009,3.202,0.2709149445071913,0.8854092426809377,MASP2,False
shared_down,Reactome,REACTOME_DEFECTIVE_EXT2_CAUSES_EXOSTOSES_2,Defective ext2 causes exostoses 2,1,14,330,0.003,0.0009,3.202,0.2709149445071913,0.8854092426809377,SDC2,False
shared_down,Reactome,REACTOME_CASPASE_ACTIVATION_VIA_DEATH_RECEPTORS_IN_THE_PRESENCE_OF_LIGAND,Caspase activation via death receptors in the presence of ligand,1,14,330,0.003,0.0009,3.202,0.2709149445071913,0.8854092426809377,TNFSF10,False
shared_down,Reactome,REACTOME_DIGESTION_AND_ABSORPTION,Digestion and absorption,1,14,330,0.003,0.0009,3.202,0.2709149445071913,0.8854092426809377,GUCY2C,False
shared_down,Reactome,REACTOME_PI3K_EVENTS_IN_ERBB2_SIGNALING,Pi3k events in erbb2 signaling,1,14,330,0.003,0.0009,3.202,0.2709149445071913,0.8854092426809377,ERBB3,False
shared_down,Reactome,REACTOME_INLB_MEDIATED_ENTRY_OF_LISTERIA_MONOCYTOGENES_INTO_HOST_CELL,Inlb mediated entry of listeria monocytogenes into host cell,1,14,330,0.003,0.0009,3.202,0.2709149445071913,0.8854092426809377,UBB,False
shared_down,Reactome,REACTOME_NEGATIVE_REGULATION_OF_FLT3,Negative regulation of flt3,1,14,330,0.003,0.0009,3.202,0.2709149445071913,0.8854092426809377,UBB,False
shared_down,Reactome,REACTOME_PURINE_CATABOLISM,Purine catabolism,1,14,330,0.003,0.0009,3.202,0.2709149445071913,0.8854092426809377,NT5E,False
shared_down,Reactome,REACTOME_TRAF6_MEDIATED_INDUCTION_OF_TAK1_COMPLEX_WITHIN_TLR4_COMPLEX,Traf6 mediated induction of tak1 complex within tlr4 complex,1,14,330,0.003,0.0009,3.202,0.2709149445071913,0.8854092426809377,UBB,False
shared_down,Reactome,REACTOME_GLYCOGEN_BREAKDOWN_GLYCOGENOLYSIS,Glycogen breakdown glycogenolysis,1,14,330,0.003,0.0009,3.202,0.2709149445071913,0.8854092426809377,PGM1,False
shared_down,Reactome,REACTOME_PYRUVATE_METABOLISM,Pyruvate metabolism,2,46,330,0.0061,0.0031,1.949,0.27393418502330175,0.8854092426809377,"GPT, UBB",False
shared_down,Reactome,REACTOME_HEME_SIGNALING,Heme signaling,2,47,330,0.0061,0.0032,1.908,0.28224097999661285,0.8854092426809377,"SIRT1, RORA",False
shared_down,Reactome,REACTOME_MAP3K8_TPL2_DEPENDENT_MAPK1_3_ACTIVATION,Map3k8 tpl2 dependent mapk1 3 activation,1,15,330,0.003,0.001,2.989,0.28719356888558306,0.8854092426809377,UBB,False
shared_down,Reactome,REACTOME_TRANSCRIPTION_OF_E2F_TARGETS_UNDER_NEGATIVE_CONTROL_BY_P107_RBL1_AND_P130_RBL2_IN_COMPLEX_WITH_HDAC1,Transcription of e2f targets under negative control by p107 rbl1 and p130 rbl2 in complex with hdac1,1,15,330,0.003,0.001,2.989,0.28719356888558306,0.8854092426809377,RBL2,False
shared_down,Reactome,REACTOME_ACTIVATION_OF_IRF3_IRF7_MEDIATED_BY_TBK1_IKK_IKBKE,Activation of irf3 irf7 mediated by tbk1 ikk ikbke,1,15,330,0.003,0.001,2.989,0.28719356888558306,0.8854092426809377,UBB,False
shared_down,Reactome,REACTOME_DEGRADATION_OF_CYSTEINE_AND_HOMOCYSTEINE,Degradation of cysteine and homocysteine,1,15,330,0.003,0.001,2.989,0.28719356888558306,0.8854092426809377,MPST,False
shared_down,Reactome,REACTOME_SYNTHESIS_SECRETION_AND_DEACYLATION_OF_GHRELIN,Synthesis secretion and deacylation of ghrelin,1,15,330,0.003,0.001,2.989,0.28719356888558306,0.8854092426809377,BCHE,False
shared_down,Reactome,REACTOME_SIGNALING_BY_NOTCH1_HD_DOMAIN_MUTANTS_IN_CANCER,Signaling by notch1 hd domain mutants in cancer,1,15,330,0.003,0.001,2.989,0.28719356888558306,0.8854092426809377,UBB,False
shared_down,Reactome,REACTOME_SPRY_REGULATION_OF_FGF_SIGNALING,Spry regulation of fgf signaling,1,15,330,0.003,0.001,2.989,0.28719356888558306,0.8854092426809377,UBB,False
shared_down,Reactome,REACTOME_E3_UBIQUITIN_LIGASES_UBIQUITINATE_TARGET_PROTEINS,E3 ubiquitin ligases ubiquitinate target proteins,2,49,330,0.0061,0.0033,1.83,0.29882623575868883,0.8854092426809377,"RNF152, UBB",False
shared_down,Reactome,REACTOME_REGULATION_OF_KIT_SIGNALING,Regulation of kit signaling,1,16,330,0.003,0.0011,2.802,0.30310980965070633,0.8854092426809377,YES1,False
shared_down,Reactome,REACTOME_FOXO_MEDIATED_TRANSCRIPTION_OF_CELL_CYCLE_GENES,Foxo mediated transcription of cell cycle genes,1,16,330,0.003,0.0011,2.802,0.30310980965070633,0.8854092426809377,RBL2,False
shared_down,Reactome,REACTOME_ACTIVATION_OF_SMO,Activation of smo,1,16,330,0.003,0.0011,2.802,0.30310980965070633,0.8854092426809377,CDON,False
shared_down,Reactome,REACTOME_AFLATOXIN_ACTIVATION_AND_DETOXIFICATION,Aflatoxin activation and detoxification,1,16,330,0.003,0.0011,2.802,0.30310980965070633,0.8854092426809377,CYP1A2,False
shared_down,Reactome,REACTOME_VLDLR_INTERNALISATION_AND_DEGRADATION,Vldlr internalisation and degradation,1,16,330,0.003,0.0011,2.802,0.30310980965070633,0.8854092426809377,UBB,False
shared_down,Reactome,REACTOME_GLYCOGEN_STORAGE_DISEASES,Glycogen storage diseases,1,16,330,0.003,0.0011,2.802,0.30310980965070633,0.8854092426809377,UBB,False
shared_down,Reactome,REACTOME_P75NTR_SIGNALS_VIA_NF_KB,P75ntr signals via nf kb,1,16,330,0.003,0.0011,2.802,0.30310980965070633,0.8854092426809377,UBB,False
shared_down,Reactome,REACTOME_GLUCURONIDATION,Glucuronidation,1,16,330,0.003,0.0011,2.802,0.30310980965070633,0.8854092426809377,UGT2A1,False
shared_down,Reactome,REACTOME_CGMP_EFFECTS,Cgmp effects,1,16,330,0.003,0.0011,2.802,0.30310980965070633,0.8854092426809377,KCNMA1,False
shared_down,Reactome,REACTOME_SYNTHESIS_OF_PIPS_AT_THE_EARLY_ENDOSOME_MEMBRANE,Synthesis of pips at the early endosome membrane,1,16,330,0.003,0.0011,2.802,0.30310980965070633,0.8854092426809377,MTMR10,False
shared_down,Reactome,REACTOME_ASSEMBLY_OF_THE_HIV_VIRION,Assembly of the hiv virion,1,16,330,0.003,0.0011,2.802,0.30310980965070633,0.8854092426809377,UBB,False
shared_down,Reactome,REACTOME_HYALURONAN_METABOLISM,Hyaluronan metabolism,1,16,330,0.003,0.0011,2.802,0.30310980965070633,0.8854092426809377,LYVE1,False
shared_down,Reactome,REACTOME_NRIF_SIGNALS_CELL_DEATH_FROM_THE_NUCLEUS,Nrif signals cell death from the nucleus,1,16,330,0.003,0.0011,2.802,0.30310980965070633,0.8854092426809377,UBB,False
shared_down,Reactome,REACTOME_SYNTHESIS_OF_LEUKOTRIENES_LT_AND_EOXINS_EX,Synthesis of leukotrienes lt and eoxins ex,1,16,330,0.003,0.0011,2.802,0.30310980965070633,0.8854092426809377,CYP4A11,False
shared_down,Reactome,REACTOME_NUCLEAR_RECEPTOR_TRANSCRIPTION_PATHWAY,Nuclear receptor transcription pathway,2,50,330,0.0061,0.0034,1.793,0.30709735181240205,0.8854092426809377,"NR1I3, RORA",False
shared_down,Reactome,REACTOME_HEPARAN_SULFATE_HEPARIN_HS_GAG_METABOLISM,Heparan sulfate heparin hs gag metabolism,2,50,330,0.0061,0.0034,1.793,0.30709735181240205,0.8854092426809377,"HS3ST3A1, SDC2",False
shared_down,Reactome,REACTOME_ADHERENS_JUNCTIONS_INTERACTIONS,Adherens junctions interactions,2,50,330,0.0061,0.0034,1.793,0.30709735181240205,0.8854092426809377,"CADM2, NECTIN3",False
shared_down,Reactome,REACTOME_SIGNALING_BY_PTK6,Signaling by ptk6,2,51,330,0.0061,0.0034,1.758,0.3153495089700928,0.8854092426809377,"ERBB3, UBB",False
shared_down,Reactome,REACTOME_RA_BIOSYNTHESIS_PATHWAY,Ra biosynthesis pathway,1,17,330,0.003,0.0011,2.637,0.31867170996301286,0.8854092426809377,DHRS4,False
shared_down,Reactome,REACTOME_REGULATION_OF_NF_KAPPA_B_SIGNALING,Regulation of nf kappa b signaling,1,17,330,0.003,0.0011,2.637,0.31867170996301286,0.8854092426809377,UBB,False
shared_down,Reactome,REACTOME_COBALAMIN_CBL_VITAMIN_B12_TRANSPORT_AND_METABOLISM,Cobalamin cbl vitamin b12 transport and metabolism,1,17,330,0.003,0.0011,2.637,0.31867170996301286,0.8854092426809377,MMUT,False
shared_down,Reactome,REACTOME_CELL_EXTRACELLULAR_MATRIX_INTERACTIONS,Cell extracellular matrix interactions,1,17,330,0.003,0.0011,2.637,0.31867170996301286,0.8854092426809377,FERMT2,False
shared_down,Reactome,REACTOME_TICAM1_RIP1_MEDIATED_IKK_COMPLEX_RECRUITMENT,Ticam1 rip1 mediated ikk complex recruitment,1,17,330,0.003,0.0011,2.637,0.31867170996301286,0.8854092426809377,UBB,False
shared_down,Reactome,REACTOME_SIRT1_NEGATIVELY_REGULATES_RRNA_EXPRESSION,Sirt1 negatively regulates rrna expression,1,17,330,0.003,0.0011,2.637,0.31867170996301286,0.8854092426809377,SIRT1,False
shared_down,Reactome,REACTOME_TRANSLESION_SYNTHESIS_BY_POLK,Translesion synthesis by polk,1,17,330,0.003,0.0011,2.637,0.31867170996301286,0.8854092426809377,UBB,False
shared_down,Reactome,REACTOME_METABOLISM_OF_NUCLEOTIDES,Metabolism of nucleotides,3,89,330,0.0091,0.006,1.511,0.3192468969046835,0.8854092426809377,"UCK1, AGXT2, NT5E",False
shared_down,Reactome,REACTOME_REGULATION_OF_TP53_ACTIVITY_THROUGH_PHOSPHORYLATION,Regulation of tp53 activity through phosphorylation,3,89,330,0.0091,0.006,1.511,0.3192468969046835,0.8854092426809377,"UBB, PRKAG2, PRKAA1",False
shared_down,Reactome,REACTOME_DEADENYLATION_DEPENDENT_MRNA_DECAY,Deadenylation dependent mrna decay,2,52,330,0.0061,0.0035,1.724,0.32357944469122607,0.8854092426809377,"TUT7, EIF4B",False
shared_down,Reactome,REACTOME_IRON_UPTAKE_AND_TRANSPORT,Iron uptake and transport,2,53,330,0.0061,0.0036,1.692,0.33178405052754506,0.8854092426809377,"ABCG2, UBB",False
shared_down,Reactome,REACTOME_NUCLEOTIDE_BINDING_DOMAIN_LEUCINE_RICH_REPEAT_CONTAINING_RECEPTOR_NLR_SIGNALING_PATHWAYS,Nucleotide binding domain leucine rich repeat containing receptor nlr signaling pathways,2,53,330,0.0061,0.0036,1.692,0.33178405052754506,0.8854092426809377,"ITCH, UBB",False
shared_down,Reactome,REACTOME_TP53_REGULATES_TRANSCRIPTION_OF_GENES_INVOLVED_IN_G2_CELL_CYCLE_ARREST,Tp53 regulates transcription of genes involved in g2 cell cycle arrest,1,18,330,0.003,0.0012,2.491,0.33388713499598327,0.8854092426809377,RBL2,False
shared_down,Reactome,REACTOME_TRANSCRIPTION_OF_E2F_TARGETS_UNDER_NEGATIVE_CONTROL_BY_DREAM_COMPLEX,Transcription of e2f targets under negative control by dream complex,1,18,330,0.003,0.0012,2.491,0.33388713499598327,0.8854092426809377,RBL2,False
shared_down,Reactome,REACTOME_NOREPINEPHRINE_NEUROTRANSMITTER_RELEASE_CYCLE,Norepinephrine neurotransmitter release cycle,1,18,330,0.003,0.0012,2.491,0.33388713499598327,0.8854092426809377,MAOA,False
shared_down,Reactome,REACTOME_ATTACHMENT_AND_ENTRY,Attachment and entry,1,18,330,0.003,0.0012,2.491,0.33388713499598327,0.8854092426809377,SDC2,False
shared_down,Reactome,REACTOME_COMMON_PATHWAY_OF_FIBRIN_CLOT_FORMATION,Common pathway of fibrin clot formation,1,18,330,0.003,0.0012,2.491,0.33388713499598327,0.8854092426809377,SERPINC1,False
shared_down,Reactome,REACTOME_ABC_TRANSPORTERS_IN_LIPID_HOMEOSTASIS,Abc transporters in lipid homeostasis,1,18,330,0.003,0.0012,2.491,0.33388713499598327,0.8854092426809377,ABCA6,False
shared_down,Reactome,REACTOME_CONSTITUTIVE_SIGNALING_BY_LIGAND_RESPONSIVE_EGFR_CANCER_VARIANTS,Constitutive signaling by ligand responsive egfr cancer variants,1,18,330,0.003,0.0012,2.491,0.33388713499598327,0.8854092426809377,UBB,False
shared_down,Reactome,REACTOME_RORA_ACTIVATES_GENE_EXPRESSION,Rora activates gene expression,1,18,330,0.003,0.0012,2.491,0.33388713499598327,0.8854092426809377,RORA,False
shared_down,Reactome,REACTOME_PRE_NOTCH_PROCESSING_IN_GOLGI,Pre notch processing in golgi,1,18,330,0.003,0.0012,2.491,0.33388713499598327,0.8854092426809377,ST3GAL6,False
shared_down,Reactome,REACTOME_REGULATION_OF_FZD_BY_UBIQUITINATION,Regulation of fzd by ubiquitination,1,18,330,0.003,0.0012,2.491,0.33388713499598327,0.8854092426809377,UBB,False
shared_down,Reactome,REACTOME_CELLULAR_RESPONSE_TO_HEAT_STRESS,Cellular response to heat stress,3,92,330,0.0091,0.0062,1.462,0.33761854639437683,0.8854092426809377,"SIRT1, ST13, UBB",False
shared_down,Reactome,REACTOME_NEUREXINS_AND_NEUROLIGINS,Neurexins and neuroligins,2,54,330,0.0061,0.0037,1.66,0.33996036690794407,0.8854092426809377,"HOMER2, EPB41L5",False
shared_down,Reactome,REACTOME_INTERLEUKIN_4_AND_INTERLEUKIN_13_SIGNALING,Interleukin 4 and interleukin 13 signaling,3,93,330,0.0091,0.0063,1.446,0.3437381531083068,0.8854092426809377,"IL6R, RORA, MAOA",False
shared_down,Reactome,REACTOME_DEGRADATION_OF_GLI1_BY_THE_PROTEASOME,Degradation of gli1 by the proteasome,2,55,330,0.0061,0.0037,1.63,0.34810557807818093,0.8854092426809377,"ITCH, UBB",False
shared_down,Reactome,REACTOME_AMYLOID_FIBER_FORMATION,Amyloid fiber formation,2,55,330,0.0061,0.0037,1.63,0.34810557807818093,0.8854092426809377,"UBB, TTR",False
shared_down,Reactome,REACTOME_LDL_CLEARANCE,Ldl clearance,1,19,330,0.003,0.0013,2.359,0.3487637758630196,0.8854092426809377,SOAT2,False
shared_down,Reactome,REACTOME_SYNAPTIC_ADHESION_LIKE_MOLECULES,Synaptic adhesion like molecules,1,19,330,0.003,0.0013,2.359,0.3487637758630196,0.8854092426809377,PTPRD,False
shared_down,Reactome,REACTOME_LISTERIA_MONOCYTOGENES_ENTRY_INTO_HOST_CELLS,Listeria monocytogenes entry into host cells,1,19,330,0.003,0.0013,2.359,0.3487637758630196,0.8854092426809377,UBB,False
shared_down,Reactome,REACTOME_REGULATION_OF_TP53_ACTIVITY_THROUGH_METHYLATION,Regulation of tp53 activity through methylation,1,19,330,0.003,0.0013,2.359,0.3487637758630196,0.8854092426809377,UBB,False
shared_down,Reactome,REACTOME_DEFECTIVE_B4GALT7_CAUSES_EDS_PROGEROID_TYPE,Defective b4galt7 causes eds progeroid type,1,19,330,0.003,0.0013,2.359,0.3487637758630196,0.8854092426809377,SDC2,False
shared_down,Reactome,REACTOME_SIGNALING_BY_KIT_IN_DISEASE,Signaling by kit in disease,1,19,330,0.003,0.0013,2.359,0.3487637758630196,0.8854092426809377,YES1,False
shared_down,Reactome,REACTOME_ER_QUALITY_CONTROL_COMPARTMENT_ERQC,Er quality control compartment erqc,1,19,330,0.003,0.0013,2.359,0.3487637758630196,0.8854092426809377,UBB,False
shared_down,Reactome,REACTOME_TRANSLESION_SYNTHESIS_BY_POLH,Translesion synthesis by polh,1,19,330,0.003,0.0013,2.359,0.3487637758630196,0.8854092426809377,UBB,False
shared_down,Reactome,REACTOME_IKK_COMPLEX_RECRUITMENT_MEDIATED_BY_RIP1,Ikk complex recruitment mediated by rip1,1,19,330,0.003,0.0013,2.359,0.3487637758630196,0.8854092426809377,UBB,False
shared_down,Reactome,REACTOME_P75_NTR_RECEPTOR_MEDIATED_SIGNALLING,P75 ntr receptor mediated signalling,3,94,330,0.0091,0.0064,1.431,0.3498531442408986,0.8854092426809377,"NET1, UBB, ARHGEF4",False
shared_down,Reactome,REACTOME_VITAMIN_B5_PANTOTHENATE_METABOLISM,Vitamin b5 pantothenate metabolism,1,20,330,0.003,0.0014,2.242,0.3633091534579571,0.8854092426809377,ENPP1,False
shared_down,Reactome,REACTOME_NEGATIVE_REGULATION_OF_MET_ACTIVITY,Negative regulation of met activity,1,20,330,0.003,0.0014,2.242,0.3633091534579571,0.8854092426809377,UBB,False
shared_down,Reactome,REACTOME_GROWTH_HORMONE_RECEPTOR_SIGNALING,Growth hormone receptor signaling,1,20,330,0.003,0.0014,2.242,0.3633091534579571,0.8854092426809377,PRLR,False
shared_down,Reactome,REACTOME_GAP_JUNCTION_ASSEMBLY,Gap junction assembly,1,20,330,0.003,0.0014,2.242,0.3633091534579571,0.8854092426809377,GJB1,False
shared_down,Reactome,REACTOME_EVASION_BY_RSV_OF_HOST_INTERFERON_RESPONSES,Evasion by rsv of host interferon responses,1,20,330,0.003,0.0014,2.242,0.3633091534579571,0.8854092426809377,UBB,False
shared_down,Reactome,REACTOME_DEFECTS_IN_VITAMIN_AND_COFACTOR_METABOLISM,Defects in vitamin and cofactor metabolism,1,20,330,0.003,0.0014,2.242,0.3633091534579571,0.8854092426809377,MMUT,False
shared_down,Reactome,REACTOME_CTLA4_INHIBITORY_SIGNALING,Ctla4 inhibitory signaling,1,20,330,0.003,0.0014,2.242,0.3633091534579571,0.8854092426809377,YES1,False
shared_down,Reactome,REACTOME_JNK_C_JUN_KINASES_PHOSPHORYLATION_AND_ACTIVATION_MEDIATED_BY_ACTIVATED_HUMAN_TAK1,Jnk c jun kinases phosphorylation and activation mediated by activated human tak1,1,20,330,0.003,0.0014,2.242,0.3633091534579571,0.8854092426809377,UBB,False
shared_down,Reactome,REACTOME_SHC1_EVENTS_IN_ERBB2_SIGNALING,Shc1 events in erbb2 signaling,1,20,330,0.003,0.0014,2.242,0.3633091534579571,0.8854092426809377,ERBB3,False
shared_down,Reactome,REACTOME_SENSORY_PERCEPTION_OF_TASTE,Sensory perception of taste,1,20,330,0.003,0.0014,2.242,0.3633091534579571,0.8854092426809377,TAS1R1,False
shared_down,Reactome,REACTOME_NRAGE_SIGNALS_DEATH_THROUGH_JNK,Nrage signals death through jnk,2,57,330,0.0061,0.0039,1.573,0.364292111543535,0.8854092426809377,"NET1, ARHGEF4",False
shared_down,Reactome,REACTOME_SYNTHESIS_OF_SUBSTRATES_IN_N_GLYCAN_BIOSYTHESIS,Synthesis of substrates in n glycan biosythesis,2,57,330,0.0061,0.0039,1.573,0.364292111543535,0.8854092426809377,"ST3GAL6, GNE",False
shared_down,Reactome,REACTOME_DISEASES_ASSOCIATED_WITH_O_GLYCOSYLATION_OF_PROTEINS,Diseases associated with o glycosylation of proteins,2,58,330,0.0061,0.0039,1.546,0.37232847795481677,0.8854092426809377,"C1GALT1, CFP",False
shared_down,Reactome,REACTOME_INTERLEUKIN_6_FAMILY_SIGNALING,Interleukin 6 family signaling,1,21,330,0.003,0.0014,2.135,0.37753062221109596,0.8854092426809377,IL6R,False
shared_down,Reactome,REACTOME_RESPIRATORY_SYNCYTIAL_VIRUS_RSV_ATTACHMENT_AND_ENTRY,Respiratory syncytial virus rsv attachment and entry,1,21,330,0.003,0.0014,2.135,0.37753062221109596,0.8854092426809377,SDC2,False
shared_down,Reactome,REACTOME_INTERLEUKIN_7_SIGNALING,Interleukin 7 signaling,1,21,330,0.003,0.0014,2.135,0.37753062221109596,0.8854092426809377,RAG1,False
shared_down,Reactome,REACTOME_METALLOPROTEASE_DUBS,Metalloprotease dubs,1,21,330,0.003,0.0014,2.135,0.37753062221109596,0.8854092426809377,UBB,False
shared_down,Reactome,REACTOME_METAL_ION_SLC_TRANSPORTERS,Metal ion slc transporters,1,21,330,0.003,0.0014,2.135,0.37753062221109596,0.8854092426809377,SLC30A10,False
shared_down,Reactome,REACTOME_CHAPERONE_MEDIATED_AUTOPHAGY,Chaperone mediated autophagy,1,21,330,0.003,0.0014,2.135,0.37753062221109596,0.8854092426809377,UBB,False
shared_down,Reactome,REACTOME_AMINE_LIGAND_BINDING_RECEPTORS,Amine ligand binding receptors,1,21,330,0.003,0.0014,2.135,0.37753062221109596,0.8854092426809377,HTR2A,False
shared_down,Reactome,REACTOME_ACTIVATED_TAK1_MEDIATES_P38_MAPK_ACTIVATION,Activated tak1 mediates p38 mapk activation,1,21,330,0.003,0.0014,2.135,0.37753062221109596,0.8854092426809377,UBB,False
shared_down,Reactome,REACTOME_NEGATIVE_REGULATION_OF_THE_PI3K_AKT_NETWORK,Negative regulation of the pi3k akt network,3,99,330,0.0091,0.0067,1.358,0.38030987437980984,0.8854092426809377,"ERBB3, IL1RAP, PHLPP1",False
shared_down,Reactome,REACTOME_SIGNALING_BY_HEDGEHOG,Signaling by hedgehog,4,140,330,0.0121,0.0095,1.281,0.3806866821834242,0.8854092426809377,"ITCH, ADCY10, UBB, CDON",False
shared_down,Reactome,REACTOME_CELL_JUNCTION_ORGANIZATION,Cell junction organization,3,100,330,0.0091,0.0068,1.345,0.3863682582303591,0.8854092426809377,"CADM2, NECTIN3, FERMT2",False
shared_down,Reactome,REACTOME_RESPONSE_OF_MTB_TO_PHAGOCYTOSIS,Response of mtb to phagocytosis,1,22,330,0.003,0.0015,2.038,0.39143537376259785,0.8854092426809377,UBB,False
shared_down,Reactome,REACTOME_NEGATIVE_REGULATION_OF_FGFR3_SIGNALING,Negative regulation of fgfr3 signaling,1,22,330,0.003,0.0015,2.038,0.39143537376259785,0.8854092426809377,UBB,False
shared_down,Reactome,REACTOME_NUCLEOTIDE_SALVAGE,Nucleotide salvage,1,22,330,0.003,0.0015,2.038,0.39143537376259785,0.8854092426809377,UCK1,False
shared_down,Reactome,REACTOME_NOTCH2_ACTIVATION_AND_TRANSMISSION_OF_SIGNAL_TO_THE_NUCLEUS,Notch2 activation and transmission of signal to the nucleus,1,22,330,0.003,0.0015,2.038,0.39143537376259785,0.8854092426809377,UBB,False
shared_down,Reactome,REACTOME_ATTENUATION_PHASE,Attenuation phase,1,22,330,0.003,0.0015,2.038,0.39143537376259785,0.8854092426809377,UBB,False
shared_down,Reactome,REACTOME_SIGNALING_BY_EGFR_IN_CANCER,Signaling by egfr in cancer,1,22,330,0.003,0.0015,2.038,0.39143537376259785,0.8854092426809377,UBB,False
shared_down,Reactome,REACTOME_ACTIVATION_OF_MATRIX_METALLOPROTEINASES,Activation of matrix metalloproteinases,1,22,330,0.003,0.0015,2.038,0.39143537376259785,0.8854092426809377,KLKB1,False
shared_down,Reactome,REACTOME_NITRIC_OXIDE_STIMULATES_GUANYLATE_CYCLASE,Nitric oxide stimulates guanylate cyclase,1,22,330,0.003,0.0015,2.038,0.39143537376259785,0.8854092426809377,KCNMA1,False
shared_down,Reactome,REACTOME_SURFACTANT_METABOLISM,Surfactant metabolism,1,22,330,0.003,0.0015,2.038,0.39143537376259785,0.8854092426809377,SLC34A1,False
shared_down,Reactome,REACTOME_RUNX2_REGULATES_OSTEOBLAST_DIFFERENTIATION,Runx2 regulates osteoblast differentiation,1,22,330,0.003,0.0015,2.038,0.39143537376259785,0.8854092426809377,YES1,False
shared_down,Reactome,REACTOME_SARS_COV_2_ACTIVATES_MODULATES_INNATE_AND_ADAPTIVE_IMMUNE_RESPONSES,Sars cov 2 activates modulates innate and adaptive immune responses,3,103,330,0.0091,0.007,1.306,0.4044550556484959,0.8854092426809377,"CNBP, UBB, MASP2",False
shared_down,Reactome,REACTOME_TRANSCRIPTIONAL_REGULATION_OF_PLURIPOTENT_STEM_CELLS,Transcriptional regulation of pluripotent stem cells,1,23,330,0.003,0.0016,1.949,0.40503044055506626,0.8854092426809377,DPPA4,False
shared_down,Reactome,REACTOME_CASPASE_ACTIVATION_VIA_EXTRINSIC_APOPTOTIC_SIGNALLING_PATHWAY,Caspase activation via extrinsic apoptotic signalling pathway,1,23,330,0.003,0.0016,1.949,0.40503044055506626,0.8854092426809377,TNFSF10,False
shared_down,Reactome,REACTOME_NEGATIVE_REGULATION_OF_FGFR4_SIGNALING,Negative regulation of fgfr4 signaling,1,23,330,0.003,0.0016,1.949,0.40503044055506626,0.8854092426809377,UBB,False
shared_down,Reactome,REACTOME_HS_GAG_DEGRADATION,Hs gag degradation,1,23,330,0.003,0.0016,1.949,0.40503044055506626,0.8854092426809377,SDC2,False
shared_down,Reactome,REACTOME_GLUTAMATE_NEUROTRANSMITTER_RELEASE_CYCLE,Glutamate neurotransmitter release cycle,1,23,330,0.003,0.0016,1.949,0.40503044055506626,0.8854092426809377,GLS2,False
shared_down,Reactome,REACTOME_MYOGENESIS,Myogenesis,1,23,330,0.003,0.0016,1.949,0.40503044055506626,0.8854092426809377,CDON,False
shared_down,Reactome,REACTOME_MTORC1_MEDIATED_SIGNALLING,Mtorc1 mediated signalling,1,23,330,0.003,0.0016,1.949,0.40503044055506626,0.8854092426809377,EIF4B,False
shared_down,Reactome,REACTOME_RAS_PROCESSING,Ras processing,1,23,330,0.003,0.0016,1.949,0.40503044055506626,0.8854092426809377,UBB,False
shared_down,Reactome,REACTOME_SIGNALING_BY_TGFB_FAMILY_MEMBERS,Signaling by tgfb family members,4,145,330,0.0121,0.0098,1.237,0.4059493429164693,0.8854092426809377,"ACVR1C, CGN, ACVR2B, UBB",False
shared_down,Reactome,REACTOME_COLLAGEN_BIOSYNTHESIS_AND_MODIFYING_ENZYMES,Collagen biosynthesis and modifying enzymes,2,63,330,0.0061,0.0043,1.423,0.4118532925291121,0.8854092426809377,"COL11A2, PCOLCE2",False
shared_down,Reactome,REACTOME_REGULATION_OF_RUNX2_EXPRESSION_AND_ACTIVITY,Regulation of runx2 expression and activity,2,63,330,0.0061,0.0043,1.423,0.4118532925291121,0.8854092426809377,"UBB, WWP1",False
shared_down,Reactome,REACTOME_DEATH_RECEPTOR_SIGNALING,Death receptor signaling,4,147,330,0.0121,0.0099,1.22,0.41600329924053353,0.8854092426809377,"NET1, UBB, ARHGEF4, TNFSF10",False
shared_down,Reactome,REACTOME_HEDGEHOG_OFF_STATE,Hedgehog off state,3,105,330,0.0091,0.0071,1.281,0.41642774961648205,0.8854092426809377,"ITCH, ADCY10, UBB",False
shared_down,Reactome,REACTOME_CALNEXIN_CALRETICULIN_CYCLE,Calnexin calreticulin cycle,1,24,330,0.003,0.0016,1.868,0.41832269934707944,0.8854092426809377,UBB,False
shared_down,Reactome,REACTOME_NOTCH3_ACTIVATION_AND_TRANSMISSION_OF_SIGNAL_TO_THE_NUCLEUS,Notch3 activation and transmission of signal to the nucleus,1,24,330,0.003,0.0016,1.868,0.41832269934707944,0.8854092426809377,UBB,False
shared_down,Reactome,REACTOME_INACTIVATION_OF_CSF3_G_CSF_SIGNALING,Inactivation of csf3 g csf signaling,1,24,330,0.003,0.0016,1.868,0.41832269934707944,0.8854092426809377,UBB,False
shared_down,Reactome,REACTOME_KERATAN_SULFATE_BIOSYNTHESIS,Keratan sulfate biosynthesis,1,24,330,0.003,0.0016,1.868,0.41832269934707944,0.8854092426809377,ST3GAL6,False
shared_down,Reactome,REACTOME_APC_C_CDC20_MEDIATED_DEGRADATION_OF_CYCLIN_B,Apc c cdc20 mediated degradation of cyclin b,1,24,330,0.003,0.0016,1.868,0.41832269934707944,0.8854092426809377,UBB,False
shared_down,Reactome,REACTOME_SIGNALING_BY_ERBB2_IN_CANCER,Signaling by erbb2 in cancer,1,24,330,0.003,0.0016,1.868,0.41832269934707944,0.8854092426809377,ERBB3,False
shared_down,Reactome,REACTOME_TRANSCRIPTIONAL_REGULATION_BY_RUNX2,Transcriptional regulation by runx2,3,106,330,0.0091,0.0072,1.269,0.4223852543844414,0.8854092426809377,"YES1, WWP1, UBB",False
shared_down,Reactome,REACTOME_SELENOAMINO_ACID_METABOLISM,Selenoamino acid metabolism,3,106,330,0.0091,0.0072,1.269,0.4223852543844414,0.8854092426809377,"MAT1A, CBS, GNMT",False
shared_down,Reactome,REACTOME_A_TETRASACCHARIDE_LINKER_SEQUENCE_IS_REQUIRED_FOR_GAG_SYNTHESIS,A tetrasaccharide linker sequence is required for gag synthesis,1,25,330,0.003,0.0017,1.793,0.4313188746494129,0.8854092426809377,SDC2,False
shared_down,Reactome,REACTOME_NEGATIVE_REGULATION_OF_FGFR2_SIGNALING,Negative regulation of fgfr2 signaling,1,25,330,0.003,0.0017,1.793,0.4313188746494129,0.8854092426809377,UBB,False
shared_down,Reactome,REACTOME_HSF1_ACTIVATION,Hsf1 activation,1,25,330,0.003,0.0017,1.793,0.4313188746494129,0.8854092426809377,UBB,False
shared_down,Reactome,REACTOME_TRP_CHANNELS,Trp channels,1,25,330,0.003,0.0017,1.793,0.4313188746494129,0.8854092426809377,TRPM6,False
shared_down,Reactome,REACTOME_EGR2_AND_SOX10_MEDIATED_INITIATION_OF_SCHWANN_CELL_MYELINATION,Egr2 and sox10 mediated initiation of schwann cell myelination,1,25,330,0.003,0.0017,1.793,0.4313188746494129,0.8854092426809377,GJB1,False
shared_down,Reactome,REACTOME_GAP_FILLING_DNA_REPAIR_SYNTHESIS_AND_LIGATION_IN_GG_NER,Gap filling dna repair synthesis and ligation in gg ner,1,25,330,0.003,0.0017,1.793,0.4313188746494129,0.8854092426809377,UBB,False
shared_down,Reactome,REACTOME_PURINERGIC_SIGNALING_IN_LEISHMANIASIS_INFECTION,Purinergic signaling in leishmaniasis infection,1,25,330,0.003,0.0017,1.793,0.4313188746494129,0.8854092426809377,NT5E,False
shared_down,Reactome,REACTOME_M_DECAY_DEGRADATION_OF_MATERNAL_MRNAS_BY_MATERNALLY_STORED_FACTORS,M decay degradation of maternal mrnas by maternally stored factors,1,25,330,0.003,0.0017,1.793,0.4313188746494129,0.8854092426809377,EIF4B,False
shared_down,Reactome,REACTOME_G0_AND_EARLY_G1,G0 and early g1,1,25,330,0.003,0.0017,1.793,0.4313188746494129,0.8854092426809377,RBL2,False
shared_down,Reactome,REACTOME_INFECTION_WITH_MYCOBACTERIUM_TUBERCULOSIS,Infection with mycobacterium tuberculosis,1,25,330,0.003,0.0017,1.793,0.4313188746494129,0.8854092426809377,UBB,False
shared_down,Reactome,REACTOME_METABOLISM_OF_COFACTORS,Metabolism of cofactors,1,25,330,0.003,0.0017,1.793,0.4313188746494129,0.8854092426809377,GCHFR,False
shared_down,Reactome,REACTOME_CARDIAC_CONDUCTION,Cardiac conduction,3,109,330,0.0091,0.0074,1.234,0.4401301026035537,0.8893966161170015,"SCN8A, KCNK3, ABCC9",False
shared_down,Reactome,REACTOME_NEGATIVE_REGULATION_OF_FGFR1_SIGNALING,Negative regulation of fgfr1 signaling,1,26,330,0.003,0.0018,1.724,0.4440255420856437,0.8893966161170015,UBB,False
shared_down,Reactome,REACTOME_DOWNREGULATION_OF_TGF_BETA_RECEPTOR_SIGNALING,Downregulation of tgf beta receptor signaling,1,26,330,0.003,0.0018,1.724,0.4440255420856437,0.8893966161170015,UBB,False
shared_down,Reactome,REACTOME_BMAL1_CLOCK_NPAS2_ACTIVATES_CIRCADIAN_GENE_EXPRESSION,Bmal1 clock npas2 activates circadian gene expression,1,26,330,0.003,0.0018,1.724,0.4440255420856437,0.8893966161170015,KLF15,False
shared_down,Reactome,REACTOME_SYNTHESIS_OF_PC,Synthesis of pc,1,26,330,0.003,0.0018,1.724,0.4440255420856437,0.8893966161170015,BCHE,False
shared_down,Reactome,REACTOME_EGFR_DOWNREGULATION,Egfr downregulation,1,26,330,0.003,0.0018,1.724,0.4440255420856437,0.8893966161170015,UBB,False
shared_down,Reactome,REACTOME_EPHA_MEDIATED_GROWTH_CONE_COLLAPSE,Epha mediated growth cone collapse,1,26,330,0.003,0.0018,1.724,0.4440255420856437,0.8893966161170015,YES1,False
shared_down,Reactome,REACTOME_APC_CDC20_MEDIATED_DEGRADATION_OF_NEK2A,Apc cdc20 mediated degradation of nek2a,1,26,330,0.003,0.0018,1.724,0.4440255420856437,0.8893966161170015,UBB,False
shared_down,Reactome,REACTOME_PROTEIN_UBIQUITINATION,Protein ubiquitination,2,68,330,0.0061,0.0046,1.319,0.4501146816537044,0.8899826685482688,"RNF152, UBB",False
shared_down,Reactome,REACTOME_BACTERIAL_INFECTION_PATHWAYS,Bacterial infection pathways,2,68,330,0.0061,0.0046,1.319,0.4501146816537044,0.8899826685482688,"UBB, GUCY2C",False
shared_down,Reactome,REACTOME_ANTIGEN_PROCESSING_UBIQUITINATION_PROTEASOME_DEGRADATION,Antigen processing ubiquitination proteasome degradation,7,286,330,0.0212,0.0193,1.097,0.455671642690736,0.8899826685482688,"WWP1, UBB, ASB9, FBXO4, ITCH, HERC5, ASB11",False
shared_down,Reactome,REACTOME_BUDDING_AND_MATURATION_OF_HIV_VIRION,Budding and maturation of hiv virion,1,27,330,0.003,0.0018,1.66,0.4564491316788003,0.8899826685482688,UBB,False
shared_down,Reactome,REACTOME_FLT3_SIGNALING_IN_DISEASE,Flt3 signaling in disease,1,27,330,0.003,0.0018,1.66,0.4564491316788003,0.8899826685482688,UBB,False
shared_down,Reactome,REACTOME_SIGNALING_BY_BMP,Signaling by bmp,1,27,330,0.003,0.0018,1.66,0.4564491316788003,0.8899826685482688,ACVR2B,False
shared_down,Reactome,REACTOME_SYNDECAN_INTERACTIONS,Syndecan interactions,1,27,330,0.003,0.0018,1.66,0.4564491316788003,0.8899826685482688,SDC2,False
shared_down,Reactome,REACTOME_PHASE_0_RAPID_DEPOLARISATION,Phase 0 rapid depolarisation,1,27,330,0.003,0.0018,1.66,0.4564491316788003,0.8899826685482688,SCN8A,False
shared_down,Reactome,REACTOME_G1_S_SPECIFIC_TRANSCRIPTION,G1 s specific transcription,1,27,330,0.003,0.0018,1.66,0.4564491316788003,0.8899826685482688,RBL2,False
shared_down,Reactome,REACTOME_MAPK_FAMILY_SIGNALING_CASCADES,Mapk family signaling cascades,7,287,330,0.0212,0.0194,1.093,0.45928673218207183,0.8899826685482688,"SPTBN2, IL6R, UBB, RAG1, ERBB3, CNKSR2, DUSP10",False
shared_down,Reactome,REACTOME_AMINO_ACID_TRANSPORT_ACROSS_THE_PLASMA_MEMBRANE,Amino acid transport across the plasma membrane,1,28,330,0.003,0.0019,1.601,0.46859593106567626,0.8899826685482688,SLC16A10,False
shared_down,Reactome,REACTOME_SUMOYLATION_OF_INTRACELLULAR_RECEPTORS,Sumoylation of intracellular receptors,1,28,330,0.003,0.0019,1.601,0.46859593106567626,0.8899826685482688,RORA,False
shared_down,Reactome,REACTOME_NICOTINATE_METABOLISM,Nicotinate metabolism,1,28,330,0.003,0.0019,1.601,0.46859593106567626,0.8899826685482688,NT5E,False
shared_down,Reactome,REACTOME_ISG15_ANTIVIRAL_MECHANISM,Isg15 antiviral mechanism,2,71,330,0.0061,0.0048,1.263,0.472387679179821,0.8899826685482688,"HERC5, UBB",False
shared_down,Reactome,REACTOME_BIOSYNTHESIS_OF_THE_N_GLYCAN_PRECURSOR_DOLICHOL_LIPID_LINKED_OLIGOSACCHARIDE_LLO_AND_TRANSFER_TO_A_NASCENT_PROTEIN,Biosynthesis of the n glycan precursor dolichol lipid linked oligosaccharide llo and transfer to a nascent protein,2,71,330,0.0061,0.0048,1.263,0.472387679179821,0.8899826685482688,"ST3GAL6, GNE",False
shared_down,Reactome,REACTOME_SIGNALING_BY_NOTCH1,Signaling by notch1,2,71,330,0.0061,0.0048,1.263,0.472387679179821,0.8899826685482688,"ITCH, UBB",False
shared_down,Reactome,REACTOME_ION_CHANNEL_TRANSPORT,Ion channel transport,4,160,330,0.0121,0.0108,1.121,0.4801954821767162,0.8899826685482688,"WNK3, UBB, TRPM6, WWP1",False
shared_down,Reactome,REACTOME_GENE_AND_PROTEIN_EXPRESSION_BY_JAK_STAT_SIGNALING_AFTER_INTERLEUKIN_12_STIMULATION,Gene and protein expression by jak stat signaling after interleukin 12 stimulation,1,29,330,0.003,0.002,1.546,0.4804720886403971,0.8899826685482688,SOD1,False
shared_down,Reactome,REACTOME_INWARDLY_RECTIFYING_K_CHANNELS,Inwardly rectifying k channels,1,29,330,0.003,0.002,1.546,0.4804720886403971,0.8899826685482688,ABCC9,False
shared_down,Reactome,REACTOME_PINK1_PRKN_MEDIATED_MITOPHAGY,Pink1 prkn mediated mitophagy,1,29,330,0.003,0.002,1.546,0.4804720886403971,0.8899826685482688,UBB,False
shared_down,Reactome,REACTOME_MET_ACTIVATES_PTK2_SIGNALING,Met activates ptk2 signaling,1,29,330,0.003,0.002,1.546,0.4804720886403971,0.8899826685482688,COL11A2,False
shared_down,Reactome,REACTOME_RUNX2_REGULATES_BONE_DEVELOPMENT,Runx2 regulates bone development,1,29,330,0.003,0.002,1.546,0.4804720886403971,0.8899826685482688,YES1,False
shared_down,Reactome,REACTOME_SIGNALING_BY_CSF3_G_CSF,Signaling by csf3 g csf,1,29,330,0.003,0.002,1.546,0.4804720886403971,0.8899826685482688,UBB,False
shared_down,Reactome,REACTOME_SYNTHESIS_OF_ACTIVE_UBIQUITIN_ROLES_OF_E1_AND_E2_ENZYMES,Synthesis of active ubiquitin roles of e1 and e2 enzymes,1,29,330,0.003,0.002,1.546,0.4804720886403971,0.8899826685482688,UBB,False
shared_down,Reactome,REACTOME_UPTAKE_AND_ACTIONS_OF_BACTERIAL_TOXINS,Uptake and actions of bacterial toxins,1,29,330,0.003,0.002,1.546,0.4804720886403971,0.8899826685482688,GUCY2C,False
shared_down,Reactome,REACTOME_TRANSLATION_OF_SARS_COV_1_STRUCTURAL_PROTEINS,Translation of sars cov 1 structural proteins,1,29,330,0.003,0.002,1.546,0.4804720886403971,0.8899826685482688,UBB,False
shared_down,Reactome,REACTOME_REGULATION_OF_LIPID_METABOLISM_BY_PPARALPHA,Regulation of lipid metabolism by pparalpha,3,116,330,0.0091,0.0078,1.159,0.4806714261297004,0.8899826685482688,"CYP4A11, RORA, HMGCS2",False
shared_down,Reactome,REACTOME_ABC_TRANSPORTER_DISORDERS,Abc transporter disorders,2,73,330,0.0061,0.0049,1.228,0.4869321432908734,0.8911432071003622,"UBB, ABCC9",False
shared_down,Reactome,REACTOME_RUNX1_REGULATES_TRANSCRIPTION_OF_GENES_INVOLVED_IN_DIFFERENTIATION_OF_HSCS,Runx1 regulates transcription of genes involved in differentiation of hscs,2,73,330,0.0061,0.0049,1.228,0.4869321432908734,0.8911432071003622,"ITCH, UBB",False
shared_down,Reactome,REACTOME_TRIGLYCERIDE_METABOLISM,Triglyceride metabolism,1,30,330,0.003,0.002,1.494,0.492083616628793,0.8911432071003622,MOGAT2,False
shared_down,Reactome,REACTOME_ENDOSOMAL_SORTING_COMPLEX_REQUIRED_FOR_TRANSPORT_ESCRT,Endosomal sorting complex required for transport escrt,1,30,330,0.003,0.002,1.494,0.492083616628793,0.8911432071003622,UBB,False
shared_down,Reactome,REACTOME_RECOGNITION_OF_DNA_DAMAGE_BY_PCNA_CONTAINING_REPLICATION_COMPLEX,Recognition of dna damage by pcna containing replication complex,1,30,330,0.003,0.002,1.494,0.492083616628793,0.8911432071003622,UBB,False
shared_down,Reactome,REACTOME_DOWNREGULATION_OF_SMAD2_3_SMAD4_TRANSCRIPTIONAL_ACTIVITY,Downregulation of smad2 3 smad4 transcriptional activity,1,30,330,0.003,0.002,1.494,0.492083616628793,0.8911432071003622,UBB,False
shared_down,Reactome,REACTOME_DETOXIFICATION_OF_REACTIVE_OXYGEN_SPECIES,Detoxification of reactive oxygen species,1,30,330,0.003,0.002,1.494,0.492083616628793,0.8911432071003622,SOD1,False
shared_down,Reactome,REACTOME_CD28_CO_STIMULATION,Cd28 co stimulation,1,30,330,0.003,0.002,1.494,0.492083616628793,0.8911432071003622,YES1,False
shared_down,Reactome,REACTOME_G_ALPHA_12_13_SIGNALLING_EVENTS,G alpha 12 13 signalling events,2,74,330,0.0061,0.005,1.212,0.49411029375136967,0.8923685906274736,"NET1, ARHGEF4",False
shared_down,Reactome,REACTOME_CELL_CELL_JUNCTION_ORGANIZATION,Cell cell junction organization,2,75,330,0.0061,0.0051,1.195,0.5012246360548533,0.9021443190777075,"CADM2, NECTIN3",False
shared_down,Reactome,REACTOME_TNFR1_INDUCED_NF_KAPPA_B_SIGNALING_PATHWAY,Tnfr1 induced nf kappa b signaling pathway,1,31,330,0.003,0.0021,1.446,0.5034363940950963,0.9021443190777075,UBB,False
shared_down,Reactome,REACTOME_SIGNALING_BY_MET,Signaling by met,2,76,330,0.0061,0.0051,1.18,0.5082744388531386,0.9021443190777075,"COL11A2, UBB",False
shared_down,Reactome,REACTOME_KERATAN_SULFATE_KERATIN_METABOLISM,Keratan sulfate keratin metabolism,1,32,330,0.003,0.0022,1.401,0.5145361698824444,0.9021443190777075,ST3GAL6,False
shared_down,Reactome,REACTOME_SIGNALING_BY_NOTCH2,Signaling by notch2,1,32,330,0.003,0.0022,1.401,0.5145361698824444,0.9021443190777075,UBB,False
shared_down,Reactome,REACTOME_HSF1_DEPENDENT_TRANSACTIVATION,Hsf1 dependent transactivation,1,32,330,0.003,0.0022,1.401,0.5145361698824444,0.9021443190777075,UBB,False
shared_down,Reactome,REACTOME_REGULATION_OF_PYRUVATE_METABOLISM,Regulation of pyruvate metabolism,1,32,330,0.003,0.0022,1.401,0.5145361698824444,0.9021443190777075,UBB,False
shared_down,Reactome,REACTOME_TERMINATION_OF_TRANSLESION_DNA_SYNTHESIS,Termination of translesion dna synthesis,1,32,330,0.003,0.0022,1.401,0.5145361698824444,0.9021443190777075,UBB,False
shared_down,Reactome,REACTOME_LATE_ENDOSOMAL_MICROAUTOPHAGY,Late endosomal microautophagy,1,32,330,0.003,0.0022,1.401,0.5145361698824444,0.9021443190777075,UBB,False
shared_down,Reactome,REACTOME_GAP_JUNCTION_TRAFFICKING_AND_REGULATION,Gap junction trafficking and regulation,1,32,330,0.003,0.0022,1.401,0.5145361698824444,0.9021443190777075,GJB1,False
shared_down,Reactome,REACTOME_ONCOGENE_INDUCED_SENESCENCE,Oncogene induced senescence,1,32,330,0.003,0.0022,1.401,0.5145361698824444,0.9021443190777075,UBB,False
shared_down,Reactome,REACTOME_CLASS_I_MHC_MEDIATED_ANTIGEN_PROCESSING_PRESENTATION,Class i mhc mediated antigen processing presentation,8,348,330,0.0242,0.0235,1.031,0.5159532652291244,0.902235736286908,"SEC61A2, WWP1, UBB, ASB9, FBXO4, ITCH, HERC5, ASB11",False
shared_down,Reactome,REACTOME_N_GLYCAN_TRIMMING_IN_THE_ER_AND_CALNEXIN_CALRETICULIN_CYCLE,N glycan trimming in the er and calnexin calreticulin cycle,1,33,330,0.003,0.0022,1.358,0.525388565488649,0.9065257558177645,UBB,False
shared_down,Reactome,REACTOME_SIGNALING_BY_FGFR4,Signaling by fgfr4,1,33,330,0.003,0.0022,1.358,0.525388565488649,0.9065257558177645,UBB,False
shared_down,Reactome,REACTOME_SIGNALING_BY_FGFR3,Signaling by fgfr3,1,33,330,0.003,0.0022,1.358,0.525388565488649,0.9065257558177645,UBB,False
shared_down,Reactome,REACTOME_DISEASES_OF_CARBOHYDRATE_METABOLISM,Diseases of carbohydrate metabolism,1,33,330,0.003,0.0022,1.358,0.525388565488649,0.9065257558177645,UBB,False
shared_down,Reactome,REACTOME_SELECTIVE_AUTOPHAGY,Selective autophagy,2,79,330,0.0061,0.0053,1.135,0.5290302432758418,0.9065257558177645,"UBB, PRKAG2",False
shared_down,Reactome,REACTOME_ONCOGENIC_MAPK_SIGNALING,Oncogenic mapk signaling,2,80,330,0.0061,0.0054,1.121,0.5358158196328534,0.9065257558177645,"CNKSR2, DUSP10",False
shared_down,Reactome,REACTOME_O_GLYCOSYLATION_OF_TSR_DOMAIN_CONTAINING_PROTEINS,O glycosylation of tsr domain containing proteins,1,34,330,0.003,0.0023,1.319,0.535999077878646,0.9065257558177645,CFP,False
shared_down,Reactome,REACTOME_NR1H3_NR1H2_REGULATE_GENE_EXPRESSION_LINKED_TO_CHOLESTEROL_TRANSPORT_AND_EFFLUX,Nr1h3 nr1h2 regulate gene expression linked to cholesterol transport and efflux,1,34,330,0.003,0.0023,1.319,0.535999077878646,0.9065257558177645,CETP,False
shared_down,Reactome,REACTOME_VASOPRESSIN_REGULATES_RENAL_WATER_HOMEOSTASIS_VIA_AQUAPORINS,Vasopressin regulates renal water homeostasis via aquaporins,1,34,330,0.003,0.0023,1.319,0.535999077878646,0.9065257558177645,AQP3,False
shared_down,Reactome,REACTOME_SYNTHESIS_OF_PA,Synthesis of pa,1,34,330,0.003,0.0023,1.319,0.535999077878646,0.9065257558177645,AGPAT5,False
shared_down,Reactome,REACTOME_SPHINGOLIPID_DE_NOVO_BIOSYNTHESIS,Sphingolipid de novo biosynthesis,1,34,330,0.003,0.0023,1.319,0.535999077878646,0.9065257558177645,ABCG2,False
shared_down,Reactome,REACTOME_CYCLIN_A_CDK2_ASSOCIATED_EVENTS_AT_S_PHASE_ENTRY,Cyclin a cdk2 associated events at s phase entry,2,81,330,0.0061,0.0055,1.107,0.542534112654189,0.9065257558177645,"RBL2, UBB",False
shared_down,Reactome,REACTOME_COLLAGEN_FORMATION,Collagen formation,2,81,330,0.0061,0.0055,1.107,0.542534112654189,0.9065257558177645,"COL11A2, PCOLCE2",False
shared_down,Reactome,REACTOME_MAPK6_MAPK4_SIGNALING,Mapk6 mapk4 signaling,2,81,330,0.0061,0.0055,1.107,0.542534112654189,0.9065257558177645,"UBB, RAG1",False
shared_down,Reactome,REACTOME_FANCONI_ANEMIA_PATHWAY,Fanconi anemia pathway,1,35,330,0.003,0.0024,1.281,0.5463730822350176,0.9065257558177645,UBB,False
shared_down,Reactome,REACTOME_AGGREPHAGY,Aggrephagy,1,35,330,0.003,0.0024,1.281,0.5463730822350176,0.9065257558177645,UBB,False
shared_down,Reactome,REACTOME_EARLY_SARS_COV_2_INFECTION_EVENTS,Early sars cov 2 infection events,1,35,330,0.003,0.0024,1.281,0.5463730822350176,0.9065257558177645,SDC2,False
shared_down,Reactome,REACTOME_MEIOTIC_RECOMBINATION,Meiotic recombination,1,35,330,0.003,0.0024,1.281,0.5463730822350176,0.9065257558177645,TEX15,False
shared_down,Reactome,REACTOME_REGULATION_OF_TP53_EXPRESSION_AND_DEGRADATION,Regulation of tp53 expression and degradation,1,35,330,0.003,0.0024,1.281,0.5463730822350176,0.9065257558177645,UBB,False
shared_down,Reactome,REACTOME_ACTIVATION_OF_NMDA_RECEPTORS_AND_POSTSYNAPTIC_EVENTS,Activation of nmda receptors and postsynaptic events,2,82,330,0.0061,0.0055,1.093,0.5491847398665725,0.9065257558177645,"PRKAG2, PRKAA1",False
shared_down,Reactome,REACTOME_DNA_DAMAGE_RECOGNITION_IN_GG_NER,Dna damage recognition in gg ner,1,36,330,0.003,0.0024,1.245,0.5565158346479476,0.9065257558177645,UBB,False
shared_down,Reactome,REACTOME_INTERLEUKIN_12_SIGNALING,Interleukin 12 signaling,1,36,330,0.003,0.0024,1.245,0.5565158346479476,0.9065257558177645,SOD1,False
shared_down,Reactome,REACTOME_SMAD2_SMAD3_SMAD4_HETEROTRIMER_REGULATES_TRANSCRIPTION,Smad2 smad3 smad4 heterotrimer regulates transcription,1,36,330,0.003,0.0024,1.245,0.5565158346479476,0.9065257558177645,UBB,False
shared_down,Reactome,REACTOME_TRANSPORT_OF_VITAMINS_NUCLEOSIDES_AND_RELATED_MOLECULES,Transport of vitamins nucleosides and related molecules,1,36,330,0.003,0.0024,1.245,0.5565158346479476,0.9065257558177645,SLCO1A2,False
shared_down,Reactome,REACTOME_MITOPHAGY,Mitophagy,1,36,330,0.003,0.0024,1.245,0.5565158346479476,0.9065257558177645,UBB,False
shared_down,Reactome,REACTOME_FCGR3A_MEDIATED_IL10_SYNTHESIS,Fcgr3a mediated il10 synthesis,1,36,330,0.003,0.0024,1.245,0.5565158346479476,0.9065257558177645,YES1,False
shared_down,Reactome,REACTOME_TRANSCRIPTIONAL_REGULATION_OF_GRANULOPOIESIS,Transcriptional regulation of granulopoiesis,1,37,330,0.003,0.0025,1.212,0.5664324747459408,0.9065257558177645,IL6R,False
shared_down,Reactome,REACTOME_SIGNALING_BY_RETINOIC_ACID,Signaling by retinoic acid,1,37,330,0.003,0.0025,1.212,0.5664324747459408,0.9065257558177645,DHRS4,False
shared_down,Reactome,REACTOME_OVARIAN_TUMOR_DOMAIN_PROTEASES,Ovarian tumor domain proteases,1,37,330,0.003,0.0025,1.212,0.5664324747459408,0.9065257558177645,UBB,False
shared_down,Reactome,REACTOME_FLT3_SIGNALING,Flt3 signaling,1,37,330,0.003,0.0025,1.212,0.5664324747459408,0.9065257558177645,UBB,False
shared_down,Reactome,REACTOME_FORMATION_OF_THE_CORNIFIED_ENVELOPE,Formation of the cornified envelope,1,37,330,0.003,0.0025,1.212,0.5664324747459408,0.9065257558177645,DSG1,False
shared_down,Reactome,REACTOME_APOPTOTIC_CLEAVAGE_OF_CELLULAR_PROTEINS,Apoptotic cleavage of cellular proteins,1,37,330,0.003,0.0025,1.212,0.5664324747459408,0.9065257558177645,DSG1,False
shared_down,Reactome,REACTOME_CELL_CELL_COMMUNICATION,Cell cell communication,3,132,330,0.0091,0.0089,1.019,0.567632826659072,0.9065257558177645,"CADM2, NECTIN3, FERMT2",False
shared_down,Reactome,REACTOME_EPH_EPHRIN_SIGNALING,Eph ephrin signaling,2,85,330,0.0061,0.0057,1.055,0.5687275448495305,0.9065257558177645,"YES1, SDC2",False
shared_down,Reactome,REACTOME_REGULATION_OF_PLK1_ACTIVITY_AT_G2_M_TRANSITION,Regulation of plk1 activity at g2 m transition,2,85,330,0.0061,0.0057,1.055,0.5687275448495305,0.9065257558177645,"HAUS4, UBB",False
shared_down,Reactome,REACTOME_RAC3_GTPASE_CYCLE,Rac3 gtpase cycle,2,86,330,0.0061,0.0058,1.043,0.5751046606745753,0.9065257558177645,"SLITRK3, FERMT2",False
shared_down,Reactome,REACTOME_RND3_GTPASE_CYCLE,Rnd3 gtpase cycle,1,38,330,0.003,0.0026,1.18,0.5761280282685973,0.9065257558177645,DSG1,False
shared_down,Reactome,REACTOME_KERATINIZATION,Keratinization,1,38,330,0.003,0.0026,1.18,0.5761280282685973,0.9065257558177645,DSG1,False
shared_down,Reactome,REACTOME_ASSOCIATION_OF_TRIC_CCT_WITH_TARGET_PROTEINS_DURING_BIOSYNTHESIS,Association of tric cct with target proteins during biosynthesis,1,38,330,0.003,0.0026,1.18,0.5761280282685973,0.9065257558177645,FBXO4,False
shared_down,Reactome,REACTOME_DISEASES_ASSOCIATED_WITH_GLYCOSAMINOGLYCAN_METABOLISM,Diseases associated with glycosaminoglycan metabolism,1,38,330,0.003,0.0026,1.18,0.5761280282685973,0.9065257558177645,SDC2,False
shared_down,Reactome,REACTOME_CLATHRIN_MEDIATED_ENDOCYTOSIS,Clathrin mediated endocytosis,3,134,330,0.0091,0.0091,1.004,0.5778626922429806,0.9065257558177645,"PACSIN3, UBB, REPS1",False
shared_down,Reactome,REACTOME_MITOCHONDRIAL_PROTEIN_DEGRADATION,Mitochondrial protein degradation,2,87,330,0.0061,0.0059,1.031,0.5814129135649733,0.9065257558177645,"ACADSB, HMGCS2",False
shared_down,Reactome,REACTOME_MITF_M_DEPENDENT_GENE_EXPRESSION,Mitf m dependent gene expression,2,87,330,0.0061,0.0059,1.031,0.5814129135649733,0.9065257558177645,"SS18L1, SIRT1",False
shared_down,Reactome,REACTOME_TRANSCRIPTIONAL_AND_POST_TRANSLATIONAL_REGULATION_OF_MITF_M_EXPRESSION_AND_ACTIVITY,Transcriptional and post translational regulation of mitf m expression and activity,1,39,330,0.003,0.0026,1.149,0.5856074095827314,0.9065257558177645,SIRT1,False
shared_down,Reactome,REACTOME_TRANSLESION_SYNTHESIS_BY_Y_FAMILY_DNA_POLYMERASES_BYPASSES_LESIONS_ON_DNA_TEMPLATE,Translesion synthesis by y family dna polymerases bypasses lesions on dna template,1,39,330,0.003,0.0026,1.149,0.5856074095827314,0.9065257558177645,UBB,False
shared_down,Reactome,REACTOME_MAP2K_AND_MAPK_ACTIVATION,Map2k and mapk activation,1,39,330,0.003,0.0026,1.149,0.5856074095827314,0.9065257558177645,CNKSR2,False
shared_down,Reactome,REACTOME_RHOF_GTPASE_CYCLE,Rhof gtpase cycle,1,39,330,0.003,0.0026,1.149,0.5856074095827314,0.9065257558177645,TOR1AIP1,False
shared_down,Reactome,REACTOME_DEACTIVATION_OF_THE_BETA_CATENIN_TRANSACTIVATING_COMPLEX,Deactivation of the beta catenin transactivating complex,1,39,330,0.003,0.0026,1.149,0.5856074095827314,0.9065257558177645,UBB,False
shared_down,Reactome,REACTOME_REGULATION_OF_MITF_M_DEPENDENT_GENES_INVOLVED_IN_PIGMENTATION,Regulation of mitf m dependent genes involved in pigmentation,1,39,330,0.003,0.0026,1.149,0.5856074095827314,0.9065257558177645,SS18L1,False
shared_down,Reactome,REACTOME_RHO_GTPASE_CYCLE,Rho gtpase cycle,9,418,330,0.0273,0.0283,0.965,0.5904954157602891,0.9082464888656853,"MACO1, SH3PXD2A, FERMT2, ARHGEF4, SLITRK3, RND2, DSG1, TOR1AIP1, NET1",False
shared_down,Reactome,REACTOME_CELLULAR_RESPONSE_TO_CHEMICAL_STRESS,Cellular response to chemical stress,4,185,330,0.0121,0.0125,0.969,0.5946104686384361,0.9082464888656853,"SOD1, BLVRB, UBB, ABCG2",False
shared_down,Reactome,REACTOME_NETRIN_1_SIGNALING,Netrin 1 signaling,1,40,330,0.003,0.0027,1.121,0.5948754241430636,0.9082464888656853,NTN4,False
shared_down,Reactome,REACTOME_MET_PROMOTES_CELL_MOTILITY,Met promotes cell motility,1,40,330,0.003,0.0027,1.121,0.5948754241430636,0.9082464888656853,COL11A2,False
shared_down,Reactome,REACTOME_SARS_COV_1_HOST_INTERACTIONS,Sars cov 1 host interactions,2,90,330,0.0061,0.0061,0.996,0.5999235902975436,0.9082464888656853,"ITCH, UBB",False
shared_down,Reactome,REACTOME_NUCLEAR_EVENTS_MEDIATED_BY_NFE2L2,Nuclear events mediated by nfe2l2,2,90,330,0.0061,0.0061,0.996,0.5999235902975436,0.9082464888656853,"ABCG2, UBB",False
shared_down,Reactome,REACTOME_RHOA_GTPASE_CYCLE,Rhoa gtpase cycle,3,139,330,0.0091,0.0094,0.968,0.6027645610265164,0.9082464888656853,"NET1, MACO1, ARHGEF4",False
shared_down,Reactome,REACTOME_DUAL_INCISION_IN_GG_NER,Dual incision in gg ner,1,41,330,0.003,0.0028,1.093,0.6039367708987087,0.9082464888656853,UBB,False
shared_down,Reactome,REACTOME_INTRA_GOLGI_TRAFFIC,Intra golgi traffic,1,41,330,0.003,0.0028,1.093,0.6039367708987087,0.9082464888656853,GOLIM4,False
shared_down,Reactome,REACTOME_COLLAGEN_CHAIN_TRIMERIZATION,Collagen chain trimerization,1,41,330,0.003,0.0028,1.093,0.6039367708987087,0.9082464888656853,COL11A2,False
shared_down,Reactome,REACTOME_BINDING_AND_UPTAKE_OF_LIGANDS_BY_SCAVENGER_RECEPTORS,Binding and uptake of ligands by scavenger receptors,1,41,330,0.003,0.0028,1.093,0.6039367708987087,0.9082464888656853,HPR,False
shared_down,Reactome,REACTOME_ANTIGEN_PROCESSING_CROSS_PRESENTATION,Antigen processing cross presentation,2,91,330,0.0061,0.0062,0.985,0.6059556756274844,0.9082464888656853,"SEC61A2, UBB",False
shared_down,Reactome,REACTOME_SIGNALING_BY_TGF_BETA_RECEPTOR_COMPLEX,Signaling by tgf beta receptor complex,2,91,330,0.0061,0.0062,0.985,0.6059556756274844,0.9082464888656853,"CGN, UBB",False
shared_down,Reactome,REACTOME_INTEGRATION_OF_ENERGY_METABOLISM,Integration of energy metabolism,2,91,330,0.0061,0.0062,0.985,0.6059556756274844,0.9082464888656853,"PFKFB1, PRKAG2",False
shared_down,Reactome,REACTOME_TRANSPORT_OF_INORGANIC_CATIONS_ANIONS_AND_AMINO_ACIDS_OLIGOPEPTIDES,Transport of inorganic cations anions and amino acids oligopeptides,2,92,330,0.0061,0.0062,0.975,0.6119187229437755,0.9102431135088487,"SLC16A10, SLC34A1",False
shared_down,Reactome,REACTOME_SIGNALING_BY_SCF_KIT,Signaling by scf kit,1,42,330,0.003,0.0028,1.067,0.612796044646653,0.9102431135088487,YES1,False
shared_down,Reactome,REACTOME_TAK1_DEPENDENT_IKK_AND_NF_KAPPA_B_ACTIVATION,Tak1 dependent ikk and nf kappa b activation,1,42,330,0.003,0.0028,1.067,0.612796044646653,0.9102431135088487,UBB,False
shared_down,Reactome,REACTOME_FORMATION_OF_INCISION_COMPLEX_IN_GG_NER,Formation of incision complex in gg ner,1,42,330,0.003,0.0028,1.067,0.612796044646653,0.9102431135088487,UBB,False
shared_down,Reactome,REACTOME_NEUTROPHIL_DEGRANULATION,Neutrophil degranulation,9,428,330,0.0273,0.0289,0.943,0.6188656026546774,0.9171976756832774,"PGM1, ABCA13, CFP, ANPEP, TTR, ARG1, DSG1, CEACAM8, TMT1A",False
shared_down,Reactome,REACTOME_PKMTS_METHYLATE_HISTONE_LYSINES,Pkmts methylate histone lysines,1,43,330,0.003,0.0029,1.043,0.6214577383333808,0.9189788927032768,SETDB2,False
shared_down,Reactome,REACTOME_O_LINKED_GLYCOSYLATION,O linked glycosylation,2,95,330,0.0061,0.0064,0.944,0.6293944828635633,0.9230942548353761,"C1GALT1, CFP",False
shared_down,Reactome,REACTOME_SIGNALING_BY_MODERATE_KINASE_ACTIVITY_BRAF_MUTANTS,Signaling by moderate kinase activity braf mutants,1,44,330,0.003,0.003,1.019,0.6299262453057888,0.9230942548353761,CNKSR2,False
shared_down,Reactome,REACTOME_TP53_REGULATES_TRANSCRIPTION_OF_CELL_DEATH_GENES,Tp53 regulates transcription of cell death genes,1,44,330,0.003,0.003,1.019,0.6299262453057888,0.9230942548353761,CRADD,False
shared_down,Reactome,REACTOME_SIGNALING_BY_FGFR1,Signaling by fgfr1,1,44,330,0.003,0.003,1.019,0.6299262453057888,0.9230942548353761,UBB,False
shared_down,Reactome,REACTOME_AUTOPHAGY,Autophagy,3,145,330,0.0091,0.0098,0.928,0.6313452271127231,0.9230942548353761,"UBB, PRKAG2, PRKAA1",False
shared_down,Reactome,REACTOME_CARGO_RECOGNITION_FOR_CLATHRIN_MEDIATED_ENDOCYTOSIS,Cargo recognition for clathrin mediated endocytosis,2,96,330,0.0061,0.0065,0.934,0.6350823744738043,0.9230942548353761,"UBB, REPS1",False
shared_down,Reactome,REACTOME_SIGNALING_BY_EGFR,Signaling by egfr,1,45,330,0.003,0.003,0.996,0.6382058615125066,0.9230942548353761,UBB,False
shared_down,Reactome,REACTOME_INOSITOL_PHOSPHATE_METABOLISM,Inositol phosphate metabolism,1,45,330,0.003,0.003,0.996,0.6382058615125066,0.9230942548353761,NUDT4,False
shared_down,Reactome,REACTOME_REGULATION_OF_ENDOGENOUS_RETROELEMENTS_BY_PIWI_INTERACTING_RNAS_PIRNAS,Regulation of endogenous retroelements by piwi interacting rnas pirnas,1,45,330,0.003,0.003,0.996,0.6382058615125066,0.9230942548353761,SS18L1,False
shared_down,Reactome,REACTOME_SIGNALING_BY_NOTCH3,Signaling by notch3,1,45,330,0.003,0.003,0.996,0.6382058615125066,0.9230942548353761,UBB,False
shared_down,Reactome,REACTOME_SIGNALING_BY_INTERLEUKINS,Signaling by interleukins,8,389,330,0.0242,0.0263,0.922,0.6421331375062711,0.9246857589633893,"IL1RAP, IL6R, RORA, SOD1, YES1, UBB, RAG1, MAOA",False
shared_down,Reactome,REACTOME_PROGRAMMED_CELL_DEATH,Programmed cell death,4,197,330,0.0121,0.0133,0.91,0.6439371154986815,0.9246857589633893,"ITCH, DSG1, UBB, TNFSF10",False
shared_down,Reactome,REACTOME_TP53_REGULATES_TRANSCRIPTION_OF_CELL_CYCLE_GENES,Tp53 regulates transcription of cell cycle genes,1,46,330,0.003,0.0031,0.975,0.6463007876567108,0.9246857589633893,RBL2,False
shared_down,Reactome,REACTOME_INTERLEUKIN_12_FAMILY_SIGNALING,Interleukin 12 family signaling,1,46,330,0.003,0.0031,0.975,0.6463007876567108,0.9246857589633893,SOD1,False
shared_down,Reactome,REACTOME_TGF_BETA_RECEPTOR_SIGNALING_ACTIVATES_SMADS,Tgf beta receptor signaling activates smads,1,46,330,0.003,0.0031,0.975,0.6463007876567108,0.9246857589633893,UBB,False
shared_down,Reactome,REACTOME_IRE1ALPHA_ACTIVATES_CHAPERONES,Ire1alpha activates chaperones,1,47,330,0.003,0.0032,0.954,0.6542151313014957,0.9299703264307283,PDIA5,False
shared_down,Reactome,REACTOME_NOTCH1_INTRACELLULAR_DOMAIN_REGULATES_TRANSCRIPTION,Notch1 intracellular domain regulates transcription,1,47,330,0.003,0.0032,0.954,0.6542151313014957,0.9299703264307283,UBB,False
shared_down,Reactome,REACTOME_EPH_EPHRIN_MEDIATED_REPULSION_OF_CELLS,Eph ephrin mediated repulsion of cells,1,47,330,0.003,0.0032,0.954,0.6542151313014957,0.9299703264307283,YES1,False
shared_down,Reactome,REACTOME_TRNA_PROCESSING,Trna processing,2,100,330,0.0061,0.0068,0.897,0.6571522327849659,0.9309593038339703,"TRMT10A, NSUN6",False
shared_down,Reactome,REACTOME_DNA_DOUBLE_STRAND_BREAK_RESPONSE,Dna double strand break response,1,48,330,0.003,0.0032,0.934,0.6619529089288442,0.9309593038339703,UBB,False
shared_down,Reactome,REACTOME_DNA_DAMAGE_BYPASS,Dna damage bypass,1,48,330,0.003,0.0032,0.934,0.6619529089288442,0.9309593038339703,UBB,False
shared_down,Reactome,REACTOME_ION_HOMEOSTASIS,Ion homeostasis,1,48,330,0.003,0.0032,0.934,0.6619529089288442,0.9309593038339703,ABCC9,False
shared_down,Reactome,REACTOME_CHONDROITIN_SULFATE_DERMATAN_SULFATE_METABOLISM,Chondroitin sulfate dermatan sulfate metabolism,1,48,330,0.003,0.0032,0.934,0.6619529089288442,0.9309593038339703,SDC2,False
shared_down,Reactome,REACTOME_REGULATION_OF_TP53_ACTIVITY,Regulation of tp53 activity,3,153,330,0.0091,0.0103,0.879,0.6671938297985829,0.9336528052681011,"UBB, PRKAG2, PRKAA1",False
shared_down,Reactome,REACTOME_AMINO_ACIDS_REGULATE_MTORC1,Amino acids regulate mtorc1,1,49,330,0.003,0.0033,0.915,0.6695180479532223,0.9336528052681011,FNIP2,False
shared_down,Reactome,REACTOME_RHOD_GTPASE_CYCLE,Rhod gtpase cycle,1,49,330,0.003,0.0033,0.915,0.6695180479532223,0.9336528052681011,TOR1AIP1,False
shared_down,Reactome,REACTOME_MRNA_SPLICING_MINOR_PATHWAY,Mrna splicing minor pathway,1,49,330,0.003,0.0033,0.915,0.6695180479532223,0.9336528052681011,SNRNP48,False
shared_down,Reactome,REACTOME_TRANSCRIPTIONAL_ACTIVITY_OF_SMAD2_SMAD3_SMAD4_HETEROTRIMER,Transcriptional activity of smad2 smad3 smad4 heterotrimer,1,50,330,0.003,0.0034,0.897,0.6769143886907901,0.9343394599886774,UBB,False
shared_down,Reactome,REACTOME_APOPTOTIC_EXECUTION_PHASE,Apoptotic execution phase,1,50,330,0.003,0.0034,0.897,0.6769143886907901,0.9343394599886774,DSG1,False
shared_down,Reactome,REACTOME_CYTOPROTECTION_BY_HMOX1,Cytoprotection by hmox1,1,50,330,0.003,0.0034,0.897,0.6769143886907901,0.9343394599886774,BLVRB,False
shared_down,Reactome,REACTOME_REGULATION_OF_INSULIN_LIKE_GROWTH_FACTOR_IGF_TRANSPORT_AND_UPTAKE_BY_INSULIN_LIKE_GROWTH_FACTOR_BINDING_PROTEINS_IGFBPS,Regulation of insulin like growth factor igf transport and uptake by insulin like growth factor binding proteins igfbps,2,105,330,0.0061,0.0071,0.854,0.6832258823498798,0.9343394599886774,"SERPINC1, SDC2",False
shared_down,Reactome,REACTOME_DISORDERS_OF_TRANSMEMBRANE_TRANSPORTERS,Disorders of transmembrane transporters,3,157,330,0.0091,0.0106,0.857,0.6841418997911374,0.9343394599886774,"SLC34A1, UBB, ABCC9",False
shared_down,Reactome,REACTOME_DEGRADATION_OF_AXIN,Degradation of axin,1,51,330,0.003,0.0034,0.879,0.6841456862852041,0.9343394599886774,UBB,False
shared_down,Reactome,REACTOME_AUF1_HNRNP_D0_BINDS_AND_DESTABILIZES_MRNA,Auf1 hnrnp d0 binds and destabilizes mrna,1,51,330,0.003,0.0034,0.879,0.6841456862852041,0.9343394599886774,UBB,False
shared_down,Reactome,REACTOME_FORMATION_OF_TC_NER_PRE_INCISION_COMPLEX,Formation of tc ner pre incision complex,1,51,330,0.003,0.0034,0.879,0.6841456862852041,0.9343394599886774,UBB,False
shared_down,Reactome,REACTOME_SCF_BETA_TRCP_MEDIATED_DEGRADATION_OF_EMI1,Scf beta trcp mediated degradation of emi1,1,51,330,0.003,0.0034,0.879,0.6841456862852041,0.9343394599886774,UBB,False
shared_down,Reactome,REACTOME_COLLAGEN_DEGRADATION,Collagen degradation,1,51,330,0.003,0.0034,0.879,0.6841456862852041,0.9343394599886774,COL11A2,False
shared_down,Reactome,REACTOME_KINESINS,Kinesins,1,52,330,0.003,0.0035,0.862,0.6912156125909683,0.9374837095049815,KLC4,False
shared_down,Reactome,REACTOME_NEGATIVE_REGULATION_OF_NOTCH4_SIGNALING,Negative regulation of notch4 signaling,1,52,330,0.003,0.0035,0.862,0.6912156125909683,0.9374837095049815,UBB,False
shared_down,Reactome,REACTOME_INTERLEUKIN_1_SIGNALING,Interleukin 1 signaling,2,108,330,0.0061,0.0073,0.83,0.6980788561920873,0.9374837095049815,"IL1RAP, UBB",False
shared_down,Reactome,REACTOME_IMMUNOREGULATORY_INTERACTIONS_BETWEEN_A_LYMPHOID_AND_A_NON_LYMPHOID_CELL,Immunoregulatory interactions between a lymphoid and a non lymphoid cell,2,108,330,0.0061,0.0073,0.83,0.6980788561920873,0.9374837095049815,"CXADR, CLEC4G",False
shared_down,Reactome,REACTOME_REGULATION_OF_RUNX3_EXPRESSION_AND_ACTIVITY,Regulation of runx3 expression and activity,1,53,330,0.003,0.0036,0.846,0.6981277580152652,0.9374837095049815,UBB,False
shared_down,Reactome,REACTOME_DEGRADATION_OF_DVL,Degradation of dvl,1,53,330,0.003,0.0036,0.846,0.6981277580152652,0.9374837095049815,UBB,False
shared_down,Reactome,REACTOME_TNF_SIGNALING,Tnf signaling,1,53,330,0.003,0.0036,0.846,0.6981277580152652,0.9374837095049815,UBB,False
shared_down,Reactome,REACTOME_STABILIZATION_OF_P53,Stabilization of p53,1,53,330,0.003,0.0036,0.846,0.6981277580152652,0.9374837095049815,UBB,False
shared_down,Reactome,REACTOME_L1CAM_INTERACTIONS,L1cam interactions,2,109,330,0.0061,0.0074,0.823,0.7029003282217792,0.9374837095049815,"SCN8A, SPTBN2",False
shared_down,Reactome,REACTOME_EUKARYOTIC_TRANSLATION_INITIATION,Eukaryotic translation initiation,2,109,330,0.0061,0.0074,0.823,0.7029003282217792,0.9374837095049815,"EIF5, EIF4B",False
shared_down,Reactome,REACTOME_ACTIVATION_OF_THE_MRNA_UPON_BINDING_OF_THE_CAP_BINDING_COMPLEX_AND_EIFS_AND_SUBSEQUENT_BINDING_TO_43S,Activation of the mrna upon binding of the cap binding complex and eifs and subsequent binding to 43s,1,54,330,0.003,0.0037,0.83,0.7048856333191768,0.9374837095049815,EIF4B,False
shared_down,Reactome,REACTOME_ASSEMBLY_OF_COLLAGEN_FIBRILS_AND_OTHER_MULTIMERIC_STRUCTURES,Assembly of collagen fibrils and other multimeric structures,1,54,330,0.003,0.0037,0.83,0.7048856333191768,0.9374837095049815,COL11A2,False
shared_down,Reactome,REACTOME_O_LINKED_GLYCOSYLATION_OF_MUCINS,O linked glycosylation of mucins,1,54,330,0.003,0.0037,0.83,0.7048856333191768,0.9374837095049815,C1GALT1,False
shared_down,Reactome,REACTOME_PARASITE_INFECTION,Parasite infection,1,55,330,0.003,0.0037,0.815,0.7114926713791951,0.9442620823791041,YES1,False
shared_down,Reactome,REACTOME_MHC_CLASS_II_ANTIGEN_PRESENTATION,Mhc class ii antigen presentation,2,112,330,0.0061,0.0076,0.801,0.7169822799988812,0.9442620823791041,"KLC4, SPTBN2",False
shared_down,Reactome,REACTOME_TRANSLATION_OF_SARS_COV_2_STRUCTURAL_PROTEINS,Translation of sars cov 2 structural proteins,1,56,330,0.003,0.0038,0.801,0.7179522289098869,0.9442620823791041,UBB,False
shared_down,Reactome,REACTOME_DECTIN_1_MEDIATED_NONCANONICAL_NF_KB_SIGNALING,Dectin 1 mediated noncanonical nf kb signaling,1,56,330,0.003,0.0038,0.801,0.7179522289098869,0.9442620823791041,UBB,False
shared_down,Reactome,REACTOME_GAMMA_CARBOXYLATION_HYPUSINYLATION_HYDROXYLATION_AND_ARYLSULFATASE_ACTIVATION,Gamma carboxylation hypusinylation hydroxylation and arylsulfatase activation,1,56,330,0.003,0.0038,0.801,0.7179522289098869,0.9442620823791041,PROZ,False
shared_down,Reactome,REACTOME_APOPTOSIS,Apoptosis,3,167,330,0.0091,0.0113,0.805,0.7236803350098332,0.9442620823791041,"DSG1, UBB, TNFSF10",False
shared_down,Reactome,REACTOME_MUSCLE_CONTRACTION,Muscle contraction,3,167,330,0.0091,0.0113,0.805,0.7236803350098332,0.9442620823791041,"SCN8A, KCNK3, ABCC9",False
shared_down,Reactome,REACTOME_DEFECTIVE_CFTR_CAUSES_CYSTIC_FIBROSIS,Defective cftr causes cystic fibrosis,1,57,330,0.003,0.0039,0.786,0.7242675881485716,0.9442620823791041,UBB,False
shared_down,Reactome,REACTOME_SCF_SKP2_MEDIATED_DEGRADATION_OF_P27_P21,Scf skp2 mediated degradation of p27 p21,1,57,330,0.003,0.0039,0.786,0.7242675881485716,0.9442620823791041,UBB,False
shared_down,Reactome,REACTOME_SIGNALING_BY_NOTCH1_PEST_DOMAIN_MUTANTS_IN_CANCER,Signaling by notch1 pest domain mutants in cancer,1,57,330,0.003,0.0039,0.786,0.7242675881485716,0.9442620823791041,UBB,False
shared_down,Reactome,REACTOME_DEGRADATION_OF_THE_EXTRACELLULAR_MATRIX,Degradation of the extracellular matrix,2,114,330,0.0061,0.0077,0.786,0.7260561549492467,0.9447305480737246,"COL11A2, KLKB1",False
shared_down,Reactome,REACTOME_NEGATIVE_EPIGENETIC_REGULATION_OF_RRNA_EXPRESSION,Negative epigenetic regulation of rrna expression,1,58,330,0.003,0.0039,0.773,0.7304419585028479,0.9448574062042709,SIRT1,False
shared_down,Reactome,REACTOME_NCAM_SIGNALING_FOR_NEURITE_OUT_GROWTH,Ncam signaling for neurite out growth,1,58,330,0.003,0.0039,0.773,0.7304419585028479,0.9448574062042709,SPTBN2,False
shared_down,Reactome,REACTOME_PRE_NOTCH_EXPRESSION_AND_PROCESSING,Pre notch expression and processing,1,58,330,0.003,0.0039,0.773,0.7304419585028479,0.9448574062042709,ST3GAL6,False
shared_down,Reactome,REACTOME_INTERFERON_ALPHA_BETA_SIGNALING,Interferon alpha beta signaling,1,59,330,0.003,0.004,0.76,0.7364784781617827,0.9487106722964878,UBB,False
shared_down,Reactome,REACTOME_KEAP1_NFE2L2_PATHWAY,Keap1 nfe2l2 pathway,2,117,330,0.0061,0.0079,0.766,0.7392055524779306,0.9487106722964878,"ABCG2, UBB",False
shared_down,Reactome,REACTOME_CYTOSOLIC_SENSORS_OF_PATHOGEN_ASSOCIATED_DNA,Cytosolic sensors of pathogen associated dna,1,60,330,0.003,0.0041,0.747,0.7423802156715631,0.9487106722964878,UBB,False
shared_down,Reactome,REACTOME_ASYMMETRIC_LOCALIZATION_OF_PCP_PROTEINS,Asymmetric localization of pcp proteins,1,60,330,0.003,0.0041,0.747,0.7423802156715631,0.9487106722964878,UBB,False
shared_down,Reactome,REACTOME_SENESCENCE_ASSOCIATED_SECRETORY_PHENOTYPE_SASP,Senescence associated secretory phenotype sasp,1,60,330,0.003,0.0041,0.747,0.7423802156715631,0.9487106722964878,UBB,False
shared_down,Reactome,REACTOME_HEDGEHOG_LIGAND_BIOGENESIS,Hedgehog ligand biogenesis,1,60,330,0.003,0.0041,0.747,0.7423802156715631,0.9487106722964878,UBB,False
shared_down,Reactome,REACTOME_MITF_M_REGULATED_MELANOCYTE_DEVELOPMENT,Mitf m regulated melanocyte development,2,118,330,0.0061,0.008,0.76,0.7434676675485336,0.9487106722964878,"SS18L1, SIRT1",False
shared_down,Reactome,REACTOME_SIGNALING_BY_FGFR2,Signaling by fgfr2,1,61,330,0.003,0.0041,0.735,0.7481501714763941,0.9520856246991594,UBB,False
shared_down,Reactome,REACTOME_SARS_COV_2_HOST_INTERACTIONS,Sars cov 2 host interactions,3,174,330,0.0091,0.0118,0.773,0.7489932297179469,0.9520856246991594,"CNBP, UBB, MASP2",False
shared_down,Reactome,REACTOME_PKR_MEDIATED_SIGNALING,Pkr mediated signaling,1,62,330,0.003,0.0042,0.723,0.7537912794254059,0.9537087130832511,HERC5,False
shared_down,Reactome,REACTOME_COSTIMULATION_BY_THE_CD28_FAMILY,Costimulation by the cd28 family,1,62,330,0.003,0.0042,0.723,0.7537912794254059,0.9537087130832511,YES1,False
shared_down,Reactome,REACTOME_SIGNALING_BY_NOTCH,Signaling by notch,3,177,330,0.0091,0.012,0.76,0.7592608253967021,0.9537087130832511,"ST3GAL6, ITCH, UBB",False
shared_down,Reactome,REACTOME_DUAL_INCISION_IN_TC_NER,Dual incision in tc ner,1,63,330,0.003,0.0043,0.712,0.759306408246314,0.9537087130832511,UBB,False
shared_down,Reactome,REACTOME_G1_S_DNA_DAMAGE_CHECKPOINTS,G1 s dna damage checkpoints,1,63,330,0.003,0.0043,0.712,0.759306408246314,0.9537087130832511,UBB,False
shared_down,Reactome,REACTOME_REGULATION_OF_RAS_BY_GAPS,Regulation of ras by gaps,1,63,330,0.003,0.0043,0.712,0.759306408246314,0.9537087130832511,UBB,False
shared_down,Reactome,REACTOME_SIGNALING_BY_BRAF_AND_RAF1_FUSIONS,Signaling by braf and raf1 fusions,1,64,330,0.003,0.0043,0.7,0.7646983629865705,0.9537087130832511,CNKSR2,False
shared_down,Reactome,REACTOME_TRANSLOCATION_OF_SLC2A4_GLUT4_TO_THE_PLASMA_MEMBRANE,Translocation of slc2a4 glut4 to the plasma membrane,1,64,330,0.003,0.0043,0.7,0.7646983629865705,0.9537087130832511,PRKAG2,False
shared_down,Reactome,REACTOME_MEIOSIS,Meiosis,1,64,330,0.003,0.0043,0.7,0.7646983629865705,0.9537087130832511,TEX15,False
shared_down,Reactome,REACTOME_INTERLEUKIN_17_SIGNALING,Interleukin 17 signaling,1,64,330,0.003,0.0043,0.7,0.7646983629865705,0.9537087130832511,UBB,False
shared_down,Reactome,REACTOME_RESPONSE_TO_ELEVATED_PLATELET_CYTOSOLIC_CA2,Response to elevated platelet cytosolic ca2,2,124,330,0.0061,0.0084,0.723,0.7678066546640866,0.9557819185178178,"SOD1, SERPINF2",False
shared_down,Reactome,REACTOME_REGULATION_OF_PTEN_STABILITY_AND_ACTIVITY,Regulation of pten stability and activity,1,65,330,0.003,0.0044,0.69,0.7699698864227162,0.9566731107620591,UBB,False
shared_down,Reactome,REACTOME_TRANSCRIPTIONAL_REGULATION_BY_TP53,Transcriptional regulation by tp53,6,340,330,0.0182,0.023,0.791,0.7739146253570411,0.9576761486914758,"PRKAG2, RBL2, UBB, GLS2, CRADD, PRKAA1",False
shared_down,Reactome,REACTOME_PROCESSING_OF_DNA_DOUBLE_STRAND_BREAK_ENDS,Processing of dna double strand break ends,1,66,330,0.003,0.0045,0.679,0.7751236604386378,0.9576761486914758,UBB,False
shared_down,Reactome,REACTOME_ORC1_REMOVAL_FROM_CHROMATIN,Orc1 removal from chromatin,1,66,330,0.003,0.0045,0.679,0.7751236604386378,0.9576761486914758,UBB,False
shared_down,Reactome,REACTOME_HDR_THROUGH_HOMOLOGOUS_RECOMBINATION_HRR,Hdr through homologous recombination hrr,1,67,330,0.003,0.0045,0.669,0.7801623073734048,0.9603115180145633,UBB,False
shared_down,Reactome,REACTOME_THE_ROLE_OF_GTSE1_IN_G2_M_PROGRESSION_AFTER_G2_CHECKPOINT,The role of gtse1 in g2 m progression after g2 checkpoint,1,67,330,0.003,0.0045,0.669,0.7801623073734048,0.9603115180145633,UBB,False
shared_down,Reactome,REACTOME_CONSTITUTIVE_SIGNALING_BY_ABERRANT_PI3K_IN_CANCER,Constitutive signaling by aberrant pi3k in cancer,1,68,330,0.003,0.0046,0.659,0.7850883913393705,0.9610063456950443,ERBB3,False
shared_down,Reactome,REACTOME_ANTI_INFLAMMATORY_RESPONSE_FAVOURING_LEISHMANIA_PARASITE_INFECTION,Anti inflammatory response favouring leishmania parasite infection,1,68,330,0.003,0.0046,0.659,0.7850883913393705,0.9610063456950443,YES1,False
shared_down,Reactome,REACTOME_RHOB_GTPASE_CYCLE,Rhob gtpase cycle,1,68,330,0.003,0.0046,0.659,0.7850883913393705,0.9610063456950443,NET1,False
shared_down,Reactome,REACTOME_LATE_SARS_COV_2_INFECTION_EVENTS,Late sars cov 2 infection events,1,69,330,0.003,0.0047,0.65,0.7899044195111757,0.9633336186289431,UBB,False
shared_down,Reactome,REACTOME_CELLULAR_RESPONSE_TO_HYPOXIA,Cellular response to hypoxia,1,69,330,0.003,0.0047,0.65,0.7899044195111757,0.9633336186289431,UBB,False
shared_down,Reactome,REACTOME_AURKA_ACTIVATION_BY_TPX2,Aurka activation by tpx2,1,70,330,0.003,0.0047,0.64,0.7946128433863073,0.9655130321293183,HAUS4,False
shared_down,Reactome,REACTOME_APC_C_CDH1_MEDIATED_DEGRADATION_OF_CDC20_AND_OTHER_APC_C_CDH1_TARGETED_PROTEINS_IN_LATE_MITOSIS_EARLY_G1,Apc c cdh1 mediated degradation of cdc20 and other apc c cdh1 targeted proteins in late mitosis early g1,1,70,330,0.003,0.0047,0.64,0.7946128433863073,0.9655130321293183,UBB,False
shared_down,Reactome,REACTOME_SARS_COV_1_INFECTION,Sars cov 1 infection,2,133,330,0.0061,0.009,0.674,0.8005483711352785,0.9709403180191177,"ITCH, UBB",False
shared_down,Reactome,REACTOME_OXIDATIVE_STRESS_INDUCED_SENESCENCE,Oxidative stress induced senescence,1,72,330,0.003,0.0049,0.623,0.8037164132199012,0.9714674664255574,UBB,False
shared_down,Reactome,REACTOME_ANTIVIRAL_MECHANISM_BY_IFN_STIMULATED_GENES,Antiviral mechanism by ifn stimulated genes,2,134,330,0.0061,0.0091,0.669,0.8039223965730407,0.9714674664255574,"HERC5, UBB",False
shared_down,Reactome,REACTOME_RNA_POLYMERASE_II_TRANSCRIBES_SNRNA_GENES,Rna polymerase ii transcribes snrna genes,1,73,330,0.003,0.0049,0.614,0.8081161947466933,0.9729777863890059,ELL2,False
shared_down,Reactome,REACTOME_RHOC_GTPASE_CYCLE,Rhoc gtpase cycle,1,73,330,0.003,0.0049,0.614,0.8081161947466933,0.9729777863890059,MACO1,False
shared_down,Reactome,REACTOME_INTERLEUKIN_1_FAMILY_SIGNALING,Interleukin 1 family signaling,2,136,330,0.0061,0.0092,0.659,0.8105189552310453,0.9739772934236468,"IL1RAP, UBB",False
shared_down,Reactome,REACTOME_DOWNSTREAM_SIGNALING_EVENTS_OF_B_CELL_RECEPTOR_BCR,Downstream signaling events of b cell receptor bcr,1,74,330,0.003,0.005,0.606,0.8124176454452595,0.9739772934236468,UBB,False
shared_down,Reactome,REACTOME_FCERI_MEDIATED_NF_KB_ACTIVATION,Fceri mediated nf kb activation,1,75,330,0.003,0.0051,0.598,0.8166229563829676,0.9739772934236468,UBB,False
shared_down,Reactome,REACTOME_PLATELET_HOMEOSTASIS,Platelet homeostasis,1,75,330,0.003,0.0051,0.598,0.8166229563829676,0.9739772934236468,KCNMA1,False
shared_down,Reactome,REACTOME_RECRUITMENT_OF_MITOTIC_CENTROSOME_PROTEINS_AND_COMPLEXES,Recruitment of mitotic centrosome proteins and complexes,1,76,330,0.003,0.0051,0.59,0.8207342699500322,0.9739772934236468,HAUS4,False
shared_down,Reactome,REACTOME_TRANSCRIPTION_COUPLED_NUCLEOTIDE_EXCISION_REPAIR_TC_NER,Transcription coupled nucleotide excision repair tc ner,1,76,330,0.003,0.0051,0.59,0.8207342699500322,0.9739772934236468,UBB,False
shared_down,Reactome,REACTOME_PI_METABOLISM,Pi metabolism,1,76,330,0.003,0.0051,0.59,0.8207342699500322,0.9739772934236468,MTMR10,False
shared_down,Reactome,REACTOME_SIGNALING_BY_FGFR,Signaling by fgfr,1,76,330,0.003,0.0051,0.59,0.8207342699500322,0.9739772934236468,UBB,False
shared_down,Reactome,REACTOME_MITOTIC_G1_PHASE_AND_G1_S_TRANSITION,Mitotic g1 phase and g1 s transition,2,140,330,0.0061,0.0095,0.64,0.8231221618529339,0.9750604820515937,"RBL2, UBB",False
shared_down,Reactome,REACTOME_SIGNALING_BY_NOTCH4,Signaling by notch4,1,79,330,0.003,0.0053,0.567,0.8325249426479697,0.9769070477006371,UBB,False
shared_down,Reactome,REACTOME_DEGRADATION_OF_BETA_CATENIN_BY_THE_DESTRUCTION_COMPLEX,Degradation of beta catenin by the destruction complex,1,80,330,0.003,0.0054,0.56,0.8362807543317055,0.9769070477006371,UBB,False
shared_down,Reactome,REACTOME_TRANSCRIPTIONAL_REGULATION_OF_WHITE_ADIPOCYTE_DIFFERENTIATION,Transcriptional regulation of white adipocyte differentiation,1,80,330,0.003,0.0054,0.56,0.8362807543317055,0.9769070477006371,PCK1,False
shared_down,Reactome,REACTOME_GLOBAL_GENOME_NUCLEOTIDE_EXCISION_REPAIR_GG_NER,Global genome nucleotide excision repair gg ner,1,81,330,0.003,0.0055,0.553,0.8399525873526743,0.9769070477006371,UBB,False
shared_down,Reactome,REACTOME_FCGAMMA_RECEPTOR_FCGR_DEPENDENT_PHAGOCYTOSIS,Fcgamma receptor fcgr dependent phagocytosis,1,81,330,0.003,0.0055,0.553,0.8399525873526743,0.9769070477006371,YES1,False
shared_down,Reactome,REACTOME_REGULATION_OF_MRNA_STABILITY_BY_PROTEINS_THAT_BIND_AU_RICH_ELEMENTS,Regulation of mrna stability by proteins that bind au rich elements,1,81,330,0.003,0.0055,0.553,0.8399525873526743,0.9769070477006371,UBB,False
shared_down,Reactome,REACTOME_UCH_PROTEINASES,Uch proteinases,1,81,330,0.003,0.0055,0.553,0.8399525873526743,0.9769070477006371,UBB,False
shared_down,Reactome,REACTOME_CDC42_GTPASE_CYCLE,Cdc42 gtpase cycle,2,146,330,0.0061,0.0099,0.614,0.8406206173956503,0.9769070477006371,"SH3PXD2A, ARHGEF4",False
shared_down,Reactome,REACTOME_LEISHMANIA_INFECTION,Leishmania infection,2,147,330,0.0061,0.0099,0.61,0.8433802002241539,0.9769070477006371,"YES1, NT5E",False
shared_down,Reactome,REACTOME_APC_C_MEDIATED_DEGRADATION_OF_CELL_CYCLE_PROTEINS,Apc c mediated degradation of cell cycle proteins,1,83,330,0.003,0.0056,0.54,0.8470517644102943,0.9769070477006371,UBB,False
shared_down,Reactome,REACTOME_SARS_COV_INFECTIONS,Sars cov infections,6,376,330,0.0182,0.0254,0.715,0.8481143943896476,0.9769070477006371,"CNBP, IL6R, UBB, ITCH, MASP2, SDC2",False
shared_down,Reactome,REACTOME_SARS_COV_2_INFECTION,Sars cov 2 infection,4,266,330,0.0121,0.018,0.674,0.8482293325472348,0.9769070477006371,"CNBP, UBB, MASP2, SDC2",False
shared_down,Reactome,REACTOME_RECRUITMENT_OF_NUMA_TO_MITOTIC_CENTROSOMES,Recruitment of numa to mitotic centrosomes,1,84,330,0.003,0.0057,0.534,0.8504827288413053,0.9769070477006371,HAUS4,False
shared_down,Reactome,REACTOME_SLC_TRANSPORTER_DISORDERS,Slc transporter disorders,1,84,330,0.003,0.0057,0.534,0.8504827288413053,0.9769070477006371,SLC34A1,False
shared_down,Reactome,REACTOME_REGULATION_OF_ENDOGENOUS_RETROELEMENTS,Regulation of endogenous retroelements,1,85,330,0.003,0.0057,0.527,0.8538369572221597,0.9769070477006371,SS18L1,False
shared_down,Reactome,REACTOME_PROTEIN_FOLDING,Protein folding,1,86,330,0.003,0.0058,0.521,0.8571161607109549,0.9769070477006371,FBXO4,False
shared_down,Reactome,REACTOME_PCP_CE_PATHWAY,Pcp ce pathway,1,86,330,0.003,0.0058,0.521,0.8571161607109549,0.9769070477006371,UBB,False
shared_down,Reactome,REACTOME_REPRODUCTION,Reproduction,1,87,330,0.003,0.0059,0.515,0.8603220124219547,0.9769070477006371,TEX15,False
shared_down,Reactome,REACTOME_SWITCHING_OF_ORIGINS_TO_A_POST_REPLICATIVE_STATE,Switching of origins to a post replicative state,1,87,330,0.003,0.0059,0.515,0.8603220124219547,0.9769070477006371,UBB,False
shared_down,Reactome,REACTOME_G_ALPHA_Q_SIGNALLING_EVENTS,G alpha q signalling events,2,154,330,0.0061,0.0104,0.582,0.8615150433765281,0.9769070477006371,"RGS5, HTR2A",False
shared_down,Reactome,REACTOME_UNFOLDED_PROTEIN_RESPONSE_UPR,Unfolded protein response upr,1,88,330,0.003,0.0059,0.509,0.8634561482688817,0.9769070477006371,PDIA5,False
shared_down,Reactome,REACTOME_SIGNALING_BY_ALK_IN_CANCER,Signaling by alk in cancer,1,88,330,0.003,0.0059,0.509,0.8634561482688817,0.9769070477006371,UBB,False
shared_down,Reactome,REACTOME_S_PHASE,S phase,2,156,330,0.0061,0.0105,0.575,0.8663326721383903,0.9769070477006371,"RBL2, UBB",False
shared_down,Reactome,REACTOME_COPI_DEPENDENT_GOLGI_TO_ER_RETROGRADE_TRAFFIC,Copi dependent golgi to er retrograde traffic,1,89,330,0.003,0.006,0.504,0.8665201677895717,0.9769070477006371,KLC4,False
shared_down,Reactome,REACTOME_INTERFERON_GAMMA_SIGNALING,Interferon gamma signaling,1,89,330,0.003,0.006,0.504,0.8665201677895717,0.9769070477006371,MT2A,False
shared_down,Reactome,REACTOME_ASPARAGINE_N_LINKED_GLYCOSYLATION,Asparagine n linked glycosylation,4,277,330,0.0121,0.0187,0.647,0.8693809325112468,0.9769070477006371,"SPTBN2, ST3GAL6, UBB, GNE",False
shared_down,Reactome,REACTOME_TNFR2_NON_CANONICAL_NF_KB_PATHWAY,Tnfr2 non canonical nf kb pathway,1,90,330,0.003,0.0061,0.498,0.8695156349524036,0.9769070477006371,UBB,False
shared_down,Reactome,REACTOME_MITOCHONDRIAL_BIOGENESIS,Mitochondrial biogenesis,1,91,330,0.003,0.0062,0.493,0.8724440789449026,0.9769070477006371,PRKAG2,False
shared_down,Reactome,REACTOME_CLEC7A_DECTIN_1_SIGNALING,Clec7a dectin 1 signaling,1,91,330,0.003,0.0062,0.493,0.8724440789449026,0.9769070477006371,UBB,False
shared_down,Reactome,REACTOME_COPI_MEDIATED_ANTEROGRADE_TRANSPORT,Copi mediated anterograde transport,1,92,330,0.003,0.0062,0.487,0.875306994944915,0.9769070477006371,SPTBN2,False
shared_down,Reactome,REACTOME_NEUROTRANSMITTER_RECEPTORS_AND_POSTSYNAPTIC_SIGNAL_TRANSMISSION,Neurotransmitter receptors and postsynaptic signal transmission,2,160,330,0.0061,0.0108,0.56,0.8755104401231597,0.9769070477006371,"PRKAG2, PRKAA1",False
shared_down,Reactome,REACTOME_AEROBIC_RESPIRATION_AND_RESPIRATORY_ELECTRON_TRANSPORT,Aerobic respiration and respiratory electron transport,3,222,330,0.0091,0.015,0.606,0.8760244415966647,0.9769070477006371,"GPT, UBB, L2HGDH",False
shared_down,Reactome,REACTOME_TCF_DEPENDENT_SIGNALING_IN_RESPONSE_TO_WNT,Tcf dependent signaling in response to wnt,2,161,330,0.0061,0.0109,0.557,0.8777125795909401,0.9769070477006371,"UBB, CXXC4",False
shared_down,Reactome,REACTOME_SIGNALING_BY_NUCLEAR_RECEPTORS,Signaling by nuclear receptors,3,223,330,0.0091,0.0151,0.603,0.8779253877308179,0.9769070477006371,"CETP, DHRS4, PCK1",False
shared_down,Reactome,REACTOME_POTENTIAL_THERAPEUTICS_FOR_SARS,Potential therapeutics for sars,1,93,330,0.003,0.0063,0.482,0.8781058448747326,0.9769070477006371,IL6R,False
shared_down,Reactome,REACTOME_TRANSCRIPTIONAL_REGULATION_BY_RUNX3,Transcriptional regulation by runx3,1,94,330,0.003,0.0064,0.477,0.8808420581385472,0.9769070477006371,UBB,False
shared_down,Reactome,REACTOME_ANCHORING_OF_THE_BASAL_BODY_TO_THE_PLASMA_MEMBRANE,Anchoring of the basal body to the plasma membrane,1,94,330,0.003,0.0064,0.477,0.8808420581385472,0.9769070477006371,HAUS4,False
shared_down,Reactome,REACTOME_PI3K_AKT_SIGNALING_IN_CANCER,Pi3k akt signaling in cancer,1,94,330,0.003,0.0064,0.477,0.8808420581385472,0.9769070477006371,ERBB3,False
shared_down,Reactome,REACTOME_INTRACELLULAR_SIGNALING_BY_SECOND_MESSENGERS,Intracellular signaling by second messengers,4,286,330,0.0121,0.0193,0.627,0.8847586876511556,0.979487191601273,"ERBB3, IL1RAP, UBB, PHLPP1",False
shared_down,Reactome,REACTOME_SPHINGOLIPID_METABOLISM,Sphingolipid metabolism,1,96,330,0.003,0.0065,0.467,0.8861321340053876,0.979487191601273,ABCG2,False
shared_down,Reactome,REACTOME_INTERFERON_SIGNALING,Interferon signaling,3,231,330,0.0091,0.0156,0.582,0.8922254510382641,0.9845759985580844,"MT2A, HERC5, UBB",False
shared_down,Reactome,REACTOME_TRANSCRIPTIONAL_REGULATION_BY_RUNX1,Transcriptional regulation by runx1,2,169,330,0.0061,0.0114,0.531,0.8940785060803799,0.9846454963023117,"ITCH, UBB",False
shared_down,Reactome,REACTOME_ADIPOGENESIS,Adipogenesis,1,102,330,0.003,0.0069,0.44,0.900638198495038,0.9846454963023117,PCK1,False
shared_down,Reactome,REACTOME_SIGNALING_BY_THE_B_CELL_RECEPTOR_BCR,Signaling by the b cell receptor bcr,1,102,330,0.003,0.0069,0.44,0.900638198495038,0.9846454963023117,UBB,False
shared_down,Reactome,REACTOME_RAC1_GTPASE_CYCLE,Rac1 gtpase cycle,2,173,330,0.0061,0.0117,0.518,0.9014773595469112,0.9846454963023117,"ARHGEF4, FERMT2",False
shared_down,Reactome,REACTOME_MYD88_INDEPENDENT_TLR4_CASCADE,Myd88 independent tlr4 cascade,1,103,330,0.003,0.007,0.435,0.9028699841264451,0.9846454963023117,UBB,False
shared_down,Reactome,REACTOME_TOLL_LIKE_RECEPTOR_9_TLR9_CASCADE,Toll like receptor 9 tlr9 cascade,1,103,330,0.003,0.007,0.435,0.9028699841264451,0.9846454963023117,UBB,False
shared_down,Reactome,REACTOME_NONSENSE_MEDIATED_DECAY_NMD,Nonsense mediated decay nmd,1,103,330,0.003,0.007,0.435,0.9028699841264451,0.9846454963023117,SMG1,False
shared_down,Reactome,REACTOME_SRP_DEPENDENT_COTRANSLATIONAL_PROTEIN_TARGETING_TO_MEMBRANE,Srp dependent cotranslational protein targeting to membrane,1,104,330,0.003,0.007,0.431,0.9050517896698578,0.9846454963023117,SEC61A2,False
shared_down,Reactome,REACTOME_NUCLEOTIDE_EXCISION_REPAIR,Nucleotide excision repair,1,105,330,0.003,0.0071,0.427,0.9071847310863961,0.9846454963023117,UBB,False
shared_down,Reactome,REACTOME_DNA_REPLICATION_PRE_INITIATION,Dna replication pre initiation,1,105,330,0.003,0.0071,0.427,0.9071847310863961,0.9846454963023117,UBB,False
shared_down,Reactome,REACTOME_HOMOLOGY_DIRECTED_REPAIR,Homology directed repair,1,106,330,0.003,0.0072,0.423,0.9092698994941495,0.9852908255174309,UBB,False
shared_down,Reactome,REACTOME_MITOTIC_G2_G2_M_PHASES,Mitotic g2 g2 m phases,2,179,330,0.0061,0.0121,0.501,0.9116781218160026,0.9862835327665757,"HAUS4, UBB",False
shared_down,Reactome,REACTOME_TOLL_LIKE_RECEPTOR_TLR1_TLR2_CASCADE,Toll like receptor tlr1 tlr2 cascade,1,108,330,0.003,0.0073,0.415,0.9133011608366461,0.986424946589907,UBB,False
shared_down,Reactome,REACTOME_TCR_SIGNALING,Tcr signaling,1,110,330,0.003,0.0074,0.408,0.9171538264314003,0.9889701130035166,UBB,False
shared_down,Reactome,REACTOME_INTRA_GOLGI_AND_RETROGRADE_GOLGI_TO_ER_TRAFFIC,Intra golgi and retrograde golgi to er traffic,2,188,330,0.0061,0.0127,0.477,0.925142428625828,0.9953209627454718,"KLC4, GOLIM4",False
shared_down,Reactome,REACTOME_SYNTHESIS_OF_DNA,Synthesis of dna,1,115,330,0.003,0.0078,0.39,0.9260550561096296,0.9953209627454718,UBB,False
shared_down,Reactome,REACTOME_EPIGENETIC_REGULATION_OF_GENE_EXPRESSION,Epigenetic regulation of gene expression,2,194,330,0.0061,0.0131,0.462,0.9330192537056028,0.9985005237911072,"SS18L1, SIRT1",False
shared_down,Reactome,REACTOME_GOLGI_TO_ER_RETROGRADE_TRANSPORT,Golgi to er retrograde transport,1,122,330,0.003,0.0082,0.367,0.9369376215745397,0.9985005237911072,KLC4,False
shared_down,Reactome,REACTOME_FC_EPSILON_RECEPTOR_FCERI_SIGNALING,Fc epsilon receptor fceri signaling,1,123,330,0.003,0.0083,0.364,0.9383560093117536,0.9985005237911072,UBB,False
shared_down,Reactome,REACTOME_C_TYPE_LECTIN_RECEPTORS_CLRS,C type lectin receptors clrs,1,124,330,0.003,0.0084,0.362,0.9397425894308403,0.9985005237911072,UBB,False
shared_down,Reactome,REACTOME_HOST_INTERACTIONS_OF_HIV_FACTORS,Host interactions of hiv factors,1,124,330,0.003,0.0084,0.362,0.9397425894308403,0.9985005237911072,UBB,False
shared_down,Reactome,REACTOME_MRNA_SPLICING,Mrna splicing,2,200,330,0.0061,0.0135,0.448,0.940108751717927,0.9985005237911072,"SNRNP48, CTNNBL1",False
shared_down,Reactome,REACTOME_TRANSLATION,Translation,3,268,330,0.0091,0.0181,0.502,0.9406605948926033,0.9985005237911072,"SEC61A2, EIF5, EIF4B",False
shared_down,Reactome,REACTOME_FACTORS_INVOLVED_IN_MEGAKARYOCYTE_DEVELOPMENT_AND_PLATELET_PRODUCTION,Factors involved in megakaryocyte development and platelet production,1,125,330,0.003,0.0084,0.359,0.9410980731041751,0.9985005237911072,KLC4,False
shared_down,Reactome,REACTOME_DNA_REPLICATION,Dna replication,1,130,330,0.003,0.0088,0.345,0.9474328455945797,0.9987157724458147,UBB,False
shared_down,Reactome,REACTOME_G2_M_CHECKPOINTS,G2 m checkpoints,1,134,330,0.003,0.0091,0.335,0.952007854097936,0.9987157724458147,UBB,False
shared_down,Reactome,REACTOME_PTEN_REGULATION,Pten regulation,1,135,330,0.003,0.0091,0.332,0.9530881684327027,0.9987157724458147,UBB,False
shared_down,Reactome,REACTOME_BETA_CATENIN_INDEPENDENT_WNT_SIGNALING,Beta catenin independent wnt signaling,1,135,330,0.003,0.0091,0.332,0.9530881684327027,0.9987157724458147,UBB,False
shared_down,Reactome,REACTOME_DNA_DOUBLE_STRAND_BREAK_REPAIR,Dna double strand break repair,1,135,330,0.003,0.0091,0.332,0.9530881684327027,0.9987157724458147,UBB,False
shared_down,Reactome,REACTOME_G_ALPHA_I_SIGNALLING_EVENTS,G alpha i signalling events,2,213,330,0.0061,0.0144,0.421,0.9531054091798363,0.9987157724458147,"RGS5, TAS1R1",False
shared_down,Reactome,REACTOME_CELLULAR_SENESCENCE,Cellular senescence,1,140,330,0.003,0.0095,0.32,0.958136719843755,0.9987157724458147,UBB,False
shared_down,Reactome,REACTOME_CELLULAR_RESPONSE_TO_STARVATION,Cellular response to starvation,1,141,330,0.003,0.0095,0.318,0.959079457830077,0.9987157724458147,FNIP2,False
shared_down,Reactome,REACTOME_SIGNALING_BY_RECEPTOR_TYROSINE_KINASES,Signaling by receptor tyrosine kinases,6,481,330,0.0182,0.0325,0.559,0.9599593218771714,0.9987157724458147,"WWP1, YES1, UBB, COL11A2, ERBB3, ITCH",False
shared_down,Reactome,REACTOME_ER_TO_GOLGI_ANTEROGRADE_TRANSPORT,Er to golgi anterograde transport,1,142,330,0.003,0.0096,0.316,0.9600010287654537,0.9987157724458147,SPTBN2,False
shared_down,Reactome,REACTOME_HIV_LIFE_CYCLE,Hiv life cycle,1,144,330,0.003,0.0097,0.311,0.961782554291766,0.9987157724458147,UBB,False
shared_down,Reactome,REACTOME_INFLUENZA_INFECTION,Influenza infection,1,145,330,0.003,0.0098,0.309,0.9626434250824635,0.9987157724458147,IPO5,False
shared_down,Reactome,REACTOME_DISEASES_OF_SIGNAL_TRANSDUCTION_BY_GROWTH_FACTOR_RECEPTORS_AND_SECOND_MESSENGERS,Diseases of signal transduction by growth factor receptors and second messengers,5,428,330,0.0152,0.0289,0.524,0.9643743395747234,0.9987157724458147,"YES1, UBB, ERBB3, CNKSR2, DUSP10",False
shared_down,Reactome,REACTOME_REGULATION_OF_EXPRESSION_OF_SLITS_AND_ROBOS,Regulation of expression of slits and robos,1,155,330,0.003,0.0105,0.289,0.9702570944600754,0.9987157724458147,UBB,False
shared_down,Reactome,REACTOME_PLATELET_ACTIVATION_SIGNALING_AND_AGGREGATION,Platelet activation signaling and aggregation,2,240,330,0.0061,0.0162,0.374,0.9720320067188004,0.9987157724458147,"SOD1, SERPINF2",False
shared_down,Reactome,REACTOME_TOLL_LIKE_RECEPTOR_CASCADES,Toll like receptor cascades,1,158,330,0.003,0.0107,0.284,0.9722236639565696,0.9987157724458147,UBB,False
shared_down,Reactome,REACTOME_SUMOYLATION,Sumoylation,1,159,330,0.003,0.0107,0.282,0.9728499410059227,0.9987157724458147,RORA,False
shared_down,Reactome,REACTOME_UB_SPECIFIC_PROCESSING_PROTEASES,Ub specific processing proteases,1,160,330,0.003,0.0108,0.28,0.9734621391246822,0.9987157724458147,UBB,False
shared_down,Reactome,REACTOME_SIGNALING_BY_WNT,Signaling by wnt,2,250,330,0.0061,0.0169,0.359,0.9769664960040416,0.9987157724458147,"UBB, CXXC4",False
shared_down,Reactome,REACTOME_TRANSPORT_TO_THE_GOLGI_AND_SUBSEQUENT_MODIFICATION,Transport to the golgi and subsequent modification,1,168,330,0.003,0.0114,0.267,0.9778893076518088,0.9987157724458147,SPTBN2,False
shared_down,Reactome,REACTOME_SEPARATION_OF_SISTER_CHROMATIDS,Separation of sister chromatids,1,175,330,0.003,0.0118,0.256,0.981154366693979,0.9987157724458147,UBB,False
shared_down,Reactome,REACTOME_GPCR_LIGAND_BINDING,Gpcr ligand binding,2,264,330,0.0061,0.0178,0.34,0.9824860266252583,0.9987157724458147,"HTR2A, TAS1R1",False
shared_down,Reactome,REACTOME_PROCESSING_OF_CAPPED_INTRON_CONTAINING_PRE_MRNA,Processing of capped intron containing pre mrna,2,266,330,0.0061,0.018,0.337,0.9831615581905911,0.9987157724458147,"SNRNP48, CTNNBL1",False
shared_down,Reactome,REACTOME_SIGNALING_BY_GPCR,Signaling by gpcr,5,478,330,0.0152,0.0323,0.469,0.9832882451864032,0.9987157724458147,"NET1, RGS5, TAS1R1, HTR2A, ARHGEF4",False
shared_down,Reactome,REACTOME_CILIUM_ASSEMBLY,Cilium assembly,1,184,330,0.003,0.0124,0.244,0.9846558244394619,0.9987157724458147,HAUS4,False
shared_down,Reactome,REACTOME_CLASS_A_1_RHODOPSIN_LIKE_RECEPTORS,Class a 1 rhodopsin like receptors,1,187,330,0.003,0.0126,0.24,0.9856723332276881,0.9987157724458147,HTR2A,False
shared_down,Reactome,REACTOME_ORGANELLE_BIOGENESIS_AND_MAINTENANCE,Organelle biogenesis and maintenance,2,275,330,0.0061,0.0186,0.326,0.9859014445100971,0.9987157724458147,"HAUS4, PRKAG2",False
shared_down,Reactome,REACTOME_MITOTIC_PROMETAPHASE,Mitotic prometaphase,1,188,330,0.003,0.0127,0.238,0.9859960225571097,0.9987157724458147,HAUS4,False
shared_down,Reactome,REACTOME_SIGNALING_BY_ROBO_RECEPTORS,Signaling by robo receptors,1,198,330,0.003,0.0134,0.226,0.9888577502384984,0.9987157724458147,UBB,False
shared_down,Reactome,REACTOME_CHROMATIN_MODIFYING_ENZYMES,Chromatin modifying enzymes,1,207,330,0.003,0.014,0.217,0.9909309167918,0.9987157724458147,SETDB2,False
shared_down,Reactome,REACTOME_MITOTIC_METAPHASE_AND_ANAPHASE,Mitotic metaphase and anaphase,1,218,330,0.003,0.0147,0.206,0.9929496723757237,0.9987157724458147,UBB,False
shared_down,Reactome,REACTOME_HIV_INFECTION,Hiv infection,1,221,330,0.003,0.0149,0.203,0.9934178015913663,0.9987157724458147,UBB,False
shared_down,Reactome,REACTOME_DEUBIQUITINATION,Deubiquitination,1,233,330,0.003,0.0157,0.192,0.9950001671431217,0.9987157724458147,UBB,False
shared_down,Reactome,REACTOME_M_PHASE,M phase,2,343,330,0.0061,0.0232,0.261,0.9964138783640123,0.9987157724458147,"HAUS4, UBB",False
shared_down,Reactome,REACTOME_RHO_GTPASE_EFFECTORS,Rho gtpase effectors,1,250,330,0.003,0.0169,0.179,0.9966145762363382,0.9987157724458147,KLC4,False
shared_down,Reactome,REACTOME_CELL_CYCLE_CHECKPOINTS,Cell cycle checkpoints,1,252,330,0.003,0.017,0.178,0.996766467461678,0.9987157724458147,UBB,False
shared_down,Reactome,REACTOME_DNA_REPAIR,Dna repair,1,285,330,0.003,0.0193,0.157,0.9984852691565504,0.9987157724458147,UBB,False
shared_down,Reactome,REACTOME_CELL_CYCLE_MITOTIC,Cell cycle mitotic,3,479,330,0.0091,0.0324,0.281,0.9987157724458147,0.9987157724458147,"HAUS4, RBL2, UBB",False
