group,database,term,term_label,overlap,set_size,n_group_genes,gene_ratio,bg_ratio,fold_enrichment,p_value,q_value,genes,significant
C2_core,GO_BP,GOBP_EXTERNAL_ENCAPSULATING_STRUCTURE_ORGANIZATION,External encapsulating structure organization,54,278,806,0.067,0.0188,3.565,1.6057916034667944e-16,6.084344385535683e-13,"MFAP4, ITGA8, TPSAB1, TGFB2, ADAMTS1, PRICKLE1, ADAMTS3, GSN, ITGA2, LOX, SOX9, CCN1, MMP7, OLFML2B, EFEMP2, DDR1, COL12A1, ADAMTS9, FKBP10, COL4A1, SERPINH1, TNXB, HAS2, COL4A2, MMP2, MMP11, SPOCK2, LOXL4, FOXC1, ZNF469, RAMP2, CCDC80, COL9A2, SPINT2, ELF3, COL8A2, APLP1, MMP14, SMOC2, ADAMTS15, SH3PXD2B, MMP23B, CRISPLD2, PTX3, FAP, SPINT1, DPT, AEBP1, RGCC, FMOD, LAMC1, COL16A1, TNFRSF11B, LOXL1",True
C2_core,GO_BP,GOBP_MORPHOGENESIS_OF_AN_EPITHELIUM,Morphogenesis of an epithelium,61,421,806,0.0757,0.0285,2.659,1.9576409617673945e-12,3.7087508020683286e-09,"FRZB, HAND2, TGFB2, NRARP, SNAI1, PRICKLE1, SOCS3, RHOC, SOX9, EPHA2, CCN1, SOX18, BCL2, ST14, DDR1, VEGFC, MYC, SLIT2, CA9, COL4A1, VCL, KIF26B, MMP2, PODXL, DLG3, JAG1, PKHD1, LIF, BRSK1, VDR, EDNRA, TEAD2, NFATC4, PDGFA, EZR, SEMA3E, CXCR4, SPINT2, CASR, ID4, KLF4, FLNA, SPRY1, MMP14, JAG2, GJA1, GPC3, DLL1, RIPK4, ITGB5, HBEGF, TACSTD2, ACVRL1, GLI2, FGF7, SPINT1, VANGL2, MDK, FOXQ1, TGFB1I1, FZD1",True
C2_core,GO_BP,GOBP_AMEBOIDAL_TYPE_CELL_MIGRATION,Ameboidal type cell migration,56,391,806,0.0695,0.0264,2.629,2.6103599510859672e-11,3.2968846182215765e-08,"ENPP2, HAND2, SEMA7A, TGFB2, SNAI1, ITGA2, EPHA2, SOX9, SOX18, ANXA1, HYAL2, ADAMTS9, VEGFC, STC1, SLIT2, ANXA3, HAS2, STAT5A, ID1, AMOTL2, TNFSF12, ADGRB1, SEMA3G, EDNRA, TIMP1, SRPX2, SEMA3E, PTP4A3, SYDE1, KLF4, ARID5B, KIT, SMOC2, GJA1, RAB25, GPC3, AQP1, THBS1, HBEGF, TACSTD2, PTGS2, ACVRL1, ITGA3, FAP, FGF7, CLEC14A, FSTL1, MYH9, RGCC, GATA2, SPARC, TPBG, RRAS, ZC3H12A, ANGPT1, EGR3",True
C2_core,GO_BP,GOBP_RENAL_SYSTEM_DEVELOPMENT,Renal system development,43,282,806,0.0533,0.0191,2.799,7.904827499482169e-10,7.487847848884484e-07,"ITGA8, PROM1, TGFB2, PDGFD, ADAMTS1, PRICKLE1, EPCAM, SOX9, BCL2, HYAL2, MYC, SLIT2, COL4A1, KIF26B, GCNT4, HAS2, PODXL, EDNRA, PKHD1, LIF, JAG1, FOXC1, PDGFA, CD34, HEYL, ARID5B, EGR1, SPRY1, DLL1, GPC3, NOTCH3, AQP1, TACSTD2, PRDM1, GLI2, ITGA3, SOX4, ID3, WWTR1, VANGL2, PYGO1, ANGPT1, BICC1",True
C2_core,GO_BP,GOBP_RESPONSE_TO_TRANSFORMING_GROWTH_FACTOR_BETA,Response to transforming growth factor beta,39,245,806,0.0484,0.0166,2.922,1.3922478365141355e-09,1.055045410510412e-06,"SAP30, ITGA8, TGFB2, PDGFD, DKK3, BAMBI, FNDC4, PMEPA1, LOX, SOX9, GDF15, PDE3A, PIN1, HYAL2, LATS2, SINHCAF, LRRC32, DUSP22, ID1, COL4A2, TGFB3, RASL11B, CDKN1C, SPRY1, CLDN5, ANKRD1, ITGB8, ZMIZ1, ITGB5, THBS1, ZNF703, ACVRL1, ITGA3, LTBP2, ASPN, FMOD, TGFB1I1, VEPH1, FOS",True
C2_core,GO_BP,GOBP_WNT_SIGNALING_PATHWAY,Wnt signaling pathway,51,388,806,0.0633,0.0262,2.413,4.317903862325402e-09,2.726756289058492e-06,"FRZB, SFRP5, WLS, NRARP, SNAI1, DKK3, PRICKLE1, BAMBI, MLLT3, GLI1, MARK1, TRABD2A, NKD2, SOX9, WNT10B, PIN1, TMEM132A, TMEM88, HIC1, LATS2, GPRC5B, MDFI, AMOTL2, CSNK1E, EDNRA, FZD7, NFATC4, DKK2, KLF4, IGFBP6, DACT1, EGR1, GPC3, TAX1BP3, GRK5, ZNF703, ROR2, DCDC2, FOXL1, SHISA3, ITGA3, SOX4, WNK2, WWTR1, VANGL2, MDK, PYGO1, TGFB1I1, TPBG, BICC1, FZD1",True
C2_core,GO_BP,GOBP_CELL_SURFACE_RECEPTOR_PROTEIN_SERINE_THREONINE_KINASE_SIGNALING_PATHWAY,Cell surface receptor protein serine threonine kinase signaling pathway,44,312,806,0.0546,0.0211,2.589,6.012145904673312e-09,2.859726876670907e-06,"SAP30, ITGA8, TGFB2, DKK3, BAMBI, PMEPA1, LOX, GDF15, CCN1, PIN1, LATS2, SINHCAF, LRRC32, FSTL3, DUSP22, ID1, ELAPOR2, FOS, CRIM1, TGFB3, CHRDL2, RASL11B, DACT1, SPRY1, EGR1, CDKN1C, CLDN5, GPC3, ITGB8, ZMIZ1, ITGB5, THBS1, ZNF703, ACVRL1, ITGA3, LTBP2, FSTL1, ASPN, GATA6, WWTR1, FMOD, TGFB1I1, VEPH1, FZD1",True
C2_core,GO_BP,GOBP_TISSUE_MIGRATION,Tissue migration,42,290,806,0.0521,0.0196,2.658,6.037955928574098e-09,2.859726876670907e-06,"ENPP2, TGFB2, SNAI1, ITGA2, SOX9, EPHA2, ANXA1, SOX18, ADAMTS9, VEGFC, STC1, ANXA3, SLIT2, HAS2, STAT5A, ID1, ADGRB1, TNFSF12, SRPX2, PTP4A3, KLF4, KIT, SMOC2, RAB25, THBS1, HBEGF, TACSTD2, PTGS2, ACVRL1, ITGA3, FAP, FGF7, CLEC14A, FSTL1, MYH9, RGCC, GATA2, SPARC, RRAS, ZC3H12A, ANGPT1, EGR3",True
C2_core,GO_BP,GOBP_TRANSFORMING_GROWTH_FACTOR_BETA_RECEPTOR_SIGNALING_PATHWAY,Transforming growth factor beta receptor signaling pathway,32,188,806,0.0397,0.0127,3.124,8.011623350570145e-09,3.002083819385684e-06,"SAP30, ITGA8, TGFB2, DKK3, BAMBI, PMEPA1, LOX, GDF15, PIN1, LATS2, SINHCAF, LRRC32, DUSP22, ID1, TGFB3, RASL11B, CDKN1C, SPRY1, CLDN5, ITGB8, ZMIZ1, ITGB5, THBS1, ZNF703, ACVRL1, ITGA3, LTBP2, ASPN, FMOD, TGFB1I1, VEPH1, FOS",True
C2_core,GO_BP,GOBP_REGULATION_OF_WNT_SIGNALING_PATHWAY,Regulation of wnt signaling pathway,41,282,806,0.0509,0.0191,2.669,8.183491789556093e-09,3.002083819385684e-06,"FRZB, SFRP5, WLS, NRARP, DKK3, PRICKLE1, BAMBI, MLLT3, GLI1, TRABD2A, NKD2, SOX9, WNT10B, PIN1, TMEM132A, TMEM88, LATS2, HIC1, GPRC5B, MDFI, CSNK1E, FZD7, NFATC4, DKK2, DACT1, IGFBP6, EGR1, GPC3, TAX1BP3, DCDC2, ZNF703, FOXL1, SHISA3, ITGA3, SOX4, WNK2, WWTR1, MDK, TPBG, BICC1, FZD1",True
C2_core,GO_BP,GOBP_CELL_SUBSTRATE_ADHESION,Cell substrate adhesion,45,327,806,0.0558,0.0221,2.526,8.715471631892986e-09,3.002083819385684e-06,"ITGA8, CDH11, VWF, ITGA2, PLAU, CCN1, THY1, BCL2, EFEMP2, DDR1, CD63, ADAMTS9, VCL, TNXB, HAS2, DUSP22, JAG1, PKHD1, SPOCK2, FZD7, CCDC80, SEMA3E, CD34, EDIL3, FLNA, JAM3, MMP14, FBLN2, PARVA, ITGB8, ITGB5, THBS1, EFNA5, CCL21, TACSTD2, ACVRL1, ITGA3, MYADM, NEDD9, CCN2, MDK, RRAS, LAMC1, COL16A1, ANGPT1",True
C2_core,GO_BP,GOBP_NEGATIVE_REGULATION_OF_WNT_SIGNALING_PATHWAY,Negative regulation of wnt signaling pathway,27,142,806,0.0335,0.0096,3.49,1.0471574537793796e-08,3.306399660308391e-06,"FRZB, SFRP5, DKK3, PRICKLE1, MLLT3, GLI1, TRABD2A, NKD2, SOX9, TMEM88, LATS2, HIC1, MDFI, CSNK1E, NFATC4, DKK2, DACT1, IGFBP6, EGR1, GPC3, TAX1BP3, SHISA3, WWTR1, MDK, TPBG, BICC1, FZD1",True
C2_core,GO_BP,GOBP_REGULATION_OF_CELLULAR_RESPONSE_TO_GROWTH_FACTOR_STIMULUS,Regulation of cellular response to growth factor stimulus,39,266,806,0.0484,0.018,2.691,1.4985794890728366e-08,4.367782833920752e-06,"SAP30, ITGA8, DKK3, BAMBI, ADAMTS3, PMEPA1, LOX, CCN1, GDF15, PIN1, LATS2, CD63, SINHCAF, VEGFC, SLIT2, TNXB, FSTL3, ELAPOR2, CRIM1, TGFB3, CHRDL2, PTP4A3, RASL11B, CDKN1C, SPRY1, SMOC2, DLL1, GPC3, THBS1, ZNF703, ACVRL1, TMEM204, ITGA3, FSTL1, ASPN, GATA6, TGFB1I1, VEPH1, FZD1",True
C2_core,GO_BP,GOBP_HEART_MORPHOGENESIS,Heart morphogenesis,34,219,806,0.0422,0.0148,2.85,3.012816845077429e-08,8.15397358999884e-06,"HAND2, TGFB2, SNAI1, ADAMTS1, PRICKLE1, OLFM1, SOX9, CCN1, SOX18, FHL2, SLIT2, HAS2, CCM2L, EDNRA, JAG1, TPM1, TGFB3, TEAD2, FOXC1, SMARCD3, HEYL, FLNA, SPRY1, CLDN5, GJA1, DLL1, ANKRD1, PARVA, ZMIZ1, ACVRL1, SOX4, GATA6, VANGL2, FZD1",True
C2_core,GO_BP,GOBP_OSSIFICATION,Ossification,46,353,806,0.0571,0.0239,2.392,3.2858431328664855e-08,8.300039753620743e-06,"HAND2, SEMA7A, SNAI1, CDH11, JUND, BAMBI, PRICKLE1, MGP, GLI1, LOX, EPHA2, SOX9, PDLIM7, WNT10B, CCN1, BCL2, FHL2, VEGFC, STC1, VCAN, PKDCC, FSTL3, MMP2, JAG1, VDR, CRIM1, TPM4, EGR2, FOXC1, CHRDL2, CASR, ID4, MMP14, GJA1, GPC3, ROR2, CLEC5A, PTGS2, GLI2, JUNB, ID3, ASPN, WWTR1, CCN2, MDK, FZD1",True
C2_core,GO_BP,GOBP_REGULATION_OF_VASCULATURE_DEVELOPMENT,Regulation of vasculature development,37,255,806,0.0459,0.0172,2.663,4.638418929475127e-08,1.0984355827363285e-05,"TGFB2, ADAMTS1, ECSCR, EPHA2, KLF2, SLC12A2, ADAMTS9, VEGFC, ANXA3, COL4A2, SPHK1, ADGRB1, TNFSF12, FOXC1, RAMP2, F3, SEMA3E, CD34, CXCR4, HSPB6, KLF4, SMOC2, CLDN5, DLL1, AQP1, ITGB8, THBS1, ACVRL1, BTG1, GATA6, RGCC, GATA2, SPARC, MDK, RRAS, ZC3H12A, CXCL8",True
C2_core,GO_BP,GOBP_TAXIS,Taxis,47,382,806,0.0583,0.0258,2.258,1.362921876562335e-07,3.037712347232169e-05,"ENPP2, SEMA7A, TGFB2, PDGFD, ECSCR, IL34, ITGA2, LOX, EPHA2, CCL19, PLAU, CCN1, ANXA1, SLC12A2, CXCL5, VEGFC, SLIT2, MMP2, SEMA3G, CXCL1, PDGFA, F3, SEMA3E, CXCR4, PLP2, CASR, CCL2, JAM3, LPAR1, KIT, SMOC2, PARVA, THBS1, CXCL6, HBEGF, EFNA5, CCL21, CH25H, FGF7, RPS19, NEDD9, PLXNA3, MDK, TPBG, ANGPT1, CXCL8, EGR3",True
C2_core,GO_BP,GOBP_RESPONSE_TO_WOUNDING,Response to wounding,56,497,806,0.0695,0.0336,2.068,1.776089074159047e-07,3.738667501104794e-05,"P2RX1, TGFB2, PROCR, MYL12A, VWF, TSPO, ITGA2, TNFRSF12A, DPYSL3, GLI1, SYT11, RHOC, CNN2, PLAU, CCN1, ANXA1, BCL2, SLC12A2, DDR1, ADRA2C, FKBP10, ZFP36, VCL, MAP1B, MMP2, EDNRA, FZD7, TPM1, TIMP1, PDGFA, F3, MCAM, CHMP4B, CD9, CD34, CXCR4, TSPAN8, KLF4, FLNA, F13A1, SMOC2, AQP1, MYL9, ITGB5, HBEGF, THBS1, ACVRL1, FAP, FGF7, THBD, MYH9, GATA2, MDK, CCN2, ADRA2A, PLAT",True
C2_core,GO_BP,GOBP_MULTI_MULTICELLULAR_ORGANISM_PROCESS,Multi multicellular organism process,27,163,806,0.0335,0.011,3.04,2.0864644339760732e-07,4.1608493370186006e-05,"P2RX1, MAFF, ITGA2, BCL2, DDR1, PAPPA, STC1, FOSB, MMP2, IGFBP7, VDR, LIF, TGFB3, TIMP1, SYDE1, GJA1, TEAD4, PTGS2, PRDM1, ITGA3, JUNB, TPPP3, THBD, ADRA2A, SLC38A1, COL16A1, FOS",True
C2_core,GO_BP,GOBP_EMBRYONIC_ORGAN_DEVELOPMENT,Embryonic organ development,44,354,806,0.0546,0.0239,2.281,2.5752436310394994e-07,4.8787990590043314e-05,"ITGA8, HAND2, FRZB, TGFB2, SNAI1, PRICKLE1, SOCS3, GLI1, SOX9, EPHA2, CCN1, SOX18, ST14, MFAP2, PPP1R35, PKDCC, ATP8A2, MDFI, KRT19, EDNRA, LIF, TGFB3, TEAD2, FOXC1, PDGFA, SPINT2, MMP14, KIT, EFEMP1, GJA1, DLL1, TEAD4, A2M, MYO3A, GLI2, PRDM1, SPINT1, JUNB, ID3, GATA2, VANGL2, NES, USH1C, CXCL8",True
C2_core,GO_BP,GOBP_NEPHRON_DEVELOPMENT,Nephron development,23,126,806,0.0285,0.0085,3.35,2.777136524323243e-07,5.010747757457509e-05,"PROM1, PDGFD, SOX9, BCL2, MYC, KIF26B, PODXL, EDNRA, LIF, JAG1, FOXC1, PDGFA, CD34, HEYL, EGR1, DLL1, GPC3, NOTCH3, AQP1, TACSTD2, ITGA3, WWTR1, ANGPT1",True
C2_core,GO_BP,GOBP_REGULATION_OF_CELL_SUBSTRATE_ADHESION,Regulation of cell substrate adhesion,30,199,806,0.0372,0.0135,2.767,3.753097600470873e-07,6.129048979916849e-05,"CCN1, PLAU, THY1, BCL2, EFEMP2, DDR1, VCL, DUSP22, HAS2, JAG1, SPOCK2, PKHD1, FZD7, CCDC80, SEMA3E, EDIL3, MMP14, FLNA, FBLN2, THBS1, EFNA5, CCL21, TACSTD2, ACVRL1, ITGA3, MYADM, NEDD9, MDK, RRAS, COL16A1",True
C2_core,GO_BP,GOBP_MORPHOGENESIS_OF_A_BRANCHING_STRUCTURE,Morphogenesis of a branching structure,27,168,806,0.0335,0.0114,2.95,3.907995793201572e-07,6.129048979916849e-05,"NRARP, SOCS3, SOX9, EPHA2, BCL2, ST14, DDR1, MYC, SLIT2, COL4A1, VDR, PKHD1, EDNRA, PDGFA, NFATC4, SEMA3E, SPINT2, CASR, MMP14, SPRY1, GPC3, TACSTD2, PRDM1, GLI2, FGF7, SPINT1, MDK",True
C2_core,GO_BP,GOBP_COLLAGEN_FIBRIL_ORGANIZATION,Collagen fibril organization,15,59,806,0.0186,0.004,4.666,4.0796719313107057e-07,6.129048979916849e-05,"COL12A1, TGFB2, FKBP10, SERPINH1, AEBP1, TNXB, ADAMTS3, FOXC1, DPT, LOX, MMP11, FMOD, LOXL4, LOXL1, EFEMP2",True
C2_core,GO_BP,GOBP_GLOMERULUS_DEVELOPMENT,Glomerulus development,15,59,806,0.0186,0.004,4.666,4.0796719313107057e-07,6.129048979916849e-05,"AQP1, PROM1, PDGFD, CD34, HEYL, JAG1, EGR1, WWTR1, PODXL, NOTCH3, EDNRA, ANGPT1, BCL2, FOXC1, PDGFA",True
C2_core,GO_BP,GOBP_POSITIVE_REGULATION_OF_CELL_ADHESION,Positive regulation of cell adhesion,50,434,806,0.062,0.0293,2.115,4.2057343224554783e-07,6.129048979916849e-05,"ADAM19, TGFB2, ITGA2, VTCN1, SLC7A1, CCL19, CCN1, WNT10B, THY1, ANXA1, EFEMP2, IL2RA, SOCS1, HLA-DOB, KIF26B, FSTL3, HAS2, PODXL, PYCARD, SPOCK2, CYTH3, ICOS, LIF, TPM1, SMARCD3, CCDC80, NCK2, EDIL3, CCL2, FOXP3, FLNA, FBLN2, NFKBID, SHB, MAP3K8, ZMIZ1, CCL21, VSIR, CHST4, GLI2, ITGA3, MYADM, SOX4, NEDD9, MDK, RRAS, LAMC1, COL16A1, ANGPT1, EGR3",True
C2_core,GO_BP,GOBP_REGULATION_OF_CANONICAL_WNT_SIGNALING_PATHWAY,Regulation of canonical wnt signaling pathway,32,223,806,0.0397,0.0151,2.634,4.833978610739732e-07,6.783683317071423e-05,"FRZB, SFRP5, WLS, NRARP, DKK3, PRICKLE1, BAMBI, MLLT3, GLI1, SOX9, NKD2, WNT10B, PIN1, TMEM88, LATS2, GPRC5B, CSNK1E, FZD7, DKK2, DACT1, IGFBP6, EGR1, GPC3, ZNF703, SHISA3, SOX4, WNK2, WWTR1, MDK, TPBG, BICC1, FZD1",True
C2_core,GO_BP,GOBP_EPIDERMIS_DEVELOPMENT,Epidermis development,35,258,806,0.0434,0.0174,2.49,5.604052274416518e-07,7.450946233195388e-05,"EMP1, TGFB2, SNAI1, MAFF, GLI1, EPHA2, SOX9, WNT10B, SOX18, ANXA1, BCL2, ST14, LATS2, ZFP36, SLC4A7, ELAPOR2, VDR, KRT7, JAG1, FOXC1, PDGFA, LAMC2, EDA2R, KLF4, JAG2, KRT80, DLL1, GLI2, FGF7, SPINT1, GATA6, CCN2, FOXQ1, USH1C, KRT86",True
C2_core,GO_BP,GOBP_SENSORY_ORGAN_DEVELOPMENT,Sensory organ development,51,451,806,0.0633,0.0305,2.076,5.702756420233999e-07,7.450946233195388e-05,"NHS, ITGA8, HAND2, PROM1, TGFB2, FRZB, PRICKLE1, SAMD11, CACNA1C, SOX9, EPHA2, WNT10B, THY1, BCL2, MFAP2, DDR1, MYO7B, COL4A1, CRYAB, ATP8A2, BNC2, HCN1, SLC4A7, JAG1, EDNRA, TGFB3, LAMC3, BHLHE22, FOXC1, SMARCD3, LRP10, COL8A2, KLF4, SPRY1, VIM, JAG2, EFEMP1, KIT, GJA1, DLL1, SH3PXD2B, AQP1, LPCAT1, ACVRL1, MYO3A, PRDM1, SOX4, GATA2, NES, USH1C, FJX1",True
C2_core,GO_BP,GOBP_REGULATION_OF_EPITHELIAL_CELL_MIGRATION,Regulation of epithelial cell migration,31,215,806,0.0385,0.0145,2.647,6.548968643713469e-07,8.271347397010111e-05,"ENPP2, TGFB2, ITGA2, EPHA2, SOX9, ANXA1, ADAMTS9, VEGFC, STC1, ANXA3, SLIT2, HAS2, STAT5A, ADGRB1, SRPX2, KLF4, SMOC2, RAB25, THBS1, HBEGF, TACSTD2, PTGS2, ACVRL1, ITGA3, FGF7, RGCC, GATA2, SPARC, RRAS, ZC3H12A, ANGPT1",True
C2_core,GO_BP,GOBP_CANONICAL_WNT_SIGNALING_PATHWAY,Canonical wnt signaling pathway,36,272,806,0.0447,0.0184,2.429,7.086974762903281e-07,8.489814270274654e-05,"FRZB, SFRP5, WLS, NRARP, SNAI1, DKK3, PRICKLE1, BAMBI, MLLT3, GLI1, SOX9, NKD2, WNT10B, PIN1, TMEM88, LATS2, GPRC5B, CSNK1E, EDNRA, FZD7, DKK2, KLF4, DACT1, IGFBP6, EGR1, GPC3, ZNF703, SHISA3, SOX4, WNK2, WWTR1, MDK, TPBG, PYGO1, BICC1, FZD1",True
C2_core,GO_BP,GOBP_ENDOTHELIAL_CELL_MIGRATION,Endothelial cell migration,30,205,806,0.0372,0.0139,2.686,7.186191756949608e-07,8.489814270274654e-05,"EPHA2, SOX18, ANXA1, ADAMTS9, VEGFC, STC1, ANXA3, SLIT2, STAT5A, ID1, ADGRB1, TNFSF12, SRPX2, PTP4A3, KLF4, SMOC2, THBS1, PTGS2, ACVRL1, FAP, CLEC14A, FSTL1, MYH9, RGCC, GATA2, SPARC, RRAS, ZC3H12A, ANGPT1, EGR3",True
C2_core,GO_BP,GOBP_NEGATIVE_REGULATION_OF_CELL_ADHESION,Negative regulation of cell adhesion,35,261,806,0.0434,0.0176,2.461,7.394137527555123e-07,8.489814270274654e-05,"CTLA4, NRARP, VTCN1, EPCAM, ANXA1, IL2RA, LRRC32, SOCS1, DUSP22, MMP2, PODXL, JAG1, FZD7, CD9, SEMA3E, SPINT2, KLF4, JAM3, MMP14, FOXP3, FXYD5, THBS1, ZNF703, EFNA5, TNFRSF21, ACVRL1, VSIR, CCL21, TACSTD2, MYADM, PLXNA3, RGCC, MDK, ZC3H12A, ANGPT1",True
C2_core,GO_BP,GOBP_EPITHELIAL_CELL_DEVELOPMENT,Epithelial cell development,28,186,806,0.0347,0.0126,2.763,9.414459707099977e-07,0.0001049158465594171,"FRZB, POF1B, SOX9, EPHA2, SOX18, ST14, STC1, VCL, PODXL, EDNRA, PKHD1, JAG1, EZR, CXCR4, SPINT2, FLNA, FOXP3, VIM, GJA1, CLDN5, DLL1, RAB25, FRMD6, KLF5, PRDM1, MYADM, RILPL2, GATA2",True
C2_core,GO_BP,GOBP_REGULATION_OF_TRANSMEMBRANE_RECEPTOR_PROTEIN_SERINE_THREONINE_KINASE_SIGNALING_PATHWAY,Regulation of transmembrane receptor protein serine threonine kinase signaling pathway,32,230,806,0.0397,0.0155,2.554,9.723002628361641e-07,0.00010525844845389216,"SAP30, ITGA8, TGFB2, DKK3, BAMBI, PMEPA1, LOX, CCN1, GDF15, PIN1, LATS2, SINHCAF, FSTL3, ELAPOR2, CRIM1, TGFB3, CHRDL2, RASL11B, DACT1, CDKN1C, SPRY1, GPC3, THBS1, ZNF703, ACVRL1, ITGA3, FSTL1, ASPN, GATA6, TGFB1I1, VEPH1, FZD1",True
C2_core,GO_BP,GOBP_POSITIVE_REGULATION_OF_CELL_DEVELOPMENT,Positive regulation of cell development,46,397,806,0.0571,0.0268,2.127,1.043984023255391e-06,0.0001098793184476299,"SEMA7A, IL34, TSPO, TWF2, DBN1, CCL19, WNT10B, NAP1L1, ANXA1, BCL2, PDE3A, IL15RA, GDI1, IL2RA, VEGFC, GJC2, VCAN, SLIT2, SOCS1, MAP1B, HAPLN3, LIF, EGR2, SMARCD3, CXCR4, ID4, FOXP3, MMP14, KIT, TESC, CLDN5, NFKBID, SHB, ZMIZ1, ROR2, EFNA5, VSIR, GLI2, SOX4, SPINT1, NEDD9, PLXNA3, MDK, CLCF1, EGR3, FOS",True
C2_core,GO_BP,GOBP_EMBRYONIC_MORPHOGENESIS,Embryonic morphogenesis,53,489,806,0.0658,0.0331,1.989,1.2759381505580317e-06,0.00013066296358011842,"ITGA8, HAND2, FRZB, WLS, TGFB2, SNAI1, PRICKLE1, SOCS3, ITGA2, GLI1, CACNA1C, EPHA2, SOX9, CCN1, SOX18, ST14, MFAP2, LATS2, COL12A1, VEGFC, PPP1R35, COL4A2, ATP8A2, MDFI, MMP2, EDNRA, FZD7, TGFB3, TEAD2, FOXC1, SPINT2, KLF4, DACT1, MMP14, JAG2, EFEMP1, GJA1, GPC3, DLL1, ITGB5, MYO3A, GLI2, ITGA3, MYADM, SPINT1, GATA6, MYH9, GATA2, VANGL2, TGFB1I1, USH1C, TRIM15, FZD1",True
C2_core,GO_BP,GOBP_NEGATIVE_REGULATION_OF_CANONICAL_WNT_SIGNALING_PATHWAY,Negative regulation of canonical wnt signaling pathway,21,118,806,0.0261,0.008,3.267,1.4014808179432811e-06,0.0001397423899786077,"FRZB, SFRP5, DKK3, PRICKLE1, MLLT3, GLI1, NKD2, SOX9, TMEM88, LATS2, DKK2, DACT1, IGFBP6, EGR1, GPC3, SHISA3, WWTR1, MDK, TPBG, BICC1, FZD1",True
C2_core,GO_BP,GOBP_WOUND_HEALING,Wound healing,44,378,806,0.0546,0.0256,2.137,1.5842035827509136e-06,0.00015391147115495415,"P2RX1, TGFB2, PROCR, MYL12A, VWF, ITGA2, TNFRSF12A, SYT11, RHOC, CNN2, PLAU, CCN1, ANXA1, SLC12A2, DDR1, ADRA2C, FKBP10, VCL, FZD7, TPM1, TIMP1, PDGFA, F3, MCAM, CHMP4B, CD9, CD34, CXCR4, TSPAN8, FLNA, F13A1, SMOC2, AQP1, MYL9, ITGB5, HBEGF, THBS1, ACVRL1, FAP, THBD, MYH9, GATA2, ADRA2A, PLAT",True
C2_core,GO_BP,GOBP_NOTCH_SIGNALING_PATHWAY,Notch signaling pathway,24,149,806,0.0298,0.0101,2.956,1.6453244945680079e-06,0.00015585336274795454,"TGFB2, NRARP, SNAI1, DTX3, CDH6, MAML2, SOX9, TIMP4, IL2RA, KRT19, JAG1, FOXC1, HEYL, PTP4A3, APH1B, MMP14, JAG2, KIT, DLL1, NOTCH3, ZMIZ1, ACVRL1, TSPAN15, GATA2",True
C2_core,GO_BP,GOBP_EPITHELIAL_TUBE_MORPHOGENESIS,Epithelial tube morphogenesis,36,284,806,0.0447,0.0192,2.327,1.9951105318838246e-06,0.00018437740988555638,"HAND2, TGFB2, NRARP, PRICKLE1, SOX9, EPHA2, SOX18, BCL2, ST14, DDR1, MYC, SLIT2, COL4A1, KIF26B, PODXL, VDR, PKHD1, EDNRA, NFATC4, TEAD2, SEMA3E, CXCR4, SPINT2, CASR, MMP14, SPRY1, GJA1, GPC3, DLL1, TACSTD2, ACVRL1, GLI2, SPINT1, VANGL2, MDK, FZD1",True
C2_core,GO_BP,GOBP_CONNECTIVE_TISSUE_DEVELOPMENT,Connective tissue development,32,239,806,0.0397,0.0162,2.458,2.2715410938485217e-06,0.0002024147142936245,"FRZB, HAND2, PDGFD, SNAI1, SELENOM, MGP, MBOAT2, LOX, SOX9, CCN1, WNT10B, HYAL2, STC1, PKDCC, SERPINH1, SLC39A13, PDGFA, TIMP1, CHRDL2, CRIP1, CD34, CASR, ID4, ARID5B, EGR1, EFEMP1, SH3PXD2B, ITGB8, ACVRL1, BGN, CCN2, MDK",True
C2_core,GO_BP,GOBP_REGULATION_OF_CELL_CELL_ADHESION,Regulation of cell cell adhesion,48,434,806,0.0596,0.0293,2.03,2.312798157916769e-06,0.0002024147142936245,"ADAM19, CTLA4, NRARP, EPCAM, VTCN1, SLC7A1, CCL19, WNT10B, THY1, ANXA1, IL2RA, LRRC32, SOCS1, HLA-DOB, KIF26B, FSTL3, HAS2, DUSP22, PODXL, JAG1, PYCARD, PKHD1, ICOS, SMARCD3, CD9, SPINT2, NCK2, CCL2, KLF4, FOXP3, FXYD5, NFKBID, SHB, MAP3K8, ZMIZ1, ZNF703, TNFRSF21, EFNA5, CCL21, VSIR, CHST4, GLI2, MYADM, SOX4, RGCC, MDK, ZC3H12A, EGR3",True
C2_core,GO_BP,GOBP_SMOOTH_MUSCLE_CELL_MIGRATION,Smooth muscle cell migration,15,67,806,0.0186,0.0045,4.109,2.3505535573817573e-06,0.0002024147142936245,"DDR1, PDGFD, ADAMTS1, SLIT2, PLAT, HAS2, ITGA2, S100A11, TPM1, LPAR1, MDK, PLAU, BCL2, PARVA, PDGFA",True
C2_core,GO_BP,GOBP_POSITIVE_REGULATION_OF_EPITHELIAL_TO_MESENCHYMAL_TRANSITION,Positive regulation of epithelial to mesenchymal transition,13,52,806,0.0161,0.0035,4.589,2.967524372882665e-06,0.0002498655521967204,"ZNF703, TGFB2, SNAI1, TGFB1I1, BAMBI, TNXB, OLFM1, RGCC, WWTR1, MDK, JAG1, TGFB3, FOXC1",True
C2_core,GO_BP,GOBP_NEGATIVE_REGULATION_OF_LOCOMOTION,Negative regulation of locomotion,35,278,806,0.0434,0.0188,2.311,3.2294856009857647e-06,0.0002660113248290231,"SAP30, CDH11, DPYSL3, CNN2, GDF15, THY1, PIN1, BCL2, HYAL2, SINHCAF, ADAMTS9, MCTP1, STC1, SLIT2, VCL, DUSP22, ADGRB1, JAG1, TPM1, TIMP1, SPINT2, CCL2, KLF4, CLDN5, GJA1, THBS1, TACSTD2, CCL21, ACVRL1, ADORA1, NEDD9, PLXNA3, MIIP, RGCC, RRAS",True
C2_core,GO_BP,GOBP_ARTERY_DEVELOPMENT,Artery development,18,96,806,0.0223,0.0065,3.442,3.6397054017118703e-06,0.0002934222078103463,"ZMIZ1, HAND2, ADAMTS9, TGFB2, ACVRL1, FKBP10, PRICKLE1, JAG1, PRDM1, SOX4, FOXC1, LOX, MDK, NOTCH3, EDNRA, EGR2, LOXL1, EFEMP2",True
C2_core,GO_BP,GOBP_POSITIVE_REGULATION_OF_VASCULATURE_DEVELOPMENT,Positive regulation of vasculature development,23,147,806,0.0285,0.0099,2.872,4.4802359142316435e-06,0.0003536586224796604,"VEGFC, ANXA3, SPHK1, TNFSF12, RAMP2, F3, CD34, CXCR4, HSPB6, KLF4, SMOC2, DLL1, AQP1, ITGB8, THBS1, ACVRL1, BTG1, GATA6, GATA2, MDK, RRAS, ZC3H12A, CXCL8",True
C2_core,GO_BP,GOBP_REGULATION_OF_ACTIN_FILAMENT_BASED_PROCESS,Regulation of actin filament based process,40,344,806,0.0496,0.0233,2.134,4.836967642375296e-06,0.0003740259264685714,"TMSB10, CDC42EP1, GSN, TMOD2, TWF2, CACNA1C, RHOC, CNN2, RND3, ARPC3, RGS4, STC1, SLIT2, KANK3, ESAM, BAIAP2L2, VILL, PYCARD, TPM1, TGFB3, PDGFA, EZR, NCK2, FLNA, JAM3, LPAR1, FRMD6, EFNA5, CCL21, TACSTD2, MYO3A, MYADM, ADORA1, NEDD9, RHPN1, MYH9, RGCC, CCN2, KIRREL1, PLEKHG2",True
C2_core,GO_BP,GOBP_MUSCLE_CELL_MIGRATION,Muscle cell migration,16,80,806,0.0199,0.0054,3.671,5.2594807778255355e-06,0.0003985634533436191,"DDR1, BCL2, PDGFD, SLIT2, ADAMTS1, PLAT, HAS2, S100A11, ITGA2, MDK, LPAR1, PLAU, ANXA1, TPM1, PARVA, PDGFA",True
C2_core,GO_BP,GOBP_METANEPHROS_DEVELOPMENT,Metanephros development,14,64,806,0.0174,0.0043,4.015,6.794722284019386e-06,0.0005048078967480286,"AQP1, ITGA8, GPC3, MYC, CD34, KIF26B, ID3, SPRY1, EGR1, WWTR1, SOX9, LIF, BCL2, PDGFA",True
C2_core,GO_BP,GOBP_KIDNEY_EPITHELIUM_DEVELOPMENT,Kidney epithelium development,20,120,806,0.0248,0.0081,3.059,7.038279857388041e-06,0.000512846968839294,"PROM1, EPCAM, SOX9, BCL2, MYC, SLIT2, KIF26B, PODXL, JAG1, EDNRA, LIF, FOXC1, CD34, HEYL, SPRY1, DLL1, GPC3, AQP1, TACSTD2, WWTR1",True
C2_core,GO_BP,GOBP_RESPONSE_TO_CHEMOKINE,Response to chemokine,15,73,806,0.0186,0.0049,3.772,7.281600027387487e-06,0.0005205657076183242,"CXCL8, CXCL6, CXCL5, ACKR1, CCL21, SLIT2, CXCR4, CCL2, FOXC1, ENTREP1, LOX, CCL19, ZC3H12A, CXCL1, SLC12A2",True
C2_core,GO_BP,GOBP_SKELETAL_SYSTEM_DEVELOPMENT,Skeletal system development,45,415,806,0.0558,0.0281,1.99,8.02988254635383e-06,0.0005603500583471062,"FRZB, HAND2, TGFB2, SNAI1, CDH11, MGP, MBOAT2, LOX, SOX9, EPHA2, CCN1, WNT10B, HYAL2, STC1, VCAN, SERPINH1, PKDCC, HAS2, HAPLN3, BNC2, MDFI, MMP2, PRELP, VDR, PAPPA2, EDNRA, TGFB3, TIMP1, FOXC1, CHRDL2, COL9A2, ARID5B, MMP14, JAG2, EFEMP1, GJA1, SH3PXD2B, ITGB8, TEAD4, ACVRL1, GLI2, BGN, CCN2, MDK, TNFRSF11B",True
C2_core,GO_BP,GOBP_ARTERY_MORPHOGENESIS,Artery morphogenesis,14,65,806,0.0174,0.0044,3.953,8.231404992594493e-06,0.0005603500583471062,"ZMIZ1, HAND2, ADAMTS9, TGFB2, ACVRL1, FKBP10, PRDM1, JAG1, SOX4, FOXC1, MDK, EDNRA, NOTCH3, EFEMP2",True
C2_core,GO_BP,GOBP_NEPHRON_EPITHELIUM_DEVELOPMENT,Nephron epithelium development,17,92,806,0.0211,0.0062,3.392,8.28176386050091e-06,0.0005603500583471062,"AQP1, TACSTD2, PROM1, MYC, PODXL, CD34, HEYL, JAG1, DLL1, KIF26B, WWTR1, SOX9, EDNRA, GPC3, LIF, BCL2, FOXC1",True
C2_core,GO_BP,GOBP_MAINTENANCE_OF_BLOOD_BRAIN_BARRIER,Maintenance of blood brain barrier,10,34,806,0.0124,0.0023,5.398,8.639615617083669e-06,0.0005743070802303513,"PTGS2, SH3GL2, ESAM, VCL, JAM3, CLDN5, LAMC1, GJA1, ANGPT1, SLC12A2",True
C2_core,GO_BP,GOBP_AORTA_DEVELOPMENT,Aorta development,13,57,806,0.0161,0.0039,4.186,8.88481612174848e-06,0.000580423591125948,"ADAMTS9, TGFB2, ACVRL1, FKBP10, PRICKLE1, JAG1, PRDM1, SOX4, LOX, EDNRA, EGR2, LOXL1, EFEMP2",True
C2_core,GO_BP,GOBP_SPROUTING_ANGIOGENESIS,Sprouting angiogenesis,20,123,806,0.0248,0.0083,2.985,1.0319582003801524e-05,0.0006627270544475249,"NRARP, EPHA2, KLF2, ANXA1, ADAMTS9, VEGFC, SLIT2, RAMP2, SRPX2, SEMA3E, KLF4, DLL1, PARVA, THBS1, PTGS2, ACVRL1, CLEC14A, GATA2, ANGPT1, EGR3",True
C2_core,GO_BP,GOBP_MUSCLE_ORGAN_DEVELOPMENT,Muscle organ development,34,281,806,0.0422,0.019,2.221,1.0607961483027952e-05,0.0006698927676532152,"SAP30, MSC, TGFB2, MAFF, YBX3, LOX, FZD1, WNT10B, BCL2, EFEMP2, HOMER1, CRYAB, ADGRB1, EDNRA, LIF, EGR2, TPM1, FOXC1, BTG2, HEYL, ARID5B, EGR1, TAGLN, GJA1, DLL1, ANKRD1, TEAD4, KLF5, HBEGF, COL6A3, ID3, GPCPD1, EGR3, FOS",True
C2_core,GO_BP,GOBP_CELL_MATRIX_ADHESION,Cell matrix adhesion,29,223,806,0.036,0.0151,2.387,1.1899311818665097e-05,0.0007283735548520777,"ITGA8, CDH11, ITGA2, PLAU, THY1, BCL2, EFEMP2, DDR1, CD63, ADAMTS9, VCL, TNXB, DUSP22, JAG1, PKHD1, SEMA3E, CD34, JAM3, MMP14, ITGB8, ITGB5, THBS1, EFNA5, CCL21, ACVRL1, ITGA3, CCN2, RRAS, COL16A1",True
C2_core,GO_BP,GOBP_POSITIVE_REGULATION_OF_EPITHELIAL_CELL_MIGRATION,Positive regulation of epithelial cell migration,22,145,806,0.0273,0.0098,2.785,1.1918490472638908e-05,0.0007283735548520777,"ENPP2, TGFB2, ITGA2, SOX9, ANXA1, VEGFC, ANXA3, HAS2, STAT5A, SRPX2, SMOC2, RAB25, THBS1, HBEGF, PTGS2, ITGA3, FGF7, GATA2, SPARC, RRAS, ZC3H12A, ANGPT1",True
C2_core,GO_BP,GOBP_EPITHELIAL_CELL_PROLIFERATION,Epithelial cell proliferation,40,360,806,0.0496,0.0243,2.039,1.441793029603926e-05,0.0008567587124666696,"TGFB2, NRARP, GLI1, SOX9, EPHA2, GPBAR1, WNT10B, VEGFC, MYC, ZFP36, HAS2, STAT5A, TNFSF12, JAG1, FZD7, PKHD1, VDR, F3, CD34, CCL2, COL8A2, CDKN1C, MMP14, KIT, GPC3, SGPP2, THBS1, ZNF703, TACSTD2, ACVRL1, FAP, FGF7, WDR13, RGCC, GATA2, SPARC, MDK, LAMC1, ANGPT1, EGR3",True
C2_core,GO_BP,GOBP_AXON_DEVELOPMENT,Axon development,45,425,806,0.0558,0.0287,1.943,1.4770493729524422e-05,0.0008567587124666696,"CNTN4, ATL1, SEMA7A, ARHGEF25, CDH11, EPHB6, PRICKLE1, TSPO, UCHL1, TWF2, OLFM1, S100A6, THY1, MAP1A, BCL2, DDR1, CRTAC1, GDI1, SLIT2, EPHA6, KIF5C, VCL, LYPLA2, MAP1B, ATP8A2, ADGRB1, MMP2, SEMA3G, BOC, EDNRA, BRSK1, EGR2, BHLHE22, SEMA3E, NDN, APLP1, KLF4, FLNA, PRDM8, NOTCH3, TNFRSF21, EFNA5, GLI2, PLXNA3, VANGL2",True
C2_core,GO_BP,GOBP_BRANCHING_MORPHOGENESIS_OF_AN_EPITHELIAL_TUBE,Branching morphogenesis of an epithelial tube,20,126,806,0.0248,0.0085,2.913,1.4920001283875117e-05,0.0008567587124666696,"NRARP, SOX9, EPHA2, BCL2, DDR1, MYC, SLIT2, COL4A1, VDR, PKHD1, EDNRA, NFATC4, SEMA3E, CASR, MMP14, SPRY1, GPC3, TACSTD2, GLI2, MDK",True
C2_core,GO_BP,GOBP_SKIN_DEVELOPMENT,Skin development,28,214,806,0.0347,0.0145,2.402,1.4938925446377287e-05,0.0008567587124666696,"TGFB2, SNAI1, ITGA2, EPHA2, SOX9, WNT10B, SOX18, ANXA1, BCL2, ST14, LATS2, ZFP36, ATP8A2, VDR, KRT7, JAG1, FOXC1, PDGFA, KLF4, KRT80, DLL1, GLI2, ITGA3, FGF7, LTB, GATA6, FOXQ1, KRT86",True
C2_core,GO_BP,GOBP_NEGATIVE_REGULATION_OF_CELL_CELL_ADHESION,Negative regulation of cell cell adhesion,24,169,806,0.0298,0.0114,2.607,1.5311135806207913e-05,0.0008567587124666696,"CTLA4, NRARP, VTCN1, EPCAM, ANXA1, IL2RA, LRRC32, SOCS1, DUSP22, PODXL, JAG1, CD9, SPINT2, KLF4, FOXP3, FXYD5, ZNF703, TNFRSF21, CCL21, VSIR, MYADM, RGCC, MDK, ZC3H12A",True
C2_core,GO_BP,GOBP_FORMATION_OF_PRIMARY_GERM_LAYER,Formation of primary germ layer,18,106,806,0.0223,0.0072,3.117,1.537598111579138e-05,0.0008567587124666696,"COL12A1, ITGB5, ITGA8, WLS, SNAI1, ITGA3, KLF4, COL4A2, GATA6, MMP14, ITGA2, MMP2, EPHA2, MYH9, GJA1, FZD7, TRIM15, FOXC1",True
C2_core,GO_BP,GOBP_MESENCHYME_DEVELOPMENT,Mesenchyme development,32,262,806,0.0397,0.0177,2.242,1.582955787259128e-05,0.0008692491996992516,"FRZB, HAND2, SEMA7A, TGFB2, SNAI1, PRICKLE1, BAMBI, MARK1, OLFM1, SOX9, BCL2, MYC, TNXB, HAS2, BNC2, SEMA3G, EDNRA, JAG1, FOXC1, TGFB3, TEAD2, SEMA3E, HEYL, FLNA, SPRY1, ZNF703, ACVRL1, SOX4, WWTR1, RGCC, MDK, TGFB1I1",True
C2_core,GO_BP,GOBP_LYMPHANGIOGENESIS,Lymphangiogenesis,7,17,806,0.0087,0.0011,7.558,1.668283590792169e-05,0.0008907835953743033,"VEGFC, ACVRL1, PTPN14, CLEC14A, EPHA2, SOX18, FOXC1",True
C2_core,GO_BP,GOBP_CELL_CELL_JUNCTION_ORGANIZATION,Cell cell junction organization,25,181,806,0.031,0.0122,2.535,1.6691906907251394e-05,0.0008907835953743033,"TGFB2, SNAI1, CDH11, CLDN10, POF1B, CDH6, RHOC, GPBAR1, EPHA2, ESAM, VCL, CDH24, PKHD1, TGFB3, RAMP2, CD9, JAM3, FLNA, CLDN5, GJA1, ZNF703, ACVRL1, MYADM, KIRREL1, NLGN2",True
C2_core,GO_BP,GOBP_POSITIVE_REGULATION_OF_NERVOUS_SYSTEM_DEVELOPMENT,Positive regulation of nervous system development,31,252,806,0.0385,0.017,2.258,1.8562814885549632e-05,0.0009744828778245328,"SEMA7A, IL34, TSPO, CLSTN1, TWF2, DBN1, NAP1L1, GDI1, VEGFC, GJC2, VCAN, SLIT2, MAP1B, HAPLN3, ADGRB1, LIF, EGR2, SMARCD3, SRPX2, CXCR4, ID4, CLSTN2, KIT, EFNA5, AMIGO2, SPINT1, PLXNA3, MDK, TPBG, CLCF1, NLGN2",True
C2_core,GO_BP,GOBP_NEGATIVE_REGULATION_OF_VASCULATURE_DEVELOPMENT,Negative regulation of vasculature development,16,88,806,0.0199,0.0059,3.337,1.8774676717126126e-05,0.0009744828778245328,"THBS1, ADAMTS9, TGFB2, SEMA3E, ADAMTS1, ECSCR, FOXC1, KLF4, COL4A2, RGCC, SPARC, ADGRB1, EPHA2, KLF2, CLDN5, SLC12A2",True
C2_core,GO_BP,GOBP_RENAL_TUBULE_DEVELOPMENT,Renal tubule development,15,79,806,0.0186,0.0053,3.485,1.989295444908381e-05,0.0010145736911124324,"AQP1, TACSTD2, PROM1, MYC, HEYL, COL4A1, PRICKLE1, DLL1, KIF26B, WWTR1, SOX9, JAG1, GPC3, LIF, BCL2",True
C2_core,GO_BP,GOBP_CELL_CHEMOTAXIS,Cell chemotaxis,31,253,806,0.0385,0.0171,2.249,2.0082614630095654e-05,0.0010145736911124324,"TGFB2, PDGFD, IL34, LOX, EPHA2, CCL19, ANXA1, SLC12A2, CXCL5, VEGFC, SLIT2, MMP2, CXCL1, CXCR4, CCL2, JAM3, LPAR1, KIT, SMOC2, PARVA, THBS1, CXCL6, HBEGF, CCL21, CH25H, RPS19, NEDD9, MDK, TPBG, CXCL8, EGR3",True
C2_core,GO_BP,GOBP_REGULATION_OF_CELLULAR_RESPONSE_TO_TRANSFORMING_GROWTH_FACTOR_BETA_STIMULUS,Regulation of cellular response to transforming growth factor beta stimulus,20,129,806,0.0248,0.0087,2.846,2.128633657478013e-05,0.0010612359116031831,"SAP30, ITGA8, DKK3, BAMBI, PMEPA1, LOX, GDF15, PIN1, LATS2, SINHCAF, TGFB3, RASL11B, CDKN1C, SPRY1, THBS1, ZNF703, ITGA3, ASPN, TGFB1I1, VEPH1",True
C2_core,GO_BP,GOBP_MUSCLE_CELL_DIFFERENTIATION,Muscle cell differentiation,38,341,806,0.0471,0.023,2.045,2.2013028092219087e-05,0.0010832125122262094,"ITGA8, PRICKLE1, TMOD2, UCHL1, LOX, SOX9, GDF15, WNT10B, BCL2, RGS4, EFEMP2, HOMER1, FHL2, FLNC, ADGRB1, KRT19, EDNRA, FZD7, LMNA, TPM1, NFATC4, RAMP2, SMARCD3, PRDM6, CD9, MMP14, BHLHE41, KIT, DLL1, ADAMTS15, ANKRD1, MYL9, KLF5, FHOD3, TMEM204, GATA6, MYH9, LAMC1",True
C2_core,GO_BP,GOBP_COLLAGEN_METABOLIC_PROCESS,Collagen metabolic process,15,80,806,0.0186,0.0054,3.442,2.3269909911681853e-05,0.0011303806237866992,"MFAP4, MMP23B, VSIR, FAP, SERPINH1, TNXB, ADAMTS3, ITGA2, MMP14, RGCC, VIM, MMP2, MMP11, MMP7, TGFB3",True
C2_core,GO_BP,GOBP_LEUKOCYTE_MIGRATION,Leukocyte migration,37,330,806,0.0459,0.0223,2.058,2.461790322564506e-05,0.0011807244977464447,"TGFB2, PDGFD, IL34, ITGA2, CNN2, GDF15, CCL19, THY1, ANXA1, SLC12A2, CXCL5, VEGFC, SLIT2, MMP2, PYCARD, CXCL1, CD9, CD34, CXCR4, CCL2, JAM3, MMP14, KIT, PLVAP, THBS1, CXCL6, ROR2, CCL21, CH25H, CHST4, ITGA3, ADORA1, RPS19, NEDD9, MYH9, MDK, CXCL8",True
C2_core,GO_BP,GOBP_REGULATION_OF_NERVOUS_SYSTEM_DEVELOPMENT,Regulation of nervous system development,41,382,806,0.0509,0.0258,1.97,2.5696835066309907e-05,0.0012170663508281028,"SEMA7A, IL34, TSPO, TWF2, CLSTN1, DBN1, THY1, NAP1L1, GDI1, VEGFC, GJC2, VCAN, SLIT2, MAP1B, HAPLN3, ADGRB1, ELAPOR2, SEMA3G, LIF, EGR2, NFATC4, SMARCD3, SRPX2, BTG2, CXCR4, HEYL, ID4, BHLHE41, CLSTN2, KIT, DLL1, TNFRSF21, EFNA5, AMIGO2, SPINT1, PLXNA3, GATA2, MDK, TPBG, CLCF1, NLGN2",True
C2_core,GO_BP,GOBP_REGULATION_OF_EPITHELIAL_CELL_PROLIFERATION,Regulation of epithelial cell proliferation,34,296,806,0.0422,0.02,2.108,3.175676604052787e-05,0.0014855109447846928,"TGFB2, NRARP, GLI1, GPBAR1, SOX9, WNT10B, VEGFC, MYC, ZFP36, HAS2, STAT5A, TNFSF12, VDR, PKHD1, JAG1, FZD7, F3, CCL2, CDKN1C, GPC3, SGPP2, THBS1, ZNF703, TACSTD2, ACVRL1, FGF7, WDR13, RGCC, GATA2, MDK, SPARC, LAMC1, ANGPT1, EGR3",True
C2_core,GO_BP,GOBP_CELL_JUNCTION_ASSEMBLY,Cell junction assembly,41,386,806,0.0509,0.0261,1.95,3.2740327377327655e-05,0.0015128426882035913,"SNAI1, CDH11, CLDN10, POF1B, ITGA2, CDH6, CLSTN1, RHOC, EPHA2, GPBAR1, THY1, BCL2, ESAM, VCL, DUSP22, MAP1B, GABRB3, CDH24, LRFN4, ADGRB1, SPOCK2, RAMP2, SRPX2, CD9, JAM3, MMP14, CLSTN2, GJA1, CLDN5, NLGN2, MUSK, THBS1, ZNF703, EFNA5, ACVRL1, AMIGO2, PCDH17, TPBG, LAMC1, COL16A1, FZD1",True
C2_core,GO_BP,GOBP_EMBRYO_IMPLANTATION,Embryo implantation,11,47,806,0.0136,0.0032,4.296,3.356570222554724e-05,0.0015322945268987768,"DDR1, PTGS2, STC1, SYDE1, TPPP3, MMP2, IGFBP7, GJA1, LIF, TEAD4, TIMP1",True
C2_core,GO_BP,GOBP_ERK1_AND_ERK2_CASCADE,Erk1 and erk2 cascade,31,260,806,0.0385,0.0176,2.188,3.431781217210451e-05,0.0015479784561917142,"HAND2, SEMA7A, PDGFD, GSTP1, EPHA2, SOX9, CCN1, GPBAR1, CCL19, PIN1, DDR1, ALKAL1, MYC, LIF, PYCARD, PKHD1, PDGFA, EZR, CASR, SHC1, CAVIN3, SPRY1, MUSK, ROR2, CCL21, WNK2, ALKAL2, CCN2, RRAS, TPBG, ANGPT1",True
C2_core,GO_BP,GOBP_BLOOD_VESSEL_ENDOTHELIAL_CELL_MIGRATION,Blood vessel endothelial cell migration,18,113,806,0.0223,0.0076,2.924,3.7543327886534936e-05,0.0016735490513185983,"THBS1, SRPX2, VEGFC, PTGS2, ACVRL1, SLIT2, CLEC14A, STAT5A, KLF4, ID1, MYH9, RGCC, GATA2, SOX18, EPHA2, ANGPT1, ANXA1, EGR3",True
C2_core,GO_BP,GOBP_REGULATION_OF_SUPRAMOLECULAR_FIBER_ORGANIZATION,Regulation of supramolecular fiber organization,38,350,806,0.0471,0.0237,1.993,3.922618530300125e-05,0.0017122234517534564,"HAUS7, TMSB10, CDC42EP1, GSN, TMOD2, TWF2, RHOC, MAP1A, ARPC3, RGS4, EFEMP2, SLIT2, KANK3, ESAM, CRYAB, TNXB, MAP1B, BAIAP2L2, VILL, PYCARD, TPM1, HDGFL3, TGFB3, NCK2, FLNA, LPAR1, CLIP3, PFDN1, TACSTD2, CCL21, MYADM, AEBP1, RHPN1, RGCC, CCN2, STMN2, KIRREL1, PLEKHG2",True
C2_core,GO_BP,GOBP_REGULATION_OF_CYTOSKELETON_ORGANIZATION,Regulation of cytoskeleton organization,47,469,806,0.0583,0.0317,1.839,3.931471108539211e-05,0.0017122234517534564,"HAUS7, TMSB10, CDC42EP1, GSN, TMOD2, TWF2, STMN3, RHOC, RND3, MAP1A, ARPC3, RGS4, PPP1R35, SLIT2, KANK3, ESAM, MAP1B, BAIAP2L2, VILL, PYCARD, TPM1, HDGFL3, TGFB3, PDGFA, CHMP4B, EZR, SYDE1, NCK2, FLNA, JAM3, LPAR1, CLIP3, MAP9, EFNA5, CCL21, TACSTD2, MYO3A, MYADM, NEDD9, RHPN1, PLXNA3, RGCC, CCN2, STMN2, KIRREL1, PLEKHG2, NES",True
C2_core,GO_BP,GOBP_CARDIAC_EPITHELIAL_TO_MESENCHYMAL_TRANSITION,Cardiac epithelial to mesenchymal transition,9,33,806,0.0112,0.0022,5.006,4.7715357996370314e-05,0.002054471493730081,"TGFB2, ACVRL1, SNAI1, HEYL, HAS2, SPRY1, OLFM1, JAG1, TGFB3",True
C2_core,GO_BP,GOBP_RESPONSE_TO_OXYGEN_LEVELS,Response to oxygen levels,33,290,806,0.0409,0.0196,2.089,4.9847433053510456e-05,0.00209857693155279,"TGFB2, ITGA2, PLAU, PIN1, BCL2, VEGFC, MYC, STC1, CA9, CRYAB, MMP2, AGTRAP, EDNRA, LMNA, LIF, TGFB3, CXCR4, CASR, MMP14, EGR1, LPAR1, AQP1, THBS1, SOD3, PTGS2, ACVRL1, ADORA1, SOX4, GATA6, RGCC, PLK3, PLAT, FOS",True
C2_core,GO_BP,GOBP_REGULATION_OF_LEUKOCYTE_DIFFERENTIATION,Regulation of leukocyte differentiation,33,290,806,0.0409,0.0196,2.089,4.9847433053510456e-05,0.00209857693155279,"CTLA4, NRARP, IL34, CCL19, WNT10B, ANXA1, IL15RA, IL2RA, MYC, SOCS1, FSTL3, LIF, SMARCD3, BATF, MMP14, FOXP3, TESC, NFKBID, SHB, ZMIZ1, ROR2, VSIR, PRDM1, GLI2, SOX4, JUNB, NEDD9, GATA2, MDK, ZC3H12A, TNFRSF11B, EGR3, FOS",True
C2_core,GO_BP,GOBP_EXTRACELLULAR_MATRIX_DISASSEMBLY,Extracellular matrix disassembly,11,49,806,0.0136,0.0033,4.12,5.081756567871048e-05,0.0021159094105124617,"DDR1, SH3PXD2B, TPSAB1, FAP, GSN, ADAMTS15, MMP14, MMP11, MMP2, LAMC1, MMP7",True
C2_core,GO_BP,GOBP_APOPTOTIC_PROCESS_INVOLVED_IN_MORPHOGENESIS,Apoptotic process involved in morphogenesis,7,20,806,0.0087,0.0014,6.424,5.757686051195905e-05,0.002371290483476227,"HAND2, TGFB2, CRYAB, JAG2, CCN1, VDR, FOXC1",True
C2_core,GO_BP,GOBP_OSTEOBLAST_DIFFERENTIATION,Osteoblast differentiation,25,195,806,0.031,0.0132,2.353,5.9346439092580835e-05,0.0023952335150110213,"HAND2, SEMA7A, SNAI1, JUND, BAMBI, GLI1, LOX, EPHA2, SOX9, CCN1, WNT10B, FHL2, VEGFC, VCAN, JAG1, CRIM1, TPM4, ID4, GJA1, CLEC5A, GLI2, JUNB, ID3, WWTR1, FZD1",True
C2_core,GO_BP,GOBP_SENSORY_SYSTEM_DEVELOPMENT,Sensory system development,35,318,806,0.0434,0.0215,2.02,5.942252584086461e-05,0.0023952335150110213,"NHS, PROM1, TGFB2, PRICKLE1, SAMD11, CACNA1C, EPHA2, SOX9, THY1, BCL2, MFAP2, COL4A1, CRYAB, ATP8A2, HCN1, JAG1, FOXC1, LAMC3, SMARCD3, COL8A2, KLF4, SPRY1, VIM, EFEMP1, GJA1, DLL1, SH3PXD2B, AQP1, LPCAT1, ACVRL1, PRDM1, SOX4, NES, USH1C, FJX1",True
C2_core,GO_BP,GOBP_MESENCHYMAL_CELL_DIFFERENTIATION,Mesenchymal cell differentiation,27,219,806,0.0335,0.0148,2.263,6.079392406755351e-05,0.0024110378250427732,"FRZB, HAND2, SEMA7A, TGFB2, SNAI1, BAMBI, MARK1, OLFM1, SOX9, BCL2, TNXB, HAS2, SEMA3G, EDNRA, JAG1, FOXC1, TGFB3, SEMA3E, HEYL, FLNA, SPRY1, ZNF703, ACVRL1, WWTR1, RGCC, MDK, TGFB1I1",True
C2_core,GO_BP,GOBP_ACTIN_FILAMENT_ORGANIZATION,Actin filament organization,42,410,806,0.0521,0.0277,1.88,6.112509143868819e-05,0.0024110378250427732,"TMSB10, CDC42EP1, GSN, TMOD2, POF1B, ALDOA, TWF2, DBN1, DPYSL3, CNN2, RHOC, RND3, ARPC3, BCL2, RGS4, SLIT2, KANK3, ESAM, MYO7B, BAIAP2L2, VILL, PYCARD, TPM4, TPM1, TGFB3, ARPC1B, EZR, NCK2, AIF1L, FLNA, LPAR1, ITGB5, TACSTD2, CCL21, MYADM, NEDD9, RHPN1, RGCC, CCN2, KIRREL1, PLEKHG2, USH1C",True
C2_core,GO_BP,GOBP_ROOF_OF_MOUTH_DEVELOPMENT,Roof of mouth development,14,77,806,0.0174,0.0052,3.337,6.172358644210848e-05,0.0024110378250427732,"MSC, HAND2, TGFB2, LRRC32, SNAI1, PKDCC, GABRB3, ARID5B, BNC2, JAG2, CLDN5, TGFB3, ITGB8, FZD1",True
C2_core,GO_BP,GOBP_RENAL_SYSTEM_VASCULATURE_DEVELOPMENT,Renal system vasculature development,8,27,806,0.0099,0.0018,5.438,6.586118045003279e-05,0.002546408293114023,"PDGFD, CD34, EGR1, NOTCH3, EDNRA, ANGPT1, AQP1, PDGFA",True
C2_core,GO_BP,GOBP_REGULATION_OF_ANATOMICAL_STRUCTURE_SIZE,Regulation of anatomical structure size,44,439,806,0.0546,0.0297,1.84,6.878996110698559e-05,0.002632779420549176,"P2RX1, PPP1R15A, SEMA7A, TMSB10, CDC42EP1, GSN, TMOD2, TWF2, OLFM1, KLF2, ARPC3, SLC12A2, ADRA2C, GDI1, SLIT2, KANK3, ESAM, GPRC5B, MAP1B, BAIAP2L2, MMP2, VILL, SEMA3G, EDNRA, PYCARD, FOXC1, NTS, LAMTOR4, EZR, CASR, NCK2, AQP1, SOD3, EFNA5, CCL21, PTGS2, MYO3A, MYADM, ADORA1, PLXNA3, ADRA2A, KIRREL1, PLEKHG2, USH1C",True
C2_core,GO_BP,GOBP_EPITHELIAL_TO_MESENCHYMAL_TRANSITION,Epithelial to mesenchymal transition,21,151,806,0.0261,0.0102,2.553,7.003981501495991e-05,0.002653808590916831,"TGFB2, SNAI1, BAMBI, MARK1, OLFM1, SOX9, TNXB, HAS2, JAG1, EDNRA, FOXC1, TGFB3, HEYL, FLNA, SPRY1, ZNF703, ACVRL1, WWTR1, RGCC, MDK, TGFB1I1",True
C2_core,GO_BP,GOBP_INTERMEDIATE_FILAMENT_BASED_PROCESS,Intermediate filament based process,10,43,806,0.0124,0.0029,4.269,8.084799653301757e-05,0.003033000582807956,"KRT86, KRT23, ATP8A2, VIM, KRT19, NES, KRT7, KRT80, BBLN, SYNC",True
C2_core,GO_BP,GOBP_LYMPH_VESSEL_MORPHOGENESIS,Lymph vessel morphogenesis,7,21,806,0.0087,0.0014,6.118,8.23228814043535e-05,0.0030580529180499554,"PTPN14, VEGFC, ACVRL1, CLEC14A, EPHA2, SOX18, FOXC1",True
C2_core,GO_BP,GOBP_NOTOCHORD_DEVELOPMENT,Notochord development,6,15,806,0.0074,0.001,7.342,8.402392807047811e-05,0.0030909384801848694,"PPP1R35, ID3, GLI1, SOX9, EPHA2, TEAD2",True
C2_core,GO_BP,GOBP_POSITIVE_REGULATION_OF_HEMOPOIESIS,Positive regulation of hemopoiesis,23,176,806,0.0285,0.0119,2.399,8.614145094683359e-05,0.003130162662914747,"IL34, CCL19, WNT10B, ANXA1, IL15RA, IL2RA, SOCS1, LIF, SMARCD3, MMP14, FOXP3, TESC, NFKBID, SHB, ZMIZ1, ROR2, VSIR, GLI2, SOX4, NEDD9, MDK, EGR3, FOS",True
C2_core,GO_BP,GOBP_MONONUCLEAR_CELL_DIFFERENTIATION,Mononuclear cell differentiation,45,457,806,0.0558,0.0309,1.807,8.674243325575308e-05,0.003130162662914747,"CTLA4, IRF2BP2, NRARP, ITM2A, BATF3, IL34, SOCS3, CCL19, WNT10B, ANXA1, BCL2, IL15RA, IL2RA, MYC, SOCS1, CD79A, LIF, FZD7, SMARCD3, BATF, CLEC4D, FOXP3, EGR1, MMP14, JAG2, KIT, DLL1, KLF6, NFKBID, SHB, ITGB8, ZMIZ1, ROR2, VSIR, PRDM1, GLI2, SOX4, JUNB, MYH9, GATA2, MDK, CLCF1, ZC3H12A, EGR3, FOS",True
C2_core,GO_BP,GOBP_GLIOGENESIS,Gliogenesis,32,286,806,0.0397,0.0193,2.054,8.915628622723344e-05,0.0031777142530193484,"CDKN2C, TGFB2, IL34, TSPO, SOX9, VEGFC, GJC2, VCAN, HAPLN3, TRPC4, LIF, EGR2, LAMC3, CD9, CXCR4, NDN, CCL2, ID4, MMP14, VIM, LPAR1, DLL1, PRDM8, ZMIZ1, ROR2, TNFRSF21, SOX4, SPINT1, MDK, RRAS, CLCF1, TUBA1A",True
C2_core,GO_BP,GOBP_TISSUE_HOMEOSTASIS,Tissue homeostasis,27,224,806,0.0335,0.0151,2.212,8.973750991635531e-05,0.0031777142530193484,"PROM1, PRICKLE1, SOX9, BCL2, SLC12A2, ESAM, VCL, FOXC1, CIB2, CHMP4B, PIWIL4, CD34, SH3GL2, MUC13, JAM3, CLDN5, IL20RA, GJA1, PTGS2, WWTR1, CCN2, GATA2, LAMC1, USH1C, ANGPT1, TNFRSF11B, TUBA1A",True
C2_core,GO_BP,GOBP_EXTRACELLULAR_MATRIX_ASSEMBLY,Extracellular matrix assembly,10,44,806,0.0124,0.003,4.172,9.957710416279792e-05,0.0034934967377114935,"MFAP4, RAMP2, FKBP10, PRICKLE1, TNXB, HAS2, RGCC, LOX, SOX9, EFEMP2",True
C2_core,GO_BP,GOBP_POSITIVE_REGULATION_OF_MAPK_CASCADE,Positive regulation of mapk cascade,40,393,806,0.0496,0.0266,1.868,0.00010465242630237402,0.0036378719565109646,"HAND2, SEMA7A, TGFB2, PDGFD, IL34, GPBAR1, GDF15, CCL19, DDR1, ADRA2C, ALKAL1, DUSP22, SPHK1, FZD7, PYCARD, LIF, TGFB3, PDGFA, SHC1, CASR, EDA2R, CAVIN3, IGFBP6, LPAR1, KIT, MST1R, MUSK, THBS1, ROR2, CCL21, DIRAS2, ADORA1, FGF7, SH3RF3, ALKAL2, CCN2, ADRA2A, TPBG, ZC3H12A, ANGPT1",True
C2_core,GO_BP,GOBP_REGULATION_OF_NEURAL_PRECURSOR_CELL_PROLIFERATION,Regulation of neural precursor cell proliferation,14,81,806,0.0174,0.0055,3.172,0.0001094545663093786,0.0037369005857792697,"SMARCD3, BTG2, VEGFC, GJC2, VCAN, SPINT2, SPINT1, ID4, HAPLN3, FLNA, GATA2, MDK, NES, NAP1L1",True
C2_core,GO_BP,GOBP_CELLULAR_RESPONSE_TO_VASCULAR_ENDOTHELIAL_GROWTH_FACTOR_STIMULUS,Cellular response to vascular endothelial growth factor stimulus,12,62,806,0.0149,0.0042,3.553,0.00010947373054143545,0.0037369005857792697,"CD63, RAMP2, VEGFC, PTP4A3, EGR3, TNXB, ADAMTS3, SPHK1, SMOC2, DLL1, ANXA1, FOXC1",True
C2_core,GO_BP,GOBP_INTERMEDIATE_FILAMENT_ORGANIZATION,Intermediate filament organization,7,22,806,0.0087,0.0015,5.84,0.00011509356131570864,0.0038744489356806193,"KRT86, KRT23, VIM, KRT19, KRT7, KRT80, BBLN",True
C2_core,GO_BP,GOBP_LYMPH_VESSEL_DEVELOPMENT,Lymph vessel development,8,29,806,0.0099,0.002,5.063,0.00011554835833515702,0.0038744489356806193,"PTPN14, VEGFC, ACVRL1, TMEM204, CLEC14A, EPHA2, SOX18, FOXC1",True
C2_core,GO_BP,GOBP_REGULATION_OF_ENDOTHELIAL_CELL_MIGRATION,Regulation of endothelial cell migration,21,157,806,0.0261,0.0106,2.455,0.00012362506082189508,0.004108906626790881,"EPHA2, ANXA1, ADAMTS9, VEGFC, STC1, ANXA3, SLIT2, STAT5A, ADGRB1, SRPX2, KLF4, SMOC2, THBS1, PTGS2, ACVRL1, RGCC, GATA2, SPARC, RRAS, ZC3H12A, ANGPT1",True
C2_core,GO_BP,GOBP_REGULATION_OF_EPITHELIAL_TO_MESENCHYMAL_TRANSITION,Regulation of epithelial to mesenchymal transition,15,92,806,0.0186,0.0062,2.993,0.00012494436763331335,0.004116645295327168,"ZNF703, TGFB2, SNAI1, JAG1, BAMBI, TNXB, FOXC1, SPRY1, MARK1, OLFM1, WWTR1, MDK, RGCC, TGFB1I1, TGFB3",True
C2_core,GO_BP,GOBP_NEGATIVE_REGULATION_OF_VASCULAR_PERMEABILITY,Negative regulation of vascular permeability,6,16,806,0.0074,0.0011,6.883,0.00012826011091141422,0.004165626347461825,"RAMP2, SH3GL2, SLIT2, CLDN5, PDE3A, ANGPT1",True
C2_core,GO_BP,GOBP_OUTFLOW_TRACT_MORPHOGENESIS,Outflow tract morphogenesis,12,63,806,0.0149,0.0043,3.496,0.00012862979220190908,0.004165626347461825,"HAND2, PARVA, TGFB2, PRICKLE1, JAG1, HEYL, GATA6, CLDN5, EDNRA, SOX18, FOXC1, FZD1",True
C2_core,GO_BP,GOBP_CELL_FATE_COMMITMENT,Cell fate commitment,25,205,806,0.031,0.0139,2.238,0.0001340965213259128,0.004305862027999013,"SOCS3, SOX9, WNT10B, SOX18, BCL2, LATS2, MCL1, TNXB, EDNRA, FZD7, JAG1, BHLHE22, BATF, KLF4, FOXP3, JAG2, DLL1, NOTCH3, TEAD4, PRDM1, GLI2, GATA6, GATA2, TGFB1I1, TRIM15",True
C2_core,GO_BP,GOBP_POSITIVE_REGULATION_OF_PROGRAMMED_CELL_DEATH,Positive regulation of programmed cell death,45,466,806,0.0558,0.0315,1.772,0.00013636874014427518,0.004342026524425703,"CTLA4, FRZB, TGFB2, ECSCR, FANK1, PPP2R1A, TSPO, GSN, TNFRSF12A, OLFM1, CCN1, WNT10B, ANXA1, BCL2, HYAL2, LATS2, ITM2C, MYC, SLIT2, MCL1, TNFSF12, MMP2, VDR, PYCARD, TGFB3, NFATC4, NCK2, CCL2, RNF122, LPAR1, PNMA1, CLIP3, IL20RA, ANKRD1, PHLDA1, THBS1, PTGS2, FAP, SOX4, BTG1, ID3, GATA6, RGCC, LTB, ZC3H12A",True
C2_core,GO_BP,GOBP_REGULATION_OF_CELL_MATRIX_ADHESION,Regulation of cell matrix adhesion,17,114,806,0.0211,0.0077,2.737,0.00014197917121329024,0.00448299233105964,"DDR1, THBS1, COL16A1, EFNA5, CCL21, THY1, SEMA3E, ACVRL1, VCL, DUSP22, MMP14, RRAS, PLAU, JAG1, PKHD1, BCL2, EFEMP2",True
C2_core,GO_BP,GOBP_STEM_CELL_DIFFERENTIATION,Stem cell differentiation,25,206,806,0.031,0.0139,2.228,0.00014493443017538071,0.00453848393334312,"FRZB, HAND2, SEMA7A, TGFB2, PRICKLE1, MLLT3, LBH, EPCAM, SOX9, SOX18, BCL2, ZFP36, SEMA3G, EDNRA, LIF, JAG1, FOXC1, TEAD2, SEMA3E, BATF, KIT, A2M, TACSTD2, GATA6, FZD1",True
C2_core,GO_BP,GOBP_APOPTOTIC_PROCESS_INVOLVED_IN_DEVELOPMENT,Apoptotic process involved in development,8,30,806,0.0099,0.002,4.895,0.00015010614134743045,0.004624001378580601,"HAND2, TGFB2, SLIT2, CRYAB, JAG2, CCN1, VDR, FOXC1",True
C2_core,GO_BP,GOBP_CELL_FATE_DETERMINATION,Cell fate determination,8,30,806,0.0099,0.002,4.895,0.00015010614134743045,0.004624001378580601,"DLL1, MCL1, TNXB, KLF4, GATA6, GATA2, JAG1, TRIM15",True
C2_core,GO_BP,GOBP_CARDIAC_CHAMBER_MORPHOGENESIS,Cardiac chamber morphogenesis,16,104,806,0.0199,0.007,2.824,0.00015240215409120274,0.0046568690471900575,"SMARCD3, FHL2, HAND2, TGFB2, PARVA, SLIT2, ADAMTS1, HEYL, JAG1, SOX4, GATA6, CCN1, EDNRA, TPM1, FOXC1, FZD1",True
C2_core,GO_BP,GOBP_IN_UTERO_EMBRYONIC_DEVELOPMENT,In utero embryonic development,37,360,806,0.0459,0.0243,1.886,0.0001545571406867918,0.0046849360484980335,"HAND2, SNAI1, MAFF, YBX3, SOCS3, ADAMTS3, STMN3, DBN1, KLF2, CCN1, SOX18, ST14, LATS2, FKBP10, MDFI, KRT19, EDNRA, LIF, TGFB3, FOXC1, TENT5C, SPINT2, ELF3, KLF4, JAG2, GJA1, TEAD4, ZMIZ1, ACVRL1, PRDM1, SPINT1, JUNB, GATA6, MYH9, GATA2, TM4SF1, ANGPT1",True
C2_core,GO_BP,GOBP_CELL_DIFFERENTIATION_INVOLVED_IN_EMBRYONIC_PLACENTA_DEVELOPMENT,Cell differentiation involved in embryonic placenta development,7,23,806,0.0087,0.0016,5.586,0.00015771602115878183,0.004742746064846225,"SNAI1, PRDM1, SPINT2, MDFI, KRT19, LIF, ST14",True
C2_core,GO_BP,GOBP_REGULATION_OF_HEMOPOIESIS,Regulation of hemopoiesis,37,361,806,0.0459,0.0244,1.881,0.00016346831533399126,0.004847106645983619,"CTLA4, NRARP, IL34, LOX, CCL19, WNT10B, ANXA1, IL15RA, IL2RA, MYC, SOCS1, ZFP36, FSTL3, JAG1, LIF, SMARCD3, BATF, FOXP3, MMP14, TESC, DLL1, NFKBID, SHB, ZMIZ1, ROR2, VSIR, PRDM1, GLI2, SOX4, JUNB, NEDD9, GATA2, MDK, ZC3H12A, TNFRSF11B, EGR3, FOS",True
C2_core,GO_BP,GOBP_CELL_ADHESION_MEDIATED_BY_INTEGRIN,Cell adhesion mediated by integrin,14,84,806,0.0174,0.0057,3.059,0.00016374495927313362,0.004847106645983619,"ITGB5, ITGA8, COL16A1, CCL21, TGFB2, ITGA3, ITGA2, JAM3, PODXL, PLAU, TESC, LIF, EPHA2, ITGB8",True
C2_core,GO_BP,GOBP_POSITIVE_REGULATION_OF_RESPONSE_TO_WOUNDING,Positive regulation of response to wounding,12,65,806,0.0149,0.0044,3.389,0.00017567251178258642,0.005159869357707132,"THBS1, F3, HBEGF, CXCR4, THBD, FLNA, ADRA2A, MDK, SMOC2, PLAU, ANXA1, PLAT",True
C2_core,GO_BP,GOBP_POSITIVE_REGULATION_OF_NEURAL_PRECURSOR_CELL_PROLIFERATION,Positive regulation of neural precursor cell proliferation,10,47,806,0.0124,0.0032,3.905,0.00017917219853613557,0.005222180463487829,"SMARCD3, VEGFC, GJC2, VCAN, ID4, HAPLN3, FLNA, MDK, NES, NAP1L1",True
C2_core,GO_BP,GOBP_HEART_VALVE_MORPHOGENESIS,Heart valve morphogenesis,11,56,806,0.0136,0.0038,3.605,0.00018327912212677753,0.005301103768995115,"ADAMTS9, TGFB2, SNAI1, SLIT2, CDH11, HEYL, SOX4, OLFM1, SOX9, CCN1, JAG1",True
C2_core,GO_BP,GOBP_CELLULAR_RESPONSE_TO_INTERLEUKIN_1,Cellular response to interleukin 1,13,75,806,0.0161,0.0051,3.182,0.000185470535940417,0.005323847429380605,"TNIP2, CXCL8, IRAK3, ZC3H12A, CCL2, HAS2, EGR1, MMP2, SOX9, KLF2, PYCARD, ANKRD1, HYAL2",True
C2_core,GO_BP,GOBP_VASCULAR_WOUND_HEALING,Vascular wound healing,6,17,806,0.0074,0.0011,6.478,0.00018912044273150102,0.00538779968052374,"MCAM, CD34, CXCR4, GATA2, SMOC2, SLC12A2",True
C2_core,GO_BP,GOBP_EPITHELIAL_CELL_MORPHOGENESIS,Epithelial cell morphogenesis,8,31,806,0.0099,0.0021,4.737,0.000192745169083764,0.005450085415361058,"STC1, SPINT2, POF1B, RILPL2, RAB25, PKHD1, FRMD6, ST14",True
C2_core,GO_BP,GOBP_PLACENTA_DEVELOPMENT,Placenta development,18,128,806,0.0223,0.0087,2.581,0.00019600930102291552,0.005501327715376495,"ADAM19, KRT19, PTGS2, STC1, SNAI1, PRDM1, SPINT2, SPINT1, ST14, SOCS3, JUNB, TPPP3, MDFI, GATA2, CCN1, VDR, LIF, ITGB8",True
C2_core,GO_BP,GOBP_VASCULAR_PROCESS_IN_CIRCULATORY_SYSTEM,Vascular process in circulatory system,27,235,806,0.0335,0.0159,2.109,0.0002006151089036851,0.005589195938500462,"P2RX1, SLC4A3, SLC7A1, KLF2, PDE3A, SLC12A2, ADRA2C, SLC5A1, SLIT2, MMP2, EDNRA, FOXC1, NTS, RAMP2, SH3GL2, PTP4A3, CASR, CLDN5, PLVAP, SOD3, PTGS2, ADORA1, SLC2A3, ADRA2A, SLC38A1, SLC1A5, ANGPT1",True
C2_core,GO_BP,GOBP_HEART_VALVE_DEVELOPMENT,Heart valve development,12,66,806,0.0149,0.0045,3.337,0.0002042400821333328,0.005648654534329913,"ADAMTS9, TGFB2, SNAI1, SLIT2, CDH11, HEYL, PRDM1, SOX4, OLFM1, SOX9, CCN1, JAG1",True
C2_core,GO_BP,GOBP_ENDOTHELIAL_CELL_PROLIFERATION,Endothelial cell proliferation,19,140,806,0.0236,0.0095,2.491,0.00021133441325525777,0.00580250791176936,"NRARP, EPHA2, VEGFC, STAT5A, TNFSF12, F3, CD34, COL8A2, CCL2, MMP14, THBS1, ACVRL1, FGF7, RGCC, GATA2, SPARC, MDK, ANGPT1, EGR3",True
C2_core,GO_BP,GOBP_CELL_CELL_JUNCTION_ASSEMBLY,Cell cell junction assembly,18,129,806,0.0223,0.0087,2.561,0.00021645914072307575,0.005900458159710317,"RAMP2, ZNF703, CD9, SNAI1, ACVRL1, CDH11, ESAM, GJA1, CLDN10, VCL, POF1B, CDH6, JAM3, CDH24, RHOC, GPBAR1, CLDN5, EPHA2",True
C2_core,GO_BP,GOBP_GASTRULATION,Gastrulation,21,164,806,0.0261,0.0111,2.35,0.00022957440945671606,0.00621326741022498,"ITGA8, WLS, SNAI1, PRICKLE1, ITGA2, EPHA2, COL12A1, COL4A2, MMP2, FZD7, FOXC1, KLF4, MMP14, GJA1, GPC3, ITGB5, ITGA3, MYADM, GATA6, MYH9, TRIM15",True
C2_core,GO_BP,GOBP_COLLAGEN_CATABOLIC_PROCESS,Collagen catabolic process,8,32,806,0.0099,0.0022,4.589,0.00024484353067601855,0.006579518707315137,"MMP23B, VSIR, FAP, ADAMTS3, MMP14, MMP2, MMP11, MMP7",True
C2_core,GO_BP,GOBP_MYELOID_LEUKOCYTE_MIGRATION,Myeloid leukocyte migration,23,189,806,0.0285,0.0128,2.234,0.00025291578722677106,0.006748576885931236,"TGFB2, PDGFD, IL34, CNN2, CCL19, ANXA1, CXCL5, VEGFC, SLIT2, MMP2, CXCL1, CD9, CCL2, JAM3, MMP14, KIT, THBS1, CXCL6, ROR2, CCL21, RPS19, MDK, CXCL8",True
C2_core,GO_BP,GOBP_DIGESTIVE_SYSTEM_DEVELOPMENT,Digestive system development,16,109,806,0.0199,0.0074,2.694,0.00026577189133753307,0.006993122890818839,"KLF5, SFRP5, WLS, TGFB2, FOXL1, PRDM1, GLI2, PKDCC, DACT1, GATA6, GLI1, KIT, SOX9, CXCL8, BCL2, TGFB3",True
C2_core,GO_BP,GOBP_INTEGRIN_MEDIATED_SIGNALING_PATHWAY,Integrin mediated signaling pathway,16,109,806,0.0199,0.0074,2.694,0.00026577189133753307,0.006993122890818839,"CD63, ITGA8, ITGB5, SEMA7A, COL16A1, ADAMTS1, ITGA3, NEDD9, ITGA2, FLNA, MYH9, CCN2, LAMC1, THY1, ITGB8, TIMP1",True
C2_core,GO_BP,GOBP_REGULATION_OF_ACTIN_FILAMENT_ORGANIZATION,Regulation of actin filament organization,27,240,806,0.0335,0.0162,2.065,0.00028283631891913303,0.007390805602652379,"TMSB10, CDC42EP1, GSN, TMOD2, TWF2, RHOC, ARPC3, RGS4, SLIT2, KANK3, ESAM, BAIAP2L2, VILL, PYCARD, TPM1, TGFB3, NCK2, FLNA, LPAR1, TACSTD2, CCL21, MYADM, RHPN1, RGCC, CCN2, KIRREL1, PLEKHG2",True
C2_core,GO_BP,GOBP_REGULATION_OF_EPITHELIAL_CELL_APOPTOTIC_PROCESS,Regulation of epithelial cell apoptotic process,14,89,806,0.0174,0.006,2.887,0.00030603675341947696,0.00794228259387944,"TNIP2, RAMP2, THBS1, HAND2, ECSCR, ZFP36, CCL2, GSN, RGCC, GATA2, MDK, PKHD1, ANGPT1, BCL2",True
C2_core,GO_BP,GOBP_EYE_MORPHOGENESIS,Eye morphogenesis,18,134,806,0.0223,0.0091,2.466,0.00034913933294373757,0.008999244438937562,"AQP1, PROM1, PRDM1, USH1C, DLL1, COL8A2, SOX4, SAMD11, HCN1, ATP8A2, SOX9, JAG1, THY1, FJX1, EPHA2, BCL2, EFEMP1, MFAP2",True
C2_core,GO_BP,GOBP_POSITIVE_REGULATION_OF_CELL_CELL_ADHESION,Positive regulation of cell cell adhesion,31,295,806,0.0385,0.0199,1.929,0.00035155959148419895,0.009000400622524525,"ADAM19, VTCN1, SLC7A1, CCL19, THY1, WNT10B, ANXA1, IL2RA, SOCS1, HLA-DOB, KIF26B, FSTL3, HAS2, PODXL, PYCARD, ICOS, SMARCD3, CCL2, NCK2, FOXP3, NFKBID, SHB, MAP3K8, ZMIZ1, CCL21, VSIR, CHST4, GLI2, SOX4, MDK, EGR3",True
C2_core,GO_BP,GOBP_REGULATION_OF_GLYCOPROTEIN_METABOLIC_PROCESS,Regulation of glycoprotein metabolic process,9,42,806,0.0112,0.0028,3.933,0.00035493641723840087,0.009025866341720139,"ITM2C, HBEGF, SLC51B, CCL21, ITM2A, PTX3, BACE2, CCL19, BCL2",True
C2_core,GO_BP,GOBP_GLAND_MORPHOGENESIS,Gland morphogenesis,16,112,806,0.0199,0.0076,2.622,0.00036410742608042774,0.00914042078051103,"DDR1, TGFB2, CRIP1, EZR, ELF3, FGF7, ID4, GLI1, MMP2, SOX9, MDK, VDR, EPHA2, BCL2, TGFB3, PDGFA",True
C2_core,GO_BP,GOBP_EPIDERMAL_CELL_DIFFERENTIATION,Epidermal cell differentiation,19,146,806,0.0236,0.0099,2.389,0.00036468555100585385,0.00914042078051103,"MAFF, GLI1, EPHA2, ANXA1, ST14, LATS2, ZFP36, SLC4A7, JAG1, VDR, KRT7, FOXC1, KLF4, JAG2, KRT80, DLL1, GATA6, USH1C, KRT86",True
C2_core,GO_BP,GOBP_RENAL_FILTRATION,Renal filtration,7,26,806,0.0087,0.0018,4.942,0.000366678268312926,0.00914042078051103,"MCAM, CD34, ITGA3, ADORA1, KIRREL1, EDNRA, AQP1",True
C2_core,GO_BP,GOBP_MUSCLE_SYSTEM_PROCESS,Muscle system process,36,364,806,0.0447,0.0246,1.815,0.0003968821215544861,0.009793049083011145,"P2RX1, HAND2, GSN, TMOD2, ALDOA, ITGA2, CACNA1C, CYBA, RGS4, ADRA2C, HOMER1, SCN4A, STC1, CRYAB, REM1, SPHK1, ATP8A2, EDNRA, LMNA, TPM4, TPM1, MYH4, CXCR4, FLNA, LMCD1, SSPN, KIT, GPD1L, GJA1, MYL9, PTGS2, ADORA1, CACNA2D1, GATA6, ADRA2A, ZC3H12A",True
C2_core,GO_BP,GOBP_REGULATION_OF_LEUKOCYTE_MIGRATION,Regulation of leukocyte migration,23,195,806,0.0285,0.0132,2.165,0.00039855571463993407,0.009793049083011145,"PDGFD, IL34, ITGA2, CNN2, GDF15, CCL19, THY1, ANXA1, VEGFC, SLIT2, PYCARD, CD9, CCL2, JAM3, MMP14, PLVAP, THBS1, CCL21, CHST4, ADORA1, NEDD9, MDK, CXCL8",True
C2_core,GO_BP,GOBP_SMOOTH_MUSCLE_CELL_DIFFERENTIATION,Smooth muscle cell differentiation,11,61,806,0.0136,0.0041,3.31,0.00040147133897087126,0.009793049083011145,"RAMP2, ITGA8, SMARCD3, PRDM6, TMEM204, KIT, GATA6, SOX9, EDNRA, EFEMP2, NFATC4",True
C2_core,GO_BP,GOBP_NEGATIVE_REGULATION_OF_NEURON_PROJECTION_DEVELOPMENT,Negative regulation of neuron projection development,16,113,806,0.0199,0.0076,2.599,0.00040319758694899407,0.009793049083011145,"IL15RA, ITM2C, GDI1, SLIT2, DGUOK, PLXNA3, DPYSL3, FLNA, VIM, CRMP1, LPAR1, SEMA3G, STMN2, THY1, GFI1, PMP22",True
C2_core,GO_BP,GOBP_NEGATIVE_REGULATION_OF_CELL_PROJECTION_ORGANIZATION,Negative regulation of cell projection organization,20,159,806,0.0248,0.0107,2.309,0.0004061197041277821,0.009801194642930996,"DPYSL3, CRMP1, THY1, IL15RA, ITM2C, GDI1, SLIT2, SEMA3G, GFI1, NFATC4, DGUOK, FLNA, VIM, LPAR1, PMP22, TACSTD2, CCL21, ITGA3, PLXNA3, STMN2",True
C2_core,GO_BP,GOBP_NEGATIVE_REGULATION_OF_GLYCOPROTEIN_METABOLIC_PROCESS,Negative regulation of glycoprotein metabolic process,5,13,806,0.0062,0.0009,7.06,0.0004226835814025987,0.01007262949644306,"ITM2C, HBEGF, ITM2A, PTX3, BACE2",True
C2_core,GO_BP,GOBP_REGULATION_OF_MICROVILLUS_ORGANIZATION,Regulation of microvillus organization,5,13,806,0.0062,0.0009,7.06,0.0004226835814025987,0.01007262949644306,"KLF5, EZR, TWF2, PODXL, USH1C",True
C2_core,GO_BP,GOBP_REGULATION_OF_LYMPHOCYTE_DIFFERENTIATION,Regulation of lymphocyte differentiation,23,196,806,0.0285,0.0132,2.154,0.00042890742394941444,0.01015706393340207,"CTLA4, NRARP, CCL19, WNT10B, ANXA1, IL15RA, IL2RA, SOCS1, SMARCD3, BATF, MMP14, FOXP3, NFKBID, SHB, ZMIZ1, VSIR, PRDM1, GLI2, SOX4, JUNB, MDK, ZC3H12A, EGR3",True
C2_core,GO_BP,GOBP_POSITIVE_REGULATION_OF_CHEMOTAXIS,Positive regulation of chemotaxis,17,125,806,0.0211,0.0084,2.496,0.00043598802518427556,0.010169303443573618,"THBS1, F3, CCL21, VEGFC, PDGFD, SLIT2, CXCR4, CASR, IL34, NEDD9, ITGA2, SMOC2, MDK, TPBG, CCL19, LPAR1, CXCL8",True
C2_core,GO_BP,GOBP_REGULATION_OF_EPITHELIAL_CELL_DIFFERENTIATION,Regulation of epithelial cell differentiation,17,125,806,0.0211,0.0084,2.496,0.00043598802518427556,0.010169303443573618,"FRZB, PROM1, ACVRL1, ZFP36, MAFF, VCL, JAG1, DLL1, BTG1, SPRY1, CLDN5, WWTR1, SOX9, VDR, WNT10B, LIF, FOXC1",True
C2_core,GO_BP,GOBP_REGULATION_OF_PROTEIN_POLYMERIZATION,Regulation of protein polymerization,22,184,806,0.0273,0.0124,2.195,0.0004374759728958827,0.010169303443573618,"HAUS7, TMSB10, CDC42EP1, GSN, TMOD2, TWF2, ARPC3, SLIT2, KANK3, ESAM, MAP1B, BAIAP2L2, VILL, PYCARD, NCK2, CLIP3, CCL21, MYADM, TPPP3, STMN2, KIRREL1, PLEKHG2",True
C2_core,GO_BP,GOBP_MUSCLE_CELL_DEVELOPMENT,Muscle cell development,20,160,806,0.0248,0.0108,2.294,0.0004409827137115601,0.010188314038128666,"PRICKLE1, TMOD2, UCHL1, LOX, WNT10B, BCL2, EFEMP2, RGS4, FHL2, HOMER1, FLNC, KRT19, EDNRA, LMNA, TPM1, NFATC4, RAMP2, ANKRD1, MYL9, FHOD3",True
C2_core,GO_BP,GOBP_PHOSPHATIDYLINOSITOL_3_KINASE_PROTEIN_KINASE_B_SIGNAL_TRANSDUCTION,Phosphatidylinositol 3 kinase protein kinase b signal transduction,28,260,806,0.0347,0.0176,1.977,0.00045073232806772676,0.010350453279082525,"SFRP5, TGFB2, PDGFD, PPP2R1A, LOX, SOX9, GDF15, CCL19, HYAL2, DDR1, RASD2, PKHD1, PDGFA, NTS, SEMA3E, CAVIN3, KIT, MST1R, MUSK, THBS1, ANGPT1, HBEGF, ROR2, CCL21, COL6A3, RRAS, PLK3, TPBG",True
C2_core,GO_BP,GOBP_FACE_MORPHOGENESIS,Face morphogenesis,7,27,806,0.0087,0.0018,4.759,0.0004719642490649385,0.01070821880064103,"CRISPLD2, PRICKLE1, ARID5B, MMP2, RRAS, CLDN5, TGFB3",True
C2_core,GO_BP,GOBP_EPIDERMIS_MORPHOGENESIS,Epidermis morphogenesis,7,27,806,0.0087,0.0018,4.759,0.0004719642490649385,0.01070821880064103,"TGFB2, SNAI1, GLI2, FGF7, KLF4, FOXQ1, BCL2",True
C2_core,GO_BP,GOBP_MUSCLE_CONTRACTION,Muscle contraction,30,287,806,0.0372,0.0194,1.919,0.00047546369095904527,0.01072340431573704,"P2RX1, GSN, TMOD2, ALDOA, ITGA2, CACNA1C, ADRA2C, HOMER1, SCN4A, STC1, CRYAB, REM1, SPHK1, ATP8A2, EDNRA, TPM4, TPM1, MYH4, CXCR4, FLNA, SSPN, KIT, GJA1, GPD1L, MYL9, PTGS2, ADORA1, CACNA2D1, ADRA2A, ZC3H12A",True
C2_core,GO_BP,GOBP_REGULATION_OF_WOUND_HEALING,Regulation of wound healing,16,115,806,0.0199,0.0078,2.554,0.0004923123749938059,0.010972774052067827,"THBS1, F3, HBEGF, CD9, CXCR4, FAP, TSPAN8, TNFRSF12A, THBD, ADRA2A, SMOC2, PLAU, ANXA1, PLAT, SLC12A2, PDGFA",True
C2_core,GO_BP,GOBP_POSITIVE_REGULATION_OF_CELL_SUBSTRATE_ADHESION,Positive regulation of cell substrate adhesion,16,115,806,0.0199,0.0078,2.554,0.0004923123749938059,0.010972774052067827,"COL16A1, SPOCK2, CCL21, CCDC80, THY1, ITGA3, MYADM, EDIL3, HAS2, NEDD9, FLNA, MDK, RRAS, CCN1, FBLN2, EFEMP2",True
C2_core,GO_BP,GOBP_REGULATION_OF_ACTIN_FILAMENT_LENGTH,Regulation of actin filament length,18,138,806,0.0223,0.0093,2.394,0.0005013628410728363,0.011057290792542898,"CCL21, SLIT2, KANK3, MYO3A, ESAM, NCK2, TMSB10, CDC42EP1, GSN, TMOD2, BAIAP2L2, MYADM, TWF2, VILL, KIRREL1, PLEKHG2, PYCARD, ARPC3",True
C2_core,GO_BP,GOBP_POSITIVE_REGULATION_OF_WOUND_HEALING,Positive regulation of wound healing,10,53,806,0.0124,0.0036,3.463,0.0005019408858055895,0.011057290792542898,"THBS1, F3, HBEGF, CXCR4, THBD, ADRA2A, SMOC2, PLAU, ANXA1, PLAT",True
C2_core,GO_BP,GOBP_POSITIVE_REGULATION_OF_NEUROGENESIS,Positive regulation of neurogenesis,24,211,806,0.0298,0.0143,2.088,0.0005142841332362744,0.011167328072022437,"SEMA7A, IL34, TSPO, TWF2, DBN1, NAP1L1, GDI1, VEGFC, GJC2, VCAN, SLIT2, MAP1B, HAPLN3, LIF, EGR2, SMARCD3, CXCR4, ID4, KIT, EFNA5, SPINT1, PLXNA3, MDK, CLCF1",True
C2_core,GO_BP,GOBP_REGULATION_OF_NEUROGENESIS,Regulation of neurogenesis,32,315,806,0.0397,0.0213,1.865,0.0005164156647690733,0.011167328072022437,"SEMA7A, IL34, TSPO, TWF2, DBN1, THY1, NAP1L1, GDI1, VEGFC, GJC2, VCAN, SLIT2, MAP1B, HAPLN3, SEMA3G, LIF, EGR2, NFATC4, SMARCD3, BTG2, CXCR4, HEYL, ID4, BHLHE41, KIT, DLL1, EFNA5, SPINT1, PLXNA3, GATA2, MDK, CLCF1",True
C2_core,GO_BP,GOBP_MUSCLE_TISSUE_DEVELOPMENT,Muscle tissue development,34,342,806,0.0422,0.0231,1.825,0.0005187251888825413,0.011167328072022437,"SAP30, MSC, ITGA8, TGFB2, PRICKLE1, MAFF, YBX3, GLI1, LOX, SOX9, WNT10B, BCL2, RGS4, EFEMP2, HOMER1, ADAMTS9, FHL2, EDNRA, FZD7, LMNA, EGR2, TPM1, FOXC1, BTG2, HEYL, EGR1, GJA1, DLL1, ANKRD1, KLF5, FHOD3, GATA6, GPCPD1, FOS",True
C2_core,GO_BP,GOBP_REGULATION_OF_T_CELL_ACTIVATION,Regulation of t cell activation,34,342,806,0.0422,0.0231,1.825,0.0005187251888825413,0.011167328072022437,"CTLA4, NRARP, VTCN1, SLC7A1, CCL19, WNT10B, THY1, ANXA1, IL2RA, LRRC32, SOCS1, HLA-DOB, DUSP22, PYCARD, ICOS, SMARCD3, BATF, NCK2, CCL2, FOXP3, NFKBID, SHB, MAP3K8, ZMIZ1, TNFRSF21, CCL21, VSIR, PRDM1, GLI2, SOX4, JUNB, MDK, ZC3H12A, EGR3",True
C2_core,GO_BP,GOBP_POSITIVE_REGULATION_OF_LYMPHOCYTE_DIFFERENTIATION,Positive regulation of lymphocyte differentiation,17,127,806,0.0211,0.0086,2.457,0.0005256475470594633,0.01125242121925597,"IL15RA, ZMIZ1, SMARCD3, IL2RA, SHB, VSIR, SOCS1, GLI2, SOX4, MMP14, FOXP3, MDK, CCL19, WNT10B, NFKBID, ANXA1, EGR3",True
C2_core,GO_BP,GOBP_REGULATION_OF_RESPONSE_TO_WOUNDING,Regulation of response to wounding,19,151,806,0.0236,0.0102,2.31,0.0005588343946651893,0.011895637760597766,"TNFRSF12A, PLAU, ANXA1, SLC12A2, PDGFA, F3, CD9, CXCR4, TSPAN8, KLF4, FLNA, SMOC2, THBS1, HBEGF, FAP, THBD, ADRA2A, MDK, PLAT",True
C2_core,GO_BP,GOBP_POSITIVE_REGULATION_OF_CELL_PROJECTION_ORGANIZATION,Positive regulation of cell projection organization,33,330,806,0.0409,0.0223,1.835,0.0005620992986687469,0.011898291858412749,"ENPP2, SEMA7A, EPS8L1, CDC42EP1, ITGA2, DPYSL3, TWF2, DBN1, CCL19, DDR1, ALKAL1, GDI1, PPP1R35, SLIT2, MAP1B, ATP8A2, KCTD17, EPS8L3, TGFB3, FLNA, KIT, MUSK, ROR2, EFNA5, CCL21, MYO3A, ITGA3, NEDD9, PLXNA3, ALKAL2, STMN2, MDK, FZD1",True
C2_core,GO_BP,GOBP_POSITIVE_REGULATION_OF_SMOOTH_MUSCLE_CELL_MIGRATION,Positive regulation of smooth muscle cell migration,8,36,806,0.0099,0.0024,4.079,0.0005805469659404535,0.012220513633046546,"PDGFD, ADAMTS1, HAS2, ITGA2, S100A11, LPAR1, MDK, BCL2",True
C2_core,GO_BP,GOBP_T_CELL_ACTIVATION,T cell activation,45,499,806,0.0558,0.0337,1.655,0.0006152166512404336,0.012741308199298465,"CTLA4, NRARP, SOCS3, GSN, VTCN1, SLC7A1, CCL19, WNT10B, THY1, ANXA1, BCL2, IL2RA, LRRC32, SOCS1, HLA-DOB, DUSP22, PYCARD, ICOS, CCND3, FZD7, SMARCD3, BATF, NCK2, CCL2, CLEC4D, FOXP3, EGR1, JAG2, KIT, GJA1, NFKBID, SHB, MAP3K8, ZMIZ1, TNFRSF21, CCL21, VSIR, PRDM1, GLI2, SOX4, JUNB, MYH9, MDK, ZC3H12A, EGR3",True
C2_core,GO_BP,GOBP_CALCIUM_ION_IMPORT,Calcium ion import,11,64,806,0.0136,0.0043,3.155,0.0006153759304490944,0.012741308199298465,"P2RX1, HOMER1, STC1, CASR, CCL2, CACNA2D1, TRPC4, NALF1, CACNA1C, CACNA1I, TRPV6",True
C2_core,GO_BP,GOBP_APICAL_JUNCTION_ASSEMBLY,Apical junction assembly,11,64,806,0.0136,0.0043,3.155,0.0006153759304490944,0.012741308199298465,"RAMP2, ACVRL1, SNAI1, ESAM, CLDN10, VCL, POF1B, RHOC, GPBAR1, CLDN5, EPHA2",True
C2_core,GO_BP,GOBP_LEUKOCYTE_CHEMOTAXIS,Leukocyte chemotaxis,22,189,806,0.0273,0.0128,2.137,0.000632861716002549,0.013032136097465534,"TGFB2, IL34, CCL19, ANXA1, SLC12A2, CXCL5, VEGFC, SLIT2, MMP2, CXCL1, CXCR4, CCL2, JAM3, KIT, THBS1, CXCL6, CCL21, CH25H, RPS19, NEDD9, MDK, CXCL8",True
C2_core,GO_BP,GOBP_POSITIVE_REGULATION_OF_LEUKOCYTE_CELL_CELL_ADHESION,Positive regulation of leukocyte cell cell adhesion,27,253,806,0.0335,0.0171,1.959,0.000650956266887045,0.013332288082351424,"VTCN1, SLC7A1, CCL19, THY1, WNT10B, ANXA1, EGR3, IL2RA, SOCS1, HAS2, PYCARD, ICOS, SMARCD3, CCL2, NCK2, FOXP3, NFKBID, SHB, MAP3K8, ZMIZ1, CCL21, VSIR, CHST4, GLI2, SOX4, MDK, HLA-DOB",True
C2_core,GO_BP,GOBP_EPITHELIAL_CELL_APOPTOTIC_PROCESS,Epithelial cell apoptotic process,16,118,806,0.0199,0.008,2.489,0.0006574504256554895,0.01339290141294973,"TNIP2, RAMP2, THBS1, HAND2, ECSCR, ZFP36, CCL2, GSN, RGCC, GATA2, MDK, JAG2, EDNRA, PKHD1, ANGPT1, BCL2",True
C2_core,GO_BP,GOBP_RESPONSE_TO_MECHANICAL_STIMULUS,Response to mechanical stimulus,22,190,806,0.0273,0.0128,2.125,0.0006799456887921265,0.013777081362745278,"TUBA1A, GSN, ITGA2, CNN2, SOX9, HABP4, FOSB, MAP1B, ATP8A2, MMP2, BTG2, CXCR4, TRPA1, MMP14, KIT, ANKRD1, AQP1, THBS1, PTGS2, ABHD12, MDK, FOS",True
C2_core,GO_BP,GOBP_GLOMERULAR_EPITHELIUM_DEVELOPMENT,Glomerular epithelium development,6,21,806,0.0074,0.0014,5.244,0.0006874744493174151,0.013826767232642277,"PROM1, CD34, PODXL, JAG1, EDNRA, FOXC1",True
C2_core,GO_BP,GOBP_RESPONSE_TO_BMP,Response to bmp,17,130,806,0.0211,0.0088,2.4,0.0006896962277565032,0.013826767232642277,"CHRDL2, ACVRL1, HEYL, SPINT2, BAMBI, ITGA3, FSTL1, SPINT1, FSTL3, GATA6, EGR1, ELAPOR2, SOX9, CCN1, GPC3, CRIM1, FZD1",True
C2_core,GO_BP,GOBP_CARTILAGE_DEVELOPMENT,Cartilage development,20,166,806,0.0248,0.0112,2.211,0.000709910886636812,0.014157117628773057,"FRZB, HAND2, SNAI1, MGP, MBOAT2, SOX9, CCN1, WNT10B, HYAL2, STC1, PKDCC, SERPINH1, TIMP1, CHRDL2, EFEMP1, ITGB8, ACVRL1, BGN, CCN2, MDK",True
C2_core,GO_BP,GOBP_MEMBRANE_PROTEIN_ECTODOMAIN_PROTEOLYSIS,Membrane protein ectodomain proteolysis,9,46,806,0.0112,0.0031,3.591,0.0007214600946436178,0.014312106275417107,"ADAM19, TSPAN15, TIMP2, BACE2, MYH9, ADRA2A, TIMP4, MMP7, TIMP1",True
C2_core,GO_BP,GOBP_RESPONSE_TO_INORGANIC_SUBSTANCE,Response to inorganic substance,40,432,806,0.0496,0.0292,1.7,0.0007311028761313164,0.014427858321153949,"PDGFD, JUND, CYBRD1, SELENOM, TSPO, KLF2, CCL19, BCL2, SLC12A2, TRPC1, HOMER1, SLC5A1, GDI1, CPNE5, CPNE7, FOSB, CRYAB, MAP1B, SPHK1, MMP2, FOS, NFATC4, CRIP1, TRPA1, ENTPD6, CASR, KLF4, KIT, TRPV6, AQP1, THBS1, SOD3, PTGS2, ADORA1, JUNB, ASPN, ALOX5AP, ZC3H12A, TNFRSF11B, TUBA1A",True
C2_core,GO_BP,GOBP_RENAL_ABSORPTION,Renal absorption,7,29,806,0.0087,0.002,4.43,0.0007541536977296695,0.014805639174599575,"AQP1, SLC5A1, GSN, HAS2, KIRREL1, EDNRA, HYAL2",True
C2_core,GO_BP,GOBP_POSITIVE_REGULATION_OF_CELL_ACTIVATION,Positive regulation of cell activation,33,336,806,0.0409,0.0227,1.803,0.0007693653813801332,0.015026419742522293,"VTCN1, SLC7A1, CCL19, WNT10B, THY1, ANXA1, BCL2, IL15RA, IL2RA, SOCS1, HLA-DOB, PYCARD, ICOS, TNIP2, SMARCD3, NCK2, CCL2, CLEC4D, FOXP3, FLNA, MMP14, NFKBID, SHB, MAP3K8, ZMIZ1, THBS1, CCL21, VSIR, GLI2, SOX4, MDK, CLCF1, EGR3",True
C2_core,GO_BP,GOBP_EMBRYONIC_PLACENTA_DEVELOPMENT,Embryonic placenta development,12,76,806,0.0149,0.0051,2.898,0.0007815457738850475,0.015186035575643308,"KRT19, SNAI1, PRDM1, SPINT2, SPINT1, SOCS3, JUNB, MDFI, GATA2, CCN1, LIF, ST14",True
C2_core,GO_BP,GOBP_NEURAL_RETINA_DEVELOPMENT,Neural retina development,11,66,806,0.0136,0.0045,3.059,0.0008050861580085044,0.015563629860684812,"SMARCD3, PROM1, TGFB2, PRDM1, USH1C, SAMD11, ATP8A2, HCN1, SOX9, THY1, FJX1",True
C2_core,GO_BP,GOBP_GRANULOCYTE_CHEMOTAXIS,Granulocyte chemotaxis,14,98,806,0.0174,0.0066,2.622,0.0008318359475113274,0.015997348566468332,"CXCL8, THBS1, CXCL6, CCL21, TGFB2, CXCL5, SLIT2, CCL2, IL34, JAM3, CXCL1, MDK, CCL19, ANXA1",True
C2_core,GO_BP,GOBP_REGULATION_OF_CELLULAR_COMPONENT_SIZE,Regulation of cellular component size,32,324,806,0.0397,0.0219,1.813,0.0008359659583427631,0.015997348566468332,"PPP1R15A, SEMA7A, TMSB10, CDC42EP1, GSN, TMOD2, TWF2, OLFM1, ARPC3, SLC12A2, GDI1, SLIT2, KANK3, ESAM, GPRC5B, MAP1B, BAIAP2L2, VILL, SEMA3G, PYCARD, LAMTOR4, EZR, NCK2, AQP1, EFNA5, CCL21, MYO3A, MYADM, PLXNA3, KIRREL1, PLEKHG2, USH1C",True
C2_core,GO_BP,GOBP_ANTIMICROBIAL_HUMORAL_IMMUNE_RESPONSE_MEDIATED_BY_ANTIMICROBIAL_PEPTIDE,Antimicrobial humoral immune response mediated by antimicrobial peptide,9,47,806,0.0112,0.0032,3.515,0.0008498967016164422,0.01618220403228492,"CXCL8, CXCL6, CXCL5, CCL21, CCL2, RPS19, CXCL1, CCL19, MMP7",True
C2_core,GO_BP,GOBP_LEUKOCYTE_CELL_CELL_ADHESION,Leukocyte cell cell adhesion,35,366,806,0.0434,0.0247,1.755,0.0008731409129878021,0.016541654596553913,"CTLA4, NRARP, VTCN1, SLC7A1, CCL19, WNT10B, THY1, ANXA1, IL2RA, LRRC32, SOCS1, HLA-DOB, HAS2, DUSP22, PYCARD, ICOS, SMARCD3, EZR, NCK2, CCL2, KLF4, FOXP3, NFKBID, SHB, MAP3K8, ZMIZ1, TNFRSF21, CCL21, VSIR, CHST4, GLI2, SOX4, MDK, ZC3H12A, EGR3",True
C2_core,GO_BP,GOBP_LYMPHOCYTE_DIFFERENTIATION,Lymphocyte differentiation,36,380,806,0.0447,0.0257,1.739,0.0008787016724068721,0.016564182272386263,"CTLA4, IRF2BP2, NRARP, ITM2A, SOCS3, CCL19, WNT10B, ANXA1, BCL2, IL15RA, IL2RA, SOCS1, CD79A, FZD7, SMARCD3, BATF, CLEC4D, FOXP3, EGR1, MMP14, JAG2, KIT, DLL1, KLF6, NFKBID, SHB, ZMIZ1, VSIR, PRDM1, GLI2, SOX4, JUNB, MDK, CLCF1, ZC3H12A, EGR3",True
C2_core,GO_BP,GOBP_REGULATION_OF_CELL_JUNCTION_ASSEMBLY,Regulation of cell junction assembly,22,194,806,0.0273,0.0131,2.081,0.000899975759957664,0.016755501875995643,"COL16A1, SNAI1, CLSTN1, GPBAR1, EPHA2, THY1, VCL, DUSP22, LRFN4, ADGRB1, SRPX2, MMP14, CLSTN2, CLDN5, MUSK, THBS1, EFNA5, ACVRL1, AMIGO2, TPBG, NLGN2, FZD1",True
C2_core,GO_BP,GOBP_SECONDARY_PALATE_DEVELOPMENT,Secondary palate development,6,22,806,0.0074,0.0015,5.006,0.0009021172823180552,0.016755501875995643,"TGFB2, LRRC32, JAG2, TGFB3, ITGB8, FZD1",True
C2_core,GO_BP,GOBP_DECIDUALIZATION,Decidualization,6,22,806,0.0074,0.0015,5.006,0.0009021172823180552,0.016755501875995643,"PTGS2, STC1, JUNB, TPPP3, VDR, LIF",True
C2_core,GO_BP,GOBP_MESODERM_MORPHOGENESIS,Mesoderm morphogenesis,10,57,806,0.0124,0.0039,3.22,0.0009131495608322641,0.016795746048511886,"ITGA8, WLS, SNAI1, ITGA3, ITGA2, KLF4, EPHA2, GJA1, TRIM15, FOXC1",True
C2_core,GO_BP,GOBP_MEMBRANE_PROTEIN_PROTEOLYSIS,Membrane protein proteolysis,10,57,806,0.0124,0.0039,3.22,0.0009131495608322641,0.016795746048511886,"ADAM19, TSPAN15, TIMP2, BACE2, APH1B, MYH9, ADRA2A, TIMP4, MMP7, TIMP1",True
C2_core,GO_BP,GOBP_MATERNAL_PLACENTA_DEVELOPMENT,Maternal placenta development,7,30,806,0.0087,0.002,4.283,0.0009379942583677424,0.017086828100747,"PTGS2, STC1, PRDM1, JUNB, TPPP3, VDR, LIF",True
C2_core,GO_BP,GOBP_AORTA_MORPHOGENESIS,Aorta morphogenesis,7,30,806,0.0087,0.002,4.283,0.0009379942583677424,0.017086828100747,"ADAMTS9, TGFB2, ACVRL1, FKBP10, SOX4, JAG1, EFEMP2",True
C2_core,GO_BP,GOBP_NEGATIVE_REGULATION_OF_COAGULATION,Negative regulation of coagulation,9,48,806,0.0112,0.0032,3.442,0.0009963140717929627,0.01806236372260065,"THBS1, CD9, PROCR, FAP, TSPAN8, THBD, PLAU, PLAT, PDGFA",True
C2_core,GO_BP,GOBP_ADENYLATE_CYCLASE_INHIBITING_G_PROTEIN_COUPLED_RECEPTOR_SIGNALING_PATHWAY,Adenylate cyclase inhibiting g protein coupled receptor signaling pathway,10,58,806,0.0124,0.0039,3.165,0.0010505254957292218,0.018864649778758395,"RGS1, GNAZ, CASR, ADORA1, GPR176, GABBR2, FLNA, ADRA2A, LPAR1, EDNRA",True
C2_core,GO_BP,GOBP_RETINA_MORPHOGENESIS_IN_CAMERA_TYPE_EYE,Retina morphogenesis in camera type eye,10,58,806,0.0124,0.0039,3.165,0.0010505254957292218,0.018864649778758395,"PROM1, PRDM1, USH1C, SAMD11, ATP8A2, HCN1, SOX9, DLL1, THY1, FJX1",True
C2_core,GO_BP,GOBP_MONONUCLEAR_CELL_MIGRATION,Mononuclear cell migration,21,185,806,0.0261,0.0125,2.084,0.001151041603485703,0.020572153941544002,"PDGFD, IL34, CNN2, CCL19, ANXA1, SLC12A2, SLIT2, MMP2, PYCARD, CD9, CXCR4, CCL2, JAM3, MMP14, THBS1, ROR2, CCL21, CH25H, RPS19, NEDD9, MDK",True
C2_core,GO_BP,GOBP_CAMERA_TYPE_EYE_MORPHOGENESIS,Camera type eye morphogenesis,15,113,806,0.0186,0.0076,2.436,0.0011947448531665677,0.02115368340489778,"PROM1, PRDM1, USH1C, DLL1, COL8A2, SOX4, SAMD11, HCN1, ATP8A2, SOX9, JAG1, THY1, FJX1, EPHA2, AQP1",True
C2_core,GO_BP,GOBP_RESPONSE_TO_CALCIUM_ION,Response to calcium ion,15,113,806,0.0186,0.0076,2.436,0.0011947448531665677,0.02115368340489778,"THBS1, TRPC1, HOMER1, GDI1, CPNE5, CPNE7, FOSB, JUND, ENTPD6, CASR, JUNB, ALOX5AP, FOS, TRPV6, TUBA1A",True
C2_core,GO_BP,GOBP_OVULATION_CYCLE,Ovulation cycle,10,59,806,0.0124,0.004,3.111,0.0012043500748287,0.021224569458260206,"A2M, TGFB2, ADAMTS1, SLIT2, PTX3, HAS2, EGR1, MMP2, MDK, TGFB3",True
C2_core,GO_BP,GOBP_POSITIVE_REGULATION_OF_PHOSPHATIDYLINOSITOL_3_KINASE_PROTEIN_KINASE_B_SIGNAL_TRANSDUCTION,Positive regulation of phosphatidylinositol 3 kinase protein kinase b signal transduction,19,161,806,0.0236,0.0109,2.166,0.0012252255013392368,0.021492497335992445,"TGFB2, PDGFD, SOX9, GDF15, CCL19, DDR1, RASD2, PDGFA, NTS, SEMA3E, KIT, MST1R, MUSK, THBS1, HBEGF, ROR2, CCL21, TPBG, ANGPT1",True
C2_core,GO_BP,GOBP_CARDIAC_RIGHT_VENTRICLE_MORPHOGENESIS,Cardiac right ventricle morphogenesis,5,16,806,0.0062,0.0011,5.736,0.0012510990417943645,0.021845227047736622,"SMARCD3, HAND2, TGFB2, SOX4, JAG1",True
C2_core,GO_BP,GOBP_REGULATION_OF_CHEMOTAXIS,Regulation of chemotaxis,20,174,806,0.0248,0.0118,2.11,0.0012804876903570153,0.02225581586588409,"PDGFD, IL34, ITGA2, CCL19, VEGFC, SLIT2, F3, CXCR4, CASR, CCL2, JAM3, LPAR1, SMOC2, THBS1, CCL21, NEDD9, PLXNA3, MDK, TPBG, CXCL8",True
C2_core,GO_BP,GOBP_ANTIMICROBIAL_HUMORAL_RESPONSE,Antimicrobial humoral response,11,70,806,0.0136,0.0047,2.884,0.0013309475473410805,0.023027215784818967,"CXCL8, CXCL6, CXCL5, CCL21, CCL2, RPS19, GATA6, CXCL1, CCL19, WFDC2, MMP7",True
C2_core,GO_BP,GOBP_REGULATION_OF_LYMPHOCYTE_ACTIVATION,Regulation of lymphocyte activation,40,446,806,0.0496,0.0301,1.646,0.0013421451302384356,0.023115399538515602,"CTLA4, NRARP, VTCN1, SLC7A1, CCL19, WNT10B, THY1, ANXA1, BCL2, IL15RA, IL2RA, LRRC32, SOCS1, HLA-DOB, DUSP22, PYCARD, ICOS, TNIP2, SMARCD3, BATF, NCK2, CCL2, FOXP3, MMP14, NFKBID, SHB, MAP3K8, ZMIZ1, TNFRSF21, CCL21, VSIR, PRDM1, GLI2, SOX4, JUNB, NEDD9, MDK, CLCF1, ZC3H12A, EGR3",True
C2_core,GO_BP,GOBP_NEURAL_PRECURSOR_CELL_PROLIFERATION,Neural precursor cell proliferation,17,138,806,0.0211,0.0093,2.261,0.0013555564719038606,0.023240739692505556,"TRNP1, SMARCD3, BTG2, VEGFC, GJC2, VCAN, SPINT2, DAGLA, SPINT1, ID4, HAPLN3, FLNA, GATA2, DBN1, MDK, NES, NAP1L1",True
C2_core,GO_BP,GOBP_NON_CANONICAL_WNT_SIGNALING_PATHWAY,Non canonical wnt signaling pathway,10,60,806,0.0124,0.0041,3.059,0.0013760575572528476,0.023485955335274953,"FRZB, SFRP5, GPC3, PRICKLE1, MLLT3, DACT1, CSNK1E, VANGL2, FZD7, FZD1",True
C2_core,GO_BP,GOBP_REGULATION_OF_MIRNA_METABOLIC_PROCESS,Regulation of mirna metabolic process,12,81,806,0.0149,0.0055,2.719,0.0013895761743707988,0.023610332397717294,"KLF5, TGFB2, MYC, KLF4, GATA6, EGR1, GATA2, FOS, SOX9, ZC3H12A, NOTCH3, NFATC4",True
C2_core,GO_BP,GOBP_ELASTIC_FIBER_ASSEMBLY,Elastic fiber assembly,4,10,806,0.005,0.0007,7.342,0.0014097413354485697,0.023749498963180588,"MFAP4, LOX, EFEMP2, TNXB",True
C2_core,GO_BP,GOBP_REGULATION_OF_COLLAGEN_METABOLIC_PROCESS,Regulation of collagen metabolic process,7,32,806,0.0087,0.0022,4.015,0.0014103027887874457,0.023749498963180588,"MFAP4, VSIR, FAP, ITGA2, RGCC, VIM, TGFB3",True
C2_core,GO_BP,GOBP_POSITIVE_REGULATION_OF_ERK1_AND_ERK2_CASCADE,Positive regulation of erk1 and erk2 cascade,19,163,806,0.0236,0.011,2.14,0.0014190593629319634,0.023791220912164644,"HAND2, SEMA7A, PDGFD, GPBAR1, CCL19, DDR1, ALKAL1, PYCARD, PDGFA, CASR, SHC1, CAVIN3, MUSK, ROR2, CCL21, ALKAL2, CCN2, TPBG, ANGPT1",True
C2_core,GO_BP,GOBP_VASCULAR_ENDOTHELIAL_GROWTH_FACTOR_SIGNALING_PATHWAY,Vascular endothelial growth factor signaling pathway,8,41,806,0.0099,0.0028,3.581,0.001440691621923099,0.024047491433773667,"CD63, VEGFC, PTP4A3, TNXB, ADAMTS3, SMOC2, DLL1, FOXC1",True
C2_core,GO_BP,GOBP_CYTOKINE_MEDIATED_SIGNALING_PATHWAY,Cytokine mediated signaling pathway,37,405,806,0.0459,0.0274,1.677,0.0014474629962592483,0.024054549529939875,"ACKR1, GSTP1, IL34, CCL19, IL15RA, STING1, IL2RA, CXCL5, TNFRSF11B, SLIT2, SOCS1, STAT5A, SPHK1, ENTREP1, PYCARD, GFI1, CXCL1, FOXC1, TNIP2, F3, CXCR4, IRAK3, PLP2, CCL2, EDA2R, EGR1, KIT, MST1R, IL20RA, PLVAP, CXCL6, CCL21, CCDC3, OSMR, CLCF1, ANGPT1, CXCL8",True
C2_core,GO_BP,GOBP_ENDOTHELIUM_DEVELOPMENT,Endothelium development,16,127,806,0.0199,0.0086,2.312,0.0014629456497907561,0.024205681515533515,"EZR, STC1, ACVRL1, CD34, CXCR4, JAG1, DLL1, VCL, FSTL1, MYADM, BTG1, FOXP3, CLDN5, EDNRA, SOX18, FZD1",True
C2_core,GO_BP,GOBP_REGULATION_OF_CELLULAR_RESPONSE_TO_VASCULAR_ENDOTHELIAL_GROWTH_FACTOR_STIMULUS,Regulation of cellular response to vascular endothelial growth factor stimulus,6,24,806,0.0074,0.0016,4.589,0.0014823753780920984,0.024210001325823106,"CD63, PTP4A3, TNXB, ADAMTS3, SMOC2, DLL1",True
C2_core,GO_BP,GOBP_MESODERMAL_CELL_DIFFERENTIATION,Mesodermal cell differentiation,6,24,806,0.0074,0.0016,4.589,0.0014823753780920984,0.024210001325823106,"ITGA8, ITGA3, KLF4, ITGA2, GJA1, TRIM15",True
C2_core,GO_BP,GOBP_ANGIOGENESIS_INVOLVED_IN_WOUND_HEALING,Angiogenesis involved in wound healing,6,24,806,0.0074,0.0016,4.589,0.0014823753780920984,0.024210001325823106,"MCAM, CD34, CXCR4, GATA2, SMOC2, SLC12A2",True
C2_core,GO_BP,GOBP_POSITIVE_REGULATION_OF_MONOATOMIC_ION_TRANSPORT,Positive regulation of monoatomic ion transport,19,164,806,0.0236,0.0111,2.126,0.0015253673100419933,0.024805222050425374,"P2RX1, ATP1B3, TSPO, THY1, TRPC1, HOMER1, GJC2, STC1, EDNRA, CASR, CCL2, FXYD2, FLNA, TESC, GPD1L, ADORA1, CACNA2D1, WNK2, ADRA2A",True
C2_core,GO_BP,GOBP_POSITIVE_REGULATION_OF_CELL_JUNCTION_ASSEMBLY,Positive regulation of cell junction assembly,13,93,806,0.0161,0.0063,2.566,0.0015439796481623834,0.02484494692892667,"NLGN2, COL16A1, SRPX2, EFNA5, ACVRL1, AMIGO2, CLSTN1, CLSTN2, ADGRB1, TPBG, CLDN5, THY1, EPHA2",True
C2_core,GO_BP,GOBP_REGULATION_OF_BMP_SIGNALING_PATHWAY,Regulation of bmp signaling pathway,12,82,806,0.0149,0.0055,2.686,0.0015489362360837692,0.02484494692892667,"CHRDL2, ACVRL1, ITGA3, BAMBI, FSTL1, FSTL3, GATA6, ELAPOR2, CCN1, GPC3, CRIM1, FZD1",True
C2_core,GO_BP,GOBP_MACROPHAGE_MIGRATION,Macrophage migration,9,51,806,0.0112,0.0034,3.239,0.0015620129029162164,0.02484494692892667,"THBS1, ROR2, CD9, CCL2, IL34, MMP14, MMP2, CNN2, MDK",True
C2_core,GO_BP,GOBP_PROTEIN_LOCALIZATION_TO_CELL_SURFACE,Protein localization to cell surface,10,61,806,0.0124,0.0041,3.009,0.0015671528941708826,0.02484494692892667,"TAX1BP3, NLGN2, VCL, FGF7, FLNA, JAM3, GPD1L, MAP1A, ANGPT1, RAB11FIP5",True
C2_core,GO_BP,GOBP_POSITIVE_REGULATION_OF_GLIOGENESIS,Positive regulation of gliogenesis,10,61,806,0.0124,0.0041,3.009,0.0015671528941708826,0.02484494692892667,"VEGFC, GJC2, CXCR4, IL34, TSPO, SPINT1, MDK, CLCF1, EGR2, LIF",True
C2_core,GO_BP,GOBP_REGULATION_OF_EXTRACELLULAR_MATRIX_ORGANIZATION,Regulation of extracellular matrix organization,10,61,806,0.0124,0.0041,3.009,0.0015671528941708826,0.02484494692892667,"DDR1, ZNF469, FAP, AEBP1, TNXB, HAS2, RGCC, SOX9, LAMC1, EFEMP2",True
C2_core,GO_BP,GOBP_REGULATION_OF_BODY_FLUID_LEVELS,Regulation of body fluid levels,31,323,806,0.0385,0.0218,1.762,0.0015867852115394653,0.02488892668086677,"P2RX1, PROCR, PRICKLE1, MYL12A, VWF, ITGA2, CYBA, PLAU, HYAL2, DDR1, ADRA2C, VCL, HAS2, STAT5A, VDR, PDGFA, F3, CD9, TSPAN8, FLNA, F13A1, GJA1, AQP1, MYL9, THBS1, ADORA1, FAP, THBD, MYH9, ADRA2A, PLAT",True
C2_core,GO_BP,GOBP_CARDIAC_CHAMBER_DEVELOPMENT,Cardiac chamber development,17,140,806,0.0211,0.0095,2.229,0.0015885926096883625,0.02488892668086677,"SMARCD3, FHL2, HAND2, TGFB2, PARVA, SLIT2, ADAMTS1, HEYL, JAG1, SOX4, PRDM1, GATA6, CCN1, EDNRA, TPM1, FOXC1, FZD1",True
C2_core,GO_BP,GOBP_NEGATIVE_REGULATION_OF_TRANSMEMBRANE_RECEPTOR_PROTEIN_SERINE_THREONINE_KINASE_SIGNALING_PATHWAY,Negative regulation of transmembrane receptor protein serine threonine kinase signaling pathway,16,128,806,0.0199,0.0087,2.294,0.0015896332163551751,0.02488892668086677,"SAP30, CHRDL2, SINHCAF, DKK3, BAMBI, RASL11B, FSTL3, PMEPA1, ASPN, SPRY1, GDF15, VEPH1, CRIM1, PIN1, TGFB3, FZD1",True
C2_core,GO_BP,GOBP_SENSORY_ORGAN_MORPHOGENESIS,Sensory organ morphogenesis,23,216,806,0.0285,0.0146,1.954,0.001633013546690473,0.025462914931729225,"ITGA8, FRZB, PROM1, SAMD11, SOX9, EPHA2, THY1, BCL2, MFAP2, HCN1, ATP8A2, EDNRA, JAG1, COL8A2, EFEMP1, DLL1, AQP1, MYO3A, PRDM1, SOX4, GATA2, USH1C, FJX1",True
C2_core,GO_BP,GOBP_REGULATION_OF_MIRNA_TRANSCRIPTION,Regulation of mirna transcription,11,72,806,0.0136,0.0049,2.804,0.001684231396173111,0.026125053879754622,"KLF5, TGFB2, MYC, KLF4, GATA6, EGR1, GATA2, FOS, SOX9, NOTCH3, NFATC4",True
C2_core,GO_BP,GOBP_REGULATION_OF_VASCULAR_PERMEABILITY,Regulation of vascular permeability,8,42,806,0.0099,0.0028,3.496,0.0016961634347900864,0.026125053879754622,"RAMP2, SH3GL2, SLIT2, PTP4A3, CLDN5, PDE3A, ANGPT1, PLVAP",True
C2_core,GO_BP,GOBP_REGULATION_OF_T_HELPER_CELL_DIFFERENTIATION,Regulation of t helper cell differentiation,8,42,806,0.0099,0.0028,3.496,0.0016961634347900864,0.026125053879754622,"SHB, BATF, JUNB, FOXP3, CCL19, ZC3H12A, NFKBID, ANXA1",True
C2_core,GO_BP,GOBP_HEAD_MORPHOGENESIS,Head morphogenesis,7,33,806,0.0087,0.0022,3.893,0.0017070969310942737,0.026187005149458313,"CRISPLD2, PRICKLE1, ARID5B, MMP2, RRAS, CLDN5, TGFB3",True
C2_core,GO_BP,GOBP_T_CELL_DIFFERENTIATION,T cell differentiation,28,285,806,0.0347,0.0193,1.803,0.0018580468719655127,0.02838765966886019,"CTLA4, NRARP, SOCS3, CCL19, WNT10B, ANXA1, BCL2, IL2RA, SOCS1, FZD7, SMARCD3, BATF, CLEC4D, FOXP3, EGR1, JAG2, KIT, NFKBID, SHB, ZMIZ1, VSIR, PRDM1, GLI2, SOX4, JUNB, MDK, ZC3H12A, EGR3",True
C2_core,GO_BP,GOBP_POSITIVE_REGULATION_OF_CYTOSKELETON_ORGANIZATION,Positive regulation of cytoskeleton organization,19,167,806,0.0236,0.0113,2.088,0.001885718209000316,0.028694724071896372,"CDC42EP1, GSN, RHOC, PPP1R35, MAP1B, BAIAP2L2, PYCARD, TPM1, TGFB3, NCK2, FLNA, LPAR1, CCL21, PLXNA3, RGCC, CCN2, STMN2, KIRREL1, NES",True
C2_core,GO_BP,GOBP_STRIATED_MUSCLE_CELL_DIFFERENTIATION,Striated muscle cell differentiation,25,245,806,0.031,0.0166,1.873,0.0019039252312786064,0.02885589080525856,"PRICKLE1, TMOD2, GDF15, WNT10B, BCL2, RGS4, FHL2, HOMER1, FLNC, ADGRB1, KRT19, LMNA, FZD7, TPM1, CD9, MMP14, BHLHE41, ADAMTS15, DLL1, ANKRD1, MYL9, KLF5, FHOD3, GATA6, MYH9",True
C2_core,GO_BP,GOBP_CELL_MIGRATION_INVOLVED_IN_SPROUTING_ANGIOGENESIS,Cell migration involved in sprouting angiogenesis,9,53,806,0.0112,0.0036,3.117,0.0020648003446800804,0.03116943627885587,"THBS1, SRPX2, PTGS2, SLIT2, CLEC14A, KLF4, GATA2, ANXA1, EGR3",True
C2_core,GO_BP,GOBP_REGULATION_OF_CD4_POSITIVE_ALPHA_BETA_T_CELL_ACTIVATION,Regulation of cd4 positive alpha beta t cell activation,11,74,806,0.0136,0.005,2.728,0.0021105710420740733,0.03162906042546489,"IL2RA, SHB, BATF, VSIR, SOCS1, JUNB, FOXP3, CCL19, ZC3H12A, NFKBID, ANXA1",True
C2_core,GO_BP,GOBP_TROPHOBLAST_GIANT_CELL_DIFFERENTIATION,Trophoblast giant cell differentiation,4,11,806,0.005,0.0007,6.674,0.002120290669851698,0.03162906042546489,"SNAI1, PRDM1, LIF, MDFI",True
C2_core,GO_BP,GOBP_PSEUDOPODIUM_ORGANIZATION,Pseudopodium organization,4,11,806,0.005,0.0007,6.674,0.002120290669851698,0.03162906042546489,"RAB25, KIT, CCL21, CDC42EP1",True
C2_core,GO_BP,GOBP_CELLULAR_RESPONSE_TO_FLUID_SHEAR_STRESS,Cellular response to fluid shear stress,5,18,806,0.0062,0.0012,5.099,0.002240866512567376,0.033037522241703456,"PTGS2, HAS2, KLF4, MMP2, KLF2",True
C2_core,GO_BP,GOBP_POSITIVE_REGULATION_OF_CELLULAR_EXTRAVASATION,Positive regulation of cellular extravasation,5,18,806,0.0062,0.0012,5.099,0.002240866512567376,0.033037522241703456,"PDGFD, JAM3, MDK, THY1, PLVAP",True
C2_core,GO_BP,GOBP_REGULATION_OF_FIBRINOLYSIS,Regulation of fibrinolysis,5,18,806,0.0062,0.0012,5.099,0.002240866512567376,0.033037522241703456,"THBS1, FAP, THBD, PLAU, PLAT",True
C2_core,GO_BP,GOBP_RESPONSE_TO_INTERLEUKIN_1,Response to interleukin 1,13,97,806,0.0161,0.0066,2.46,0.0022712879866114946,0.03335624101267812,"TNIP2, ANKRD1, ZC3H12A, IRAK3, CCL2, HAS2, EGR1, MMP2, SOX9, KLF2, PYCARD, CXCL8, HYAL2",True
C2_core,GO_BP,GOBP_COGNITION,Cognition,26,262,806,0.0323,0.0177,1.821,0.00231043366403842,0.03358965147641793,"ITGA8, CHST10, MGAT3, NPTX2, TMOD2, SYT11, PAK5, MAP1A, ADCY3, FOS, EGR2, BRSK1, NFATC4, BTG2, TUSC3, CLSTN2, KIT, CLDN5, MUSK, PTGS2, ITGA3, ADORA1, NEDD9, MDK, TPBG, TUBA1A",True
C2_core,GO_BP,GOBP_POSITIVE_REGULATION_OF_EXTRINSIC_APOPTOTIC_SIGNALING_PATHWAY,Positive regulation of extrinsic apoptotic signaling pathway,8,44,806,0.0099,0.003,3.337,0.002313776467496722,0.03358965147641793,"ITM2C, THBS1, PPP2R1A, TNFRSF12A, LTB, TNFSF12, PYCARD, HYAL2",True
C2_core,GO_BP,GOBP_REGULATION_OF_CELL_ADHESION_MEDIATED_BY_INTEGRIN,Regulation of cell adhesion mediated by integrin,8,44,806,0.0099,0.003,3.337,0.002313776467496722,0.03358965147641793,"CCL21, TGFB2, JAM3, PODXL, PLAU, TESC, LIF, EPHA2",True
C2_core,GO_BP,GOBP_NEGATIVE_REGULATION_OF_REPRODUCTIVE_PROCESS,Negative regulation of reproductive process,9,54,806,0.0112,0.0037,3.059,0.0023604724469057934,0.0338873963628337,"SNAI1, YBX3, MYH9, KIT, GJA1, LIF, SHB, PLAT, TIMP1",True
C2_core,GO_BP,GOBP_NEGATIVE_REGULATION_OF_CELL_SUBSTRATE_ADHESION,Negative regulation of cell substrate adhesion,9,54,806,0.0112,0.0037,3.059,0.0023604724469057934,0.0338873963628337,"THBS1, EFNA5, TACSTD2, ACVRL1, SEMA3E, DUSP22, MMP14, JAG1, FZD7",True
C2_core,GO_BP,GOBP_POSITIVE_REGULATION_OF_CELLULAR_COMPONENT_BIOGENESIS,Positive regulation of cellular component biogenesis,40,460,806,0.0496,0.0311,1.596,0.002361117086246529,0.0338873963628337,"EPS8L1, CDC42EP1, DPYSL3, TWF2, CLSTN1, TRABD2A, SOX9, EPHA2, CCL19, WNT10B, THY1, RHOC, PPP1R35, MAP1B, BAIAP2L2, KCTD17, EPS8L3, ADGRB1, PYCARD, TPM1, TGFB3, SRPX2, NCK2, FLNA, CLSTN2, LPAR1, KIT, CLDN5, NLGN2, EFNA5, CCL21, ACVRL1, AMIGO2, MYO3A, TPPP3, RGCC, CCN2, KIRREL1, COL16A1, TPBG",True
C2_core,GO_BP,GOBP_NEGATIVE_REGULATION_OF_LEUKOCYTE_CELL_CELL_ADHESION,Negative regulation of leukocyte cell cell adhesion,15,121,806,0.0186,0.0082,2.275,0.0023838226465363703,0.03408416606689173,"CTLA4, TNFRSF21, IL2RA, CCL21, NRARP, LRRC32, VSIR, SOCS1, DUSP22, KLF4, FOXP3, VTCN1, MDK, ZC3H12A, ANXA1",True
C2_core,GO_BP,GOBP_PROTEIN_POLYMERIZATION,Protein polymerization,26,263,806,0.0323,0.0178,1.815,0.0024354149448133316,0.03468699961210403,"HAUS7, TMSB10, CDC42EP1, GSN, TMOD2, TWF2, PIN1, ARPC3, SLIT2, KANK3, ESAM, MAP1B, BAIAP2L2, VILL, PYCARD, HDGFL3, CHMP4B, NCK2, CLIP3, CCL21, MYADM, TPPP3, STMN2, KIRREL1, PLEKHG2, TUBA1A",True
C2_core,GO_BP,GOBP_REGULATION_OF_CELLULAR_EXTRAVASATION,Regulation of cellular extravasation,7,35,806,0.0087,0.0024,3.671,0.002444293717717545,0.03468699961210403,"CCL21, PDGFD, CHST4, JAM3, MDK, THY1, PLVAP",True
C2_core,GO_BP,GOBP_REGULATION_OF_BLOOD_CIRCULATION,Regulation of blood circulation,22,210,806,0.0273,0.0142,1.923,0.0025015530819722425,0.03536710681937622,"P2RX1, SLC4A3, TGFB2, HSPB7, CACNA1C, RGS4, ADRA2C, TRPC1, STC1, MMP2, EDNRA, TPM1, CASR, FLNA, GJA1, GPD1L, HBEGF, PTGS2, ADORA1, CACNA2D1, ADRA2A, ZC3H12A",True
C2_core,GO_BP,GOBP_CALCIUM_ION_TRANSPORT,Calcium ion transport,32,348,806,0.0397,0.0235,1.688,0.002658519661899891,0.03744658363917727,"P2RX1, TSPO, CACNA1C, PLCH1, CCL19, CYBA, THY1, BCL2, RGS4, TRPC1, HOMER1, GJC2, STC1, REM1, TRPC4, VDR, EDNRA, RAMP2, CXCR4, TRPA1, CASR, CCL2, PLCB4, FLNA, RGS9, TRPV6, CCL21, PTGS2, CACNA2D1, NALF1, ADRA2A, CACNA1I",True
C2_core,GO_BP,GOBP_REGULATION_OF_CD4_POSITIVE_ALPHA_BETA_T_CELL_DIFFERENTIATION,Regulation of cd4 positive alpha beta t cell differentiation,9,55,806,0.0112,0.0037,3.004,0.0026887982544569478,0.03773280217087917,"SHB, BATF, SOCS1, JUNB, FOXP3, CCL19, ZC3H12A, NFKBID, ANXA1",True
C2_core,GO_BP,GOBP_RETINA_DEVELOPMENT_IN_CAMERA_TYPE_EYE,Retina development in camera type eye,16,135,806,0.0199,0.0091,2.175,0.0027602014707188366,0.03859189436366669,"SMARCD3, PROM1, TGFB2, ACVRL1, LPCAT1, PRDM1, USH1C, COL4A1, SAMD11, HCN1, ATP8A2, SOX9, DLL1, THY1, FJX1, LAMC3",True
C2_core,GO_BP,GOBP_PHAGOCYTOSIS,Phagocytosis,22,212,806,0.0273,0.0143,1.905,0.0028134160353903595,0.03919129911063997,"GSN, ITGA2, SYT11, CNN2, CYBA, ANXA1, IL15RA, CD93, ANXA3, SPHK1, ADGRB1, PYCARD, CCL2, PIP4P2, MST1R, RAB34, THBS1, PTX3, ADORA1, MFGE8, MYH9, GATA2",True
C2_core,GO_BP,GOBP_BRANCHING_INVOLVED_IN_BLOOD_VESSEL_MORPHOGENESIS,Branching involved in blood vessel morphogenesis,6,27,806,0.0074,0.0018,4.079,0.002835484108403691,0.03921039885672112,"NRARP, SEMA3E, COL4A1, MDK, EDNRA, NFATC4",True
C2_core,GO_BP,GOBP_VASCULAR_ASSOCIATED_SMOOTH_MUSCLE_CELL_DIFFERENTIATION,Vascular associated smooth muscle cell differentiation,6,27,806,0.0074,0.0018,4.079,0.002835484108403691,0.03921039885672112,"RAMP2, GATA6, KIT, EDNRA, EFEMP2, NFATC4",True
C2_core,GO_BP,GOBP_NEURON_FATE_COMMITMENT,Neuron fate commitment,7,36,806,0.0087,0.0024,3.569,0.0028941636233189147,0.03975527588981897,"BHLHE22, GLI2, JAG2, GATA2, SOX9, DLL1, NOTCH3",True
C2_core,GO_BP,GOBP_CELL_PROLIFERATION_INVOLVED_IN_KIDNEY_DEVELOPMENT,Cell proliferation involved in kidney development,5,19,806,0.0062,0.0013,4.83,0.002906363531665309,0.03975527588981897,"MYC, PDGFD, EGR1, GPC3, PDGFA",True
C2_core,GO_BP,GOBP_REGULATION_OF_BICELLULAR_TIGHT_JUNCTION_ASSEMBLY,Regulation of bicellular tight junction assembly,5,19,806,0.0062,0.0013,4.83,0.002906363531665309,0.03975527588981897,"ACVRL1, SNAI1, GPBAR1, EPHA2, CLDN5",True
C2_core,GO_BP,GOBP_CELL_SUBSTRATE_JUNCTION_ORGANIZATION,Cell substrate junction organization,13,100,806,0.0161,0.0068,2.386,0.0029842676662866275,0.040383536384142965,"THBS1, COL16A1, EFNA5, ACVRL1, CDH11, PRICKLE1, VCL, DUSP22, ITGA2, MMP14, LAMC1, THY1, BCL2",True
C2_core,GO_BP,GOBP_POSITIVE_REGULATION_OF_ENDOTHELIAL_CELL_MIGRATION,Positive regulation of endothelial cell migration,13,100,806,0.0161,0.0068,2.386,0.0029842676662866275,0.040383536384142965,"THBS1, SRPX2, VEGFC, PTGS2, ANXA3, STAT5A, GATA2, SPARC, SMOC2, RRAS, ZC3H12A, ANGPT1, ANXA1",True
C2_core,GO_BP,GOBP_ACTIN_MEDIATED_CELL_CONTRACTION,Actin mediated cell contraction,13,100,806,0.0161,0.0068,2.386,0.0029842676662866275,0.040383536384142965,"MYH4, SCN4A, STC1, GJA1, ADORA1, CACNA2D1, GSN, FLNA, CACNA1C, GPD1L, FRMD6, TPM1, PARVA",True
C2_core,GO_BP,GOBP_ACTIN_FILAMENT_BASED_MOVEMENT,Actin filament based movement,15,124,806,0.0186,0.0084,2.22,0.0030292207014063714,0.040436756359256795,"MYH4, SCN4A, STC1, GJA1, MYO7B, ADORA1, CACNA2D1, GSN, FLNA, MYH9, CACNA1C, GPD1L, FRMD6, TPM1, PARVA",True
C2_core,GO_BP,GOBP_PROTEIN_OXIDATION,Protein oxidation,4,12,806,0.005,0.0008,6.118,0.0030442919947450847,0.040436756359256795,"LOXL1, LOXL4, LOX, TRABD2A",True
C2_core,GO_BP,GOBP_VASCULAR_ASSOCIATED_SMOOTH_MUSCLE_CELL_DEVELOPMENT,Vascular associated smooth muscle cell development,4,12,806,0.005,0.0008,6.118,0.0030442919947450847,0.040436756359256795,"EDNRA, RAMP2, EFEMP2, NFATC4",True
C2_core,GO_BP,GOBP_REGULATION_OF_CELL_PROLIFERATION_INVOLVED_IN_KIDNEY_DEVELOPMENT,Regulation of cell proliferation involved in kidney development,4,12,806,0.005,0.0008,6.118,0.0030442919947450847,0.040436756359256795,"PDGFD, EGR1, PDGFA, MYC",True
C2_core,GO_BP,GOBP_NEGATIVE_REGULATION_OF_HORMONE_SECRETION,Negative regulation of hormone secretion,9,56,806,0.0112,0.0038,2.95,0.00305223339106557,0.040436756359256795,"MIDN, GNAZ, RAB11FIP1, ADORA1, TSPO, ADRA2A, GJA1, LIF, RAB11FIP5",True
C2_core,GO_BP,GOBP_CARDIAC_VENTRICLE_MORPHOGENESIS,Cardiac ventricle morphogenesis,9,56,806,0.0112,0.0038,2.95,0.00305223339106557,0.040436756359256795,"SMARCD3, HAND2, TGFB2, HEYL, JAG1, SOX4, EDNRA, TPM1, FOXC1",True
C2_core,GO_BP,GOBP_FACE_DEVELOPMENT,Face development,8,46,806,0.0099,0.0031,3.192,0.0030951231017052943,0.04072021330681028,"CRISPLD2, PRICKLE1, ARID5B, CLDN5, MMP2, RRAS, EDNRA, TGFB3",True
C2_core,GO_BP,GOBP_BODY_MORPHOGENESIS,Body morphogenesis,8,46,806,0.0099,0.0031,3.192,0.0030951231017052943,0.04072021330681028,"CRISPLD2, PRICKLE1, ARID5B, MMP2, RRAS, CLDN5, GPC3, TGFB3",True
C2_core,GO_BP,GOBP_ESTABLISHMENT_OR_MAINTENANCE_OF_CELL_POLARITY,Establishment or maintenance of cell polarity,22,214,806,0.0273,0.0145,1.887,0.0031574191894034624,0.04125331485741282,"SFRP5, PRICKLE1, GSN, CCL19, KIF26B, GPSM1, MAP1B, AMOTL2, DLG3, PKHD1, CYTH3, LMNA, BRSK1, EZR, SPINT2, JAM3, SPRY1, GJA1, AQP1, PARVA, CCL21, MYH9",True
C2_core,GO_BP,GOBP_EMBRYONIC_ORGAN_MORPHOGENESIS,Embryonic organ morphogenesis,22,214,806,0.0273,0.0145,1.887,0.0031574191894034624,0.04125331485741282,"ITGA8, FRZB, HAND2, GLI1, SOX9, EPHA2, SOX18, MFAP2, PPP1R35, MDFI, ATP8A2, EDNRA, TGFB3, TEAD2, MMP14, EFEMP1, GJA1, DLL1, MYO3A, GATA2, VANGL2, USH1C",True
C2_core,GO_BP,GOBP_TIGHT_JUNCTION_ORGANIZATION,Tight junction organization,10,67,806,0.0124,0.0045,2.74,0.003213781569608421,0.04184542394242717,"RAMP2, ACVRL1, SNAI1, GPBAR1, ESAM, CLDN10, POF1B, EPHA2, CLDN5, TGFB3",True
C2_core,GO_BP,GOBP_CELL_MORPHOGENESIS_INVOLVED_IN_NEURON_DIFFERENTIATION,Cell morphogenesis involved in neuron differentiation,42,498,806,0.0521,0.0337,1.548,0.0032605479791453437,0.042308959907471605,"CNTN4, ATL1, SEMA7A, ARHGEF25, CDH11, EPHB6, PRICKLE1, UCHL1, TWF2, DBN1, OLFM1, S100A6, THY1, MAP1A, BCL2, GDI1, SLIT2, EPHA6, KIF5C, VCL, LYPLA2, MAP1B, ATP8A2, ADGRB1, BOC, SEMA3G, EDNRA, EGR2, BRSK1, NFATC4, SEMA3E, NDN, APLP1, PRDM8, NOTCH3, EFNA5, DCDC2, GLI2, PLXNA3, VANGL2, TPBG, USH1C",True
C2_core,GO_BP,GOBP_REGULATION_OF_FAT_CELL_DIFFERENTIATION,Regulation of fat cell differentiation,14,113,806,0.0174,0.0076,2.274,0.003298087278893935,0.04265000921409256,"KLF5, FRZB, PTGS2, CCDC3, ZC3H12A, ZFP36, METRNL, JAG1, ID4, WWTR1, GATA2, MMP11, TGFB1I1, WNT10B",True
C2_core,GO_BP,GOBP_GLIAL_CELL_DIFFERENTIATION,Glial cell differentiation,22,215,806,0.0273,0.0145,1.878,0.0033422586041716718,0.04307421037825328,"CDKN2C, IL34, SOX9, VCAN, HAPLN3, TRPC4, EGR2, LIF, LAMC3, CXCR4, ID4, VIM, LPAR1, DLL1, PRDM8, ROR2, TNFRSF21, SOX4, SPINT1, MDK, CLCF1, TUBA1A",True
C2_core,GO_BP,GOBP_NEGATIVE_REGULATION_OF_INTRACELLULAR_SIGNAL_TRANSDUCTION,Negative regulation of intracellular signal transduction,42,499,806,0.0521,0.0337,1.545,0.0033798384968960165,0.0431834907174549,"PPP1R15A, SFRP5, TGFB2, SNAI1, GSTP1, CARD19, PPP2R1A, YBX3, PMEPA1, UCHL1, STMN3, LOX, GDF15, PDE3A, PIN1, BCL2, HYAL2, FHL2, MYC, SLIT2, KCTD10, PKHD1, PYCARD, LIF, EZR, IRAK3, NCK2, CAVIN3, DACT1, SPRY1, LPAR1, GPD1L, ZC3H12A, THBS1, PTGS2, ITGA3, MYADM, WNK2, PLK3, VEPH1, TRIM15, FZD1",True
C2_core,GO_BP,GOBP_FAT_CELL_DIFFERENTIATION,Fat cell differentiation,21,202,806,0.0261,0.0137,1.908,0.0033936380745376435,0.0431834907174549,"FRZB, WNT10B, SOCS1, ZFP36, MMP11, JAG1, EGR2, SLC39A13, METRNL, ID4, KLF4, ARID5B, CLIP3, GRK5, KLF5, PTGS2, CCDC3, WWTR1, GATA2, TGFB1I1, ZC3H12A",True
C2_core,GO_BP,GOBP_POSITIVE_REGULATION_OF_GLIAL_CELL_DIFFERENTIATION,Positive regulation of glial cell differentiation,7,37,806,0.0087,0.0025,3.473,0.0034047802932435207,0.0431834907174549,"CXCR4, SPINT1, IL34, MDK, CLCF1, EGR2, LIF",True
C2_core,GO_BP,GOBP_RESPONSE_TO_RETINOIC_ACID,Response to retinoic acid,12,90,806,0.0149,0.0061,2.447,0.0034449641702889652,0.0431834907174549,"FZD7, HAND2, KLF4, GATA6, TWF2, MMP2, SOX9, IGFBP7, TESC, WNT10B, AQP1, TEAD2",True
C2_core,GO_BP,GOBP_MOLTING_CYCLE,Molting cycle,12,90,806,0.0149,0.0061,2.447,0.0034449641702889652,0.0431834907174549,"PTGS2, TGFB2, SNAI1, GLI2, FGF7, EPS8L3, SOX9, FOXQ1, WNT10B, SOX18, BCL2, PDGFA",True
C2_core,GO_BP,GOBP_METANEPHRIC_NEPHRON_DEVELOPMENT,Metanephric nephron development,6,28,806,0.0074,0.0019,3.933,0.003445159524879942,0.0431834907174549,"CD34, KIF26B, EGR1, SOX9, LIF, AQP1",True
C2_core,GO_BP,GOBP_CAMERA_TYPE_EYE_PHOTORECEPTOR_CELL_DIFFERENTIATION,Camera type eye photoreceptor cell differentiation,6,28,806,0.0074,0.0019,3.933,0.003445159524879942,0.0431834907174549,"PROM1, USH1C, SAMD11, HCN1, SOX9, THY1",True
C2_core,GO_BP,GOBP_CELLULAR_RESPONSE_TO_RETINOIC_ACID,Cellular response to retinoic acid,9,57,806,0.0112,0.0039,2.898,0.0034533116092343185,0.0431834907174549,"WNT10B, HAND2, KLF4, TWF2, SOX9, TESC, FZD7, AQP1, TEAD2",True
C2_core,GO_BP,GOBP_RESPONSE_TO_ESTROGEN,Response to estrogen,9,57,806,0.0112,0.0039,2.898,0.0034533116092343185,0.0431834907174549,"ARPC1B, SERPINB9, CITED4, MMP14, GATA6, MMP2, KRT19, TNFRSF11B, TGFB3",True
C2_core,GO_BP,GOBP_RENAL_SYSTEM_PROCESS,Renal system process,13,102,806,0.0161,0.0069,2.339,0.0035538113730656184,0.04428758378671649,"AQP1, MCAM, SLC5A1, STC1, CD34, ITGA3, ADORA1, HAS2, GSN, KIRREL1, EDNRA, BCL2, HYAL2",True
C2_core,GO_BP,GOBP_REGULATION_OF_NOTCH_SIGNALING_PATHWAY,Regulation of notch signaling pathway,11,79,806,0.0136,0.0053,2.556,0.0035678533882406906,0.04428758378671649,"ZMIZ1, TGFB2, ACVRL1, NRARP, TSPAN15, DLL1, MMP14, GATA2, JAG2, KIT, JAG1",True
C2_core,GO_BP,GOBP_RESPONSE_TO_ORGANOPHOSPHORUS,Response to organophosphorus,14,114,806,0.0174,0.0077,2.254,0.003576669474461664,0.04428758378671649,"P2RX1, CIB2, PTGS2, STC1, FOSB, EZR, THBD, GATA6, HCN1, LPAR1, PDE3A, WNT10B, AQP1, FOS",True
C2_core,GO_BP,GOBP_REGULATION_OF_COAGULATION,Regulation of coagulation,10,68,806,0.0124,0.0046,2.699,0.003588417222833457,0.04428831549614322,"THBS1, F3, CD9, PROCR, FAP, TSPAN8, THBD, PLAU, PLAT, PDGFA",True
C2_core,GO_BP,GOBP_NEGATIVE_REGULATION_OF_AMINE_TRANSPORT,Negative regulation of amine transport,5,20,806,0.0062,0.0014,4.589,0.0037036267084396583,0.045267876123476984,"ADRA2C, ADORA1, SYT11, ADRA2A, RGS4",True
C2_core,GO_BP,GOBP_NEGATIVE_REGULATION_OF_MYOBLAST_DIFFERENTIATION,Negative regulation of myoblast differentiation,5,20,806,0.0062,0.0014,4.589,0.0037036267084396583,0.045267876123476984,"PRICKLE1, SOX4, ID3, SOX9, DLL1",True
C2_core,GO_BP,GOBP_REGULATION_OF_ANTIGEN_PROCESSING_AND_PRESENTATION,Regulation of antigen processing and presentation,5,20,806,0.0062,0.0014,4.589,0.0037036267084396583,0.045267876123476984,"THBS1, CCL21, CCL19, PYCARD, HLA-DOB",True
C2_core,GO_BP,GOBP_RESPONSE_TO_TUMOR_NECROSIS_FACTOR,Response to tumor necrosis factor,21,204,806,0.0261,0.0138,1.889,0.00381085045364761,0.046428657134632775,"GSTP1, YBX3, TUBA1A, KLF2, HYAL2, ZFP36, HAS2, SPHK1, PYCARD, CCL2, EDA2R, ANKRD1, PLVAP, CXCL8, THBS1, TNFRSF21, PTGS2, CCDC3, ZC3H12A, TNFRSF11B, FOS",True
C2_core,GO_BP,GOBP_SKIN_EPIDERMIS_DEVELOPMENT,Skin epidermis development,13,103,806,0.0161,0.007,2.317,0.003869967489031239,0.04684695146995076,"TGFB2, SNAI1, GLI2, FGF7, KLF4, GATA6, SOX9, FOXQ1, DLL1, WNT10B, SOX18, BCL2, PDGFA",True
C2_core,GO_BP,GOBP_POSITIVE_REGULATION_OF_MIRNA_METABOLIC_PROCESS,Positive regulation of mirna metabolic process,9,58,806,0.0112,0.0039,2.848,0.003894639670898519,0.04684695146995076,"KLF5, TGFB2, MYC, KLF4, EGR1, GATA2, ZC3H12A, NOTCH3, FOS",True
C2_core,GO_BP,GOBP_REGULATION_OF_CARTILAGE_DEVELOPMENT,Regulation of cartilage development,9,58,806,0.0112,0.0039,2.848,0.003894639670898519,0.04684695146995076,"FRZB, ACVRL1, PKDCC, MBOAT2, CCN2, MDK, SOX9, CCN1, EFEMP1",True
C2_core,GO_BP,GOBP_MUSCLE_ORGAN_MORPHOGENESIS,Muscle organ morphogenesis,9,58,806,0.0112,0.0039,2.848,0.003894639670898519,0.04684695146995076,"TGFB2, FOXC1, ARID5B, EDNRA, LIF, ANKRD1, TPM1, EFEMP2, FZD1",True
C2_core,GO_BP,GOBP_SKELETAL_MUSCLE_ORGAN_DEVELOPMENT,Skeletal muscle organ development,16,140,806,0.0199,0.0095,2.098,0.003974681803128461,0.047586353309014076,"EGR2, SAP30, MSC, KLF5, HOMER1, BTG2, HEYL, MAFF, YBX3, EGR1, GPCPD1, DLL1, WNT10B, ANKRD1, BCL2, FOS",True
C2_core,GO_BP,GOBP_EPIBOLY,Epiboly,7,38,806,0.0087,0.0026,3.381,0.003981228292150293,0.047586353309014076,"DDR1, ITGB5, HBEGF, ACVRL1, FLNA, RHOC, CCN1",True
C2_core,GO_BP,GOBP_REGULATION_OF_GRANULOCYTE_CHEMOTAXIS,Regulation of granulocyte chemotaxis,8,48,806,0.0099,0.0032,3.059,0.0040675560215557875,0.04846531372853736,"THBS1, CCL21, SLIT2, IL34, JAM3, MDK, CCL19, CXCL8",True
C2_core,GO_BP,GOBP_GRANULOCYTE_MIGRATION,Granulocyte migration,14,116,806,0.0174,0.0078,2.215,0.004191437212832853,0.049227194247400796,"CXCL8, THBS1, CXCL6, CCL21, TGFB2, CXCL5, SLIT2, CCL2, IL34, JAM3, CXCL1, MDK, CCL19, ANXA1",True
C2_core,GO_BP,GOBP_ODONTOGENESIS,Odontogenesis,13,104,806,0.0161,0.007,2.294,0.004208498430130781,0.049227194247400796,"HAND2, WLS, TGFB2, CD34, GLI2, FOXC1, ID3, ASPN, GATA6, JAG2, TNFRSF11B, AQP1, TGFB3",True
C2_core,GO_BP,GOBP_ADHERENS_JUNCTION_ASSEMBLY,Adherens junction assembly,4,13,806,0.005,0.0009,5.648,0.004209451289563963,0.049227194247400796,"RAMP2, JAM3, ZNF703, VCL",True
C2_core,GO_BP,GOBP_BRANCHING_INVOLVED_IN_LABYRINTHINE_LAYER_MORPHOGENESIS,Branching involved in labyrinthine layer morphogenesis,4,13,806,0.005,0.0009,5.648,0.004209451289563963,0.049227194247400796,"SPINT2, ST14, SPINT1, SOCS3",True
C2_core,GO_BP,GOBP_NEGATIVE_REGULATION_OF_FIBRINOLYSIS,Negative regulation of fibrinolysis,4,13,806,0.005,0.0009,5.648,0.004209451289563963,0.049227194247400796,"PLAU, THBD, THBS1, PLAT",True
C2_core,GO_BP,GOBP_GLOMERULAR_MESANGIUM_DEVELOPMENT,Glomerular mesangium development,4,13,806,0.005,0.0009,5.648,0.004209451289563963,0.049227194247400796,"PDGFD, CD34, EGR1, PDGFA",True
C2_core,GO_BP,GOBP_SKELETAL_MUSCLE_CELL_DIFFERENTIATION,Skeletal muscle cell differentiation,9,59,806,0.0112,0.004,2.8,0.004378891798191081,0.050744468397228695,"SAP30, KLF5, BTG2, HEYL, MAFF, EGR1, EGR2, ANKRD1, FOS",False
C2_core,GO_BP,GOBP_REGULATION_OF_GLIAL_CELL_DIFFERENTIATION,Regulation of glial cell differentiation,9,59,806,0.0112,0.004,2.8,0.004378891798191081,0.050744468397228695,"TNFRSF21, CXCR4, IL34, SPINT1, ID4, MDK, CLCF1, EGR2, LIF",False
C2_core,GO_BP,GOBP_MUSCLE_CELL_PROLIFERATION,Muscle cell proliferation,19,180,806,0.0236,0.0122,1.937,0.004385609547108636,0.050744468397228695,"TGFB2, PDGFD, ADAMTS1, ITGA2, GLI1, EFEMP2, MMP2, TPM1, FOXC1, TGFB3, KLF4, GJA1, NOTCH3, THBS1, HBEGF, PTGS2, GATA6, ANGPT1, FOS",False
C2_core,GO_BP,GOBP_POSITIVE_REGULATION_OF_EPITHELIAL_CELL_PROLIFERATION,Positive regulation of epithelial cell proliferation,18,167,806,0.0223,0.0113,1.978,0.004392764749087097,0.050744468397228695,"FZD7, F3, ZNF703, VEGFC, NRARP, MYC, ACVRL1, LAMC1, FGF7, HAS2, STAT5A, GATA2, TNFSF12, GPBAR1, SOX9, MDK, PKHD1, EGR3",False
C2_core,GO_BP,GOBP_SMAD_PROTEIN_SIGNAL_TRANSDUCTION,Smad protein signal transduction,10,70,806,0.0124,0.0047,2.622,0.004441179956405678,0.051147814148392444,"ZMIZ1, TGFB2, ACVRL1, PMEPA1, WWTR1, GDF15, VEPH1, PIN1, TGFB3, FOS",False
C2_core,GO_BP,GOBP_MYELOID_LEUKOCYTE_DIFFERENTIATION,Myeloid leukocyte differentiation,21,207,806,0.0261,0.014,1.862,0.004516248698378611,0.05162567267623109,"BATF3, IL34, EPHA2, CCL19, MYC, SOCS1, FSTL3, STAT5A, LIF, BATF, KIT, TESC, GPC3, ITGB8, ROR2, JUNB, NEDD9, MYH9, GATA2, TNFRSF11B, FOS",False
C2_core,GO_BP,GOBP_REGULATION_OF_MAP_KINASE_ACTIVITY,Regulation of map kinase activity,14,117,806,0.0174,0.0079,2.196,0.004529495169665372,0.05162567267623109,"THBS1, DIRAS2, PDGFD, GSTP1, IRAK3, IL34, UCHL1, SPRY1, ADRA2A, KIT, CCL19, MST1R, HYAL2, PDGFA",False
C2_core,GO_BP,GOBP_CARDIAC_VENTRICLE_DEVELOPMENT,Cardiac ventricle development,13,105,806,0.0161,0.0071,2.273,0.004570527248019224,0.05162567267623109,"SMARCD3, HAND2, TGFB2, SLIT2, HEYL, JAG1, PRDM1, SOX4, CCN1, EDNRA, TPM1, FOXC1, FZD1",False
C2_core,GO_BP,GOBP_NEGATIVE_REGULATION_OF_CYTOKINE_PRODUCTION,Negative regulation of cytokine production,24,248,806,0.0298,0.0168,1.776,0.004587856145014166,0.05162567267623109,"TGFB2, GSTP1, TSPO, SYT11, EPHA2, KLF2, ANXA1, LRRC32, ZFP36, PYCARD, TGFB3, EZR, CD34, IRAK3, KLF4, FOXP3, DLL1, THBS1, TNFRSF21, VSIR, GATA6, RGCC, ZC3H12A, ANGPT1",False
C2_core,GO_BP,GOBP_OVULATION_CYCLE_PROCESS,Ovulation cycle process,7,39,806,0.0087,0.0026,3.294,0.004628694618111321,0.05162567267623109,"A2M, TGFB2, ADAMTS1, SLIT2, PTX3, MMP2, TGFB3",False
C2_core,GO_BP,GOBP_EPITHELIAL_CELL_DIFFERENTIATION_INVOLVED_IN_KIDNEY_DEVELOPMENT,Epithelial cell differentiation involved in kidney development,7,39,806,0.0087,0.0026,3.294,0.004628694618111321,0.05162567267623109,"PROM1, CD34, WWTR1, PODXL, JAG1, LIF, EDNRA",False
C2_core,GO_BP,GOBP_POSITIVE_REGULATION_OF_NOTCH_SIGNALING_PATHWAY,Positive regulation of notch signaling pathway,7,39,806,0.0087,0.0026,3.294,0.004628694618111321,0.05162567267623109,"ZMIZ1, TGFB2, ACVRL1, DLL1, JAG2, KIT, JAG1",False
C2_core,GO_BP,GOBP_HIPPO_SIGNALING,Hippo signaling,8,49,806,0.0099,0.0033,2.997,0.0046343926034851345,0.05162567267623109,"LATS2, NUAK2, PPP2R1A, WWTR1, AMOTL2, FRMD6, TEAD4, TEAD2",False
C2_core,GO_BP,GOBP_POSITIVE_REGULATION_OF_FIBROBLAST_PROLIFERATION,Positive regulation of fibroblast proliferation,8,49,806,0.0099,0.0033,2.997,0.0046343926034851345,0.05162567267623109,"ZMIZ1, MYC, PDGFD, SPHK1, S100A6, LIF, AQP1, PDGFA",False
C2_core,GO_BP,GOBP_BLOOD_VESSEL_ENDOTHELIAL_CELL_PROLIFERATION_INVOLVED_IN_SPROUTING_ANGIOGENESIS,Blood vessel endothelial cell proliferation involved in sprouting angiogenesis,5,21,806,0.0062,0.0014,4.37,0.004646174289415361,0.05162567267623109,"THBS1, ACVRL1, NRARP, GATA2, EPHA2",False
C2_core,GO_BP,GOBP_RESPONSE_TO_GONADOTROPIN,Response to gonadotropin,5,21,806,0.0062,0.0014,4.37,0.004646174289415361,0.05162567267623109,"PAPPA, EFNA5, ITGA3, GATA6, EDNRA",False
C2_core,GO_BP,GOBP_LABYRINTHINE_LAYER_MORPHOGENESIS,Labyrinthine layer morphogenesis,5,21,806,0.0062,0.0014,4.37,0.004646174289415361,0.05162567267623109,"SPINT2, SPINT1, SOCS3, CCN1, ST14",False
C2_core,GO_BP,GOBP_POSITIVE_REGULATION_OF_LEUKOCYTE_MIGRATION,Positive regulation of leukocyte migration,15,130,806,0.0186,0.0088,2.118,0.0047529741484682204,0.052657950434345284,"THBS1, CCL21, VEGFC, THY1, PDGFD, IL34, NEDD9, ITGA2, JAM3, MMP14, MDK, CCL19, PYCARD, CXCL8, PLVAP",False
C2_core,GO_BP,GOBP_FOCAL_ADHESION_ASSEMBLY,Focal adhesion assembly,11,82,806,0.0136,0.0055,2.462,0.004771078388471653,0.05270441986565333,"THBS1, COL16A1, EFNA5, ACVRL1, CDH11, VCL, DUSP22, ITGA2, MMP14, THY1, BCL2",False
C2_core,GO_BP,GOBP_CALCIUM_ION_HOMEOSTASIS,Calcium ion homeostasis,25,263,806,0.031,0.0178,1.745,0.004867098235353987,0.053608823295803076,"P2RX1, CACNA1C, PLCH1, CCL19, THY1, CYBA, BCL2, TRPC1, STC1, TRPC4, KCTD17, VDR, PKHD1, EDNRA, CIB2, TRPA1, ATP13A4, CASR, TMTC2, SV2A, FLNA, PLCB4, TRPV6, CCL21, ADORA1",False
C2_core,GO_BP,GOBP_NEGATIVE_REGULATION_OF_EPITHELIAL_CELL_MIGRATION,Negative regulation of epithelial cell migration,9,60,806,0.0112,0.0041,2.753,0.004908803723062537,0.05382444532237969,"THBS1, TACSTD2, ADAMTS9, STC1, ACVRL1, SLIT2, KLF4, RGCC, ADGRB1",False
C2_core,GO_BP,GOBP_NEGATIVE_REGULATION_OF_PROTEIN_POLYMERIZATION,Negative regulation of protein polymerization,10,71,806,0.0124,0.0048,2.585,0.004923489612475746,0.05382444532237969,"SLIT2, KANK3, MYADM, TMSB10, GSN, TMOD2, TWF2, STMN2, VILL, CLIP3",False
C2_core,GO_BP,GOBP_POSITIVE_REGULATION_OF_CANONICAL_WNT_SIGNALING_PATHWAY,Positive regulation of canonical wnt signaling pathway,12,94,806,0.0149,0.0064,2.343,0.0049292907170403145,0.05382444532237969,"DKK2, GPC3, WLS, NRARP, BAMBI, SOX4, GPRC5B, WNK2, DACT1, CSNK1E, WNT10B, PIN1",False
C2_core,GO_BP,GOBP_MICROVILLUS_ORGANIZATION,Microvillus organization,6,30,806,0.0074,0.002,3.671,0.0049494527416656916,0.053889300109687656,"KLF5, EZR, TWF2, FXYD5, PODXL, USH1C",False
C2_core,GO_BP,GOBP_POSITIVE_REGULATION_OF_EPITHELIAL_CELL_DIFFERENTIATION,Positive regulation of epithelial cell differentiation,8,50,806,0.0099,0.0034,2.937,0.005259911860376507,0.05710546142970368,"PROM1, ACVRL1, BTG1, SOX9, VDR, WNT10B, LIF, FOXC1",False
C2_core,GO_BP,GOBP_REGULATION_OF_PEPTIDYL_TYROSINE_PHOSPHORYLATION,Regulation of peptidyl tyrosine phosphorylation,18,170,806,0.0223,0.0115,1.943,0.005292207225671912,0.057137420657236135,"ENPP2, EFNA5, HBEGF, PDGFD, SOCS1, FGF7, IL34, SOCS3, DUSP22, GPRC5B, NEDD9, KIT, DLG3, CLCF1, LIF, ANGPT1, HYAL2, PDGFA",False
C2_core,GO_BP,GOBP_TISSUE_REMODELING,Tissue remodeling,17,157,806,0.0211,0.0106,1.987,0.005293015215278407,0.057137420657236135,"LIF, HAND2, ACVRL1, GJA1, JAG1, ELF3, MMP14, FLNA, MMP2, EPHA2, MDK, VDR, IL20RA, EDNRA, TNFRSF11B, FOXC1, TIMP1",False
C2_core,GO_BP,GOBP_NEGATIVE_REGULATION_OF_T_CELL_DIFFERENTIATION,Negative regulation of t cell differentiation,7,40,806,0.0087,0.0027,3.212,0.005352446323767081,0.05728931955015105,"CTLA4, NRARP, SOCS1, FOXP3, MDK, ZC3H12A, ANXA1",False
C2_core,GO_BP,GOBP_REGULATION_OF_NEUROBLAST_PROLIFERATION,Regulation of neuroblast proliferation,7,40,806,0.0087,0.0027,3.212,0.005352446323767081,0.05728931955015105,"SMARCD3, BTG2, VEGFC, VCAN, ID4, HAPLN3, GATA2",False
C2_core,GO_BP,GOBP_MESENCHYMAL_CELL_PROLIFERATION,Mesenchymal cell proliferation,7,40,806,0.0087,0.0027,3.212,0.005352446323767081,0.05728931955015105,"HAND2, GPC3, MYC, FGF7, SOX9, LMNA, PDGFA",False
C2_core,GO_BP,GOBP_BONE_MINERALIZATION,Bone mineralization,13,107,806,0.0161,0.0072,2.23,0.005369700277736119,0.057312096767161,"WNT10B, ROR2, PTGS2, GJA1, PRICKLE1, PKDCC, MGP, ASPN, LOX, SOX9, CCN1, VDR, GPC3",False
C2_core,GO_BP,GOBP_LEARNING,Learning,15,132,806,0.0186,0.0089,2.086,0.00547905763781202,0.058075065259110464,"ADCY3, CHST10, BTG2, PTGS2, NPTX2, KIT, SYT11, CLSTN2, CLDN5, TPBG, FOS, PAK5, MAP1A, BRSK1, TUBA1A",False
C2_core,GO_BP,GOBP_REGULATION_OF_MUSCLE_CONTRACTION,Regulation of muscle contraction,15,132,806,0.0186,0.0089,2.086,0.00547905763781202,0.058075065259110464,"P2RX1, MYL9, ADRA2C, PTGS2, SCN4A, STC1, ADORA1, REM1, ITGA2, SPHK1, CACNA1C, ADRA2A, KIT, ZC3H12A, TPM1",False
C2_core,GO_BP,GOBP_CARDIAC_SEPTUM_MORPHOGENESIS,Cardiac septum morphogenesis,9,61,806,0.0112,0.0041,2.708,0.005487166366524556,0.058075065259110464,"TGFB2, SLIT2, HEYL, SOX4, GATA6, CCN1, JAG1, PARVA, FZD1",False
C2_core,GO_BP,GOBP_HEART_PROCESS,Heart process,21,211,806,0.0261,0.0143,1.827,0.005622156901682443,0.05933802924923336,"SLC4A3, TGFB2, HSPB7, GSN, CACNA1C, RGS4, TRPC1, SCN4A, STC1, EDNRA, TPM1, CXCR4, FLNA, GJA1, GPD1L, HBEGF, ADORA1, CACNA2D1, GATA6, WWTR1, ZC3H12A",False
C2_core,GO_BP,GOBP_NEGATIVE_REGULATION_OF_TRANSFORMING_GROWTH_FACTOR_BETA_RECEPTOR_SIGNALING_PATHWAY,Negative regulation of transforming growth factor beta receptor signaling pathway,11,84,806,0.0136,0.0057,2.404,0.005737597319723683,0.05973851689859375,"SAP30, SINHCAF, BAMBI, RASL11B, PMEPA1, ASPN, SPRY1, GDF15, VEPH1, PIN1, TGFB3",False
C2_core,GO_BP,GOBP_REGULATION_OF_NON_CANONICAL_WNT_SIGNALING_PATHWAY,Regulation of non canonical wnt signaling pathway,5,22,806,0.0062,0.0015,4.172,0.005747367526796922,0.05973851689859375,"SFRP5, MLLT3, DACT1, CSNK1E, GPC3",False
C2_core,GO_BP,GOBP_POSITIVE_REGULATION_OF_COLLAGEN_METABOLIC_PROCESS,Positive regulation of collagen metabolic process,5,22,806,0.0062,0.0015,4.172,0.005747367526796922,0.05973851689859375,"VSIR, ITGA2, RGCC, VIM, TGFB3",False
C2_core,GO_BP,GOBP_REGULATION_OF_T_HELPER_17_CELL_DIFFERENTIATION,Regulation of t helper 17 cell differentiation,5,22,806,0.0062,0.0015,4.172,0.005747367526796922,0.05973851689859375,"BATF, JUNB, FOXP3, ZC3H12A, NFKBID",False
C2_core,GO_BP,GOBP_POSITIVE_REGULATION_OF_PROTEIN_MATURATION,Positive regulation of protein maturation,5,22,806,0.0062,0.0015,4.172,0.005747367526796922,0.05973851689859375,"SOX4, GSN, MYH9, MMP14, NKD2",False
C2_core,GO_BP,GOBP_CELL_GROWTH,Cell growth,36,425,806,0.0447,0.0287,1.555,0.005770353083010194,0.05973851689859375,"CDKN2C, FRZB, SEMA7A, TGFB2, PRICKLE1, SERTAD3, TWF2, CLSTN1, OLFM1, SOX9, PAK5, BCL2, RGS4, HYAL2, DDR1, GDI1, CPNE5, SLIT2, VCL, CRYAB, MAP1B, SPHK1, SEMA3G, IGFBP7, PAPPA2, EDNRA, SH3GL2, CXCR4, NDN, MMP14, GJA1, HBEGF, EFNA5, ACVRL1, BTG1, PLXNA3",False
C2_core,GO_BP,GOBP_CELL_CELL_ADHESION_VIA_PLASMA_MEMBRANE_ADHESION_MOLECULES,Cell cell adhesion via plasma membrane adhesion molecules,20,198,806,0.0248,0.0134,1.854,0.005770466398755691,0.05973851689859375,"CNTN4, TGFB2, CDH11, CLDN10, CDH6, CLSTN1, ESAM, CDH24, LRFN4, IGSF21, KLF4, CLSTN2, FXYD5, CLDN5, EFNA5, SCARF2, AMIGO2, ITGA3, MYADM, PCDH17",False
C2_core,GO_BP,GOBP_RESPONSE_TO_FLUID_SHEAR_STRESS,Response to fluid shear stress,6,31,806,0.0074,0.0021,3.553,0.005860035341407322,0.06050047386537423,"PTGS2, HAS2, KLF4, MMP2, KLF2, TGFB3",False
C2_core,GO_BP,GOBP_GLAND_DEVELOPMENT,Gland development,32,367,806,0.0397,0.0248,1.6,0.005906133518046412,0.060582168846843,"FRZB, HAND2, WLS, TGFB2, DKK3, LBH, TSPO, ITGA2, GLI1, EPHA2, SOX9, BCL2, DDR1, STAT5A, MMP2, VDR, EDNRA, TGFB3, FOXC1, PDGFA, EZR, CRIP1, ELF3, ID4, ARID5B, GJA1, ZNF703, GLI2, FGF7, GATA6, GATA2, MDK",False
C2_core,GO_BP,GOBP_MESENCHYME_MORPHOGENESIS,Mesenchyme morphogenesis,8,51,806,0.0099,0.0034,2.879,0.005947893061764475,0.060582168846843,"TGFB2, MYC, SNAI1, ACVRL1, HEYL, SOX9, TGFB3, FOXC1",False
C2_core,GO_BP,GOBP_ENDOTHELIAL_CELL_APOPTOTIC_PROCESS,Endothelial cell apoptotic process,8,51,806,0.0099,0.0034,2.879,0.005947893061764475,0.060582168846843,"TNIP2, RAMP2, THBS1, ECSCR, CCL2, RGCC, GATA2, ANGPT1",False
C2_core,GO_BP,GOBP_MATERNAL_PROCESS_INVOLVED_IN_FEMALE_PREGNANCY,Maternal process involved in female pregnancy,8,51,806,0.0099,0.0034,2.879,0.005947893061764475,0.060582168846843,"PTGS2, STC1, PRDM1, ITGA3, JUNB, TPPP3, VDR, LIF",False
C2_core,GO_BP,GOBP_NEGATIVE_REGULATION_OF_EPITHELIAL_CELL_APOPTOTIC_PROCESS,Negative regulation of epithelial cell apoptotic process,8,51,806,0.0099,0.0034,2.879,0.005947893061764475,0.060582168846843,"TNIP2, RAMP2, HAND2, GATA2, MDK, PKHD1, ANGPT1, BCL2",False
C2_core,GO_BP,GOBP_NEURON_PROJECTION_EXTENSION,Neuron projection extension,16,146,806,0.0199,0.0099,2.011,0.0059775994308071964,0.06058654632129708,"DDR1, GDI1, SEMA7A, CPNE5, SLIT2, CXCR4, SH3GL2, PRICKLE1, VCL, NDN, MAP1B, PLXNA3, TWF2, OLFM1, SEMA3G, EDNRA",False
C2_core,GO_BP,GOBP_NEGATIVE_REGULATION_OF_PHOSPHORUS_METABOLIC_PROCESS,Negative regulation of phosphorus metabolic process,29,324,806,0.036,0.0219,1.643,0.0059803030678714985,0.06058654632129708,"CDKN2C, PPP1R15A, GSTP1, TSPO, SOCS3, UCHL1, THY1, HYAL2, DBNDD1, LATS2, SLIT2, SOCS1, DUSP22, PYCARD, PDGFA, SH3GL2, IRAK3, NCK2, IER3, CDKN1C, SPRY1, GPD1L, MIDN, LPCAT1, MYADM, WWTR1, KIRREL1, ZC3H12A, ANGPT1",False
C2_core,GO_BP,GOBP_REGULATION_OF_ALPHA_BETA_T_CELL_DIFFERENTIATION,Regulation of alpha beta t cell differentiation,10,73,806,0.0124,0.0049,2.514,0.006010764551303149,0.060732765026367014,"SHB, BATF, PRDM1, SOCS1, JUNB, FOXP3, CCL19, ZC3H12A, NFKBID, ANXA1",False
C2_core,GO_BP,GOBP_REGULATION_OF_NEURON_PROJECTION_DEVELOPMENT,Regulation of neuron projection development,34,397,806,0.0422,0.0268,1.572,0.0060882419964378535,0.06135199182048678,"SEMA7A, DPYSL3, TWF2, MARK1, DBN1, CRMP1, THY1, DDR1, ITM2C, IL15RA, ALKAL1, GDI1, SLIT2, MAP1B, ATP8A2, SEMA3G, GFI1, BRSK1, NFATC4, DGUOK, KLF4, FLNA, VIM, LPAR1, PMP22, MUSK, ROR2, EFNA5, ITGA3, PLXNA3, ALKAL2, STMN2, MDK, FZD1",False
C2_core,GO_BP,GOBP_POSITIVE_REGULATION_OF_APOPTOTIC_SIGNALING_PATHWAY,Positive regulation of apoptotic signaling pathway,14,121,806,0.0174,0.0082,2.124,0.006109082078556379,0.06139870555875363,"ITM2C, THBS1, MYC, MCL1, NCK2, PPP2R1A, TNFRSF12A, LTB, IL20RA, MMP2, TNFSF12, PYCARD, HYAL2, NFATC4",False
C2_core,GO_BP,GOBP_EYE_PHOTORECEPTOR_CELL_DIFFERENTIATION,Eye photoreceptor cell differentiation,7,41,806,0.0087,0.0028,3.134,0.0061578075859114205,0.061724690325445426,"PROM1, PRDM1, USH1C, SAMD11, HCN1, SOX9, THY1",False
C2_core,GO_BP,GOBP_NEGATIVE_REGULATION_OF_IMMUNE_SYSTEM_PROCESS,Negative regulation of immune system process,37,442,806,0.0459,0.0299,1.536,0.006244558377053506,0.062354951494641105,"CTLA4, TGFB2, NRARP, SYT11, VTCN1, CNN2, SOX9, GDF15, THY1, ANXA1, IL2RA, MYC, LRRC32, SLIT2, SOCS1, FSTL3, DUSP22, TGFB3, EZR, IRAK3, CCL2, FOXP3, DLL1, THBS1, A2M, TNFRSF21, CCL21, SERPINB9, VSIR, ADORA1, RPS19, GATA2, MDK, ZC3H12A, ANGPT1, TNFRSF11B, HLA-DOB",False
C2_core,GO_BP,GOBP_NEGATIVE_REGULATION_OF_CELL_DEVELOPMENT,Negative regulation of cell development,21,213,806,0.0261,0.0144,1.81,0.006253597669032362,0.062354951494641105,"CTLA4, FRZB, NRARP, TSPO, THY1, ANXA1, GDI1, MYC, SOCS1, FSTL3, SEMA3G, NFATC4, BTG2, ID4, FOXP3, SHB, PLXNA3, GATA2, MDK, ZC3H12A, TNFRSF11B",False
C2_core,GO_BP,GOBP_MIRNA_METABOLIC_PROCESS,Mirna metabolic process,12,97,806,0.0149,0.0066,2.271,0.006346308671787325,0.06311329017690859,"KLF5, TGFB2, MYC, KLF4, GATA6, EGR1, GATA2, FOS, SOX9, ZC3H12A, NOTCH3, NFATC4",False
C2_core,GO_BP,GOBP_RESPONSE_TO_KETONE,Response to ketone,19,187,806,0.0236,0.0126,1.865,0.006599160205954891,0.06498399824714608,"TGFB2, TSPO, KLF2, CCL19, ADCY3, PAPPA, FOSB, SLIT2, CA9, IGFBP7, TGFB3, KLF4, FOXP3, AQP1, THBS1, A2M, EFNA5, CCL21, FOS",False
C2_core,GO_BP,GOBP_NEUTROPHIL_CHEMOTAXIS,Neutrophil chemotaxis,10,74,806,0.0124,0.005,2.48,0.006620169787120186,0.06498399824714608,"CXCL8, CXCL6, CXCL5, TGFB2, CCL21, SLIT2, JAM3, MDK, CCL19, CXCL1",False
C2_core,GO_BP,GOBP_ASSOCIATIVE_LEARNING,Associative learning,10,74,806,0.0124,0.005,2.48,0.006620169787120186,0.06498399824714608,"ADCY3, BTG2, NPTX2, TUBA1A, CLSTN2, KIT, TPBG, MAP1A, BRSK1, FOS",False
C2_core,GO_BP,GOBP_VASCULOGENESIS,Vasculogenesis,10,74,806,0.0124,0.005,2.48,0.006620169787120186,0.06498399824714608,"ZMIZ1, RAMP2, CD34, HAS2, JUNB, RRAS, EPHA2, SOX18, ITGB8, TEAD2",False
C2_core,GO_BP,GOBP_REGULATION_OF_STEM_CELL_DIFFERENTIATION,Regulation of stem cell differentiation,10,74,806,0.0124,0.005,2.48,0.006620169787120186,0.06498399824714608,"TACSTD2, TGFB2, PRICKLE1, ZFP36, FZD1, LBH, SOX9, JAG1, FOXC1, TEAD2",False
C2_core,GO_BP,GOBP_POSITIVE_REGULATION_OF_BLOOD_VESSEL_ENDOTHELIAL_CELL_MIGRATION,Positive regulation of blood vessel endothelial cell migration,8,52,806,0.0099,0.0035,2.824,0.006702162870118998,0.0656188504260488,"THBS1, SRPX2, VEGFC, PTGS2, STAT5A, GATA2, ANGPT1, ANXA1",False
C2_core,GO_BP,GOBP_SENSORY_PERCEPTION_OF_PAIN,Sensory perception of pain,9,63,806,0.0112,0.0043,2.622,0.006800643182767036,0.06609322576581958,"LXN, CXCR4, TRPA1, NDN, CCL2, ADORA1, ITGA2, NLGN2, AQP1",False
C2_core,GO_BP,GOBP_ESTABLISHMENT_OF_CELL_POLARITY,Establishment of cell polarity,16,148,806,0.0199,0.01,1.984,0.006802944853172245,0.06609322576581958,"CCL21, EZR, PRICKLE1, KIF26B, GSN, MAP1B, GPSM1, JAM3, SPRY1, AMOTL2, CYTH3, MYH9, CCL19, GJA1, PKHD1, BRSK1",False
C2_core,GO_BP,GOBP_NEGATIVE_REGULATION_OF_SUPRAMOLECULAR_FIBER_ORGANIZATION,Negative regulation of supramolecular fiber organization,16,148,806,0.0199,0.01,1.984,0.006802944853172245,0.06609322576581958,"PFDN1, TACSTD2, SLIT2, KANK3, MYADM, TMSB10, CRYAB, GSN, TMOD2, RHPN1, MAP1B, TWF2, STMN2, VILL, CLIP3, HDGFL3",False
C2_core,GO_BP,GOBP_REGULATION_OF_GLIOGENESIS,Regulation of gliogenesis,11,86,806,0.0136,0.0058,2.348,0.006851970173058505,0.06622957257659712,"EGR2, VEGFC, GJC2, CXCR4, SPINT1, TSPO, ID4, IL34, MDK, CLCF1, LIF",False
C2_core,GO_BP,GOBP_ENDOCRINE_SYSTEM_DEVELOPMENT,Endocrine system development,12,98,806,0.0149,0.0066,2.248,0.0068841973969281985,0.06622957257659712,"DKK3, GLI2, DLL1, SOX4, TSPO, GATA6, GLI1, ARID5B, GATA2, SOX9, MDK, EDNRA",False
C2_core,GO_BP,GOBP_NEGATIVE_REGULATION_OF_CELL_MATRIX_ADHESION,Negative regulation of cell matrix adhesion,6,32,806,0.0074,0.0022,3.442,0.006886896699704214,0.06622957257659712,"THBS1, ACVRL1, SEMA3E, DUSP22, MMP14, JAG1",False
C2_core,GO_BP,GOBP_REGULATION_OF_NEUTROPHIL_CHEMOTAXIS,Regulation of neutrophil chemotaxis,6,32,806,0.0074,0.0022,3.442,0.006886896699704214,0.06622957257659712,"CCL21, SLIT2, JAM3, MDK, CCL19, CXCL8",False
C2_core,GO_BP,GOBP_HEMOSTASIS,Hemostasis,21,215,806,0.0261,0.0145,1.793,0.006942099967665038,0.06659143487970336,"P2RX1, PROCR, MYL12A, VWF, ITGA2, PLAU, ADRA2C, VCL, PDGFA, F3, CD9, TSPAN8, FLNA, F13A1, MYL9, THBS1, FAP, THBD, MYH9, ADRA2A, PLAT",False
C2_core,GO_BP,GOBP_REGULATION_OF_CHONDROCYTE_DIFFERENTIATION,Regulation of chondrocyte differentiation,7,42,806,0.0087,0.0028,3.059,0.007050136416135694,0.06728707022855956,"ACVRL1, PKDCC, MBOAT2, CCN2, MDK, EFEMP1, SOX9",False
C2_core,GO_BP,GOBP_EXOCRINE_SYSTEM_DEVELOPMENT,Exocrine system development,7,42,806,0.0087,0.0028,3.059,0.007050136416135694,0.06728707022855956,"TGFB2, WLS, FGF7, SOX9, TGFB3, FOXC1, PDGFA",False
C2_core,GO_BP,GOBP_PEPTIDYL_TYROSINE_MODIFICATION,Peptidyl tyrosine modification,21,216,806,0.0261,0.0146,1.784,0.0073089009853313305,0.06958147194326736,"ENPP2, PDGFD, IL34, SOCS3, HYAL2, DDR1, SOCS1, PKDCC, DUSP22, GPRC5B, DLG3, LIF, PDGFA, KIT, EFEMP1, EFNA5, HBEGF, FGF7, NEDD9, CLCF1, ANGPT1",False
C2_core,GO_BP,GOBP_COLLAGEN_ACTIVATED_SIGNALING_PATHWAY,Collagen activated signaling pathway,4,15,806,0.005,0.001,4.895,0.007366248565232257,0.06995166870592738,"DDR1, ITGA2, COL4A2, COL4A1",False
C2_core,GO_BP,GOBP_POSITIVE_REGULATION_OF_MIRNA_TRANSCRIPTION,Positive regulation of mirna transcription,8,53,806,0.0099,0.0036,2.771,0.007526582874641467,0.07111776187535292,"KLF5, TGFB2, MYC, KLF4, EGR1, GATA2, NOTCH3, FOS",False
C2_core,GO_BP,GOBP_CALCIUM_ION_REGULATED_EXOCYTOSIS,Calcium ion regulated exocytosis,8,53,806,0.0099,0.0036,2.771,0.007526582874641467,0.07111776187535292,"SYT8, DOC2B, SYT13, MYH9, SYT11, ADRA2A, TRPV6, STX1A",False
C2_core,GO_BP,GOBP_REGULATION_OF_MUSCLE_SYSTEM_PROCESS,Regulation of muscle system process,19,190,806,0.0236,0.0128,1.835,0.007792132043214392,0.07344375201925207,"P2RX1, HAND2, ITGA2, CACNA1C, RGS4, ADRA2C, SCN4A, STC1, REM1, SPHK1, LMNA, TPM1, LMCD1, KIT, MYL9, PTGS2, ADORA1, ADRA2A, ZC3H12A",False
C2_core,GO_BP,GOBP_REGULATION_OF_OSTEOBLAST_DIFFERENTIATION,Regulation of osteoblast differentiation,13,112,806,0.0161,0.0076,2.13,0.0078622105400952,0.07392038644273129,"HAND2, VEGFC, JUND, BAMBI, ID3, GLI1, WWTR1, SOX9, CCN1, JAG1, WNT10B, CRIM1, FZD1",False
C2_core,GO_BP,GOBP_KIDNEY_MORPHOGENESIS,Kidney morphogenesis,10,76,806,0.0124,0.0051,2.415,0.007981864901600966,0.0744641638150339,"TACSTD2, GPC3, MYC, SOX4, KIF26B, GCNT4, WWTR1, SOX9, LIF, BCL2",False
C2_core,GO_BP,GOBP_ENDOCRINE_HORMONE_SECRETION,Endocrine hormone secretion,7,43,806,0.0087,0.0029,2.988,0.008034801198050398,0.0744641638150339,"AQP1, RAB11FIP1, SELENOM, TSPO, TRPV6, GJA1, RAB11FIP5",False
C2_core,GO_BP,GOBP_SKELETAL_MUSCLE_TISSUE_REGENERATION,Skeletal muscle tissue regeneration,6,33,806,0.0074,0.0022,3.337,0.008037963314950875,0.0744641638150339,"WNT10B, KLF5, CD9, GJA1, FZD7, ANXA1",False
C2_core,GO_BP,GOBP_CALCIUM_ION_IMPORT_ACROSS_PLASMA_MEMBRANE,Calcium ion import across plasma membrane,6,33,806,0.0074,0.0022,3.337,0.008037963314950875,0.0744641638150339,"P2RX1, CACNA2D1, NALF1, CACNA1C, CACNA1I, TRPV6",False
C2_core,GO_BP,GOBP_REGULATION_OF_MUSCLE_TISSUE_DEVELOPMENT,Regulation of muscle tissue development,6,33,806,0.0074,0.0022,3.337,0.008037963314950875,0.0744641638150339,"DLL1, YBX3, LOX, GJA1, WNT10B, BCL2",False
C2_core,GO_BP,GOBP_T_HELPER_17_CELL_DIFFERENTIATION,T helper 17 cell differentiation,6,33,806,0.0074,0.0022,3.337,0.008037963314950875,0.0744641638150339,"BATF, SOCS3, JUNB, FOXP3, ZC3H12A, NFKBID",False
C2_core,GO_BP,GOBP_NEGATIVE_REGULATION_OF_LIPID_METABOLIC_PROCESS,Negative regulation of lipid metabolic process,11,88,806,0.0136,0.0059,2.294,0.008128762135129471,0.07512165787806235,"LPCAT1, CCDC3, SNAI1, DKK3, CH25H, ADORA1, SPHK1, ADRA2A, SOX9, GFI1, PDGFA",False
C2_core,GO_BP,GOBP_NEGATIVE_REGULATION_OF_WOUND_HEALING,Negative regulation of wound healing,9,65,806,0.0112,0.0044,2.541,0.00834249305032215,0.07690926074859034,"THBS1, CD9, FAP, TSPAN8, THBD, PLAU, PLAT, SLC12A2, PDGFA",False
C2_core,GO_BP,GOBP_POSITIVE_REGULATION_OF_SYNAPSE_ASSEMBLY,Positive regulation of synapse assembly,8,54,806,0.0099,0.0037,2.719,0.00842503686207376,0.07703060417387396,"EFNA5, SRPX2, AMIGO2, CLSTN1, CLSTN2, ADGRB1, TPBG, NLGN2",False
C2_core,GO_BP,GOBP_GLIAL_CELL_MIGRATION,Glial cell migration,8,54,806,0.0099,0.0037,2.719,0.00842503686207376,0.07703060417387396,"ZMIZ1, TGFB2, CD9, NDN, CCL2, TSPO, MMP14, RRAS",False
C2_core,GO_BP,GOBP_SYNAPTIC_MEMBRANE_ADHESION,Synaptic membrane adhesion,5,24,806,0.0062,0.0016,3.824,0.008477635772104893,0.07703060417387396,"EFNA5, ITGA3, CDH6, LRFN4, PCDH17",False
C2_core,GO_BP,GOBP_DETECTION_OF_STIMULUS_INVOLVED_IN_SENSORY_PERCEPTION_OF_PAIN,Detection of stimulus involved in sensory perception of pain,5,24,806,0.0062,0.0016,3.824,0.008477635772104893,0.07703060417387396,"LXN, CXCR4, TRPA1, ADORA1, ITGA2",False
C2_core,GO_BP,GOBP_EMBRYONIC_PLACENTA_MORPHOGENESIS,Embryonic placenta morphogenesis,5,24,806,0.0062,0.0016,3.824,0.008477635772104893,0.07703060417387396,"SPINT2, SPINT1, SOCS3, CCN1, ST14",False
C2_core,GO_BP,GOBP_SENSORY_PERCEPTION_OF_TEMPERATURE_STIMULUS,Sensory perception of temperature stimulus,5,24,806,0.0062,0.0016,3.824,0.008477635772104893,0.07703060417387396,"LXN, CXCR4, TRPA1, ADORA1, ADRA2A",False
C2_core,GO_BP,GOBP_REGULATION_OF_SYSTEM_PROCESS,Regulation of system process,37,451,806,0.0459,0.0305,1.506,0.008529963549982658,0.07732065045666099,"P2RX1, SLC4A3, HAND2, TGFB2, HSPB7, TSPO, ITGA2, CACNA1C, RGS4, ADRA2C, TRPC1, SCN4A, STC1, REM1, SPHK1, MMP2, EDNRA, LMNA, EGR2, TPM1, CASR, FLNA, LMCD1, KIT, GPD1L, GJA1, ZC3H12A, STX1A, AQP1, MYL9, HBEGF, TNFRSF21, PTGS2, ADORA1, CACNA2D1, ADRA2A, NLGN2",False
C2_core,GO_BP,GOBP_REGULATION_OF_PROTEIN_SERINE_THREONINE_KINASE_ACTIVITY,Regulation of protein serine threonine kinase activity,22,233,806,0.0273,0.0157,1.733,0.008559953459108193,0.07740731182950106,"CDKN2C, PDGFD, GSTP1, IL34, UCHL1, SERTAD1, CCL19, THY1, HYAL2, LATS2, CCND3, PYCARD, PDGFA, IRAK3, CDKN1C, SPRY1, KIT, MST1R, THBS1, DIRAS2, RGCC, ADRA2A",False
C2_core,GO_BP,GOBP_CELL_RECOGNITION,Cell recognition,14,126,806,0.0174,0.0085,2.039,0.008673029123424653,0.07787229229539339,"CRTAC1, CNTN4, TNFRSF21, CCL21, CD9, VCAN, PTX3, CXCR4, NDN, NCK2, NEDD9, ALDOA, ADGRB1, CCL19",False
C2_core,GO_BP,GOBP_REGULATION_OF_CELL_SHAPE,Regulation of cell shape,14,126,806,0.0174,0.0085,2.039,0.008673029123424653,0.07787229229539339,"FBLIM1, EZR, SEMA3E, BAMBI, CCL2, CDC42EP1, ALDOA, PLXNA3, MYH9, LPAR1, KIT, ANXA1, TPM1, PARVA",False
C2_core,GO_BP,GOBP_POSITIVE_REGULATION_OF_WNT_SIGNALING_PATHWAY,Positive regulation of wnt signaling pathway,14,126,806,0.0174,0.0085,2.039,0.008673029123424653,0.07787229229539339,"DKK2, GPC3, WLS, NRARP, BAMBI, SOX4, MLLT3, GPRC5B, WNK2, DACT1, CSNK1E, WNT10B, PIN1, TMEM132A",False
C2_core,GO_BP,GOBP_POSITIVE_REGULATION_OF_TRANSMEMBRANE_RECEPTOR_PROTEIN_SERINE_THREONINE_KINASE_SIGNALING_PATHWAY,Positive regulation of transmembrane receptor protein serine threonine kinase signaling pathway,11,89,806,0.0136,0.006,2.269,0.008832723388761595,0.07900238012366007,"THBS1, ITGA8, TGFB2, ACVRL1, CDKN1C, GATA6, ELAPOR2, CCN1, TGFB1I1, GPC3, TGFB3",False
C2_core,GO_BP,GOBP_DEVELOPMENTAL_GROWTH_INVOLVED_IN_MORPHOGENESIS,Developmental growth involved in morphogenesis,20,206,806,0.0248,0.0139,1.782,0.008840593605814693,0.07900238012366007,"SEMA7A, PRICKLE1, TWF2, OLFM1, SOX9, DDR1, GDI1, CPNE5, SLIT2, VCL, KIF26B, MAP1B, SEMA3G, EDNRA, SH3GL2, CXCR4, NDN, SPRY1, EFNA5, PLXNA3",False
C2_core,GO_BP,GOBP_NEGATIVE_CHEMOTAXIS,Negative chemotaxis,7,44,806,0.0087,0.003,2.92,0.00911715722815515,0.08079608241693863,"EFNA5, SEMA7A, SEMA3E, SLIT2, PLXNA3, SEMA3G, PDGFA",False
C2_core,GO_BP,GOBP_WNT_SIGNALING_PATHWAY_PLANAR_CELL_POLARITY_PATHWAY,Wnt signaling pathway planar cell polarity pathway,7,44,806,0.0087,0.003,2.92,0.00911715722815515,0.08079608241693863,"GPC3, PRICKLE1, MLLT3, DACT1, VANGL2, FZD7, FZD1",False
C2_core,GO_BP,GOBP_SEMI_LUNAR_VALVE_DEVELOPMENT,Semi lunar valve development,7,44,806,0.0087,0.003,2.92,0.00911715722815515,0.08079608241693863,"TGFB2, SNAI1, SLIT2, CDH11, HEYL, SOX9, JAG1",False
C2_core,GO_BP,GOBP_RESPONSE_TO_METAL_ION,Response to metal ion,26,291,806,0.0323,0.0197,1.64,0.009126609468052186,0.08079608241693863,"JUND, CYBRD1, TSPO, BCL2, SLC12A2, TRPC1, HOMER1, GDI1, CPNE5, CPNE7, FOSB, FOS, NFATC4, CRIP1, ENTPD6, CASR, KIT, TRPV6, AQP1, THBS1, SOD3, PTGS2, JUNB, ALOX5AP, TNFRSF11B, TUBA1A",False
C2_core,GO_BP,GOBP_REGULATION_OF_CELL_DIVISION,Regulation of cell division,16,153,806,0.0199,0.0103,1.919,0.00927184755894674,0.0815406573528751,"VEGFC, MYC, PDGFD, TGFB2, FGF7, MLLT3, MACC1, LBH, SUSD2, MDK, PLK3, DLL1, MAP9, PIN1, TGFB3, PDGFA",False
C2_core,GO_BP,GOBP_CARDIOCYTE_DIFFERENTIATION,Cardiocyte differentiation,14,127,806,0.0174,0.0086,2.023,0.009275276674343936,0.0815406573528751,"FZD7, FHL2, HAND2, TGFB2, FHOD3, PRICKLE1, JAG1, DLL1, GATA6, SPRY1, EDNRA, LMNA, SOX18, RGS4",False
C2_core,GO_BP,GOBP_NEGATIVE_REGULATION_OF_PROTEIN_CONTAINING_COMPLEX_ASSEMBLY,Negative regulation of protein containing complex assembly,14,127,806,0.0174,0.0086,2.023,0.009275276674343936,0.0815406573528751,"SLIT2, KANK3, MYADM, TMSB10, CRYAB, GSN, TMOD2, DACT1, JAM3, TWF2, STMN2, VILL, SOX9, CLIP3",False
C2_core,GO_BP,GOBP_MACROPHAGE_CYTOKINE_PRODUCTION,Macrophage cytokine production,6,34,806,0.0074,0.0023,3.239,0.009321053295087072,0.0815426765715493,"SEMA7A, TGFB2, IRAK3, GPRC5B, PYCARD, TGFB3",False
C2_core,GO_BP,GOBP_POSITIVE_REGULATION_OF_PLASMA_MEMBRANE_BOUNDED_CELL_PROJECTION_ASSEMBLY,Positive regulation of plasma membrane bounded cell projection assembly,12,102,806,0.0149,0.0069,2.159,0.00940389406294843,0.0815426765715493,"CCL21, PPP1R35, EPS8L1, MYO3A, CDC42EP1, DPYSL3, TWF2, EPS8L3, KCTD17, KIT, CCL19, TGFB3",False
C2_core,GO_BP,GOBP_NEGATIVE_REGULATION_OF_CELL_SUBSTRATE_JUNCTION_ORGANIZATION,Negative regulation of cell substrate junction organization,4,16,806,0.005,0.0011,4.589,0.009404631739711546,0.0815426765715493,"DUSP22, THBS1, MMP14, ACVRL1",False
C2_core,GO_BP,GOBP_EPITHELIAL_TO_MESENCHYMAL_TRANSITION_INVOLVED_IN_ENDOCARDIAL_CUSHION_FORMATION,Epithelial to mesenchymal transition involved in endocardial cushion formation,4,16,806,0.005,0.0011,4.589,0.009404631739711546,0.0815426765715493,"SNAI1, HEYL, TGFB3, TGFB2",False
C2_core,GO_BP,GOBP_ESTABLISHMENT_OF_LYMPHOCYTE_POLARITY,Establishment of lymphocyte polarity,4,16,806,0.005,0.0011,4.589,0.009404631739711546,0.0815426765715493,"GSN, CCL19, MYH9, CCL21",False
C2_core,GO_BP,GOBP_N_ACETYLGLUCOSAMINE_METABOLIC_PROCESS,N acetylglucosamine metabolic process,4,16,806,0.005,0.0011,4.589,0.009404631739711546,0.0815426765715493,"CHST1, CHST4, CHST3, MGAT3",False
C2_core,GO_BP,GOBP_REGULATION_OF_KINASE_ACTIVITY,Regulation of kinase activity,37,455,806,0.0459,0.0308,1.493,0.009748915586198476,0.08433479716005941,"CDKN2C, TGFB2, PDGFD, GSTP1, IL34, UCHL1, SERTAD1, EPHA2, CCL19, CCN1, THY1, HYAL2, DDR1, DBNDD1, LATS2, ADRA2C, DUSP22, GPRC5B, DLG3, CCND3, PYCARD, PDGFA, IRAK3, CDKN1C, SPRY1, KIT, MST1R, MIDN, MUSK, THBS1, ROR2, DIRAS2, NEDD9, RGCC, WWTR1, ADRA2A, ANGPT1",False
C2_core,GO_BP,GOBP_RESPONSE_TO_PURINE_CONTAINING_COMPOUND,Response to purine containing compound,14,128,806,0.0174,0.0087,2.008,0.009909972456176423,0.08551689087887715,"P2RX1, CIB2, PTGS2, STC1, FOSB, EZR, ADORA1, THBD, GATA6, HCN1, PDE3A, WNT10B, AQP1, FOS",False
C2_core,GO_BP,GOBP_POSITIVE_REGULATION_OF_ENDOCYTOSIS,Positive regulation of endocytosis,15,141,806,0.0186,0.0095,1.953,0.009930702556533636,0.08551689087887715,"IL15RA, SGIP1, CD63, GPC3, CCL21, PTX3, CLIP3, CCL2, DLL1, ITGA2, GATA2, CCL19, CYBA, PYCARD, ANGPT1",False
C2_core,GO_BP,GOBP_MYELOID_CELL_DIFFERENTIATION,Myeloid cell differentiation,32,381,806,0.0397,0.0258,1.542,0.010024679219595435,0.08613040717244241,"BATF3, IL34, LOX, EPHA2, CCL19, KLF2, MFAP2, MYC, SOCS1, ZFP36, FSTL3, STAT5A, JAG1, LIF, TPM4, BATF, FLNA, KIT, TESC, DLL1, GPC3, ITGB8, ROR2, CLEC5A, RPS19, JUNB, NEDD9, MYH9, GATA2, SLC1A5, TNFRSF11B, FOS",False
C2_core,GO_BP,GOBP_REGULATION_OF_POSITIVE_CHEMOTAXIS,Regulation of positive chemotaxis,5,25,806,0.0062,0.0017,3.671,0.01013160991638325,0.08665613989430279,"F3, VEGFC, CASR, ITGA2, CXCL8",False
C2_core,GO_BP,GOBP_FIBRINOLYSIS,Fibrinolysis,5,25,806,0.0062,0.0017,3.671,0.01013160991638325,0.08665613989430279,"THBS1, FAP, THBD, PLAU, PLAT",False
C2_core,GO_BP,GOBP_NEGATIVE_REGULATION_OF_FAT_CELL_DIFFERENTIATION,Negative regulation of fat cell differentiation,7,45,806,0.0087,0.003,2.855,0.010302523427876149,0.08772193543420836,"TGFB1I1, ID4, WWTR1, GATA2, MMP11, JAG1, WNT10B",False
C2_core,GO_BP,GOBP_SEMAPHORIN_PLEXIN_SIGNALING_PATHWAY,Semaphorin plexin signaling pathway,7,45,806,0.0087,0.003,2.855,0.010302523427876149,0.08772193543420836,"HAND2, SEMA7A, SEMA3E, PLXNA3, FLNA, SEMA3G, EDNRA",False
C2_core,GO_BP,GOBP_REGULATION_OF_PHAGOCYTOSIS,Regulation of phagocytosis,11,91,806,0.0136,0.0062,2.219,0.010381255538183708,0.08819411935914366,"IL15RA, PTX3, CCL2, PIP4P2, ITGA2, SPHK1, SYT11, GATA2, CNN2, CYBA, PYCARD",False
C2_core,GO_BP,GOBP_MOLTING_CYCLE_PROCESS,Molting cycle process,10,79,806,0.0124,0.0053,2.323,0.010416412844090237,0.08829172302719362,"TGFB2, SNAI1, GLI2, FGF7, SOX9, FOXQ1, WNT10B, SOX18, BCL2, PDGFA",False
C2_core,GO_BP,GOBP_ACTIN_FILAMENT_BUNDLE_ORGANIZATION,Actin filament bundle organization,16,155,806,0.0199,0.0105,1.895,0.010439348618681114,0.08829172302719362,"ITGB5, TACSTD2, EZR, NEDD9, RHPN1, DPYSL3, BAIAP2L2, CCN2, RHOC, FLNA, AIF1L, LPAR1, USH1C, RGCC, TPM1, TGFB3",False
C2_core,GO_BP,GOBP_REGULATION_OF_MONOATOMIC_ION_TRANSPORT,Regulation of monoatomic ion transport,31,368,806,0.0385,0.0249,1.546,0.010707337459313874,0.09035657379363089,"P2RX1, ATP1B3, CLDN10, TSPO, CACNA1C, CYBA, THY1, BCL2, RGS4, CD63, TRPC1, HOMER1, GJC2, STC1, REM1, EDNRA, KCNJ16, CXCR4, CASR, CCL2, FXYD2, FLNA, RGS9, FXYD5, TESC, GPD1L, PTGS2, ADORA1, CACNA2D1, WNK2, ADRA2A",False
C2_core,GO_BP,GOBP_REGULATION_OF_CELL_GROWTH,Regulation of cell growth,30,354,806,0.0372,0.0239,1.555,0.011018855165350632,0.09277876049225232,"CDKN2C, FRZB, SEMA7A, TGFB2, SERTAD3, TWF2, CLSTN1, OLFM1, PAK5, BCL2, RGS4, HYAL2, DDR1, GDI1, CPNE5, SLIT2, CRYAB, MAP1B, SPHK1, SEMA3G, IGFBP7, PAPPA2, CXCR4, MMP14, GJA1, HBEGF, EFNA5, ACVRL1, BTG1, PLXNA3",False
C2_core,GO_BP,GOBP_REGULATION_OF_CALCIUM_ION_TRANSPORT,Regulation of calcium ion transport,19,197,806,0.0236,0.0133,1.77,0.011260537266719363,0.0946034937995558,"P2RX1, TSPO, CACNA1C, CYBA, THY1, BCL2, RGS4, TRPC1, HOMER1, GJC2, STC1, REM1, CXCR4, CASR, CCL2, RGS9, PTGS2, CACNA2D1, ADRA2A",False
C2_core,GO_BP,GOBP_MYELOID_LEUKOCYTE_CYTOKINE_PRODUCTION,Myeloid leukocyte cytokine production,7,46,806,0.0087,0.0031,2.793,0.011596159383855529,0.09596567284028493,"SEMA7A, TGFB2, IRAK3, GPRC5B, KIT, PYCARD, TGFB3",False
C2_core,GO_BP,GOBP_REGULATION_OF_SMOOTH_MUSCLE_CONTRACTION,Regulation of smooth muscle contraction,7,46,806,0.0087,0.0031,2.793,0.011596159383855529,0.09596567284028493,"P2RX1, ADRA2C, PTGS2, ITGA2, SPHK1, ADRA2A, KIT",False
C2_core,GO_BP,GOBP_ENDOCARDIAL_CUSHION_DEVELOPMENT,Endocardial cushion development,7,46,806,0.0087,0.0031,2.793,0.011596159383855529,0.09596567284028493,"TGFB2, ACVRL1, SNAI1, HEYL, SOX9, JAG1, TGFB3",False
C2_core,GO_BP,GOBP_NEGATIVE_REGULATION_OF_ACTIN_FILAMENT_POLYMERIZATION,Negative regulation of actin filament polymerization,8,57,806,0.0099,0.0039,2.576,0.011603501640243501,0.09596567284028493,"SLIT2, KANK3, MYADM, TMSB10, GSN, TMOD2, TWF2, VILL",False
C2_core,GO_BP,GOBP_SOMATIC_STEM_CELL_POPULATION_MAINTENANCE,Somatic stem cell population maintenance,8,57,806,0.0099,0.0039,2.576,0.011603501640243501,0.09596567284028493,"MYC, SOX4, LBH, KLF4, KIT, GATA2, SOX9, LIF",False
C2_core,GO_BP,GOBP_MORPHOGENESIS_OF_AN_EPITHELIAL_SHEET,Morphogenesis of an epithelial sheet,8,57,806,0.0099,0.0039,2.576,0.011603501640243501,0.09596567284028493,"DDR1, ITGB5, HBEGF, ACVRL1, FLNA, RHOC, CCN1, JAG1",False
C2_core,GO_BP,GOBP_REGULATION_OF_DEVELOPMENTAL_GROWTH,Regulation of developmental growth,23,254,806,0.0285,0.0172,1.662,0.011759146985246917,0.09596567284028493,"SEMA7A, YBX3, GLI1, TWF2, OLFM1, GDF15, BCL2, RGS4, LATS2, GDI1, CPNE5, STAT5A, MAP1B, ATP8A2, SEMA3G, FOXC1, EZR, CXCR4, DLL1, MUSK, EFNA5, PLXNA3, GATA6",False
C2_core,GO_BP,GOBP_METANEPHRIC_TUBULE_DEVELOPMENT,Metanephric tubule development,4,17,806,0.005,0.0011,4.319,0.011777259928934412,0.09596567284028493,"LIF, WWTR1, AQP1, SOX9",False
C2_core,GO_BP,GOBP_IMMUNOLOGICAL_SYNAPSE_FORMATION,Immunological synapse formation,4,17,806,0.005,0.0011,4.319,0.011777259928934412,0.09596567284028493,"NCK2, NEDD9, CCL21, CCL19",False
C2_core,GO_BP,GOBP_POSITIVE_REGULATION_OF_STEM_CELL_DIFFERENTIATION,Positive regulation of stem cell differentiation,4,17,806,0.005,0.0011,4.319,0.011777259928934412,0.09596567284028493,"FOXC1, TACSTD2, TGFB2, SOX9",False
C2_core,GO_BP,GOBP_TONGUE_DEVELOPMENT,Tongue development,4,17,806,0.005,0.0011,4.319,0.011777259928934412,0.09596567284028493,"WNT10B, BNC2, HAND2, KIT",False
C2_core,GO_BP,GOBP_REGULATION_OF_SKELETAL_MUSCLE_TISSUE_DEVELOPMENT,Regulation of skeletal muscle tissue development,4,17,806,0.005,0.0011,4.319,0.011777259928934412,0.09596567284028493,"DLL1, WNT10B, YBX3, BCL2",False
C2_core,GO_BP,GOBP_POSITIVE_REGULATION_OF_ENDOTHELIAL_CELL_APOPTOTIC_PROCESS,Positive regulation of endothelial cell apoptotic process,4,17,806,0.005,0.0011,4.319,0.011777259928934412,0.09596567284028493,"ECSCR, THBS1, RGCC, CCL2",False
C2_core,GO_BP,GOBP_POSITIVE_REGULATION_OF_SODIUM_ION_TRANSMEMBRANE_TRANSPORT,Positive regulation of sodium ion transmembrane transport,4,17,806,0.005,0.0011,4.319,0.011777259928934412,0.09596567284028493,"TESC, WNK2, FXYD2, ATP1B3",False
C2_core,GO_BP,GOBP_MYELOID_LEUKOCYTE_ACTIVATION,Myeloid leukocyte activation,20,212,806,0.0248,0.0143,1.732,0.01191638749235391,0.0965562351990008,"BATF3, SYT11, ANXA1, HYAL2, FCER1A, CD93, ANXA3, SPHK1, PYCARD, TNIP2, BATF, CLEC4D, KIT, ITGB8, S100A13, THBS1, CXCL6, GATA2, ZC3H12A, CXCL8",False
C2_core,GO_BP,GOBP_REGULATION_OF_PROTEIN_CONTAINING_COMPLEX_ASSEMBLY,Regulation of protein containing complex assembly,31,371,806,0.0385,0.0251,1.534,0.011931555540803874,0.0965562351990008,"HAUS7, TMSB10, CDC42EP1, GSN, TMOD2, TWF2, TRABD2A, RHOC, SOX9, WNT10B, ARPC3, SLIT2, KANK3, ESAM, CRYAB, MAP1B, BAIAP2L2, VILL, PYCARD, NCK2, DACT1, JAM3, CLIP3, STX1A, FBLIM1, CCL21, MYADM, TPPP3, STMN2, KIRREL1, PLEKHG2",False
C2_core,GO_BP,GOBP_ATRIOVENTRICULAR_VALVE_DEVELOPMENT,Atrioventricular valve development,5,26,806,0.0062,0.0018,3.53,0.011993836688618534,0.0965562351990008,"TGFB2, HEYL, SOX4, OLFM1, CCN1",False
C2_core,GO_BP,GOBP_POSITIVE_REGULATION_OF_CARTILAGE_DEVELOPMENT,Positive regulation of cartilage development,5,26,806,0.0062,0.0018,3.53,0.011993836688618534,0.0965562351990008,"ACVRL1, PKDCC, MDK, SOX9, CCN1",False
C2_core,GO_BP,GOBP_NEGATIVE_REGULATION_OF_RESPONSE_TO_EXTERNAL_STIMULUS,Negative regulation of response to external stimulus,28,327,806,0.0347,0.0221,1.572,0.012074178503328994,0.0965562351990008,"GSTP1, FNDC4, SOCS3, SYT11, PLAU, SLC12A2, IL2RA, SLIT2, ZFP36, PDGFA, CD9, IRAK3, METRNL, CCL2, TSPAN8, KLF4, IER3, FOXP3, THBS1, A2M, SERPINB9, ADORA1, FAP, RPS19, PLXNA3, THBD, MDK, PLAT",False
C2_core,GO_BP,GOBP_IMPORT_ACROSS_PLASMA_MEMBRANE,Import across plasma membrane,17,171,806,0.0211,0.0116,1.825,0.012074758794946816,0.0965562351990008,"P2RX1, KCNJ16, THBS1, SLC5A1, ATP1B3, CACNA2D1, FXYD2, SLC2A3, NALF1, CACNA1C, CACNA1I, SLC7A1, TRPV6, SLC38A1, SLC1A5, RGS4, SLC12A2",False
C2_core,GO_BP,GOBP_EAR_DEVELOPMENT,Ear development,17,171,806,0.0211,0.0116,1.825,0.012074758794946816,0.0965562351990008,"DDR1, ITGA8, LRP10, FRZB, TGFB2, MYO3A, JAG1, DLL1, ATP8A2, SLC4A7, GATA2, JAG2, SOX9, EDNRA, USH1C, BCL2, TGFB3",False
C2_core,GO_BP,GOBP_NEGATIVE_REGULATION_OF_PHOSPHORYLATION,Negative regulation of phosphorylation,24,269,806,0.0298,0.0182,1.638,0.01211816985097216,0.0965562351990008,"CDKN2C, GSTP1, SOCS3, UCHL1, THY1, HYAL2, DBNDD1, LATS2, SLIT2, SOCS1, DUSP22, PYCARD, SH3GL2, IRAK3, NCK2, CDKN1C, SPRY1, GPD1L, MIDN, MYADM, WWTR1, KIRREL1, ZC3H12A, ANGPT1",False
C2_core,GO_BP,GOBP_COLUMNAR_CUBOIDAL_EPITHELIAL_CELL_DIFFERENTIATION,Columnar cuboidal epithelial cell differentiation,11,93,806,0.0136,0.0063,2.171,0.012130052244582842,0.0965562351990008,"KLF5, PRDM1, JAG1, DLL1, SOX4, KLF4, MAP1B, GATA6, GATA2, SOX9, GJA1",False
C2_core,GO_BP,GOBP_KERATINOCYTE_DIFFERENTIATION,Keratinocyte differentiation,11,93,806,0.0136,0.0063,2.171,0.012130052244582842,0.0965562351990008,"LATS2, ZFP36, JAG1, FOXC1, EPHA2, KRT80, VDR, KRT7, KRT86, ANXA1, ST14",False
C2_core,GO_BP,GOBP_NEGATIVE_REGULATION_OF_HEMOPOIESIS,Negative regulation of hemopoiesis,11,93,806,0.0136,0.0063,2.171,0.012130052244582842,0.0965562351990008,"CTLA4, TNFRSF11B, NRARP, MYC, SOCS1, FSTL3, FOXP3, GATA2, MDK, ZC3H12A, ANXA1",False
C2_core,GO_BP,GOBP_POSITIVE_REGULATION_OF_CD4_POSITIVE_ALPHA_BETA_T_CELL_DIFFERENTIATION,Positive regulation of cd4 positive alpha beta t cell differentiation,6,36,806,0.0074,0.0024,3.059,0.012313764641753131,0.09711336495946053,"SHB, SOCS1, FOXP3, CCL19, NFKBID, ANXA1",False
C2_core,GO_BP,GOBP_RESPONSE_TO_PROGESTERONE,Response to progesterone,6,36,806,0.0074,0.0024,3.059,0.012313764641753131,0.09711336495946053,"THBS1, TGFB2, FOSB, TSPO, TGFB3, FOS",False
C2_core,GO_BP,GOBP_COLLAGEN_BIOSYNTHETIC_PROCESS,Collagen biosynthetic process,6,36,806,0.0074,0.0024,3.059,0.012313764641753131,0.09711336495946053,"SERPINH1, ADAMTS3, ITGA2, RGCC, VIM, TGFB3",False
C2_core,GO_BP,GOBP_AORTIC_VALVE_MORPHOGENESIS,Aortic valve morphogenesis,6,36,806,0.0074,0.0024,3.059,0.012313764641753131,0.09711336495946053,"SNAI1, SLIT2, CDH11, HEYL, SOX9, JAG1",False
C2_core,GO_BP,GOBP_POSITIVE_REGULATION_OF_ENDOTHELIAL_CELL_PROLIFERATION,Positive regulation of endothelial cell proliferation,10,81,806,0.0124,0.0055,2.266,0.012328194390472558,0.09711336495946053,"F3, VEGFC, ACVRL1, NRARP, FGF7, STAT5A, GATA2, TNFSF12, MDK, EGR3",False
C2_core,GO_BP,GOBP_STRIATED_MUSCLE_CONTRACTION,Striated muscle contraction,16,158,806,0.0199,0.0107,1.859,0.0124052214494563,0.09751739434022805,"HOMER1, SCN4A, STC1, GJA1, CXCR4, ADORA1, CACNA2D1, GSN, ALDOA, REM1, FLNA, ATP8A2, CACNA1C, GPD1L, ZC3H12A, TPM1",False
C2_core,GO_BP,GOBP_DEVELOPMENTAL_CELL_GROWTH,Developmental cell growth,19,199,806,0.0236,0.0135,1.752,0.012449738615009294,0.09766471969414123,"SEMA7A, PRICKLE1, TWF2, OLFM1, SOX9, RGS4, DDR1, GDI1, CPNE5, SLIT2, VCL, MAP1B, SEMA3G, EDNRA, SH3GL2, CXCR4, NDN, EFNA5, PLXNA3",False
C2_core,GO_BP,GOBP_AMINOGLYCAN_METABOLIC_PROCESS,Aminoglycan metabolic process,12,106,806,0.0149,0.0072,2.078,0.012587881117168105,0.09854438337386354,"ITIH5, B3GNT7, CHST3, CHST1, HAS2, B3GAT3, HS3ST1, B3GNT3, EDNRA, ANGPT1, HYAL2, FOXC1",False
C2_core,GO_BP,GOBP_CELL_DIFFERENTIATION_INVOLVED_IN_KIDNEY_DEVELOPMENT,Cell differentiation involved in kidney development,7,47,806,0.0087,0.0032,2.734,0.013003242862459395,0.10137713416843343,"PROM1, CD34, WWTR1, PODXL, JAG1, LIF, EDNRA",False
C2_core,GO_BP,GOBP_NEGATIVE_REGULATION_OF_LYMPHOCYTE_DIFFERENTIATION,Negative regulation of lymphocyte differentiation,7,47,806,0.0087,0.0032,2.734,0.013003242862459395,0.10137713416843343,"CTLA4, NRARP, SOCS1, FOXP3, MDK, ZC3H12A, ANXA1",False
C2_core,GO_BP,GOBP_RESPONSE_TO_FIBROBLAST_GROWTH_FACTOR,Response to fibroblast growth factor,11,94,806,0.0136,0.0064,2.148,0.01308437003738968,0.10159155342555225,"THBS1, ZFP36, CASR, CCL2, FGF7, SPRY1, CCN2, SMOC2, CXCL8, HYAL2, EGR3",False
C2_core,GO_BP,GOBP_SUBSTRATE_ADHESION_DEPENDENT_CELL_SPREADING,Substrate adhesion dependent cell spreading,11,94,806,0.0136,0.0064,2.148,0.01308437003738968,0.10159155342555225,"ITGA8, EFNA5, TACSTD2, MYADM, HAS2, NEDD9, FLNA, MDK, LAMC1, FZD7, PARVA",False
C2_core,GO_BP,GOBP_T_CELL_DIFFERENTIATION_INVOLVED_IN_IMMUNE_RESPONSE,T cell differentiation involved in immune response,10,82,806,0.0124,0.0055,2.238,0.013377793835194919,0.10365738413405634,"SHB, BATF, SOCS3, JUNB, CLEC4D, FOXP3, CCL19, ZC3H12A, NFKBID, ANXA1",False
C2_core,GO_BP,GOBP_POSITIVE_REGULATION_OF_DEVELOPMENTAL_GROWTH,Positive regulation of developmental growth,14,133,806,0.0174,0.009,1.932,0.013610737190369466,0.10524710860063247,"GDI1, EFNA5, SEMA7A, EZR, CPNE5, CXCR4, YBX3, MAP1B, GATA6, GLI1, TWF2, ATP8A2, DLL1, BCL2",False
C2_core,GO_BP,GOBP_REGULATION_OF_CELL_MIGRATION_INVOLVED_IN_SPROUTING_ANGIOGENESIS,Regulation of cell migration involved in sprouting angiogenesis,6,37,806,0.0074,0.0025,2.976,0.014038084193077565,0.10774091159785903,"THBS1, SRPX2, PTGS2, KLF4, GATA2, ANXA1",False
C2_core,GO_BP,GOBP_NEGATIVE_REGULATION_OF_EPITHELIAL_CELL_DIFFERENTIATION,Negative regulation of epithelial cell differentiation,6,37,806,0.0074,0.0025,2.976,0.014038084193077565,0.10774091159785903,"FRZB, ACVRL1, DLL1, SPRY1, SOX9, JAG1",False
C2_core,GO_BP,GOBP_MYELOID_DENDRITIC_CELL_ACTIVATION,Myeloid dendritic cell activation,5,27,806,0.0062,0.0018,3.399,0.014075280456849162,0.10774091159785903,"BATF, BATF3, CLEC4D, PYCARD, ITGB8",False
C2_core,GO_BP,GOBP_REGULATION_OF_MEMBRANE_PROTEIN_ECTODOMAIN_PROTEOLYSIS,Regulation of membrane protein ectodomain proteolysis,5,27,806,0.0062,0.0018,3.399,0.014075280456849162,0.10774091159785903,"TSPAN15, TIMP2, ADRA2A, TIMP4, TIMP1",False
C2_core,GO_BP,GOBP_AXON_EXTENSION,Axon extension,11,95,806,0.0136,0.0064,2.125,0.014094541852618077,0.10774091159785903,"GDI1, SEMA7A, SLIT2, NDN, VCL, MAP1B, PLXNA3, TWF2, OLFM1, SEMA3G, EDNRA",False
C2_core,GO_BP,GOBP_REGULATION_OF_MYOBLAST_DIFFERENTIATION,Regulation of myoblast differentiation,8,59,806,0.0099,0.004,2.489,0.014163669007440293,0.10774091159785903,"SMARCD3, PRICKLE1, SOX4, BTG1, ID3, BOC, SOX9, DLL1",False
C2_core,GO_BP,GOBP_SIGNAL_RELEASE,Signal release,32,391,806,0.0397,0.0264,1.502,0.014221879878828161,0.10774091159785903,"P2RX1, WLS, SELENOM, TSPO, SYT11, ANXA1, TMEM132A, SNPH, ADRA2C, MCTP1, FAM3B, LIF, BRSK1, RAB11FIP5, DOC2B, GNAZ, CASR, PTPRN2, SV2A, TRPV6, GJA1, STX1A, AQP1, MIDN, SYT8, EFNA5, PTGS2, RAB11FIP1, ADORA1, SOX4, ADRA2A, NLGN2",False
C2_core,GO_BP,GOBP_REGULATION_OF_CELL_PROJECTION_SIZE,Regulation of cell projection size,3,10,806,0.0037,0.0007,5.506,0.014491635930486971,0.10774091159785903,"USH1C, TWF2, EZR",False
C2_core,GO_BP,GOBP_GLOMERULAR_MESANGIAL_CELL_PROLIFERATION,Glomerular mesangial cell proliferation,3,10,806,0.0037,0.0007,5.506,0.014491635930486971,0.10774091159785903,"PDGFD, EGR1, PDGFA",False
C2_core,GO_BP,GOBP_RETINAL_CONE_CELL_DEVELOPMENT,Retinal cone cell development,3,10,806,0.0037,0.0007,5.506,0.014491635930486971,0.10774091159785903,"USH1C, THY1, HCN1",False
C2_core,GO_BP,GOBP_REGULATION_OF_CARDIAC_EPITHELIAL_TO_MESENCHYMAL_TRANSITION,Regulation of cardiac epithelial to mesenchymal transition,3,10,806,0.0037,0.0007,5.506,0.014491635930486971,0.10774091159785903,"JAG1, TGFB3, TGFB2",False
C2_core,GO_BP,GOBP_RESPONSE_TO_PARATHYROID_HORMONE,Response to parathyroid hormone,3,10,806,0.0037,0.0007,5.506,0.014491635930486971,0.10774091159785903,"ITGA2, WNT10B, FOS",False
C2_core,GO_BP,GOBP_NEGATIVE_REGULATION_OF_CARDIOCYTE_DIFFERENTIATION,Negative regulation of cardiocyte differentiation,3,10,806,0.0037,0.0007,5.506,0.014491635930486971,0.10774091159785903,"FZD7, DLL1, PRICKLE1",False
C2_core,GO_BP,GOBP_MESONEPHROS_DEVELOPMENT,Mesonephros development,10,83,806,0.0124,0.0056,2.211,0.014493005461493834,0.10774091159785903,"TACSTD2, MYC, SLIT2, KIF26B, SPRY1, EPCAM, SOX9, GPC3, BCL2, FOXC1",False
C2_core,GO_BP,GOBP_POSITIVE_REGULATION_OF_CELL_ADHESION_MEDIATED_BY_INTEGRIN,Positive regulation of cell adhesion mediated by integrin,4,18,806,0.005,0.0012,4.079,0.014501943762182133,0.10774091159785903,"LIF, CCL21, TGFB2, PODXL",False
C2_core,GO_BP,GOBP_PULMONARY_VALVE_MORPHOGENESIS,Pulmonary valve morphogenesis,4,18,806,0.005,0.0012,4.079,0.014501943762182133,0.10774091159785903,"SLIT2, HEYL, JAG1, TGFB2",False
C2_core,GO_BP,GOBP_INTRACELLULAR_SODIUM_ION_HOMEOSTASIS,Intracellular sodium ion homeostasis,4,18,806,0.005,0.0012,4.079,0.014501943762182133,0.10774091159785903,"FXYD2, TMPRSS3, SLC12A2, ATP1B3",False
C2_core,GO_BP,GOBP_RESPONSE_TO_UV_B,Response to uv b,4,18,806,0.005,0.0012,4.079,0.014501943762182133,0.10774091159785903,"MFAP4, BCL2, HYAL2, CRIP1",False
C2_core,GO_BP,GOBP_NEGATIVE_REGULATION_OF_SMAD_PROTEIN_SIGNAL_TRANSDUCTION,Negative regulation of smad protein signal transduction,4,18,806,0.005,0.0012,4.079,0.014501943762182133,0.10774091159785903,"GDF15, PMEPA1, VEPH1, PIN1",False
C2_core,GO_BP,GOBP_WATER_TRANSPORT,Water transport,4,18,806,0.005,0.0012,4.079,0.014501943762182133,0.10774091159785903,"HAS2, AQP1, SLC5A1, HYAL2",False
C2_core,GO_BP,GOBP_REGULATION_OF_MONONUCLEAR_CELL_MIGRATION,Regulation of mononuclear cell migration,13,121,806,0.0161,0.0082,1.972,0.01456203344073209,0.10786013218187325,"THBS1, CCL21, CD9, PDGFD, SLIT2, CCL2, IL34, NEDD9, JAM3, MMP14, MDK, CNN2, PYCARD",False
C2_core,GO_BP,GOBP_POSITIVE_REGULATION_OF_MAP_KINASE_ACTIVITY,Positive regulation of map kinase activity,9,71,806,0.0112,0.0048,2.327,0.01457492416920536,0.10786013218187325,"THBS1, PDGFD, DIRAS2, IL34, ADRA2A, KIT, CCL19, MST1R, PDGFA",False
C2_core,GO_BP,GOBP_ACTIN_POLYMERIZATION_OR_DEPOLYMERIZATION,Actin polymerization or depolymerization,17,175,806,0.0211,0.0118,1.783,0.014928476928660917,0.1102612067888815,"CCL21, SLIT2, KANK3, ESAM, MYADM, NCK2, TMSB10, CDC42EP1, GSN, TMOD2, BAIAP2L2, TWF2, VILL, KIRREL1, PLEKHG2, PYCARD, ARPC3",False
C2_core,GO_BP,GOBP_NEURON_PROJECTION_GUIDANCE,Neuron projection guidance,18,189,806,0.0223,0.0128,1.748,0.015079902885929666,0.11116294170192122,"CNTN4, EFNA5, SEMA7A, SEMA3E, SLIT2, EPHB6, GLI2, ARHGEF25, EPHA6, KIF5C, LYPLA2, PLXNA3, VANGL2, BOC, SEMA3G, EDNRA, EGR2, NOTCH3",False
C2_core,GO_BP,GOBP_REGULATION_OF_ALPHA_BETA_T_CELL_ACTIVATION,Regulation of alpha beta t cell activation,12,109,806,0.0149,0.0074,2.021,0.015473406960983037,0.1138422116022616,"IL2RA, SHB, VSIR, BATF, SOCS1, PRDM1, JUNB, FOXP3, CCL19, ZC3H12A, NFKBID, ANXA1",False
C2_core,GO_BP,GOBP_REGULATION_OF_PROTEIN_MATURATION,Regulation of protein maturation,8,60,806,0.0099,0.0041,2.447,0.015587494435806095,0.11445933414199476,"THBS1, SOX4, GSN, MMP14, MYH9, NKD2, PLAU, PLAT",False
C2_core,GO_BP,GOBP_CELLULAR_RESPONSE_TO_ORGANIC_CYCLIC_COMPOUND,Cellular response to organic cyclic compound,36,455,806,0.0447,0.0308,1.452,0.015824706167140486,0.11580627365006887,"HAND2, LBH, PMEPA1, ITGA2, GPBAR1, KLF2, WNT10B, ADCY3, ANXA1, PDE3A, RGS4, STING1, STC1, ZFP36, GABRB3, HCN1, MMP2, VDR, CIB2, EZR, HEYL, APLP1, CASR, KLF4, FLNA, EGR1, RGS9, GRAMD1B, AQP1, ZMIZ1, ZNF703, EFNA5, OSBPL7, PTGS2, ID3, ZC3H12A",False
C2_core,GO_BP,GOBP_ADENYLATE_CYCLASE_MODULATING_G_PROTEIN_COUPLED_RECEPTOR_SIGNALING_PATHWAY,Adenylate cyclase modulating g protein coupled receptor signaling pathway,18,190,806,0.0223,0.0128,1.739,0.01584257657877195,0.11580627365006887,"RGS1, GRK5, RAMP2, ADRA2C, GNAZ, ADORA1, APLP1, GPR176, CASR, GABBR2, FLNA, MRAP2, ADRA2A, ADGRB1, LPAR1, EDNRA, PDE3A, ADCY3",False
C2_core,GO_BP,GOBP_ENDOCARDIAL_CUSHION_MORPHOGENESIS,Endocardial cushion morphogenesis,6,38,806,0.0074,0.0026,2.898,0.01592374467450142,0.11580627365006887,"TGFB2, ACVRL1, SNAI1, HEYL, SOX9, TGFB3",False
C2_core,GO_BP,GOBP_REGULATION_OF_MACROPHAGE_MIGRATION,Regulation of macrophage migration,6,38,806,0.0074,0.0026,2.898,0.01592374467450142,0.11580627365006887,"THBS1, CD9, IL34, MMP14, MDK, CNN2",False
C2_core,GO_BP,GOBP_BASEMENT_MEMBRANE_ORGANIZATION,Basement membrane organization,6,38,806,0.0074,0.0026,2.898,0.01592374467450142,0.11580627365006887,"RAMP2, PRICKLE1, SPINT2, COL4A1, MMP11, LAMC1",False
C2_core,GO_BP,GOBP_REGULATION_OF_MONOATOMIC_ION_TRANSMEMBRANE_TRANSPORT,Regulation of monoatomic ion transmembrane transport,24,276,806,0.0298,0.0187,1.596,0.01616127142049557,0.11720488213785103,"P2RX1, ATP1B3, CACNA1C, CYBA, THY1, BCL2, RGS4, CD63, TRPC1, HOMER1, GJC2, REM1, EDNRA, KCNJ16, CCL2, FXYD2, FLNA, RGS9, FXYD5, TESC, GPD1L, CACNA2D1, WNK2, ADRA2A",False
C2_core,GO_BP,GOBP_NEGATIVE_REGULATION_OF_PHOSPHATIDYLINOSITOL_3_KINASE_PROTEIN_KINASE_B_SIGNAL_TRANSDUCTION,Negative regulation of phosphatidylinositol 3 kinase protein kinase b signal transduction,7,49,806,0.0087,0.0033,2.622,0.016177923821086328,0.11720488213785103,"SFRP5, PPP2R1A, CAVIN3, LOX, PLK3, PKHD1, HYAL2",False
C2_core,GO_BP,GOBP_MESODERM_DEVELOPMENT,Mesoderm development,11,97,806,0.0136,0.0066,2.081,0.016290145896183928,0.11779267710045974,"ITGA8, WLS, SNAI1, ITGA3, KLF4, ITGA2, EPHA2, GJA1, TRIM15, FOXC1, TEAD2",False
C2_core,GO_BP,GOBP_PLACENTA_BLOOD_VESSEL_DEVELOPMENT,Placenta blood vessel development,5,28,806,0.0062,0.0019,3.278,0.016386176311625082,0.11781256554980539,"SPINT1, SOCS3, JUNB, CCN1, ITGB8",False
C2_core,GO_BP,GOBP_STEM_CELL_DIVISION,Stem cell division,5,28,806,0.0062,0.0019,3.278,0.016386176311625082,0.11781256554980539,"TGFB2, MLLT3, LBH, WWTR1, FZD7",False
C2_core,GO_BP,GOBP_POSITIVE_REGULATION_OF_SODIUM_ION_TRANSPORT,Positive regulation of sodium ion transport,5,28,806,0.0062,0.0019,3.278,0.016386176311625082,0.11781256554980539,"ATP1B3, FXYD2, WNK2, TESC, GPD1L",False
C2_core,GO_BP,GOBP_SYNAPSE_ORGANIZATION,Synapse organization,33,411,806,0.0409,0.0278,1.474,0.016712637887501814,0.11993216847678857,"CNTN4, TUBA1A, CDH6, CLSTN1, DBN1, PIN1, HOMER1, COL4A1, GABRB3, MAP1B, LRFN4, SEZ6L2, ADGRB1, SPOCK2, NFATC4, IGSF21, SRPX2, EZR, SEMA3E, GLRB, FLNA, CLSTN2, PDZRN3, MUSK, ROR2, EFNA5, AMIGO2, ITGA3, NEDD9, PCDH17, TPBG, NLGN2, FZD1",False
C2_core,GO_BP,GOBP_OLIGODENDROCYTE_DIFFERENTIATION,Oligodendrocyte differentiation,10,85,806,0.0124,0.0057,2.159,0.01692960432342063,0.1210306995876241,"CDKN2C, TNFRSF21, CXCR4, IL34, ID4, TRPC4, MDK, SOX9, LPAR1, PRDM8",False
C2_core,GO_BP,GOBP_NEGATIVE_REGULATION_OF_RESPONSE_TO_WOUNDING,Negative regulation of response to wounding,10,85,806,0.0124,0.0057,2.159,0.01692960432342063,0.1210306995876241,"THBS1, CD9, FAP, TSPAN8, THBD, MDK, PLAU, PLAT, SLC12A2, PDGFA",False
C2_core,GO_BP,GOBP_PROTEIN_LOCALIZATION_TO_EXTRACELLULAR_REGION,Protein localization to extracellular region,26,307,806,0.0323,0.0208,1.554,0.017241020562550034,0.1221152070573851,"WLS, TGFB2, AP1M2, TMEM132A, APBB3, SLC12A2, VEGFC, LRRC32, FAM3B, RAB11FIP5, TGFB3, DOC2B, GNAZ, CASR, PTPRN2, RAB3C, ANKRD1, MIDN, STX1A, EFNA5, RAB11FIP1, SOX4, LTBP2, ADRA2A, CAVIN1, NLGN2",False
C2_core,GO_BP,GOBP_CENTRAL_NERVOUS_SYSTEM_NEURON_DEVELOPMENT,Central nervous system neuron development,9,73,806,0.0112,0.0049,2.263,0.01726679275263652,0.1221152070573851,"ZMIZ1, BTG2, SEMA3E, SLIT2, CDH11, GLI2, PLXNA3, GATA2, PRDM8",False
C2_core,GO_BP,GOBP_RESPONSE_TO_CAMP,Response to camp,9,73,806,0.0112,0.0049,2.263,0.01726679275263652,0.1221152070573851,"EZR, STC1, FOSB, THBD, HCN1, GATA6, WNT10B, AQP1, FOS",False
C2_core,GO_BP,GOBP_REGULATION_OF_ANIMAL_ORGAN_MORPHOGENESIS,Regulation of animal organ morphogenesis,9,73,806,0.0112,0.0049,2.263,0.01726679275263652,0.1221152070573851,"TACSTD2, CD34, FZD1, FGF7, SPRY1, SOX9, PKHD1, TNFRSF11B, PDGFA",False
C2_core,GO_BP,GOBP_POSITIVE_REGULATION_OF_CELL_DIVISION,Positive regulation of cell division,9,73,806,0.0112,0.0049,2.263,0.01726679275263652,0.1221152070573851,"VEGFC, TGFB2, PDGFD, FGF7, MACC1, LBH, MDK, TGFB3, PDGFA",False
C2_core,GO_BP,GOBP_AMINO_ACID_TRANSPORT,Amino acid transport,14,137,806,0.0174,0.0093,1.876,0.01727467695506952,0.1221152070573851,"PRAF2, SLC6A19, SLC22A15, ADORA1, SV2A, TRPC4, SLC6A11, SLC7A1, SLC38A1, GJA1, SLC1A5, SFXN3, RGS4, SLC12A2",False
C2_core,GO_BP,GOBP_POSITIVE_REGULATION_OF_PROTEIN_TYROSINE_KINASE_ACTIVITY,Positive regulation of protein tyrosine kinase activity,4,19,806,0.005,0.0013,3.864,0.017594098490319964,0.12299638225059474,"GPRC5B, NEDD9, IL34, DLG3",False
C2_core,GO_BP,GOBP_REGULATION_OF_INTEGRIN_MEDIATED_SIGNALING_PATHWAY,Regulation of integrin mediated signaling pathway,4,19,806,0.005,0.0013,3.864,0.017594098490319964,0.12299638225059474,"LAMC1, CD63, FLNA, TIMP1",False
C2_core,GO_BP,GOBP_METANEPHRIC_EPITHELIUM_DEVELOPMENT,Metanephric epithelium development,4,19,806,0.005,0.0013,3.864,0.017594098490319964,0.12299638225059474,"LIF, WWTR1, AQP1, SOX9",False
C2_core,GO_BP,GOBP_POSITIVE_REGULATION_OF_CALCIUM_ION_IMPORT,Positive regulation of calcium ion import,4,19,806,0.005,0.0013,3.864,0.017594098490319964,0.12299638225059474,"P2RX1, CASR, CCL2, STC1",False
C2_core,GO_BP,GOBP_INTESTINAL_EPITHELIAL_CELL_DIFFERENTIATION,Intestinal epithelial cell differentiation,4,19,806,0.005,0.0013,3.864,0.017594098490319964,0.12299638225059474,"PRDM1, KLF5, GATA6, SOX9",False
C2_core,GO_BP,GOBP_AXONAL_FASCICULATION,Axonal fasciculation,4,19,806,0.005,0.0013,3.864,0.017594098490319964,0.12299638225059474,"TNFRSF21, CNTN4, NDN, CRTAC1",False
C2_core,GO_BP,GOBP_DEVELOPMENT_OF_PRIMARY_FEMALE_SEXUAL_CHARACTERISTICS,Development of primary female sexual characteristics,10,86,806,0.0124,0.0058,2.134,0.01825560881688931,0.12738582284934363,"A2M, SLIT2, ADAMTS1, PTX3, ARID5B, MMP14, MMP2, KIT, BCL2, FOXC1",False
C2_core,GO_BP,GOBP_REGULATED_EXOCYTOSIS,Regulated exocytosis,18,193,806,0.0223,0.013,1.712,0.018312026122409186,0.12754460841508897,"P2RX1, S100A13, SYT8, FCER1A, ANXA3, DOC2B, RAB11FIP1, SYT13, SV2A, MYH9, SYT11, GATA2, ADRA2A, KIT, TRPV6, STX1A, RAB11FIP5, SNPH",False
C2_core,GO_BP,GOBP_SMOOTH_MUSCLE_CELL_PROLIFERATION,Smooth muscle cell proliferation,13,125,806,0.0161,0.0084,1.909,0.018663378006387506,0.1276178586933456,"THBS1, HBEGF, PTGS2, PDGFD, ADAMTS1, KLF4, ITGA2, MMP2, NOTCH3, GJA1, TGFB3, TPM1, EFEMP2",False
C2_core,GO_BP,GOBP_HINDBRAIN_DEVELOPMENT,Hindbrain development,13,125,806,0.0161,0.0084,1.909,0.018663378006387506,0.1276178586933456,"TRNP1, WLS, GLI2, FLNA, GLI1, GATA2, MDK, LPAR1, DLL1, EGR2, BCL2, FOXC1, TUBA1A",False
C2_core,GO_BP,GOBP_STEM_CELL_DEVELOPMENT,Stem cell development,9,74,806,0.0112,0.005,2.232,0.018740940547861837,0.1276178586933456,"HAND2, SEMA7A, SEMA3E, JAG1, SOX9, SEMA3G, EDNRA, BCL2, FOXC1",False
C2_core,GO_BP,GOBP_AMINE_TRANSPORT,Amine transport,9,74,806,0.0112,0.005,2.232,0.018740940547861837,0.1276178586933456,"ADRA2C, ADORA1, SV2A, SYT11, ADRA2A, SLC38A1, STX1A, RGS4, SLC12A2",False
C2_core,GO_BP,GOBP_CELLULAR_RESPONSE_TO_CALCIUM_ION,Cellular response to calcium ion,8,62,806,0.0099,0.0042,2.368,0.018740998639447476,0.1276178586933456,"CPNE5, CPNE7, FOSB, JUND, TUBA1A, JUNB, ALOX5AP, FOS",False
C2_core,GO_BP,GOBP_CD4_POSITIVE_ALPHA_BETA_T_CELL_ACTIVATION,Cd4 positive alpha beta t cell activation,12,112,806,0.0149,0.0076,1.967,0.01883369606115867,0.1276178586933456,"IL2RA, SHB, VSIR, BATF, SOCS1, SOCS3, JUNB, FOXP3, CCL19, ZC3H12A, NFKBID, ANXA1",False
C2_core,GO_BP,GOBP_NEGATIVE_REGULATION_OF_EPITHELIAL_CELL_PROLIFERATION,Negative regulation of epithelial cell proliferation,12,112,806,0.0149,0.0076,1.967,0.01883369606115867,0.1276178586933456,"THBS1, GPC3, TGFB2, ACVRL1, CCL2, WDR13, CDKN1C, RGCC, SPARC, SOX9, VDR, WNT10B",False
C2_core,GO_BP,GOBP_REGULATION_OF_CELL_MORPHOGENESIS,Regulation of cell morphogenesis,20,222,806,0.0248,0.015,1.654,0.018879240243631284,0.1276178586933456,"ENPP2, BAMBI, CDC42EP1, ALDOA, DBN1, ANXA1, CPNE5, TPM1, EZR, SEMA3E, CXCR4, CCL2, LPAR1, KIT, PARVA, EFNA5, FBLIM1, PLXNA3, MYH9, SPARC",False
C2_core,GO_BP,GOBP_EYE_PHOTORECEPTOR_CELL_DEVELOPMENT,Eye photoreceptor cell development,5,29,806,0.0062,0.002,3.165,0.018935971158837366,0.1276178586933456,"THY1, PRDM1, SAMD11, HCN1, USH1C",False
C2_core,GO_BP,GOBP_POSITIVE_REGULATION_OF_BMP_SIGNALING_PATHWAY,Positive regulation of bmp signaling pathway,5,29,806,0.0062,0.002,3.165,0.018935971158837366,0.1276178586933456,"ACVRL1, GATA6, ELAPOR2, CCN1, GPC3",False
C2_core,GO_BP,GOBP_POSITIVE_REGULATION_OF_COAGULATION,Positive regulation of coagulation,5,29,806,0.0062,0.002,3.165,0.018935971158837366,0.1276178586933456,"THBS1, F3, THBD, PLAU, PLAT",False
C2_core,GO_BP,GOBP_POSITIVE_REGULATION_OF_NEUROBLAST_PROLIFERATION,Positive regulation of neuroblast proliferation,5,29,806,0.0062,0.002,3.165,0.018935971158837366,0.1276178586933456,"SMARCD3, VEGFC, VCAN, ID4, HAPLN3",False
C2_core,GO_BP,GOBP_LYMPHOCYTE_CHEMOTAXIS,Lymphocyte chemotaxis,5,29,806,0.0062,0.002,3.165,0.018935971158837366,0.1276178586933456,"CCL21, CH25H, CCL2, NEDD9, SLC12A2",False
C2_core,GO_BP,GOBP_REGULATION_OF_CELL_PROJECTION_ASSEMBLY,Regulation of cell projection assembly,19,208,806,0.0236,0.0141,1.677,0.019082506621722662,0.1276178586933456,"EPS8L1, CDC42EP1, DPYSL3, TWF2, EPHA2, CCL19, PPP1R35, SLIT2, KCTD17, EPS8L3, PODXL, TGFB3, LPAR1, KIT, KLF5, DCDC2, CCL21, TACSTD2, MYO3A",False
C2_core,GO_BP,GOBP_CELLULAR_RESPONSE_TO_UV_B,Cellular response to uv b,3,11,806,0.0037,0.0007,5.006,0.019130890403225204,0.1276178586933456,"MFAP4, HYAL2, CRIP1",False
C2_core,GO_BP,GOBP_NEPHRON_TUBULE_EPITHELIAL_CELL_DIFFERENTIATION,Nephron tubule epithelial cell differentiation,3,11,806,0.0037,0.0007,5.006,0.019130890403225204,0.1276178586933456,"LIF, WWTR1, PROM1",False
C2_core,GO_BP,GOBP_BLEB_ASSEMBLY,Bleb assembly,3,11,806,0.0037,0.0007,5.006,0.019130890403225204,0.1276178586933456,"EMP1, PMP22, LPAR1",False
C2_core,GO_BP,GOBP_REGULATION_OF_DENDRITIC_CELL_ANTIGEN_PROCESSING_AND_PRESENTATION,Regulation of dendritic cell antigen processing and presentation,3,11,806,0.0037,0.0007,5.006,0.019130890403225204,0.1276178586933456,"CCL19, THBS1, CCL21",False
C2_core,GO_BP,GOBP_COLLAGEN_ACTIVATED_TYROSINE_KINASE_RECEPTOR_SIGNALING_PATHWAY,Collagen activated tyrosine kinase receptor signaling pathway,3,11,806,0.0037,0.0007,5.006,0.019130890403225204,0.1276178586933456,"DDR1, COL4A2, COL4A1",False
C2_core,GO_BP,GOBP_NEGATIVE_REGULATION_OF_SPROUTING_ANGIOGENESIS,Negative regulation of sprouting angiogenesis,3,11,806,0.0037,0.0007,5.006,0.019130890403225204,0.1276178586933456,"KLF2, THBS1, ADAMTS9",False
C2_core,GO_BP,GOBP_NEGATIVE_REGULATION_OF_MACROPHAGE_CYTOKINE_PRODUCTION,Negative regulation of macrophage cytokine production,3,11,806,0.0037,0.0007,5.006,0.019130890403225204,0.1276178586933456,"IRAK3, TGFB3, TGFB2",False
C2_core,GO_BP,GOBP_INTRACELLULAR_POTASSIUM_ION_HOMEOSTASIS,Intracellular potassium ion homeostasis,3,11,806,0.0037,0.0007,5.006,0.019130890403225204,0.1276178586933456,"FXYD2, SLC12A2, ATP1B3",False
C2_core,GO_BP,GOBP_POSITIVE_REGULATION_OF_KERATINOCYTE_PROLIFERATION,Positive regulation of keratinocyte proliferation,3,11,806,0.0037,0.0007,5.006,0.019130890403225204,0.1276178586933456,"HAS2, FGF7, MDK",False
C2_core,GO_BP,GOBP_RESPONSE_TO_FOLLICLE_STIMULATING_HORMONE,Response to follicle stimulating hormone,3,11,806,0.0037,0.0007,5.006,0.019130890403225204,0.1276178586933456,"PAPPA, EDNRA, EFNA5",False
C2_core,GO_BP,GOBP_RESPIRATORY_SYSTEM_DEVELOPMENT,Respiratory system development,18,194,806,0.0223,0.0131,1.703,0.019198100191465468,0.127841127637017,"CRISPLD2, MSC, GLI2, ITGA3, PKDCC, FGF7, GATA6, GLI1, CCN2, LOX, SOX9, KLF2, MMP14, GPC3, SPRY1, LIF, TGFB3, PDGFA",False
C2_core,GO_BP,GOBP_CALCIUM_ION_TRANSMEMBRANE_IMPORT_INTO_CYTOSOL,Calcium ion transmembrane import into cytosol,15,153,806,0.0186,0.0103,1.799,0.019822863887349277,0.13153910905283084,"P2RX1, PLCH1, TRPC1, CCL21, TRPV6, CACNA2D1, PLCB4, FLNA, NALF1, CACNA1C, CACNA1I, CCL19, CYBA, THY1, BCL2",False
C2_core,GO_BP,GOBP_SODIUM_ION_TRANSMEMBRANE_TRANSPORT,Sodium ion transmembrane transport,15,153,806,0.0186,0.0103,1.799,0.019822863887349277,0.13153910905283084,"SLC28A3, SLC6A19, SLC5A1, SCN4A, ATP1B3, FXYD2, WNK2, HCN1, SLC4A7, FXYD5, SLC6A11, TESC, GPD1L, SLC38A1, SLC12A2",False
C2_core,GO_BP,GOBP_NEGATIVE_REGULATION_OF_LIPID_BIOSYNTHETIC_PROCESS,Negative regulation of lipid biosynthetic process,7,51,806,0.0087,0.0034,2.519,0.01986553985096436,0.13159183653025167,"LPCAT1, CCDC3, SNAI1, DKK3, SPHK1, GFI1, PDGFA",False
C2_core,GO_BP,GOBP_RESPONSE_TO_XENOBIOTIC_STIMULUS,Response to xenobiotic stimulus,30,371,806,0.0372,0.0251,1.484,0.019970738624827823,0.1320578161421861,"PRICKLE1, GSTP1, TSPO, ITGA2, UCHL1, LOX, SLC6A11, PDE3A, MMP7, BCL2, ACSM1, SLC28A3, VEGFC, MYC, FOSB, CA9, MAP1B, MMP2, FOS, CXCR4, TRPA1, SULT1C4, GUK1, ANKRD1, THBS1, PTGS2, ITGA3, GATA6, TNFRSF11B, FZD1",False
C2_core,GO_BP,GOBP_REGULATION_OF_HEART_CONTRACTION,Regulation of heart contraction,16,167,806,0.0199,0.0113,1.759,0.020075710863805708,0.1325206767647384,"SLC4A3, TRPC1, HBEGF, TGFB2, STC1, GJA1, ADORA1, CACNA2D1, HSPB7, FLNA, CACNA1C, GPD1L, ZC3H12A, EDNRA, TPM1, RGS4",False
C2_core,GO_BP,GOBP_POSITIVE_REGULATION_OF_SMOOTH_MUSCLE_CELL_PROLIFERATION,Positive regulation of smooth muscle cell proliferation,9,75,806,0.0112,0.0051,2.203,0.020304281932204155,0.1337963899845592,"THBS1, HBEGF, PTGS2, PDGFD, ADAMTS1, ITGA2, MMP2, GJA1, NOTCH3",False
C2_core,GO_BP,GOBP_NEGATIVE_REGULATION_OF_INTERLEUKIN_10_PRODUCTION,Negative regulation of interleukin 10 production,4,20,806,0.005,0.0014,3.671,0.02106671643579005,0.13809998023392472,"VSIR, DLL1, FOXP3, TNFRSF21",False
C2_core,GO_BP,GOBP_POSITIVE_REGULATION_OF_CELL_MIGRATION_INVOLVED_IN_SPROUTING_ANGIOGENESIS,Positive regulation of cell migration involved in sprouting angiogenesis,4,20,806,0.005,0.0014,3.671,0.02106671643579005,0.13809998023392472,"ANXA1, GATA2, PTGS2, SRPX2",False
C2_core,GO_BP,GOBP_REGULATION_OF_CARDIOCYTE_DIFFERENTIATION,Regulation of cardiocyte differentiation,4,20,806,0.005,0.0014,3.671,0.02106671643579005,0.13809998023392472,"FZD7, DLL1, PRICKLE1, TGFB2",False
C2_core,GO_BP,GOBP_INORGANIC_ION_IMPORT_ACROSS_PLASMA_MEMBRANE,Inorganic ion import across plasma membrane,11,101,806,0.0136,0.0068,1.999,0.021435629057249765,0.14003379051365406,"P2RX1, KCNJ16, SLC5A1, ATP1B3, CACNA2D1, FXYD2, NALF1, CACNA1C, CACNA1I, TRPV6, SLC12A2",False
C2_core,GO_BP,GOBP_REGULATION_OF_LEUKOCYTE_CHEMOTAXIS,Regulation of leukocyte chemotaxis,11,101,806,0.0136,0.0068,1.999,0.021435629057249765,0.14003379051365406,"THBS1, CCL21, VEGFC, SLIT2, CCL2, IL34, NEDD9, JAM3, MDK, CCL19, CXCL8",False
C2_core,GO_BP,GOBP_CEREBELLAR_CORTEX_MORPHOGENESIS,Cerebellar cortex morphogenesis,5,30,806,0.0062,0.002,3.059,0.0217332748422717,0.1412058246391399,"TRNP1, GLI2, GLI1, DLL1, TUBA1A",False
C2_core,GO_BP,GOBP_NEUROEPITHELIAL_CELL_DIFFERENTIATION,Neuroepithelial cell differentiation,5,30,806,0.0062,0.002,3.059,0.0217332748422717,0.1412058246391399,"DLL1, SOX4, MAP1B, GATA2, JAG1",False
C2_core,GO_BP,GOBP_REGULATION_OF_T_HELPER_17_TYPE_IMMUNE_RESPONSE,Regulation of t helper 17 type immune response,5,30,806,0.0062,0.002,3.059,0.0217332748422717,0.1412058246391399,"BATF, JUNB, FOXP3, ZC3H12A, NFKBID",False
C2_core,GO_BP,GOBP_GLYCOPROTEIN_BIOSYNTHETIC_PROCESS,Glycoprotein biosynthetic process,23,269,806,0.0285,0.0182,1.569,0.021798564671552636,0.1412058246391399,"CHST10, MGAT3, B3GNT7, ITM2A, BACE2, B3GAT3, HS3ST1, CCL19, BCL2, ITM2C, GCNT4, GFPT2, SLC51B, TUSC3, TMTC2, PHLDA1, HBEGF, CCL21, HS6ST2, FOXL1, CHST4, CHST3, B3GNT3",False
C2_core,GO_BP,GOBP_NEURON_PROJECTION_REGENERATION,Neuron projection regeneration,7,52,806,0.0087,0.0035,2.471,0.02191317627020698,0.1412058246391399,"TSPO, MAP1B, KLF4, FLNA, MMP2, THY1, BCL2",False
C2_core,GO_BP,GOBP_ESTABLISHMENT_OF_ENDOTHELIAL_BARRIER,Establishment of endothelial barrier,7,52,806,0.0087,0.0035,2.471,0.02191317627020698,0.1412058246391399,"EZR, MYADM, VCL, FOXP3, CLDN5, EDNRA, SOX18",False
C2_core,GO_BP,GOBP_ADHERENS_JUNCTION_ORGANIZATION,Adherens junction organization,7,52,806,0.0087,0.0035,2.471,0.02191317627020698,0.1412058246391399,"RAMP2, ZNF703, CDH11, VCL, CDH6, CDH24, JAM3",False
C2_core,GO_BP,GOBP_POSITIVE_CHEMOTAXIS,Positive chemotaxis,7,52,806,0.0087,0.0035,2.471,0.02191317627020698,0.1412058246391399,"F3, VEGFC, CASR, FGF7, ITGA2, ANGPT1, CXCL8",False
C2_core,GO_BP,GOBP_REGULATION_OF_PROTEIN_CATABOLIC_PROCESS,Regulation of protein catabolic process,27,329,806,0.0335,0.0222,1.506,0.02225507781757865,0.14313450519226392,"MGAT3, ECSCR, PRICKLE1, TIMP2, SOX9, NKD2, TIMP4, MAP1A, WNT10B, PIN1, TMEM132A, CSNK1E, TNFSF12, ADGRB1, TIMP1, EZR, IRAK3, IER3, DACT1, FLNA, GPC3, OSBPL7, LPCAT1, TSPAN15, SH3RF3, ADRA2A, PLK3",False
C2_core,GO_BP,GOBP_ENDOTHELIAL_CELL_DEVELOPMENT,Endothelial cell development,8,64,806,0.0099,0.0043,2.294,0.02232580959847664,0.14313450519226392,"EZR, STC1, MYADM, VCL, FOXP3, CLDN5, EDNRA, SOX18",False
C2_core,GO_BP,GOBP_CELLULAR_EXTRAVASATION,Cellular extravasation,8,64,806,0.0099,0.0043,2.294,0.02232580959847664,0.14313450519226392,"CCL21, PDGFD, CHST4, CCL2, JAM3, MDK, THY1, PLVAP",False
C2_core,GO_BP,GOBP_POSITIVE_REGULATION_OF_KINASE_ACTIVITY,Positive regulation of kinase activity,22,255,806,0.0273,0.0172,1.584,0.022365323765464365,0.1431456279515954,"TGFB2, PDGFD, IL34, EPHA2, CCN1, CCL19, DDR1, ADRA2C, GPRC5B, DLG3, CCND3, PDGFA, KIT, MST1R, MUSK, THBS1, ROR2, DIRAS2, NEDD9, RGCC, ADRA2A, ANGPT1",False
C2_core,GO_BP,GOBP_BLOOD_VESSEL_REMODELING,Blood vessel remodeling,6,41,806,0.0074,0.0028,2.686,0.02261346662628468,0.14342422707861363,"ACVRL1, JAG1, FLNA, EDNRA, LIF, FOXC1",False
C2_core,GO_BP,GOBP_REGULATION_OF_PROTEIN_TYROSINE_KINASE_ACTIVITY,Regulation of protein tyrosine kinase activity,6,41,806,0.0074,0.0028,2.686,0.02261346662628468,0.14342422707861363,"IL34, DUSP22, GPRC5B, NEDD9, DLG3, HYAL2",False
C2_core,GO_BP,GOBP_REGULATION_OF_NEUTROPHIL_MIGRATION,Regulation of neutrophil migration,6,41,806,0.0074,0.0028,2.686,0.02261346662628468,0.14342422707861363,"CCL21, SLIT2, JAM3, MDK, CCL19, CXCL8",False
C2_core,GO_BP,GOBP_NEGATIVE_REGULATION_OF_OSTEOBLAST_DIFFERENTIATION,Negative regulation of osteoblast differentiation,6,41,806,0.0074,0.0028,2.686,0.02261346662628468,0.14342422707861363,"HAND2, VEGFC, BAMBI, ID3, SOX9, CRIM1",False
C2_core,GO_BP,GOBP_LABYRINTHINE_LAYER_DEVELOPMENT,Labyrinthine layer development,6,41,806,0.0074,0.0028,2.686,0.02261346662628468,0.14342422707861363,"SPINT2, SPINT1, SOCS3, JUNB, CCN1, ST14",False
C2_core,GO_BP,GOBP_CD4_POSITIVE_ALPHA_BETA_T_CELL_DIFFERENTIATION,Cd4 positive alpha beta t cell differentiation,10,89,806,0.0124,0.006,2.062,0.022691526778877324,0.14342422707861363,"SHB, BATF, SOCS1, SOCS3, JUNB, FOXP3, CCL19, ZC3H12A, NFKBID, ANXA1",False
C2_core,GO_BP,GOBP_NEUTROPHIL_MIGRATION,Neutrophil migration,10,89,806,0.0124,0.006,2.062,0.022691526778877324,0.14342422707861363,"CXCL6, CCL21, TGFB2, CXCL5, SLIT2, JAM3, CXCL1, MDK, CCL19, CXCL8",False
C2_core,GO_BP,GOBP_MAMMARY_GLAND_DEVELOPMENT,Mammary gland development,12,115,806,0.0149,0.0078,1.915,0.02271167491347801,0.14342422707861363,"DDR1, ZNF703, GJA1, GLI2, ELF3, LBH, STAT5A, ITGA2, SOX9, VDR, EPHA2, TGFB3",False
C2_core,GO_BP,GOBP_BIOMINERAL_TISSUE_DEVELOPMENT,Biomineral tissue development,14,142,806,0.0174,0.0096,1.81,0.022857901568603373,0.14410746929024654,"WNT10B, ROR2, PTGS2, WLS, GJA1, PRICKLE1, PKDCC, MGP, ASPN, LOX, SOX9, CCN1, VDR, GPC3",False
C2_core,GO_BP,GOBP_INORGANIC_ION_HOMEOSTASIS,Inorganic ion homeostasis,34,437,806,0.0422,0.0295,1.428,0.02323050339094214,0.14614272383442914,"P2RX1, ATP1B3, CYBRD1, SLC22A17, CACNA1C, PLCH1, CCL19, THY1, CYBA, TMPRSS3, BCL2, SLC12A2, HYAL2, TRPC1, STC1, MYC, TRPC4, KCTD17, VDR, PKHD1, EDNRA, SLC39A13, CIB2, TRPA1, ATP13A4, CASR, FXYD2, TMTC2, SV2A, PLCB4, FLNA, TRPV6, CCL21, ADORA1",False
C2_core,GO_BP,GOBP_NEGATIVE_REGULATION_OF_CELL_ACTIVATION,Negative regulation of cell activation,17,184,806,0.0211,0.0124,1.696,0.023257868163673995,0.14614272383442914,"CTLA4, TNFRSF21, IL2RA, NRARP, LRRC32, VSIR, SOCS1, CD9, DUSP22, THBD, FOXP3, SYT11, VTCN1, MDK, ZC3H12A, ANXA1, PDGFA",False
C2_core,GO_BP,GOBP_HUMORAL_IMMUNE_RESPONSE,Humoral immune response,16,170,806,0.0199,0.0115,1.728,0.02330567717302468,0.14620068014667303,"A2M, CXCL6, MMP7, CCL21, TNFRSF21, CXCL5, C7, CCL2, RPS19, GATA6, RGCC, CXCL1, CCL19, WFDC2, CXCL8, BCL2",False
C2_core,GO_BP,GOBP_RESPONSE_TO_CORTICOSTEROID,Response to corticosteroid,13,129,806,0.0161,0.0087,1.85,0.023579862860829397,0.1475426351792221,"AQP1, PAPPA, A2M, PTGS2, STC1, FOSB, ANXA3, SLIT2, ZFP36, IGFBP7, ANXA1, BCL2, FOS",False
C2_core,GO_BP,GOBP_CARDIAC_MUSCLE_CELL_CONTRACTION,Cardiac muscle cell contraction,9,77,806,0.0112,0.0052,2.145,0.02370933807159483,0.1475426351792221,"SCN4A, STC1, GJA1, ADORA1, CACNA2D1, GSN, FLNA, CACNA1C, GPD1L",False
C2_core,GO_BP,GOBP_REGULATION_OF_PROTEIN_SECRETION,Regulation of protein secretion,19,213,806,0.0236,0.0144,1.637,0.023796689990988246,0.1475426351792221,"WLS, TGFB2, SLC12A2, TMEM132A, APBB3, VEGFC, RAB11FIP5, TGFB3, DOC2B, GNAZ, CASR, ANKRD1, MIDN, STX1A, EFNA5, RAB11FIP1, SOX4, ADRA2A, NLGN2",False
C2_core,GO_BP,GOBP_NEGATIVE_REGULATION_OF_TUMOR_NECROSIS_FACTOR_SUPERFAMILY_CYTOKINE_PRODUCTION,Negative regulation of tumor necrosis factor superfamily cytokine production,7,53,806,0.0087,0.0036,2.424,0.024102440482575645,0.1475426351792221,"VSIR, IRAK3, GSTP1, TSPO, FOXP3, SYT11, ZC3H12A",False
C2_core,GO_BP,GOBP_REGULATION_OF_SMAD_PROTEIN_SIGNAL_TRANSDUCTION,Regulation of smad protein signal transduction,7,53,806,0.0087,0.0036,2.424,0.024102440482575645,0.1475426351792221,"TGFB2, ACVRL1, PMEPA1, GDF15, VEPH1, PIN1, TGFB3",False
C2_core,GO_BP,GOBP_ENDODERM_FORMATION,Endoderm formation,7,53,806,0.0087,0.0036,2.424,0.024102440482575645,0.1475426351792221,"COL12A1, ITGB5, COL4A2, MMP14, GATA6, MYH9, MMP2",False
C2_core,GO_BP,GOBP_NEUROBLAST_PROLIFERATION,Neuroblast proliferation,8,65,806,0.0099,0.0044,2.259,0.024288380342077302,0.1475426351792221,"SMARCD3, BTG2, VEGFC, VCAN, DAGLA, ID4, HAPLN3, GATA2",False
C2_core,GO_BP,GOBP_REGULATION_OF_SYNAPSE_ASSEMBLY,Regulation of synapse assembly,11,103,806,0.0136,0.007,1.96,0.024415232995386647,0.1475426351792221,"SRPX2, EFNA5, AMIGO2, CLSTN1, LRFN4, ADGRB1, CLSTN2, NLGN2, TPBG, MUSK, FZD1",False
C2_core,GO_BP,GOBP_MYOTUBE_DIFFERENTIATION,Myotube differentiation,11,103,806,0.0136,0.007,1.96,0.024415232995386647,0.1475426351792221,"KLF5, HOMER1, CD9, MMP14, BHLHE41, MYH9, ADGRB1, GDF15, ADAMTS15, WNT10B, BCL2",False
C2_core,GO_BP,GOBP_REGENERATION,Regeneration,16,171,806,0.0199,0.0116,1.717,0.024464997779793992,0.1475426351792221,"FZD7, KLF5, THY1, CD9, ANXA3, TSPO, MAP1B, KLF4, FLNA, GLI1, MMP2, MDK, GJA1, WNT10B, ANXA1, BCL2",False
C2_core,GO_BP,GOBP_REGULATION_OF_EPITHELIAL_CELL_DIFFERENTIATION_INVOLVED_IN_KIDNEY_DEVELOPMENT,Regulation of epithelial cell differentiation involved in kidney development,3,12,806,0.0037,0.0008,4.589,0.024493089872718577,0.1475426351792221,"LIF, WWTR1, PROM1",False
C2_core,GO_BP,GOBP_ATRIAL_SEPTUM_MORPHOGENESIS,Atrial septum morphogenesis,3,12,806,0.0037,0.0008,4.589,0.024493089872718577,0.1475426351792221,"CCN1, SOX4, TGFB2",False
C2_core,GO_BP,GOBP_MICROTUBULE_BASED_PROTEIN_TRANSPORT,Microtubule based protein transport,3,12,806,0.0037,0.0008,4.589,0.024493089872718577,0.1475426351792221,"CLIP3, MAP1A, KIF5C",False
C2_core,GO_BP,GOBP_NEGATIVE_REGULATION_OF_ADENYLATE_CYCLASE_ACTIVATING_G_PROTEIN_COUPLED_RECEPTOR_SIGNALING_PATHWAY,Negative regulation of adenylate cyclase activating g protein coupled receptor signaling pathway,3,12,806,0.0037,0.0008,4.589,0.024493089872718577,0.1475426351792221,"PDE3A, MRAP2, APLP1",False
C2_core,GO_BP,GOBP_CARDIAC_NEURAL_CREST_CELL_DIFFERENTIATION_INVOLVED_IN_HEART_DEVELOPMENT,Cardiac neural crest cell differentiation involved in heart development,3,12,806,0.0037,0.0008,4.589,0.024493089872718577,0.1475426351792221,"JAG1, EDNRA, HAND2",False
C2_core,GO_BP,GOBP_POSITIVE_REGULATION_OF_INTEGRIN_MEDIATED_SIGNALING_PATHWAY,Positive regulation of integrin mediated signaling pathway,3,12,806,0.0037,0.0008,4.589,0.024493089872718577,0.1475426351792221,"LAMC1, CD63, FLNA",False
C2_core,GO_BP,GOBP_CARTILAGE_CONDENSATION,Cartilage condensation,3,12,806,0.0037,0.0008,4.589,0.024493089872718577,0.1475426351792221,"CCN2, MGP, SOX9",False
C2_core,GO_BP,GOBP_TRANSFORMING_GROWTH_FACTOR_BETA1_PRODUCTION,Transforming growth factor beta1 production,3,12,806,0.0037,0.0008,4.589,0.024493089872718577,0.1475426351792221,"THBS1, FOXP3, GATA6",False
C2_core,GO_BP,GOBP_CELLULAR_RESPONSE_TO_PEPTIDE,Cellular response to peptide,3,12,806,0.0037,0.0008,4.589,0.024493089872718577,0.1475426351792221,"KLF2, KLF4, CASR",False
C2_core,GO_BP,GOBP_RETINAL_CONE_CELL_DIFFERENTIATION,Retinal cone cell differentiation,3,12,806,0.0037,0.0008,4.589,0.024493089872718577,0.1475426351792221,"USH1C, THY1, HCN1",False
C2_core,GO_BP,GOBP_METANEPHRIC_GLOMERULUS_DEVELOPMENT,Metanephric glomerulus development,3,12,806,0.0037,0.0008,4.589,0.024493089872718577,0.1475426351792221,"CD34, EGR1, AQP1",False
C2_core,GO_BP,GOBP_ACTIN_CROSSLINK_FORMATION,Actin crosslink formation,3,12,806,0.0037,0.0008,4.589,0.024493089872718577,0.1475426351792221,"BAIAP2L2, FLNA, DPYSL3",False
C2_core,GO_BP,GOBP_DENDRITIC_CELL_APOPTOTIC_PROCESS,Dendritic cell apoptotic process,3,12,806,0.0037,0.0008,4.589,0.024493089872718577,0.1475426351792221,"CCL19, CCL21, BCL2",False
C2_core,GO_BP,GOBP_REGULATION_OF_WNT_SIGNALING_PATHWAY_PLANAR_CELL_POLARITY_PATHWAY,Regulation of wnt signaling pathway planar cell polarity pathway,3,12,806,0.0037,0.0008,4.589,0.024493089872718577,0.1475426351792221,"DACT1, GPC3, MLLT3",False
C2_core,GO_BP,GOBP_POSITIVE_REGULATION_OF_VASCULOGENESIS,Positive regulation of vasculogenesis,3,12,806,0.0037,0.0008,4.589,0.024493089872718577,0.1475426351792221,"CD34, RAMP2, RRAS",False
C2_core,GO_BP,GOBP_NEGATIVE_REGULATION_OF_CYTOKINE_PRODUCTION_INVOLVED_IN_IMMUNE_RESPONSE,Negative regulation of cytokine production involved in immune response,5,31,806,0.0062,0.0021,2.96,0.024785820900130227,0.1483625203642866,"TGFB2, IRAK3, FOXP3, ANGPT1, TGFB3",False
C2_core,GO_BP,GOBP_NEGATIVE_REGULATION_OF_NOTCH_SIGNALING_PATHWAY,Negative regulation of notch signaling pathway,5,31,806,0.0062,0.0021,2.96,0.024785820900130227,0.1483625203642866,"NRARP, TSPAN15, MMP14, GATA2, DLL1",False
C2_core,GO_BP,GOBP_TRANSFORMING_GROWTH_FACTOR_BETA_PRODUCTION,Transforming growth factor beta production,5,31,806,0.0062,0.0021,2.96,0.024785820900130227,0.1483625203642866,"THBS1, PTGS2, TGFB2, FOXP3, GATA6",False
C2_core,GO_BP,GOBP_PROTEIN_KINASE_C_SIGNALING,Protein kinase c signaling,5,31,806,0.0062,0.0021,2.96,0.024785820900130227,0.1483625203642866,"MYADM, SEZ6L2, GPD1L, ANKRD1, PLVAP",False
C2_core,GO_BP,GOBP_LYMPHOID_PROGENITOR_CELL_DIFFERENTIATION,Lymphoid progenitor cell differentiation,4,21,806,0.005,0.0014,3.496,0.0249303734114076,0.14875777142649355,"BATF, BCL2, SOX4, KIT",False
C2_core,GO_BP,GOBP_REGULATION_OF_MACROPHAGE_DIFFERENTIATION,Regulation of macrophage differentiation,4,21,806,0.005,0.0014,3.496,0.0249303734114076,0.14875777142649355,"LIF, ROR2, GATA2, IL34",False
C2_core,GO_BP,GOBP_NEGATIVE_REGULATION_OF_CATALYTIC_ACTIVITY,Negative regulation of catalytic activity,29,363,806,0.036,0.0245,1.466,0.02521882985203384,0.15024236841093747,"PPP1R15A, GSTP1, TIMP2, UCHL1, THY1, TIMP4, HYAL2, DBNDD1, LATS2, ZFP36, SERPINH1, GPSM1, DUSP22, SPOCK2, PYCARD, GFI1, TIMP1, IRAK3, KLF4, CDKN1C, SPRY1, AQP1, MIDN, THBS1, SERPINB9, PTX3, GABBR2, WWTR1, NES",False
C2_core,GO_BP,GOBP_NEGATIVE_REGULATION_OF_CYTOSKELETON_ORGANIZATION,Negative regulation of cytoskeleton organization,14,144,806,0.0174,0.0097,1.784,0.025433285385657346,0.15128213238030722,"TACSTD2, SLIT2, KANK3, MYADM, TMSB10, GSN, TMOD2, RHPN1, MAP1B, TWF2, STMN2, VILL, CLIP3, HDGFL3",False
C2_core,GO_BP,GOBP_RESPONSE_TO_OSMOTIC_STRESS,Response to osmotic stress,9,78,806,0.0112,0.0053,2.118,0.025556272613473804,0.1515378981728517,"PTGS2, YBX3, TSPO, ITGA2, PLK3, PYCARD, PAPPA2, AQP1, SLC12A2",False
C2_core,GO_BP,GOBP_NEURAL_CREST_CELL_DIFFERENTIATION,Neural crest cell differentiation,9,78,806,0.0112,0.0053,2.118,0.025556272613473804,0.1515378981728517,"FRZB, HAND2, SEMA7A, SEMA3E, JAG1, SOX9, SEMA3G, EDNRA, FOXC1",False
C2_core,GO_BP,GOBP_T_CELL_ACTIVATION_INVOLVED_IN_IMMUNE_RESPONSE,T cell activation involved in immune response,11,104,806,0.0136,0.007,1.941,0.02601304160038585,0.15399644424735662,"SHB, BATF, SOCS3, JUNB, CLEC4D, FOXP3, MDK, CCL19, ZC3H12A, NFKBID, ANXA1",False
C2_core,GO_BP,GOBP_MYOBLAST_DIFFERENTIATION,Myoblast differentiation,10,91,806,0.0124,0.0062,2.017,0.026052182835195458,0.15399644424735662,"SMARCD3, PRICKLE1, DLL1, SOX4, BTG1, ID3, BOC, SOX9, JAG1, WNT10B",False
C2_core,GO_BP,GOBP_REGULATION_OF_CELL_SUBSTRATE_JUNCTION_ORGANIZATION,Regulation of cell substrate junction organization,8,66,806,0.0099,0.0045,2.225,0.026368650378074197,0.15506378646614494,"THBS1, EFNA5, THY1, ACVRL1, VCL, DUSP22, MMP14, COL16A1",False
C2_core,GO_BP,GOBP_EMBRYONIC_HEART_TUBE_DEVELOPMENT,Embryonic heart tube development,8,66,806,0.0099,0.0045,2.225,0.026368650378074197,0.15506378646614494,"HAND2, GJA1, DLL1, VANGL2, EDNRA, SOX18, FOXC1, TEAD2",False
C2_core,GO_BP,GOBP_REGULATION_OF_EXTRINSIC_APOPTOTIC_SIGNALING_PATHWAY,Regulation of extrinsic apoptotic signaling pathway,13,131,806,0.0161,0.0089,1.821,0.026370426228979876,0.15506378646614494,"ITM2C, THBS1, PYCARD, GSTP1, MCL1, PPP2R1A, TNFRSF12A, LTB, TNFSF12, PAK5, LMNA, BCL2, HYAL2",False
C2_core,GO_BP,GOBP_REGULATION_OF_MORPHOGENESIS_OF_AN_EPITHELIUM,Regulation of morphogenesis of an epithelium,7,54,806,0.0087,0.0037,2.379,0.02643737293669296,0.15506378646614494,"TACSTD2, FGF7, MDK, SOX9, GJA1, LIF, PDGFA",False
C2_core,GO_BP,GOBP_PHOTORECEPTOR_CELL_DIFFERENTIATION,Photoreceptor cell differentiation,7,54,806,0.0087,0.0037,2.379,0.02643737293669296,0.15506378646614494,"PROM1, PRDM1, USH1C, SAMD11, HCN1, SOX9, THY1",False
C2_core,GO_BP,GOBP_NEGATIVE_REGULATION_OF_DNA_BINDING_TRANSCRIPTION_FACTOR_ACTIVITY,Negative regulation of dna binding transcription factor activity,12,118,806,0.0149,0.008,1.867,0.02714904608621902,0.15874650558747513,"ZC3H12A, HEYL, IRAK3, KLF4, ID1, MDFI, PKHD1, FLNA, ID3, FOXP3, PYCARD, GFI1",False
C2_core,GO_BP,GOBP_ALPHA_BETA_T_CELL_DIFFERENTIATION,Alpha beta t cell differentiation,12,118,806,0.0149,0.008,1.867,0.02714904608621902,0.15874650558747513,"SHB, BATF, PRDM1, SOCS1, SOCS3, JUNB, FOXP3, CCL19, ZC3H12A, NFKBID, ANXA1, BCL2",False
C2_core,GO_BP,GOBP_REGULATION_OF_FIBROBLAST_PROLIFERATION,Regulation of fibroblast proliferation,9,79,806,0.0112,0.0053,2.091,0.02750282601239454,0.1604474824000078,"ZMIZ1, MYC, PDGFD, GSTP1, SPHK1, S100A6, LIF, AQP1, PDGFA",False
C2_core,GO_BP,GOBP_POSITIVE_REGULATION_OF_GROWTH,Positive regulation of growth,18,202,806,0.0223,0.0137,1.636,0.027524640686198226,0.1604474824000078,"GDI1, EFNA5, HBEGF, SEMA7A, CPNE5, TGFB2, EZR, CXCR4, YBX3, MAP1B, GATA6, GLI1, TWF2, SPHK1, MMP14, ATP8A2, DLL1, BCL2",False
C2_core,GO_BP,GOBP_CARDIAC_SEPTUM_DEVELOPMENT,Cardiac septum development,10,92,806,0.0124,0.0062,1.995,0.02785980784220032,0.1619030857578175,"TGFB2, SLIT2, HEYL, PRDM1, SOX4, GATA6, CCN1, JAG1, PARVA, FZD1",False
C2_core,GO_BP,GOBP_POSITIVE_REGULATION_OF_CALCIUM_ION_TRANSPORT,Positive regulation of calcium ion transport,10,92,806,0.0124,0.0062,1.995,0.02785980784220032,0.1619030857578175,"P2RX1, TRPC1, HOMER1, GJC2, STC1, CASR, CCL2, CACNA2D1, TSPO, THY1",False
C2_core,GO_BP,GOBP_NEGATIVE_REGULATION_OF_LEUKOCYTE_MIGRATION,Negative regulation of leukocyte migration,6,43,806,0.0074,0.0029,2.561,0.027992093448144344,0.16242272905822194,"CCL21, SLIT2, ADORA1, CCL2, CNN2, GDF15",False
C2_core,GO_BP,GOBP_POSITIVE_REGULATION_OF_EPITHELIAL_CELL_APOPTOTIC_PROCESS,Positive regulation of epithelial cell apoptotic process,5,32,806,0.0062,0.0022,2.868,0.02810043649280172,0.16255351736064994,"THBS1, ECSCR, CCL2, GSN, RGCC",False
C2_core,GO_BP,GOBP_REGULATION_OF_OLIGODENDROCYTE_DIFFERENTIATION,Regulation of oligodendrocyte differentiation,5,32,806,0.0062,0.0022,2.868,0.02810043649280172,0.16255351736064994,"TNFRSF21, CXCR4, IL34, ID4, MDK",False
C2_core,GO_BP,GOBP_RECEPTOR_CLUSTERING,Receptor clustering,7,55,806,0.0087,0.0037,2.336,0.0289217830459674,0.16658625875100247,"NLGN2, GSN, GLRB, FLNA, DLG3, THY1, MUSK",False
C2_core,GO_BP,GOBP_GLUCOSAMINE_CONTAINING_COMPOUND_METABOLIC_PROCESS,Glucosamine containing compound metabolic process,4,22,806,0.005,0.0015,3.337,0.02919326360798777,0.16658625875100247,"CHST1, CHST4, CHST3, MGAT3",False
C2_core,GO_BP,GOBP_HEMATOPOIETIC_STEM_CELL_HOMEOSTASIS,Hematopoietic stem cell homeostasis,4,22,806,0.005,0.0015,3.337,0.02919326360798777,0.16658625875100247,"GATA2, FSTL1, SOX4, EMCN",False
C2_core,GO_BP,GOBP_MOTOR_NEURON_AXON_GUIDANCE,Motor neuron axon guidance,4,22,806,0.005,0.0015,3.337,0.02919326360798777,0.16658625875100247,"SLIT2, EGR2, KIF5C, PLXNA3",False
C2_core,GO_BP,GOBP_MICROVILLUS_ASSEMBLY,Microvillus assembly,4,22,806,0.005,0.0015,3.337,0.02919326360798777,0.16658625875100247,"KLF5, FXYD5, EZR, PODXL",False
C2_core,GO_BP,GOBP_PROTEIN_REFOLDING,Protein refolding,4,22,806,0.005,0.0015,3.337,0.02919326360798777,0.16658625875100247,"HSPB2, HSPB6, CRYAB, HSPA2",False
C2_core,GO_BP,GOBP_PULMONARY_VALVE_DEVELOPMENT,Pulmonary valve development,4,22,806,0.005,0.0015,3.337,0.02919326360798777,0.16658625875100247,"SLIT2, HEYL, JAG1, TGFB2",False
C2_core,GO_BP,GOBP_ADRENAL_GLAND_DEVELOPMENT,Adrenal gland development,4,22,806,0.005,0.0015,3.337,0.02919326360798777,0.16658625875100247,"DKK3, ARID5B, MDK, TSPO",False
C2_core,GO_BP,GOBP_PROSTATE_GLAND_MORPHOGENESIS,Prostate gland morphogenesis,4,22,806,0.005,0.0015,3.337,0.02919326360798777,0.16658625875100247,"ID4, CRIP1, MMP2, SOX9",False
C2_core,GO_BP,GOBP_REGULATION_OF_SECRETION,Regulation of secretion,37,492,806,0.0459,0.0333,1.38,0.029285738619519705,0.1668626520742258,"P2RX1, WLS, TGFB2, TSPO, SYT11, CYBA, ANXA1, TMEM132A, SLC12A2, APBB3, ADRA2C, MCTP1, STC1, VEGFC, LIF, RAB11FIP5, TGFB3, DOC2B, GNAZ, CASR, PTPRN2, SV2A, RAB3C, TRPV6, GJA1, ANKRD1, STX1A, AQP1, MIDN, EFNA5, RAB11FIP1, ADORA1, SOX4, RGCC, GATA2, ADRA2A, NLGN2",False
C2_core,GO_BP,GOBP_MEMORY,Memory,11,106,806,0.0136,0.0072,1.905,0.029433265851162543,0.16745141788296528,"ITGA8, CHST10, PTGS2, ITGA3, TUBA1A, SYT11, MDK, PAK5, MAP1A, MUSK, NFATC4",False
C2_core,GO_BP,GOBP_REGULATION_OF_PROTEIN_TRANSPORT,Regulation of protein transport,29,368,806,0.036,0.0249,1.446,0.029518672811575733,0.16762014098768083,"WLS, TGFB2, B3GAT3, HYAL2, TMEM132A, APBB3, SLC12A2, VEGFC, PKDCC, RAB11FIP5, TGFB3, SLC51B, DOC2B, GNAZ, CASR, FLNA, ZC3H12A, ANKRD1, MIDN, STX1A, EFNA5, PTPN14, PTGS2, RAB11FIP1, SOX4, ADRA2A, PLK3, NLGN2, ANGPT1",False
C2_core,GO_BP,GOBP_REGULATION_OF_PROTEIN_DEPOLYMERIZATION,Regulation of protein depolymerization,9,80,806,0.0112,0.0054,2.065,0.029551399889092316,0.16762014098768083,"GSN, TMOD2, MAP1B, TWF2, STMN2, VILL, NES, MAP1A, HDGFL3",False
C2_core,GO_BP,GOBP_POSITIVE_REGULATION_OF_NEURON_PROJECTION_DEVELOPMENT,Positive regulation of neuron projection development,14,147,806,0.0174,0.0099,1.748,0.029691195987823927,0.16816134767991758,"DDR1, ALKAL1, ROR2, ITGA3, DPYSL3, TWF2, DBN1, FLNA, MDK, ATP8A2, ALKAL2, STMN2, MUSK, FZD1",False
C2_core,GO_BP,GOBP_RESPONSE_TO_LEUKEMIA_INHIBITORY_FACTOR,Response to leukemia inhibitory factor,10,93,806,0.0124,0.0063,1.974,0.029754959119021686,0.16827095537607933,"MSC, KLF5, VEGFC, PFKP, PTP4A3, SOCS3, KLF4, ARID5B, GFPT2, SPOCK2",False
C2_core,GO_BP,GOBP_RENAL_VESICLE_DEVELOPMENT,Renal vesicle development,3,13,806,0.0037,0.0009,4.236,0.03057818144766495,0.17013322981674375,"SOX9, LIF, KIF26B",False
C2_core,GO_BP,GOBP_GAMMA_DELTA_T_CELL_DIFFERENTIATION,Gamma delta t cell differentiation,3,13,806,0.0037,0.0009,4.236,0.03057818144766495,0.17013322981674375,"JAG2, SOX4, EGR3",False
C2_core,GO_BP,GOBP_HEART_VALVE_FORMATION,Heart valve formation,3,13,806,0.0037,0.0009,4.236,0.03057818144766495,0.17013322981674375,"CDH11, OLFM1, SOX9",False
C2_core,GO_BP,GOBP_PYRAMIDAL_NEURON_DIFFERENTIATION,Pyramidal neuron differentiation,3,13,806,0.0037,0.0009,4.236,0.03057818144766495,0.17013322981674375,"ZMIZ1, PLXNA3, TUBA1A",False
C2_core,GO_BP,GOBP_NOREPINEPHRINE_METABOLIC_PROCESS,Norepinephrine metabolic process,3,13,806,0.0037,0.0009,4.236,0.03057818144766495,0.17013322981674375,"EDNRA, HAND2, MOXD1",False
C2_core,GO_BP,GOBP_DETECTION_OF_MECHANICAL_STIMULUS_INVOLVED_IN_SENSORY_PERCEPTION_OF_PAIN,Detection of mechanical stimulus involved in sensory perception of pain,3,13,806,0.0037,0.0009,4.236,0.03057818144766495,0.17013322981674375,"ITGA2, CXCR4, TRPA1",False
C2_core,GO_BP,GOBP_T_CELL_TOLERANCE_INDUCTION,T cell tolerance induction,3,13,806,0.0037,0.0009,4.236,0.03057818144766495,0.17013322981674375,"ICOS, FOXP3, IL2RA",False
C2_core,GO_BP,GOBP_NEGATIVE_REGULATION_BY_HOST_OF_VIRAL_PROCESS,Negative regulation by host of viral process,3,13,806,0.0037,0.0009,4.236,0.03057818144766495,0.17013322981674375,"PTX3, ZC3H12A, APOBEC3H",False
C2_core,GO_BP,GOBP_POSITIVE_REGULATION_OF_SODIUM_ION_TRANSMEMBRANE_TRANSPORTER_ACTIVITY,Positive regulation of sodium ion transmembrane transporter activity,3,13,806,0.0037,0.0009,4.236,0.03057818144766495,0.17013322981674375,"TESC, WNK2, FXYD2",False
C2_core,GO_BP,GOBP_AMYLOID_PRECURSOR_PROTEIN_BIOSYNTHETIC_PROCESS,Amyloid precursor protein biosynthetic process,3,13,806,0.0037,0.0009,4.236,0.03057818144766495,0.17013322981674375,"ITM2C, ITM2A, BACE2",False
C2_core,GO_BP,GOBP_REGULATION_OF_KERATINOCYTE_MIGRATION,Regulation of keratinocyte migration,3,13,806,0.0037,0.0009,4.236,0.03057818144766495,0.17013322981674375,"HAS2, HBEGF, FGF7",False
C2_core,GO_BP,GOBP_AMINOGLYCAN_BIOSYNTHETIC_PROCESS,Aminoglycan biosynthetic process,8,68,806,0.0099,0.0046,2.159,0.030894244711112778,0.17097645477770346,"B3GNT7, CHST3, CHST1, B3GAT3, HS3ST1, HAS2, B3GNT3, ANGPT1",False
C2_core,GO_BP,GOBP_CEREBELLAR_CORTEX_DEVELOPMENT,Cerebellar cortex development,6,44,806,0.0074,0.003,2.503,0.03097234653551103,0.17097645477770346,"TRNP1, GLI2, GLI1, MDK, DLL1, TUBA1A",False
C2_core,GO_BP,GOBP_INTEGRATED_STRESS_RESPONSE_SIGNALING,Integrated stress response signaling,6,44,806,0.0074,0.003,2.503,0.03097234653551103,0.17097645477770346,"PPP1R15A, BATF, BATF3, NCK2, JUNB, FOS",False
C2_core,GO_BP,GOBP_OVARIAN_FOLLICLE_DEVELOPMENT,Ovarian follicle development,6,44,806,0.0074,0.003,2.503,0.03097234653551103,0.17097645477770346,"PTX3, MMP14, MMP2, KIT, BCL2, FOXC1",False
C2_core,GO_BP,GOBP_CELL_CELL_ADHESION_MEDIATED_BY_CADHERIN,Cell cell adhesion mediated by cadherin,6,44,806,0.0074,0.003,2.503,0.03097234653551103,0.17097645477770346,"ADAM19, CDH11, CDH6, CDH24, RGCC, EPCAM",False
C2_core,GO_BP,GOBP_NEGATIVE_REGULATION_OF_INFLAMMATORY_RESPONSE,Negative regulation of inflammatory response,13,134,806,0.0161,0.0091,1.781,0.03100048150759627,0.17097645477770346,"IL2RA, GSTP1, ZFP36, ADORA1, METRNL, RPS19, FNDC4, SOCS3, KLF4, IER3, FOXP3, SYT11, MDK",False
C2_core,GO_BP,GOBP_NEURON_MIGRATION,Neuron migration,14,148,806,0.0174,0.01,1.736,0.031220153760380155,0.1716881895472865,"ZMIZ1, DCDC2, SEMA3E, CXCR4, ITGA3, NDN, MAP1B, PLXNA3, FLNA, MARK1, GATA2, MDK, GJA1, TUBA1A",False
C2_core,GO_BP,GOBP_SYMBIONT_ENTRY_INTO_HOST,Symbiont entry into host,14,148,806,0.0174,0.01,1.736,0.031220153760380155,0.1716881895472865,"EPHA2, ITGB5, CLEC5A, CH25H, PTX3, CXCR4, TMPRSS2, GSN, SLC52A2, ITGA2, SLC7A1, SLC1A5, CXCL8, HYAL2",False
C2_core,GO_BP,GOBP_POSITIVE_REGULATION_OF_FAT_CELL_DIFFERENTIATION,Positive regulation of fat cell differentiation,7,56,806,0.0087,0.0038,2.294,0.031559235578233924,0.1725411284564594,"FRZB, KLF5, CCDC3, PTGS2, METRNL, ZFP36, ZC3H12A",False
C2_core,GO_BP,GOBP_POSITIVE_REGULATION_OF_POTASSIUM_ION_TRANSPORT,Positive regulation of potassium ion transport,5,33,806,0.0062,0.0022,2.781,0.03168302098884653,0.1725411284564594,"ATP1B3, ADORA1, FXYD2, FLNA, ADRA2A",False
C2_core,GO_BP,GOBP_MACROPHAGE_CHEMOTAXIS,Macrophage chemotaxis,5,33,806,0.0062,0.0022,2.781,0.03168302098884653,0.1725411284564594,"THBS1, CCL2, IL34, MMP2, MDK",False
C2_core,GO_BP,GOBP_HEMATOPOIETIC_STEM_CELL_DIFFERENTIATION,Hematopoietic stem cell differentiation,5,33,806,0.0062,0.0022,2.781,0.03168302098884653,0.1725411284564594,"BATF, ZFP36, MLLT3, BCL2, FOXC1",False
C2_core,GO_BP,GOBP_AUTONOMIC_NERVOUS_SYSTEM_DEVELOPMENT,Autonomic nervous system development,5,33,806,0.0062,0.0022,2.781,0.03168302098884653,0.1725411284564594,"HAND2, SOX4, PLXNA3, EDNRA, EGR2",False
C2_core,GO_BP,GOBP_MUCOPOLYSACCHARIDE_METABOLIC_PROCESS,Mucopolysaccharide metabolic process,9,81,806,0.0112,0.0055,2.039,0.03170430057641976,0.1725411284564594,"ITIH5, B3GNT7, CHST3, CHST1, HAS2, B3GNT3, EDNRA, ANGPT1, HYAL2",False
C2_core,GO_BP,GOBP_POSITIVE_REGULATION_OF_MONONUCLEAR_CELL_MIGRATION,Positive regulation of mononuclear cell migration,9,81,806,0.0112,0.0055,2.039,0.03170430057641976,0.1725411284564594,"THBS1, CCL21, PDGFD, IL34, NEDD9, JAM3, MMP14, MDK, PYCARD",False
C2_core,GO_BP,GOBP_STEM_CELL_PROLIFERATION,Stem cell proliferation,10,94,806,0.0124,0.0064,1.953,0.03173955305731122,0.1725411284564594,"CDKN2C, VEGFC, GJA1, CD34, EPCAM, SOX9, NES, WNT10B, SHB, SOX18",False
C2_core,GO_BP,GOBP_ACTOMYOSIN_STRUCTURE_ORGANIZATION,Actomyosin structure organization,17,191,806,0.0211,0.0129,1.634,0.03186552035790717,0.17297773157035856,"ITGB5, MYL9, TACSTD2, FHOD3, TMOD2, RHPN1, FLNC, MYH9, CCN2, RHOC, CNN2, KRT19, LPAR1, RGCC, ANKRD1, TPM1, TGFB3",False
C2_core,GO_BP,GOBP_POSITIVE_REGULATION_OF_MONOATOMIC_ION_TRANSMEMBRANE_TRANSPORT,Positive regulation of monoatomic ion transmembrane transport,12,121,806,0.0149,0.0082,1.82,0.032185615625824275,0.17421613943749742,"P2RX1, TRPC1, GJC2, ATP1B3, CCL2, CACNA2D1, FXYD2, WNK2, FLNA, TESC, EDNRA, THY1",False
C2_core,GO_BP,GOBP_POSITIVE_REGULATION_OF_PEPTIDYL_TYROSINE_PHOSPHORYLATION,Positive regulation of peptidyl tyrosine phosphorylation,12,121,806,0.0149,0.0082,1.82,0.032185615625824275,0.17421613943749742,"ENPP2, HBEGF, EFNA5, FGF7, IL34, GPRC5B, NEDD9, KIT, DLG3, CLCF1, LIF, ANGPT1",False
C2_core,GO_BP,GOBP_POSITIVE_REGULATION_OF_PROTEIN_SERINE_THREONINE_KINASE_ACTIVITY,Positive regulation of protein serine threonine kinase activity,11,108,806,0.0136,0.0073,1.869,0.03316392453338955,0.17925550650073183,"MST1R, THBS1, DIRAS2, PDGFD, IL34, RGCC, ADRA2A, KIT, CCL19, CCND3, PDGFA",False
C2_core,GO_BP,GOBP_ORGANIC_CATION_TRANSPORT,Organic cation transport,10,95,806,0.0124,0.0064,1.932,0.033815436728451616,0.18070465756689288,"STX1A, ADRA2C, ADRA2A, SLC44A3, SLC7A1, SLC38A1, SLC1A5, SFXN3, SLC35F3, RGS4",False
C2_core,GO_BP,GOBP_DEVELOPMENT_OF_PRIMARY_SEXUAL_CHARACTERISTICS,Development of primary sexual characteristics,16,178,806,0.0199,0.012,1.65,0.03382775517839283,0.18070465756689288,"A2M, TGFB2, SLIT2, ADAMTS1, PTX3, YBX3, KIT, GATA6, ARID5B, MMP14, MMP2, SOX9, FLNA, GJA1, BCL2, FOXC1",False
C2_core,GO_BP,GOBP_CELL_FATE_COMMITMENT_INVOLVED_IN_FORMATION_OF_PRIMARY_GERM_LAYER,Cell fate commitment involved in formation of primary germ layer,4,23,806,0.005,0.0016,3.192,0.03386125808194614,0.18070465756689288,"KLF4, FZD7, GATA6, TRIM15",False
C2_core,GO_BP,GOBP_NEGATIVE_REGULATION_OF_STEROID_METABOLIC_PROCESS,Negative regulation of steroid metabolic process,4,23,806,0.005,0.0016,3.192,0.03386125808194614,0.18070465756689288,"SNAI1, DKK3, GFI1, CH25H",False
C2_core,GO_BP,GOBP_TOLERANCE_INDUCTION,Tolerance induction,4,23,806,0.005,0.0016,3.192,0.03386125808194614,0.18070465756689288,"IRAK3, ICOS, FOXP3, IL2RA",False
C2_core,GO_BP,GOBP_OOCYTE_MATURATION,Oocyte maturation,4,23,806,0.005,0.0016,3.192,0.03386125808194614,0.18070465756689288,"EDNRA, PDE3A, SHB, PPP2R1A",False
C2_core,GO_BP,GOBP_CHONDROCYTE_PROLIFERATION,Chondrocyte proliferation,4,23,806,0.005,0.0016,3.192,0.03386125808194614,0.18070465756689288,"CCN2, MMP14, STC1, SOX9",False
C2_core,GO_BP,GOBP_TRABECULA_FORMATION,Trabecula formation,4,23,806,0.005,0.0016,3.192,0.03386125808194614,0.18070465756689288,"ADAMTS1, WNT10B, FHL2, MMP2",False
C2_core,GO_BP,GOBP_POSITIVE_REGULATION_OF_SMOOTH_MUSCLE_CONTRACTION,Positive regulation of smooth muscle contraction,4,23,806,0.005,0.0016,3.192,0.03386125808194614,0.18070465756689288,"ITGA2, SPHK1, PTGS2, KIT",False
C2_core,GO_BP,GOBP_HEMATOPOIETIC_PROGENITOR_CELL_DIFFERENTIATION,Hematopoietic progenitor cell differentiation,12,122,806,0.0149,0.0082,1.805,0.0340041520630421,0.18121200023469272,"HYAL2, BATF, ZFP36, SOX4, MLLT3, FSTL3, JAM3, GATA2, KIT, PYGO1, BCL2, FOXC1",False
C2_core,GO_BP,GOBP_POSITIVE_REGULATION_OF_CD4_POSITIVE_ALPHA_BETA_T_CELL_ACTIVATION,Positive regulation of cd4 positive alpha beta t cell activation,6,45,806,0.0074,0.003,2.447,0.034152319321301035,0.18123688782690422,"SHB, SOCS1, FOXP3, CCL19, NFKBID, ANXA1",False
C2_core,GO_BP,GOBP_PHAGOCYTOSIS_ENGULFMENT,Phagocytosis engulfment,6,45,806,0.0074,0.003,2.447,0.034152319321301035,0.18123688782690422,"THBS1, GSN, ITGA2, MYH9, GATA2, ADGRB1",False
C2_core,GO_BP,GOBP_T_HELPER_17_TYPE_IMMUNE_RESPONSE,T helper 17 type immune response,6,45,806,0.0074,0.003,2.447,0.034152319321301035,0.18123688782690422,"BATF, SOCS3, JUNB, FOXP3, ZC3H12A, NFKBID",False
C2_core,GO_BP,GOBP_PROTEIN_DEPOLYMERIZATION,Protein depolymerization,11,109,806,0.0136,0.0074,1.852,0.03514959487314947,0.1860081214725745,"SH3GL2, GSN, TMOD2, MAP1B, TWF2, STMN3, VILL, STMN2, NES, MAP1A, HDGFL3",False
C2_core,GO_BP,GOBP_NEGATIVE_REGULATION_OF_IMMUNE_EFFECTOR_PROCESS,Negative regulation of immune effector process,11,109,806,0.0136,0.0074,1.852,0.03514959487314947,0.1860081214725745,"A2M, TGFB2, SERPINB9, IRAK3, RPS19, DUSP22, FOXP3, ZC3H12A, ANGPT1, ANXA1, TGFB3",False
C2_core,GO_BP,GOBP_REGULATION_OF_CALCIUM_ION_IMPORT,Regulation of calcium ion import,5,34,806,0.0062,0.0023,2.699,0.03553853266018437,0.18754247945604258,"P2RX1, HOMER1, STC1, CASR, CCL2",False
C2_core,GO_BP,GOBP_ESTABLISHMENT_OF_TISSUE_POLARITY,Establishment of tissue polarity,5,34,806,0.0062,0.0023,2.699,0.03553853266018437,0.18754247945604258,"VANGL2, DLG3, PKHD1, BRSK1, FZD1",False
C2_core,GO_BP,GOBP_REGULATION_OF_TUBE_SIZE,Regulation of tube size,12,123,806,0.0149,0.0083,1.791,0.035894738003803515,0.18915877927178237,"P2RX1, ADRA2C, SOD3, PTGS2, ADORA1, CASR, ADRA2A, MMP2, KLF2, EDNRA, FOXC1, NTS",False
C2_core,GO_BP,GOBP_REPRODUCTIVE_SYSTEM_DEVELOPMENT,Reproductive system development,20,238,806,0.0248,0.0161,1.542,0.03611968095414858,0.1900798210212069,"TGFB2, ADAMTS1, YBX3, GLI1, SOX9, BCL2, SLIT2, MMP2, FOXC1, CRIP1, ID4, ARID5B, MMP14, FLNA, KIT, GJA1, A2M, ROR2, PTX3, GATA6",False
C2_core,GO_BP,GOBP_RESPONSE_TO_STEROID_HORMONE,Response to steroid hormone,23,283,806,0.0285,0.0191,1.492,0.0362362180311652,0.19042861320400134,"TGFB2, TSPO, LBH, PMEPA1, LOX, PDE3A, ANXA1, BCL2, PAPPA, STC1, FOSB, ANXA3, SLIT2, ZFP36, IGFBP7, TGFB3, HEYL, AQP1, ZMIZ1, THBS1, A2M, PTGS2, FOS",False
C2_core,GO_BP,GOBP_PATTERN_SPECIFICATION_PROCESS,Pattern specification process,26,329,806,0.0323,0.0222,1.451,0.03668778563663029,0.1919090805672042,"HAND2, WLS, NRARP, SNAI1, PRICKLE1, MLLT3, GLI1, SOX18, STC1, MDFI, EGR2, FOXC1, SMARCD3, BTG2, HEYL, SPRY1, BHLHE41, HES4, GJA1, DNAH5, GPC3, DLL1, ACVRL1, GLI2, VANGL2, BICC1",False
C2_core,GO_BP,GOBP_STRIATED_MUSCLE_TISSUE_DEVELOPMENT,Striated muscle tissue development,18,209,806,0.0223,0.0141,1.581,0.03681543970883205,0.1919090805672042,"FZD7, MSC, FHL2, ADAMTS9, TGFB2, FHOD3, PRICKLE1, DLL1, FOXC1, GATA6, GLI1, LOX, GJA1, LMNA, EDNRA, ANKRD1, TPM1, RGS4",False
C2_core,GO_BP,GOBP_REGULATION_OF_SUBSTRATE_ADHESION_DEPENDENT_CELL_SPREADING,Regulation of substrate adhesion dependent cell spreading,7,58,806,0.0087,0.0039,2.215,0.03730623110248388,0.1919090805672042,"TACSTD2, EFNA5, MYADM, HAS2, NEDD9, FLNA, MDK",False
C2_core,GO_BP,GOBP_POSITIVE_REGULATION_OF_ACTIN_FILAMENT_BUNDLE_ASSEMBLY,Positive regulation of actin filament bundle assembly,7,58,806,0.0087,0.0039,2.215,0.03730623110248388,0.1919090805672042,"FLNA, RGCC, RHOC, LPAR1, CCN2, TPM1, TGFB3",False
C2_core,GO_BP,GOBP_SYNAPTIC_VESICLE_CLUSTERING,Synaptic vesicle clustering,3,14,806,0.0037,0.0009,3.933,0.03737896581118942,0.1919090805672042,"NLGN2, BRSK1, PCDH17",False
C2_core,GO_BP,GOBP_OSTEOBLAST_DEVELOPMENT,Osteoblast development,3,14,806,0.0037,0.0009,3.933,0.03737896581118942,0.1919090805672042,"JUND, CLEC5A, GLI2",False
C2_core,GO_BP,GOBP_CELLULAR_RESPONSE_TO_GONADOTROPIN_STIMULUS,Cellular response to gonadotropin stimulus,3,14,806,0.0037,0.0009,3.933,0.03737896581118942,0.1919090805672042,"EDNRA, GATA6, EFNA5",False
C2_core,GO_BP,GOBP_CELL_AGGREGATION,Cell aggregation,3,14,806,0.0037,0.0009,3.933,0.03737896581118942,0.1919090805672042,"CCN2, MGP, SOX9",False
C2_core,GO_BP,GOBP_DENDRITIC_CELL_ANTIGEN_PROCESSING_AND_PRESENTATION,Dendritic cell antigen processing and presentation,3,14,806,0.0037,0.0009,3.933,0.03737896581118942,0.1919090805672042,"CCL19, THBS1, CCL21",False
C2_core,GO_BP,GOBP_POSITIVE_REGULATION_OF_MACROPHAGE_DIFFERENTIATION,Positive regulation of macrophage differentiation,3,14,806,0.0037,0.0009,3.933,0.03737896581118942,0.1919090805672042,"LIF, ROR2, IL34",False
C2_core,GO_BP,GOBP_BLOOD_COAGULATION_FIBRIN_CLOT_FORMATION,Blood coagulation fibrin clot formation,3,14,806,0.0037,0.0009,3.933,0.03737896581118942,0.1919090805672042,"THBD, FLNA, F13A1",False
C2_core,GO_BP,GOBP_APICAL_PROTEIN_LOCALIZATION,Apical protein localization,3,14,806,0.0037,0.0009,3.933,0.03737896581118942,0.1919090805672042,"JAM3, HCN1, VANGL2",False
C2_core,GO_BP,GOBP_RESPONSE_TO_LAMINAR_FLUID_SHEAR_STRESS,Response to laminar fluid shear stress,3,14,806,0.0037,0.0009,3.933,0.03737896581118942,0.1919090805672042,"KLF2, KLF4, TGFB3",False
C2_core,GO_BP,GOBP_POSITIVE_REGULATION_OF_SMOOTH_MUSCLE_CELL_DIFFERENTIATION,Positive regulation of smooth muscle cell differentiation,3,14,806,0.0037,0.0009,3.933,0.03737896581118942,0.1919090805672042,"SMARCD3, EFEMP2, KIT",False
C2_core,GO_BP,GOBP_POSITIVE_REGULATION_OF_NON_CANONICAL_WNT_SIGNALING_PATHWAY,Positive regulation of non canonical wnt signaling pathway,3,14,806,0.0037,0.0009,3.933,0.03737896581118942,0.1919090805672042,"GPC3, CSNK1E, MLLT3",False
C2_core,GO_BP,GOBP_REGULATION_OF_TOLERANCE_INDUCTION,Regulation of tolerance induction,3,14,806,0.0037,0.0009,3.933,0.03737896581118942,0.1919090805672042,"IRAK3, FOXP3, IL2RA",False
C2_core,GO_BP,GOBP_TROPHOBLAST_CELL_MIGRATION,Trophoblast cell migration,3,14,806,0.0037,0.0009,3.933,0.03737896581118942,0.1919090805672042,"GJA1, SYDE1, TIMP1",False
C2_core,GO_BP,GOBP_SKELETAL_SYSTEM_MORPHOGENESIS,Skeletal system morphogenesis,15,166,806,0.0186,0.0112,1.659,0.037516194591971,0.19219315055250913,"STC1, SERPINH1, MGP, HAS2, FOXC1, MDFI, ARID5B, CCN2, MMP2, SOX9, MMP14, WNT10B, PAPPA2, HYAL2, TGFB3",False
C2_core,GO_BP,GOBP_POSITIVE_REGULATION_OF_ACTIN_FILAMENT_POLYMERIZATION,Positive regulation of actin filament polymerization,6,46,806,0.0074,0.0031,2.394,0.037535743311917856,0.19219315055250913,"CCL21, NCK2, CDC42EP1, BAIAP2L2, KIRREL1, PYCARD",False
C2_core,GO_BP,GOBP_PLATELET_ACTIVATION,Platelet activation,12,124,806,0.0149,0.0084,1.776,0.03785863806617966,0.1935848578039875,"P2RX1, MYL9, ADRA2C, CD9, MYL12A, VWF, VCL, THBD, FLNA, MYH9, ADRA2A, PDGFA",False
C2_core,GO_BP,GOBP_TUMOR_NECROSIS_FACTOR_SUPERFAMILY_CYTOKINE_PRODUCTION,Tumor necrosis factor superfamily cytokine production,14,152,806,0.0174,0.0103,1.691,0.03791203700930101,0.1935966418170371,"THBS1, VSIR, GSTP1, ZFP36, ZC3H12A, IRAK3, TSPO, FOXP3, SYT11, CCL19, CYBA, PYCARD, ANGPT1, NFATC4",False
C2_core,GO_BP,GOBP_ENDODERM_DEVELOPMENT,Endoderm development,8,71,806,0.0099,0.0048,2.068,0.03863612675370527,0.19689170027538216,"COL12A1, ITGB5, COL4A2, MMP14, GATA6, MYH9, MMP2, LAMC1",False
C2_core,GO_BP,GOBP_CALCIUM_ION_TRANSMEMBRANE_TRANSPORT,Calcium ion transmembrane transport,22,270,806,0.0273,0.0183,1.496,0.038924553746429655,0.19689170027538216,"P2RX1, CACNA1C, PLCH1, CCL19, CYBA, THY1, BCL2, TRPC1, GJC2, REM1, TRPC4, EDNRA, TRPA1, PLCB4, FLNA, RGS9, TRPV6, CCL21, CACNA2D1, NALF1, ADRA2A, CACNA1I",False
C2_core,GO_BP,GOBP_POSITIVE_REGULATION_OF_T_HELPER_CELL_DIFFERENTIATION,Positive regulation of t helper cell differentiation,4,24,806,0.005,0.0016,3.059,0.03893798254391436,0.19689170027538216,"CCL19, SHB, ANXA1, NFKBID",False
C2_core,GO_BP,GOBP_NEGATIVE_REGULATION_OF_NEURAL_PRECURSOR_CELL_PROLIFERATION,Negative regulation of neural precursor cell proliferation,4,24,806,0.005,0.0016,3.059,0.03893798254391436,0.19689170027538216,"GATA2, SPINT2, BTG2, SPINT1",False
C2_core,GO_BP,GOBP_NEGATIVE_REGULATION_OF_STEM_CELL_DIFFERENTIATION,Negative regulation of stem cell differentiation,4,24,806,0.005,0.0016,3.059,0.03893798254391436,0.19689170027538216,"JAG1, PRICKLE1, ZFP36, LBH",False
C2_core,GO_BP,GOBP_POSITIVE_REGULATION_OF_MACROPHAGE_MIGRATION,Positive regulation of macrophage migration,4,24,806,0.005,0.0016,3.059,0.03893798254391436,0.19689170027538216,"THBS1, MMP14, IL34, MDK",False
C2_core,GO_BP,GOBP_NEGATIVE_REGULATION_OF_ALPHA_BETA_T_CELL_DIFFERENTIATION,Negative regulation of alpha beta t cell differentiation,4,24,806,0.005,0.0016,3.059,0.03893798254391436,0.19689170027538216,"SOCS1, FOXP3, ANXA1, ZC3H12A",False
C2_core,GO_BP,GOBP_HORMONE_TRANSPORT,Hormone transport,21,255,806,0.0261,0.0172,1.512,0.038973020640416106,0.19689170027538216,"SELENOM, TSPO, ANXA1, FAM3B, LIF, RAB11FIP5, DOC2B, GNAZ, CASR, PTPRN2, TRPV6, GJA1, STX1A, AQP1, MIDN, EFNA5, RAB11FIP1, ADORA1, SOX4, ADRA2A, NLGN2",False
C2_core,GO_BP,GOBP_REGULATION_OF_ENDOTHELIAL_CELL_DIFFERENTIATION,Regulation of endothelial cell differentiation,5,35,806,0.0062,0.0024,2.622,0.039670982913768305,0.19961932836688992,"ACVRL1, VCL, BTG1, CLDN5, JAG1",False
C2_core,GO_BP,GOBP_NEGATIVE_REGULATION_OF_ENDOTHELIAL_CELL_PROLIFERATION,Negative regulation of endothelial cell proliferation,5,35,806,0.0062,0.0024,2.622,0.039670982913768305,0.19961932836688992,"THBS1, ACVRL1, CCL2, RGCC, SPARC",False
C2_core,GO_BP,GOBP_REGULATORY_T_CELL_DIFFERENTIATION,Regulatory t cell differentiation,5,35,806,0.0062,0.0024,2.622,0.039670982913768305,0.19961932836688992,"CTLA4, VSIR, SOCS1, FOXP3, MDK",False
C2_core,GO_BP,GOBP_NEGATIVE_REGULATION_OF_CELL_GROWTH,Negative regulation of cell growth,14,153,806,0.0174,0.0103,1.68,0.039733968115109146,0.1996710944139901,"CDKN2C, FRZB, HYAL2, TGFB2, ACVRL1, SLIT2, CRYAB, BTG1, PLXNA3, SERTAD3, SEMA3G, GJA1, BCL2, RGS4",False
C2_core,GO_BP,GOBP_CARDIAC_MUSCLE_CONTRACTION,Cardiac muscle contraction,12,125,806,0.0149,0.0084,1.762,0.03989707276279471,0.2002251770837472,"SCN4A, STC1, GJA1, CXCR4, ADORA1, CACNA2D1, GSN, FLNA, CACNA1C, GPD1L, ZC3H12A, TPM1",False
C2_core,GO_BP,GOBP_REGULATION_OF_OSSIFICATION,Regulation of ossification,10,98,806,0.0124,0.0066,1.873,0.04060816687231989,0.20352426491960326,"EGR2, GJA1, PKDCC, MGP, MDK, SOX9, CCN1, VDR, WNT10B, BCL2",False
C2_core,GO_BP,GOBP_REGULATION_OF_TRANSMEMBRANE_TRANSPORT,Regulation of transmembrane transport,29,379,806,0.036,0.0256,1.404,0.04094115388648629,0.20492210313856876,"P2RX1, ATP1B3, CACNA1C, CYBA, THY1, BCL2, RGS4, CD63, TRPC1, HOMER1, GJC2, REM1, EDNRA, KCNJ16, CCL2, FXYD2, FLNA, RGS9, FXYD5, TESC, GPD1L, CLIP3, GPC3, THBS1, CACNA2D1, WNK2, ADRA2A, SLC38A1, NLGN2",False
C2_core,GO_BP,GOBP_EPHRIN_RECEPTOR_SIGNALING_PATHWAY,Ephrin receptor signaling pathway,6,47,806,0.0074,0.0032,2.343,0.041125865328911757,0.2055750708855497,"EFNA5, EPHB6, EPHA6, NCK2, MMP2, EPHA2",False
C2_core,GO_BP,GOBP_REGULATION_OF_ENDOCYTOSIS,Regulation of endocytosis,21,257,806,0.0261,0.0174,1.5,0.041817690877000366,0.20875787975356308,"ITGA2, SYT11, CNN2, CCL19, CYBA, IL15RA, CD63, MCTP1, SPHK1, PYCARD, SGIP1, CCL2, PIP4P2, LPAR1, CLIP3, GPC3, DLL1, CCL21, PTX3, GATA2, ANGPT1",False
C2_core,GO_BP,GOBP_NEGATIVE_REGULATION_OF_LYMPHOCYTE_ACTIVATION,Negative regulation of lymphocyte activation,13,140,806,0.0161,0.0095,1.704,0.04197766620766832,0.2092807595537569,"CTLA4, TNFRSF21, IL2RA, NRARP, LRRC32, VSIR, SOCS1, DUSP22, FOXP3, VTCN1, MDK, ZC3H12A, ANXA1",False
C2_core,GO_BP,GOBP_POSITIVE_REGULATION_OF_TRANSMEMBRANE_TRANSPORT,Positive regulation of transmembrane transport,15,169,806,0.0186,0.0114,1.629,0.04284799297414149,0.21333908722604744,"P2RX1, TRPC1, GJC2, THY1, ATP1B3, CLIP3, CCL2, CACNA2D1, FXYD2, WNK2, FLNA, SLC38A1, TESC, EDNRA, GPC3",False
C2_core,GO_BP,GOBP_POSITIVE_REGULATION_OF_PROTEIN_KINASE_ACTIVITY,Positive regulation of protein kinase activity,18,213,806,0.0223,0.0144,1.551,0.04305911536907259,0.21386320361644837,"MST1R, ADRA2C, THBS1, TGFB2, DIRAS2, PDGFD, CCN1, IL34, GPRC5B, NEDD9, KIT, RGCC, ADRA2A, DLG3, CCL19, CCND3, ANGPT1, PDGFA",False
C2_core,GO_BP,GOBP_FEMALE_SEX_DIFFERENTIATION,Female sex differentiation,10,99,806,0.0124,0.0067,1.854,0.04306614525187387,0.21386320361644837,"A2M, SLIT2, ADAMTS1, PTX3, ARID5B, MMP14, MMP2, KIT, BCL2, FOXC1",False
C2_core,GO_BP,GOBP_REGULATION_OF_REPRODUCTIVE_PROCESS,Regulation of reproductive process,14,155,806,0.0174,0.0105,1.658,0.04356313606903185,0.21604806618529016,"SNAI1, SYDE1, JAG1, PPP2R1A, YBX3, PDE3A, KIT, MYH9, SOX9, GJA1, LIF, SHB, PLAT, TIMP1",False
C2_core,GO_BP,GOBP_NEPHRON_MORPHOGENESIS,Nephron morphogenesis,7,60,806,0.0087,0.0041,2.141,0.04370154903665987,0.21645120169922122,"TACSTD2, GPC3, MYC, KIF26B, SOX9, LIF, BCL2",False
C2_core,GO_BP,GOBP_REGULATION_OF_AMINO_ACID_TRANSPORT,Regulation of amino acid transport,5,36,806,0.0062,0.0024,2.549,0.04408343747377074,0.21712052205400448,"ADORA1, SV2A, SLC38A1, RGS4, SLC12A2",False
C2_core,GO_BP,GOBP_RHYTHMIC_BEHAVIOR,Rhythmic behavior,5,36,806,0.0062,0.0024,2.549,0.04408343747377074,0.21712052205400448,"ADORA1, GPR176, EGR1, CSNK1E, EGR2",False
C2_core,GO_BP,GOBP_SODIUM_ION_HOMEOSTASIS,Sodium ion homeostasis,5,36,806,0.0062,0.0024,2.549,0.04408343747377074,0.21712052205400448,"ATP1B3, FXYD2, EDNRA, TMPRSS3, SLC12A2",False
C2_core,GO_BP,GOBP_NEGATIVE_REGULATION_OF_NEURON_APOPTOTIC_PROCESS,Negative regulation of neuron apoptotic process,12,127,806,0.0149,0.0086,1.734,0.04420219381285792,0.21712052205400448,"BTG2, SEMA3E, CCL2, MDK, FZD1, FOXQ1, NES, CLCF1, ANGPT1, BCL2, TGFB3, NFATC4",False
C2_core,GO_BP,GOBP_CELL_COMMUNICATION_BY_ELECTRICAL_COUPLING,Cell communication by electrical coupling,4,25,806,0.005,0.0017,2.937,0.04442491066344411,0.21712052205400448,"GJA1, CACNA1C, DBN1, GJC2",False
C2_core,GO_BP,GOBP_SYNAPSE_ASSEMBLY,Synapse assembly,15,170,806,0.0186,0.0115,1.62,0.04473918482586242,0.21712052205400448,"NLGN2, SRPX2, EFNA5, AMIGO2, GABRB3, MAP1B, CLSTN1, LRFN4, ADGRB1, CLSTN2, PCDH17, SPOCK2, TPBG, MUSK, FZD1",False
C2_core,GO_BP,GOBP_REGULATION_OF_CAMP_MEDIATED_SIGNALING,Regulation of camp mediated signaling,3,15,806,0.0037,0.001,3.671,0.04488214512267873,0.21712052205400448,"PDE3A, RASD2, LPAR1",False
C2_core,GO_BP,GOBP_PROXIMAL_DISTAL_PATTERN_FORMATION,Proximal distal pattern formation,3,15,806,0.0037,0.001,3.671,0.04488214512267873,0.21712052205400448,"DLL1, GLI2, GLI1",False
C2_core,GO_BP,GOBP_PEPTIDE_CROSS_LINKING,Peptide cross linking,3,15,806,0.0037,0.001,3.671,0.04488214512267873,0.21712052205400448,"THBS1, ANXA1, F13A1",False
C2_core,GO_BP,GOBP_REGULATION_OF_LYMPHOCYTE_CHEMOTAXIS,Regulation of lymphocyte chemotaxis,3,15,806,0.0037,0.001,3.671,0.04488214512267873,0.21712052205400448,"CCL2, NEDD9, CCL21",False
C2_core,GO_BP,GOBP_ANATOMICAL_STRUCTURE_ARRANGEMENT,Anatomical structure arrangement,3,15,806,0.0037,0.001,3.671,0.04488214512267873,0.21712052205400448,"EGR2, DLL1, PLXNA3",False
C2_core,GO_BP,GOBP_KERATAN_SULFATE_METABOLIC_PROCESS,Keratan sulfate metabolic process,3,15,806,0.0037,0.001,3.671,0.04488214512267873,0.21712052205400448,"B3GNT7, CHST1, B3GNT3",False
C2_core,GO_BP,GOBP_NEGATIVE_REGULATION_OF_T_HELPER_CELL_DIFFERENTIATION,Negative regulation of t helper cell differentiation,3,15,806,0.0037,0.001,3.671,0.04488214512267873,0.21712052205400448,"ZC3H12A, FOXP3, ANXA1",False
C2_core,GO_BP,GOBP_EPITHELIAL_CELL_CELL_ADHESION,Epithelial cell cell adhesion,3,15,806,0.0037,0.001,3.671,0.04488214512267873,0.21712052205400448,"ITGB5, VCL, KIT",False
C2_core,GO_BP,GOBP_CYTOPLASMIC_SEQUESTERING_OF_PROTEIN,Cytoplasmic sequestering of protein,3,15,806,0.0037,0.001,3.671,0.04488214512267873,0.21712052205400448,"DBN1, FLNA, MDFI",False
C2_core,GO_BP,GOBP_CHEMOSENSORY_BEHAVIOR,Chemosensory behavior,3,15,806,0.0037,0.001,3.671,0.04488214512267873,0.21712052205400448,"ADCY3, CASR, TPBG",False
C2_core,GO_BP,GOBP_ACTIN_FILAMENT_SEVERING,Actin filament severing,3,15,806,0.0037,0.001,3.671,0.04488214512267873,0.21712052205400448,"GSN, MYH9, VILL",False
C2_core,GO_BP,GOBP_SYNAPTIC_TRANSMISSION_GABAERGIC,Synaptic transmission gabaergic,6,48,806,0.0074,0.0032,2.294,0.044925439242633806,0.21712052205400448,"GABBR2, ADORA1, GABRB3, SLC38A1, TPBG, NLGN2",False
C2_core,GO_BP,GOBP_NEGATIVE_REGULATION_OF_NEURON_DIFFERENTIATION,Negative regulation of neuron differentiation,6,48,806,0.0074,0.0032,2.294,0.044925439242633806,0.21712052205400448,"CNTN4, DLL1, ID4, SOX9, JAG1, NOTCH3",False
C2_core,GO_BP,GOBP_REGULATION_OF_INFLAMMATORY_RESPONSE,Regulation of inflammatory response,25,321,806,0.031,0.0217,1.43,0.04608499162611103,0.22244080671507602,"SEMA7A, GSTP1, SOCS3, FNDC4, SYT11, ANXA1, HYAL2, STING1, IL2RA, ZFP36, DAGLA, GPRC5B, SPHK1, PYCARD, METRNL, KLF4, IER3, FOXP3, PTGS2, ADORA1, RPS19, OSMR, ALOX5AP, ABHD12, MDK",False
C2_core,GO_BP,GOBP_TISSUE_REGENERATION,Tissue regeneration,7,61,806,0.0087,0.0041,2.106,0.04714833306357702,0.22728375824159455,"WNT10B, KLF5, CD9, MDK, GJA1, FZD7, ANXA1",False
C2_core,GO_BP,GOBP_NEGATIVE_REGULATION_OF_PROTEIN_CONTAINING_COMPLEX_DISASSEMBLY,Negative regulation of protein containing complex disassembly,8,74,806,0.0099,0.005,1.984,0.047578515958286674,0.22906606984237382,"IRAK3, GSN, TMOD2, MAP1B, TWF2, STMN2, VILL, HDGFL3",False
C2_core,GO_BP,GOBP_ORGAN_GROWTH,Organ growth,13,143,806,0.0161,0.0097,1.669,0.048383263717725264,0.23241895222662645,"LATS2, TGFB2, STC1, YBX3, FGF7, FOXC1, GATA6, GLI1, BNC2, SOX9, DLL1, BCL2, RGS4",False
C2_core,GO_BP,GOBP_REGULATION_OF_KERATINOCYTE_PROLIFERATION,Regulation of keratinocyte proliferation,5,37,806,0.0062,0.0025,2.48,0.048778023923879026,0.23241895222662645,"ZFP36, FGF7, HAS2, MDK, VDR",False
C2_core,GO_BP,GOBP_POSITIVE_REGULATION_OF_MUSCLE_CONTRACTION,Positive regulation of muscle contraction,5,37,806,0.0062,0.0025,2.48,0.048778023923879026,0.23241895222662645,"PTGS2, ITGA2, SPHK1, CACNA1C, KIT",False
C2_core,GO_BP,GOBP_POSITIVE_REGULATION_OF_STEM_CELL_PROLIFERATION,Positive regulation of stem cell proliferation,5,37,806,0.0062,0.0025,2.48,0.048778023923879026,0.23241895222662645,"VEGFC, EPCAM, SOX9, GJA1, WNT10B",False
C2_core,GO_BP,GOBP_SECRETION_BY_TISSUE,Secretion by tissue,5,37,806,0.0062,0.0025,2.48,0.048778023923879026,0.23241895222662645,"PRICKLE1, ADORA1, CYBA, GJA1, AQP1",False
C2_core,GO_BP,GOBP_MORPHOGENESIS_OF_EMBRYONIC_EPITHELIUM,Morphogenesis of embryonic epithelium,12,129,806,0.0149,0.0087,1.707,0.04881889746690786,0.23241895222662645,"VEGFC, TGFB2, PRICKLE1, SPINT2, FZD1, SPINT1, JAG2, VANGL2, SOX9, TGFB1I1, ST14, TEAD2",False
C2_core,GO_BP,GOBP_MESENCHYMAL_CELL_MIGRATION,Mesenchymal cell migration,6,49,806,0.0074,0.0033,2.248,0.04893672046424509,0.23241895222662645,"HAND2, SEMA7A, SEMA3E, TPBG, SEMA3G, EDNRA",False
C2_core,GO_BP,GOBP_REGULATION_OF_SODIUM_ION_TRANSMEMBRANE_TRANSPORT,Regulation of sodium ion transmembrane transport,6,49,806,0.0074,0.0033,2.248,0.04893672046424509,0.23241895222662645,"ATP1B3, FXYD2, WNK2, FXYD5, TESC, GPD1L",False
C2_core,GO_BP,GOBP_CELL_CELL_RECOGNITION,Cell cell recognition,6,49,806,0.0074,0.0033,2.248,0.04893672046424509,0.23241895222662645,"CCL21, CD9, NCK2, ALDOA, NEDD9, CCL19",False
C2_core,GO_BP,GOBP_POSITIVE_REGULATION_OF_STRESS_FIBER_ASSEMBLY,Positive regulation of stress fiber assembly,6,49,806,0.0074,0.0033,2.248,0.04893672046424509,0.23241895222662645,"RGCC, RHOC, LPAR1, CCN2, TPM1, TGFB3",False
C2_core,GO_BP,GOBP_POSITIVE_REGULATION_OF_TRANSFERASE_ACTIVITY,Positive regulation of transferase activity,25,323,806,0.031,0.0218,1.421,0.04894967639927366,0.23241895222662645,"TGFB2, PDGFD, IL34, PARM1, EPHA2, CCL19, CCN1, DDR1, ADRA2C, MYC, GPRC5B, DLG3, CCND3, PDGFA, KLF4, KIT, MST1R, MUSK, THBS1, ROR2, DIRAS2, NEDD9, RGCC, ADRA2A, ANGPT1",False
C2_core,GO_BP,GOBP_RESPONSE_TO_HYDROGEN_PEROXIDE,Response to hydrogen peroxide,9,88,806,0.0112,0.0059,1.877,0.04986676205062959,0.2364770480723849,"AQP1, PDGFD, TRPA1, CRYAB, KLF4, SPHK1, MMP2, KLF2, BCL2",False
C2_core,GO_BP,GOBP_POSITIVE_REGULATION_OF_PROTEIN_TRANSPORT,Positive regulation of protein transport,18,217,806,0.0223,0.0147,1.523,0.05003186661817252,0.2365608538374594,"ANKRD1, SLC51B, PTGS2, WLS, VEGFC, TGFB2, ZC3H12A, DOC2B, CASR, SOX4, B3GAT3, FLNA, PLK3, NLGN2, TGFB3, HYAL2, TMEM132A, APBB3",False
C2_core,GO_BP,GOBP_CELL_CYCLE_G1_S_PHASE_TRANSITION,Cell cycle g1 s phase transition,18,217,806,0.0223,0.0147,1.523,0.05003186661817252,0.2365608538374594,"CDKN2C, LATS2, SMARCD3, GJC2, MYC, ADAMTS1, CCL2, SUSD2, ID4, KLF4, DACT1, GLI1, RGCC, PLK3, CCND3, ANXA1, BCL2, PIM2",False
C2_core,GO_BP,GOBP_POSITIVE_REGULATION_OF_GRANULOCYTE_CHEMOTAXIS,Positive regulation of granulocyte chemotaxis,4,26,806,0.005,0.0018,2.824,0.05032146956795785,0.2365608538374594,"CCL19, CXCL8, CCL21, MDK",False
C2_core,GO_BP,GOBP_REGULATION_OF_LEUKOCYTE_ADHESION_TO_VASCULAR_ENDOTHELIAL_CELL,Regulation of leukocyte adhesion to vascular endothelial cell,4,26,806,0.005,0.0018,2.824,0.05032146956795785,0.2365608538374594,"CHST4, KLF4, CCL21, MDK",False
C2_core,GO_BP,GOBP_EMBRYONIC_DIGESTIVE_TRACT_DEVELOPMENT,Embryonic digestive tract development,4,26,806,0.005,0.0018,2.824,0.05032146956795785,0.2365608538374594,"GLI2, CXCL8, PKDCC, TGFB2",False
C2_core,GO_BP,GOBP_NEGATIVE_REGULATION_OF_VIRAL_LIFE_CYCLE,Negative regulation of viral life cycle,4,26,806,0.005,0.0018,2.824,0.05032146956795785,0.2365608538374594,"GSN, PTX3, CH25H, TRIM15",False
C2_core,GO_BP,GOBP_REGULATION_OF_CALCIUM_ION_DEPENDENT_EXOCYTOSIS,Regulation of calcium ion dependent exocytosis,4,26,806,0.005,0.0018,2.824,0.05032146956795785,0.2365608538374594,"TRPV6, DOC2B, ADRA2A, STX1A",False
C2_core,GO_BP,GOBP_ASTROCYTE_DIFFERENTIATION,Astrocyte differentiation,8,75,806,0.0099,0.0051,1.958,0.05083514091662485,0.23838409521422224,"ROR2, ID4, VIM, SOX9, CLCF1, DLL1, LIF, LAMC3",False
C2_core,GO_BP,GOBP_BODY_FLUID_SECRETION,Body fluid secretion,8,75,806,0.0099,0.0051,1.958,0.05083514091662485,0.23838409521422224,"DDR1, GJA1, PRICKLE1, ADORA1, STAT5A, CYBA, VDR, AQP1",False
C2_core,GO_BP,GOBP_NEGATIVE_REGULATION_OF_PROTEIN_CATABOLIC_PROCESS,Negative regulation of protein catabolic process,10,102,806,0.0124,0.0069,1.799,0.05104140729030817,0.23905549100491677,"MGAT3, IRAK3, TIMP2, MAP1A, FLNA, ADGRB1, TIMP4, PIN1, TMEM132A, TIMP1",False
C2_core,GO_BP,GOBP_LEUKOCYTE_PROLIFERATION,Leukocyte proliferation,23,294,806,0.0285,0.0199,1.436,0.05184271146314485,0.24250868362204425,"CTLA4, GSTP1, IL34, VTCN1, CNN2, SLC7A1, CCL19, ANXA1, BCL2, IL2RA, LRRC32, CD79A, CCND3, PYCARD, NCK2, FOXP3, KIT, GJA1, SHB, TNFRSF21, VSIR, JUNB, CLCF1",False
C2_core,GO_BP,GOBP_NEURON_FATE_SPECIFICATION,Neuron fate specification,3,16,806,0.0037,0.0011,3.442,0.05306926359567115,0.24415610135185517,"DLL1, GLI2, SOX9",False
C2_core,GO_BP,GOBP_REGULATION_OF_VASCULOGENESIS,Regulation of vasculogenesis,3,16,806,0.0037,0.0011,3.442,0.05306926359567115,0.24415610135185517,"CD34, RAMP2, RRAS",False
C2_core,GO_BP,GOBP_CELL_DIFFERENTIATION_INVOLVED_IN_METANEPHROS_DEVELOPMENT,Cell differentiation involved in metanephros development,3,16,806,0.0037,0.0011,3.442,0.05306926359567115,0.24415610135185517,"CD34, LIF, WWTR1",False
C2_core,GO_BP,GOBP_SYMPATHETIC_NERVOUS_SYSTEM_DEVELOPMENT,Sympathetic nervous system development,3,16,806,0.0037,0.0011,3.442,0.05306926359567115,0.24415610135185517,"EDNRA, HAND2, SOX4",False
C2_core,GO_BP,GOBP_CELL_CELL_JUNCTION_MAINTENANCE,Cell cell junction maintenance,3,16,806,0.0037,0.0011,3.442,0.05306926359567115,0.24415610135185517,"NLGN2, MYADM, KIRREL1",False
C2_core,GO_BP,GOBP_NOREPINEPHRINE_TRANSPORT,Norepinephrine transport,3,16,806,0.0037,0.0011,3.442,0.05306926359567115,0.24415610135185517,"ADRA2C, STX1A, ADRA2A",False
C2_core,GO_BP,GOBP_POSITIVE_REGULATION_OF_CHONDROCYTE_DIFFERENTIATION,Positive regulation of chondrocyte differentiation,3,16,806,0.0037,0.0011,3.442,0.05306926359567115,0.24415610135185517,"SOX9, PKDCC, ACVRL1",False
C2_core,GO_BP,GOBP_C21_STEROID_HORMONE_BIOSYNTHETIC_PROCESS,C21 steroid hormone biosynthetic process,3,16,806,0.0037,0.0011,3.442,0.05306926359567115,0.24415610135185517,"DKK3, EGR1, TSPO",False
C2_core,GO_BP,GOBP_POSITIVE_REGULATION_OF_MUSCLE_TISSUE_DEVELOPMENT,Positive regulation of muscle tissue development,3,16,806,0.0037,0.0011,3.442,0.05306926359567115,0.24415610135185517,"GJA1, DLL1, BCL2",False
C2_core,GO_BP,GOBP_CALCIUM_ION_TRANSMEMBRANE_TRANSPORT_VIA_HIGH_VOLTAGE_GATED_CALCIUM_CHANNEL,Calcium ion transmembrane transport via high voltage gated calcium channel,3,16,806,0.0037,0.0011,3.442,0.05306926359567115,0.24415610135185517,"REM1, CACNA1C, CACNA2D1",False
C2_core,GO_BP,GOBP_ATRIAL_CARDIAC_MUSCLE_CELL_TO_AV_NODE_CELL_COMMUNICATION,Atrial cardiac muscle cell to av node cell communication,3,16,806,0.0037,0.0011,3.442,0.05306926359567115,0.24415610135185517,"GJA1, FLNA, CACNA1C",False
C2_core,GO_BP,GOBP_POSITIVE_REGULATION_OF_VASCULAR_PERMEABILITY,Positive regulation of vascular permeability,3,16,806,0.0037,0.0011,3.442,0.05306926359567115,0.24415610135185517,"PDE3A, PTP4A3, ANGPT1",False
C2_core,GO_BP,GOBP_ESTROUS_CYCLE,Estrous cycle,3,16,806,0.0037,0.0011,3.442,0.05306926359567115,0.24415610135185517,"HAS2, EGR1, MDK",False
C2_core,GO_BP,GOBP_NEGATIVE_REGULATION_OF_G_PROTEIN_COUPLED_RECEPTOR_SIGNALING_PATHWAY,Negative regulation of g protein coupled receptor signaling pathway,6,50,806,0.0074,0.0034,2.203,0.05316146308136197,0.24415610135185517,"SLIT2, APLP1, MRAP2, PDE3A, CXCL8, RGS4",False
C2_core,GO_BP,GOBP_NEGATIVE_REGULATION_OF_SMALL_GTPASE_MEDIATED_SIGNAL_TRANSDUCTION,Negative regulation of small gtpase mediated signal transduction,6,50,806,0.0074,0.0034,2.203,0.05316146308136197,0.24415610135185517,"TGFB2, SLIT2, ITGA3, KCTD10, SPRY1, STMN3",False
C2_core,GO_BP,GOBP_AMINO_SUGAR_METABOLIC_PROCESS,Amino sugar metabolic process,5,38,806,0.0062,0.0026,2.415,0.053755945022269616,0.2451038215275326,"MGAT3, CHST4, CHST3, CHST1, GFPT2",False
C2_core,GO_BP,GOBP_HINDBRAIN_MORPHOGENESIS,Hindbrain morphogenesis,5,38,806,0.0062,0.0026,2.415,0.053755945022269616,0.2451038215275326,"TRNP1, GLI2, GLI1, DLL1, TUBA1A",False
C2_core,GO_BP,GOBP_VENTRICULAR_SEPTUM_MORPHOGENESIS,Ventricular septum morphogenesis,5,38,806,0.0062,0.0026,2.415,0.053755945022269616,0.2451038215275326,"TGFB2, SLIT2, HEYL, SOX4, FZD1",False
C2_core,GO_BP,GOBP_REGULATION_OF_SPROUTING_ANGIOGENESIS,Regulation of sprouting angiogenesis,5,38,806,0.0062,0.0026,2.415,0.053755945022269616,0.2451038215275326,"THBS1, ADAMTS9, KLF4, KLF2, DLL1",False
C2_core,GO_BP,GOBP_REGULATION_OF_MEMBRANE_DEPOLARIZATION,Regulation of membrane depolarization,5,38,806,0.0062,0.0026,2.415,0.053755945022269616,0.2451038215275326,"GPD1L, TSPO, HCN1, GJA1, BCL2",False
C2_core,GO_BP,GOBP_DIGESTIVE_TRACT_MORPHOGENESIS,Digestive tract morphogenesis,5,38,806,0.0062,0.0026,2.415,0.053755945022269616,0.2451038215275326,"SFRP5, GLI2, DACT1, GLI1, BCL2",False
C2_core,GO_BP,GOBP_ENDOCARDIAL_CUSHION_FORMATION,Endocardial cushion formation,4,27,806,0.005,0.0018,2.719,0.05662515463075934,0.2566419986793626,"SNAI1, HEYL, TGFB3, TGFB2",False
C2_core,GO_BP,GOBP_PIGMENT_CELL_DIFFERENTIATION,Pigment cell differentiation,4,27,806,0.005,0.0018,2.719,0.05662515463075934,0.2566419986793626,"CD63, KIT, BCL2, ADAMTS9",False
C2_core,GO_BP,GOBP_CGMP_MEDIATED_SIGNALING,Cgmp mediated signaling,4,27,806,0.005,0.0018,2.719,0.05662515463075934,0.2566419986793626,"THBS1, PDE3A, AQP1, IRAG1",False
C2_core,GO_BP,GOBP_CELL_CELL_SIGNALING_INVOLVED_IN_CARDIAC_CONDUCTION,Cell cell signaling involved in cardiac conduction,4,27,806,0.005,0.0018,2.719,0.05662515463075934,0.2566419986793626,"GJA1, FLNA, CACNA1C, CACNA2D1",False
C2_core,GO_BP,GOBP_FLUID_TRANSPORT,Fluid transport,4,27,806,0.005,0.0018,2.719,0.05662515463075934,0.2566419986793626,"HAS2, AQP1, HYAL2, SLC5A1",False
C2_core,GO_BP,GOBP_NEURON_APOPTOTIC_PROCESS,Neuron apoptotic process,19,236,806,0.0236,0.016,1.478,0.05749007766654363,0.2601309702399017,"TGFB2, TUBA1A, CLCF1, BCL2, MCL1, MMP2, TGFB3, NFATC4, BTG2, SEMA3E, CCL2, EGR1, TNFRSF21, COL6A3, MDK, FOXQ1, NES, ANGPT1, FZD1",False
C2_core,GO_BP,GOBP_UROGENITAL_SYSTEM_DEVELOPMENT,Urogenital system development,6,51,806,0.0074,0.0034,2.159,0.0576009195120817,0.2601309702399017,"CRIP1, ID4, GLI1, GATA2, MMP2, SOX9",False
C2_core,GO_BP,GOBP_REGULATION_OF_EPIDERMIS_DEVELOPMENT,Regulation of epidermis development,6,51,806,0.0074,0.0034,2.159,0.0576009195120817,0.2601309702399017,"ZFP36, MAFF, DLL1, ELAPOR2, VDR, FOXC1",False
C2_core,GO_BP,GOBP_NEGATIVE_REGULATION_OF_NF_KAPPAB_TRANSCRIPTION_FACTOR_ACTIVITY,Negative regulation of nf kappab transcription factor activity,7,64,806,0.0087,0.0043,2.008,0.058506869740200466,0.26292102704461284,"PYCARD, IRAK3, ZC3H12A, KLF4, FOXP3, PKHD1, GFI1",False
C2_core,GO_BP,GOBP_VENTRICULAR_SEPTUM_DEVELOPMENT,Ventricular septum development,7,64,806,0.0087,0.0043,2.008,0.058506869740200466,0.26292102704461284,"TGFB2, SLIT2, HEYL, PRDM1, SOX4, CCN1, FZD1",False
C2_core,GO_BP,GOBP_LAMELLIPODIUM_ASSEMBLY,Lamellipodium assembly,7,64,806,0.0087,0.0043,2.008,0.058506869740200466,0.26292102704461284,"SLIT2, ABLIM2, VCL, NCK2, KIT, TWF2, EPHA2",False
C2_core,GO_BP,GOBP_STRIATED_MUSCLE_CELL_DEVELOPMENT,Striated muscle cell development,7,64,806,0.0087,0.0043,2.008,0.058506869740200466,0.26292102704461284,"MYL9, FHOD3, TMOD2, FLNC, KRT19, ANKRD1, TPM1",False
C2_core,GO_BP,GOBP_REGULATION_OF_DNA_BINDING_TRANSCRIPTION_FACTOR_ACTIVITY,Regulation of dna binding transcription factor activity,23,298,806,0.0285,0.0201,1.417,0.05856567612184039,0.26292102704461284,"FANK1, STING1, ANXA3, ID1, MDFI, SPHK1, PYCARD, PKHD1, GFI1, NTS, HEYL, IRAK3, KLF4, ARID5B, FLNA, FOXP3, KIT, RIPK4, ID3, RGCC, ZC3H12A, TRIM15, FZD1",False
C2_core,GO_BP,GOBP_DEVELOPMENTAL_PIGMENTATION,Developmental pigmentation,5,39,806,0.0062,0.0026,2.353,0.05901749721094165,0.2640109763072703,"CD63, ADAMTS9, KIT, EDNRA, BCL2",False
C2_core,GO_BP,GOBP_NEGATIVE_REGULATION_OF_INTERLEUKIN_6_PRODUCTION,Negative regulation of interleukin 6 production,5,39,806,0.0062,0.0026,2.353,0.05901749721094165,0.2640109763072703,"IRAK3, FOXP3, SYT11, KLF2, ZC3H12A",False
C2_core,GO_BP,GOBP_PROSTATE_GLAND_DEVELOPMENT,Prostate gland development,5,39,806,0.0062,0.0026,2.353,0.05901749721094165,0.2640109763072703,"CRIP1, ID4, GLI1, MMP2, SOX9",False
C2_core,GO_BP,GOBP_RESPONSE_TO_REACTIVE_OXYGEN_SPECIES,Response to reactive oxygen species,15,177,806,0.0186,0.012,1.555,0.05964749310917235,0.26651456531916745,"AQP1, SOD3, BCL2, PDGFD, GSTP1, TRPA1, CRYAB, KLF4, SPHK1, MMP2, PLK3, KLF2, TPM1, HYAL2, FOS",False
C2_core,GO_BP,GOBP_REGULATION_OF_G_PROTEIN_COUPLED_RECEPTOR_SIGNALING_PATHWAY,Regulation of g protein coupled receptor signaling pathway,11,119,806,0.0136,0.008,1.697,0.05974113385733608,0.26661855852231614,"GRK5, RAMP2, RGS16, SLIT2, APLP1, TMOD2, MRAP2, RGS9, PDE3A, CXCL8, RGS4",False
C2_core,GO_BP,GOBP_POSITIVE_REGULATION_OF_CELL_GROWTH,Positive regulation of cell growth,12,134,806,0.0149,0.0091,1.644,0.06177377002462124,0.2724803685395526,"GDI1, HBEGF, EFNA5, SEMA7A, CPNE5, TGFB2, CXCR4, MAP1B, SPHK1, TWF2, MMP14, BCL2",False
C2_core,GO_BP,GOBP_INHIBITORY_SYNAPSE_ASSEMBLY,Inhibitory synapse assembly,3,17,806,0.0037,0.0011,3.239,0.06191755009568614,0.2724803685395526,"GABRB3, NLGN2, CLSTN2",False
C2_core,GO_BP,GOBP_REGULATION_OF_ADENYLATE_CYCLASE_ACTIVATING_G_PROTEIN_COUPLED_RECEPTOR_SIGNALING_PATHWAY,Regulation of adenylate cyclase activating g protein coupled receptor signaling pathway,3,17,806,0.0037,0.0011,3.239,0.06191755009568614,0.2724803685395526,"PDE3A, MRAP2, APLP1",False
C2_core,GO_BP,GOBP_NEGATIVE_REGULATION_OF_PLATELET_ACTIVATION,Negative regulation of platelet activation,3,17,806,0.0037,0.0011,3.239,0.06191755009568614,0.2724803685395526,"THBD, PDGFA, CD9",False
C2_core,GO_BP,GOBP_KERATINIZATION,Keratinization,3,17,806,0.0037,0.0011,3.239,0.06191755009568614,0.2724803685395526,"KRT80, KRT7, KRT86",False
C2_core,GO_BP,GOBP_KERATINOCYTE_MIGRATION,Keratinocyte migration,3,17,806,0.0037,0.0011,3.239,0.06191755009568614,0.2724803685395526,"HAS2, HBEGF, FGF7",False
C2_core,GO_BP,GOBP_DETECTION_OF_TEMPERATURE_STIMULUS_INVOLVED_IN_SENSORY_PERCEPTION_OF_PAIN,Detection of temperature stimulus involved in sensory perception of pain,3,17,806,0.0037,0.0011,3.239,0.06191755009568614,0.2724803685395526,"LXN, ADORA1, CXCR4",False
C2_core,GO_BP,GOBP_GAMMA_AMINOBUTYRIC_ACID_SIGNALING_PATHWAY,Gamma aminobutyric acid signaling pathway,3,17,806,0.0037,0.0011,3.239,0.06191755009568614,0.2724803685395526,"GABRB3, GABBR2, SLC12A2",False
C2_core,GO_BP,GOBP_CALCIUM_ION_REGULATED_EXOCYTOSIS_OF_NEUROTRANSMITTER,Calcium ion regulated exocytosis of neurotransmitter,3,17,806,0.0037,0.0011,3.239,0.06191755009568614,0.2724803685395526,"DOC2B, SYT8, SYT11",False
C2_core,GO_BP,GOBP_GLIAL_CELL_APOPTOTIC_PROCESS,Glial cell apoptotic process,3,17,806,0.0037,0.0011,3.239,0.06191755009568614,0.2724803685395526,"DLL1, TNFRSF21, CCL2",False
C2_core,GO_BP,GOBP_ATRIAL_SEPTUM_DEVELOPMENT,Atrial septum development,3,17,806,0.0037,0.0011,3.239,0.06191755009568614,0.2724803685395526,"CCN1, SOX4, TGFB2",False
C2_core,GO_BP,GOBP_POSITIVE_REGULATION_OF_TRANSFORMING_GROWTH_FACTOR_BETA_PRODUCTION,Positive regulation of transforming growth factor beta production,3,17,806,0.0037,0.0011,3.239,0.06191755009568614,0.2724803685395526,"THBS1, FOXP3, PTGS2",False
C2_core,GO_BP,GOBP_DEVELOPMENTAL_MATURATION,Developmental maturation,21,269,806,0.0261,0.0182,1.433,0.06213310917223196,0.27270218196279317,"TGFB2, PPP2R1A, CLSTN1, KLF2, CCL19, PDE3A, WNT10B, SOX18, BCL2, CD63, MAP1B, MMP2, SEZ6L2, EDNRA, NFATC4, IGSF21, GJA1, SHB, CCL21, ACVRL1, GATA2",False
C2_core,GO_BP,GOBP_NEGATIVE_REGULATION_OF_ERK1_AND_ERK2_CASCADE,Negative regulation of erk1 and erk2 cascade,6,52,806,0.0074,0.0035,2.118,0.06225584254363053,0.27270218196279317,"EZR, GSTP1, WNK2, SPRY1, LIF, PIN1",False
C2_core,GO_BP,GOBP_DEFENSE_RESPONSE_TO_GRAM_NEGATIVE_BACTERIUM,Defense response to gram negative bacterium,6,52,806,0.0074,0.0035,2.118,0.06225584254363053,0.27270218196279317,"CXCL6, RPS19, ADGRB1, PYCARD, MMP7, AQP1",False
C2_core,GO_BP,GOBP_MESONEPHRIC_TUBULE_MORPHOGENESIS,Mesonephric tubule morphogenesis,6,52,806,0.0074,0.0035,2.118,0.06225584254363053,0.27270218196279317,"TACSTD2, MYC, KIF26B, SOX9, GPC3, BCL2",False
C2_core,GO_BP,GOBP_FEEDING_BEHAVIOR,Feeding behavior,7,65,806,0.0087,0.0044,1.977,0.06263668742618093,0.27373749556839627,"SGIP1, HAND2, UCHL1, ATP8A2, MRAP2, GDF15, FOS",False
C2_core,GO_BP,GOBP_CIRCADIAN_REGULATION_OF_GENE_EXPRESSION,Circadian regulation of gene expression,7,65,806,0.0087,0.0044,1.977,0.06263668742618093,0.27373749556839627,"CAVIN3, ID4, ID1, ID3, BHLHE41, CSNK1E, EGR1",False
C2_core,GO_BP,GOBP_REGULATION_OF_MICROTUBULE_DEPOLYMERIZATION,Regulation of microtubule depolymerization,4,28,806,0.005,0.0019,2.622,0.06333165101728173,0.2761376590385276,"MAP1B, MAP1A, STMN2, HDGFL3",False
C2_core,GO_BP,GOBP_NEGATIVE_REGULATION_OF_ENDOTHELIAL_CELL_APOPTOTIC_PROCESS,Negative regulation of endothelial cell apoptotic process,4,28,806,0.005,0.0019,2.622,0.06333165101728173,0.2761376590385276,"TNIP2, RAMP2, ANGPT1, GATA2",False
C2_core,GO_BP,GOBP_MAINTENANCE_OF_CELL_NUMBER,Maintenance of cell number,14,164,806,0.0174,0.0111,1.567,0.06401239566757035,0.27878501975221154,"FZD7, SAP30, SINHCAF, MYC, DLL1, SOX4, LBH, KLF4, KIT, GATA2, SOX9, JAG1, LIF, TEAD4",False
C2_core,GO_BP,GOBP_BIOLOGICAL_PROCESS_INVOLVED_IN_INTERACTION_WITH_HOST,Biological process involved in interaction with host,15,179,806,0.0186,0.0121,1.538,0.06446285962303418,0.2790349807559698,"EPHA2, ITGB5, CLEC5A, CHMP4B, CH25H, PTX3, CXCR4, TMPRSS2, GSN, SLC52A2, ITGA2, SLC7A1, SLC1A5, CXCL8, HYAL2",False
C2_core,GO_BP,GOBP_NEGATIVE_REGULATION_OF_ALPHA_BETA_T_CELL_ACTIVATION,Negative regulation of alpha beta t cell activation,5,40,806,0.0062,0.0027,2.294,0.06456209375523846,0.2790349807559698,"VSIR, SOCS1, FOXP3, ZC3H12A, ANXA1",False
C2_core,GO_BP,GOBP_REGULATION_OF_SODIUM_ION_TRANSMEMBRANE_TRANSPORTER_ACTIVITY,Regulation of sodium ion transmembrane transporter activity,5,40,806,0.0062,0.0027,2.294,0.06456209375523846,0.2790349807559698,"FXYD2, WNK2, FXYD5, TESC, GPD1L",False
C2_core,GO_BP,GOBP_POSITIVE_REGULATION_OF_SUBSTRATE_ADHESION_DEPENDENT_CELL_SPREADING,Positive regulation of substrate adhesion dependent cell spreading,5,40,806,0.0062,0.0027,2.294,0.06456209375523846,0.2790349807559698,"MYADM, HAS2, NEDD9, FLNA, MDK",False
C2_core,GO_BP,GOBP_TRABECULA_MORPHOGENESIS,Trabecula morphogenesis,5,40,806,0.0062,0.0027,2.294,0.06456209375523846,0.2790349807559698,"FHL2, TGFB2, ADAMTS1, MMP2, WNT10B",False
C2_core,GO_BP,GOBP_MYOBLAST_FUSION,Myoblast fusion,5,40,806,0.0062,0.0027,2.294,0.06456209375523846,0.2790349807559698,"CD9, MYH9, ADGRB1, GDF15, ADAMTS15",False
C2_core,GO_BP,GOBP_REGULATION_OF_NEURON_APOPTOTIC_PROCESS,Regulation of neuron apoptotic process,16,194,806,0.0199,0.0131,1.514,0.06458529377751003,0.2790349807559698,"BTG2, TGFB2, SEMA3E, FZD1, MCL1, CCL2, EGR1, MMP2, MDK, FOXQ1, NES, CLCF1, ANGPT1, BCL2, TGFB3, NFATC4",False
C2_core,GO_BP,GOBP_RHYTHMIC_PROCESS,Rhythmic process,20,255,806,0.0248,0.0172,1.44,0.0649427435529805,0.28025974410278265,"TGFB2, ADAMTS1, GPR176, HOMER1, SLIT2, HAS2, ID1, CSNK1E, MMP2, TGFB3, CAVIN3, ID4, BHLHE41, EGR1, A2M, PTX3, ADORA1, ID3, MDK, EGR3",False
C2_core,GO_BP,GOBP_BONE_MORPHOGENESIS,Bone morphogenesis,8,79,806,0.0099,0.0053,1.859,0.06527822024247912,0.2813870039803793,"STC1, SERPINH1, HAS2, FOXC1, MMP14, SOX9, PAPPA2, TGFB3",False
C2_core,GO_BP,GOBP_REGULATION_OF_MUSCLE_CELL_DIFFERENTIATION,Regulation of muscle cell differentiation,11,121,806,0.0136,0.0082,1.669,0.06574962209538095,0.28309695240840727,"SMARCD3, PRDM6, EFEMP2, DLL1, MMP14, BHLHE41, KIT, LAMC1, FZD7, BCL2, RGS4",False
C2_core,GO_BP,GOBP_METENCEPHALON_DEVELOPMENT,Metencephalon development,9,93,806,0.0112,0.0063,1.776,0.06636162848764704,0.28463320649156576,"TRNP1, GLI2, GLI1, MDK, LPAR1, DLL1, BCL2, FOXC1, TUBA1A",False
C2_core,GO_BP,GOBP_INTRINSIC_APOPTOTIC_SIGNALING_PATHWAY_IN_RESPONSE_TO_DNA_DAMAGE,Intrinsic apoptotic signaling pathway in response to dna damage,9,93,806,0.0112,0.0063,1.776,0.06636162848764704,0.28463320649156576,"HIC1, CRIP1, SNAI1, MCL1, IER3, EPHA2, PYCARD, BCL2, NFATC4",False
C2_core,GO_BP,GOBP_REGULATION_OF_MYELOID_LEUKOCYTE_DIFFERENTIATION,Regulation of myeloid leukocyte differentiation,10,107,806,0.0124,0.0072,1.715,0.06640690275496018,0.28463320649156576,"ROR2, MYC, IL34, FSTL3, NEDD9, GATA2, TESC, LIF, TNFRSF11B, FOS",False
C2_core,GO_BP,GOBP_HOMOPHILIC_CELL_ADHESION_VIA_PLASMA_MEMBRANE_ADHESION_MOLECULES,Homophilic cell adhesion via plasma membrane adhesion molecules,10,107,806,0.0124,0.0072,1.715,0.06640690275496018,0.28463320649156576,"IGSF21, CNTN4, AMIGO2, CDH11, ESAM, CDH6, CDH24, CLSTN1, CLSTN2, PCDH17",False
C2_core,GO_BP,GOBP_NEGATIVE_REGULATION_OF_T_CELL_PROLIFERATION,Negative regulation of t cell proliferation,7,66,806,0.0087,0.0045,1.947,0.06693967487256644,0.28577783050808947,"CTLA4, TNFRSF21, IL2RA, LRRC32, VSIR, FOXP3, VTCN1",False
C2_core,GO_BP,GOBP_POSITIVE_REGULATION_OF_PHAGOCYTOSIS,Positive regulation of phagocytosis,7,66,806,0.0087,0.0045,1.947,0.06693967487256644,0.28577783050808947,"IL15RA, PTX3, CCL2, ITGA2, GATA2, CYBA, PYCARD",False
C2_core,GO_BP,GOBP_REGULATION_OF_NITRIC_OXIDE_METABOLIC_PROCESS,Regulation of nitric oxide metabolic process,6,53,806,0.0074,0.0036,2.078,0.0671264896152546,0.28577783050808947,"PTGS2, PTX3, TSPO, KLF4, KLF2, ZC3H12A",False
C2_core,GO_BP,GOBP_POSITIVE_REGULATION_OF_MYELOID_LEUKOCYTE_DIFFERENTIATION,Positive regulation of myeloid leukocyte differentiation,6,53,806,0.0074,0.0036,2.078,0.0671264896152546,0.28577783050808947,"ROR2, IL34, NEDD9, TESC, LIF, FOS",False
C2_core,GO_BP,GOBP_PLATELET_DERIVED_GROWTH_FACTOR_RECEPTOR_SIGNALING_PATHWAY,Platelet derived growth factor receptor signaling pathway,6,53,806,0.0074,0.0036,2.078,0.0671264896152546,0.28577783050808947,"F3, PDGFD, ARID5B, LOX, PLAT, PDGFA",False
C2_core,GO_BP,GOBP_ZYMOGEN_ACTIVATION,Zymogen activation,6,53,806,0.0074,0.0036,2.078,0.0671264896152546,0.28577783050808947,"THBS1, VSIR, THBD, MMP14, PLAU, PLAT",False
C2_core,GO_BP,GOBP_CELLULAR_RESPONSE_TO_OXYGEN_LEVELS,Cellular response to oxygen levels,12,136,806,0.0149,0.0092,1.62,0.0675375539842808,0.2868831749399551,"AQP1, PTGS2, MYC, STC1, CASR, GATA6, RGCC, LPAR1, PLK3, LMNA, BCL2, FOS",False
C2_core,GO_BP,GOBP_NEGATIVE_REGULATION_OF_SECRETION,Negative regulation of secretion,12,136,806,0.0149,0.0092,1.62,0.0675375539842808,0.2868831749399551,"MIDN, ADRA2C, GNAZ, RAB11FIP1, ADORA1, TSPO, SYT11, ADRA2A, GJA1, LIF, ANXA1, RAB11FIP5",False
C2_core,GO_BP,GOBP_POSITIVE_REGULATION_OF_LEUKOCYTE_CHEMOTAXIS,Positive regulation of leukocyte chemotaxis,8,80,806,0.0099,0.0054,1.835,0.06924786694841101,0.2934879607418046,"THBS1, CCL21, VEGFC, IL34, NEDD9, MDK, CCL19, CXCL8",False
C2_core,GO_BP,GOBP_ALPHA_BETA_T_CELL_ACTIVATION,Alpha beta t cell activation,14,166,806,0.0174,0.0112,1.548,0.06930439684172203,0.2934879607418046,"IL2RA, SHB, VSIR, BATF, SOCS1, PRDM1, SOCS3, JUNB, FOXP3, CCL19, ZC3H12A, NFKBID, ANXA1, BCL2",False
C2_core,GO_BP,GOBP_POSITIVE_REGULATION_OF_CANONICAL_NF_KAPPAB_SIGNAL_TRANSDUCTION,Positive regulation of canonical nf kappab signal transduction,16,196,806,0.0199,0.0132,1.498,0.06944461647356735,0.2934879607418046,"TNIP2, S100A13, CCL21, WLS, EDA2R, GPRC5B, CLEC4D, LTB, FLNA, RHOC, LPAR1, CCL19, GJA1, PYCARD, EDNRA, PIM2",False
C2_core,GO_BP,GOBP_T_CELL_HOMEOSTASIS,T cell homeostasis,5,41,806,0.0062,0.0028,2.238,0.07038829196759308,0.2934879607418046,"IL2RA, PPP2R1A, CHST3, FOXP3, BCL2",False
C2_core,GO_BP,GOBP_NEGATIVE_REGULATION_OF_MAP_KINASE_ACTIVITY,Negative regulation of map kinase activity,5,41,806,0.0062,0.0028,2.238,0.07038829196759308,0.2934879607418046,"GSTP1, IRAK3, UCHL1, SPRY1, HYAL2",False
C2_core,GO_BP,GOBP_COLUMNAR_CUBOIDAL_EPITHELIAL_CELL_DEVELOPMENT,Columnar cuboidal epithelial cell development,5,41,806,0.0062,0.0028,2.238,0.07038829196759308,0.2934879607418046,"KLF5, PRDM1, DLL1, GATA2, GJA1",False
C2_core,GO_BP,GOBP_REGULATION_OF_ACUTE_INFLAMMATORY_RESPONSE,Regulation of acute inflammatory response,5,41,806,0.0062,0.0028,2.238,0.07038829196759308,0.2934879607418046,"PTGS2, GSTP1, ADORA1, OSMR, ALOX5AP",False
C2_core,GO_BP,GOBP_NEGATIVE_REGULATION_OF_INTERLEUKIN_2_PRODUCTION,Negative regulation of interleukin 2 production,4,29,806,0.005,0.002,2.532,0.07043495979463288,0.2934879607418046,"CD34, ZFP36, FOXP3, EZR",False
C2_core,GO_BP,GOBP_POSITIVE_REGULATION_OF_SYNAPTIC_TRANSMISSION_GLUTAMATERGIC,Positive regulation of synaptic transmission glutamatergic,4,29,806,0.005,0.002,2.532,0.07043495979463288,0.2934879607418046,"NLGN2, ROR2, CCL2, PTGS2",False
C2_core,GO_BP,GOBP_POSITIVE_REGULATION_OF_CELLULAR_RESPONSE_TO_TRANSFORMING_GROWTH_FACTOR_BETA_STIMULUS,Positive regulation of cellular response to transforming growth factor beta stimulus,4,29,806,0.005,0.002,2.532,0.07043495979463288,0.2934879607418046,"THBS1, TGFB1I1, CDKN1C, ITGA8",False
C2_core,GO_BP,GOBP_CD4_POSITIVE_OR_CD8_POSITIVE_ALPHA_BETA_T_CELL_LINEAGE_COMMITMENT,Cd4 positive or cd8 positive alpha beta t cell lineage commitment,4,29,806,0.005,0.002,2.532,0.07043495979463288,0.2934879607418046,"BATF, FOXP3, BCL2, SOCS3",False
C2_core,GO_BP,GOBP_NEGATIVE_REGULATION_OF_CELL_JUNCTION_ASSEMBLY,Negative regulation of cell junction assembly,4,29,806,0.005,0.002,2.532,0.07043495979463288,0.2934879607418046,"DUSP22, THBS1, MMP14, ACVRL1",False
C2_core,GO_BP,GOBP_REGULATION_OF_NEUROINFLAMMATORY_RESPONSE,Regulation of neuroinflammatory response,4,29,806,0.005,0.002,2.532,0.07043495979463288,0.2934879607418046,"PTGS2, SPHK1, SYT11, DAGLA",False
C2_core,GO_BP,GOBP_POSITIVE_REGULATION_OF_EXTRACELLULAR_MATRIX_ORGANIZATION,Positive regulation of extracellular matrix organization,4,29,806,0.005,0.002,2.532,0.07043495979463288,0.2934879607418046,"TNXB, RGCC, EFEMP2, SOX9",False
C2_core,GO_BP,GOBP_POSITIVE_REGULATION_OF_FILOPODIUM_ASSEMBLY,Positive regulation of filopodium assembly,4,29,806,0.005,0.002,2.532,0.07043495979463288,0.2934879607418046,"MYO3A, DPYSL3, CCL21, TGFB3",False
C2_core,GO_BP,GOBP_CENTRAL_NERVOUS_SYSTEM_PROJECTION_NEURON_AXONOGENESIS,Central nervous system projection neuron axonogenesis,4,29,806,0.005,0.002,2.532,0.07043495979463288,0.2934879607418046,"SLIT2, CDH11, PRDM8, GLI2",False
C2_core,GO_BP,GOBP_NEGATIVE_REGULATION_OF_CD4_POSITIVE_ALPHA_BETA_T_CELL_ACTIVATION,Negative regulation of cd4 positive alpha beta t cell activation,4,29,806,0.005,0.002,2.532,0.07043495979463288,0.2934879607418046,"VSIR, ZC3H12A, FOXP3, ANXA1",False
C2_core,GO_BP,GOBP_REGULATION_OF_NEURON_DIFFERENTIATION,Regulation of neuron differentiation,12,137,806,0.0149,0.0093,1.608,0.07054666083131707,0.2934879607418046,"CNTN4, ADRA2C, HEYL, DLL1, ID4, GPRC5B, MAP1B, GATA2, SOX9, NOTCH3, JAG1, BCL2",False
C2_core,GO_BP,GOBP_REGULATION_OF_PROTEIN_KINASE_C_SIGNALING,Regulation of protein kinase c signaling,3,18,806,0.0037,0.0012,3.059,0.07140067136238698,0.2934879607418046,"GPD1L, MYADM, SEZ6L2",False
C2_core,GO_BP,GOBP_MYELOID_DENDRITIC_CELL_DIFFERENTIATION,Myeloid dendritic cell differentiation,3,18,806,0.0037,0.0012,3.059,0.07140067136238698,0.2934879607418046,"BATF, BATF3, ITGB8",False
C2_core,GO_BP,GOBP_POSITIVE_REGULATION_OF_MACROPHAGE_CHEMOTAXIS,Positive regulation of macrophage chemotaxis,3,18,806,0.0037,0.0012,3.059,0.07140067136238698,0.2934879607418046,"THBS1, MDK, IL34",False
C2_core,GO_BP,GOBP_CATECHOL_CONTAINING_COMPOUND_BIOSYNTHETIC_PROCESS,Catechol containing compound biosynthetic process,3,18,806,0.0037,0.0012,3.059,0.07140067136238698,0.2934879607418046,"HAND2, MOXD1, TGFB2",False
C2_core,GO_BP,GOBP_GAMMA_AMINOBUTYRIC_ACID_TRANSPORT,Gamma aminobutyric acid transport,3,18,806,0.0037,0.0012,3.059,0.07140067136238698,0.2934879607418046,"TRPC4, SV2A, SLC6A11",False
C2_core,GO_BP,GOBP_METANEPHRIC_NEPHRON_MORPHOGENESIS,Metanephric nephron morphogenesis,3,18,806,0.0037,0.0012,3.059,0.07140067136238698,0.2934879607418046,"KIF26B, LIF, SOX9",False
C2_core,GO_BP,GOBP_REGULATION_OF_PLASMINOGEN_ACTIVATION,Regulation of plasminogen activation,3,18,806,0.0037,0.0012,3.059,0.07140067136238698,0.2934879607418046,"PLAU, THBS1, PLAT",False
C2_core,GO_BP,GOBP_RESPONSE_TO_MAGNESIUM_ION,Response to magnesium ion,3,18,806,0.0037,0.0012,3.059,0.07140067136238698,0.2934879607418046,"THBS1, ENTPD6, TNFRSF11B",False
C2_core,GO_BP,GOBP_RENAL_WATER_HOMEOSTASIS,Renal water homeostasis,3,18,806,0.0037,0.0012,3.059,0.07140067136238698,0.2934879607418046,"HAS2, AQP1, HYAL2",False
C2_core,GO_BP,GOBP_PROTEIN_ACTIVATION_CASCADE,Protein activation cascade,3,18,806,0.0037,0.0012,3.059,0.07140067136238698,0.2934879607418046,"THBD, FLNA, F13A1",False
C2_core,GO_BP,GOBP_REGULATION_OF_BONE_MINERALIZATION,Regulation of bone mineralization,7,67,806,0.0087,0.0045,1.918,0.07141617835944679,0.2934879607418046,"GJA1, PKDCC, MGP, SOX9, CCN1, VDR, WNT10B",False
C2_core,GO_BP,GOBP_CELLULAR_RESPONSE_TO_EXTERNAL_STIMULUS,Cellular response to external stimulus,7,67,806,0.0087,0.0045,1.918,0.07141617835944679,0.2934879607418046,"CNN2, PTGS2, ITGA2, SOX9, HABP4, ANKRD1, AQP1",False
C2_core,GO_BP,GOBP_REGULATION_OF_CELL_CYCLE_G1_S_PHASE_TRANSITION,Regulation of cell cycle g1 s phase transition,14,167,806,0.0174,0.0113,1.539,0.07205563492241332,0.29484229745590895,"CDKN2C, SMARCD3, GJC2, ADAMTS1, CCL2, SUSD2, KLF4, DACT1, GLI1, RGCC, PLK3, CCND3, ANXA1, BCL2",False
C2_core,GO_BP,GOBP_POSITIVE_REGULATION_OF_PROTEIN_SECRETION,Positive regulation of protein secretion,11,123,806,0.0136,0.0083,1.641,0.07213672267691006,0.29484229745590895,"VEGFC, WLS, TGFB2, DOC2B, CASR, SOX4, NLGN2, TMEM132A, ANKRD1, TGFB3, APBB3",False
C2_core,GO_BP,GOBP_CELLULAR_RESPONSE_TO_MOLECULE_OF_BACTERIAL_ORIGIN,Cellular response to molecule of bacterial origin,15,182,806,0.0186,0.0123,1.513,0.07216504941856167,0.29484229745590895,"TNIP2, ANKRD1, CXCL6, CXCL5, GSTP1, ZFP36, ZC3H12A, CCL2, IRAK3, TSPO, VIM, CXCL1, PYCARD, GFI1, CXCL8",False
C2_core,GO_BP,GOBP_POSITIVE_REGULATION_OF_ALPHA_BETA_T_CELL_DIFFERENTIATION,Positive regulation of alpha beta t cell differentiation,6,54,806,0.0074,0.0037,2.039,0.07221262920007483,0.29484229745590895,"SHB, SOCS1, FOXP3, CCL19, NFKBID, ANXA1",False
C2_core,GO_BP,GOBP_RUFFLE_ORGANIZATION,Ruffle organization,6,54,806,0.0074,0.0037,2.039,0.07221262920007483,0.29484229745590895,"TACSTD2, CCL21, EPS8L1, AIF1L, EPS8L3, TPM1",False
C2_core,GO_BP,GOBP_REGULATION_OF_BIOLOGICAL_PROCESS_INVOLVED_IN_SYMBIOTIC_INTERACTION,Regulation of biological process involved in symbiotic interaction,6,54,806,0.0074,0.0037,2.039,0.07221262920007483,0.29484229745590895,"CXCL6, CH25H, PTX3, TMPRSS2, GSN, CXCL8",False
C2_core,GO_BP,GOBP_NEGATIVE_REGULATION_OF_TRANSPORT,Negative regulation of transport,26,353,806,0.0323,0.0239,1.352,0.07296905556004502,0.2976100662185259,"TSPO, SYT11, TRAT1, CNN2, ANXA1, BCL2, RGS4, ADRA2C, MCTP1, STC1, PKDCC, CRYAB, REM1, MAP1B, LIF, RAB11FIP5, GNAZ, PIP4P2, GJA1, MIDN, THBS1, PTGS2, RAB11FIP1, ADORA1, ADRA2A, ANGPT1",False
C2_core,GO_BP,GOBP_REGULATION_OF_LEUKOCYTE_PROLIFERATION,Regulation of leukocyte proliferation,18,228,806,0.0223,0.0154,1.449,0.07323635525996812,0.29837908610754754,"CNN2, CTLA4, TNFRSF21, IL2RA, CLCF1, LRRC32, VSIR, GSTP1, NCK2, IL34, KIT, FOXP3, VTCN1, SLC7A1, CCL19, PYCARD, ANXA1, BCL2",False
C2_core,GO_BP,GOBP_CELLULAR_RESPONSE_TO_ACID_CHEMICAL,Cellular response to acid chemical,8,81,806,0.0099,0.0055,1.813,0.07336223038643752,0.2985708817768118,"LAMTOR4, PTGS2, PDGFD, SOCS1, COL4A1, MMP2, KLF2, COL16A1",False
C2_core,GO_BP,GOBP_NEGATIVE_REGULATION_OF_PEPTIDASE_ACTIVITY,Negative regulation of peptidase activity,9,95,806,0.0112,0.0064,1.739,0.07381712933425741,0.30009989597371384,"THBS1, SPOCK2, SERPINB9, TIMP2, SERPINH1, KLF4, TIMP4, AQP1, TIMP1",False
C2_core,GO_BP,GOBP_SODIUM_ION_TRANSPORT,Sodium ion transport,16,198,806,0.0199,0.0134,1.483,0.07454266922294185,0.30272473063850663,"SLC28A3, SLC6A19, SLC5A1, SCN4A, ATP1B3, FXYD2, WNK2, HCN1, SLC4A7, FXYD5, SLC6A11, TESC, GPD1L, SLC38A1, EDNRA, SLC12A2",False
C2_core,GO_BP,GOBP_VIRAL_LIFE_CYCLE,Viral life cycle,22,291,806,0.0273,0.0197,1.388,0.07529250200352224,0.3051158182795142,"SLC6A19, GSN, ITGA2, APOBEC3H, EPHA2, SLC7A1, BCL2, HYAL2, TMPRSS2, CHMP4B, CXCR4, CCL2, SLC52A2, SLC1A5, CXCL8, ITGB5, CLEC5A, CH25H, PTX3, ISG20, ZC3H12A, TRIM15",False
C2_core,GO_BP,GOBP_CELLULAR_RESPONSE_TO_ABIOTIC_STIMULUS,Cellular response to abiotic stimulus,22,291,806,0.0273,0.0197,1.388,0.07529250200352224,0.3051158182795142,"MFAP4, YBX3, TSPO, ITGA2, CNN2, SOX9, HABP4, HYAL2, MYC, CRYAB, MMP2, PYCARD, RAB11FIP5, TIMP1, NFATC4, CRIP1, EGR1, RGS9, GJA1, ANKRD1, AQP1, PTGS2",False
C2_core,GO_BP,GOBP_EXOCYTOSIS,Exocytosis,23,307,806,0.0285,0.0208,1.375,0.07589116633245509,0.30721327909580376,"P2RX1, SYT11, NKD2, ANXA1, SNPH, FCER1A, ANXA3, SYT13, RAB11FIP5, DOC2B, SCRN1, SV2A, RAB3C, KIT, TRPV6, RAB25, STX1A, S100A13, SYT8, RAB11FIP1, MYH9, GATA2, ADRA2A",False
C2_core,GO_BP,GOBP_GLYCOPROTEIN_METABOLIC_PROCESS,Glycoprotein metabolic process,24,323,806,0.0298,0.0218,1.364,0.07633524460481789,0.30833521181038864,"CHST10, MGAT3, B3GNT7, ITM2A, BACE2, HS3ST1, B3GAT3, CCL19, BCL2, ITM2C, GCNT4, GFPT2, SLC51B, TUSC3, TMTC2, PHLDA1, HBEGF, HS6ST2, CCL21, FOXL1, PTX3, CHST4, CHST3, B3GNT3",False
C2_core,GO_BP,GOBP_APOPTOTIC_CELL_CLEARANCE,Apoptotic cell clearance,5,42,806,0.0062,0.0028,2.185,0.07649382399096472,0.30833521181038864,"THBS1, CCL2, MFGE8, ADGRB1, ANXA1",False
C2_core,GO_BP,GOBP_SARCOMERE_ORGANIZATION,Sarcomere organization,5,42,806,0.0062,0.0028,2.185,0.07649382399096472,0.30833521181038864,"FHOD3, FLNC, KRT19, ANKRD1, TPM1",False
C2_core,GO_BP,GOBP_NEGATIVE_REGULATION_OF_PRODUCTION_OF_MOLECULAR_MEDIATOR_OF_IMMUNE_RESPONSE,Negative regulation of production of molecular mediator of immune response,5,42,806,0.0062,0.0028,2.185,0.07649382399096472,0.30833521181038864,"TGFB2, IRAK3, FOXP3, ANGPT1, TGFB3",False
C2_core,GO_BP,GOBP_REGULATION_OF_HORMONE_SECRETION,Regulation of hormone secretion,16,199,806,0.0199,0.0135,1.476,0.07718208371803077,0.30950461080255,"MIDN, LIF, STX1A, EFNA5, DOC2B, GNAZ, RAB11FIP1, ADORA1, SOX4, CASR, TSPO, ADRA2A, GJA1, NLGN2, ANXA1, RAB11FIP5",False
C2_core,GO_BP,GOBP_NEGATIVE_REGULATION_OF_GROWTH,Negative regulation of growth,16,199,806,0.0199,0.0135,1.476,0.07718208371803077,0.30950461080255,"CDKN2C, GDF15, FRZB, HYAL2, TGFB2, ACVRL1, SLIT2, CRYAB, BTG1, PLXNA3, SERTAD3, SEMA3G, GJA1, GPC3, BCL2, RGS4",False
C2_core,GO_BP,GOBP_REGULATION_OF_VASOCONSTRICTION,Regulation of vasoconstriction,6,55,806,0.0074,0.0037,2.002,0.07751354913731247,0.30950461080255,"P2RX1, ADRA2C, PTGS2, CASR, ADRA2A, MMP2",False
C2_core,GO_BP,GOBP_VASCULAR_ASSOCIATED_SMOOTH_MUSCLE_CELL_PROLIFERATION,Vascular associated smooth muscle cell proliferation,6,55,806,0.0074,0.0037,2.002,0.07751354913731247,0.30950461080255,"ADAMTS1, EFEMP2, MMP2, GJA1, TPM1, TGFB3",False
C2_core,GO_BP,GOBP_PROTEOGLYCAN_BIOSYNTHETIC_PROCESS,Proteoglycan biosynthetic process,6,55,806,0.0074,0.0037,2.002,0.07751354913731247,0.30950461080255,"CHST10, HS6ST2, FOXL1, CHST3, B3GAT3, HS3ST1",False
C2_core,GO_BP,GOBP_REGULATION_OF_STEROID_METABOLIC_PROCESS,Regulation of steroid metabolic process,8,82,806,0.0099,0.0055,1.791,0.07762152741044374,0.30950461080255,"SNAI1, DKK3, CH25H, TSPO, EGR1, KIT, IGFBP7, GFI1",False
C2_core,GO_BP,GOBP_CELLULAR_RESPONSE_TO_UV,Cellular response to uv,8,82,806,0.0099,0.0055,1.791,0.07762152741044374,0.30950461080255,"MFAP4, AQP1, TIMP1, MYC, CRIP1, MMP2, HYAL2, NFATC4",False
C2_core,GO_BP,GOBP_NEGATIVE_REGULATION_OF_PROTEIN_SERINE_THREONINE_KINASE_ACTIVITY,Negative regulation of protein serine threonine kinase activity,8,82,806,0.0099,0.0055,1.791,0.07762152741044374,0.30950461080255,"LATS2, GSTP1, IRAK3, UCHL1, CDKN1C, SPRY1, PYCARD, HYAL2",False
C2_core,GO_BP,GOBP_REGULATION_OF_ACTIN_FILAMENT_BUNDLE_ASSEMBLY,Regulation of actin filament bundle assembly,9,96,806,0.0112,0.0065,1.721,0.0777308616590407,0.30950461080255,"TACSTD2, RHPN1, FLNA, RGCC, RHOC, CCN2, LPAR1, TPM1, TGFB3",False
C2_core,GO_BP,GOBP_CHONDROCYTE_DIFFERENTIATION,Chondrocyte differentiation,9,96,806,0.0112,0.0065,1.721,0.0777308616590407,0.30950461080255,"ACVRL1, PKDCC, SERPINH1, MBOAT2, CCN2, MDK, SOX9, WNT10B, EFEMP1",False
C2_core,GO_BP,GOBP_CALCIUM_DEPENDENT_CELL_CELL_ADHESION_VIA_PLASMA_MEMBRANE_CELL_ADHESION_MOLECULES,Calcium dependent cell cell adhesion via plasma membrane cell adhesion molecules,4,30,806,0.005,0.002,2.447,0.07792752671038075,0.30950461080255,"CDH11, CDH6, CDH24, FXYD5",False
C2_core,GO_BP,GOBP_DETECTION_OF_MECHANICAL_STIMULUS_INVOLVED_IN_SENSORY_PERCEPTION,Detection of mechanical stimulus involved in sensory perception,4,30,806,0.005,0.002,2.447,0.07792752671038075,0.30950461080255,"ITGA2, CXCR4, TRPA1, KIT",False
C2_core,GO_BP,GOBP_POSITIVE_REGULATION_OF_MORPHOGENESIS_OF_AN_EPITHELIUM,Positive regulation of morphogenesis of an epithelium,4,30,806,0.005,0.002,2.447,0.07792752671038075,0.30950461080255,"GJA1, LIF, MDK, SOX9",False
C2_core,GO_BP,GOBP_FOREBRAIN_NEURON_DIFFERENTIATION,Forebrain neuron differentiation,4,30,806,0.005,0.002,2.447,0.07792752671038075,0.30950461080255,"SEMA3E, ZMIZ1, PLXNA3, GATA2",False
C2_core,GO_BP,GOBP_SEX_DIFFERENTIATION,Sex differentiation,17,215,806,0.0211,0.0145,1.451,0.07908890864870928,0.31346012015686137,"A2M, ROR2, TGFB2, SLIT2, ADAMTS1, PTX3, YBX3, KIT, GATA6, ARID5B, MMP14, MMP2, SOX9, FLNA, GJA1, BCL2, FOXC1",False
C2_core,GO_BP,GOBP_PROTEIN_PROCESSING,Protein processing,17,215,806,0.0211,0.0145,1.451,0.07908890864870928,0.31346012015686137,"ADAM19, THBS1, F3, VSIR, TMPRSS2, BACE2, ADAMTS3, APH1B, GSN, MMP14, MBOAT4, AEBP1, MYH9, NKD2, PLAU, THBD, PLAT",False
C2_core,GO_BP,GOBP_POSITIVE_REGULATION_OF_LEUKOCYTE_PROLIFERATION,Positive regulation of leukocyte proliferation,12,140,806,0.0149,0.0095,1.573,0.08008827890836363,0.31708932997261213,"IL2RA, CLCF1, NCK2, IL34, KIT, FOXP3, VTCN1, SLC7A1, CCL19, PYCARD, ANXA1, BCL2",False
C2_core,GO_BP,GOBP_POSITIVE_REGULATION_OF_TRANSPORTER_ACTIVITY,Positive regulation of transporter activity,7,69,806,0.0087,0.0047,1.862,0.08088958178428843,0.3179849133953486,"ATP1B3, CCL2, CACNA2D1, FXYD2, WNK2, TESC, EDNRA",False
C2_core,GO_BP,GOBP_REGULATION_OF_STEM_CELL_PROLIFERATION,Regulation of stem cell proliferation,7,69,806,0.0087,0.0047,1.862,0.08088958178428843,0.3179849133953486,"CDKN2C, VEGFC, EPCAM, SOX9, GJA1, WNT10B, SOX18",False
C2_core,GO_BP,GOBP_ENDOCRINE_PROCESS,Endocrine process,7,69,806,0.0087,0.0047,1.862,0.08088958178428843,0.3179849133953486,"AQP1, RAB11FIP1, SELENOM, TSPO, TRPV6, GJA1, RAB11FIP5",False
C2_core,GO_BP,GOBP_AMYLOID_PRECURSOR_PROTEIN_METABOLIC_PROCESS,Amyloid precursor protein metabolic process,7,69,806,0.0087,0.0047,1.862,0.08088958178428843,0.3179849133953486,"ADAM19, ITM2C, ITM2A, BACE2, APH1B, CSNK1E, PIN1",False
C2_core,GO_BP,GOBP_MELANOCYTE_DIFFERENTIATION,Melanocyte differentiation,3,19,806,0.0037,0.0013,2.898,0.08148940377589958,0.3179849133953486,"KIT, BCL2, ADAMTS9",False
C2_core,GO_BP,GOBP_FOREBRAIN_NEURON_DEVELOPMENT,Forebrain neuron development,3,19,806,0.0037,0.0013,2.898,0.08148940377589958,0.3179849133953486,"SEMA3E, ZMIZ1, PLXNA3",False
C2_core,GO_BP,GOBP_REGULATION_OF_VESICLE_FUSION,Regulation of vesicle fusion,3,19,806,0.0037,0.0013,2.898,0.08148940377589958,0.3179849133953486,"DOC2B, SPHK1, ANXA1",False
C2_core,GO_BP,GOBP_NEGATIVE_REGULATION_OF_CHEMOKINE_PRODUCTION,Negative regulation of chemokine production,3,19,806,0.0037,0.0013,2.898,0.08148940377589958,0.3179849133953486,"KLF4, GSTP1, EPHA2",False
C2_core,GO_BP,GOBP_NEGATIVE_REGULATION_OF_PHAGOCYTOSIS,Negative regulation of phagocytosis,3,19,806,0.0037,0.0013,2.898,0.08148940377589958,0.3179849133953486,"PIP4P2, SYT11, CNN2",False
C2_core,GO_BP,GOBP_REGULATION_OF_BROWN_FAT_CELL_DIFFERENTIATION,Regulation of brown fat cell differentiation,3,19,806,0.0037,0.0013,2.898,0.08148940377589958,0.3179849133953486,"METRNL, GATA2, PTGS2",False
C2_core,GO_BP,GOBP_RESPONSE_TO_PEPTIDE,Response to peptide,3,19,806,0.0037,0.0013,2.898,0.08148940377589958,0.3179849133953486,"KLF2, KLF4, CASR",False
C2_core,GO_BP,GOBP_NEGATIVE_REGULATION_OF_VASCULAR_ASSOCIATED_SMOOTH_MUSCLE_CELL_PROLIFERATION,Negative regulation of vascular associated smooth muscle cell proliferation,3,19,806,0.0037,0.0013,2.898,0.08148940377589958,0.3179849133953486,"TGFB3, TPM1, EFEMP2",False
C2_core,GO_BP,GOBP_COCHLEA_MORPHOGENESIS,Cochlea morphogenesis,3,19,806,0.0037,0.0013,2.898,0.08148940377589958,0.3179849133953486,"MYO3A, FRZB, SOX9",False
C2_core,GO_BP,GOBP_NEGATIVE_REGULATION_OF_CD4_POSITIVE_ALPHA_BETA_T_CELL_DIFFERENTIATION,Negative regulation of cd4 positive alpha beta t cell differentiation,3,19,806,0.0037,0.0013,2.898,0.08148940377589958,0.3179849133953486,"ZC3H12A, FOXP3, ANXA1",False
C2_core,GO_BP,GOBP_CHLORIDE_TRANSPORT,Chloride transport,9,97,806,0.0112,0.0066,1.703,0.08176887249886905,0.3184195867402002,"SLC4A3, SLC5A1, CASR, TSPO, GABRB3, GLRB, CLIC6, ANO9, SLC12A2",False
C2_core,GO_BP,GOBP_FIBROBLAST_PROLIFERATION,Fibroblast proliferation,9,97,806,0.0112,0.0066,1.703,0.08176887249886905,0.3184195867402002,"ZMIZ1, MYC, PDGFD, GSTP1, SPHK1, S100A6, LIF, AQP1, PDGFA",False
C2_core,GO_BP,GOBP_REGULATION_OF_BIOMINERAL_TISSUE_DEVELOPMENT,Regulation of biomineral tissue development,8,83,806,0.0099,0.0056,1.769,0.08202576560234702,0.3187647444792747,"GJA1, PKDCC, MGP, ASPN, SOX9, CCN1, VDR, WNT10B",False
C2_core,GO_BP,GOBP_LAMELLIPODIUM_ORGANIZATION,Lamellipodium organization,8,83,806,0.0099,0.0056,1.769,0.08202576560234702,0.3187647444792747,"ENPP2, SLIT2, NCK2, ABLIM2, VCL, KIT, TWF2, EPHA2",False
C2_core,GO_BP,GOBP_MULTICELLULAR_ORGANISM_GROWTH,Multicellular organism growth,11,126,806,0.0136,0.0085,1.602,0.08243544227141297,0.31938410656885113,"GDF15, EZR, PRICKLE1, SELENOM, PKDCC, STAT5A, ARID5B, WWTR1, ATP8A2, KLF2, BCL2",False
C2_core,GO_BP,GOBP_NEUROMUSCULAR_PROCESS,Neuromuscular process,11,126,806,0.0136,0.0085,1.602,0.08243544227141297,0.31938410656885113,"NLGN2, HOMER1, SCN4A, MAP1A, REM1, UCHL1, GLRB, ATP8A2, EDNRA, USH1C, TUBA1A",False
C2_core,GO_BP,GOBP_PHOTORECEPTOR_CELL_DEVELOPMENT,Photoreceptor cell development,5,43,806,0.0062,0.0029,2.134,0.08287563064133588,0.31938410656885113,"THY1, PRDM1, SAMD11, HCN1, USH1C",False
C2_core,GO_BP,GOBP_GRANULOCYTE_ACTIVATION,Granulocyte activation,5,43,806,0.0062,0.0029,2.134,0.08287563064133588,0.31938410656885113,"CXCL6, FCER1A, ANXA3, ANXA1, CXCL8",False
C2_core,GO_BP,GOBP_HAIR_CELL_DIFFERENTIATION,Hair cell differentiation,5,43,806,0.0062,0.0029,2.134,0.08287563064133588,0.31938410656885113,"DLL1, SLC4A7, JAG2, JAG1, USH1C",False
C2_core,GO_BP,GOBP_REGULATION_OF_MORPHOGENESIS_OF_A_BRANCHING_STRUCTURE,Regulation of morphogenesis of a branching structure,5,43,806,0.0062,0.0029,2.134,0.08287563064133588,0.31938410656885113,"TACSTD2, FGF7, MDK, SOX9, PDGFA",False
C2_core,GO_BP,GOBP_NEURON_RECOGNITION,Neuron recognition,5,43,806,0.0062,0.0029,2.134,0.08287563064133588,0.31938410656885113,"CNTN4, CRTAC1, TNFRSF21, CXCR4, NDN",False
C2_core,GO_BP,GOBP_MICROTUBULE_DEPOLYMERIZATION,Microtubule depolymerization,5,43,806,0.0062,0.0029,2.134,0.08287563064133588,0.31938410656885113,"MAP1B, STMN3, STMN2, MAP1A, HDGFL3",False
C2_core,GO_BP,GOBP_CARDIAC_MUSCLE_CELL_ACTION_POTENTIAL_INVOLVED_IN_CONTRACTION,Cardiac muscle cell action potential involved in contraction,6,56,806,0.0074,0.0038,1.967,0.08302806676440179,0.31938410656885113,"SCN4A, GJA1, CACNA2D1, FLNA, CACNA1C, GPD1L",False
C2_core,GO_BP,GOBP_MORPHOGENESIS_OF_A_POLARIZED_EPITHELIUM,Morphogenesis of a polarized epithelium,6,56,806,0.0074,0.0038,1.967,0.08302806676440179,0.31938410656885113,"EZR, VANGL2, DLG3, PKHD1, BRSK1, FZD1",False
C2_core,GO_BP,GOBP_NEGATIVE_REGULATION_OF_NERVOUS_SYSTEM_DEVELOPMENT,Negative regulation of nervous system development,10,112,806,0.0124,0.0076,1.639,0.08444910493508909,0.32452095192601677,"GDI1, BTG2, TSPO, ID4, PLXNA3, GATA2, ELAPOR2, SEMA3G, THY1, NFATC4",False
C2_core,GO_BP,GOBP_REGULATION_OF_MESENCHYMAL_CELL_PROLIFERATION,Regulation of mesenchymal cell proliferation,4,31,806,0.005,0.0021,2.368,0.08580037201560298,0.32804507264668387,"MYC, LMNA, PDGFA, SOX9",False
C2_core,GO_BP,GOBP_POSITIVE_REGULATION_OF_NEUTROPHIL_MIGRATION,Positive regulation of neutrophil migration,4,31,806,0.005,0.0021,2.368,0.08580037201560298,0.32804507264668387,"CCL19, CXCL8, CCL21, MDK",False
C2_core,GO_BP,GOBP_SYNAPSE_MATURATION,Synapse maturation,4,31,806,0.005,0.0021,2.368,0.08580037201560298,0.32804507264668387,"IGSF21, CLSTN1, SEZ6L2, NFATC4",False
C2_core,GO_BP,GOBP_RESPONSE_TO_VITAMIN_D,Response to vitamin d,4,31,806,0.005,0.0021,2.368,0.08580037201560298,0.32804507264668387,"VDR, CASR, PTGS2, STC1",False
C2_core,GO_BP,GOBP_NEGATIVE_REGULATION_OF_CELL_CYCLE_G1_S_PHASE_TRANSITION,Negative regulation of cell cycle g1 s phase transition,7,70,806,0.0087,0.0047,1.835,0.08588564583412785,0.32804507264668387,"GJC2, CCL2, SUSD2, KLF4, DACT1, PLK3, BCL2",False
C2_core,GO_BP,GOBP_REGULATION_OF_AXON_EXTENSION,Regulation of axon extension,7,70,806,0.0087,0.0047,1.835,0.08588564583412785,0.32804507264668387,"GDI1, SEMA7A, MAP1B, PLXNA3, TWF2, OLFM1, SEMA3G",False
C2_core,GO_BP,GOBP_NEGATIVE_REGULATION_OF_CELLULAR_RESPONSE_TO_GROWTH_FACTOR_STIMULUS,Negative regulation of cellular response to growth factor stimulus,8,84,806,0.0099,0.0057,1.748,0.08657474414597861,0.329680106099611,"THBS1, CHRDL2, SLIT2, BAMBI, FSTL3, SPRY1, CRIM1, FZD1",False
C2_core,GO_BP,GOBP_POSITIVE_REGULATION_OF_PROTEIN_POLYMERIZATION,Positive regulation of protein polymerization,8,84,806,0.0099,0.0057,1.748,0.08657474414597861,0.329680106099611,"CCL21, NCK2, CDC42EP1, MAP1B, TPPP3, BAIAP2L2, KIRREL1, PYCARD",False
C2_core,GO_BP,GOBP_OOGENESIS,Oogenesis,8,84,806,0.0099,0.0057,1.748,0.08657474414597861,0.329680106099611,"TAF4B, PTX3, PPP2R1A, MDK, EDNRA, PDE3A, SHB, BCL2",False
C2_core,GO_BP,GOBP_REGULATION_OF_MYELOID_CELL_DIFFERENTIATION,Regulation of myeloid cell differentiation,14,172,806,0.0174,0.0116,1.494,0.08687871023341155,0.3303957557891203,"ROR2, MYC, ZFP36, DLL1, IL34, FSTL3, NEDD9, LOX, GATA2, TESC, JAG1, LIF, TNFRSF11B, FOS",False
C2_core,GO_BP,GOBP_REGULATION_OF_VESICLE_MEDIATED_TRANSPORT,Regulation of vesicle mediated transport,32,457,806,0.0397,0.0309,1.285,0.08693707271621877,0.3303957557891203,"P2RX1, ITGA2, SYT11, CNN2, CCL19, CYBA, ANXA1, IL15RA, CD63, MCTP1, PKDCC, SPHK1, PYCARD, SGIP1, EZR, DOC2B, CCL2, SCRN1, PIP4P2, RAB3C, LPAR1, TRPV6, CLIP3, GPC3, RAB25, DLL1, STX1A, CCL21, PTX3, GATA2, ADRA2A, ANGPT1",False
C2_core,GO_BP,GOBP_NEGATIVE_REGULATION_OF_KINASE_ACTIVITY,Negative regulation of kinase activity,13,157,806,0.0161,0.0106,1.52,0.08710601587116013,0.33070610634852277,"DBNDD1, LATS2, MIDN, THY1, GSTP1, IRAK3, DUSP22, UCHL1, CDKN1C, SPRY1, WWTR1, PYCARD, HYAL2",False
C2_core,GO_BP,GOBP_CELL_ACTIVATION_INVOLVED_IN_IMMUNE_RESPONSE,Cell activation involved in immune response,20,265,806,0.0248,0.0179,1.385,0.0878329443801546,0.33313215841482063,"ITM2A, SOCS3, CCL19, ANXA1, FCER1A, ANXA3, PYCARD, BATF, CLEC4D, FOXP3, KIT, DLL1, SHB, NFKBID, S100A13, JUNB, GATA2, MDK, CLCF1, ZC3H12A",False
C2_core,GO_BP,GOBP_POSITIVE_REGULATION_OF_MUSCLE_CELL_DIFFERENTIATION,Positive regulation of muscle cell differentiation,6,57,806,0.0074,0.0039,1.932,0.08875454069791358,0.3362909547043946,"SMARCD3, MMP14, KIT, LAMC1, BCL2, EFEMP2",False
C2_core,GO_BP,GOBP_NEGATIVE_REGULATION_OF_PROTEIN_MODIFICATION_PROCESS,Negative regulation of protein modification process,26,361,806,0.0323,0.0244,1.322,0.0892445503272606,0.33780979139859185,"PPP1R15A, GSTP1, TSPO, SOCS3, UCHL1, THY1, HYAL2, DBNDD1, LATS2, SLIT2, SOCS1, DUSP22, ADGRB1, PYCARD, SH3GL2, IRAK3, NCK2, CDKN1C, SPRY1, GPD1L, MYADM, SOX4, WWTR1, KIRREL1, ZC3H12A, ANGPT1",False
C2_core,GO_BP,GOBP_CELLULAR_RESPONSE_TO_CAMP,Cellular response to camp,5,44,806,0.0062,0.003,2.086,0.08952989783439029,0.3382141404730855,"EZR, STC1, HCN1, WNT10B, AQP1",False
C2_core,GO_BP,GOBP_KERATINOCYTE_PROLIFERATION,Keratinocyte proliferation,5,44,806,0.0062,0.003,2.086,0.08952989783439029,0.3382141404730855,"ZFP36, FGF7, HAS2, MDK, VDR",False
C2_core,GO_BP,GOBP_MICROTUBULE_POLYMERIZATION_OR_DEPOLYMERIZATION,Microtubule polymerization or depolymerization,11,128,806,0.0136,0.0087,1.577,0.08978313897878902,0.33849583441853887,"HAUS7, CRYAB, MAP1B, TPPP3, STMN3, STMN2, CLIP3, MAP1A, PIN1, HDGFL3, TUBA1A",False
C2_core,GO_BP,GOBP_FEMALE_GAMETE_GENERATION,Female gamete generation,11,128,806,0.0136,0.0087,1.577,0.08978313897878902,0.33849583441853887,"ZMIZ1, TAF4B, ADAMTS1, PTX3, PPP2R1A, MMP2, MDK, EDNRA, PDE3A, SHB, BCL2",False
C2_core,GO_BP,GOBP_POSITIVE_REGULATION_OF_PROTEIN_LOCALIZATION,Positive regulation of protein localization,30,426,806,0.0372,0.0288,1.293,0.08995736829484455,0.33856187770426394,"WLS, TGFB2, MGAT3, B3GAT3, SYT11, EPHA2, NKD2, MAP1A, HYAL2, TMEM132A, APBB3, VEGFC, TGFB3, SLC51B, EZR, DOC2B, PTP4A3, CASR, FLNA, GPD1L, CLIP3, ZC3H12A, ANKRD1, PTGS2, ITGA3, SOX4, NEDD9, WWTR1, PLK3, NLGN2",False
C2_core,GO_BP,GOBP_RESPONSE_TO_ALCOHOL,Response to alcohol,17,219,806,0.0211,0.0148,1.425,0.0899793641721282,0.33856187770426394,"A2M, EFNA5, CCL21, OSBPL7, FOSB, SLIT2, KLF2, TSPO, KLF4, IGFBP7, FOXP3, CCL19, CLDN5, GRAMD1B, ADCY3, RGS4, FOS",False
C2_core,GO_BP,GOBP_LEUKOCYTE_HOMEOSTASIS,Leukocyte homeostasis,9,99,806,0.0112,0.0067,1.669,0.09021769562472401,0.3391218737322215,"CXCL6, IL2RA, PPP2R1A, CHST3, GCNT4, JAM3, FOXP3, ANXA1, BCL2",False
C2_core,GO_BP,GOBP_POSITIVE_REGULATION_OF_AXONOGENESIS,Positive regulation of axonogenesis,7,71,806,0.0087,0.0048,1.81,0.09105356198354916,0.34098125301080207,"GDI1, EFNA5, SEMA7A, SLIT2, MAP1B, PLXNA3, TWF2",False
C2_core,GO_BP,GOBP_RESPONSE_TO_AXON_INJURY,Response to axon injury,7,71,806,0.0087,0.0048,1.81,0.09105356198354916,0.34098125301080207,"TSPO, MAP1B, KLF4, DPYSL3, FLNA, MMP2, BCL2",False
C2_core,GO_BP,GOBP_NEGATIVE_REGULATION_OF_LEUKOCYTE_PROLIFERATION,Negative regulation of leukocyte proliferation,8,85,806,0.0099,0.0057,1.728,0.09126805527624275,0.34098125301080207,"CTLA4, TNFRSF21, IL2RA, LRRC32, VSIR, GSTP1, FOXP3, VTCN1",False
C2_core,GO_BP,GOBP_POSITIVE_REGULATION_OF_PROTEIN_AUTOPHOSPHORYLATION,Positive regulation of protein autophosphorylation,3,20,806,0.0037,0.0014,2.753,0.09215223095356594,0.34098125301080207,"PDGFD, VEGFC, PDGFA",False
C2_core,GO_BP,GOBP_DENTATE_GYRUS_DEVELOPMENT,Dentate gyrus development,3,20,806,0.0037,0.0014,2.753,0.09215223095356594,0.34098125301080207,"BTG2, MDK, TUBA1A",False
C2_core,GO_BP,GOBP_DENDRITIC_SPINE_MAINTENANCE,Dendritic spine maintenance,3,20,806,0.0037,0.0014,2.753,0.09215223095356594,0.34098125301080207,"NEDD9, ITGA3, HOMER1",False
C2_core,GO_BP,GOBP_NEURON_INTRINSIC_APOPTOTIC_SIGNALING_PATHWAY_IN_RESPONSE_TO_OXIDATIVE_STRESS,Neuron intrinsic apoptotic signaling pathway in response to oxidative stress,3,20,806,0.0037,0.0014,2.753,0.09215223095356594,0.34098125301080207,"MCL1, MMP2, FZD1",False
C2_core,GO_BP,GOBP_BRANCHING_INVOLVED_IN_MAMMARY_GLAND_DUCT_MORPHOGENESIS,Branching involved in mammary gland duct morphogenesis,3,20,806,0.0037,0.0014,2.753,0.09215223095356594,0.34098125301080207,"DDR1, VDR, EPHA2",False
C2_core,GO_BP,GOBP_POSITIVE_REGULATION_OF_MULTICELLULAR_ORGANISM_GROWTH,Positive regulation of multicellular organism growth,3,20,806,0.0037,0.0014,2.753,0.09215223095356594,0.34098125301080207,"ATP8A2, BCL2, EZR",False
C2_core,GO_BP,GOBP_REGULATION_OF_CELL_CELL_ADHESION_MEDIATED_BY_CADHERIN,Regulation of cell cell adhesion mediated by cadherin,3,20,806,0.0037,0.0014,2.753,0.09215223095356594,0.34098125301080207,"ADAM19, RGCC, EPCAM",False
C2_core,GO_BP,GOBP_CD4_POSITIVE_ALPHA_BETA_T_CELL_PROLIFERATION,Cd4 positive alpha beta t cell proliferation,3,20,806,0.0037,0.0014,2.753,0.09215223095356594,0.34098125301080207,"VSIR, FOXP3, IL2RA",False
C2_core,GO_BP,GOBP_REGULATION_OF_EXTRACELLULAR_MATRIX_ASSEMBLY,Regulation of extracellular matrix assembly,3,20,806,0.0037,0.0014,2.753,0.09215223095356594,0.34098125301080207,"HAS2, RGCC, SOX9",False
C2_core,GO_BP,GOBP_NEGATIVE_REGULATION_OF_MUSCLE_CONTRACTION,Negative regulation of muscle contraction,3,20,806,0.0037,0.0014,2.753,0.09215223095356594,0.34098125301080207,"ZC3H12A, ADRA2A, PTGS2",False
C2_core,GO_BP,GOBP_NEGATIVE_REGULATION_OF_ORGANIC_ACID_TRANSPORT,Negative regulation of organic acid transport,3,20,806,0.0037,0.0014,2.753,0.09215223095356594,0.34098125301080207,"THBS1, ADORA1, RGS4",False
C2_core,GO_BP,GOBP_RAB_PROTEIN_SIGNAL_TRANSDUCTION,Rab protein signal transduction,3,20,806,0.0037,0.0014,2.753,0.09215223095356594,0.34098125301080207,"GDI1, RAB9B, RAB33A",False
C2_core,GO_BP,GOBP_NEUTROPHIL_HOMEOSTASIS,Neutrophil homeostasis,3,20,806,0.0037,0.0014,2.753,0.09215223095356594,0.34098125301080207,"GCNT4, JAM3, ANXA1",False
C2_core,GO_BP,GOBP_POSITIVE_REGULATION_OF_PROTEIN_CATABOLIC_PROCESS,Positive regulation of protein catabolic process,15,189,806,0.0186,0.0128,1.457,0.09242355832896214,0.3416202958190231,"OSBPL7, LPCAT1, EZR, ECSCR, PRICKLE1, PLK3, SH3RF3, IER3, DACT1, ADRA2A, TNFSF12, SOX9, NKD2, CSNK1E, GPC3",False
C2_core,GO_BP,GOBP_REGULATION_OF_TRANS_SYNAPTIC_SIGNALING,Regulation of trans synaptic signaling,29,411,806,0.036,0.0278,1.295,0.09250525825028179,0.3416202958190231,"P2RX1, CNTN4, CDH11, MPP2, CLSTN1, SYT11, DBN1, MAP1A, RGS4, SLC12A2, HOMER1, MCTP1, MAP1B, ADGRB1, EGR2, BRSK1, NFATC4, CCL2, CLSTN2, KIT, STX1A, ROR2, PTGS2, ADORA1, ADRA2A, PCDH17, SLC38A1, NLGN2, PLAT",False
C2_core,GO_BP,GOBP_REGULATION_OF_SYNAPSE_STRUCTURE_OR_ACTIVITY,Regulation of synapse structure or activity,17,220,806,0.0211,0.0149,1.418,0.09284492879832983,0.34254083273307856,"SRPX2, HOMER1, EFNA5, ROR2, AMIGO2, FZD1, TUBA1A, NEDD9, CLSTN1, LRFN4, ADGRB1, CLSTN2, DBN1, NLGN2, TPBG, MUSK, NFATC4",False
C2_core,GO_BP,GOBP_NEGATIVE_REGULATION_OF_BLOOD_VESSEL_ENDOTHELIAL_CELL_MIGRATION,Negative regulation of blood vessel endothelial cell migration,4,32,806,0.005,0.0022,2.294,0.09404321994743167,0.3459512236706977,"KLF4, THBS1, RGCC, ACVRL1",False
C2_core,GO_BP,GOBP_POSITIVE_REGULATION_OF_MYELOID_LEUKOCYTE_CYTOKINE_PRODUCTION_INVOLVED_IN_IMMUNE_RESPONSE,Positive regulation of myeloid leukocyte cytokine production involved in immune response,4,32,806,0.005,0.0022,2.294,0.09404321994743167,0.3459512236706977,"GPRC5B, PYCARD, SEMA7A, KIT",False
C2_core,GO_BP,GOBP_POSITIVE_REGULATION_OF_NITRIC_OXIDE_METABOLIC_PROCESS,Positive regulation of nitric oxide metabolic process,4,32,806,0.005,0.0022,2.294,0.09404321994743167,0.3459512236706977,"KLF2, KLF4, PTX3, PTGS2",False
C2_core,GO_BP,GOBP_EMBRYONIC_HEART_TUBE_MORPHOGENESIS,Embryonic heart tube morphogenesis,6,58,806,0.0074,0.0039,1.899,0.09469088411277081,0.3479958873940724,"HAND2, DLL1, VANGL2, GJA1, SOX18, TEAD2",False
C2_core,GO_BP,GOBP_DETECTION_OF_STIMULUS_INVOLVED_IN_SENSORY_PERCEPTION,Detection of stimulus involved in sensory perception,8,86,806,0.0099,0.0058,1.707,0.09610508628143057,0.3515185991105852,"LXN, CXCR4, TRPA1, ADORA1, ITGA2, ATP8A2, KIT, OR51E1",False
C2_core,GO_BP,GOBP_SMOOTH_MUSCLE_CONTRACTION,Smooth muscle contraction,8,86,806,0.0099,0.0058,1.707,0.09610508628143057,0.3515185991105852,"P2RX1, ADRA2C, PTGS2, ITGA2, SPHK1, ADRA2A, KIT, EDNRA",False
C2_core,GO_BP,GOBP_DIGESTIVE_SYSTEM_PROCESS,Digestive system process,8,86,806,0.0099,0.0058,1.707,0.09610508628143057,0.3515185991105852,"SLC5A1, EZR, MUC13, ADRA2A, MDK, SOX9, VDR, AQP1",False
C2_core,GO_BP,GOBP_NEGATIVE_REGULATION_OF_BMP_SIGNALING_PATHWAY,Negative regulation of bmp signaling pathway,5,45,806,0.0062,0.003,2.039,0.09645209514852647,0.3515185991105852,"CHRDL2, BAMBI, FSTL3, CRIM1, FZD1",False
C2_core,GO_BP,GOBP_CARDIAC_MUSCLE_TISSUE_MORPHOGENESIS,Cardiac muscle tissue morphogenesis,5,45,806,0.0062,0.003,2.039,0.09645209514852647,0.3515185991105852,"TGFB2, EDNRA, ANKRD1, TPM1, FOXC1",False
C2_core,GO_BP,GOBP_CORONARY_VASCULATURE_DEVELOPMENT,Coronary vasculature development,5,45,806,0.0062,0.003,2.039,0.09645209514852647,0.3515185991105852,"HAND2, PRDM1, PRICKLE1, GATA6, GPC3",False
C2_core,GO_BP,GOBP_RESPONSE_TO_EPIDERMAL_GROWTH_FACTOR,Response to epidermal growth factor,5,45,806,0.0062,0.003,2.039,0.09645209514852647,0.3515185991105852,"ZFP36, DUSP22, SOX9, FOXC1, FOS",False
C2_core,GO_BP,GOBP_MEGAKARYOCYTE_DIFFERENTIATION,Megakaryocyte differentiation,5,45,806,0.0062,0.003,2.039,0.09645209514852647,0.3515185991105852,"FLNA, GATA2, LOX, KIT, TESC",False
C2_core,GO_BP,GOBP_POSITIVE_REGULATION_OF_MITOTIC_CELL_CYCLE,Positive regulation of mitotic cell cycle,10,115,806,0.0124,0.0078,1.596,0.09657716064241731,0.3515185991105852,"CCND3, SMARCD3, ADAMTS1, SMOC2, SPHK1, RGCC, HSPA2, WNT10B, SHB, ANXA1",False
C2_core,GO_BP,GOBP_EPITHELIAL_TUBE_FORMATION,Epithelial tube formation,10,115,806,0.0124,0.0078,1.596,0.09657716064241731,0.3515185991105852,"TGFB2, PODXL, PRICKLE1, SPINT2, FZD1, SPINT1, VANGL2, SOX9, ST14, TEAD2",False
C2_core,GO_BP,GOBP_MALE_SEX_DIFFERENTIATION,Male sex differentiation,11,130,806,0.0136,0.0088,1.553,0.0975170285184041,0.3524106318618178,"ROR2, TGFB2, YBX3, KIT, GATA6, ARID5B, MMP14, FLNA, SOX9, GJA1, BCL2",False
C2_core,GO_BP,GOBP_SERINE_TRANSPORT,Serine transport,2,10,806,0.0025,0.0007,3.671,0.09979852414561376,0.3524106318618178,"SLC1A5, SFXN3",False
C2_core,GO_BP,GOBP_PARTURITION,Parturition,2,10,806,0.0025,0.0007,3.671,0.09979852414561376,0.3524106318618178,"MAFF, MMP2",False
C2_core,GO_BP,GOBP_CELL_CELL_ADHESION_INVOLVED_IN_GASTRULATION,Cell cell adhesion involved in gastrulation,2,10,806,0.0025,0.0007,3.671,0.09979852414561376,0.3524106318618178,"KLF4, MYADM",False
C2_core,GO_BP,GOBP_POSITIVE_REGULATION_OF_REACTIVE_OXYGEN_SPECIES_BIOSYNTHETIC_PROCESS,Positive regulation of reactive oxygen species biosynthetic process,2,10,806,0.0025,0.0007,3.671,0.09979852414561376,0.3524106318618178,"CYBA, ADGRB1",False
C2_core,GO_BP,GOBP_RIBONUCLEOSIDE_DIPHOSPHATE_BIOSYNTHETIC_PROCESS,Ribonucleoside diphosphate biosynthetic process,2,10,806,0.0025,0.0007,3.671,0.09979852414561376,0.3524106318618178,"AK1, GUK1",False
C2_core,GO_BP,GOBP_MESENCHYMAL_STEM_CELL_DIFFERENTIATION,Mesenchymal stem cell differentiation,2,10,806,0.0025,0.0007,3.671,0.09979852414561376,0.3524106318618178,"SOX9, FZD1",False
C2_core,GO_BP,GOBP_EPITHELIAL_FLUID_TRANSPORT,Epithelial fluid transport,2,10,806,0.0025,0.0007,3.671,0.09979852414561376,0.3524106318618178,"AQP1, SLC5A1",False
C2_core,GO_BP,GOBP_BILE_ACID_SECRETION,Bile acid secretion,2,10,806,0.0025,0.0007,3.671,0.09979852414561376,0.3524106318618178,"CASR, SLC51B",False
C2_core,GO_BP,GOBP_METANEPHRIC_RENAL_VESICLE_MORPHOGENESIS,Metanephric renal vesicle morphogenesis,2,10,806,0.0025,0.0007,3.671,0.09979852414561376,0.3524106318618178,"LIF, KIF26B",False
C2_core,GO_BP,GOBP_NEUROENDOCRINE_CELL_DIFFERENTIATION,Neuroendocrine cell differentiation,2,10,806,0.0025,0.0007,3.671,0.09979852414561376,0.3524106318618178,"JAG1, GATA2",False
C2_core,GO_BP,GOBP_ADULT_HEART_DEVELOPMENT,Adult heart development,2,10,806,0.0025,0.0007,3.671,0.09979852414561376,0.3524106318618178,"GJA1, HAND2",False
C2_core,GO_BP,GOBP_RESPONSE_TO_UV_A,Response to uv a,2,10,806,0.0025,0.0007,3.671,0.09979852414561376,0.3524106318618178,"MMP2, TIMP1",False
C2_core,GO_BP,GOBP_REGULATION_OF_T_HELPER_1_CELL_DIFFERENTIATION,Regulation of t helper 1 cell differentiation,2,10,806,0.0025,0.0007,3.671,0.09979852414561376,0.3524106318618178,"CCL19, ANXA1",False
C2_core,GO_BP,GOBP_NEGATIVE_REGULATION_OF_NEUROBLAST_PROLIFERATION,Negative regulation of neuroblast proliferation,2,10,806,0.0025,0.0007,3.671,0.09979852414561376,0.3524106318618178,"GATA2, BTG2",False
C2_core,GO_BP,GOBP_POSITIVE_REGULATION_OF_MEGAKARYOCYTE_DIFFERENTIATION,Positive regulation of megakaryocyte differentiation,2,10,806,0.0025,0.0007,3.671,0.09979852414561376,0.3524106318618178,"TESC, GATA2",False
C2_core,GO_BP,GOBP_BILE_ACID_SIGNALING_PATHWAY,Bile acid signaling pathway,2,10,806,0.0025,0.0007,3.671,0.09979852414561376,0.3524106318618178,"VDR, GPBAR1",False
C2_core,GO_BP,GOBP_MACROPINOCYTOSIS,Macropinocytosis,2,10,806,0.0025,0.0007,3.671,0.09979852414561376,0.3524106318618178,"PYCARD, RAB34",False
C2_core,GO_BP,GOBP_POSITIVE_REGULATION_OF_MYOBLAST_PROLIFERATION,Positive regulation of myoblast proliferation,2,10,806,0.0025,0.0007,3.671,0.09979852414561376,0.3524106318618178,"GATA6, FGF7",False
C2_core,GO_BP,GOBP_AMMONIUM_TRANSMEMBRANE_TRANSPORT,Ammonium transmembrane transport,2,10,806,0.0025,0.0007,3.671,0.09979852414561376,0.3524106318618178,"AQP1, SLC12A2",False
C2_core,GO_BP,GOBP_NEGATIVE_REGULATION_OF_GLIAL_CELL_APOPTOTIC_PROCESS,Negative regulation of glial cell apoptotic process,2,10,806,0.0025,0.0007,3.671,0.09979852414561376,0.3524106318618178,"DLL1, CCL2",False
C2_core,GO_BP,GOBP_BONE_TRABECULA_FORMATION,Bone trabecula formation,2,10,806,0.0025,0.0007,3.671,0.09979852414561376,0.3524106318618178,"WNT10B, MMP2",False
C2_core,GO_BP,GOBP_NEGATIVE_REGULATION_OF_T_HELPER_17_TYPE_IMMUNE_RESPONSE,Negative regulation of t helper 17 type immune response,2,10,806,0.0025,0.0007,3.671,0.09979852414561376,0.3524106318618178,"ZC3H12A, FOXP3",False
C2_core,GO_BP,GOBP_VITAMIN_D_BIOSYNTHETIC_PROCESS,Vitamin d biosynthetic process,2,10,806,0.0025,0.0007,3.671,0.09979852414561376,0.3524106318618178,"SNAI1, GFI1",False
C2_core,GO_BP,GOBP_PURINE_DEOXYRIBONUCLEOSIDE_MONOPHOSPHATE_METABOLIC_PROCESS,Purine deoxyribonucleoside monophosphate metabolic process,2,10,806,0.0025,0.0007,3.671,0.09979852414561376,0.3524106318618178,"DGUOK, GUK1",False
C2_core,GO_BP,GOBP_NEGATIVE_REGULATION_OF_HORMONE_BIOSYNTHETIC_PROCESS,Negative regulation of hormone biosynthetic process,2,10,806,0.0025,0.0007,3.671,0.09979852414561376,0.3524106318618178,"DKK3, GFI1",False
C2_core,GO_BP,GOBP_POSITIVE_REGULATION_OF_ENDOTHELIAL_CELL_DIFFERENTIATION,Positive regulation of endothelial cell differentiation,2,10,806,0.0025,0.0007,3.671,0.09979852414561376,0.3524106318618178,"BTG1, ACVRL1",False
C2_core,GO_BP,GOBP_NEGATIVE_REGULATION_OF_ACUTE_INFLAMMATORY_RESPONSE,Negative regulation of acute inflammatory response,2,10,806,0.0025,0.0007,3.671,0.09979852414561376,0.3524106318618178,"GSTP1, ADORA1",False
C2_core,GO_BP,GOBP_NEGATIVE_REGULATION_OF_CELL_CELL_ADHESION_MEDIATED_BY_CADHERIN,Negative regulation of cell cell adhesion mediated by cadherin,2,10,806,0.0025,0.0007,3.671,0.09979852414561376,0.3524106318618178,"RGCC, EPCAM",False
C2_core,GO_BP,GOBP_MESODERMAL_CELL_FATE_COMMITMENT,Mesodermal cell fate commitment,2,10,806,0.0025,0.0007,3.671,0.09979852414561376,0.3524106318618178,"KLF4, TRIM15",False
C2_core,GO_BP,GOBP_PYRAMIDAL_NEURON_DEVELOPMENT,Pyramidal neuron development,2,10,806,0.0025,0.0007,3.671,0.09979852414561376,0.3524106318618178,"ZMIZ1, PLXNA3",False
C2_core,GO_BP,GOBP_LUTEINIZATION,Luteinization,2,10,806,0.0025,0.0007,3.671,0.09979852414561376,0.3524106318618178,"A2M, MMP2",False
C2_core,GO_BP,GOBP_POSITIVE_REGULATION_OF_REACTIVE_OXYGEN_SPECIES_METABOLIC_PROCESS,Positive regulation of reactive oxygen species metabolic process,6,59,806,0.0074,0.004,1.867,0.10083457937083234,0.35573763616022697,"THBS1, GSTP1, TSPO, ADGRB1, CYBA, ZC3H12A",False
C2_core,GO_BP,GOBP_REGULATION_OF_EXTENT_OF_CELL_GROWTH,Regulation of extent of cell growth,8,87,806,0.0099,0.0059,1.688,0.10108502203521459,0.35628944045714245,"GDI1, EFNA5, SEMA7A, MAP1B, PLXNA3, TWF2, OLFM1, SEMA3G",False
C2_core,GO_BP,GOBP_VASOCONSTRICTION,Vasoconstriction,7,73,806,0.0087,0.0049,1.76,0.10190002931808563,0.35763964029309064,"P2RX1, ADRA2C, PTGS2, CASR, ADRA2A, MMP2, EDNRA",False
C2_core,GO_BP,GOBP_AXIS_SPECIFICATION,Axis specification,7,73,806,0.0087,0.0049,1.76,0.10190002931808563,0.35763964029309064,"WLS, STC1, NRARP, PRICKLE1, MDFI, DLL1, GPC3",False
C2_core,GO_BP,GOBP_CARDIAC_CELL_DEVELOPMENT,Cardiac cell development,7,73,806,0.0087,0.0049,1.76,0.10190002931808563,0.35763964029309064,"FHL2, FHOD3, PRICKLE1, SPRY1, JAG1, LMNA, RGS4",False
C2_core,GO_BP,GOBP_RESPONSE_TO_AMPHETAMINE,Response to amphetamine,4,33,806,0.005,0.0022,2.225,0.10264462670034001,0.35763964029309064,"FOSB, EDNRA, RGS9, RGS4",False
C2_core,GO_BP,GOBP_SALIVARY_GLAND_DEVELOPMENT,Salivary gland development,4,33,806,0.005,0.0022,2.225,0.10264462670034001,0.35763964029309064,"TGFB3, FGF7, TGFB2, PDGFA",False
C2_core,GO_BP,GOBP_NEGATIVE_REGULATION_OF_STRIATED_MUSCLE_CELL_DIFFERENTIATION,Negative regulation of striated muscle cell differentiation,4,33,806,0.005,0.0022,2.225,0.10264462670034001,0.35763964029309064,"DLL1, FZD7, BHLHE41, RGS4",False
C2_core,GO_BP,GOBP_REGULATION_OF_DNA_DAMAGE_RESPONSE_SIGNAL_TRANSDUCTION_BY_P53_CLASS_MEDIATOR,Regulation of dna damage response signal transduction by p53 class mediator,4,33,806,0.005,0.0022,2.225,0.10264462670034001,0.35763964029309064,"SNAI1, ANKRD1, SOX4, HIC1",False
C2_core,GO_BP,GOBP_HOMEOSTASIS_OF_NUMBER_OF_CELLS_WITHIN_A_TISSUE,Homeostasis of number of cells within a tissue,4,33,806,0.005,0.0022,2.225,0.10264462670034001,0.35763964029309064,"GATA2, TUBA1A, BCL2, SOX9",False
C2_core,GO_BP,GOBP_POSITIVE_REGULATION_OF_SMOOTHENED_SIGNALING_PATHWAY,Positive regulation of smoothened signaling pathway,4,33,806,0.005,0.0022,2.225,0.10264462670034001,0.35763964029309064,"DCDC2, GPC3, GLI1, RAB34",False
C2_core,GO_BP,GOBP_REGULATION_OF_SMOOTH_MUSCLE_CELL_DIFFERENTIATION,Regulation of smooth muscle cell differentiation,4,33,806,0.005,0.0022,2.225,0.10264462670034001,0.35763964029309064,"SMARCD3, PRDM6, EFEMP2, KIT",False
C2_core,GO_BP,GOBP_REGULATION_OF_HAIR_CYCLE,Regulation of hair cycle,3,21,806,0.0037,0.0014,2.622,0.10335587387725896,0.35763964029309064,"WNT10B, EPS8L3, TGFB2",False
C2_core,GO_BP,GOBP_DETECTION_OF_TEMPERATURE_STIMULUS,Detection of temperature stimulus,3,21,806,0.0037,0.0014,2.622,0.10335587387725896,0.35763964029309064,"CXCR4, LXN, ADORA1",False
C2_core,GO_BP,GOBP_MYOBLAST_PROLIFERATION,Myoblast proliferation,3,21,806,0.0037,0.0014,2.622,0.10335587387725896,0.35763964029309064,"GATA6, FGF7, FOS",False
C2_core,GO_BP,GOBP_POSITIVE_REGULATION_OF_OLIGODENDROCYTE_DIFFERENTIATION,Positive regulation of oligodendrocyte differentiation,3,21,806,0.0037,0.0014,2.622,0.10335587387725896,0.35763964029309064,"CXCR4, MDK, IL34",False
C2_core,GO_BP,GOBP_WOUND_HEALING_SPREADING_OF_EPIDERMAL_CELLS,Wound healing spreading of epidermal cells,3,21,806,0.0037,0.0014,2.622,0.10335587387725896,0.35763964029309064,"ITGB5, HBEGF, ACVRL1",False
C2_core,GO_BP,GOBP_NEGATIVE_REGULATION_OF_VIRAL_ENTRY_INTO_HOST_CELL,Negative regulation of viral entry into host cell,3,21,806,0.0037,0.0014,2.622,0.10335587387725896,0.35763964029309064,"GSN, PTX3, CH25H",False
C2_core,GO_BP,GOBP_SPHINGOID_METABOLIC_PROCESS,Sphingoid metabolic process,3,21,806,0.0037,0.0014,2.622,0.10335587387725896,0.35763964029309064,"SGPP2, SPHK1, PLPP2",False
C2_core,GO_BP,GOBP_PHOSPHATIDYLSERINE_METABOLIC_PROCESS,Phosphatidylserine metabolic process,3,21,806,0.0037,0.0014,2.622,0.10335587387725896,0.35763964029309064,"OSBPL5, MBOAT2, ABHD12",False
C2_core,GO_BP,GOBP_REGULATION_OF_MEGAKARYOCYTE_DIFFERENTIATION,Regulation of megakaryocyte differentiation,3,21,806,0.0037,0.0014,2.622,0.10335587387725896,0.35763964029309064,"TESC, GATA2, LOX",False
C2_core,GO_BP,GOBP_RETINA_LAYER_FORMATION,Retina layer formation,3,21,806,0.0037,0.0014,2.622,0.10335587387725896,0.35763964029309064,"ATP8A2, PROM1, FJX1",False
C2_core,GO_BP,GOBP_REGULATION_OF_SYNAPTIC_PLASTICITY,Regulation of synaptic plasticity,14,177,806,0.0174,0.012,1.452,0.1034994067239483,0.3578095365666425,"EGR2, CNTN4, PTGS2, MCTP1, ADORA1, MAP1B, MPP2, DBN1, ADGRB1, KIT, SLC38A1, MAP1A, BRSK1, NFATC4",False
C2_core,GO_BP,GOBP_CELLULAR_RESPONSE_TO_LIGHT_STIMULUS,Cellular response to light stimulus,9,102,806,0.0112,0.0069,1.62,0.10381885939443354,0.35826016233652885,"MFAP4, AQP1, TIMP1, MYC, CRIP1, RGS9, MMP2, HYAL2, NFATC4",False
C2_core,GO_BP,GOBP_INORGANIC_ANION_TRANSMEMBRANE_TRANSPORT,Inorganic anion transmembrane transport,9,102,806,0.0112,0.0069,1.62,0.10381885939443354,0.35826016233652885,"SLC4A3, SLC5A1, CASR, GABRB3, GLRB, CLIC6, ANO9, VDR, SLC12A2",False
C2_core,GO_BP,GOBP_REGULATION_OF_PROTEIN_CONTAINING_COMPLEX_DISASSEMBLY,Regulation of protein containing complex disassembly,10,117,806,0.0124,0.0079,1.569,0.10520401336137228,0.3627097421530842,"IRAK3, GSN, TMOD2, MAP1B, TWF2, STMN2, VILL, NES, MAP1A, HDGFL3",False
C2_core,GO_BP,GOBP_T_CELL_RECEPTOR_SIGNALING_PATHWAY,T cell receptor signaling pathway,11,132,806,0.0136,0.0089,1.53,0.10563610058347765,0.36353786113605524,"CTLA4, TNFRSF21, EZR, SHB, ZC3H12A, DUSP22, FOXP3, VTCN1, TRAT1, THY1, NFKBID",False
C2_core,GO_BP,GOBP_RHO_PROTEIN_SIGNAL_TRANSDUCTION,Rho protein signal transduction,11,132,806,0.0136,0.0089,1.53,0.10563610058347765,0.36353786113605524,"TAX1BP3, ARHGEF3, EPS8L1, ITGA3, ARHGAP27, CDC42EP1, KCTD10, EPS8L3, ADRA2A, LPAR1, P2RY10",False
C2_core,GO_BP,GOBP_POSITIVE_REGULATION_OF_MYELOID_CELL_DIFFERENTIATION,Positive regulation of myeloid cell differentiation,8,88,806,0.0099,0.0059,1.669,0.10620684803367304,0.3645088289851333,"ROR2, IL34, NEDD9, GATA2, TESC, JAG1, LIF, FOS",False
C2_core,GO_BP,GOBP_POSITIVE_REGULATION_OF_JNK_CASCADE,Positive regulation of jnk cascade,8,88,806,0.0099,0.0059,1.669,0.10620684803367304,0.3645088289851333,"FZD7, CCL21, SH3RF3, EDA2R, DUSP22, CCN2, CCL19, PYCARD",False
C2_core,GO_BP,GOBP_AMINO_ACID_TRANSMEMBRANE_TRANSPORT,Amino acid transmembrane transport,8,88,806,0.0099,0.0059,1.669,0.10620684803367304,0.3645088289851333,"PRAF2, SLC6A19, SLC6A11, SLC7A1, SLC38A1, SLC1A5, SFXN3, RGS4",False
C2_core,GO_BP,GOBP_MEMBRANE_INVAGINATION,Membrane invagination,6,60,806,0.0074,0.0041,1.835,0.10718269385240714,0.3671927911453623,"THBS1, GSN, ITGA2, MYH9, GATA2, ADGRB1",False
C2_core,GO_BP,GOBP_POSITIVE_REGULATION_OF_OSTEOBLAST_DIFFERENTIATION,Positive regulation of osteoblast differentiation,6,60,806,0.0074,0.0041,1.835,0.10718269385240714,0.3671927911453623,"JUND, WWTR1, CCN1, JAG1, WNT10B, FZD1",False
C2_core,GO_BP,GOBP_REGULATION_OF_PROTEIN_LOCALIZATION_TO_MEMBRANE,Regulation of protein localization to membrane,13,163,806,0.0161,0.011,1.464,0.1083653441376655,0.370574267994237,"NLGN2, GDI1, SLC51B, EZR, ITGA3, PKDCC, GSN, MMP14, MRAP2, NKD2, CLIP3, GPC3, EPHA2",False
C2_core,GO_BP,GOBP_REGULATION_OF_CELL_SIZE,Regulation of cell size,13,163,806,0.0161,0.011,1.464,0.1083653441376655,0.370574267994237,"LAMTOR4, EFNA5, SEMA7A, EZR, GDI1, GPRC5B, MAP1B, PLXNA3, TWF2, OLFM1, SEMA3G, AQP1, SLC12A2",False
C2_core,GO_BP,GOBP_STRESS_FIBER_ASSEMBLY,Stress fiber assembly,9,103,806,0.0112,0.007,1.604,0.1085978998570976,0.37103466416460124,"ITGB5, TACSTD2, RHPN1, RGCC, RHOC, CCN2, LPAR1, TPM1, TGFB3",False
C2_core,GO_BP,GOBP_MULTICELLULAR_ORGANISMAL_MOVEMENT,Multicellular organismal movement,5,47,806,0.0062,0.0032,1.953,0.11107881976793653,0.3784870936157478,"HOMER1, SCN4A, REM1, ATP8A2, MAP1A",False
C2_core,GO_BP,GOBP_NEGATIVE_REGULATION_OF_CALCIUM_ION_TRANSPORT,Negative regulation of calcium ion transport,5,47,806,0.0062,0.0032,1.953,0.11107881976793653,0.3784870936157478,"PTGS2, STC1, REM1, ADRA2A, BCL2",False
C2_core,GO_BP,GOBP_POSITIVE_REGULATION_OF_RECEPTOR_MEDIATED_ENDOCYTOSIS,Positive regulation of receptor mediated endocytosis,5,47,806,0.0062,0.0032,1.953,0.11107881976793653,0.3784870936157478,"SGIP1, CD63, CCL21, CCL19, ANGPT1",False
C2_core,GO_BP,GOBP_SKELETAL_MUSCLE_CONTRACTION,Skeletal muscle contraction,4,34,806,0.005,0.0023,2.159,0.11159210590569418,0.3788731982765908,"REM1, ATP8A2, HOMER1, SCN4A",False
C2_core,GO_BP,GOBP_ENDOCRINE_PANCREAS_DEVELOPMENT,Endocrine pancreas development,4,34,806,0.005,0.0023,2.159,0.11159210590569418,0.3788731982765908,"DLL1, GATA6, SOX4, SOX9",False
C2_core,GO_BP,GOBP_T_CELL_LINEAGE_COMMITMENT,T cell lineage commitment,4,34,806,0.005,0.0023,2.159,0.11159210590569418,0.3788731982765908,"BATF, FOXP3, BCL2, SOCS3",False
C2_core,GO_BP,GOBP_LACTATION,Lactation,4,34,806,0.005,0.0023,2.159,0.11159210590569418,0.3788731982765908,"DDR1, VDR, GJA1, STAT5A",False
C2_core,GO_BP,GOBP_REGULATION_OF_ESTABLISHMENT_OF_PROTEIN_LOCALIZATION,Regulation of establishment of protein localization,31,453,806,0.0385,0.0306,1.256,0.11278570608923914,0.38258284724451846,"WLS, TGFB2, B3GAT3, HYAL2, TMEM132A, APBB3, SLC12A2, GDI1, VEGFC, PKDCC, RAB11FIP5, TGFB3, SLC51B, DOC2B, GNAZ, PTP4A3, CASR, FLNA, ZC3H12A, ANKRD1, MIDN, STX1A, EFNA5, PTPN14, PTGS2, RAB11FIP1, SOX4, ADRA2A, PLK3, NLGN2, ANGPT1",False
C2_core,GO_BP,GOBP_CARDIAC_MUSCLE_CELL_ACTION_POTENTIAL,Cardiac muscle cell action potential,7,75,806,0.0087,0.0051,1.713,0.11341632149854644,0.3840343540285902,"GPD1L, SLC4A3, SCN4A, CACNA2D1, FLNA, CACNA1C, GJA1",False
C2_core,GO_BP,GOBP_MEMBRANE_DEPOLARIZATION,Membrane depolarization,7,75,806,0.0087,0.0051,1.713,0.11341632149854644,0.3840343540285902,"GPD1L, CACNA2D1, TSPO, HCN1, CACNA1C, GJA1, BCL2",False
C2_core,GO_BP,GOBP_REGULATION_OF_SYNAPTIC_TRANSMISSION_GLUTAMATERGIC,Regulation of synaptic transmission glutamatergic,6,61,806,0.0074,0.0041,1.805,0.11373189684755212,0.3847590688887277,"ROR2, HOMER1, PTGS2, ADORA1, CCL2, NLGN2",False
C2_core,GO_BP,GOBP_POSITIVE_REGULATION_OF_REGULATORY_T_CELL_DIFFERENTIATION,Positive regulation of regulatory t cell differentiation,3,22,806,0.0037,0.0015,2.503,0.11506575970924911,0.3868537387208029,"VSIR, SOCS1, FOXP3",False
C2_core,GO_BP,GOBP_ARF_PROTEIN_SIGNAL_TRANSDUCTION,Arf protein signal transduction,3,22,806,0.0037,0.0015,2.503,0.11506575970924911,0.3868537387208029,"ARFGEF3, CYTH3, CYTH2",False
C2_core,GO_BP,GOBP_PROGRAMMED_CELL_DEATH_INVOLVED_IN_CELL_DEVELOPMENT,Programmed cell death involved in cell development,3,22,806,0.0037,0.0015,2.503,0.11506575970924911,0.3868537387208029,"YBX3, BCL2, KIT",False
C2_core,GO_BP,GOBP_REGULATION_OF_HORMONE_BIOSYNTHETIC_PROCESS,Regulation of hormone biosynthetic process,3,22,806,0.0037,0.0015,2.503,0.11506575970924911,0.3868537387208029,"DKK3, GFI1, EGR1",False
C2_core,GO_BP,GOBP_POSITIVE_REGULATION_OF_MACROPHAGE_CYTOKINE_PRODUCTION,Positive regulation of macrophage cytokine production,3,22,806,0.0037,0.0015,2.503,0.11506575970924911,0.3868537387208029,"GPRC5B, PYCARD, SEMA7A",False
C2_core,GO_BP,GOBP_DENDRITIC_CELL_CHEMOTAXIS,Dendritic cell chemotaxis,3,22,806,0.0037,0.0015,2.503,0.11506575970924911,0.3868537387208029,"CCL19, CXCR4, CCL21",False
C2_core,GO_BP,GOBP_OUTFLOW_TRACT_SEPTUM_MORPHOGENESIS,Outflow tract septum morphogenesis,3,22,806,0.0037,0.0015,2.503,0.11506575970924911,0.3868537387208029,"GATA6, PARVA, TGFB2",False
C2_core,GO_BP,GOBP_ACUTE_INFLAMMATORY_RESPONSE,Acute inflammatory response,8,90,806,0.0099,0.0061,1.632,0.11687113741229858,0.38957096558849064,"A2M, F3, FCER1A, PTGS2, GSTP1, ADORA1, OSMR, ALOX5AP",False
C2_core,GO_BP,GOBP_NEGATIVE_REGULATION_OF_SMOOTH_MUSCLE_CONTRACTION,Negative regulation of smooth muscle contraction,2,11,806,0.0025,0.0007,3.337,0.11772466497725569,0.38957096558849064,"ADRA2A, PTGS2",False
C2_core,GO_BP,GOBP_COLUMNAR_CUBOIDAL_EPITHELIAL_CELL_MATURATION,Columnar cuboidal epithelial cell maturation,2,11,806,0.0025,0.0007,3.337,0.11772466497725569,0.38957096558849064,"GJA1, GATA2",False
C2_core,GO_BP,GOBP_POSITIVE_REGULATION_OF_ASTROCYTE_DIFFERENTIATION,Positive regulation of astrocyte differentiation,2,11,806,0.0025,0.0007,3.337,0.11772466497725569,0.38957096558849064,"CLCF1, LIF",False
C2_core,GO_BP,GOBP_REGULATION_OF_STEM_CELL_DIVISION,Regulation of stem cell division,2,11,806,0.0025,0.0007,3.337,0.11772466497725569,0.38957096558849064,"MLLT3, LBH",False
C2_core,GO_BP,GOBP_HYPOTONIC_RESPONSE,Hypotonic response,2,11,806,0.0025,0.0007,3.337,0.11772466497725569,0.38957096558849064,"ITGA2, TSPO",False
C2_core,GO_BP,GOBP_POSITIVE_REGULATION_OF_URINE_VOLUME,Positive regulation of urine volume,2,11,806,0.0025,0.0007,3.337,0.11772466497725569,0.38957096558849064,"HAS2, HYAL2",False
C2_core,GO_BP,GOBP_REGULATION_OF_DENDRITIC_SPINE_MAINTENANCE,Regulation of dendritic spine maintenance,2,11,806,0.0025,0.0007,3.337,0.11772466497725569,0.38957096558849064,"NEDD9, HOMER1",False
C2_core,GO_BP,GOBP_INTESTINAL_EPITHELIAL_CELL_DEVELOPMENT,Intestinal epithelial cell development,2,11,806,0.0025,0.0007,3.337,0.11772466497725569,0.38957096558849064,"PRDM1, KLF5",False
C2_core,GO_BP,GOBP_REGULATION_OF_GAMMA_DELTA_T_CELL_ACTIVATION,Regulation of gamma delta t cell activation,2,11,806,0.0025,0.0007,3.337,0.11772466497725569,0.38957096558849064,"SOX4, EGR3",False
C2_core,GO_BP,GOBP_ATRIAL_CARDIAC_MUSCLE_TISSUE_DEVELOPMENT,Atrial cardiac muscle tissue development,2,11,806,0.0025,0.0007,3.337,0.11772466497725569,0.38957096558849064,"EDNRA, GATA6",False
C2_core,GO_BP,GOBP_MAST_CELL_CHEMOTAXIS,Mast cell chemotaxis,2,11,806,0.0025,0.0007,3.337,0.11772466497725569,0.38957096558849064,"VEGFC, KIT",False
C2_core,GO_BP,GOBP_GAMMA_AMINOBUTYRIC_ACID_SECRETION,Gamma aminobutyric acid secretion,2,11,806,0.0025,0.0007,3.337,0.11772466497725569,0.38957096558849064,"TRPC4, SV2A",False
C2_core,GO_BP,GOBP_POSITIVE_REGULATION_OF_CALCIUM_ION_DEPENDENT_EXOCYTOSIS,Positive regulation of calcium ion dependent exocytosis,2,11,806,0.0025,0.0007,3.337,0.11772466497725569,0.38957096558849064,"DOC2B, STX1A",False
C2_core,GO_BP,GOBP_SEGMENT_SPECIFICATION,Segment specification,2,11,806,0.0025,0.0007,3.337,0.11772466497725569,0.38957096558849064,"DLL1, MLLT3",False
C2_core,GO_BP,GOBP_POSITIVE_REGULATION_OF_T_CELL_DIFFERENTIATION_IN_THYMUS,Positive regulation of t cell differentiation in thymus,2,11,806,0.0025,0.0007,3.337,0.11772466497725569,0.38957096558849064,"GLI2, EGR3",False
C2_core,GO_BP,GOBP_NEGATIVE_REGULATION_OF_CD4_POSITIVE_ALPHA_BETA_T_CELL_PROLIFERATION,Negative regulation of cd4 positive alpha beta t cell proliferation,2,11,806,0.0025,0.0007,3.337,0.11772466497725569,0.38957096558849064,"VSIR, FOXP3",False
C2_core,GO_BP,GOBP_REGULATION_OF_NATURAL_KILLER_CELL_DIFFERENTIATION,Regulation of natural killer cell differentiation,2,11,806,0.0025,0.0007,3.337,0.11772466497725569,0.38957096558849064,"IL15RA, PRDM1",False
C2_core,GO_BP,GOBP_REGULATION_OF_PEPTIDASE_ACTIVITY,Regulation of peptidase activity,18,244,806,0.0223,0.0165,1.354,0.11829610619163951,0.39112037204199135,"AQP1, THBS1, F3, PYCARD, SERPINB9, VSIR, TIMP4, MYC, TIMP2, MCL1, SERPINH1, APH1B, KLF4, PRSS22, GSN, SPOCK2, BCL2, TIMP1",False
C2_core,GO_BP,GOBP_DIENCEPHALON_DEVELOPMENT,Diencephalon development,5,48,806,0.0062,0.0032,1.912,0.11877107331739034,0.39166544543045434,"SEMA3E, GLI2, PLXNA3, GLI1, GATA2",False
C2_core,GO_BP,GOBP_RESPONSE_TO_AMINE,Response to amine,5,48,806,0.0062,0.0032,1.912,0.11877107331739034,0.39166544543045434,"FOSB, ITGA2, RGS9, EDNRA, RGS4",False
C2_core,GO_BP,GOBP_POSITIVE_REGULATION_OF_PROTEIN_BINDING,Positive regulation of protein binding,5,48,806,0.0062,0.0032,1.912,0.11877107331739034,0.39166544543045434,"STING1, BAMBI, DACT1, CLDN5, PIN1",False
C2_core,GO_BP,GOBP_REGULATION_OF_APOPTOTIC_SIGNALING_PATHWAY,Regulation of apoptotic signaling pathway,23,325,806,0.0285,0.022,1.299,0.1202149662683836,0.3960821801660047,"SNAI1, GSTP1, PPP2R1A, YBX3, TNFRSF12A, PAK5, BCL2, HYAL2, ITM2C, MYC, MCL1, TNFSF12, MMP2, LMNA, PYCARD, NFATC4, NCK2, IER3, IL20RA, THBS1, PTGS2, LTB, FZD1",False
C2_core,GO_BP,GOBP_REGULATION_OF_STEROID_BIOSYNTHETIC_PROCESS,Regulation of steroid biosynthetic process,6,62,806,0.0074,0.0042,1.776,0.12047847736797379,0.3961807597846456,"SNAI1, DKK3, TSPO, EGR1, IGFBP7, GFI1",False
C2_core,GO_BP,GOBP_POSITIVE_REGULATION_OF_MYOBLAST_DIFFERENTIATION,Positive regulation of myoblast differentiation,4,35,806,0.005,0.0024,2.098,0.12087225080787815,0.3961807597846456,"BTG1, SMARCD3, SOX4, BOC",False
C2_core,GO_BP,GOBP_POSITIVE_REGULATION_OF_AXON_EXTENSION,Positive regulation of axon extension,4,35,806,0.005,0.0024,2.098,0.12087225080787815,0.3961807597846456,"MAP1B, GDI1, TWF2, SEMA7A",False
C2_core,GO_BP,GOBP_VENTRICULAR_CARDIAC_MUSCLE_TISSUE_MORPHOGENESIS,Ventricular cardiac muscle tissue morphogenesis,4,35,806,0.005,0.0024,2.098,0.12087225080787815,0.3961807597846456,"FOXC1, EDNRA, TPM1, TGFB2",False
C2_core,GO_BP,GOBP_ACID_SECRETION,Acid secretion,4,35,806,0.005,0.0024,2.098,0.12087225080787815,0.3961807597846456,"TRPC4, CASR, SLC51B, SV2A",False
C2_core,GO_BP,GOBP_RESPIRATORY_SYSTEM_PROCESS,Respiratory system process,4,35,806,0.005,0.0024,2.098,0.12087225080787815,0.3961807597846456,"ADORA1, NLGN2, NDN, JAG2",False
C2_core,GO_BP,GOBP_RESPONSE_TO_OXIDATIVE_STRESS,Response to oxidative stress,25,358,806,0.031,0.0242,1.282,0.12144288187079762,0.3977070694973658,"MGAT3, PDGFD, GSTP1, GPX3, KLF2, BCL2, HYAL2, MCTP1, CRYAB, SPHK1, MMP2, EDNRA, TPM1, GPX7, GPX8, TRPA1, KLF4, MSRB3, MMP14, AQP1, SOD3, PTGS2, PLK3, ZC3H12A, FOS",False
C2_core,GO_BP,GOBP_ANTERIOR_POSTERIOR_PATTERN_SPECIFICATION,Anterior posterior pattern specification,11,136,806,0.0136,0.0092,1.485,0.12301867117152393,0.4014795392497021,"BTG2, WLS, NRARP, HEYL, PRICKLE1, MLLT3, BHLHE41, HES4, DLL1, GPC3, FOXC1",False
C2_core,GO_BP,GOBP_NEGATIVE_REGULATION_OF_MAPK_CASCADE,Negative regulation of mapk cascade,11,136,806,0.0136,0.0092,1.485,0.12301867117152393,0.4014795392497021,"EZR, MYC, GSTP1, IRAK3, UCHL1, DACT1, WNK2, SPRY1, LIF, PIN1, HYAL2",False
C2_core,GO_BP,GOBP_INORGANIC_ANION_TRANSPORT,Inorganic anion transport,11,136,806,0.0136,0.0092,1.485,0.12301867117152393,0.4014795392497021,"SLC4A3, SLC5A1, CASR, TSPO, GABRB3, GLRB, CLIC6, ANO9, SLC4A7, VDR, SLC12A2",False
C2_core,GO_BP,GOBP_REGULATION_OF_CALCIUM_ION_TRANSMEMBRANE_TRANSPORT,Regulation of calcium ion transmembrane transport,11,136,806,0.0136,0.0092,1.485,0.12301867117152393,0.4014795392497021,"P2RX1, TRPC1, GJC2, CACNA2D1, REM1, CACNA1C, ADRA2A, RGS9, CYBA, THY1, BCL2",False
C2_core,GO_BP,GOBP_NEGATIVE_REGULATION_OF_DEFENSE_RESPONSE,Negative regulation of defense response,16,214,806,0.0199,0.0145,1.372,0.12413485987193318,0.4047736523707012,"A2M, IL2RA, SERPINB9, GSTP1, ZFP36, ADORA1, METRNL, RPS19, FNDC4, SOCS3, KLF4, IRAK3, IER3, SYT11, FOXP3, MDK",False
C2_core,GO_BP,GOBP_REGULATION_OF_POTASSIUM_ION_TRANSPORT,Regulation of potassium ion transport,7,77,806,0.0087,0.0052,1.669,0.1255854343259345,0.40721008618093085,"CD63, ATP1B3, ADORA1, FXYD2, FLNA, ADRA2A, RGS4",False
C2_core,GO_BP,GOBP_MULTICELLULAR_ORGANISMAL_RESPONSE_TO_STRESS,Multicellular organismal response to stress,7,77,806,0.0087,0.0052,1.669,0.1255854343259345,0.40721008618093085,"THBS1, TRPA1, TSPO, HCN1, ADRA2A, MDK, BCL2",False
C2_core,GO_BP,GOBP_LYMPHOCYTE_ACTIVATION_INVOLVED_IN_IMMUNE_RESPONSE,Lymphocyte activation involved in immune response,14,183,806,0.0174,0.0124,1.404,0.1258187464582784,0.40721008618093085,"CLCF1, SHB, BATF, ITM2A, SOCS3, JUNB, CLEC4D, FOXP3, MDK, CCL19, DLL1, ZC3H12A, NFKBID, ANXA1",False
C2_core,GO_BP,GOBP_REGULATION_OF_RESPONSE_TO_CYTOKINE_STIMULUS,Regulation of response to cytokine stimulus,12,152,806,0.0149,0.0103,1.449,0.1260367111553797,0.40721008618093085,"STING1, GFI1, CCDC3, SLIT2, GSTP1, CXCR4, IRAK3, KLF4, SPHK1, PYCARD, ANGPT1, TNFRSF11B",False
C2_core,GO_BP,GOBP_ENDOCHONDRAL_BONE_MORPHOGENESIS,Endochondral bone morphogenesis,5,49,806,0.0062,0.0033,1.873,0.12670679523252043,0.40721008618093085,"STC1, SERPINH1, MMP14, SOX9, FOXC1",False
C2_core,GO_BP,GOBP_VENTRICULAR_CARDIAC_MUSCLE_TISSUE_DEVELOPMENT,Ventricular cardiac muscle tissue development,5,49,806,0.0062,0.0033,1.873,0.12670679523252043,0.40721008618093085,"ADAMTS9, TGFB2, EDNRA, TPM1, FOXC1",False
C2_core,GO_BP,GOBP_MODULATION_BY_SYMBIONT_OF_ENTRY_INTO_HOST,Modulation by symbiont of entry into host,5,49,806,0.0062,0.0033,1.873,0.12670679523252043,0.40721008618093085,"CH25H, PTX3, TMPRSS2, GSN, CXCL8",False
C2_core,GO_BP,GOBP_REGULATION_OF_MULTICELLULAR_ORGANISM_GROWTH,Regulation of multicellular organism growth,5,49,806,0.0062,0.0033,1.873,0.12670679523252043,0.40721008618093085,"EZR, STAT5A, ATP8A2, GDF15, BCL2",False
C2_core,GO_BP,GOBP_REGULATION_OF_MACROPHAGE_ACTIVATION,Regulation of macrophage activation,5,49,806,0.0062,0.0033,1.873,0.12670679523252043,0.40721008618093085,"TNIP2, THBS1, SPHK1, SYT11, ZC3H12A",False
C2_core,GO_BP,GOBP_NEUTRAL_AMINO_ACID_TRANSPORT,Neutral amino acid transport,5,49,806,0.0062,0.0033,1.873,0.12670679523252043,0.40721008618093085,"SLC6A19, SLC38A1, SLC1A5, SFXN3, RGS4",False
C2_core,GO_BP,GOBP_LUNG_ALVEOLUS_DEVELOPMENT,Lung alveolus development,5,49,806,0.0062,0.0033,1.873,0.12670679523252043,0.40721008618093085,"PKDCC, GATA6, LIF, TGFB3, PDGFA",False
C2_core,GO_BP,GOBP_POSITIVE_REGULATION_OF_GLYCOPROTEIN_METABOLIC_PROCESS,Positive regulation of glycoprotein metabolic process,3,23,806,0.0037,0.0016,2.394,0.12724643495334445,0.40721008618093085,"CCL19, CCL21, SLC51B",False
C2_core,GO_BP,GOBP_CARDIAC_ATRIUM_MORPHOGENESIS,Cardiac atrium morphogenesis,3,23,806,0.0037,0.0016,2.394,0.12724643495334445,0.40721008618093085,"CCN1, SOX4, TGFB2",False
C2_core,GO_BP,GOBP_RESPONSE_TO_PROSTAGLANDIN_E,Response to prostaglandin e,3,23,806,0.0037,0.0016,2.394,0.12724643495334445,0.40721008618093085,"CCL19, A2M, CCL21",False
C2_core,GO_BP,GOBP_REGULATION_OF_RESPONSE_TO_NUTRIENT_LEVELS,Regulation of response to nutrient levels,3,23,806,0.0037,0.0016,2.394,0.12724643495334445,0.40721008618093085,"GDF15, VDR, BCL2",False
C2_core,GO_BP,GOBP_VASCULAR_ENDOTHELIAL_CELL_PROLIFERATION,Vascular endothelial cell proliferation,3,23,806,0.0037,0.0016,2.394,0.12724643495334445,0.40721008618093085,"CCL2, MDK, NRARP",False
C2_core,GO_BP,GOBP_LUNG_CELL_DIFFERENTIATION,Lung cell differentiation,3,23,806,0.0037,0.0016,2.394,0.12724643495334445,0.40721008618093085,"KLF2, GATA6, SOX9",False
C2_core,GO_BP,GOBP_SMOOTH_MUSCLE_TISSUE_DEVELOPMENT,Smooth muscle tissue development,3,23,806,0.0037,0.0016,2.394,0.12724643495334445,0.40721008618093085,"ITGA8, EFEMP2, SOX9",False
C2_core,GO_BP,GOBP_PITUITARY_GLAND_DEVELOPMENT,Pituitary gland development,3,23,806,0.0037,0.0016,2.394,0.12724643495334445,0.40721008618093085,"GLI2, GLI1, GATA2",False
C2_core,GO_BP,GOBP_POSITIVE_REGULATION_OF_SIGNALING_RECEPTOR_ACTIVITY,Positive regulation of signaling receptor activity,3,23,806,0.0037,0.0016,2.394,0.12724643495334445,0.40721008618093085,"ADRA2C, ADRA2A, CCL2",False
C2_core,GO_BP,GOBP_BARBED_END_ACTIN_FILAMENT_CAPPING,Barbed end actin filament capping,3,23,806,0.0037,0.0016,2.394,0.12724643495334445,0.40721008618093085,"GSN, TWF2, VILL",False
C2_core,GO_BP,GOBP_METANEPHROS_MORPHOGENESIS,Metanephros morphogenesis,3,23,806,0.0037,0.0016,2.394,0.12724643495334445,0.40721008618093085,"KIF26B, LIF, SOX9",False
C2_core,GO_BP,GOBP_INTERLEUKIN_2_PRODUCTION,Interleukin 2 production,6,63,806,0.0074,0.0043,1.748,0.12741836274489726,0.40741618265013985,"EZR, CD34, ZFP36, FOXP3, VTCN1, ANXA1",False
C2_core,GO_BP,GOBP_MONOATOMIC_ANION_TRANSPORT,Monoatomic anion transport,11,137,806,0.0136,0.0093,1.474,0.12759956096312922,0.4076515484732686,"SLC4A3, SLC5A1, STC1, CASR, TSPO, GABRB3, GLRB, CLIC6, ANO9, SLC4A7, SLC12A2",False
C2_core,GO_BP,GOBP_CANONICAL_NF_KAPPAB_SIGNAL_TRANSDUCTION,Canonical nf kappab signal transduction,20,279,806,0.0248,0.0189,1.316,0.12782836020910265,0.40783011528343754,"WLS, GSTP1, CARD19, RHOC, CCL19, GPRC5B, EDNRA, PYCARD, TNIP2, EDA2R, CLEC4D, FLNA, LPAR1, GJA1, S100A13, CCL21, LTB, ZC3H12A, ANGPT1, PIM2",False
C2_core,GO_BP,GOBP_MICROTUBULE_POLYMERIZATION,Microtubule polymerization,8,92,806,0.0099,0.0062,1.596,0.12808599556275815,0.40783011528343754,"HAUS7, MAP1B, TPPP3, STMN2, CLIP3, PIN1, HDGFL3, TUBA1A",False
C2_core,GO_BP,GOBP_EAR_MORPHOGENESIS,Ear morphogenesis,8,92,806,0.0099,0.0062,1.596,0.12808599556275815,0.40783011528343754,"ITGA8, FRZB, MYO3A, ATP8A2, GATA2, SOX9, EDNRA, USH1C",False
C2_core,GO_BP,GOBP_POSITIVE_REGULATION_OF_T_CELL_PROLIFERATION,Positive regulation of t cell proliferation,8,92,806,0.0099,0.0062,1.596,0.12808599556275815,0.40783011528343754,"IL2RA, NCK2, FOXP3, VTCN1, SLC7A1, CCL19, PYCARD, ANXA1",False
C2_core,GO_BP,GOBP_CELLULAR_COMPONENT_ASSEMBLY_INVOLVED_IN_MORPHOGENESIS,Cellular component assembly involved in morphogenesis,9,107,806,0.0112,0.0072,1.544,0.1289167766622409,0.41013070258037854,"MYL9, PMP22, CD9, FHOD3, TMOD2, FLNC, KRT19, ANKRD1, TPM1",False
C2_core,GO_BP,GOBP_NEGATIVE_REGULATION_OF_TRANSFERASE_ACTIVITY,Negative regulation of transferase activity,14,184,806,0.0174,0.0124,1.397,0.1297877219156621,0.41255509927721784,"DBNDD1, LATS2, MIDN, THY1, GSTP1, ZFP36, IRAK3, DUSP22, UCHL1, CDKN1C, SPRY1, WWTR1, PYCARD, HYAL2",False
C2_core,GO_BP,GOBP_NEGATIVE_REGULATION_OF_MICROTUBULE_POLYMERIZATION_OR_DEPOLYMERIZATION,Negative regulation of microtubule polymerization or depolymerization,4,36,806,0.005,0.0024,2.039,0.1304708524746415,0.41264946579834444,"MAP1B, CLIP3, STMN2, HDGFL3",False
C2_core,GO_BP,GOBP_CATECHOLAMINE_SECRETION,Catecholamine secretion,4,36,806,0.005,0.0024,2.039,0.1304708524746415,0.41264946579834444,"ADRA2C, ADRA2A, SYT11, STX1A",False
C2_core,GO_BP,GOBP_NEGATIVE_REGULATION_OF_CHEMOTAXIS,Negative regulation of chemotaxis,4,36,806,0.005,0.0024,2.039,0.1304708524746415,0.41264946579834444,"SLIT2, THBS1, CCL2, PLXNA3",False
C2_core,GO_BP,GOBP_NEGATIVE_REGULATION_OF_PLASMA_MEMBRANE_BOUNDED_CELL_PROJECTION_ASSEMBLY,Negative regulation of plasma membrane bounded cell projection assembly,4,36,806,0.005,0.0024,2.039,0.1304708524746415,0.41264946579834444,"SLIT2, TACSTD2, CCL21, LPAR1",False
C2_core,GO_BP,GOBP_POTASSIUM_ION_IMPORT_ACROSS_PLASMA_MEMBRANE,Potassium ion import across plasma membrane,4,36,806,0.005,0.0024,2.039,0.1304708524746415,0.41264946579834444,"KCNJ16, FXYD2, SLC12A2, ATP1B3",False
C2_core,GO_BP,GOBP_CENTRAL_NERVOUS_SYSTEM_NEURON_AXONOGENESIS,Central nervous system neuron axonogenesis,4,36,806,0.005,0.0024,2.039,0.1304708524746415,0.41264946579834444,"SLIT2, CDH11, PRDM8, GLI2",False
C2_core,GO_BP,GOBP_CELLULAR_OXIDANT_DETOXIFICATION,Cellular oxidant detoxification,7,78,806,0.0087,0.0053,1.647,0.13190836380802315,0.41436218381157996,"SOD3, GPX7, PTGS2, GPX8, GSTP1, GPX3, ALOX5AP",False
C2_core,GO_BP,GOBP_MAINTENANCE_OF_PROTEIN_LOCATION,Maintenance of protein location,7,78,806,0.0087,0.0053,1.647,0.13190836380802315,0.41436218381157996,"TMSB10, TSPO, GSN, MDFI, TWF2, DBN1, FLNA",False
C2_core,GO_BP,GOBP_RESPONSE_TO_UV,Response to uv,11,138,806,0.0136,0.0093,1.463,0.13227311745243617,0.41436218381157996,"MFAP4, AQP1, TIMP1, MYC, CRIP1, COL6A3, MMP2, BRSK1, BCL2, HYAL2, NFATC4",False
C2_core,GO_BP,GOBP_STRIATED_MUSCLE_CELL_PROLIFERATION,Striated muscle cell proliferation,6,64,806,0.0074,0.0043,1.721,0.1345471378833143,0.41436218381157996,"TGFB2, GATA6, GLI1, ANGPT1, FOXC1, FOS",False
C2_core,GO_BP,GOBP_CELLULAR_RESPONSE_TO_HYDROGEN_PEROXIDE,Cellular response to hydrogen peroxide,6,64,806,0.0074,0.0043,1.721,0.1345471378833143,0.41436218381157996,"PDGFD, TRPA1, KLF4, SPHK1, KLF2, AQP1",False
C2_core,GO_BP,GOBP_RESPONSE_TO_ACTIVITY,Response to activity,6,64,806,0.0074,0.0043,1.721,0.1345471378833143,0.41436218381157996,"METRNL, CXCR4, ITGA2, COL4A2, MMP2, FOS",False
C2_core,GO_BP,GOBP_OOCYTE_DIFFERENTIATION,Oocyte differentiation,5,50,806,0.0062,0.0034,1.835,0.13487849880487135,0.41436218381157996,"PPP2R1A, EDNRA, PDE3A, SHB, BCL2",False
C2_core,GO_BP,GOBP_CELLULAR_RESPONSE_TO_OSMOTIC_STRESS,Cellular response to osmotic stress,5,50,806,0.0062,0.0034,1.835,0.13487849880487135,0.41436218381157996,"PTGS2, YBX3, TSPO, PYCARD, AQP1",False
C2_core,GO_BP,GOBP_REGULATION_OF_LIPID_BIOSYNTHETIC_PROCESS,Regulation of lipid biosynthetic process,12,154,806,0.0149,0.0104,1.43,0.13489122032863204,0.41436218381157996,"LPCAT1, PTGS2, CCDC3, SNAI1, DKK3, TSPO, IGFBP7, SPHK1, EGR1, CCN1, GFI1, PDGFA",False
C2_core,GO_BP,GOBP_SENSORY_PERCEPTION,Sensory perception,27,396,806,0.0335,0.0268,1.251,0.13554115467938996,0.41436218381157996,"SFRP5, ITGA2, WNT10B, ADCY3, TMPRSS3, RGS16, OR51E1, MYO7B, ATP8A2, LAMC3, CXCR4, TRPA1, NDN, CCL2, GLRB, RGS9, KIT, EFEMP1, NLGN2, AQP1, LXN, DCDC2, TACSTD2, MYO3A, ADORA1, ADRA2A, USH1C",False
C2_core,GO_BP,GOBP_CHONDROCYTE_DIFFERENTIATION_INVOLVED_IN_ENDOCHONDRAL_BONE_MORPHOGENESIS,Chondrocyte differentiation involved in endochondral bone morphogenesis,2,12,806,0.0025,0.0008,3.059,0.13637097999816317,0.41436218381157996,"SERPINH1, SOX9",False
C2_core,GO_BP,GOBP_EXTRACELLULAR_MATRIX_CONSTITUENT_SECRETION,Extracellular matrix constituent secretion,2,12,806,0.0025,0.0008,3.059,0.13637097999816317,0.41436218381157996,"PRICKLE1, RGCC",False
C2_core,GO_BP,GOBP_HEPARAN_SULFATE_PROTEOGLYCAN_METABOLIC_PROCESS,Heparan sulfate proteoglycan metabolic process,2,12,806,0.0025,0.0008,3.059,0.13637097999816317,0.41436218381157996,"HS3ST1, HS6ST2",False
C2_core,GO_BP,GOBP_RESPONSE_TO_FORSKOLIN,Response to forskolin,2,12,806,0.0025,0.0008,3.059,0.13637097999816317,0.41436218381157996,"ADCY3, EFNA5",False
C2_core,GO_BP,GOBP_REGULATION_OF_SYNAPTIC_VESICLE_CYCLE,Regulation of synaptic vesicle cycle,2,12,806,0.0025,0.0008,3.059,0.13637097999816317,0.41436218381157996,"SCRN1, LPAR1",False
C2_core,GO_BP,GOBP_REGULATION_OF_DEVELOPMENT_HETEROCHRONIC,Regulation of development heterochronic,2,12,806,0.0025,0.0008,3.059,0.13637097999816317,0.41436218381157996,"DLL1, JAG1",False
C2_core,GO_BP,GOBP_REGULATION_OF_TYPE_B_PANCREATIC_CELL_PROLIFERATION,Regulation of type b pancreatic cell proliferation,2,12,806,0.0025,0.0008,3.059,0.13637097999816317,0.41436218381157996,"WDR13, SGPP2",False
C2_core,GO_BP,GOBP_VENTRICULAR_CARDIAC_MUSCLE_CELL_DIFFERENTIATION,Ventricular cardiac muscle cell differentiation,2,12,806,0.0025,0.0008,3.059,0.13637097999816317,0.41436218381157996,"LMNA, FHL2",False
C2_core,GO_BP,GOBP_REGULATION_OF_PROTEIN_LOCALIZATION_TO_ENDOSOME,Regulation of protein localization to endosome,2,12,806,0.0025,0.0008,3.059,0.13637097999816317,0.41436218381157996,"EZR, MGAT3",False
C2_core,GO_BP,GOBP_PROTEIN_LOCALIZATION_TO_EARLY_ENDOSOME,Protein localization to early endosome,2,12,806,0.0025,0.0008,3.059,0.13637097999816317,0.41436218381157996,"EZR, MGAT3",False
C2_core,GO_BP,GOBP_REGULATION_OF_VASCULAR_ASSOCIATED_SMOOTH_MUSCLE_CELL_DIFFERENTIATION,Regulation of vascular associated smooth muscle cell differentiation,2,12,806,0.0025,0.0008,3.059,0.13637097999816317,0.41436218381157996,"EFEMP2, KIT",False
C2_core,GO_BP,GOBP_RESPONSE_TO_INTERLEUKIN_15,Response to interleukin 15,2,12,806,0.0025,0.0008,3.059,0.13637097999816317,0.41436218381157996,"IL15RA, STAT5A",False
C2_core,GO_BP,GOBP_IRON_COORDINATION_ENTITY_TRANSPORT,Iron coordination entity transport,2,12,806,0.0025,0.0008,3.059,0.13637097999816317,0.41436218381157996,"SLC22A17, LCN2",False
C2_core,GO_BP,GOBP_IMMATURE_B_CELL_DIFFERENTIATION,Immature b cell differentiation,2,12,806,0.0025,0.0008,3.059,0.13637097999816317,0.41436218381157996,"IRF2BP2, KIT",False
C2_core,GO_BP,GOBP_MEMBRANE_PROTEIN_INTRACELLULAR_DOMAIN_PROTEOLYSIS,Membrane protein intracellular domain proteolysis,2,12,806,0.0025,0.0008,3.059,0.13637097999816317,0.41436218381157996,"APH1B, MMP7",False
C2_core,GO_BP,GOBP_REGULATION_OF_PRESYNAPTIC_CYTOSOLIC_CALCIUM_ION_CONCENTRATION,Regulation of presynaptic cytosolic calcium ion concentration,2,12,806,0.0025,0.0008,3.059,0.13637097999816317,0.41436218381157996,"P2RX1, ADORA1",False
C2_core,GO_BP,GOBP_REGULATION_OF_CELLULAR_RESPONSE_TO_OSMOTIC_STRESS,Regulation of cellular response to osmotic stress,2,12,806,0.0025,0.0008,3.059,0.13637097999816317,0.41436218381157996,"YBX3, PTGS2",False
C2_core,GO_BP,GOBP_NEGATIVE_REGULATION_OF_HOMOTYPIC_CELL_CELL_ADHESION,Negative regulation of homotypic cell cell adhesion,2,12,806,0.0025,0.0008,3.059,0.13637097999816317,0.41436218381157996,"ZNF703, CD9",False
C2_core,GO_BP,GOBP_REGULATION_OF_PERK_MEDIATED_UNFOLDED_PROTEIN_RESPONSE,Regulation of perk mediated unfolded protein response,2,12,806,0.0025,0.0008,3.059,0.13637097999816317,0.41436218381157996,"PPP1R15A, NCK2",False
C2_core,GO_BP,GOBP_NEGATIVE_REGULATION_OF_INTERLEUKIN_17_PRODUCTION,Negative regulation of interleukin 17 production,2,12,806,0.0025,0.0008,3.059,0.13637097999816317,0.41436218381157996,"VSIR, FOXP3",False
C2_core,GO_BP,GOBP_LATERAL_VENTRICLE_DEVELOPMENT,Lateral ventricle development,2,12,806,0.0025,0.0008,3.059,0.13637097999816317,0.41436218381157996,"DNAH5, AQP1",False
C2_core,GO_BP,GOBP_NEGATIVE_REGULATION_OF_HORMONE_METABOLIC_PROCESS,Negative regulation of hormone metabolic process,2,12,806,0.0025,0.0008,3.059,0.13637097999816317,0.41436218381157996,"DKK3, GFI1",False
C2_core,GO_BP,GOBP_LENS_FIBER_CELL_DEVELOPMENT,Lens fiber cell development,2,12,806,0.0025,0.0008,3.059,0.13637097999816317,0.41436218381157996,"VIM, EPHA2",False
C2_core,GO_BP,GOBP_NEGATIVE_REGULATION_OF_HEMATOPOIETIC_PROGENITOR_CELL_DIFFERENTIATION,Negative regulation of hematopoietic progenitor cell differentiation,2,12,806,0.0025,0.0008,3.059,0.13637097999816317,0.41436218381157996,"ZFP36, GATA2",False
C2_core,GO_BP,GOBP_ENGULFMENT_OF_APOPTOTIC_CELL,Engulfment of apoptotic cell,2,12,806,0.0025,0.0008,3.059,0.13637097999816317,0.41436218381157996,"THBS1, ADGRB1",False
C2_core,GO_BP,GOBP_GLIAL_CELL_DERIVED_NEUROTROPHIC_FACTOR_RECEPTOR_SIGNALING_PATHWAY,Glial cell derived neurotrophic factor receptor signaling pathway,2,12,806,0.0025,0.0008,3.059,0.13637097999816317,0.41436218381157996,"GDF15, MMP14",False
C2_core,GO_BP,GOBP_POSITIVE_REGULATION_OF_BROWN_FAT_CELL_DIFFERENTIATION,Positive regulation of brown fat cell differentiation,2,12,806,0.0025,0.0008,3.059,0.13637097999816317,0.41436218381157996,"METRNL, PTGS2",False
C2_core,GO_BP,GOBP_SODIUM_ION_EXPORT_ACROSS_PLASMA_MEMBRANE,Sodium ion export across plasma membrane,2,12,806,0.0025,0.0008,3.059,0.13637097999816317,0.41436218381157996,"FXYD2, ATP1B3",False
C2_core,GO_BP,GOBP_REGULATION_OF_RESPIRATORY_SYSTEM_PROCESS,Regulation of respiratory system process,2,12,806,0.0025,0.0008,3.059,0.13637097999816317,0.41436218381157996,"NLGN2, ADORA1",False
C2_core,GO_BP,GOBP_SERTOLI_CELL_DEVELOPMENT,Sertoli cell development,2,12,806,0.0025,0.0008,3.059,0.13637097999816317,0.41436218381157996,"FLNA, SOX9",False
C2_core,GO_BP,GOBP_POSITIVE_REGULATION_OF_SKELETAL_MUSCLE_TISSUE_DEVELOPMENT,Positive regulation of skeletal muscle tissue development,2,12,806,0.0025,0.0008,3.059,0.13637097999816317,0.41436218381157996,"DLL1, BCL2",False
C2_core,GO_BP,GOBP_POSITIVE_REGULATION_OF_LYMPHOCYTE_CHEMOTAXIS,Positive regulation of lymphocyte chemotaxis,2,12,806,0.0025,0.0008,3.059,0.13637097999816317,0.41436218381157996,"NEDD9, CCL21",False
C2_core,GO_BP,GOBP_REGULATION_OF_GLIAL_CELL_APOPTOTIC_PROCESS,Regulation of glial cell apoptotic process,2,12,806,0.0025,0.0008,3.059,0.13637097999816317,0.41436218381157996,"DLL1, CCL2",False
C2_core,GO_BP,GOBP_FRUCTOSE_6_PHOSPHATE_METABOLIC_PROCESS,Fructose 6 phosphate metabolic process,2,12,806,0.0025,0.0008,3.059,0.13637097999816317,0.41436218381157996,"PFKP, GFPT2",False
C2_core,GO_BP,GOBP_REGULATION_OF_VITAMIN_METABOLIC_PROCESS,Regulation of vitamin metabolic process,2,12,806,0.0025,0.0008,3.059,0.13637097999816317,0.41436218381157996,"SNAI1, GFI1",False
C2_core,GO_BP,GOBP_NEGATIVE_REGULATION_OF_AMYLOID_FIBRIL_FORMATION,Negative regulation of amyloid fibril formation,2,12,806,0.0025,0.0008,3.059,0.13637097999816317,0.41436218381157996,"PFDN1, CRYAB",False
C2_core,GO_BP,GOBP_REGULATION_OF_TRANSLATION_IN_RESPONSE_TO_ENDOPLASMIC_RETICULUM_STRESS,Regulation of translation in response to endoplasmic reticulum stress,2,12,806,0.0025,0.0008,3.059,0.13637097999816317,0.41436218381157996,"PPP1R15A, NCK2",False
C2_core,GO_BP,GOBP_HEPATOCYTE_DIFFERENTIATION,Hepatocyte differentiation,2,12,806,0.0025,0.0008,3.059,0.13637097999816317,0.41436218381157996,"ITGA2, FRZB",False
C2_core,GO_BP,GOBP_HEART_TRABECULA_FORMATION,Heart trabecula formation,2,12,806,0.0025,0.0008,3.059,0.13637097999816317,0.41436218381157996,"ADAMTS1, FHL2",False
C2_core,GO_BP,GOBP_NEURAL_TUBE_DEVELOPMENT,Neural tube development,11,139,806,0.0136,0.0094,1.453,0.13703847751015732,0.4160567237868478,"TGFB2, GLI2, SPINT2, FZD1, PRICKLE1, SPINT1, DACT1, VANGL2, EPHA2, ST14, TEAD2",False
C2_core,GO_BP,GOBP_RESPONSE_TO_VITAMIN,Response to vitamin,7,79,806,0.0087,0.0053,1.626,0.13838629443245104,0.4192538336852271,"PTGS2, STC1, CASR, TSPO, MAP1B, ITGA2, VDR",False
C2_core,GO_BP,GOBP_INNER_EAR_MORPHOGENESIS,Inner ear morphogenesis,7,79,806,0.0087,0.0053,1.626,0.13838629443245104,0.4192538336852271,"ITGA8, FRZB, MYO3A, ATP8A2, GATA2, SOX9, USH1C",False
C2_core,GO_BP,GOBP_REGULATION_OF_ACTOMYOSIN_STRUCTURE_ORGANIZATION,Regulation of actomyosin structure organization,8,94,806,0.0099,0.0064,1.562,0.13983654333575066,0.4192538336852271,"TACSTD2, RHPN1, RGCC, RHOC, CCN2, LPAR1, TPM1, TGFB3",False
C2_core,GO_BP,GOBP_NEURAL_TUBE_FORMATION,Neural tube formation,8,94,806,0.0099,0.0064,1.562,0.13983654333575066,0.4192538336852271,"TGFB2, PRICKLE1, SPINT2, SPINT1, VANGL2, FZD1, ST14, TEAD2",False
C2_core,GO_BP,GOBP_POSITIVE_REGULATION_OF_BINDING,Positive regulation of binding,8,94,806,0.0099,0.0064,1.562,0.13983654333575066,0.4192538336852271,"STING1, HAND2, BAMBI, GPSM1, DACT1, CLDN5, PIN1, FOXC1",False
C2_core,GO_BP,GOBP_PROTEIN_LOCALIZATION_TO_CELL_JUNCTION,Protein localization to cell junction,8,94,806,0.0099,0.0064,1.562,0.13983654333575066,0.4192538336852271,"HOMER1, KIF5C, VCL, MAP1A, JAM3, CLSTN1, FLNA, NLGN2",False
C2_core,GO_BP,GOBP_RESPONSE_TO_ESTRADIOL,Response to estradiol,8,94,806,0.0099,0.0064,1.562,0.13983654333575066,0.4192538336852271,"ZNF703, ARPC1B, PTGS2, CRYAB, MAP1B, ITGA2, RGS9, MMP2",False
C2_core,GO_BP,GOBP_NEGATIVE_REGULATION_OF_T_CELL_RECEPTOR_SIGNALING_PATHWAY,Negative regulation of t cell receptor signaling pathway,3,24,806,0.0037,0.0016,2.294,0.13986192815469176,0.4192538336852271,"DUSP22, THY1, EZR",False
C2_core,GO_BP,GOBP_NEGATIVE_REGULATION_OF_CARTILAGE_DEVELOPMENT,Negative regulation of cartilage development,3,24,806,0.0037,0.0016,2.294,0.13986192815469176,0.4192538336852271,"FRZB, EFEMP1, SOX9",False
C2_core,GO_BP,GOBP_NEGATIVE_REGULATION_OF_TUMOR_NECROSIS_FACTOR_MEDIATED_SIGNALING_PATHWAY,Negative regulation of tumor necrosis factor mediated signaling pathway,3,24,806,0.0037,0.0016,2.294,0.13986192815469176,0.4192538336852271,"GSTP1, TNFRSF11B, CCDC3",False
C2_core,GO_BP,GOBP_REGULATION_OF_MACROPHAGE_CHEMOTAXIS,Regulation of macrophage chemotaxis,3,24,806,0.0037,0.0016,2.294,0.13986192815469176,0.4192538336852271,"THBS1, MDK, IL34",False
C2_core,GO_BP,GOBP_RESPONSE_TO_MUSCLE_STRETCH,Response to muscle stretch,3,24,806,0.0037,0.0016,2.294,0.13986192815469176,0.4192538336852271,"GSN, ANKRD1, FOS",False
C2_core,GO_BP,GOBP_POSITIVE_REGULATION_OF_ACUTE_INFLAMMATORY_RESPONSE,Positive regulation of acute inflammatory response,3,24,806,0.0037,0.0016,2.294,0.13986192815469176,0.4192538336852271,"OSMR, ALOX5AP, PTGS2",False
C2_core,GO_BP,GOBP_AXIS_ELONGATION,Axis elongation,3,24,806,0.0037,0.0016,2.294,0.13986192815469176,0.4192538336852271,"PRICKLE1, SPRY1, SOX9",False
C2_core,GO_BP,GOBP_GAMMA_DELTA_T_CELL_ACTIVATION,Gamma delta t cell activation,3,24,806,0.0037,0.0016,2.294,0.13986192815469176,0.4192538336852271,"SOX4, JAG2, EGR3",False
C2_core,GO_BP,GOBP_POSITIVE_REGULATION_OF_MESENCHYMAL_CELL_PROLIFERATION,Positive regulation of mesenchymal cell proliferation,3,24,806,0.0037,0.0016,2.294,0.13986192815469176,0.4192538336852271,"MYC, PDGFA, SOX9",False
C2_core,GO_BP,GOBP_REGULATION_OF_PROTEIN_LOCALIZATION_TO_CELL_SURFACE,Regulation of protein localization to cell surface,4,37,806,0.005,0.0025,1.984,0.14037301351109766,0.4197895407999597,"GPD1L, MAP1A, TAX1BP3, RAB11FIP5",False
C2_core,GO_BP,GOBP_MONOCYTE_CHEMOTAXIS,Monocyte chemotaxis,4,37,806,0.005,0.0025,1.984,0.14037301351109766,0.4197895407999597,"SLIT2, ANXA1, CCL2, RPS19",False
C2_core,GO_BP,GOBP_REGULATION_OF_STRESS_ACTIVATED_PROTEIN_KINASE_SIGNALING_CASCADE,Regulation of stress activated protein kinase signaling cascade,4,37,806,0.005,0.0025,1.984,0.14037301351109766,0.4197895407999597,"IGFBP6, GSTP1, TGFB2, MYC",False
C2_core,GO_BP,GOBP_CELLULAR_COMPONENT_MAINTENANCE,Cellular component maintenance,6,65,806,0.0074,0.0044,1.694,0.14186006504844645,0.4236713972634033,"HOMER1, ITGA3, MYADM, NEDD9, KIRREL1, NLGN2",False
C2_core,GO_BP,GOBP_ACTION_POTENTIAL,Action potential,11,140,806,0.0136,0.0095,1.442,0.14189469599558163,0.4236713972634033,"P2RX1, SLC4A3, SCN4A, KCNS3, GJA1, CACNA2D1, HCN1, FLNA, CACNA1C, CACNA1I, GPD1L",False
C2_core,GO_BP,GOBP_POSITIVE_REGULATION_OF_CELL_CYCLE_G1_S_PHASE_TRANSITION,Positive regulation of cell cycle g1 s phase transition,5,51,806,0.0062,0.0034,1.799,0.14327823568452241,0.42679342374894297,"ADAMTS1, GLI1, RGCC, CCND3, ANXA1",False
C2_core,GO_BP,GOBP_MACROPHAGE_DIFFERENTIATION,Macrophage differentiation,5,51,806,0.0062,0.0034,1.799,0.14327823568452241,0.42679342374894297,"ROR2, SOCS1, IL34, GATA2, LIF",False
C2_core,GO_BP,GOBP_AMYLOID_BETA_METABOLIC_PROCESS,Amyloid beta metabolic process,5,51,806,0.0062,0.0034,1.799,0.14327823568452241,0.42679342374894297,"MGAT3, BACE2, APH1B, CSNK1E, PIN1",False
C2_core,GO_BP,GOBP_NEUROTRANSMITTER_SECRETION,Neurotransmitter secretion,10,125,806,0.0124,0.0084,1.468,0.14394196468796952,0.4284337032228724,"P2RX1, SYT8, MCTP1, DOC2B, PTPRN2, SV2A, SYT11, BRSK1, STX1A, SNPH",False
C2_core,GO_BP,GOBP_NEGATIVE_REGULATION_OF_HYDROLASE_ACTIVITY,Negative regulation of hydrolase activity,12,156,806,0.0149,0.0105,1.412,0.144076657201509,0.4284980016770154,"PPP1R15A, THBS1, SPOCK2, SERPINB9, PTX3, TIMP2, SERPINH1, GPSM1, KLF4, TIMP4, AQP1, TIMP1",False
C2_core,GO_BP,GOBP_CHEMOKINE_PRODUCTION,Chemokine production,7,80,806,0.0087,0.0054,1.606,0.14501600665694805,0.4309534503711186,"CXCL6, ACKR1, GSTP1, KLF4, EGR1, EPHA2, PYCARD",False
C2_core,GO_BP,GOBP_CYTOKINE_PRODUCTION_INVOLVED_IN_IMMUNE_RESPONSE,Cytokine production involved in immune response,9,110,806,0.0112,0.0074,1.502,0.14538297615610146,0.4317054049024047,"SEMA7A, TGFB2, IRAK3, GPRC5B, FOXP3, KIT, PYCARD, ANGPT1, TGFB3",False
C2_core,GO_BP,GOBP_REGULATION_OF_TRANSPORTER_ACTIVITY,Regulation of transporter activity,13,172,806,0.0161,0.0116,1.387,0.14551071333953566,0.4317463530489433,"HOMER1, ATP1B3, CCL2, CACNA2D1, FXYD2, WNK2, ADRA2A, FXYD5, TESC, GPD1L, NLGN2, EDNRA, BCL2",False
C2_core,GO_BP,GOBP_ENSHEATHMENT_OF_NEURONS,Ensheathment of neurons,11,141,806,0.0136,0.0095,1.432,0.14684074720687038,0.4353517927752988,"BCAS1, TNFRSF21, CD9, CXCR4, ID4, TMEM163, JAM3, LPAR1, CLDN5, EGR2, PMP22",False
C2_core,GO_BP,GOBP_BIOLOGICAL_PROCESS_INVOLVED_IN_SYMBIOTIC_INTERACTION,Biological process involved in symbiotic interaction,19,269,806,0.0236,0.0182,1.296,0.1488205615805624,0.4408765502961305,"SAP30, GSN, ITGA2, APOBEC3H, EPHA2, SLC7A1, HYAL2, TMPRSS2, CHMP4B, CXCR4, SLC52A2, SLC1A5, ITGB5, CXCL6, CLEC5A, CH25H, PTX3, ZC3H12A, CXCL8",False
C2_core,GO_BP,GOBP_LENS_DEVELOPMENT_IN_CAMERA_TYPE_EYE,Lens development in camera type eye,6,66,806,0.0074,0.0045,1.669,0.14935210406603447,0.4409807508505552,"NHS, CRYAB, SPRY1, VIM, EPHA2, GJA1",False
C2_core,GO_BP,GOBP_REGULATION_OF_ORGANIC_ACID_TRANSPORT,Regulation of organic acid transport,6,66,806,0.0074,0.0045,1.669,0.14935210406603447,0.4409807508505552,"THBS1, ADORA1, SV2A, SLC38A1, RGS4, SLC12A2",False
C2_core,GO_BP,GOBP_VASODILATION,Vasodilation,4,38,806,0.005,0.0026,1.932,0.15056325686272434,0.4409807508505552,"KLF2, ADORA1, CASR, ADRA2A",False
C2_core,GO_BP,GOBP_ESTABLISHMENT_OF_MITOTIC_SPINDLE_LOCALIZATION,Establishment of mitotic spindle localization,4,38,806,0.005,0.0026,1.932,0.15056325686272434,0.4409807508505552,"GJA1, PKHD1, SPRY1, GPSM1",False
C2_core,GO_BP,GOBP_LUNG_EPITHELIUM_DEVELOPMENT,Lung epithelium development,4,38,806,0.005,0.0026,1.932,0.15056325686272434,0.4409807508505552,"KLF2, GATA6, FGF7, SOX9",False
C2_core,GO_BP,GOBP_POSITIVE_REGULATION_OF_PROTEIN_IMPORT_INTO_NUCLEUS,Positive regulation of protein import into nucleus,4,38,806,0.005,0.0026,1.932,0.15056325686272434,0.4409807508505552,"ZC3H12A, FLNA, HYAL2, PTGS2",False
C2_core,GO_BP,GOBP_ESTABLISHMENT_OF_SPINDLE_ORIENTATION,Establishment of spindle orientation,4,38,806,0.005,0.0026,1.932,0.15056325686272434,0.4409807508505552,"GJA1, PKHD1, SPRY1, GPSM1",False
C2_core,GO_BP,GOBP_NEGATIVE_REGULATION_OF_PEPTIDYL_TYROSINE_PHOSPHORYLATION,Negative regulation of peptidyl tyrosine phosphorylation,4,38,806,0.005,0.0026,1.932,0.15056325686272434,0.4409807508505552,"DUSP22, SOCS1, HYAL2, SOCS3",False
C2_core,GO_BP,GOBP_POSITIVE_REGULATION_OF_BONE_MINERALIZATION,Positive regulation of bone mineralization,4,38,806,0.005,0.0026,1.932,0.15056325686272434,0.4409807508505552,"CCN1, VDR, WNT10B, PKDCC",False
C2_core,GO_BP,GOBP_SEQUESTERING_OF_CALCIUM_ION,Sequestering of calcium ion,9,111,806,0.0112,0.0075,1.488,0.1510970224194348,0.4409807508505552,"PLCH1, TRPC1, CCL21, PLCB4, FLNA, CACNA1C, CCL19, CYBA, THY1",False
C2_core,GO_BP,GOBP_CELLULAR_RESPONSE_TO_CHEMICAL_STRESS,Cellular response to chemical stress,20,286,806,0.0248,0.0193,1.284,0.15131659374399467,0.4409807508505552,"MGAT3, PDGFD, YBX3, TSPO, GDF15, KLF2, SPHK1, MMP2, EDNRA, PYCARD, TPM1, GPX7, GPX8, TRPA1, KLF4, AQP1, SOD3, PTGS2, ZC3H12A, FOS",False
C2_core,GO_BP,GOBP_VASCULAR_TRANSPORT,Vascular transport,7,81,806,0.0087,0.0055,1.586,0.15179406657442882,0.4409807508505552,"SLC4A3, SLC5A1, SLC2A3, SLC38A1, SLC7A1, SLC1A5, SLC12A2",False
C2_core,GO_BP,GOBP_REGULATION_OF_RHO_PROTEIN_SIGNAL_TRANSDUCTION,Regulation of rho protein signal transduction,7,81,806,0.0087,0.0055,1.586,0.15179406657442882,0.4409807508505552,"ARHGEF3, EPS8L1, ITGA3, KCTD10, EPS8L3, LPAR1, P2RY10",False
C2_core,GO_BP,GOBP_REGULATION_OF_BLOOD_PRESSURE,Regulation of blood pressure,11,142,806,0.0136,0.0096,1.422,0.15187552645054028,0.4409807508505552,"P2RX1, RAMP2, VEGFC, PTGS2, ACVRL1, ADORA1, DLL1, IER3, AGTRAP, EDNRA, TPM1",False
C2_core,GO_BP,GOBP_STRESS_ACTIVATED_PROTEIN_KINASE_SIGNALING_CASCADE,Stress activated protein kinase signaling cascade,5,52,806,0.0062,0.0035,1.765,0.1518976392101492,0.4409807508505552,"TGFB2, MYC, GSTP1, CRYAB, IGFBP6",False
C2_core,GO_BP,GOBP_CARTILAGE_DEVELOPMENT_INVOLVED_IN_ENDOCHONDRAL_BONE_MORPHOGENESIS,Cartilage development involved in endochondral bone morphogenesis,3,25,806,0.0037,0.0017,2.203,0.1528760669034982,0.4409807508505552,"SERPINH1, STC1, SOX9",False
C2_core,GO_BP,GOBP_INTEGRIN_ACTIVATION,Integrin activation,3,25,806,0.0037,0.0017,2.203,0.1528760669034982,0.4409807508505552,"COL16A1, JAM3, FBLIM1",False
C2_core,GO_BP,GOBP_PLASMA_MEMBRANE_REPAIR,Plasma membrane repair,3,25,806,0.0037,0.0017,2.203,0.1528760669034982,0.4409807508505552,"MYH9, SYT11, CHMP4B",False
C2_core,GO_BP,GOBP_CELLULAR_MODIFIED_AMINO_ACID_CATABOLIC_PROCESS,Cellular modified amino acid catabolic process,3,25,806,0.0037,0.0017,2.203,0.1528760669034982,0.4409807508505552,"ABHD12, PCYOX1L, GGT5",False
C2_core,GO_BP,GOBP_CD8_POSITIVE_ALPHA_BETA_T_CELL_ACTIVATION,Cd8 positive alpha beta t cell activation,3,25,806,0.0037,0.0017,2.203,0.1528760669034982,0.4409807508505552,"VSIR, SOCS1, BCL2",False
C2_core,GO_BP,GOBP_MULTICELLULAR_ORGANISMAL_LEVEL_WATER_HOMEOSTASIS,Multicellular organismal level water homeostasis,3,25,806,0.0037,0.0017,2.203,0.1528760669034982,0.4409807508505552,"HAS2, AQP1, HYAL2",False
C2_core,GO_BP,GOBP_ENDOTHELIAL_CELL_CHEMOTAXIS,Endothelial cell chemotaxis,3,25,806,0.0037,0.0017,2.203,0.1528760669034982,0.4409807508505552,"THBS1, EGR3, SMOC2",False
C2_core,GO_BP,GOBP_EXPLORATION_BEHAVIOR,Exploration behavior,3,25,806,0.0037,0.0017,2.203,0.1528760669034982,0.4409807508505552,"NLGN2, ITGA3, TUBA1A",False
C2_core,GO_BP,GOBP_REGULATION_OF_CARDIAC_MUSCLE_CELL_MEMBRANE_REPOLARIZATION,Regulation of cardiac muscle cell membrane repolarization,3,25,806,0.0037,0.0017,2.203,0.1528760669034982,0.4409807508505552,"GJA1, FLNA, CACNA2D1",False
C2_core,GO_BP,GOBP_REGULATION_OF_KIDNEY_DEVELOPMENT,Regulation of kidney development,3,25,806,0.0037,0.0017,2.203,0.1528760669034982,0.4409807508505552,"MYC, TACSTD2, SOX9",False
C2_core,GO_BP,GOBP_CALCIUM_ION_TRANSPORT_INTO_CYTOSOL,Calcium ion transport into cytosol,3,25,806,0.0037,0.0017,2.203,0.1528760669034982,0.4409807508505552,"CACNA2D1, CACNA1C, BCL2",False
C2_core,GO_BP,GOBP_REGULATION_OF_ASTROCYTE_DIFFERENTIATION,Regulation of astrocyte differentiation,3,25,806,0.0037,0.0017,2.203,0.1528760669034982,0.4409807508505552,"ID4, LIF, CLCF1",False
C2_core,GO_BP,GOBP_CARDIAC_CONDUCTION_SYSTEM_DEVELOPMENT,Cardiac conduction system development,3,25,806,0.0037,0.0017,2.203,0.1528760669034982,0.4409807508505552,"GJA1, MSC, GATA6",False
C2_core,GO_BP,GOBP_SUBSTRATE_DEPENDENT_CELL_MIGRATION,Substrate dependent cell migration,3,25,806,0.0037,0.0017,2.203,0.1528760669034982,0.4409807508505552,"ITGA2, SLIT2, VEGFC",False
C2_core,GO_BP,GOBP_DETECTION_OF_STIMULUS,Detection of stimulus,13,174,806,0.0161,0.0118,1.371,0.15459492966841518,0.4409807508505552,"LXN, PLEKHB1, OR51E1, CXCR4, TRPA1, ADORA1, FAP, CASR, TSPO, ITGA2, ATP8A2, KIT, TGFB3",False
C2_core,GO_BP,GOBP_REACTIVE_OXYGEN_SPECIES_METABOLIC_PROCESS,Reactive oxygen species metabolic process,14,190,806,0.0174,0.0128,1.352,0.15505841995612685,0.4409807508505552,"THBS1, SOD3, GSTP1, CCN1, CRYAB, TSPO, GPX3, IER3, CCN2, ADGRB1, CYBA, ZC3H12A, SH3PXD2B, BCL2",False
C2_core,GO_BP,GOBP_REGULATION_OF_ESTABLISHMENT_OF_PLANAR_POLARITY,Regulation of establishment of planar polarity,2,13,806,0.0025,0.0009,2.824,0.15560603428007186,0.4409807508505552,"PKHD1, FZD1",False
C2_core,GO_BP,GOBP_INDUCTION_OF_POSITIVE_CHEMOTAXIS,Induction of positive chemotaxis,2,13,806,0.0025,0.0009,2.824,0.15560603428007186,0.4409807508505552,"CXCL8, VEGFC",False
C2_core,GO_BP,GOBP_NEURAL_CREST_FORMATION,Neural crest formation,2,13,806,0.0025,0.0009,2.824,0.15560603428007186,0.4409807508505552,"EDNRA, SOX9",False
C2_core,GO_BP,GOBP_NEGATIVE_REGULATION_OF_AMINO_ACID_TRANSPORT,Negative regulation of amino acid transport,2,13,806,0.0025,0.0009,2.824,0.15560603428007186,0.4409807508505552,"ADORA1, RGS4",False
C2_core,GO_BP,GOBP_ATRIOVENTRICULAR_CANAL_DEVELOPMENT,Atrioventricular canal development,2,13,806,0.0025,0.0009,2.824,0.15560603428007186,0.4409807508505552,"HAS2, GATA6",False
C2_core,GO_BP,GOBP_NEGATIVE_REGULATION_OF_MICROTUBULE_POLYMERIZATION,Negative regulation of microtubule polymerization,2,13,806,0.0025,0.0009,2.824,0.15560603428007186,0.4409807508505552,"CLIP3, STMN2",False
C2_core,GO_BP,GOBP_PHOSPHATIDYLCHOLINE_ACYL_CHAIN_REMODELING,Phosphatidylcholine acyl chain remodeling,2,13,806,0.0025,0.0009,2.824,0.15560603428007186,0.4409807508505552,"MBOAT2, LPCAT1",False
C2_core,GO_BP,GOBP_NEGATIVE_REGULATION_OF_INTERLEUKIN_8_PRODUCTION,Negative regulation of interleukin 8 production,2,13,806,0.0025,0.0009,2.824,0.15560603428007186,0.4409807508505552,"KLF4, ANXA1",False
C2_core,GO_BP,GOBP_LEUKOTRIENE_BIOSYNTHETIC_PROCESS,Leukotriene biosynthetic process,2,13,806,0.0025,0.0009,2.824,0.15560603428007186,0.4409807508505552,"ALOX5AP, GGT5",False
C2_core,GO_BP,GOBP_CARDIOBLAST_DIFFERENTIATION,Cardioblast differentiation,2,13,806,0.0025,0.0009,2.824,0.15560603428007186,0.4409807508505552,"PRICKLE1, TGFB2",False
C2_core,GO_BP,GOBP_PEPTIDYL_SERINE_DEPHOSPHORYLATION,Peptidyl serine dephosphorylation,2,13,806,0.0025,0.0009,2.824,0.15560603428007186,0.4409807508505552,"PPP1R15A, NCK2",False
C2_core,GO_BP,GOBP_BONE_TRABECULA_MORPHOGENESIS,Bone trabecula morphogenesis,2,13,806,0.0025,0.0009,2.824,0.15560603428007186,0.4409807508505552,"WNT10B, MMP2",False
C2_core,GO_BP,GOBP_POSITIVE_REGULATION_OF_MYOBLAST_FUSION,Positive regulation of myoblast fusion,2,13,806,0.0025,0.0009,2.824,0.15560603428007186,0.4409807508505552,"GDF15, ADGRB1",False
C2_core,GO_BP,GOBP_REGULATION_OF_DEFENSE_RESPONSE_TO_BACTERIUM,Regulation of defense response to bacterium,2,13,806,0.0025,0.0009,2.824,0.15560603428007186,0.4409807508505552,"CYBA, SYT11",False
C2_core,GO_BP,GOBP_MESENCHYMAL_TO_EPITHELIAL_TRANSITION,Mesenchymal to epithelial transition,2,13,806,0.0025,0.0009,2.824,0.15560603428007186,0.4409807508505552,"FZD7, LIF",False
C2_core,GO_BP,GOBP_HAIR_FOLLICLE_MATURATION,Hair follicle maturation,2,13,806,0.0025,0.0009,2.824,0.15560603428007186,0.4409807508505552,"WNT10B, TGFB2",False
C2_core,GO_BP,GOBP_GLYCINE_TRANSPORT,Glycine transport,2,13,806,0.0025,0.0009,2.824,0.15560603428007186,0.4409807508505552,"SLC38A1, RGS4",False
C2_core,GO_BP,GOBP_REGULATION_OF_MYOBLAST_PROLIFERATION,Regulation of myoblast proliferation,2,13,806,0.0025,0.0009,2.824,0.15560603428007186,0.4409807508505552,"GATA6, FGF7",False
C2_core,GO_BP,GOBP_REGULATION_OF_LEUKOCYTE_TETHERING_OR_ROLLING,Regulation of leukocyte tethering or rolling,2,13,806,0.0025,0.0009,2.824,0.15560603428007186,0.4409807508505552,"CHST4, CCL21",False
C2_core,GO_BP,GOBP_NEGATIVE_REGULATION_OF_NITRIC_OXIDE_METABOLIC_PROCESS,Negative regulation of nitric oxide metabolic process,2,13,806,0.0025,0.0009,2.824,0.15560603428007186,0.4409807508505552,"ZC3H12A, TSPO",False
C2_core,GO_BP,GOBP_RESPONSE_TO_CORTICOSTERONE,Response to corticosterone,2,13,806,0.0025,0.0009,2.824,0.15560603428007186,0.4409807508505552,"FOSB, FOS",False
C2_core,GO_BP,GOBP_REGULATION_OF_SPHINGOLIPID_BIOSYNTHETIC_PROCESS,Regulation of sphingolipid biosynthetic process,2,13,806,0.0025,0.0009,2.824,0.15560603428007186,0.4409807508505552,"CCN1, SPHK1",False
C2_core,GO_BP,GOBP_FAT_SOLUBLE_VITAMIN_BIOSYNTHETIC_PROCESS,Fat soluble vitamin biosynthetic process,2,13,806,0.0025,0.0009,2.824,0.15560603428007186,0.4409807508505552,"SNAI1, GFI1",False
C2_core,GO_BP,GOBP_POSITIVE_REGULATION_OF_RUFFLE_ASSEMBLY,Positive regulation of ruffle assembly,2,13,806,0.0025,0.0009,2.824,0.15560603428007186,0.4409807508505552,"EPS8L1, EPS8L3",False
C2_core,GO_BP,GOBP_POSITIVE_REGULATION_OF_POTASSIUM_ION_TRANSMEMBRANE_TRANSPORTER_ACTIVITY,Positive regulation of potassium ion transmembrane transporter activity,2,13,806,0.0025,0.0009,2.824,0.15560603428007186,0.4409807508505552,"FXYD2, ATP1B3",False
C2_core,GO_BP,GOBP_NUCLEOSIDE_DIPHOSPHATE_BIOSYNTHETIC_PROCESS,Nucleoside diphosphate biosynthetic process,2,13,806,0.0025,0.0009,2.824,0.15560603428007186,0.4409807508505552,"AK1, GUK1",False
C2_core,GO_BP,GOBP_G_PROTEIN_COUPLED_GLUTAMATE_RECEPTOR_SIGNALING_PATHWAY,G protein coupled glutamate receptor signaling pathway,2,13,806,0.0025,0.0009,2.824,0.15560603428007186,0.4409807508505552,"HOMER1, DAGLA",False
C2_core,GO_BP,GOBP_CELLULAR_COMPONENT_DISASSEMBLY,Cellular component disassembly,32,487,806,0.0397,0.0329,1.206,0.1564300142974458,0.4429845472145158,"TPSAB1, PRICKLE1, TSPO, GSN, TMOD2, TWF2, STMN3, LAMC1, MAP1A, MMP7, DDR1, STING1, MYC, MAP1B, MMP11, MMP2, VILL, TGFB3, HDGFL3, SMARCD3, CHMP4B, SH3GL2, IRAK3, PLK3, MMP14, ADAMTS15, SH3PXD2B, FAP, NEDD9, STMN2, HSPA2, NES",False
C2_core,GO_BP,GOBP_INTERLEUKIN_1_PRODUCTION,Interleukin 1 production,8,97,806,0.0099,0.0066,1.514,0.15842751369934963,0.4477312410869896,"S100A13, GSTP1, ZC3H12A, SPHK1, EGR1, CCL19, PYCARD, ANXA1",False
C2_core,GO_BP,GOBP_DIGESTION,Digestion,8,97,806,0.0099,0.0066,1.514,0.15842751369934963,0.4477312410869896,"SLC5A1, EZR, MUC13, ADRA2A, MDK, SOX9, VDR, AQP1",False
C2_core,GO_BP,GOBP_REGULATION_OF_T_CELL_PROLIFERATION,Regulation of t cell proliferation,12,159,806,0.0149,0.0107,1.385,0.15846070052722436,0.4477312410869896,"CTLA4, TNFRSF21, IL2RA, LRRC32, VSIR, NCK2, FOXP3, VTCN1, SLC7A1, CCL19, PYCARD, ANXA1",False
C2_core,GO_BP,GOBP_NEGATIVE_REGULATION_OF_VIRAL_PROCESS,Negative regulation of viral process,7,82,806,0.0087,0.0055,1.567,0.15871683689640073,0.44812078614043394,"CH25H, PTX3, ZFP36, GSN, APOBEC3H, ISG20, TRIM15",False
C2_core,GO_BP,GOBP_CELLULAR_RESPONSE_TO_BIOTIC_STIMULUS,Cellular response to biotic stimulus,15,207,806,0.0186,0.014,1.33,0.1593588117788855,0.44959831558465907,"TNIP2, ANKRD1, CXCL6, CXCL5, GSTP1, ZFP36, ZC3H12A, CCL2, IRAK3, TSPO, VIM, CXCL1, PYCARD, GFI1, CXCL8",False
C2_core,GO_BP,GOBP_T_CELL_PROLIFERATION,T cell proliferation,14,191,806,0.0174,0.0129,1.345,0.1595076093671259,0.4496832826577679,"CCND3, CTLA4, TNFRSF21, IL2RA, LRRC32, VSIR, NCK2, FOXP3, VTCN1, SLC7A1, CCL19, GJA1, PYCARD, ANXA1",False
C2_core,GO_BP,GOBP_VASCULAR_ENDOTHELIAL_GROWTH_FACTOR_RECEPTOR_SIGNALING_PATHWAY,Vascular endothelial growth factor receptor signaling pathway,5,53,806,0.0062,0.0036,1.732,0.16072796729295077,0.45137411628727664,"VEGFC, TMEM204, CLEC14A, DLL1, FOXC1",False
C2_core,GO_BP,GOBP_TYROSINE_PHOSPHORYLATION_OF_STAT_PROTEIN,Tyrosine phosphorylation of stat protein,5,53,806,0.0062,0.0036,1.732,0.16072796729295077,0.45137411628727664,"SOCS1, SOCS3, KIT, CLCF1, LIF",False
C2_core,GO_BP,GOBP_BLASTOCYST_FORMATION,Blastocyst formation,4,39,806,0.005,0.0026,1.883,0.16102562939435672,0.45137411628727664,"LATS2, JUNB, TM4SF1, TEAD4",False
C2_core,GO_BP,GOBP_ANTERIOR_POSTERIOR_AXIS_SPECIFICATION,Anterior posterior axis specification,4,39,806,0.005,0.0026,1.883,0.16102562939435672,0.45137411628727664,"PRICKLE1, GPC3, WLS, NRARP",False
C2_core,GO_BP,GOBP_ASTROCYTE_DEVELOPMENT,Astrocyte development,4,39,806,0.005,0.0026,1.883,0.16102562939435672,0.45137411628727664,"DLL1, ROR2, VIM, LAMC3",False
C2_core,GO_BP,GOBP_FOREBRAIN_GENERATION_OF_NEURONS,Forebrain generation of neurons,4,39,806,0.005,0.0026,1.883,0.16102562939435672,0.45137411628727664,"SEMA3E, ZMIZ1, PLXNA3, GATA2",False
C2_core,GO_BP,GOBP_POSITIVE_REGULATION_OF_PROTEIN_DEPHOSPHORYLATION,Positive regulation of protein dephosphorylation,4,39,806,0.005,0.0026,1.883,0.16102562939435672,0.45137411628727664,"ADORA1, PPP1R15A, PIN1, NCK2",False
C2_core,GO_BP,GOBP_POSITIVE_REGULATION_OF_SECRETION,Positive regulation of secretion,18,256,806,0.0223,0.0173,1.291,0.16106038670372078,0.45137411628727664,"AQP1, ANKRD1, WLS, VEGFC, TGFB2, DOC2B, ADORA1, SOX4, CASR, RGCC, GATA2, SLC12A2, CYBA, NLGN2, TGFB3, STX1A, TMEM132A, APBB3",False
C2_core,GO_BP,GOBP_REGULATION_OF_GTPASE_ACTIVITY,Regulation of gtpase activity,16,224,806,0.0199,0.0151,1.311,0.16303927756616804,0.45658227841700716,"TAX1BP3, RGS1, EFNA5, CCL21, SYDE1, ARHGAP27, CCL2, GPSM1, PLXNA3, STMN3, RGS9, EPHA2, CCL19, THY1, PIN1, RGS16",False
C2_core,GO_BP,GOBP_PEPTIDE_TRANSPORT,Peptide transport,15,208,806,0.0186,0.0141,1.324,0.16368538349499884,0.45801602737203057,"AQP1, STX1A, MIDN, EFNA5, FAM3B, DOC2B, GNAZ, ADORA1, SOX4, CASR, PTPRN2, ADRA2A, NLGN2, MMP7, RAB11FIP5",False
C2_core,GO_BP,GOBP_REGULATION_OF_IMMUNE_EFFECTOR_PROCESS,Regulation of immune effector process,23,339,806,0.0285,0.0229,1.245,0.16379301058039097,0.45801602737203057,"SEMA7A, TGFB2, CCL19, ANXA1, DUSP22, GPRC5B, PYCARD, TGFB3, BATF, IRAK3, FOXP3, KIT, NFKBID, SHB, A2M, CXCL6, SERPINB9, RPS19, JUNB, GATA2, CLCF1, ZC3H12A, ANGPT1",False
C2_core,GO_BP,GOBP_NEGATIVE_REGULATION_OF_MYELOID_CELL_DIFFERENTIATION,Negative regulation of myeloid cell differentiation,6,68,806,0.0074,0.0046,1.62,0.1648519679697016,0.4598041482180974,"MYC, ZFP36, FSTL3, GATA2, DLL1, TNFRSF11B",False
C2_core,GO_BP,GOBP_DNA_DAMAGE_RESPONSE_SIGNAL_TRANSDUCTION_BY_P53_CLASS_MEDIATOR,Dna damage response signal transduction by p53 class mediator,6,68,806,0.0074,0.0046,1.62,0.1648519679697016,0.4598041482180974,"HIC1, SNAI1, BATF, SOX4, PLK3, ANKRD1",False
C2_core,GO_BP,GOBP_POSITIVE_REGULATION_OF_CELL_CYCLE_PHASE_TRANSITION,Positive regulation of cell cycle phase transition,8,98,806,0.0099,0.0066,1.498,0.16487163126859203,0.4598041482180974,"CCND3, SMARCD3, ADAMTS1, GLI1, RGCC, HSPA2, WNT10B, ANXA1",False
C2_core,GO_BP,GOBP_TUBE_FORMATION,Tube formation,10,129,806,0.0124,0.0087,1.423,0.165732803730587,0.4598041482180974,"TGFB2, PODXL, PRICKLE1, SPINT2, FZD1, SPINT1, VANGL2, SOX9, ST14, TEAD2",False
C2_core,GO_BP,GOBP_POTASSIUM_ION_HOMEOSTASIS,Potassium ion homeostasis,3,26,806,0.0037,0.0018,2.118,0.16625275351248178,0.4598041482180974,"FXYD2, SLC12A2, ATP1B3",False
C2_core,GO_BP,GOBP_POSITIVE_REGULATION_OF_POTASSIUM_ION_TRANSMEMBRANE_TRANSPORT,Positive regulation of potassium ion transmembrane transport,3,26,806,0.0037,0.0018,2.118,0.16625275351248178,0.4598041482180974,"FXYD2, FLNA, ATP1B3",False
C2_core,GO_BP,GOBP_PLASMINOGEN_ACTIVATION,Plasminogen activation,3,26,806,0.0037,0.0018,2.118,0.16625275351248178,0.4598041482180974,"PLAU, THBS1, PLAT",False
C2_core,GO_BP,GOBP_HEART_TRABECULA_MORPHOGENESIS,Heart trabecula morphogenesis,3,26,806,0.0037,0.0018,2.118,0.16625275351248178,0.4598041482180974,"ADAMTS1, FHL2, TGFB2",False
C2_core,GO_BP,GOBP_BONE_GROWTH,Bone growth,3,26,806,0.0037,0.0018,2.118,0.16625275351248178,0.4598041482180974,"BNC2, STC1, SOX9",False
C2_core,GO_BP,GOBP_NEGATIVE_REGULATION_OF_PROTEIN_MATURATION,Negative regulation of protein maturation,3,26,806,0.0037,0.0018,2.118,0.16625275351248178,0.4598041482180974,"PLAU, THBS1, PLAT",False
C2_core,GO_BP,GOBP_REGULATION_OF_MYELOID_CELL_APOPTOTIC_PROCESS,Regulation of myeloid cell apoptotic process,3,26,806,0.0037,0.0018,2.118,0.16625275351248178,0.4598041482180974,"CLEC5A, ANXA1, BCL2",False
C2_core,GO_BP,GOBP_EPITHELIAL_STRUCTURE_MAINTENANCE,Epithelial structure maintenance,3,26,806,0.0037,0.0018,2.118,0.16625275351248178,0.4598041482180974,"MUC13, PIWIL4, SOX9",False
C2_core,GO_BP,GOBP_PLATELET_MORPHOGENESIS,Platelet morphogenesis,3,26,806,0.0037,0.0018,2.118,0.16625275351248178,0.4598041482180974,"MYH9, TPM4, MFAP2",False
C2_core,GO_BP,GOBP_EATING_BEHAVIOR,Eating behavior,3,26,806,0.0037,0.0018,2.118,0.16625275351248178,0.4598041482180974,"GDF15, UCHL1, ATP8A2",False
C2_core,GO_BP,GOBP_HYPEROSMOTIC_RESPONSE,Hyperosmotic response,3,26,806,0.0037,0.0018,2.118,0.16625275351248178,0.4598041482180974,"AQP1, YBX3, SLC12A2",False
C2_core,GO_BP,GOBP_INSULIN_SECRETION,Insulin secretion,12,161,806,0.0149,0.0109,1.368,0.16844257170755014,0.46538531647565395,"MIDN, EFNA5, FAM3B, DOC2B, GNAZ, CASR, SOX4, PTPRN2, ADRA2A, NLGN2, STX1A, RAB11FIP5",False
C2_core,GO_BP,GOBP_MAINTENANCE_OF_LOCATION_IN_CELL,Maintenance of location in cell,14,193,806,0.0174,0.013,1.331,0.16860324870256765,0.46538531647565395,"PLCH1, TRPC1, CCL21, TMSB10, TSPO, GSN, PLCB4, FLNA, TWF2, CACNA1C, DBN1, CCL19, CYBA, THY1",False
C2_core,GO_BP,GOBP_ANTIGEN_RECEPTOR_MEDIATED_SIGNALING_PATHWAY,Antigen receptor mediated signaling pathway,13,177,806,0.0161,0.012,1.348,0.1687620545889545,0.46538531647565395,"CTLA4, TNFRSF21, EZR, SHB, ZC3H12A, CD79A, DUSP22, FOXP3, VTCN1, TRAT1, THY1, NFKBID, BCL2",False
C2_core,GO_BP,GOBP_CELLULAR_RESPONSE_TO_INORGANIC_SUBSTANCE,Cellular response to inorganic substance,13,177,806,0.0161,0.012,1.348,0.1687620545889545,0.46538531647565395,"PTGS2, CPNE5, CPNE7, FOSB, JUND, TUBA1A, TSPO, JUNB, ALOX5AP, FOS, AQP1, SLC12A2, NFATC4",False
C2_core,GO_BP,GOBP_FOREBRAIN_DEVELOPMENT,Forebrain development,22,324,806,0.0273,0.0219,1.246,0.1692563566532998,0.4664089711704385,"SEMA7A, GLI1, SLIT2, ANXA3, TACC1, BTG2, SEMA3E, CXCR4, APLP1, ID4, FLNA, LPAR1, DNAH5, PRDM8, AQP1, NOTCH3, ZMIZ1, GLI2, PLXNA3, GATA2, MDK, TUBA1A",False
C2_core,GO_BP,GOBP_SYNCYTIUM_FORMATION,Syncytium formation,5,54,806,0.0062,0.0037,1.7,0.16976014464936673,0.46644031042527234,"CD9, MYH9, ADGRB1, GDF15, ADAMTS15",False
C2_core,GO_BP,GOBP_TRANSMISSION_OF_NERVE_IMPULSE,Transmission of nerve impulse,5,54,806,0.0062,0.0037,1.7,0.16976014464936673,0.46644031042527234,"P2RX1, ITGA2, JAM3, HCN1, CACNA1I",False
C2_core,GO_BP,GOBP_POSITIVE_REGULATION_OF_CELL_MATRIX_ADHESION,Positive regulation of cell matrix adhesion,5,54,806,0.0062,0.0037,1.7,0.16976014464936673,0.46644031042527234,"CCL21, THY1, RRAS, COL16A1, EFEMP2",False
C2_core,GO_BP,GOBP_NEGATIVE_REGULATION_OF_MUSCLE_CELL_DIFFERENTIATION,Negative regulation of muscle cell differentiation,5,54,806,0.0062,0.0037,1.7,0.16976014464936673,0.46644031042527234,"PRDM6, BHLHE41, DLL1, FZD7, RGS4",False
C2_core,GO_BP,GOBP_REGULATION_OF_JNK_CASCADE,Regulation of jnk cascade,10,130,806,0.0124,0.0088,1.412,0.17141745166493538,0.46712493503888297,"FZD7, CCL21, GSTP1, SH3RF3, EDA2R, DUSP22, DACT1, CCN2, CCL19, PYCARD",False
C2_core,GO_BP,GOBP_REGULATION_OF_AXONOGENESIS,Regulation of axonogenesis,10,130,806,0.0124,0.0088,1.412,0.17141745166493538,0.46712493503888297,"GDI1, EFNA5, SEMA7A, SLIT2, MAP1B, PLXNA3, TWF2, SEMA3G, THY1, BRSK1",False
C2_core,GO_BP,GOBP_O_GLYCAN_PROCESSING,O glycan processing,4,40,806,0.005,0.0027,1.835,0.17174380002092543,0.46712493503888297,"B3GNT7, CHST4, GCNT4, B3GNT3",False
C2_core,GO_BP,GOBP_PHENOL_CONTAINING_COMPOUND_BIOSYNTHETIC_PROCESS,Phenol containing compound biosynthetic process,4,40,806,0.005,0.0027,1.835,0.17174380002092543,0.46712493503888297,"TRPC1, HAND2, MOXD1, TGFB2",False
C2_core,GO_BP,GOBP_INTESTINAL_ABSORPTION,Intestinal absorption,4,40,806,0.005,0.0027,1.835,0.17174380002092543,0.46712493503888297,"VDR, ADRA2A, SLC5A1, EZR",False
C2_core,GO_BP,GOBP_ANATOMICAL_STRUCTURE_MATURATION,Anatomical structure maturation,15,210,806,0.0186,0.0142,1.311,0.17251981765131238,0.46712493503888297,"CCL21, TGFB2, ACVRL1, SHB, KLF2, PPP2R1A, GATA2, MMP2, CCL19, GJA1, WNT10B, EDNRA, SOX18, BCL2, PDE3A",False
C2_core,GO_BP,GOBP_PLATELET_AGGREGATION,Platelet aggregation,6,69,806,0.0074,0.0047,1.596,0.1728483857016458,0.46712493503888297,"MYL9, CD9, MYL12A, VCL, FLNA, MYH9",False
C2_core,GO_BP,GOBP_GLIAL_CELL_DEVELOPMENT,Glial cell development,9,115,806,0.0112,0.0078,1.436,0.17502787671489503,0.46712493503888297,"ROR2, SOX4, ID4, VIM, MDK, LPAR1, DLL1, PRDM8, LAMC3",False
C2_core,GO_BP,GOBP_PURINE_DEOXYRIBONUCLEOTIDE_METABOLIC_PROCESS,Purine deoxyribonucleotide metabolic process,2,14,806,0.0025,0.0009,2.622,0.17531054569155227,0.46712493503888297,"DGUOK, GUK1",False
C2_core,GO_BP,GOBP_NEGATIVE_REGULATION_OF_ACTIVATED_T_CELL_PROLIFERATION,Negative regulation of activated t cell proliferation,2,14,806,0.0025,0.0009,2.622,0.17531054569155227,0.46712493503888297,"LRRC32, FOXP3",False
C2_core,GO_BP,GOBP_REGULATION_OF_PIGMENTATION,Regulation of pigmentation,2,14,806,0.0025,0.0009,2.622,0.17531054569155227,0.46712493503888297,"ADAMTS9, BCL2",False
C2_core,GO_BP,GOBP_RESPONSE_TO_ETHER,Response to ether,2,14,806,0.0025,0.0009,2.622,0.17531054569155227,0.46712493503888297,"ZC3H12A, FOXP3",False
C2_core,GO_BP,GOBP_REGULATION_OF_SKELETAL_MUSCLE_CONTRACTION,Regulation of skeletal muscle contraction,2,14,806,0.0025,0.0009,2.622,0.17531054569155227,0.46712493503888297,"REM1, SCN4A",False
C2_core,GO_BP,GOBP_MACROMOLECULE_DEPALMITOYLATION,Macromolecule depalmitoylation,2,14,806,0.0025,0.0009,2.622,0.17531054569155227,0.46712493503888297,"LYPLA2, ABHD12",False
C2_core,GO_BP,GOBP_PLATELET_DERIVED_GROWTH_FACTOR_RECEPTOR_BETA_SIGNALING_PATHWAY,Platelet derived growth factor receptor beta signaling pathway,2,14,806,0.0025,0.0009,2.622,0.17531054569155227,0.46712493503888297,"LOX, PDGFA",False
C2_core,GO_BP,GOBP_LOCOMOTORY_EXPLORATION_BEHAVIOR,Locomotory exploration behavior,2,14,806,0.0025,0.0009,2.622,0.17531054569155227,0.46712493503888297,"NLGN2, TUBA1A",False
C2_core,GO_BP,GOBP_CORTICOSTEROID_HORMONE_SECRETION,Corticosteroid hormone secretion,2,14,806,0.0025,0.0009,2.622,0.17531054569155227,0.46712493503888297,"SELENOM, TSPO",False
C2_core,GO_BP,GOBP_CRANIOFACIAL_SUTURE_MORPHOGENESIS,Craniofacial suture morphogenesis,2,14,806,0.0025,0.0009,2.622,0.17531054569155227,0.46712493503888297,"MMP14, TGFB3",False
C2_core,GO_BP,GOBP_POSITIVE_REGULATION_OF_EXTRACELLULAR_MATRIX_ASSEMBLY,Positive regulation of extracellular matrix assembly,2,14,806,0.0025,0.0009,2.622,0.17531054569155227,0.46712493503888297,"RGCC, SOX9",False
C2_core,GO_BP,GOBP_NEUROTRANSMITTER_GATED_ION_CHANNEL_CLUSTERING,Neurotransmitter gated ion channel clustering,2,14,806,0.0025,0.0009,2.622,0.17531054569155227,0.46712493503888297,"GLRB, NLGN2",False
C2_core,GO_BP,GOBP_POSITIVE_REGULATION_OF_EXECUTION_PHASE_OF_APOPTOSIS,Positive regulation of execution phase of apoptosis,2,14,806,0.0025,0.0009,2.622,0.17531054569155227,0.46712493503888297,"ZC3H12A, FAP",False
C2_core,GO_BP,GOBP_CELL_MIGRATION_INVOLVED_IN_HEART_DEVELOPMENT,Cell migration involved in heart development,2,14,806,0.0025,0.0009,2.622,0.17531054569155227,0.46712493503888297,"EDNRA, HAND2",False
C2_core,GO_BP,GOBP_POST_ANAL_TAIL_MORPHOGENESIS,Post anal tail morphogenesis,2,14,806,0.0025,0.0009,2.622,0.17531054569155227,0.46712493503888297,"PRICKLE1, EPHA2",False
C2_core,GO_BP,GOBP_NEGATIVE_REGULATION_OF_ENDOPLASMIC_RETICULUM_UNFOLDED_PROTEIN_RESPONSE,Negative regulation of endoplasmic reticulum unfolded protein response,2,14,806,0.0025,0.0009,2.622,0.17531054569155227,0.46712493503888297,"PPP1R15A, NCK2",False
C2_core,GO_BP,GOBP_CD8_POSITIVE_ALPHA_BETA_T_CELL_DIFFERENTIATION,Cd8 positive alpha beta t cell differentiation,2,14,806,0.0025,0.0009,2.622,0.17531054569155227,0.46712493503888297,"SOCS1, BCL2",False
C2_core,GO_BP,GOBP_OVULATION,Ovulation,2,14,806,0.0025,0.0009,2.622,0.17531054569155227,0.46712493503888297,"ADAMTS1, MMP2",False
C2_core,GO_BP,GOBP_POSITIVE_REGULATION_OF_FIBROBLAST_MIGRATION,Positive regulation of fibroblast migration,2,14,806,0.0025,0.0009,2.622,0.17531054569155227,0.46712493503888297,"THBS1, AQP1",False
C2_core,GO_BP,GOBP_POSITIVE_REGULATION_OF_CYCLIN_DEPENDENT_PROTEIN_KINASE_ACTIVITY,Positive regulation of cyclin dependent protein kinase activity,2,14,806,0.0025,0.0009,2.622,0.17531054569155227,0.46712493503888297,"CCND3, RGCC",False
C2_core,GO_BP,GOBP_NEGATIVE_REGULATION_OF_SUBSTRATE_ADHESION_DEPENDENT_CELL_SPREADING,Negative regulation of substrate adhesion dependent cell spreading,2,14,806,0.0025,0.0009,2.622,0.17531054569155227,0.46712493503888297,"EFNA5, TACSTD2",False
C2_core,GO_BP,GOBP_REGULATION_OF_PHOSPHOLIPID_BIOSYNTHETIC_PROCESS,Regulation of phospholipid biosynthetic process,2,14,806,0.0025,0.0009,2.622,0.17531054569155227,0.46712493503888297,"LPCAT1, PDGFA",False
C2_core,GO_BP,GOBP_REGULATION_OF_HAIR_FOLLICLE_DEVELOPMENT,Regulation of hair follicle development,2,14,806,0.0025,0.0009,2.622,0.17531054569155227,0.46712493503888297,"WNT10B, TGFB2",False
C2_core,GO_BP,GOBP_PARASYMPATHETIC_NERVOUS_SYSTEM_DEVELOPMENT,Parasympathetic nervous system development,2,14,806,0.0025,0.0009,2.622,0.17531054569155227,0.46712493503888297,"EGR2, PLXNA3",False
C2_core,GO_BP,GOBP_NEGATIVE_REGULATION_OF_CELL_DIVISION,Negative regulation of cell division,2,14,806,0.0025,0.0009,2.622,0.17531054569155227,0.46712493503888297,"SUSD2, MYC",False
C2_core,GO_BP,GOBP_NEGATIVE_REGULATION_OF_ALCOHOL_BIOSYNTHETIC_PROCESS,Negative regulation of alcohol biosynthetic process,2,14,806,0.0025,0.0009,2.622,0.17531054569155227,0.46712493503888297,"DKK3, GFI1",False
C2_core,GO_BP,GOBP_DEOXYRIBONUCLEOTIDE_BIOSYNTHETIC_PROCESS,Deoxyribonucleotide biosynthetic process,2,14,806,0.0025,0.0009,2.622,0.17531054569155227,0.46712493503888297,"DGUOK, GUK1",False
C2_core,GO_BP,GOBP_SPHINGOSINE_1_PHOSPHATE_RECEPTOR_SIGNALING_PATHWAY,Sphingosine 1 phosphate receptor signaling pathway,2,14,806,0.0025,0.0009,2.622,0.17531054569155227,0.46712493503888297,"SPHK1, EZR",False
C2_core,GO_BP,GOBP_RETINAL_ROD_CELL_DIFFERENTIATION,Retinal rod cell differentiation,2,14,806,0.0025,0.0009,2.622,0.17531054569155227,0.46712493503888297,"SAMD11, SOX9",False
C2_core,GO_BP,GOBP_MONOACYLGLYCEROL_METABOLIC_PROCESS,Monoacylglycerol metabolic process,2,14,806,0.0025,0.0009,2.622,0.17531054569155227,0.46712493503888297,"ABHD12, DAGLA",False
C2_core,GO_BP,GOBP_PARAXIAL_MESODERM_DEVELOPMENT,Paraxial mesoderm development,2,14,806,0.0025,0.0009,2.622,0.17531054569155227,0.46712493503888297,"FOXC1, TEAD2",False
C2_core,GO_BP,GOBP_SPONTANEOUS_SYNAPTIC_TRANSMISSION,Spontaneous synaptic transmission,2,14,806,0.0025,0.0009,2.622,0.17531054569155227,0.46712493503888297,"DOC2B, SLC12A2",False
C2_core,GO_BP,GOBP_MAST_CELL_MIGRATION,Mast cell migration,2,14,806,0.0025,0.0009,2.622,0.17531054569155227,0.46712493503888297,"VEGFC, KIT",False
C2_core,GO_BP,GOBP_REGULATION_OF_CARDIAC_MUSCLE_CELL_DIFFERENTIATION,Regulation of cardiac muscle cell differentiation,2,14,806,0.0025,0.0009,2.622,0.17531054569155227,0.46712493503888297,"DLL1, FZD7",False
C2_core,GO_BP,GOBP_BEHAVIORAL_RESPONSE_TO_COCAINE,Behavioral response to cocaine,2,14,806,0.0025,0.0009,2.622,0.17531054569155227,0.46712493503888297,"FOSB, HOMER1",False
C2_core,GO_BP,GOBP_CENTRAL_NERVOUS_SYSTEM_NEURON_DIFFERENTIATION,Central nervous system neuron differentiation,10,131,806,0.0124,0.0089,1.401,0.17719339515839622,0.4718101013739727,"ZMIZ1, BTG2, SEMA3E, SLIT2, GLI2, CDH11, ID4, PLXNA3, GATA2, PRDM8",False
C2_core,GO_BP,GOBP_SINGLE_FERTILIZATION,Single fertilization,8,100,806,0.0099,0.0068,1.468,0.17811344074319874,0.47359426454454734,"CD9, ALDOA, GLRB, MFGE8, MYH9, MST1R, ADCY3, PLAT",False
C2_core,GO_BP,GOBP_REGULATION_OF_PROTEIN_LOCALIZATION_TO_PLASMA_MEMBRANE,Regulation of protein localization to plasma membrane,8,100,806,0.0099,0.0068,1.468,0.17811344074319874,0.47359426454454734,"EZR, ITGA3, PKDCC, MMP14, MRAP2, EPHA2, NKD2, CLIP3",False
C2_core,GO_BP,GOBP_MEMBRANE_FUSION,Membrane fusion,11,147,806,0.0136,0.0099,1.373,0.17833637044530193,0.4738544934202307,"STX1A, CHMP4B, CD9, CH25H, DOC2B, SPHK1, SYT11, NKD2, ANXA1, RAB34, HYAL2",False
C2_core,GO_BP,GOBP_P38MAPK_CASCADE,P38mapk cascade,5,55,806,0.0062,0.0037,1.669,0.17898480420057225,0.47515961991578354,"HAND2, EZR, ZFP36, SPHK1, ZC3H12A",False
C2_core,GO_BP,GOBP_NEGATIVE_REGULATION_OF_MONONUCLEAR_CELL_MIGRATION,Negative regulation of mononuclear cell migration,3,27,806,0.0037,0.0018,2.039,0.17995620337269713,0.47515961991578354,"SLIT2, CCL2, CNN2",False
C2_core,GO_BP,GOBP_NEGATIVE_REGULATION_OF_MIRNA_METABOLIC_PROCESS,Negative regulation of mirna metabolic process,3,27,806,0.0037,0.0018,2.039,0.17995620337269713,0.47515961991578354,"GATA6, NFATC4, SOX9",False
C2_core,GO_BP,GOBP_RESPONSE_TO_AUDITORY_STIMULUS,Response to auditory stimulus,3,27,806,0.0037,0.0018,2.039,0.17995620337269713,0.47515961991578354,"ATP8A2, ABHD12, MDK",False
C2_core,GO_BP,GOBP_RESPONSE_TO_PROTOZOAN,Response to protozoan,3,27,806,0.0037,0.0018,2.039,0.17995620337269713,0.47515961991578354,"BATF, IER3, VTCN1",False
C2_core,GO_BP,GOBP_NEGATIVE_REGULATION_OF_OSSIFICATION,Negative regulation of ossification,3,27,806,0.0037,0.0018,2.039,0.17995620337269713,0.47515961991578354,"BCL2, MDK, SOX9",False
C2_core,GO_BP,GOBP_POSITIVE_REGULATION_OF_NERVOUS_SYSTEM_PROCESS,Positive regulation of nervous system process,3,27,806,0.0037,0.0018,2.039,0.17995620337269713,0.47515961991578354,"ITGA2, EGR2, NLGN2",False
C2_core,GO_BP,GOBP_POSITIVE_REGULATION_OF_EPIDERMIS_DEVELOPMENT,Positive regulation of epidermis development,3,27,806,0.0037,0.0018,2.039,0.17995620337269713,0.47515961991578354,"FOXC1, VDR, ELAPOR2",False
C2_core,GO_BP,GOBP_REGULATION_OF_FIBROBLAST_GROWTH_FACTOR_RECEPTOR_SIGNALING_PATHWAY,Regulation of fibroblast growth factor receptor signaling pathway,3,27,806,0.0037,0.0018,2.039,0.17995620337269713,0.47515961991578354,"THBS1, SPRY1, SMOC2",False
C2_core,GO_BP,GOBP_SYNAPTIC_VESICLE_EXOCYTOSIS,Synaptic vesicle exocytosis,7,85,806,0.0087,0.0057,1.512,0.18031422430666383,0.4754423075142305,"P2RX1, SYT8, DOC2B, SV2A, SYT11, STX1A, SNPH",False
C2_core,GO_BP,GOBP_POSITIVE_REGULATION_OF_INTRACELLULAR_PROTEIN_TRANSPORT,Positive regulation of intracellular protein transport,7,85,806,0.0087,0.0057,1.512,0.18031422430666383,0.4754423075142305,"SLC51B, PTGS2, B3GAT3, FLNA, PLK3, ZC3H12A, HYAL2",False
C2_core,GO_BP,GOBP_RESPONSE_TO_MOLECULE_OF_BACTERIAL_ORIGIN,Response to molecule of bacterial origin,20,294,806,0.0248,0.0199,1.249,0.1809019387849069,0.47592875029552406,"GSTP1, TSPO, CXCL5, ZFP36, PYCARD, GFI1, CXCL1, TNIP2, IRAK3, CCL2, FOXP3, VIM, ANKRD1, CXCL6, PTGS2, THBD, ZC3H12A, CXCL8, LOXL1, FOS",False
C2_core,GO_BP,GOBP_ODONTOGENESIS_OF_DENTIN_CONTAINING_TOOTH,Odontogenesis of dentin containing tooth,6,70,806,0.0074,0.0047,1.573,0.18100114256422542,0.47592875029552406,"HAND2, GLI2, GATA6, JAG2, TNFRSF11B, FOXC1",False
C2_core,GO_BP,GOBP_CELL_FATE_SPECIFICATION,Cell fate specification,6,70,806,0.0074,0.0047,1.573,0.18100114256422542,0.47592875029552406,"GLI2, SOX9, DLL1, FZD7, SOX18, TEAD4",False
C2_core,GO_BP,GOBP_REGULATION_OF_SODIUM_ION_TRANSPORT,Regulation of sodium ion transport,6,70,806,0.0074,0.0047,1.573,0.18100114256422542,0.47592875029552406,"ATP1B3, FXYD2, WNK2, FXYD5, TESC, GPD1L",False
C2_core,GO_BP,GOBP_RESPONSE_TO_ACID_CHEMICAL,Response to acid chemical,9,116,806,0.0112,0.0078,1.424,0.1812682592593928,0.47630057859489555,"LAMTOR4, PTGS2, PDGFD, SOCS1, COL4A1, MMP2, KLF2, COL16A1, TUBA1A",False
C2_core,GO_BP,GOBP_NEGATIVE_REGULATION_OF_ACTIN_FILAMENT_DEPOLYMERIZATION,Negative regulation of actin filament depolymerization,4,41,806,0.005,0.0028,1.791,0.1827011522429073,0.4794698976665878,"GSN, TMOD2, TWF2, VILL",False
C2_core,GO_BP,GOBP_VESICLE_MEDIATED_TRANSPORT_IN_SYNAPSE,Vesicle mediated transport in synapse,14,196,806,0.0174,0.0132,1.311,0.18272750916615277,0.4794698976665878,"P2RX1, SYT8, DOC2B, SH3GL2, SCRN1, SV2A, CLSTN1, SYT11, PCDH17, LPAR1, NLGN2, BRSK1, STX1A, SNPH",False
C2_core,GO_BP,GOBP_SULFUR_COMPOUND_BIOSYNTHETIC_PROCESS,Sulfur compound biosynthetic process,11,148,806,0.0136,0.01,1.364,0.18387612103674156,0.48214991183959427,"HS6ST2, B3GNT7, GSTP1, CHST3, B3GAT3, CHST1, HS3ST1, GGT5, B3GNT3, ANGPT1, ELOVL7",False
C2_core,GO_BP,GOBP_CARDIAC_MUSCLE_CELL_DIFFERENTIATION,Cardiac muscle cell differentiation,8,101,806,0.0099,0.0068,1.454,0.18490496034388282,0.4845123753409211,"FZD7, FHL2, FHOD3, PRICKLE1, GATA6, DLL1, LMNA, RGS4",False
C2_core,GO_BP,GOBP_GLANDULAR_EPITHELIAL_CELL_DIFFERENTIATION,Glandular epithelial cell differentiation,5,56,806,0.0062,0.0038,1.639,0.1883923274786279,0.490596927021664,"KLF4, GATA6, GATA2, SOX9, DLL1",False
C2_core,GO_BP,GOBP_T_CELL_SELECTION,T cell selection,5,56,806,0.0062,0.0038,1.639,0.1883923274786279,0.490596927021664,"BATF, SOCS3, FOXP3, JAG2, BCL2",False
C2_core,GO_BP,GOBP_PROTEIN_SUMOYLATION,Protein sumoylation,5,56,806,0.0062,0.0038,1.639,0.1883923274786279,0.490596927021664,"ZMIZ1, RASD2, EGR1, EGR2, STX1A",False
C2_core,GO_BP,GOBP_SPINDLE_LOCALIZATION,Spindle localization,5,56,806,0.0062,0.0038,1.639,0.1883923274786279,0.490596927021664,"GPSM1, SPRY1, MYH9, GJA1, PKHD1",False
C2_core,GO_BP,GOBP_INTERLEUKIN_10_PRODUCTION,Interleukin 10 production,5,56,806,0.0062,0.0038,1.639,0.1883923274786279,0.490596927021664,"TNFRSF21, VSIR, FOXP3, DLL1, PYCARD",False
C2_core,GO_BP,GOBP_REGULATION_OF_PROTEIN_IMPORT_INTO_NUCLEUS,Regulation of protein import into nucleus,5,56,806,0.0062,0.0038,1.639,0.1883923274786279,0.490596927021664,"PTGS2, FLNA, ZC3H12A, ANGPT1, HYAL2",False
C2_core,GO_BP,GOBP_POSITIVE_REGULATION_OF_INTRINSIC_APOPTOTIC_SIGNALING_PATHWAY,Positive regulation of intrinsic apoptotic signaling pathway,5,56,806,0.0062,0.0038,1.639,0.1883923274786279,0.490596927021664,"MYC, NCK2, MCL1, MMP2, IL20RA",False
C2_core,GO_BP,GOBP_NEGATIVE_REGULATION_OF_PROTEIN_SECRETION,Negative regulation of protein secretion,5,56,806,0.0062,0.0038,1.639,0.1883923274786279,0.490596927021664,"RAB11FIP5, GNAZ, RAB11FIP1, ADRA2A, MIDN",False
C2_core,GO_BP,GOBP_REGULATION_OF_TUMOR_NECROSIS_FACTOR_MEDIATED_SIGNALING_PATHWAY,Regulation of tumor necrosis factor mediated signaling pathway,5,56,806,0.0062,0.0038,1.639,0.1883923274786279,0.490596927021664,"CCDC3, GSTP1, SPHK1, PYCARD, TNFRSF11B",False
C2_core,GO_BP,GOBP_TELENCEPHALON_DEVELOPMENT,Telencephalon development,16,230,806,0.0199,0.0155,1.277,0.18913291952772696,0.490902773344201,"ZMIZ1, SEMA7A, BTG2, ANXA3, CXCR4, SLIT2, ID4, PLXNA3, FLNA, MDK, LPAR1, DNAH5, PRDM8, AQP1, TACC1, TUBA1A",False
C2_core,GO_BP,GOBP_POSITIVE_REGULATION_OF_ALPHA_BETA_T_CELL_ACTIVATION,Positive regulation of alpha beta t cell activation,6,71,806,0.0074,0.0048,1.551,0.18930399615628785,0.490902773344201,"SHB, SOCS1, FOXP3, CCL19, NFKBID, ANXA1",False
C2_core,GO_BP,GOBP_REGULATION_OF_STRIATED_MUSCLE_CELL_DIFFERENTIATION,Regulation of striated muscle cell differentiation,6,71,806,0.0074,0.0048,1.551,0.18930399615628785,0.490902773344201,"MMP14, BHLHE41, DLL1, FZD7, BCL2, RGS4",False
C2_core,GO_BP,GOBP_HOMEOSTASIS_OF_NUMBER_OF_CELLS,Homeostasis of number of cells,20,297,806,0.0248,0.0201,1.236,0.19271563202408637,0.490902773344201,"PPP2R1A, SOX9, KLF2, ANXA1, BCL2, IL2RA, ZFP36, GCNT4, JAM3, FOXP3, KIT, CXCL6, EMCN, CHST3, RPS19, FSTL1, SOX4, GATA2, SLC1A5, TUBA1A",False
C2_core,GO_BP,GOBP_BONE_DEVELOPMENT,Bone development,13,182,806,0.0161,0.0123,1.311,0.19375209129480578,0.490902773344201,"STC1, SERPINH1, HAS2, FOXC1, MMP14, BNC2, LOX, BGN, SOX9, GJA1, PAPPA2, SH3PXD2B, TGFB3",False
C2_core,GO_BP,GOBP_POSITIVE_REGULATION_OF_G1_S_TRANSITION_OF_MITOTIC_CELL_CYCLE,Positive regulation of g1 s transition of mitotic cell cycle,4,42,806,0.005,0.0028,1.748,0.19388087100626974,0.490902773344201,"ADAMTS1, CCND3, ANXA1, RGCC",False
C2_core,GO_BP,GOBP_MAMMARY_GLAND_MORPHOGENESIS,Mammary gland morphogenesis,4,42,806,0.005,0.0028,1.748,0.19388087100626974,0.490902773344201,"DDR1, VDR, ELF3, EPHA2",False
C2_core,GO_BP,GOBP_DENDRITIC_CELL_DIFFERENTIATION,Dendritic cell differentiation,4,42,806,0.005,0.0028,1.748,0.19388087100626974,0.490902773344201,"CCL19, BATF3, ITGB8, BATF",False
C2_core,GO_BP,GOBP_RUFFLE_ASSEMBLY,Ruffle assembly,4,42,806,0.005,0.0028,1.748,0.19388087100626974,0.490902773344201,"EPS8L1, AIF1L, TACSTD2, EPS8L3",False
C2_core,GO_BP,GOBP_ACTIVATED_T_CELL_PROLIFERATION,Activated t cell proliferation,4,42,806,0.005,0.0028,1.748,0.19388087100626974,0.490902773344201,"LRRC32, PYCARD, FOXP3, IL2RA",False
C2_core,GO_BP,GOBP_LEUKOCYTE_ADHESION_TO_VASCULAR_ENDOTHELIAL_CELL,Leukocyte adhesion to vascular endothelial cell,4,42,806,0.005,0.0028,1.748,0.19388087100626974,0.490902773344201,"CHST4, KLF4, CCL21, MDK",False
C2_core,GO_BP,GOBP_HEMATOPOIETIC_STEM_CELL_PROLIFERATION,Hematopoietic stem cell proliferation,3,28,806,0.0037,0.0019,1.967,0.19395114965534682,0.490902773344201,"CD34, WNT10B, SHB",False
C2_core,GO_BP,GOBP_POSITIVE_REGULATION_OF_P38MAPK_CASCADE,Positive regulation of p38mapk cascade,3,28,806,0.0037,0.0019,1.967,0.19395114965534682,0.490902773344201,"ZC3H12A, SPHK1, HAND2",False
C2_core,GO_BP,GOBP_ESTABLISHMENT_OF_MITOCHONDRION_LOCALIZATION,Establishment of mitochondrion localization,3,28,806,0.0037,0.0019,1.967,0.19395114965534682,0.490902773344201,"UCHL1, MAP1B, MARK1",False
C2_core,GO_BP,GOBP_REGULATION_OF_VASCULAR_ENDOTHELIAL_GROWTH_FACTOR_RECEPTOR_SIGNALING_PATHWAY,Regulation of vascular endothelial growth factor receptor signaling pathway,3,28,806,0.0037,0.0019,1.967,0.19395114965534682,0.490902773344201,"TMEM204, DLL1, VEGFC",False
C2_core,GO_BP,GOBP_PHAGOSOME_MATURATION,Phagosome maturation,3,28,806,0.0037,0.0019,1.967,0.19395114965534682,0.490902773344201,"SLC4A7, SYT11, RAB34",False
C2_core,GO_BP,GOBP_DENDRITIC_CELL_MIGRATION,Dendritic cell migration,3,28,806,0.0037,0.0019,1.967,0.19395114965534682,0.490902773344201,"CCL19, CXCR4, CCL21",False
C2_core,GO_BP,GOBP_CARDIAC_ATRIUM_DEVELOPMENT,Cardiac atrium development,3,28,806,0.0037,0.0019,1.967,0.19395114965534682,0.490902773344201,"CCN1, SOX4, TGFB2",False
C2_core,GO_BP,GOBP_MYOTUBE_CELL_DEVELOPMENT,Myotube cell development,3,28,806,0.0037,0.0019,1.967,0.19395114965534682,0.490902773344201,"WNT10B, HOMER1, BCL2",False
C2_core,GO_BP,GOBP_CELLULAR_RESPONSE_TO_ESTRADIOL_STIMULUS,Cellular response to estradiol stimulus,3,28,806,0.0037,0.0019,1.967,0.19395114965534682,0.490902773344201,"ITGA2, ZNF703, MMP2",False
C2_core,GO_BP,GOBP_RESPONSE_TO_PAIN,Response to pain,3,28,806,0.0037,0.0019,1.967,0.19395114965534682,0.490902773344201,"THBS1, TRPA1, TSPO",False
C2_core,GO_BP,GOBP_POSITIVE_REGULATION_OF_SIGNAL_TRANSDUCTION_BY_P53_CLASS_MEDIATOR,Positive regulation of signal transduction by p53 class mediator,3,28,806,0.0037,0.0019,1.967,0.19395114965534682,0.490902773344201,"HIC1, ANKRD1, MYC",False
C2_core,GO_BP,GOBP_INTERLEUKIN_1_MEDIATED_SIGNALING_PATHWAY,Interleukin 1 mediated signaling pathway,3,28,806,0.0037,0.0019,1.967,0.19395114965534682,0.490902773344201,"TNIP2, IRAK3, EGR1",False
C2_core,GO_BP,GOBP_HEPARAN_SULFATE_PROTEOGLYCAN_BIOSYNTHETIC_PROCESS,Heparan sulfate proteoglycan biosynthetic process,3,28,806,0.0037,0.0019,1.967,0.19395114965534682,0.490902773344201,"B3GAT3, HS6ST2, HS3ST1",False
C2_core,GO_BP,GOBP_REGULATION_OF_NON_CANONICAL_NF_KAPPAB_SIGNAL_TRANSDUCTION,Regulation of non canonical nf kappab signal transduction,7,87,806,0.0087,0.0059,1.477,0.1953612360018341,0.490902773344201,"EZR, ZC3H12A, PTP4A3, SPHK1, CCL19, PYCARD, TRIM15",False
C2_core,GO_BP,GOBP_REGULATION_OF_TRANSLATIONAL_INITIATION_IN_RESPONSE_TO_STRESS,Regulation of translational initiation in response to stress,2,15,806,0.0025,0.001,2.447,0.19537645347137902,0.490902773344201,"PPP1R15A, NCK2",False
C2_core,GO_BP,GOBP_REGULATION_OF_HEPATOCYTE_PROLIFERATION,Regulation of hepatocyte proliferation,2,15,806,0.0025,0.001,2.447,0.19537645347137902,0.490902773344201,"GLI1, MDK",False
C2_core,GO_BP,GOBP_NEGATIVE_REGULATION_OF_CELL_MIGRATION_INVOLVED_IN_SPROUTING_ANGIOGENESIS,Negative regulation of cell migration involved in sprouting angiogenesis,2,15,806,0.0025,0.001,2.447,0.19537645347137902,0.490902773344201,"KLF4, THBS1",False
C2_core,GO_BP,GOBP_SLEEP,Sleep,2,15,806,0.0025,0.001,2.447,0.19537645347137902,0.490902773344201,"ADORA1, CACNA1I",False
C2_core,GO_BP,GOBP_REGULATION_OF_ODONTOGENESIS,Regulation of odontogenesis,2,15,806,0.0025,0.001,2.447,0.19537645347137902,0.490902773344201,"CD34, TNFRSF11B",False
C2_core,GO_BP,GOBP_NEGATIVE_REGULATION_OF_LEUKOCYTE_CHEMOTAXIS,Negative regulation of leukocyte chemotaxis,2,15,806,0.0025,0.001,2.447,0.19537645347137902,0.490902773344201,"SLIT2, CCL2",False
C2_core,GO_BP,GOBP_REGULATION_OF_HEMATOPOIETIC_STEM_CELL_DIFFERENTIATION,Regulation of hematopoietic stem cell differentiation,2,15,806,0.0025,0.001,2.447,0.19537645347137902,0.490902773344201,"ZFP36, FOXC1",False
C2_core,GO_BP,GOBP_MAMMARY_GLAND_EPITHELIAL_CELL_DIFFERENTIATION,Mammary gland epithelial cell differentiation,2,15,806,0.0025,0.001,2.447,0.19537645347137902,0.490902773344201,"ZNF703, LBH",False
C2_core,GO_BP,GOBP_REGULATION_OF_URINE_VOLUME,Regulation of urine volume,2,15,806,0.0025,0.001,2.447,0.19537645347137902,0.490902773344201,"HAS2, HYAL2",False
C2_core,GO_BP,GOBP_NEGATIVE_REGULATION_OF_MYELOID_CELL_APOPTOTIC_PROCESS,Negative regulation of myeloid cell apoptotic process,2,15,806,0.0025,0.001,2.447,0.19537645347137902,0.490902773344201,"CLEC5A, BCL2",False
C2_core,GO_BP,GOBP_REGULATION_OF_BRANCHING_INVOLVED_IN_URETERIC_BUD_MORPHOGENESIS,Regulation of branching involved in ureteric bud morphogenesis,2,15,806,0.0025,0.001,2.447,0.19537645347137902,0.490902773344201,"TACSTD2, SOX9",False
C2_core,GO_BP,GOBP_NEGATIVE_REGULATION_OF_MACROPHAGE_ACTIVATION,Negative regulation of macrophage activation,2,15,806,0.0025,0.001,2.447,0.19537645347137902,0.490902773344201,"ZC3H12A, SYT11",False
C2_core,GO_BP,GOBP_GROWTH_PLATE_CARTILAGE_DEVELOPMENT,Growth plate cartilage development,2,15,806,0.0025,0.001,2.447,0.19537645347137902,0.490902773344201,"SOX9, STC1",False
C2_core,GO_BP,GOBP_CHRONIC_INFLAMMATORY_RESPONSE,Chronic inflammatory response,2,15,806,0.0025,0.001,2.447,0.19537645347137902,0.490902773344201,"THBS1, FOXP3",False
C2_core,GO_BP,GOBP_SULFATION,Sulfation,2,15,806,0.0025,0.001,2.447,0.19537645347137902,0.490902773344201,"CHST4, SULT1C4",False
C2_core,GO_BP,GOBP_REGULATION_OF_NUCLEAR_TRANSCRIBED_MRNA_POLY_A_TAIL_SHORTENING,Regulation of nuclear transcribed mrna poly a tail shortening,2,15,806,0.0025,0.001,2.447,0.19537645347137902,0.490902773344201,"ZFP36, BTG2",False
C2_core,GO_BP,GOBP_PROTEIN_TRIMERIZATION,Protein trimerization,2,15,806,0.0025,0.001,2.447,0.19537645347137902,0.490902773344201,"SLC1A5, ALOX5AP",False
C2_core,GO_BP,GOBP_INTERLEUKIN_5_PRODUCTION,Interleukin 5 production,2,15,806,0.0025,0.001,2.447,0.19537645347137902,0.490902773344201,"FOXP3, TNFRSF21",False
C2_core,GO_BP,GOBP_REGULATION_OF_STRIATED_MUSCLE_TISSUE_DEVELOPMENT,Regulation of striated muscle tissue development,2,15,806,0.0025,0.001,2.447,0.19537645347137902,0.490902773344201,"GJA1, LOX",False
C2_core,GO_BP,GOBP_INTRACELLULAR_MRNA_LOCALIZATION,Intracellular mrna localization,2,15,806,0.0025,0.001,2.447,0.19537645347137902,0.490902773344201,"ZFP36, KIF5C",False
C2_core,GO_BP,GOBP_REGULATION_OF_AMINO_ACID_TRANSMEMBRANE_TRANSPORT,Regulation of amino acid transmembrane transport,2,15,806,0.0025,0.001,2.447,0.19537645347137902,0.490902773344201,"SLC38A1, RGS4",False
C2_core,GO_BP,GOBP_POSITIVE_REGULATION_OF_DNA_DAMAGE_RESPONSE_SIGNAL_TRANSDUCTION_BY_P53_CLASS_MEDIATOR,Positive regulation of dna damage response signal transduction by p53 class mediator,2,15,806,0.0025,0.001,2.447,0.19537645347137902,0.490902773344201,"HIC1, ANKRD1",False
C2_core,GO_BP,GOBP_HYPOTHALAMUS_DEVELOPMENT,Hypothalamus development,2,15,806,0.0025,0.001,2.447,0.19537645347137902,0.490902773344201,"SEMA3E, PLXNA3",False
C2_core,GO_BP,GOBP_REGULATION_OF_EXTRACELLULAR_MATRIX_DISASSEMBLY,Regulation of extracellular matrix disassembly,2,15,806,0.0025,0.001,2.447,0.19537645347137902,0.490902773344201,"DDR1, FAP",False
C2_core,GO_BP,GOBP_NEGATIVE_REGULATION_OF_ALPHA_BETA_T_CELL_PROLIFERATION,Negative regulation of alpha beta t cell proliferation,2,15,806,0.0025,0.001,2.447,0.19537645347137902,0.490902773344201,"VSIR, FOXP3",False
C2_core,GO_BP,GOBP_REGULATION_OF_MEMBRANE_INVAGINATION,Regulation of membrane invagination,2,15,806,0.0025,0.001,2.447,0.19537645347137902,0.490902773344201,"ITGA2, GATA2",False
C2_core,GO_BP,GOBP_POSITIVE_REGULATION_OF_VASCULAR_ENDOTHELIAL_CELL_PROLIFERATION,Positive regulation of vascular endothelial cell proliferation,2,15,806,0.0025,0.001,2.447,0.19537645347137902,0.490902773344201,"MDK, NRARP",False
C2_core,GO_BP,GOBP_REGULATION_OF_RESPONSE_TO_OSMOTIC_STRESS,Regulation of response to osmotic stress,2,15,806,0.0025,0.001,2.447,0.19537645347137902,0.490902773344201,"YBX3, PTGS2",False
C2_core,GO_BP,GOBP_EXTRINSIC_APOPTOTIC_SIGNALING_PATHWAY,Extrinsic apoptotic signaling pathway,14,199,806,0.0174,0.0135,1.291,0.1974067443369537,0.49555340064742265,"ITM2C, THBS1, PYCARD, TGFB2, GSTP1, MCL1, PPP2R1A, TNFRSF12A, LTB, TNFSF12, PAK5, LMNA, BCL2, HYAL2",False
C2_core,GO_BP,GOBP_VACUOLAR_LOCALIZATION,Vacuolar localization,6,72,806,0.0074,0.0049,1.53,0.1977505256740309,0.49555340064742265,"S100A13, FCER1A, MYH9, GATA2, KIT, RAB34",False
C2_core,GO_BP,GOBP_REACTIVE_NITROGEN_SPECIES_METABOLIC_PROCESS,Reactive nitrogen species metabolic process,6,72,806,0.0074,0.0049,1.53,0.1977505256740309,0.49555340064742265,"PTGS2, PTX3, TSPO, KLF4, KLF2, ZC3H12A",False
C2_core,GO_BP,GOBP_REGULATION_OF_CYCLIN_DEPENDENT_PROTEIN_KINASE_ACTIVITY,Regulation of cyclin dependent protein kinase activity,6,72,806,0.0074,0.0049,1.53,0.1977505256740309,0.49555340064742265,"CDKN2C, LATS2, CDKN1C, SERTAD1, RGCC, CCND3",False
C2_core,GO_BP,GOBP_RESPIRATORY_GASEOUS_EXCHANGE_BY_RESPIRATORY_SYSTEM,Respiratory gaseous exchange by respiratory system,5,57,806,0.0062,0.0039,1.61,0.19797288389985063,0.49578272114774224,"ADORA1, NDN, JAG2, EDNRA, NLGN2",False
C2_core,GO_BP,GOBP_REGULATION_OF_REACTIVE_OXYGEN_SPECIES_METABOLIC_PROCESS,Regulation of reactive oxygen species metabolic process,9,119,806,0.0112,0.008,1.388,0.20056894450555834,0.5019522660049938,"THBS1, GSTP1, CRYAB, TSPO, IER3, ADGRB1, CYBA, ZC3H12A, BCL2",False
C2_core,GO_BP,GOBP_RESPONSE_TO_TEMPERATURE_STIMULUS,Response to temperature stimulus,11,151,806,0.0136,0.0102,1.337,0.20096226805126896,0.5022731092653417,"LXN, THBS1, PTGS2, CXCR4, METRNL, ADORA1, HSPB6, CRYAB, TRPA1, HSPB2, HSPA2",False
C2_core,GO_BP,GOBP_REGULATION_OF_VIRAL_PROCESS,Regulation of viral process,11,151,806,0.0136,0.0102,1.337,0.20096226805126896,0.5022731092653417,"CH25H, PTX3, CXCR4, ZFP36, TMPRSS2, GSN, TRIM15, APOBEC3H, ISG20, CXCL8, BCL2",False
C2_core,GO_BP,GOBP_CELLULAR_RESPONSE_TO_REACTIVE_OXYGEN_SPECIES,Cellular response to reactive oxygen species,10,135,806,0.0124,0.0091,1.36,0.20117121701872206,0.5024639032853908,"AQP1, SOD3, PDGFD, TRPA1, KLF4, SPHK1, MMP2, KLF2, TPM1, FOS",False
C2_core,GO_BP,GOBP_SYNAPTIC_TRANSMISSION_GLUTAMATERGIC,Synaptic transmission glutamatergic,7,88,806,0.0087,0.0059,1.46,0.20306593619661362,0.506528526826181,"P2RX1, HOMER1, ROR2, PTGS2, ADORA1, CCL2, NLGN2",False
C2_core,GO_BP,GOBP_CELLULAR_RESPONSE_TO_ALCOHOL,Cellular response to alcohol,7,88,806,0.0087,0.0059,1.46,0.20306593619661362,0.506528526826181,"EFNA5, OSBPL7, KLF4, KLF2, GRAMD1B, ADCY3, FOS",False
C2_core,GO_BP,GOBP_COCHLEA_DEVELOPMENT,Cochlea development,4,43,806,0.005,0.0029,1.707,0.2052660238642117,0.5096677355317812,"MYO3A, FRZB, GATA2, SOX9",False
C2_core,GO_BP,GOBP_CARDIAC_MUSCLE_CELL_PROLIFERATION,Cardiac muscle cell proliferation,4,43,806,0.005,0.0029,1.707,0.2052660238642117,0.5096677355317812,"FOXC1, GATA6, GLI1, TGFB2",False
C2_core,GO_BP,GOBP_POSITIVE_T_CELL_SELECTION,Positive t cell selection,4,43,806,0.005,0.0029,1.707,0.2052660238642117,0.5096677355317812,"BATF, FOXP3, BCL2, SOCS3",False
C2_core,GO_BP,GOBP_NEGATIVE_REGULATION_OF_SMOOTH_MUSCLE_CELL_PROLIFERATION,Negative regulation of smooth muscle cell proliferation,4,43,806,0.005,0.0029,1.707,0.2052660238642117,0.5096677355317812,"KLF4, TGFB3, TPM1, EFEMP2",False
C2_core,GO_BP,GOBP_REGULATION_OF_P38MAPK_CASCADE,Regulation of p38mapk cascade,4,43,806,0.005,0.0029,1.707,0.2052660238642117,0.5096677355317812,"ZC3H12A, SPHK1, HAND2, EZR",False
C2_core,GO_BP,GOBP_ICOSANOID_BIOSYNTHETIC_PROCESS,Icosanoid biosynthetic process,4,43,806,0.005,0.0029,1.707,0.2052660238642117,0.5096677355317812,"PYCARD, PTGS2, ALOX5AP, GGT5",False
C2_core,GO_BP,GOBP_BROWN_FAT_CELL_DIFFERENTIATION,Brown fat cell differentiation,4,43,806,0.005,0.0029,1.707,0.2052660238642117,0.5096677355317812,"METRNL, GATA2, PTGS2, SLC39A13",False
C2_core,GO_BP,GOBP_ANTIGEN_PROCESSING_AND_PRESENTATION,Antigen processing and presentation,8,104,806,0.0099,0.007,1.412,0.2059224458108794,0.5109334417918884,"THBS1, CCL21, RAB3C, RAB33A, CCL19, PYCARD, RAB34, HLA-DOB",False
C2_core,GO_BP,GOBP_MECHANORECEPTOR_DIFFERENTIATION,Mechanoreceptor differentiation,5,58,806,0.0062,0.0039,1.582,0.20771646878542419,0.5109334417918884,"DLL1, SLC4A7, JAG2, JAG1, USH1C",False
C2_core,GO_BP,GOBP_POSITIVE_REGULATION_OF_PROTEIN_LOCALIZATION_TO_PLASMA_MEMBRANE,Positive regulation of protein localization to plasma membrane,5,58,806,0.0062,0.0039,1.582,0.20771646878542419,0.5109334417918884,"EZR, ITGA3, NKD2, CLIP3, EPHA2",False
C2_core,GO_BP,GOBP_INTERLEUKIN_12_PRODUCTION,Interleukin 12 production,5,58,806,0.0062,0.0039,1.582,0.20771646878542419,0.5109334417918884,"THBS1, IRAK3, LTB, MDK, CCL19",False
C2_core,GO_BP,GOBP_HETEROTYPIC_CELL_CELL_ADHESION,Heterotypic cell cell adhesion,5,58,806,0.0062,0.0039,1.582,0.20771646878542419,0.5109334417918884,"MYADM, KLF4, JAM3, THY1, PARVA",False
C2_core,GO_BP,GOBP_WALKING_BEHAVIOR,Walking behavior,3,29,806,0.0037,0.002,1.899,0.20820301771619837,0.5109334417918884,"UCHL1, GLRB, ABHD12",False
C2_core,GO_BP,GOBP_REGULATION_OF_NEURON_PROJECTION_REGENERATION,Regulation of neuron projection regeneration,3,29,806,0.0037,0.002,1.899,0.20820301771619837,0.5109334417918884,"KLF4, THY1, FLNA",False
C2_core,GO_BP,GOBP_HYALURONAN_METABOLIC_PROCESS,Hyaluronan metabolic process,3,29,806,0.0037,0.002,1.899,0.20820301771619837,0.5109334417918884,"HAS2, HYAL2, ITIH5",False
C2_core,GO_BP,GOBP_REGULATION_OF_ADENYLATE_CYCLASE_ACTIVITY,Regulation of adenylate cyclase activity,3,29,806,0.0037,0.002,1.899,0.20820301771619837,0.5109334417918884,"EDNRA, GABBR2, CACNA1C",False
C2_core,GO_BP,GOBP_OSTEOBLAST_PROLIFERATION,Osteoblast proliferation,3,29,806,0.0037,0.002,1.899,0.20820301771619837,0.5109334417918884,"CCN1, JUNB, BCL2",False
C2_core,GO_BP,GOBP_POSITIVE_REGULATION_OF_TELOMERASE_ACTIVITY,Positive regulation of telomerase activity,3,29,806,0.0037,0.002,1.899,0.20820301771619837,0.5109334417918884,"KLF4, PARM1, MYC",False
C2_core,GO_BP,GOBP_REGULATION_OF_RUFFLE_ASSEMBLY,Regulation of ruffle assembly,3,29,806,0.0037,0.002,1.899,0.20820301771619837,0.5109334417918884,"EPS8L1, TACSTD2, EPS8L3",False
C2_core,GO_BP,GOBP_TRANSEPITHELIAL_TRANSPORT,Transepithelial transport,3,29,806,0.0037,0.002,1.899,0.20820301771619837,0.5109334417918884,"AQP1, SLC5A1, SLC12A2",False
C2_core,GO_BP,GOBP_MAMMARY_GLAND_DUCT_MORPHOGENESIS,Mammary gland duct morphogenesis,3,29,806,0.0037,0.002,1.899,0.20820301771619837,0.5109334417918884,"DDR1, VDR, EPHA2",False
C2_core,GO_BP,GOBP_POSITIVE_REGULATION_OF_ANIMAL_ORGAN_MORPHOGENESIS,Positive regulation of animal organ morphogenesis,3,29,806,0.0037,0.002,1.899,0.20820301771619837,0.5109334417918884,"CD34, SPRY1, SOX9",False
C2_core,GO_BP,GOBP_DIOL_METABOLIC_PROCESS,Diol metabolic process,3,29,806,0.0037,0.002,1.899,0.20820301771619837,0.5109334417918884,"SGPP2, SPHK1, PLPP2",False
C2_core,GO_BP,GOBP_REGULATION_OF_PRESYNAPSE_ORGANIZATION,Regulation of presynapse organization,3,29,806,0.0037,0.002,1.899,0.20820301771619837,0.5109334417918884,"NLGN2, LRFN4, FZD1",False
C2_core,GO_BP,GOBP_NEURONAL_ACTION_POTENTIAL,Neuronal action potential,3,29,806,0.0037,0.002,1.899,0.20820301771619837,0.5109334417918884,"P2RX1, HCN1, CACNA1I",False
C2_core,GO_BP,GOBP_POSITIVE_REGULATION_OF_PROTEOLYSIS,Positive regulation of proteolysis,20,301,806,0.0248,0.0203,1.22,0.20904530519557632,0.5126683892466269,"ECSCR, PRICKLE1, GSN, NKD2, BCL2, MYC, MCL1, PRSS22, CSNK1E, PYCARD, F3, APH1B, MMP14, OSBPL7, VSIR, SH3RF3, MYH9, ADRA2A, PLK3, TGFB1I1",False
C2_core,GO_BP,GOBP_NEGATIVE_REGULATION_OF_SMALL_MOLECULE_METABOLIC_PROCESS,Negative regulation of small molecule metabolic process,7,89,806,0.0087,0.006,1.444,0.21088515663556992,0.5168459628021828,"SNAI1, DKK3, CH25H, TSPO, IER3, SOX9, GFI1",False
C2_core,GO_BP,GOBP_POSITIVE_REGULATION_OF_CYTOKINE_PRODUCTION,Positive regulation of cytokine production,27,420,806,0.0335,0.0284,1.18,0.21156295119950125,0.5176125592925398,"SEMA7A, VTCN1, CCL19, CYBA, ANXA1, HYAL2, STING1, GPRC5B, SPHK1, PYCARD, NFATC4, F3, BATF, CD34, IRAK3, FOXP3, EGR1, KIT, S100A13, THBS1, CLEC5A, PTGS2, LTB, RGCC, ADRA2A, MDK, TRIM15",False
C2_core,GO_BP,GOBP_POSITIVE_REGULATION_OF_ESTABLISHMENT_OF_PROTEIN_LOCALIZATION,Positive regulation of establishment of protein localization,19,285,806,0.0236,0.0193,1.224,0.21225757517874602,0.5176125592925398,"WLS, TGFB2, B3GAT3, HYAL2, TMEM132A, APBB3, VEGFC, TGFB3, SLC51B, DOC2B, PTP4A3, CASR, FLNA, NLGN2, ANKRD1, PTGS2, SOX4, PLK3, ZC3H12A",False
C2_core,GO_BP,GOBP_DEFENSE_RESPONSE_TO_BACTERIUM,Defense response to bacterium,14,202,806,0.0174,0.0137,1.272,0.21261332370165084,0.5176125592925398,"CXCL6, WFDC2, ANXA3, SHC1, RPS19, LCN2, CLEC4D, SYT11, ADGRB1, EPHA2, CYBA, PYCARD, MMP7, AQP1",False
C2_core,GO_BP,GOBP_ORGANELLE_MEMBRANE_FUSION,Organelle membrane fusion,8,105,806,0.0099,0.0071,1.398,0.2131309763880369,0.5176125592925398,"STX1A, CHMP4B, DOC2B, SPHK1, SYT11, NKD2, ANXA1, RAB34",False
C2_core,GO_BP,GOBP_DETECTION_OF_ABIOTIC_STIMULUS,Detection of abiotic stimulus,8,105,806,0.0099,0.0071,1.398,0.2131309763880369,0.5176125592925398,"LXN, PLEKHB1, CXCR4, TRPA1, ADORA1, ITGA2, ATP8A2, KIT",False
C2_core,GO_BP,GOBP_POSITIVE_REGULATION_OF_SYNAPTIC_TRANSMISSION,Positive regulation of synaptic transmission,10,137,806,0.0124,0.0093,1.34,0.2136552361688725,0.5176125592925398,"ROR2, PTGS2, ADORA1, CCL2, MPP2, CLSTN1, CLSTN2, NLGN2, STX1A, NFATC4",False
C2_core,GO_BP,GOBP_PLASMA_MEMBRANE_ORGANIZATION,Plasma membrane organization,10,137,806,0.0124,0.0093,1.34,0.2136552361688725,0.5176125592925398,"CHMP4B, TGFB2, CD9, CXCR4, GSN, BAIAP2L2, DMKN, MYH9, SYT11, ANO9",False
C2_core,GO_BP,GOBP_ADENYLATE_CYCLASE_ACTIVATING_G_PROTEIN_COUPLED_RECEPTOR_SIGNALING_PATHWAY,Adenylate cyclase activating g protein coupled receptor signaling pathway,9,121,806,0.0112,0.0082,1.365,0.2138924324589048,0.5176125592925398,"RAMP2, ADRA2C, APLP1, MRAP2, ADRA2A, ADGRB1, LPAR1, PDE3A, ADCY3",False
C2_core,GO_BP,GOBP_B_CELL_PROLIFERATION,B cell proliferation,6,74,806,0.0074,0.005,1.488,0.21504815876358702,0.5176125592925398,"CTLA4, TNFRSF21, CD79A, CLCF1, SHB, BCL2",False
C2_core,GO_BP,GOBP_NEGATIVE_REGULATION_OF_RESPONSE_TO_CYTOKINE_STIMULUS,Negative regulation of response to cytokine stimulus,6,74,806,0.0074,0.005,1.488,0.21504815876358702,0.5176125592925398,"CCDC3, SLIT2, GSTP1, IRAK3, KLF4, TNFRSF11B",False
C2_core,GO_BP,GOBP_MEIOTIC_SPINDLE_ORGANIZATION,Meiotic spindle organization,2,16,806,0.0025,0.0011,2.294,0.21570605202505155,0.5176125592925398,"MYH9, PPP2R1A",False
C2_core,GO_BP,GOBP_TOLL_LIKE_RECEPTOR_2_SIGNALING_PATHWAY,Toll like receptor 2 signaling pathway,2,16,806,0.0025,0.0011,2.294,0.21570605202505155,0.5176125592925398,"TNIP2, CYBA",False
C2_core,GO_BP,GOBP_CALCIUM_INDEPENDENT_CELL_CELL_ADHESION_VIA_PLASMA_MEMBRANE_CELL_ADHESION_MOLECULES,Calcium independent cell cell adhesion via plasma membrane cell adhesion molecules,2,16,806,0.0025,0.0011,2.294,0.21570605202505155,0.5176125592925398,"CLDN5, CLDN10",False
C2_core,GO_BP,GOBP_ECTOPIC_GERM_CELL_PROGRAMMED_CELL_DEATH,Ectopic germ cell programmed cell death,2,16,806,0.0025,0.0011,2.294,0.21570605202505155,0.5176125592925398,"YBX3, KIT",False
C2_core,GO_BP,GOBP_NEGATIVE_REGULATION_OF_B_CELL_PROLIFERATION,Negative regulation of b cell proliferation,2,16,806,0.0025,0.0011,2.294,0.21570605202505155,0.5176125592925398,"CTLA4, TNFRSF21",False
C2_core,GO_BP,GOBP_TROPHECTODERMAL_CELL_DIFFERENTIATION,Trophectodermal cell differentiation,2,16,806,0.0025,0.0011,2.294,0.21570605202505155,0.5176125592925398,"JUNB, TEAD4",False
C2_core,GO_BP,GOBP_HEPARIN_METABOLIC_PROCESS,Heparin metabolic process,2,16,806,0.0025,0.0011,2.294,0.21570605202505155,0.5176125592925398,"EDNRA, ANGPT1",False
C2_core,GO_BP,GOBP_REGULATION_OF_RESPIRATORY_GASEOUS_EXCHANGE,Regulation of respiratory gaseous exchange,2,16,806,0.0025,0.0011,2.294,0.21570605202505155,0.5176125592925398,"NLGN2, ADORA1",False
C2_core,GO_BP,GOBP_POSITIVE_REGULATION_OF_TRANSCRIPTION_REGULATORY_REGION_DNA_BINDING,Positive regulation of transcription regulatory region dna binding,2,16,806,0.0025,0.0011,2.294,0.21570605202505155,0.5176125592925398,"HAND2, FOXC1",False
C2_core,GO_BP,GOBP_CELL_PROLIFERATION_INVOLVED_IN_HEART_MORPHOGENESIS,Cell proliferation involved in heart morphogenesis,2,16,806,0.0025,0.0011,2.294,0.21570605202505155,0.5176125592925398,"HAND2, SOX9",False
C2_core,GO_BP,GOBP_ECTODERM_DEVELOPMENT,Ectoderm development,2,16,806,0.0025,0.0011,2.294,0.21570605202505155,0.5176125592925398,"FZD7, EDA2R",False
C2_core,GO_BP,GOBP_POSITIVE_REGULATION_OF_KERATINOCYTE_DIFFERENTIATION,Positive regulation of keratinocyte differentiation,2,16,806,0.0025,0.0011,2.294,0.21570605202505155,0.5176125592925398,"VDR, FOXC1",False
C2_core,GO_BP,GOBP_REGULATION_OF_AMYLOID_FIBRIL_FORMATION,Regulation of amyloid fibril formation,2,16,806,0.0025,0.0011,2.294,0.21570605202505155,0.5176125592925398,"PFDN1, CRYAB",False
C2_core,GO_BP,GOBP_SERTOLI_CELL_DIFFERENTIATION,Sertoli cell differentiation,2,16,806,0.0025,0.0011,2.294,0.21570605202505155,0.5176125592925398,"FLNA, SOX9",False
C2_core,GO_BP,GOBP_NEGATIVE_REGULATION_OF_FIBROBLAST_GROWTH_FACTOR_RECEPTOR_SIGNALING_PATHWAY,Negative regulation of fibroblast growth factor receptor signaling pathway,2,16,806,0.0025,0.0011,2.294,0.21570605202505155,0.5176125592925398,"THBS1, SPRY1",False
C2_core,GO_BP,GOBP_ACTIVATION_OF_PROTEIN_KINASE_B_ACTIVITY,Activation of protein kinase b activity,2,16,806,0.0025,0.0011,2.294,0.21570605202505155,0.5176125592925398,"ADRA2C, ADRA2A",False
C2_core,GO_BP,GOBP_REGULATION_OF_INTEGRIN_ACTIVATION,Regulation of integrin activation,2,16,806,0.0025,0.0011,2.294,0.21570605202505155,0.5176125592925398,"JAM3, FBLIM1",False
C2_core,GO_BP,GOBP_MORPHOGENESIS_OF_AN_ENDOTHELIUM,Morphogenesis of an endothelium,2,16,806,0.0025,0.0011,2.294,0.21570605202505155,0.5176125592925398,"CXCR4, ACVRL1",False
C2_core,GO_BP,GOBP_REGULATION_OF_MICROGLIAL_CELL_ACTIVATION,Regulation of microglial cell activation,2,16,806,0.0025,0.0011,2.294,0.21570605202505155,0.5176125592925398,"SPHK1, SYT11",False
C2_core,GO_BP,GOBP_NEURON_CELL_CELL_ADHESION,Neuron cell cell adhesion,2,16,806,0.0025,0.0011,2.294,0.21570605202505155,0.5176125592925398,"CNTN4, NLGN2",False
C2_core,GO_BP,GOBP_SPHINGOLIPID_MEDIATED_SIGNALING_PATHWAY,Sphingolipid mediated signaling pathway,2,16,806,0.0025,0.0011,2.294,0.21570605202505155,0.5176125592925398,"SPHK1, EZR",False
C2_core,GO_BP,GOBP_NEGATIVE_REGULATION_OF_SYSTEMIC_ARTERIAL_BLOOD_PRESSURE,Negative regulation of systemic arterial blood pressure,2,16,806,0.0025,0.0011,2.294,0.21570605202505155,0.5176125592925398,"IER3, ADORA1",False
C2_core,GO_BP,GOBP_BRANCH_ELONGATION_OF_AN_EPITHELIUM,Branch elongation of an epithelium,2,16,806,0.0025,0.0011,2.294,0.21570605202505155,0.5176125592925398,"SPRY1, SOX9",False
C2_core,GO_BP,GOBP_POSITIVE_REGULATION_OF_STEM_CELL_POPULATION_MAINTENANCE,Positive regulation of stem cell population maintenance,4,44,806,0.005,0.003,1.669,0.21683963646719379,0.5183630173969699,"SAP30, SINHCAF, TEAD4, LBH",False
C2_core,GO_BP,GOBP_AMINO_ACID_IMPORT_ACROSS_PLASMA_MEMBRANE,Amino acid import across plasma membrane,4,44,806,0.005,0.003,1.669,0.21683963646719379,0.5183630173969699,"SLC38A1, SLC1A5, RGS4, SLC7A1",False
C2_core,GO_BP,GOBP_NEGATIVE_REGULATION_OF_MYELOID_LEUKOCYTE_DIFFERENTIATION,Negative regulation of myeloid leukocyte differentiation,4,44,806,0.005,0.003,1.669,0.21683963646719379,0.5183630173969699,"FSTL3, TNFRSF11B, GATA2, MYC",False
C2_core,GO_BP,GOBP_CELLULAR_RESPONSE_TO_GLUCOCORTICOID_STIMULUS,Cellular response to glucocorticoid stimulus,4,44,806,0.005,0.003,1.669,0.21683963646719379,0.5183630173969699,"ZFP36, ANXA1, AQP1, STC1",False
C2_core,GO_BP,GOBP_CATECHOL_CONTAINING_COMPOUND_METABOLIC_PROCESS,Catechol containing compound metabolic process,4,44,806,0.005,0.003,1.669,0.21683963646719379,0.5183630173969699,"EDNRA, HAND2, MOXD1, TGFB2",False
C2_core,GO_BP,GOBP_RESPONSE_TO_GAMMA_RADIATION,Response to gamma radiation,4,44,806,0.005,0.003,1.669,0.21683963646719379,0.5183630173969699,"EGR1, BCL2, CRYAB, MYC",False
C2_core,GO_BP,GOBP_GLYCEROLIPID_CATABOLIC_PROCESS,Glycerolipid catabolic process,5,59,806,0.0062,0.004,1.555,0.2176129400275157,0.5192288600530586,"ENPP2, DAGLA, LYPLA2, ABHD12, GPCPD1",False
C2_core,GO_BP,GOBP_PANCREAS_DEVELOPMENT,Pancreas development,5,59,806,0.0062,0.004,1.555,0.2176129400275157,0.5192288600530586,"WLS, SOX4, GATA6, SOX9, DLL1",False
C2_core,GO_BP,GOBP_EXPORT_ACROSS_PLASMA_MEMBRANE,Export across plasma membrane,5,59,806,0.0062,0.004,1.555,0.2176129400275157,0.5192288600530586,"ATP1B3, FXYD2, TMEM163, RGS9, GJA1",False
C2_core,GO_BP,GOBP_REGULATION_OF_HORMONE_LEVELS,Regulation of hormone levels,28,439,806,0.0347,0.0297,1.171,0.21843011409739496,0.5207829364193662,"CHST10, DKK3, SELENOM, TSPO, BACE2, ANXA1, FAM3B, GCNT4, LIF, GFI1, RAB11FIP5, DOC2B, GNAZ, CASR, PTPRN2, EGR1, TRPV6, GJA1, AQP1, MIDN, STX1A, EFNA5, RAB11FIP1, ADORA1, SOX4, MBOAT4, ADRA2A, NLGN2",False
C2_core,GO_BP,GOBP_MUSCLE_ADAPTATION,Muscle adaptation,7,90,806,0.0087,0.0061,1.428,0.21881404982307498,0.5207829364193662,"HAND2, GSN, GATA6, LMCD1, CYBA, LMNA, RGS4",False
C2_core,GO_BP,GOBP_REGULATION_OF_MICROTUBULE_POLYMERIZATION_OR_DEPOLYMERIZATION,Regulation of microtubule polymerization or depolymerization,7,90,806,0.0087,0.0061,1.428,0.21881404982307498,0.5207829364193662,"HAUS7, MAP1B, STMN3, STMN2, CLIP3, MAP1A, HDGFL3",False
C2_core,GO_BP,GOBP_HOMOTYPIC_CELL_CELL_ADHESION,Homotypic cell cell adhesion,7,90,806,0.0087,0.0061,1.428,0.21881404982307498,0.5207829364193662,"MYL9, ZNF703, CD9, MYL12A, VCL, FLNA, MYH9",False
C2_core,GO_BP,GOBP_POTASSIUM_ION_TRANSPORT,Potassium ion transport,13,187,806,0.0161,0.0126,1.276,0.22034170436768769,0.5240895906146695,"KCNJ16, CD63, ATP1B3, KCNS3, ADORA1, FXYD2, HCN1, FLNA, ADRA2A, FXYD5, AQP1, RGS4, SLC12A2",False
C2_core,GO_BP,GOBP_REGULATION_OF_KERATINOCYTE_DIFFERENTIATION,Regulation of keratinocyte differentiation,3,30,806,0.0037,0.002,1.835,0.22267807227240038,0.5263426174922801,"VDR, ZFP36, FOXC1",False
C2_core,GO_BP,GOBP_NEGATIVE_REGULATION_OF_B_CELL_ACTIVATION,Negative regulation of b cell activation,3,30,806,0.0037,0.002,1.835,0.22267807227240038,0.5263426174922801,"CTLA4, TNFRSF21, FOXP3",False
C2_core,GO_BP,GOBP_LENS_FIBER_CELL_DIFFERENTIATION,Lens fiber cell differentiation,3,30,806,0.0037,0.002,1.835,0.22267807227240038,0.5263426174922801,"SPRY1, VIM, EPHA2",False
C2_core,GO_BP,GOBP_POSITIVE_REGULATION_OF_DEFENSE_RESPONSE_TO_VIRUS_BY_HOST,Positive regulation of defense response to virus by host,3,30,806,0.0037,0.002,1.835,0.22267807227240038,0.5263426174922801,"PYCARD, STING1, ZC3H12A",False
C2_core,GO_BP,GOBP_DENDRITE_EXTENSION,Dendrite extension,3,30,806,0.0037,0.002,1.835,0.22267807227240038,0.5263426174922801,"SH3GL2, CXCR4, CPNE5",False
C2_core,GO_BP,GOBP_ANTIGEN_PROCESSING_AND_PRESENTATION_OF_PEPTIDE_OR_POLYSACCHARIDE_ANTIGEN_VIA_MHC_CLASS_II,Antigen processing and presentation of peptide or polysaccharide antigen via mhc class ii,3,30,806,0.0037,0.002,1.835,0.22267807227240038,0.5263426174922801,"THBS1, PYCARD, HLA-DOB",False
C2_core,GO_BP,GOBP_REGULATION_OF_SYNAPTIC_TRANSMISSION_GABAERGIC,Regulation of synaptic transmission gabaergic,3,30,806,0.0037,0.002,1.835,0.22267807227240038,0.5263426174922801,"NLGN2, ADORA1, SLC38A1",False
C2_core,GO_BP,GOBP_NEGATIVE_REGULATION_OF_EPITHELIAL_TO_MESENCHYMAL_TRANSITION,Negative regulation of epithelial to mesenchymal transition,3,30,806,0.0037,0.002,1.835,0.22267807227240038,0.5263426174922801,"SPRY1, MARK1, TGFB2",False
C2_core,GO_BP,GOBP_POSITIVE_REGULATION_OF_EXCITATORY_POSTSYNAPTIC_POTENTIAL,Positive regulation of excitatory postsynaptic potential,3,30,806,0.0037,0.002,1.835,0.22267807227240038,0.5263426174922801,"NLGN2, STX1A, RGS4",False
C2_core,GO_BP,GOBP_POSITIVE_REGULATION_OF_CELL_CYCLE_G2_M_PHASE_TRANSITION,Positive regulation of cell cycle g2 m phase transition,3,30,806,0.0037,0.002,1.835,0.22267807227240038,0.5263426174922801,"WNT10B, SMARCD3, HSPA2",False
C2_core,GO_BP,GOBP_HIPPOCAMPUS_DEVELOPMENT,Hippocampus development,6,75,806,0.0074,0.0051,1.468,0.22388570983011233,0.5288671786448227,"BTG2, ANXA3, ID4, PLXNA3, MDK, TUBA1A",False
C2_core,GO_BP,GOBP_CELL_MATURATION,Cell maturation,11,155,806,0.0136,0.0105,1.303,0.2247671504568211,0.5306185252840468,"CCL21, SHB, PPP2R1A, KLF2, GATA2, CCL19, GJA1, PDE3A, EDNRA, SOX18, BCL2",False
C2_core,GO_BP,GOBP_POSITIVE_REGULATION_OF_DNA_BINDING_TRANSCRIPTION_FACTOR_ACTIVITY,Positive regulation of dna binding transcription factor activity,13,188,806,0.0161,0.0127,1.269,0.2258374147789329,0.5328131784541574,"RIPK4, STING1, ANXA3, IRAK3, FANK1, KIT, SPHK1, ARID5B, RGCC, FZD1, PYCARD, TRIM15, NTS",False
C2_core,GO_BP,GOBP_MONOAMINE_TRANSPORT,Monoamine transport,5,60,806,0.0062,0.0041,1.53,0.22765205331616217,0.536092995658756,"P2RX1, ADRA2C, SYT11, ADRA2A, STX1A",False
C2_core,GO_BP,GOBP_MAINTENANCE_OF_PROTEIN_LOCATION_IN_CELL,Maintenance of protein location in cell,5,60,806,0.0062,0.0041,1.53,0.22765205331616217,0.536092995658756,"TMSB10, TSPO, GSN, TWF2, DBN1",False
C2_core,GO_BP,GOBP_POSITIVE_REGULATION_OF_NEURON_DIFFERENTIATION,Positive regulation of neuron differentiation,5,60,806,0.0062,0.0041,1.53,0.22765205331616217,0.536092995658756,"ADRA2C, HEYL, GPRC5B, MAP1B, GATA2",False
C2_core,GO_BP,GOBP_DETECTION_OF_MECHANICAL_STIMULUS,Detection of mechanical stimulus,4,45,806,0.005,0.003,1.632,0.22858476244950288,0.5366218493935355,"ITGA2, CXCR4, TRPA1, KIT",False
C2_core,GO_BP,GOBP_REGULATION_OF_CYTOSOLIC_CALCIUM_ION_CONCENTRATION,Regulation of cytosolic calcium ion concentration,4,45,806,0.005,0.003,1.632,0.22858476244950288,0.5366218493935355,"P2RX1, TRPC4, TRPC1, ADORA1",False
C2_core,GO_BP,GOBP_POSITIVE_REGULATION_OF_BIOMINERAL_TISSUE_DEVELOPMENT,Positive regulation of biomineral tissue development,4,45,806,0.005,0.003,1.632,0.22858476244950288,0.5366218493935355,"CCN1, VDR, WNT10B, PKDCC",False
C2_core,GO_BP,GOBP_LYMPHOCYTE_COSTIMULATION,Lymphocyte costimulation,4,45,806,0.005,0.003,1.632,0.22858476244950288,0.5366218493935355,"CCL19, ICOS, MAP3K8, CCL21",False
C2_core,GO_BP,GOBP_REGULATION_OF_FILOPODIUM_ASSEMBLY,Regulation of filopodium assembly,4,45,806,0.005,0.003,1.632,0.22858476244950288,0.5366218493935355,"MYO3A, DPYSL3, CCL21, TGFB3",False
C2_core,GO_BP,GOBP_CELLULAR_RESPONSE_TO_RADIATION,Cellular response to radiation,11,156,806,0.0136,0.0105,1.294,0.23088849822101667,0.5416944394795246,"MFAP4, AQP1, TIMP1, MYC, CRIP1, CRYAB, EGR1, RGS9, MMP2, HYAL2, NFATC4",False
C2_core,GO_BP,GOBP_REGULATION_OF_SIGNALING_RECEPTOR_ACTIVITY,Regulation of signaling receptor activity,6,76,806,0.0074,0.0051,1.449,0.23283987063016903,0.5453575946968404,"ADRA2C, CCL2, CNRIP1, ADRA2A, PLAU, NLGN2",False
C2_core,GO_BP,GOBP_REGULATION_OF_ORGAN_GROWTH,Regulation of organ growth,6,76,806,0.0074,0.0051,1.449,0.23283987063016903,0.5453575946968404,"LATS2, YBX3, GATA6, GLI1, RGS4, FOXC1",False
C2_core,GO_BP,GOBP_AMIDE_TRANSPORT,Amide transport,17,256,806,0.0211,0.0173,1.219,0.23290860009288175,0.5453575946968404,"AQP1, STX1A, MIDN, EFNA5, FAM3B, DOC2B, GNAZ, ADORA1, GLTP, SOX4, CASR, PTPRN2, ADRA2A, GJA1, NLGN2, MMP7, RAB11FIP5",False
C2_core,GO_BP,GOBP_REGULATION_OF_LIPID_METABOLIC_PROCESS,Regulation of lipid metabolic process,18,273,806,0.0223,0.0185,1.21,0.23374960666033398,0.5453575946968404,"GDF15, LPCAT1, PTGS2, CCDC3, SNAI1, DKK3, CH25H, ADORA1, TSPO, IGFBP7, SPHK1, EGR1, ADRA2A, KIT, SOX9, CCN1, GFI1, PDGFA",False
C2_core,GO_BP,GOBP_PEPTIDYL_LYSINE_MODIFICATION,Peptidyl lysine modification,9,124,806,0.0112,0.0084,1.332,0.2345054956619687,0.5453575946968404,"STX1A, ZMIZ1, RASD2, SOX4, EGR1, LOX, EGR2, LOXL4, LOXL1",False
C2_core,GO_BP,GOBP_LIMBIC_SYSTEM_DEVELOPMENT,Limbic system development,7,92,806,0.0087,0.0062,1.397,0.23498098426784947,0.5453575946968404,"BTG2, SEMA3E, ANXA3, ID4, PLXNA3, MDK, TUBA1A",False
C2_core,GO_BP,GOBP_CHEMICAL_SYNAPTIC_TRANSMISSION_POSTSYNAPTIC,Chemical synaptic transmission postsynaptic,7,92,806,0.0087,0.0062,1.397,0.23498098426784947,0.5453575946968404,"P2RX1, ADORA1, MPP2, GLRB, NLGN2, STX1A, RGS4",False
C2_core,GO_BP,GOBP_REFLEX,Reflex,2,17,806,0.0025,0.0011,2.159,0.23621118561563365,0.5453575946968404,"GJA1, GLRB",False
C2_core,GO_BP,GOBP_3_UTR_MEDIATED_MRNA_DESTABILIZATION,3 utr mediated mrna destabilization,2,17,806,0.0025,0.0011,2.159,0.23621118561563365,0.5453575946968404,"ZC3H12A, ZFP36",False
C2_core,GO_BP,GOBP_RESPONSE_TO_MANGANESE_ION,Response to manganese ion,2,17,806,0.0025,0.0011,2.159,0.23621118561563365,0.5453575946968404,"PTGS2, TSPO",False
C2_core,GO_BP,GOBP_REGULATION_OF_ENDOTHELIAL_CELL_CHEMOTAXIS,Regulation of endothelial cell chemotaxis,2,17,806,0.0025,0.0011,2.159,0.23621118561563365,0.5453575946968404,"THBS1, SMOC2",False
C2_core,GO_BP,GOBP_REGULATION_OF_MEMBRANE_LIPID_METABOLIC_PROCESS,Regulation of membrane lipid metabolic process,2,17,806,0.0025,0.0011,2.159,0.23621118561563365,0.5453575946968404,"CCN1, SPHK1",False
C2_core,GO_BP,GOBP_LEUKOCYTE_MIGRATION_INVOLVED_IN_INFLAMMATORY_RESPONSE,Leukocyte migration involved in inflammatory response,2,17,806,0.0025,0.0011,2.159,0.23621118561563365,0.5453575946968404,"JAM3, MDK",False
C2_core,GO_BP,GOBP_REGULATION_OF_PLASMA_MEMBRANE_ORGANIZATION,Regulation of plasma membrane organization,2,17,806,0.0025,0.0011,2.159,0.23621118561563365,0.5453575946968404,"GSN, MYH9",False
C2_core,GO_BP,GOBP_SINGLE_STRANDED_VIRAL_RNA_REPLICATION_VIA_DOUBLE_STRANDED_DNA_INTERMEDIATE,Single stranded viral rna replication via double stranded dna intermediate,2,17,806,0.0025,0.0011,2.159,0.23621118561563365,0.5453575946968404,"CXCL8, APOBEC3H",False
C2_core,GO_BP,GOBP_NEGATIVE_REGULATION_OF_ANOIKIS,Negative regulation of anoikis,2,17,806,0.0025,0.0011,2.159,0.23621118561563365,0.5453575946968404,"MCL1, BCL2",False
C2_core,GO_BP,GOBP_REGULATION_OF_RENAL_SYSTEM_PROCESS,Regulation of renal system process,2,17,806,0.0025,0.0011,2.159,0.23621118561563365,0.5453575946968404,"ADORA1, STC1",False
C2_core,GO_BP,GOBP_NEGATIVE_REGULATION_OF_RECEPTOR_SIGNALING_PATHWAY_VIA_JAK_STAT,Negative regulation of receptor signaling pathway via jak stat,2,17,806,0.0025,0.0011,2.159,0.23621118561563365,0.5453575946968404,"SOCS1, SOCS3",False
C2_core,GO_BP,GOBP_MAINTENANCE_OF_GASTROINTESTINAL_EPITHELIUM,Maintenance of gastrointestinal epithelium,2,17,806,0.0025,0.0011,2.159,0.23621118561563365,0.5453575946968404,"MUC13, SOX9",False
C2_core,GO_BP,GOBP_BEHAVIORAL_RESPONSE_TO_PAIN,Behavioral response to pain,2,17,806,0.0025,0.0011,2.159,0.23621118561563365,0.5453575946968404,"THBS1, TSPO",False
C2_core,GO_BP,GOBP_T_HELPER_2_CELL_DIFFERENTIATION,T helper 2 cell differentiation,2,17,806,0.0025,0.0011,2.159,0.23621118561563365,0.5453575946968404,"BATF, ANXA1",False
C2_core,GO_BP,GOBP_MUCUS_SECRETION,Mucus secretion,2,17,806,0.0025,0.0011,2.159,0.23621118561563365,0.5453575946968404,"CYBA, ADORA1",False
C2_core,GO_BP,GOBP_POSITIVE_REGULATION_OF_PROTEIN_DEPOLYMERIZATION,Positive regulation of protein depolymerization,2,17,806,0.0025,0.0011,2.159,0.23621118561563365,0.5453575946968404,"NES, STMN2",False
C2_core,GO_BP,GOBP_CELLULAR_RESPONSE_TO_CHOLESTEROL,Cellular response to cholesterol,2,17,806,0.0025,0.0011,2.159,0.23621118561563365,0.5453575946968404,"GRAMD1B, OSBPL7",False
C2_core,GO_BP,GOBP_POSITIVE_REGULATION_OF_NEURON_MIGRATION,Positive regulation of neuron migration,2,17,806,0.0025,0.0011,2.159,0.23621118561563365,0.5453575946968404,"FLNA, MDK",False
C2_core,GO_BP,GOBP_REGULATION_OF_MYOBLAST_FUSION,Regulation of myoblast fusion,2,17,806,0.0025,0.0011,2.159,0.23621118561563365,0.5453575946968404,"GDF15, ADGRB1",False
C2_core,GO_BP,GOBP_REGULATION_OF_TOLL_LIKE_RECEPTOR_SIGNALING_PATHWAY,Regulation of toll like receptor signaling pathway,3,31,806,0.0037,0.0021,1.776,0.23734354015705722,0.5453575946968404,"IRAK3, GDI1, GFI1",False
C2_core,GO_BP,GOBP_RESPONSE_TO_PROSTAGLANDIN,Response to prostaglandin,3,31,806,0.0037,0.0021,1.776,0.23734354015705722,0.5453575946968404,"CCL19, A2M, CCL21",False
C2_core,GO_BP,GOBP_GLYCEROPHOSPHOLIPID_CATABOLIC_PROCESS,Glycerophospholipid catabolic process,3,31,806,0.0037,0.0021,1.776,0.23734354015705722,0.5453575946968404,"ENPP2, ABHD12, GPCPD1",False
C2_core,GO_BP,GOBP_RESPONSE_TO_ATP,Response to atp,3,31,806,0.0037,0.0021,1.776,0.23734354015705722,0.5453575946968404,"P2RX1, CIB2, PTGS2",False
C2_core,GO_BP,GOBP_REGULATION_OF_HIPPO_SIGNALING,Regulation of hippo signaling,3,31,806,0.0037,0.0021,1.776,0.23734354015705722,0.5453575946968404,"FRMD6, NUAK2, PPP2R1A",False
C2_core,GO_BP,GOBP_POSITIVE_REGULATION_OF_BLOOD_CIRCULATION,Positive regulation of blood circulation,3,31,806,0.0037,0.0021,1.776,0.23734354015705722,0.5453575946968404,"TPM1, TGFB2, RGS4",False
C2_core,GO_BP,GOBP_MYELOID_CELL_APOPTOTIC_PROCESS,Myeloid cell apoptotic process,3,31,806,0.0037,0.0021,1.776,0.23734354015705722,0.5453575946968404,"CLEC5A, ANXA1, BCL2",False
C2_core,GO_BP,GOBP_NEGATIVE_REGULATION_OF_ANTIGEN_RECEPTOR_MEDIATED_SIGNALING_PATHWAY,Negative regulation of antigen receptor mediated signaling pathway,3,31,806,0.0037,0.0021,1.776,0.23734354015705722,0.5453575946968404,"DUSP22, THY1, EZR",False
C2_core,GO_BP,GOBP_MEMBRANE_LIPID_CATABOLIC_PROCESS,Membrane lipid catabolic process,4,46,806,0.005,0.0031,1.596,0.24048454781572123,0.5505715720083189,"PLPP2, ENPP2, SPHK1, SGPP2",False
C2_core,GO_BP,GOBP_REGULATION_OF_T_CELL_RECEPTOR_SIGNALING_PATHWAY,Regulation of t cell receptor signaling pathway,4,46,806,0.005,0.0031,1.596,0.24048454781572123,0.5505715720083189,"DUSP22, THY1, TRAT1, EZR",False
C2_core,GO_BP,GOBP_REGULATION_OF_NEURONAL_SYNAPTIC_PLASTICITY,Regulation of neuronal synaptic plasticity,4,46,806,0.005,0.0031,1.596,0.24048454781572123,0.5505715720083189,"EGR2, DBN1, MCTP1, KIT",False
C2_core,GO_BP,GOBP_POSITIVE_REGULATION_OF_OSSIFICATION,Positive regulation of ossification,4,46,806,0.005,0.0031,1.596,0.24048454781572123,0.5505715720083189,"CCN1, VDR, WNT10B, PKDCC",False
C2_core,GO_BP,GOBP_CAMP_MEDIATED_SIGNALING,Camp mediated signaling,4,46,806,0.005,0.0031,1.596,0.24048454781572123,0.5505715720083189,"PDE3A, RASD2, LPAR1, SOX9",False
C2_core,GO_BP,GOBP_REGULATION_OF_BONE_REMODELING,Regulation of bone remodeling,4,46,806,0.005,0.0031,1.596,0.24048454781572123,0.5505715720083189,"GJA1, IL20RA, TNFRSF11B, MDK",False
C2_core,GO_BP,GOBP_B_CELL_DIFFERENTIATION,B cell differentiation,9,125,806,0.0112,0.0084,1.322,0.24153197651339958,0.5526356636529414,"IRF2BP2, ITM2A, CD79A, MMP14, KIT, CLCF1, DLL1, KLF6, BCL2",False
C2_core,GO_BP,GOBP_PROTEOGLYCAN_METABOLIC_PROCESS,Proteoglycan metabolic process,6,77,806,0.0074,0.0052,1.43,0.24190362581080857,0.5531519844279744,"CHST10, HS6ST2, FOXL1, CHST3, B3GAT3, HS3ST1",False
C2_core,GO_BP,GOBP_NEGATIVE_REGULATION_OF_ESTABLISHMENT_OF_PROTEIN_LOCALIZATION,Negative regulation of establishment of protein localization,8,109,806,0.0099,0.0074,1.347,0.24288030634225186,0.5550503502598265,"MIDN, GDI1, GNAZ, RAB11FIP1, PKDCC, ADRA2A, ANGPT1, RAB11FIP5",False
C2_core,GO_BP,GOBP_CELLULAR_RESPONSE_TO_OXIDATIVE_STRESS,Cellular response to oxidative stress,15,225,806,0.0186,0.0152,1.224,0.245840447340035,0.5614764647205501,"AQP1, SOD3, GPX7, MGAT3, PDGFD, GPX8, TRPA1, KLF4, SPHK1, MMP2, KLF2, EDNRA, ZC3H12A, TPM1, FOS",False
C2_core,GO_BP,GOBP_NEUROTRANSMITTER_TRANSPORT,Neurotransmitter transport,12,175,806,0.0149,0.0118,1.259,0.24619934375047095,0.561957417753334,"P2RX1, SYT8, MCTP1, DOC2B, PTPRN2, SV2A, SYT11, SLC6A11, SLC38A1, BRSK1, STX1A, SNPH",False
C2_core,GO_BP,GOBP_POSITIVE_REGULATION_OF_HYDROLASE_ACTIVITY,Positive regulation of hydrolase activity,24,378,806,0.0298,0.0256,1.165,0.24660904487879415,0.5625536851569843,"PPP1R15A, GSN, RHOC, EPHA2, CCL19, THY1, PIN1, BCL2, RGS16, MYC, MCL1, PRSS22, PYCARD, F3, SYDE1, CCL2, APH1B, RGS9, LPAR1, KIT, RGS1, TAX1BP3, CCL21, VSIR",False
C2_core,GO_BP,GOBP_FILOPODIUM_ASSEMBLY,Filopodium assembly,5,62,806,0.0062,0.0042,1.48,0.24811691853256632,0.5653126905110606,"CCL21, EZR, MYO3A, DPYSL3, TGFB3",False
C2_core,GO_BP,GOBP_MAMMARY_GLAND_EPITHELIUM_DEVELOPMENT,Mammary gland epithelium development,5,62,806,0.0062,0.0042,1.48,0.24811691853256632,0.5653126905110606,"DDR1, ZNF703, LBH, EPHA2, VDR",False
C2_core,GO_BP,GOBP_REGULATION_OF_INTRINSIC_APOPTOTIC_SIGNALING_PATHWAY,Regulation of intrinsic apoptotic signaling pathway,11,159,806,0.0136,0.0107,1.27,0.2496284512622737,0.5684147847552614,"PTGS2, MYC, SNAI1, YBX3, MCL1, NCK2, IL20RA, MMP2, PYCARD, BCL2, FZD1",False
C2_core,GO_BP,GOBP_RECEPTOR_INTERNALIZATION,Receptor internalization,8,110,806,0.0099,0.0074,1.335,0.25052715576861667,0.570118554478852,"CD63, RAMP2, EZR, CD9, ENTREP1, LPAR1, ANGPT1, CXCL8",False
C2_core,GO_BP,GOBP_PHENOL_CONTAINING_COMPOUND_METABOLIC_PROCESS,Phenol containing compound metabolic process,7,94,806,0.0087,0.0064,1.367,0.25152619975362384,0.5712280338252583,"TRPC1, HAND2, TGFB2, GCNT4, EDNRA, BCL2, MOXD1",False
C2_core,GO_BP,GOBP_REGULATION_OF_PROTEIN_AUTOPHOSPHORYLATION,Regulation of protein autophosphorylation,3,32,806,0.0037,0.0022,1.721,0.2521677112132255,0.5712280338252583,"PDGFD, VEGFC, PDGFA",False
C2_core,GO_BP,GOBP_MONOCYTE_DIFFERENTIATION,Monocyte differentiation,3,32,806,0.0037,0.0022,1.721,0.2521677112132255,0.5712280338252583,"MYH9, IL34, MYC",False
C2_core,GO_BP,GOBP_POSITIVE_REGULATION_OF_AMINE_TRANSPORT,Positive regulation of amine transport,3,32,806,0.0037,0.0022,1.721,0.2521677112132255,0.5712280338252583,"SLC38A1, STX1A, SLC12A2",False
C2_core,GO_BP,GOBP_MEMBRANE_REPOLARIZATION,Membrane repolarization,4,47,806,0.005,0.0032,1.562,0.25252228995970116,0.5712280338252583,"GJA1, FLNA, CACNA2D1, ATP1B3",False
C2_core,GO_BP,GOBP_CELL_COMMUNICATION_INVOLVED_IN_CARDIAC_CONDUCTION,Cell communication involved in cardiac conduction,4,47,806,0.005,0.0032,1.562,0.25252228995970116,0.5712280338252583,"GJA1, FLNA, CACNA1C, CACNA2D1",False
C2_core,GO_BP,GOBP_RELEASE_OF_CYTOCHROME_C_FROM_MITOCHONDRIA,Release of cytochrome c from mitochondria,4,47,806,0.005,0.0032,1.562,0.25252228995970116,0.5712280338252583,"LMNA, PYCARD, BCL2, MCL1",False
C2_core,GO_BP,GOBP_REGULATION_OF_PLATELET_ACTIVATION,Regulation of platelet activation,4,47,806,0.005,0.0032,1.562,0.25252228995970116,0.5712280338252583,"THBD, CD9, FLNA, PDGFA",False
C2_core,GO_BP,GOBP_NEGATIVE_REGULATION_OF_AXONOGENESIS,Negative regulation of axonogenesis,4,47,806,0.005,0.0032,1.562,0.25252228995970116,0.5712280338252583,"SEMA3G, THY1, GDI1, PLXNA3",False
C2_core,GO_BP,GOBP_REGULATION_OF_CENTROSOME_CYCLE,Regulation of centrosome cycle,4,47,806,0.005,0.0032,1.562,0.25252228995970116,0.5712280338252583,"PPP1R35, PKHD1, C10orf90, CHMP4B",False
C2_core,GO_BP,GOBP_JNK_CASCADE,Jnk cascade,11,160,806,0.0136,0.0108,1.262,0.2559933429886467,0.5727266404419242,"FZD7, CCL21, GSTP1, SH3RF3, CASR, EDA2R, DUSP22, DACT1, CCN2, CCL19, PYCARD",False
C2_core,GO_BP,GOBP_VITAMIN_D_METABOLIC_PROCESS,Vitamin d metabolic process,2,18,806,0.0025,0.0012,2.039,0.2568124998972893,0.5727266404419242,"SNAI1, GFI1",False
C2_core,GO_BP,GOBP_POSITIVE_REGULATION_OF_PROTEIN_LOCALIZATION_TO_CELL_SURFACE,Positive regulation of protein localization to cell surface,2,18,806,0.0025,0.0012,2.039,0.2568124998972893,0.5727266404419242,"GPD1L, MAP1A",False
C2_core,GO_BP,GOBP_RETINAL_GANGLION_CELL_AXON_GUIDANCE,Retinal ganglion cell axon guidance,2,18,806,0.0025,0.0012,2.039,0.2568124998972893,0.5727266404419242,"SLIT2, EFNA5",False
C2_core,GO_BP,GOBP_NITRIC_OXIDE_SYNTHASE_BIOSYNTHETIC_PROCESS,Nitric oxide synthase biosynthetic process,2,18,806,0.0025,0.0012,2.039,0.2568124998972893,0.5727266404419242,"GSTP1, CCL2",False
C2_core,GO_BP,GOBP_REGULATION_OF_MUSCLE_ORGAN_DEVELOPMENT,Regulation of muscle organ development,2,18,806,0.0025,0.0012,2.039,0.2568124998972893,0.5727266404419242,"GJA1, LOX",False
C2_core,GO_BP,GOBP_REGULATION_OF_MITOCHONDRIAL_DEPOLARIZATION,Regulation of mitochondrial depolarization,2,18,806,0.0025,0.0012,2.039,0.2568124998972893,0.5727266404419242,"BCL2, TSPO",False
C2_core,GO_BP,GOBP_SYNAPTIC_VESICLE_PRIMING,Synaptic vesicle priming,2,18,806,0.0025,0.0012,2.039,0.2568124998972893,0.5727266404419242,"SV2A, STX1A",False
C2_core,GO_BP,GOBP_LYSOSOMAL_PROTEIN_CATABOLIC_PROCESS,Lysosomal protein catabolic process,2,18,806,0.0025,0.0012,2.039,0.2568124998972893,0.5727266404419242,"DPP7, MGAT3",False
C2_core,GO_BP,GOBP_OLEFINIC_COMPOUND_BIOSYNTHETIC_PROCESS,Olefinic compound biosynthetic process,2,18,806,0.0025,0.0012,2.039,0.2568124998972893,0.5727266404419242,"DKK3, EGR1",False
C2_core,GO_BP,GOBP_CELLULAR_RESPONSE_TO_ATP,Cellular response to atp,2,18,806,0.0025,0.0012,2.039,0.2568124998972893,0.5727266404419242,"CIB2, PTGS2",False
C2_core,GO_BP,GOBP_LABYRINTHINE_LAYER_BLOOD_VESSEL_DEVELOPMENT,Labyrinthine layer blood vessel development,2,18,806,0.0025,0.0012,2.039,0.2568124998972893,0.5727266404419242,"JUNB, CCN1",False
C2_core,GO_BP,GOBP_REGULATION_OF_CELL_MATURATION,Regulation of cell maturation,2,18,806,0.0025,0.0012,2.039,0.2568124998972893,0.5727266404419242,"SHB, BCL2",False
C2_core,GO_BP,GOBP_NEGATIVE_REGULATION_OF_INTERLEUKIN_12_PRODUCTION,Negative regulation of interleukin 12 production,2,18,806,0.0025,0.0012,2.039,0.2568124998972893,0.5727266404419242,"IRAK3, THBS1",False
C2_core,GO_BP,GOBP_REGULATION_OF_KETONE_BIOSYNTHETIC_PROCESS,Regulation of ketone biosynthetic process,2,18,806,0.0025,0.0012,2.039,0.2568124998972893,0.5727266404419242,"DKK3, EGR1",False
C2_core,GO_BP,GOBP_REGULATION_OF_MONOCYTE_DIFFERENTIATION,Regulation of monocyte differentiation,2,18,806,0.0025,0.0012,2.039,0.2568124998972893,0.5727266404419242,"IL34, MYC",False
C2_core,GO_BP,GOBP_ADENYLATE_CYCLASE_ACTIVATING_ADRENERGIC_RECEPTOR_SIGNALING_PATHWAY,Adenylate cyclase activating adrenergic receptor signaling pathway,2,18,806,0.0025,0.0012,2.039,0.2568124998972893,0.5727266404419242,"ADRA2C, ADRA2A",False
C2_core,GO_BP,GOBP_REGULATION_OF_ENDOTHELIAL_CELL_DEVELOPMENT,Regulation of endothelial cell development,2,18,806,0.0025,0.0012,2.039,0.2568124998972893,0.5727266404419242,"CLDN5, VCL",False
C2_core,GO_BP,GOBP_NEGATIVE_REGULATION_OF_PROTEIN_TYROSINE_KINASE_ACTIVITY,Negative regulation of protein tyrosine kinase activity,2,18,806,0.0025,0.0012,2.039,0.2568124998972893,0.5727266404419242,"DUSP22, HYAL2",False
C2_core,GO_BP,GOBP_T_CELL_CHEMOTAXIS,T cell chemotaxis,2,18,806,0.0025,0.0012,2.039,0.2568124998972893,0.5727266404419242,"CCL21, SLC12A2",False
C2_core,GO_BP,GOBP_REGULATION_OF_CENTRIOLE_REPLICATION,Regulation of centriole replication,2,18,806,0.0025,0.0012,2.039,0.2568124998972893,0.5727266404419242,"PPP1R35, C10orf90",False
C2_core,GO_BP,GOBP_CELLULAR_RESPONSE_TO_VITAMIN_D,Cellular response to vitamin d,2,18,806,0.0025,0.0012,2.039,0.2568124998972893,0.5727266404419242,"VDR, CASR",False
C2_core,GO_BP,GOBP_POSITIVE_REGULATION_OF_ADENYLATE_CYCLASE_ACTIVITY,Positive regulation of adenylate cyclase activity,2,18,806,0.0025,0.0012,2.039,0.2568124998972893,0.5727266404419242,"EDNRA, CACNA1C",False
C2_core,GO_BP,GOBP_RESPONSE_TO_NITRIC_OXIDE,Response to nitric oxide,2,18,806,0.0025,0.0012,2.039,0.2568124998972893,0.5727266404419242,"CCL19, AQP1",False
C2_core,GO_BP,GOBP_REGULATION_OF_STEM_CELL_POPULATION_MAINTENANCE,Regulation of stem cell population maintenance,5,63,806,0.0062,0.0043,1.457,0.2585219664452965,0.5761998416830756,"SAP30, SINHCAF, MYC, LBH, TEAD4",False
C2_core,GO_BP,GOBP_POSITIVE_REGULATION_OF_PROTEIN_LOCALIZATION_TO_MEMBRANE,Positive regulation of protein localization to membrane,7,95,806,0.0087,0.0064,1.352,0.25992770361652884,0.578652214455363,"SLC51B, EZR, ITGA3, EPHA2, NKD2, CLIP3, NLGN2",False
C2_core,GO_BP,GOBP_ICOSANOID_METABOLIC_PROCESS,Icosanoid metabolic process,7,95,806,0.0087,0.0064,1.352,0.25992770361652884,0.578652214455363,"PTGS2, GSTP1, DAGLA, ALOX5AP, ABHD12, GGT5, PYCARD",False
C2_core,GO_BP,GOBP_REGULATION_OF_STRIATED_MUSCLE_CONTRACTION,Regulation of striated muscle contraction,6,79,806,0.0074,0.0053,1.394,0.2603315636617924,0.5792109775188088,"SCN4A, STC1, ADORA1, REM1, CACNA1C, ZC3H12A",False
C2_core,GO_BP,GOBP_REGULATION_OF_LAMELLIPODIUM_ORGANIZATION,Regulation of lamellipodium organization,4,48,806,0.005,0.0032,1.53,0.2646814914726384,0.5868216332298578,"SLIT2, ENPP2, TWF2, EPHA2",False
C2_core,GO_BP,GOBP_RESPONSE_TO_NERVE_GROWTH_FACTOR,Response to nerve growth factor,4,48,806,0.005,0.0032,1.53,0.2646814914726384,0.5868216332298578,"SH3GL2, ARPC3, CSNK1E, STMN2",False
C2_core,GO_BP,GOBP_POSITIVE_REGULATION_OF_DEPHOSPHORYLATION,Positive regulation of dephosphorylation,4,48,806,0.005,0.0032,1.53,0.2646814914726384,0.5868216332298578,"ADORA1, PPP1R15A, PIN1, NCK2",False
C2_core,GO_BP,GOBP_RESPONSE_TO_CATECHOLAMINE,Response to catecholamine,4,48,806,0.005,0.0032,1.53,0.2646814914726384,0.5868216332298578,"FLNA, APLP1, RGS9, RGS4",False
C2_core,GO_BP,GOBP_MAST_CELL_ACTIVATION_INVOLVED_IN_IMMUNE_RESPONSE,Mast cell activation involved in immune response,4,48,806,0.005,0.0032,1.53,0.2646814914726384,0.5868216332298578,"S100A13, FCER1A, GATA2, KIT",False
C2_core,GO_BP,GOBP_LUNG_MORPHOGENESIS,Lung morphogenesis,4,48,806,0.005,0.0032,1.53,0.2646814914726384,0.5868216332298578,"LIF, SPRY1, FGF7, SOX9",False
C2_core,GO_BP,GOBP_CALCIUM_MEDIATED_SIGNALING,Calcium mediated signaling,13,195,806,0.0161,0.0132,1.224,0.26579028944455113,0.588935325558716,"P2RX1, FHL2, MCTP1, RCAN2, CXCR4, TRPA1, REM1, SPHK1, LMCD1, CACNA1C, TRAT1, CXCL8, NFATC4",False
C2_core,GO_BP,GOBP_REGULATION_OF_MEMBRANE_REPOLARIZATION,Regulation of membrane repolarization,3,33,806,0.0037,0.0022,1.669,0.26712001966451404,0.5892930702595005,"GJA1, FLNA, CACNA2D1",False
C2_core,GO_BP,GOBP_NEGATIVE_REGULATION_OF_PROTEIN_LOCALIZATION_TO_MEMBRANE,Negative regulation of protein localization to membrane,3,33,806,0.0037,0.0022,1.669,0.26712001966451404,0.5892930702595005,"GDI1, MRAP2, PKDCC",False
C2_core,GO_BP,GOBP_AMINE_BIOSYNTHETIC_PROCESS,Amine biosynthetic process,3,33,806,0.0037,0.0022,1.669,0.26712001966451404,0.5892930702595005,"HAND2, MOXD1, TGFB2",False
C2_core,GO_BP,GOBP_C21_STEROID_HORMONE_METABOLIC_PROCESS,C21 steroid hormone metabolic process,3,33,806,0.0037,0.0022,1.669,0.26712001966451404,0.5892930702595005,"DKK3, EGR1, TSPO",False
C2_core,GO_BP,GOBP_GRANULOCYTE_DIFFERENTIATION,Granulocyte differentiation,3,33,806,0.0037,0.0022,1.669,0.26712001966451404,0.5892930702595005,"STAT5A, GATA2, TESC",False
C2_core,GO_BP,GOBP_REGULATION_OF_MYOTUBE_DIFFERENTIATION,Regulation of myotube differentiation,3,33,806,0.0037,0.0022,1.669,0.26712001966451404,0.5892930702595005,"MMP14, BHLHE41, BCL2",False
C2_core,GO_BP,GOBP_SUPEROXIDE_ANION_GENERATION,Superoxide anion generation,3,33,806,0.0037,0.0022,1.669,0.26712001966451404,0.5892930702595005,"CYBA, GSTP1, SH3PXD2B",False
C2_core,GO_BP,GOBP_INTRINSIC_APOPTOTIC_SIGNALING_PATHWAY,Intrinsic apoptotic signaling pathway,18,280,806,0.0223,0.0189,1.18,0.267195960598,0.5892930702595005,"HIC1, PPP1R15A, PTGS2, MYC, SNAI1, CRIP1, FZD1, YBX3, MCL1, NCK2, EDA2R, IER3, IL20RA, MMP2, EPHA2, PYCARD, BCL2, NFATC4",False
C2_core,GO_BP,GOBP_OSTEOCLAST_DIFFERENTIATION,Osteoclast differentiation,7,96,806,0.0087,0.0065,1.338,0.2684081290608691,0.5912781401230424,"FSTL3, NEDD9, JUNB, EPHA2, GPC3, TNFRSF11B, FOS",False
C2_core,GO_BP,GOBP_REGULATION_OF_SIGNAL_TRANSDUCTION_BY_P53_CLASS_MEDIATOR,Regulation of signal transduction by p53 class mediator,7,96,806,0.0087,0.0065,1.338,0.2684081290608691,0.5912781401230424,"HIC1, MYC, SNAI1, SOX4, PLK3, ANKRD1, BCL2",False
C2_core,GO_BP,GOBP_L_ALPHA_AMINO_ACID_TRANSMEMBRANE_TRANSPORT,L alpha amino acid transmembrane transport,5,64,806,0.0062,0.0043,1.434,0.2690283078488542,0.5919560153538377,"PRAF2, SLC38A1, SLC7A1, SLC1A5, RGS4",False
C2_core,GO_BP,GOBP_FIBROBLAST_GROWTH_FACTOR_RECEPTOR_SIGNALING_PATHWAY,Fibroblast growth factor receptor signaling pathway,5,64,806,0.0062,0.0043,1.434,0.2690283078488542,0.5919560153538377,"THBS1, FGF7, SPRY1, CCN2, SMOC2",False
C2_core,GO_BP,GOBP_MUSCLE_HYPERTROPHY,Muscle hypertrophy,6,80,806,0.0074,0.0054,1.377,0.2696814736892121,0.5930488124250868,"HAND2, GATA6, LMCD1, CYBA, LMNA, RGS4",False
C2_core,GO_BP,GOBP_NEGATIVE_REGULATION_OF_PROTEOLYSIS,Negative regulation of proteolysis,12,179,806,0.0149,0.0121,1.23,0.27057445001634106,0.5946673962366104,"AQP1, THBS1, SPOCK2, SERPINB9, TIMP2, SERPINH1, MAP1A, KLF4, PLAU, TIMP4, PLAT, TIMP1",False
C2_core,GO_BP,GOBP_RESPONSE_TO_NUTRIENT,Response to nutrient,10,146,806,0.0124,0.0099,1.257,0.2733375633747096,0.6000440484512021,"A2M, SLC6A19, PTGS2, STC1, CASR, TSPO, MAP1B, ITGA2, VDR, TNFRSF11B",False
C2_core,GO_BP,GOBP_REGULATION_OF_MICROTUBULE_CYTOSKELETON_ORGANIZATION,Regulation of microtubule cytoskeleton organization,10,146,806,0.0124,0.0099,1.257,0.2733375633747096,0.6000440484512021,"HAUS7, EFNA5, CHMP4B, MAP1B, STMN3, STMN2, CLIP3, MAP1A, MAP9, HDGFL3",False
C2_core,GO_BP,GOBP_CATECHOLAMINE_TRANSPORT,Catecholamine transport,4,49,806,0.005,0.0033,1.498,0.2769459089162048,0.6010379705476068,"ADRA2C, ADRA2A, SYT11, STX1A",False
C2_core,GO_BP,GOBP_RESPONSE_TO_FATTY_ACID,Response to fatty acid,4,49,806,0.005,0.0033,1.498,0.2769459089162048,0.6010379705476068,"ID3, ZC3H12A, PTGS2, SOX9",False
C2_core,GO_BP,GOBP_SYNAPTIC_VESICLE_LOCALIZATION,Synaptic vesicle localization,4,49,806,0.005,0.0033,1.498,0.2769459089162048,0.6010379705476068,"NLGN2, BRSK1, KIF5C, PCDH17",False
C2_core,GO_BP,GOBP_EPIDERMAL_GROWTH_FACTOR_RECEPTOR_SIGNALING_PATHWAY,Epidermal growth factor receptor signaling pathway,7,97,806,0.0087,0.0066,1.325,0.2769621769223208,0.6010379705476068,"HBEGF, PRICKLE1, SHC1, NCK2, ADRA2A, EFEMP1, SOX9",False
C2_core,GO_BP,GOBP_T_HELPER_17_CELL_LINEAGE_COMMITMENT,T helper 17 cell lineage commitment,2,19,806,0.0025,0.0013,1.932,0.2774387464998058,0.6010379705476068,"BATF, SOCS3",False
C2_core,GO_BP,GOBP_REGULATION_OF_PROTEIN_SUMOYLATION,Regulation of protein sumoylation,2,19,806,0.0025,0.0013,1.932,0.2774387464998058,0.6010379705476068,"RASD2, EGR1",False
C2_core,GO_BP,GOBP_POSITIVE_REGULATION_OF_G_PROTEIN_COUPLED_RECEPTOR_SIGNALING_PATHWAY,Positive regulation of g protein coupled receptor signaling pathway,2,19,806,0.0025,0.0013,1.932,0.2774387464998058,0.6010379705476068,"TMOD2, MRAP2",False
C2_core,GO_BP,GOBP_NEGATIVE_REGULATION_OF_CHONDROCYTE_DIFFERENTIATION,Negative regulation of chondrocyte differentiation,2,19,806,0.0025,0.0013,1.932,0.2774387464998058,0.6010379705476068,"EFEMP1, SOX9",False
C2_core,GO_BP,GOBP_STARTLE_RESPONSE,Startle response,2,19,806,0.0025,0.0013,1.932,0.2774387464998058,0.6010379705476068,"GLRB, TUBA1A",False
C2_core,GO_BP,GOBP_PROTEIN_DNA_COMPLEX_DISASSEMBLY,Protein dna complex disassembly,2,19,806,0.0025,0.0013,1.932,0.2774387464998058,0.6010379705476068,"SMARCD3, MYC",False
C2_core,GO_BP,GOBP_POSITIVE_REGULATION_OF_BLOOD_PRESSURE,Positive regulation of blood pressure,2,19,806,0.0025,0.0013,1.932,0.2774387464998058,0.6010379705476068,"ADORA1, TPM1",False
C2_core,GO_BP,GOBP_REGULATION_OF_CD8_POSITIVE_ALPHA_BETA_T_CELL_ACTIVATION,Regulation of cd8 positive alpha beta t cell activation,2,19,806,0.0025,0.0013,1.932,0.2774387464998058,0.6010379705476068,"VSIR, SOCS1",False
C2_core,GO_BP,GOBP_NEGATIVE_REGULATION_OF_RHO_PROTEIN_SIGNAL_TRANSDUCTION,Negative regulation of rho protein signal transduction,2,19,806,0.0025,0.0013,1.932,0.2774387464998058,0.6010379705476068,"KCTD10, ITGA3",False
C2_core,GO_BP,GOBP_POSITIVE_REGULATION_OF_AMINO_ACID_TRANSPORT,Positive regulation of amino acid transport,2,19,806,0.0025,0.0013,1.932,0.2774387464998058,0.6010379705476068,"SLC38A1, SLC12A2",False
C2_core,GO_BP,GOBP_PROTEIN_LOCALIZATION_TO_CELL_CELL_JUNCTION,Protein localization to cell cell junction,2,19,806,0.0025,0.0013,1.932,0.2774387464998058,0.6010379705476068,"FLNA, VCL",False
C2_core,GO_BP,GOBP_CELLULAR_RESPONSE_TO_PH,Cellular response to ph,2,19,806,0.0025,0.0013,1.932,0.2774387464998058,0.6010379705476068,"GJA1, RAB11FIP5",False
C2_core,GO_BP,GOBP_PYRIMIDINE_NUCLEOBASE_METABOLIC_PROCESS,Pyrimidine nucleobase metabolic process,2,19,806,0.0025,0.0013,1.932,0.2774387464998058,0.6010379705476068,"DPYSL3, CRMP1",False
C2_core,GO_BP,GOBP_CAMP_METABOLIC_PROCESS,Camp metabolic process,2,19,806,0.0025,0.0013,1.932,0.2774387464998058,0.6010379705476068,"ADCY3, EPHA2",False
C2_core,GO_BP,GOBP_POSITIVE_REGULATION_OF_MACROPHAGE_ACTIVATION,Positive regulation of macrophage activation,2,19,806,0.0025,0.0013,1.932,0.2774387464998058,0.6010379705476068,"TNIP2, THBS1",False
C2_core,GO_BP,GOBP_REGULATION_OF_SYNAPSE_MATURATION,Regulation of synapse maturation,2,19,806,0.0025,0.0013,1.932,0.2774387464998058,0.6010379705476068,"CLSTN1, NFATC4",False
C2_core,GO_BP,GOBP_MEMBRANE_DEPOLARIZATION_DURING_CARDIAC_MUSCLE_CELL_ACTION_POTENTIAL,Membrane depolarization during cardiac muscle cell action potential,2,19,806,0.0025,0.0013,1.932,0.2774387464998058,0.6010379705476068,"CACNA1C, CACNA2D1",False
C2_core,GO_BP,GOBP_RETINA_VASCULATURE_DEVELOPMENT_IN_CAMERA_TYPE_EYE,Retina vasculature development in camera type eye,2,19,806,0.0025,0.0013,1.932,0.2774387464998058,0.6010379705476068,"COL4A1, ACVRL1",False
C2_core,GO_BP,GOBP_RESPONSE_TO_IMMOBILIZATION_STRESS,Response to immobilization stress,2,19,806,0.0025,0.0013,1.932,0.2774387464998058,0.6010379705476068,"GLTP, FOS",False
C2_core,GO_BP,GOBP_REGULATION_OF_HEART_RATE,Regulation of heart rate,6,81,806,0.0074,0.0055,1.36,0.27911246625839486,0.6036285015143026,"CACNA2D1, CACNA1C, GPD1L, EDNRA, TPM1, RGS4",False
C2_core,GO_BP,GOBP_CARDIAC_CONDUCTION,Cardiac conduction,6,81,806,0.0074,0.0055,1.36,0.27911246625839486,0.6036285015143026,"SLC4A3, TRPC1, CACNA2D1, FLNA, CACNA1C, GJA1",False
C2_core,GO_BP,GOBP_NEGATIVE_REGULATION_OF_EXTRINSIC_APOPTOTIC_SIGNALING_PATHWAY,Negative regulation of extrinsic apoptotic signaling pathway,6,81,806,0.0074,0.0055,1.36,0.27911246625839486,0.6036285015143026,"THBS1, GSTP1, MCL1, PAK5, LMNA, BCL2",False
C2_core,GO_BP,GOBP_ENERGY_HOMEOSTASIS,Energy homeostasis,5,65,806,0.0062,0.0044,1.412,0.2796256614155551,0.6040488204695201,"SGIP1, METRNL, MRAP2, GDF15, DLL1",False
C2_core,GO_BP,GOBP_ADULT_LOCOMOTORY_BEHAVIOR,Adult locomotory behavior,5,65,806,0.0062,0.0044,1.412,0.2796256614155551,0.6040488204695201,"UCHL1, GLRB, ABHD12, NLGN2, TUBA1A",False
C2_core,GO_BP,GOBP_REGULATION_OF_POSTSYNAPTIC_MEMBRANE_POTENTIAL,Regulation of postsynaptic membrane potential,8,114,806,0.0099,0.0077,1.288,0.28183266656629735,0.6043789307877732,"P2RX1, ADORA1, MPP2, GLRB, HCN1, NLGN2, STX1A, RGS4",False
C2_core,GO_BP,GOBP_APPENDAGE_MORPHOGENESIS,Appendage morphogenesis,8,114,806,0.0099,0.0077,1.288,0.28183266656629735,0.6043789307877732,"HAND2, TGFB2, PRICKLE1, PKDCC, CACNA1C, SOX9, GJA1, GPC3",False
C2_core,GO_BP,GOBP_POSITIVE_REGULATION_OF_GTPASE_ACTIVITY,Positive regulation of gtpase activity,11,164,806,0.0136,0.0111,1.231,0.28198552958620837,0.6043789307877732,"TAX1BP3, RGS1, CCL21, SYDE1, CCL2, RGS9, EPHA2, CCL19, THY1, PIN1, RGS16",False
C2_core,GO_BP,GOBP_NEUTRAL_LIPID_CATABOLIC_PROCESS,Neutral lipid catabolic process,3,34,806,0.0037,0.0023,1.62,0.2821711080927872,0.6043789307877732,"LYPLA2, ABHD12, DAGLA",False
C2_core,GO_BP,GOBP_RESPONSE_TO_TESTOSTERONE,Response to testosterone,3,34,806,0.0037,0.0023,1.62,0.2821711080927872,0.6043789307877732,"THBS1, CA9, TSPO",False
C2_core,GO_BP,GOBP_CELL_VOLUME_HOMEOSTASIS,Cell volume homeostasis,3,34,806,0.0037,0.0023,1.62,0.2821711080927872,0.6043789307877732,"GPRC5B, AQP1, SLC12A2",False
C2_core,GO_BP,GOBP_INTERLEUKIN_17_PRODUCTION,Interleukin 17 production,3,34,806,0.0037,0.0023,1.62,0.2821711080927872,0.6043789307877732,"VSIR, SPHK1, FOXP3",False
C2_core,GO_BP,GOBP_REGULATION_OF_HORMONE_METABOLIC_PROCESS,Regulation of hormone metabolic process,3,34,806,0.0037,0.0023,1.62,0.2821711080927872,0.6043789307877732,"DKK3, GFI1, EGR1",False
C2_core,GO_BP,GOBP_NEGATIVE_REGULATION_OF_CALCIUM_ION_TRANSMEMBRANE_TRANSPORT,Negative regulation of calcium ion transmembrane transport,3,34,806,0.0037,0.0023,1.62,0.2821711080927872,0.6043789307877732,"REM1, ADRA2A, BCL2",False
C2_core,GO_BP,GOBP_POSITIVE_REGULATION_OF_LYMPHOCYTE_MIGRATION,Positive regulation of lymphocyte migration,3,34,806,0.0037,0.0023,1.62,0.2821711080927872,0.6043789307877732,"NEDD9, PYCARD, CCL21",False
C2_core,GO_BP,GOBP_POSITIVE_REGULATION_OF_SMAD_PROTEIN_SIGNAL_TRANSDUCTION,Positive regulation of smad protein signal transduction,3,34,806,0.0037,0.0023,1.62,0.2821711080927872,0.6043789307877732,"TGFB3, TGFB2, ACVRL1",False
C2_core,GO_BP,GOBP_POSITIVE_REGULATION_OF_RHO_PROTEIN_SIGNAL_TRANSDUCTION,Positive regulation of rho protein signal transduction,3,34,806,0.0037,0.0023,1.62,0.2821711080927872,0.6043789307877732,"P2RY10, ARHGEF3, LPAR1",False
C2_core,GO_BP,GOBP_ONE_CARBON_METABOLIC_PROCESS,One carbon metabolic process,3,34,806,0.0037,0.0023,1.62,0.2821711080927872,0.6043789307877732,"CA9, SFXN3, MTHFD2",False
C2_core,GO_BP,GOBP_POSITIVE_REGULATION_OF_VASCULAR_ASSOCIATED_SMOOTH_MUSCLE_CELL_PROLIFERATION,Positive regulation of vascular associated smooth muscle cell proliferation,3,34,806,0.0037,0.0023,1.62,0.2821711080927872,0.6043789307877732,"GJA1, ADAMTS1, MMP2",False
C2_core,GO_BP,GOBP_DOPAMINE_RECEPTOR_SIGNALING_PATHWAY,Dopamine receptor signaling pathway,3,34,806,0.0037,0.0023,1.62,0.2821711080927872,0.6043789307877732,"FLNA, RGS9, RGS4",False
C2_core,GO_BP,GOBP_PROTEIN_MATURATION,Protein maturation,29,474,806,0.036,0.032,1.123,0.284258778007543,0.6085065027517403,"ADAM19, BACE2, GSN, ADAMTS3, NKD2, PLAU, FKBP10, SERPINH1, CRYAB, TMPRSS2, F3, HSPB6, APH1B, HSPB2, FLNA, MMP14, F13A1, TESC, PFDN1, THBS1, VSIR, TSPAN15, SOX4, AEBP1, THBD, MYH9, MBOAT4, HSPA2, PLAT",False
C2_core,GO_BP,GOBP_FERTILIZATION,Fertilization,9,131,806,0.0112,0.0089,1.261,0.28510262550498594,0.609968293641102,"CD9, YBX3, ALDOA, GLRB, MFGE8, MYH9, MST1R, ADCY3, PLAT",False
C2_core,GO_BP,GOBP_PRESYNAPSE_ORGANIZATION,Presynapse organization,4,50,806,0.005,0.0034,1.468,0.28929959675197264,0.617900886185583,"NLGN2, LRFN4, PCDH17, FZD1",False
C2_core,GO_BP,GOBP_GLIAL_CELL_PROLIFERATION,Glial cell proliferation,4,50,806,0.005,0.0034,1.468,0.28929959675197264,0.617900886185583,"VEGFC, SOX4, IL34, TSPO",False
C2_core,GO_BP,GOBP_RECEPTOR_LOCALIZATION_TO_SYNAPSE,Receptor localization to synapse,4,50,806,0.005,0.0034,1.468,0.28929959675197264,0.617900886185583,"KIF5C, CLSTN1, DBN1, DLG3",False
C2_core,GO_BP,GOBP_MULTICELLULAR_ORGANISMAL_LEVEL_CHEMICAL_HOMEOSTASIS,Multicellular organismal level chemical homeostasis,5,66,806,0.0062,0.0045,1.391,0.2903038218540401,0.6196964400027931,"AQP1, LPCAT1, CYBRD1, HAS2, HYAL2",False
C2_core,GO_BP,GOBP_MYELOID_LEUKOCYTE_MEDIATED_IMMUNITY,Myeloid leukocyte mediated immunity,7,99,806,0.0087,0.0067,1.298,0.29426984597671646,0.6252564826421856,"S100A13, CXCL6, FCER1A, SERPINB9, ANXA3, GATA2, KIT",False
C2_core,GO_BP,GOBP_TUMOR_NECROSIS_FACTOR_MEDIATED_SIGNALING_PATHWAY,Tumor necrosis factor mediated signaling pathway,7,99,806,0.0087,0.0067,1.298,0.29426984597671646,0.6252564826421856,"CCDC3, GSTP1, EDA2R, SPHK1, PYCARD, TNFRSF11B, PLVAP",False
C2_core,GO_BP,GOBP_B_CELL_ACTIVATION,B cell activation,15,234,806,0.0186,0.0158,1.177,0.29483866552376475,0.6252564826421856,"TNIP2, CTLA4, TNFRSF21, IRF2BP2, BATF, ITM2A, CD79A, MMP14, FOXP3, KIT, CLCF1, DLL1, KLF6, SHB, BCL2",False
C2_core,GO_BP,GOBP_PROTEIN_HOMOOLIGOMERIZATION,Protein homooligomerization,11,166,806,0.0136,0.0112,1.216,0.29526943338390366,0.6252564826421856,"ATL1, KCNS3, TRPA1, KCTD10, MPP2, ALDOA, HCN1, KCTD17, ALOX5AP, SLC1A5, PYCARD",False
C2_core,GO_BP,GOBP_NEGATIVE_REGULATION_OF_MITOTIC_CELL_CYCLE,Negative regulation of mitotic cell cycle,14,217,806,0.0174,0.0147,1.184,0.2954005041251994,0.6252564826421856,"BTG2, GJC2, CCL2, KLF4, CDKN1C, DACT1, MIIP, BTG1, IER3, PLK3, RGCC, BRSK1, BCL2, FOXC1",False
C2_core,GO_BP,GOBP_STRIATED_MUSCLE_ADAPTATION,Striated muscle adaptation,3,35,806,0.0037,0.0024,1.573,0.2972928759632472,0.6252564826421856,"GSN, LMNA, GATA6",False
C2_core,GO_BP,GOBP_STEROID_HORMONE_BIOSYNTHETIC_PROCESS,Steroid hormone biosynthetic process,3,35,806,0.0037,0.0024,1.573,0.2972928759632472,0.6252564826421856,"DKK3, EGR1, TSPO",False
C2_core,GO_BP,GOBP_AMYLOID_FIBRIL_FORMATION,Amyloid fibril formation,3,35,806,0.0037,0.0024,1.573,0.2972928759632472,0.6252564826421856,"GSN, PFDN1, CRYAB",False
C2_core,GO_BP,GOBP_NEGATIVE_REGULATION_OF_BLOOD_PRESSURE,Negative regulation of blood pressure,3,35,806,0.0037,0.0024,1.573,0.2972928759632472,0.6252564826421856,"IER3, ADORA1, VEGFC",False
C2_core,GO_BP,GOBP_NEGATIVE_REGULATION_OF_TYPE_II_INTERFERON_PRODUCTION,Negative regulation of type ii interferon production,3,35,806,0.0037,0.0024,1.573,0.2972928759632472,0.6252564826421856,"VSIR, ZC3H12A, FOXP3",False
C2_core,GO_BP,GOBP_NUCLEOSIDE_DIPHOSPHATE_METABOLIC_PROCESS,Nucleoside diphosphate metabolic process,8,116,806,0.0099,0.0078,1.266,0.2978587982413417,0.6252564826421856,"PFKP, ENTPD6, GUK1, UCHL1, HKDC1, ALDOA, AK1, IER3",False
C2_core,GO_BP,GOBP_VESICLE_FUSION_TO_PLASMA_MEMBRANE,Vesicle fusion to plasma membrane,2,20,806,0.0025,0.0014,1.835,0.29802613711605486,0.6252564826421856,"DOC2B, STX1A",False
C2_core,GO_BP,GOBP_EPITHELIAL_CELL_MATURATION,Epithelial cell maturation,2,20,806,0.0025,0.0014,1.835,0.29802613711605486,0.6252564826421856,"GJA1, GATA2",False
C2_core,GO_BP,GOBP_NEURON_PROJECTION_EXTENSION_INVOLVED_IN_NEURON_PROJECTION_GUIDANCE,Neuron projection extension involved in neuron projection guidance,2,20,806,0.0025,0.0014,1.835,0.29802613711605486,0.6252564826421856,"SLIT2, PLXNA3",False
C2_core,GO_BP,GOBP_REGULATION_OF_EXECUTION_PHASE_OF_APOPTOSIS,Regulation of execution phase of apoptosis,2,20,806,0.0025,0.0014,1.835,0.29802613711605486,0.6252564826421856,"ZC3H12A, FAP",False
C2_core,GO_BP,GOBP_CELLULAR_RESPONSE_TO_GROWTH_HORMONE_STIMULUS,Cellular response to growth hormone stimulus,2,20,806,0.0025,0.0014,1.835,0.29802613711605486,0.6252564826421856,"GDF15, STAT5A",False
C2_core,GO_BP,GOBP_PODOSOME_ASSEMBLY,Podosome assembly,2,20,806,0.0025,0.0014,1.835,0.29802613711605486,0.6252564826421856,"GSN, SH3PXD2B",False
C2_core,GO_BP,GOBP_NEGATIVE_REGULATION_OF_RECEPTOR_SIGNALING_PATHWAY_VIA_STAT,Negative regulation of receptor signaling pathway via stat,2,20,806,0.0025,0.0014,1.835,0.29802613711605486,0.6252564826421856,"SOCS1, SOCS3",False
C2_core,GO_BP,GOBP_TERTIARY_ALCOHOL_METABOLIC_PROCESS,Tertiary alcohol metabolic process,2,20,806,0.0025,0.0014,1.835,0.29802613711605486,0.6252564826421856,"DKK3, SULT1C4",False
C2_core,GO_BP,GOBP_POSITIVE_REGULATION_OF_SYNCYTIUM_FORMATION_BY_PLASMA_MEMBRANE_FUSION,Positive regulation of syncytium formation by plasma membrane fusion,2,20,806,0.0025,0.0014,1.835,0.29802613711605486,0.6252564826421856,"GDF15, ADGRB1",False
C2_core,GO_BP,GOBP_RESPONSE_TO_MURAMYL_DIPEPTIDE,Response to muramyl dipeptide,2,20,806,0.0025,0.0014,1.835,0.29802613711605486,0.6252564826421856,"JAG1, VIM",False
C2_core,GO_BP,GOBP_PERK_MEDIATED_UNFOLDED_PROTEIN_RESPONSE,Perk mediated unfolded protein response,2,20,806,0.0025,0.0014,1.835,0.29802613711605486,0.6252564826421856,"PPP1R15A, NCK2",False
C2_core,GO_BP,GOBP_CELL_COMMUNICATION_BY_ELECTRICAL_COUPLING_INVOLVED_IN_CARDIAC_CONDUCTION,Cell communication by electrical coupling involved in cardiac conduction,2,20,806,0.0025,0.0014,1.835,0.29802613711605486,0.6252564826421856,"GJA1, CACNA1C",False
C2_core,GO_BP,GOBP_MEGAKARYOCYTE_DEVELOPMENT,Megakaryocyte development,2,20,806,0.0025,0.0014,1.835,0.29802613711605486,0.6252564826421856,"FLNA, KIT",False
C2_core,GO_BP,GOBP_BRANCHING_INVOLVED_IN_SALIVARY_GLAND_MORPHOGENESIS,Branching involved in salivary gland morphogenesis,2,20,806,0.0025,0.0014,1.835,0.29802613711605486,0.6252564826421856,"FGF7, PDGFA",False
C2_core,GO_BP,GOBP_STEROID_HORMONE_SECRETION,Steroid hormone secretion,2,20,806,0.0025,0.0014,1.835,0.29802613711605486,0.6252564826421856,"SELENOM, TSPO",False
C2_core,GO_BP,GOBP_VASCULAR_ASSOCIATED_SMOOTH_MUSCLE_CONTRACTION,Vascular associated smooth muscle contraction,2,20,806,0.0025,0.0014,1.835,0.29802613711605486,0.6252564826421856,"P2RX1, EDNRA",False
C2_core,GO_BP,GOBP_POSITIVE_REGULATION_OF_STRESS_ACTIVATED_PROTEIN_KINASE_SIGNALING_CASCADE,Positive regulation of stress activated protein kinase signaling cascade,2,20,806,0.0025,0.0014,1.835,0.29802613711605486,0.6252564826421856,"IGFBP6, TGFB2",False
C2_core,GO_BP,GOBP_NEGATIVE_REGULATION_OF_CYCLIN_DEPENDENT_PROTEIN_SERINE_THREONINE_KINASE_ACTIVITY,Negative regulation of cyclin dependent protein serine threonine kinase activity,2,20,806,0.0025,0.0014,1.835,0.29802613711605486,0.6252564826421856,"LATS2, CDKN1C",False
C2_core,GO_BP,GOBP_CELLULAR_HYPEROSMOTIC_RESPONSE,Cellular hyperosmotic response,2,20,806,0.0025,0.0014,1.835,0.29802613711605486,0.6252564826421856,"AQP1, YBX3",False
C2_core,GO_BP,GOBP_L_AMINO_ACID_TRANSPORT,L amino acid transport,6,83,806,0.0074,0.0056,1.327,0.2981890905606834,0.6252564826421856,"PRAF2, SLC38A1, SLC7A1, SLC1A5, SFXN3, RGS4",False
C2_core,GO_BP,GOBP_T_CELL_DIFFERENTIATION_IN_THYMUS,T cell differentiation in thymus,6,83,806,0.0074,0.0056,1.327,0.2981890905606834,0.6252564826421856,"GLI2, FOXP3, JAG2, FZD7, BCL2, EGR3",False
C2_core,GO_BP,GOBP_PROTEIN_LOCALIZATION_TO_PLASMA_MEMBRANE,Protein localization to plasma membrane,17,269,806,0.0211,0.0182,1.16,0.29839522776533894,0.625342653762649,"RAMP2, EZR, ATP1B3, ITGA3, TSPAN15, PKDCC, RILPL2, MMP14, FLNA, MRAP2, NKD2, TESC, CLIP3, TPBG, EPHA2, RAB34, TMEM88",False
C2_core,GO_BP,GOBP_REGULATION_OF_PROTEIN_LOCALIZATION_TO_NUCLEUS,Regulation of protein localization to nucleus,9,133,806,0.0112,0.009,1.242,0.30008553609294036,0.6284785780678962,"LATS2, PTGS2, ZC3H12A, FLNA, WWTR1, LMNA, ANGPT1, PIN1, HYAL2",False
C2_core,GO_BP,GOBP_PROTEIN_CONTAINING_COMPLEX_DISASSEMBLY,Protein containing complex disassembly,15,235,806,0.0186,0.0159,1.172,0.30046421799301376,0.6284785780678962,"SMARCD3, CHMP4B, MYC, SH3GL2, IRAK3, GSN, TMOD2, MAP1B, TWF2, STMN3, VILL, STMN2, NES, MAP1A, HDGFL3",False
C2_core,GO_BP,GOBP_PERIPHERAL_NERVOUS_SYSTEM_DEVELOPMENT,Peripheral nervous system development,5,67,806,0.0062,0.0045,1.37,0.3010526838725869,0.6284785780678962,"HAND2, ADGRB1, EGR2, PMP22, EGR3",False
C2_core,GO_BP,GOBP_POSITIVE_REGULATION_OF_CALCIUM_ION_TRANSMEMBRANE_TRANSPORT,Positive regulation of calcium ion transmembrane transport,5,67,806,0.0062,0.0045,1.37,0.3010526838725869,0.6284785780678962,"P2RX1, TRPC1, GJC2, CACNA2D1, THY1",False
C2_core,GO_BP,GOBP_PROTEIN_LOCALIZATION_TO_SYNAPSE,Protein localization to synapse,5,67,806,0.0062,0.0045,1.37,0.3010526838725869,0.6284785780678962,"NLGN2, HOMER1, KIF5C, CLSTN1, MAP1A",False
C2_core,GO_BP,GOBP_POSITIVE_REGULATION_OF_DNA_BIOSYNTHETIC_PROCESS,Positive regulation of dna biosynthetic process,5,67,806,0.0062,0.0045,1.37,0.3010526838725869,0.6284785780678962,"MYC, PARM1, KLF4, RGCC, SMOC2",False
C2_core,GO_BP,GOBP_REGULATION_OF_TISSUE_REMODELING,Regulation of tissue remodeling,5,67,806,0.0062,0.0045,1.37,0.3010526838725869,0.6284785780678962,"HAND2, MDK, GJA1, IL20RA, TNFRSF11B",False
C2_core,GO_BP,GOBP_FIBROBLAST_MIGRATION,Fibroblast migration,4,51,806,0.005,0.0034,1.44,0.30172694663005317,0.629192845779456,"AQP1, THBS1, ARID5B, HYAL2",False
C2_core,GO_BP,GOBP_REGULATION_OF_ACTION_POTENTIAL,Regulation of action potential,4,51,806,0.005,0.0034,1.44,0.30172694663005317,0.629192845779456,"SLC4A3, FLNA, CACNA1C, CACNA2D1",False
C2_core,GO_BP,GOBP_RESPONSE_TO_LIGHT_STIMULUS,Response to light stimulus,17,271,806,0.0211,0.0183,1.151,0.3089594206590051,0.6439203767200057,"MFAP4, AQP1, PLEKHB1, TIMP1, BCL2, MYC, CRIP1, COL6A3, KIT, ATP8A2, RGS9, MMP2, FOS, BRSK1, NFATC4, HYAL2, TUBA1A",False
C2_core,GO_BP,GOBP_LEUKOCYTE_DEGRANULATION,Leukocyte degranulation,5,68,806,0.0062,0.0046,1.35,0.31186226449979987,0.6483599733282138,"S100A13, FCER1A, ANXA3, GATA2, KIT",False
C2_core,GO_BP,GOBP_CENTROSOME_DUPLICATION,Centrosome duplication,5,68,806,0.0062,0.0046,1.35,0.31186226449979987,0.6483599733282138,"CHMP4B, PPP1R35, C10orf90, PKHD1, BRSK1",False
C2_core,GO_BP,GOBP_CARDIAC_MUSCLE_CELL_MEMBRANE_REPOLARIZATION,Cardiac muscle cell membrane repolarization,3,36,806,0.0037,0.0024,1.53,0.31245851446221123,0.6483599733282138,"GJA1, FLNA, CACNA2D1",False
C2_core,GO_BP,GOBP_REGULATION_OF_LAMELLIPODIUM_ASSEMBLY,Regulation of lamellipodium assembly,3,36,806,0.0037,0.0024,1.53,0.31245851446221123,0.6483599733282138,"SLIT2, TWF2, EPHA2",False
C2_core,GO_BP,GOBP_REGULATION_OF_CYCLASE_ACTIVITY,Regulation of cyclase activity,3,36,806,0.0037,0.0024,1.53,0.31245851446221123,0.6483599733282138,"EDNRA, GABBR2, CACNA1C",False
C2_core,GO_BP,GOBP_REGULATION_OF_FIBROBLAST_MIGRATION,Regulation of fibroblast migration,3,36,806,0.0037,0.0024,1.53,0.31245851446221123,0.6483599733282138,"AQP1, THBS1, HYAL2",False
C2_core,GO_BP,GOBP_POSITIVE_REGULATION_OF_REGULATED_SECRETORY_PATHWAY,Positive regulation of regulated secretory pathway,3,36,806,0.0037,0.0024,1.53,0.31245851446221123,0.6483599733282138,"DOC2B, STX1A, GATA2",False
C2_core,GO_BP,GOBP_REGULATION_OF_EXTRINSIC_APOPTOTIC_SIGNALING_PATHWAY_IN_ABSENCE_OF_LIGAND,Regulation of extrinsic apoptotic signaling pathway in absence of ligand,3,36,806,0.0037,0.0024,1.53,0.31245851446221123,0.6483599733282138,"PPP2R1A, BCL2, MCL1",False
C2_core,GO_BP,GOBP_APOPTOTIC_MITOCHONDRIAL_CHANGES,Apoptotic mitochondrial changes,6,85,806,0.0074,0.0057,1.296,0.3175045008650828,0.6527115906733515,"PYCARD, MCL1, IER3, LMNA, BCL2, PIM2",False
C2_core,GO_BP,GOBP_RESPONSE_TO_PLATELET_DERIVED_GROWTH_FACTOR,Response to platelet derived growth factor,2,21,806,0.0025,0.0014,1.748,0.31851774377277037,0.6527115906733515,"PDGFD, HAS2",False
C2_core,GO_BP,GOBP_POSITIVE_REGULATION_OF_LEUKOCYTE_ADHESION_TO_VASCULAR_ENDOTHELIAL_CELL,Positive regulation of leukocyte adhesion to vascular endothelial cell,2,21,806,0.0025,0.0014,1.748,0.31851774377277037,0.6527115906733515,"CHST4, MDK",False
C2_core,GO_BP,GOBP_POSITIVE_REGULATION_OF_HEART_RATE,Positive regulation of heart rate,2,21,806,0.0025,0.0014,1.748,0.31851774377277037,0.6527115906733515,"TPM1, RGS4",False
C2_core,GO_BP,GOBP_POSTSYNAPTIC_DENSITY_ASSEMBLY,Postsynaptic density assembly,2,21,806,0.0025,0.0014,1.748,0.31851774377277037,0.6527115906733515,"NLGN2, LRFN4",False
C2_core,GO_BP,GOBP_PROTEIN_CATABOLIC_PROCESS_IN_THE_VACUOLE,Protein catabolic process in the vacuole,2,21,806,0.0025,0.0014,1.748,0.31851774377277037,0.6527115906733515,"DPP7, MGAT3",False
C2_core,GO_BP,GOBP_EMBRYONIC_HEMOPOIESIS,Embryonic hemopoiesis,2,21,806,0.0025,0.0014,1.748,0.31851774377277037,0.6527115906733515,"GATA2, KIT",False
C2_core,GO_BP,GOBP_CELLULAR_RESPONSE_TO_STEROL,Cellular response to sterol,2,21,806,0.0025,0.0014,1.748,0.31851774377277037,0.6527115906733515,"GRAMD1B, OSBPL7",False
C2_core,GO_BP,GOBP_PINOCYTOSIS,Pinocytosis,2,21,806,0.0025,0.0014,1.748,0.31851774377277037,0.6527115906733515,"PYCARD, RAB34",False
C2_core,GO_BP,GOBP_REGULATION_OF_VENTRICULAR_CARDIAC_MUSCLE_CELL_MEMBRANE_REPOLARIZATION,Regulation of ventricular cardiac muscle cell membrane repolarization,2,21,806,0.0025,0.0014,1.748,0.31851774377277037,0.6527115906733515,"GJA1, CACNA2D1",False
C2_core,GO_BP,GOBP_MUSCLE_HYPERTROPHY_IN_RESPONSE_TO_STRESS,Muscle hypertrophy in response to stress,2,21,806,0.0025,0.0014,1.748,0.31851774377277037,0.6527115906733515,"LMNA, GATA6",False
C2_core,GO_BP,GOBP_NEGATIVE_REGULATION_OF_RAS_PROTEIN_SIGNAL_TRANSDUCTION,Negative regulation of ras protein signal transduction,2,21,806,0.0025,0.0014,1.748,0.31851774377277037,0.6527115906733515,"SPRY1, TGFB2",False
C2_core,GO_BP,GOBP_NEGATIVE_REGULATION_OF_SMOOTH_MUSCLE_CELL_MIGRATION,Negative regulation of smooth muscle cell migration,2,21,806,0.0025,0.0014,1.748,0.31851774377277037,0.6527115906733515,"SLIT2, TPM1",False
C2_core,GO_BP,GOBP_POSITIVE_REGULATION_OF_GLIAL_CELL_PROLIFERATION,Positive regulation of glial cell proliferation,2,21,806,0.0025,0.0014,1.748,0.31851774377277037,0.6527115906733515,"VEGFC, TSPO",False
C2_core,GO_BP,GOBP_POSITIVE_REGULATION_OF_SPROUTING_ANGIOGENESIS,Positive regulation of sprouting angiogenesis,2,21,806,0.0025,0.0014,1.748,0.31851774377277037,0.6527115906733515,"KLF4, DLL1",False
C2_core,GO_BP,GOBP_NEGATIVE_REGULATION_OF_STEM_CELL_POPULATION_MAINTENANCE,Negative regulation of stem cell population maintenance,2,21,806,0.0025,0.0014,1.748,0.31851774377277037,0.6527115906733515,"SAP30, SINHCAF",False
C2_core,GO_BP,GOBP_PEPTIDYL_L_CYSTEINE_S_PALMITOYLATION,Peptidyl l cysteine s palmitoylation,2,21,806,0.0025,0.0014,1.748,0.31851774377277037,0.6527115906733515,"CLIP3, GOLGA7B",False
C2_core,GO_BP,GOBP_NEGATIVE_REGULATION_OF_NUCLEOTIDE_METABOLIC_PROCESS,Negative regulation of nucleotide metabolic process,2,21,806,0.0025,0.0014,1.748,0.31851774377277037,0.6527115906733515,"IER3, TSPO",False
C2_core,GO_BP,GOBP_REGULATION_OF_TRANSLATION_IN_RESPONSE_TO_STRESS,Regulation of translation in response to stress,2,21,806,0.0025,0.0014,1.748,0.31851774377277037,0.6527115906733515,"PPP1R15A, NCK2",False
C2_core,GO_BP,GOBP_3_UTR_MEDIATED_MRNA_STABILIZATION,3 utr mediated mrna stabilization,2,21,806,0.0025,0.0014,1.748,0.31851774377277037,0.6527115906733515,"ZFP36, YBX3",False
C2_core,GO_BP,GOBP_NITRIC_OXIDE_MEDIATED_SIGNAL_TRANSDUCTION,Nitric oxide mediated signal transduction,2,21,806,0.0025,0.0014,1.748,0.31851774377277037,0.6527115906733515,"RASD1, THBS1",False
C2_core,GO_BP,GOBP_SODIUM_ION_IMPORT_ACROSS_PLASMA_MEMBRANE,Sodium ion import across plasma membrane,2,21,806,0.0025,0.0014,1.748,0.31851774377277037,0.6527115906733515,"SLC5A1, SLC12A2",False
C2_core,GO_BP,GOBP_EXCRETION,Excretion,2,21,806,0.0025,0.0014,1.748,0.31851774377277037,0.6527115906733515,"MDK, STC1",False
C2_core,GO_BP,GOBP_POSITIVE_REGULATION_OF_PROTEASOMAL_PROTEIN_CATABOLIC_PROCESS,Positive regulation of proteasomal protein catabolic process,7,102,806,0.0087,0.0069,1.26,0.32065033043826613,0.656726541638157,"OSBPL7, ECSCR, PRICKLE1, SH3RF3, CSNK1E, PLK3, NKD2",False
C2_core,GO_BP,GOBP_NEGATIVE_REGULATION_OF_PROTEIN_LOCALIZATION,Negative regulation of protein localization,12,187,806,0.0149,0.0126,1.178,0.3214447799055521,0.6579979854468595,"LATS2, TAX1BP3, MIDN, GDI1, GNAZ, RAB11FIP1, PKDCC, MRAP2, ADRA2A, MAP1A, ANGPT1, RAB11FIP5",False
C2_core,GO_BP,GOBP_ADULT_BEHAVIOR,Adult behavior,8,119,806,0.0099,0.008,1.234,0.3222711988424737,0.6591550327833819,"HOMER1, FOSB, UCHL1, GLRB, ABHD12, PCDH17, NLGN2, TUBA1A",False
C2_core,GO_BP,GOBP_SMALL_GTPASE_MEDIATED_SIGNAL_TRANSDUCTION,Small gtpase mediated signal transduction,28,466,806,0.0347,0.0315,1.103,0.3223579508439184,0.6591550327833819,"ARHGEF3, TGFB2, ARHGEF25, EPS8L1, CDC42EP1, RND3, STMN3, RHOC, GDI1, SLIT2, KCTD10, EPS8L3, CYTH3, P2RY10, RAB9B, SYDE1, RALGDS, ARHGAP27, ARFGEF3, SPRY1, LPAR1, RAB33A, TAX1BP3, RRAD, ITGA3, CYTH2, ADRA2A, RRAS",False
C2_core,GO_BP,GOBP_POSITIVE_REGULATION_OF_PROTEIN_LOCALIZATION_TO_CELL_PERIPHERY,Positive regulation of protein localization to cell periphery,5,69,806,0.0062,0.0047,1.33,0.32272272378090583,0.6591894341810524,"EZR, ITGA3, NKD2, CLIP3, EPHA2",False
C2_core,GO_BP,GOBP_LYMPHOCYTE_HOMEOSTASIS,Lymphocyte homeostasis,5,69,806,0.0062,0.0047,1.33,0.32272272378090583,0.6591894341810524,"IL2RA, PPP2R1A, CHST3, FOXP3, BCL2",False
C2_core,GO_BP,GOBP_REGULATION_OF_PROTEIN_STABILITY,Regulation of protein stability,18,291,806,0.0223,0.0197,1.135,0.32292975458642315,0.6592569181723907,"TNIP2, PIM2, LMNA, PYCARD, SLC51B, ATP1B3, SOX4, CRYAB, GSN, DACT1, FLNA, TESC, WNT10B, C10orf90, PIN1, BCL2, PARVA, TMEM88",False
C2_core,GO_BP,GOBP_INTRINSIC_APOPTOTIC_SIGNALING_PATHWAY_IN_RESPONSE_TO_OXIDATIVE_STRESS,Intrinsic apoptotic signaling pathway in response to oxidative stress,4,53,806,0.005,0.0036,1.385,0.3267420899998421,0.6642255448560126,"FZD1, BCL2, MMP2, MCL1",False
C2_core,GO_BP,GOBP_NEGATIVE_REGULATION_OF_CANONICAL_NF_KAPPAB_SIGNAL_TRANSDUCTION,Negative regulation of canonical nf kappab signal transduction,4,53,806,0.005,0.0036,1.385,0.3267420899998421,0.6642255448560126,"GSTP1, CARD19, ZC3H12A, PYCARD",False
C2_core,GO_BP,GOBP_AMYLOID_PRECURSOR_PROTEIN_CATABOLIC_PROCESS,Amyloid precursor protein catabolic process,4,53,806,0.005,0.0036,1.385,0.3267420899998421,0.6642255448560126,"ADAM19, APH1B, PIN1, CSNK1E",False
C2_core,GO_BP,GOBP_HORMONE_BIOSYNTHETIC_PROCESS,Hormone biosynthetic process,4,53,806,0.005,0.0036,1.385,0.3267420899998421,0.6642255448560126,"DKK3, GFI1, EGR1, TSPO",False
C2_core,GO_BP,GOBP_CELLULAR_RESPONSE_TO_CORTICOSTEROID_STIMULUS,Cellular response to corticosteroid stimulus,4,53,806,0.005,0.0036,1.385,0.3267420899998421,0.6642255448560126,"ZFP36, ANXA1, AQP1, STC1",False
C2_core,GO_BP,GOBP_MYELOID_CELL_ACTIVATION_INVOLVED_IN_IMMUNE_RESPONSE,Myeloid cell activation involved in immune response,6,86,806,0.0074,0.0058,1.281,0.3272341539175557,0.6642255448560126,"S100A13, FCER1A, ANXA3, GATA2, KIT, PYCARD",False
C2_core,GO_BP,GOBP_REGULATION_OF_ACTIN_FILAMENT_BASED_MOVEMENT,Regulation of actin filament based movement,3,37,806,0.0037,0.0025,1.488,0.3276425292520157,0.6642255448560126,"ADORA1, CACNA1C, STC1",False
C2_core,GO_BP,GOBP_POSITIVE_REGULATION_OF_ATP_DEPENDENT_ACTIVITY,Positive regulation of atp dependent activity,3,37,806,0.0037,0.0025,1.488,0.3276425292520157,0.6642255448560126,"FXYD2, TPM1, ATP1B3",False
C2_core,GO_BP,GOBP_REGULATION_OF_HEMATOPOIETIC_PROGENITOR_CELL_DIFFERENTIATION,Regulation of hematopoietic progenitor cell differentiation,3,37,806,0.0037,0.0025,1.488,0.3276425292520157,0.6642255448560126,"ZFP36, GATA2, FOXC1",False
C2_core,GO_BP,GOBP_RESPONSE_TO_COLD,Response to cold,3,37,806,0.0037,0.0025,1.488,0.3276425292520157,0.6642255448560126,"METRNL, TRPA1, HSPA2",False
C2_core,GO_BP,GOBP_RESPONSE_TO_ELECTRICAL_STIMULUS,Response to electrical stimulus,3,37,806,0.0037,0.0025,1.488,0.3276425292520157,0.6642255448560126,"PRICKLE1, BTG2, MMP2",False
C2_core,GO_BP,GOBP_TYPE_2_IMMUNE_RESPONSE,Type 2 immune response,3,37,806,0.0037,0.0025,1.488,0.3276425292520157,0.6642255448560126,"BATF, ANXA1, FCER1A",False
C2_core,GO_BP,GOBP_REGULATION_OF_OXIDATIVE_STRESS_INDUCED_INTRINSIC_APOPTOTIC_SIGNALING_PATHWAY,Regulation of oxidative stress induced intrinsic apoptotic signaling pathway,3,37,806,0.0037,0.0025,1.488,0.3276425292520157,0.6642255448560126,"MCL1, MMP2, FZD1",False
C2_core,GO_BP,GOBP_REGULATION_OF_NERVOUS_SYSTEM_PROCESS,Regulation of nervous system process,7,103,806,0.0087,0.007,1.247,0.32953431010409395,0.6677034764622524,"EGR2, TNFRSF21, ADORA1, ITGA2, NLGN2, STX1A, RGS4",False
C2_core,GO_BP,GOBP_SENSORY_PERCEPTION_OF_LIGHT_STIMULUS,Sensory perception of light stimulus,10,154,806,0.0124,0.0104,1.192,0.33008008155107904,0.668094780447136,"SFRP5, TACSTD2, MYO3A, GLRB, ATP8A2, RGS9, EFEMP1, USH1C, RGS16, LAMC3",False
C2_core,GO_BP,GOBP_PALLIUM_DEVELOPMENT,Pallium development,10,154,806,0.0124,0.0104,1.192,0.33008008155107904,0.668094780447136,"ZMIZ1, BTG2, ANXA3, SLIT2, ID4, PLXNA3, FLNA, MDK, TACC1, TUBA1A",False
C2_core,GO_BP,GOBP_REGULATION_OF_INSULIN_SECRETION,Regulation of insulin secretion,9,137,806,0.0112,0.0093,1.206,0.33057980819941724,0.6683921522239017,"MIDN, EFNA5, DOC2B, GNAZ, CASR, SOX4, ADRA2A, NLGN2, STX1A",False
C2_core,GO_BP,GOBP_REGULATION_OF_INTRACELLULAR_PROTEIN_TRANSPORT,Regulation of intracellular protein transport,9,137,806,0.0112,0.0093,1.206,0.33057980819941724,0.6683921522239017,"SLC51B, PTPN14, PTGS2, B3GAT3, FLNA, PLK3, ZC3H12A, ANGPT1, HYAL2",False
C2_core,GO_BP,GOBP_NEGATIVE_REGULATION_OF_CATABOLIC_PROCESS,Negative regulation of catabolic process,19,310,806,0.0236,0.021,1.125,0.33098437324532376,0.6688532214541503,"MGAT3, TIMP2, YBX3, TSPO, MAP1A, TIMP4, PIN1, BCL2, TMEM132A, ZFP36, MCL1, ADGRB1, TIMP1, TENT5C, IRAK3, IER3, FLNA, ADORA1, ADRA2A",False
C2_core,GO_BP,GOBP_EXOCYTIC_PROCESS,Exocytic process,5,70,806,0.0062,0.0047,1.311,0.3336243838744965,0.6738287795844707,"P2RX1, DOC2B, SV2A, STX1A, SNPH",False
C2_core,GO_BP,GOBP_LYMPHOCYTE_MIGRATION,Lymphocyte migration,6,87,806,0.0074,0.0059,1.266,0.3370025182076097,0.6766369190968626,"CCL21, CH25H, CCL2, NEDD9, PYCARD, SLC12A2",False
C2_core,GO_BP,GOBP_NEGATIVE_REGULATION_OF_CYTOKINE_PRODUCTION_INVOLVED_IN_INFLAMMATORY_RESPONSE,Negative regulation of cytokine production involved in inflammatory response,2,22,806,0.0025,0.0015,1.669,0.33886294217912233,0.6766369190968626,"PYCARD, ZC3H12A",False
C2_core,GO_BP,GOBP_SKELETAL_MUSCLE_CELL_PROLIFERATION,Skeletal muscle cell proliferation,2,22,806,0.0025,0.0015,1.669,0.33886294217912233,0.6766369190968626,"ANGPT1, FOS",False
C2_core,GO_BP,GOBP_T_HELPER_1_CELL_DIFFERENTIATION,T helper 1 cell differentiation,2,22,806,0.0025,0.0015,1.669,0.33886294217912233,0.6766369190968626,"CCL19, ANXA1",False
C2_core,GO_BP,GOBP_NEGATIVE_REGULATION_OF_AMIDE_METABOLIC_PROCESS,Negative regulation of amide metabolic process,2,22,806,0.0025,0.0015,1.669,0.33886294217912233,0.6766369190968626,"SPHK1, PIN1",False
C2_core,GO_BP,GOBP_MYELIN_ASSEMBLY,Myelin assembly,2,22,806,0.0025,0.0015,1.669,0.33886294217912233,0.6766369190968626,"PMP22, CD9",False
C2_core,GO_BP,GOBP_REGULATION_OF_ACTIVIN_RECEPTOR_SIGNALING_PATHWAY,Regulation of activin receptor signaling pathway,2,22,806,0.0025,0.0015,1.669,0.33886294217912233,0.6766369190968626,"FSTL3, DACT1",False
C2_core,GO_BP,GOBP_NATURAL_KILLER_CELL_DIFFERENTIATION,Natural killer cell differentiation,2,22,806,0.0025,0.0015,1.669,0.33886294217912233,0.6766369190968626,"IL15RA, PRDM1",False
C2_core,GO_BP,GOBP_POSITIVE_REGULATION_OF_TRANSLATIONAL_INITIATION,Positive regulation of translational initiation,2,22,806,0.0025,0.0015,1.669,0.33886294217912233,0.6766369190968626,"HABP4, PPP1R15A",False
C2_core,GO_BP,GOBP_POSITIVE_REGULATION_OF_RECEPTOR_INTERNALIZATION,Positive regulation of receptor internalization,2,22,806,0.0025,0.0015,1.669,0.33886294217912233,0.6766369190968626,"CD63, ANGPT1",False
C2_core,GO_BP,GOBP_NEGATIVE_REGULATION_OF_NON_CANONICAL_NF_KAPPAB_SIGNAL_TRANSDUCTION,Negative regulation of non canonical nf kappab signal transduction,2,22,806,0.0025,0.0015,1.669,0.33886294217912233,0.6766369190968626,"ZC3H12A, TRIM15",False
C2_core,GO_BP,GOBP_POSITIVE_REGULATION_OF_CARDIAC_MUSCLE_CELL_PROLIFERATION,Positive regulation of cardiac muscle cell proliferation,2,22,806,0.0025,0.0015,1.669,0.33886294217912233,0.6766369190968626,"GATA6, GLI1",False
C2_core,GO_BP,GOBP_B_CELL_APOPTOTIC_PROCESS,B cell apoptotic process,2,22,806,0.0025,0.0015,1.669,0.33886294217912233,0.6766369190968626,"TNFRSF21, BCL2",False
C2_core,GO_BP,GOBP_REGULATION_OF_ANOIKIS,Regulation of anoikis,2,22,806,0.0025,0.0015,1.669,0.33886294217912233,0.6766369190968626,"BCL2, MCL1",False
C2_core,GO_BP,GOBP_NEURONAL_STEM_CELL_POPULATION_MAINTENANCE,Neuronal stem cell population maintenance,2,22,806,0.0025,0.0015,1.669,0.33886294217912233,0.6766369190968626,"JAG1, DLL1",False
C2_core,GO_BP,GOBP_REGULATION_OF_PLATELET_DERIVED_GROWTH_FACTOR_RECEPTOR_SIGNALING_PATHWAY,Regulation of platelet derived growth factor receptor signaling pathway,2,22,806,0.0025,0.0015,1.669,0.33886294217912233,0.6766369190968626,"F3, LOX",False
C2_core,GO_BP,GOBP_REGULATION_OF_HETEROTYPIC_CELL_CELL_ADHESION,Regulation of heterotypic cell cell adhesion,2,22,806,0.0025,0.0015,1.669,0.33886294217912233,0.6766369190968626,"KLF4, MYADM",False
C2_core,GO_BP,GOBP_RESPONSE_TO_SALT_STRESS,Response to salt stress,2,22,806,0.0025,0.0015,1.669,0.33886294217912233,0.6766369190968626,"PAPPA2, AQP1",False
C2_core,GO_BP,GOBP_REGULATION_OF_DENDRITE_EXTENSION,Regulation of dendrite extension,2,22,806,0.0025,0.0015,1.669,0.33886294217912233,0.6766369190968626,"CXCR4, CPNE5",False
C2_core,GO_BP,GOBP_POSITIVE_REGULATION_OF_ACTIVATED_T_CELL_PROLIFERATION,Positive regulation of activated t cell proliferation,2,22,806,0.0025,0.0015,1.669,0.33886294217912233,0.6766369190968626,"PYCARD, IL2RA",False
C2_core,GO_BP,GOBP_REGULATION_OF_MUSCLE_HYPERTROPHY,Regulation of muscle hypertrophy,4,54,806,0.005,0.0037,1.36,0.3393006456278805,0.6766369190968626,"LMNA, LMCD1, HAND2, RGS4",False
C2_core,GO_BP,GOBP_ANIMAL_ORGAN_FORMATION,Animal organ formation,4,54,806,0.005,0.0037,1.36,0.3393006456278805,0.6766369190968626,"SMARCD3, HAND2, GATA6, SPRY1",False
C2_core,GO_BP,GOBP_REGULATION_OF_B_CELL_PROLIFERATION,Regulation of b cell proliferation,4,54,806,0.005,0.0037,1.36,0.3393006456278805,0.6766369190968626,"CLCF1, CTLA4, TNFRSF21, BCL2",False
C2_core,GO_BP,GOBP_IRON_ION_TRANSPORT,Iron ion transport,4,54,806,0.005,0.0037,1.36,0.3393006456278805,0.6766369190968626,"SLC22A17, LCN2, CYBRD1, HEPH",False
C2_core,GO_BP,GOBP_ORGANIC_ANION_TRANSPORT,Organic anion transport,23,382,806,0.0285,0.0258,1.105,0.3398884556708772,0.6774525820815117,"SLC4A3, SLC6A11, SLC7A1, SFXN3, ANXA1, RGS4, SLC12A2, GLTP, TRPC4, SLC4A7, SLC51B, CASR, SLCO2A1, SV2A, SLC52A2, GJA1, PRAF2, THBS1, PTGS2, ADORA1, SLC2A3, SLC38A1, SLC1A5",False
C2_core,GO_BP,GOBP_STRIATED_MUSCLE_CELL_APOPTOTIC_PROCESS,Striated muscle cell apoptotic process,3,38,806,0.0037,0.0026,1.449,0.3428207525996691,0.6807902681342485,"GATA6, HAND2, MDK",False
C2_core,GO_BP,GOBP_OLIGODENDROCYTE_DEVELOPMENT,Oligodendrocyte development,3,38,806,0.0037,0.0026,1.449,0.3428207525996691,0.6807902681342485,"ID4, PRDM8, LPAR1",False
C2_core,GO_BP,GOBP_POSTSYNAPTIC_MEMBRANE_ORGANIZATION,Postsynaptic membrane organization,3,38,806,0.0037,0.0026,1.449,0.3428207525996691,0.6807902681342485,"MUSK, GLRB, NLGN2",False
C2_core,GO_BP,GOBP_POSITIVE_REGULATION_OF_INTERLEUKIN_12_PRODUCTION,Positive regulation of interleukin 12 production,3,38,806,0.0037,0.0026,1.449,0.3428207525996691,0.6807902681342485,"CCL19, LTB, MDK",False
C2_core,GO_BP,GOBP_REGULATION_OF_LYASE_ACTIVITY,Regulation of lyase activity,3,38,806,0.0037,0.0026,1.449,0.3428207525996691,0.6807902681342485,"EDNRA, GABBR2, CACNA1C",False
C2_core,GO_BP,GOBP_FEAR_RESPONSE,Fear response,3,38,806,0.0037,0.0026,1.449,0.3428207525996691,0.6807902681342485,"ADRA2A, BCL2, MDK",False
C2_core,GO_BP,GOBP_PYRIMIDINE_CONTAINING_COMPOUND_CATABOLIC_PROCESS,Pyrimidine containing compound catabolic process,3,38,806,0.0037,0.0026,1.449,0.3428207525996691,0.6807902681342485,"DPYSL3, APOBEC3H, CRMP1",False
C2_core,GO_BP,GOBP_POSITIVE_REGULATION_OF_PROTEASOMAL_UBIQUITIN_DEPENDENT_PROTEIN_CATABOLIC_PROCESS,Positive regulation of proteasomal ubiquitin dependent protein catabolic process,5,71,806,0.0062,0.0048,1.293,0.34455774658042165,0.6833175975672023,"PRICKLE1, SH3RF3, CSNK1E, PLK3, NKD2",False
C2_core,GO_BP,GOBP_INTERLEUKIN_8_PRODUCTION,Interleukin 8 production,5,71,806,0.0062,0.0048,1.293,0.34455774658042165,0.6833175975672023,"F3, KLF4, PYCARD, ANXA1, HYAL2",False
C2_core,GO_BP,GOBP_MICROTUBULE_CYTOSKELETON_ORGANIZATION_INVOLVED_IN_MITOSIS,Microtubule cytoskeleton organization involved in mitosis,10,156,806,0.0124,0.0105,1.177,0.34463444944600785,0.6833175975672023,"CHMP4B, PRICKLE1, GPSM1, FLNA, SPRY1, PLK3, GJA1, PKHD1, MAP9, TACC1",False
C2_core,GO_BP,GOBP_ORGANELLE_FUSION,Organelle fusion,9,139,806,0.0112,0.0094,1.188,0.3460371068541896,0.6857398524427428,"STX1A, CHMP4B, DOC2B, MCL1, SPHK1, SYT11, NKD2, ANXA1, RAB34",False
C2_core,GO_BP,GOBP_PHOSPHOLIPASE_C_ACTIVATING_G_PROTEIN_COUPLED_RECEPTOR_SIGNALING_PATHWAY,Phospholipase c activating g protein coupled receptor signaling pathway,6,88,806,0.0074,0.0059,1.251,0.3468027559157311,0.6868978788106143,"HOMER1, CASR, PLCB4, ADRA2A, EDNRA, P2RY10",False
C2_core,GO_BP,GOBP_CELL_SURFACE_RECEPTOR_SIGNALING_PATHWAY_VIA_STAT,Cell surface receptor signaling pathway via stat,8,122,806,0.0099,0.0082,1.204,0.34703147452187805,0.6869917747980125,"IL15RA, SOCS1, CCL2, SOCS3, STAT5A, KIT, CLCF1, LIF",False
C2_core,GO_BP,GOBP_PROTEIN_COMPLEX_OLIGOMERIZATION,Protein complex oligomerization,14,226,806,0.0174,0.0153,1.137,0.349103918374004,0.6903730410851259,"STING1, HOMER1, ATL1, KCNS3, ZC3H12A, TRPA1, KCTD10, MPP2, ALDOA, HCN1, KCTD17, ALOX5AP, SLC1A5, PYCARD",False
C2_core,GO_BP,GOBP_RECEPTOR_MEDIATED_ENDOCYTOSIS,Receptor mediated endocytosis,14,226,806,0.0174,0.0153,1.137,0.349103918374004,0.6903730410851259,"SGIP1, CD63, RAMP2, CCL21, EZR, CD9, ARHGAP27, DLL1, ENTREP1, LPAR1, CCL19, PDLIM7, ANGPT1, CXCL8",False
C2_core,GO_BP,GOBP_CRANIAL_SKELETAL_SYSTEM_DEVELOPMENT,Cranial skeletal system development,4,55,806,0.005,0.0037,1.335,0.3518744371123754,0.6947640657732103,"EDNRA, MMP14, TGFB3, TGFB2",False
C2_core,GO_BP,GOBP_INSULIN_SECRETION_INVOLVED_IN_CELLULAR_RESPONSE_TO_GLUCOSE_STIMULUS,Insulin secretion involved in cellular response to glucose stimulus,4,55,806,0.005,0.0037,1.335,0.3518744371123754,0.6947640657732103,"PTPRN2, ADRA2A, EFNA5, RAB11FIP5",False
C2_core,GO_BP,GOBP_ACTIN_FILAMENT_DEPOLYMERIZATION,Actin filament depolymerization,4,55,806,0.005,0.0037,1.335,0.3518744371123754,0.6947640657732103,"GSN, TMOD2, TWF2, VILL",False
C2_core,GO_BP,GOBP_REGULATION_OF_CYSTEINE_TYPE_ENDOPEPTIDASE_ACTIVITY_INVOLVED_IN_APOPTOTIC_PROCESS,Regulation of cysteine type endopeptidase activity involved in apoptotic process,9,140,806,0.0112,0.0095,1.18,0.3538065007831769,0.6982150163893007,"AQP1, THBS1, F3, MYC, MCL1, GSN, KLF4, PYCARD, BCL2",False
C2_core,GO_BP,GOBP_POSITIVE_REGULATION_OF_PROTEOLYSIS_INVOLVED_IN_PROTEIN_CATABOLIC_PROCESS,Positive regulation of proteolysis involved in protein catabolic process,8,123,806,0.0099,0.0083,1.194,0.3553429016213944,0.6983136632934274,"OSBPL7, ECSCR, PRICKLE1, SH3RF3, CSNK1E, PLK3, NKD2, TGFB1I1",False
C2_core,GO_BP,GOBP_SEGMENTATION,Segmentation,5,72,806,0.0062,0.0049,1.275,0.3555135093346296,0.6983136632934274,"NRARP, MLLT3, DLL1, EGR2, FOXC1",False
C2_core,GO_BP,GOBP_BLASTOCYST_DEVELOPMENT,Blastocyst development,7,106,806,0.0087,0.0072,1.212,0.3563842447557445,0.6983136632934274,"LATS2, ELF3, JUNB, KLF4, STMN3, TM4SF1, TEAD4",False
C2_core,GO_BP,GOBP_IMMUNE_SYSTEM_DEVELOPMENT,Immune system development,11,175,806,0.0136,0.0118,1.154,0.35684168241291553,0.6983136632934274,"HAND2, IL2RA, FOXL1, BATF, IRAK3, LTB, FOXP3, CACNA1C, CLCF1, ICOS, BCL2",False
C2_core,GO_BP,GOBP_RESPONSE_TO_NICOTINE,Response to nicotine,3,39,806,0.0037,0.0026,1.412,0.3579703462001116,0.6983136632934274,"HOMER1, BCL2, MMP2",False
C2_core,GO_BP,GOBP_POSITIVE_REGULATION_OF_ORGAN_GROWTH,Positive regulation of organ growth,3,39,806,0.0037,0.0026,1.412,0.3579703462001116,0.6983136632934274,"GATA6, GLI1, YBX3",False
C2_core,GO_BP,GOBP_PHOTORECEPTOR_CELL_MAINTENANCE,Photoreceptor cell maintenance,3,39,806,0.0037,0.0026,1.412,0.3579703462001116,0.6983136632934274,"USH1C, CIB2, PROM1",False
C2_core,GO_BP,GOBP_POSITIVE_REGULATION_OF_DENDRITIC_SPINE_DEVELOPMENT,Positive regulation of dendritic spine development,3,39,806,0.0037,0.0026,1.412,0.3579703462001116,0.6983136632934274,"NLGN2, DBN1, LPAR1",False
C2_core,GO_BP,GOBP_CALCINEURIN_MEDIATED_SIGNALING,Calcineurin mediated signaling,3,39,806,0.0037,0.0026,1.412,0.3579703462001116,0.6983136632934274,"LMCD1, FHL2, NFATC4",False
C2_core,GO_BP,GOBP_AUDITORY_RECEPTOR_CELL_DEVELOPMENT,Auditory receptor cell development,2,23,806,0.0025,0.0016,1.596,0.35901689524824404,0.6983136632934274,"USH1C, SLC4A7",False
C2_core,GO_BP,GOBP_MULTICELLULAR_ORGANISMAL_LEVEL_IRON_ION_HOMEOSTASIS,Multicellular organismal level iron ion homeostasis,2,23,806,0.0025,0.0016,1.596,0.35901689524824404,0.6983136632934274,"CYBRD1, HYAL2",False
C2_core,GO_BP,GOBP_NEGATIVE_REGULATION_OF_STRIATED_MUSCLE_CELL_APOPTOTIC_PROCESS,Negative regulation of striated muscle cell apoptotic process,2,23,806,0.0025,0.0016,1.596,0.35901689524824404,0.6983136632934274,"HAND2, MDK",False
C2_core,GO_BP,GOBP_MEMBRANE_RAFT_ORGANIZATION,Membrane raft organization,2,23,806,0.0025,0.0016,1.596,0.35901689524824404,0.6983136632934274,"GSN, MYADM",False
C2_core,GO_BP,GOBP_T_HELPER_CELL_LINEAGE_COMMITMENT,T helper cell lineage commitment,2,23,806,0.0025,0.0016,1.596,0.35901689524824404,0.6983136632934274,"BATF, SOCS3",False
C2_core,GO_BP,GOBP_RESPONSE_TO_MUSCLE_ACTIVITY,Response to muscle activity,2,23,806,0.0025,0.0016,1.596,0.35901689524824404,0.6983136632934274,"ITGA2, METRNL",False
C2_core,GO_BP,GOBP_DEOXYRIBONUCLEOSIDE_MONOPHOSPHATE_METABOLIC_PROCESS,Deoxyribonucleoside monophosphate metabolic process,2,23,806,0.0025,0.0016,1.596,0.35901689524824404,0.6983136632934274,"DGUOK, GUK1",False
C2_core,GO_BP,GOBP_MITOCHONDRIAL_DEPOLARIZATION,Mitochondrial depolarization,2,23,806,0.0025,0.0016,1.596,0.35901689524824404,0.6983136632934274,"BCL2, TSPO",False
C2_core,GO_BP,GOBP_PHOSPHATIDYLINOSITOL_MEDIATED_SIGNALING,Phosphatidylinositol mediated signaling,2,23,806,0.0025,0.0016,1.596,0.35901689524824404,0.6983136632934274,"PLCH1, PLCB4",False
C2_core,GO_BP,GOBP_MODULATION_BY_HOST_OF_VIRAL_GENOME_REPLICATION,Modulation by host of viral genome replication,2,23,806,0.0025,0.0016,1.596,0.35901689524824404,0.6983136632934274,"ZC3H12A, APOBEC3H",False
C2_core,GO_BP,GOBP_CHONDROITIN_SULFATE_PROTEOGLYCAN_BIOSYNTHETIC_PROCESS,Chondroitin sulfate proteoglycan biosynthetic process,2,23,806,0.0025,0.0016,1.596,0.35901689524824404,0.6983136632934274,"B3GAT3, CHST3",False
C2_core,GO_BP,GOBP_ACUTE_INFLAMMATORY_RESPONSE_TO_ANTIGENIC_STIMULUS,Acute inflammatory response to antigenic stimulus,2,23,806,0.0025,0.0016,1.596,0.35901689524824404,0.6983136632934274,"A2M, FCER1A",False
C2_core,GO_BP,GOBP_INFLAMMATORY_RESPONSE_TO_WOUNDING,Inflammatory response to wounding,2,23,806,0.0025,0.0016,1.596,0.35901689524824404,0.6983136632934274,"MDK, TIMP1",False
C2_core,GO_BP,GOBP_TYPE_B_PANCREATIC_CELL_DIFFERENTIATION,Type b pancreatic cell differentiation,2,23,806,0.0025,0.0016,1.596,0.35901689524824404,0.6983136632934274,"DLL1, GATA6",False
C2_core,GO_BP,GOBP_NEGATIVE_REGULATION_OF_BIOMINERAL_TISSUE_DEVELOPMENT,Negative regulation of biomineral tissue development,2,23,806,0.0025,0.0016,1.596,0.35901689524824404,0.6983136632934274,"ASPN, SOX9",False
C2_core,GO_BP,GOBP_MUSCLE_CELL_CELLULAR_HOMEOSTASIS,Muscle cell cellular homeostasis,2,23,806,0.0025,0.0016,1.596,0.35901689524824404,0.6983136632934274,"ALDOA, LOX",False
C2_core,GO_BP,GOBP_FIBROBLAST_APOPTOTIC_PROCESS,Fibroblast apoptotic process,2,23,806,0.0025,0.0016,1.596,0.35901689524824404,0.6983136632934274,"BTG1, MYC",False
C2_core,GO_BP,GOBP_MAMMARY_GLAND_EPITHELIAL_CELL_PROLIFERATION,Mammary gland epithelial cell proliferation,2,23,806,0.0025,0.0016,1.596,0.35901689524824404,0.6983136632934274,"ZNF703, EPHA2",False
C2_core,GO_BP,GOBP_PHARYNGEAL_SYSTEM_DEVELOPMENT,Pharyngeal system development,2,23,806,0.0025,0.0016,1.596,0.35901689524824404,0.6983136632934274,"EDNRA, TGFB2",False
C2_core,GO_BP,GOBP_ORGANIC_ACID_TRANSPORT,Organic acid transport,18,298,806,0.0223,0.0201,1.109,0.3599014466151603,0.699342624930268,"PRAF2, THBS1, SLC51B, PTGS2, ADORA1, CASR, ANXA1, SV2A, SLCO2A1, TRPC4, SLC6A11, SLC7A1, SLC38A1, GJA1, SLC1A5, SFXN3, RGS4, SLC12A2",False
C2_core,GO_BP,GOBP_MITOTIC_CELL_CYCLE_PHASE_TRANSITION,Mitotic cell cycle phase transition,24,404,806,0.0298,0.0273,1.09,0.35991504845975786,0.699342624930268,"CDKN2C, ADAMTS1, WNT10B, ANXA1, BCL2, LATS2, GJC2, MYC, CCND3, BRSK1, SMARCD3, CHMP4B, PLK3, CCL2, ID4, KLF4, DACT1, IER3, RGCC, MIIP, HSPA2, NES, USH1C, PIM2",False
C2_core,GO_BP,GOBP_REGULATION_OF_MEMBRANE_POTENTIAL,Regulation of membrane potential,22,369,806,0.0273,0.0249,1.094,0.3618517830457752,0.7027454669197551,"P2RX1, SLC4A3, ATP1B3, KCNS3, TSPO, MPP2, CACNA1C, BCL2, RGS4, SCN4A, GABRB3, HCN1, RNF122, GLRB, FLNA, GJA1, GPD1L, STX1A, ADORA1, CACNA2D1, CACNA1I, NLGN2",False
C2_core,GO_BP,GOBP_CYTOPLASMIC_MICROTUBULE_ORGANIZATION,Cytoplasmic microtubule organization,4,56,806,0.005,0.0038,1.311,0.3644499840072787,0.7067047028677477,"CLIP3, STMN3, EZR, PLK3",False
C2_core,GO_BP,GOBP_MACROMOLECULE_DEACYLATION,Macromolecule deacylation,4,56,806,0.005,0.0038,1.311,0.3644499840072787,0.7067047028677477,"LYPLA2, FLNA, NDN, ABHD12",False
C2_core,GO_BP,GOBP_POSITIVE_REGULATION_OF_NEURON_APOPTOTIC_PROCESS,Positive regulation of neuron apoptotic process,4,56,806,0.005,0.0038,1.311,0.3644499840072787,0.7067047028677477,"MMP2, MCL1, TGFB2, NFATC4",False
C2_core,GO_BP,GOBP_EMBRYONIC_APPENDAGE_MORPHOGENESIS,Embryonic appendage morphogenesis,6,90,806,0.0074,0.0061,1.224,0.3664719870180589,0.7098989564475588,"HAND2, TGFB2, PRICKLE1, CACNA1C, GJA1, GPC3",False
C2_core,GO_BP,GOBP_TRANSITION_METAL_ION_TRANSPORT,Transition metal ion transport,6,90,806,0.0074,0.0061,1.224,0.3664719870180589,0.7098989564475588,"CYBRD1, LCN2, SLC22A17, TMEM163, HEPH, SLC39A13",False
C2_core,GO_BP,GOBP_NEGATIVE_REGULATION_OF_ORGANELLE_ORGANIZATION,Negative regulation of organelle organization,19,317,806,0.0236,0.0214,1.1,0.36708606154365275,0.7107251339749107,"TMSB10, TSPO, GSN, TMOD2, TWF2, SLIT2, KANK3, MAP1B, VILL, LMNA, LIF, HDGFL3, IER3, LPAR1, CLIP3, TACSTD2, MYADM, RHPN1, STMN2",False
C2_core,GO_BP,GOBP_PROTEIN_STABILIZATION,Protein stabilization,12,194,806,0.0149,0.0131,1.135,0.36760670668085177,0.7113696688527822,"TNIP2, TMEM88, ATP1B3, SOX4, CRYAB, FLNA, TESC, WNT10B, C10orf90, PIN1, PARVA, PIM2",False
C2_core,GO_BP,GOBP_REGULATION_OF_SMALL_GTPASE_MEDIATED_SIGNAL_TRANSDUCTION,Regulation of small gtpase mediated signal transduction,17,282,806,0.0211,0.0191,1.106,0.368715037102888,0.7131502172449427,"ARHGEF3, TGFB2, ARHGEF25, EPS8L1, SLIT2, SYDE1, ITGA3, ARHGAP27, KCTD10, ARFGEF3, SPRY1, CYTH2, EPS8L3, STMN3, CYTH3, LPAR1, P2RY10",False
C2_core,GO_BP,GOBP_POSITIVE_REGULATION_OF_INFLAMMATORY_RESPONSE,Positive regulation of inflammatory response,8,125,806,0.0099,0.0084,1.175,0.3720282791972603,0.7164690322704149,"PTGS2, RPS19, GPRC5B, OSMR, ALOX5AP, MDK, PYCARD, HYAL2",False
C2_core,GO_BP,GOBP_LIPID_EXPORT_FROM_CELL,Lipid export from cell,3,40,806,0.0037,0.0027,1.377,0.373069795890316,0.7164690322704149,"SELENOM, PTGS2, TSPO",False
C2_core,GO_BP,GOBP_NEURON_MATURATION,Neuron maturation,3,40,806,0.0037,0.0027,1.377,0.373069795890316,0.7164690322704149,"EDNRA, BCL2, GATA2",False
C2_core,GO_BP,GOBP_NEGATIVE_REGULATION_OF_PEPTIDE_SECRETION,Negative regulation of peptide secretion,3,40,806,0.0037,0.0027,1.377,0.373069795890316,0.7164690322704149,"GNAZ, ADRA2A, MIDN",False
C2_core,GO_BP,GOBP_REGULATION_OF_DEFENSE_RESPONSE_TO_VIRUS_BY_HOST,Regulation of defense response to virus by host,3,40,806,0.0037,0.0027,1.377,0.373069795890316,0.7164690322704149,"PYCARD, STING1, ZC3H12A",False
C2_core,GO_BP,GOBP_PHOSPHOLIPID_DEPHOSPHORYLATION,Phospholipid dephosphorylation,3,40,806,0.0037,0.0027,1.377,0.373069795890316,0.7164690322704149,"SGPP2, PLPP2, PIP4P2",False
C2_core,GO_BP,GOBP_NEGATIVE_REGULATION_OF_MUSCLE_CELL_APOPTOTIC_PROCESS,Negative regulation of muscle cell apoptotic process,3,40,806,0.0037,0.0027,1.377,0.373069795890316,0.7164690322704149,"ZC3H12A, HAND2, MDK",False
C2_core,GO_BP,GOBP_ACTIVIN_RECEPTOR_SIGNALING_PATHWAY,Activin receptor signaling pathway,3,40,806,0.0037,0.0027,1.377,0.373069795890316,0.7164690322704149,"FSTL3, DACT1, ACVRL1",False
C2_core,GO_BP,GOBP_RESPONSE_TO_DSRNA,Response to dsrna,3,40,806,0.0037,0.0027,1.377,0.373069795890316,0.7164690322704149,"IRAK3, RFTN2, STING1",False
C2_core,GO_BP,GOBP_ADAPTIVE_IMMUNE_RESPONSE,Adaptive immune response,24,407,806,0.0298,0.0275,1.082,0.37375162195957706,0.7164690322704149,"CTLA4, SOCS3, VTCN1, TRAT1, CCL19, ANXA1, FCER1A, CD79A, DUSP22, JAG1, PYCARD, BATF, CLEC4D, FOXP3, JAM3, NFKBID, TNFRSF21, PRDM1, C7, JUNB, IGLL5, CLCF1, ZC3H12A, HLA-DOB",False
C2_core,GO_BP,GOBP_REGULATION_OF_PEPTIDE_TRANSPORT,Regulation of peptide transport,10,160,806,0.0124,0.0108,1.147,0.37402850091329615,0.7164690322704149,"MIDN, EFNA5, DOC2B, GNAZ, ADORA1, SOX4, CASR, ADRA2A, NLGN2, STX1A",False
C2_core,GO_BP,GOBP_RESPONSE_TO_CARBOHYDRATE,Response to carbohydrate,12,195,806,0.0149,0.0132,1.13,0.3742831930570023,0.7164690322704149,"THBS1, EFNA5, PTGS2, COL6A3, CASR, SOX4, MAP1B, PTPRN2, ITGA2, EGR1, ADRA2A, RAB11FIP5",False
C2_core,GO_BP,GOBP_CELLULAR_RESPONSE_TO_TOXIC_SUBSTANCE,Cellular response to toxic substance,7,108,806,0.0087,0.0073,1.19,0.3743977576319253,0.7164690322704149,"SOD3, GPX7, PTGS2, GPX8, GSTP1, GPX3, ALOX5AP",False
C2_core,GO_BP,GOBP_NUCLEOSIDE_DIPHOSPHATE_CATABOLIC_PROCESS,Nucleoside diphosphate catabolic process,6,91,806,0.0074,0.0062,1.21,0.3763278211668738,0.7164690322704149,"PFKP, ENTPD6, UCHL1, HKDC1, ALDOA, IER3",False
C2_core,GO_BP,GOBP_RESPONSE_TO_ISCHEMIA,Response to ischemia,4,57,806,0.005,0.0039,1.288,0.3770142934493487,0.7164690322704149,"UCHL1, CASR, BCL2, EGR1",False
C2_core,GO_BP,GOBP_SUPEROXIDE_METABOLIC_PROCESS,Superoxide metabolic process,4,57,806,0.005,0.0039,1.288,0.3770142934493487,0.7164690322704149,"CYBA, GSTP1, SOD3, SH3PXD2B",False
C2_core,GO_BP,GOBP_ADIPOSE_TISSUE_DEVELOPMENT,Adipose tissue development,4,57,806,0.005,0.0039,1.288,0.3770142934493487,0.7164690322704149,"CASR, SELENOM, ARID5B, SH3PXD2B",False
C2_core,GO_BP,GOBP_REGULATION_OF_LYMPHOCYTE_MIGRATION,Regulation of lymphocyte migration,4,57,806,0.005,0.0039,1.288,0.3770142934493487,0.7164690322704149,"CCL21, PYCARD, CCL2, NEDD9",False
C2_core,GO_BP,GOBP_CELL_CYCLE_G2_M_PHASE_TRANSITION,Cell cycle g2 m phase transition,9,143,806,0.0112,0.0097,1.155,0.3772376289198958,0.7164690322704149,"SMARCD3, USH1C, IER3, MIIP, PLK3, NES, WNT10B, BRSK1, HSPA2",False
C2_core,GO_BP,GOBP_POSITIVE_REGULATION_OF_PEPTIDASE_ACTIVITY,Positive regulation of peptidase activity,9,143,806,0.0112,0.0097,1.155,0.3772376289198958,0.7164690322704149,"F3, MYC, VSIR, MCL1, APH1B, GSN, PRSS22, PYCARD, BCL2",False
C2_core,GO_BP,GOBP_VIRAL_PROCESS,Viral process,23,390,806,0.0285,0.0264,1.082,0.37742063607795723,0.7164690322704149,"SLC6A19, GSN, ITGA2, APOBEC3H, SLC7A1, EPHA2, BCL2, HYAL2, ZFP36, TMPRSS2, CHMP4B, CXCR4, CCL2, SLC52A2, ZC3H12A, CXCL8, ITGB5, CLEC5A, CH25H, PTX3, ISG20, SLC1A5, TRIM15",False
C2_core,GO_BP,GOBP_PROTEIN_LOCALIZATION_TO_CELL_PERIPHERY,Protein localization to cell periphery,19,319,806,0.0236,0.0216,1.093,0.3775356233043424,0.7164690322704149,"ATP1B3, CLSTN1, EPHA2, NKD2, TMEM88, PKDCC, RAMP2, EZR, FLNA, MRAP2, MMP14, TESC, CLIP3, RAB34, ITGA3, MYADM, TSPAN15, RILPL2, TPBG",False
C2_core,GO_BP,GOBP_CIRCADIAN_RHYTHM,Circadian rhythm,11,178,806,0.0136,0.012,1.134,0.37781839071320017,0.7164690322704149,"HOMER1, ADORA1, GPR176, CAVIN3, ID4, ID1, ID3, BHLHE41, EGR1, CSNK1E, EGR3",False
C2_core,GO_BP,GOBP_POSITIVE_REGULATION_OF_CYCLASE_ACTIVITY,Positive regulation of cyclase activity,2,24,806,0.0025,0.0016,1.53,0.3789400740749304,0.7164690322704149,"EDNRA, CACNA1C",False
C2_core,GO_BP,GOBP_MEMBRANE_DEPOLARIZATION_DURING_ACTION_POTENTIAL,Membrane depolarization during action potential,2,24,806,0.0025,0.0016,1.53,0.3789400740749304,0.7164690322704149,"CACNA1C, CACNA2D1",False
C2_core,GO_BP,GOBP_REGULATION_OF_SYNCYTIUM_FORMATION_BY_PLASMA_MEMBRANE_FUSION,Regulation of syncytium formation by plasma membrane fusion,2,24,806,0.0025,0.0016,1.53,0.3789400740749304,0.7164690322704149,"GDF15, ADGRB1",False
C2_core,GO_BP,GOBP_NEGATIVE_REGULATION_OF_INTRINSIC_APOPTOTIC_SIGNALING_PATHWAY_IN_RESPONSE_TO_DNA_DAMAGE,Negative regulation of intrinsic apoptotic signaling pathway in response to dna damage,2,24,806,0.0025,0.0016,1.53,0.3789400740749304,0.7164690322704149,"SNAI1, BCL2",False
C2_core,GO_BP,GOBP_PROTEIN_LOCALIZATION_TO_ENDOSOME,Protein localization to endosome,2,24,806,0.0025,0.0016,1.53,0.3789400740749304,0.7164690322704149,"EZR, MGAT3",False
C2_core,GO_BP,GOBP_POSITIVE_REGULATION_OF_OSTEOCLAST_DIFFERENTIATION,Positive regulation of osteoclast differentiation,2,24,806,0.0025,0.0016,1.53,0.3789400740749304,0.7164690322704149,"NEDD9, FOS",False
C2_core,GO_BP,GOBP_GLUTAMATE_SECRETION,Glutamate secretion,2,24,806,0.0025,0.0016,1.53,0.3789400740749304,0.7164690322704149,"GJA1, ADORA1",False
C2_core,GO_BP,GOBP_SYNAPTIC_TRANSMISSION_DOPAMINERGIC,Synaptic transmission dopaminergic,2,24,806,0.0025,0.0016,1.53,0.3789400740749304,0.7164690322704149,"RASD2, PTGS2",False
C2_core,GO_BP,GOBP_LATE_ENDOSOME_TO_VACUOLE_TRANSPORT_VIA_MULTIVESICULAR_BODY_SORTING_PATHWAY,Late endosome to vacuole transport via multivesicular body sorting pathway,2,24,806,0.0025,0.0016,1.53,0.3789400740749304,0.7164690322704149,"TMEM50A, CHMP4B",False
C2_core,GO_BP,GOBP_ENDOPLASMIC_RETICULUM_CALCIUM_ION_HOMEOSTASIS,Endoplasmic reticulum calcium ion homeostasis,2,24,806,0.0025,0.0016,1.53,0.3789400740749304,0.7164690322704149,"KCTD17, BCL2",False
C2_core,GO_BP,GOBP_NEUROTROPHIN_TRK_RECEPTOR_SIGNALING_PATHWAY,Neurotrophin trk receptor signaling pathway,2,24,806,0.0025,0.0016,1.53,0.3789400740749304,0.7164690322704149,"SPRY1, NDN",False
C2_core,GO_BP,GOBP_PROSTAGLANDIN_TRANSPORT,Prostaglandin transport,2,24,806,0.0025,0.0016,1.53,0.3789400740749304,0.7164690322704149,"SLCO2A1, PTGS2",False
C2_core,GO_BP,GOBP_TYPE_B_PANCREATIC_CELL_PROLIFERATION,Type b pancreatic cell proliferation,2,24,806,0.0025,0.0016,1.53,0.3789400740749304,0.7164690322704149,"WDR13, SGPP2",False
C2_core,GO_BP,GOBP_CELL_JUNCTION_DISASSEMBLY,Cell junction disassembly,2,24,806,0.0025,0.0016,1.53,0.3789400740749304,0.7164690322704149,"PRICKLE1, TGFB3",False
C2_core,GO_BP,GOBP_POSITIVE_REGULATION_OF_LYASE_ACTIVITY,Positive regulation of lyase activity,2,24,806,0.0025,0.0016,1.53,0.3789400740749304,0.7164690322704149,"EDNRA, CACNA1C",False
C2_core,GO_BP,GOBP_LIVER_MORPHOGENESIS,Liver morphogenesis,2,24,806,0.0025,0.0016,1.53,0.3789400740749304,0.7164690322704149,"GLI1, MDK",False
C2_core,GO_BP,GOBP_LEUKOTRIENE_METABOLIC_PROCESS,Leukotriene metabolic process,2,24,806,0.0025,0.0016,1.53,0.3789400740749304,0.7164690322704149,"ALOX5AP, GGT5",False
C2_core,GO_BP,GOBP_VITAMIN_BIOSYNTHETIC_PROCESS,Vitamin biosynthetic process,2,24,806,0.0025,0.0016,1.53,0.3789400740749304,0.7164690322704149,"SNAI1, GFI1",False
C2_core,GO_BP,GOBP_ESTABLISHMENT_OR_MAINTENANCE_OF_MONOPOLAR_CELL_POLARITY,Establishment or maintenance of monopolar cell polarity,2,24,806,0.0025,0.0016,1.53,0.3789400740749304,0.7164690322704149,"MAP1B, EZR",False
C2_core,GO_BP,GOBP_CELLULAR_RESPONSE_TO_GAMMA_RADIATION,Cellular response to gamma radiation,2,24,806,0.0025,0.0016,1.53,0.3789400740749304,0.7164690322704149,"EGR1, CRYAB",False
C2_core,GO_BP,GOBP_NEGATIVE_REGULATION_OF_LIPID_TRANSPORT,Negative regulation of lipid transport,2,24,806,0.0025,0.0016,1.53,0.3789400740749304,0.7164690322704149,"THBS1, TSPO",False
C2_core,GO_BP,GOBP_ESTABLISHMENT_OF_MITOCHONDRION_LOCALIZATION_MICROTUBULE_MEDIATED,Establishment of mitochondrion localization microtubule mediated,2,24,806,0.0025,0.0016,1.53,0.3789400740749304,0.7164690322704149,"UCHL1, MAP1B",False
C2_core,GO_BP,GOBP_POSITIVE_REGULATION_OF_INTRACELLULAR_TRANSPORT,Positive regulation of intracellular transport,8,126,806,0.0099,0.0085,1.165,0.38039419424018095,0.7185012970967325,"SLC51B, EZR, PTGS2, B3GAT3, FLNA, PLK3, ZC3H12A, HYAL2",False
C2_core,GO_BP,GOBP_REGULATION_OF_PROTEIN_LOCALIZATION_TO_CELL_PERIPHERY,Regulation of protein localization to cell periphery,8,126,806,0.0099,0.0085,1.165,0.38039419424018095,0.7185012970967325,"EZR, ITGA3, PKDCC, MMP14, MRAP2, EPHA2, NKD2, CLIP3",False
C2_core,GO_BP,GOBP_SIGNAL_TRANSDUCTION_BY_P53_CLASS_MEDIATOR,Signal transduction by p53 class mediator,10,161,806,0.0124,0.0109,1.14,0.38142020740539545,0.7200803018729663,"HIC1, MYC, SNAI1, BATF, SOX4, EDA2R, PLK3, PYCARD, ANKRD1, BCL2",False
C2_core,GO_BP,GOBP_REGULATION_OF_NUCLEOCYTOPLASMIC_TRANSPORT,Regulation of nucleocytoplasmic transport,7,109,806,0.0087,0.0074,1.179,0.38342346507337377,0.7235017475911419,"PTPN14, PTGS2, IER3, FLNA, ZC3H12A, ANGPT1, HYAL2",False
C2_core,GO_BP,GOBP_PRODUCTION_OF_MOLECULAR_MEDIATOR_OF_IMMUNE_RESPONSE,Production of molecular mediator of immune response,12,197,806,0.0149,0.0133,1.118,0.387677066869965,0.7307566262576054,"SEMA7A, TGFB2, BATF, IRAK3, GPRC5B, FOXP3, KIT, CLCF1, PYCARD, ANGPT1, MMP7, TGFB3",False
C2_core,GO_BP,GOBP_PURINE_NUCLEOSIDE_MONOPHOSPHATE_METABOLIC_PROCESS,Purine nucleoside monophosphate metabolic process,3,41,806,0.0037,0.0028,1.343,0.38809889933616404,0.7307566262576054,"DGUOK, AK1, GUK1",False
C2_core,GO_BP,GOBP_REGULATION_OF_TELOMERASE_ACTIVITY,Regulation of telomerase activity,3,41,806,0.0037,0.0028,1.343,0.38809889933616404,0.7307566262576054,"KLF4, PARM1, MYC",False
C2_core,GO_BP,GOBP_CELL_JUNCTION_MAINTENANCE,Cell junction maintenance,3,41,806,0.0037,0.0028,1.343,0.38809889933616404,0.7307566262576054,"NLGN2, MYADM, KIRREL1",False
C2_core,GO_BP,GOBP_HEART_GROWTH,Heart growth,5,75,806,0.0062,0.0051,1.224,0.3884254012358979,0.7307566262576054,"TGFB2, GATA6, GLI1, RGS4, FOXC1",False
C2_core,GO_BP,GOBP_PRODUCTION_OF_MOLECULAR_MEDIATOR_INVOLVED_IN_INFLAMMATORY_RESPONSE,Production of molecular mediator involved in inflammatory response,5,75,806,0.0062,0.0051,1.224,0.3884254012358979,0.7307566262576054,"P2RX1, ZC3H12A, RPS19, ALOX5AP, PYCARD",False
C2_core,GO_BP,GOBP_POSITIVE_REGULATION_OF_PROTEIN_CONTAINING_COMPLEX_ASSEMBLY,Positive regulation of protein containing complex assembly,11,180,806,0.0136,0.0122,1.122,0.3918731712686935,0.7368771443856476,"PYCARD, CCL21, NCK2, CDC42EP1, MAP1B, TPPP3, BAIAP2L2, RHOC, TRABD2A, KIRREL1, WNT10B",False
C2_core,GO_BP,GOBP_REGULATION_OF_DNA_BIOSYNTHETIC_PROCESS,Regulation of dna biosynthetic process,7,110,806,0.0087,0.0074,1.168,0.3924552530843763,0.7376056319130465,"MYC, PARM1, KLF4, RGCC, SMOC2, ANKRD1, PDGFA",False
C2_core,GO_BP,GOBP_MACROPHAGE_ACTIVATION,Macrophage activation,6,93,806,0.0074,0.0063,1.184,0.3960499417357238,0.7417913146355402,"TNIP2, THBS1, CD93, SPHK1, SYT11, ZC3H12A",False
C2_core,GO_BP,GOBP_REGULATION_OF_PRODUCTION_OF_MOLECULAR_MEDIATOR_OF_IMMUNE_RESPONSE,Regulation of production of molecular mediator of immune response,10,163,806,0.0124,0.011,1.126,0.3962362039852036,0.7417913146355402,"SEMA7A, TGFB2, IRAK3, GPRC5B, FOXP3, KIT, CLCF1, PYCARD, ANGPT1, TGFB3",False
C2_core,GO_BP,GOBP_PEPTIDE_BIOSYNTHETIC_PROCESS,Peptide biosynthetic process,2,25,806,0.0025,0.0017,1.468,0.39859781382896803,0.7417913146355402,"MMP7, GGT5",False
C2_core,GO_BP,GOBP_ZINC_ION_TRANSPORT,Zinc ion transport,2,25,806,0.0025,0.0017,1.468,0.39859781382896803,0.7417913146355402,"TMEM163, SLC39A13",False
C2_core,GO_BP,GOBP_CORPUS_CALLOSUM_DEVELOPMENT,Corpus callosum development,2,25,806,0.0025,0.0017,1.468,0.39859781382896803,0.7417913146355402,"PRDM8, LPAR1",False
C2_core,GO_BP,GOBP_REGULATION_OF_OSTEOBLAST_PROLIFERATION,Regulation of osteoblast proliferation,2,25,806,0.0025,0.0017,1.468,0.39859781382896803,0.7417913146355402,"CCN1, BCL2",False
C2_core,GO_BP,GOBP_SYNAPTIC_VESICLE_MEMBRANE_ORGANIZATION,Synaptic vesicle membrane organization,2,25,806,0.0025,0.0017,1.468,0.39859781382896803,0.7417913146355402,"DOC2B, STX1A",False
C2_core,GO_BP,GOBP_POSITIVE_REGULATION_OF_FOCAL_ADHESION_ASSEMBLY,Positive regulation of focal adhesion assembly,2,25,806,0.0025,0.0017,1.468,0.39859781382896803,0.7417913146355402,"THY1, COL16A1",False
C2_core,GO_BP,GOBP_CRANIAL_NERVE_MORPHOGENESIS,Cranial nerve morphogenesis,2,25,806,0.0025,0.0017,1.468,0.39859781382896803,0.7417913146355402,"EGR2, PLXNA3",False
C2_core,GO_BP,GOBP_DEVELOPMENTAL_INDUCTION,Developmental induction,2,25,806,0.0025,0.0017,1.468,0.39859781382896803,0.7417913146355402,"SPRY1, SOX9",False
C2_core,GO_BP,GOBP_VASCULAR_ASSOCIATED_SMOOTH_MUSCLE_CELL_MIGRATION,Vascular associated smooth muscle cell migration,2,25,806,0.0025,0.0017,1.468,0.39859781382896803,0.7417913146355402,"ADAMTS1, TPM1",False
C2_core,GO_BP,GOBP_REPLACEMENT_OSSIFICATION,Replacement ossification,2,25,806,0.0025,0.0017,1.468,0.39859781382896803,0.7417913146355402,"MMP14, FOXC1",False
C2_core,GO_BP,GOBP_REGULATION_OF_CARDIAC_MUSCLE_CELL_ACTION_POTENTIAL,Regulation of cardiac muscle cell action potential,2,25,806,0.0025,0.0017,1.468,0.39859781382896803,0.7417913146355402,"SLC4A3, CACNA1C",False
C2_core,GO_BP,GOBP_ADRENERGIC_RECEPTOR_SIGNALING_PATHWAY,Adrenergic receptor signaling pathway,2,25,806,0.0025,0.0017,1.468,0.39859781382896803,0.7417913146355402,"ADRA2C, ADRA2A",False
C2_core,GO_BP,GOBP_CHONDROCYTE_DEVELOPMENT,Chondrocyte development,2,25,806,0.0025,0.0017,1.468,0.39859781382896803,0.7417913146355402,"SERPINH1, SOX9",False
C2_core,GO_BP,GOBP_RESPONSE_TO_DIETARY_EXCESS,Response to dietary excess,2,25,806,0.0025,0.0017,1.468,0.39859781382896803,0.7417913146355402,"GDF15, SGIP1",False
C2_core,GO_BP,GOBP_REGULATION_OF_T_CELL_DIFFERENTIATION_IN_THYMUS,Regulation of t cell differentiation in thymus,2,25,806,0.0025,0.0017,1.468,0.39859781382896803,0.7417913146355402,"GLI2, EGR3",False
C2_core,GO_BP,GOBP_NEGATIVE_REGULATION_OF_LIPID_CATABOLIC_PROCESS,Negative regulation of lipid catabolic process,2,25,806,0.0025,0.0017,1.468,0.39859781382896803,0.7417913146355402,"ADORA1, ADRA2A",False
C2_core,GO_BP,GOBP_NEGATIVE_REGULATION_OF_INTERLEUKIN_1_BETA_PRODUCTION,Negative regulation of interleukin 1 beta production,2,25,806,0.0025,0.0017,1.468,0.39859781382896803,0.7417913146355402,"GSTP1, ZC3H12A",False
C2_core,GO_BP,GOBP_REGULATION_OF_MEIOTIC_NUCLEAR_DIVISION,Regulation of meiotic nuclear division,2,25,806,0.0025,0.0017,1.468,0.39859781382896803,0.7417913146355402,"PDE3A, LIF",False
C2_core,GO_BP,GOBP_SYNAPTIC_VESICLE_RECYCLING,Synaptic vesicle recycling,5,76,806,0.0062,0.0051,1.208,0.39938212874334345,0.7428860509614768,"SYT8, SH3GL2, SYT11, NLGN2, STX1A",False
C2_core,GO_BP,GOBP_SOMITE_DEVELOPMENT,Somite development,4,59,806,0.005,0.004,1.244,0.4020597409105618,0.7464009594856044,"DLL1, FRZB, FOXC1, NRARP",False
C2_core,GO_BP,GOBP_REGULATION_OF_DEFENSE_RESPONSE_TO_VIRUS,Regulation of defense response to virus,4,59,806,0.005,0.004,1.244,0.4020597409105618,0.7464009594856044,"PYCARD, FOXP3, STING1, ZC3H12A",False
C2_core,GO_BP,GOBP_REGULATION_OF_OSTEOCLAST_DIFFERENTIATION,Regulation of osteoclast differentiation,4,59,806,0.005,0.004,1.244,0.4020597409105618,0.7464009594856044,"FSTL3, NEDD9, TNFRSF11B, FOS",False
C2_core,GO_BP,GOBP_REGULATION_OF_MICROTUBULE_POLYMERIZATION,Regulation of microtubule polymerization,4,59,806,0.005,0.004,1.244,0.4020597409105618,0.7464009594856044,"HAUS7, MAP1B, CLIP3, STMN2",False
C2_core,GO_BP,GOBP_RESPONSE_TO_AMYLOID_BETA,Response to amyloid beta,3,42,806,0.0037,0.0028,1.311,0.4030387476692329,0.7471202617019196,"GJA1, CACNA2D1, MMP2",False
C2_core,GO_BP,GOBP_CELLULAR_RESPONSE_TO_GLUCOSE_STARVATION,Cellular response to glucose starvation,3,42,806,0.0037,0.0028,1.311,0.4030387476692329,0.7471202617019196,"ZC3H12A, NUAK2, BCL2",False
C2_core,GO_BP,GOBP_NEGATIVE_REGULATION_OF_CYSTEINE_TYPE_ENDOPEPTIDASE_ACTIVITY_INVOLVED_IN_APOPTOTIC_PROCESS,Negative regulation of cysteine type endopeptidase activity involved in apoptotic process,3,42,806,0.0037,0.0028,1.311,0.4030387476692329,0.7471202617019196,"KLF4, THBS1, AQP1",False
C2_core,GO_BP,GOBP_INTERLEUKIN_6_PRODUCTION,Interleukin 6 production,8,129,806,0.0099,0.0087,1.138,0.40553757630459375,0.7513847807423499,"ZC3H12A, IRAK3, KLF2, FOXP3, SYT11, CYBA, PYCARD, HYAL2",False
C2_core,GO_BP,GOBP_RESPONSE_TO_HEAT,Response to heat,6,94,806,0.0074,0.0064,1.172,0.40590383323450385,0.7516958084680035,"THBS1, PTGS2, HSPB6, CRYAB, HSPB2, HSPA2",False
C2_core,GO_BP,GOBP_IMMUNE_RESPONSE_REGULATING_CELL_SURFACE_RECEPTOR_SIGNALING_PATHWAY,Immune response regulating cell surface receptor signaling pathway,18,307,806,0.0223,0.0208,1.076,0.40847973096440127,0.7557143721755853,"TNIP2, CTLA4, TNFRSF21, FCER1A, EZR, SHB, ZC3H12A, CD79A, DUSP22, CLEC4D, FOXP3, VTCN1, TRAT1, KIT, CYBA, THY1, NFKBID, BCL2",False
C2_core,GO_BP,GOBP_NON_CANONICAL_NF_KAPPAB_SIGNAL_TRANSDUCTION,Non canonical nf kappab signal transduction,7,112,806,0.0087,0.0076,1.147,0.41051789765929825,0.7557143721755853,"EZR, ZC3H12A, PTP4A3, SPHK1, CCL19, PYCARD, TRIM15",False
C2_core,GO_BP,GOBP_ACIDIC_AMINO_ACID_TRANSPORT,Acidic amino acid transport,4,60,806,0.005,0.0041,1.224,0.4145174328815902,0.7557143721755853,"GJA1, PRAF2, ADORA1, SLC12A2",False
C2_core,GO_BP,GOBP_POSITIVE_REGULATION_OF_PEPTIDYL_SERINE_PHOSPHORYLATION,Positive regulation of peptidyl serine phosphorylation,4,60,806,0.005,0.0041,1.224,0.4145174328815902,0.7557143721755853,"LIF, ANGPT1, BCL2, PTGS2",False
C2_core,GO_BP,GOBP_POSITIVE_REGULATION_OF_NUCLEOCYTOPLASMIC_TRANSPORT,Positive regulation of nucleocytoplasmic transport,4,60,806,0.005,0.0041,1.224,0.4145174328815902,0.7557143721755853,"ZC3H12A, FLNA, HYAL2, PTGS2",False
C2_core,GO_BP,GOBP_REGULATION_OF_BINDING,Regulation of binding,12,201,806,0.0149,0.0136,1.096,0.41457167822084956,0.7557143721755853,"STING1, HAND2, BAMBI, GPSM1, NES, DACT1, MDFI, CLDN5, CSNK1E, HABP4, PIN1, FOXC1",False
C2_core,GO_BP,GOBP_POSITIVE_REGULATION_OF_UBIQUITIN_DEPENDENT_PROTEIN_CATABOLIC_PROCESS,Positive regulation of ubiquitin dependent protein catabolic process,6,95,806,0.0074,0.0064,1.159,0.41574492062447954,0.7557143721755853,"PRICKLE1, SH3RF3, CSNK1E, PLK3, NKD2, TGFB1I1",False
C2_core,GO_BP,GOBP_NEGATIVE_REGULATION_OF_BINDING,Negative regulation of binding,6,95,806,0.0074,0.0064,1.159,0.41574492062447954,0.7557143721755853,"NES, DACT1, MDFI, CSNK1E, HABP4, PIN1",False
C2_core,GO_BP,GOBP_SPHINGOLIPID_METABOLIC_PROCESS,Sphingolipid metabolic process,9,148,806,0.0112,0.01,1.116,0.41650329456841123,0.7557143721755853,"P2RX1, SGPP2, ENPP2, PLPP2, SPHK1, KIT, CCN1, ITGB8, ELOVL7",False
C2_core,GO_BP,GOBP_RESPONSE_TO_COCAINE,Response to cocaine,3,43,806,0.0037,0.0029,1.281,0.4178717019546092,0.7557143721755853,"FOSB, HOMER1, RGS4",False
C2_core,GO_BP,GOBP_REGULATION_OF_RAS_PROTEIN_SIGNAL_TRANSDUCTION,Regulation of ras protein signal transduction,3,43,806,0.0037,0.0029,1.281,0.4178717019546092,0.7557143721755853,"SYDE1, TGFB2, SPRY1",False
C2_core,GO_BP,GOBP_POSITIVE_REGULATION_OF_TYROSINE_PHOSPHORYLATION_OF_STAT_PROTEIN,Positive regulation of tyrosine phosphorylation of stat protein,3,43,806,0.0037,0.0029,1.281,0.4178717019546092,0.7557143721755853,"CLCF1, LIF, KIT",False
C2_core,GO_BP,GOBP_CORTICAL_ACTIN_CYTOSKELETON_ORGANIZATION,Cortical actin cytoskeleton organization,3,43,806,0.0037,0.0029,1.281,0.4178717019546092,0.7557143721755853,"CAVIN3, FHOD3, EZR",False
C2_core,GO_BP,GOBP_CELLULAR_DEFENSE_RESPONSE,Cellular defense response,3,43,806,0.0037,0.0029,1.281,0.4178717019546092,0.7557143721755853,"CLEC5A, DCDC2, TRAT1",False
C2_core,GO_BP,GOBP_TOOTH_MINERALIZATION,Tooth mineralization,2,26,806,0.0025,0.0018,1.412,0.4179599021886754,0.7557143721755853,"ASPN, WLS",False
C2_core,GO_BP,GOBP_C4_DICARBOXYLATE_TRANSPORT,C4 dicarboxylate transport,2,26,806,0.0025,0.0018,1.412,0.4179599021886754,0.7557143721755853,"SLC1A5, SLC12A2",False
C2_core,GO_BP,GOBP_MEMBRANE_REPOLARIZATION_DURING_ACTION_POTENTIAL,Membrane repolarization during action potential,2,26,806,0.0025,0.0018,1.412,0.4179599021886754,0.7557143721755853,"FLNA, CACNA2D1",False
C2_core,GO_BP,GOBP_CELLULAR_RESPONSE_TO_VITAMIN,Cellular response to vitamin,2,26,806,0.0025,0.0018,1.412,0.4179599021886754,0.7557143721755853,"VDR, CASR",False
C2_core,GO_BP,GOBP_NEGATIVE_REGULATION_OF_DNA_BINDING,Negative regulation of dna binding,2,26,806,0.0025,0.0018,1.412,0.4179599021886754,0.7557143721755853,"HABP4, MDFI",False
C2_core,GO_BP,GOBP_RESPONSE_TO_IRON_ION,Response to iron ion,2,26,806,0.0025,0.0018,1.412,0.4179599021886754,0.7557143721755853,"CYBRD1, BCL2",False
C2_core,GO_BP,GOBP_NEGATIVE_REGULATION_OF_SIGNAL_TRANSDUCTION_IN_ABSENCE_OF_LIGAND,Negative regulation of signal transduction in absence of ligand,2,26,806,0.0025,0.0018,1.412,0.4179599021886754,0.7557143721755853,"BCL2, MCL1",False
C2_core,GO_BP,GOBP_ENTEROENDOCRINE_CELL_DIFFERENTIATION,Enteroendocrine cell differentiation,2,26,806,0.0025,0.0018,1.412,0.4179599021886754,0.7557143721755853,"DLL1, GATA6",False
C2_core,GO_BP,GOBP_VENTRICULAR_CARDIAC_MUSCLE_CELL_MEMBRANE_REPOLARIZATION,Ventricular cardiac muscle cell membrane repolarization,2,26,806,0.0025,0.0018,1.412,0.4179599021886754,0.7557143721755853,"GJA1, CACNA2D1",False
C2_core,GO_BP,GOBP_GLUTAMINE_METABOLIC_PROCESS,Glutamine metabolic process,2,26,806,0.0025,0.0018,1.412,0.4179599021886754,0.7557143721755853,"SLC38A1, GFPT2",False
C2_core,GO_BP,GOBP_POSTSYNAPTIC_SPECIALIZATION_ASSEMBLY,Postsynaptic specialization assembly,2,26,806,0.0025,0.0018,1.412,0.4179599021886754,0.7557143721755853,"NLGN2, LRFN4",False
C2_core,GO_BP,GOBP_MYELOID_CELL_HOMEOSTASIS,Myeloid cell homeostasis,10,166,806,0.0124,0.0112,1.106,0.4185012405878654,0.7557143721755853,"ZFP36, RPS19, GCNT4, JAM3, FOXP3, GATA2, KIT, KLF2, SLC1A5, ANXA1",False
C2_core,GO_BP,GOBP_REGULATION_OF_PROTEIN_BINDING,Regulation of protein binding,7,113,806,0.0087,0.0076,1.137,0.4195393890060656,0.7557143721755853,"STING1, BAMBI, DACT1, CLDN5, CSNK1E, NES, PIN1",False
C2_core,GO_BP,GOBP_B_CELL_ACTIVATION_INVOLVED_IN_IMMUNE_RESPONSE,B cell activation involved in immune response,5,78,806,0.0062,0.0053,1.177,0.42122554947000285,0.7557143721755853,"BATF, ITM2A, FOXP3, CLCF1, DLL1",False
C2_core,GO_BP,GOBP_REGULATION_OF_RECEPTOR_MEDIATED_ENDOCYTOSIS,Regulation of receptor mediated endocytosis,6,96,806,0.0074,0.0065,1.147,0.4255673733953871,0.7557143721755853,"SGIP1, CD63, CCL21, LPAR1, CCL19, ANGPT1",False
C2_core,GO_BP,GOBP_NEGATIVE_REGULATION_OF_MONOATOMIC_ION_TRANSPORT,Negative regulation of monoatomic ion transport,6,96,806,0.0074,0.0065,1.147,0.4255673733953871,0.7557143721755853,"PTGS2, STC1, REM1, ADRA2A, BCL2, RGS4",False
C2_core,GO_BP,GOBP_MAST_CELL_ACTIVATION,Mast cell activation,4,61,806,0.005,0.0041,1.204,0.4269170074095611,0.7557143721755853,"S100A13, FCER1A, GATA2, KIT",False
C2_core,GO_BP,GOBP_SENSORY_PERCEPTION_OF_CHEMICAL_STIMULUS,Sensory perception of chemical stimulus,4,61,806,0.005,0.0041,1.204,0.4269170074095611,0.7557143721755853,"WNT10B, ADCY3, TRPA1, OR51E1",False
C2_core,GO_BP,GOBP_SPECIFICATION_OF_SYMMETRY,Specification of symmetry,7,114,806,0.0087,0.0077,1.127,0.42854824000679764,0.7557143721755853,"HAND2, DLL1, VANGL2, GJA1, DNAH5, SOX18, BICC1",False
C2_core,GO_BP,GOBP_REGULATION_OF_PROTEIN_GLYCOSYLATION,Regulation of protein glycosylation,1,10,806,0.0012,0.0007,1.835,0.42901599750585484,0.7557143721755853,SLC51B,False
C2_core,GO_BP,GOBP_NEGATIVE_REGULATION_OF_PLATELET_AGGREGATION,Negative regulation of platelet aggregation,1,10,806,0.0012,0.0007,1.835,0.42901599750585484,0.7557143721755853,CD9,False
C2_core,GO_BP,GOBP_REGULATION_OF_CARDIAC_MUSCLE_ADAPTATION,Regulation of cardiac muscle adaptation,1,10,806,0.0012,0.0007,1.835,0.42901599750585484,0.7557143721755853,LMNA,False
C2_core,GO_BP,GOBP_REGULATION_OF_TOLL_LIKE_RECEPTOR_2_SIGNALING_PATHWAY,Regulation of toll like receptor 2 signaling pathway,1,10,806,0.0012,0.0007,1.835,0.42901599750585484,0.7557143721755853,CYBA,False
C2_core,GO_BP,GOBP_ZINC_ION_IMPORT_INTO_ORGANELLE,Zinc ion import into organelle,1,10,806,0.0012,0.0007,1.835,0.42901599750585484,0.7557143721755853,TMEM163,False
C2_core,GO_BP,GOBP_NEGATIVE_REGULATION_OF_MOTOR_NEURON_APOPTOTIC_PROCESS,Negative regulation of motor neuron apoptotic process,1,10,806,0.0012,0.0007,1.835,0.42901599750585484,0.7557143721755853,BCL2,False
C2_core,GO_BP,GOBP_ETHANOL_METABOLIC_PROCESS,Ethanol metabolic process,1,10,806,0.0012,0.0007,1.835,0.42901599750585484,0.7557143721755853,SULT1C4,False
C2_core,GO_BP,GOBP_EYELID_DEVELOPMENT_IN_CAMERA_TYPE_EYE,Eyelid development in camera type eye,1,10,806,0.0012,0.0007,1.835,0.42901599750585484,0.7557143721755853,PRICKLE1,False
C2_core,GO_BP,GOBP_CEREBELLAR_GRANULAR_LAYER_DEVELOPMENT,Cerebellar granular layer development,1,10,806,0.0012,0.0007,1.835,0.42901599750585484,0.7557143721755853,MDK,False
C2_core,GO_BP,GOBP_PRO_B_CELL_DIFFERENTIATION,Pro b cell differentiation,1,10,806,0.0012,0.0007,1.835,0.42901599750585484,0.7557143721755853,SOX4,False
C2_core,GO_BP,GOBP_REGULATION_OF_PROTEIN_DEUBIQUITINATION,Regulation of protein deubiquitination,1,10,806,0.0012,0.0007,1.835,0.42901599750585484,0.7557143721755853,ZC3H12A,False
C2_core,GO_BP,GOBP_POSITIVE_REGULATION_OF_CATECHOLAMINE_SECRETION,Positive regulation of catecholamine secretion,1,10,806,0.0012,0.0007,1.835,0.42901599750585484,0.7557143721755853,STX1A,False
C2_core,GO_BP,GOBP_CENTROMERIC_SISTER_CHROMATID_COHESION,Centromeric sister chromatid cohesion,1,10,806,0.0012,0.0007,1.835,0.42901599750585484,0.7557143721755853,PPP2R1A,False
C2_core,GO_BP,GOBP_REGULATION_OF_CYSTEINE_TYPE_ENDOPEPTIDASE_ACTIVITY_INVOLVED_IN_APOPTOTIC_SIGNALING_PATHWAY,Regulation of cysteine type endopeptidase activity involved in apoptotic signaling pathway,1,10,806,0.0012,0.0007,1.835,0.42901599750585484,0.7557143721755853,GSN,False
C2_core,GO_BP,GOBP_L_ASPARTATE_TRANSMEMBRANE_TRANSPORT,L aspartate transmembrane transport,1,10,806,0.0012,0.0007,1.835,0.42901599750585484,0.7557143721755853,SLC1A5,False
C2_core,GO_BP,GOBP_POSITIVE_REGULATION_OF_MAST_CELL_DEGRANULATION,Positive regulation of mast cell degranulation,1,10,806,0.0012,0.0007,1.835,0.42901599750585484,0.7557143721755853,GATA2,False
C2_core,GO_BP,GOBP_POSITIVE_REGULATION_OF_MEMBRANE_DEPOLARIZATION,Positive regulation of membrane depolarization,1,10,806,0.0012,0.0007,1.835,0.42901599750585484,0.7557143721755853,TSPO,False
C2_core,GO_BP,GOBP_AV_NODE_CELL_TO_BUNDLE_OF_HIS_CELL_COMMUNICATION,Av node cell to bundle of his cell communication,1,10,806,0.0012,0.0007,1.835,0.42901599750585484,0.7557143721755853,CACNA1C,False
C2_core,GO_BP,GOBP_POLYKETIDE_METABOLIC_PROCESS,Polyketide metabolic process,1,10,806,0.0012,0.0007,1.835,0.42901599750585484,0.7557143721755853,SULT1C4,False
C2_core,GO_BP,GOBP_POSITIVE_REGULATION_OF_DIGESTIVE_SYSTEM_PROCESS,Positive regulation of digestive system process,1,10,806,0.0012,0.0007,1.835,0.42901599750585484,0.7557143721755853,AQP1,False
C2_core,GO_BP,GOBP_GROWTH_HORMONE_RECEPTOR_SIGNALING_PATHWAY_VIA_JAK_STAT,Growth hormone receptor signaling pathway via jak stat,1,10,806,0.0012,0.0007,1.835,0.42901599750585484,0.7557143721755853,STAT5A,False
C2_core,GO_BP,GOBP_REGULATION_OF_LONG_TERM_SYNAPTIC_DEPRESSION,Regulation of long term synaptic depression,1,10,806,0.0012,0.0007,1.835,0.42901599750585484,0.7557143721755853,ADORA1,False
C2_core,GO_BP,GOBP_POSITIVE_REGULATION_OF_MONOCYTE_DIFFERENTIATION,Positive regulation of monocyte differentiation,1,10,806,0.0012,0.0007,1.835,0.42901599750585484,0.7557143721755853,IL34,False
C2_core,GO_BP,GOBP_REGULATION_OF_SKELETAL_MUSCLE_SATELLITE_CELL_PROLIFERATION,Regulation of skeletal muscle satellite cell proliferation,1,10,806,0.0012,0.0007,1.835,0.42901599750585484,0.7557143721755853,ANGPT1,False
C2_core,GO_BP,GOBP_TRIPEPTIDE_TRANSMEMBRANE_TRANSPORT,Tripeptide transmembrane transport,1,10,806,0.0012,0.0007,1.835,0.42901599750585484,0.7557143721755853,GJA1,False
C2_core,GO_BP,GOBP_DORSAL_AORTA_DEVELOPMENT,Dorsal aorta development,1,10,806,0.0012,0.0007,1.835,0.42901599750585484,0.7557143721755853,ACVRL1,False
C2_core,GO_BP,GOBP_POSITIVE_REGULATION_OF_LEUKOCYTE_TETHERING_OR_ROLLING,Positive regulation of leukocyte tethering or rolling,1,10,806,0.0012,0.0007,1.835,0.42901599750585484,0.7557143721755853,CHST4,False
C2_core,GO_BP,GOBP_POSITIVE_REGULATION_OF_EXTRINSIC_APOPTOTIC_SIGNALING_PATHWAY_VIA_DEATH_DOMAIN_RECEPTORS,Positive regulation of extrinsic apoptotic signaling pathway via death domain receptors,1,10,806,0.0012,0.0007,1.835,0.42901599750585484,0.7557143721755853,THBS1,False
C2_core,GO_BP,GOBP_LONG_CHAIN_FATTY_ACID_IMPORT_ACROSS_PLASMA_MEMBRANE,Long chain fatty acid import across plasma membrane,1,10,806,0.0012,0.0007,1.835,0.42901599750585484,0.7557143721755853,THBS1,False
C2_core,GO_BP,GOBP_NEGATIVE_REGULATION_OF_CYTOSOLIC_CALCIUM_ION_CONCENTRATION,Negative regulation of cytosolic calcium ion concentration,1,10,806,0.0012,0.0007,1.835,0.42901599750585484,0.7557143721755853,BCL2,False
C2_core,GO_BP,GOBP_REGULATION_OF_VITAMIN_D_RECEPTOR_SIGNALING_PATHWAY,Regulation of vitamin d receptor signaling pathway,1,10,806,0.0012,0.0007,1.835,0.42901599750585484,0.7557143721755853,VDR,False
C2_core,GO_BP,GOBP_CORTISOL_METABOLIC_PROCESS,Cortisol metabolic process,1,10,806,0.0012,0.0007,1.835,0.42901599750585484,0.7557143721755853,DKK3,False
C2_core,GO_BP,GOBP_NEGATIVE_REGULATION_OF_RESPONSE_TO_OXIDATIVE_STRESS,Negative regulation of response to oxidative stress,1,10,806,0.0012,0.0007,1.835,0.42901599750585484,0.7557143721755853,MCTP1,False
C2_core,GO_BP,GOBP_POSITIVE_REGULATION_OF_CELL_CELL_ADHESION_MEDIATED_BY_CADHERIN,Positive regulation of cell cell adhesion mediated by cadherin,1,10,806,0.0012,0.0007,1.835,0.42901599750585484,0.7557143721755853,ADAM19,False
C2_core,GO_BP,GOBP_POSITIVE_REGULATION_OF_NEURON_PROJECTION_REGENERATION,Positive regulation of neuron projection regeneration,1,10,806,0.0012,0.0007,1.835,0.42901599750585484,0.7557143721755853,FLNA,False
C2_core,GO_BP,GOBP_PHOSPHATIDYLETHANOLAMINE_ACYL_CHAIN_REMODELING,Phosphatidylethanolamine acyl chain remodeling,1,10,806,0.0012,0.0007,1.835,0.42901599750585484,0.7557143721755853,MBOAT2,False
C2_core,GO_BP,GOBP_CELLULAR_RESPONSE_TO_POTASSIUM_ION,Cellular response to potassium ion,1,10,806,0.0012,0.0007,1.835,0.42901599750585484,0.7557143721755853,SLC12A2,False
C2_core,GO_BP,GOBP_DEFENSE_RESPONSE_TO_TUMOR_CELL,Defense response to tumor cell,1,10,806,0.0012,0.0007,1.835,0.42901599750585484,0.7557143721755853,KLF4,False
C2_core,GO_BP,GOBP_PIGMENT_ACCUMULATION,Pigment accumulation,1,10,806,0.0012,0.0007,1.835,0.42901599750585484,0.7557143721755853,CD63,False
C2_core,GO_BP,GOBP_EPITHELIAL_CELL_FATE_COMMITMENT,Epithelial cell fate commitment,1,10,806,0.0012,0.0007,1.835,0.42901599750585484,0.7557143721755853,DLL1,False
C2_core,GO_BP,GOBP_POSITIVE_REGULATION_OF_PROTEIN_EXIT_FROM_ENDOPLASMIC_RETICULUM,Positive regulation of protein exit from endoplasmic reticulum,1,10,806,0.0012,0.0007,1.835,0.42901599750585484,0.7557143721755853,SLC51B,False
C2_core,GO_BP,GOBP_REGULATION_OF_TRANSMISSION_OF_NERVE_IMPULSE,Regulation of transmission of nerve impulse,1,10,806,0.0012,0.0007,1.835,0.42901599750585484,0.7557143721755853,ITGA2,False
C2_core,GO_BP,GOBP_MINERALOCORTICOID_BIOSYNTHETIC_PROCESS,Mineralocorticoid biosynthetic process,1,10,806,0.0012,0.0007,1.835,0.42901599750585484,0.7557143721755853,DKK3,False
C2_core,GO_BP,GOBP_POSITIVE_REGULATION_OF_PLATELET_ACTIVATION,Positive regulation of platelet activation,1,10,806,0.0012,0.0007,1.835,0.42901599750585484,0.7557143721755853,FLNA,False
C2_core,GO_BP,GOBP_ALDITOL_PHOSPHATE_METABOLIC_PROCESS,Alditol phosphate metabolic process,1,10,806,0.0012,0.0007,1.835,0.42901599750585484,0.7557143721755853,GPD1L,False
C2_core,GO_BP,GOBP_PRENYLATION,Prenylation,1,10,806,0.0012,0.0007,1.835,0.42901599750585484,0.7557143721755853,MUSK,False
C2_core,GO_BP,GOBP_PRESYNAPTIC_MEMBRANE_ORGANIZATION,Presynaptic membrane organization,1,10,806,0.0012,0.0007,1.835,0.42901599750585484,0.7557143721755853,NLGN2,False
C2_core,GO_BP,GOBP_POSTSYNAPTIC_DENSITY_PROTEIN_95_CLUSTERING,Postsynaptic density protein 95 clustering,1,10,806,0.0012,0.0007,1.835,0.42901599750585484,0.7557143721755853,NLGN2,False
C2_core,GO_BP,GOBP_GLUTATHIONE_TRANSPORT,Glutathione transport,1,10,806,0.0012,0.0007,1.835,0.42901599750585484,0.7557143721755853,GJA1,False
C2_core,GO_BP,GOBP_GDP_METABOLIC_PROCESS,Gdp metabolic process,1,10,806,0.0012,0.0007,1.835,0.42901599750585484,0.7557143721755853,GUK1,False
C2_core,GO_BP,GOBP_POSTSYNAPTIC_MEMBRANE_ASSEMBLY,Postsynaptic membrane assembly,1,10,806,0.0012,0.0007,1.835,0.42901599750585484,0.7557143721755853,NLGN2,False
C2_core,GO_BP,GOBP_GERM_CELL_PROLIFERATION,Germ cell proliferation,1,10,806,0.0012,0.0007,1.835,0.42901599750585484,0.7557143721755853,UCHL1,False
C2_core,GO_BP,GOBP_REGULATION_OF_ODONTOGENESIS_OF_DENTIN_CONTAINING_TOOTH,Regulation of odontogenesis of dentin containing tooth,1,10,806,0.0012,0.0007,1.835,0.42901599750585484,0.7557143721755853,TNFRSF11B,False
C2_core,GO_BP,GOBP_CELL_ADHESION_MOLECULE_PRODUCTION,Cell adhesion molecule production,1,10,806,0.0012,0.0007,1.835,0.42901599750585484,0.7557143721755853,CXCL8,False
C2_core,GO_BP,GOBP_COMPLEMENT_DEPENDENT_CYTOTOXICITY,Complement dependent cytotoxicity,1,10,806,0.0012,0.0007,1.835,0.42901599750585484,0.7557143721755853,TGFB2,False
C2_core,GO_BP,GOBP_PROSTATE_GLAND_GROWTH,Prostate gland growth,1,10,806,0.0012,0.0007,1.835,0.42901599750585484,0.7557143721755853,SOX9,False
C2_core,GO_BP,GOBP_COMPLEMENT_ACTIVATION_LECTIN_PATHWAY,Complement activation lectin pathway,1,10,806,0.0012,0.0007,1.835,0.42901599750585484,0.7557143721755853,A2M,False
C2_core,GO_BP,GOBP_CARDIAC_MUSCLE_CELL_MYOBLAST_DIFFERENTIATION,Cardiac muscle cell myoblast differentiation,1,10,806,0.0012,0.0007,1.835,0.42901599750585484,0.7557143721755853,PRICKLE1,False
C2_core,GO_BP,GOBP_POSITIVE_REGULATION_OF_HEAT_GENERATION,Positive regulation of heat generation,1,10,806,0.0012,0.0007,1.835,0.42901599750585484,0.7557143721755853,PTGS2,False
C2_core,GO_BP,GOBP_POSITIVE_REGULATION_OF_EXTRINSIC_APOPTOTIC_SIGNALING_PATHWAY_IN_ABSENCE_OF_LIGAND,Positive regulation of extrinsic apoptotic signaling pathway in absence of ligand,1,10,806,0.0012,0.0007,1.835,0.42901599750585484,0.7557143721755853,PPP2R1A,False
C2_core,GO_BP,GOBP_GALACTOSE_METABOLIC_PROCESS,Galactose metabolic process,1,10,806,0.0012,0.0007,1.835,0.42901599750585484,0.7557143721755853,CHST1,False
C2_core,GO_BP,GOBP_VACUOLE_FUSION,Vacuole fusion,1,10,806,0.0012,0.0007,1.835,0.42901599750585484,0.7557143721755853,CHMP4B,False
C2_core,GO_BP,GOBP_PANCREATIC_JUICE_SECRETION,Pancreatic juice secretion,1,10,806,0.0012,0.0007,1.835,0.42901599750585484,0.7557143721755853,AQP1,False
C2_core,GO_BP,GOBP_REGULATION_OF_PHOSPHATIDYLCHOLINE_METABOLIC_PROCESS,Regulation of phosphatidylcholine metabolic process,1,10,806,0.0012,0.0007,1.835,0.42901599750585484,0.7557143721755853,LPCAT1,False
C2_core,GO_BP,GOBP_RESPONSE_TO_FRUCTOSE,Response to fructose,1,10,806,0.0012,0.0007,1.835,0.42901599750585484,0.7557143721755853,PTGS2,False
C2_core,GO_BP,GOBP_NEGATIVE_REGULATION_OF_SYNAPSE_ORGANIZATION,Negative regulation of synapse organization,1,10,806,0.0012,0.0007,1.835,0.42901599750585484,0.7557143721755853,NFATC4,False
C2_core,GO_BP,GOBP_REGULATION_OF_GLUCOCORTICOID_METABOLIC_PROCESS,Regulation of glucocorticoid metabolic process,1,10,806,0.0012,0.0007,1.835,0.42901599750585484,0.7557143721755853,DKK3,False
C2_core,GO_BP,GOBP_AMINO_ACID_NEUROTRANSMITTER_REUPTAKE,Amino acid neurotransmitter reuptake,1,10,806,0.0012,0.0007,1.835,0.42901599750585484,0.7557143721755853,SLC6A11,False
C2_core,GO_BP,GOBP_PROTEIN_LOCALIZATION_TO_CELL_CORTEX,Protein localization to cell cortex,1,10,806,0.0012,0.0007,1.835,0.42901599750585484,0.7557143721755853,EZR,False
C2_core,GO_BP,GOBP_G_PROTEIN_COUPLED_PURINERGIC_RECEPTOR_SIGNALING_PATHWAY,G protein coupled purinergic receptor signaling pathway,1,10,806,0.0012,0.0007,1.835,0.42901599750585484,0.7557143721755853,ADORA1,False
C2_core,GO_BP,GOBP_PURINE_NUCLEOTIDE_SALVAGE,Purine nucleotide salvage,1,10,806,0.0012,0.0007,1.835,0.42901599750585484,0.7557143721755853,DGUOK,False
C2_core,GO_BP,GOBP_HEPARIN_BIOSYNTHETIC_PROCESS,Heparin biosynthetic process,1,10,806,0.0012,0.0007,1.835,0.42901599750585484,0.7557143721755853,ANGPT1,False
C2_core,GO_BP,GOBP_INSULIN_LIKE_GROWTH_FACTOR_RECEPTOR_SIGNALING_PATHWAY,Insulin like growth factor receptor signaling pathway,3,44,806,0.0037,0.003,1.251,0.43258136528295665,0.759523073705803,"IGFBP6, CRIM1, SHC1",False
C2_core,GO_BP,GOBP_SOMITOGENESIS,Somitogenesis,3,44,806,0.0037,0.003,1.251,0.43258136528295665,0.759523073705803,"DLL1, FOXC1, NRARP",False
C2_core,GO_BP,GOBP_MITOCHONDRION_LOCALIZATION,Mitochondrion localization,3,44,806,0.0037,0.003,1.251,0.43258136528295665,0.759523073705803,"UCHL1, MAP1B, MARK1",False
C2_core,GO_BP,GOBP_POSITIVE_REGULATION_OF_LIPASE_ACTIVITY,Positive regulation of lipase activity,3,44,806,0.0037,0.003,1.251,0.43258136528295665,0.759523073705803,"RHOC, LPAR1, KIT",False
C2_core,GO_BP,GOBP_ALPHA_BETA_T_CELL_PROLIFERATION,Alpha beta t cell proliferation,3,44,806,0.0037,0.003,1.251,0.43258136528295665,0.759523073705803,"VSIR, FOXP3, IL2RA",False
C2_core,GO_BP,GOBP_ANDROGEN_RECEPTOR_SIGNALING_PATHWAY,Androgen receptor signaling pathway,3,44,806,0.0037,0.003,1.251,0.43258136528295665,0.759523073705803,"PMEPA1, HEYL, ZMIZ1",False
C2_core,GO_BP,GOBP_HETEROPHILIC_CELL_CELL_ADHESION_VIA_PLASMA_MEMBRANE_CELL_ADHESION_MOLECULES,Heterophilic cell cell adhesion via plasma membrane cell adhesion molecules,3,44,806,0.0037,0.003,1.251,0.43258136528295665,0.759523073705803,"IGSF21, AMIGO2, SCARF2",False
C2_core,GO_BP,GOBP_REGULATION_OF_MICROTUBULE_BASED_PROCESS,Regulation of microtubule based process,13,222,806,0.0161,0.015,1.075,0.43519992144742004,0.7632776697156655,"HAUS7, EFNA5, CHMP4B, PPP1R35, MAP1A, MAP1B, C10orf90, STMN3, STMN2, CLIP3, PKHD1, MAP9, HDGFL3",False
C2_core,GO_BP,GOBP_CELLULAR_RESPONSE_TO_KETONE,Cellular response to ketone,6,97,806,0.0074,0.0066,1.135,0.4353655182177872,0.7632776697156655,"EFNA5, KLF4, KLF2, ADCY3, AQP1, FOS",False
C2_core,GO_BP,GOBP_REGULATION_OF_NEUROTRANSMITTER_RECEPTOR_ACTIVITY,Regulation of neurotransmitter receptor activity,2,27,806,0.0025,0.0018,1.36,0.4370001980939536,0.7632776697156655,"NLGN2, CCL2",False
C2_core,GO_BP,GOBP_REGULATION_OF_TRANSCRIPTION_REGULATORY_REGION_DNA_BINDING,Regulation of transcription regulatory region dna binding,2,27,806,0.0025,0.0018,1.36,0.4370001980939536,0.7632776697156655,"HAND2, FOXC1",False
C2_core,GO_BP,GOBP_NEGATIVE_REGULATION_OF_AXON_EXTENSION,Negative regulation of axon extension,2,27,806,0.0025,0.0018,1.36,0.4370001980939536,0.7632776697156655,"SEMA3G, PLXNA3",False
C2_core,GO_BP,GOBP_VIRAL_RNA_GENOME_REPLICATION,Viral rna genome replication,2,27,806,0.0025,0.0018,1.36,0.4370001980939536,0.7632776697156655,"CXCL8, APOBEC3H",False
C2_core,GO_BP,GOBP_REGULATION_OF_REACTIVE_OXYGEN_SPECIES_BIOSYNTHETIC_PROCESS,Regulation of reactive oxygen species biosynthetic process,2,27,806,0.0025,0.0018,1.36,0.4370001980939536,0.7632776697156655,"CYBA, ADGRB1",False
C2_core,GO_BP,GOBP_POSITIVE_REGULATION_OF_VASOCONSTRICTION,Positive regulation of vasoconstriction,2,27,806,0.0025,0.0018,1.36,0.4370001980939536,0.7632776697156655,"CASR, PTGS2",False
C2_core,GO_BP,GOBP_PURINERGIC_NUCLEOTIDE_RECEPTOR_SIGNALING_PATHWAY,Purinergic nucleotide receptor signaling pathway,2,27,806,0.0025,0.0018,1.36,0.4370001980939536,0.7632776697156655,"P2RX1, ADORA1",False
C2_core,GO_BP,GOBP_EMBRYONIC_EYE_MORPHOGENESIS,Embryonic eye morphogenesis,2,27,806,0.0025,0.0018,1.36,0.4370001980939536,0.7632776697156655,"EFEMP1, MFAP2",False
C2_core,GO_BP,GOBP_PHAGOCYTOSIS_RECOGNITION,Phagocytosis recognition,2,27,806,0.0025,0.0018,1.36,0.4370001980939536,0.7632776697156655,"PTX3, ADGRB1",False
C2_core,GO_BP,GOBP_REGULATION_OF_B_CELL_ACTIVATION,Regulation of b cell activation,7,115,806,0.0087,0.0078,1.117,0.437540010193303,0.7632776697156655,"TNIP2, CTLA4, TNFRSF21, MMP14, FOXP3, CLCF1, BCL2",False
C2_core,GO_BP,GOBP_POSITIVE_REGULATION_OF_TRANSLATION,Positive regulation of translation,7,115,806,0.0087,0.0078,1.117,0.437540010193303,0.7632776697156655,"PPP1R15A, THBS1, NCK2, YBX3, SOX4, ITGA2, HABP4",False
C2_core,GO_BP,GOBP_CARBOHYDRATE_TRANSPORT,Carbohydrate transport,7,115,806,0.0087,0.0078,1.117,0.437540010193303,0.7632776697156655,"SLC5A1, CLIP3, SLC2A3, EDNRA, GPC3, AQP1, SLC45A4",False
C2_core,GO_BP,GOBP_REGULATION_OF_MITOTIC_CELL_CYCLE,Regulation of mitotic cell cycle,26,457,806,0.0323,0.0309,1.044,0.43851380491597564,0.7641463975915884,"CDKN2C, ADAMTS1, WNT10B, PIN1, ANXA1, BCL2, GJC2, SPHK1, CCND3, BRSK1, FOXC1, SMARCD3, BTG2, PLK3, CCL2, KLF4, DACT1, IER3, CDKN1C, SMOC2, SHB, BTG1, RGCC, MIIP, HSPA2, PIM2",False
C2_core,GO_BP,GOBP_POSITIVE_REGULATION_OF_CYTOSOLIC_CALCIUM_ION_CONCENTRATION,Positive regulation of cytosolic calcium ion concentration,8,133,806,0.0099,0.009,1.104,0.4390265761076509,0.7641463975915884,"CIB2, CXCR4, CACNA2D1, GATA2, CACNA1C, LPAR1, EDNRA, BCL2",False
C2_core,GO_BP,GOBP_MEMBRANE_BIOGENESIS,Membrane biogenesis,4,62,806,0.005,0.0042,1.184,0.4392480480217682,0.7641463975915884,"CLIP3, NLGN2, CHMP4B, DMKN",False
C2_core,GO_BP,GOBP_POSITIVE_REGULATION_OF_NON_CANONICAL_NF_KAPPAB_SIGNAL_TRANSDUCTION,Positive regulation of non canonical nf kappab signal transduction,4,62,806,0.005,0.0042,1.184,0.4392480480217682,0.7641463975915884,"CCL19, PYCARD, SPHK1, PTP4A3",False
C2_core,GO_BP,GOBP_POSITIVE_REGULATION_OF_INTERLEUKIN_1_PRODUCTION,Positive regulation of interleukin 1 production,4,62,806,0.005,0.0042,1.184,0.4392480480217682,0.7641463975915884,"CCL19, S100A13, PYCARD, EGR1",False
C2_core,GO_BP,GOBP_T_CELL_MIGRATION,T cell migration,4,62,806,0.005,0.0042,1.184,0.4392480480217682,0.7641463975915884,"CCL21, PYCARD, CCL2, SLC12A2",False
C2_core,GO_BP,GOBP_SENSORY_PERCEPTION_OF_MECHANICAL_STIMULUS,Sensory perception of mechanical stimulus,9,151,806,0.0112,0.0102,1.094,0.4400517444023709,0.7650240897081046,"DCDC2, MYO3A, CXCR4, MYO7B, TRPA1, ITGA2, KIT, TMPRSS3, USH1C",False
C2_core,GO_BP,GOBP_POST_EMBRYONIC_DEVELOPMENT,Post embryonic development,5,80,806,0.0062,0.0054,1.147,0.4429244507965205,0.7650240897081046,"PRDM1, NDN, KLF4, ARID5B, BCL2",False
C2_core,GO_BP,GOBP_EMBRYONIC_SKELETAL_SYSTEM_DEVELOPMENT,Embryonic skeletal system development,5,80,806,0.0062,0.0054,1.147,0.4429244507965205,0.7650240897081046,"HAND2, MDFI, MMP14, EDNRA, TGFB3",False
C2_core,GO_BP,GOBP_PIGMENTATION,Pigmentation,6,98,806,0.0074,0.0066,1.124,0.4451338437588613,0.7650240897081046,"CD63, ADAMTS9, BACE2, KIT, EDNRA, BCL2",False
C2_core,GO_BP,GOBP_REGULATION_OF_PROTEASOMAL_UBIQUITIN_DEPENDENT_PROTEIN_CATABOLIC_PROCESS,Regulation of proteasomal ubiquitin dependent protein catabolic process,7,116,806,0.0087,0.0078,1.108,0.44651036325443866,0.7650240897081046,"PRICKLE1, SH3RF3, MAP1A, CSNK1E, PLK3, NKD2, WNT10B",False
C2_core,GO_BP,GOBP_ERBB_SIGNALING_PATHWAY,Erbb signaling pathway,7,116,806,0.0087,0.0078,1.108,0.44651036325443866,0.7650240897081046,"HBEGF, PRICKLE1, SHC1, NCK2, ADRA2A, EFEMP1, SOX9",False
C2_core,GO_BP,GOBP_NEGATIVE_REGULATION_OF_INTRACELLULAR_TRANSPORT,Negative regulation of intracellular transport,3,45,806,0.0037,0.003,1.224,0.44715255119963226,0.7650240897081046,"MAP1B, ANGPT1, CRYAB",False
C2_core,GO_BP,GOBP_MODULATION_OF_EXCITATORY_POSTSYNAPTIC_POTENTIAL,Modulation of excitatory postsynaptic potential,3,45,806,0.0037,0.003,1.224,0.44715255119963226,0.7650240897081046,"NLGN2, STX1A, RGS4",False
C2_core,GO_BP,GOBP_MODULATION_BY_HOST_OF_VIRAL_PROCESS,Modulation by host of viral process,3,45,806,0.0037,0.003,1.224,0.44715255119963226,0.7650240897081046,"PTX3, ZC3H12A, APOBEC3H",False
C2_core,GO_BP,GOBP_REGULATION_OF_DNA_BINDING,Regulation of dna binding,4,63,806,0.005,0.0043,1.165,0.4515006637218675,0.7650240897081046,"HABP4, MDFI, HAND2, FOXC1",False
C2_core,GO_BP,GOBP_NEGATIVE_REGULATION_OF_PROTEIN_BINDING,Negative regulation of protein binding,4,63,806,0.005,0.0043,1.165,0.4515006637218675,0.7650240897081046,"NES, DACT1, PIN1, CSNK1E",False
C2_core,GO_BP,GOBP_INFLAMMATORY_RESPONSE_TO_ANTIGENIC_STIMULUS,Inflammatory response to antigenic stimulus,4,63,806,0.005,0.0043,1.165,0.4515006637218675,0.7650240897081046,"A2M, IL2RA, FCER1A, PNMA1",False
C2_core,GO_BP,GOBP_NEGATIVE_REGULATION_OF_ENDOCYTOSIS,Negative regulation of endocytosis,4,63,806,0.005,0.0043,1.165,0.4515006637218675,0.7650240897081046,"PIP4P2, SYT11, MCTP1, CNN2",False
C2_core,GO_BP,GOBP_DORSAL_VENTRAL_PATTERN_FORMATION,Dorsal ventral pattern formation,4,63,806,0.005,0.0043,1.165,0.4515006637218675,0.7650240897081046,"GLI2, MDFI, GLI1, ACVRL1",False
C2_core,GO_BP,GOBP_RESPONSE_TO_RADIATION,Response to radiation,21,370,806,0.0261,0.025,1.042,0.4554479859940174,0.7650240897081046,"MFAP4, TUBA1A, BCL2, HYAL2, MYC, CRYAB, ATP8A2, MMP2, BRSK1, TIMP1, NFATC4, PLEKHB1, CRIP1, EGR1, RGS9, KIT, AQP1, COL6A3, THBD, PLK3, FOS",False
C2_core,GO_BP,GOBP_ORGANIC_ACID_TRANSMEMBRANE_TRANSPORT,Organic acid transmembrane transport,8,135,806,0.0099,0.0091,1.088,0.45569023646260387,0.7650240897081046,"PRAF2, THBS1, SLC6A11, SLC7A1, SLC38A1, SLC1A5, SFXN3, RGS4",False
C2_core,GO_BP,GOBP_RESPONSE_TO_PH,Response to ph,2,28,806,0.0025,0.0019,1.311,0.45569627874307683,0.7650240897081046,"GJA1, RAB11FIP5",False
C2_core,GO_BP,GOBP_REGULATION_OF_ENDOPLASMIC_RETICULUM_UNFOLDED_PROTEIN_RESPONSE,Regulation of endoplasmic reticulum unfolded protein response,2,28,806,0.0025,0.0019,1.311,0.45569627874307683,0.7650240897081046,"PPP1R15A, NCK2",False
C2_core,GO_BP,GOBP_NEGATIVE_REGULATION_OF_PROTEIN_LOCALIZATION_TO_CELL_PERIPHERY,Negative regulation of protein localization to cell periphery,2,28,806,0.0025,0.0019,1.311,0.45569627874307683,0.7650240897081046,"MRAP2, PKDCC",False
C2_core,GO_BP,GOBP_POSITIVE_REGULATION_OF_CILIUM_ASSEMBLY,Positive regulation of cilium assembly,2,28,806,0.0025,0.0019,1.311,0.45569627874307683,0.7650240897081046,"PPP1R35, KCTD17",False
C2_core,GO_BP,GOBP_PHOSPHATIDYLCHOLINE_BIOSYNTHETIC_PROCESS,Phosphatidylcholine biosynthetic process,2,28,806,0.0025,0.0019,1.311,0.45569627874307683,0.7650240897081046,"LPCAT1, SLC44A3",False
C2_core,GO_BP,GOBP_NEGATIVE_REGULATION_OF_T_CELL_MEDIATED_IMMUNITY,Negative regulation of t cell mediated immunity,2,28,806,0.0025,0.0019,1.311,0.45569627874307683,0.7650240897081046,"DUSP22, FOXP3",False
C2_core,GO_BP,GOBP_LEUKOCYTE_TETHERING_OR_ROLLING,Leukocyte tethering or rolling,2,28,806,0.0025,0.0019,1.311,0.45569627874307683,0.7650240897081046,"CHST4, CCL21",False
C2_core,GO_BP,GOBP_ANTIBACTERIAL_HUMORAL_RESPONSE,Antibacterial humoral response,2,28,806,0.0025,0.0019,1.311,0.45569627874307683,0.7650240897081046,"WFDC2, MMP7",False
C2_core,GO_BP,GOBP_RESPONSE_TO_COPPER_ION,Response to copper ion,2,28,806,0.0025,0.0019,1.311,0.45569627874307683,0.7650240897081046,"SOD3, AQP1",False
C2_core,GO_BP,GOBP_DETECTION_OF_BIOTIC_STIMULUS,Detection of biotic stimulus,2,28,806,0.0025,0.0019,1.311,0.45569627874307683,0.7650240897081046,"FAP, TSPO",False
C2_core,GO_BP,GOBP_REGULATION_OF_INTRINSIC_APOPTOTIC_SIGNALING_PATHWAY_BY_P53_CLASS_MEDIATOR,Regulation of intrinsic apoptotic signaling pathway by p53 class mediator,2,28,806,0.0025,0.0019,1.311,0.45569627874307683,0.7650240897081046,"BCL2, MYC",False
C2_core,GO_BP,GOBP_NEGATIVE_REGULATION_OF_OSTEOCLAST_DIFFERENTIATION,Negative regulation of osteoclast differentiation,2,28,806,0.0025,0.0019,1.311,0.45569627874307683,0.7650240897081046,"FSTL3, TNFRSF11B",False
C2_core,GO_BP,GOBP_SPECIFICATION_OF_ANIMAL_ORGAN_IDENTITY,Specification of animal organ identity,2,28,806,0.0025,0.0019,1.311,0.45569627874307683,0.7650240897081046,"SMARCD3, SPRY1",False
C2_core,GO_BP,GOBP_REGULATION_OF_T_HELPER_1_TYPE_IMMUNE_RESPONSE,Regulation of t helper 1 type immune response,2,28,806,0.0025,0.0019,1.311,0.45569627874307683,0.7650240897081046,"CCL19, ANXA1",False
C2_core,GO_BP,GOBP_EPITHELIAL_TUBE_BRANCHING_INVOLVED_IN_LUNG_MORPHOGENESIS,Epithelial tube branching involved in lung morphogenesis,2,28,806,0.0025,0.0019,1.311,0.45569627874307683,0.7650240897081046,"SPRY1, SOX9",False
C2_core,GO_BP,GOBP_MATURE_B_CELL_DIFFERENTIATION_INVOLVED_IN_IMMUNE_RESPONSE,Mature b cell differentiation involved in immune response,2,28,806,0.0025,0.0019,1.311,0.45569627874307683,0.7650240897081046,"ITM2A, DLL1",False
C2_core,GO_BP,GOBP_NEGATIVE_REGULATION_OF_MUSCLE_HYPERTROPHY,Negative regulation of muscle hypertrophy,2,28,806,0.0025,0.0019,1.311,0.45569627874307683,0.7650240897081046,"LMNA, RGS4",False
C2_core,GO_BP,GOBP_HEART_FORMATION,Heart formation,2,28,806,0.0025,0.0019,1.311,0.45569627874307683,0.7650240897081046,"SMARCD3, HAND2",False
C2_core,GO_BP,GOBP_INTRACELLULAR_TRANSPORT_OF_VIRUS,Intracellular transport of virus,1,11,806,0.0012,0.0007,1.669,0.4601451307587148,0.7650240897081046,TRIM15,False
C2_core,GO_BP,GOBP_SKELETAL_MUSCLE_SATELLITE_CELL_DIFFERENTIATION,Skeletal muscle satellite cell differentiation,1,11,806,0.0012,0.0007,1.669,0.4601451307587148,0.7650240897081046,KLF5,False
C2_core,GO_BP,GOBP_NEGATIVE_REGULATION_OF_VASOCONSTRICTION,Negative regulation of vasoconstriction,1,11,806,0.0012,0.0007,1.669,0.4601451307587148,0.7650240897081046,MMP2,False
C2_core,GO_BP,GOBP_NEPHRIC_DUCT_DEVELOPMENT,Nephric duct development,1,11,806,0.0012,0.0007,1.669,0.4601451307587148,0.7650240897081046,GPC3,False
C2_core,GO_BP,GOBP_SKIN_MORPHOGENESIS,Skin morphogenesis,1,11,806,0.0012,0.0007,1.669,0.4601451307587148,0.7650240897081046,ITGA2,False
C2_core,GO_BP,GOBP_POSITIVE_REGULATION_OF_STRIATED_MUSCLE_CELL_APOPTOTIC_PROCESS,Positive regulation of striated muscle cell apoptotic process,1,11,806,0.0012,0.0007,1.669,0.4601451307587148,0.7650240897081046,GATA6,False
C2_core,GO_BP,GOBP_CONNECTIVE_TISSUE_REPLACEMENT,Connective tissue replacement,1,11,806,0.0012,0.0007,1.669,0.4601451307587148,0.7650240897081046,TIMP1,False
C2_core,GO_BP,GOBP_ENDOCARDIUM_DEVELOPMENT,Endocardium development,1,11,806,0.0012,0.0007,1.669,0.4601451307587148,0.7650240897081046,SOX18,False
C2_core,GO_BP,GOBP_NEGATIVE_REGULATION_OF_CYCLASE_ACTIVITY,Negative regulation of cyclase activity,1,11,806,0.0012,0.0007,1.669,0.4601451307587148,0.7650240897081046,GABBR2,False
C2_core,GO_BP,GOBP_NEGATIVE_REGULATION_OF_B_CELL_APOPTOTIC_PROCESS,Negative regulation of b cell apoptotic process,1,11,806,0.0012,0.0007,1.669,0.4601451307587148,0.7650240897081046,BCL2,False
C2_core,GO_BP,GOBP_CELL_MIGRATION_INVOLVED_IN_GASTRULATION,Cell migration involved in gastrulation,1,11,806,0.0012,0.0007,1.669,0.4601451307587148,0.7650240897081046,GPC3,False
C2_core,GO_BP,GOBP_AMINO_SUGAR_BIOSYNTHETIC_PROCESS,Amino sugar biosynthetic process,1,11,806,0.0012,0.0007,1.669,0.4601451307587148,0.7650240897081046,GFPT2,False
C2_core,GO_BP,GOBP_RESPONSE_TO_PEPTIDOGLYCAN,Response to peptidoglycan,1,11,806,0.0012,0.0007,1.669,0.4601451307587148,0.7650240897081046,IRAK3,False
C2_core,GO_BP,GOBP_NEGATIVE_REGULATION_OF_ASTROCYTE_DIFFERENTIATION,Negative regulation of astrocyte differentiation,1,11,806,0.0012,0.0007,1.669,0.4601451307587148,0.7650240897081046,ID4,False
C2_core,GO_BP,GOBP_L_ASCORBIC_ACID_METABOLIC_PROCESS,L ascorbic acid metabolic process,1,11,806,0.0012,0.0007,1.669,0.4601451307587148,0.7650240897081046,SLC2A3,False
C2_core,GO_BP,GOBP_GOLGI_LUMEN_ACIDIFICATION,Golgi lumen acidification,1,11,806,0.0012,0.0007,1.669,0.4601451307587148,0.7650240897081046,ATP6V0B,False
C2_core,GO_BP,GOBP_RENAL_SODIUM_ION_ABSORPTION,Renal sodium ion absorption,1,11,806,0.0012,0.0007,1.669,0.4601451307587148,0.7650240897081046,EDNRA,False
C2_core,GO_BP,GOBP_NEGATIVE_REGULATION_OF_TRANSCRIPTION_BY_COMPETITIVE_PROMOTER_BINDING,Negative regulation of transcription by competitive promoter binding,1,11,806,0.0012,0.0007,1.669,0.4601451307587148,0.7650240897081046,BHLHE41,False
C2_core,GO_BP,GOBP_MONOCYTE_ACTIVATION,Monocyte activation,1,11,806,0.0012,0.0007,1.669,0.4601451307587148,0.7650240897081046,HYAL2,False
C2_core,GO_BP,GOBP_HYDROGEN_PEROXIDE_BIOSYNTHETIC_PROCESS,Hydrogen peroxide biosynthetic process,1,11,806,0.0012,0.0007,1.669,0.4601451307587148,0.7650240897081046,CYBA,False
C2_core,GO_BP,GOBP_AROMATIC_AMINO_ACID_TRANSPORT,Aromatic amino acid transport,1,11,806,0.0012,0.0007,1.669,0.4601451307587148,0.7650240897081046,SLC7A1,False
C2_core,GO_BP,GOBP_POSITIVE_REGULATION_OF_MYOTUBE_DIFFERENTIATION,Positive regulation of myotube differentiation,1,11,806,0.0012,0.0007,1.669,0.4601451307587148,0.7650240897081046,MMP14,False
C2_core,GO_BP,GOBP_VERY_LONG_CHAIN_FATTY_ACID_BIOSYNTHETIC_PROCESS,Very long chain fatty acid biosynthetic process,1,11,806,0.0012,0.0007,1.669,0.4601451307587148,0.7650240897081046,ELOVL7,False
C2_core,GO_BP,GOBP_BUNDLE_OF_HIS_CELL_TO_PURKINJE_MYOCYTE_COMMUNICATION,Bundle of his cell to purkinje myocyte communication,1,11,806,0.0012,0.0007,1.669,0.4601451307587148,0.7650240897081046,CACNA2D1,False
C2_core,GO_BP,GOBP_CELLULAR_RESPONSE_TO_ACIDIC_PH,Cellular response to acidic ph,1,11,806,0.0012,0.0007,1.669,0.4601451307587148,0.7650240897081046,RAB11FIP5,False
C2_core,GO_BP,GOBP_POSITIVE_REGULATION_OF_PROTEIN_SUMOYLATION,Positive regulation of protein sumoylation,1,11,806,0.0012,0.0007,1.669,0.4601451307587148,0.7650240897081046,RASD2,False
C2_core,GO_BP,GOBP_NEGATIVE_REGULATION_OF_OSTEOBLAST_PROLIFERATION,Negative regulation of osteoblast proliferation,1,11,806,0.0012,0.0007,1.669,0.4601451307587148,0.7650240897081046,BCL2,False
C2_core,GO_BP,GOBP_REGULATION_OF_CORTICOSTEROID_HORMONE_SECRETION,Regulation of corticosteroid hormone secretion,1,11,806,0.0012,0.0007,1.669,0.4601451307587148,0.7650240897081046,TSPO,False
C2_core,GO_BP,GOBP_DERMATAN_SULFATE_PROTEOGLYCAN_METABOLIC_PROCESS,Dermatan sulfate proteoglycan metabolic process,1,11,806,0.0012,0.0007,1.669,0.4601451307587148,0.7650240897081046,B3GAT3,False
C2_core,GO_BP,GOBP_REGULATION_OF_BASEMENT_MEMBRANE_ORGANIZATION,Regulation of basement membrane organization,1,11,806,0.0012,0.0007,1.669,0.4601451307587148,0.7650240897081046,LAMC1,False
C2_core,GO_BP,GOBP_DETECTION_OF_CALCIUM_ION,Detection of calcium ion,1,11,806,0.0012,0.0007,1.669,0.4601451307587148,0.7650240897081046,CASR,False
C2_core,GO_BP,GOBP_REGULATION_OF_T_HELPER_2_CELL_DIFFERENTIATION,Regulation of t helper 2 cell differentiation,1,11,806,0.0012,0.0007,1.669,0.4601451307587148,0.7650240897081046,ANXA1,False
C2_core,GO_BP,GOBP_MITRAL_VALVE_DEVELOPMENT,Mitral valve development,1,11,806,0.0012,0.0007,1.669,0.4601451307587148,0.7650240897081046,SOX4,False
C2_core,GO_BP,GOBP_POSITIVE_REGULATION_OF_T_HELPER_17_CELL_DIFFERENTIATION,Positive regulation of t helper 17 cell differentiation,1,11,806,0.0012,0.0007,1.669,0.4601451307587148,0.7650240897081046,NFKBID,False
C2_core,GO_BP,GOBP_EPITHELIAL_CELL_PROLIFERATION_INVOLVED_IN_PROSTATE_GLAND_DEVELOPMENT,Epithelial cell proliferation involved in prostate gland development,1,11,806,0.0012,0.0007,1.669,0.4601451307587148,0.7650240897081046,SOX9,False
C2_core,GO_BP,GOBP_BERGMANN_GLIAL_CELL_DIFFERENTIATION,Bergmann glial cell differentiation,1,11,806,0.0012,0.0007,1.669,0.4601451307587148,0.7650240897081046,VIM,False
C2_core,GO_BP,GOBP_NEGATIVE_REGULATION_OF_TYPE_2_IMMUNE_RESPONSE,Negative regulation of type 2 immune response,1,11,806,0.0012,0.0007,1.669,0.4601451307587148,0.7650240897081046,ANXA1,False
C2_core,GO_BP,GOBP_NEGATIVE_REGULATION_OF_TRANSCRIPTION_BY_RNA_POLYMERASE_I,Negative regulation of transcription by rna polymerase i,1,11,806,0.0012,0.0007,1.669,0.4601451307587148,0.7650240897081046,FLNA,False
C2_core,GO_BP,GOBP_CIRCADIAN_SLEEP_WAKE_CYCLE_SLEEP,Circadian sleep wake cycle sleep,1,11,806,0.0012,0.0007,1.669,0.4601451307587148,0.7650240897081046,ADORA1,False
C2_core,GO_BP,GOBP_UV_PROTECTION,Uv protection,1,11,806,0.0012,0.0007,1.669,0.4601451307587148,0.7650240897081046,MFAP4,False
C2_core,GO_BP,GOBP_CALMODULIN_DEPENDENT_KINASE_SIGNALING_PATHWAY,Calmodulin dependent kinase signaling pathway,1,11,806,0.0012,0.0007,1.669,0.4601451307587148,0.7650240897081046,LPAR1,False
C2_core,GO_BP,GOBP_DOPAMINE_BIOSYNTHETIC_PROCESS,Dopamine biosynthetic process,1,11,806,0.0012,0.0007,1.669,0.4601451307587148,0.7650240897081046,TGFB2,False
C2_core,GO_BP,GOBP_GASTRO_INTESTINAL_SYSTEM_SMOOTH_MUSCLE_CONTRACTION,Gastro intestinal system smooth muscle contraction,1,11,806,0.0012,0.0007,1.669,0.4601451307587148,0.7650240897081046,KIT,False
C2_core,GO_BP,GOBP_NEURON_PROJECTION_MAINTENANCE,Neuron projection maintenance,1,11,806,0.0012,0.0007,1.669,0.4601451307587148,0.7650240897081046,MAP1A,False
C2_core,GO_BP,GOBP_GAS_TRANSPORT,Gas transport,1,11,806,0.0012,0.0007,1.669,0.4601451307587148,0.7650240897081046,AQP1,False
C2_core,GO_BP,GOBP_NEGATIVE_REGULATION_OF_CELL_GROWTH_INVOLVED_IN_CARDIAC_MUSCLE_CELL_DEVELOPMENT,Negative regulation of cell growth involved in cardiac muscle cell development,1,11,806,0.0012,0.0007,1.669,0.4601451307587148,0.7650240897081046,RGS4,False
C2_core,GO_BP,GOBP_NK_T_CELL_DIFFERENTIATION,Nk t cell differentiation,1,11,806,0.0012,0.0007,1.669,0.4601451307587148,0.7650240897081046,PRDM1,False
C2_core,GO_BP,GOBP_HETEROCHROMATIN_ORGANIZATION,Heterochromatin organization,1,11,806,0.0012,0.0007,1.669,0.4601451307587148,0.7650240897081046,SNAI1,False
C2_core,GO_BP,GOBP_POSITIVE_REGULATION_OF_OSTEOBLAST_PROLIFERATION,Positive regulation of osteoblast proliferation,1,11,806,0.0012,0.0007,1.669,0.4601451307587148,0.7650240897081046,CCN1,False
C2_core,GO_BP,GOBP_VITAMIN_D_RECEPTOR_SIGNALING_PATHWAY,Vitamin d receptor signaling pathway,1,11,806,0.0012,0.0007,1.669,0.4601451307587148,0.7650240897081046,VDR,False
C2_core,GO_BP,GOBP_ESTABLISHMENT_OF_PLANAR_POLARITY_INVOLVED_IN_NEURAL_TUBE_CLOSURE,Establishment of planar polarity involved in neural tube closure,1,11,806,0.0012,0.0007,1.669,0.4601451307587148,0.7650240897081046,FZD1,False
C2_core,GO_BP,GOBP_REGULATION_OF_T_CELL_CHEMOTAXIS,Regulation of t cell chemotaxis,1,11,806,0.0012,0.0007,1.669,0.4601451307587148,0.7650240897081046,CCL21,False
C2_core,GO_BP,GOBP_MIDGUT_DEVELOPMENT,Midgut development,1,11,806,0.0012,0.0007,1.669,0.4601451307587148,0.7650240897081046,FOXL1,False
C2_core,GO_BP,GOBP_DENDRITIC_TRANSPORT,Dendritic transport,1,11,806,0.0012,0.0007,1.669,0.4601451307587148,0.7650240897081046,KIF5C,False
C2_core,GO_BP,GOBP_NEGATIVE_REGULATION_OF_OXIDATIVE_STRESS_INDUCED_NEURON_INTRINSIC_APOPTOTIC_SIGNALING_PATHWAY,Negative regulation of oxidative stress induced neuron intrinsic apoptotic signaling pathway,1,11,806,0.0012,0.0007,1.669,0.4601451307587148,0.7650240897081046,FZD1,False
C2_core,GO_BP,GOBP_NEGATIVE_REGULATION_OF_NEUROINFLAMMATORY_RESPONSE,Negative regulation of neuroinflammatory response,1,11,806,0.0012,0.0007,1.669,0.4601451307587148,0.7650240897081046,SYT11,False
C2_core,GO_BP,GOBP_SODIUM_INDEPENDENT_ORGANIC_ANION_TRANSPORT,Sodium independent organic anion transport,1,11,806,0.0012,0.0007,1.669,0.4601451307587148,0.7650240897081046,SLCO2A1,False
C2_core,GO_BP,GOBP_DEOXYRIBONUCLEOSIDE_METABOLIC_PROCESS,Deoxyribonucleoside metabolic process,1,11,806,0.0012,0.0007,1.669,0.4601451307587148,0.7650240897081046,DGUOK,False
C2_core,GO_BP,GOBP_NEGATIVE_REGULATION_OF_MULTICELLULAR_ORGANISM_GROWTH,Negative regulation of multicellular organism growth,1,11,806,0.0012,0.0007,1.669,0.4601451307587148,0.7650240897081046,GDF15,False
C2_core,GO_BP,GOBP_NEGATIVE_REGULATION_OF_JUN_KINASE_ACTIVITY,Negative regulation of jun kinase activity,1,11,806,0.0012,0.0007,1.669,0.4601451307587148,0.7650240897081046,GSTP1,False
C2_core,GO_BP,GOBP_MACROPHAGE_PROLIFERATION,Macrophage proliferation,1,11,806,0.0012,0.0007,1.669,0.4601451307587148,0.7650240897081046,IL34,False
C2_core,GO_BP,GOBP_FEVER_GENERATION,Fever generation,1,11,806,0.0012,0.0007,1.669,0.4601451307587148,0.7650240897081046,PTGS2,False
C2_core,GO_BP,GOBP_METANEPHRIC_MESENCHYME_DEVELOPMENT,Metanephric mesenchyme development,1,11,806,0.0012,0.0007,1.669,0.4601451307587148,0.7650240897081046,MYC,False
C2_core,GO_BP,GOBP_REGULATION_OF_LAMELLIPODIUM_MORPHOGENESIS,Regulation of lamellipodium morphogenesis,1,11,806,0.0012,0.0007,1.669,0.4601451307587148,0.7650240897081046,ENPP2,False
C2_core,GO_BP,GOBP_MIDBRAIN_DOPAMINERGIC_NEURON_DIFFERENTIATION,Midbrain dopaminergic neuron differentiation,1,11,806,0.0012,0.0007,1.669,0.4601451307587148,0.7650240897081046,FZD1,False
C2_core,GO_BP,GOBP_CELLULAR_RESPONSE_TO_ANTIBIOTIC,Cellular response to antibiotic,1,11,806,0.0012,0.0007,1.669,0.4601451307587148,0.7650240897081046,CRIP1,False
C2_core,GO_BP,GOBP_NEGATIVE_REGULATION_OF_PROTEIN_LOCALIZATION_TO_CELL_SURFACE,Negative regulation of protein localization to cell surface,1,11,806,0.0012,0.0007,1.669,0.4601451307587148,0.7650240897081046,TAX1BP3,False
C2_core,GO_BP,GOBP_MRNA_TRANSCRIPTION,Mrna transcription,3,46,806,0.0037,0.0031,1.197,0.4615712491101378,0.7657151763915552,"VDR, FLNA, TAF4B",False
C2_core,GO_BP,GOBP_NEGATIVE_REGULATION_OF_SYNAPTIC_TRANSMISSION,Negative regulation of synaptic transmission,3,46,806,0.0037,0.0031,1.197,0.4615712491101378,0.7657151763915552,"PCDH17, ADORA1, PTGS2",False
C2_core,GO_BP,GOBP_EMBRYONIC_DIGIT_MORPHOGENESIS,Embryonic digit morphogenesis,3,46,806,0.0037,0.0031,1.197,0.4615712491101378,0.7657151763915552,"GJA1, PRICKLE1, HAND2",False
C2_core,GO_BP,GOBP_NEUROMUSCULAR_JUNCTION_DEVELOPMENT,Neuromuscular junction development,3,46,806,0.0037,0.0031,1.197,0.4615712491101378,0.7657151763915552,"PDZRN3, COL4A1, MUSK",False
C2_core,GO_BP,GOBP_INTRACELLULAR_PH_REDUCTION,Intracellular ph reduction,3,46,806,0.0037,0.0031,1.197,0.4615712491101378,0.7657151763915552,"SLC4A7, BCL2, ATP6V0B",False
C2_core,GO_BP,GOBP_REGULATION_OF_CARDIAC_MUSCLE_CONTRACTION,Regulation of cardiac muscle contraction,4,64,806,0.005,0.0043,1.147,0.4636654874467348,0.768180381257402,"ZC3H12A, ADORA1, CACNA1C, STC1",False
C2_core,GO_BP,GOBP_REGULATION_OF_AMIDE_METABOLIC_PROCESS,Regulation of amide metabolic process,4,64,806,0.005,0.0043,1.147,0.4636654874467348,0.768180381257402,"CCN1, SPHK1, PIN1, CSNK1E",False
C2_core,GO_BP,GOBP_REGULATION_OF_ANTIGEN_RECEPTOR_MEDIATED_SIGNALING_PATHWAY,Regulation of antigen receptor mediated signaling pathway,4,64,806,0.005,0.0043,1.147,0.4636654874467348,0.768180381257402,"DUSP22, THY1, TRAT1, EZR",False
C2_core,GO_BP,GOBP_BONE_REMODELING,Bone remodeling,5,82,806,0.0062,0.0055,1.119,0.4644213063850816,0.7690962980301898,"MDK, EPHA2, GJA1, IL20RA, TNFRSF11B",False
C2_core,GO_BP,GOBP_RESPONSE_TO_TOXIC_SUBSTANCE,Response to toxic substance,12,209,806,0.0149,0.0141,1.054,0.468347103561799,0.7752587048473815,"SOD3, GPX7, PTGS2, GJC2, GPX8, GSTP1, GPX3, MAP1B, GATA6, ALOX5AP, BCL2, FOS",False
C2_core,GO_BP,GOBP_NEGATIVE_REGULATION_OF_MITOTIC_CELL_CYCLE_PHASE_TRANSITION,Negative regulation of mitotic cell cycle phase transition,10,173,806,0.0124,0.0117,1.061,0.47028103339569266,0.778120015518026,"GJC2, CCL2, KLF4, DACT1, IER3, MIIP, RGCC, PLK3, BRSK1, BCL2",False
C2_core,GO_BP,GOBP_CELLULAR_RESPONSE_TO_FATTY_ACID,Cellular response to fatty acid,2,29,806,0.0025,0.002,1.266,0.4740291128932159,0.7784971761420929,"ID3, ZC3H12A",False
C2_core,GO_BP,GOBP_TRANSPOSITION,Transposition,2,29,806,0.0025,0.002,1.266,0.4740291128932159,0.7784971761420929,"PIWIL4, APOBEC3H",False
C2_core,GO_BP,GOBP_SPERM_EGG_RECOGNITION,Sperm egg recognition,2,29,806,0.0025,0.002,1.266,0.4740291128932159,0.7784971761420929,"ALDOA, CD9",False
C2_core,GO_BP,GOBP_PROTEIN_PALMITOYLATION,Protein palmitoylation,2,29,806,0.0025,0.002,1.266,0.4740291128932159,0.7784971761420929,"CLIP3, GOLGA7B",False
C2_core,GO_BP,GOBP_REGULATION_OF_ENDOCRINE_PROCESS,Regulation of endocrine process,2,29,806,0.0025,0.002,1.266,0.4740291128932159,0.7784971761420929,"GJA1, TSPO",False
C2_core,GO_BP,GOBP_EXIT_FROM_MITOSIS,Exit from mitosis,2,29,806,0.0025,0.002,1.266,0.4740291128932159,0.7784971761420929,"RGCC, CHMP4B",False
C2_core,GO_BP,GOBP_POSITIVE_REGULATION_OF_AMIDE_METABOLIC_PROCESS,Positive regulation of amide metabolic process,2,29,806,0.0025,0.002,1.266,0.4740291128932159,0.7784971761420929,"CCN1, CSNK1E",False
C2_core,GO_BP,GOBP_RIBONUCLEOSIDE_METABOLIC_PROCESS,Ribonucleoside metabolic process,2,29,806,0.0025,0.002,1.266,0.4740291128932159,0.7784971761420929,"DGUOK, APOBEC3H",False
C2_core,GO_BP,GOBP_GLANDULAR_EPITHELIAL_CELL_DEVELOPMENT,Glandular epithelial cell development,2,29,806,0.0025,0.002,1.266,0.4740291128932159,0.7784971761420929,"DLL1, GATA2",False
C2_core,GO_BP,GOBP_NEGATIVE_REGULATION_OF_ACTIN_FILAMENT_BUNDLE_ASSEMBLY,Negative regulation of actin filament bundle assembly,2,29,806,0.0025,0.002,1.266,0.4740291128932159,0.7784971761420929,"RHPN1, TACSTD2",False
C2_core,GO_BP,GOBP_NEGATIVE_REGULATION_OF_FIBROBLAST_PROLIFERATION,Negative regulation of fibroblast proliferation,2,29,806,0.0025,0.002,1.266,0.4740291128932159,0.7784971761420929,"GSTP1, MYC",False
C2_core,GO_BP,GOBP_NEGATIVE_REGULATION_OF_SIGNAL_TRANSDUCTION_BY_P53_CLASS_MEDIATOR,Negative regulation of signal transduction by p53 class mediator,2,29,806,0.0025,0.002,1.266,0.4740291128932159,0.7784971761420929,"SNAI1, BCL2",False
C2_core,GO_BP,GOBP_POSITIVE_REGULATION_OF_DNA_BINDING,Positive regulation of dna binding,2,29,806,0.0025,0.002,1.266,0.4740291128932159,0.7784971761420929,"HAND2, FOXC1",False
C2_core,GO_BP,GOBP_CELL_DIFFERENTIATION_IN_SPINAL_CORD,Cell differentiation in spinal cord,2,29,806,0.0025,0.002,1.266,0.4740291128932159,0.7784971761420929,"GLI2, GATA2",False
C2_core,GO_BP,GOBP_RESPONSE_TO_ARSENIC_CONTAINING_SUBSTANCE,Response to arsenic containing substance,2,29,806,0.0025,0.002,1.266,0.4740291128932159,0.7784971761420929,"ZC3H12A, TNFRSF11B",False
C2_core,GO_BP,GOBP_CHONDROITIN_SULFATE_PROTEOGLYCAN_METABOLIC_PROCESS,Chondroitin sulfate proteoglycan metabolic process,2,29,806,0.0025,0.002,1.266,0.4740291128932159,0.7784971761420929,"B3GAT3, CHST3",False
C2_core,GO_BP,GOBP_ACROSOME_REACTION,Acrosome reaction,2,29,806,0.0025,0.002,1.266,0.4740291128932159,0.7784971761420929,"GLRB, ADCY3",False
C2_core,GO_BP,GOBP_REGULATION_OF_REGULATED_SECRETORY_PATHWAY,Regulation of regulated secretory pathway,6,101,806,0.0074,0.0068,1.09,0.47420730602690697,0.7784971761420929,"P2RX1, DOC2B, GATA2, ADRA2A, TRPV6, STX1A",False
C2_core,GO_BP,GOBP_PROTEIN_ACYLATION,Protein acylation,5,83,806,0.0062,0.0056,1.106,0.47507721765587624,0.7794636234456311,"GOLGA7B, SOX4, SPHK1, MBOAT4, CLIP3",False
C2_core,GO_BP,GOBP_ACTIVATION_OF_PROTEIN_KINASE_ACTIVITY,Activation of protein kinase activity,4,65,806,0.005,0.0044,1.13,0.4757336727602552,0.7794636234456311,"ADRA2C, ANGPT1, ADRA2A, TGFB2",False
C2_core,GO_BP,GOBP_NEGATIVE_REGULATION_OF_LEUKOCYTE_APOPTOTIC_PROCESS,Negative regulation of leukocyte apoptotic process,3,47,806,0.0037,0.0032,1.172,0.47582458723403137,0.7794636234456311,"CCL19, CCL21, BCL2",False
C2_core,GO_BP,GOBP_VITAMIN_TRANSPORT,Vitamin transport,3,47,806,0.0037,0.0032,1.172,0.47582458723403137,0.7794636234456311,"SLC2A3, SLC52A2, SLC35F3",False
C2_core,GO_BP,GOBP_RETINA_HOMEOSTASIS,Retina homeostasis,3,47,806,0.0037,0.0032,1.172,0.47582458723403137,0.7794636234456311,"USH1C, CIB2, PROM1",False
C2_core,GO_BP,GOBP_SULFUR_COMPOUND_METABOLIC_PROCESS,Sulfur compound metabolic process,16,283,806,0.0199,0.0191,1.038,0.4762260805743904,0.7796414356051209,"ACSM1, HS6ST2, B3GNT7, CHST4, GSTP1, SULT1C4, CHST3, B3GAT3, CHST1, HS3ST1, STAT5A, GGT5, B3GNT3, EDNRA, ANGPT1, ELOVL7",False
C2_core,GO_BP,GOBP_POSTSYNAPSE_ORGANIZATION,Postsynapse organization,10,174,806,0.0124,0.0118,1.055,0.4776221317048468,0.7796414356051209,"HOMER1, ROR2, EZR, ITGA3, NEDD9, GLRB, LRFN4, DBN1, NLGN2, MUSK",False
C2_core,GO_BP,GOBP_DETOXIFICATION,Detoxification,7,120,806,0.0087,0.0081,1.071,0.48209471044694435,0.7796414356051209,"SOD3, GPX7, PTGS2, GPX8, GSTP1, GPX3, ALOX5AP",False
C2_core,GO_BP,GOBP_PROTEIN_TARGETING_TO_MEMBRANE,Protein targeting to membrane,6,102,806,0.0074,0.0069,1.08,0.48380461700119737,0.7796414356051209,"GDI1, CHMP4B, SLC51B, GOLGA7B, NACAD, ADORA1",False
C2_core,GO_BP,GOBP_PROTEIN_AUTOPHOSPHORYLATION,Protein autophosphorylation,10,175,806,0.0124,0.0118,1.049,0.4849421589346607,0.7796414356051209,"DDR1, GRK5, VEGFC, PDGFD, MYO3A, WNK2, PDGFA, KIT, MUSK, PIM2",False
C2_core,GO_BP,GOBP_CARBOHYDRATE_DERIVATIVE_TRANSPORT,Carbohydrate derivative transport,5,84,806,0.0062,0.0057,1.093,0.4856630870427478,0.7796414356051209,"SLC28A3, SLC5A1, ADORA1, GLTP, GUK1",False
C2_core,GO_BP,GOBP_APPENDAGE_DEVELOPMENT,Appendage development,8,139,806,0.0099,0.0094,1.056,0.48871939761772765,0.7796414356051209,"HAND2, TGFB2, PRICKLE1, PKDCC, CACNA1C, SOX9, GJA1, GPC3",False
C2_core,GO_BP,GOBP_NON_LYTIC_VIRAL_RELEASE,Non lytic viral release,1,12,806,0.0012,0.0008,1.53,0.48957914446421935,0.7796414356051209,CHMP4B,False
C2_core,GO_BP,GOBP_NEUTROPHIL_MEDIATED_KILLING_OF_SYMBIONT_CELL,Neutrophil mediated killing of symbiont cell,1,12,806,0.0012,0.0008,1.53,0.48957914446421935,0.7796414356051209,CXCL6,False
C2_core,GO_BP,GOBP_NEUTROPHIL_DEGRANULATION,Neutrophil degranulation,1,12,806,0.0012,0.0008,1.53,0.48957914446421935,0.7796414356051209,ANXA3,False
C2_core,GO_BP,GOBP_NUCLEOBASE_TRANSPORT,Nucleobase transport,1,12,806,0.0012,0.0008,1.53,0.48957914446421935,0.7796414356051209,SLC28A3,False
C2_core,GO_BP,GOBP_REGULATION_OF_BILE_ACID_METABOLIC_PROCESS,Regulation of bile acid metabolic process,1,12,806,0.0012,0.0008,1.53,0.48957914446421935,0.7796414356051209,KIT,False
C2_core,GO_BP,GOBP_RNA_CAPPING,Rna capping,1,12,806,0.0012,0.0008,1.53,0.48957914446421935,0.7796414356051209,SNRPB,False
C2_core,GO_BP,GOBP_BLOOD_VESSEL_ENDOTHELIAL_CELL_DIFFERENTIATION,Blood vessel endothelial cell differentiation,1,12,806,0.0012,0.0008,1.53,0.48957914446421935,0.7796414356051209,DLL1,False
C2_core,GO_BP,GOBP_NODAL_SIGNALING_PATHWAY,Nodal signaling pathway,1,12,806,0.0012,0.0008,1.53,0.48957914446421935,0.7796414356051209,DACT1,False
C2_core,GO_BP,GOBP_REGULATION_OF_HEMATOPOIETIC_STEM_CELL_PROLIFERATION,Regulation of hematopoietic stem cell proliferation,1,12,806,0.0012,0.0008,1.53,0.48957914446421935,0.7796414356051209,WNT10B,False
C2_core,GO_BP,GOBP_RETROTRANSPOSON_SILENCING_BY_HETEROCHROMATIN_FORMATION,Retrotransposon silencing by heterochromatin formation,1,12,806,0.0012,0.0008,1.53,0.48957914446421935,0.7796414356051209,PIWIL4,False
C2_core,GO_BP,GOBP_NEGATIVE_REGULATION_OF_MEMBRANE_POTENTIAL,Negative regulation of membrane potential,1,12,806,0.0012,0.0008,1.53,0.48957914446421935,0.7796414356051209,RNF122,False
C2_core,GO_BP,GOBP_REGULATION_OF_TRANSLATIONAL_INITIATION_BY_EIF2_ALPHA_PHOSPHORYLATION,Regulation of translational initiation by eif2 alpha phosphorylation,1,12,806,0.0012,0.0008,1.53,0.48957914446421935,0.7796414356051209,NCK2,False
C2_core,GO_BP,GOBP_POSITIVE_REGULATION_OF_NUCLEAR_TRANSCRIBED_MRNA_CATABOLIC_PROCESS_DEADENYLATION_DEPENDENT_DECAY,Positive regulation of nuclear transcribed mrna catabolic process deadenylation dependent decay,1,12,806,0.0012,0.0008,1.53,0.48957914446421935,0.7796414356051209,ZFP36,False
C2_core,GO_BP,GOBP_GLUTAMATERGIC_NEURON_DIFFERENTIATION,Glutamatergic neuron differentiation,1,12,806,0.0012,0.0008,1.53,0.48957914446421935,0.7796414356051209,PRDM1,False
C2_core,GO_BP,GOBP_POSITIVE_REGULATION_OF_POST_TRANSCRIPTIONAL_GENE_SILENCING,Positive regulation of post transcriptional gene silencing,1,12,806,0.0012,0.0008,1.53,0.48957914446421935,0.7796414356051209,ZFP36,False
C2_core,GO_BP,GOBP_NEGATIVE_REGULATION_OF_NERVOUS_SYSTEM_PROCESS,Negative regulation of nervous system process,1,12,806,0.0012,0.0008,1.53,0.48957914446421935,0.7796414356051209,TNFRSF21,False
C2_core,GO_BP,GOBP_TOLL_SIGNALING_PATHWAY,Toll signaling pathway,1,12,806,0.0012,0.0008,1.53,0.48957914446421935,0.7796414356051209,IRAK3,False
C2_core,GO_BP,GOBP_POSITIVE_REGULATION_OF_ACTIN_NUCLEATION,Positive regulation of actin nucleation,1,12,806,0.0012,0.0008,1.53,0.48957914446421935,0.7796414356051209,GSN,False
C2_core,GO_BP,GOBP_CELLULAR_RESPONSE_TO_MACROPHAGE_COLONY_STIMULATING_FACTOR_STIMULUS,Cellular response to macrophage colony stimulating factor stimulus,1,12,806,0.0012,0.0008,1.53,0.48957914446421935,0.7796414356051209,MST1R,False
C2_core,GO_BP,GOBP_VENTRICULAR_TRABECULA_MYOCARDIUM_MORPHOGENESIS,Ventricular trabecula myocardium morphogenesis,1,12,806,0.0012,0.0008,1.53,0.48957914446421935,0.7796414356051209,TGFB2,False
C2_core,GO_BP,GOBP_REGULATION_OF_VENTRICULAR_CARDIAC_MUSCLE_CELL_ACTION_POTENTIAL,Regulation of ventricular cardiac muscle cell action potential,1,12,806,0.0012,0.0008,1.53,0.48957914446421935,0.7796414356051209,CACNA1C,False
C2_core,GO_BP,GOBP_RENAL_SYSTEM_PROCESS_INVOLVED_IN_REGULATION_OF_BLOOD_VOLUME,Renal system process involved in regulation of blood volume,1,12,806,0.0012,0.0008,1.53,0.48957914446421935,0.7796414356051209,ADORA1,False
C2_core,GO_BP,GOBP_RENAL_TUBULAR_SECRETION,Renal tubular secretion,1,12,806,0.0012,0.0008,1.53,0.48957914446421935,0.7796414356051209,STC1,False
C2_core,GO_BP,GOBP_PHAGOSOME_LYSOSOME_FUSION,Phagosome lysosome fusion,1,12,806,0.0012,0.0008,1.53,0.48957914446421935,0.7796414356051209,RAB34,False
C2_core,GO_BP,GOBP_MINERALOCORTICOID_METABOLIC_PROCESS,Mineralocorticoid metabolic process,1,12,806,0.0012,0.0008,1.53,0.48957914446421935,0.7796414356051209,DKK3,False
C2_core,GO_BP,GOBP_MIRNA_CATABOLIC_PROCESS,Mirna catabolic process,1,12,806,0.0012,0.0008,1.53,0.48957914446421935,0.7796414356051209,ZC3H12A,False
C2_core,GO_BP,GOBP_POSITIVE_REGULATION_OF_DENDRITIC_CELL_CYTOKINE_PRODUCTION,Positive regulation of dendritic cell cytokine production,1,12,806,0.0012,0.0008,1.53,0.48957914446421935,0.7796414356051209,KIT,False
C2_core,GO_BP,GOBP_NEGATIVE_REGULATION_OF_IMMUNOGLOBULIN_PRODUCTION,Negative regulation of immunoglobulin production,1,12,806,0.0012,0.0008,1.53,0.48957914446421935,0.7796414356051209,FOXP3,False
C2_core,GO_BP,GOBP_GONADOTROPIN_SECRETION,Gonadotropin secretion,1,12,806,0.0012,0.0008,1.53,0.48957914446421935,0.7796414356051209,GJA1,False
C2_core,GO_BP,GOBP_REGULATION_OF_PROTON_TRANSPORT,Regulation of proton transport,1,12,806,0.0012,0.0008,1.53,0.48957914446421935,0.7796414356051209,TESC,False
C2_core,GO_BP,GOBP_TRANSCRIPTION_INITIATION_AT_RNA_POLYMERASE_I_PROMOTER,Transcription initiation at rna polymerase i promoter,1,12,806,0.0012,0.0008,1.53,0.48957914446421935,0.7796414356051209,CAVIN1,False
C2_core,GO_BP,GOBP_BASE_CONVERSION_OR_SUBSTITUTION_EDITING,Base conversion or substitution editing,1,12,806,0.0012,0.0008,1.53,0.48957914446421935,0.7796414356051209,APOBEC3H,False
C2_core,GO_BP,GOBP_REGULATION_OF_POSTSYNAPTIC_DENSITY_ASSEMBLY,Regulation of postsynaptic density assembly,1,12,806,0.0012,0.0008,1.53,0.48957914446421935,0.7796414356051209,LRFN4,False
C2_core,GO_BP,GOBP_HYALURONAN_BIOSYNTHETIC_PROCESS,Hyaluronan biosynthetic process,1,12,806,0.0012,0.0008,1.53,0.48957914446421935,0.7796414356051209,HAS2,False
C2_core,GO_BP,GOBP_REGULATION_OF_AMPA_RECEPTOR_ACTIVITY,Regulation of ampa receptor activity,1,12,806,0.0012,0.0008,1.53,0.48957914446421935,0.7796414356051209,NLGN2,False
C2_core,GO_BP,GOBP_OTIC_VESICLE_DEVELOPMENT,Otic vesicle development,1,12,806,0.0012,0.0008,1.53,0.48957914446421935,0.7796414356051209,SOX9,False
C2_core,GO_BP,GOBP_LEFT_RIGHT_AXIS_SPECIFICATION,Left right axis specification,1,12,806,0.0012,0.0008,1.53,0.48957914446421935,0.7796414356051209,DLL1,False
C2_core,GO_BP,GOBP_POSITIVE_REGULATION_OF_GENE_EXPRESSION_VIA_CHROMOSOMAL_CPG_ISLAND_DEMETHYLATION,Positive regulation of gene expression via chromosomal cpg island demethylation,1,12,806,0.0012,0.0008,1.53,0.48957914446421935,0.7796414356051209,EGR1,False
C2_core,GO_BP,GOBP_TRIPEPTIDE_TRANSPORT,Tripeptide transport,1,12,806,0.0012,0.0008,1.53,0.48957914446421935,0.7796414356051209,GJA1,False
C2_core,GO_BP,GOBP_MYOBLAST_MIGRATION,Myoblast migration,1,12,806,0.0012,0.0008,1.53,0.48957914446421935,0.7796414356051209,ANXA1,False
C2_core,GO_BP,GOBP_NEGATIVE_REGULATION_OF_DNA_DAMAGE_RESPONSE_SIGNAL_TRANSDUCTION_BY_P53_CLASS_MEDIATOR,Negative regulation of dna damage response signal transduction by p53 class mediator,1,12,806,0.0012,0.0008,1.53,0.48957914446421935,0.7796414356051209,SNAI1,False
C2_core,GO_BP,GOBP_ENDODERMAL_CELL_FATE_COMMITMENT,Endodermal cell fate commitment,1,12,806,0.0012,0.0008,1.53,0.48957914446421935,0.7796414356051209,GATA6,False
C2_core,GO_BP,GOBP_EOSINOPHIL_MIGRATION,Eosinophil migration,1,12,806,0.0012,0.0008,1.53,0.48957914446421935,0.7796414356051209,CCL2,False
C2_core,GO_BP,GOBP_PRIMARY_ALCOHOL_CATABOLIC_PROCESS,Primary alcohol catabolic process,1,12,806,0.0012,0.0008,1.53,0.48957914446421935,0.7796414356051209,SULT1C4,False
C2_core,GO_BP,GOBP_NEGATIVE_REGULATION_OF_CELL_ADHESION_MEDIATED_BY_INTEGRIN,Negative regulation of cell adhesion mediated by integrin,1,12,806,0.0012,0.0008,1.53,0.48957914446421935,0.7796414356051209,JAM3,False
C2_core,GO_BP,GOBP_KIDNEY_MESENCHYME_DEVELOPMENT,Kidney mesenchyme development,1,12,806,0.0012,0.0008,1.53,0.48957914446421935,0.7796414356051209,MYC,False
C2_core,GO_BP,GOBP_PRIMARY_ALCOHOL_BIOSYNTHETIC_PROCESS,Primary alcohol biosynthetic process,1,12,806,0.0012,0.0008,1.53,0.48957914446421935,0.7796414356051209,DKK3,False
C2_core,GO_BP,GOBP_REGULATION_OF_NMDA_RECEPTOR_ACTIVITY,Regulation of nmda receptor activity,1,12,806,0.0012,0.0008,1.53,0.48957914446421935,0.7796414356051209,CCL2,False
C2_core,GO_BP,GOBP_DORSAL_VENTRAL_AXIS_SPECIFICATION,Dorsal ventral axis specification,1,12,806,0.0012,0.0008,1.53,0.48957914446421935,0.7796414356051209,MDFI,False
C2_core,GO_BP,GOBP_CARDIAC_LEFT_VENTRICLE_MORPHOGENESIS,Cardiac left ventricle morphogenesis,1,12,806,0.0012,0.0008,1.53,0.48957914446421935,0.7796414356051209,EDNRA,False
C2_core,GO_BP,GOBP_N_TERMINAL_PROTEIN_AMINO_ACID_ACETYLATION,N terminal protein amino acid acetylation,1,12,806,0.0012,0.0008,1.53,0.48957914446421935,0.7796414356051209,SOX4,False
C2_core,GO_BP,GOBP_ENDOSOMAL_LUMEN_ACIDIFICATION,Endosomal lumen acidification,1,12,806,0.0012,0.0008,1.53,0.48957914446421935,0.7796414356051209,ATP6V0B,False
C2_core,GO_BP,GOBP_URETER_DEVELOPMENT,Ureter development,1,12,806,0.0012,0.0008,1.53,0.48957914446421935,0.7796414356051209,SOX9,False
C2_core,GO_BP,GOBP_SKELETAL_MUSCLE_ACETYLCHOLINE_GATED_CHANNEL_CLUSTERING,Skeletal muscle acetylcholine gated channel clustering,1,12,806,0.0012,0.0008,1.53,0.48957914446421935,0.7796414356051209,MUSK,False
C2_core,GO_BP,GOBP_POST_TRANSLATIONAL_PROTEIN_TARGETING_TO_ENDOPLASMIC_RETICULUM_MEMBRANE,Post translational protein targeting to endoplasmic reticulum membrane,1,12,806,0.0012,0.0008,1.53,0.48957914446421935,0.7796414356051209,CHMP4B,False
C2_core,GO_BP,GOBP_LEUKOCYTE_AGGREGATION,Leukocyte aggregation,1,12,806,0.0012,0.0008,1.53,0.48957914446421935,0.7796414356051209,HAS2,False
C2_core,GO_BP,GOBP_SECONDARY_METABOLIC_PROCESS,Secondary metabolic process,3,48,806,0.0037,0.0032,1.147,0.4899007936181241,0.7796414356051209,"TRPC1, SULT1C4, BCL2",False
C2_core,GO_BP,GOBP_ICOSANOID_TRANSPORT,Icosanoid transport,3,48,806,0.0037,0.0032,1.147,0.4899007936181241,0.7796414356051209,"SLCO2A1, ANXA1, PTGS2",False
C2_core,GO_BP,GOBP_NEGATIVE_REGULATION_OF_APOPTOTIC_SIGNALING_PATHWAY,Negative regulation of apoptotic signaling pathway,11,194,806,0.0136,0.0131,1.041,0.4902189093120487,0.7796414356051209,"THBS1, PTGS2, SNAI1, GSTP1, YBX3, MCL1, IER3, PAK5, LMNA, BCL2, FZD1",False
C2_core,GO_BP,GOBP_POSITIVE_REGULATION_OF_CELL_SUBSTRATE_JUNCTION_ORGANIZATION,Positive regulation of cell substrate junction organization,2,30,806,0.0025,0.002,1.224,0.4919827586518458,0.7796414356051209,"THY1, COL16A1",False
C2_core,GO_BP,GOBP_REGULATION_OF_PROTEIN_TARGETING_TO_MEMBRANE,Regulation of protein targeting to membrane,2,30,806,0.0025,0.002,1.224,0.4919827586518458,0.7796414356051209,"GDI1, SLC51B",False
C2_core,GO_BP,GOBP_G_PROTEIN_COUPLED_RECEPTOR_SIGNALING_PATHWAY_COUPLED_TO_CYCLIC_NUCLEOTIDE_SECOND_MESSENGER,G protein coupled receptor signaling pathway coupled to cyclic nucleotide second messenger,2,30,806,0.0025,0.002,1.224,0.4919827586518458,0.7796414356051209,"ANXA1, CCL2",False
C2_core,GO_BP,GOBP_CELLULAR_RESPONSE_TO_LIPOPROTEIN_PARTICLE_STIMULUS,Cellular response to lipoprotein particle stimulus,2,30,806,0.0025,0.002,1.224,0.4919827586518458,0.7796414356051209,"CASR, CD9",False
C2_core,GO_BP,GOBP_VENTRAL_SPINAL_CORD_DEVELOPMENT,Ventral spinal cord development,2,30,806,0.0025,0.002,1.224,0.4919827586518458,0.7796414356051209,"GLI2, GATA2",False
C2_core,GO_BP,GOBP_INTERMEMBRANE_LIPID_TRANSFER,Intermembrane lipid transfer,2,30,806,0.0025,0.002,1.224,0.4919827586518458,0.7796414356051209,"OSBPL5, GLTP",False
C2_core,GO_BP,GOBP_POSITIVE_REGULATION_OF_HEART_GROWTH,Positive regulation of heart growth,2,30,806,0.0025,0.002,1.224,0.4919827586518458,0.7796414356051209,"GATA6, GLI1",False
C2_core,GO_BP,GOBP_RESPONSE_TO_STEROL,Response to sterol,2,30,806,0.0025,0.002,1.224,0.4919827586518458,0.7796414356051209,"GRAMD1B, OSBPL7",False
C2_core,GO_BP,GOBP_NEGATIVE_REGULATION_OF_GLIOGENESIS,Negative regulation of gliogenesis,2,30,806,0.0025,0.002,1.224,0.4919827586518458,0.7796414356051209,"ID4, TSPO",False
C2_core,GO_BP,GOBP_EXCITATORY_SYNAPSE_ASSEMBLY,Excitatory synapse assembly,2,30,806,0.0025,0.002,1.224,0.4919827586518458,0.7796414356051209,"NLGN2, LRFN4",False
C2_core,GO_BP,GOBP_SENSORY_PERCEPTION_OF_SMELL,Sensory perception of smell,2,30,806,0.0025,0.002,1.224,0.4919827586518458,0.7796414356051209,"ADCY3, OR51E1",False
C2_core,GO_BP,GOBP_NEURON_PROJECTION_ARBORIZATION,Neuron projection arborization,2,30,806,0.0025,0.002,1.224,0.4919827586518458,0.7796414356051209,"TUBA1A, TPBG",False
C2_core,GO_BP,GOBP_DNA_BIOSYNTHETIC_PROCESS,Dna biosynthetic process,10,176,806,0.0124,0.0119,1.043,0.4922388725156836,0.7797211906195339,"MYC, PARM1, KLF4, SPHK1, RGCC, LOX, CCN2, SMOC2, ANKRD1, PDGFA",False
C2_core,GO_BP,GOBP_LEUKOCYTE_APOPTOTIC_PROCESS,Leukocyte apoptotic process,6,103,806,0.0074,0.007,1.069,0.4933471102113275,0.7811501047182282,"TNFRSF21, IL2RA, CCL21, CCL19, ANXA1, BCL2",False
C2_core,GO_BP,GOBP_TEMPERATURE_HOMEOSTASIS,Temperature homeostasis,9,158,806,0.0112,0.0107,1.046,0.4944480928167009,0.7825663423903424,"PTGS2, CXCR4, ADORA1, LCN2, ID1, EGR1, GJA1, WNT10B, MFAP2",False
C2_core,GO_BP,GOBP_REGULATION_OF_PEPTIDYL_SERINE_PHOSPHORYLATION,Regulation of peptidyl serine phosphorylation,5,85,806,0.0062,0.0057,1.08,0.4961729986788522,0.7849684726489231,"PTGS2, GPD1L, LIF, ANGPT1, BCL2",False
C2_core,GO_BP,GOBP_MICROTUBULE_ORGANIZING_CENTER_ORGANIZATION,Microtubule organizing center organization,8,140,806,0.0099,0.0095,1.049,0.4968959368198218,0.7857841004216631,"HAUS7, CHMP4B, PPP1R35, MAP9, C10orf90, PKHD1, BRSK1, TUBA1A",False
C2_core,GO_BP,GOBP_MAINTENANCE_OF_LOCATION,Maintenance of location,16,287,806,0.0199,0.0194,1.023,0.49918805037017594,0.7889890684754264,"PLCH1, TRPC1, CCL21, ZC3H12A, TMSB10, TSPO, GSN, PLCB4, MDFI, TWF2, CACNA1C, DBN1, FLNA, CCL19, CYBA, THY1",False
C2_core,GO_BP,GOBP_ACTIVATION_OF_CYSTEINE_TYPE_ENDOPEPTIDASE_ACTIVITY_INVOLVED_IN_APOPTOTIC_PROCESS,Activation of cysteine type endopeptidase activity involved in apoptotic process,4,67,806,0.005,0.0045,1.096,0.4995473146668113,0.7889890684754264,"PYCARD, F3, BCL2, MCL1",False
C2_core,GO_BP,GOBP_REGULATION_OF_RELEASE_OF_SEQUESTERED_CALCIUM_ION_INTO_CYTOSOL,Regulation of release of sequestered calcium ion into cytosol,4,67,806,0.005,0.0045,1.096,0.4995473146668113,0.7889890684754264,"CYBA, THY1, TRPC1, CACNA1C",False
C2_core,GO_BP,GOBP_NEGATIVE_REGULATION_OF_CYSTEINE_TYPE_ENDOPEPTIDASE_ACTIVITY,Negative regulation of cysteine type endopeptidase activity,3,49,806,0.0037,0.0033,1.124,0.5037891556639018,0.7928554948700984,"KLF4, THBS1, AQP1",False
C2_core,GO_BP,GOBP_ARACHIDONIC_ACID_METABOLIC_PROCESS,Arachidonic acid metabolic process,3,49,806,0.0037,0.0033,1.124,0.5037891556639018,0.7928554948700984,"PTGS2, ABHD12, DAGLA",False
C2_core,GO_BP,GOBP_CRANIAL_NERVE_DEVELOPMENT,Cranial nerve development,3,49,806,0.0037,0.0033,1.124,0.5037891556639018,0.7928554948700984,"EGR2, PLXNA3, LPAR1",False
C2_core,GO_BP,GOBP_POSITIVE_REGULATION_OF_FATTY_ACID_METABOLIC_PROCESS,Positive regulation of fatty acid metabolic process,2,31,806,0.0025,0.0021,1.184,0.5095440840652795,0.7928554948700984,"GDF15, PTGS2",False
C2_core,GO_BP,GOBP_REGULATION_OF_PHOSPHOLIPID_METABOLIC_PROCESS,Regulation of phospholipid metabolic process,2,31,806,0.0025,0.0021,1.184,0.5095440840652795,0.7928554948700984,"LPCAT1, PDGFA",False
C2_core,GO_BP,GOBP_POSITIVE_REGULATION_OF_T_CELL_MIGRATION,Positive regulation of t cell migration,2,31,806,0.0025,0.0021,1.184,0.5095440840652795,0.7928554948700984,"PYCARD, CCL21",False
C2_core,GO_BP,GOBP_RESPIRATORY_BURST,Respiratory burst,2,31,806,0.0025,0.0021,1.184,0.5095440840652795,0.7928554948700984,"CYBA, RPS19",False
C2_core,GO_BP,GOBP_REGULATION_OF_PROGRAMMED_NECROTIC_CELL_DEATH,Regulation of programmed necrotic cell death,2,31,806,0.0025,0.0021,1.184,0.5095440840652795,0.7928554948700984,"YBX3, TSPO",False
C2_core,GO_BP,GOBP_BICARBONATE_TRANSPORT,Bicarbonate transport,2,31,806,0.0025,0.0021,1.184,0.5095440840652795,0.7928554948700984,"SLC4A3, SLC4A7",False
C2_core,GO_BP,GOBP_MICROTUBULE_ORGANIZING_CENTER_LOCALIZATION,Microtubule organizing center localization,2,31,806,0.0025,0.0021,1.184,0.5095440840652795,0.7928554948700984,"PKHD1, EZR",False
C2_core,GO_BP,GOBP_NEGATIVE_REGULATION_OF_INTERLEUKIN_1_PRODUCTION,Negative regulation of interleukin 1 production,2,31,806,0.0025,0.0021,1.184,0.5095440840652795,0.7928554948700984,"GSTP1, ZC3H12A",False
C2_core,GO_BP,GOBP_NUCLEAR_TRANSCRIBED_MRNA_POLY_A_TAIL_SHORTENING,Nuclear transcribed mrna poly a tail shortening,2,31,806,0.0025,0.0021,1.184,0.5095440840652795,0.7928554948700984,"ZFP36, BTG2",False
C2_core,GO_BP,GOBP_RESPONSE_TO_GROWTH_HORMONE,Response to growth hormone,2,31,806,0.0025,0.0021,1.184,0.5095440840652795,0.7928554948700984,"GDF15, STAT5A",False
C2_core,GO_BP,GOBP_NADH_METABOLIC_PROCESS,Nadh metabolic process,2,31,806,0.0025,0.0021,1.184,0.5095440840652795,0.7928554948700984,"GPD1L, PFKP",False
C2_core,GO_BP,GOBP_ANOIKIS,Anoikis,2,31,806,0.0025,0.0021,1.184,0.5095440840652795,0.7928554948700984,"BCL2, MCL1",False
C2_core,GO_BP,GOBP_NEUROINFLAMMATORY_RESPONSE,Neuroinflammatory response,4,68,806,0.005,0.0046,1.08,0.5112776303022492,0.7928554948700984,"PTGS2, SPHK1, SYT11, DAGLA",False
C2_core,GO_BP,GOBP_CEREBRAL_CORTEX_DEVELOPMENT,Cerebral cortex development,6,105,806,0.0074,0.0071,1.049,0.5122499437825155,0.7928554948700984,"ZMIZ1, SLIT2, FLNA, MDK, TACC1, TUBA1A",False
C2_core,GO_BP,GOBP_PYRIDINE_CONTAINING_COMPOUND_CATABOLIC_PROCESS,Pyridine containing compound catabolic process,5,87,806,0.0062,0.0059,1.055,0.5169427129308866,0.7928554948700984,"PFKP, UCHL1, HKDC1, ALDOA, IER3",False
C2_core,GO_BP,GOBP_LOCOMOTOR_RHYTHM,Locomotor rhythm,1,13,806,0.0012,0.0009,1.412,0.5174102369795648,0.7928554948700984,EGR1,False
C2_core,GO_BP,GOBP_RENAL_SODIUM_ION_TRANSPORT,Renal sodium ion transport,1,13,806,0.0012,0.0009,1.412,0.5174102369795648,0.7928554948700984,EDNRA,False
C2_core,GO_BP,GOBP_NEGATIVE_REGULATION_OF_EXTRACELLULAR_MATRIX_ORGANIZATION,Negative regulation of extracellular matrix organization,1,13,806,0.0012,0.0009,1.412,0.5174102369795648,0.7928554948700984,FAP,False
C2_core,GO_BP,GOBP_REGULATION_OF_MAMMARY_GLAND_EPITHELIAL_CELL_PROLIFERATION,Regulation of mammary gland epithelial cell proliferation,1,13,806,0.0012,0.0009,1.412,0.5174102369795648,0.7928554948700984,ZNF703,False
C2_core,GO_BP,GOBP_NEGATIVE_REGULATION_OF_SINGLE_STRANDED_VIRAL_RNA_REPLICATION_VIA_DOUBLE_STRANDED_DNA_INTERMEDIATE,Negative regulation of single stranded viral rna replication via double stranded dna intermediate,1,13,806,0.0012,0.0009,1.412,0.5174102369795648,0.7928554948700984,APOBEC3H,False
C2_core,GO_BP,GOBP_L_ARGININE_TRANSMEMBRANE_TRANSPORT,L arginine transmembrane transport,1,13,806,0.0012,0.0009,1.412,0.5174102369795648,0.7928554948700984,SLC7A1,False
C2_core,GO_BP,GOBP_CYTOPLASM_ORGANIZATION,Cytoplasm organization,1,13,806,0.0012,0.0009,1.412,0.5174102369795648,0.7928554948700984,ZMIZ1,False
C2_core,GO_BP,GOBP_FRUCTOSE_METABOLIC_PROCESS,Fructose metabolic process,1,13,806,0.0012,0.0009,1.412,0.5174102369795648,0.7928554948700984,ALDOA,False
C2_core,GO_BP,GOBP_MEIOTIC_SISTER_CHROMATID_COHESION,Meiotic sister chromatid cohesion,1,13,806,0.0012,0.0009,1.412,0.5174102369795648,0.7928554948700984,PPP2R1A,False
C2_core,GO_BP,GOBP_UDP_N_ACETYLGLUCOSAMINE_METABOLIC_PROCESS,Udp n acetylglucosamine metabolic process,1,13,806,0.0012,0.0009,1.412,0.5174102369795648,0.7928554948700984,GFPT2,False
C2_core,GO_BP,GOBP_FATTY_ACID_ELONGATION,Fatty acid elongation,1,13,806,0.0012,0.0009,1.412,0.5174102369795648,0.7928554948700984,ELOVL7,False
C2_core,GO_BP,GOBP_LYSOSOMAL_MEMBRANE_ORGANIZATION,Lysosomal membrane organization,1,13,806,0.0012,0.0009,1.412,0.5174102369795648,0.7928554948700984,CHMP4B,False
C2_core,GO_BP,GOBP_NEGATIVE_REGULATION_OF_INTRACELLULAR_ESTROGEN_RECEPTOR_SIGNALING_PATHWAY,Negative regulation of intracellular estrogen receptor signaling pathway,1,13,806,0.0012,0.0009,1.412,0.5174102369795648,0.7928554948700984,LBH,False
C2_core,GO_BP,GOBP_NEGATIVE_REGULATION_OF_LONG_TERM_SYNAPTIC_POTENTIATION,Negative regulation of long term synaptic potentiation,1,13,806,0.0012,0.0009,1.412,0.5174102369795648,0.7928554948700984,ADORA1,False
C2_core,GO_BP,GOBP_PROTEIN_LOCALIZATION_TO_NUCLEAR_ENVELOPE,Protein localization to nuclear envelope,1,13,806,0.0012,0.0009,1.412,0.5174102369795648,0.7928554948700984,LMNA,False
C2_core,GO_BP,GOBP_RRNA_CATABOLIC_PROCESS,Rrna catabolic process,1,13,806,0.0012,0.0009,1.412,0.5174102369795648,0.7928554948700984,SLFN13,False
C2_core,GO_BP,GOBP_REGULATION_OF_PROTEIN_CATABOLIC_PROCESS_IN_THE_VACUOLE,Regulation of protein catabolic process in the vacuole,1,13,806,0.0012,0.0009,1.412,0.5174102369795648,0.7928554948700984,MGAT3,False
C2_core,GO_BP,GOBP_NEGATIVE_REGULATION_OF_LYMPHOCYTE_MIGRATION,Negative regulation of lymphocyte migration,1,13,806,0.0012,0.0009,1.412,0.5174102369795648,0.7928554948700984,CCL2,False
C2_core,GO_BP,GOBP_ESTABLISHMENT_OF_PLANAR_POLARITY_OF_EMBRYONIC_EPITHELIUM,Establishment of planar polarity of embryonic epithelium,1,13,806,0.0012,0.0009,1.412,0.5174102369795648,0.7928554948700984,FZD1,False
C2_core,GO_BP,GOBP_RESPONSE_TO_L_GLUTAMATE,Response to l glutamate,1,13,806,0.0012,0.0009,1.412,0.5174102369795648,0.7928554948700984,TUBA1A,False
C2_core,GO_BP,GOBP_G_PROTEIN_COUPLED_SEROTONIN_RECEPTOR_SIGNALING_PATHWAY,G protein coupled serotonin receptor signaling pathway,1,13,806,0.0012,0.0009,1.412,0.5174102369795648,0.7928554948700984,GNAZ,False
C2_core,GO_BP,GOBP_REGULATION_OF_APPETITE,Regulation of appetite,1,13,806,0.0012,0.0009,1.412,0.5174102369795648,0.7928554948700984,GDF15,False
C2_core,GO_BP,GOBP_AMINO_ACID_BETAINE_TRANSPORT,Amino acid betaine transport,1,13,806,0.0012,0.0009,1.412,0.5174102369795648,0.7928554948700984,SLC22A15,False
C2_core,GO_BP,GOBP_POSITIVE_REGULATION_OF_PROTEIN_ACETYLATION,Positive regulation of protein acetylation,1,13,806,0.0012,0.0009,1.412,0.5174102369795648,0.7928554948700984,SOX4,False
C2_core,GO_BP,GOBP_GLUCOCORTICOID_BIOSYNTHETIC_PROCESS,Glucocorticoid biosynthetic process,1,13,806,0.0012,0.0009,1.412,0.5174102369795648,0.7928554948700984,DKK3,False
C2_core,GO_BP,GOBP_NEGATIVE_REGULATION_OF_MYOTUBE_DIFFERENTIATION,Negative regulation of myotube differentiation,1,13,806,0.0012,0.0009,1.412,0.5174102369795648,0.7928554948700984,BHLHE41,False
C2_core,GO_BP,GOBP_T_CELL_EXTRAVASATION,T cell extravasation,1,13,806,0.0012,0.0009,1.412,0.5174102369795648,0.7928554948700984,CCL2,False
C2_core,GO_BP,GOBP_SPHINGOID_BIOSYNTHETIC_PROCESS,Sphingoid biosynthetic process,1,13,806,0.0012,0.0009,1.412,0.5174102369795648,0.7928554948700984,SPHK1,False
C2_core,GO_BP,GOBP_IMMATURE_T_CELL_PROLIFERATION,Immature t cell proliferation,1,13,806,0.0012,0.0009,1.412,0.5174102369795648,0.7928554948700984,FOXP3,False
C2_core,GO_BP,GOBP_PYRIMIDINE_NUCLEOSIDE_CATABOLIC_PROCESS,Pyrimidine nucleoside catabolic process,1,13,806,0.0012,0.0009,1.412,0.5174102369795648,0.7928554948700984,APOBEC3H,False
C2_core,GO_BP,GOBP_PURINE_CONTAINING_COMPOUND_SALVAGE,Purine containing compound salvage,1,13,806,0.0012,0.0009,1.412,0.5174102369795648,0.7928554948700984,DGUOK,False
C2_core,GO_BP,GOBP_DETECTION_OF_MECHANICAL_STIMULUS_INVOLVED_IN_SENSORY_PERCEPTION_OF_SOUND,Detection of mechanical stimulus involved in sensory perception of sound,1,13,806,0.0012,0.0009,1.412,0.5174102369795648,0.7928554948700984,KIT,False
C2_core,GO_BP,GOBP_NEGATIVE_REGULATION_OF_LYASE_ACTIVITY,Negative regulation of lyase activity,1,13,806,0.0012,0.0009,1.412,0.5174102369795648,0.7928554948700984,GABBR2,False
C2_core,GO_BP,GOBP_REGULATION_OF_HEAT_GENERATION,Regulation of heat generation,1,13,806,0.0012,0.0009,1.412,0.5174102369795648,0.7928554948700984,PTGS2,False
C2_core,GO_BP,GOBP_NEGATIVE_REGULATION_OF_MEIOTIC_CELL_CYCLE,Negative regulation of meiotic cell cycle,1,13,806,0.0012,0.0009,1.412,0.5174102369795648,0.7928554948700984,LIF,False
C2_core,GO_BP,GOBP_NEURON_REMODELING,Neuron remodeling,1,13,806,0.0012,0.0009,1.412,0.5174102369795648,0.7928554948700984,EDNRA,False
C2_core,GO_BP,GOBP_SEX_DETERMINATION,Sex determination,1,13,806,0.0012,0.0009,1.412,0.5174102369795648,0.7928554948700984,SOX9,False
C2_core,GO_BP,GOBP_ONE_CARBON_COMPOUND_TRANSPORT,One carbon compound transport,1,13,806,0.0012,0.0009,1.412,0.5174102369795648,0.7928554948700984,AQP1,False
C2_core,GO_BP,GOBP_NEGATIVE_REGULATION_OF_COMPLEMENT_ACTIVATION,Negative regulation of complement activation,1,13,806,0.0012,0.0009,1.412,0.5174102369795648,0.7928554948700984,A2M,False
C2_core,GO_BP,GOBP_POSITIVE_REGULATION_OF_FATTY_ACID_OXIDATION,Positive regulation of fatty acid oxidation,1,13,806,0.0012,0.0009,1.412,0.5174102369795648,0.7928554948700984,GDF15,False
C2_core,GO_BP,GOBP_ENDOPLASMIC_RETICULUM_MEMBRANE_ORGANIZATION,Endoplasmic reticulum membrane organization,1,13,806,0.0012,0.0009,1.412,0.5174102369795648,0.7928554948700984,ATL1,False
C2_core,GO_BP,GOBP_POSITIVE_REGULATION_OF_ENDOTHELIAL_CELL_CHEMOTAXIS,Positive regulation of endothelial cell chemotaxis,1,13,806,0.0012,0.0009,1.412,0.5174102369795648,0.7928554948700984,SMOC2,False
C2_core,GO_BP,GOBP_CONVERGENT_EXTENSION,Convergent extension,1,13,806,0.0012,0.0009,1.412,0.5174102369795648,0.7928554948700984,FRZB,False
C2_core,GO_BP,GOBP_REGULATION_OF_RECEPTOR_CLUSTERING,Regulation of receptor clustering,1,13,806,0.0012,0.0009,1.412,0.5174102369795648,0.7928554948700984,GSN,False
C2_core,GO_BP,GOBP_GANGLION_DEVELOPMENT,Ganglion development,1,13,806,0.0012,0.0009,1.412,0.5174102369795648,0.7928554948700984,RGS4,False
C2_core,GO_BP,GOBP_SPINAL_CORD_PATTERNING,Spinal cord patterning,1,13,806,0.0012,0.0009,1.412,0.5174102369795648,0.7928554948700984,GLI2,False
C2_core,GO_BP,GOBP_GAP_JUNCTION_ASSEMBLY,Gap junction assembly,1,13,806,0.0012,0.0009,1.412,0.5174102369795648,0.7928554948700984,GJA1,False
C2_core,GO_BP,GOBP_NEUROMUSCULAR_PROCESS_CONTROLLING_POSTURE,Neuromuscular process controlling posture,1,13,806,0.0012,0.0009,1.412,0.5174102369795648,0.7928554948700984,ATP8A2,False
C2_core,GO_BP,GOBP_REGULATION_OF_SKELETAL_MUSCLE_CELL_PROLIFERATION,Regulation of skeletal muscle cell proliferation,1,13,806,0.0012,0.0009,1.412,0.5174102369795648,0.7928554948700984,ANGPT1,False
C2_core,GO_BP,GOBP_NEGATIVE_REGULATION_OF_ANDROGEN_RECEPTOR_SIGNALING_PATHWAY,Negative regulation of androgen receptor signaling pathway,1,13,806,0.0012,0.0009,1.412,0.5174102369795648,0.7928554948700984,HEYL,False
C2_core,GO_BP,GOBP_COPULATION,Copulation,1,13,806,0.0012,0.0009,1.412,0.5174102369795648,0.7928554948700984,P2RX1,False
C2_core,GO_BP,GOBP_REGULATION_OF_PODOSOME_ASSEMBLY,Regulation of podosome assembly,1,13,806,0.0012,0.0009,1.412,0.5174102369795648,0.7928554948700984,GSN,False
C2_core,GO_BP,GOBP_CELLULAR_RESPONSE_TO_SALT_STRESS,Cellular response to salt stress,1,13,806,0.0012,0.0009,1.412,0.5174102369795648,0.7928554948700984,AQP1,False
C2_core,GO_BP,GOBP_NEGATIVE_REGULATION_OF_INTERFERON_BETA_PRODUCTION,Negative regulation of interferon beta production,1,13,806,0.0012,0.0009,1.412,0.5174102369795648,0.7928554948700984,PYCARD,False
C2_core,GO_BP,GOBP_POSITIVE_REGULATION_OF_SYNAPTIC_TRANSMISSION_GABAERGIC,Positive regulation of synaptic transmission gabaergic,1,13,806,0.0012,0.0009,1.412,0.5174102369795648,0.7928554948700984,NLGN2,False
C2_core,GO_BP,GOBP_ACTIN_NUCLEATION,Actin nucleation,3,50,806,0.0037,0.0034,1.101,0.5174799785731732,0.7928554948700984,"GSN, ARPC3, ARPC1B",False
C2_core,GO_BP,GOBP_PHOSPHATIDYLCHOLINE_METABOLIC_PROCESS,Phosphatidylcholine metabolic process,4,69,806,0.005,0.0047,1.064,0.522881009165101,0.7995141822948216,"ENPP2, MBOAT2, LPCAT1, SLC44A3",False
C2_core,GO_BP,GOBP_REGULATION_OF_PROTEIN_DEPHOSPHORYLATION,Regulation of protein dephosphorylation,4,69,806,0.005,0.0047,1.064,0.522881009165101,0.7995141822948216,"ADORA1, PPP1R15A, PIN1, NCK2",False
C2_core,GO_BP,GOBP_MITOTIC_SPINDLE_ASSEMBLY,Mitotic spindle assembly,4,69,806,0.005,0.0047,1.064,0.522881009165101,0.7995141822948216,"PRICKLE1, FLNA, CHMP4B, MAP9",False
C2_core,GO_BP,GOBP_REGULATION_OF_NEUROTRANSMITTER_SECRETION,Regulation of neurotransmitter secretion,4,69,806,0.005,0.0047,1.064,0.522881009165101,0.7995141822948216,"P2RX1, SYT11, STX1A, MCTP1",False
C2_core,GO_BP,GOBP_SPINAL_CORD_DEVELOPMENT,Spinal cord development,4,69,806,0.005,0.0047,1.064,0.522881009165101,0.7995141822948216,"DLL1, GLI2, SOX4, GATA2",False
C2_core,GO_BP,GOBP_RESPONSE_TO_MINERALOCORTICOID,Response to mineralocorticoid,2,32,806,0.0025,0.0022,1.147,0.5267025089220831,0.8006903576547195,"FOSB, FOS",False
C2_core,GO_BP,GOBP_REGULATION_OF_HOMOTYPIC_CELL_CELL_ADHESION,Regulation of homotypic cell cell adhesion,2,32,806,0.0025,0.0022,1.147,0.5267025089220831,0.8006903576547195,"ZNF703, CD9",False
C2_core,GO_BP,GOBP_REGULATION_OF_FATTY_ACID_OXIDATION,Regulation of fatty acid oxidation,2,32,806,0.0025,0.0022,1.147,0.5267025089220831,0.8006903576547195,"GDF15, SOX9",False
C2_core,GO_BP,GOBP_PROTEIN_KINASE_A_SIGNALING,Protein kinase a signaling,2,32,806,0.0025,0.0022,1.147,0.5267025089220831,0.8006903576547195,"EDNRA, EZR",False
C2_core,GO_BP,GOBP_B_CELL_HOMEOSTASIS,B cell homeostasis,2,32,806,0.0025,0.0022,1.147,0.5267025089220831,0.8006903576547195,"FOXP3, BCL2",False
C2_core,GO_BP,GOBP_VENTRICULAR_SYSTEM_DEVELOPMENT,Ventricular system development,2,32,806,0.0025,0.0022,1.147,0.5267025089220831,0.8006903576547195,"DNAH5, AQP1",False
C2_core,GO_BP,GOBP_OLFACTORY_LOBE_DEVELOPMENT,Olfactory lobe development,2,32,806,0.0025,0.0022,1.147,0.5267025089220831,0.8006903576547195,"SLIT2, SEMA7A",False
C2_core,GO_BP,GOBP_REGULATION_OF_INTRINSIC_APOPTOTIC_SIGNALING_PATHWAY_IN_RESPONSE_TO_DNA_DAMAGE,Regulation of intrinsic apoptotic signaling pathway in response to dna damage,2,32,806,0.0025,0.0022,1.147,0.5267025089220831,0.8006903576547195,"SNAI1, BCL2",False
C2_core,GO_BP,GOBP_REGULATION_OF_PHOSPHOLIPASE_C_ACTIVITY,Regulation of phospholipase c activity,2,32,806,0.0025,0.0022,1.147,0.5267025089220831,0.8006903576547195,"LPAR1, KIT",False
C2_core,GO_BP,GOBP_LATE_ENDOSOME_TO_VACUOLE_TRANSPORT,Late endosome to vacuole transport,2,32,806,0.0025,0.0022,1.147,0.5267025089220831,0.8006903576547195,"TMEM50A, CHMP4B",False
C2_core,GO_BP,GOBP_REGULATION_OF_CARDIAC_MUSCLE_CELL_PROLIFERATION,Regulation of cardiac muscle cell proliferation,2,32,806,0.0025,0.0022,1.147,0.5267025089220831,0.8006903576547195,"GATA6, GLI1",False
C2_core,GO_BP,GOBP_REGULATION_OF_MONOOXYGENASE_ACTIVITY,Regulation of monooxygenase activity,2,32,806,0.0025,0.0022,1.147,0.5267025089220831,0.8006903576547195,"VDR, GFI1",False
C2_core,GO_BP,GOBP_DOPAMINE_METABOLIC_PROCESS,Dopamine metabolic process,2,32,806,0.0025,0.0022,1.147,0.5267025089220831,0.8006903576547195,"MOXD1, TGFB2",False
C2_core,GO_BP,GOBP_POSITIVE_REGULATION_OF_PROTEIN_LOCALIZATION_TO_NUCLEUS,Positive regulation of protein localization to nucleus,5,88,806,0.0062,0.0059,1.043,0.5271921079317992,0.8006903576547195,"PTGS2, FLNA, WWTR1, ZC3H12A, HYAL2",False
C2_core,GO_BP,GOBP_NEURON_PROJECTION_ORGANIZATION,Neuron projection organization,5,88,806,0.0062,0.0059,1.043,0.5271921079317992,0.8006903576547195,"HOMER1, ITGA3, NEDD9, DBN1, MAP1A",False
C2_core,GO_BP,GOBP_POSITIVE_REGULATION_OF_PEPTIDE_SECRETION,Positive regulation of peptide secretion,5,88,806,0.0062,0.0059,1.043,0.5271921079317992,0.8006903576547195,"DOC2B, CASR, ADORA1, SOX4, NLGN2",False
C2_core,GO_BP,GOBP_NEGATIVE_REGULATION_OF_CELLULAR_CATABOLIC_PROCESS,Negative regulation of cellular catabolic process,6,107,806,0.0074,0.0072,1.029,0.5308822139685112,0.8006903576547195,"TIMP2, MCL1, TSPO, TIMP4, BCL2, TIMP1",False
C2_core,GO_BP,GOBP_PHOSPHOLIPID_CATABOLIC_PROCESS,Phospholipid catabolic process,3,51,806,0.0037,0.0034,1.08,0.5309645430696185,0.8006903576547195,"ENPP2, ABHD12, GPCPD1",False
C2_core,GO_BP,GOBP_FOREBRAIN_CELL_MIGRATION,Forebrain cell migration,3,51,806,0.0037,0.0034,1.08,0.5309645430696185,0.8006903576547195,"SLIT2, CXCR4, ZMIZ1",False
C2_core,GO_BP,GOBP_REGULATION_OF_BEHAVIOR,Regulation of behavior,3,51,806,0.0037,0.0034,1.08,0.5309645430696185,0.8006903576547195,"SGIP1, ADORA1, MDK",False
C2_core,GO_BP,GOBP_CELLULAR_MODIFIED_AMINO_ACID_METABOLIC_PROCESS,Cellular modified amino acid metabolic process,9,163,806,0.0112,0.011,1.013,0.5324288759475707,0.8006903576547195,"PCYOX1L, GSTP1, GCNT4, OSBPL5, MBOAT2, ABHD12, GGT5, CKB, MTHFD2",False
C2_core,GO_BP,GOBP_CELLULAR_PROCESS_INVOLVED_IN_REPRODUCTION_IN_MULTICELLULAR_ORGANISM,Cellular process involved in reproduction in multicellular organism,16,293,806,0.0199,0.0198,1.002,0.5332132026904675,0.8006903576547195,"TAF4B, CD9, PRDM1, PTX3, NDN, PPP2R1A, KIT, JAM3, GLI1, MDK, HSPA2, PYGO1, EDNRA, PDE3A, SHB, BCL2",False
C2_core,GO_BP,GOBP_POSITIVE_REGULATION_OF_INSULIN_SECRETION,Positive regulation of insulin secretion,4,70,806,0.005,0.0047,1.049,0.5343511076675617,0.8006903576547195,"DOC2B, NLGN2, CASR, SOX4",False
C2_core,GO_BP,GOBP_SPINDLE_ORGANIZATION,Spindle organization,10,182,806,0.0124,0.0123,1.009,0.5354102044293529,0.8006903576547195,"HAUS7, CHMP4B, EZR, PRICKLE1, PPP2R1A, FLNA, MYH9, PLK3, MAP9, TACC1",False
C2_core,GO_BP,GOBP_REGULATION_OF_MITOTIC_CELL_CYCLE_PHASE_TRANSITION,Regulation of mitotic cell cycle phase transition,17,312,806,0.0211,0.0211,1.0,0.5357942367867949,0.8006903576547195,"CDKN2C, CCND3, SMARCD3, GJC2, ADAMTS1, PLK3, CCL2, KLF4, DACT1, IER3, RGCC, MIIP, HSPA2, WNT10B, BRSK1, ANXA1, BCL2",False
C2_core,GO_BP,GOBP_REGULATION_OF_CYSTEINE_TYPE_ENDOPEPTIDASE_ACTIVITY,Regulation of cysteine type endopeptidase activity,9,164,806,0.0112,0.0111,1.007,0.5399060641605543,0.8006903576547195,"AQP1, THBS1, F3, MYC, MCL1, GSN, KLF4, PYCARD, BCL2",False
C2_core,GO_BP,GOBP_REGULATION_OF_CELL_CYCLE_G2_M_PHASE_TRANSITION,Regulation of cell cycle g2 m phase transition,6,108,806,0.0074,0.0073,1.02,0.5400871819883111,0.8006903576547195,"SMARCD3, IER3, MIIP, HSPA2, WNT10B, BRSK1",False
C2_core,GO_BP,GOBP_VENTRICULAR_CARDIAC_MUSCLE_CELL_ACTION_POTENTIAL,Ventricular cardiac muscle cell action potential,2,33,806,0.0025,0.0022,1.112,0.5434497662935394,0.8006903576547195,"GPD1L, CACNA1C",False
C2_core,GO_BP,GOBP_NEGATIVE_REGULATION_OF_INTRACELLULAR_STEROID_HORMONE_RECEPTOR_SIGNALING_PATHWAY,Negative regulation of intracellular steroid hormone receptor signaling pathway,2,33,806,0.0025,0.0022,1.112,0.5434497662935394,0.8006903576547195,"HEYL, LBH",False
C2_core,GO_BP,GOBP_POSITIVE_REGULATION_OF_RELEASE_OF_SEQUESTERED_CALCIUM_ION_INTO_CYTOSOL,Positive regulation of release of sequestered calcium ion into cytosol,2,33,806,0.0025,0.0022,1.112,0.5434497662935394,0.8006903576547195,"THY1, TRPC1",False
C2_core,GO_BP,GOBP_ESTABLISHMENT_OF_EPITHELIAL_CELL_POLARITY,Establishment of epithelial cell polarity,2,33,806,0.0025,0.0022,1.112,0.5434497662935394,0.8006903576547195,"CYTH3, EZR",False
C2_core,GO_BP,GOBP_ICOSANOID_SECRETION,Icosanoid secretion,2,33,806,0.0025,0.0022,1.112,0.5434497662935394,0.8006903576547195,"ANXA1, PTGS2",False
C2_core,GO_BP,GOBP_REGULATION_OF_ISOTYPE_SWITCHING,Regulation of isotype switching,2,33,806,0.0025,0.0022,1.112,0.5434497662935394,0.8006903576547195,"CLCF1, FOXP3",False
C2_core,GO_BP,GOBP_REGULATION_OF_CALCINEURIN_MEDIATED_SIGNALING,Regulation of calcineurin mediated signaling,2,33,806,0.0025,0.0022,1.112,0.5434497662935394,0.8006903576547195,"LMCD1, FHL2",False
C2_core,GO_BP,GOBP_NEGATIVE_REGULATION_OF_EXOCYTOSIS,Negative regulation of exocytosis,2,33,806,0.0025,0.0022,1.112,0.5434497662935394,0.8006903576547195,"ANXA1, ADRA2A",False
C2_core,GO_BP,GOBP_LONG_TERM_MEMORY,Long term memory,2,33,806,0.0025,0.0022,1.112,0.5434497662935394,0.8006903576547195,"CHST10, NFATC4",False
C2_core,GO_BP,GOBP_POSITIVE_REGULATION_OF_LAMELLIPODIUM_ORGANIZATION,Positive regulation of lamellipodium organization,2,33,806,0.0025,0.0022,1.112,0.5434497662935394,0.8006903576547195,"ENPP2, TWF2",False
C2_core,GO_BP,GOBP_3_PHOSPHOADENOSINE_5_PHOSPHOSULFATE_METABOLIC_PROCESS,3 phosphoadenosine 5 phosphosulfate metabolic process,1,14,806,0.0012,0.0009,1.311,0.5437255978478737,0.8006903576547195,SULT1C4,False
C2_core,GO_BP,GOBP_HEART_FIELD_SPECIFICATION,Heart field specification,1,14,806,0.0012,0.0009,1.311,0.5437255978478737,0.8006903576547195,SMARCD3,False
C2_core,GO_BP,GOBP_ACTIVATION_OF_ADENYLATE_CYCLASE_ACTIVITY,Activation of adenylate cyclase activity,1,14,806,0.0012,0.0009,1.311,0.5437255978478737,0.8006903576547195,EDNRA,False
C2_core,GO_BP,GOBP_LACTONE_METABOLIC_PROCESS,Lactone metabolic process,1,14,806,0.0012,0.0009,1.311,0.5437255978478737,0.8006903576547195,SLC2A3,False
C2_core,GO_BP,GOBP_ISOTYPE_SWITCHING_TO_IGG_ISOTYPES,Isotype switching to igg isotypes,1,14,806,0.0012,0.0009,1.311,0.5437255978478737,0.8006903576547195,FOXP3,False
C2_core,GO_BP,GOBP_PROGESTERONE_METABOLIC_PROCESS,Progesterone metabolic process,1,14,806,0.0012,0.0009,1.311,0.5437255978478737,0.8006903576547195,EGR1,False
C2_core,GO_BP,GOBP_ANTIFUNGAL_INNATE_IMMUNE_RESPONSE,Antifungal innate immune response,1,14,806,0.0012,0.0009,1.311,0.5437255978478737,0.8006903576547195,CLEC4D,False
C2_core,GO_BP,GOBP_RESOLUTION_OF_MEIOTIC_RECOMBINATION_INTERMEDIATES,Resolution of meiotic recombination intermediates,1,14,806,0.0012,0.0009,1.311,0.5437255978478737,0.8006903576547195,HFM1,False
C2_core,GO_BP,GOBP_RESPONSE_TO_VITAMIN_A,Response to vitamin a,1,14,806,0.0012,0.0009,1.311,0.5437255978478737,0.8006903576547195,MAP1B,False
C2_core,GO_BP,GOBP_POSITIVE_REGULATION_OF_VASCULAR_ASSOCIATED_SMOOTH_MUSCLE_CELL_MIGRATION,Positive regulation of vascular associated smooth muscle cell migration,1,14,806,0.0012,0.0009,1.311,0.5437255978478737,0.8006903576547195,ADAMTS1,False
C2_core,GO_BP,GOBP_REGULATORY_NCRNA_MEDIATED_HETEROCHROMATIN_FORMATION,Regulatory ncrna mediated heterochromatin formation,1,14,806,0.0012,0.0009,1.311,0.5437255978478737,0.8006903576547195,PIWIL4,False
C2_core,GO_BP,GOBP_FOLIC_ACID_METABOLIC_PROCESS,Folic acid metabolic process,1,14,806,0.0012,0.0009,1.311,0.5437255978478737,0.8006903576547195,MTHFD2,False
C2_core,GO_BP,GOBP_FIBROBLAST_ACTIVATION,Fibroblast activation,1,14,806,0.0012,0.0009,1.311,0.5437255978478737,0.8006903576547195,RGCC,False
C2_core,GO_BP,GOBP_MITOCHONDRIAL_ELECTRON_TRANSPORT_CYTOCHROME_C_TO_OXYGEN,Mitochondrial electron transport cytochrome c to oxygen,1,14,806,0.0012,0.0009,1.311,0.5437255978478737,0.8006903576547195,COX7A1,False
C2_core,GO_BP,GOBP_POSITIVE_REGULATION_OF_PHOSPHOPROTEIN_PHOSPHATASE_ACTIVITY,Positive regulation of phosphoprotein phosphatase activity,1,14,806,0.0012,0.0009,1.311,0.5437255978478737,0.8006903576547195,PPP1R15A,False
C2_core,GO_BP,GOBP_AZOLE_TRANSMEMBRANE_TRANSPORT,Azole transmembrane transport,1,14,806,0.0012,0.0009,1.311,0.5437255978478737,0.8006903576547195,SLC7A1,False
C2_core,GO_BP,GOBP_REGULATION_OF_SENSORY_PERCEPTION,Regulation of sensory perception,1,14,806,0.0012,0.0009,1.311,0.5437255978478737,0.8006903576547195,ADORA1,False
C2_core,GO_BP,GOBP_NEGATIVE_REGULATION_OF_ACTIVIN_RECEPTOR_SIGNALING_PATHWAY,Negative regulation of activin receptor signaling pathway,1,14,806,0.0012,0.0009,1.311,0.5437255978478737,0.8006903576547195,FSTL3,False
C2_core,GO_BP,GOBP_TRNA_DECAY,Trna decay,1,14,806,0.0012,0.0009,1.311,0.5437255978478737,0.8006903576547195,SLFN13,False
C2_core,GO_BP,GOBP_ESTABLISHMENT_OF_BLOOD_BRAIN_BARRIER,Establishment of blood brain barrier,1,14,806,0.0012,0.0009,1.311,0.5437255978478737,0.8006903576547195,FOXP3,False
C2_core,GO_BP,GOBP_MODULATION_OF_PROCESS_OF_ANOTHER_ORGANISM,Modulation of process of another organism,1,14,806,0.0012,0.0009,1.311,0.5437255978478737,0.8006903576547195,CXCL6,False
C2_core,GO_BP,GOBP_REGULATION_OF_STORE_OPERATED_CALCIUM_ENTRY,Regulation of store operated calcium entry,1,14,806,0.0012,0.0009,1.311,0.5437255978478737,0.8006903576547195,HOMER1,False
C2_core,GO_BP,GOBP_ENDOSOMAL_VESICLE_FUSION,Endosomal vesicle fusion,1,14,806,0.0012,0.0009,1.311,0.5437255978478737,0.8006903576547195,SPHK1,False
C2_core,GO_BP,GOBP_REGULATION_OF_STEROID_HORMONE_BIOSYNTHETIC_PROCESS,Regulation of steroid hormone biosynthetic process,1,14,806,0.0012,0.0009,1.311,0.5437255978478737,0.8006903576547195,DKK3,False
C2_core,GO_BP,GOBP_NEGATIVE_ADAPTATION_OF_SIGNALING_PATHWAY,Negative adaptation of signaling pathway,1,14,806,0.0012,0.0009,1.311,0.5437255978478737,0.8006903576547195,ENTREP1,False
C2_core,GO_BP,GOBP_NEGATIVE_REGULATION_OF_GENE_EXPRESSION_VIA_CHROMOSOMAL_CPG_ISLAND_METHYLATION,Negative regulation of gene expression via chromosomal cpg island methylation,1,14,806,0.0012,0.0009,1.311,0.5437255978478737,0.8006903576547195,MYC,False
C2_core,GO_BP,GOBP_NEGATIVE_REGULATION_OF_GLIAL_CELL_PROLIFERATION,Negative regulation of glial cell proliferation,1,14,806,0.0012,0.0009,1.311,0.5437255978478737,0.8006903576547195,TSPO,False
C2_core,GO_BP,GOBP_REGULATION_OF_RETINOIC_ACID_RECEPTOR_SIGNALING_PATHWAY,Regulation of retinoic acid receptor signaling pathway,1,14,806,0.0012,0.0009,1.311,0.5437255978478737,0.8006903576547195,KLF2,False
C2_core,GO_BP,GOBP_POSITIVE_REGULATION_OF_HORMONE_METABOLIC_PROCESS,Positive regulation of hormone metabolic process,1,14,806,0.0012,0.0009,1.311,0.5437255978478737,0.8006903576547195,EGR1,False
C2_core,GO_BP,GOBP_NEGATIVE_REGULATION_OF_BONE_MINERALIZATION,Negative regulation of bone mineralization,1,14,806,0.0012,0.0009,1.311,0.5437255978478737,0.8006903576547195,SOX9,False
C2_core,GO_BP,GOBP_NEGATIVE_REGULATION_OF_B_CELL_MEDIATED_IMMUNITY,Negative regulation of b cell mediated immunity,1,14,806,0.0012,0.0009,1.311,0.5437255978478737,0.8006903576547195,FOXP3,False
C2_core,GO_BP,GOBP_NEGATIVE_REGULATION_OF_CALCINEURIN_MEDIATED_SIGNALING,Negative regulation of calcineurin mediated signaling,1,14,806,0.0012,0.0009,1.311,0.5437255978478737,0.8006903576547195,FHL2,False
C2_core,GO_BP,GOBP_NEGATIVE_REGULATION_OF_FATTY_ACID_OXIDATION,Negative regulation of fatty acid oxidation,1,14,806,0.0012,0.0009,1.311,0.5437255978478737,0.8006903576547195,SOX9,False
C2_core,GO_BP,GOBP_PLASMA_MEMBRANE_FUSION,Plasma membrane fusion,1,14,806,0.0012,0.0009,1.311,0.5437255978478737,0.8006903576547195,CD9,False
C2_core,GO_BP,GOBP_REGULATION_OF_INCLUSION_BODY_ASSEMBLY,Regulation of inclusion body assembly,1,14,806,0.0012,0.0009,1.311,0.5437255978478737,0.8006903576547195,HSPA2,False
C2_core,GO_BP,GOBP_REGULATION_OF_INTRINSIC_APOPTOTIC_SIGNALING_PATHWAY_IN_RESPONSE_TO_DNA_DAMAGE_BY_P53_CLASS_MEDIATOR,Regulation of intrinsic apoptotic signaling pathway in response to dna damage by p53 class mediator,1,14,806,0.0012,0.0009,1.311,0.5437255978478737,0.8006903576547195,BCL2,False
C2_core,GO_BP,GOBP_REGULATION_OF_POSTSYNAPTIC_SPECIALIZATION_ASSEMBLY,Regulation of postsynaptic specialization assembly,1,14,806,0.0012,0.0009,1.311,0.5437255978478737,0.8006903576547195,LRFN4,False
C2_core,GO_BP,GOBP_NEGATIVE_REGULATION_OF_NUCLEOTIDE_CATABOLIC_PROCESS,Negative regulation of nucleotide catabolic process,1,14,806,0.0012,0.0009,1.311,0.5437255978478737,0.8006903576547195,IER3,False
C2_core,GO_BP,GOBP_NEGATIVE_REGULATION_OF_NEURON_PROJECTION_REGENERATION,Negative regulation of neuron projection regeneration,1,14,806,0.0012,0.0009,1.311,0.5437255978478737,0.8006903576547195,THY1,False
C2_core,GO_BP,GOBP_REGULATION_OF_GRANULOCYTE_DIFFERENTIATION,Regulation of granulocyte differentiation,1,14,806,0.0012,0.0009,1.311,0.5437255978478737,0.8006903576547195,TESC,False
C2_core,GO_BP,GOBP_PHOSPHATE_ION_TRANSMEMBRANE_TRANSPORT,Phosphate ion transmembrane transport,1,14,806,0.0012,0.0009,1.311,0.5437255978478737,0.8006903576547195,VDR,False
C2_core,GO_BP,GOBP_PEPTIDE_ANTIGEN_ASSEMBLY_WITH_MHC_CLASS_II_PROTEIN_COMPLEX,Peptide antigen assembly with mhc class ii protein complex,1,14,806,0.0012,0.0009,1.311,0.5437255978478737,0.8006903576547195,HLA-DOB,False
C2_core,GO_BP,GOBP_PEPTIDYL_TYROSINE_AUTOPHOSPHORYLATION,Peptidyl tyrosine autophosphorylation,1,14,806,0.0012,0.0009,1.311,0.5437255978478737,0.8006903576547195,DDR1,False
C2_core,GO_BP,GOBP_HYPERSENSITIVITY,Hypersensitivity,1,14,806,0.0012,0.0009,1.311,0.5437255978478737,0.8006903576547195,FCER1A,False
C2_core,GO_BP,GOBP_RESPONSE_TO_INTERLEUKIN_17,Response to interleukin 17,1,14,806,0.0012,0.0009,1.311,0.5437255978478737,0.8006903576547195,SOCS3,False
C2_core,GO_BP,GOBP_REGULATION_OF_PHOSPHOLIPID_TRANSPORT,Regulation of phospholipid transport,1,14,806,0.0012,0.0009,1.311,0.5437255978478737,0.8006903576547195,ATP8A2,False
C2_core,GO_BP,GOBP_RESPONSE_TO_LIGHT_INTENSITY,Response to light intensity,1,14,806,0.0012,0.0009,1.311,0.5437255978478737,0.8006903576547195,RGS9,False
C2_core,GO_BP,GOBP_CHAPERONE_MEDIATED_AUTOPHAGY,Chaperone mediated autophagy,1,14,806,0.0012,0.0009,1.311,0.5437255978478737,0.8006903576547195,PLK3,False
C2_core,GO_BP,GOBP_NEUTROPHIL_MEDIATED_CYTOTOXICITY,Neutrophil mediated cytotoxicity,1,14,806,0.0012,0.0009,1.311,0.5437255978478737,0.8006903576547195,CXCL6,False
C2_core,GO_BP,GOBP_HEMOGLOBIN_BIOSYNTHETIC_PROCESS,Hemoglobin biosynthetic process,1,14,806,0.0012,0.0009,1.311,0.5437255978478737,0.8006903576547195,KLF4,False
C2_core,GO_BP,GOBP_RESPONSE_TO_LITHIUM_ION,Response to lithium ion,1,14,806,0.0012,0.0009,1.311,0.5437255978478737,0.8006903576547195,NFATC4,False
C2_core,GO_BP,GOBP_REGULATION_OF_MONOATOMIC_ANION_TRANSPORT,Regulation of monoatomic anion transport,1,14,806,0.0012,0.0009,1.311,0.5437255978478737,0.8006903576547195,STC1,False
C2_core,GO_BP,GOBP_REGULATION_OF_MOTOR_NEURON_APOPTOTIC_PROCESS,Regulation of motor neuron apoptotic process,1,14,806,0.0012,0.0009,1.311,0.5437255978478737,0.8006903576547195,BCL2,False
C2_core,GO_BP,GOBP_SPINDLE_ELONGATION,Spindle elongation,1,14,806,0.0012,0.0009,1.311,0.5437255978478737,0.8006903576547195,PPP2R1A,False
C2_core,GO_BP,GOBP_CELL_MIGRATION_IN_HINDBRAIN,Cell migration in hindbrain,1,14,806,0.0012,0.0009,1.311,0.5437255978478737,0.8006903576547195,FLNA,False
C2_core,GO_BP,GOBP_ODONTOBLAST_DIFFERENTIATION,Odontoblast differentiation,1,14,806,0.0012,0.0009,1.311,0.5437255978478737,0.8006903576547195,MAP1B,False
C2_core,GO_BP,GOBP_POSITIVE_REGULATION_BY_SYMBIONT_OF_ENTRY_INTO_HOST,Positive regulation by symbiont of entry into host,1,14,806,0.0012,0.0009,1.311,0.5437255978478737,0.8006903576547195,TMPRSS2,False
C2_core,GO_BP,GOBP_DENDRITE_SELF_AVOIDANCE,Dendrite self avoidance,1,14,806,0.0012,0.0009,1.311,0.5437255978478737,0.8006903576547195,CNTN4,False
C2_core,GO_BP,GOBP_IMMUNOGLOBULIN_PRODUCTION_INVOLVED_IN_IMMUNOGLOBULIN_MEDIATED_IMMUNE_RESPONSE,Immunoglobulin production involved in immunoglobulin mediated immune response,3,52,806,0.0037,0.0035,1.059,0.5442350627117352,0.800818117520297,"BATF, CLCF1, FOXP3",False
C2_core,GO_BP,GOBP_CORTICAL_CYTOSKELETON_ORGANIZATION,Cortical cytoskeleton organization,3,52,806,0.0037,0.0035,1.059,0.5442350627117352,0.800818117520297,"CAVIN3, FHOD3, EZR",False
C2_core,GO_BP,GOBP_RESPONSE_TO_TOPOLOGICALLY_INCORRECT_PROTEIN,Response to topologically incorrect protein,8,146,806,0.0099,0.0099,1.006,0.5450522862822533,0.801709282889541,"PPP1R15A, THBS1, SERPINH1, NCK2, HSPB7, HSPB2, HSPA2, HSPB8",False
C2_core,GO_BP,GOBP_MUSCLE_CELL_APOPTOTIC_PROCESS,Muscle cell apoptotic process,4,71,806,0.005,0.0048,1.034,0.5456820545981369,0.8023241384836403,"ZC3H12A, GATA6, HAND2, MDK",False
C2_core,GO_BP,GOBP_SMOOTHENED_SIGNALING_PATHWAY,Smoothened signaling pathway,7,128,806,0.0087,0.0087,1.004,0.5510605002996574,0.8099178571122582,"DCDC2, GPC3, GLI2, GLI1, WNT10B, RAB34, TUBA1A",False
C2_core,GO_BP,GOBP_REGULATION_OF_INTRACELLULAR_TRANSPORT,Regulation of intracellular transport,13,241,806,0.0161,0.0163,0.99,0.5555682444378199,0.8145385625568686,"SLC51B, PTPN14, PTGS2, EZR, CRYAB, B3GAT3, MAP1B, IER3, FLNA, PLK3, ZC3H12A, ANGPT1, HYAL2",False
C2_core,GO_BP,GOBP_REGULATION_OF_RECEPTOR_SIGNALING_PATHWAY_VIA_STAT,Regulation of receptor signaling pathway via stat,4,72,806,0.005,0.0049,1.02,0.5568684396136382,0.8145385625568686,"SOCS1, KIT, LIF, SOCS3",False
C2_core,GO_BP,GOBP_POSITIVE_REGULATION_OF_B_CELL_ACTIVATION,Positive regulation of b cell activation,4,72,806,0.005,0.0049,1.02,0.5568684396136382,0.8145385625568686,"TNIP2, CLCF1, MMP14, BCL2",False
C2_core,GO_BP,GOBP_REGULATION_OF_MUSCLE_ADAPTATION,Regulation of muscle adaptation,4,72,806,0.005,0.0049,1.02,0.5568684396136382,0.8145385625568686,"LMNA, LMCD1, HAND2, RGS4",False
C2_core,GO_BP,GOBP_NEGATIVE_REGULATION_OF_LYMPHOCYTE_MEDIATED_IMMUNITY,Negative regulation of lymphocyte mediated immunity,3,53,806,0.0037,0.0036,1.039,0.5572846410744484,0.8145385625568686,"DUSP22, FOXP3, SERPINB9",False
C2_core,GO_BP,GOBP_REGULATION_OF_HEART_GROWTH,Regulation of heart growth,3,53,806,0.0037,0.0036,1.039,0.5572846410744484,0.8145385625568686,"GATA6, GLI1, RGS4",False
C2_core,GO_BP,GOBP_DICARBOXYLIC_ACID_TRANSPORT,Dicarboxylic acid transport,5,91,806,0.0062,0.0062,1.009,0.5573418916247048,0.8145385625568686,"PRAF2, ADORA1, GJA1, SLC1A5, SLC12A2",False
C2_core,GO_BP,GOBP_PROTEIN_O_LINKED_GLYCOSYLATION,Protein o linked glycosylation,5,91,806,0.0062,0.0062,1.009,0.5573418916247048,0.8145385625568686,"B3GNT7, CHST4, TMTC2, GCNT4, B3GNT3",False
C2_core,GO_BP,GOBP_EMBRYONIC_CRANIAL_SKELETON_MORPHOGENESIS,Embryonic cranial skeleton morphogenesis,2,34,806,0.0025,0.0023,1.08,0.5597796824310863,0.8145385625568686,"MMP14, TGFB3",False
C2_core,GO_BP,GOBP_VASCULAR_ENDOTHELIAL_GROWTH_FACTOR_PRODUCTION,Vascular endothelial growth factor production,2,34,806,0.0025,0.0023,1.08,0.5597796824310863,0.8145385625568686,"ADAMTS3, PTGS2",False
C2_core,GO_BP,GOBP_POSITIVE_REGULATION_OF_STRIATED_MUSCLE_CELL_DIFFERENTIATION,Positive regulation of striated muscle cell differentiation,2,34,806,0.0025,0.0023,1.08,0.5597796824310863,0.8145385625568686,"MMP14, BCL2",False
C2_core,GO_BP,GOBP_MATURE_B_CELL_DIFFERENTIATION,Mature b cell differentiation,2,34,806,0.0025,0.0023,1.08,0.5597796824310863,0.8145385625568686,"ITM2A, DLL1",False
C2_core,GO_BP,GOBP_RESPONSE_TO_ACETYLCHOLINE,Response to acetylcholine,2,34,806,0.0025,0.0023,1.08,0.5597796824310863,0.8145385625568686,"EDNRA, TSPO",False
C2_core,GO_BP,GOBP_POSITIVE_REGULATION_OF_MITOTIC_NUCLEAR_DIVISION,Positive regulation of mitotic nuclear division,2,34,806,0.0025,0.0023,1.08,0.5597796824310863,0.8145385625568686,"SPHK1, RGCC",False
C2_core,GO_BP,GOBP_POSITIVE_REGULATION_OF_GLUCOSE_TRANSMEMBRANE_TRANSPORT,Positive regulation of glucose transmembrane transport,2,34,806,0.0025,0.0023,1.08,0.5597796824310863,0.8145385625568686,"CLIP3, GPC3",False
C2_core,GO_BP,GOBP_POSITIVE_REGULATION_OF_INTERLEUKIN_2_PRODUCTION,Positive regulation of interleukin 2 production,2,34,806,0.0025,0.0023,1.08,0.5597796824310863,0.8145385625568686,"ANXA1, VTCN1",False
C2_core,GO_BP,GOBP_NEGATIVE_REGULATION_OF_JNK_CASCADE,Negative regulation of jnk cascade,2,34,806,0.0025,0.0023,1.08,0.5597796824310863,0.8145385625568686,"GSTP1, DACT1",False
C2_core,GO_BP,GOBP_CYCLIC_NUCLEOTIDE_METABOLIC_PROCESS,Cyclic nucleotide metabolic process,2,34,806,0.0025,0.0023,1.08,0.5597796824310863,0.8145385625568686,"ADCY3, EPHA2",False
C2_core,GO_BP,GOBP_REGULATION_OF_NATURAL_KILLER_CELL_ACTIVATION,Regulation of natural killer cell activation,2,34,806,0.0025,0.0023,1.08,0.5597796824310863,0.8145385625568686,"IL15RA, PRDM1",False
C2_core,GO_BP,GOBP_POSITIVE_REGULATION_OF_IMMUNE_EFFECTOR_PROCESS,Positive regulation of immune effector process,12,224,806,0.0149,0.0151,0.983,0.5663272242362853,0.8145385625568686,"SEMA7A, SHB, CLCF1, RPS19, GPRC5B, FOXP3, GATA2, KIT, CCL19, PYCARD, NFKBID, ANXA1",False
C2_core,GO_BP,GOBP_NEGATIVE_REGULATION_OF_INTRINSIC_APOPTOTIC_SIGNALING_PATHWAY,Negative regulation of intrinsic apoptotic signaling pathway,5,92,806,0.0062,0.0062,0.998,0.5671782515805848,0.8145385625568686,"PTGS2, SNAI1, YBX3, BCL2, FZD1",False
C2_core,GO_BP,GOBP_NEGATIVE_REGULATION_OF_MONOATOMIC_ION_TRANSMEMBRANE_TRANSPORT,Negative regulation of monoatomic ion transmembrane transport,4,73,806,0.005,0.0049,1.006,0.5679053010572581,0.8145385625568686,"REM1, ADRA2A, BCL2, RGS4",False
C2_core,GO_BP,GOBP_POSITIVE_REGULATION_OF_CATABOLIC_PROCESS,Positive regulation of catabolic process,26,486,806,0.0323,0.0329,0.982,0.5680227440046219,0.8145385625568686,"ECSCR, PRICKLE1, UCHL1, SOX9, NKD2, HSPB8, STING1, ZFP36, GPSM1, CSNK1E, TNFSF12, BTG2, EZR, IER3, DACT1, GPC3, OSBPL7, LPCAT1, VSIR, ADORA1, SH3RF3, ADRA2A, PLK3, TGFB1I1, ZC3H12A, PIM2",False
C2_core,GO_BP,GOBP_NEGATIVE_REGULATION_OF_VIRAL_TRANSCRIPTION,Negative regulation of viral transcription,1,15,806,0.0012,0.001,1.224,0.5686076795890519,0.8145385625568686,ZFP36,False
C2_core,GO_BP,GOBP_REGULATION_OF_MITOTIC_CYTOKINESIS,Regulation of mitotic cytokinesis,1,15,806,0.0012,0.001,1.224,0.5686076795890519,0.8145385625568686,MAP9,False
C2_core,GO_BP,GOBP_NEGATIVE_REGULATION_OF_MEMBRANE_PERMEABILITY,Negative regulation of membrane permeability,1,15,806,0.0012,0.001,1.224,0.5686076795890519,0.8145385625568686,IER3,False
C2_core,GO_BP,GOBP_ORGANELLE_INHERITANCE,Organelle inheritance,1,15,806,0.0012,0.001,1.224,0.5686076795890519,0.8145385625568686,PLK3,False
C2_core,GO_BP,GOBP_REGULATION_OF_CALCIUM_ION_TRANSPORT_INTO_CYTOSOL,Regulation of calcium ion transport into cytosol,1,15,806,0.0012,0.001,1.224,0.5686076795890519,0.8145385625568686,BCL2,False
C2_core,GO_BP,GOBP_CARDIAC_MYOFIBRIL_ASSEMBLY,Cardiac myofibril assembly,1,15,806,0.0012,0.001,1.224,0.5686076795890519,0.8145385625568686,FHOD3,False
C2_core,GO_BP,GOBP_OPSONIZATION,Opsonization,1,15,806,0.0012,0.001,1.224,0.5686076795890519,0.8145385625568686,PTX3,False
C2_core,GO_BP,GOBP_CEREBELLAR_PURKINJE_CELL_LAYER_MORPHOGENESIS,Cerebellar purkinje cell layer morphogenesis,1,15,806,0.0012,0.001,1.224,0.5686076795890519,0.8145385625568686,DLL1,False
C2_core,GO_BP,GOBP_MIDDLE_EAR_MORPHOGENESIS,Middle ear morphogenesis,1,15,806,0.0012,0.001,1.224,0.5686076795890519,0.8145385625568686,EDNRA,False
C2_core,GO_BP,GOBP_MIDBODY_ABSCISSION,Midbody abscission,1,15,806,0.0012,0.001,1.224,0.5686076795890519,0.8145385625568686,CHMP4B,False
C2_core,GO_BP,GOBP_PHOSPHATIDYLCHOLINE_CATABOLIC_PROCESS,Phosphatidylcholine catabolic process,1,15,806,0.0012,0.001,1.224,0.5686076795890519,0.8145385625568686,ENPP2,False
C2_core,GO_BP,GOBP_CENTROSOME_SEPARATION,Centrosome separation,1,15,806,0.0012,0.001,1.224,0.5686076795890519,0.8145385625568686,MAP9,False
C2_core,GO_BP,GOBP_SUPPRESSION_OF_VIRAL_RELEASE_BY_HOST,Suppression of viral release by host,1,15,806,0.0012,0.001,1.224,0.5686076795890519,0.8145385625568686,TRIM15,False
C2_core,GO_BP,GOBP_CELLULAR_RESPONSE_TO_REACTIVE_NITROGEN_SPECIES,Cellular response to reactive nitrogen species,1,15,806,0.0012,0.001,1.224,0.5686076795890519,0.8145385625568686,AQP1,False
C2_core,GO_BP,GOBP_REGULATION_OF_STEROID_HORMONE_SECRETION,Regulation of steroid hormone secretion,1,15,806,0.0012,0.001,1.224,0.5686076795890519,0.8145385625568686,TSPO,False
C2_core,GO_BP,GOBP_MRNA_METHYLGUANOSINE_CAP_DECAPPING,Mrna methylguanosine cap decapping,1,15,806,0.0012,0.001,1.224,0.5686076795890519,0.8145385625568686,ZFP36,False
C2_core,GO_BP,GOBP_CELL_DIFFERENTIATION_IN_HINDBRAIN,Cell differentiation in hindbrain,1,15,806,0.0012,0.001,1.224,0.5686076795890519,0.8145385625568686,GATA2,False
C2_core,GO_BP,GOBP_SHORT_CHAIN_FATTY_ACID_METABOLIC_PROCESS,Short chain fatty acid metabolic process,1,15,806,0.0012,0.001,1.224,0.5686076795890519,0.8145385625568686,ACSM1,False
C2_core,GO_BP,GOBP_POSITIVE_REGULATION_OF_CYTOPLASMIC_TRANSLATION,Positive regulation of cytoplasmic translation,1,15,806,0.0012,0.001,1.224,0.5686076795890519,0.8145385625568686,YBX3,False
C2_core,GO_BP,GOBP_ENDOSOME_TO_LYSOSOME_TRANSPORT_VIA_MULTIVESICULAR_BODY_SORTING_PATHWAY,Endosome to lysosome transport via multivesicular body sorting pathway,1,15,806,0.0012,0.001,1.224,0.5686076795890519,0.8145385625568686,CHMP4B,False
C2_core,GO_BP,GOBP_POSITIVE_REGULATION_OF_NITRIC_OXIDE_SYNTHASE_BIOSYNTHETIC_PROCESS,Positive regulation of nitric oxide synthase biosynthetic process,1,15,806,0.0012,0.001,1.224,0.5686076795890519,0.8145385625568686,CCL2,False
C2_core,GO_BP,GOBP_NEGATIVE_REGULATION_OF_OXIDOREDUCTASE_ACTIVITY,Negative regulation of oxidoreductase activity,1,15,806,0.0012,0.001,1.224,0.5686076795890519,0.8145385625568686,GFI1,False
C2_core,GO_BP,GOBP_SKELETAL_MUSCLE_SATELLITE_CELL_PROLIFERATION,Skeletal muscle satellite cell proliferation,1,15,806,0.0012,0.001,1.224,0.5686076795890519,0.8145385625568686,ANGPT1,False
C2_core,GO_BP,GOBP_EMBRYONIC_BRAIN_DEVELOPMENT,Embryonic brain development,1,15,806,0.0012,0.001,1.224,0.5686076795890519,0.8145385625568686,PRICKLE1,False
C2_core,GO_BP,GOBP_LATERAL_MESODERM_DEVELOPMENT,Lateral mesoderm development,1,15,806,0.0012,0.001,1.224,0.5686076795890519,0.8145385625568686,TEAD2,False
C2_core,GO_BP,GOBP_POSITIVE_REGULATION_OF_BEHAVIOR,Positive regulation of behavior,1,15,806,0.0012,0.001,1.224,0.5686076795890519,0.8145385625568686,SGIP1,False
C2_core,GO_BP,GOBP_CIRCADIAN_SLEEP_WAKE_CYCLE,Circadian sleep wake cycle,1,15,806,0.0012,0.001,1.224,0.5686076795890519,0.8145385625568686,ADORA1,False
C2_core,GO_BP,GOBP_POSITIVE_REGULATION_OF_CALCINEURIN_MEDIATED_SIGNALING,Positive regulation of calcineurin mediated signaling,1,15,806,0.0012,0.001,1.224,0.5686076795890519,0.8145385625568686,LMCD1,False
C2_core,GO_BP,GOBP_RESPIRATORY_BURST_INVOLVED_IN_DEFENSE_RESPONSE,Respiratory burst involved in defense response,1,15,806,0.0012,0.001,1.224,0.5686076795890519,0.8145385625568686,RPS19,False
C2_core,GO_BP,GOBP_LIPOPROTEIN_CATABOLIC_PROCESS,Lipoprotein catabolic process,1,15,806,0.0012,0.001,1.224,0.5686076795890519,0.8145385625568686,LYPLA2,False
C2_core,GO_BP,GOBP_POLYAMINE_TRANSPORT,Polyamine transport,1,15,806,0.0012,0.001,1.224,0.5686076795890519,0.8145385625568686,ATP13A4,False
C2_core,GO_BP,GOBP_PROSTAGLANDIN_SECRETION,Prostaglandin secretion,1,15,806,0.0012,0.001,1.224,0.5686076795890519,0.8145385625568686,PTGS2,False
C2_core,GO_BP,GOBP_NEGATIVE_REGULATION_OF_PROTEIN_IMPORT_INTO_NUCLEUS,Negative regulation of protein import into nucleus,1,15,806,0.0012,0.001,1.224,0.5686076795890519,0.8145385625568686,ANGPT1,False
C2_core,GO_BP,GOBP_HYALURONAN_CATABOLIC_PROCESS,Hyaluronan catabolic process,1,15,806,0.0012,0.001,1.224,0.5686076795890519,0.8145385625568686,HYAL2,False
C2_core,GO_BP,GOBP_FATTY_ACID_HOMEOSTASIS,Fatty acid homeostasis,1,15,806,0.0012,0.001,1.224,0.5686076795890519,0.8145385625568686,ADORA1,False
C2_core,GO_BP,GOBP_POSITIVE_REGULATION_OF_NEUROTRANSMITTER_SECRETION,Positive regulation of neurotransmitter secretion,1,15,806,0.0012,0.001,1.224,0.5686076795890519,0.8145385625568686,STX1A,False
C2_core,GO_BP,GOBP_NUCLEAR_BODY_ORGANIZATION,Nuclear body organization,1,15,806,0.0012,0.001,1.224,0.5686076795890519,0.8145385625568686,HABP4,False
C2_core,GO_BP,GOBP_NON_PROTEINOGENIC_AMINO_ACID_BIOSYNTHETIC_PROCESS,Non proteinogenic amino acid biosynthetic process,1,15,806,0.0012,0.001,1.224,0.5686076795890519,0.8145385625568686,SLC38A1,False
C2_core,GO_BP,GOBP_INHIBITORY_POSTSYNAPTIC_POTENTIAL,Inhibitory postsynaptic potential,1,15,806,0.0012,0.001,1.224,0.5686076795890519,0.8145385625568686,NLGN2,False
C2_core,GO_BP,GOBP_ANGIOTENSIN_ACTIVATED_SIGNALING_PATHWAY,Angiotensin activated signaling pathway,1,15,806,0.0012,0.001,1.224,0.5686076795890519,0.8145385625568686,AGTRAP,False
C2_core,GO_BP,GOBP_AXONAL_TRANSPORT_OF_MITOCHONDRION,Axonal transport of mitochondrion,1,15,806,0.0012,0.001,1.224,0.5686076795890519,0.8145385625568686,UCHL1,False
C2_core,GO_BP,GOBP_VENOUS_BLOOD_VESSEL_DEVELOPMENT,Venous blood vessel development,1,15,806,0.0012,0.001,1.224,0.5686076795890519,0.8145385625568686,ACVRL1,False
C2_core,GO_BP,GOBP_RESPONSE_TO_MACROPHAGE_COLONY_STIMULATING_FACTOR,Response to macrophage colony stimulating factor,1,15,806,0.0012,0.001,1.224,0.5686076795890519,0.8145385625568686,MST1R,False
C2_core,GO_BP,GOBP_INSULIN_METABOLIC_PROCESS,Insulin metabolic process,1,15,806,0.0012,0.001,1.224,0.5686076795890519,0.8145385625568686,NLGN2,False
C2_core,GO_BP,GOBP_POSITIVE_REGULATION_OF_INTERLEUKIN_1_BETA_PRODUCTION,Positive regulation of interleukin 1 beta production,3,54,806,0.0037,0.0037,1.02,0.5701072290418933,0.8154534884257204,"CCL19, PYCARD, EGR1",False
C2_core,GO_BP,GOBP_POSITIVE_REGULATION_OF_INTERLEUKIN_8_PRODUCTION,Positive regulation of interleukin 8 production,3,54,806,0.0037,0.0037,1.02,0.5701072290418933,0.8154534884257204,"PYCARD, F3, HYAL2",False
C2_core,GO_BP,GOBP_REGULATION_OF_MEMBRANE_LIPID_DISTRIBUTION,Regulation of membrane lipid distribution,3,54,806,0.0037,0.0037,1.02,0.5701072290418933,0.8154534884257204,"ANO9, ATP8A2, ATP8B2",False
C2_core,GO_BP,GOBP_NEURON_CELLULAR_HOMEOSTASIS,Neuron cellular homeostasis,3,54,806,0.0037,0.0037,1.02,0.5701072290418933,0.8154534884257204,"P2RX1, MAP1A, ADORA1",False
C2_core,GO_BP,GOBP_NEGATIVE_REGULATION_OF_REACTIVE_OXYGEN_SPECIES_METABOLIC_PROCESS,Negative regulation of reactive oxygen species metabolic process,2,35,806,0.0025,0.0024,1.049,0.5756879737321671,0.8206281818162339,"BCL2, CRYAB",False
C2_core,GO_BP,GOBP_POSITIVE_REGULATION_OF_PROTEIN_CONTAINING_COMPLEX_DISASSEMBLY,Positive regulation of protein containing complex disassembly,2,35,806,0.0025,0.0024,1.049,0.5756879737321671,0.8206281818162339,"NES, STMN2",False
C2_core,GO_BP,GOBP_NEGATIVE_REGULATION_OF_PROTEIN_LOCALIZATION_TO_NUCLEUS,Negative regulation of protein localization to nucleus,2,35,806,0.0025,0.0024,1.049,0.5756879737321671,0.8206281818162339,"LATS2, ANGPT1",False
C2_core,GO_BP,GOBP_POSITIVE_REGULATION_OF_MEMBRANE_PERMEABILITY,Positive regulation of membrane permeability,2,35,806,0.0025,0.0024,1.049,0.5756879737321671,0.8206281818162339,"IER3, JAM3",False
C2_core,GO_BP,GOBP_REGULATION_OF_GLIAL_CELL_PROLIFERATION,Regulation of glial cell proliferation,2,35,806,0.0025,0.0024,1.049,0.5756879737321671,0.8206281818162339,"VEGFC, TSPO",False
C2_core,GO_BP,GOBP_NEUTROPHIL_MEDIATED_IMMUNITY,Neutrophil mediated immunity,2,35,806,0.0025,0.0024,1.049,0.5756879737321671,0.8206281818162339,"ANXA3, CXCL6",False
C2_core,GO_BP,GOBP_POSITIVE_REGULATION_OF_MICROTUBULE_POLYMERIZATION_OR_DEPOLYMERIZATION,Positive regulation of microtubule polymerization or depolymerization,2,35,806,0.0025,0.0024,1.049,0.5756879737321671,0.8206281818162339,"MAP1B, STMN2",False
C2_core,GO_BP,GOBP_RESPONSE_TO_ANTIBIOTIC,Response to antibiotic,2,35,806,0.0025,0.0024,1.049,0.5756879737321671,0.8206281818162339,"HYAL2, CRIP1",False
C2_core,GO_BP,GOBP_POSITIVE_REGULATION_OF_B_CELL_PROLIFERATION,Positive regulation of b cell proliferation,2,35,806,0.0025,0.0024,1.049,0.5756879737321671,0.8206281818162339,"CLCF1, BCL2",False
C2_core,GO_BP,GOBP_HEPATICOBILIARY_SYSTEM_DEVELOPMENT,Hepaticobiliary system development,7,131,806,0.0087,0.0089,0.981,0.5758975722797799,0.8206281818162339,"FRZB, ITGA2, GATA6, GLI1, ARID5B, MDK, SOX9",False
C2_core,GO_BP,GOBP_CERAMIDE_METABOLIC_PROCESS,Ceramide metabolic process,5,93,806,0.0062,0.0063,0.987,0.5769014510035881,0.8206281818162339,"P2RX1, SPHK1, CCN1, ITGB8, PLPP2",False
C2_core,GO_BP,GOBP_UNSATURATED_FATTY_ACID_METABOLIC_PROCESS,Unsaturated fatty acid metabolic process,5,93,806,0.0062,0.0063,0.987,0.5769014510035881,0.8206281818162339,"PTGS2, GSTP1, DAGLA, ABHD12, ELOVL7",False
C2_core,GO_BP,GOBP_PHOSPHOLIPID_TRANSPORT,Phospholipid transport,5,93,806,0.0062,0.0063,0.987,0.5769014510035881,0.8206281818162339,"ATP8B2, GLTP, OSBPL5, ATP8A2, ANO9",False
C2_core,GO_BP,GOBP_REGULATION_OF_MEMBRANE_PERMEABILITY,Regulation of membrane permeability,3,55,806,0.0037,0.0037,1.001,0.5826975824224434,0.8206281818162339,"IER3, JAM3, BCL2",False
C2_core,GO_BP,GOBP_EMBRYONIC_SKELETAL_SYSTEM_MORPHOGENESIS,Embryonic skeletal system morphogenesis,3,55,806,0.0037,0.0037,1.001,0.5826975824224434,0.8206281818162339,"MDFI, MMP14, TGFB3",False
C2_core,GO_BP,GOBP_COMPLEMENT_ACTIVATION,Complement activation,3,55,806,0.0037,0.0037,1.001,0.5826975824224434,0.8206281818162339,"A2M, C7, RGCC",False
C2_core,GO_BP,GOBP_REGULATION_OF_ATP_DEPENDENT_ACTIVITY,Regulation of atp dependent activity,3,55,806,0.0037,0.0037,1.001,0.5826975824224434,0.8206281818162339,"FXYD2, TPM1, ATP1B3",False
C2_core,GO_BP,GOBP_REGULATION_OF_RECEPTOR_INTERNALIZATION,Regulation of receptor internalization,3,55,806,0.0037,0.0037,1.001,0.5826975824224434,0.8206281818162339,"CD63, ANGPT1, LPAR1",False
C2_core,GO_BP,GOBP_PROTEIN_HOMOTETRAMERIZATION,Protein homotetramerization,3,55,806,0.0037,0.0037,1.001,0.5826975824224434,0.8206281818162339,"ALDOA, TRPA1, HCN1",False
C2_core,GO_BP,GOBP_REGULATION_OF_ADAPTIVE_IMMUNE_RESPONSE,Regulation of adaptive immune response,10,189,806,0.0124,0.0128,0.971,0.5840464346436247,0.8206281818162339,"CLCF1, BATF, ZC3H12A, DUSP22, JUNB, FOXP3, CCL19, PYCARD, NFKBID, ANXA1",False
C2_core,GO_BP,GOBP_CELL_CYCLE_PHASE_TRANSITION,Cell cycle phase transition,26,491,806,0.0323,0.0332,0.972,0.5894968406636654,0.8206281818162339,"CDKN2C, ADAMTS1, GLI1, WNT10B, ANXA1, BCL2, LATS2, GJC2, MYC, CCND3, BRSK1, SMARCD3, CHMP4B, PLK3, CCL2, ID4, KLF4, DACT1, IER3, SUSD2, RGCC, MIIP, HSPA2, NES, USH1C, PIM2",False
C2_core,GO_BP,GOBP_INTRINSIC_APOPTOTIC_SIGNALING_PATHWAY_BY_P53_CLASS_MEDIATOR,Intrinsic apoptotic signaling pathway by p53 class mediator,4,75,806,0.005,0.0051,0.979,0.5895127730340195,0.8206281818162339,"PYCARD, BCL2, EDA2R, MYC",False
C2_core,GO_BP,GOBP_ENDOSOME_TRANSPORT_VIA_MULTIVESICULAR_BODY_SORTING_PATHWAY,Endosome transport via multivesicular body sorting pathway,2,36,806,0.0025,0.0024,1.02,0.5911720595715768,0.8206281818162339,"TMEM50A, CHMP4B",False
C2_core,GO_BP,GOBP_RESPONSE_TO_ANGIOTENSIN,Response to angiotensin,2,36,806,0.0025,0.0024,1.02,0.5911720595715768,0.8206281818162339,"PTGS2, AGTRAP",False
C2_core,GO_BP,GOBP_REGULATION_OF_HUMORAL_IMMUNE_RESPONSE,Regulation of humoral immune response,2,36,806,0.0025,0.0024,1.02,0.5911720595715768,0.8206281818162339,"A2M, GATA6",False
C2_core,GO_BP,GOBP_KETONE_BIOSYNTHETIC_PROCESS,Ketone biosynthetic process,2,36,806,0.0025,0.0024,1.02,0.5911720595715768,0.8206281818162339,"DKK3, EGR1",False
C2_core,GO_BP,GOBP_MITOTIC_G2_DNA_DAMAGE_CHECKPOINT_SIGNALING,Mitotic g2 dna damage checkpoint signaling,2,36,806,0.0025,0.0024,1.02,0.5911720595715768,0.8206281818162339,"IER3, BRSK1",False
C2_core,GO_BP,GOBP_PIGMENT_GRANULE_ORGANIZATION,Pigment granule organization,2,36,806,0.0025,0.0024,1.02,0.5911720595715768,0.8206281818162339,"BCL2, BACE2",False
C2_core,GO_BP,GOBP_NUCLEOTIDE_SUGAR_METABOLIC_PROCESS,Nucleotide sugar metabolic process,2,36,806,0.0025,0.0024,1.02,0.5911720595715768,0.8206281818162339,"GUK1, GFPT2",False
C2_core,GO_BP,GOBP_CELLULAR_RESPONSE_TO_AMYLOID_BETA,Cellular response to amyloid beta,2,36,806,0.0025,0.0024,1.02,0.5911720595715768,0.8206281818162339,"GJA1, CACNA2D1",False
C2_core,GO_BP,GOBP_POSITIVE_REGULATION_OF_PHOSPHOLIPASE_ACTIVITY,Positive regulation of phospholipase activity,2,36,806,0.0025,0.0024,1.02,0.5911720595715768,0.8206281818162339,"LPAR1, KIT",False
C2_core,GO_BP,GOBP_REGULATION_OF_UBIQUITIN_DEPENDENT_PROTEIN_CATABOLIC_PROCESS,Regulation of ubiquitin dependent protein catabolic process,8,152,806,0.0099,0.0103,0.966,0.5912654358209053,0.8206281818162339,"PRICKLE1, SH3RF3, MAP1A, CSNK1E, PLK3, NKD2, TGFB1I1, WNT10B",False
C2_core,GO_BP,GOBP_INTRACELLULAR_GLUCOSE_HOMEOSTASIS,Intracellular glucose homeostasis,7,133,806,0.0087,0.009,0.966,0.5920861257609031,0.8206281818162339,"EFNA5, CASR, SOX4, PTPRN2, HKDC1, ADRA2A, RAB11FIP5",False
C2_core,GO_BP,GOBP_NEGATIVE_REGULATION_OF_DEFENSE_RESPONSE_TO_VIRUS,Negative regulation of defense response to virus,1,16,806,0.0012,0.0011,1.147,0.592134454759985,0.8206281818162339,FOXP3,False
C2_core,GO_BP,GOBP_RIBONUCLEOSIDE_CATABOLIC_PROCESS,Ribonucleoside catabolic process,1,16,806,0.0012,0.0011,1.147,0.592134454759985,0.8206281818162339,APOBEC3H,False
C2_core,GO_BP,GOBP_RESPONSE_TO_HYPEROXIA,Response to hyperoxia,1,16,806,0.0012,0.0011,1.147,0.592134454759985,0.8206281818162339,MMP2,False
C2_core,GO_BP,GOBP_REGULATION_OF_GLUTAMATE_SECRETION,Regulation of glutamate secretion,1,16,806,0.0012,0.0011,1.147,0.592134454759985,0.8206281818162339,ADORA1,False
C2_core,GO_BP,GOBP_FATTY_ACID_DERIVATIVE_CATABOLIC_PROCESS,Fatty acid derivative catabolic process,1,16,806,0.0012,0.0011,1.147,0.592134454759985,0.8206281818162339,LYPLA2,False
C2_core,GO_BP,GOBP_DENDRITIC_CELL_CYTOKINE_PRODUCTION,Dendritic cell cytokine production,1,16,806,0.0012,0.0011,1.147,0.592134454759985,0.8206281818162339,KIT,False
C2_core,GO_BP,GOBP_REGULATION_OF_FEEDING_BEHAVIOR,Regulation of feeding behavior,1,16,806,0.0012,0.0011,1.147,0.592134454759985,0.8206281818162339,SGIP1,False
C2_core,GO_BP,GOBP_POSITIVE_REGULATION_OF_TYPE_I_INTERFERON_MEDIATED_SIGNALING_PATHWAY,Positive regulation of type i interferon mediated signaling pathway,1,16,806,0.0012,0.0011,1.147,0.592134454759985,0.8206281818162339,STING1,False
C2_core,GO_BP,GOBP_COMPLEMENT_ACTIVATION_ALTERNATIVE_PATHWAY,Complement activation alternative pathway,1,16,806,0.0012,0.0011,1.147,0.592134454759985,0.8206281818162339,C7,False
C2_core,GO_BP,GOBP_REGULATION_OF_CELL_GROWTH_INVOLVED_IN_CARDIAC_MUSCLE_CELL_DEVELOPMENT,Regulation of cell growth involved in cardiac muscle cell development,1,16,806,0.0012,0.0011,1.147,0.592134454759985,0.8206281818162339,RGS4,False
C2_core,GO_BP,GOBP_CERAMIDE_TRANSPORT,Ceramide transport,1,16,806,0.0012,0.0011,1.147,0.592134454759985,0.8206281818162339,GLTP,False
C2_core,GO_BP,GOBP_CELLULAR_RESPONSE_TO_ZINC_ION,Cellular response to zinc ion,1,16,806,0.0012,0.0011,1.147,0.592134454759985,0.8206281818162339,TSPO,False
C2_core,GO_BP,GOBP_CHEMOKINE_C_X_C_MOTIF_LIGAND_2_PRODUCTION,Chemokine c x c motif ligand 2 production,1,16,806,0.0012,0.0011,1.147,0.592134454759985,0.8206281818162339,KLF4,False
C2_core,GO_BP,GOBP_MONOCYTE_CHEMOTACTIC_PROTEIN_1_PRODUCTION,Monocyte chemotactic protein 1 production,1,16,806,0.0012,0.0011,1.147,0.592134454759985,0.8206281818162339,GSTP1,False
C2_core,GO_BP,GOBP_CELL_CELL_ADHESION_MEDIATED_BY_INTEGRIN,Cell cell adhesion mediated by integrin,1,16,806,0.0012,0.0011,1.147,0.592134454759985,0.8206281818162339,PODXL,False
C2_core,GO_BP,GOBP_INTERLEUKIN_6_MEDIATED_SIGNALING_PATHWAY,Interleukin 6 mediated signaling pathway,1,16,806,0.0012,0.0011,1.147,0.592134454759985,0.8206281818162339,GFI1,False
C2_core,GO_BP,GOBP_POSITIVE_REGULATION_OF_B_CELL_DIFFERENTIATION,Positive regulation of b cell differentiation,1,16,806,0.0012,0.0011,1.147,0.592134454759985,0.8206281818162339,MMP14,False
C2_core,GO_BP,GOBP_SIGNAL_TRANSDUCTION_INVOLVED_IN_REGULATION_OF_GENE_EXPRESSION,Signal transduction involved in regulation of gene expression,1,16,806,0.0012,0.0011,1.147,0.592134454759985,0.8206281818162339,EPCAM,False
C2_core,GO_BP,GOBP_MAMMARY_GLAND_ALVEOLUS_DEVELOPMENT,Mammary gland alveolus development,1,16,806,0.0012,0.0011,1.147,0.592134454759985,0.8206281818162339,DDR1,False
C2_core,GO_BP,GOBP_LINOLEIC_ACID_METABOLIC_PROCESS,Linoleic acid metabolic process,1,16,806,0.0012,0.0011,1.147,0.592134454759985,0.8206281818162339,GSTP1,False
C2_core,GO_BP,GOBP_NEGATIVE_REGULATION_OF_HUMORAL_IMMUNE_RESPONSE,Negative regulation of humoral immune response,1,16,806,0.0012,0.0011,1.147,0.592134454759985,0.8206281818162339,A2M,False
C2_core,GO_BP,GOBP_REGULATION_OF_AXON_EXTENSION_INVOLVED_IN_AXON_GUIDANCE,Regulation of axon extension involved in axon guidance,1,16,806,0.0012,0.0011,1.147,0.592134454759985,0.8206281818162339,PLXNA3,False
C2_core,GO_BP,GOBP_ALDEHYDE_BIOSYNTHETIC_PROCESS,Aldehyde biosynthetic process,1,16,806,0.0012,0.0011,1.147,0.592134454759985,0.8206281818162339,DKK3,False
C2_core,GO_BP,GOBP_RESPONSE_TO_POTASSIUM_ION,Response to potassium ion,1,16,806,0.0012,0.0011,1.147,0.592134454759985,0.8206281818162339,SLC12A2,False
C2_core,GO_BP,GOBP_PROTEIN_PEPTIDYL_PROLYL_ISOMERIZATION,Protein peptidyl prolyl isomerization,1,16,806,0.0012,0.0011,1.147,0.592134454759985,0.8206281818162339,PIN1,False
C2_core,GO_BP,GOBP_REGULATION_OF_EXIT_FROM_MITOSIS,Regulation of exit from mitosis,1,16,806,0.0012,0.0011,1.147,0.592134454759985,0.8206281818162339,RGCC,False
C2_core,GO_BP,GOBP_REGULATION_OF_POSTSYNAPTIC_NEUROTRANSMITTER_RECEPTOR_INTERNALIZATION,Regulation of postsynaptic neurotransmitter receptor internalization,1,16,806,0.0012,0.0011,1.147,0.592134454759985,0.8206281818162339,LPAR1,False
C2_core,GO_BP,GOBP_POSITIVE_REGULATION_OF_MYELINATION,Positive regulation of myelination,1,16,806,0.0012,0.0011,1.147,0.592134454759985,0.8206281818162339,EGR2,False
C2_core,GO_BP,GOBP_REGULATION_OF_EXCITATORY_SYNAPSE_ASSEMBLY,Regulation of excitatory synapse assembly,1,16,806,0.0012,0.0011,1.147,0.592134454759985,0.8206281818162339,LRFN4,False
C2_core,GO_BP,GOBP_POSITIVE_REGULATION_OF_MEMBRANE_PROTEIN_ECTODOMAIN_PROTEOLYSIS,Positive regulation of membrane protein ectodomain proteolysis,1,16,806,0.0012,0.0011,1.147,0.592134454759985,0.8206281818162339,ADRA2A,False
C2_core,GO_BP,GOBP_PYRIMIDINE_CONTAINING_COMPOUND_TRANSMEMBRANE_TRANSPORT,Pyrimidine containing compound transmembrane transport,1,16,806,0.0012,0.0011,1.147,0.592134454759985,0.8206281818162339,SLC28A3,False
C2_core,GO_BP,GOBP_CELLULAR_RESPONSE_TO_EXOGENOUS_DSRNA,Cellular response to exogenous dsrna,1,16,806,0.0012,0.0011,1.147,0.592134454759985,0.8206281818162339,STING1,False
C2_core,GO_BP,GOBP_CELLULAR_RESPONSE_TO_ARSENIC_CONTAINING_SUBSTANCE,Cellular response to arsenic containing substance,1,16,806,0.0012,0.0011,1.147,0.592134454759985,0.8206281818162339,ZC3H12A,False
C2_core,GO_BP,GOBP_NEGATIVE_REGULATION_OF_CALCIUM_ION_TRANSMEMBRANE_TRANSPORTER_ACTIVITY,Negative regulation of calcium ion transmembrane transporter activity,1,16,806,0.0012,0.0011,1.147,0.592134454759985,0.8206281818162339,ADRA2A,False
C2_core,GO_BP,GOBP_NEGATIVE_REGULATION_OF_GTPASE_ACTIVITY,Negative regulation of gtpase activity,1,16,806,0.0012,0.0011,1.147,0.592134454759985,0.8206281818162339,GPSM1,False
C2_core,GO_BP,GOBP_NEUROTRANSMITTER_RECEPTOR_TRANSPORT_TO_PLASMA_MEMBRANE,Neurotransmitter receptor transport to plasma membrane,1,16,806,0.0012,0.0011,1.147,0.592134454759985,0.8206281818162339,CLSTN1,False
C2_core,GO_BP,GOBP_XENOBIOTIC_TRANSMEMBRANE_TRANSPORT,Xenobiotic transmembrane transport,1,16,806,0.0012,0.0011,1.147,0.592134454759985,0.8206281818162339,SLC28A3,False
C2_core,GO_BP,GOBP_REGULATION_OF_B_CELL_APOPTOTIC_PROCESS,Regulation of b cell apoptotic process,1,16,806,0.0012,0.0011,1.147,0.592134454759985,0.8206281818162339,BCL2,False
C2_core,GO_BP,GOBP_REGULATION_OF_RESPIRATORY_BURST,Regulation of respiratory burst,1,16,806,0.0012,0.0011,1.147,0.592134454759985,0.8206281818162339,RPS19,False
C2_core,GO_BP,GOBP_NEGATIVE_REGULATION_OF_BONE_REMODELING,Negative regulation of bone remodeling,1,16,806,0.0012,0.0011,1.147,0.592134454759985,0.8206281818162339,TNFRSF11B,False
C2_core,GO_BP,GOBP_CD40_SIGNALING_PATHWAY,Cd40 signaling pathway,1,16,806,0.0012,0.0011,1.147,0.592134454759985,0.8206281818162339,TNIP2,False
C2_core,GO_BP,GOBP_PHASIC_SMOOTH_MUSCLE_CONTRACTION,Phasic smooth muscle contraction,1,16,806,0.0012,0.0011,1.147,0.592134454759985,0.8206281818162339,KIT,False
C2_core,GO_BP,GOBP_PERICARDIUM_DEVELOPMENT,Pericardium development,1,16,806,0.0012,0.0011,1.147,0.592134454759985,0.8206281818162339,HAND2,False
C2_core,GO_BP,GOBP_REGULATION_OF_MITOCHONDRIAL_OUTER_MEMBRANE_PERMEABILIZATION_INVOLVED_IN_APOPTOTIC_SIGNALING_PATHWAY,Regulation of mitochondrial outer membrane permeabilization involved in apoptotic signaling pathway,1,16,806,0.0012,0.0011,1.147,0.592134454759985,0.8206281818162339,IER3,False
C2_core,GO_BP,GOBP_MYD88_DEPENDENT_TOLL_LIKE_RECEPTOR_SIGNALING_PATHWAY,Myd88 dependent toll like receptor signaling pathway,1,16,806,0.0012,0.0011,1.147,0.592134454759985,0.8206281818162339,IRAK3,False
C2_core,GO_BP,GOBP_MYELIN_MAINTENANCE,Myelin maintenance,1,16,806,0.0012,0.0011,1.147,0.592134454759985,0.8206281818162339,CXCR4,False
C2_core,GO_BP,GOBP_ALANINE_TRANSPORT,Alanine transport,1,16,806,0.0012,0.0011,1.147,0.592134454759985,0.8206281818162339,SLC38A1,False
C2_core,GO_BP,GOBP_AMINE_CATABOLIC_PROCESS,Amine catabolic process,1,16,806,0.0012,0.0011,1.147,0.592134454759985,0.8206281818162339,MOXD1,False
C2_core,GO_BP,GOBP_REGULATION_OF_POSTSYNAPTIC_DENSITY_ORGANIZATION,Regulation of postsynaptic density organization,1,16,806,0.0012,0.0011,1.147,0.592134454759985,0.8206281818162339,LRFN4,False
C2_core,GO_BP,GOBP_GENOMIC_IMPRINTING,Genomic imprinting,1,16,806,0.0012,0.0011,1.147,0.592134454759985,0.8206281818162339,NDN,False
C2_core,GO_BP,GOBP_NEGATIVE_REGULATION_OF_SMOOTH_MUSCLE_CELL_DIFFERENTIATION,Negative regulation of smooth muscle cell differentiation,1,16,806,0.0012,0.0011,1.147,0.592134454759985,0.8206281818162339,PRDM6,False
C2_core,GO_BP,GOBP_VOCALIZATION_BEHAVIOR,Vocalization behavior,1,16,806,0.0012,0.0011,1.147,0.592134454759985,0.8206281818162339,SRPX2,False
C2_core,GO_BP,GOBP_RAS_PROTEIN_SIGNAL_TRANSDUCTION,Ras protein signal transduction,6,114,806,0.0074,0.0077,0.966,0.5935472229291721,0.8222853483285678,"TGFB2, SYDE1, RALGDS, SPRY1, ADRA2A, RRAS",False
C2_core,GO_BP,GOBP_FC_RECEPTOR_SIGNALING_PATHWAY,Fc receptor signaling pathway,3,56,806,0.0037,0.0038,0.983,0.5950512200685848,0.8234656949743857,"CLEC4D, FCER1A, KIT",False
C2_core,GO_BP,GOBP_REGULATION_OF_DENDRITIC_SPINE_DEVELOPMENT,Regulation of dendritic spine development,3,56,806,0.0037,0.0038,0.983,0.5950512200685848,0.8234656949743857,"NLGN2, DBN1, LPAR1",False
C2_core,GO_BP,GOBP_POSITIVE_REGULATION_OF_RESPONSE_TO_CYTOKINE_STIMULUS,Positive regulation of response to cytokine stimulus,3,56,806,0.0037,0.0038,0.983,0.5950512200685848,0.8234656949743857,"CXCR4, GFI1, STING1",False
C2_core,GO_BP,GOBP_LONG_CHAIN_FATTY_ACID_METABOLIC_PROCESS,Long chain fatty acid metabolic process,5,95,806,0.0062,0.0064,0.966,0.5959948997500322,0.8244704911109426,"ACSM1, PTGS2, GSTP1, DAGLA, ABHD12",False
C2_core,GO_BP,GOBP_CELLULAR_RESPONSE_TO_XENOBIOTIC_STIMULUS,Cellular response to xenobiotic stimulus,9,172,806,0.0112,0.0116,0.96,0.5979477063529223,0.8268700216683293,"ACSM1, SLC28A3, MYC, GSTP1, CXCR4, SULT1C4, GUK1, UCHL1, ANKRD1",False
C2_core,GO_BP,GOBP_POSITIVE_REGULATION_OF_CYTOKINE_PRODUCTION_INVOLVED_IN_IMMUNE_RESPONSE,Positive regulation of cytokine production involved in immune response,4,76,806,0.005,0.0051,0.966,0.6000755866057241,0.8289049936744765,"GPRC5B, PYCARD, SEMA7A, KIT",False
C2_core,GO_BP,GOBP_REGULATION_OF_VIRAL_GENOME_REPLICATION,Regulation of viral genome replication,4,76,806,0.005,0.0051,0.966,0.6000755866057241,0.8289049936744765,"ISG20, CXCL8, BCL2, APOBEC3H",False
C2_core,GO_BP,GOBP_NEGATIVE_REGULATION_OF_INNATE_IMMUNE_RESPONSE,Negative regulation of innate immune response,4,76,806,0.005,0.0051,0.966,0.6000755866057241,0.8289049936744765,"IRAK3, A2M, RPS19, SERPINB9",False
C2_core,GO_BP,GOBP_ORGANIC_HYDROXY_COMPOUND_TRANSPORT,Organic hydroxy compound transport,12,230,806,0.0149,0.0155,0.958,0.603531998414552,0.832872379080083,"P2RX1, AQP1, ADRA2C, SLC5A1, SLC51B, SELENOM, TSPO, OSBPL5, SYT11, ADRA2A, GRAMD1B, STX1A",False
C2_core,GO_BP,GOBP_REGULATION_OF_PROTEASOMAL_PROTEIN_CATABOLIC_PROCESS,Regulation of proteasomal protein catabolic process,9,173,806,0.0112,0.0117,0.955,0.6049538042591123,0.832872379080083,"OSBPL7, ECSCR, PRICKLE1, SH3RF3, MAP1A, CSNK1E, PLK3, NKD2, WNT10B",False
C2_core,GO_BP,GOBP_STEROID_BIOSYNTHETIC_PROCESS,Steroid biosynthetic process,8,154,806,0.0099,0.0104,0.953,0.6061562443520299,0.832872379080083,"OSBPL7, SNAI1, DKK3, CH25H, TSPO, EGR1, IGFBP7, GFI1",False
C2_core,GO_BP,GOBP_REGULATION_OF_RELEASE_OF_CYTOCHROME_C_FROM_MITOCHONDRIA,Regulation of release of cytochrome c from mitochondria,2,37,806,0.0025,0.0025,0.992,0.6062308898755516,0.832872379080083,"LMNA, PYCARD",False
C2_core,GO_BP,GOBP_NEGATIVE_REGULATION_OF_CELLULAR_RESPONSE_TO_INSULIN_STIMULUS,Negative regulation of cellular response to insulin stimulus,2,37,806,0.0025,0.0025,0.992,0.6062308898755516,0.832872379080083,"SOCS1, SOCS3",False
C2_core,GO_BP,GOBP_POSITIVE_REGULATION_OF_CATION_CHANNEL_ACTIVITY,Positive regulation of cation channel activity,2,37,806,0.0025,0.0025,0.992,0.6062308898755516,0.832872379080083,"EDNRA, CACNA2D1",False
C2_core,GO_BP,GOBP_POSITIVE_REGULATION_OF_ORGANIC_ACID_TRANSPORT,Positive regulation of organic acid transport,2,37,806,0.0025,0.0025,0.992,0.6062308898755516,0.832872379080083,"SLC38A1, SLC12A2",False
C2_core,GO_BP,GOBP_REGULATION_OF_JUN_KINASE_ACTIVITY,Regulation of jun kinase activity,2,37,806,0.0025,0.0025,0.992,0.6062308898755516,0.832872379080083,"CCL19, GSTP1",False
C2_core,GO_BP,GOBP_SIGNALING_RECEPTOR_LIGAND_PRECURSOR_PROCESSING,Signaling receptor ligand precursor processing,2,37,806,0.0025,0.0025,0.992,0.6062308898755516,0.832872379080083,"MBOAT4, BACE2",False
C2_core,GO_BP,GOBP_REGULATION_OF_HEART_RATE_BY_CARDIAC_CONDUCTION,Regulation of heart rate by cardiac conduction,2,37,806,0.0025,0.0025,0.992,0.6062308898755516,0.832872379080083,"CACNA1C, CACNA2D1",False
C2_core,GO_BP,GOBP_NEUROTROPHIN_SIGNALING_PATHWAY,Neurotrophin signaling pathway,2,37,806,0.0025,0.0025,0.992,0.6062308898755516,0.832872379080083,"SPRY1, NDN",False
C2_core,GO_BP,GOBP_NUCLEOBASE_METABOLIC_PROCESS,Nucleobase metabolic process,2,37,806,0.0025,0.0025,0.992,0.6062308898755516,0.832872379080083,"DPYSL3, CRMP1",False
C2_core,GO_BP,GOBP_CELLULAR_PIGMENTATION,Cellular pigmentation,3,57,806,0.0037,0.0039,0.966,0.6071643826585421,0.832872379080083,"CD63, BCL2, BACE2",False
C2_core,GO_BP,GOBP_NEGATIVE_REGULATION_OF_ADAPTIVE_IMMUNE_RESPONSE,Negative regulation of adaptive immune response,3,57,806,0.0037,0.0039,0.966,0.6071643826585421,0.832872379080083,"DUSP22, ZC3H12A, FOXP3",False
C2_core,GO_BP,GOBP_REGULATION_OF_LIPASE_ACTIVITY,Regulation of lipase activity,3,57,806,0.0037,0.0039,0.966,0.6071643826585421,0.832872379080083,"RHOC, LPAR1, KIT",False
C2_core,GO_BP,GOBP_NEGATIVE_REGULATION_OF_CELL_CYCLE,Negative regulation of cell cycle,18,345,806,0.0223,0.0233,0.958,0.6101805600088632,0.832872379080083,"LATS2, BTG2, PTGS2, GJC2, SUSD2, CCL2, KLF4, DACT1, IER3, RGCC, CDKN1C, MIIP, PLK3, BTG1, LIF, BRSK1, BCL2, FOXC1",False
C2_core,GO_BP,GOBP_MODULATION_BY_HOST_OF_SYMBIONT_PROCESS,Modulation by host of symbiont process,4,77,806,0.005,0.0052,0.953,0.6104732551380134,0.832872379080083,"SAP30, ZC3H12A, PTX3, APOBEC3H",False
C2_core,GO_BP,GOBP_POSITIVE_REGULATION_OF_CYSTEINE_TYPE_ENDOPEPTIDASE_ACTIVITY,Positive regulation of cysteine type endopeptidase activity,6,116,806,0.0074,0.0078,0.949,0.6106233802512271,0.832872379080083,"F3, MYC, MCL1, GSN, PYCARD, BCL2",False
C2_core,GO_BP,GOBP_POSITIVE_REGULATION_OF_POST_TRANSLATIONAL_PROTEIN_MODIFICATION,Positive regulation of post translational protein modification,6,116,806,0.0074,0.0078,0.949,0.6106233802512271,0.832872379080083,"RASD2, PRICKLE1, SPHK1, EGR1, ZC3H12A, ANGPT1",False
C2_core,GO_BP,GOBP_UTERUS_DEVELOPMENT,Uterus development,1,17,806,0.0012,0.0011,1.08,0.614379659081507,0.832872379080083,TGFB2,False
C2_core,GO_BP,GOBP_REGULATION_OF_FIBROBLAST_APOPTOTIC_PROCESS,Regulation of fibroblast apoptotic process,1,17,806,0.0012,0.0011,1.08,0.614379659081507,0.832872379080083,BTG1,False
C2_core,GO_BP,GOBP_RIBOSOMAL_SMALL_SUBUNIT_ASSEMBLY,Ribosomal small subunit assembly,1,17,806,0.0012,0.0011,1.08,0.614379659081507,0.832872379080083,RPS19,False
C2_core,GO_BP,GOBP_RESPONSE_TO_HYDROPEROXIDE,Response to hydroperoxide,1,17,806,0.0012,0.0011,1.08,0.614379659081507,0.832872379080083,GPX3,False
C2_core,GO_BP,GOBP_REGULATION_OF_NUCLEOBASE_CONTAINING_COMPOUND_TRANSPORT,Regulation of nucleobase containing compound transport,1,17,806,0.0012,0.0011,1.08,0.614379659081507,0.832872379080083,ADORA1,False
C2_core,GO_BP,GOBP_NONRIBOSOMAL_PEPTIDE_BIOSYNTHETIC_PROCESS,Nonribosomal peptide biosynthetic process,1,17,806,0.0012,0.0011,1.08,0.614379659081507,0.832872379080083,GGT5,False
C2_core,GO_BP,GOBP_HEMOGLOBIN_METABOLIC_PROCESS,Hemoglobin metabolic process,1,17,806,0.0012,0.0011,1.08,0.614379659081507,0.832872379080083,KLF4,False
C2_core,GO_BP,GOBP_HEAT_GENERATION,Heat generation,1,17,806,0.0012,0.0011,1.08,0.614379659081507,0.832872379080083,PTGS2,False
C2_core,GO_BP,GOBP_NEGATIVE_REGULATION_OF_PROGRAMMED_NECROTIC_CELL_DEATH,Negative regulation of programmed necrotic cell death,1,17,806,0.0012,0.0011,1.08,0.614379659081507,0.832872379080083,YBX3,False
C2_core,GO_BP,GOBP_INTERLEUKIN_13_PRODUCTION,Interleukin 13 production,1,17,806,0.0012,0.0011,1.08,0.614379659081507,0.832872379080083,TNFRSF21,False
C2_core,GO_BP,GOBP_REGULATION_OF_INSULIN_LIKE_GROWTH_FACTOR_RECEPTOR_SIGNALING_PATHWAY,Regulation of insulin like growth factor receptor signaling pathway,1,17,806,0.0012,0.0011,1.08,0.614379659081507,0.832872379080083,IGFBP6,False
C2_core,GO_BP,GOBP_POSITIVE_REGULATION_OF_T_HELPER_17_TYPE_IMMUNE_RESPONSE,Positive regulation of t helper 17 type immune response,1,17,806,0.0012,0.0011,1.08,0.614379659081507,0.832872379080083,NFKBID,False
C2_core,GO_BP,GOBP_NEGATIVE_REGULATION_OF_RELEASE_OF_CYTOCHROME_C_FROM_MITOCHONDRIA,Negative regulation of release of cytochrome c from mitochondria,1,17,806,0.0012,0.0011,1.08,0.614379659081507,0.832872379080083,LMNA,False
C2_core,GO_BP,GOBP_DNA_DEMETHYLATION,Dna demethylation,1,17,806,0.0012,0.0011,1.08,0.614379659081507,0.832872379080083,APOBEC3H,False
C2_core,GO_BP,GOBP_ESTABLISHMENT_OF_EPITHELIAL_CELL_APICAL_BASAL_POLARITY,Establishment of epithelial cell apical basal polarity,1,17,806,0.0012,0.0011,1.08,0.614379659081507,0.832872379080083,EZR,False
C2_core,GO_BP,GOBP_RNA_DECAPPING,Rna decapping,1,17,806,0.0012,0.0011,1.08,0.614379659081507,0.832872379080083,ZFP36,False
C2_core,GO_BP,GOBP_DEFINITIVE_HEMOPOIESIS,Definitive hemopoiesis,1,17,806,0.0012,0.0011,1.08,0.614379659081507,0.832872379080083,GATA2,False
C2_core,GO_BP,GOBP_LENS_MORPHOGENESIS_IN_CAMERA_TYPE_EYE,Lens morphogenesis in camera type eye,1,17,806,0.0012,0.0011,1.08,0.614379659081507,0.832872379080083,EPHA2,False
C2_core,GO_BP,GOBP_CORONARY_VASCULATURE_MORPHOGENESIS,Coronary vasculature morphogenesis,1,17,806,0.0012,0.0011,1.08,0.614379659081507,0.832872379080083,HAND2,False
C2_core,GO_BP,GOBP_CYCLIC_NUCLEOTIDE_BIOSYNTHETIC_PROCESS,Cyclic nucleotide biosynthetic process,1,17,806,0.0012,0.0011,1.08,0.614379659081507,0.832872379080083,ADCY3,False
C2_core,GO_BP,GOBP_RELAXATION_OF_CARDIAC_MUSCLE,Relaxation of cardiac muscle,1,17,806,0.0012,0.0011,1.08,0.614379659081507,0.832872379080083,GSN,False
C2_core,GO_BP,GOBP_PROTEIN_O_LINKED_MANNOSYLATION,Protein o linked mannosylation,1,17,806,0.0012,0.0011,1.08,0.614379659081507,0.832872379080083,TMTC2,False
C2_core,GO_BP,GOBP_QUATERNARY_AMMONIUM_GROUP_TRANSPORT,Quaternary ammonium group transport,1,17,806,0.0012,0.0011,1.08,0.614379659081507,0.832872379080083,SLC22A15,False
C2_core,GO_BP,GOBP_AGGREPHAGY,Aggrephagy,1,17,806,0.0012,0.0011,1.08,0.614379659081507,0.832872379080083,HSPB8,False
C2_core,GO_BP,GOBP_ORGAN_INDUCTION,Organ induction,1,17,806,0.0012,0.0011,1.08,0.614379659081507,0.832872379080083,SPRY1,False
C2_core,GO_BP,GOBP_REGULATION_OF_MICROTUBULE_NUCLEATION,Regulation of microtubule nucleation,1,17,806,0.0012,0.0011,1.08,0.614379659081507,0.832872379080083,HAUS7,False
C2_core,GO_BP,GOBP_CELLULAR_RESPONSE_TO_ESTROGEN_STIMULUS,Cellular response to estrogen stimulus,1,17,806,0.0012,0.0011,1.08,0.614379659081507,0.832872379080083,SERPINB9,False
C2_core,GO_BP,GOBP_PROTEIN_LOCALIZATION_TO_MICROTUBULE,Protein localization to microtubule,1,17,806,0.0012,0.0011,1.08,0.614379659081507,0.832872379080083,MAP1A,False
C2_core,GO_BP,GOBP_OPTIC_NERVE_DEVELOPMENT,Optic nerve development,1,17,806,0.0012,0.0011,1.08,0.614379659081507,0.832872379080083,LPAR1,False
C2_core,GO_BP,GOBP_PHAGOLYSOSOME_ASSEMBLY,Phagolysosome assembly,1,17,806,0.0012,0.0011,1.08,0.614379659081507,0.832872379080083,RAB34,False
C2_core,GO_BP,GOBP_PIRNA_PROCESSING,Pirna processing,1,17,806,0.0012,0.0011,1.08,0.614379659081507,0.832872379080083,PIWIL4,False
C2_core,GO_BP,GOBP_CGAS_STING_SIGNALING_PATHWAY,Cgas sting signaling pathway,1,17,806,0.0012,0.0011,1.08,0.614379659081507,0.832872379080083,STING1,False
C2_core,GO_BP,GOBP_NUCLEOTIDE_SALVAGE,Nucleotide salvage,1,17,806,0.0012,0.0011,1.08,0.614379659081507,0.832872379080083,DGUOK,False
C2_core,GO_BP,GOBP_POSITIVE_REGULATION_OF_TUMOR_NECROSIS_FACTOR_SUPERFAMILY_CYTOKINE_PRODUCTION,Positive regulation of tumor necrosis factor superfamily cytokine production,5,97,806,0.0062,0.0066,0.946,0.6145978284264746,0.832872379080083,"THBS1, CCL19, CYBA, PYCARD, NFATC4",False
C2_core,GO_BP,GOBP_ORGANIC_HYDROXY_COMPOUND_BIOSYNTHETIC_PROCESS,Organic hydroxy compound biosynthetic process,11,213,806,0.0136,0.0144,0.948,0.6163156988146217,0.8349017457306405,"ISYNA1, TRPC1, HAND2, OSBPL7, TGFB2, SNAI1, DKK3, CH25H, SPHK1, GFI1, MOXD1",False
C2_core,GO_BP,GOBP_VIRAL_GENOME_REPLICATION,Viral genome replication,6,117,806,0.0074,0.0079,0.941,0.6190108564516136,0.8371731941761706,"CCL2, APOBEC3H, ISG20, ZC3H12A, CXCL8, BCL2",False
C2_core,GO_BP,GOBP_AXONAL_TRANSPORT,Axonal transport,3,58,806,0.0037,0.0039,0.949,0.6190339922733304,0.8371731941761706,"UCHL1, MAP1A, KIF5C",False
C2_core,GO_BP,GOBP_CERAMIDE_BIOSYNTHETIC_PROCESS,Ceramide biosynthetic process,3,58,806,0.0037,0.0039,0.949,0.6190339922733304,0.8371731941761706,"P2RX1, SPHK1, CCN1",False
C2_core,GO_BP,GOBP_SIGNAL_TRANSDUCTION_IN_ABSENCE_OF_LIGAND,Signal transduction in absence of ligand,3,58,806,0.0037,0.0039,0.949,0.6190339922733304,0.8371731941761706,"PPP2R1A, BCL2, MCL1",False
C2_core,GO_BP,GOBP_RESPONSE_TO_VIRUS,Response to virus,18,347,806,0.0223,0.0235,0.952,0.6200572517066627,0.8371731941761706,"MST1R, STING1, HYAL2, SLFN13, CXCR4, IRAK3, BATF3, ZC3H12A, CD207, FOXP3, APOBEC3H, ISG20, CCL19, PYCARD, TRIM15, BCL2, ITGB8, PIM2",False
C2_core,GO_BP,GOBP_REGULATION_OF_LEUKOCYTE_APOPTOTIC_PROCESS,Regulation of leukocyte apoptotic process,4,78,806,0.005,0.0053,0.941,0.6207028608497982,0.8371731941761706,"CCL19, CCL21, ANXA1, BCL2",False
C2_core,GO_BP,GOBP_NERVE_DEVELOPMENT,Nerve development,4,78,806,0.005,0.0053,0.941,0.6207028608497982,0.8371731941761706,"EGR2, EDNRA, PLXNA3, LPAR1",False
C2_core,GO_BP,GOBP_REGULATION_OF_EXOCYTOSIS,Regulation of exocytosis,8,156,806,0.0099,0.0105,0.941,0.6207659722900266,0.8371731941761706,"P2RX1, DOC2B, RAB3C, GATA2, ADRA2A, TRPV6, ANXA1, STX1A",False
C2_core,GO_BP,GOBP_HYDROGEN_PEROXIDE_METABOLIC_PROCESS,Hydrogen peroxide metabolic process,2,38,806,0.0025,0.0026,0.966,0.6208647863908787,0.8371731941761706,"GPX3, CYBA",False
C2_core,GO_BP,GOBP_RESPONSE_TO_ZINC_ION,Response to zinc ion,2,38,806,0.0025,0.0026,0.966,0.6208647863908787,0.8371731941761706,"CRIP1, TSPO",False
C2_core,GO_BP,GOBP_CEREBRAL_CORTEX_CELL_MIGRATION,Cerebral cortex cell migration,2,38,806,0.0025,0.0026,0.966,0.6208647863908787,0.8371731941761706,"SLIT2, ZMIZ1",False
C2_core,GO_BP,GOBP_REGULATION_OF_BONE_RESORPTION,Regulation of bone resorption,2,38,806,0.0025,0.0026,0.966,0.6208647863908787,0.8371731941761706,"IL20RA, TNFRSF11B",False
C2_core,GO_BP,GOBP_ARP2_3_COMPLEX_MEDIATED_ACTIN_NUCLEATION,Arp2 3 complex mediated actin nucleation,2,38,806,0.0025,0.0026,0.966,0.6208647863908787,0.8371731941761706,"ARPC3, ARPC1B",False
C2_core,GO_BP,GOBP_DENDRITE_DEVELOPMENT,Dendrite development,11,214,806,0.0136,0.0145,0.943,0.622531672245881,0.839122200690019,"DCDC2, PRICKLE1, NCK2, MAP1A, MAP1B, MARK1, DBN1, LPAR1, TPBG, NLGN2, NFATC4",False
C2_core,GO_BP,GOBP_REGULATION_OF_POSTSYNAPSE_ORGANIZATION,Regulation of postsynapse organization,5,98,806,0.0062,0.0066,0.936,0.6237087953440881,0.8404098952911627,"ROR2, HOMER1, NEDD9, LRFN4, DBN1",False
C2_core,GO_BP,GOBP_SULFUR_COMPOUND_TRANSPORT,Sulfur compound transport,3,59,806,0.0037,0.004,0.933,0.6306576128820505,0.8421056096653734,"GJA1, SLC35F3, SLC6A11",False
C2_core,GO_BP,GOBP_ACUTE_PHASE_RESPONSE,Acute phase response,2,39,806,0.0025,0.0026,0.941,0.635075296671461,0.8421056096653734,"A2M, PTGS2",False
C2_core,GO_BP,GOBP_REGULATION_OF_NEURON_MIGRATION,Regulation of neuron migration,2,39,806,0.0025,0.0026,0.941,0.635075296671461,0.8421056096653734,"FLNA, MDK",False
C2_core,GO_BP,GOBP_POSITIVE_REGULATION_OF_DNA_REPLICATION,Positive regulation of dna replication,2,39,806,0.0025,0.0026,0.941,0.635075296671461,0.8421056096653734,"GLI2, GLI1",False
C2_core,GO_BP,GOBP_REGULATION_OF_POTASSIUM_ION_TRANSMEMBRANE_TRANSPORTER_ACTIVITY,Regulation of potassium ion transmembrane transporter activity,2,39,806,0.0025,0.0026,0.941,0.635075296671461,0.8421056096653734,"FXYD2, ATP1B3",False
C2_core,GO_BP,GOBP_REGULATION_OF_ERYTHROCYTE_DIFFERENTIATION,Regulation of erythrocyte differentiation,2,39,806,0.0025,0.0026,0.941,0.635075296671461,0.8421056096653734,"ZFP36, GATA2",False
C2_core,GO_BP,GOBP_NEUROTRANSMITTER_UPTAKE,Neurotransmitter uptake,2,39,806,0.0025,0.0026,0.941,0.635075296671461,0.8421056096653734,"SLC38A1, SLC6A11",False
C2_core,GO_BP,GOBP_REGULATION_OF_SPINDLE_ORGANIZATION,Regulation of spindle organization,2,39,806,0.0025,0.0026,0.941,0.635075296671461,0.8421056096653734,"MAP9, CHMP4B",False
C2_core,GO_BP,GOBP_REGULATION_OF_EARLY_ENDOSOME_TO_LATE_ENDOSOME_TRANSPORT,Regulation of early endosome to late endosome transport,1,18,806,0.0012,0.0012,1.02,0.6354130213864615,0.8421056096653734,EZR,False
C2_core,GO_BP,GOBP_INFLAMMATORY_CELL_APOPTOTIC_PROCESS,Inflammatory cell apoptotic process,1,18,806,0.0012,0.0012,1.02,0.6354130213864615,0.8421056096653734,ANXA1,False
C2_core,GO_BP,GOBP_NUCLEOLUS_ORGANIZATION,Nucleolus organization,1,18,806,0.0012,0.0012,1.02,0.6354130213864615,0.8421056096653734,RPS19,False
C2_core,GO_BP,GOBP_SEROTONIN_TRANSPORT,Serotonin transport,1,18,806,0.0012,0.0012,1.02,0.6354130213864615,0.8421056096653734,P2RX1,False
C2_core,GO_BP,GOBP_NEGATIVE_REGULATION_OF_NATURAL_KILLER_CELL_MEDIATED_IMMUNITY,Negative regulation of natural killer cell mediated immunity,1,18,806,0.0012,0.0012,1.02,0.6354130213864615,0.8421056096653734,SERPINB9,False
C2_core,GO_BP,GOBP_DNA_DAMAGE_RESPONSE_SIGNAL_TRANSDUCTION_BY_P53_CLASS_MEDIATOR_RESULTING_IN_CELL_CYCLE_ARREST,Dna damage response signal transduction by p53 class mediator resulting in cell cycle arrest,1,18,806,0.0012,0.0012,1.02,0.6354130213864615,0.8421056096653734,PLK3,False
C2_core,GO_BP,GOBP_MONOATOMIC_ANION_HOMEOSTASIS,Monoatomic anion homeostasis,1,18,806,0.0012,0.0012,1.02,0.6354130213864615,0.8421056096653734,SLC12A2,False
C2_core,GO_BP,GOBP_TRACHEA_DEVELOPMENT,Trachea development,1,18,806,0.0012,0.0012,1.02,0.6354130213864615,0.8421056096653734,SOX9,False
C2_core,GO_BP,GOBP_NEGATIVE_REGULATION_OF_AMYLOID_PRECURSOR_PROTEIN_CATABOLIC_PROCESS,Negative regulation of amyloid precursor protein catabolic process,1,18,806,0.0012,0.0012,1.02,0.6354130213864615,0.8421056096653734,PIN1,False
C2_core,GO_BP,GOBP_NEGATIVE_REGULATION_OF_INTRINSIC_APOPTOTIC_SIGNALING_PATHWAY_BY_P53_CLASS_MEDIATOR,Negative regulation of intrinsic apoptotic signaling pathway by p53 class mediator,1,18,806,0.0012,0.0012,1.02,0.6354130213864615,0.8421056096653734,BCL2,False
C2_core,GO_BP,GOBP_TOLL_LIKE_RECEPTOR_9_SIGNALING_PATHWAY,Toll like receptor 9 signaling pathway,1,18,806,0.0012,0.0012,1.02,0.6354130213864615,0.8421056096653734,TNIP2,False
C2_core,GO_BP,GOBP_REGULATION_OF_SYNAPTIC_VESICLE_ENDOCYTOSIS,Regulation of synaptic vesicle endocytosis,1,18,806,0.0012,0.0012,1.02,0.6354130213864615,0.8421056096653734,SYT11,False
C2_core,GO_BP,GOBP_REGULATION_OF_CARDIAC_MUSCLE_CONTRACTION_BY_REGULATION_OF_THE_RELEASE_OF_SEQUESTERED_CALCIUM_ION,Regulation of cardiac muscle contraction by regulation of the release of sequestered calcium ion,1,18,806,0.0012,0.0012,1.02,0.6354130213864615,0.8421056096653734,CACNA1C,False
C2_core,GO_BP,GOBP_OUTER_DYNEIN_ARM_ASSEMBLY,Outer dynein arm assembly,1,18,806,0.0012,0.0012,1.02,0.6354130213864615,0.8421056096653734,DNAH5,False
C2_core,GO_BP,GOBP_REGULATION_OF_CARDIAC_CONDUCTION,Regulation of cardiac conduction,1,18,806,0.0012,0.0012,1.02,0.6354130213864615,0.8421056096653734,TRPC1,False
C2_core,GO_BP,GOBP_MALE_GENITALIA_DEVELOPMENT,Male genitalia development,1,18,806,0.0012,0.0012,1.02,0.6354130213864615,0.8421056096653734,ROR2,False
C2_core,GO_BP,GOBP_REGULATION_OF_VOLTAGE_GATED_CALCIUM_CHANNEL_ACTIVITY,Regulation of voltage gated calcium channel activity,1,18,806,0.0012,0.0012,1.02,0.6354130213864615,0.8421056096653734,CACNA2D1,False
C2_core,GO_BP,GOBP_COPPER_ION_TRANSPORT,Copper ion transport,1,18,806,0.0012,0.0012,1.02,0.6354130213864615,0.8421056096653734,HEPH,False
C2_core,GO_BP,GOBP_POSITIVE_REGULATION_OF_T_CELL_RECEPTOR_SIGNALING_PATHWAY,Positive regulation of t cell receptor signaling pathway,1,18,806,0.0012,0.0012,1.02,0.6354130213864615,0.8421056096653734,TRAT1,False
C2_core,GO_BP,GOBP_SPERMATID_NUCLEUS_DIFFERENTIATION,Spermatid nucleus differentiation,1,18,806,0.0012,0.0012,1.02,0.6354130213864615,0.8421056096653734,PYGO1,False
C2_core,GO_BP,GOBP_LAMELLIPODIUM_MORPHOGENESIS,Lamellipodium morphogenesis,1,18,806,0.0012,0.0012,1.02,0.6354130213864615,0.8421056096653734,ENPP2,False
C2_core,GO_BP,GOBP_DETECTION_OF_LIGHT_STIMULUS_INVOLVED_IN_SENSORY_PERCEPTION,Detection of light stimulus involved in sensory perception,1,18,806,0.0012,0.0012,1.02,0.6354130213864615,0.8421056096653734,ATP8A2,False
C2_core,GO_BP,GOBP_RESPONSE_TO_ACIDIC_PH,Response to acidic ph,1,18,806,0.0012,0.0012,1.02,0.6354130213864615,0.8421056096653734,RAB11FIP5,False
C2_core,GO_BP,GOBP_LONG_CHAIN_FATTY_ACYL_COA_BIOSYNTHETIC_PROCESS,Long chain fatty acyl coa biosynthetic process,1,18,806,0.0012,0.0012,1.02,0.6354130213864615,0.8421056096653734,ELOVL7,False
C2_core,GO_BP,GOBP_LYMPH_NODE_DEVELOPMENT,Lymph node development,1,18,806,0.0012,0.0012,1.02,0.6354130213864615,0.8421056096653734,LTB,False
C2_core,GO_BP,GOBP_POSITIVE_REGULATION_OF_FATTY_ACID_BIOSYNTHETIC_PROCESS,Positive regulation of fatty acid biosynthetic process,1,18,806,0.0012,0.0012,1.02,0.6354130213864615,0.8421056096653734,PTGS2,False
C2_core,GO_BP,GOBP_GLYCOLYTIC_PROCESS_THROUGH_GLUCOSE_6_PHOSPHATE,Glycolytic process through glucose 6 phosphate,1,18,806,0.0012,0.0012,1.02,0.6354130213864615,0.8421056096653734,PFKP,False
C2_core,GO_BP,GOBP_NEGATIVE_REGULATION_OF_TOLL_LIKE_RECEPTOR_SIGNALING_PATHWAY,Negative regulation of toll like receptor signaling pathway,1,18,806,0.0012,0.0012,1.02,0.6354130213864615,0.8421056096653734,IRAK3,False
C2_core,GO_BP,GOBP_G1_TO_G0_TRANSITION,G1 to g0 transition,1,18,806,0.0012,0.0012,1.02,0.6354130213864615,0.8421056096653734,GATA6,False
C2_core,GO_BP,GOBP_PURINE_RIBONUCLEOSIDE_METABOLIC_PROCESS,Purine ribonucleoside metabolic process,1,18,806,0.0012,0.0012,1.02,0.6354130213864615,0.8421056096653734,DGUOK,False
C2_core,GO_BP,GOBP_ARACHIDONIC_ACID_SECRETION,Arachidonic acid secretion,1,18,806,0.0012,0.0012,1.02,0.6354130213864615,0.8421056096653734,ANXA1,False
C2_core,GO_BP,GOBP_ASPARTATE_TRANSMEMBRANE_TRANSPORT,Aspartate transmembrane transport,1,18,806,0.0012,0.0012,1.02,0.6354130213864615,0.8421056096653734,SLC1A5,False
C2_core,GO_BP,GOBP_REGULATION_OF_GLIAL_CELL_MIGRATION,Regulation of glial cell migration,1,18,806,0.0012,0.0012,1.02,0.6354130213864615,0.8421056096653734,RRAS,False
C2_core,GO_BP,GOBP_RESPONSE_TO_HEPATOCYTE_GROWTH_FACTOR,Response to hepatocyte growth factor,1,18,806,0.0012,0.0012,1.02,0.6354130213864615,0.8421056096653734,CASR,False
C2_core,GO_BP,GOBP_NEGATIVE_REGULATION_OF_GLIAL_CELL_DIFFERENTIATION,Negative regulation of glial cell differentiation,1,18,806,0.0012,0.0012,1.02,0.6354130213864615,0.8421056096653734,ID4,False
C2_core,GO_BP,GOBP_AUDITORY_RECEPTOR_CELL_MORPHOGENESIS,Auditory receptor cell morphogenesis,1,18,806,0.0012,0.0012,1.02,0.6354130213864615,0.8421056096653734,USH1C,False
C2_core,GO_BP,GOBP_MIRNA_MEDIATED_GENE_SILENCING_BY_INHIBITION_OF_TRANSLATION,Mirna mediated gene silencing by inhibition of translation,1,18,806,0.0012,0.0012,1.02,0.6354130213864615,0.8421056096653734,ZFP36,False
C2_core,GO_BP,GOBP_TETRAHYDROFOLATE_METABOLIC_PROCESS,Tetrahydrofolate metabolic process,1,18,806,0.0012,0.0012,1.02,0.6354130213864615,0.8421056096653734,MTHFD2,False
C2_core,GO_BP,GOBP_RETROGRADE_AXONAL_TRANSPORT,Retrograde axonal transport,1,18,806,0.0012,0.0012,1.02,0.6354130213864615,0.8421056096653734,MAP1A,False
C2_core,GO_BP,GOBP_PYRIMIDINE_CONTAINING_COMPOUND_METABOLIC_PROCESS,Pyrimidine containing compound metabolic process,4,80,806,0.005,0.0054,0.918,0.6406480316875486,0.8484499797497803,"DPYSL3, SLC4A7, APOBEC3H, CRMP1",False
C2_core,GO_BP,GOBP_REGULATION_OF_SMOOTHENED_SIGNALING_PATHWAY,Regulation of smoothened signaling pathway,4,80,806,0.005,0.0054,0.918,0.6406480316875486,0.8484499797497803,"DCDC2, GPC3, GLI1, RAB34",False
C2_core,GO_BP,GOBP_B_CELL_RECEPTOR_SIGNALING_PATHWAY,B cell receptor signaling pathway,3,60,806,0.0037,0.0041,0.918,0.6420334118294433,0.8488661616741685,"CTLA4, BCL2, CD79A",False
C2_core,GO_BP,GOBP_NUCLEAR_TRANSCRIBED_MRNA_CATABOLIC_PROCESS_NONSENSE_MEDIATED_DECAY,Nuclear transcribed mrna catabolic process nonsense mediated decay,2,40,806,0.0025,0.0027,0.918,0.6488650598704683,0.8488661616741685,"PNRC1, ZC3H12A",False
C2_core,GO_BP,GOBP_DEOXYRIBONUCLEOTIDE_METABOLIC_PROCESS,Deoxyribonucleotide metabolic process,2,40,806,0.0025,0.0027,0.918,0.6488650598704683,0.8488661616741685,"DGUOK, GUK1",False
C2_core,GO_BP,GOBP_REACTIVE_OXYGEN_SPECIES_BIOSYNTHETIC_PROCESS,Reactive oxygen species biosynthetic process,2,40,806,0.0025,0.0027,0.918,0.6488650598704683,0.8488661616741685,"CYBA, ADGRB1",False
C2_core,GO_BP,GOBP_MODIFIED_AMINO_ACID_TRANSPORT,Modified amino acid transport,2,40,806,0.0025,0.0027,0.918,0.6488650598704683,0.8488661616741685,"GJA1, SLC22A15",False
C2_core,GO_BP,GOBP_PEPTIDYL_CYSTEINE_MODIFICATION,Peptidyl cysteine modification,2,40,806,0.0025,0.0027,0.918,0.6488650598704683,0.8488661616741685,"CLIP3, GOLGA7B",False
C2_core,GO_BP,GOBP_PROSTANOID_METABOLIC_PROCESS,Prostanoid metabolic process,2,40,806,0.0025,0.0027,0.918,0.6488650598704683,0.8488661616741685,"GSTP1, PTGS2",False
C2_core,GO_BP,GOBP_PROTEIN_DEACETYLATION,Protein deacetylation,2,40,806,0.0025,0.0027,0.918,0.6488650598704683,0.8488661616741685,"FLNA, NDN",False
C2_core,GO_BP,GOBP_INNER_EAR_RECEPTOR_CELL_DEVELOPMENT,Inner ear receptor cell development,2,40,806,0.0025,0.0027,0.918,0.6488650598704683,0.8488661616741685,"USH1C, SLC4A7",False
C2_core,GO_BP,GOBP_REGULATION_OF_AMYLOID_PRECURSOR_PROTEIN_CATABOLIC_PROCESS,Regulation of amyloid precursor protein catabolic process,2,40,806,0.0025,0.0027,0.918,0.6488650598704683,0.8488661616741685,"PIN1, CSNK1E",False
C2_core,GO_BP,GOBP_NEGATIVE_REGULATION_OF_TRANSMEMBRANE_TRANSPORT,Negative regulation of transmembrane transport,5,101,806,0.0062,0.0068,0.909,0.6502538605153521,0.8488661616741685,"THBS1, REM1, ADRA2A, BCL2, RGS4",False
C2_core,GO_BP,GOBP_BIOLOGICAL_PROCESS_INVOLVED_IN_INTERACTION_WITH_SYMBIONT,Biological process involved in interaction with symbiont,5,101,806,0.0062,0.0068,0.909,0.6502538605153521,0.8488661616741685,"SAP30, CXCL6, PTX3, APOBEC3H, ZC3H12A",False
C2_core,GO_BP,GOBP_MONOSACCHARIDE_TRANSMEMBRANE_TRANSPORT,Monosaccharide transmembrane transport,5,101,806,0.0062,0.0068,0.909,0.6502538605153521,0.8488661616741685,"SLC5A1, CLIP3, SLC2A3, EDNRA, GPC3",False
C2_core,GO_BP,GOBP_ORGANELLE_TRANSPORT_ALONG_MICROTUBULE,Organelle transport along microtubule,4,81,806,0.005,0.0055,0.906,0.6503595369678132,0.8488661616741685,"UCHL1, CDR2L, MAP1B, TUBA1A",False
C2_core,GO_BP,GOBP_PROTEIN_DEUBIQUITINATION,Protein deubiquitination,4,81,806,0.005,0.0055,0.906,0.6503595369678132,0.8488661616741685,"UCHL1, ZC3H12A, USP11, JOSD1",False
C2_core,GO_BP,GOBP_PEPTIDYL_SERINE_MODIFICATION,Peptidyl serine modification,12,238,806,0.0149,0.0161,0.925,0.6507074938195938,0.8488661616741685,"LATS2, ANGPT1, PTGS2, MYO3A, MARK1, MBOAT4, CSNK1E, STK32A, GPD1L, LIF, BRSK1, BCL2",False
C2_core,GO_BP,GOBP_POSITIVE_REGULATION_OF_NF_KAPPAB_TRANSCRIPTION_FACTOR_ACTIVITY,Positive regulation of nf kappab transcription factor activity,6,121,806,0.0074,0.0082,0.91,0.6515115009011894,0.8488661616741685,"RIPK4, IRAK3, SPHK1, PYCARD, TRIM15, NTS",False
C2_core,GO_BP,GOBP_CELLULAR_RESPONSE_TO_STEROID_HORMONE_STIMULUS,Cellular response to steroid hormone stimulus,9,180,806,0.0112,0.0122,0.918,0.652221355678781,0.8488661616741685,"ZMIZ1, STC1, HEYL, ZFP36, LBH, PMEPA1, PDE3A, ANXA1, AQP1",False
C2_core,GO_BP,GOBP_SOMATIC_DIVERSIFICATION_OF_IMMUNOGLOBULINS,Somatic diversification of immunoglobulins,3,61,806,0.0037,0.0041,0.903,0.6531601224028853,0.8488661616741685,"BATF, CLCF1, FOXP3",False
C2_core,GO_BP,GOBP_INTRINSIC_APOPTOTIC_SIGNALING_PATHWAY_IN_RESPONSE_TO_ENDOPLASMIC_RETICULUM_STRESS,Intrinsic apoptotic signaling pathway in response to endoplasmic reticulum stress,3,61,806,0.0037,0.0041,0.903,0.6531601224028853,0.8488661616741685,"NCK2, PPP1R15A, BCL2",False
C2_core,GO_BP,GOBP_POSITIVE_REGULATION_OF_PATTERN_RECOGNITION_RECEPTOR_SIGNALING_PATHWAY,Positive regulation of pattern recognition receptor signaling pathway,3,61,806,0.0037,0.0041,0.903,0.6531601224028853,0.8488661616741685,"CYBA, GDI1, TRIM15",False
C2_core,GO_BP,GOBP_WATER_SOLUBLE_VITAMIN_METABOLIC_PROCESS,Water soluble vitamin metabolic process,3,61,806,0.0037,0.0041,0.903,0.6531601224028853,0.8488661616741685,"SLC2A3, SLC52A2, MTHFD2",False
C2_core,GO_BP,GOBP_REGULATION_OF_ATP_METABOLIC_PROCESS,Regulation of atp metabolic process,3,61,806,0.0037,0.0041,0.903,0.6531601224028853,0.8488661616741685,"UCHL1, IER3, TSPO",False
C2_core,GO_BP,GOBP_NEUTROPHIL_ACTIVATION_INVOLVED_IN_IMMUNE_RESPONSE,Neutrophil activation involved in immune response,1,19,806,0.0012,0.0013,0.966,0.6553004811023866,0.8488661616741685,ANXA3,False
C2_core,GO_BP,GOBP_MAGNESIUM_ION_TRANSPORT,Magnesium ion transport,1,19,806,0.0012,0.0013,0.966,0.6553004811023866,0.8488661616741685,TUSC3,False
C2_core,GO_BP,GOBP_REGULATION_OF_VIRAL_TRANSCRIPTION,Regulation of viral transcription,1,19,806,0.0012,0.0013,0.966,0.6553004811023866,0.8488661616741685,ZFP36,False
C2_core,GO_BP,GOBP_POSITIVE_REGULATION_OF_AMYLOID_BETA_FORMATION,Positive regulation of amyloid beta formation,1,19,806,0.0012,0.0013,0.966,0.6553004811023866,0.8488661616741685,CSNK1E,False
C2_core,GO_BP,GOBP_LATE_ENDOSOME_TO_LYSOSOME_TRANSPORT,Late endosome to lysosome transport,1,19,806,0.0012,0.0013,0.966,0.6553004811023866,0.8488661616741685,CHMP4B,False
C2_core,GO_BP,GOBP_LIPID_DIGESTION,Lipid digestion,1,19,806,0.0012,0.0013,0.966,0.6553004811023866,0.8488661616741685,AQP1,False
C2_core,GO_BP,GOBP_REGULATION_OF_PROTEIN_ACETYLATION,Regulation of protein acetylation,1,19,806,0.0012,0.0013,0.966,0.6553004811023866,0.8488661616741685,SOX4,False
C2_core,GO_BP,GOBP_POSITIVE_REGULATION_OF_NUCLEOTIDE_CATABOLIC_PROCESS,Positive regulation of nucleotide catabolic process,1,19,806,0.0012,0.0013,0.966,0.6553004811023866,0.8488661616741685,UCHL1,False
C2_core,GO_BP,GOBP_ENDOPLASMIC_RETICULUM_TUBULAR_NETWORK_ORGANIZATION,Endoplasmic reticulum tubular network organization,1,19,806,0.0012,0.0013,0.966,0.6553004811023866,0.8488661616741685,ATL1,False
C2_core,GO_BP,GOBP_REGULATION_OF_COLLATERAL_SPROUTING,Regulation of collateral sprouting,1,19,806,0.0012,0.0013,0.966,0.6553004811023866,0.8488661616741685,EFNA5,False
C2_core,GO_BP,GOBP_POSITIVE_REGULATION_OF_DENDRITIC_SPINE_MORPHOGENESIS,Positive regulation of dendritic spine morphogenesis,1,19,806,0.0012,0.0013,0.966,0.6553004811023866,0.8488661616741685,DBN1,False
C2_core,GO_BP,GOBP_ERBB2_SIGNALING_PATHWAY,Erbb2 signaling pathway,1,19,806,0.0012,0.0013,0.966,0.6553004811023866,0.8488661616741685,HBEGF,False
C2_core,GO_BP,GOBP_HEPATOCYTE_APOPTOTIC_PROCESS,Hepatocyte apoptotic process,1,19,806,0.0012,0.0013,0.966,0.6553004811023866,0.8488661616741685,GSN,False
C2_core,GO_BP,GOBP_FATTY_ACID_TRANSMEMBRANE_TRANSPORT,Fatty acid transmembrane transport,1,19,806,0.0012,0.0013,0.966,0.6553004811023866,0.8488661616741685,THBS1,False
C2_core,GO_BP,GOBP_POSITIVE_REGULATION_OF_LIPID_STORAGE,Positive regulation of lipid storage,1,19,806,0.0012,0.0013,0.966,0.6553004811023866,0.8488661616741685,ZC3H12A,False
C2_core,GO_BP,GOBP_AXON_ENSHEATHMENT_IN_CENTRAL_NERVOUS_SYSTEM,Axon ensheathment in central nervous system,1,19,806,0.0012,0.0013,0.966,0.6553004811023866,0.8488661616741685,ID4,False
C2_core,GO_BP,GOBP_POSITIVE_REGULATION_OF_NATURAL_KILLER_CELL_ACTIVATION,Positive regulation of natural killer cell activation,1,19,806,0.0012,0.0013,0.966,0.6553004811023866,0.8488661616741685,IL15RA,False
C2_core,GO_BP,GOBP_POSITIVE_REGULATION_OF_LEUKOCYTE_DEGRANULATION,Positive regulation of leukocyte degranulation,1,19,806,0.0012,0.0013,0.966,0.6553004811023866,0.8488661616741685,GATA2,False
C2_core,GO_BP,GOBP_BASIC_AMINO_ACID_TRANSPORT,Basic amino acid transport,1,19,806,0.0012,0.0013,0.966,0.6553004811023866,0.8488661616741685,SLC7A1,False
C2_core,GO_BP,GOBP_RESPONSE_TO_LEAD_ION,Response to lead ion,1,19,806,0.0012,0.0013,0.966,0.6553004811023866,0.8488661616741685,PTGS2,False
C2_core,GO_BP,GOBP_NEGATIVE_REGULATION_OF_TISSUE_REMODELING,Negative regulation of tissue remodeling,1,19,806,0.0012,0.0013,0.966,0.6553004811023866,0.8488661616741685,TNFRSF11B,False
C2_core,GO_BP,GOBP_NEGATIVE_REGULATION_OF_KERATINOCYTE_PROLIFERATION,Negative regulation of keratinocyte proliferation,1,19,806,0.0012,0.0013,0.966,0.6553004811023866,0.8488661616741685,VDR,False
C2_core,GO_BP,GOBP_REGULATION_OF_RIG_I_SIGNALING_PATHWAY,Regulation of rig i signaling pathway,1,19,806,0.0012,0.0013,0.966,0.6553004811023866,0.8488661616741685,TRIM15,False
C2_core,GO_BP,GOBP_TYPE_B_PANCREATIC_CELL_DEVELOPMENT,Type b pancreatic cell development,1,19,806,0.0012,0.0013,0.966,0.6553004811023866,0.8488661616741685,DLL1,False
C2_core,GO_BP,GOBP_CELLULAR_RESPONSE_TO_OXYGEN_RADICAL,Cellular response to oxygen radical,1,19,806,0.0012,0.0013,0.966,0.6553004811023866,0.8488661616741685,SOD3,False
C2_core,GO_BP,GOBP_NUCLEOTIDE_SUGAR_BIOSYNTHETIC_PROCESS,Nucleotide sugar biosynthetic process,1,19,806,0.0012,0.0013,0.966,0.6553004811023866,0.8488661616741685,GFPT2,False
C2_core,GO_BP,GOBP_NEUROTRANSMITTER_RECEPTOR_TRANSPORT,Neurotransmitter receptor transport,1,19,806,0.0012,0.0013,0.966,0.6553004811023866,0.8488661616741685,CLSTN1,False
C2_core,GO_BP,GOBP_REGULATION_OF_MITOTIC_SPINDLE_ASSEMBLY,Regulation of mitotic spindle assembly,1,19,806,0.0012,0.0013,0.966,0.6553004811023866,0.8488661616741685,CHMP4B,False
C2_core,GO_BP,GOBP_NEGATIVE_REGULATION_OF_CARDIAC_MUSCLE_TISSUE_GROWTH,Negative regulation of cardiac muscle tissue growth,1,19,806,0.0012,0.0013,0.966,0.6553004811023866,0.8488661616741685,RGS4,False
C2_core,GO_BP,GOBP_PEPTIDYL_LYSINE_ACETYLATION,Peptidyl lysine acetylation,1,19,806,0.0012,0.0013,0.966,0.6553004811023866,0.8488661616741685,SOX4,False
C2_core,GO_BP,GOBP_CHONDROITIN_SULFATE_BIOSYNTHETIC_PROCESS,Chondroitin sulfate biosynthetic process,1,19,806,0.0012,0.0013,0.966,0.6553004811023866,0.8488661616741685,CHST3,False
C2_core,GO_BP,GOBP_SURFACTANT_HOMEOSTASIS,Surfactant homeostasis,1,19,806,0.0012,0.0013,0.966,0.6553004811023866,0.8488661616741685,LPCAT1,False
C2_core,GO_BP,GOBP_OLIGOPEPTIDE_TRANSPORT,Oligopeptide transport,1,19,806,0.0012,0.0013,0.966,0.6553004811023866,0.8488661616741685,GJA1,False
C2_core,GO_BP,GOBP_PEPTIDE_ANTIGEN_ASSEMBLY_WITH_MHC_PROTEIN_COMPLEX,Peptide antigen assembly with mhc protein complex,1,19,806,0.0012,0.0013,0.966,0.6553004811023866,0.8488661616741685,HLA-DOB,False
C2_core,GO_BP,GOBP_REGULATION_OF_DOPAMINE_SECRETION,Regulation of dopamine secretion,1,19,806,0.0012,0.0013,0.966,0.6553004811023866,0.8488661616741685,SYT11,False
C2_core,GO_BP,GOBP_MALE_MEIOSIS_I,Male meiosis i,1,19,806,0.0012,0.0013,0.966,0.6553004811023866,0.8488661616741685,HSPA2,False
C2_core,GO_BP,GOBP_STORE_OPERATED_CALCIUM_ENTRY,Store operated calcium entry,1,19,806,0.0012,0.0013,0.966,0.6553004811023866,0.8488661616741685,HOMER1,False
C2_core,GO_BP,GOBP_LYSOSOMAL_LUMEN_ACIDIFICATION,Lysosomal lumen acidification,1,19,806,0.0012,0.0013,0.966,0.6553004811023866,0.8488661616741685,ATP6V0B,False
C2_core,GO_BP,GOBP_NAD_CATABOLIC_PROCESS,Nad catabolic process,1,19,806,0.0012,0.0013,0.966,0.6553004811023866,0.8488661616741685,PFKP,False
C2_core,GO_BP,GOBP_REGULATION_OF_SUPEROXIDE_ANION_GENERATION,Regulation of superoxide anion generation,1,19,806,0.0012,0.0013,0.966,0.6553004811023866,0.8488661616741685,GSTP1,False
C2_core,GO_BP,GOBP_CELLULAR_RESPONSE_TO_COPPER_ION,Cellular response to copper ion,1,19,806,0.0012,0.0013,0.966,0.6553004811023866,0.8488661616741685,AQP1,False
C2_core,GO_BP,GOBP_POSITIVE_REGULATION_OF_MACROAUTOPHAGY,Positive regulation of macroautophagy,4,82,806,0.005,0.0055,0.895,0.6598948308438507,0.8540566993650655,"HSPB8, STING1, GPSM1, PIM2",False
C2_core,GO_BP,GOBP_BIOGENIC_AMINE_METABOLIC_PROCESS,Biogenic amine metabolic process,4,82,806,0.005,0.0055,0.895,0.6598948308438507,0.8540566993650655,"EDNRA, HAND2, MOXD1, TGFB2",False
C2_core,GO_BP,GOBP_REGULATION_OF_ALCOHOL_BIOSYNTHETIC_PROCESS,Regulation of alcohol biosynthetic process,2,41,806,0.0025,0.0028,0.895,0.6622376834876121,0.8540566993650655,"DKK3, GFI1",False
C2_core,GO_BP,GOBP_NEGATIVE_REGULATION_OF_COLD_INDUCED_THERMOGENESIS,Negative regulation of cold induced thermogenesis,2,41,806,0.0025,0.0028,0.895,0.6622376834876121,0.8540566993650655,"ID1, WNT10B",False
C2_core,GO_BP,GOBP_NEGATIVE_REGULATION_OF_LIPID_LOCALIZATION,Negative regulation of lipid localization,2,41,806,0.0025,0.0028,0.895,0.6622376834876121,0.8540566993650655,"THBS1, TSPO",False
C2_core,GO_BP,GOBP_INTRINSIC_APOPTOTIC_SIGNALING_PATHWAY_IN_RESPONSE_TO_DNA_DAMAGE_BY_P53_CLASS_MEDIATOR,Intrinsic apoptotic signaling pathway in response to dna damage by p53 class mediator,2,41,806,0.0025,0.0028,0.895,0.6622376834876121,0.8540566993650655,"PYCARD, BCL2",False
C2_core,GO_BP,GOBP_GOLGI_TO_PLASMA_MEMBRANE_PROTEIN_TRANSPORT,Golgi to plasma membrane protein transport,2,41,806,0.0025,0.0028,0.895,0.6622376834876121,0.8540566993650655,"RAB34, PKDCC",False
C2_core,GO_BP,GOBP_UNSATURATED_FATTY_ACID_BIOSYNTHETIC_PROCESS,Unsaturated fatty acid biosynthetic process,2,41,806,0.0025,0.0028,0.895,0.6622376834876121,0.8540566993650655,"PTGS2, ELOVL7",False
C2_core,GO_BP,GOBP_POSTSYNAPSE_ASSEMBLY,Postsynapse assembly,2,41,806,0.0025,0.0028,0.895,0.6622376834876121,0.8540566993650655,"NLGN2, LRFN4",False
C2_core,GO_BP,GOBP_CELLULAR_MODIFIED_AMINO_ACID_BIOSYNTHETIC_PROCESS,Cellular modified amino acid biosynthetic process,2,41,806,0.0025,0.0028,0.895,0.6622376834876121,0.8540566993650655,"GGT5, CKB",False
C2_core,GO_BP,GOBP_NEUROMUSCULAR_PROCESS_CONTROLLING_BALANCE,Neuromuscular process controlling balance,2,41,806,0.0025,0.0028,0.895,0.6622376834876121,0.8540566993650655,"USH1C, NLGN2",False
C2_core,GO_BP,GOBP_REGULATION_OF_MYELINATION,Regulation of myelination,2,41,806,0.0025,0.0028,0.895,0.6622376834876121,0.8540566993650655,"EGR2, TNFRSF21",False
C2_core,GO_BP,GOBP_GLUTATHIONE_METABOLIC_PROCESS,Glutathione metabolic process,2,41,806,0.0025,0.0028,0.895,0.6622376834876121,0.8540566993650655,"GSTP1, GGT5",False
C2_core,GO_BP,GOBP_INTRACELLULAR_IRON_ION_HOMEOSTASIS,Intracellular iron ion homeostasis,3,62,806,0.0037,0.0042,0.888,0.6640370075409081,0.8555036455533834,"SLC22A17, CYBRD1, MYC",False
C2_core,GO_BP,GOBP_DISRUPTION_OF_ANATOMICAL_STRUCTURE_IN_ANOTHER_ORGANISM,Disruption of anatomical structure in another organism,3,62,806,0.0037,0.0042,0.888,0.6640370075409081,0.8555036455533834,"CXCL6, C7, RPS19",False
C2_core,GO_BP,GOBP_PROTEIN_LOCALIZATION_TO_ENDOPLASMIC_RETICULUM,Protein localization to endoplasmic reticulum,3,62,806,0.0037,0.0042,0.888,0.6640370075409081,0.8555036455533834,"PPP1R15A, STING1, CHMP4B",False
C2_core,GO_BP,GOBP_B_CELL_MEDIATED_IMMUNITY,B cell mediated immunity,6,123,806,0.0074,0.0083,0.895,0.6671100013265534,0.8587861098104579,"FCER1A, BATF, C7, IGLL5, FOXP3, CLCF1",False
C2_core,GO_BP,GOBP_NEGATIVE_REGULATION_OF_RESPONSE_TO_BIOTIC_STIMULUS,Negative regulation of response to biotic stimulus,5,103,806,0.0062,0.007,0.891,0.6672769127252449,0.8587861098104579,"A2M, SERPINB9, IRAK3, RPS19, FOXP3",False
C2_core,GO_BP,GOBP_ADAPTIVE_IMMUNE_RESPONSE_BASED_ON_SOMATIC_RECOMBINATION_OF_IMMUNE_RECEPTORS_BUILT_FROM_IMMUNOGLOBULIN_SUPERFAMILY_DOMAINS,Adaptive immune response based on somatic recombination of immune receptors built from immunoglobulin superfamily domains,14,280,806,0.0174,0.0189,0.918,0.6685649019081554,0.8587861098104579,"FCER1A, CLCF1, BATF, C7, SOCS3, DUSP22, IGLL5, JUNB, FOXP3, CCL19, JAG1, ZC3H12A, NFKBID, ANXA1",False
C2_core,GO_BP,GOBP_REGULATION_OF_NEUROTRANSMITTER_TRANSPORT,Regulation of neurotransmitter transport,4,83,806,0.005,0.0056,0.885,0.6692526846761528,0.8587861098104579,"P2RX1, SYT11, STX1A, MCTP1",False
C2_core,GO_BP,GOBP_NEGATIVE_REGULATION_OF_DEVELOPMENTAL_GROWTH,Negative regulation of developmental growth,4,83,806,0.005,0.0056,0.885,0.6692526846761528,0.8587861098104579,"SEMA3G, GDF15, PLXNA3, RGS4",False
C2_core,GO_BP,GOBP_HYDROGEN_PEROXIDE_CATABOLIC_PROCESS,Hydrogen peroxide catabolic process,1,20,806,0.0012,0.0014,0.918,0.6741043939437725,0.8587861098104579,GPX3,False
C2_core,GO_BP,GOBP_POSITIVE_REGULATION_OF_NEUROTRANSMITTER_TRANSPORT,Positive regulation of neurotransmitter transport,1,20,806,0.0012,0.0014,0.918,0.6741043939437725,0.8587861098104579,STX1A,False
C2_core,GO_BP,GOBP_RESPONSE_TO_SALT,Response to salt,1,20,806,0.0012,0.0014,0.918,0.6741043939437725,0.8587861098104579,ZC3H12A,False
C2_core,GO_BP,GOBP_PURINE_NUCLEOSIDE_MONOPHOSPHATE_BIOSYNTHETIC_PROCESS,Purine nucleoside monophosphate biosynthetic process,1,20,806,0.0012,0.0014,0.918,0.6741043939437725,0.8587861098104579,DGUOK,False
C2_core,GO_BP,GOBP_NEGATIVE_REGULATION_OF_POTASSIUM_ION_TRANSMEMBRANE_TRANSPORT,Negative regulation of potassium ion transmembrane transport,1,20,806,0.0012,0.0014,0.918,0.6741043939437725,0.8587861098104579,RGS4,False
C2_core,GO_BP,GOBP_DIOL_BIOSYNTHETIC_PROCESS,Diol biosynthetic process,1,20,806,0.0012,0.0014,0.918,0.6741043939437725,0.8587861098104579,SPHK1,False
C2_core,GO_BP,GOBP_SNRNA_3_END_PROCESSING,Snrna 3 end processing,1,20,806,0.0012,0.0014,0.918,0.6741043939437725,0.8587861098104579,INTS6L,False
C2_core,GO_BP,GOBP_ERYTHROCYTE_MATURATION,Erythrocyte maturation,1,20,806,0.0012,0.0014,0.918,0.6741043939437725,0.8587861098104579,KLF2,False
C2_core,GO_BP,GOBP_VIRAL_TRANSLATION,Viral translation,1,20,806,0.0012,0.0014,0.918,0.6741043939437725,0.8587861098104579,TMPRSS2,False
C2_core,GO_BP,GOBP_REGULATION_OF_OXIDATIVE_PHOSPHORYLATION,Regulation of oxidative phosphorylation,1,20,806,0.0012,0.0014,0.918,0.6741043939437725,0.8587861098104579,COX7A1,False
C2_core,GO_BP,GOBP_NEGATIVE_REGULATION_OF_CILIUM_ASSEMBLY,Negative regulation of cilium assembly,1,20,806,0.0012,0.0014,0.918,0.6741043939437725,0.8587861098104579,LPAR1,False
C2_core,GO_BP,GOBP_NEGATIVE_REGULATION_OF_CALCIUM_MEDIATED_SIGNALING,Negative regulation of calcium mediated signaling,1,20,806,0.0012,0.0014,0.918,0.6741043939437725,0.8587861098104579,FHL2,False
C2_core,GO_BP,GOBP_MOTOR_NEURON_APOPTOTIC_PROCESS,Motor neuron apoptotic process,1,20,806,0.0012,0.0014,0.918,0.6741043939437725,0.8587861098104579,BCL2,False
C2_core,GO_BP,GOBP_NEGATIVE_REGULATION_OF_HIPPO_SIGNALING,Negative regulation of hippo signaling,1,20,806,0.0012,0.0014,0.918,0.6741043939437725,0.8587861098104579,PPP2R1A,False
C2_core,GO_BP,GOBP_REGULATION_OF_RECEPTOR_LOCALIZATION_TO_SYNAPSE,Regulation of receptor localization to synapse,1,20,806,0.0012,0.0014,0.918,0.6741043939437725,0.8587861098104579,DBN1,False
C2_core,GO_BP,GOBP_LIPID_IMPORT_INTO_CELL,Lipid import into cell,1,20,806,0.0012,0.0014,0.918,0.6741043939437725,0.8587861098104579,THBS1,False
C2_core,GO_BP,GOBP_KILLING_BY_HOST_OF_SYMBIONT_CELLS,Killing by host of symbiont cells,1,20,806,0.0012,0.0014,0.918,0.6741043939437725,0.8587861098104579,CXCL6,False
C2_core,GO_BP,GOBP_NEGATIVE_REGULATION_OF_PHOSPHATASE_ACTIVITY,Negative regulation of phosphatase activity,1,20,806,0.0012,0.0014,0.918,0.6741043939437725,0.8587861098104579,PPP1R15A,False
C2_core,GO_BP,GOBP_GLYCOSIDE_METABOLIC_PROCESS,Glycoside metabolic process,1,20,806,0.0012,0.0014,0.918,0.6741043939437725,0.8587861098104579,SULT1C4,False
C2_core,GO_BP,GOBP_NEGATIVE_REGULATION_OF_STEM_CELL_PROLIFERATION,Negative regulation of stem cell proliferation,1,20,806,0.0012,0.0014,0.918,0.6741043939437725,0.8587861098104579,CDKN2C,False
C2_core,GO_BP,GOBP_CEREBRAL_CORTEX_NEURON_DIFFERENTIATION,Cerebral cortex neuron differentiation,1,20,806,0.0012,0.0014,0.918,0.6741043939437725,0.8587861098104579,ID4,False
C2_core,GO_BP,GOBP_CEREBELLAR_CORTEX_FORMATION,Cerebellar cortex formation,1,20,806,0.0012,0.0014,0.918,0.6741043939437725,0.8587861098104579,DLL1,False
C2_core,GO_BP,GOBP_NEGATIVE_REGULATION_OF_BLOOD_CIRCULATION,Negative regulation of blood circulation,1,20,806,0.0012,0.0014,0.918,0.6741043939437725,0.8587861098104579,ZC3H12A,False
C2_core,GO_BP,GOBP_PLASMA_MEMBRANE_PHOSPHOLIPID_SCRAMBLING,Plasma membrane phospholipid scrambling,1,20,806,0.0012,0.0014,0.918,0.6741043939437725,0.8587861098104579,ANO9,False
C2_core,GO_BP,GOBP_GOLGI_TO_PLASMA_MEMBRANE_TRANSPORT,Golgi to plasma membrane transport,3,63,806,0.0037,0.0043,0.874,0.6746638247318599,0.8587861098104579,"OSBPL5, RAB34, PKDCC",False
C2_core,GO_BP,GOBP_ESTABLISHMENT_OF_PROTEIN_LOCALIZATION_TO_PLASMA_MEMBRANE,Establishment of protein localization to plasma membrane,3,63,806,0.0037,0.0043,0.874,0.6746638247318599,0.8587861098104579,"RAB34, PKDCC, RILPL2",False
C2_core,GO_BP,GOBP_RNA_STABILIZATION,Rna stabilization,3,63,806,0.0037,0.0043,0.874,0.6746638247318599,0.8587861098104579,"ZFP36, YBX3, TENT5C",False
C2_core,GO_BP,GOBP_MITOTIC_SPINDLE_ORGANIZATION,Mitotic spindle organization,6,124,806,0.0074,0.0084,0.888,0.6747417647332394,0.8587861098104579,"CHMP4B, PRICKLE1, FLNA, PLK3, MAP9, TACC1",False
C2_core,GO_BP,GOBP_POSITIVE_REGULATION_OF_CALCIUM_MEDIATED_SIGNALING,Positive regulation of calcium mediated signaling,2,42,806,0.0025,0.0028,0.874,0.675197630278531,0.8587861098104579,"LMCD1, TRAT1",False
C2_core,GO_BP,GOBP_RESPONSE_TO_DEXAMETHASONE,Response to dexamethasone,2,42,806,0.0025,0.0028,0.874,0.675197630278531,0.8587861098104579,"PAPPA, AQP1",False
C2_core,GO_BP,GOBP_FAT_SOLUBLE_VITAMIN_METABOLIC_PROCESS,Fat soluble vitamin metabolic process,2,42,806,0.0025,0.0028,0.874,0.675197630278531,0.8587861098104579,"SNAI1, GFI1",False
C2_core,GO_BP,GOBP_FATTY_ACID_DERIVATIVE_BIOSYNTHETIC_PROCESS,Fatty acid derivative biosynthetic process,2,42,806,0.0025,0.0028,0.874,0.675197630278531,0.8587861098104579,"GGT5, ELOVL7",False
C2_core,GO_BP,GOBP_CENTRIOLE_ASSEMBLY,Centriole assembly,2,42,806,0.0025,0.0028,0.874,0.675197630278531,0.8587861098104579,"PPP1R35, C10orf90",False
C2_core,GO_BP,GOBP_REGULATION_OF_MITOCHONDRIAL_MEMBRANE_POTENTIAL,Regulation of mitochondrial membrane potential,3,64,806,0.0037,0.0043,0.86,0.6850407921393251,0.8689252368338917,"RNF122, BCL2, TSPO",False
C2_core,GO_BP,GOBP_NEGATIVE_REGULATION_OF_LEUKOCYTE_MEDIATED_IMMUNITY,Negative regulation of leukocyte mediated immunity,3,64,806,0.0037,0.0043,0.86,0.6850407921393251,0.8689252368338917,"DUSP22, FOXP3, SERPINB9",False
C2_core,GO_BP,GOBP_REGULATION_OF_GLUCOSE_TRANSMEMBRANE_TRANSPORT,Regulation of glucose transmembrane transport,3,64,806,0.0037,0.0043,0.86,0.6850407921393251,0.8689252368338917,"EDNRA, GPC3, CLIP3",False
C2_core,GO_BP,GOBP_PROTEIN_TETRAMERIZATION,Protein tetramerization,4,85,806,0.005,0.0057,0.864,0.6874326171938221,0.8689252368338917,"ALDOA, TRPA1, HCN1, HOMER1",False
C2_core,GO_BP,GOBP_REGULATION_OF_TRANSCRIPTION_BY_RNA_POLYMERASE_I,Regulation of transcription by rna polymerase i,2,43,806,0.0025,0.0029,0.854,0.687750114587015,0.8689252368338917,"RASL11A, FLNA",False
C2_core,GO_BP,GOBP_RESPONSE_TO_FUNGUS,Response to fungus,2,43,806,0.0025,0.0029,0.854,0.687750114587015,0.8689252368338917,"CLEC4D, PTX3",False
C2_core,GO_BP,GOBP_THYMUS_DEVELOPMENT,Thymus development,2,43,806,0.0025,0.0029,0.854,0.687750114587015,0.8689252368338917,"HAND2, BCL2",False
C2_core,GO_BP,GOBP_ANTEROGRADE_AXONAL_TRANSPORT,Anterograde axonal transport,2,43,806,0.0025,0.0029,0.854,0.687750114587015,0.8689252368338917,"MAP1A, KIF5C",False
C2_core,GO_BP,GOBP_CYTOKINETIC_PROCESS,Cytokinetic process,2,43,806,0.0025,0.0029,0.854,0.687750114587015,0.8689252368338917,"MYH9, CHMP4B",False
C2_core,GO_BP,GOBP_NEGATIVE_REGULATION_OF_RESPONSE_TO_ENDOPLASMIC_RETICULUM_STRESS,Negative regulation of response to endoplasmic reticulum stress,2,43,806,0.0025,0.0029,0.854,0.687750114587015,0.8689252368338917,"PPP1R15A, NCK2",False
C2_core,GO_BP,GOBP_XENOBIOTIC_TRANSPORT,Xenobiotic transport,2,43,806,0.0025,0.0029,0.854,0.687750114587015,0.8689252368338917,"GJA1, SLC28A3",False
C2_core,GO_BP,GOBP_NEUROPEPTIDE_SIGNALING_PATHWAY,Neuropeptide signaling pathway,2,43,806,0.0025,0.0029,0.854,0.687750114587015,0.8689252368338917,"GLRB, NTS",False
C2_core,GO_BP,GOBP_POSTSYNAPTIC_SPECIALIZATION_ORGANIZATION,Postsynaptic specialization organization,2,43,806,0.0025,0.0029,0.854,0.687750114587015,0.8689252368338917,"NLGN2, LRFN4",False
C2_core,GO_BP,GOBP_PYRUVATE_METABOLIC_PROCESS,Pyruvate metabolic process,5,106,806,0.0062,0.0072,0.866,0.6917759946549509,0.8689252368338917,"PFKP, UCHL1, HKDC1, ALDOA, IER3",False
C2_core,GO_BP,GOBP_MOTOR_BEHAVIOR,Motor behavior,1,21,806,0.0012,0.0014,0.874,0.6918837264523228,0.8689252368338917,TUBA1A,False
C2_core,GO_BP,GOBP_PYRIMIDINE_NUCLEOSIDE_METABOLIC_PROCESS,Pyrimidine nucleoside metabolic process,1,21,806,0.0012,0.0014,0.874,0.6918837264523228,0.8689252368338917,APOBEC3H,False
C2_core,GO_BP,GOBP_NEGATIVE_REGULATION_OF_PEPTIDYL_SERINE_PHOSPHORYLATION,Negative regulation of peptidyl serine phosphorylation,1,21,806,0.0012,0.0014,0.874,0.6918837264523228,0.8689252368338917,GPD1L,False
C2_core,GO_BP,GOBP_INNERVATION,Innervation,1,21,806,0.0012,0.0014,0.874,0.6918837264523228,0.8689252368338917,EDNRA,False
C2_core,GO_BP,GOBP_INCLUSION_BODY_ASSEMBLY,Inclusion body assembly,1,21,806,0.0012,0.0014,0.874,0.6918837264523228,0.8689252368338917,HSPA2,False
C2_core,GO_BP,GOBP_REGULATION_OF_NUCLEASE_ACTIVITY,Regulation of nuclease activity,1,21,806,0.0012,0.0014,0.874,0.6918837264523228,0.8689252368338917,PDE3A,False
C2_core,GO_BP,GOBP_EMBRYONIC_HINDLIMB_MORPHOGENESIS,Embryonic hindlimb morphogenesis,1,21,806,0.0012,0.0014,0.874,0.6918837264523228,0.8689252368338917,GPC3,False
C2_core,GO_BP,GOBP_RETICULOPHAGY,Reticulophagy,1,21,806,0.0012,0.0014,0.874,0.6918837264523228,0.8689252368338917,STING1,False
C2_core,GO_BP,GOBP_POSITIVE_REGULATION_OF_RELEASE_OF_CYTOCHROME_C_FROM_MITOCHONDRIA,Positive regulation of release of cytochrome c from mitochondria,1,21,806,0.0012,0.0014,0.874,0.6918837264523228,0.8689252368338917,PYCARD,False
C2_core,GO_BP,GOBP_REGULATION_OF_COMPLEMENT_ACTIVATION,Regulation of complement activation,1,21,806,0.0012,0.0014,0.874,0.6918837264523228,0.8689252368338917,A2M,False
C2_core,GO_BP,GOBP_GLYCOLYTIC_PROCESS_THROUGH_FRUCTOSE_6_PHOSPHATE,Glycolytic process through fructose 6 phosphate,1,21,806,0.0012,0.0014,0.874,0.6918837264523228,0.8689252368338917,PFKP,False
C2_core,GO_BP,GOBP_N_TERMINAL_PROTEIN_AMINO_ACID_MODIFICATION,N terminal protein amino acid modification,1,21,806,0.0012,0.0014,0.874,0.6918837264523228,0.8689252368338917,SOX4,False
C2_core,GO_BP,GOBP_REGULATION_OF_PROTEIN_LOCALIZATION_TO_SYNAPSE,Regulation of protein localization to synapse,1,21,806,0.0012,0.0014,0.874,0.6918837264523228,0.8689252368338917,NLGN2,False
C2_core,GO_BP,GOBP_RESPONSE_TO_INCREASED_OXYGEN_LEVELS,Response to increased oxygen levels,1,21,806,0.0012,0.0014,0.874,0.6918837264523228,0.8689252368338917,MMP2,False
C2_core,GO_BP,GOBP_RENAL_SYSTEM_PROCESS_INVOLVED_IN_REGULATION_OF_SYSTEMIC_ARTERIAL_BLOOD_PRESSURE,Renal system process involved in regulation of systemic arterial blood pressure,1,21,806,0.0012,0.0014,0.874,0.6918837264523228,0.8689252368338917,ADORA1,False
C2_core,GO_BP,GOBP_ACTIVATION_OF_PHOSPHOLIPASE_C_ACTIVITY,Activation of phospholipase c activity,1,21,806,0.0012,0.0014,0.874,0.6918837264523228,0.8689252368338917,LPAR1,False
C2_core,GO_BP,GOBP_AMP_METABOLIC_PROCESS,Amp metabolic process,1,21,806,0.0012,0.0014,0.874,0.6918837264523228,0.8689252368338917,AK1,False
C2_core,GO_BP,GOBP_NEGATIVE_REGULATION_OF_T_CELL_APOPTOTIC_PROCESS,Negative regulation of t cell apoptotic process,1,21,806,0.0012,0.0014,0.874,0.6918837264523228,0.8689252368338917,BCL2,False
C2_core,GO_BP,GOBP_PROTEIN_N_LINKED_GLYCOSYLATION_VIA_ASPARAGINE,Protein n linked glycosylation via asparagine,1,21,806,0.0012,0.0014,0.874,0.6918837264523228,0.8689252368338917,TUSC3,False
C2_core,GO_BP,GOBP_TRANSPORT_OF_VIRUS,Transport of virus,1,21,806,0.0012,0.0014,0.874,0.6918837264523228,0.8689252368338917,TRIM15,False
C2_core,GO_BP,GOBP_SYNAPTONEMAL_COMPLEX_ORGANIZATION,Synaptonemal complex organization,1,21,806,0.0012,0.0014,0.874,0.6918837264523228,0.8689252368338917,HSPA2,False
C2_core,GO_BP,GOBP_GLUCOSE_CATABOLIC_PROCESS,Glucose catabolic process,1,21,806,0.0012,0.0014,0.874,0.6918837264523228,0.8689252368338917,PFKP,False
C2_core,GO_BP,GOBP_GASTRULATION_WITH_MOUTH_FORMING_SECOND,Gastrulation with mouth forming second,1,21,806,0.0012,0.0014,0.874,0.6918837264523228,0.8689252368338917,PRICKLE1,False
C2_core,GO_BP,GOBP_GLUCOCORTICOID_METABOLIC_PROCESS,Glucocorticoid metabolic process,1,21,806,0.0012,0.0014,0.874,0.6918837264523228,0.8689252368338917,DKK3,False
C2_core,GO_BP,GOBP_POSITIVE_REGULATION_OF_REPRODUCTIVE_PROCESS,Positive regulation of reproductive process,3,65,806,0.0037,0.0044,0.847,0.6951685559802484,0.8721833306652852,"PDE3A, SYDE1, SOX9",False
C2_core,GO_BP,GOBP_FATTY_ACID_DERIVATIVE_METABOLIC_PROCESS,Fatty acid derivative metabolic process,3,65,806,0.0037,0.0044,0.847,0.6951685559802484,0.8721833306652852,"LYPLA2, GGT5, ELOVL7",False
C2_core,GO_BP,GOBP_PROTEIN_N_LINKED_GLYCOSYLATION,Protein n linked glycosylation,3,65,806,0.0037,0.0044,0.847,0.6951685559802484,0.8721833306652852,"TUSC3, GFPT2, MGAT3",False
C2_core,GO_BP,GOBP_LOCOMOTORY_BEHAVIOR,Locomotory behavior,8,167,806,0.0099,0.0113,0.879,0.695610375283214,0.8723792671738799,"RASD2, UCHL1, GLRB, EGR1, ABHD12, PAK5, NLGN2, TUBA1A",False
C2_core,GO_BP,GOBP_ADAPTIVE_THERMOGENESIS,Adaptive thermogenesis,7,147,806,0.0087,0.0099,0.874,0.6957852059644933,0.8723792671738799,"CXCR4, LCN2, ID1, CKB, GJA1, WNT10B, MFAP2",False
C2_core,GO_BP,GOBP_RESPONSE_TO_IONIZING_RADIATION,Response to ionizing radiation,6,127,806,0.0074,0.0086,0.867,0.6969557583385372,0.8734272268506807,"MYC, CRYAB, THBD, EGR1, BRSK1, BCL2",False
C2_core,GO_BP,GOBP_REGULATION_OF_PROTEOLYSIS_INVOLVED_IN_PROTEIN_CATABOLIC_PROCESS,Regulation of proteolysis involved in protein catabolic process,10,207,806,0.0124,0.014,0.887,0.6970820622846288,0.8734272268506807,"OSBPL7, ECSCR, PRICKLE1, SH3RF3, MAP1A, CSNK1E, PLK3, NKD2, TGFB1I1, WNT10B",False
C2_core,GO_BP,GOBP_VITAMIN_METABOLIC_PROCESS,Vitamin metabolic process,5,107,806,0.0062,0.0072,0.858,0.6996629446885998,0.8746454212006419,"SNAI1, SLC2A3, SLC52A2, GFI1, MTHFD2",False
C2_core,GO_BP,GOBP_POSITIVE_REGULATION_OF_LIPID_METABOLIC_PROCESS,Positive regulation of lipid metabolic process,5,107,806,0.0062,0.0072,0.858,0.6996629446885998,0.8746454212006419,"GDF15, CCDC3, PTGS2, ADORA1, CCN1",False
C2_core,GO_BP,GOBP_REGULATION_OF_PHOSPHOLIPASE_ACTIVITY,Regulation of phospholipase activity,2,44,806,0.0025,0.003,0.834,0.6999010074110177,0.8746454212006419,"LPAR1, KIT",False
C2_core,GO_BP,GOBP_T_HELPER_1_TYPE_IMMUNE_RESPONSE,T helper 1 type immune response,2,44,806,0.0025,0.003,0.834,0.6999010074110177,0.8746454212006419,"CCL19, ANXA1",False
C2_core,GO_BP,GOBP_REGULATION_OF_NUCLEOTIDE_CATABOLIC_PROCESS,Regulation of nucleotide catabolic process,2,44,806,0.0025,0.003,0.834,0.6999010074110177,0.8746454212006419,"UCHL1, IER3",False
C2_core,GO_BP,GOBP_MULTIVESICULAR_BODY_SORTING_PATHWAY,Multivesicular body sorting pathway,2,44,806,0.0025,0.003,0.834,0.6999010074110177,0.8746454212006419,"TMEM50A, CHMP4B",False
C2_core,GO_BP,GOBP_REGULATION_OF_T_CELL_MIGRATION,Regulation of t cell migration,2,44,806,0.0025,0.003,0.834,0.6999010074110177,0.8746454212006419,"PYCARD, CCL21",False
C2_core,GO_BP,GOBP_LEUKOCYTE_ACTIVATION_INVOLVED_IN_INFLAMMATORY_RESPONSE,Leukocyte activation involved in inflammatory response,2,44,806,0.0025,0.003,0.834,0.6999010074110177,0.8746454212006419,"SPHK1, SYT11",False
C2_core,GO_BP,GOBP_MEMBRANE_LIPID_METABOLIC_PROCESS,Membrane lipid metabolic process,9,188,806,0.0112,0.0127,0.879,0.7020871822832103,0.8770881416653755,"P2RX1, SGPP2, ENPP2, PLPP2, SPHK1, KIT, CCN1, ITGB8, ELOVL7",False
C2_core,GO_BP,GOBP_IMMUNE_RESPONSE_REGULATING_SIGNALING_PATHWAY,Immune response regulating signaling pathway,24,481,806,0.0298,0.0325,0.916,0.7028243525230262,0.8777196676696593,"CTLA4, VTCN1, TRAT1, CYBA, THY1, BCL2, GDI1, STING1, FCER1A, CD79A, DUSP22, PYCARD, GFI1, TNIP2, EZR, IRAK3, CLEC4D, FOXP3, KIT, NFKBID, SHB, TNFRSF21, ZC3H12A, TRIM15",False
C2_core,GO_BP,GOBP_REGULATION_OF_PH,Regulation of ph,4,87,806,0.005,0.0059,0.844,0.7048951471932654,0.8781041449701955,"SLC4A3, SLC4A7, BCL2, ATP6V0B",False
C2_core,GO_BP,GOBP_HEMATOPOIETIC_OR_LYMPHOID_ORGAN_DEVELOPMENT,Hematopoietic or lymphoid organ development,4,87,806,0.005,0.0059,0.844,0.7048951471932654,0.8781041449701955,"LTB, HAND2, BCL2, FOXL1",False
C2_core,GO_BP,GOBP_POSITIVE_REGULATION_OF_COLD_INDUCED_THERMOGENESIS,Positive regulation of cold induced thermogenesis,4,87,806,0.005,0.0059,0.844,0.7048951471932654,0.8781041449701955,"GJA1, CXCR4, MFAP2, LCN2",False
C2_core,GO_BP,GOBP_XENOBIOTIC_METABOLIC_PROCESS,Xenobiotic metabolic process,5,108,806,0.0062,0.0073,0.85,0.7074093409361863,0.8781041449701955,"ACSM1, SLC28A3, GSTP1, SULT1C4, GUK1",False
C2_core,GO_BP,GOBP_NEGATIVE_REGULATION_OF_IMMUNE_RESPONSE,Negative regulation of immune response,8,169,806,0.0099,0.0114,0.869,0.7081517917932616,0.8781041449701955,"A2M, SERPINB9, IRAK3, RPS19, DUSP22, FOXP3, ZC3H12A, ANXA1",False
C2_core,GO_BP,GOBP_REGULATION_OF_ANIMAL_ORGAN_FORMATION,Regulation of animal organ formation,1,22,806,0.0012,0.0015,0.834,0.7086942399891417,0.8781041449701955,SPRY1,False
C2_core,GO_BP,GOBP_POSITIVE_REGULATION_OF_PHOSPHATASE_ACTIVITY,Positive regulation of phosphatase activity,1,22,806,0.0012,0.0015,0.834,0.7086942399891417,0.8781041449701955,PPP1R15A,False
C2_core,GO_BP,GOBP_EMBRYONIC_FORELIMB_MORPHOGENESIS,Embryonic forelimb morphogenesis,1,22,806,0.0012,0.0015,0.834,0.7086942399891417,0.8781041449701955,CACNA1C,False
C2_core,GO_BP,GOBP_GANGLIOSIDE_METABOLIC_PROCESS,Ganglioside metabolic process,1,22,806,0.0012,0.0015,0.834,0.7086942399891417,0.8781041449701955,ITGB8,False
C2_core,GO_BP,GOBP_NEGATIVE_REGULATION_OF_REGULATED_SECRETORY_PATHWAY,Negative regulation of regulated secretory pathway,1,22,806,0.0012,0.0015,0.834,0.7086942399891417,0.8781041449701955,ADRA2A,False
C2_core,GO_BP,GOBP_REGULATION_OF_PROTEIN_EXIT_FROM_ENDOPLASMIC_RETICULUM,Regulation of protein exit from endoplasmic reticulum,1,22,806,0.0012,0.0015,0.834,0.7086942399891417,0.8781041449701955,SLC51B,False
C2_core,GO_BP,GOBP_SECONDARY_METABOLITE_BIOSYNTHETIC_PROCESS,Secondary metabolite biosynthetic process,1,22,806,0.0012,0.0015,0.834,0.7086942399891417,0.8781041449701955,TRPC1,False
C2_core,GO_BP,GOBP_DNA_TEMPLATED_TRANSCRIPTION_TERMINATION,Dna templated transcription termination,1,22,806,0.0012,0.0015,0.834,0.7086942399891417,0.8781041449701955,CAVIN1,False
C2_core,GO_BP,GOBP_PROTEIN_AUTOPROCESSING,Protein autoprocessing,1,22,806,0.0012,0.0015,0.834,0.7086942399891417,0.8781041449701955,TMPRSS2,False
C2_core,GO_BP,GOBP_REGULATION_OF_CARDIAC_MUSCLE_CONTRACTION_BY_CALCIUM_ION_SIGNALING,Regulation of cardiac muscle contraction by calcium ion signaling,1,22,806,0.0012,0.0015,0.834,0.7086942399891417,0.8781041449701955,CACNA1C,False
C2_core,GO_BP,GOBP_REGULATION_OF_CELL_FATE_SPECIFICATION,Regulation of cell fate specification,1,22,806,0.0012,0.0015,0.834,0.7086942399891417,0.8781041449701955,FZD7,False
C2_core,GO_BP,GOBP_LONG_CHAIN_FATTY_ACID_BIOSYNTHETIC_PROCESS,Long chain fatty acid biosynthetic process,1,22,806,0.0012,0.0015,0.834,0.7086942399891417,0.8781041449701955,GSTP1,False
C2_core,GO_BP,GOBP_POSITIVE_REGULATION_OF_MONOOXYGENASE_ACTIVITY,Positive regulation of monooxygenase activity,1,22,806,0.0012,0.0015,0.834,0.7086942399891417,0.8781041449701955,VDR,False
C2_core,GO_BP,GOBP_TUBULIN_DEACETYLATION,Tubulin deacetylation,1,22,806,0.0012,0.0015,0.834,0.7086942399891417,0.8781041449701955,FLNA,False
C2_core,GO_BP,GOBP_REGULATION_OF_LONG_TERM_NEURONAL_SYNAPTIC_PLASTICITY,Regulation of long term neuronal synaptic plasticity,1,22,806,0.0012,0.0015,0.834,0.7086942399891417,0.8781041449701955,KIT,False
C2_core,GO_BP,GOBP_CELLULAR_RESPONSE_TO_INTERFERON_BETA,Cellular response to interferon beta,1,22,806,0.0012,0.0015,0.834,0.7086942399891417,0.8781041449701955,STING1,False
C2_core,GO_BP,GOBP_CARBOHYDRATE_PHOSPHORYLATION,Carbohydrate phosphorylation,1,22,806,0.0012,0.0015,0.834,0.7086942399891417,0.8781041449701955,HKDC1,False
C2_core,GO_BP,GOBP_BINDING_OF_SPERM_TO_ZONA_PELLUCIDA,Binding of sperm to zona pellucida,1,22,806,0.0012,0.0015,0.834,0.7086942399891417,0.8781041449701955,ALDOA,False
C2_core,GO_BP,GOBP_CELLULAR_RESPONSE_TO_DSRNA,Cellular response to dsrna,1,22,806,0.0012,0.0015,0.834,0.7086942399891417,0.8781041449701955,STING1,False
C2_core,GO_BP,GOBP_POSITIVE_REGULATION_OF_ORGANELLE_ORGANIZATION,Positive regulation of organelle organization,23,464,806,0.0285,0.0314,0.91,0.7115836726553724,0.8800481149100184,"CDC42EP1, GSN, RHOC, ANXA1, PPP1R35, MAP1B, BAIAP2L2, SPHK1, KCTD17, PYCARD, TPM1, TGFB3, DOC2B, NCK2, FLNA, LPAR1, CCL21, PLXNA3, RGCC, STMN2, CCN2, KIRREL1, NES",False
C2_core,GO_BP,GOBP_NEGATIVE_REGULATION_OF_CARBOHYDRATE_METABOLIC_PROCESS,Negative regulation of carbohydrate metabolic process,2,45,806,0.0025,0.003,0.816,0.7116567495603844,0.8800481149100184,"IER3, MIDN",False
C2_core,GO_BP,GOBP_CELLULAR_RESPONSE_TO_NUTRIENT,Cellular response to nutrient,2,45,806,0.0025,0.003,0.816,0.7116567495603844,0.8800481149100184,"VDR, CASR",False
C2_core,GO_BP,GOBP_DETECTION_OF_LIGHT_STIMULUS,Detection of light stimulus,2,45,806,0.0025,0.003,0.816,0.7116567495603844,0.8800481149100184,"PLEKHB1, ATP8A2",False
C2_core,GO_BP,GOBP_REGULATION_OF_MITOCHONDRIAL_MEMBRANE_PERMEABILITY,Regulation of mitochondrial membrane permeability,2,45,806,0.0025,0.003,0.816,0.7116567495603844,0.8800481149100184,"IER3, BCL2",False
C2_core,GO_BP,GOBP_CLATHRIN_DEPENDENT_ENDOCYTOSIS,Clathrin dependent endocytosis,2,45,806,0.0025,0.003,0.816,0.7116567495603844,0.8800481149100184,"SGIP1, DLL1",False
C2_core,GO_BP,GOBP_GLYCOSYLATION,Glycosylation,10,210,806,0.0124,0.0142,0.874,0.7139362762541573,0.8825789725047315,"SLC51B, MGAT3, B3GNT7, CHST4, TUSC3, TMTC2, B3GAT3, GCNT4, B3GNT3, GFPT2",False
C2_core,GO_BP,GOBP_ESTABLISHMENT_OF_ORGANELLE_LOCALIZATION,Establishment of organelle localization,21,426,806,0.0261,0.0288,0.905,0.7145000147096855,0.8826357078416963,"AP1M2, UCHL1, SYT11, MARK1, GEM, FCER1A, CDR2L, KIF5C, GPSM1, MAP1B, PKHD1, LMNA, CHMP4B, EZR, SPRY1, KIT, GJA1, S100A13, MYH9, GATA2, TUBA1A",False
C2_core,GO_BP,GOBP_NEGATIVE_REGULATION_OF_CELL_CYCLE_G2_M_PHASE_TRANSITION,Negative regulation of cell cycle g2 m phase transition,3,67,806,0.0037,0.0045,0.822,0.7146810112584651,0.8826357078416963,"IER3, BRSK1, MIIP",False
C2_core,GO_BP,GOBP_TRANSCRIPTION_BY_RNA_POLYMERASE_I,Transcription by rna polymerase i,3,67,806,0.0037,0.0045,0.822,0.7146810112584651,0.8826357078416963,"RASL11A, FLNA, CAVIN1",False
C2_core,GO_BP,GOBP_IMPORT_INTO_NUCLEUS,Import into nucleus,7,150,806,0.0087,0.0101,0.857,0.7156103637149118,0.8834954930321931,"PTGS2, ZC3H12A, PRICKLE1, FLNA, LMNA, ANGPT1, HYAL2",False
C2_core,GO_BP,GOBP_CELLULAR_RESPONSE_TO_CARBOHYDRATE_STIMULUS,Cellular response to carbohydrate stimulus,6,130,806,0.0074,0.0088,0.847,0.7181340538998344,0.8844930575831499,"EFNA5, CASR, SOX4, PTPRN2, ADRA2A, RAB11FIP5",False
C2_core,GO_BP,GOBP_REGULATION_OF_CILIUM_ASSEMBLY,Regulation of cilium assembly,4,89,806,0.005,0.006,0.825,0.7216401364791285,0.8844930575831499,"PPP1R35, KCTD17, DCDC2, LPAR1",False
C2_core,GO_BP,GOBP_DENDRITIC_SPINE_DEVELOPMENT,Dendritic spine development,4,89,806,0.005,0.006,0.825,0.7216401364791285,0.8844930575831499,"NLGN2, DBN1, NCK2, LPAR1",False
C2_core,GO_BP,GOBP_GLUTAMATE_RECEPTOR_SIGNALING_PATHWAY,Glutamate receptor signaling pathway,2,46,806,0.0025,0.0031,0.798,0.7230242723081228,0.8844930575831499,"HOMER1, DAGLA",False
C2_core,GO_BP,GOBP_POSITIVE_REGULATION_OF_NUCLEAR_DIVISION,Positive regulation of nuclear division,2,46,806,0.0025,0.0031,0.798,0.7230242723081228,0.8844930575831499,"SPHK1, RGCC",False
C2_core,GO_BP,GOBP_RECEPTOR_RECYCLING,Receptor recycling,2,46,806,0.0025,0.0031,0.798,0.7230242723081228,0.8844930575831499,"PHETA2, TRAT1",False
C2_core,GO_BP,GOBP_REGULATION_OF_INSULIN_SECRETION_INVOLVED_IN_CELLULAR_RESPONSE_TO_GLUCOSE_STIMULUS,Regulation of insulin secretion involved in cellular response to glucose stimulus,2,46,806,0.0025,0.0031,0.798,0.7230242723081228,0.8844930575831499,"EFNA5, ADRA2A",False
C2_core,GO_BP,GOBP_CHAPERONE_MEDIATED_PROTEIN_FOLDING,Chaperone mediated protein folding,3,68,806,0.0037,0.0046,0.81,0.7240688596102908,0.8844930575831499,"PFDN1, HSPB6, HSPA2",False
C2_core,GO_BP,GOBP_MIDBRAIN_DEVELOPMENT,Midbrain development,3,68,806,0.0037,0.0046,0.81,0.7240688596102908,0.8844930575831499,"CKB, WLS, FZD1",False
C2_core,GO_BP,GOBP_PIGMENT_METABOLIC_PROCESS,Pigment metabolic process,3,68,806,0.0037,0.0046,0.81,0.7240688596102908,0.8844930575831499,"TRPC1, BCL2, TSPO",False
C2_core,GO_BP,GOBP_DEFENSE_RESPONSE_TO_GRAM_POSITIVE_BACTERIUM,Defense response to gram positive bacterium,3,68,806,0.0037,0.0046,0.81,0.7240688596102908,0.8844930575831499,"PYCARD, MMP7, EPHA2",False
C2_core,GO_BP,GOBP_NON_MEMBRANE_BOUNDED_ORGANELLE_ASSEMBLY,Non membrane bounded organelle assembly,18,370,806,0.0223,0.025,0.893,0.7243977702620416,0.8844930575831499,"HAUS7, MYL9, SH3PXD2B, CHMP4B, EZR, FHOD3, PPP1R35, PRICKLE1, RPS19, GSN, TMOD2, FLNC, FLNA, KRT19, MAP9, C10orf90, ANKRD1, TPM1",False
C2_core,GO_BP,GOBP_POSITIVE_REGULATION_OF_AMYLOID_PRECURSOR_PROTEIN_CATABOLIC_PROCESS,Positive regulation of amyloid precursor protein catabolic process,1,23,806,0.0012,0.0016,0.798,0.7245886647500916,0.8844930575831499,CSNK1E,False
C2_core,GO_BP,GOBP_ORGANISM_EMERGENCE_FROM_PROTECTIVE_STRUCTURE,Organism emergence from protective structure,1,23,806,0.0012,0.0016,0.798,0.7245886647500916,0.8844930575831499,STMN3,False
C2_core,GO_BP,GOBP_NEUROMUSCULAR_SYNAPTIC_TRANSMISSION,Neuromuscular synaptic transmission,1,23,806,0.0012,0.0016,0.798,0.7245886647500916,0.8844930575831499,EGR3,False
C2_core,GO_BP,GOBP_REGULATION_OF_MAST_CELL_DEGRANULATION,Regulation of mast cell degranulation,1,23,806,0.0012,0.0016,0.798,0.7245886647500916,0.8844930575831499,GATA2,False
C2_core,GO_BP,GOBP_MANNOSYLATION,Mannosylation,1,23,806,0.0012,0.0016,0.798,0.7245886647500916,0.8844930575831499,TMTC2,False
C2_core,GO_BP,GOBP_PHYSIOLOGICAL_CARDIAC_MUSCLE_HYPERTROPHY,Physiological cardiac muscle hypertrophy,1,23,806,0.0012,0.0016,0.798,0.7245886647500916,0.8844930575831499,RGS4,False
C2_core,GO_BP,GOBP_REGULATION_OF_MONOCYTE_CHEMOTAXIS,Regulation of monocyte chemotaxis,1,23,806,0.0012,0.0016,0.798,0.7245886647500916,0.8844930575831499,SLIT2,False
C2_core,GO_BP,GOBP_THYMIC_T_CELL_SELECTION,Thymic t cell selection,1,23,806,0.0012,0.0016,0.798,0.7245886647500916,0.8844930575831499,JAG2,False
C2_core,GO_BP,GOBP_PROSTANOID_BIOSYNTHETIC_PROCESS,Prostanoid biosynthetic process,1,23,806,0.0012,0.0016,0.798,0.7245886647500916,0.8844930575831499,PTGS2,False
C2_core,GO_BP,GOBP_CEREBELLAR_PURKINJE_CELL_LAYER_DEVELOPMENT,Cerebellar purkinje cell layer development,1,23,806,0.0012,0.0016,0.798,0.7245886647500916,0.8844930575831499,DLL1,False
C2_core,GO_BP,GOBP_POSITIVE_REGULATION_OF_LIPID_CATABOLIC_PROCESS,Positive regulation of lipid catabolic process,1,23,806,0.0012,0.0016,0.798,0.7245886647500916,0.8844930575831499,ADORA1,False
C2_core,GO_BP,GOBP_RESPONSE_TO_OXYGEN_RADICAL,Response to oxygen radical,1,23,806,0.0012,0.0016,0.798,0.7245886647500916,0.8844930575831499,SOD3,False
C2_core,GO_BP,GOBP_NUCLEAR_MEMBRANE_REASSEMBLY,Nuclear membrane reassembly,1,23,806,0.0012,0.0016,0.798,0.7245886647500916,0.8844930575831499,CHMP4B,False
C2_core,GO_BP,GOBP_POSITIVE_REGULATION_OF_MUSCLE_CELL_APOPTOTIC_PROCESS,Positive regulation of muscle cell apoptotic process,1,23,806,0.0012,0.0016,0.798,0.7245886647500916,0.8844930575831499,GATA6,False
C2_core,GO_BP,GOBP_TELENCEPHALON_GLIAL_CELL_MIGRATION,Telencephalon glial cell migration,1,23,806,0.0012,0.0016,0.798,0.7245886647500916,0.8844930575831499,ZMIZ1,False
C2_core,GO_BP,GOBP_POSTSYNAPTIC_NEUROTRANSMITTER_RECEPTOR_INTERNALIZATION,Postsynaptic neurotransmitter receptor internalization,1,23,806,0.0012,0.0016,0.798,0.7245886647500916,0.8844930575831499,LPAR1,False
C2_core,GO_BP,GOBP_BENZENE_CONTAINING_COMPOUND_METABOLIC_PROCESS,Benzene containing compound metabolic process,1,23,806,0.0012,0.0016,0.798,0.7245886647500916,0.8844930575831499,ACSM1,False
C2_core,GO_BP,GOBP_VIRAL_BUDDING,Viral budding,1,23,806,0.0012,0.0016,0.798,0.7245886647500916,0.8844930575831499,CHMP4B,False
C2_core,GO_BP,GOBP_REGULATION_OF_NUCLEAR_TRANSCRIBED_MRNA_CATABOLIC_PROCESS_DEADENYLATION_DEPENDENT_DECAY,Regulation of nuclear transcribed mrna catabolic process deadenylation dependent decay,1,23,806,0.0012,0.0016,0.798,0.7245886647500916,0.8844930575831499,ZFP36,False
C2_core,GO_BP,GOBP_PURINE_NUCLEOSIDE_METABOLIC_PROCESS,Purine nucleoside metabolic process,1,23,806,0.0012,0.0016,0.798,0.7245886647500916,0.8844930575831499,DGUOK,False
C2_core,GO_BP,GOBP_POSITIVE_REGULATION_OF_PEPTIDYL_THREONINE_PHOSPHORYLATION,Positive regulation of peptidyl threonine phosphorylation,1,23,806,0.0012,0.0016,0.798,0.7245886647500916,0.8844930575831499,SPHK1,False
C2_core,GO_BP,GOBP_NEGATIVE_REGULATION_OF_NUCLEOCYTOPLASMIC_TRANSPORT,Negative regulation of nucleocytoplasmic transport,1,23,806,0.0012,0.0016,0.798,0.7245886647500916,0.8844930575831499,ANGPT1,False
C2_core,GO_BP,GOBP_NEGATIVE_REGULATION_OF_DNA_REPLICATION,Negative regulation of dna replication,1,23,806,0.0012,0.0016,0.798,0.7245886647500916,0.8844930575831499,S100A11,False
C2_core,GO_BP,GOBP_OLEFINIC_COMPOUND_METABOLIC_PROCESS,Olefinic compound metabolic process,6,132,806,0.0074,0.0089,0.834,0.7316724071617831,0.892852415695973,"PTGS2, DKK3, GSTP1, DAGLA, EGR1, ABHD12",False
C2_core,GO_BP,GOBP_PEPTIDE_METABOLIC_PROCESS,Peptide metabolic process,3,69,806,0.0037,0.0047,0.798,0.7332137619032537,0.8936913222178516,"MMP7, GGT5, AEBP1",False
C2_core,GO_BP,GOBP_NEGATIVE_REGULATION_OF_PROTEIN_UBIQUITINATION,Negative regulation of protein ubiquitination,3,69,806,0.0037,0.0047,0.798,0.7332137619032537,0.8936913222178516,"SOX4, ADGRB1, TSPO",False
C2_core,GO_BP,GOBP_POSITIVE_REGULATION_OF_SMALL_GTPASE_MEDIATED_SIGNAL_TRANSDUCTION,Positive regulation of small gtpase mediated signal transduction,3,69,806,0.0037,0.0047,0.798,0.7332137619032537,0.8936913222178516,"P2RY10, ARHGEF3, LPAR1",False
C2_core,GO_BP,GOBP_NEGATIVE_REGULATION_OF_VIRAL_GENOME_REPLICATION,Negative regulation of viral genome replication,2,47,806,0.0025,0.0032,0.781,0.7340109249780824,0.8936913222178516,"ISG20, APOBEC3H",False
C2_core,GO_BP,GOBP_VISUAL_BEHAVIOR,Visual behavior,2,47,806,0.0025,0.0032,0.781,0.7340109249780824,0.8936913222178516,"TUBA1A, KIT",False
C2_core,GO_BP,GOBP_ER_NUCLEUS_SIGNALING_PATHWAY,Er nucleus signaling pathway,2,47,806,0.0025,0.0032,0.781,0.7340109249780824,0.8936913222178516,"PPP1R15A, NCK2",False
C2_core,GO_BP,GOBP_BILE_ACID_METABOLIC_PROCESS,Bile acid metabolic process,2,47,806,0.0025,0.0032,0.781,0.7340109249780824,0.8936913222178516,"OSBPL7, KIT",False
C2_core,GO_BP,GOBP_MONOCARBOXYLIC_ACID_TRANSPORT,Monocarboxylic acid transport,7,153,806,0.0087,0.0103,0.84,0.7345472990131992,0.8940570883266982,"THBS1, SLC51B, PTGS2, CASR, SLCO2A1, SLC6A11, ANXA1",False
C2_core,GO_BP,GOBP_ORGANOPHOSPHATE_CATABOLIC_PROCESS,Organophosphate catabolic process,10,214,806,0.0124,0.0145,0.858,0.7354557254930068,0.8941953730063597,"ENPP2, PFKP, ENTPD6, HKDC1, UCHL1, ALDOA, IER3, ABHD12, GPCPD1, GPD1L",False
C2_core,GO_BP,GOBP_REGULATION_OF_SYNAPTIC_VESICLE_RECYCLING,Regulation of synaptic vesicle recycling,1,24,806,0.0012,0.0016,0.765,0.7396168643446638,0.8941953730063597,SYT11,False
C2_core,GO_BP,GOBP_THYROID_HORMONE_METABOLIC_PROCESS,Thyroid hormone metabolic process,1,24,806,0.0012,0.0016,0.765,0.7396168643446638,0.8941953730063597,GCNT4,False
C2_core,GO_BP,GOBP_REGULATION_OF_RELEASE_OF_SEQUESTERED_CALCIUM_ION_INTO_CYTOSOL_BY_SARCOPLASMIC_RETICULUM,Regulation of release of sequestered calcium ion into cytosol by sarcoplasmic reticulum,1,24,806,0.0012,0.0016,0.765,0.7396168643446638,0.8941953730063597,CACNA1C,False
C2_core,GO_BP,GOBP_POSITIVE_REGULATION_OF_LEUKOCYTE_APOPTOTIC_PROCESS,Positive regulation of leukocyte apoptotic process,1,24,806,0.0012,0.0016,0.765,0.7396168643446638,0.8941953730063597,ANXA1,False
C2_core,GO_BP,GOBP_POSITIVE_REGULATION_OF_INTERLEUKIN_17_PRODUCTION,Positive regulation of interleukin 17 production,1,24,806,0.0012,0.0016,0.765,0.7396168643446638,0.8941953730063597,SPHK1,False
C2_core,GO_BP,GOBP_NEGATIVE_REGULATION_OF_SIGNALING_RECEPTOR_ACTIVITY,Negative regulation of signaling receptor activity,1,24,806,0.0012,0.0016,0.765,0.7396168643446638,0.8941953730063597,CNRIP1,False
C2_core,GO_BP,GOBP_DOPAMINERGIC_NEURON_DIFFERENTIATION,Dopaminergic neuron differentiation,1,24,806,0.0012,0.0016,0.765,0.7396168643446638,0.8941953730063597,FZD1,False
C2_core,GO_BP,GOBP_DOPAMINE_SECRETION,Dopamine secretion,1,24,806,0.0012,0.0016,0.765,0.7396168643446638,0.8941953730063597,SYT11,False
C2_core,GO_BP,GOBP_MITOCHONDRIAL_OUTER_MEMBRANE_PERMEABILIZATION,Mitochondrial outer membrane permeabilization,1,24,806,0.0012,0.0016,0.765,0.7396168643446638,0.8941953730063597,IER3,False
C2_core,GO_BP,GOBP_LONG_CHAIN_FATTY_ACYL_COA_METABOLIC_PROCESS,Long chain fatty acyl coa metabolic process,1,24,806,0.0012,0.0016,0.765,0.7396168643446638,0.8941953730063597,ELOVL7,False
C2_core,GO_BP,GOBP_U2_TYPE_PRESPLICEOSOME_ASSEMBLY,U2 type prespliceosome assembly,1,24,806,0.0012,0.0016,0.765,0.7396168643446638,0.8941953730063597,SNRPB,False
C2_core,GO_BP,GOBP_NEGATIVE_REGULATION_OF_CELL_KILLING,Negative regulation of cell killing,1,24,806,0.0012,0.0016,0.765,0.7396168643446638,0.8941953730063597,SERPINB9,False
C2_core,GO_BP,GOBP_REGULATION_OF_RECEPTOR_RECYCLING,Regulation of receptor recycling,1,24,806,0.0012,0.0016,0.765,0.7396168643446638,0.8941953730063597,TRAT1,False
C2_core,GO_BP,GOBP_POSITIVE_REGULATION_OF_ISOTYPE_SWITCHING,Positive regulation of isotype switching,1,24,806,0.0012,0.0016,0.765,0.7396168643446638,0.8941953730063597,CLCF1,False
C2_core,GO_BP,GOBP_GLYCOSAMINOGLYCAN_CATABOLIC_PROCESS,Glycosaminoglycan catabolic process,1,24,806,0.0012,0.0016,0.765,0.7396168643446638,0.8941953730063597,HYAL2,False
C2_core,GO_BP,GOBP_FATTY_ACYL_COA_BIOSYNTHETIC_PROCESS,Fatty acyl coa biosynthetic process,1,24,806,0.0012,0.0016,0.765,0.7396168643446638,0.8941953730063597,ELOVL7,False
C2_core,GO_BP,GOBP_NUCLEAR_MIGRATION,Nuclear migration,1,24,806,0.0012,0.0016,0.765,0.7396168643446638,0.8941953730063597,LMNA,False
C2_core,GO_BP,GOBP_POSITIVE_REGULATION_OF_VIRAL_LIFE_CYCLE,Positive regulation of viral life cycle,1,24,806,0.0012,0.0016,0.765,0.7396168643446638,0.8941953730063597,TMPRSS2,False
C2_core,GO_BP,GOBP_THYROID_GLAND_DEVELOPMENT,Thyroid gland development,1,24,806,0.0012,0.0016,0.765,0.7396168643446638,0.8941953730063597,EDNRA,False
C2_core,GO_BP,GOBP_REGULATION_OF_RAC_PROTEIN_SIGNAL_TRANSDUCTION,Regulation of rac protein signal transduction,1,24,806,0.0012,0.0016,0.765,0.7396168643446638,0.8941953730063597,STMN3,False
C2_core,GO_BP,GOBP_REGULATION_OF_CELL_CYCLE_PHASE_TRANSITION,Regulation of cell cycle phase transition,19,394,806,0.0236,0.0266,0.885,0.741977943468644,0.8960756305886572,"CDKN2C, ADAMTS1, GLI1, WNT10B, ANXA1, BCL2, GJC2, CCND3, BRSK1, SMARCD3, CCL2, KLF4, DACT1, IER3, SUSD2, RGCC, MIIP, PLK3, HSPA2",False
C2_core,GO_BP,GOBP_AXO_DENDRITIC_TRANSPORT,Axo dendritic transport,3,70,806,0.0037,0.0047,0.787,0.7421180598541056,0.8960756305886572,"UCHL1, MAP1A, KIF5C",False
C2_core,GO_BP,GOBP_TOLL_LIKE_RECEPTOR_SIGNALING_PATHWAY,Toll like receptor signaling pathway,3,70,806,0.0037,0.0047,0.787,0.7421180598541056,0.8960756305886572,"IRAK3, GDI1, GFI1",False
C2_core,GO_BP,GOBP_POSITIVE_REGULATION_OF_EXOCYTOSIS,Positive regulation of exocytosis,3,70,806,0.0037,0.0047,0.787,0.7421180598541056,0.8960756305886572,"DOC2B, STX1A, GATA2",False
C2_core,GO_BP,GOBP_LIPID_MODIFICATION,Lipid modification,8,175,806,0.0099,0.0118,0.839,0.7437163894813831,0.8977194647164576,"ACSM1, SGPP2, PIP4P2, MBOAT2, MBOAT4, SOX9, GDF15, PLPP2",False
C2_core,GO_BP,GOBP_PROTEIN_ACETYLATION,Protein acetylation,2,48,806,0.0025,0.0032,0.765,0.7446244089502546,0.898103175563772,"SPHK1, SOX4",False
C2_core,GO_BP,GOBP_VESICLE_MEDIATED_TRANSPORT_BETWEEN_ENDOSOMAL_COMPARTMENTS,Vesicle mediated transport between endosomal compartments,2,48,806,0.0025,0.0032,0.765,0.7446244089502546,0.898103175563772,"FLNA, EZR",False
C2_core,GO_BP,GOBP_ERYTHROCYTE_HOMEOSTASIS,Erythrocyte homeostasis,6,134,806,0.0074,0.0091,0.822,0.7447453622648117,0.898103175563772,"ZFP36, RPS19, GATA2, KIT, KLF2, SLC1A5",False
C2_core,GO_BP,GOBP_REGULATION_OF_DEPHOSPHORYLATION,Regulation of dephosphorylation,4,92,806,0.005,0.0062,0.798,0.7454207427489096,0.898631624013878,"PIN1, PPP1R15A, ADORA1, NCK2",False
C2_core,GO_BP,GOBP_LYMPHOCYTE_APOPTOTIC_PROCESS,Lymphocyte apoptotic process,3,71,806,0.0037,0.0048,0.776,0.7507843542036335,0.9021625652565055,"IL2RA, TNFRSF21, BCL2",False
C2_core,GO_BP,GOBP_REGULATION_OF_SYSTEMIC_ARTERIAL_BLOOD_PRESSURE,Regulation of systemic arterial blood pressure,3,71,806,0.0037,0.0048,0.776,0.7507843542036335,0.9021625652565055,"IER3, ADORA1, TPM1",False
C2_core,GO_BP,GOBP_POSITIVE_REGULATION_OF_CELL_CYCLE_PROCESS,Positive regulation of cell cycle process,10,217,806,0.0124,0.0147,0.846,0.7508711445087057,0.9021625652565055,"CCND3, SMARCD3, PPP1R35, ADAMTS1, SPHK1, GLI1, RGCC, HSPA2, WNT10B, ANXA1",False
C2_core,GO_BP,GOBP_POLYOL_METABOLIC_PROCESS,Polyol metabolic process,4,93,806,0.005,0.0063,0.789,0.752994643501508,0.9021625652565055,"ISYNA1, SGPP2, SPHK1, PLPP2",False
C2_core,GO_BP,GOBP_NEUROTRANSMITTER_RECEPTOR_INTERNALIZATION,Neurotransmitter receptor internalization,1,25,806,0.0012,0.0017,0.734,0.7538259914494845,0.9021625652565055,LPAR1,False
C2_core,GO_BP,GOBP_POSITIVE_REGULATION_OF_PROTEIN_TARGETING_TO_MEMBRANE,Positive regulation of protein targeting to membrane,1,25,806,0.0012,0.0017,0.734,0.7538259914494845,0.9021625652565055,SLC51B,False
C2_core,GO_BP,GOBP_DNA_CATABOLIC_PROCESS,Dna catabolic process,1,25,806,0.0012,0.0017,0.734,0.7538259914494845,0.9021625652565055,ISG20,False
C2_core,GO_BP,GOBP_REGULATION_OF_SUPEROXIDE_METABOLIC_PROCESS,Regulation of superoxide metabolic process,1,25,806,0.0012,0.0017,0.734,0.7538259914494845,0.9021625652565055,GSTP1,False
C2_core,GO_BP,GOBP_POSITIVE_REGULATION_OF_MUSCLE_HYPERTROPHY,Positive regulation of muscle hypertrophy,1,25,806,0.0012,0.0017,0.734,0.7538259914494845,0.9021625652565055,HAND2,False
C2_core,GO_BP,GOBP_NUCLEOBASE_CONTAINING_SMALL_MOLECULE_CATABOLIC_PROCESS,Nucleobase containing small molecule catabolic process,1,25,806,0.0012,0.0017,0.734,0.7538259914494845,0.9021625652565055,APOBEC3H,False
C2_core,GO_BP,GOBP_NEGATIVE_REGULATION_OF_OXIDATIVE_STRESS_INDUCED_INTRINSIC_APOPTOTIC_SIGNALING_PATHWAY,Negative regulation of oxidative stress induced intrinsic apoptotic signaling pathway,1,25,806,0.0012,0.0017,0.734,0.7538259914494845,0.9021625652565055,FZD1,False
C2_core,GO_BP,GOBP_ESTABLISHMENT_OF_SKIN_BARRIER,Establishment of skin barrier,1,25,806,0.0012,0.0017,0.734,0.7538259914494845,0.9021625652565055,KLF4,False
C2_core,GO_BP,GOBP_EXTRACELLULAR_VESICLE_BIOGENESIS,Extracellular vesicle biogenesis,1,25,806,0.0012,0.0017,0.734,0.7538259914494845,0.9021625652565055,CD34,False
C2_core,GO_BP,GOBP_NEGATIVE_REGULATION_OF_POTASSIUM_ION_TRANSPORT,Negative regulation of potassium ion transport,1,25,806,0.0012,0.0017,0.734,0.7538259914494845,0.9021625652565055,RGS4,False
C2_core,GO_BP,GOBP_FC_EPSILON_RECEPTOR_SIGNALING_PATHWAY,Fc epsilon receptor signaling pathway,1,25,806,0.0012,0.0017,0.734,0.7538259914494845,0.9021625652565055,FCER1A,False
C2_core,GO_BP,GOBP_HINDLIMB_MORPHOGENESIS,Hindlimb morphogenesis,1,25,806,0.0012,0.0017,0.734,0.7538259914494845,0.9021625652565055,GPC3,False
C2_core,GO_BP,GOBP_CHONDROITIN_SULFATE_METABOLIC_PROCESS,Chondroitin sulfate metabolic process,1,25,806,0.0012,0.0017,0.734,0.7538259914494845,0.9021625652565055,CHST3,False
C2_core,GO_BP,GOBP_REGULATION_OF_GENE_SILENCING_BY_REGULATORY_NCRNA,Regulation of gene silencing by regulatory ncrna,1,25,806,0.0012,0.0017,0.734,0.7538259914494845,0.9021625652565055,ZFP36,False
C2_core,GO_BP,GOBP_PHOSPHATE_ION_TRANSPORT,Phosphate ion transport,1,25,806,0.0012,0.0017,0.734,0.7538259914494845,0.9021625652565055,VDR,False
C2_core,GO_BP,GOBP_REGULATION_OF_ESTABLISHMENT_OR_MAINTENANCE_OF_CELL_POLARITY,Regulation of establishment or maintenance of cell polarity,1,25,806,0.0012,0.0017,0.734,0.7538259914494845,0.9021625652565055,GSN,False
C2_core,GO_BP,GOBP_POLARIZED_EPITHELIAL_CELL_DIFFERENTIATION,Polarized epithelial cell differentiation,1,25,806,0.0012,0.0017,0.734,0.7538259914494845,0.9021625652565055,EZR,False
C2_core,GO_BP,GOBP_DIACYLGLYCEROL_METABOLIC_PROCESS,Diacylglycerol metabolic process,1,25,806,0.0012,0.0017,0.734,0.7538259914494845,0.9021625652565055,DAGLA,False
C2_core,GO_BP,GOBP_POSITIVE_REGULATION_OF_LAMELLIPODIUM_ASSEMBLY,Positive regulation of lamellipodium assembly,1,25,806,0.0012,0.0017,0.734,0.7538259914494845,0.9021625652565055,TWF2,False
C2_core,GO_BP,GOBP_GLIAL_CELL_ACTIVATION,Glial cell activation,2,49,806,0.0025,0.0033,0.749,0.7548727176007378,0.9022823123846985,"SPHK1, SYT11",False
C2_core,GO_BP,GOBP_RESPONSE_TO_CADMIUM_ION,Response to cadmium ion,2,49,806,0.0025,0.0033,0.749,0.7548727176007378,0.9022823123846985,"FOS, KIT",False
C2_core,GO_BP,GOBP_NUCLEOSIDE_METABOLIC_PROCESS,Nucleoside metabolic process,2,49,806,0.0025,0.0033,0.749,0.7548727176007378,0.9022823123846985,"DGUOK, APOBEC3H",False
C2_core,GO_BP,GOBP_SIGNAL_TRANSDUCTION_IN_RESPONSE_TO_DNA_DAMAGE,Signal transduction in response to dna damage,8,177,806,0.0099,0.012,0.83,0.7548785775295577,0.9022823123846985,"HIC1, SNAI1, BATF, SOX4, IER3, PLK3, BRSK1, ANKRD1",False
C2_core,GO_BP,GOBP_REGULATION_OF_SMALL_MOLECULE_METABOLIC_PROCESS,Regulation of small molecule metabolic process,13,279,806,0.0161,0.0189,0.855,0.7582105700387911,0.9059791390340521,"PTGS2, SNAI1, DKK3, CH25H, TSPO, UCHL1, IER3, KIT, EGR1, SOX9, GDF15, GFI1, MIDN",False
C2_core,GO_BP,GOBP_NUCLEOSIDE_MONOPHOSPHATE_METABOLIC_PROCESS,Nucleoside monophosphate metabolic process,3,72,806,0.0037,0.0049,0.765,0.7592154809249376,0.9068939020254063,"DGUOK, AK1, GUK1",False
C2_core,GO_BP,GOBP_GLYCEROPHOSPHOLIPID_METABOLIC_PROCESS,Glycerophospholipid metabolic process,13,280,806,0.0161,0.0189,0.852,0.7625753403972111,0.9083828483075695,"ENPP2, LPCAT1, SOCS1, PIP4P2, SOCS3, PLCB4, OSBPL5, MBOAT2, ABHD12, SLC44A3, GPCPD1, PLCH1, PDGFA",False
C2_core,GO_BP,GOBP_POSITIVE_REGULATION_OF_CELL_CYCLE,Positive regulation of cell cycle,13,280,806,0.0161,0.0189,0.852,0.7625753403972111,0.9083828483075695,"CCND3, SMARCD3, TGFB2, PPP1R35, ADAMTS1, SMOC2, SPHK1, GLI1, RGCC, HSPA2, WNT10B, SHB, ANXA1",False
C2_core,GO_BP,GOBP_REGULATION_OF_CELLULAR_KETONE_METABOLIC_PROCESS,Regulation of cellular ketone metabolic process,5,116,806,0.0062,0.0078,0.791,0.7643204784650433,0.9083828483075695,"PTGS2, DKK3, EGR1, SOX9, GDF15",False
C2_core,GO_BP,GOBP_POSITIVE_REGULATION_OF_PRODUCTION_OF_MOLECULAR_MEDIATOR_OF_IMMUNE_RESPONSE,Positive regulation of production of molecular mediator of immune response,5,116,806,0.0062,0.0078,0.791,0.7643204784650433,0.9083828483075695,"SEMA7A, GPRC5B, KIT, CLCF1, PYCARD",False
C2_core,GO_BP,GOBP_REGULATION_OF_DNA_REPLICATION,Regulation of dna replication,5,116,806,0.0062,0.0078,0.791,0.7643204784650433,0.9083828483075695,"ACVRL1, GLI2, ID3, S100A11, GLI1",False
C2_core,GO_BP,GOBP_CYTOKINE_PRODUCTION_INVOLVED_IN_INFLAMMATORY_RESPONSE,Cytokine production involved in inflammatory response,2,50,806,0.0025,0.0034,0.734,0.7647640817268863,0.9083828483075695,"PYCARD, ZC3H12A",False
C2_core,GO_BP,GOBP_ORGANIC_HYDROXY_COMPOUND_CATABOLIC_PROCESS,Organic hydroxy compound catabolic process,2,50,806,0.0025,0.0034,0.734,0.7647640817268863,0.9083828483075695,"SULT1C4, MOXD1",False
C2_core,GO_BP,GOBP_PIGMENT_BIOSYNTHETIC_PROCESS,Pigment biosynthetic process,2,50,806,0.0025,0.0034,0.734,0.7647640817268863,0.9083828483075695,"TRPC1, TSPO",False
C2_core,GO_BP,GOBP_RESPONSE_TO_FOOD,Response to food,1,26,806,0.0012,0.0018,0.706,0.7672606350199169,0.9083828483075695,GDF15,False
C2_core,GO_BP,GOBP_SNRNA_PROCESSING,Snrna processing,1,26,806,0.0012,0.0018,0.706,0.7672606350199169,0.9083828483075695,INTS6L,False
C2_core,GO_BP,GOBP_ANTIGEN_PROCESSING_AND_PRESENTATION_OF_EXOGENOUS_PEPTIDE_ANTIGEN_VIA_MHC_CLASS_II,Antigen processing and presentation of exogenous peptide antigen via mhc class ii,1,26,806,0.0012,0.0018,0.706,0.7672606350199169,0.9083828483075695,HLA-DOB,False
C2_core,GO_BP,GOBP_GLUCOSE_6_PHOSPHATE_METABOLIC_PROCESS,Glucose 6 phosphate metabolic process,1,26,806,0.0012,0.0018,0.706,0.7672606350199169,0.9083828483075695,HKDC1,False
C2_core,GO_BP,GOBP_RESPONSE_TO_X_RAY,Response to x ray,1,26,806,0.0012,0.0018,0.706,0.7672606350199169,0.9083828483075695,THBD,False
C2_core,GO_BP,GOBP_NEGATIVE_REGULATION_OF_ORGAN_GROWTH,Negative regulation of organ growth,1,26,806,0.0012,0.0018,0.706,0.7672606350199169,0.9083828483075695,RGS4,False
C2_core,GO_BP,GOBP_POSITIVE_REGULATION_OF_INTERLEUKIN_4_PRODUCTION,Positive regulation of interleukin 4 production,1,26,806,0.0012,0.0018,0.706,0.7672606350199169,0.9083828483075695,FOXP3,False
C2_core,GO_BP,GOBP_BILE_ACID_AND_BILE_SALT_TRANSPORT,Bile acid and bile salt transport,1,26,806,0.0012,0.0018,0.706,0.7672606350199169,0.9083828483075695,SLC51B,False
C2_core,GO_BP,GOBP_POSITIVE_REGULATION_OF_CALCIUM_ION_TRANSMEMBRANE_TRANSPORTER_ACTIVITY,Positive regulation of calcium ion transmembrane transporter activity,1,26,806,0.0012,0.0018,0.706,0.7672606350199169,0.9083828483075695,CACNA2D1,False
C2_core,GO_BP,GOBP_POSITIVE_REGULATION_OF_ERBB_SIGNALING_PATHWAY,Positive regulation of erbb signaling pathway,1,26,806,0.0012,0.0018,0.706,0.7672606350199169,0.9083828483075695,ADRA2A,False
C2_core,GO_BP,GOBP_POSITIVE_REGULATION_OF_JUN_KINASE_ACTIVITY,Positive regulation of jun kinase activity,1,26,806,0.0012,0.0018,0.706,0.7672606350199169,0.9083828483075695,CCL19,False
C2_core,GO_BP,GOBP_REGULATION_OF_PLATELET_AGGREGATION,Regulation of platelet aggregation,1,26,806,0.0012,0.0018,0.706,0.7672606350199169,0.9083828483075695,CD9,False
C2_core,GO_BP,GOBP_REGULATION_OF_ANDROGEN_RECEPTOR_SIGNALING_PATHWAY,Regulation of androgen receptor signaling pathway,1,26,806,0.0012,0.0018,0.706,0.7672606350199169,0.9083828483075695,HEYL,False
C2_core,GO_BP,GOBP_POSITIVE_REGULATION_OF_ANTIGEN_RECEPTOR_MEDIATED_SIGNALING_PATHWAY,Positive regulation of antigen receptor mediated signaling pathway,1,26,806,0.0012,0.0018,0.706,0.7672606350199169,0.9083828483075695,TRAT1,False
C2_core,GO_BP,GOBP_CELLULAR_RESPONSE_TO_DEXAMETHASONE_STIMULUS,Cellular response to dexamethasone stimulus,1,26,806,0.0012,0.0018,0.706,0.7672606350199169,0.9083828483075695,AQP1,False
C2_core,GO_BP,GOBP_REGULATION_OF_SPINDLE_ASSEMBLY,Regulation of spindle assembly,1,26,806,0.0012,0.0018,0.706,0.7672606350199169,0.9083828483075695,CHMP4B,False
C2_core,GO_BP,GOBP_NEGATIVE_REGULATION_OF_PROTEIN_DEPHOSPHORYLATION,Negative regulation of protein dephosphorylation,1,26,806,0.0012,0.0018,0.706,0.7672606350199169,0.9083828483075695,PPP1R15A,False
C2_core,GO_BP,GOBP_VIRAL_RELEASE_FROM_HOST_CELL,Viral release from host cell,1,26,806,0.0012,0.0018,0.706,0.7672606350199169,0.9083828483075695,CHMP4B,False
C2_core,GO_BP,GOBP_REGULATION_OF_NUCLEOTIDE_EXCISION_REPAIR,Regulation of nucleotide excision repair,1,26,806,0.0012,0.0018,0.706,0.7672606350199169,0.9083828483075695,SMARCD3,False
C2_core,GO_BP,GOBP_SOMATIC_DIVERSIFICATION_OF_IMMUNE_RECEPTORS,Somatic diversification of immune receptors,3,73,806,0.0037,0.0049,0.754,0.7674144886335524,0.9083828483075695,"BATF, CLCF1, FOXP3",False
C2_core,GO_BP,GOBP_GLYCOSYL_COMPOUND_METABOLIC_PROCESS,Glycosyl compound metabolic process,3,73,806,0.0037,0.0049,0.754,0.7674144886335524,0.9083828483075695,"DGUOK, SULT1C4, APOBEC3H",False
C2_core,GO_BP,GOBP_REGULATION_OF_MYELOID_LEUKOCYTE_MEDIATED_IMMUNITY,Regulation of myeloid leukocyte mediated immunity,2,51,806,0.0025,0.0034,0.72,0.7743069200394278,0.9152617473763581,"CXCL6, GATA2",False
C2_core,GO_BP,GOBP_CELLULAR_RESPONSE_TO_VIRUS,Cellular response to virus,2,51,806,0.0025,0.0034,0.72,0.7743069200394278,0.9152617473763581,"CCL19, ZC3H12A",False
C2_core,GO_BP,GOBP_REGULATION_OF_CALCIUM_ION_TRANSMEMBRANE_TRANSPORTER_ACTIVITY,Regulation of calcium ion transmembrane transporter activity,2,51,806,0.0025,0.0034,0.72,0.7743069200394278,0.9152617473763581,"ADRA2A, CACNA2D1",False
C2_core,GO_BP,GOBP_PROGRAMMED_NECROTIC_CELL_DEATH,Programmed necrotic cell death,2,51,806,0.0025,0.0034,0.72,0.7743069200394278,0.9152617473763581,"YBX3, TSPO",False
C2_core,GO_BP,GOBP_FATTY_ACID_TRANSPORT,Fatty acid transport,4,96,806,0.005,0.0065,0.765,0.774675224026387,0.9152617473763581,"SLCO2A1, THBS1, ANXA1, PTGS2",False
C2_core,GO_BP,GOBP_SPHINGOLIPID_BIOSYNTHETIC_PROCESS,Sphingolipid biosynthetic process,4,96,806,0.005,0.0065,0.765,0.774675224026387,0.9152617473763581,"P2RX1, SPHK1, CCN1, ELOVL7",False
C2_core,GO_BP,GOBP_NEGATIVE_REGULATION_OF_RNA_CATABOLIC_PROCESS,Negative regulation of rna catabolic process,3,74,806,0.0037,0.005,0.744,0.7753846171727962,0.915814312489939,"ZFP36, YBX3, TENT5C",False
C2_core,GO_BP,GOBP_SPINDLE_ASSEMBLY,Spindle assembly,5,118,806,0.0062,0.008,0.778,0.7771576181655256,0.9169344255693997,"HAUS7, CHMP4B, PRICKLE1, FLNA, MAP9",False
C2_core,GO_BP,GOBP_STEROID_HORMONE_MEDIATED_SIGNALING_PATHWAY,Steroid hormone mediated signaling pathway,5,118,806,0.0062,0.008,0.778,0.7771576181655256,0.9169344255693997,"ZMIZ1, HEYL, LBH, PMEPA1, PDE3A",False
C2_core,GO_BP,GOBP_REGULATION_OF_LYSOSOMAL_LUMEN_PH,Regulation of lysosomal lumen ph,1,27,806,0.0012,0.0018,0.68,0.7799629595170693,0.9169344255693997,ATP6V0B,False
C2_core,GO_BP,GOBP_RELAXATION_OF_MUSCLE,Relaxation of muscle,1,27,806,0.0012,0.0018,0.68,0.7799629595170693,0.9169344255693997,GSN,False
C2_core,GO_BP,GOBP_RIG_I_SIGNALING_PATHWAY,Rig i signaling pathway,1,27,806,0.0012,0.0018,0.68,0.7799629595170693,0.9169344255693997,TRIM15,False
C2_core,GO_BP,GOBP_PEPTIDYL_PROLINE_MODIFICATION,Peptidyl proline modification,1,27,806,0.0012,0.0018,0.68,0.7799629595170693,0.9169344255693997,PIN1,False
C2_core,GO_BP,GOBP_FORELIMB_MORPHOGENESIS,Forelimb morphogenesis,1,27,806,0.0012,0.0018,0.68,0.7799629595170693,0.9169344255693997,CACNA1C,False
C2_core,GO_BP,GOBP_GMP_METABOLIC_PROCESS,Gmp metabolic process,1,27,806,0.0012,0.0018,0.68,0.7799629595170693,0.9169344255693997,GUK1,False
C2_core,GO_BP,GOBP_REGULATION_OF_PROTEIN_DEACETYLATION,Regulation of protein deacetylation,1,27,806,0.0012,0.0018,0.68,0.7799629595170693,0.9169344255693997,NDN,False
C2_core,GO_BP,GOBP_SENSORY_PERCEPTION_OF_TASTE,Sensory perception of taste,1,27,806,0.0012,0.0018,0.68,0.7799629595170693,0.9169344255693997,WNT10B,False
C2_core,GO_BP,GOBP_POSITIVE_REGULATION_OF_VASCULAR_ENDOTHELIAL_GROWTH_FACTOR_PRODUCTION,Positive regulation of vascular endothelial growth factor production,1,27,806,0.0012,0.0018,0.68,0.7799629595170693,0.9169344255693997,PTGS2,False
C2_core,GO_BP,GOBP_COLLATERAL_SPROUTING,Collateral sprouting,1,27,806,0.0012,0.0018,0.68,0.7799629595170693,0.9169344255693997,EFNA5,False
C2_core,GO_BP,GOBP_MATING_BEHAVIOR,Mating behavior,1,27,806,0.0012,0.0018,0.68,0.7799629595170693,0.9169344255693997,P2RX1,False
C2_core,GO_BP,GOBP_RESPONSE_TO_INTERFERON_BETA,Response to interferon beta,1,27,806,0.0012,0.0018,0.68,0.7799629595170693,0.9169344255693997,STING1,False
C2_core,GO_BP,GOBP_POSITIVE_REGULATION_OF_ERYTHROCYTE_DIFFERENTIATION,Positive regulation of erythrocyte differentiation,1,27,806,0.0012,0.0018,0.68,0.7799629595170693,0.9169344255693997,GATA2,False
C2_core,GO_BP,GOBP_CYTOSKELETON_DEPENDENT_INTRACELLULAR_TRANSPORT,Cytoskeleton dependent intracellular transport,8,182,806,0.0099,0.0123,0.807,0.7812685235278052,0.918184378302374,"CDR2L, PRICKLE1, KIF5C, UCHL1, MAP1B, CLIP3, MAP1A, TUBA1A",False
C2_core,GO_BP,GOBP_HORMONE_METABOLIC_PROCESS,Hormone metabolic process,9,203,806,0.0112,0.0137,0.814,0.7825865641645349,0.9188234635487394,"CHST10, DKK3, SELENOM, TSPO, GCNT4, BACE2, MBOAT4, EGR1, GFI1",False
C2_core,GO_BP,GOBP_REGULATION_OF_POSTSYNAPTIC_MEMBRANE_NEUROTRANSMITTER_RECEPTOR_LEVELS,Regulation of postsynaptic membrane neurotransmitter receptor levels,3,75,806,0.0037,0.0051,0.734,0.7831292773452452,0.9188234635487394,"CLSTN1, LPAR1, DLG3",False
C2_core,GO_BP,GOBP_LONG_CHAIN_FATTY_ACID_TRANSPORT,Long chain fatty acid transport,2,52,806,0.0025,0.0035,0.706,0.7835097943325355,0.9188234635487394,"THBS1, ANXA1",False
C2_core,GO_BP,GOBP_NUCLEAR_ENVELOPE_ORGANIZATION,Nuclear envelope organization,2,52,806,0.0025,0.0035,0.706,0.7835097943325355,0.9188234635487394,"LMNA, CHMP4B",False
C2_core,GO_BP,GOBP_REGULATION_OF_OXIDOREDUCTASE_ACTIVITY,Regulation of oxidoreductase activity,2,52,806,0.0025,0.0035,0.706,0.7835097943325355,0.9188234635487394,"VDR, GFI1",False
C2_core,GO_BP,GOBP_T_CELL_APOPTOTIC_PROCESS,T cell apoptotic process,2,52,806,0.0025,0.0035,0.706,0.7835097943325355,0.9188234635487394,"IL2RA, BCL2",False
C2_core,GO_BP,GOBP_MITOTIC_G2_M_TRANSITION_CHECKPOINT,Mitotic g2 m transition checkpoint,2,52,806,0.0025,0.0035,0.706,0.7835097943325355,0.9188234635487394,"IER3, BRSK1",False
C2_core,GO_BP,GOBP_LIPID_CATABOLIC_PROCESS,Lipid catabolic process,14,306,806,0.0174,0.0207,0.84,0.7866522690265381,0.9222232200933022,"ENPP2, SGPP2, PAFAH1B3, PLCXD3, ADORA1, DAGLA, LYPLA2, PLCB4, SPHK1, ABHD12, ADRA2A, GPCPD1, PLCH1, PLPP2",False
C2_core,GO_BP,GOBP_PROTEIN_LOCALIZATION_TO_NUCLEUS,Protein localization to nucleus,13,286,806,0.0161,0.0193,0.834,0.787635468282386,0.9230902534246707,"LATS2, PTGS2, ZC3H12A, PRICKLE1, NUAK2, FLNA, WWTR1, SOX9, PYGO1, LMNA, ANGPT1, PIN1, HYAL2",False
C2_core,GO_BP,GOBP_PROTEIN_DEPHOSPHORYLATION,Protein dephosphorylation,8,184,806,0.0099,0.0124,0.798,0.7912224592377248,0.9237947713931501,"PPP1R15A, PTPN14, ADORA1, NCK2, PPP2R1A, DUSP22, PTPRN2, PIN1",False
C2_core,GO_BP,GOBP_ANDROGEN_METABOLIC_PROCESS,Androgen metabolic process,1,28,806,0.0012,0.0019,0.656,0.7919728365827726,0.9237947713931501,CHST10,False
C2_core,GO_BP,GOBP_PHOTOTRANSDUCTION,Phototransduction,1,28,806,0.0012,0.0019,0.656,0.7919728365827726,0.9237947713931501,PLEKHB1,False
C2_core,GO_BP,GOBP_LONG_TERM_SYNAPTIC_DEPRESSION,Long term synaptic depression,1,28,806,0.0012,0.0019,0.656,0.7919728365827726,0.9237947713931501,ADORA1,False
C2_core,GO_BP,GOBP_PEPTIDYL_TYROSINE_DEPHOSPHORYLATION,Peptidyl tyrosine dephosphorylation,1,28,806,0.0012,0.0019,0.656,0.7919728365827726,0.9237947713931501,DUSP22,False
C2_core,GO_BP,GOBP_FOLIC_ACID_CONTAINING_COMPOUND_METABOLIC_PROCESS,Folic acid containing compound metabolic process,1,28,806,0.0012,0.0019,0.656,0.7919728365827726,0.9237947713931501,MTHFD2,False
C2_core,GO_BP,GOBP_MITOTIC_G1_S_TRANSITION_CHECKPOINT_SIGNALING,Mitotic g1 s transition checkpoint signaling,1,28,806,0.0012,0.0019,0.656,0.7919728365827726,0.9237947713931501,PLK3,False
C2_core,GO_BP,GOBP_MITOTIC_CYTOKINETIC_PROCESS,Mitotic cytokinetic process,1,28,806,0.0012,0.0019,0.656,0.7919728365827726,0.9237947713931501,CHMP4B,False
C2_core,GO_BP,GOBP_PHOSPHATIDYLGLYCEROL_METABOLIC_PROCESS,Phosphatidylglycerol metabolic process,1,28,806,0.0012,0.0019,0.656,0.7919728365827726,0.9237947713931501,LPCAT1,False
C2_core,GO_BP,GOBP_PRESYNAPTIC_MODULATION_OF_CHEMICAL_SYNAPTIC_TRANSMISSION,Presynaptic modulation of chemical synaptic transmission,1,28,806,0.0012,0.0019,0.656,0.7919728365827726,0.9237947713931501,ADRA2A,False
C2_core,GO_BP,GOBP_REGULATION_OF_FATTY_ACID_TRANSPORT,Regulation of fatty acid transport,1,28,806,0.0012,0.0019,0.656,0.7919728365827726,0.9237947713931501,THBS1,False
C2_core,GO_BP,GOBP_CHAPERONE_COFACTOR_DEPENDENT_PROTEIN_REFOLDING,Chaperone cofactor dependent protein refolding,1,28,806,0.0012,0.0019,0.656,0.7919728365827726,0.9237947713931501,HSPA2,False
C2_core,GO_BP,GOBP_NEGATIVE_REGULATION_OF_DNA_BIOSYNTHETIC_PROCESS,Negative regulation of dna biosynthetic process,1,28,806,0.0012,0.0019,0.656,0.7919728365827726,0.9237947713931501,ANKRD1,False
C2_core,GO_BP,GOBP_TOLL_LIKE_RECEPTOR_3_SIGNALING_PATHWAY,Toll like receptor 3 signaling pathway,1,28,806,0.0012,0.0019,0.656,0.7919728365827726,0.9237947713931501,TNIP2,False
C2_core,GO_BP,GOBP_L_GLUTAMATE_TRANSMEMBRANE_TRANSPORT,L glutamate transmembrane transport,1,28,806,0.0012,0.0019,0.656,0.7919728365827726,0.9237947713931501,PRAF2,False
C2_core,GO_BP,GOBP_RNA_POLYMERASE_II_PREINITIATION_COMPLEX_ASSEMBLY,Rna polymerase ii preinitiation complex assembly,2,53,806,0.0025,0.0036,0.693,0.7923813689701077,0.9237947713931501,"WNT10B, TAF4B",False
C2_core,GO_BP,GOBP_POLYOL_BIOSYNTHETIC_PROCESS,Polyol biosynthetic process,2,53,806,0.0025,0.0036,0.693,0.7923813689701077,0.9237947713931501,"ISYNA1, SPHK1",False
C2_core,GO_BP,GOBP_RESPONSE_TO_ETHANOL,Response to ethanol,4,99,806,0.005,0.0067,0.742,0.7948284149761891,0.9260777565635856,"FOSB, CLDN5, RGS4, FOS",False
C2_core,GO_BP,GOBP_AMINE_METABOLIC_PROCESS,Amine metabolic process,4,99,806,0.005,0.0067,0.742,0.7948284149761891,0.9260777565635856,"EDNRA, HAND2, MOXD1, TGFB2",False
C2_core,GO_BP,GOBP_REGULATION_OF_CATION_CHANNEL_ACTIVITY,Regulation of cation channel activity,3,77,806,0.0037,0.0052,0.715,0.7979565767573542,0.9285569483548249,"EDNRA, HOMER1, CACNA2D1",False
C2_core,GO_BP,GOBP_REGULATION_OF_TRANSLATIONAL_INITIATION,Regulation of translational initiation,3,77,806,0.0037,0.0052,0.715,0.7979565767573542,0.9285569483548249,"HABP4, PPP1R15A, NCK2",False
C2_core,GO_BP,GOBP_REGULATION_OF_DNA_TEMPLATED_TRANSCRIPTION_INITIATION,Regulation of dna templated transcription initiation,3,77,806,0.0037,0.0052,0.715,0.7979565767573542,0.9285569483548249,"WNT10B, TAF4B, MYC",False
C2_core,GO_BP,GOBP_REGULATION_OF_CYTOKINESIS,Regulation of cytokinesis,3,77,806,0.0037,0.0052,0.715,0.7979565767573542,0.9285569483548249,"MAP9, PIN1, PLK3",False
C2_core,GO_BP,GOBP_DEPHOSPHORYLATION,Dephosphorylation,11,248,806,0.0136,0.0168,0.814,0.7993058354754918,0.9285569483548249,"SGPP2, PPP1R15A, PTPN14, ADORA1, NCK2, PPP2R1A, PIP4P2, DUSP22, PTPRN2, PIN1, PLPP2",False
C2_core,GO_BP,GOBP_PHOSPHOLIPID_METABOLIC_PROCESS,Phospholipid metabolic process,16,350,806,0.0199,0.0237,0.839,0.8000371664637767,0.9285569483548249,"ISYNA1, ENPP2, LPCAT1, SOCS1, PIP4P2, SOCS3, OSBPL5, PLCB4, MBOAT2, ABHD12, SLC44A3, GATA6, PLCH1, GPCPD1, PLPP2, PDGFA",False
C2_core,GO_BP,GOBP_ATP_METABOLIC_PROCESS,Atp metabolic process,8,186,806,0.0099,0.0126,0.789,0.80083632371109,0.9285569483548249,"MYH4, PFKP, TSPO, UCHL1, HKDC1, ALDOA, AK1, IER3",False
C2_core,GO_BP,GOBP_REGULATION_OF_CARBOHYDRATE_CATABOLIC_PROCESS,Regulation of carbohydrate catabolic process,2,54,806,0.0025,0.0037,0.68,0.8009303743519617,0.9285569483548249,"UCHL1, IER3",False
C2_core,GO_BP,GOBP_REGULATION_OF_MEIOTIC_CELL_CYCLE,Regulation of meiotic cell cycle,2,54,806,0.0025,0.0037,0.68,0.8009303743519617,0.9285569483548249,"PDE3A, LIF",False
C2_core,GO_BP,GOBP_ESTABLISHMENT_OR_MAINTENANCE_OF_BIPOLAR_CELL_POLARITY,Establishment or maintenance of bipolar cell polarity,2,54,806,0.0025,0.0037,0.68,0.8009303743519617,0.9285569483548249,"EZR, DLG3",False
C2_core,GO_BP,GOBP_GLYCOSPHINGOLIPID_METABOLIC_PROCESS,Glycosphingolipid metabolic process,2,54,806,0.0025,0.0037,0.68,0.8009303743519617,0.9285569483548249,"ITGB8, KIT",False
C2_core,GO_BP,GOBP_VESICLE_DOCKING,Vesicle docking,2,54,806,0.0025,0.0037,0.68,0.8009303743519617,0.9285569483548249,"STX1A, SNPH",False
C2_core,GO_BP,GOBP_NEURAL_NUCLEUS_DEVELOPMENT,Neural nucleus development,2,54,806,0.0025,0.0037,0.68,0.8009303743519617,0.9285569483548249,"BCL2, CKB",False
C2_core,GO_BP,GOBP_ALCOHOL_BIOSYNTHETIC_PROCESS,Alcohol biosynthetic process,5,122,806,0.0062,0.0082,0.752,0.8012100684262099,0.9285569483548249,"ISYNA1, DKK3, SPHK1, GFI1, MOXD1",False
C2_core,GO_BP,GOBP_POSITIVE_REGULATION_OF_ATP_METABOLIC_PROCESS,Positive regulation of atp metabolic process,1,29,806,0.0012,0.002,0.633,0.8033279695716854,0.9285569483548249,UCHL1,False
C2_core,GO_BP,GOBP_AMINOGLYCAN_CATABOLIC_PROCESS,Aminoglycan catabolic process,1,29,806,0.0012,0.002,0.633,0.8033279695716854,0.9285569483548249,HYAL2,False
C2_core,GO_BP,GOBP_POSITIVE_REGULATION_OF_GLUCOSE_IMPORT,Positive regulation of glucose import,1,29,806,0.0012,0.002,0.633,0.8033279695716854,0.9285569483548249,GPC3,False
C2_core,GO_BP,GOBP_CEREBRAL_CORTEX_RADIALLY_ORIENTED_CELL_MIGRATION,Cerebral cortex radially oriented cell migration,1,29,806,0.0012,0.002,0.633,0.8033279695716854,0.9285569483548249,ZMIZ1,False
C2_core,GO_BP,GOBP_GLYCOSYL_COMPOUND_CATABOLIC_PROCESS,Glycosyl compound catabolic process,1,29,806,0.0012,0.002,0.633,0.8033279695716854,0.9285569483548249,APOBEC3H,False
C2_core,GO_BP,GOBP_VACUOLAR_ACIDIFICATION,Vacuolar acidification,1,29,806,0.0012,0.002,0.633,0.8033279695716854,0.9285569483548249,ATP6V0B,False
C2_core,GO_BP,GOBP_INNER_EAR_RECEPTOR_CELL_STEREOCILIUM_ORGANIZATION,Inner ear receptor cell stereocilium organization,1,29,806,0.0012,0.002,0.633,0.8033279695716854,0.9285569483548249,USH1C,False
C2_core,GO_BP,GOBP_PHOSPHATIDYLINOSITOL_DEPHOSPHORYLATION,Phosphatidylinositol dephosphorylation,1,29,806,0.0012,0.002,0.633,0.8033279695716854,0.9285569483548249,PIP4P2,False
C2_core,GO_BP,GOBP_REGULATION_OF_TYPE_2_IMMUNE_RESPONSE,Regulation of type 2 immune response,1,29,806,0.0012,0.002,0.633,0.8033279695716854,0.9285569483548249,ANXA1,False
C2_core,GO_BP,GOBP_EPIGENETIC_PROGRAMMING_OF_GENE_EXPRESSION,Epigenetic programming of gene expression,1,29,806,0.0012,0.002,0.633,0.8033279695716854,0.9285569483548249,NDN,False
C2_core,GO_BP,GOBP_RETINOIC_ACID_RECEPTOR_SIGNALING_PATHWAY,Retinoic acid receptor signaling pathway,1,29,806,0.0012,0.002,0.633,0.8033279695716854,0.9285569483548249,KLF2,False
C2_core,GO_BP,GOBP_REGULATION_OF_AEROBIC_RESPIRATION,Regulation of aerobic respiration,1,29,806,0.0012,0.002,0.633,0.8033279695716854,0.9285569483548249,COX7A1,False
C2_core,GO_BP,GOBP_REGULATION_OF_CALCIUM_MEDIATED_SIGNALING,Regulation of calcium mediated signaling,3,78,806,0.0037,0.0053,0.706,0.8050467253936564,0.9296927895509186,"LMCD1, FHL2, TRAT1",False
C2_core,GO_BP,GOBP_NUCLEOSOME_ORGANIZATION,Nucleosome organization,3,78,806,0.0037,0.0053,0.706,0.8050467253936564,0.9296927895509186,"NAP1L1, SMARCD3, SOX9",False
C2_core,GO_BP,GOBP_REGULATION_OF_NUCLEOTIDE_METABOLIC_PROCESS,Regulation of nucleotide metabolic process,3,78,806,0.0037,0.0053,0.706,0.8050467253936564,0.9296927895509186,"UCHL1, IER3, TSPO",False
C2_core,GO_BP,GOBP_PROTON_TRANSMEMBRANE_TRANSPORT,Proton transmembrane transport,5,123,806,0.0062,0.0083,0.746,0.806892274659246,0.9315401671797328,"STING1, COX7A1, FXYD2, ATP6V0B, TESC",False
C2_core,GO_BP,GOBP_PROTEIN_MODIFICATION_BY_SMALL_PROTEIN_REMOVAL,Protein modification by small protein removal,4,101,806,0.005,0.0068,0.727,0.8074407087911488,0.9318893833718133,"UCHL1, ZC3H12A, USP11, JOSD1",False
C2_core,GO_BP,GOBP_POSITIVE_REGULATION_OF_AUTOPHAGY,Positive regulation of autophagy,6,145,806,0.0074,0.0098,0.76,0.8084411454209999,0.9327598964677737,"STING1, GPSM1, PLK3, HSPB8, ZC3H12A, PIM2",False
C2_core,GO_BP,GOBP_INTERFERON_BETA_PRODUCTION,Interferon beta production,2,55,806,0.0025,0.0037,0.667,0.8091655740474155,0.9333115251341423,"PYCARD, STING1",False
C2_core,GO_BP,GOBP_REGULATION_OF_FATTY_ACID_METABOLIC_PROCESS,Regulation of fatty acid metabolic process,3,79,806,0.0037,0.0053,0.697,0.8119263914232877,0.9346934966424415,"GDF15, PTGS2, SOX9",False
C2_core,GO_BP,GOBP_POSITIVE_REGULATION_OF_LIPID_BIOSYNTHETIC_PROCESS,Positive regulation of lipid biosynthetic process,3,79,806,0.0037,0.0053,0.697,0.8119263914232877,0.9346934966424415,"CCN1, CCDC3, PTGS2",False
C2_core,GO_BP,GOBP_TYPE_II_INTERFERON_PRODUCTION,Type ii interferon production,4,102,806,0.005,0.0069,0.72,0.8135063002345244,0.9346934966424415,"VSIR, PYCARD, FOXP3, ZC3H12A",False
C2_core,GO_BP,GOBP_NEGATIVE_REGULATION_OF_DEPHOSPHORYLATION,Negative regulation of dephosphorylation,1,30,806,0.0012,0.002,0.612,0.814064011327542,0.9346934966424415,PPP1R15A,False
C2_core,GO_BP,GOBP_MULTIVESICULAR_BODY_ORGANIZATION,Multivesicular body organization,1,30,806,0.0012,0.002,0.612,0.814064011327542,0.9346934966424415,CHMP4B,False
C2_core,GO_BP,GOBP_RELEASE_OF_SEQUESTERED_CALCIUM_ION_INTO_CYTOSOL_BY_ENDOPLASMIC_RETICULUM,Release of sequestered calcium ion into cytosol by endoplasmic reticulum,1,30,806,0.0012,0.002,0.612,0.814064011327542,0.9346934966424415,CACNA1C,False
C2_core,GO_BP,GOBP_AXONEMAL_DYNEIN_COMPLEX_ASSEMBLY,Axonemal dynein complex assembly,1,30,806,0.0012,0.002,0.612,0.814064011327542,0.9346934966424415,DNAH5,False
C2_core,GO_BP,GOBP_CELLULAR_RESPONSE_TO_ANGIOTENSIN,Cellular response to angiotensin,1,30,806,0.0012,0.002,0.612,0.814064011327542,0.9346934966424415,AGTRAP,False
C2_core,GO_BP,GOBP_NEGATIVE_REGULATION_OF_LYMPHOCYTE_APOPTOTIC_PROCESS,Negative regulation of lymphocyte apoptotic process,1,30,806,0.0012,0.002,0.612,0.814064011327542,0.9346934966424415,BCL2,False
C2_core,GO_BP,GOBP_REGULATION_OF_POLYSACCHARIDE_BIOSYNTHETIC_PROCESS,Regulation of polysaccharide biosynthetic process,1,30,806,0.0012,0.002,0.612,0.814064011327542,0.9346934966424415,HAS2,False
C2_core,GO_BP,GOBP_POSITIVE_REGULATION_OF_OXIDOREDUCTASE_ACTIVITY,Positive regulation of oxidoreductase activity,1,30,806,0.0012,0.002,0.612,0.814064011327542,0.9346934966424415,VDR,False
C2_core,GO_BP,GOBP_REGULATION_OF_INTRACELLULAR_ESTROGEN_RECEPTOR_SIGNALING_PATHWAY,Regulation of intracellular estrogen receptor signaling pathway,1,30,806,0.0012,0.002,0.612,0.814064011327542,0.9346934966424415,LBH,False
C2_core,GO_BP,GOBP_PYRIMIDINE_NUCLEOTIDE_BIOSYNTHETIC_PROCESS,Pyrimidine nucleotide biosynthetic process,1,30,806,0.0012,0.002,0.612,0.814064011327542,0.9346934966424415,SLC4A7,False
C2_core,GO_BP,GOBP_MITOCHONDRIAL_FUSION,Mitochondrial fusion,1,30,806,0.0012,0.002,0.612,0.814064011327542,0.9346934966424415,MCL1,False
C2_core,GO_BP,GOBP_REGULATION_OF_ENDOPLASMIC_RETICULUM_STRESS_INDUCED_INTRINSIC_APOPTOTIC_SIGNALING_PATHWAY,Regulation of endoplasmic reticulum stress induced intrinsic apoptotic signaling pathway,1,30,806,0.0012,0.002,0.612,0.814064011327542,0.9346934966424415,NCK2,False
C2_core,GO_BP,GOBP_NUCLEOSIDE_TRIPHOSPHATE_METABOLIC_PROCESS,Nucleoside triphosphate metabolic process,10,231,806,0.0124,0.0156,0.795,0.8145741979455947,0.9349959515346435,"MYH4, PFKP, GUK1, TSPO, UCHL1, HKDC1, DGUOK, AK1, ALDOA, IER3",False
C2_core,GO_BP,GOBP_REGULATION_OF_B_CELL_MEDIATED_IMMUNITY,Regulation of b cell mediated immunity,2,56,806,0.0025,0.0038,0.656,0.8170957353058906,0.9370386625526694,"CLCF1, FOXP3",False
C2_core,GO_BP,GOBP_EMBRYONIC_PATTERN_SPECIFICATION,Embryonic pattern specification,2,56,806,0.0025,0.0038,0.656,0.8170957353058906,0.9370386625526694,"DLL1, NRARP",False
C2_core,GO_BP,GOBP_REGULATION_OF_LIPID_CATABOLIC_PROCESS,Regulation of lipid catabolic process,2,56,806,0.0025,0.0038,0.656,0.8170957353058906,0.9370386625526694,"ADORA1, ADRA2A",False
C2_core,GO_BP,GOBP_REGULATION_OF_NUCLEAR_DIVISION,Regulation of nuclear division,5,125,806,0.0062,0.0084,0.734,0.8178691627906213,0.9376418329239528,"SPHK1, RGCC, LIF, PIN1, PDE3A",False
C2_core,GO_BP,GOBP_NEGATIVE_REGULATION_OF_POST_TRANSLATIONAL_PROTEIN_MODIFICATION,Negative regulation of post translational protein modification,3,80,806,0.0037,0.0054,0.688,0.8185995742701346,0.937911638013166,"SOX4, ADGRB1, TSPO",False
C2_core,GO_BP,GOBP_ACTIVATION_OF_GTPASE_ACTIVITY,Activation of gtpase activity,3,80,806,0.0037,0.0054,0.688,0.8185995742701346,0.937911638013166,"TAX1BP3, SYDE1, EPHA2",False
C2_core,GO_BP,GOBP_GLYCEROLIPID_METABOLIC_PROCESS,Glycerolipid metabolic process,16,356,806,0.0199,0.0241,0.825,0.8203519503271071,0.9396251515013956,"TNXB, ENPP2, LPCAT1, SOCS1, DAGLA, PIP4P2, LYPLA2, SOCS3, OSBPL5, PLCB4, MBOAT2, ABHD12, SLC44A3, GPCPD1, PLCH1, PDGFA",False
C2_core,GO_BP,GOBP_MEIOTIC_CELL_CYCLE_PROCESS,Meiotic cell cycle process,7,169,806,0.0087,0.0114,0.76,0.8205910863864128,0.9396251515013956,"PPP2R1A, HFM1, MYH9, HSPA2, EDNRA, PDE3A, LIF",False
C2_core,GO_BP,GOBP_PHOSPHATIDYLINOSITOL_METABOLIC_PROCESS,Phosphatidylinositol metabolic process,6,148,806,0.0074,0.01,0.744,0.8234774092085428,0.9402079810409086,"SOCS1, PIP4P2, SOCS3, PLCB4, PLCH1, PDGFA",False
C2_core,GO_BP,GOBP_NEGATIVE_REGULATION_OF_CELL_CYCLE_PROCESS,Negative regulation of cell cycle process,12,275,806,0.0149,0.0186,0.801,0.8239437885451815,0.9402079810409086,"GJC2, CCL2, SUSD2, KLF4, DACT1, IER3, MIIP, RGCC, PLK3, LIF, BRSK1, BCL2",False
C2_core,GO_BP,GOBP_INTRACELLULAR_ZINC_ION_HOMEOSTASIS,Intracellular zinc ion homeostasis,1,31,806,0.0012,0.0021,0.592,0.8242146755696174,0.9402079810409086,SLC39A13,False
C2_core,GO_BP,GOBP_LIVER_REGENERATION,Liver regeneration,1,31,806,0.0012,0.0021,0.592,0.8242146755696174,0.9402079810409086,GLI1,False
C2_core,GO_BP,GOBP_EMBRYONIC_CAMERA_TYPE_EYE_DEVELOPMENT,Embryonic camera type eye development,1,31,806,0.0012,0.0021,0.592,0.8242146755696174,0.9402079810409086,NES,False
C2_core,GO_BP,GOBP_NEGATIVE_REGULATION_OF_INTRACELLULAR_PROTEIN_TRANSPORT,Negative regulation of intracellular protein transport,1,31,806,0.0012,0.0021,0.592,0.8242146755696174,0.9402079810409086,ANGPT1,False
C2_core,GO_BP,GOBP_CELLULAR_RESPONSE_TO_CADMIUM_ION,Cellular response to cadmium ion,1,31,806,0.0012,0.0021,0.592,0.8242146755696174,0.9402079810409086,FOS,False
C2_core,GO_BP,GOBP_SARCOPLASMIC_RETICULUM_CALCIUM_ION_TRANSPORT,Sarcoplasmic reticulum calcium ion transport,1,31,806,0.0012,0.0021,0.592,0.8242146755696174,0.9402079810409086,CACNA1C,False
C2_core,GO_BP,GOBP_CELLULAR_METABOLIC_COMPOUND_SALVAGE,Cellular metabolic compound salvage,1,31,806,0.0012,0.0021,0.592,0.8242146755696174,0.9402079810409086,DGUOK,False
C2_core,GO_BP,GOBP_EMBRYONIC_AXIS_SPECIFICATION,Embryonic axis specification,1,31,806,0.0012,0.0021,0.592,0.8242146755696174,0.9402079810409086,NRARP,False
C2_core,GO_BP,GOBP_NUCLEUS_LOCALIZATION,Nucleus localization,1,31,806,0.0012,0.0021,0.592,0.8242146755696174,0.9402079810409086,LMNA,False
C2_core,GO_BP,GOBP_NEUROTRANSMITTER_REUPTAKE,Neurotransmitter reuptake,1,31,806,0.0012,0.0021,0.592,0.8242146755696174,0.9402079810409086,SLC6A11,False
C2_core,GO_BP,GOBP_NUCLEAR_TRANSCRIBED_MRNA_CATABOLIC_PROCESS_DEADENYLATION_DEPENDENT_DECAY,Nuclear transcribed mrna catabolic process deadenylation dependent decay,2,57,806,0.0025,0.0039,0.644,0.8247296026748852,0.9402079810409086,"ZFP36, BTG2",False
C2_core,GO_BP,GOBP_RIBONUCLEOSIDE_MONOPHOSPHATE_METABOLIC_PROCESS,Ribonucleoside monophosphate metabolic process,2,57,806,0.0025,0.0039,0.644,0.8247296026748852,0.9402079810409086,"AK1, GUK1",False
C2_core,GO_BP,GOBP_RESPONSE_TO_ALKALOID,Response to alkaloid,3,81,806,0.0037,0.0055,0.68,0.8250703449356087,0.9402079810409086,"FOSB, HOMER1, RGS4",False
C2_core,GO_BP,GOBP_LONG_TERM_SYNAPTIC_POTENTIATION,Long term synaptic potentiation,3,81,806,0.0037,0.0055,0.68,0.8250703449356087,0.9402079810409086,"MPP2, ADORA1, NFATC4",False
C2_core,GO_BP,GOBP_REGULATION_OF_CELLULAR_CATABOLIC_PROCESS,Regulation of cellular catabolic process,19,420,806,0.0236,0.0284,0.83,0.8300163632469058,0.944488212326141,"TIMP2, TSPO, UCHL1, HSPB8, TIMP4, BCL2, STING1, MCL1, GPSM1, PYCARD, TIMP1, CHMP4B, ATP6V0B, OSBPL7, TSPAN15, ADRA2A, PLK3, ZC3H12A, PIM2",False
C2_core,GO_BP,GOBP_MYELOID_CELL_DEVELOPMENT,Myeloid cell development,3,82,806,0.0037,0.0055,0.672,0.8313428328125108,0.944488212326141,"KLF2, FLNA, KIT",False
C2_core,GO_BP,GOBP_STEROL_HOMEOSTASIS,Sterol homeostasis,3,82,806,0.0037,0.0055,0.672,0.8313428328125108,0.944488212326141,"ACSM1, GRAMD1B, TSPO",False
C2_core,GO_BP,GOBP_MEMBRANE_DOCKING,Membrane docking,3,82,806,0.0037,0.0055,0.672,0.8313428328125108,0.944488212326141,"STX1A, EZR, SNPH",False
C2_core,GO_BP,GOBP_MICROTUBULE_BASED_TRANSPORT,Microtubule based transport,8,193,806,0.0099,0.013,0.761,0.8318638357510648,0.944488212326141,"CDR2L, KIF5C, MAP1A, UCHL1, MAP1B, CLIP3, DNAH5, TUBA1A",False
C2_core,GO_BP,GOBP_SPLEEN_DEVELOPMENT,Spleen development,1,32,806,0.0012,0.0022,0.574,0.8338118422356668,0.944488212326141,BCL2,False
C2_core,GO_BP,GOBP_REGULATION_OF_DIGESTIVE_SYSTEM_PROCESS,Regulation of digestive system process,1,32,806,0.0012,0.0022,0.574,0.8338118422356668,0.944488212326141,AQP1,False
C2_core,GO_BP,GOBP_POSITIVE_REGULATION_OF_NUCLEOTIDE_METABOLIC_PROCESS,Positive regulation of nucleotide metabolic process,1,32,806,0.0012,0.0022,0.574,0.8338118422356668,0.944488212326141,UCHL1,False
C2_core,GO_BP,GOBP_REGULATION_OF_CHROMATIN_ORGANIZATION,Regulation of chromatin organization,1,32,806,0.0012,0.0022,0.574,0.8338118422356668,0.944488212326141,MLLT3,False
C2_core,GO_BP,GOBP_VERY_LONG_CHAIN_FATTY_ACID_METABOLIC_PROCESS,Very long chain fatty acid metabolic process,1,32,806,0.0012,0.0022,0.574,0.8338118422356668,0.944488212326141,ELOVL7,False
C2_core,GO_BP,GOBP_VIRION_ASSEMBLY,Virion assembly,1,32,806,0.0012,0.0022,0.574,0.8338118422356668,0.944488212326141,CHMP4B,False
C2_core,GO_BP,GOBP_POSITIVE_REGULATION_OF_MITOCHONDRIAL_MEMBRANE_PERMEABILITY,Positive regulation of mitochondrial membrane permeability,1,32,806,0.0012,0.0022,0.574,0.8338118422356668,0.944488212326141,IER3,False
C2_core,GO_BP,GOBP_POSITIVE_REGULATION_OF_TRANSCRIPTION_BY_RNA_POLYMERASE_I,Positive regulation of transcription by rna polymerase i,1,32,806,0.0012,0.0022,0.574,0.8338118422356668,0.944488212326141,RASL11A,False
C2_core,GO_BP,GOBP_TETRAPYRROLE_BIOSYNTHETIC_PROCESS,Tetrapyrrole biosynthetic process,1,32,806,0.0012,0.0022,0.574,0.8338118422356668,0.944488212326141,TSPO,False
C2_core,GO_BP,GOBP_FEMALE_MEIOTIC_NUCLEAR_DIVISION,Female meiotic nuclear division,1,32,806,0.0012,0.0022,0.574,0.8338118422356668,0.944488212326141,PPP2R1A,False
C2_core,GO_BP,GOBP_COMPLEMENT_ACTIVATION_CLASSICAL_PATHWAY,Complement activation classical pathway,1,32,806,0.0012,0.0022,0.574,0.8338118422356668,0.944488212326141,C7,False
C2_core,GO_BP,GOBP_ALCOHOL_CATABOLIC_PROCESS,Alcohol catabolic process,1,32,806,0.0012,0.0022,0.574,0.8338118422356668,0.944488212326141,SULT1C4,False
C2_core,GO_BP,GOBP_REGULATION_OF_B_CELL_DIFFERENTIATION,Regulation of b cell differentiation,1,32,806,0.0012,0.0022,0.574,0.8338118422356668,0.944488212326141,MMP14,False
C2_core,GO_BP,GOBP_INTERLEUKIN_4_PRODUCTION,Interleukin 4 production,1,32,806,0.0012,0.0022,0.574,0.8338118422356668,0.944488212326141,FOXP3,False
C2_core,GO_BP,GOBP_RESPONSE_TO_INTERLEUKIN_6,Response to interleukin 6,1,32,806,0.0012,0.0022,0.574,0.8338118422356668,0.944488212326141,GFI1,False
C2_core,GO_BP,GOBP_MITOTIC_DNA_INTEGRITY_CHECKPOINT_SIGNALING,Mitotic dna integrity checkpoint signaling,3,83,806,0.0037,0.0056,0.663,0.8374212133676242,0.9471215168402918,"IER3, BRSK1, PLK3",False
C2_core,GO_BP,GOBP_POSITIVE_REGULATION_OF_INTERLEUKIN_6_PRODUCTION,Positive regulation of interleukin 6 production,3,83,806,0.0037,0.0056,0.663,0.8374212133676242,0.9471215168402918,"CYBA, PYCARD, HYAL2",False
C2_core,GO_BP,GOBP_NEGATIVE_REGULATION_OF_MRNA_METABOLIC_PROCESS,Negative regulation of mrna metabolic process,3,83,806,0.0037,0.0056,0.663,0.8374212133676242,0.9471215168402918,"ZFP36, YBX3, TENT5C",False
C2_core,GO_BP,GOBP_PROTEIN_CONTAINING_COMPLEX_LOCALIZATION,Protein containing complex localization,7,173,806,0.0087,0.0117,0.743,0.8383050051895032,0.9471215168402918,"EZR, KIF5C, CLSTN1, DBN1, LPAR1, DLG3, LMNA",False
C2_core,GO_BP,GOBP_REGULATION_OF_MACROAUTOPHAGY,Regulation of macroautophagy,7,173,806,0.0087,0.0117,0.743,0.8383050051895032,0.9471215168402918,"STING1, TSPO, GPSM1, UCHL1, ATP6V0B, HSPB8, PIM2",False
C2_core,GO_BP,GOBP_NUCLEUS_ORGANIZATION,Nucleus organization,5,129,806,0.0062,0.0087,0.711,0.8383158900552057,0.9471215168402918,"CHMP4B, RPS19, PYGO1, HABP4, LMNA",False
C2_core,GO_BP,GOBP_NAD_METABOLIC_PROCESS,Nad metabolic process,2,59,806,0.0025,0.004,0.622,0.8391431818992525,0.9471215168402918,"GPD1L, PFKP",False
C2_core,GO_BP,GOBP_PROTEIN_EXPORT_FROM_NUCLEUS,Protein export from nucleus,2,59,806,0.0025,0.004,0.622,0.8391431818992525,0.9471215168402918,"EGR2, PTPN14",False
C2_core,GO_BP,GOBP_REGULATION_OF_INSULIN_RECEPTOR_SIGNALING_PATHWAY,Regulation of insulin receptor signaling pathway,2,59,806,0.0025,0.004,0.622,0.8391431818992525,0.9471215168402918,"SOCS1, SOCS3",False
C2_core,GO_BP,GOBP_REGULATION_OF_DENDRITE_MORPHOGENESIS,Regulation of dendrite morphogenesis,2,59,806,0.0025,0.004,0.622,0.8391431818992525,0.9471215168402918,"DBN1, NFATC4",False
C2_core,GO_BP,GOBP_POSITIVE_REGULATION_OF_CHEMOKINE_PRODUCTION,Positive regulation of chemokine production,2,59,806,0.0025,0.004,0.622,0.8391431818992525,0.9471215168402918,"PYCARD, EGR1",False
C2_core,GO_BP,GOBP_PHOSPHATIDYLINOSITOL_PHOSPHATE_BIOSYNTHETIC_PROCESS,Phosphatidylinositol phosphate biosynthetic process,2,59,806,0.0025,0.004,0.622,0.8391431818992525,0.9471215168402918,"SOCS1, SOCS3",False
C2_core,GO_BP,GOBP_BRAIN_MORPHOGENESIS,Brain morphogenesis,1,33,806,0.0012,0.0022,0.556,0.8428856571088583,0.9471215168402918,TUBA1A,False
C2_core,GO_BP,GOBP_REGULATION_OF_ACTIN_NUCLEATION,Regulation of actin nucleation,1,33,806,0.0012,0.0022,0.556,0.8428856571088583,0.9471215168402918,GSN,False
C2_core,GO_BP,GOBP_NEGATIVE_REGULATION_OF_SMOOTHENED_SIGNALING_PATHWAY,Negative regulation of smoothened signaling pathway,1,33,806,0.0012,0.0022,0.556,0.8428856571088583,0.9471215168402918,GPC3,False
C2_core,GO_BP,GOBP_ESTROGEN_METABOLIC_PROCESS,Estrogen metabolic process,1,33,806,0.0012,0.0022,0.556,0.8428856571088583,0.9471215168402918,CHST10,False
C2_core,GO_BP,GOBP_G0_TO_G1_TRANSITION,G0 to g1 transition,1,33,806,0.0012,0.0022,0.556,0.8428856571088583,0.9471215168402918,SMARCD3,False
C2_core,GO_BP,GOBP_NEGATIVE_REGULATION_OF_MACROAUTOPHAGY,Negative regulation of macroautophagy,1,33,806,0.0012,0.0022,0.556,0.8428856571088583,0.9471215168402918,TSPO,False
C2_core,GO_BP,GOBP_INTRACELLULAR_STEROL_TRANSPORT,Intracellular sterol transport,1,33,806,0.0012,0.0022,0.556,0.8428856571088583,0.9471215168402918,GRAMD1B,False
C2_core,GO_BP,GOBP_RESPONSE_TO_INTERLEUKIN_4,Response to interleukin 4,1,33,806,0.0012,0.0022,0.556,0.8428856571088583,0.9471215168402918,STAT5A,False
C2_core,GO_BP,GOBP_VESICLE_DOCKING_INVOLVED_IN_EXOCYTOSIS,Vesicle docking involved in exocytosis,1,33,806,0.0012,0.0022,0.556,0.8428856571088583,0.9471215168402918,SNPH,False
C2_core,GO_BP,GOBP_REPRODUCTIVE_BEHAVIOR,Reproductive behavior,1,33,806,0.0012,0.0022,0.556,0.8428856571088583,0.9471215168402918,P2RX1,False
C2_core,GO_BP,GOBP_NEGATIVE_REGULATION_OF_FATTY_ACID_METABOLIC_PROCESS,Negative regulation of fatty acid metabolic process,1,33,806,0.0012,0.0022,0.556,0.8428856571088583,0.9471215168402918,SOX9,False
C2_core,GO_BP,GOBP_REGULATION_OF_RESPONSE_TO_OXIDATIVE_STRESS,Regulation of response to oxidative stress,1,33,806,0.0012,0.0022,0.556,0.8428856571088583,0.9471215168402918,MCTP1,False
C2_core,GO_BP,GOBP_DETERMINATION_OF_ADULT_LIFESPAN,Determination of adult lifespan,1,33,806,0.0012,0.0022,0.556,0.8428856571088583,0.9471215168402918,ATP8A2,False
C2_core,GO_BP,GOBP_FC_GAMMA_RECEPTOR_SIGNALING_PATHWAY,Fc gamma receptor signaling pathway,1,33,806,0.0012,0.0022,0.556,0.8428856571088583,0.9471215168402918,CLEC4D,False
C2_core,GO_BP,GOBP_UBIQUITIN_DEPENDENT_PROTEIN_CATABOLIC_PROCESS_VIA_THE_MULTIVESICULAR_BODY_SORTING_PATHWAY,Ubiquitin dependent protein catabolic process via the multivesicular body sorting pathway,1,33,806,0.0012,0.0022,0.556,0.8428856571088583,0.9471215168402918,CHMP4B,False
C2_core,GO_BP,GOBP_MITOTIC_CYTOKINESIS,Mitotic cytokinesis,3,84,806,0.0037,0.0057,0.656,0.843309696656876,0.9473170591855629,"CHMP4B, MAP9, RHOC",False
C2_core,GO_BP,GOBP_BONE_RESORPTION,Bone resorption,2,60,806,0.0025,0.0041,0.612,0.8459400705223495,0.9499901977502022,"IL20RA, TNFRSF11B",False
C2_core,GO_BP,GOBP_CYTOKINESIS,Cytokinesis,6,153,806,0.0074,0.0103,0.72,0.8464385746854718,0.9502683731802231,"CHMP4B, MYH9, RHOC, PLK3, MAP9, PIN1",False
C2_core,GO_BP,GOBP_VESICLE_ORGANIZATION,Vesicle organization,14,324,806,0.0174,0.0219,0.793,0.8489008678920827,0.9505384295261677,"AQP1, RAB34, CHMP4B, BCL2, CD34, DOC2B, BACE2, SPHK1, SYT11, ATP6V0B, NKD2, PHETA2, ANXA1, STX1A",False
C2_core,GO_BP,GOBP_NEGATIVE_REGULATION_OF_AUTOPHAGY,Negative regulation of autophagy,3,85,806,0.0037,0.0057,0.648,0.8490125166372318,0.9505384295261677,"MCL1, BCL2, TSPO",False
C2_core,GO_BP,GOBP_HORMONE_MEDIATED_SIGNALING_PATHWAY,Hormone mediated signaling pathway,6,154,806,0.0074,0.0104,0.715,0.850726848304114,0.9505384295261677,"LATS2, ZMIZ1, HEYL, LBH, PMEPA1, PDE3A",False
C2_core,GO_BP,GOBP_DEFENSE_RESPONSE_TO_VIRUS,Defense response to virus,11,262,806,0.0136,0.0177,0.771,0.8513590869080616,0.9505384295261677,"STING1, SLFN13, ZC3H12A, CD207, FOXP3, APOBEC3H, ISG20, PYCARD, TRIM15, BCL2, HYAL2",False
C2_core,GO_BP,GOBP_CYTOCHROME_COMPLEX_ASSEMBLY,Cytochrome complex assembly,1,34,806,0.0012,0.0023,0.54,0.8514646260384877,0.9505384295261677,CYBA,False
C2_core,GO_BP,GOBP_REGULATION_OF_PROTEIN_EXPORT_FROM_NUCLEUS,Regulation of protein export from nucleus,1,34,806,0.0012,0.0023,0.54,0.8514646260384877,0.9505384295261677,PTPN14,False
C2_core,GO_BP,GOBP_RNA_5_END_PROCESSING,Rna 5 end processing,1,34,806,0.0012,0.0023,0.54,0.8514646260384877,0.9505384295261677,SNRPB,False
C2_core,GO_BP,GOBP_T_CELL_CYTOKINE_PRODUCTION,T cell cytokine production,1,34,806,0.0012,0.0023,0.54,0.8514646260384877,0.9505384295261677,FOXP3,False
C2_core,GO_BP,GOBP_REGULATION_OF_SYSTEMIC_ARTERIAL_BLOOD_PRESSURE_MEDIATED_BY_A_CHEMICAL_SIGNAL,Regulation of systemic arterial blood pressure mediated by a chemical signal,1,34,806,0.0012,0.0023,0.54,0.8514646260384877,0.9505384295261677,TPM1,False
C2_core,GO_BP,GOBP_PURINE_CONTAINING_COMPOUND_TRANSMEMBRANE_TRANSPORT,Purine containing compound transmembrane transport,1,34,806,0.0012,0.0023,0.54,0.8514646260384877,0.9505384295261677,SLC28A3,False
C2_core,GO_BP,GOBP_PTERIDINE_CONTAINING_COMPOUND_METABOLIC_PROCESS,Pteridine containing compound metabolic process,1,34,806,0.0012,0.0023,0.54,0.8514646260384877,0.9505384295261677,MTHFD2,False
C2_core,GO_BP,GOBP_ANTIGEN_PROCESSING_AND_PRESENTATION_OF_EXOGENOUS_PEPTIDE_ANTIGEN,Antigen processing and presentation of exogenous peptide antigen,1,34,806,0.0012,0.0023,0.54,0.8514646260384877,0.9505384295261677,HLA-DOB,False
C2_core,GO_BP,GOBP_REGULATION_OF_MITOCHONDRIAL_MEMBRANE_PERMEABILITY_INVOLVED_IN_APOPTOTIC_PROCESS,Regulation of mitochondrial membrane permeability involved in apoptotic process,1,34,806,0.0012,0.0023,0.54,0.8514646260384877,0.9505384295261677,IER3,False
C2_core,GO_BP,GOBP_REGULATION_OF_MITOPHAGY,Regulation of mitophagy,1,34,806,0.0012,0.0023,0.54,0.8514646260384877,0.9505384295261677,TSPO,False
C2_core,GO_BP,GOBP_NEGATIVE_REGULATION_OF_PROTEASOMAL_UBIQUITIN_DEPENDENT_PROTEIN_CATABOLIC_PROCESS,Negative regulation of proteasomal ubiquitin dependent protein catabolic process,1,34,806,0.0012,0.0023,0.54,0.8514646260384877,0.9505384295261677,MAP1A,False
C2_core,GO_BP,GOBP_PYROPTOSIS,Pyroptosis,1,34,806,0.0012,0.0023,0.54,0.8514646260384877,0.9505384295261677,PYCARD,False
C2_core,GO_BP,GOBP_DEFENSE_RESPONSE_TO_FUNGUS,Defense response to fungus,1,34,806,0.0012,0.0023,0.54,0.8514646260384877,0.9505384295261677,CLEC4D,False
C2_core,GO_BP,GOBP_REGULATION_OF_CYTOPLASMIC_TRANSLATION,Regulation of cytoplasmic translation,1,34,806,0.0012,0.0023,0.54,0.8514646260384877,0.9505384295261677,YBX3,False
C2_core,GO_BP,GOBP_REGULATION_OF_CHOLESTEROL_METABOLIC_PROCESS,Regulation of cholesterol metabolic process,1,34,806,0.0012,0.0023,0.54,0.8514646260384877,0.9505384295261677,CH25H,False
C2_core,GO_BP,GOBP_POSITIVE_REGULATION_OF_HORMONE_SECRETION,Positive regulation of hormone secretion,4,109,806,0.005,0.0074,0.674,0.8516964814572022,0.9505384295261677,"DOC2B, NLGN2, CASR, SOX4",False
C2_core,GO_BP,GOBP_PURINE_CONTAINING_COMPOUND_CATABOLIC_PROCESS,Purine containing compound catabolic process,5,132,806,0.0062,0.0089,0.695,0.8523845518962021,0.950567308547356,"PFKP, UCHL1, HKDC1, ALDOA, IER3",False
C2_core,GO_BP,GOBP_ANTIGEN_PROCESSING_AND_PRESENTATION_OF_PEPTIDE_ANTIGEN,Antigen processing and presentation of peptide antigen,2,61,806,0.0025,0.0041,0.602,0.8524749840179245,0.950567308547356,"PYCARD, HLA-DOB",False
C2_core,GO_BP,GOBP_CELLULAR_RESPONSE_TO_HEAT,Cellular response to heat,2,61,806,0.0025,0.0041,0.602,0.8524749840179245,0.950567308547356,"THBS1, PTGS2",False
C2_core,GO_BP,GOBP_REGULATION_OF_POST_TRANSLATIONAL_PROTEIN_MODIFICATION,Regulation of post translational protein modification,9,220,806,0.0112,0.0149,0.751,0.853274528107413,0.9511789311559247,"RASD2, PRICKLE1, SOX4, TSPO, SPHK1, EGR1, ADGRB1, ZC3H12A, ANGPT1",False
C2_core,GO_BP,GOBP_CELLULAR_RESPONSE_TO_TYPE_II_INTERFERON,Cellular response to type ii interferon,3,86,806,0.0037,0.0058,0.64,0.8545339212399217,0.9523026551700186,"GSN, VIM, CCL2",False
C2_core,GO_BP,GOBP_PYRIDINE_CONTAINING_COMPOUND_METABOLIC_PROCESS,Pyridine containing compound metabolic process,6,156,806,0.0074,0.0105,0.706,0.8590098655435826,0.9551121239401663,"PFKP, UCHL1, HKDC1, ALDOA, IER3, GPD1L",False
C2_core,GO_BP,GOBP_REGULATION_OF_T_CELL_APOPTOTIC_PROCESS,Regulation of t cell apoptotic process,1,35,806,0.0012,0.0024,0.524,0.8595757040474972,0.9551121239401663,BCL2,False
C2_core,GO_BP,GOBP_DNA_MODIFICATION,Dna modification,1,35,806,0.0012,0.0024,0.524,0.8595757040474972,0.9551121239401663,APOBEC3H,False
C2_core,GO_BP,GOBP_ACYLGLYCEROL_HOMEOSTASIS,Acylglycerol homeostasis,1,35,806,0.0012,0.0024,0.524,0.8595757040474972,0.9551121239401663,ADORA1,False
C2_core,GO_BP,GOBP_ESTABLISHMENT_OF_PROTEIN_LOCALIZATION_TO_ENDOPLASMIC_RETICULUM,Establishment of protein localization to endoplasmic reticulum,1,35,806,0.0012,0.0024,0.524,0.8595757040474972,0.9551121239401663,CHMP4B,False
C2_core,GO_BP,GOBP_REGULATION_OF_CELL_FATE_COMMITMENT,Regulation of cell fate commitment,1,35,806,0.0012,0.0024,0.524,0.8595757040474972,0.9551121239401663,FZD7,False
C2_core,GO_BP,GOBP_BILE_ACID_BIOSYNTHETIC_PROCESS,Bile acid biosynthetic process,1,35,806,0.0012,0.0024,0.524,0.8595757040474972,0.9551121239401663,OSBPL7,False
C2_core,GO_BP,GOBP_POSITIVE_REGULATION_OF_CELL_MORPHOGENESIS,Positive regulation of cell morphogenesis,1,35,806,0.0012,0.0024,0.524,0.8595757040474972,0.9551121239401663,DBN1,False
C2_core,GO_BP,GOBP_MATURATION_OF_SSU_RRNA_FROM_TRICISTRONIC_RRNA_TRANSCRIPT_SSU_RRNA_5_8S_RRNA_LSU_RRNA,Maturation of ssu rrna from tricistronic rrna transcript ssu rrna 5 8s rrna lsu rrna,1,35,806,0.0012,0.0024,0.524,0.8595757040474972,0.9551121239401663,RPS19,False
C2_core,GO_BP,GOBP_PHOSPHATIDIC_ACID_METABOLIC_PROCESS,Phosphatidic acid metabolic process,1,35,806,0.0012,0.0024,0.524,0.8595757040474972,0.9551121239401663,LPCAT1,False
C2_core,GO_BP,GOBP_AMIDE_BIOSYNTHETIC_PROCESS,Amide biosynthetic process,5,134,806,0.0062,0.0091,0.685,0.8611871086992999,0.9566220917213859,"P2RX1, SPHK1, GGT5, CCN1, ELOVL7",False
C2_core,GO_BP,GOBP_ESTABLISHMENT_OF_PROTEIN_LOCALIZATION_TO_MEMBRANE,Establishment of protein localization to membrane,10,244,806,0.0124,0.0165,0.752,0.8620022857407572,0.9572469697162159,"GDI1, CHMP4B, SLC51B, GOLGA7B, NACAD, ADORA1, PKDCC, RILPL2, CLSTN1, RAB34",False
C2_core,GO_BP,GOBP_ANIMAL_ORGAN_REGENERATION,Animal organ regeneration,2,63,806,0.0025,0.0043,0.583,0.8647920671191354,0.9600636221255212,"ANXA3, GLI1",False
C2_core,GO_BP,GOBP_REGULATION_OF_ORGANELLE_ASSEMBLY,Regulation of organelle assembly,9,224,806,0.0112,0.0151,0.737,0.8669366711839283,0.9602539317122659,"DCDC2, CHMP4B, EZR, PPP1R35, GSN, KCTD17, LRFN4, LPAR1, C10orf90",False
C2_core,GO_BP,GOBP_DETECTION_OF_VISIBLE_LIGHT,Detection of visible light,1,36,806,0.0012,0.0024,0.51,0.867244379603952,0.9602539317122659,ATP8A2,False
C2_core,GO_BP,GOBP_DEMETHYLATION,Demethylation,1,36,806,0.0012,0.0024,0.51,0.867244379603952,0.9602539317122659,APOBEC3H,False
C2_core,GO_BP,GOBP_DOPAMINE_TRANSPORT,Dopamine transport,1,36,806,0.0012,0.0024,0.51,0.867244379603952,0.9602539317122659,SYT11,False
C2_core,GO_BP,GOBP_DE_NOVO_PROTEIN_FOLDING,De novo protein folding,1,36,806,0.0012,0.0024,0.51,0.867244379603952,0.9602539317122659,HSPA2,False
C2_core,GO_BP,GOBP_PROTEIN_LOCALIZATION_TO_POSTSYNAPSE,Protein localization to postsynapse,1,36,806,0.0012,0.0024,0.51,0.867244379603952,0.9602539317122659,CLSTN1,False
C2_core,GO_BP,GOBP_GENITALIA_DEVELOPMENT,Genitalia development,1,36,806,0.0012,0.0024,0.51,0.867244379603952,0.9602539317122659,ROR2,False
C2_core,GO_BP,GOBP_REGULATION_OF_POLYSACCHARIDE_METABOLIC_PROCESS,Regulation of polysaccharide metabolic process,1,36,806,0.0012,0.0024,0.51,0.867244379603952,0.9602539317122659,HAS2,False
C2_core,GO_BP,GOBP_POSITIVE_REGULATION_OF_RESPONSE_TO_ENDOPLASMIC_RETICULUM_STRESS,Positive regulation of response to endoplasmic reticulum stress,1,36,806,0.0012,0.0024,0.51,0.867244379603952,0.9602539317122659,NCK2,False
C2_core,GO_BP,GOBP_REGULATION_OF_DENDRITE_DEVELOPMENT,Regulation of dendrite development,3,89,806,0.0037,0.006,0.619,0.8700521433149715,0.9622716997839896,"MARK1, DBN1, NFATC4",False
C2_core,GO_BP,GOBP_POSITIVE_REGULATION_OF_CARBOHYDRATE_METABOLIC_PROCESS,Positive regulation of carbohydrate metabolic process,2,64,806,0.0025,0.0043,0.574,0.8705904953442904,0.9622716997839896,"HAS2, UCHL1",False
C2_core,GO_BP,GOBP_POSITIVE_REGULATION_OF_DNA_TEMPLATED_TRANSCRIPTION_INITIATION,Positive regulation of dna templated transcription initiation,2,64,806,0.0025,0.0043,0.574,0.8705904953442904,0.9622716997839896,"WNT10B, TAF4B",False
C2_core,GO_BP,GOBP_CELLULAR_RESPONSE_TO_IONIZING_RADIATION,Cellular response to ionizing radiation,2,64,806,0.0025,0.0043,0.574,0.8705904953442904,0.9622716997839896,"EGR1, CRYAB",False
C2_core,GO_BP,GOBP_REGULATION_OF_INTRACELLULAR_STEROID_HORMONE_RECEPTOR_SIGNALING_PATHWAY,Regulation of intracellular steroid hormone receptor signaling pathway,2,64,806,0.0025,0.0043,0.574,0.8705904953442904,0.9622716997839896,"HEYL, LBH",False
C2_core,GO_BP,GOBP_RESPONSE_TO_TYPE_I_INTERFERON,Response to type i interferon,2,64,806,0.0025,0.0043,0.574,0.8705904953442904,0.9622716997839896,"CH25H, STING1",False
C2_core,GO_BP,GOBP_NUCLEOSIDE_PHOSPHATE_CATABOLIC_PROCESS,Nucleoside phosphate catabolic process,6,160,806,0.0074,0.0108,0.688,0.8744403296186163,0.963370964482912,"PFKP, ENTPD6, UCHL1, HKDC1, ALDOA, IER3",False
C2_core,GO_BP,GOBP_SPLICEOSOMAL_SNRNP_ASSEMBLY,Spliceosomal snrnp assembly,1,37,806,0.0012,0.0025,0.496,0.8744947543186298,0.963370964482912,SNRPB,False
C2_core,GO_BP,GOBP_FATTY_ACYL_COA_METABOLIC_PROCESS,Fatty acyl coa metabolic process,1,37,806,0.0012,0.0025,0.496,0.8744947543186298,0.963370964482912,ELOVL7,False
C2_core,GO_BP,GOBP_REGULATION_OF_PEPTIDYL_THREONINE_PHOSPHORYLATION,Regulation of peptidyl threonine phosphorylation,1,37,806,0.0012,0.0025,0.496,0.8744947543186298,0.963370964482912,SPHK1,False
C2_core,GO_BP,GOBP_POSITIVE_REGULATION_OF_B_CELL_MEDIATED_IMMUNITY,Positive regulation of b cell mediated immunity,1,37,806,0.0012,0.0025,0.496,0.8744947543186298,0.963370964482912,CLCF1,False
C2_core,GO_BP,GOBP_POSITIVE_REGULATION_OF_RNA_SPLICING,Positive regulation of rna splicing,1,37,806,0.0012,0.0025,0.496,0.8744947543186298,0.963370964482912,HABP4,False
C2_core,GO_BP,GOBP_L_GLUTAMATE_IMPORT,L glutamate import,1,37,806,0.0012,0.0025,0.496,0.8744947543186298,0.963370964482912,PRAF2,False
C2_core,GO_BP,GOBP_POSITIVE_REGULATION_OF_INTERLEUKIN_10_PRODUCTION,Positive regulation of interleukin 10 production,1,37,806,0.0012,0.0025,0.496,0.8744947543186298,0.963370964482912,PYCARD,False
C2_core,GO_BP,GOBP_SYNAPTIC_VESICLE_TRANSPORT,Synaptic vesicle transport,1,37,806,0.0012,0.0025,0.496,0.8744947543186298,0.963370964482912,KIF5C,False
C2_core,GO_BP,GOBP_SUBSTANTIA_NIGRA_DEVELOPMENT,Substantia nigra development,1,37,806,0.0012,0.0025,0.496,0.8744947543186298,0.963370964482912,CKB,False
C2_core,GO_BP,GOBP_REGULATION_OF_PHOSPHOPROTEIN_PHOSPHATASE_ACTIVITY,Regulation of phosphoprotein phosphatase activity,1,37,806,0.0012,0.0025,0.496,0.8744947543186298,0.963370964482912,PPP1R15A,False
C2_core,GO_BP,GOBP_CELLULAR_SENESCENCE,Cellular senescence,3,90,806,0.0037,0.0061,0.612,0.8748903374995249,0.963370964482912,"ZMIZ1, LMNA, PRELP",False
C2_core,GO_BP,GOBP_ENDOSOME_ORGANIZATION,Endosome organization,3,90,806,0.0037,0.0061,0.612,0.8748903374995249,0.963370964482912,"PHETA2, CHMP4B, ATP6V0B",False
C2_core,GO_BP,GOBP_POSITIVE_REGULATION_OF_CELLULAR_CATABOLIC_PROCESS,Positive regulation of cellular catabolic process,8,205,806,0.0099,0.0139,0.716,0.8761073346239052,0.963648226454951,"STING1, GPSM1, UCHL1, ADRA2A, PLK3, HSPB8, ZC3H12A, PIM2",False
C2_core,GO_BP,GOBP_TRANSCRIPTION_PREINITIATION_COMPLEX_ASSEMBLY,Transcription preinitiation complex assembly,2,65,806,0.0025,0.0044,0.565,0.8761594458002919,0.963648226454951,"WNT10B, TAF4B",False
C2_core,GO_BP,GOBP_REGULATION_OF_CELLULAR_RESPONSE_TO_INSULIN_STIMULUS,Regulation of cellular response to insulin stimulus,2,65,806,0.0025,0.0044,0.565,0.8761594458002919,0.963648226454951,"SOCS1, SOCS3",False
C2_core,GO_BP,GOBP_GLUCOSE_IMPORT,Glucose import,2,65,806,0.0025,0.0044,0.565,0.8761594458002919,0.963648226454951,"SLC2A3, GPC3",False
C2_core,GO_BP,GOBP_RESPONSE_TO_NUTRIENT_LEVELS,Response to nutrient levels,18,418,806,0.0223,0.0283,0.79,0.8781343958685467,0.9655401119982366,"IL15RA, SGIP1, A2M, SLC6A19, PTGS2, STC1, ZFP36, CASR, NUAK2, TSPO, ITGA2, MAP1B, GDF15, VDR, ZC3H12A, TNFRSF11B, BCL2, FOS",False
C2_core,GO_BP,GOBP_RESPONSE_TO_TUMOR_CELL,Response to tumor cell,1,38,806,0.0012,0.0026,0.483,0.8813496183166771,0.9664435144443302,KLF4,False
C2_core,GO_BP,GOBP_RRNA_TRANSCRIPTION,Rrna transcription,1,38,806,0.0012,0.0026,0.483,0.8813496183166771,0.9664435144443302,CAVIN1,False
C2_core,GO_BP,GOBP_REGULATION_OF_TYPE_I_INTERFERON_MEDIATED_SIGNALING_PATHWAY,Regulation of type i interferon mediated signaling pathway,1,38,806,0.0012,0.0026,0.483,0.8813496183166771,0.9664435144443302,STING1,False
C2_core,GO_BP,GOBP_EXTRACELLULAR_TRANSPORT,Extracellular transport,1,38,806,0.0012,0.0026,0.483,0.8813496183166771,0.9664435144443302,DNAH5,False
C2_core,GO_BP,GOBP_REGULATION_OF_SYNAPTIC_VESICLE_EXOCYTOSIS,Regulation of synaptic vesicle exocytosis,1,38,806,0.0012,0.0026,0.483,0.8813496183166771,0.9664435144443302,P2RX1,False
C2_core,GO_BP,GOBP_INFLAMMASOME_MEDIATED_SIGNALING_PATHWAY,Inflammasome mediated signaling pathway,1,38,806,0.0012,0.0026,0.483,0.8813496183166771,0.9664435144443302,PYCARD,False
C2_core,GO_BP,GOBP_POSITIVE_REGULATION_OF_INTERFERON_BETA_PRODUCTION,Positive regulation of interferon beta production,1,38,806,0.0012,0.0026,0.483,0.8813496183166771,0.9664435144443302,STING1,False
C2_core,GO_BP,GOBP_GLUTAMINE_FAMILY_AMINO_ACID_METABOLIC_PROCESS,Glutamine family amino acid metabolic process,2,66,806,0.0025,0.0045,0.556,0.8815066735074176,0.9664435144443302,"SLC38A1, GFPT2",False
C2_core,GO_BP,GOBP_PROTEIN_AUTOUBIQUITINATION,Protein autoubiquitination,2,66,806,0.0025,0.0045,0.556,0.8815066735074176,0.9664435144443302,"RNF122, SH3RF3",False
C2_core,GO_BP,GOBP_REGULATION_OF_IMMUNOGLOBULIN_PRODUCTION,Regulation of immunoglobulin production,2,66,806,0.0025,0.0045,0.556,0.8815066735074176,0.9664435144443302,"CLCF1, FOXP3",False
C2_core,GO_BP,GOBP_REGULATION_OF_AUTOPHAGY,Regulation of autophagy,14,336,806,0.0174,0.0227,0.765,0.8819740836977924,0.9666762519904355,"STING1, CHMP4B, OSBPL7, ZC3H12A, MCL1, TSPO, GPSM1, UCHL1, ATP6V0B, PLK3, HSPB8, PYCARD, BCL2, PIM2",False
C2_core,GO_BP,GOBP_NUCLEAR_TRANSCRIBED_MRNA_CATABOLIC_PROCESS,Nuclear transcribed mrna catabolic process,4,116,806,0.005,0.0078,0.633,0.8830445740248674,0.9675696619376004,"PNRC1, ZC3H12A, ZFP36, BTG2",False
C2_core,GO_BP,GOBP_LIPOPROTEIN_BIOSYNTHETIC_PROCESS,Lipoprotein biosynthetic process,3,92,806,0.0037,0.0062,0.599,0.8840900937634871,0.968435202448642,"CLIP3, MBOAT4, GOLGA7B",False
C2_core,GO_BP,GOBP_ORGANOPHOSPHATE_ESTER_TRANSPORT,Organophosphate ester transport,5,140,806,0.0062,0.0095,0.656,0.8849911617712353,0.9691420554772284,"ATP8B2, GLTP, OSBPL5, ATP8A2, ANO9",False
C2_core,GO_BP,GOBP_PYRIMIDINE_CONTAINING_COMPOUND_BIOSYNTHETIC_PROCESS,Pyrimidine containing compound biosynthetic process,1,39,806,0.0012,0.0026,0.471,0.887830521517867,0.9708484404130442,SLC4A7,False
C2_core,GO_BP,GOBP_REGULATION_OF_LONG_TERM_SYNAPTIC_POTENTIATION,Regulation of long term synaptic potentiation,1,39,806,0.0012,0.0026,0.471,0.887830521517867,0.9708484404130442,ADORA1,False
C2_core,GO_BP,GOBP_REGULATION_OF_LEUKOCYTE_DEGRANULATION,Regulation of leukocyte degranulation,1,39,806,0.0012,0.0026,0.471,0.887830521517867,0.9708484404130442,GATA2,False
C2_core,GO_BP,GOBP_MAINTENANCE_OF_PROTEIN_LOCALIZATION_IN_ORGANELLE,Maintenance of protein localization in organelle,1,39,806,0.0012,0.0026,0.471,0.887830521517867,0.9708484404130442,TSPO,False
C2_core,GO_BP,GOBP_MONOSACCHARIDE_CATABOLIC_PROCESS,Monosaccharide catabolic process,1,39,806,0.0012,0.0026,0.471,0.887830521517867,0.9708484404130442,PFKP,False
C2_core,GO_BP,GOBP_REGULATION_OF_MRNA_CATABOLIC_PROCESS,Regulation of mrna catabolic process,6,164,806,0.0074,0.0111,0.672,0.888432577468232,0.9712264962571066,"BTG2, TENT5C, ZFP36, YBX3, VIM, ZC3H12A",False
C2_core,GO_BP,GOBP_REGULATION_OF_GENERATION_OF_PRECURSOR_METABOLITES_AND_ENERGY,Regulation of generation of precursor metabolites and energy,4,118,806,0.005,0.008,0.622,0.890872302314858,0.9729677960914053,"CAVIN3, UCHL1, COX7A1, IER3",False
C2_core,GO_BP,GOBP_POSITIVE_REGULATION_OF_ADAPTIVE_IMMUNE_RESPONSE,Positive regulation of adaptive immune response,4,118,806,0.005,0.008,0.622,0.890872302314858,0.9729677960914053,"CLCF1, PYCARD, FOXP3, NFKBID",False
C2_core,GO_BP,GOBP_CARBOHYDRATE_HOMEOSTASIS,Carbohydrate homeostasis,8,210,806,0.0099,0.0142,0.699,0.8914870937691878,0.9729677960914053,"EFNA5, CASR, SOX4, BACE2, PTPRN2, HKDC1, ADRA2A, RAB11FIP5",False
C2_core,GO_BP,GOBP_CELL_SURFACE_PATTERN_RECOGNITION_RECEPTOR_SIGNALING_PATHWAY,Cell surface pattern recognition receptor signaling pathway,2,68,806,0.0025,0.0046,0.54,0.8915661620557822,0.9729677960914053,"CYBA, TNIP2",False
C2_core,GO_BP,GOBP_EXECUTION_PHASE_OF_APOPTOSIS,Execution phase of apoptosis,2,68,806,0.0025,0.0046,0.54,0.8915661620557822,0.9729677960914053,"ZC3H12A, FAP",False
C2_core,GO_BP,GOBP_RECEPTOR_METABOLIC_PROCESS,Receptor metabolic process,2,68,806,0.0025,0.0046,0.54,0.8915661620557822,0.9729677960914053,"PHETA2, TRAT1",False
C2_core,GO_BP,GOBP_POSITIVE_REGULATION_OF_PROTEIN_UBIQUITINATION,Positive regulation of protein ubiquitination,3,94,806,0.0037,0.0064,0.586,0.8926818946825977,0.9733351321057966,"PRICKLE1, SPHK1, ANGPT1",False
C2_core,GO_BP,GOBP_RETROGRADE_TRANSPORT_ENDOSOME_TO_GOLGI,Retrograde transport endosome to golgi,3,94,806,0.0037,0.0064,0.586,0.8926818946825977,0.9733351321057966,"PHETA2, RAB9B, GOLT1A",False
C2_core,GO_BP,GOBP_CILIUM_ORGANIZATION,Cilium organization,16,383,806,0.0199,0.0259,0.767,0.8932840271731387,0.9733351321057966,"DCDC2, PPP1R35, DNAH5, PRICKLE1, RILPL2, GSN, NEDD9, FLNA, KCTD17, PTPDC1, VANGL2, LPAR1, WWTR1, PKHD1, RAB34, PARVA",False
C2_core,GO_BP,GOBP_NECROPTOTIC_PROCESS,Necroptotic process,1,40,806,0.0012,0.0027,0.459,0.8939578410472875,0.9733351321057966,YBX3,False
C2_core,GO_BP,GOBP_ERYTHROCYTE_DEVELOPMENT,Erythrocyte development,1,40,806,0.0012,0.0027,0.459,0.8939578410472875,0.9733351321057966,KLF2,False
C2_core,GO_BP,GOBP_REGULATION_OF_EXTRINSIC_APOPTOTIC_SIGNALING_PATHWAY_VIA_DEATH_DOMAIN_RECEPTORS,Regulation of extrinsic apoptotic signaling pathway via death domain receptors,1,40,806,0.0012,0.0027,0.459,0.8939578410472875,0.9733351321057966,THBS1,False
C2_core,GO_BP,GOBP_REGULATION_OF_FATTY_ACID_BIOSYNTHETIC_PROCESS,Regulation of fatty acid biosynthetic process,1,40,806,0.0012,0.0027,0.459,0.8939578410472875,0.9733351321057966,PTGS2,False
C2_core,GO_BP,GOBP_NUCLEOSIDE_MONOPHOSPHATE_BIOSYNTHETIC_PROCESS,Nucleoside monophosphate biosynthetic process,1,40,806,0.0012,0.0027,0.459,0.8939578410472875,0.9733351321057966,DGUOK,False
C2_core,GO_BP,GOBP_NATURAL_KILLER_CELL_ACTIVATION,Natural killer cell activation,2,69,806,0.0025,0.0047,0.532,0.8962930993737681,0.9747573345370859,"IL15RA, PRDM1",False
C2_core,GO_BP,GOBP_POSITIVE_REGULATION_OF_TYPE_I_INTERFERON_PRODUCTION,Positive regulation of type i interferon production,2,69,806,0.0025,0.0047,0.532,0.8962930993737681,0.9747573345370859,"STING1, TRIM15",False
C2_core,GO_BP,GOBP_POSITIVE_REGULATION_OF_TOR_SIGNALING,Positive regulation of tor signaling,2,69,806,0.0025,0.0047,0.532,0.8962930993737681,0.9747573345370859,"LAMTOR4, F3",False
C2_core,GO_BP,GOBP_PROTEIN_TRANSMEMBRANE_TRANSPORT,Protein transmembrane transport,2,69,806,0.0025,0.0047,0.532,0.8962930993737681,0.9747573345370859,"EDNRA, MCL1",False
C2_core,GO_BP,GOBP_NEUTRAL_LIPID_METABOLIC_PROCESS,Neutral lipid metabolic process,4,120,806,0.005,0.0081,0.612,0.8982376688134677,0.9762760457196487,"LYPLA2, ABHD12, DAGLA, TNXB",False
C2_core,GO_BP,GOBP_MICROTUBULE_NUCLEATION,Microtubule nucleation,1,41,806,0.0012,0.0028,0.448,0.8997508449862794,0.9762760457196487,HAUS7,False
C2_core,GO_BP,GOBP_REGULATION_OF_AUTOPHAGY_OF_MITOCHONDRION,Regulation of autophagy of mitochondrion,1,41,806,0.0012,0.0028,0.448,0.8997508449862794,0.9762760457196487,TSPO,False
C2_core,GO_BP,GOBP_NEGATIVE_REGULATION_OF_TYPE_I_INTERFERON_PRODUCTION,Negative regulation of type i interferon production,1,41,806,0.0012,0.0028,0.448,0.8997508449862794,0.9762760457196487,PYCARD,False
C2_core,GO_BP,GOBP_SULFUR_COMPOUND_CATABOLIC_PROCESS,Sulfur compound catabolic process,1,41,806,0.0012,0.0028,0.448,0.8997508449862794,0.9762760457196487,GGT5,False
C2_core,GO_BP,GOBP_PROTEIN_METHYLATION,Protein methylation,1,41,806,0.0012,0.0028,0.448,0.8997508449862794,0.9762760457196487,SNRPB,False
C2_core,GO_BP,GOBP_POSITIVE_REGULATION_OF_RECEPTOR_SIGNALING_PATHWAY_VIA_STAT,Positive regulation of receptor signaling pathway via stat,1,41,806,0.0012,0.0028,0.448,0.8997508449862794,0.9762760457196487,KIT,False
C2_core,GO_BP,GOBP_MALE_MEIOTIC_NUCLEAR_DIVISION,Male meiotic nuclear division,1,41,806,0.0012,0.0028,0.448,0.8997508449862794,0.9762760457196487,HSPA2,False
C2_core,GO_BP,GOBP_IMMUNOGLOBULIN_PRODUCTION,Immunoglobulin production,3,96,806,0.0037,0.0065,0.574,0.9006982056157233,0.9766054367134986,"BATF, CLCF1, FOXP3",False
C2_core,GO_BP,GOBP_REGULATION_OF_CELL_KILLING,Regulation of cell killing,3,96,806,0.0037,0.0065,0.574,0.9006982056157233,0.9766054367134986,"CXCL6, TGFB2, SERPINB9",False
C2_core,GO_BP,GOBP_REGULATION_OF_PROTEIN_TARGETING,Regulation of protein targeting,2,70,806,0.0025,0.0047,0.524,0.9008276593596405,0.9766054367134986,"GDI1, SLC51B",False
C2_core,GO_BP,GOBP_VESICLE_MEDIATED_TRANSPORT_TO_THE_PLASMA_MEMBRANE,Vesicle mediated transport to the plasma membrane,5,145,806,0.0062,0.0098,0.633,0.9020723548996923,0.9776751008909994,"ARL4C, PKDCC, OSBPL5, CLSTN1, RAB34",False
C2_core,GO_BP,GOBP_STEROID_METABOLIC_PROCESS,Steroid metabolic process,11,281,806,0.0136,0.019,0.719,0.9043848071439226,0.9785757360446831,"CHST10, OSBPL7, SNAI1, DKK3, CH25H, TSPO, OSBPL5, EGR1, KIT, IGFBP7, GFI1",False
C2_core,GO_BP,GOBP_POSITIVE_REGULATION_OF_MRNA_CATABOLIC_PROCESS,Positive regulation of mrna catabolic process,3,97,806,0.0037,0.0066,0.568,0.9045004800513473,0.9785757360446831,"ZC3H12A, ZFP36, BTG2",False
C2_core,GO_BP,GOBP_LYTIC_VACUOLE_ORGANIZATION,Lytic vacuole organization,3,97,806,0.0037,0.0066,0.568,0.9045004800513473,0.9785757360446831,"CHMP4B, RAB34, ATP6V0B",False
C2_core,GO_BP,GOBP_CARBOHYDRATE_CATABOLIC_PROCESS,Carbohydrate catabolic process,5,146,806,0.0062,0.0099,0.629,0.9052110606348427,0.9785757360446831,"PFKP, UCHL1, HKDC1, ALDOA, IER3",False
C2_core,GO_BP,GOBP_MEMBRANE_FISSION,Membrane fission,1,42,806,0.0012,0.0028,0.437,0.9052277526620781,0.9785757360446831,CHMP4B,False
C2_core,GO_BP,GOBP_REGULATION_OF_CELLULAR_RESPIRATION,Regulation of cellular respiration,1,42,806,0.0012,0.0028,0.437,0.9052277526620781,0.9785757360446831,COX7A1,False
C2_core,GO_BP,GOBP_REGULATION_OF_DENDRITIC_SPINE_MORPHOGENESIS,Regulation of dendritic spine morphogenesis,1,42,806,0.0012,0.0028,0.437,0.9052277526620781,0.9785757360446831,DBN1,False
C2_core,GO_BP,GOBP_ANTIGEN_PROCESSING_AND_PRESENTATION_OF_EXOGENOUS_ANTIGEN,Antigen processing and presentation of exogenous antigen,1,42,806,0.0012,0.0028,0.437,0.9052277526620781,0.9785757360446831,HLA-DOB,False
C2_core,GO_BP,GOBP_BIOLOGICAL_PROCESS_INVOLVED_IN_INTRASPECIES_INTERACTION_BETWEEN_ORGANISMS,Biological process involved in intraspecies interaction between organisms,1,42,806,0.0012,0.0028,0.437,0.9052277526620781,0.9785757360446831,NLGN2,False
C2_core,GO_BP,GOBP_REGULATION_OF_NATURAL_KILLER_CELL_MEDIATED_IMMUNITY,Regulation of natural killer cell mediated immunity,1,43,806,0.0012,0.0029,0.427,0.9104057916638654,0.9824914681328356,SERPINB9,False
C2_core,GO_BP,GOBP_THIOESTER_BIOSYNTHETIC_PROCESS,Thioester biosynthetic process,1,43,806,0.0012,0.0029,0.427,0.9104057916638654,0.9824914681328356,ELOVL7,False
C2_core,GO_BP,GOBP_INTRACELLULAR_ESTROGEN_RECEPTOR_SIGNALING_PATHWAY,Intracellular estrogen receptor signaling pathway,1,43,806,0.0012,0.0029,0.427,0.9104057916638654,0.9824914681328356,LBH,False
C2_core,GO_BP,GOBP_VESICLE_TRANSPORT_ALONG_MICROTUBULE,Vesicle transport along microtubule,1,43,806,0.0012,0.0029,0.427,0.9104057916638654,0.9824914681328356,CDR2L,False
C2_core,GO_BP,GOBP_NUCLEAR_MEMBRANE_ORGANIZATION,Nuclear membrane organization,1,43,806,0.0012,0.0029,0.427,0.9104057916638654,0.9824914681328356,CHMP4B,False
C2_core,GO_BP,GOBP_NEGATIVE_REGULATION_OF_ORGANELLE_ASSEMBLY,Negative regulation of organelle assembly,1,43,806,0.0012,0.0029,0.427,0.9104057916638654,0.9824914681328356,LPAR1,False
C2_core,GO_BP,GOBP_LEUKOCYTE_MEDIATED_IMMUNITY,Leukocyte mediated immunity,14,349,806,0.0174,0.0236,0.736,0.9109953204110619,0.9828477417532784,"S100A13, CXCL6, FCER1A, SERPINB9, BATF, ANXA3, C7, DUSP22, IGLL5, FOXP3, GATA2, KIT, CLCF1, JAG1",False
C2_core,GO_BP,GOBP_ENDOPLASMIC_RETICULUM_UNFOLDED_PROTEIN_RESPONSE,Endoplasmic reticulum unfolded protein response,2,73,806,0.0025,0.0049,0.503,0.9133451630442558,0.9848260147926519,"PPP1R15A, NCK2",False
C2_core,GO_BP,GOBP_AMIDE_METABOLIC_PROCESS,Amide metabolic process,16,393,806,0.0199,0.0266,0.747,0.9133488033732854,0.9848260147926519,"P2RX1, ACSM1, PLPP2, MGAT3, GSTP1, BACE2, APH1B, SPHK1, MBOAT4, CSNK1E, GGT5, CCN1, PIN1, MTHFD2, ITGB8, ELOVL7",False
C2_core,GO_BP,GOBP_CELLULAR_RESPONSE_TO_TOPOLOGICALLY_INCORRECT_PROTEIN,Cellular response to topologically incorrect protein,3,100,806,0.0037,0.0068,0.551,0.9151300672316061,0.9858091082800259,"HSPB8, PPP1R15A, NCK2",False
C2_core,GO_BP,GOBP_BASE_EXCISION_REPAIR,Base excision repair,1,44,806,0.0012,0.003,0.417,0.9153012517627689,0.9858091082800259,APEX2,False
C2_core,GO_BP,GOBP_NEGATIVE_REGULATION_OF_ION_TRANSMEMBRANE_TRANSPORTER_ACTIVITY,Negative regulation of ion transmembrane transporter activity,1,44,806,0.0012,0.003,0.417,0.9153012517627689,0.9858091082800259,ADRA2A,False
C2_core,GO_BP,GOBP_SCHWANN_CELL_DIFFERENTIATION,Schwann cell differentiation,1,44,806,0.0012,0.003,0.417,0.9153012517627689,0.9858091082800259,EGR2,False
C2_core,GO_BP,GOBP_REGULATION_OF_PATTERN_RECOGNITION_RECEPTOR_SIGNALING_PATHWAY,Regulation of pattern recognition receptor signaling pathway,5,150,806,0.0062,0.0101,0.612,0.9169041735521861,0.9869881199169716,"GDI1, IRAK3, CYBA, GFI1, TRIM15",False
C2_core,GO_BP,GOBP_EXTRINSIC_APOPTOTIC_SIGNALING_PATHWAY_VIA_DEATH_DOMAIN_RECEPTORS,Extrinsic apoptotic signaling pathway via death domain receptors,2,74,806,0.0025,0.005,0.496,0.9171774004295742,0.9869881199169716,"THBS1, BCL2",False
C2_core,GO_BP,GOBP_ATP_SYNTHESIS_COUPLED_ELECTRON_TRANSPORT,Atp synthesis coupled electron transport,2,74,806,0.0025,0.005,0.496,0.9171774004295742,0.9869881199169716,"COX7A1, DGUOK",False
C2_core,GO_BP,GOBP_CELLULAR_LIPID_CATABOLIC_PROCESS,Cellular lipid catabolic process,8,220,806,0.0099,0.0149,0.667,0.9174879483774251,0.9870419751283542,"ENPP2, SGPP2, DAGLA, LYPLA2, SPHK1, ABHD12, GPCPD1, PLPP2",False
C2_core,GO_BP,GOBP_CYTOSKELETON_DEPENDENT_CYTOKINESIS,Cytoskeleton dependent cytokinesis,3,101,806,0.0037,0.0068,0.545,0.9184266802450893,0.9877714139791779,"CHMP4B, MAP9, RHOC",False
C2_core,GO_BP,GOBP_HUMORAL_IMMUNE_RESPONSE_MEDIATED_BY_CIRCULATING_IMMUNOGLOBULIN,Humoral immune response mediated by circulating immunoglobulin,1,45,806,0.0012,0.003,0.408,0.9199295359037319,0.9879855474884468,C7,False
C2_core,GO_BP,GOBP_POSITIVE_REGULATION_OF_IMMUNOGLOBULIN_PRODUCTION,Positive regulation of immunoglobulin production,1,45,806,0.0012,0.003,0.408,0.9199295359037319,0.9879855474884468,CLCF1,False
C2_core,GO_BP,GOBP_SCF_DEPENDENT_PROTEASOMAL_UBIQUITIN_DEPENDENT_PROTEIN_CATABOLIC_PROCESS,Scf dependent proteasomal ubiquitin dependent protein catabolic process,1,45,806,0.0012,0.003,0.408,0.9199295359037319,0.9879855474884468,WWTR1,False
C2_core,GO_BP,GOBP_PROTEIN_EXIT_FROM_ENDOPLASMIC_RETICULUM,Protein exit from endoplasmic reticulum,1,45,806,0.0012,0.003,0.408,0.9199295359037319,0.9879855474884468,SLC51B,False
C2_core,GO_BP,GOBP_REGULATION_OF_LIPID_STORAGE,Regulation of lipid storage,1,45,806,0.0012,0.003,0.408,0.9199295359037319,0.9879855474884468,ZC3H12A,False
C2_core,GO_BP,GOBP_REGULATION_OF_PROTEIN_UBIQUITINATION,Regulation of protein ubiquitination,6,175,806,0.0074,0.0118,0.629,0.9202604184685613,0.988060846012292,"PRICKLE1, SOX4, TSPO, SPHK1, ADGRB1, ANGPT1",False
C2_core,GO_BP,GOBP_REGULATION_OF_MITOCHONDRION_ORGANIZATION,Regulation of mitochondrion organization,4,128,806,0.005,0.0087,0.574,0.9234937703166898,0.9907192177465322,"IER3, LMNA, PYCARD, TSPO",False
C2_core,GO_BP,GOBP_MEMBRANE_LIPID_BIOSYNTHETIC_PROCESS,Membrane lipid biosynthetic process,4,128,806,0.005,0.0087,0.574,0.9234937703166898,0.9907192177465322,"P2RX1, SPHK1, CCN1, ELOVL7",False
C2_core,GO_BP,GOBP_VESICLE_LOCALIZATION,Vesicle localization,7,200,806,0.0087,0.0135,0.642,0.9241918276472353,0.9907192177465322,"CDR2L, KIF5C, AP1M2, SYT11, PCDH17, NLGN2, BRSK1",False
C2_core,GO_BP,GOBP_NEGATIVE_REGULATION_OF_PROTEASOMAL_PROTEIN_CATABOLIC_PROCESS,Negative regulation of proteasomal protein catabolic process,1,46,806,0.0012,0.0031,0.399,0.924305208428079,0.9907192177465322,MAP1A,False
C2_core,GO_BP,GOBP_RAC_PROTEIN_SIGNAL_TRANSDUCTION,Rac protein signal transduction,1,46,806,0.0012,0.0031,0.399,0.924305208428079,0.9907192177465322,STMN3,False
C2_core,GO_BP,GOBP_PROTEIN_DESTABILIZATION,Protein destabilization,1,46,806,0.0012,0.0031,0.399,0.924305208428079,0.9907192177465322,GSN,False
C2_core,GO_BP,GOBP_LIPOPROTEIN_METABOLIC_PROCESS,Lipoprotein metabolic process,4,129,806,0.005,0.0087,0.569,0.9262194624850573,0.9924902554739485,"LYPLA2, CLIP3, MBOAT4, GOLGA7B",False
C2_core,GO_BP,GOBP_REGULATION_OF_EMBRYONIC_DEVELOPMENT,Regulation of embryonic development,2,77,806,0.0025,0.0052,0.477,0.9277398074544441,0.9934670692248297,"JAG1, DLL1",False
C2_core,GO_BP,GOBP_REGULATION_OF_PHOSPHATASE_ACTIVITY,Regulation of phosphatase activity,1,47,806,0.0012,0.0032,0.391,0.9284420406769919,0.9934670692248297,PPP1R15A,False
C2_core,GO_BP,GOBP_INTRACELLULAR_LIPID_TRANSPORT,Intracellular lipid transport,1,47,806,0.0012,0.0032,0.391,0.9284420406769919,0.9934670692248297,GRAMD1B,False
C2_core,GO_BP,GOBP_NEGATIVE_REGULATION_OF_DNA_RECOMBINATION,Negative regulation of dna recombination,1,47,806,0.0012,0.0032,0.391,0.9284420406769919,0.9934670692248297,FOXP3,False
C2_core,GO_BP,GOBP_NEGATIVE_REGULATION_OF_UBIQUITIN_DEPENDENT_PROTEIN_CATABOLIC_PROCESS,Negative regulation of ubiquitin dependent protein catabolic process,1,47,806,0.0012,0.0032,0.391,0.9284420406769919,0.9934670692248297,MAP1A,False
C2_core,GO_BP,GOBP_STEROL_TRANSPORT,Sterol transport,3,105,806,0.0037,0.0071,0.524,0.9304761835026496,0.9953625802629981,"OSBPL5, GRAMD1B, TSPO",False
C2_core,GO_BP,GOBP_POSITIVE_REGULATION_OF_DNA_METABOLIC_PROCESS,Positive regulation of dna metabolic process,10,272,806,0.0124,0.0184,0.675,0.9314209846481706,0.9960920437007955,"SMARCD3, MYC, ANXA3, GLI2, PARM1, KLF4, GLI1, RGCC, SMOC2, CLCF1",False
C2_core,GO_BP,GOBP_ENDOLYSOSOMAL_TOLL_LIKE_RECEPTOR_SIGNALING_PATHWAY,Endolysosomal toll like receptor signaling pathway,1,48,806,0.0012,0.0032,0.382,0.9323530541179863,0.9962452684864778,TNIP2,False
C2_core,GO_BP,GOBP_VIRAL_TRANSCRIPTION,Viral transcription,1,48,806,0.0012,0.0032,0.382,0.9323530541179863,0.9962452684864778,ZFP36,False
C2_core,GO_BP,GOBP_IMPORT_INTO_THE_MITOCHONDRION,Import into the mitochondrion,1,48,806,0.0012,0.0032,0.382,0.9323530541179863,0.9962452684864778,SFXN3,False
C2_core,GO_BP,GOBP_LIPID_OXIDATION,Lipid oxidation,3,106,806,0.0037,0.0072,0.519,0.9332215299434028,0.9966111547225347,"GDF15, ACSM1, SOX9",False
C2_core,GO_BP,GOBP_REGULATION_OF_MITOTIC_NUCLEAR_DIVISION,Regulation of mitotic nuclear division,3,106,806,0.0037,0.0072,0.519,0.9332215299434028,0.9966111547225347,"SPHK1, PIN1, RGCC",False
C2_core,GO_BP,GOBP_DENDRITE_MORPHOGENESIS,Dendrite morphogenesis,4,132,806,0.005,0.0089,0.556,0.9338795954476643,0.9970329070586643,"TPBG, DCDC2, DBN1, NFATC4",False
C2_core,GO_BP,GOBP_RESPONSE_TO_PEPTIDE_HORMONE,Response to peptide hormone,14,363,806,0.0174,0.0245,0.708,0.9353757991307703,0.997664015785339,"BTG2, PTGS2, SOCS1, SHC1, SOCS3, STAT5A, MAP1B, EGR1, FOS, AGTRAP, GDF15, EDNRA, EGR2, TIMP1",False
C2_core,GO_BP,GOBP_MICROTUBULE_BUNDLE_FORMATION,Microtubule bundle formation,3,107,806,0.0037,0.0072,0.515,0.935866695767522,0.997664015785339,"MAP1B, DNAH5, TPPP3",False
C2_core,GO_BP,GOBP_RESPONSE_TO_TYPE_II_INTERFERON,Response to type ii interferon,3,107,806,0.0037,0.0072,0.515,0.935866695767522,0.997664015785339,"GSN, VIM, CCL2",False
C2_core,GO_BP,GOBP_REGULATION_OF_GLUCOSE_IMPORT,Regulation of glucose import,1,49,806,0.0012,0.0033,0.375,0.9360505611287623,0.997664015785339,GPC3,False
C2_core,GO_BP,GOBP_NEUTRAL_LIPID_BIOSYNTHETIC_PROCESS,Neutral lipid biosynthetic process,1,49,806,0.0012,0.0033,0.375,0.9360505611287623,0.997664015785339,DAGLA,False
C2_core,GO_BP,GOBP_PORPHYRIN_CONTAINING_COMPOUND_METABOLIC_PROCESS,Porphyrin containing compound metabolic process,1,49,806,0.0012,0.0033,0.375,0.9360505611287623,0.997664015785339,TSPO,False
C2_core,GO_BP,GOBP_REGULATION_OF_RESPONSE_TO_ENDOPLASMIC_RETICULUM_STRESS,Regulation of response to endoplasmic reticulum stress,2,80,806,0.0025,0.0054,0.459,0.9370211160260837,0.9984176064743621,"PPP1R15A, NCK2",False
C2_core,GO_BP,GOBP_DNA_TEMPLATED_TRANSCRIPTION_INITIATION,Dna templated transcription initiation,6,183,806,0.0074,0.0124,0.602,0.9381284388397452,0.9990598306714162,"NAT14, TAF4B, MYC, EGR1, CAVIN1, WNT10B",False
C2_core,GO_BP,GOBP_POST_GOLGI_VESICLE_MEDIATED_TRANSPORT,Post golgi vesicle mediated transport,3,108,806,0.0037,0.0073,0.51,0.9384148686618027,0.9990598306714162,"OSBPL5, RAB34, PKDCC",False
C2_core,GO_BP,GOBP_CHROMOSOME_LOCALIZATION,Chromosome localization,3,108,806,0.0037,0.0073,0.51,0.9384148686618027,0.9990598306714162,"GEM, LMNA, CHMP4B",False
C2_core,GO_BP,GOBP_SECRETORY_GRANULE_ORGANIZATION,Secretory granule organization,1,50,806,0.0012,0.0034,0.367,0.9395462035655353,0.9994218319230245,AQP1,False
C2_core,GO_BP,GOBP_REGULATION_OF_LYMPHOCYTE_APOPTOTIC_PROCESS,Regulation of lymphocyte apoptotic process,1,50,806,0.0012,0.0034,0.367,0.9395462035655353,0.9994218319230245,BCL2,False
C2_core,GO_BP,GOBP_ANTIVIRAL_INNATE_IMMUNE_RESPONSE,Antiviral innate immune response,1,50,806,0.0012,0.0034,0.367,0.9395462035655353,0.9994218319230245,STING1,False
C2_core,GO_BP,GOBP_POSITIVE_REGULATION_OF_ORGANELLE_ASSEMBLY,Positive regulation of organelle assembly,2,81,806,0.0025,0.0055,0.453,0.9398553127625514,0.9994700477286858,"PPP1R35, KCTD17",False
C2_core,GO_BP,GOBP_SPERMATID_DIFFERENTIATION,Spermatid differentiation,5,160,806,0.0062,0.0108,0.574,0.9407460575721696,0.9999999994618483,"JAM3, GLI1, KIT, PYGO1, HSPA2",False
C2_core,GO_BP,GOBP_MEIOTIC_CELL_CYCLE,Meiotic cell cycle,8,232,806,0.0099,0.0157,0.633,0.9414677130098833,0.9999999994618483,"PIWIL4, PPP2R1A, HFM1, MYH9, HSPA2, EDNRA, PDE3A, LIF",False
C2_core,GO_BP,GOBP_REGULATION_OF_CELLULAR_RESPONSE_TO_STRESS,Regulation of cellular response to stress,19,476,806,0.0236,0.0322,0.733,0.9419521405887806,0.9999999994618483,"PPP1R15A, TGFB2, SNAI1, GSTP1, YBX3, THY1, BCL2, HIC1, MYC, SMARCD3, NCK2, KLF4, IGFBP6, FLNA, IER3, MMP14, ANKRD1, PTGS2, SOX4",False
C2_core,GO_BP,GOBP_NEGATIVE_REGULATION_OF_TRANSPORTER_ACTIVITY,Negative regulation of transporter activity,1,51,806,0.0012,0.0034,0.36,0.9428509892360574,0.9999999994618483,ADRA2A,False
C2_core,GO_BP,GOBP_POSITIVE_REGULATION_OF_TORC1_SIGNALING,Positive regulation of torc1 signaling,1,51,806,0.0012,0.0034,0.36,0.9428509892360574,0.9999999994618483,LAMTOR4,False
C2_core,GO_BP,GOBP_POSITIVE_REGULATION_OF_GENE_EXPRESSION_EPIGENETIC,Positive regulation of gene expression epigenetic,1,51,806,0.0012,0.0034,0.36,0.9428509892360574,0.9999999994618483,EGR1,False
C2_core,GO_BP,GOBP_PROTEIN_LOCALIZATION_TO_LYSOSOME,Protein localization to lysosome,1,51,806,0.0012,0.0034,0.36,0.9428509892360574,0.9999999994618483,LAMTOR4,False
C2_core,GO_BP,GOBP_PYRIMIDINE_NUCLEOTIDE_METABOLIC_PROCESS,Pyrimidine nucleotide metabolic process,1,51,806,0.0012,0.0034,0.36,0.9428509892360574,0.9999999994618483,SLC4A7,False
C2_core,GO_BP,GOBP_FATTY_ACID_BIOSYNTHETIC_PROCESS,Fatty acid biosynthetic process,4,136,806,0.005,0.0092,0.54,0.9429719596429098,0.9999999994618483,"ACSM1, GSTP1, PTGS2, ELOVL7",False
C2_core,GO_BP,GOBP_TRANSLATIONAL_INITIATION,Translational initiation,3,110,806,0.0037,0.0074,0.501,0.9432326179296788,0.9999999994618483,"HABP4, PPP1R15A, NCK2",False
C2_core,GO_BP,GOBP_ENERGY_RESERVE_METABOLIC_PROCESS,Energy reserve metabolic process,2,83,806,0.0025,0.0056,0.442,0.9451643447957143,0.9999999994618483,"MRAP2, GFPT2",False
C2_core,GO_BP,GOBP_INNATE_IMMUNE_RESPONSE_ACTIVATING_CELL_SURFACE_RECEPTOR_SIGNALING_PATHWAY,Innate immune response activating cell surface receptor signaling pathway,2,83,806,0.0025,0.0056,0.442,0.9451643447957143,0.9999999994618483,"CYBA, TNIP2",False
C2_core,GO_BP,GOBP_PROTEIN_FOLDING,Protein folding,6,187,806,0.0074,0.0126,0.589,0.9456516845728687,0.9999999994618483,"PFDN1, FKBP10, HSPB6, CRYAB, HSPB2, HSPA2",False
C2_core,GO_BP,GOBP_RIBOSOME_ASSEMBLY,Ribosome assembly,1,52,806,0.0012,0.0035,0.353,0.9459753263910284,0.9999999994618483,RPS19,False
C2_core,GO_BP,GOBP_MATURATION_OF_SSU_RRNA,Maturation of ssu rrna,1,52,806,0.0012,0.0035,0.353,0.9459753263910284,0.9999999994618483,RPS19,False
C2_core,GO_BP,GOBP_REGULATION_OF_LIPID_LOCALIZATION,Regulation of lipid localization,4,138,806,0.005,0.0093,0.532,0.9470768838497462,0.9999999994618483,"THBS1, ZC3H12A, ATP8A2, TSPO",False
C2_core,GO_BP,GOBP_INSULIN_RECEPTOR_SIGNALING_PATHWAY,Insulin receptor signaling pathway,3,112,806,0.0037,0.0076,0.492,0.9476988048807028,0.9999999994618483,"SOCS1, SHC1, SOCS3",False
C2_core,GO_BP,GOBP_VESICLE_CYTOSKELETAL_TRAFFICKING,Vesicle cytoskeletal trafficking,1,53,806,0.0012,0.0036,0.346,0.9489290563414308,0.9999999994618483,CDR2L,False
C2_core,GO_BP,GOBP_NUCLEOSIDE_BISPHOSPHATE_BIOSYNTHETIC_PROCESS,Nucleoside bisphosphate biosynthetic process,1,53,806,0.0012,0.0036,0.346,0.9489290563414308,0.9999999994618483,ELOVL7,False
C2_core,GO_BP,GOBP_CELLULAR_KETONE_METABOLIC_PROCESS,Cellular ketone metabolic process,6,189,806,0.0074,0.0128,0.583,0.949097195736139,0.9999999994618483,"PTGS2, DKK3, SULT1C4, EGR1, SOX9, GDF15",False
C2_core,GO_BP,GOBP_CARBOHYDRATE_DERIVATIVE_CATABOLIC_PROCESS,Carbohydrate derivative catabolic process,8,238,806,0.0099,0.0161,0.617,0.9509788526745971,0.9999999994618483,"PFKP, UCHL1, HKDC1, ALDOA, IER3, APOBEC3H, GPD1L, HYAL2",False
C2_core,GO_BP,GOBP_NON_MOTILE_CILIUM_ASSEMBLY,Non motile cilium assembly,1,54,806,0.0012,0.0037,0.34,0.9517214843034962,0.9999999994618483,VANGL2,False
C2_core,GO_BP,GOBP_REGULATION_OF_STEROL_TRANSPORT,Regulation of sterol transport,1,54,806,0.0012,0.0037,0.34,0.9517214843034962,0.9999999994618483,TSPO,False
C2_core,GO_BP,GOBP_REGULATION_OF_LIPID_TRANSPORT,Regulation of lipid transport,3,114,806,0.0037,0.0077,0.483,0.951836281005424,0.9999999994618483,"THBS1, ATP8A2, TSPO",False
C2_core,GO_BP,GOBP_PRIMARY_ALCOHOL_METABOLIC_PROCESS,Primary alcohol metabolic process,2,86,806,0.0025,0.0058,0.427,0.9522989838144696,0.9999999994618483,"DKK3, SULT1C4",False
C2_core,GO_BP,GOBP_ORGANIC_HYDROXY_COMPOUND_METABOLIC_PROCESS,Organic hydroxy compound metabolic process,19,486,806,0.0236,0.0329,0.718,0.9531890825198082,0.9999999994618483,"ISYNA1, HAND2, TGFB2, SNAI1, DKK3, BCL2, TRPC1, GCNT4, SPHK1, EDNRA, GFI1, SULT1C4, OSBPL5, KIT, MOXD1, SGPP2, OSBPL7, CH25H, PLPP2",False
C2_core,GO_BP,GOBP_REGULATION_OF_LEUKOCYTE_MEDIATED_IMMUNITY,Regulation of leukocyte mediated immunity,7,216,806,0.0087,0.0146,0.595,0.9535442486934587,0.9999999994618483,"CXCL6, SERPINB9, DUSP22, FOXP3, GATA2, KIT, CLCF1",False
C2_core,GO_BP,GOBP_LIPID_LOCALIZATION,Lipid localization,16,421,806,0.0199,0.0285,0.698,0.9535924813794047,0.9999999994618483,"THBS1, LRP10, ATP8B2, SLC51B, OSBPL7, PTGS2, ZC3H12A, GLTP, SELENOM, TSPO, SLCO2A1, OSBPL5, ATP8A2, ANO9, GRAMD1B, ANXA1",False
C2_core,GO_BP,GOBP_NUCLEOSIDE_BISPHOSPHATE_METABOLIC_PROCESS,Nucleoside bisphosphate metabolic process,3,115,806,0.0037,0.0078,0.479,0.9537885749690901,0.9999999994618483,"ACSM1, SULT1C4, ELOVL7",False
C2_core,GO_BP,GOBP_TYPE_I_INTERFERON_PRODUCTION,Type i interferon production,3,115,806,0.0037,0.0078,0.479,0.9537885749690901,0.9999999994618483,"PYCARD, STING1, TRIM15",False
C2_core,GO_BP,GOBP_NEGATIVE_REGULATION_OF_TRANSLATION,Negative regulation of translation,3,115,806,0.0037,0.0078,0.479,0.9537885749690901,0.9999999994618483,"HABP4, ZFP36, BTG2",False
C2_core,GO_BP,GOBP_SISTER_CHROMATID_COHESION,Sister chromatid cohesion,1,55,806,0.0012,0.0037,0.334,0.9543614085674977,0.9999999994618483,PPP2R1A,False
C2_core,GO_BP,GOBP_POLYSACCHARIDE_BIOSYNTHETIC_PROCESS,Polysaccharide biosynthetic process,1,55,806,0.0012,0.0037,0.334,0.9543614085674977,0.9999999994618483,HAS2,False
C2_core,GO_BP,GOBP_DENDRITIC_SPINE_MORPHOGENESIS,Dendritic spine morphogenesis,1,55,806,0.0012,0.0037,0.334,0.9543614085674977,0.9999999994618483,DBN1,False
C2_core,GO_BP,GOBP_SNRNA_METABOLIC_PROCESS,Snrna metabolic process,1,55,806,0.0012,0.0037,0.334,0.9543614085674977,0.9999999994618483,INTS6L,False
C2_core,GO_BP,GOBP_PROTEIN_LOCALIZATION_TO_CYTOSKELETON,Protein localization to cytoskeleton,1,55,806,0.0012,0.0037,0.334,0.9543614085674977,0.9999999994618483,MAP1A,False
C2_core,GO_BP,GOBP_LYMPHOCYTE_MEDIATED_IMMUNITY,Lymphocyte mediated immunity,9,264,806,0.0112,0.0178,0.626,0.9545568740554284,0.9999999994618483,"FCER1A, SERPINB9, BATF, C7, DUSP22, IGLL5, FOXP3, CLCF1, JAG1",False
C2_core,GO_BP,GOBP_T_CELL_MEDIATED_IMMUNITY,T cell mediated immunity,3,116,806,0.0037,0.0078,0.475,0.9556667342861933,0.9999999994618483,"DUSP22, JAG1, FOXP3",False
C2_core,GO_BP,GOBP_AUTOPHAGOSOME_ORGANIZATION,Autophagosome organization,3,116,806,0.0037,0.0078,0.475,0.9556667342861933,0.9999999994618483,"RAB19, STING1, RAB33A",False
C2_core,GO_BP,GOBP_MITOTIC_METAPHASE_CHROMOSOME_ALIGNMENT,Mitotic metaphase chromosome alignment,1,56,806,0.0012,0.0038,0.328,0.9568571480813451,0.9999999994618483,CHMP4B,False
C2_core,GO_BP,GOBP_RNA_CATABOLIC_PROCESS,Rna catabolic process,9,266,806,0.0112,0.018,0.621,0.957115514393981,0.9999999994618483,"BTG2, SLFN13, TENT5C, PNRC1, ZFP36, YBX3, VIM, ISG20, ZC3H12A",False
C2_core,GO_BP,GOBP_CELLULAR_RESPONSE_TO_PEPTIDE_HORMONE_STIMULUS,Cellular response to peptide hormone stimulus,9,266,806,0.0112,0.018,0.621,0.957115514393981,0.9999999994618483,"SOCS1, SHC1, SOCS3, STAT5A, MAP1B, AGTRAP, GDF15, EDNRA, FOS",False
C2_core,GO_BP,GOBP_POSITIVE_REGULATION_OF_SMALL_MOLECULE_METABOLIC_PROCESS,Positive regulation of small molecule metabolic process,3,117,806,0.0037,0.0079,0.471,0.9574732913132261,0.9999999994618483,"GDF15, UCHL1, PTGS2",False
C2_core,GO_BP,GOBP_POSITIVE_REGULATION_OF_LIPID_LOCALIZATION,Positive regulation of lipid localization,2,89,806,0.0025,0.006,0.412,0.9585417521257403,0.9999999994618483,"ZC3H12A, ATP8A2",False
C2_core,GO_BP,GOBP_METAPHASE_CHROMOSOME_ALIGNMENT,Metaphase chromosome alignment,2,89,806,0.0025,0.006,0.412,0.9585417521257403,0.9999999994618483,"GEM, CHMP4B",False
C2_core,GO_BP,GOBP_PHOSPHATIDYLINOSITOL_BIOSYNTHETIC_PROCESS,Phosphatidylinositol biosynthetic process,3,118,806,0.0037,0.008,0.467,0.9592107084175313,0.9999999994618483,"SOCS3, SOCS1, PDGFA",False
C2_core,GO_BP,GOBP_HOMOLOGOUS_RECOMBINATION,Homologous recombination,1,57,806,0.0012,0.0039,0.322,0.9592165685350319,0.9999999994618483,HFM1,False
C2_core,GO_BP,GOBP_REGULATION_OF_T_CELL_MEDIATED_IMMUNITY,Regulation of t cell mediated immunity,2,90,806,0.0025,0.0061,0.408,0.9604429206399725,0.9999999994618483,"DUSP22, FOXP3",False
C2_core,GO_BP,GOBP_ACYL_COA_METABOLIC_PROCESS,Acyl coa metabolic process,2,90,806,0.0025,0.0061,0.408,0.9604429206399725,0.9999999994618483,"ACSM1, ELOVL7",False
C2_core,GO_BP,GOBP_LIPOSACCHARIDE_METABOLIC_PROCESS,Liposaccharide metabolic process,2,90,806,0.0025,0.0061,0.408,0.9604429206399725,0.9999999994618483,"ITGB8, KIT",False
C2_core,GO_BP,GOBP_TETRAPYRROLE_METABOLIC_PROCESS,Tetrapyrrole metabolic process,1,58,806,0.0012,0.0039,0.316,0.9614471070273142,0.9999999994618483,TSPO,False
C2_core,GO_BP,GOBP_STEROL_BIOSYNTHETIC_PROCESS,Sterol biosynthetic process,1,58,806,0.0012,0.0039,0.316,0.9614471070273142,0.9999999994618483,CH25H,False
C2_core,GO_BP,GOBP_TRANSCRIPTION_INITIATION_AT_RNA_POLYMERASE_II_PROMOTER,Transcription initiation at rna polymerase ii promoter,4,147,806,0.005,0.0099,0.499,0.962402394177073,0.9999999994618483,"WNT10B, EGR1, TAF4B, MYC",False
C2_core,GO_BP,GOBP_AUTOPHAGOSOME_MATURATION,Autophagosome maturation,1,59,806,0.0012,0.004,0.311,0.9635557953915911,0.9999999994618483,CHMP4B,False
C2_core,GO_BP,GOBP_NEGATIVE_REGULATION_OF_PROTEOLYSIS_INVOLVED_IN_PROTEIN_CATABOLIC_PROCESS,Negative regulation of proteolysis involved in protein catabolic process,1,59,806,0.0012,0.004,0.311,0.9635557953915911,0.9999999994618483,MAP1A,False
C2_core,GO_BP,GOBP_NEGATIVE_REGULATION_OF_NUCLEAR_DIVISION,Negative regulation of nuclear division,1,59,806,0.0012,0.004,0.311,0.9635557953915911,0.9999999994618483,LIF,False
C2_core,GO_BP,GOBP_LIPID_HOMEOSTASIS,Lipid homeostasis,4,148,806,0.005,0.01,0.496,0.963823955200122,0.9999999994618483,"ACSM1, GRAMD1B, ADORA1, TSPO",False
C2_core,GO_BP,GOBP_POSITIVE_REGULATION_OF_MRNA_METABOLIC_PROCESS,Positive regulation of mrna metabolic process,3,122,806,0.0037,0.0082,0.451,0.9655158275786941,0.9999999994618483,"ZC3H12A, ZFP36, BTG2",False
C2_core,GO_BP,GOBP_ENDOSOME_TO_LYSOSOME_TRANSPORT,Endosome to lysosome transport,1,60,806,0.0012,0.0041,0.306,0.9655492822537817,0.9999999994618483,CHMP4B,False
C2_core,GO_BP,GOBP_CELL_KILLING,Cell killing,5,176,806,0.0062,0.0119,0.521,0.9663359027955558,0.9999999994618483,"CXCL6, TGFB2, SERPINB9, C7, RPS19",False
C2_core,GO_BP,GOBP_POLYSACCHARIDE_METABOLIC_PROCESS,Polysaccharide metabolic process,2,94,806,0.0025,0.0064,0.391,0.9672440384006885,0.9999999994618483,"CHST1, HAS2",False
C2_core,GO_BP,GOBP_NEGATIVE_REGULATION_OF_DNA_METABOLIC_PROCESS,Negative regulation of dna metabolic process,3,124,806,0.0037,0.0084,0.444,0.9683125866026507,0.9999999994618483,"S100A11, FOXP3, ANKRD1",False
C2_core,GO_BP,GOBP_MITOTIC_SISTER_CHROMATID_SEPARATION,Mitotic sister chromatid separation,1,62,806,0.0012,0.0042,0.296,0.9692154539564649,0.9999999994618483,PPP2R1A,False
C2_core,GO_BP,GOBP_REGULATION_OF_ERBB_SIGNALING_PATHWAY,Regulation of erbb signaling pathway,1,62,806,0.0012,0.0042,0.296,0.9692154539564649,0.9999999994618483,ADRA2A,False
C2_core,GO_BP,GOBP_REGULATORY_NCRNA_PROCESSING,Regulatory ncrna processing,1,62,806,0.0012,0.0042,0.296,0.9692154539564649,0.9999999994618483,PIWIL4,False
C2_core,GO_BP,GOBP_POSITIVE_REGULATION_OF_VIRAL_PROCESS,Positive regulation of viral process,1,62,806,0.0012,0.0042,0.296,0.9692154539564649,0.9999999994618483,TMPRSS2,False
C2_core,GO_BP,GOBP_POSITIVE_REGULATION_OF_T_CELL_MEDIATED_IMMUNITY,Positive regulation of t cell mediated immunity,1,62,806,0.0012,0.0042,0.296,0.9692154539564649,0.9999999994618483,FOXP3,False
C2_core,GO_BP,GOBP_PROTEASOME_MEDIATED_UBIQUITIN_DEPENDENT_PROTEIN_CATABOLIC_PROCESS,Proteasome mediated ubiquitin dependent protein catabolic process,13,371,806,0.0161,0.0251,0.643,0.9697293611160038,0.9999999994618483,"PRICKLE1, PLK3, SH3RF3, MAP1A, RNF145, RNF122, KCTD10, UCHL1, KCTD17, CSNK1E, WWTR1, NKD2, WNT10B",False
C2_core,GO_BP,GOBP_REGULATION_OF_DNA_METABOLIC_PROCESS,Regulation of dna metabolic process,17,462,806,0.0211,0.0312,0.675,0.9703518307137814,0.9999999994618483,"SMARCD3, ACVRL1, MYC, ANXA3, GLI2, PARM1, KLF4, IER3, FOXP3, GLI1, RGCC, S100A11, SMOC2, ID3, CLCF1, ANKRD1, PDGFA",False
C2_core,GO_BP,GOBP_MITOTIC_SISTER_CHROMATID_SEGREGATION,Mitotic sister chromatid segregation,5,180,806,0.0062,0.0122,0.51,0.9708976077228891,0.9999999994618483,"CHMP4B, PRICKLE1, PPP2R1A, FLNA, MAP9",False
C2_core,GO_BP,GOBP_VESICLE_TARGETING,Vesicle targeting,1,63,806,0.0012,0.0043,0.291,0.9708997021312605,0.9999999994618483,AP1M2,False
C2_core,GO_BP,GOBP_NUCLEAR_TRANSPORT,Nuclear transport,10,303,806,0.0124,0.0205,0.606,0.971057430675226,0.9999999994618483,"EGR2, PTPN14, PTGS2, ZC3H12A, PRICKLE1, IER3, FLNA, LMNA, ANGPT1, HYAL2",False
C2_core,GO_BP,GOBP_VIRAL_GENE_EXPRESSION,Viral gene expression,2,97,806,0.0025,0.0066,0.378,0.9715912590226808,0.9999999994618483,"ZFP36, TMPRSS2",False
C2_core,GO_BP,GOBP_MITOTIC_NUCLEAR_DIVISION,Mitotic nuclear division,8,256,806,0.0099,0.0173,0.574,0.9717994979804503,0.9999999994618483,"CHMP4B, PRICKLE1, PPP2R1A, SPHK1, FLNA, RGCC, MAP9, PIN1",False
C2_core,GO_BP,GOBP_FATTY_ACID_METABOLIC_PROCESS,Fatty acid metabolic process,12,351,806,0.0149,0.0237,0.628,0.9720842288697737,0.9999999994618483,"ACSM1, PTGS2, GSTP1, DAGLA, TNXB, LYPLA2, ALOX5AP, ABHD12, GGT5, SOX9, GDF15, ELOVL7",False
C2_core,GO_BP,GOBP_REGULATION_OF_CARBOHYDRATE_METABOLIC_PROCESS,Regulation of carbohydrate metabolic process,4,155,806,0.005,0.0105,0.474,0.9724590246939447,0.9999999994618483,"HAS2, UCHL1, IER3, MIDN",False
C2_core,GO_BP,GOBP_REGULATION_OF_CIRCADIAN_RHYTHM,Regulation of circadian rhythm,2,98,806,0.0025,0.0066,0.375,0.9729125210039365,0.9999999994618483,"ADORA1, CSNK1E",False
C2_core,GO_BP,GOBP_DNA_INTEGRITY_CHECKPOINT_SIGNALING,Dna integrity checkpoint signaling,3,129,806,0.0037,0.0087,0.427,0.9743962291574577,0.9999999994618483,"IER3, BRSK1, PLK3",False
C2_core,GO_BP,GOBP_CELLULAR_RESPONSE_TO_STARVATION,Cellular response to starvation,4,157,806,0.005,0.0106,0.468,0.9745466307537421,0.9999999994618483,"ZC3H12A, NUAK2, BCL2, FOS",False
C2_core,GO_BP,GOBP_PHOSPHOLIPID_BIOSYNTHETIC_PROCESS,Phospholipid biosynthetic process,7,235,806,0.0087,0.0159,0.547,0.9748959610463306,0.9999999994618483,"ISYNA1, LPCAT1, SOCS1, SOCS3, MBOAT2, SLC44A3, PDGFA",False
C2_core,GO_BP,GOBP_REGULATION_OF_TRANSLATION,Regulation of translation,11,332,806,0.0136,0.0224,0.608,0.9752755965408222,0.9999999994618483,"PPP1R15A, THBS1, BTG2, PIWIL4, ZFP36, APLP1, SOX4, NCK2, YBX3, ITGA2, HABP4",False
C2_core,GO_BP,GOBP_MITOPHAGY,Mitophagy,1,66,806,0.0012,0.0045,0.278,0.97542003628248,0.9999999994618483,TSPO,False
C2_core,GO_BP,GOBP_NON_PROTEINOGENIC_AMINO_ACID_METABOLIC_PROCESS,Non proteinogenic amino acid metabolic process,1,66,806,0.0012,0.0045,0.278,0.97542003628248,0.9999999994618483,SLC38A1,False
C2_core,GO_BP,GOBP_CYTOSOLIC_TRANSPORT,Cytosolic transport,3,130,806,0.0037,0.0088,0.424,0.9754719485809275,0.9999999994618483,"PHETA2, RAB9B, GOLT1A",False
C2_core,GO_BP,GOBP_CYTOPLASMIC_PATTERN_RECOGNITION_RECEPTOR_SIGNALING_PATHWAY,Cytoplasmic pattern recognition receptor signaling pathway,4,158,806,0.005,0.0107,0.465,0.9755338907398052,0.9999999994618483,"TNIP2, PYCARD, STING1, TRIM15",False
C2_core,GO_BP,GOBP_ORGANIC_ACID_BIOSYNTHETIC_PROCESS,Organic acid biosynthetic process,9,286,806,0.0112,0.0193,0.578,0.9764458923939511,0.9999999994618483,"ACSM1, OSBPL7, PTGS2, GSTP1, ALOX5AP, GGT5, SLC38A1, PYCARD, ELOVL7",False
C2_core,GO_BP,GOBP_ELECTRON_TRANSPORT_CHAIN,Electron transport chain,2,101,806,0.0025,0.0068,0.363,0.9765299194843188,0.9999999994618483,"COX7A1, DGUOK",False
C2_core,GO_BP,GOBP_SPERM_MOTILITY,Sperm motility,2,101,806,0.0025,0.0068,0.363,0.9765299194843188,0.9999999994618483,"DNAH5, ADCY3",False
C2_core,GO_BP,GOBP_POSITIVE_REGULATION_OF_TYPE_II_INTERFERON_PRODUCTION,Positive regulation of type ii interferon production,1,67,806,0.0012,0.0045,0.274,0.9767651918199814,0.9999999994618483,PYCARD,False
C2_core,GO_BP,GOBP_CELLULAR_ALDEHYDE_METABOLIC_PROCESS,Cellular aldehyde metabolic process,1,67,806,0.0012,0.0045,0.274,0.9767651918199814,0.9999999994618483,DKK3,False
C2_core,GO_BP,GOBP_PROTEIN_TARGETING,Protein targeting,9,287,806,0.0112,0.0194,0.576,0.977161706268797,0.9999999994618483,"GDI1, CHMP4B, SLC51B, GOLGA7B, NACAD, ADORA1, LTBP2, TSPO, AP1M2",False
C2_core,GO_BP,GOBP_POSITIVE_REGULATION_OF_LEUKOCYTE_MEDIATED_IMMUNITY,Positive regulation of leukocyte mediated immunity,3,132,806,0.0037,0.0089,0.417,0.9774959296835536,0.9999999994618483,"CLCF1, FOXP3, KIT",False
C2_core,GO_BP,GOBP_AMINO_ACID_BIOSYNTHETIC_PROCESS,Amino acid biosynthetic process,1,68,806,0.0012,0.0046,0.27,0.9780368191298948,0.9999999994618483,SLC38A1,False
C2_core,GO_BP,GOBP_VACUOLE_ORGANIZATION,Vacuole organization,6,214,806,0.0074,0.0145,0.515,0.9783203766208411,0.9999999994618483,"STING1, CHMP4B, RAB19, ATP6V0B, RAB33A, RAB34",False
C2_core,GO_BP,GOBP_METHYLATION,Methylation,5,188,806,0.0062,0.0127,0.488,0.9783523498441606,0.9999999994618483,"PRDM6, METTL24, PRDM1, SNRPB, PRDM8",False
C2_core,GO_BP,GOBP_RESPONSE_TO_STARVATION,Response to starvation,5,188,806,0.0062,0.0127,0.488,0.9783523498441606,0.9999999994618483,"ZFP36, NUAK2, ZC3H12A, BCL2, FOS",False
C2_core,GO_BP,GOBP_NUCLEOSIDE_TRIPHOSPHATE_BIOSYNTHETIC_PROCESS,Nucleoside triphosphate biosynthetic process,2,103,806,0.0025,0.007,0.356,0.9786770410043333,0.9999999994618483,"ALDOA, AK1",False
C2_core,GO_BP,GOBP_MITOCHONDRIAL_MEMBRANE_ORGANIZATION,Mitochondrial membrane organization,2,103,806,0.0025,0.007,0.356,0.9786770410043333,0.9999999994618483,"IER3, BCL2",False
C2_core,GO_BP,GOBP_HETEROCHROMATIN_FORMATION,Heterochromatin formation,2,103,806,0.0025,0.007,0.356,0.9786770410043333,0.9999999994618483,"LMNA, PIWIL4",False
C2_core,GO_BP,GOBP_NATURAL_KILLER_CELL_MEDIATED_IMMUNITY,Natural killer cell mediated immunity,1,69,806,0.0012,0.0047,0.266,0.9792389326557203,0.9999999994618483,SERPINB9,False
C2_core,GO_BP,GOBP_NEGATIVE_REGULATION_OF_GENE_EXPRESSION_EPIGENETIC,Negative regulation of gene expression epigenetic,3,134,806,0.0037,0.0091,0.411,0.9793603611791682,0.9999999994618483,"LMNA, PIWIL4, MYC",False
C2_core,GO_BP,GOBP_POSITIVE_REGULATION_OF_DEFENSE_RESPONSE,Positive regulation of defense response,15,432,806,0.0186,0.0292,0.637,0.9797452822459473,0.9999999994618483,"TNIP2, GDI1, STING1, PTGS2, IRAK3, RPS19, GPRC5B, OSMR, ALOX5AP, MDK, CYBA, PYCARD, GFI1, TRIM15, HYAL2",False
C2_core,GO_BP,GOBP_SISTER_CHROMATID_SEGREGATION,Sister chromatid segregation,6,216,806,0.0074,0.0146,0.51,0.979803633085839,0.9999999994618483,"SMARCD3, CHMP4B, PRICKLE1, PPP2R1A, FLNA, MAP9",False
C2_core,GO_BP,GOBP_SPLICEOSOMAL_COMPLEX_ASSEMBLY,Spliceosomal complex assembly,1,70,806,0.0012,0.0047,0.262,0.9803753279208808,0.9999999994618483,SNRPB,False
C2_core,GO_BP,GOBP_POSITIVE_REGULATION_OF_DNA_RECOMBINATION,Positive regulation of dna recombination,1,70,806,0.0012,0.0047,0.262,0.9803753279208808,0.9999999994618483,CLCF1,False
C2_core,GO_BP,GOBP_EPIGENETIC_REGULATION_OF_GENE_EXPRESSION,Epigenetic regulation of gene expression,6,217,806,0.0074,0.0147,0.508,0.9805093679459864,0.9999999994618483,"PIWIL4, MYC, NDN, EGR1, KLF2, LMNA",False
C2_core,GO_BP,GOBP_PROTEIN_DNA_COMPLEX_ASSEMBLY,Protein dna complex assembly,4,164,806,0.005,0.0111,0.448,0.9807415037982615,0.9999999994618483,"WNT10B, NAP1L1, TAF4B, SOX9",False
C2_core,GO_BP,GOBP_REGULATION_OF_LYMPHOCYTE_MEDIATED_IMMUNITY,Regulation of lymphocyte mediated immunity,4,164,806,0.005,0.0111,0.448,0.9807415037982615,0.9999999994618483,"DUSP22, CLCF1, FOXP3, SERPINB9",False
C2_core,GO_BP,GOBP_ENDOSOMAL_TRANSPORT,Endosomal transport,8,268,806,0.0099,0.0181,0.548,0.9808073790184151,0.9999999994618483,"ARL4C, CHMP4B, EZR, TMEM50A, GOLT1A, FLNA, PHETA2, RAB9B",False
C2_core,GO_BP,GOBP_MONOCARBOXYLIC_ACID_BIOSYNTHETIC_PROCESS,Monocarboxylic acid biosynthetic process,5,192,806,0.0062,0.013,0.478,0.981371527631422,0.9999999994618483,"ACSM1, OSBPL7, PTGS2, GSTP1, ELOVL7",False
C2_core,GO_BP,GOBP_POSITIVE_REGULATION_OF_LIPID_TRANSPORT,Positive regulation of lipid transport,1,72,806,0.0012,0.0049,0.255,0.9824651220597841,0.9999999994618483,ATP8A2,False
C2_core,GO_BP,GOBP_RNA_METHYLATION,Rna methylation,1,72,806,0.0012,0.0049,0.255,0.9824651220597841,0.9999999994618483,SNRPB,False
C2_core,GO_BP,GOBP_GLYCEROPHOSPHOLIPID_BIOSYNTHETIC_PROCESS,Glycerophospholipid biosynthetic process,5,194,806,0.0062,0.0131,0.473,0.9827286467390267,0.9999999994618483,"LPCAT1, SOCS1, SOCS3, SLC44A3, PDGFA",False
C2_core,GO_BP,GOBP_CELLULAR_RESPONSE_TO_NUTRIENT_LEVELS,Cellular response to nutrient levels,6,221,806,0.0074,0.0149,0.498,0.9831089780360628,0.9999999994618483,"CASR, NUAK2, VDR, ZC3H12A, BCL2, FOS",False
C2_core,GO_BP,GOBP_MEIOSIS_I_CELL_CYCLE_PROCESS,Meiosis i cell cycle process,2,108,806,0.0025,0.0073,0.34,0.9832454176088163,0.9999999994618483,"HFM1, HSPA2",False
C2_core,GO_BP,GOBP_MITOTIC_CELL_CYCLE_CHECKPOINT_SIGNALING,Mitotic cell cycle checkpoint signaling,3,139,806,0.0037,0.0094,0.396,0.9833986954070492,0.9999999994618483,"IER3, BRSK1, PLK3",False
C2_core,GO_BP,GOBP_MONOSACCHARIDE_METABOLIC_PROCESS,Monosaccharide metabolic process,6,223,806,0.0074,0.0151,0.494,0.9842838425104701,0.9999999994618483,"PFKP, CHST1, HKDC1, ALDOA, SLC2A3, MIDN",False
C2_core,GO_BP,GOBP_MEIOTIC_CHROMOSOME_SEGREGATION,Meiotic chromosome segregation,1,74,806,0.0012,0.005,0.248,0.984332624518788,0.9999999994618483,PPP2R1A,False
C2_core,GO_BP,GOBP_RIBOSE_PHOSPHATE_METABOLIC_PROCESS,Ribose phosphate metabolic process,14,420,806,0.0174,0.0284,0.612,0.984983346856077,0.9999999994618483,"ACSM1, MYH4, PFKP, SULT1C4, GUK1, TSPO, HKDC1, ALDOA, IER3, AK1, UCHL1, EPHA2, ADCY3, ELOVL7",False
C2_core,GO_BP,GOBP_ACTIVATION_OF_INNATE_IMMUNE_RESPONSE,Activation of innate immune response,8,276,806,0.0099,0.0187,0.532,0.9852490216106788,0.9999999994618483,"TNIP2, GDI1, STING1, IRAK3, CYBA, PYCARD, GFI1, TRIM15",False
C2_core,GO_BP,GOBP_OXIDATIVE_PHOSPHORYLATION,Oxidative phosphorylation,2,111,806,0.0025,0.0075,0.331,0.9855139676765972,0.9999999994618483,"COX7A1, DGUOK",False
C2_core,GO_BP,GOBP_ALCOHOL_METABOLIC_PROCESS,Alcohol metabolic process,10,326,806,0.0124,0.022,0.563,0.9855159084180781,0.9999999994618483,"ISYNA1, SGPP2, MOXD1, CH25H, DKK3, SULT1C4, OSBPL5, SPHK1, GFI1, PLPP2",False
C2_core,GO_BP,GOBP_REGULATION_OF_RESPONSE_TO_BIOTIC_STIMULUS,Regulation of response to biotic stimulus,16,468,806,0.0199,0.0316,0.628,0.985636932347539,0.9999999994618483,"TNIP2, A2M, STING1, CXCL6, GDI1, SERPINB9, IRAK3, ZC3H12A, RPS19, FOXP3, SYT11, GATA6, CYBA, PYCARD, GFI1, TRIM15",False
C2_core,GO_BP,GOBP_NUCLEOSIDE_PHOSPHATE_BIOSYNTHETIC_PROCESS,Nucleoside phosphate biosynthetic process,7,253,806,0.0087,0.0171,0.508,0.9864033088633681,0.9999999994618483,"GUK1, DGUOK, ALDOA, AK1, SLC4A7, ADCY3, ELOVL7",False
C2_core,GO_BP,GOBP_INTERFERON_MEDIATED_SIGNALING_PATHWAY,Interferon mediated signaling pathway,1,77,806,0.0012,0.0052,0.238,0.9867680548780665,0.9999999994618483,STING1,False
C2_core,GO_BP,GOBP_RIBOSE_PHOSPHATE_BIOSYNTHETIC_PROCESS,Ribose phosphate biosynthetic process,5,201,806,0.0062,0.0136,0.457,0.9867820945237096,0.9999999994618483,"GUK1, ALDOA, AK1, ADCY3, ELOVL7",False
C2_core,GO_BP,GOBP_REGULATORY_NCRNA_MEDIATED_GENE_SILENCING,Regulatory ncrna mediated gene silencing,2,113,806,0.0025,0.0076,0.325,0.9868572686472744,0.9999999994618483,"ZFP36, PIWIL4",False
C2_core,GO_BP,GOBP_PURINE_CONTAINING_COMPOUND_METABOLIC_PROCESS,Purine containing compound metabolic process,17,496,806,0.0211,0.0335,0.629,0.9874101318777807,0.9999999994618483,"ACSM1, MYH4, PFKP, SULT1C4, GUK1, DGUOK, HKDC1, ALDOA, TSPO, SLC4A7, IER3, AK1, EPHA2, UCHL1, GPD1L, ADCY3, ELOVL7",False
C2_core,GO_BP,GOBP_PROTEIN_LOCALIZATION_TO_VACUOLE,Protein localization to vacuole,1,78,806,0.0012,0.0053,0.235,0.9874927234768488,0.9999999994618483,LAMTOR4,False
C2_core,GO_BP,GOBP_AXONEME_ASSEMBLY,Axoneme assembly,1,78,806,0.0012,0.0053,0.235,0.9874927234768488,0.9999999994618483,DNAH5,False
C2_core,GO_BP,GOBP_ESTABLISHMENT_OF_RNA_LOCALIZATION,Establishment of rna localization,3,146,806,0.0037,0.0099,0.377,0.9878029839709779,0.9999999994618483,"ZFP36, KIF5C, RFTN2",False
C2_core,GO_BP,GOBP_MICROTUBULE_BASED_MOVEMENT,Microtubule based movement,11,356,806,0.0136,0.0241,0.567,0.9878410557672496,0.9999999994618483,"CDR2L, KIF5C, KIF26B, MAP1A, MAP1B, UCHL1, KIF3C, CLIP3, DNAH5, ADCY3, TUBA1A",False
C2_core,GO_BP,GOBP_CHROMOSOME_SEPARATION,Chromosome separation,1,79,806,0.0012,0.0053,0.232,0.9881777509896009,0.9999999994618483,PPP2R1A,False
C2_core,GO_BP,GOBP_ORGANELLE_DISASSEMBLY,Organelle disassembly,4,176,806,0.005,0.0119,0.417,0.9881810472033143,0.9999999994618483,"NEDD9, PLK3, STING1, TSPO",False
C2_core,GO_BP,GOBP_NUCLEOBASE_CONTAINING_COMPOUND_TRANSPORT,Nucleobase containing compound transport,5,204,806,0.0062,0.0138,0.45,0.9882285013827433,0.9999999994618483,"SLC28A3, ZFP36, KIF5C, ADORA1, RFTN2",False
C2_core,GO_BP,GOBP_MRNA_TRANSPORT,Mrna transport,2,116,806,0.0025,0.0078,0.316,0.9886476348369232,0.9999999994618483,"ZFP36, KIF5C",False
C2_core,GO_BP,GOBP_GLYCEROLIPID_BIOSYNTHETIC_PROCESS,Glycerolipid biosynthetic process,6,232,806,0.0074,0.0157,0.475,0.9886847011696377,0.9999999994618483,"LPCAT1, SOCS1, DAGLA, SOCS3, SLC44A3, PDGFA",False
C2_core,GO_BP,GOBP_INTRACELLULAR_RECEPTOR_SIGNALING_PATHWAY,Intracellular receptor signaling pathway,10,334,806,0.0124,0.0226,0.55,0.9887219141455036,0.9999999994618483,"TNIP2, ZMIZ1, STING1, HEYL, LBH, PMEPA1, KLF2, VDR, PYCARD, TRIM15",False
C2_core,GO_BP,GOBP_NUCLEOTIDE_EXCISION_REPAIR,Nucleotide excision repair,1,80,806,0.0012,0.0054,0.229,0.9888253033309112,0.9999999994618483,SMARCD3,False
C2_core,GO_BP,GOBP_ATP_BIOSYNTHETIC_PROCESS,Atp biosynthetic process,1,80,806,0.0012,0.0054,0.229,0.9888253033309112,0.9999999994618483,ALDOA,False
C2_core,GO_BP,GOBP_VESICLE_BUDDING_FROM_MEMBRANE,Vesicle budding from membrane,1,80,806,0.0012,0.0054,0.229,0.9888253033309112,0.9999999994618483,CHMP4B,False
C2_core,GO_BP,GOBP_DNA_REPLICATION,Dna replication,7,259,806,0.0087,0.0175,0.496,0.9889823198730243,0.9999999994618483,"ACVRL1, GLI2, S100A11, ID3, GLI1, ADRA2A, NAP1L1",False
C2_core,GO_BP,GOBP_ENDOCYTIC_RECYCLING,Endocytic recycling,1,81,806,0.0012,0.0055,0.227,0.9894374282130157,0.9999999994618483,ARL4C,False
C2_core,GO_BP,GOBP_LIPID_STORAGE,Lipid storage,1,82,806,0.0012,0.0055,0.224,0.9900160615889628,0.9999999994618483,ZC3H12A,False
C2_core,GO_BP,GOBP_REGULATION_OF_CARBOHYDRATE_BIOSYNTHETIC_PROCESS,Regulation of carbohydrate biosynthetic process,1,82,806,0.0012,0.0055,0.224,0.9900160615889628,0.9999999994618483,HAS2,False
C2_core,GO_BP,GOBP_RNA_3_END_PROCESSING,Rna 3 end processing,1,83,806,0.0012,0.0056,0.221,0.990563033744978,0.9999999994618483,INTS6L,False
C2_core,GO_BP,GOBP_RESPONSE_TO_INSULIN,Response to insulin,6,237,806,0.0074,0.016,0.465,0.9905988268519532,0.9999999994618483,"SOCS1, SHC1, SOCS3, EGR1, EGR2, FOS",False
C2_core,GO_BP,GOBP_PROTEASOMAL_PROTEIN_CATABOLIC_PROCESS,Proteasomal protein catabolic process,16,485,806,0.0199,0.0328,0.606,0.9909238764432855,0.9999999994618483,"OSBPL7, ECSCR, PRICKLE1, PLK3, SH3RF3, MAP1A, RNF145, RNF122, KCTD10, UCHL1, KCTD17, CSNK1E, WWTR1, NKD2, WNT10B, MIDN",False
C2_core,GO_BP,GOBP_CARBOHYDRATE_METABOLIC_PROCESS,Carbohydrate metabolic process,16,486,806,0.0199,0.0329,0.604,0.9911704004777958,0.9999999994618483,"MIDN, CHST10, CHST4, PFKP, CHST3, HAS2, HKDC1, SLC2A3, ALDOA, GCNT4, IER3, B3GAT3, UCHL1, CHST1, GPD1L, HYAL2",False
C2_core,GO_BP,GOBP_MACROAUTOPHAGY,Macroautophagy,10,342,806,0.0124,0.0231,0.537,0.9912582176892593,0.9999999994618483,"STING1, CHMP4B, RAB19, TSPO, GPSM1, UCHL1, ATP6V0B, RAB33A, HSPB8, PIM2",False
C2_core,GO_BP,GOBP_POSITIVE_REGULATION_OF_DOUBLE_STRAND_BREAK_REPAIR,Positive regulation of double strand break repair,1,85,806,0.0012,0.0057,0.216,0.991568821458165,0.9999999994618483,SMARCD3,False
C2_core,GO_BP,GOBP_GENERATION_OF_PRECURSOR_METABOLITES_AND_ENERGY,Generation of precursor metabolites and energy,12,394,806,0.0149,0.0266,0.559,0.9919922577960696,0.9999999994618483,"ACSM1, COX7A1, PFKP, CAVIN3, HKDC1, DGUOK, ALDOA, IER3, MRAP2, UCHL1, GFPT2, NFATC4",False
C2_core,GO_BP,GOBP_LEUKOCYTE_MEDIATED_CYTOTOXICITY,Leukocyte mediated cytotoxicity,2,124,806,0.0025,0.0084,0.296,0.9923376147288276,0.9999999994618483,"CXCL6, SERPINB9",False
C2_core,GO_BP,GOBP_DNA_CONFORMATION_CHANGE,Dna conformation change,1,87,806,0.0012,0.0059,0.211,0.9924675315037774,0.9999999994618483,HFM1,False
C2_core,GO_BP,GOBP_TOR_SIGNALING,Tor signaling,3,157,806,0.0037,0.0106,0.351,0.9925423025046829,0.9999999994618483,"PKHD1, F3, LAMTOR4",False
C2_core,GO_BP,GOBP_CILIUM_OR_FLAGELLUM_DEPENDENT_CELL_MOTILITY,Cilium or flagellum dependent cell motility,2,125,806,0.0025,0.0084,0.294,0.9927068556884737,0.9999999994618483,"DNAH5, ADCY3",False
C2_core,GO_BP,GOBP_DICARBOXYLIC_ACID_METABOLIC_PROCESS,Dicarboxylic acid metabolic process,1,88,806,0.0012,0.0059,0.209,0.9928803396636983,0.9999999994618483,MTHFD2,False
C2_core,GO_BP,GOBP_MITOCHONDRIAL_TRANSPORT,Mitochondrial transport,3,159,806,0.0037,0.0107,0.346,0.993186620339113,0.9999999994618483,"IER3, SFXN3, BCL2",False
C2_core,GO_BP,GOBP_MITOCHONDRIAL_TRANSMEMBRANE_TRANSPORT,Mitochondrial transmembrane transport,1,89,806,0.0012,0.006,0.206,0.9932705508857205,0.9999999994618483,SFXN3,False
C2_core,GO_BP,GOBP_REGULATION_OF_GLUCOSE_METABOLIC_PROCESS,Regulation of glucose metabolic process,1,89,806,0.0012,0.006,0.206,0.9932705508857205,0.9999999994618483,MIDN,False
C2_core,GO_BP,GOBP_REGULATION_OF_DNA_RECOMBINATION,Regulation of dna recombination,2,130,806,0.0025,0.0088,0.282,0.9943071777158479,0.9999999994618483,"CLCF1, FOXP3",False
C2_core,GO_BP,GOBP_ENDOPLASMIC_RETICULUM_ORGANIZATION,Endoplasmic reticulum organization,1,92,806,0.0012,0.0062,0.2,0.9943176241861983,0.9999999994618483,ATL1,False
C2_core,GO_BP,GOBP_ENERGY_DERIVATION_BY_OXIDATION_OF_ORGANIC_COMPOUNDS,Energy derivation by oxidation of organic compounds,7,280,806,0.0087,0.0189,0.459,0.9948338767015084,0.9999999994618483,"ACSM1, COX7A1, CAVIN3, DGUOK, MRAP2, GFPT2, NFATC4",False
C2_core,GO_BP,GOBP_TRIGLYCERIDE_METABOLIC_PROCESS,Triglyceride metabolic process,1,95,806,0.0012,0.0064,0.193,0.9952019477450554,0.9999999994618483,TNXB,False
C2_core,GO_BP,GOBP_PROTEIN_TARGETING_TO_MITOCHONDRION,Protein targeting to mitochondrion,1,95,806,0.0012,0.0064,0.193,0.9952019477450554,0.9999999994618483,TSPO,False
C2_core,GO_BP,GOBP_PEPTIDYL_THREONINE_MODIFICATION,Peptidyl threonine modification,1,95,806,0.0012,0.0064,0.193,0.9952019477450554,0.9999999994618483,SPHK1,False
C2_core,GO_BP,GOBP_REGULATION_OF_TELOMERE_MAINTENANCE,Regulation of telomere maintenance,1,96,806,0.0012,0.0065,0.191,0.9954650425213998,0.9999999994618483,MYC,False
C2_core,GO_BP,GOBP_NUCLEAR_CHROMOSOME_SEGREGATION,Nuclear chromosome segregation,7,284,806,0.0087,0.0192,0.452,0.9955436044679438,0.9999999994618483,"SMARCD3, CHMP4B, PRICKLE1, PPP2R1A, FLNA, GEM, MAP9",False
C2_core,GO_BP,GOBP_MALE_GAMETE_GENERATION,Male gamete generation,14,463,806,0.0174,0.0313,0.555,0.9956779193080866,0.9999999994618483,"TAF4B, PIWIL4, PAFAH1B3, YBX3, TSPAN8, KIT, JAM3, GLI1, JAG2, SOX9, PYGO1, GJA1, WFDC2, HSPA2",False
C2_core,GO_BP,GOBP_TORC1_SIGNALING,Torc1 signaling,1,97,806,0.0012,0.0066,0.189,0.9957137277661781,0.9999999994618483,LAMTOR4,False
C2_core,GO_BP,GOBP_REGULATION_OF_MRNA_METABOLIC_PROCESS,Regulation of mrna metabolic process,6,258,806,0.0074,0.0174,0.427,0.9957696162546453,0.9999999994618483,"BTG2, TENT5C, ZFP36, YBX3, VIM, ZC3H12A",False
C2_core,GO_BP,GOBP_GOLGI_ORGANIZATION,Golgi organization,2,136,806,0.0025,0.0092,0.27,0.995778090438207,0.9999999994618483,"ATP8B2, PLK3",False
C2_core,GO_BP,GOBP_POST_TRANSCRIPTIONAL_REGULATION_OF_GENE_EXPRESSION,Post transcriptional regulation of gene expression,14,464,806,0.0174,0.0314,0.554,0.9958067934085345,0.9999999994618483,"PPP1R15A, THBS1, BTG2, PIWIL4, TENT5C, ZFP36, APLP1, SOX4, NCK2, YBX3, ITGA2, VIM, HABP4, ZC3H12A",False
C2_core,GO_BP,GOBP_GLUCOSE_METABOLIC_PROCESS,Glucose metabolic process,3,170,806,0.0037,0.0115,0.324,0.995874066161976,0.9999999994618483,"HKDC1, PFKP, MIDN",False
C2_core,GO_BP,GOBP_RIBOSOMAL_SMALL_SUBUNIT_BIOGENESIS,Ribosomal small subunit biogenesis,1,98,806,0.0012,0.0066,0.187,0.9959487917534177,0.9999999994618483,RPS19,False
C2_core,GO_BP,GOBP_REGULATION_OF_SISTER_CHROMATID_SEGREGATION,Regulation of sister chromatid segregation,1,99,806,0.0012,0.0067,0.185,0.9961709796852866,0.9999999994618483,SMARCD3,False
C2_core,GO_BP,GOBP_STEROL_METABOLIC_PROCESS,Sterol metabolic process,2,139,806,0.0025,0.0094,0.264,0.9963665121325253,0.9999999994618483,"CH25H, OSBPL5",False
C2_core,GO_BP,GOBP_REGULATION_OF_CYTOPLASMIC_PATTERN_RECOGNITION_RECEPTOR_SIGNALING_PATHWAY,Regulation of cytoplasmic pattern recognition receptor signaling pathway,1,102,806,0.0012,0.0069,0.18,0.9967671415672796,0.9999999994618483,TRIM15,False
C2_core,GO_BP,GOBP_REGULATION_OF_INNATE_IMMUNE_RESPONSE,Regulation of innate immune response,11,398,806,0.0136,0.0269,0.507,0.9968054257153246,0.9999999994618483,"TNIP2, A2M, STING1, GDI1, SERPINB9, IRAK3, RPS19, CYBA, PYCARD, GFI1, TRIM15",False
C2_core,GO_BP,GOBP_POSITIVE_REGULATION_OF_RESPONSE_TO_BIOTIC_STIMULUS,Positive regulation of response to biotic stimulus,9,347,806,0.0112,0.0235,0.476,0.9968724330412625,0.9999999994618483,"TNIP2, GDI1, STING1, IRAK3, RPS19, CYBA, PYCARD, GFI1, TRIM15",False
C2_core,GO_BP,GOBP_AUTOPHAGY_OF_MITOCHONDRION,Autophagy of mitochondrion,1,103,806,0.0012,0.007,0.178,0.9969444954943674,0.9999999994618483,TSPO,False
C2_core,GO_BP,GOBP_ORGANELLE_FISSION,Organelle fission,12,426,806,0.0149,0.0288,0.517,0.9970765566912789,0.9999999994618483,"CHMP4B, PRICKLE1, PPP2R1A, HFM1, SPHK1, FLNA, RGCC, HSPA2, LIF, MAP9, PIN1, PDE3A",False
C2_core,GO_BP,GOBP_RNA_LOCALIZATION,Rna localization,3,183,806,0.0037,0.0124,0.301,0.9977403092484414,0.9999999994618483,"ZFP36, KIF5C, RFTN2",False
C2_core,GO_BP,GOBP_CYTOPLASMIC_TRANSLATION,Cytoplasmic translation,2,150,806,0.0025,0.0101,0.245,0.9979114004702668,0.9999999994618483,"YBX3, RPS19",False
C2_core,GO_BP,GOBP_RNA_MODIFICATION,Rna modification,2,150,806,0.0025,0.0101,0.245,0.9979114004702668,0.9999999994618483,"SNRPB, APOBEC3H",False
C2_core,GO_BP,GOBP_CELL_CYCLE_CHECKPOINT_SIGNALING,Cell cycle checkpoint signaling,3,185,806,0.0037,0.0125,0.298,0.9979419020804936,0.9999999994618483,"IER3, BRSK1, PLK3",False
C2_core,GO_BP,GOBP_VACUOLAR_TRANSPORT,Vacuolar transport,2,151,806,0.0025,0.0102,0.243,0.9980144211277162,0.9999999994618483,"TMEM50A, CHMP4B",False
C2_core,GO_BP,GOBP_CELLULAR_RESPONSE_TO_INSULIN_STIMULUS,Cellular response to insulin stimulus,3,186,806,0.0037,0.0126,0.296,0.998036003895877,0.9999999994618483,"SOCS1, SHC1, SOCS3",False
C2_core,GO_BP,GOBP_MACROMOLECULE_METHYLATION,Macromolecule methylation,1,111,806,0.0012,0.0075,0.165,0.9980546799370628,0.9999999994618483,SNRPB,False
C2_core,GO_BP,GOBP_RESPONSE_TO_ENDOPLASMIC_RETICULUM_STRESS,Response to endoplasmic reticulum stress,5,249,806,0.0062,0.0168,0.369,0.9980874572908363,0.9999999994618483,"THBS1, PPP1R15A, NCK2, CXCL8, BCL2",False
C2_core,GO_BP,GOBP_CILIUM_MOVEMENT,Cilium movement,2,152,806,0.0025,0.0103,0.242,0.9981124343466126,0.9999999994618483,"DNAH5, ADCY3",False
C2_core,GO_BP,GOBP_GOLGI_VESICLE_TRANSPORT,Golgi vesicle transport,6,281,806,0.0074,0.019,0.392,0.9982942322862474,0.9999999994618483,"PKDCC, GOLT1A, OSBPL5, NKD2, CYTH3, RAB34",False
C2_core,GO_BP,GOBP_AEROBIC_RESPIRATION,Aerobic respiration,2,154,806,0.0025,0.0104,0.238,0.9982943830709979,0.9999999994618483,"COX7A1, DGUOK",False
C2_core,GO_BP,GOBP_NUCLEAR_EXPORT,Nuclear export,2,155,806,0.0025,0.0105,0.237,0.9983787635577913,0.9999999994618483,"EGR2, PTPN14",False
C2_core,GO_BP,GOBP_PROTEIN_LOCALIZATION_TO_MITOCHONDRION,Protein localization to mitochondrion,1,115,806,0.0012,0.0078,0.16,0.9984479564098687,0.9999999994618483,TSPO,False
C2_core,GO_BP,GOBP_LYSOSOMAL_TRANSPORT,Lysosomal transport,1,117,806,0.0012,0.0079,0.157,0.9986137229704292,0.9999999994618483,CHMP4B,False
C2_core,GO_BP,GOBP_CELLULAR_RESPIRATION,Cellular respiration,3,194,806,0.0037,0.0131,0.284,0.9986518166625704,0.9999999994618483,"COX7A1, DGUOK, NFATC4",False
C2_core,GO_BP,GOBP_L_AMINO_ACID_METABOLIC_PROCESS,L amino acid metabolic process,2,160,806,0.0025,0.0108,0.229,0.9987427291831893,0.9999999994618483,"SLC38A1, GFPT2",False
C2_core,GO_BP,GOBP_ESTABLISHMENT_OF_PROTEIN_LOCALIZATION_TO_ORGANELLE,Establishment of protein localization to organelle,10,401,806,0.0124,0.0271,0.458,0.998822401493011,0.9999999994618483,"CHMP4B, PTGS2, LAMP5, PRICKLE1, ZC3H12A, TSPO, FLNA, LMNA, ANGPT1, HYAL2",False
C2_core,GO_BP,GOBP_ENDOPLASMIC_RETICULUM_TO_GOLGI_VESICLE_MEDIATED_TRANSPORT,Endoplasmic reticulum to golgi vesicle mediated transport,1,120,806,0.0012,0.0081,0.153,0.9988298102200094,0.9999999994618483,GOLT1A,False
C2_core,GO_BP,GOBP_POSITIVE_REGULATION_OF_DNA_REPAIR,Positive regulation of dna repair,1,122,806,0.0012,0.0082,0.15,0.9989548341354769,0.9999999994618483,SMARCD3,False
C2_core,GO_BP,GOBP_REGULATION_OF_CHROMOSOME_SEGREGATION,Regulation of chromosome segregation,1,123,806,0.0012,0.0083,0.149,0.9990122498720367,0.9999999994618483,SMARCD3,False
C2_core,GO_BP,GOBP_CARBOHYDRATE_BIOSYNTHETIC_PROCESS,Carbohydrate biosynthetic process,2,171,806,0.0025,0.0116,0.215,0.9992835774642069,0.9999999994618483,"HAS2, CHST10",False
C2_core,GO_BP,GOBP_REGULATION_OF_DOUBLE_STRAND_BREAK_REPAIR,Regulation of double strand break repair,1,132,806,0.0012,0.0089,0.139,0.9994060819405156,0.9999999994618483,SMARCD3,False
C2_core,GO_BP,GOBP_RRNA_METABOLIC_PROCESS,Rrna metabolic process,4,245,806,0.005,0.0166,0.3,0.9994120613267086,0.9999999994618483,"ISG20, SLFN13, RPS19, CAVIN1",False
C2_core,GO_BP,GOBP_PROTEIN_RNA_COMPLEX_ORGANIZATION,Protein rna complex organization,2,186,806,0.0025,0.0126,0.197,0.9996693321892898,0.9999999994618483,"SNRPB, RPS19",False
C2_core,GO_BP,GOBP_TELOMERE_MAINTENANCE,Telomere maintenance,1,143,806,0.0012,0.0097,0.128,0.9996811965786525,0.9999999994618483,MYC,False
C2_core,GO_BP,GOBP_CHROMOSOME_SEGREGATION,Chromosome segregation,8,381,806,0.0099,0.0258,0.385,0.9996867867338153,0.9999999994618483,"HAUS7, SMARCD3, CHMP4B, PRICKLE1, PPP2R1A, FLNA, GEM, MAP9",False
C2_core,GO_BP,GOBP_ALPHA_AMINO_ACID_METABOLIC_PROCESS,Alpha amino acid metabolic process,2,191,806,0.0025,0.0129,0.192,0.9997448261722863,0.9999999994618483,"SLC38A1, GFPT2",False
C2_core,GO_BP,GOBP_TELOMERE_ORGANIZATION,Telomere organization,1,148,806,0.0012,0.01,0.124,0.9997597661663684,0.9999999994618483,MYC,False
C2_core,GO_BP,GOBP_DNA_RECOMBINATION,Dna recombination,5,305,806,0.0062,0.0206,0.301,0.9998307601089088,0.9999999994618483,"BATF, HFM1, FOXP3, APEX2, CLCF1",False
C2_core,GO_BP,GOBP_REGULATION_OF_RNA_SPLICING,Regulation of rna splicing,1,157,806,0.0012,0.0106,0.117,0.9998556803317374,0.9999999994618483,HABP4,False
C2_core,GO_BP,GOBP_REGULATION_OF_DNA_REPAIR,Regulation of dna repair,2,205,806,0.0025,0.0139,0.179,0.9998769292315367,0.9999999994618483,"IER3, SMARCD3",False
C2_core,GO_BP,GOBP_RRNA_PROCESSING,Rrna processing,2,207,806,0.0025,0.014,0.177,0.9998891486177399,0.9999999994618483,"ISG20, RPS19",False
C2_core,GO_BP,GOBP_PROTEIN_POLYUBIQUITINATION,Protein polyubiquitination,3,250,806,0.0037,0.0169,0.22,0.9999102803974205,0.9999999994618483,"RNF166, C10orf90, BCL2",False
C2_core,GO_BP,GOBP_MITOCHONDRION_ORGANIZATION,Mitochondrion organization,9,454,806,0.0112,0.0307,0.364,0.9999461299163702,0.9999999994618483,"LMNA, COX7A1, MCL1, TSPO, IER3, EDNRA, PYCARD, BCL2, PIM2",False
C2_core,GO_BP,GOBP_TRNA_METABOLIC_PROCESS,Trna metabolic process,1,181,806,0.0012,0.0122,0.101,0.9999629759456492,0.9999999994618483,SLFN13,False
C2_core,GO_BP,GOBP_AMINO_ACID_METABOLIC_PROCESS,Amino acid metabolic process,3,269,806,0.0037,0.0182,0.205,0.9999650997018855,0.9999999994618483,"SLC38A1, GGT5, GFPT2",False
C2_core,GO_BP,GOBP_REGULATION_OF_CHROMOSOME_ORGANIZATION,Regulation of chromosome organization,2,230,806,0.0025,0.0155,0.16,0.9999669138995531,0.9999999994618483,"SMARCD3, MYC",False
C2_core,GO_BP,GOBP_SMALL_MOLECULE_CATABOLIC_PROCESS,Small molecule catabolic process,3,337,806,0.0037,0.0228,0.163,0.9999988986715281,0.9999999994618483,"PFKP, SULT1C4, APOBEC3H",False
C2_core,GO_BP,GOBP_RIBOSOME_BIOGENESIS,Ribosome biogenesis,2,294,806,0.0025,0.0199,0.125,0.9999989144706205,0.9999999994618483,"ISG20, RPS19",False
C2_core,GO_BP,GOBP_RNA_SPLICING_VIA_TRANSESTERIFICATION_REACTIONS,Rna splicing via transesterification reactions,1,275,806,0.0012,0.0186,0.067,0.999999824328393,0.9999999994618483,SNRPB,False
C2_core,GO_BP,GOBP_DOUBLE_STRAND_BREAK_REPAIR,Double strand break repair,1,292,806,0.0012,0.0197,0.063,0.9999999335047864,0.9999999994618483,SMARCD3,False
C2_core,GO_BP,GOBP_RIBONUCLEOPROTEIN_COMPLEX_BIOGENESIS,Ribonucleoprotein complex biogenesis,3,425,806,0.0037,0.0287,0.13,0.9999999890147602,0.9999999994618483,"ISG20, SNRPB, RPS19",False
C2_core,GO_BP,GOBP_RNA_SPLICING,Rna splicing,2,399,806,0.0025,0.027,0.092,0.9999999964717876,0.9999999994618483,"HABP4, SNRPB",False
C2_core,GO_BP,GOBP_MRNA_PROCESSING,Mrna processing,2,433,806,0.0025,0.0293,0.085,0.9999999994618483,0.9999999994618483,"HABP4, SNRPB",False
