group,database,term,term_label,overlap,set_size,n_group_genes,gene_ratio,bg_ratio,fold_enrichment,p_value,q_value,genes,significant
C4_core,GO_BP,GOBP_HEART_TRABECULA_FORMATION,Heart trabecula formation,3,12,126,0.0238,0.0008,29.353,0.00012546941334898193,0.1255948827623309,"HEY2, BMP10, TGFBR3",False
C4_core,GO_BP,GOBP_VENTRICULAR_CARDIAC_MUSCLE_CELL_DIFFERENTIATION,Ventricular cardiac muscle cell differentiation,3,12,126,0.0238,0.0008,29.353,0.00012546941334898193,0.1255948827623309,"MEF2A, HEY2, BMP10",False
C4_core,GO_BP,GOBP_CELLULAR_RESPONSE_TO_INSULIN_STIMULUS,Cellular response to insulin stimulus,8,186,126,0.0635,0.0126,5.05,0.00019070571458563456,0.1272642802001468,"PIK3CA, PRKAA1, SIK2, KAT2B, ZNF592, SYAP1, GPT, PCK1",False
C4_core,GO_BP,GOBP_CARDIAC_CELL_DEVELOPMENT,Cardiac cell development,5,73,126,0.0397,0.0049,8.042,0.0003912530600661042,0.15100488234527215,"MEF2A, HEY2, BMP10, PDLIM5, TGFBR3",False
C4_core,GO_BP,GOBP_REGULATION_OF_DENDRITIC_SPINE_MORPHOGENESIS,Regulation of dendritic spine morphogenesis,4,42,126,0.0317,0.0028,11.182,0.00043709912355719164,0.15100488234527215,"DHX36, PDLIM5, EFNA1, PTPRD",False
C4_core,GO_BP,GOBP_CELLULAR_RESPONSE_TO_PEPTIDE_HORMONE_STIMULUS,Cellular response to peptide hormone stimulus,9,266,126,0.0714,0.018,3.973,0.00045256208495086556,0.15100488234527215,"CA2, PIK3CA, PRKAA1, SIK2, KAT2B, ZNF592, SYAP1, GPT, PCK1",False
C4_core,GO_BP,GOBP_MUSCLE_HYPERTROPHY,Muscle hypertrophy,5,80,126,0.0397,0.0054,7.338,0.0005972229897632199,0.15945213586047294,"MEF2A, HEY2, BMP10, PDLIM5, CAMK2D",False
C4_core,GO_BP,GOBP_CARDIOCYTE_DIFFERENTIATION,Cardiocyte differentiation,6,127,126,0.0476,0.0086,5.547,0.000755894035570019,0.15945213586047294,"MEF2A, DHX36, HEY2, BMP10, PDLIM5, TGFBR3",False
C4_core,GO_BP,GOBP_POSITIVE_REGULATION_OF_CARDIAC_MUSCLE_CELL_PROLIFERATION,Positive regulation of cardiac muscle cell proliferation,3,22,126,0.0238,0.0015,16.011,0.0008252781147439464,0.15945213586047294,"HEY2, BMP10, TGFBR3",False
C4_core,GO_BP,GOBP_DENDRITE_MORPHOGENESIS,Dendrite morphogenesis,6,132,126,0.0476,0.0089,5.337,0.000924944745761017,0.15945213586047294,"MEF2A, DHX36, PDLIM5, EFNA1, PICALM, PTPRD",False
C4_core,GO_BP,GOBP_TRABECULA_FORMATION,Trabecula formation,3,23,126,0.0238,0.0016,15.315,0.0009431922621107571,0.15945213586047294,"HEY2, BMP10, TGFBR3",False
C4_core,GO_BP,GOBP_RESPONSE_TO_INSULIN,Response to insulin,8,237,126,0.0635,0.016,3.963,0.0009557570581047328,0.15945213586047294,"PIK3CA, PRKAA1, SIK2, KAT2B, ZNF592, SYAP1, GPT, PCK1",False
C4_core,GO_BP,GOBP_RESPONSE_TO_PEPTIDE_HORMONE,Response to peptide hormone,10,363,126,0.0794,0.0245,3.235,0.0010815325249530331,0.1600598962825422,"CA2, PIK3CA, PRKAA1, SIK2, KAT2B, TGFBR3, ZNF592, SYAP1, GPT, PCK1",False
C4_core,GO_BP,GOBP_POSITIVE_REGULATION_OF_MUSCLE_HYPERTROPHY,Positive regulation of muscle hypertrophy,3,25,126,0.0238,0.0017,14.09,0.0012098087299809656,0.1600598962825422,"MEF2A, BMP10, CAMK2D",False
C4_core,GO_BP,GOBP_DENDRITIC_SPINE_MORPHOGENESIS,Dendritic spine morphogenesis,4,55,126,0.0317,0.0037,8.539,0.0012230892121526853,0.1600598962825422,"DHX36, PDLIM5, EFNA1, PTPRD",False
C4_core,GO_BP,GOBP_RESPONSE_TO_ENDOPLASMIC_RETICULUM_STRESS,Response to endoplasmic reticulum stress,8,249,126,0.0635,0.0168,3.772,0.00131150793313918,0.1600598962825422,"CERT1, RNF139, ERN1, CTH, UFL1, OPA1, ERLIN2, TMBIM6",False
C4_core,GO_BP,GOBP_HEART_TRABECULA_MORPHOGENESIS,Heart trabecula morphogenesis,3,26,126,0.0238,0.0018,13.548,0.0013591499684331755,0.1600598962825422,"HEY2, BMP10, TGFBR3",False
C4_core,GO_BP,GOBP_RESPONSE_TO_TOPOLOGICALLY_INCORRECT_PROTEIN,Response to topologically incorrect protein,6,146,126,0.0476,0.0099,4.825,0.0015552257445454521,0.17217824292769193,"ERN1, CTH, UFL1, TMBIM6, CREBRF, KLHL15",False
C4_core,GO_BP,GOBP_CELLULAR_RESPONSE_TO_TOPOLOGICALLY_INCORRECT_PROTEIN,Cellular response to topologically incorrect protein,5,100,126,0.0397,0.0068,5.871,0.0016340592485645088,0.17217824292769193,"ERN1, CTH, UFL1, TMBIM6, KLHL15",False
C4_core,GO_BP,GOBP_POSITIVE_REGULATION_OF_HEART_GROWTH,Positive regulation of heart growth,3,30,126,0.0238,0.002,11.741,0.0020703846777686873,0.2072455062446456,"HEY2, BMP10, TGFBR3",False
C4_core,GO_BP,GOBP_REGULATION_OF_CARDIAC_MUSCLE_CELL_PROLIFERATION,Regulation of cardiac muscle cell proliferation,3,32,126,0.0238,0.0022,11.007,0.0024982070190477774,0.23136778863114726,"HEY2, BMP10, TGFBR3",False
C4_core,GO_BP,GOBP_CARDIAC_EPITHELIAL_TO_MESENCHYMAL_TRANSITION,Cardiac epithelial to mesenchymal transition,3,33,126,0.0238,0.0022,10.674,0.0027310744909432266,0.23136778863114726,"HEY2, EFNA1, TGFBR3",False
C4_core,GO_BP,GOBP_REGULATION_OF_ORGANELLE_ASSEMBLY,Regulation of organelle assembly,7,224,126,0.0556,0.0151,3.669,0.0030612703122538136,0.23136778863114726,"SNX4, GDI2, PRKAA1, KAT2B, CEP120, ATMIN, PTPRD",False
C4_core,GO_BP,GOBP_REGULATION_OF_T_CELL_MEDIATED_IMMUNE_RESPONSE_TO_TUMOR_CELL,Regulation of t cell mediated immune response to tumor cell,2,10,126,0.0159,0.0007,23.483,0.0030968817045689064,0.23136778863114726,"UFL1, HMGB1",False
C4_core,GO_BP,GOBP_PURINE_NUCLEOSIDE_MONOPHOSPHATE_CATABOLIC_PROCESS,Purine nucleoside monophosphate catabolic process,2,10,126,0.0159,0.0007,23.483,0.0030968817045689064,0.23136778863114726,"NT5E, PNP",False
C4_core,GO_BP,GOBP_PYRUVATE_FAMILY_AMINO_ACID_CATABOLIC_PROCESS,Pyruvate family amino acid catabolic process,2,10,126,0.0159,0.0007,23.483,0.0030968817045689064,0.23136778863114726,"GPT2, GPT",False
C4_core,GO_BP,GOBP_REGULATION_OF_CELLULAR_CATABOLIC_PROCESS,Regulation of cellular catabolic process,10,420,126,0.0794,0.0284,2.796,0.003152778363100529,0.23136778863114726,"SNX4, PIK3CA, PRKAA1, ERN1, UFL1, KAT2B, HP, MAPK8, RB1CC1, HMGB1",False
C4_core,GO_BP,GOBP_VENTRICULAR_CARDIAC_MUSCLE_TISSUE_MORPHOGENESIS,Ventricular cardiac muscle tissue morphogenesis,3,35,126,0.0238,0.0024,10.064,0.0032359131277083534,0.23136778863114726,"HEY2, BMP10, TGFBR3",False
C4_core,GO_BP,GOBP_T_CELL_MEDIATED_IMMUNE_RESPONSE_TO_TUMOR_CELL,T cell mediated immune response to tumor cell,2,11,126,0.0159,0.0007,21.348,0.0037640352156691117,0.2345406532408546,"UFL1, HMGB1",False
C4_core,GO_BP,GOBP_HEART_GROWTH,Heart growth,4,75,126,0.0317,0.0051,6.262,0.003825446005304355,0.2345406532408546,"HEY2, BMP10, PDLIM5, TGFBR3",False
C4_core,GO_BP,GOBP_POSITIVE_REGULATION_OF_ORGAN_GROWTH,Positive regulation of organ growth,3,39,126,0.0238,0.0026,9.032,0.004408131636670341,0.2345406532408546,"HEY2, BMP10, TGFBR3",False
C4_core,GO_BP,GOBP_REGULATION_OF_VASCULAR_ASSOCIATED_SMOOTH_MUSCLE_CELL_DIFFERENTIATION,Regulation of vascular associated smooth muscle cell differentiation,2,12,126,0.0159,0.0008,19.569,0.004491748376133137,0.2345406532408546,"HEY2, CTH",False
C4_core,GO_BP,GOBP_PYRUVATE_FAMILY_AMINO_ACID_METABOLIC_PROCESS,Pyruvate family amino acid metabolic process,2,12,126,0.0159,0.0008,19.569,0.004491748376133137,0.2345406532408546,"GPT2, GPT",False
C4_core,GO_BP,GOBP_N_TERMINAL_PROTEIN_AMINO_ACID_ACETYLATION,N terminal protein amino acid acetylation,2,12,126,0.0159,0.0008,19.569,0.004491748376133137,0.2345406532408546,"NAA50, KAT2B",False
C4_core,GO_BP,GOBP_POSITIVE_REGULATION_OF_LIPID_BIOSYNTHETIC_PROCESS,Positive regulation of lipid biosynthetic process,4,79,126,0.0317,0.0053,5.945,0.004607410118187,0.2345406532408546,"KAT2B, ADGRF5, PRKAA1, PCK1",False
C4_core,GO_BP,GOBP_TRABECULA_MORPHOGENESIS,Trabecula morphogenesis,3,40,126,0.0238,0.0027,8.806,0.004736228368701604,0.2345406532408546,"HEY2, BMP10, TGFBR3",False
C4_core,GO_BP,GOBP_REGULATION_OF_RESPONSE_TO_ENDOPLASMIC_RETICULUM_STRESS,Regulation of response to endoplasmic reticulum stress,4,80,126,0.0317,0.0054,5.871,0.004818472598630358,0.2345406532408546,"ERN1, TMBIM6, UFL1, OPA1",False
C4_core,GO_BP,GOBP_CELLULAR_RESPONSE_TO_CARBOHYDRATE_STIMULUS,Cellular response to carbohydrate stimulus,5,130,126,0.0397,0.0088,4.516,0.005077846596627057,0.2345406532408546,"PIK3CA, PRKAA1, ERN1, SYBU, PCK1",False
C4_core,GO_BP,GOBP_RESPONSE_TO_BMP,Response to bmp,5,130,126,0.0397,0.0088,4.516,0.005077846596627057,0.2345406532408546,"BMP10, TGFBR3, GREM2, UBE2D3, LEMD3",False
C4_core,GO_BP,GOBP_RESPONSE_TO_L_GLUTAMATE,Response to l glutamate,2,13,126,0.0159,0.0009,18.063,0.005278957845100188,0.2345406532408546,"TMBIM6, UFL1",False
C4_core,GO_BP,GOBP_HEART_VALVE_FORMATION,Heart valve formation,2,13,126,0.0159,0.0009,18.063,0.005278957845100188,0.2345406532408546,"HEY2, EFNA1",False
C4_core,GO_BP,GOBP_INTRACELLULAR_GLUCOSE_HOMEOSTASIS,Intracellular glucose homeostasis,5,133,126,0.0397,0.009,4.414,0.005588025764947497,0.2345406532408546,"PIK3CA, PRKAA1, ERN1, SYBU, PCK1",False
C4_core,GO_BP,GOBP_NEGATIVE_REGULATION_OF_RESPONSE_TO_ENDOPLASMIC_RETICULUM_STRESS,Negative regulation of response to endoplasmic reticulum stress,3,43,126,0.0238,0.0029,8.192,0.0058075352627084634,0.2345406532408546,"TMBIM6, UFL1, OPA1",False
C4_core,GO_BP,GOBP_CARDIAC_MUSCLE_CELL_PROLIFERATION,Cardiac muscle cell proliferation,3,43,126,0.0238,0.0029,8.192,0.0058075352627084634,0.2345406532408546,"HEY2, BMP10, TGFBR3",False
C4_core,GO_BP,GOBP_TORC2_SIGNALING,Torc2 signaling,2,14,126,0.0159,0.0009,16.773,0.006124613751480281,0.2345406532408546,"RICTOR, SYAP1",False
C4_core,GO_BP,GOBP_RIBONUCLEOSIDE_MONOPHOSPHATE_CATABOLIC_PROCESS,Ribonucleoside monophosphate catabolic process,2,14,126,0.0159,0.0009,16.773,0.006124613751480281,0.2345406532408546,"NT5E, PNP",False
C4_core,GO_BP,GOBP_FATTY_ACID_BIOSYNTHETIC_PROCESS,Fatty acid biosynthetic process,5,136,126,0.0397,0.0092,4.317,0.006133418724126357,0.2345406532408546,"PRKAA1, KAT2B, ABHD2, ERLIN2, PNPLA8",False
C4_core,GO_BP,GOBP_MITOCHONDRION_LOCALIZATION,Mitochondrion localization,3,44,126,0.0238,0.003,8.005,0.006194193161701474,0.2345406532408546,"MEF2A, SYBU, OPA1",False
C4_core,GO_BP,GOBP_AMIDE_METABOLIC_PROCESS,Amide metabolic process,9,393,126,0.0714,0.0266,2.689,0.006457762979044604,0.2345406532408546,"PLPP3, CERT1, SGMS2, PRKAA1, AMDHD1, CPN1, EFNA1, PICALM, PNP",False
C4_core,GO_BP,GOBP_NEGATIVE_REGULATION_OF_BMP_SIGNALING_PATHWAY,Negative regulation of bmp signaling pathway,3,45,126,0.0238,0.003,7.828,0.006595885468234349,0.2345406532408546,"GREM2, LEMD3, UBE2D3",False
C4_core,GO_BP,GOBP_CARDIAC_MUSCLE_TISSUE_MORPHOGENESIS,Cardiac muscle tissue morphogenesis,3,45,126,0.0238,0.003,7.828,0.006595885468234349,0.2345406532408546,"HEY2, BMP10, TGFBR3",False
C4_core,GO_BP,GOBP_NEURON_PROJECTION_ORGANIZATION,Neuron projection organization,4,88,126,0.0317,0.0059,5.337,0.006744691978063544,0.2345406532408546,"DHX36, PDLIM5, EFNA1, PTPRD",False
C4_core,GO_BP,GOBP_ALCOHOL_METABOLIC_PROCESS,Alcohol metabolic process,8,326,126,0.0635,0.022,2.881,0.006773864074993475,0.2345406532408546,"SULT1A2, PLPP3, PRKAA1, APOF, ERLIN2, DHRS4, CETP, PCK1",False
C4_core,GO_BP,GOBP_DENDRITIC_SPINE_DEVELOPMENT,Dendritic spine development,4,89,126,0.0317,0.006,5.277,0.007016427698120698,0.2345406532408546,"DHX36, PDLIM5, EFNA1, PTPRD",False
C4_core,GO_BP,GOBP_AXONAL_TRANSPORT_OF_MITOCHONDRION,Axonal transport of mitochondrion,2,15,126,0.0159,0.001,15.655,0.007027679544624317,0.2345406532408546,"SYBU, OPA1",False
C4_core,GO_BP,GOBP_INTRACELLULAR_MRNA_LOCALIZATION,Intracellular mrna localization,2,15,126,0.0159,0.001,15.655,0.007027679544624317,0.2345406532408546,"DHX36, FUBP3",False
C4_core,GO_BP,GOBP_MUSCLE_ADAPTATION,Muscle adaptation,4,90,126,0.0317,0.0061,5.218,0.007295309472630105,0.2345406532408546,"MEF2A, HEY2, BMP10, CAMK2D",False
C4_core,GO_BP,GOBP_REGULATION_OF_BINDING,Regulation of binding,6,201,126,0.0476,0.0136,3.505,0.00747517304588125,0.2345406532408546,"HEY2, MAPK8, GREM2, TMBIM6, CCPG1, HMGB1",False
C4_core,GO_BP,GOBP_REGULATION_OF_CELLULAR_RESPONSE_TO_STRESS,Regulation of cellular response to stress,10,476,126,0.0794,0.0322,2.467,0.007500694175245646,0.2345406532408546,"PPP4R2, NBR1, ERN1, UFL1, KAT2B, OPA1, TMBIM6, PNPLA8, KLHL15, HMGB1",False
C4_core,GO_BP,GOBP_PROTEIN_ACETYLATION,Protein acetylation,3,48,126,0.0238,0.0032,7.338,0.00789256621305964,0.2345406532408546,"NAA50, KAT2B, PRKAA1",False
C4_core,GO_BP,GOBP_TRICARBOXYLIC_ACID_METABOLIC_PROCESS,Tricarboxylic acid metabolic process,2,16,126,0.0159,0.0011,14.677,0.007987131846528979,0.2345406532408546,"ACO1, PCK1",False
C4_core,GO_BP,GOBP_POSITIVE_REGULATION_OF_GLUCONEOGENESIS,Positive regulation of gluconeogenesis,2,16,126,0.0159,0.0011,14.677,0.007987131846528979,0.2345406532408546,"GPT, KAT2B",False
C4_core,GO_BP,GOBP_SERINE_FAMILY_AMINO_ACID_BIOSYNTHETIC_PROCESS,Serine family amino acid biosynthetic process,2,16,126,0.0159,0.0011,14.677,0.007987131846528979,0.2345406532408546,"CTH, SHMT2",False
C4_core,GO_BP,GOBP_CLATHRIN_COAT_ASSEMBLY,Clathrin coat assembly,2,16,126,0.0159,0.0011,14.677,0.007987131846528979,0.2345406532408546,"PICALM, CLINT1",False
C4_core,GO_BP,GOBP_POSITIVE_REGULATION_OF_AUTOPHAGY,Positive regulation of autophagy,5,145,126,0.0397,0.0098,4.049,0.00799312485156825,0.2345406532408546,"SNX4, PRKAA1, UFL1, RB1CC1, HMGB1",False
C4_core,GO_BP,GOBP_REGULATION_OF_AUTOPHAGY,Regulation of autophagy,8,336,126,0.0635,0.0227,2.796,0.008063830900860911,0.2345406532408546,"SNX4, PIK3CA, PRKAA1, ERN1, UFL1, MAPK8, RB1CC1, HMGB1",False
C4_core,GO_BP,GOBP_CERAMIDE_METABOLIC_PROCESS,Ceramide metabolic process,4,93,126,0.0317,0.0063,5.05,0.008175594078080894,0.2345406532408546,"PLPP3, CERT1, SGMS2, PRKAA1",False
C4_core,GO_BP,GOBP_POSITIVE_REGULATION_OF_CELLULAR_CATABOLIC_PROCESS,Positive regulation of cellular catabolic process,6,205,126,0.0476,0.0139,3.436,0.008198861389792337,0.2345406532408546,"SNX4, PRKAA1, UFL1, KAT2B, RB1CC1, HMGB1",False
C4_core,GO_BP,GOBP_ENDOTHELIAL_CELL_MIGRATION,Endothelial cell migration,6,205,126,0.0476,0.0139,3.436,0.008198861389792337,0.2345406532408546,"PLPP3, PIK3CA, BMP10, EFNA1, TGFBR3, HMGB1",False
C4_core,GO_BP,GOBP_VENTRICULAR_CARDIAC_MUSCLE_TISSUE_DEVELOPMENT,Ventricular cardiac muscle tissue development,3,49,126,0.0238,0.0033,7.189,0.008355759189093061,0.2345406532408546,"HEY2, BMP10, TGFBR3",False
C4_core,GO_BP,GOBP_MACROAUTOPHAGY,Macroautophagy,8,342,126,0.0635,0.0231,2.746,0.008921854043489452,0.2345406532408546,"WDFY3, SNX4, PIK3CA, NBR1, ERN1, UFL1, MAPK8, RB1CC1",False
C4_core,GO_BP,GOBP_NUCLEOBASE_CONTAINING_SMALL_MOLECULE_BIOSYNTHETIC_PROCESS,Nucleobase containing small molecule biosynthetic process,2,17,126,0.0159,0.0011,13.813,0.009001960305561675,0.2345406532408546,"NT5E, PNP",False
C4_core,GO_BP,GOBP_CORONARY_VASCULATURE_MORPHOGENESIS,Coronary vasculature morphogenesis,2,17,126,0.0159,0.0011,13.813,0.009001960305561675,0.2345406532408546,"HEY2, TGFBR3",False
C4_core,GO_BP,GOBP_RELAXATION_OF_CARDIAC_MUSCLE,Relaxation of cardiac muscle,2,17,126,0.0159,0.0011,13.813,0.009001960305561675,0.2345406532408546,"CAMK2D, PIK3CA",False
C4_core,GO_BP,GOBP_CARBOHYDRATE_HOMEOSTASIS,Carbohydrate homeostasis,6,210,126,0.0476,0.0142,3.355,0.009172816660133986,0.2345406532408546,"ADGRF5, PIK3CA, PRKAA1, ERN1, SYBU, PCK1",False
C4_core,GO_BP,GOBP_HEART_PROCESS,Heart process,6,211,126,0.0476,0.0143,3.339,0.009377128154728968,0.2345406532408546,"MEF2A, PIK3CA, HEY2, BMP10, CAMK2D, FXYD1",False
C4_core,GO_BP,GOBP_REGULATION_OF_POSTSYNAPSE_ORGANIZATION,Regulation of postsynapse organization,4,98,126,0.0317,0.0066,4.792,0.009792602512251435,0.2345406532408546,"DHX36, PDLIM5, EFNA1, PTPRD",False
C4_core,GO_BP,GOBP_CANONICAL_NF_KAPPAB_SIGNAL_TRANSDUCTION,Canonical nf kappab signal transduction,7,279,126,0.0556,0.0189,2.946,0.009905931153949596,0.2345406532408546,"DHX36, CTH, UFL1, AZI2, TGFBR3, NDFIP2, TANK",False
C4_core,GO_BP,GOBP_DENDRITE_DEVELOPMENT,Dendrite development,6,214,126,0.0476,0.0145,3.292,0.010009592535578846,0.2345406532408546,"MEF2A, DHX36, PDLIM5, EFNA1, PICALM, PTPRD",False
C4_core,GO_BP,GOBP_PURINE_RIBONUCLEOSIDE_METABOLIC_PROCESS,Purine ribonucleoside metabolic process,2,18,126,0.0159,0.0012,13.046,0.01007116745169037,0.2345406532408546,"NT5E, PNP",False
C4_core,GO_BP,GOBP_REGULATION_OF_CHOLESTEROL_BIOSYNTHETIC_PROCESS,Regulation of cholesterol biosynthetic process,2,18,126,0.0159,0.0012,13.046,0.01007116745169037,0.2345406532408546,"ERLIN2, PRKAA1",False
C4_core,GO_BP,GOBP_NUCLEOSIDE_MONOPHOSPHATE_CATABOLIC_PROCESS,Nucleoside monophosphate catabolic process,2,18,126,0.0159,0.0012,13.046,0.01007116745169037,0.2345406532408546,"NT5E, PNP",False
C4_core,GO_BP,GOBP_REGULATION_OF_CENTRIOLE_REPLICATION,Regulation of centriole replication,2,18,126,0.0159,0.0012,13.046,0.01007116745169037,0.2345406532408546,"CEP120, KAT2B",False
C4_core,GO_BP,GOBP_REGULATION_OF_LIPID_BIOSYNTHETIC_PROCESS,Regulation of lipid biosynthetic process,5,154,126,0.0397,0.0104,3.812,0.010213036037105355,0.2345406532408546,"ADGRF5, PRKAA1, KAT2B, ERLIN2, PCK1",False
C4_core,GO_BP,GOBP_REGULATION_OF_HEART_GROWTH,Regulation of heart growth,3,53,126,0.0238,0.0036,6.646,0.01036641675041033,0.2345406532408546,"HEY2, BMP10, TGFBR3",False
C4_core,GO_BP,GOBP_NEGATIVE_REGULATION_OF_CANONICAL_NF_KAPPAB_SIGNAL_TRANSDUCTION,Negative regulation of canonical nf kappab signal transduction,3,53,126,0.0238,0.0036,6.646,0.01036641675041033,0.2345406532408546,"TANK, AZI2, TGFBR3",False
C4_core,GO_BP,GOBP_CARDIAC_MUSCLE_CELL_DIFFERENTIATION,Cardiac muscle cell differentiation,4,101,126,0.0317,0.0068,4.65,0.01085579981273046,0.2345406532408546,"MEF2A, HEY2, BMP10, PDLIM5",False
C4_core,GO_BP,GOBP_REGULATION_OF_MUSCLE_HYPERTROPHY,Regulation of muscle hypertrophy,3,54,126,0.0238,0.0037,6.523,0.010909054019255167,0.2345406532408546,"MEF2A, BMP10, CAMK2D",False
C4_core,GO_BP,GOBP_REGULATION_OF_ENDOTHELIAL_CELL_MIGRATION,Regulation of endothelial cell migration,5,157,126,0.0397,0.0106,3.739,0.011038379672007183,0.2345406532408546,"PLPP3, BMP10, EFNA1, TGFBR3, HMGB1",False
C4_core,GO_BP,GOBP_POSITIVE_REGULATION_OF_DENDRITIC_SPINE_MORPHOGENESIS,Positive regulation of dendritic spine morphogenesis,2,19,126,0.0159,0.0013,12.359,0.011193768553203946,0.2345406532408546,"DHX36, PTPRD",False
C4_core,GO_BP,GOBP_POSITIVE_REGULATION_OF_AMYLOID_BETA_FORMATION,Positive regulation of amyloid beta formation,2,19,126,0.0159,0.0013,12.359,0.011193768553203946,0.2345406532408546,"PICALM, EFNA1",False
C4_core,GO_BP,GOBP_POSITIVE_REGULATION_OF_NUCLEOTIDE_CATABOLIC_PROCESS,Positive regulation of nucleotide catabolic process,2,19,126,0.0159,0.0013,12.359,0.011193768553203946,0.2345406532408546,"KAT2B, PRKAA1",False
C4_core,GO_BP,GOBP_NEGATIVE_REGULATION_OF_ENDOPLASMIC_RETICULUM_STRESS_INDUCED_INTRINSIC_APOPTOTIC_SIGNALING_PATHWAY,Negative regulation of endoplasmic reticulum stress induced intrinsic apoptotic signaling pathway,2,19,126,0.0159,0.0013,12.359,0.011193768553203946,0.2345406532408546,"TMBIM6, OPA1",False
C4_core,GO_BP,GOBP_PEPTIDYL_LYSINE_ACETYLATION,Peptidyl lysine acetylation,2,19,126,0.0159,0.0013,12.359,0.011193768553203946,0.2345406532408546,"KAT2B, PRKAA1",False
C4_core,GO_BP,GOBP_CELLULAR_RESPONSE_TO_CHEMICAL_STRESS,Cellular response to chemical stress,7,286,126,0.0556,0.0193,2.874,0.01124670465091011,0.2345406532408546,"PIK3CA, PRKAA1, ERN1, KAT2B, MAPK8, PNPLA8, PCK1",False
C4_core,GO_BP,GOBP_ORGANIC_ACID_BIOSYNTHETIC_PROCESS,Organic acid biosynthetic process,7,286,126,0.0556,0.0193,2.874,0.01124670465091011,0.2345406532408546,"SHMT2, PRKAA1, CTH, KAT2B, ABHD2, ERLIN2, PNPLA8",False
C4_core,GO_BP,GOBP_RESPONSE_TO_INORGANIC_SUBSTANCE,Response to inorganic substance,9,432,126,0.0714,0.0292,2.446,0.011592458626747367,0.23871199877564894,"MEF2A, PIK3CA, PRKAA1, ERN1, HP, MAPK8, NT5E, CAMK2D, ACO1",False
C4_core,GO_BP,GOBP_L_AMINO_ACID_METABOLIC_PROCESS,L amino acid metabolic process,5,160,126,0.0397,0.0108,3.669,0.011908227847104548,0.23871199877564894,"GPT2, SHMT2, CTH, AMDHD1, GPT",False
C4_core,GO_BP,GOBP_POSITIVE_REGULATION_OF_CELL_ADHESION,Positive regulation of cell adhesion,9,434,126,0.0714,0.0293,2.435,0.01192024460440694,0.23871199877564894,"PLPP3, FERMT2, NID1, PIK3CA, BMI1, OPA1, PNP, HMGB1, PCK1",False
C4_core,GO_BP,GOBP_CARDIAC_VENTRICLE_MORPHOGENESIS,Cardiac ventricle morphogenesis,3,56,126,0.0238,0.0038,6.29,0.012042913025145126,0.23871199877564894,"HEY2, BMP10, TGFBR3",False
C4_core,GO_BP,GOBP_REGULATION_OF_DENDRITIC_SPINE_DEVELOPMENT,Regulation of dendritic spine development,3,56,126,0.0238,0.0038,6.29,0.012042913025145126,0.23871199877564894,"DHX36, EFNA1, PTPRD",False
C4_core,GO_BP,GOBP_IRE1_MEDIATED_UNFOLDED_PROTEIN_RESPONSE,Ire1 mediated unfolded protein response,2,20,126,0.0159,0.0014,11.741,0.012368791474908145,0.23875213709334622,"ERN1, UFL1",False
C4_core,GO_BP,GOBP_REGULATION_OF_CARDIOCYTE_DIFFERENTIATION,Regulation of cardiocyte differentiation,2,20,126,0.0159,0.0014,11.741,0.012368791474908145,0.23875213709334622,"DHX36, HEY2",False
C4_core,GO_BP,GOBP_POSITIVE_REGULATION_OF_MUSCLE_CELL_DIFFERENTIATION,Positive regulation of muscle cell differentiation,3,57,126,0.0238,0.0039,6.18,0.012634287625969994,0.23875213709334622,"CTH, BMP10, NID1",False
C4_core,GO_BP,GOBP_MUSCLE_SYSTEM_PROCESS,Muscle system process,8,364,126,0.0635,0.0246,2.58,0.012661659400849384,0.23875213709334622,"MEF2A, CERT1, PIK3CA, HEY2, BMP10, PDLIM5, CAMK2D, FXYD1",False
C4_core,GO_BP,GOBP_LEUKOCYTE_CELL_CELL_ADHESION,Leukocyte cell cell adhesion,8,366,126,0.0635,0.0247,2.566,0.013051241366120184,0.23875213709334622,"PIK3CA, UFL1, BMI1, OPA1, NT5E, PNP, HMGB1, PCK1",False
C4_core,GO_BP,GOBP_POSITIVE_REGULATION_OF_CELL_CELL_ADHESION,Positive regulation of cell cell adhesion,7,295,126,0.0556,0.0199,2.786,0.013158592686679875,0.23875213709334622,"PLPP3, PIK3CA, BMI1, OPA1, PNP, HMGB1, PCK1",False
C4_core,GO_BP,GOBP_POSITIVE_REGULATION_OF_LIPID_METABOLIC_PROCESS,Positive regulation of lipid metabolic process,4,107,126,0.0317,0.0072,4.389,0.013199569368012368,0.23875213709334622,"KAT2B, ADGRF5, PRKAA1, PCK1",False
C4_core,GO_BP,GOBP_MUSCLE_ORGAN_MORPHOGENESIS,Muscle organ morphogenesis,3,58,126,0.0238,0.0039,6.073,0.013242051460644525,0.23875213709334622,"HEY2, BMP10, TGFBR3",False
C4_core,GO_BP,GOBP_N_TERMINAL_PROTEIN_AMINO_ACID_MODIFICATION,N terminal protein amino acid modification,2,21,126,0.0159,0.0014,11.182,0.013595276537782952,0.23875213709334622,"NAA50, KAT2B",False
C4_core,GO_BP,GOBP_GLYCOSYL_COMPOUND_BIOSYNTHETIC_PROCESS,Glycosyl compound biosynthetic process,2,21,126,0.0159,0.0014,11.182,0.013595276537782952,0.23875213709334622,"NT5E, PNP",False
C4_core,GO_BP,GOBP_REGULATION_OF_NUCLEASE_ACTIVITY,Regulation of nuclease activity,2,21,126,0.0159,0.0014,11.182,0.013595276537782952,0.23875213709334622,"TMBIM6, HMGB1",False
C4_core,GO_BP,GOBP_MUSCLE_HYPERTROPHY_IN_RESPONSE_TO_STRESS,Muscle hypertrophy in response to stress,2,21,126,0.0159,0.0014,11.182,0.013595276537782952,0.23875213709334622,"HEY2, BMP10",False
C4_core,GO_BP,GOBP_RETICULOPHAGY,Reticulophagy,2,21,126,0.0159,0.0014,11.182,0.013595276537782952,0.23875213709334622,"RB1CC1, UFL1",False
C4_core,GO_BP,GOBP_REGULATION_OF_INSULIN_RECEPTOR_SIGNALING_PATHWAY,Regulation of insulin receptor signaling pathway,3,59,126,0.0238,0.004,5.97,0.013866267022550413,0.2413936224273559,"SIK2, PRKAA1, ZNF592",False
C4_core,GO_BP,GOBP_INTEGRIN_MEDIATED_SIGNALING_PATHWAY,Integrin mediated signaling pathway,4,109,126,0.0317,0.0074,4.309,0.014046982607171911,0.24155377604570666,"ITGA1, PLPP3, FERMT2, NID1",False
C4_core,GO_BP,GOBP_REGULATION_OF_HEART_CONTRACTION,Regulation of heart contraction,5,167,126,0.0397,0.0113,3.515,0.014116779119554284,0.24155377604570666,"MEF2A, HEY2, BMP10, CAMK2D, FXYD1",False
C4_core,GO_BP,GOBP_REGULATION_OF_ANOIKIS,Regulation of anoikis,2,22,126,0.0159,0.0015,10.674,0.014872276380086848,0.24783222120570914,"PIK3CA, ANKRD13C",False
C4_core,GO_BP,GOBP_TUBULIN_DEACETYLATION,Tubulin deacetylation,2,22,126,0.0159,0.0015,10.674,0.014872276380086848,0.24783222120570914,"KAT2B, PRKAA1",False
C4_core,GO_BP,GOBP_REGULATION_OF_RESPONSE_TO_TUMOR_CELL,Regulation of response to tumor cell,2,22,126,0.0159,0.0015,10.674,0.014872276380086848,0.24783222120570914,"UFL1, HMGB1",False
C4_core,GO_BP,GOBP_GLUCOSE_METABOLIC_PROCESS,Glucose metabolic process,5,170,126,0.0397,0.0115,3.453,0.015142375282401746,0.24783222120570914,"PIK3CA, PRKAA1, KAT2B, GPT, PCK1",False
C4_core,GO_BP,GOBP_INTRINSIC_APOPTOTIC_SIGNALING_PATHWAY_IN_RESPONSE_TO_ENDOPLASMIC_RETICULUM_STRESS,Intrinsic apoptotic signaling pathway in response to endoplasmic reticulum stress,3,61,126,0.0238,0.0041,5.774,0.015164276557693587,0.24783222120570914,"ERN1, TMBIM6, OPA1",False
C4_core,GO_BP,GOBP_INSULIN_RECEPTOR_SIGNALING_PATHWAY,Insulin receptor signaling pathway,4,112,126,0.0317,0.0076,4.193,0.015381642680848745,0.24783222120570914,"SIK2, PIK3CA, PRKAA1, ZNF592",False
C4_core,GO_BP,GOBP_INTRACELLULAR_IRON_ION_HOMEOSTASIS,Intracellular iron ion homeostasis,3,62,126,0.0238,0.0042,5.681,0.015838169104912536,0.24783222120570914,"PICALM, ACO1, CP",False
C4_core,GO_BP,GOBP_CELLULAR_RESPONSE_TO_CALCIUM_ION,Cellular response to calcium ion,3,62,126,0.0238,0.0042,5.681,0.015838169104912536,0.24783222120570914,"MEF2A, CAMK2D, PRKAA1",False
C4_core,GO_BP,GOBP_POSITIVE_REGULATION_OF_AMYLOID_PRECURSOR_PROTEIN_CATABOLIC_PROCESS,Positive regulation of amyloid precursor protein catabolic process,2,23,126,0.0159,0.0016,10.21,0.016198855819894088,0.24783222120570914,"PICALM, EFNA1",False
C4_core,GO_BP,GOBP_CARDIAC_ATRIUM_MORPHOGENESIS,Cardiac atrium morphogenesis,2,23,126,0.0159,0.0016,10.21,0.016198855819894088,0.24783222120570914,"HEY2, BMP10",False
C4_core,GO_BP,GOBP_RESPONSE_TO_PROSTAGLANDIN_E,Response to prostaglandin e,2,23,126,0.0159,0.0016,10.21,0.016198855819894088,0.24783222120570914,"PRKAA1, TGFBR3",False
C4_core,GO_BP,GOBP_PURINE_NUCLEOSIDE_METABOLIC_PROCESS,Purine nucleoside metabolic process,2,23,126,0.0159,0.0016,10.21,0.016198855819894088,0.24783222120570914,"NT5E, PNP",False
C4_core,GO_BP,GOBP_PEPTIDYL_SERINE_MODIFICATION,Peptidyl serine modification,6,238,126,0.0476,0.0161,2.96,0.01620331321012162,0.24783222120570914,"PRKAA1, ERN1, MAPK8, RICTOR, CAMK2D, PCK1",False
C4_core,GO_BP,GOBP_REGULATION_OF_MACROAUTOPHAGY,Regulation of macroautophagy,5,173,126,0.0397,0.0117,3.393,0.01621679369527867,0.24783222120570914,"SNX4, PIK3CA, ERN1, UFL1, MAPK8",False
C4_core,GO_BP,GOBP_RESPONSE_TO_ACTIVITY,Response to activity,3,64,126,0.0238,0.0043,5.504,0.017235938206718322,0.2525430337344954,"PIK3CA, PRKAA1, PCK1",False
C4_core,GO_BP,GOBP_REGULATION_OF_AMIDE_METABOLIC_PROCESS,Regulation of amide metabolic process,3,64,126,0.0238,0.0043,5.504,0.017235938206718322,0.2525430337344954,"PICALM, EFNA1, PRKAA1",False
C4_core,GO_BP,GOBP_RESPONSE_TO_TYPE_I_INTERFERON,Response to type i interferon,3,64,126,0.0238,0.0043,5.504,0.017235938206718322,0.2525430337344954,"SHMT2, TANK, AZI2",False
C4_core,GO_BP,GOBP_STRIATED_MUSCLE_CELL_PROLIFERATION,Striated muscle cell proliferation,3,64,126,0.0238,0.0043,5.504,0.017235938206718322,0.2525430337344954,"HEY2, BMP10, TGFBR3",False
C4_core,GO_BP,GOBP_POSITIVE_REGULATION_OF_CARBOHYDRATE_METABOLIC_PROCESS,Positive regulation of carbohydrate metabolic process,3,64,126,0.0238,0.0043,5.504,0.017235938206718322,0.2525430337344954,"GPT, PRKAA1, KAT2B",False
C4_core,GO_BP,GOBP_RESPONSE_TO_ACID_CHEMICAL,Response to acid chemical,4,116,126,0.0317,0.0078,4.049,0.017281915894918017,0.2525430337344954,"TMBIM6, UFL1, PIK3CA, PCK1",False
C4_core,GO_BP,GOBP_ESTABLISHMENT_OF_MITOCHONDRION_LOCALIZATION_MICROTUBULE_MEDIATED,Establishment of mitochondrion localization microtubule mediated,2,24,126,0.0159,0.0016,9.784,0.01757409171905062,0.2531174936801392,"SYBU, OPA1",False
C4_core,GO_BP,GOBP_ENDOPLASMIC_RETICULUM_CALCIUM_ION_HOMEOSTASIS,Endoplasmic reticulum calcium ion homeostasis,2,24,126,0.0159,0.0016,9.784,0.01757409171905062,0.2531174936801392,"TMBIM6, CAMK2D",False
C4_core,GO_BP,GOBP_ENERGY_HOMEOSTASIS,Energy homeostasis,3,65,126,0.0238,0.0044,5.419,0.017959883390889622,0.2568263324897216,"PIK3CA, PRKAA1, MAPK8",False
C4_core,GO_BP,GOBP_REGULATION_OF_GENERATION_OF_PRECURSOR_METABOLITES_AND_ENERGY,Regulation of generation of precursor metabolites and energy,4,118,126,0.0317,0.008,3.98,0.018284636794150044,0.25961590682190344,"SHMT2, PIK3CA, PRKAA1, KAT2B",False
C4_core,GO_BP,GOBP_MUSCLE_CELL_PROLIFERATION,Muscle cell proliferation,5,180,126,0.0397,0.0122,3.261,0.01891867256892457,0.26672663720413375,"PIK3CA, ERN1, BMP10, HEY2, TGFBR3",False
C4_core,GO_BP,GOBP_POSITIVE_REGULATION_OF_MAPK_CASCADE,Positive regulation of mapk cascade,8,393,126,0.0635,0.0266,2.39,0.019210316633480235,0.2689444328687233,"FERMT2, GAREM1, ERN1, ITGA1, EFNA1, SPAG9, RB1CC1, HMGB1",False
C4_core,GO_BP,GOBP_GENERATION_OF_PRECURSOR_METABOLITES_AND_ENERGY,Generation of precursor metabolites and energy,8,394,126,0.0635,0.0266,2.384,0.019472452608991893,0.2707211814111234,"PIK3CA, PRKAA1, ADGRF5, NDUFA5, SHMT2, KAT2B, RB1CC1, ACO1",False
C4_core,GO_BP,GOBP_REGULATION_OF_MUSCLE_CELL_DIFFERENTIATION,Regulation of muscle cell differentiation,4,121,126,0.0317,0.0082,3.881,0.019855417584334147,0.27414169657818593,"HEY2, CTH, NID1, BMP10",False
C4_core,GO_BP,GOBP_ATRIOVENTRICULAR_VALVE_DEVELOPMENT,Atrioventricular valve development,2,26,126,0.0159,0.0018,9.032,0.02046689975521008,0.27873968238048014,"HEY2, EFNA1",False
C4_core,GO_BP,GOBP_IMMUNE_RESPONSE_TO_TUMOR_CELL,Immune response to tumor cell,2,26,126,0.0159,0.0018,9.032,0.02046689975521008,0.27873968238048014,"UFL1, HMGB1",False
C4_core,GO_BP,GOBP_POSITIVE_REGULATION_OF_LEUKOCYTE_CELL_CELL_ADHESION,Positive regulation of leukocyte cell cell adhesion,6,253,126,0.0476,0.0171,2.784,0.021199454619319325,0.28676559559376547,"PIK3CA, BMI1, OPA1, PNP, HMGB1, PCK1",False
C4_core,GO_BP,GOBP_RESPONSE_TO_KETONE,Response to ketone,5,187,126,0.0397,0.0126,3.139,0.02190202435293717,0.2895350962445138,"PIK3CA, PRKAA1, TGFBR3, ABHD2, PCK1",False
C4_core,GO_BP,GOBP_REGULATION_OF_PROTEIN_DEACETYLATION,Regulation of protein deacetylation,2,27,126,0.0159,0.0018,8.697,0.021982684629953092,0.2895350962445138,"KAT2B, PRKAA1",False
C4_core,GO_BP,GOBP_VASCULAR_ASSOCIATED_SMOOTH_MUSCLE_CELL_DIFFERENTIATION,Vascular associated smooth muscle cell differentiation,2,27,126,0.0159,0.0018,8.697,0.021982684629953092,0.2895350962445138,"HEY2, CTH",False
C4_core,GO_BP,GOBP_RELAXATION_OF_MUSCLE,Relaxation of muscle,2,27,126,0.0159,0.0018,8.697,0.021982684629953092,0.2895350962445138,"CAMK2D, PIK3CA",False
C4_core,GO_BP,GOBP_REGULATION_OF_MUSCLE_ADAPTATION,Regulation of muscle adaptation,3,72,126,0.0238,0.0049,4.892,0.023497307217278666,0.2982623676342377,"MEF2A, BMP10, CAMK2D",False
C4_core,GO_BP,GOBP_REGULATION_OF_ENDOPLASMIC_RETICULUM_UNFOLDED_PROTEIN_RESPONSE,Regulation of endoplasmic reticulum unfolded protein response,2,28,126,0.0159,0.0019,8.387,0.023543551177148445,0.2982623676342377,"ERN1, UFL1",False
C4_core,GO_BP,GOBP_POSITIVE_REGULATION_OF_CILIUM_ASSEMBLY,Positive regulation of cilium assembly,2,28,126,0.0159,0.0019,8.387,0.023543551177148445,0.2982623676342377,"CEP120, ATMIN",False
C4_core,GO_BP,GOBP_SERINE_FAMILY_AMINO_ACID_METABOLIC_PROCESS,Serine family amino acid metabolic process,2,28,126,0.0159,0.0019,8.387,0.023543551177148445,0.2982623676342377,"CTH, SHMT2",False
C4_core,GO_BP,GOBP_CARDIAC_ATRIUM_DEVELOPMENT,Cardiac atrium development,2,28,126,0.0159,0.0019,8.387,0.023543551177148445,0.2982623676342377,"HEY2, BMP10",False
C4_core,GO_BP,GOBP_ESTABLISHMENT_OF_MITOCHONDRION_LOCALIZATION,Establishment of mitochondrion localization,2,28,126,0.0159,0.0019,8.387,0.023543551177148445,0.2982623676342377,"SYBU, OPA1",False
C4_core,GO_BP,GOBP_ALPHA_AMINO_ACID_METABOLIC_PROCESS,Alpha amino acid metabolic process,5,191,126,0.0397,0.0129,3.074,0.023736947262677933,0.2982623676342377,"GPT2, SHMT2, CTH, AMDHD1, GPT",False
C4_core,GO_BP,GOBP_NEGATIVE_REGULATION_OF_TRANSMEMBRANE_RECEPTOR_PROTEIN_SERINE_THREONINE_KINASE_SIGNALING_PATHWAY,Negative regulation of transmembrane receptor protein serine threonine kinase signaling pathway,4,128,126,0.0317,0.0087,3.669,0.023837152258480536,0.2982623676342377,"GREM2, TGFBR3, LEMD3, UBE2D3",False
C4_core,GO_BP,GOBP_MONOCARBOXYLIC_ACID_BIOSYNTHETIC_PROCESS,Monocarboxylic acid biosynthetic process,5,192,126,0.0397,0.013,3.058,0.024210731398286583,0.29905428920193466,"PRKAA1, KAT2B, ABHD2, ERLIN2, PNPLA8",False
C4_core,GO_BP,GOBP_REGULATION_OF_ALPHA_BETA_T_CELL_DIFFERENTIATION,Regulation of alpha beta t cell differentiation,3,73,126,0.0238,0.0049,4.825,0.024355595776132388,0.29905428920193466,"PNP, HMGB1, OPA1",False
C4_core,GO_BP,GOBP_ENDOPLASMIC_RETICULUM_UNFOLDED_PROTEIN_RESPONSE,Endoplasmic reticulum unfolded protein response,3,73,126,0.0238,0.0049,4.825,0.024355595776132388,0.29905428920193466,"ERN1, CTH, UFL1",False
C4_core,GO_BP,GOBP_POSITIVE_REGULATION_OF_AMIDE_METABOLIC_PROCESS,Positive regulation of amide metabolic process,2,29,126,0.0159,0.002,8.097,0.02514863448553195,0.29905428920193466,"PICALM, EFNA1",False
C4_core,GO_BP,GOBP_MITOCHONDRIAL_GENOME_MAINTENANCE,Mitochondrial genome maintenance,2,29,126,0.0159,0.002,8.097,0.02514863448553195,0.29905428920193466,"MEF2A, OPA1",False
C4_core,GO_BP,GOBP_POSITIVE_REGULATION_OF_ATP_METABOLIC_PROCESS,Positive regulation of atp metabolic process,2,29,126,0.0159,0.002,8.097,0.02514863448553195,0.29905428920193466,"KAT2B, PRKAA1",False
C4_core,GO_BP,GOBP_RIBONUCLEOSIDE_METABOLIC_PROCESS,Ribonucleoside metabolic process,2,29,126,0.0159,0.002,8.097,0.02514863448553195,0.29905428920193466,"NT5E, PNP",False
C4_core,GO_BP,GOBP_NEGATIVE_REGULATION_OF_APOPTOTIC_SIGNALING_PATHWAY,Negative regulation of apoptotic signaling pathway,5,194,126,0.0397,0.0131,3.026,0.025176536466151415,0.29905428920193466,"CTH, BMI1, OPA1, TMBIM6, RB1CC1",False
C4_core,GO_BP,GOBP_SMALL_MOLECULE_CATABOLIC_PROCESS,Small molecule catabolic process,7,337,126,0.0556,0.0228,2.439,0.02524484259496851,0.29905428920193466,"GPT2, SULT1A2, AMDHD1, ABHD2, PNP, GPT, PCK1",False
C4_core,GO_BP,GOBP_RESPONSE_TO_CARBOHYDRATE,Response to carbohydrate,5,195,126,0.0397,0.0132,3.011,0.025668604791759628,0.3006681578208123,"PIK3CA, PRKAA1, ERN1, SYBU, PCK1",False
C4_core,GO_BP,GOBP_HEPATICOBILIARY_SYSTEM_DEVELOPMENT,Hepaticobiliary system development,4,131,126,0.0317,0.0089,3.585,0.02568144604763182,0.3006681578208123,"RB1CC1, TGFBR3, PIK3CA, PCK1",False
C4_core,GO_BP,GOBP_REGULATION_OF_IMMUNE_EFFECTOR_PROCESS,Regulation of immune effector process,7,339,126,0.0556,0.0229,2.424,0.025963204843776747,0.30219962847233167,"DHX36, SNX4, UFL1, OPA1, TMBIM6, HMGB1, PCK1",False
C4_core,GO_BP,GOBP_PURINE_CONTAINING_COMPOUND_CATABOLIC_PROCESS,Purine containing compound catabolic process,4,132,126,0.0317,0.0089,3.558,0.02631480015136585,0.3044262456347781,"NT5E, PNP, KAT2B, PRKAA1",False
C4_core,GO_BP,GOBP_MUSCLE_CELL_DIFFERENTIATION,Muscle cell differentiation,7,341,126,0.0556,0.023,2.41,0.026695479797639907,0.3044262456347781,"MEF2A, NID1, HEY2, CTH, PDLIM5, BMP10, SPAG9",False
C4_core,GO_BP,GOBP_REGULATION_OF_ENDOPLASMIC_RETICULUM_STRESS_INDUCED_INTRINSIC_APOPTOTIC_SIGNALING_PATHWAY,Regulation of endoplasmic reticulum stress induced intrinsic apoptotic signaling pathway,2,30,126,0.0159,0.002,7.828,0.026797080900372208,0.3044262456347781,"TMBIM6, OPA1",False
C4_core,GO_BP,GOBP_REGULATION_OF_MITOCHONDRIAL_GENE_EXPRESSION,Regulation of mitochondrial gene expression,2,30,126,0.0159,0.002,7.828,0.026797080900372208,0.3044262456347781,"SHMT2, PRKAA1",False
C4_core,GO_BP,GOBP_REGULATION_OF_ORGAN_GROWTH,Regulation of organ growth,3,76,126,0.0238,0.0051,4.635,0.02703123622514037,0.3044262456347781,"HEY2, BMP10, TGFBR3",False
C4_core,GO_BP,GOBP_REGULATION_OF_T_CELL_ACTIVATION,Regulation of t cell activation,7,342,126,0.0556,0.0231,2.403,0.027066868992502748,0.3044262456347781,"PIK3CA, UFL1, BMI1, OPA1, PNP, HMGB1, PCK1",False
C4_core,GO_BP,GOBP_AMINO_ACID_METABOLIC_PROCESS,Amino acid metabolic process,6,269,126,0.0476,0.0182,2.619,0.027583615103813727,0.3085050136191904,"GPT2, SHMT2, CTH, AMDHD1, DARS1, GPT",False
C4_core,GO_BP,GOBP_REGULATION_OF_DNA_TEMPLATED_TRANSCRIPTION_INITIATION,Regulation of dna templated transcription initiation,3,77,126,0.0238,0.0052,4.575,0.027956658670236174,0.30996234722687865,"DHX36, HEY2, HMGB1",False
C4_core,GO_BP,GOBP_RESPONSE_TO_PROSTAGLANDIN,Response to prostaglandin,2,31,126,0.0159,0.0021,7.575,0.028488047896975857,0.30996234722687865,"PRKAA1, TGFBR3",False
C4_core,GO_BP,GOBP_ANOIKIS,Anoikis,2,31,126,0.0159,0.0021,7.575,0.028488047896975857,0.30996234722687865,"PIK3CA, ANKRD13C",False
C4_core,GO_BP,GOBP_MITOTIC_SISTER_CHROMATID_COHESION,Mitotic sister chromatid cohesion,2,31,126,0.0159,0.0021,7.575,0.028488047896975857,0.30996234722687865,"NAA50, STAG2",False
C4_core,GO_BP,GOBP_POSITIVE_REGULATION_OF_ESTABLISHMENT_OF_PROTEIN_LOCALIZATION_TO_MITOCHONDRION,Positive regulation of establishment of protein localization to mitochondrion,2,31,126,0.0159,0.0021,7.575,0.028488047896975857,0.30996234722687865,"PRKAA1, UBE2D3",False
C4_core,GO_BP,GOBP_POSITIVE_REGULATION_OF_NUCLEOTIDE_METABOLIC_PROCESS,Positive regulation of nucleotide metabolic process,2,32,126,0.0159,0.0022,7.338,0.030220703955504375,0.3270370233455122,"KAT2B, PRKAA1",False
C4_core,GO_BP,GOBP_STEROL_METABOLIC_PROCESS,Sterol metabolic process,4,139,126,0.0317,0.0094,3.379,0.031010919519591482,0.33378419827001155,"ERLIN2, APOF, PRKAA1, CETP",False
C4_core,GO_BP,GOBP_POSITIVE_REGULATION_OF_ORGANELLE_ASSEMBLY,Positive regulation of organelle assembly,3,81,126,0.0238,0.0055,4.349,0.03182544769213062,0.337674878955273,"ATMIN, SNX4, CEP120",False
C4_core,GO_BP,GOBP_REGULATION_OF_SMOOTH_MUSCLE_CELL_DIFFERENTIATION,Regulation of smooth muscle cell differentiation,2,33,126,0.0159,0.0022,7.116,0.031994228437088955,0.337674878955273,"HEY2, CTH",False
C4_core,GO_BP,GOBP_REGULATION_OF_CELL_CELL_ADHESION,Regulation of cell cell adhesion,8,434,126,0.0635,0.0293,2.164,0.032179671158784125,0.337674878955273,"PLPP3, PIK3CA, UFL1, BMI1, OPA1, PNP, HMGB1, PCK1",False
C4_core,GO_BP,GOBP_ENERGY_DERIVATION_BY_OXIDATION_OF_ORGANIC_COMPOUNDS,Energy derivation by oxidation of organic compounds,6,280,126,0.0476,0.0189,2.516,0.032643539378126064,0.337674878955273,"PIK3CA, ADGRF5, SHMT2, NDUFA5, RB1CC1, ACO1",False
C4_core,GO_BP,GOBP_T_CELL_DIFFERENTIATION_INVOLVED_IN_IMMUNE_RESPONSE,T cell differentiation involved in immune response,3,82,126,0.0238,0.0055,4.296,0.03283426599129663,0.337674878955273,"HMGB1, OPA1, PCK1",False
C4_core,GO_BP,GOBP_REGULATION_OF_BMP_SIGNALING_PATHWAY,Regulation of bmp signaling pathway,3,82,126,0.0238,0.0055,4.296,0.03283426599129663,0.337674878955273,"GREM2, LEMD3, UBE2D3",False
C4_core,GO_BP,GOBP_STEROID_METABOLIC_PROCESS,Steroid metabolic process,6,281,126,0.0476,0.019,2.507,0.033131550016345566,0.337674878955273,"SULT1A2, PRKAA1, APOF, ERLIN2, DHRS4, CETP",False
C4_core,GO_BP,GOBP_STRIATED_MUSCLE_TISSUE_DEVELOPMENT,Striated muscle tissue development,5,209,126,0.0397,0.0141,2.809,0.033211941477941286,0.337674878955273,"MEF2A, HEY2, BMP10, PDLIM5, TGFBR3",False
C4_core,GO_BP,GOBP_REGULATION_OF_BLOOD_CIRCULATION,Regulation of blood circulation,5,210,126,0.0397,0.0142,2.796,0.03379826159544879,0.337674878955273,"MEF2A, HEY2, BMP10, CAMK2D, FXYD1",False
C4_core,GO_BP,GOBP_ONE_CARBON_METABOLIC_PROCESS,One carbon metabolic process,2,34,126,0.0159,0.0023,6.907,0.03380781146123088,0.337674878955273,"CA2, SHMT2",False
C4_core,GO_BP,GOBP_REGULATION_OF_CHOLESTEROL_METABOLIC_PROCESS,Regulation of cholesterol metabolic process,2,34,126,0.0159,0.0023,6.907,0.03380781146123088,0.337674878955273,"ERLIN2, PRKAA1",False
C4_core,GO_BP,GOBP_POSITIVE_REGULATION_OF_SMAD_PROTEIN_SIGNAL_TRANSDUCTION,Positive regulation of smad protein signal transduction,2,34,126,0.0159,0.0023,6.907,0.03380781146123088,0.337674878955273,"BMP10, TGFBR3",False
C4_core,GO_BP,GOBP_PROTEIN_ACYLATION,Protein acylation,3,83,126,0.0238,0.0056,4.244,0.03385965964414432,0.337674878955273,"NAA50, KAT2B, PRKAA1",False
C4_core,GO_BP,GOBP_REGULATION_OF_BIOMINERAL_TISSUE_DEVELOPMENT,Regulation of biomineral tissue development,3,83,126,0.0238,0.0056,4.244,0.03385965964414432,0.337674878955273,"HEY2, NBR1, SGMS2",False
C4_core,GO_BP,GOBP_ORGAN_GROWTH,Organ growth,4,143,126,0.0317,0.0097,3.284,0.03390242291209284,0.337674878955273,"HEY2, BMP10, PDLIM5, TGFBR3",False
C4_core,GO_BP,GOBP_CELL_ADHESION_MEDIATED_BY_INTEGRIN,Cell adhesion mediated by integrin,3,84,126,0.0238,0.0057,4.193,0.03490158656071445,0.34251458967916826,"PLPP3, ITGA1, EFNA1",False
C4_core,GO_BP,GOBP_MONOSACCHARIDE_BIOSYNTHETIC_PROCESS,Monosaccharide biosynthetic process,3,84,126,0.0238,0.0057,4.193,0.03490158656071445,0.34251458967916826,"KAT2B, GPT, PCK1",False
C4_core,GO_BP,GOBP_NEGATIVE_REGULATION_OF_CELLULAR_RESPONSE_TO_GROWTH_FACTOR_STIMULUS,Negative regulation of cellular response to growth factor stimulus,3,84,126,0.0238,0.0057,4.193,0.03490158656071445,0.34251458967916826,"GREM2, LEMD3, UBE2D3",False
C4_core,GO_BP,GOBP_ACYLGLYCEROL_HOMEOSTASIS,Acylglycerol homeostasis,2,35,126,0.0159,0.0024,6.709,0.03566065378447466,0.3448919269397018,"PNPLA8, CETP",False
C4_core,GO_BP,GOBP_STRIATED_MUSCLE_ADAPTATION,Striated muscle adaptation,2,35,126,0.0159,0.0024,6.709,0.03566065378447466,0.3448919269397018,"HEY2, BMP10",False
C4_core,GO_BP,GOBP_POSITIVE_REGULATION_OF_CELL_MORPHOGENESIS,Positive regulation of cell morphogenesis,2,35,126,0.0159,0.0024,6.709,0.03566065378447466,0.3448919269397018,"DHX36, PTPRD",False
C4_core,GO_BP,GOBP_ORGANOPHOSPHATE_CATABOLIC_PROCESS,Organophosphate catabolic process,5,214,126,0.0397,0.0145,2.743,0.036207947334832895,0.34850149309776657,"PRKAA1, KAT2B, NT5E, PNPLA8, PNP",False
C4_core,GO_BP,GOBP_REGULATION_OF_EPITHELIAL_CELL_MIGRATION,Regulation of epithelial cell migration,5,215,126,0.0397,0.0145,2.731,0.0368265409922279,0.3514040373855239,"PLPP3, BMP10, EFNA1, TGFBR3, HMGB1",False
C4_core,GO_BP,GOBP_TRANSCRIPTION_INITIATION_AT_RNA_POLYMERASE_II_PROMOTER,Transcription initiation at rna polymerase ii promoter,4,147,126,0.0317,0.0099,3.195,0.036946319819595876,0.3514040373855239,"DHX36, HEY2, KAT2B, HMGB1",False
C4_core,GO_BP,GOBP_AORTIC_VALVE_MORPHOGENESIS,Aortic valve morphogenesis,2,36,126,0.0159,0.0024,6.523,0.037551966680341865,0.3514040373855239,"HEY2, EFNA1",False
C4_core,GO_BP,GOBP_POSITIVE_REGULATION_OF_GLUCOSE_METABOLIC_PROCESS,Positive regulation of glucose metabolic process,2,36,126,0.0159,0.0024,6.523,0.037551966680341865,0.3514040373855239,"GPT, KAT2B",False
C4_core,GO_BP,GOBP_LIPID_HOMEOSTASIS,Lipid homeostasis,4,148,126,0.0317,0.01,3.173,0.03773117519985163,0.3514040373855239,"PNPLA8, CERT1, PRKAA1, CETP",False
C4_core,GO_BP,GOBP_SPHINGOLIPID_METABOLIC_PROCESS,Sphingolipid metabolic process,4,148,126,0.0317,0.01,3.173,0.03773117519985163,0.3514040373855239,"PLPP3, CERT1, SGMS2, PRKAA1",False
C4_core,GO_BP,GOBP_TISSUE_MIGRATION,Tissue migration,6,290,126,0.0476,0.0196,2.429,0.0377381958231207,0.3514040373855239,"PLPP3, PIK3CA, BMP10, EFNA1, TGFBR3, HMGB1",False
C4_core,GO_BP,GOBP_PYRIDINE_CONTAINING_COMPOUND_CATABOLIC_PROCESS,Pyridine containing compound catabolic process,3,87,126,0.0238,0.0059,4.049,0.03812610064663722,0.35337246988225796,"PNP, KAT2B, PRKAA1",False
C4_core,GO_BP,GOBP_NON_MEMBRANE_BOUNDED_ORGANELLE_ASSEMBLY,Non membrane bounded organelle assembly,7,370,126,0.0556,0.025,2.221,0.03894043442799765,0.35765115649170215,"MEF2A, EIF5, PRKAA1, BMP10, KAT2B, CEP120, STAG2",False
C4_core,GO_BP,GOBP_RESPONSE_TO_HYDROGEN_PEROXIDE,Response to hydrogen peroxide,3,88,126,0.0238,0.0059,4.003,0.0392336797761163,0.35765115649170215,"ERN1, HP, PRKAA1",False
C4_core,GO_BP,GOBP_DICARBOXYLIC_ACID_METABOLIC_PROCESS,Dicarboxylic acid metabolic process,3,88,126,0.0238,0.0059,4.003,0.0392336797761163,0.35765115649170215,"GPT2, AMDHD1, PCK1",False
C4_core,GO_BP,GOBP_HEART_MORPHOGENESIS,Heart morphogenesis,5,219,126,0.0397,0.0148,2.681,0.039365991993620654,0.35765115649170215,"CERT1, HEY2, BMP10, EFNA1, TGFBR3",False
C4_core,GO_BP,GOBP_NEGATIVE_REGULATION_OF_CELLULAR_RESPONSE_TO_INSULIN_STIMULUS,Negative regulation of cellular response to insulin stimulus,2,37,126,0.0159,0.0025,6.347,0.03948097182051257,0.35765115649170215,"PRKAA1, ZNF592",False
C4_core,GO_BP,GOBP_REGULATION_OF_SYNAPSE_STRUCTURE_OR_ACTIVITY,Regulation of synapse structure or activity,5,220,126,0.0397,0.0149,2.668,0.0400171820973413,0.3603882809777965,"DHX36, SYBU, PDLIM5, EFNA1, PTPRD",False
C4_core,GO_BP,GOBP_EPITHELIAL_TO_MESENCHYMAL_TRANSITION,Epithelial to mesenchymal transition,4,151,126,0.0317,0.0102,3.11,0.04014315017884547,0.3603882809777965,"HEY2, FERMT2, EFNA1, TGFBR3",False
C4_core,GO_BP,GOBP_REGULATION_OF_CILIUM_ASSEMBLY,Regulation of cilium assembly,3,89,126,0.0238,0.006,3.958,0.040357537406744026,0.3606954905727747,"ATMIN, GDI2, CEP120",False
C4_core,GO_BP,GOBP_CELLULAR_RESPONSE_TO_NUTRIENT_LEVELS,Cellular response to nutrient levels,5,221,126,0.0397,0.0149,2.656,0.04067492467964041,0.3619164409272893,"PRKAA1, KAT2B, MAPK8, RICTOR, PCK1",False
C4_core,GO_BP,GOBP_STRIATED_MUSCLE_CELL_APOPTOTIC_PROCESS,Striated muscle cell apoptotic process,2,38,126,0.0159,0.0026,6.18,0.04144690115724226,0.3623436511650612,"HEY2, CAMK2D",False
C4_core,GO_BP,GOBP_VENTRICULAR_SEPTUM_MORPHOGENESIS,Ventricular septum morphogenesis,2,38,126,0.0159,0.0026,6.18,0.04144690115724226,0.3623436511650612,"HEY2, TGFBR3",False
C4_core,GO_BP,GOBP_VASODILATION,Vasodilation,2,38,126,0.0159,0.0026,6.18,0.04144690115724226,0.3623436511650612,"KAT2B, ITGA1",False
C4_core,GO_BP,GOBP_RESPONSE_TO_TUMOR_CELL,Response to tumor cell,2,38,126,0.0159,0.0026,6.18,0.04144690115724226,0.3623436511650612,"UFL1, HMGB1",False
C4_core,GO_BP,GOBP_MONOSACCHARIDE_METABOLIC_PROCESS,Monosaccharide metabolic process,5,223,126,0.0397,0.0151,2.633,0.04201010632297223,0.36567057764604527,"PIK3CA, PRKAA1, KAT2B, GPT, PCK1",False
C4_core,GO_BP,GOBP_NUCLEOSIDE_DIPHOSPHATE_CATABOLIC_PROCESS,Nucleoside diphosphate catabolic process,3,91,126,0.0238,0.0062,3.871,0.04265384832504758,0.36966668548374565,"NT5E, KAT2B, PRKAA1",False
C4_core,GO_BP,GOBP_POSITIVE_REGULATION_OF_CELLULAR_COMPONENT_BIOGENESIS,Positive regulation of cellular component biogenesis,8,460,126,0.0635,0.0311,2.042,0.04296990208408163,0.3701484749260419,"SNX4, FERMT2, PIK3CA, MAPK8, CEP120, RICTOR, ATMIN, PTPRD",False
C4_core,GO_BP,GOBP_CELLULAR_RESPONSE_TO_OXIDATIVE_STRESS,Cellular response to oxidative stress,5,225,126,0.0397,0.0152,2.609,0.04337160998304971,0.3701484749260419,"PRKAA1, ERN1, KAT2B, MAPK8, PNPLA8",False
C4_core,GO_BP,GOBP_MRNA_3_END_PROCESSING,Mrna 3 end processing,2,39,126,0.0159,0.0026,6.021,0.04344899680700292,0.3701484749260419,"DHX36, WDR33",False
C4_core,GO_BP,GOBP_POSITIVE_REGULATION_OF_DENDRITIC_SPINE_DEVELOPMENT,Positive regulation of dendritic spine development,2,39,126,0.0159,0.0026,6.021,0.04344899680700292,0.3701484749260419,"DHX36, PTPRD",False
C4_core,GO_BP,GOBP_POSITIVE_REGULATION_OF_T_CELL_PROLIFERATION,Positive regulation of t cell proliferation,3,92,126,0.0238,0.0062,3.829,0.04382617520620563,0.3717796727238291,"PNP, HMGB1, BMI1",False
C4_core,GO_BP,GOBP_POSITIVE_REGULATION_OF_ORGANELLE_ORGANIZATION,Positive regulation of organelle organization,8,464,126,0.0635,0.0314,2.024,0.0448198724181417,0.37474895017506105,"DHX36, SNX4, FERMT2, BMP10, UFL1, CEP120, RICTOR, ATMIN",False
C4_core,GO_BP,GOBP_TOR_SIGNALING,Tor signaling,4,157,126,0.0317,0.0106,2.991,0.04522562031854302,0.37474895017506105,"RICTOR, SYAP1, PIK3CA, PRKAA1",False
C4_core,GO_BP,GOBP_REGULATION_OF_AMYLOID_PRECURSOR_PROTEIN_CATABOLIC_PROCESS,Regulation of amyloid precursor protein catabolic process,2,40,126,0.0159,0.0027,5.871,0.04548651093533458,0.37474895017506105,"PICALM, EFNA1",False
C4_core,GO_BP,GOBP_PROTEIN_DEACETYLATION,Protein deacetylation,2,40,126,0.0159,0.0027,5.871,0.04548651093533458,0.37474895017506105,"KAT2B, PRKAA1",False
C4_core,GO_BP,GOBP_REGULATION_OF_SODIUM_ION_TRANSMEMBRANE_TRANSPORTER_ACTIVITY,Regulation of sodium ion transmembrane transporter activity,2,40,126,0.0159,0.0027,5.871,0.04548651093533458,0.37474895017506105,"CAMK2D, FXYD1",False
C4_core,GO_BP,GOBP_ACTIVIN_RECEPTOR_SIGNALING_PATHWAY,Activin receptor signaling pathway,2,40,126,0.0159,0.0027,5.871,0.04548651093533458,0.37474895017506105,"BMP10, LEMD3",False
C4_core,GO_BP,GOBP_REGULATION_OF_FATTY_ACID_BIOSYNTHETIC_PROCESS,Regulation of fatty acid biosynthetic process,2,40,126,0.0159,0.0027,5.871,0.04548651093533458,0.37474895017506105,"ERLIN2, KAT2B",False
C4_core,GO_BP,GOBP_SUBSTRATE_ADHESION_DEPENDENT_CELL_SPREADING,Substrate adhesion dependent cell spreading,3,94,126,0.0238,0.0064,3.747,0.0462188370531049,0.3775112645805122,"AP1AR, FERMT2, EFNA1",False
C4_core,GO_BP,GOBP_REGULATION_OF_TRANSMEMBRANE_RECEPTOR_PROTEIN_SERINE_THREONINE_KINASE_SIGNALING_PATHWAY,Regulation of transmembrane receptor protein serine threonine kinase signaling pathway,5,230,126,0.0397,0.0155,2.552,0.046890935073506806,0.3775112645805122,"BMP10, TGFBR3, GREM2, UBE2D3, LEMD3",False
C4_core,GO_BP,GOBP_REGULATION_OF_CYTOSKELETON_ORGANIZATION,Regulation of cytoskeleton organization,8,469,126,0.0635,0.0317,2.003,0.04720553479982229,0.3775112645805122,"FERMT2, PIK3CA, PRKAA1, BMP10, KAT2B, CEP120, RICTOR, AP1AR",False
C4_core,GO_BP,GOBP_NEGATIVE_REGULATION_OF_BINDING,Negative regulation of binding,3,95,126,0.0238,0.0064,3.708,0.04743903089440688,0.3775112645805122,"HEY2, TMBIM6, MAPK8",False
C4_core,GO_BP,GOBP_PROTEIN_TARGETING_TO_MITOCHONDRION,Protein targeting to mitochondrion,3,95,126,0.0238,0.0064,3.708,0.04743903089440688,0.3775112645805122,"PRKAA1, GRPEL1, UBE2D3",False
C4_core,GO_BP,GOBP_REGULATION_OF_ALCOHOL_BIOSYNTHETIC_PROCESS,Regulation of alcohol biosynthetic process,2,41,126,0.0159,0.0028,5.727,0.047558705642896985,0.3775112645805122,"ERLIN2, PRKAA1",False
C4_core,GO_BP,GOBP_PURINE_NUCLEOSIDE_MONOPHOSPHATE_METABOLIC_PROCESS,Purine nucleoside monophosphate metabolic process,2,41,126,0.0159,0.0028,5.727,0.047558705642896985,0.3775112645805122,"NT5E, PNP",False
C4_core,GO_BP,GOBP_NUCLEOSIDE_TRIPHOSPHATE_METABOLIC_PROCESS,Nucleoside triphosphate metabolic process,5,231,126,0.0397,0.0156,2.541,0.04761466345719144,0.3775112645805122,"PRKAA1, NDUFA5, KAT2B, OPA1, NT5E",False
C4_core,GO_BP,GOBP_NUCLEOSIDE_PHOSPHATE_CATABOLIC_PROCESS,Nucleoside phosphate catabolic process,4,160,126,0.0317,0.0108,2.935,0.047896034567157894,0.3775112645805122,"NT5E, PNP, KAT2B, PRKAA1",False
C4_core,GO_BP,GOBP_JNK_CASCADE,Jnk cascade,4,160,126,0.0317,0.0108,2.935,0.047896034567157894,0.3775112645805122,"RB1CC1, MAPK8, HMGB1, TGFBR3",False
C4_core,GO_BP,GOBP_MUSCLE_CELL_DEVELOPMENT,Muscle cell development,4,160,126,0.0317,0.0108,2.935,0.047896034567157894,0.3775112645805122,"MEF2A, HEY2, BMP10, PDLIM5",False
C4_core,GO_BP,GOBP_ORGANIC_ACID_CATABOLIC_PROCESS,Organic acid catabolic process,5,232,126,0.0397,0.0157,2.53,0.04834502554137832,0.37955584758368394,"GPT2, AMDHD1, ABHD2, GPT, PCK1",False
C4_core,GO_BP,GOBP_REGULATION_OF_ESTABLISHMENT_OF_PROTEIN_LOCALIZATION_TO_MITOCHONDRION,Regulation of establishment of protein localization to mitochondrion,2,42,126,0.0159,0.0028,5.591,0.04966485285270885,0.3824193669658582,"PRKAA1, UBE2D3",False
C4_core,GO_BP,GOBP_REGULATION_OF_CELLULAR_RESPIRATION,Regulation of cellular respiration,2,42,126,0.0159,0.0028,5.591,0.04966485285270885,0.3824193669658582,"SHMT2, PIK3CA",False
C4_core,GO_BP,GOBP_CENTRIOLE_ASSEMBLY,Centriole assembly,2,42,126,0.0159,0.0028,5.591,0.04966485285270885,0.3824193669658582,"CEP120, KAT2B",False
C4_core,GO_BP,GOBP_DENDRITIC_CELL_DIFFERENTIATION,Dendritic cell differentiation,2,42,126,0.0159,0.0028,5.591,0.04966485285270885,0.3824193669658582,"HMGB1, AZI2",False
C4_core,GO_BP,GOBP_RESPONSE_TO_DEXAMETHASONE,Response to dexamethasone,2,42,126,0.0159,0.0028,5.591,0.04966485285270885,0.3824193669658582,"PIK3CA, PCK1",False
C4_core,GO_BP,GOBP_EPIDERMAL_GROWTH_FACTOR_RECEPTOR_SIGNALING_PATHWAY,Epidermal growth factor receptor signaling pathway,3,97,126,0.0238,0.0066,3.631,0.04992677432083256,0.38296322678278466,"GAREM1, ITGA1, PIK3CA",False
C4_core,GO_BP,GOBP_CELL_SURFACE_RECEPTOR_PROTEIN_SERINE_THREONINE_KINASE_SIGNALING_PATHWAY,Cell surface receptor protein serine threonine kinase signaling pathway,6,312,126,0.0476,0.0211,2.258,0.050665549978993016,0.3871466834272672,"FERMT2, BMP10, TGFBR3, GREM2, UBE2D3, LEMD3",False
C4_core,GO_BP,GOBP_NEGATIVE_REGULATION_OF_ORGANELLE_ASSEMBLY,Negative regulation of organelle assembly,2,43,126,0.0159,0.0029,5.461,0.051804234198562574,0.3943424975875372,"KAT2B, GDI2",False
C4_core,GO_BP,GOBP_POSITIVE_REGULATION_OF_CELL_DEVELOPMENT,Positive regulation of cell development,7,397,126,0.0556,0.0268,2.07,0.05323357232351556,0.4017109074759714,"DHX36, UFL1, OPA1, PNP, HMGB1, PTPRD, PCK1",False
C4_core,GO_BP,GOBP_MYELOID_CELL_HOMEOSTASIS,Myeloid cell homeostasis,4,166,126,0.0317,0.0112,2.829,0.053494385186379986,0.4017109074759714,"UFL1, HMGB1, ADGRF5, TGFBR3",False
C4_core,GO_BP,GOBP_POSITIVE_REGULATION_OF_ENDOTHELIAL_CELL_MIGRATION,Positive regulation of endothelial cell migration,3,100,126,0.0238,0.0068,3.522,0.05377560278615708,0.4017109074759714,"PLPP3, HMGB1, TGFBR3",False
C4_core,GO_BP,GOBP_SEMI_LUNAR_VALVE_DEVELOPMENT,Semi lunar valve development,2,44,126,0.0159,0.003,5.337,0.05397614091460355,0.4017109074759714,"HEY2, EFNA1",False
C4_core,GO_BP,GOBP_REGULATION_OF_GLUCONEOGENESIS,Regulation of gluconeogenesis,2,44,126,0.0159,0.003,5.337,0.05397614091460355,0.4017109074759714,"GPT, KAT2B",False
C4_core,GO_BP,GOBP_REGULATION_OF_NUCLEOTIDE_CATABOLIC_PROCESS,Regulation of nucleotide catabolic process,2,44,126,0.0159,0.003,5.337,0.05397614091460355,0.4017109074759714,"KAT2B, PRKAA1",False
C4_core,GO_BP,GOBP_POSITIVE_REGULATION_OF_CYTOSKELETON_ORGANIZATION,Positive regulation of cytoskeleton organization,4,167,126,0.0317,0.0113,2.812,0.054460706807651894,0.40381605566266326,"CEP120, RICTOR, BMP10, FERMT2",False
C4_core,GO_BP,GOBP_POSITIVE_REGULATION_OF_CATABOLIC_PROCESS,Positive regulation of catabolic process,8,486,126,0.0635,0.0329,1.933,0.05593516534394747,0.40883065833236626,"DHX36, SNX4, RNF139, PRKAA1, UFL1, KAT2B, RB1CC1, HMGB1",False
C4_core,GO_BP,GOBP_ORGANIC_HYDROXY_COMPOUND_METABOLIC_PROCESS,Organic hydroxy compound metabolic process,8,486,126,0.0635,0.0329,1.933,0.05593516534394747,0.40883065833236626,"SULT1A2, PLPP3, PRKAA1, APOF, ERLIN2, DHRS4, CETP, PCK1",False
C4_core,GO_BP,GOBP_RESPONSE_TO_EPIDERMAL_GROWTH_FACTOR,Response to epidermal growth factor,2,45,126,0.0159,0.003,5.218,0.05617987372606264,0.40883065833236626,"GAREM1, SYAP1",False
C4_core,GO_BP,GOBP_CORONARY_VASCULATURE_DEVELOPMENT,Coronary vasculature development,2,45,126,0.0159,0.003,5.218,0.05617987372606264,0.40883065833236626,"HEY2, TGFBR3",False
C4_core,GO_BP,GOBP_CLATHRIN_DEPENDENT_ENDOCYTOSIS,Clathrin dependent endocytosis,2,45,126,0.0159,0.003,5.218,0.05617987372606264,0.40883065833236626,"PICALM, ITSN1",False
C4_core,GO_BP,GOBP_POSITIVE_REGULATION_OF_PLASMA_MEMBRANE_BOUNDED_CELL_PROJECTION_ASSEMBLY,Positive regulation of plasma membrane bounded cell projection assembly,3,102,126,0.0238,0.0069,3.453,0.05641866762882112,0.40883065833236626,"ATMIN, PIK3CA, CEP120",False
C4_core,GO_BP,GOBP_REGULATION_OF_PEPTIDYL_TYROSINE_PHOSPHORYLATION,Regulation of peptidyl tyrosine phosphorylation,4,170,126,0.0317,0.0115,2.763,0.05741642658424751,0.40883065833236626,"RICTOR, PLPP3, EFNA1, ZNF592",False
C4_core,GO_BP,GOBP_REGULATION_OF_PEPTIDASE_ACTIVITY,Regulation of peptidase activity,5,244,126,0.0397,0.0165,2.406,0.05762791286778677,0.40883065833236626,"EFNA1, SERPINA4, TANK, HMGB1, FETUB",False
C4_core,GO_BP,GOBP_STRIATED_MUSCLE_CELL_DIFFERENTIATION,Striated muscle cell differentiation,5,245,126,0.0397,0.0166,2.396,0.05844473635349227,0.40883065833236626,"MEF2A, HEY2, BMP10, PDLIM5, SPAG9",False
C4_core,GO_BP,GOBP_CARDIAC_CHAMBER_MORPHOGENESIS,Cardiac chamber morphogenesis,3,104,126,0.0238,0.007,3.387,0.05912266437819059,0.40883065833236626,"HEY2, BMP10, TGFBR3",False
C4_core,GO_BP,GOBP_T_CELL_ACTIVATION_INVOLVED_IN_IMMUNE_RESPONSE,T cell activation involved in immune response,3,104,126,0.0238,0.007,3.387,0.05912266437819059,0.40883065833236626,"HMGB1, OPA1, PCK1",False
C4_core,GO_BP,GOBP_CARDIAC_VENTRICLE_DEVELOPMENT,Cardiac ventricle development,3,105,126,0.0238,0.0071,3.355,0.06049728566002841,0.40883065833236626,"HEY2, BMP10, TGFBR3",False
C4_core,GO_BP,GOBP_REGULATION_OF_CENTROSOME_CYCLE,Regulation of centrosome cycle,2,47,126,0.0159,0.0032,4.996,0.06068006734395473,0.40883065833236626,"CEP120, KAT2B",False
C4_core,GO_BP,GOBP_POSTSYNAPSE_ORGANIZATION,Postsynapse organization,4,174,126,0.0317,0.0118,2.699,0.06148919215011043,0.40883065833236626,"DHX36, PDLIM5, EFNA1, PTPRD",False
C4_core,GO_BP,GOBP_PYRUVATE_METABOLIC_PROCESS,Pyruvate metabolic process,3,106,126,0.0238,0.0072,3.323,0.06188686456497569,0.40883065833236626,"KAT2B, PRKAA1, PCK1",False
C4_core,GO_BP,GOBP_POSITIVE_REGULATION_OF_CELL_PROJECTION_ORGANIZATION,Positive regulation of cell projection organization,6,330,126,0.0476,0.0223,2.135,0.06304839081474091,0.40883065833236626,"DHX36, PIK3CA, KAT2B, CEP120, ATMIN, PTPRD",False
C4_core,GO_BP,GOBP_T_CELL_ACTIVATION,T cell activation,8,499,126,0.0635,0.0337,1.882,0.06326723954444537,0.40883065833236626,"PIK3CA, UFL1, BMI1, AZI2, OPA1, PNP, HMGB1, PCK1",False
C4_core,GO_BP,GOBP_POSITIVE_REGULATION_OF_HEMOPOIESIS,Positive regulation of hemopoiesis,4,176,126,0.0317,0.0119,2.668,0.06358172236593262,0.40883065833236626,"PNP, HMGB1, OPA1, PCK1",False
C4_core,GO_BP,GOBP_REGULATION_OF_TRANSLATION,Regulation of translation,6,332,126,0.0476,0.0224,2.122,0.06452583538440088,0.40883065833236626,"DHX36, SHMT2, EIF5, RNF139, EIF4B, ACO1",False
C4_core,GO_BP,GOBP_CELLULAR_RESPONSE_TO_INORGANIC_SUBSTANCE,Cellular response to inorganic substance,4,177,126,0.0317,0.012,2.653,0.06464195033322415,0.40883065833236626,"MEF2A, CAMK2D, PRKAA1, MAPK8",False
C4_core,GO_BP,GOBP_RESPONSE_TO_REACTIVE_OXYGEN_SPECIES,Response to reactive oxygen species,4,177,126,0.0317,0.012,2.653,0.06464195033322415,0.40883065833236626,"ERN1, HP, PRKAA1, MAPK8",False
C4_core,GO_BP,GOBP_POSITIVE_REGULATION_OF_PROTEIN_SERINE_THREONINE_KINASE_ACTIVITY,Positive regulation of protein serine threonine kinase activity,3,108,126,0.0238,0.0073,3.261,0.06471051235759952,0.40883065833236626,"ERN1, FERMT2, SYAP1",False
C4_core,GO_BP,GOBP_NUCLEOSIDE_METABOLIC_PROCESS,Nucleoside metabolic process,2,49,126,0.0159,0.0033,4.792,0.06529940659514576,0.40883065833236626,"NT5E, PNP",False
C4_core,GO_BP,GOBP_REGULATION_OF_SODIUM_ION_TRANSMEMBRANE_TRANSPORT,Regulation of sodium ion transmembrane transport,2,49,126,0.0159,0.0033,4.792,0.06529940659514576,0.40883065833236626,"CAMK2D, FXYD1",False
C4_core,GO_BP,GOBP_REGULATION_OF_DEVELOPMENTAL_GROWTH,Regulation of developmental growth,5,254,126,0.0397,0.0172,2.311,0.06609507456504143,0.40883065833236626,"PIK3CA, HEY2, BMP10, TGFBR3, SPAG9",False
C4_core,GO_BP,GOBP_REGULATION_OF_ALPHA_BETA_T_CELL_ACTIVATION,Regulation of alpha beta t cell activation,3,109,126,0.0238,0.0074,3.232,0.06614438584110217,0.40883065833236626,"PNP, HMGB1, OPA1",False
C4_core,GO_BP,GOBP_RESPONSE_TO_NUTRIENT_LEVELS,Response to nutrient levels,7,418,126,0.0556,0.0283,1.966,0.06637756182880607,0.40883065833236626,"BNIP2, PRKAA1, KAT2B, MAPK8, RICTOR, GPT, PCK1",False
C4_core,GO_BP,GOBP_POSITIVE_REGULATION_OF_CELL_ACTIVATION,Positive regulation of cell activation,6,336,126,0.0476,0.0227,2.097,0.06754179751251055,0.40883065833236626,"PIK3CA, BMI1, OPA1, PNP, HMGB1, PCK1",False
C4_core,GO_BP,GOBP_RIBOSE_PHOSPHATE_METABOLIC_PROCESS,Ribose phosphate metabolic process,7,420,126,0.0556,0.0284,1.957,0.06772356238851657,0.40883065833236626,"SULT1A2, PRKAA1, NDUFA5, KAT2B, OPA1, NT5E, PNP",False
C4_core,GO_BP,GOBP_AMYLOID_BETA_METABOLIC_PROCESS,Amyloid beta metabolic process,2,51,126,0.0159,0.0034,4.604,0.07003262807636473,0.40883065833236626,"PICALM, EFNA1",False
C4_core,GO_BP,GOBP_REGULATION_OF_EPIDERMIS_DEVELOPMENT,Regulation of epidermis development,2,51,126,0.0159,0.0034,4.604,0.07003262807636473,0.40883065833236626,"HEY2, NAB1",False
C4_core,GO_BP,GOBP_NEGATIVE_REGULATION_OF_TRANSPORTER_ACTIVITY,Negative regulation of transporter activity,2,51,126,0.0159,0.0034,4.604,0.07003262807636473,0.40883065833236626,"NDFIP2, CAMK2D",False
C4_core,GO_BP,GOBP_REGULATION_OF_MYELOID_LEUKOCYTE_MEDIATED_IMMUNITY,Regulation of myeloid leukocyte mediated immunity,2,51,126,0.0159,0.0034,4.604,0.07003262807636473,0.40883065833236626,"DHX36, SNX4",False
C4_core,GO_BP,GOBP_NEGATIVE_REGULATION_OF_LIPID_BIOSYNTHETIC_PROCESS,Negative regulation of lipid biosynthetic process,2,51,126,0.0159,0.0034,4.604,0.07003262807636473,0.40883065833236626,"ERLIN2, PRKAA1",False
C4_core,GO_BP,GOBP_DNA_TEMPLATED_TRANSCRIPTION_INITIATION,Dna templated transcription initiation,4,183,126,0.0317,0.0124,2.566,0.07119729191918382,0.40883065833236626,"DHX36, HEY2, KAT2B, HMGB1",False
C4_core,GO_BP,GOBP_ESTABLISHMENT_OF_ORGANELLE_LOCALIZATION,Establishment of organelle localization,7,426,126,0.0556,0.0288,1.929,0.07186032444036627,0.40883065833236626,"SNX4, SYBU, KAT2B, OPA1, CEP120, AP1AR, PICALM",False
C4_core,GO_BP,GOBP_RESPONSE_TO_CALCIUM_ION,Response to calcium ion,3,113,126,0.0238,0.0076,3.117,0.0720245275906603,0.40883065833236626,"MEF2A, CAMK2D, PRKAA1",False
C4_core,GO_BP,GOBP_BLOOD_VESSEL_ENDOTHELIAL_CELL_MIGRATION,Blood vessel endothelial cell migration,3,113,126,0.0238,0.0076,3.117,0.0720245275906603,0.40883065833236626,"HMGB1, EFNA1, TGFBR3",False
C4_core,GO_BP,GOBP_REGULATION_OF_PROTEIN_BINDING,Regulation of protein binding,3,113,126,0.0238,0.0076,3.117,0.0720245275906603,0.40883065833236626,"GREM2, TMBIM6, MAPK8",False
C4_core,GO_BP,GOBP_MUSCLE_TISSUE_DEVELOPMENT,Muscle tissue development,6,342,126,0.0476,0.0231,2.06,0.07221834455920542,0.40883065833236626,"MEF2A, PRKAA1, HEY2, BMP10, PDLIM5, TGFBR3",False
C4_core,GO_BP,GOBP_STRESS_ACTIVATED_PROTEIN_KINASE_SIGNALING_CASCADE,Stress activated protein kinase signaling cascade,2,52,126,0.0159,0.0035,4.516,0.07244033868926172,0.40883065833236626,"NBR1, MAPK8",False
C4_core,GO_BP,GOBP_POSITIVE_REGULATION_OF_BLOOD_VESSEL_ENDOTHELIAL_CELL_MIGRATION,Positive regulation of blood vessel endothelial cell migration,2,52,126,0.0159,0.0035,4.516,0.07244033868926172,0.40883065833236626,"HMGB1, TGFBR3",False
C4_core,GO_BP,GOBP_REGULATION_OF_ACTIN_FILAMENT_BASED_PROCESS,Regulation of actin filament based process,6,344,126,0.0476,0.0233,2.048,0.07381783751991579,0.40883065833236626,"FERMT2, PIK3CA, BMP10, RICTOR, AP1AR, CAMK2D",False
C4_core,GO_BP,GOBP_ATP_METABOLIC_PROCESS,Atp metabolic process,4,186,126,0.0317,0.0126,2.525,0.0745984737873185,0.40883065833236626,"NDUFA5, NT5E, KAT2B, PRKAA1",False
C4_core,GO_BP,GOBP_REGULATION_OF_SMAD_PROTEIN_SIGNAL_TRANSDUCTION,Regulation of smad protein signal transduction,2,53,126,0.0159,0.0036,4.431,0.07487461013784408,0.40883065833236626,"BMP10, TGFBR3",False
C4_core,GO_BP,GOBP_AMYLOID_PRECURSOR_PROTEIN_CATABOLIC_PROCESS,Amyloid precursor protein catabolic process,2,53,126,0.0159,0.0036,4.431,0.07487461013784408,0.40883065833236626,"PICALM, EFNA1",False
C4_core,GO_BP,GOBP_PROTEIN_LOCALIZATION_TO_MITOCHONDRION,Protein localization to mitochondrion,3,115,126,0.0238,0.0078,3.063,0.07504993350146104,0.40883065833236626,"PRKAA1, GRPEL1, UBE2D3",False
C4_core,GO_BP,GOBP_ERBB_SIGNALING_PATHWAY,Erbb signaling pathway,3,116,126,0.0238,0.0078,3.037,0.07658359768570551,0.40883065833236626,"GAREM1, ITGA1, PIK3CA",False
C4_core,GO_BP,GOBP_POSITIVE_REGULATION_OF_POST_TRANSLATIONAL_PROTEIN_MODIFICATION,Positive regulation of post translational protein modification,3,116,126,0.0238,0.0078,3.037,0.07658359768570551,0.40883065833236626,"NDFIP2, TANK, BMI1",False
C4_core,GO_BP,GOBP_NUCLEOSIDE_DIPHOSPHATE_METABOLIC_PROCESS,Nucleoside diphosphate metabolic process,3,116,126,0.0238,0.0078,3.037,0.07658359768570551,0.40883065833236626,"NT5E, KAT2B, PRKAA1",False
C4_core,GO_BP,GOBP_MEMBRANE_LIPID_METABOLIC_PROCESS,Membrane lipid metabolic process,4,188,126,0.0317,0.0127,2.498,0.07691114646310748,0.40883065833236626,"PLPP3, CERT1, SGMS2, PRKAA1",False
C4_core,GO_BP,GOBP_RESPONSE_TO_STARVATION,Response to starvation,4,188,126,0.0317,0.0127,2.498,0.07691114646310748,0.40883065833236626,"MAPK8, GPT, PRKAA1, PCK1",False
C4_core,GO_BP,GOBP_POSITIVE_REGULATION_OF_ALPHA_BETA_T_CELL_DIFFERENTIATION,Positive regulation of alpha beta t cell differentiation,2,54,126,0.0159,0.0037,4.349,0.07733482383471295,0.40883065833236626,"PNP, OPA1",False
C4_core,GO_BP,GOBP_L_AMINO_ACID_BIOSYNTHETIC_PROCESS,L amino acid biosynthetic process,2,54,126,0.0159,0.0037,4.349,0.07733482383471295,0.40883065833236626,"CTH, SHMT2",False
C4_core,GO_BP,GOBP_NEURON_CELLULAR_HOMEOSTASIS,Neuron cellular homeostasis,2,54,126,0.0159,0.0037,4.349,0.07733482383471295,0.40883065833236626,"CA2, PRKAA1",False
C4_core,GO_BP,GOBP_REGULATION_OF_CARBOHYDRATE_CATABOLIC_PROCESS,Regulation of carbohydrate catabolic process,2,54,126,0.0159,0.0037,4.349,0.07733482383471295,0.40883065833236626,"KAT2B, PRKAA1",False
C4_core,GO_BP,GOBP_POSITIVE_REGULATION_OF_SMALL_MOLECULE_METABOLIC_PROCESS,Positive regulation of small molecule metabolic process,3,117,126,0.0238,0.0079,3.011,0.0781310908521073,0.40883065833236626,"GPT, PRKAA1, KAT2B",False
C4_core,GO_BP,GOBP_PHOSPHOLIPID_METABOLIC_PROCESS,Phospholipid metabolic process,6,350,126,0.0476,0.0237,2.013,0.07873794066204415,0.40883065833236626,"PLPP3, ADGRF5, PIK3CA, SGMS2, PNPLA8, CETP",False
C4_core,GO_BP,GOBP_ENDOSOMAL_TRANSPORT,Endosomal transport,5,268,126,0.0397,0.0181,2.191,0.07905783601546817,0.40883065833236626,"ZFYVE16, SNX4, SPAG9, PICALM, ITSN1",False
C4_core,GO_BP,GOBP_FATTY_ACID_METABOLIC_PROCESS,Fatty acid metabolic process,6,351,126,0.0476,0.0237,2.007,0.07957565576125522,0.40883065833236626,"PRKAA1, KAT2B, ABHD2, ERLIN2, PNPLA8, PCK1",False
C4_core,GO_BP,GOBP_ALPHA_BETA_T_CELL_DIFFERENTIATION,Alpha beta t cell differentiation,3,118,126,0.0238,0.008,2.985,0.07969230269709748,0.40883065833236626,"PNP, HMGB1, OPA1",False
C4_core,GO_BP,GOBP_SISTER_CHROMATID_COHESION,Sister chromatid cohesion,2,55,126,0.0159,0.0037,4.27,0.07982036965182657,0.40883065833236626,"NAA50, STAG2",False
C4_core,GO_BP,GOBP_REGULATION_OF_CD4_POSITIVE_ALPHA_BETA_T_CELL_DIFFERENTIATION,Regulation of cd4 positive alpha beta t cell differentiation,2,55,126,0.0159,0.0037,4.27,0.07982036965182657,0.40883065833236626,"HMGB1, OPA1",False
C4_core,GO_BP,GOBP_PROTEIN_HOMOTETRAMERIZATION,Protein homotetramerization,2,55,126,0.0159,0.0037,4.27,0.07982036965182657,0.40883065833236626,"CTH, SHMT2",False
C4_core,GO_BP,GOBP_OSSIFICATION,Ossification,6,353,126,0.0476,0.0239,1.996,0.08126621590566403,0.40883065833236626,"DHX36, NBR1, FERMT2, SGMS2, UFL1, NAB1",False
C4_core,GO_BP,GOBP_REGULATION_OF_TOLL_LIKE_RECEPTOR_9_SIGNALING_PATHWAY,Regulation of toll like receptor 9 signaling pathway,1,10,126,0.0079,0.0007,11.741,0.08200246176941238,0.40883065833236626,HMGB1,False
C4_core,GO_BP,GOBP_REGULATION_OF_TRANSCRIPTION_BY_GLUCOSE,Regulation of transcription by glucose,1,10,126,0.0079,0.0007,11.741,0.08200246176941238,0.40883065833236626,KAT2B,False
C4_core,GO_BP,GOBP_HISTAMINE_SECRETION,Histamine secretion,1,10,126,0.0079,0.0007,11.741,0.08200246176941238,0.40883065833236626,SNX4,False
C4_core,GO_BP,GOBP_REGULATION_OF_T_HELPER_17_CELL_LINEAGE_COMMITMENT,Regulation of t helper 17 cell lineage commitment,1,10,126,0.0079,0.0007,11.741,0.08200246176941238,0.40883065833236626,OPA1,False
C4_core,GO_BP,GOBP_RESPONSE_TO_FRUCTOSE,Response to fructose,1,10,126,0.0079,0.0007,11.741,0.08200246176941238,0.40883065833236626,PCK1,False
C4_core,GO_BP,GOBP_DORSAL_AORTA_DEVELOPMENT,Dorsal aorta development,1,10,126,0.0079,0.0007,11.741,0.08200246176941238,0.40883065833236626,HEY2,False
C4_core,GO_BP,GOBP_POSITIVE_REGULATION_OF_ADIPOSE_TISSUE_DEVELOPMENT,Positive regulation of adipose tissue development,1,10,126,0.0079,0.0007,11.741,0.08200246176941238,0.40883065833236626,PRKAA1,False
C4_core,GO_BP,GOBP_ETHANOL_METABOLIC_PROCESS,Ethanol metabolic process,1,10,126,0.0079,0.0007,11.741,0.08200246176941238,0.40883065833236626,SULT1A2,False
C4_core,GO_BP,GOBP_POSITIVE_REGULATION_OF_INTEGRIN_ACTIVATION,Positive regulation of integrin activation,1,10,126,0.0079,0.0007,11.741,0.08200246176941238,0.40883065833236626,FERMT2,False
C4_core,GO_BP,GOBP_RESPONSE_TO_WATER,Response to water,1,10,126,0.0079,0.0007,11.741,0.08200246176941238,0.40883065833236626,PIK3CA,False
C4_core,GO_BP,GOBP_CENTROMERIC_SISTER_CHROMATID_COHESION,Centromeric sister chromatid cohesion,1,10,126,0.0079,0.0007,11.741,0.08200246176941238,0.40883065833236626,NAA50,False
C4_core,GO_BP,GOBP_REGULATION_OF_DEOXYRIBONUCLEASE_ACTIVITY,Regulation of deoxyribonuclease activity,1,10,126,0.0079,0.0007,11.741,0.08200246176941238,0.40883065833236626,HMGB1,False
C4_core,GO_BP,GOBP_MAINTENANCE_OF_PROTEIN_LOCALIZATION_IN_ENDOPLASMIC_RETICULUM,Maintenance of protein localization in endoplasmic reticulum,1,10,126,0.0079,0.0007,11.741,0.08200246176941238,0.40883065833236626,ANKRD13C,False
C4_core,GO_BP,GOBP_NEGATIVE_REGULATION_OF_CYTOSOLIC_CALCIUM_ION_CONCENTRATION,Negative regulation of cytosolic calcium ion concentration,1,10,126,0.0079,0.0007,11.741,0.08200246176941238,0.40883065833236626,TMBIM6,False
C4_core,GO_BP,GOBP_REGULATION_OF_CARDIAC_MUSCLE_ADAPTATION,Regulation of cardiac muscle adaptation,1,10,126,0.0079,0.0007,11.741,0.08200246176941238,0.40883065833236626,BMP10,False
C4_core,GO_BP,GOBP_PURINE_DEOXYRIBONUCLEOSIDE_MONOPHOSPHATE_METABOLIC_PROCESS,Purine deoxyribonucleoside monophosphate metabolic process,1,10,126,0.0079,0.0007,11.741,0.08200246176941238,0.40883065833236626,PNP,False
C4_core,GO_BP,GOBP_RNA_SPLICING_VIA_ENDONUCLEOLYTIC_CLEAVAGE_AND_LIGATION,Rna splicing via endonucleolytic cleavage and ligation,1,10,126,0.0079,0.0007,11.741,0.08200246176941238,0.40883065833236626,ERN1,False
C4_core,GO_BP,GOBP_REGULATION_OF_CELL_COMMUNICATION_BY_ELECTRICAL_COUPLING,Regulation of cell communication by electrical coupling,1,10,126,0.0079,0.0007,11.741,0.08200246176941238,0.40883065833236626,CAMK2D,False
C4_core,GO_BP,GOBP_ADULT_HEART_DEVELOPMENT,Adult heart development,1,10,126,0.0079,0.0007,11.741,0.08200246176941238,0.40883065833236626,BMP10,False
C4_core,GO_BP,GOBP_NEGATIVE_REGULATION_OF_CARDIOCYTE_DIFFERENTIATION,Negative regulation of cardiocyte differentiation,1,10,126,0.0079,0.0007,11.741,0.08200246176941238,0.40883065833236626,HEY2,False
C4_core,GO_BP,GOBP_POSITIVE_REGULATION_OF_CELL_FATE_COMMITMENT,Positive regulation of cell fate commitment,1,10,126,0.0079,0.0007,11.741,0.08200246176941238,0.40883065833236626,OPA1,False
C4_core,GO_BP,GOBP_RESPONSE_TO_PARATHYROID_HORMONE,Response to parathyroid hormone,1,10,126,0.0079,0.0007,11.741,0.08200246176941238,0.40883065833236626,KAT2B,False
C4_core,GO_BP,GOBP_INTERNAL_PROTEIN_AMINO_ACID_ACETYLATION,Internal protein amino acid acetylation,1,10,126,0.0079,0.0007,11.741,0.08200246176941238,0.40883065833236626,KAT2B,False
C4_core,GO_BP,GOBP_BILE_ACID_SIGNALING_PATHWAY,Bile acid signaling pathway,1,10,126,0.0079,0.0007,11.741,0.08200246176941238,0.40883065833236626,PRKAA1,False
C4_core,GO_BP,GOBP_PRESYNAPTIC_MEMBRANE_ORGANIZATION,Presynaptic membrane organization,1,10,126,0.0079,0.0007,11.741,0.08200246176941238,0.40883065833236626,PTPRD,False
C4_core,GO_BP,GOBP_NUCLEAR_PORE_COMPLEX_ASSEMBLY,Nuclear pore complex assembly,1,10,126,0.0079,0.0007,11.741,0.08200246176941238,0.40883065833236626,AHCTF1,False
C4_core,GO_BP,GOBP_REGULATION_OF_ER_TO_GOLGI_VESICLE_MEDIATED_TRANSPORT,Regulation of er to golgi vesicle mediated transport,1,10,126,0.0079,0.0007,11.741,0.08200246176941238,0.40883065833236626,RNF139,False
C4_core,GO_BP,GOBP_REGULATION_OF_PROTEIN_LOCALIZATION_TO_CILIUM,Regulation of protein localization to cilium,1,10,126,0.0079,0.0007,11.741,0.08200246176941238,0.40883065833236626,GDI2,False
C4_core,GO_BP,GOBP_BILE_ACID_SECRETION,Bile acid secretion,1,10,126,0.0079,0.0007,11.741,0.08200246176941238,0.40883065833236626,PRKAA1,False
C4_core,GO_BP,GOBP_HYPEROSMOTIC_SALINITY_RESPONSE,Hyperosmotic salinity response,1,10,126,0.0079,0.0007,11.741,0.08200246176941238,0.40883065833236626,PCK1,False
C4_core,GO_BP,GOBP_POSITIVE_REGULATION_OF_MAST_CELL_DEGRANULATION,Positive regulation of mast cell degranulation,1,10,126,0.0079,0.0007,11.741,0.08200246176941238,0.40883065833236626,SNX4,False
C4_core,GO_BP,GOBP_REGULATION_OF_PROTEIN_DEUBIQUITINATION,Regulation of protein deubiquitination,1,10,126,0.0079,0.0007,11.741,0.08200246176941238,0.40883065833236626,TANK,False
C4_core,GO_BP,GOBP_MACROMOLECULE_DEACYLATION,Macromolecule deacylation,2,56,126,0.0159,0.0038,4.193,0.0823306458231851,0.40883065833236626,"KAT2B, PRKAA1",False
C4_core,GO_BP,GOBP_HEART_VALVE_MORPHOGENESIS,Heart valve morphogenesis,2,56,126,0.0159,0.0038,4.193,0.0823306458231851,0.40883065833236626,"HEY2, EFNA1",False
C4_core,GO_BP,GOBP_NEUTRAL_LIPID_METABOLIC_PROCESS,Neutral lipid metabolic process,3,120,126,0.0238,0.0081,2.935,0.0828554358054088,0.40883065833236626,"PCK1, ABHD2, CETP",False
C4_core,GO_BP,GOBP_REGULATION_OF_LIPID_METABOLIC_PROCESS,Regulation of lipid metabolic process,5,273,126,0.0397,0.0185,2.15,0.08399687289099582,0.40883065833236626,"ADGRF5, PRKAA1, KAT2B, ERLIN2, PCK1",False
C4_core,GO_BP,GOBP_CELLULAR_RESPIRATION,Cellular respiration,4,194,126,0.0317,0.0131,2.421,0.0840634016618853,0.40883065833236626,"NDUFA5, ACO1, SHMT2, PIK3CA",False
C4_core,GO_BP,GOBP_POSITIVE_REGULATION_OF_PEPTIDYL_TYROSINE_PHOSPHORYLATION,Positive regulation of peptidyl tyrosine phosphorylation,3,121,126,0.0238,0.0082,2.911,0.08445713118391074,0.40883065833236626,"RICTOR, PLPP3, EFNA1",False
C4_core,GO_BP,GOBP_ADIPOSE_TISSUE_DEVELOPMENT,Adipose tissue development,2,57,126,0.0159,0.0039,4.12,0.08486505884853844,0.40883065833236626,"PIK3CA, PRKAA1",False
C4_core,GO_BP,GOBP_RIBONUCLEOSIDE_MONOPHOSPHATE_METABOLIC_PROCESS,Ribonucleoside monophosphate metabolic process,2,57,126,0.0159,0.0039,4.12,0.08486505884853844,0.40883065833236626,"NT5E, PNP",False
C4_core,GO_BP,GOBP_MORPHOGENESIS_OF_AN_EPITHELIAL_SHEET,Morphogenesis of an epithelial sheet,2,57,126,0.0159,0.0039,4.12,0.08486505884853844,0.40883065833236626,"FERMT2, LIN7C",False
C4_core,GO_BP,GOBP_RESPONSE_TO_OXIDATIVE_STRESS,Response to oxidative stress,6,358,126,0.0476,0.0242,1.968,0.08558062743419428,0.40883065833236626,"PRKAA1, ERN1, KAT2B, HP, MAPK8, PNPLA8",False
C4_core,GO_BP,GOBP_ALCOHOL_BIOSYNTHETIC_PROCESS,Alcohol biosynthetic process,3,122,126,0.0238,0.0082,2.887,0.08607209355326656,0.40883065833236626,"ERLIN2, PRKAA1, PCK1",False
C4_core,GO_BP,GOBP_REGULATION_OF_LYMPHOCYTE_DIFFERENTIATION,Regulation of lymphocyte differentiation,4,196,126,0.0317,0.0132,2.396,0.08651798590592052,0.40883065833236626,"PNP, HMGB1, OPA1, PCK1",False
C4_core,GO_BP,GOBP_REGULATION_OF_LYMPHOCYTE_ACTIVATION,Regulation of lymphocyte activation,7,446,126,0.0556,0.0301,1.843,0.08671936618328016,0.40883065833236626,"PIK3CA, UFL1, BMI1, OPA1, PNP, HMGB1, PCK1",False
C4_core,GO_BP,GOBP_REGULATION_OF_SUBSTRATE_ADHESION_DEPENDENT_CELL_SPREADING,Regulation of substrate adhesion dependent cell spreading,2,58,126,0.0159,0.0039,4.049,0.08742302339810601,0.40883065833236626,"AP1AR, FERMT2",False
C4_core,GO_BP,GOBP_CERAMIDE_BIOSYNTHETIC_PROCESS,Ceramide biosynthetic process,2,58,126,0.0159,0.0039,4.049,0.08742302339810601,0.40883065833236626,"SGMS2, PRKAA1",False
C4_core,GO_BP,GOBP_STEROL_BIOSYNTHETIC_PROCESS,Sterol biosynthetic process,2,58,126,0.0159,0.0039,4.049,0.08742302339810601,0.40883065833236626,"ERLIN2, PRKAA1",False
C4_core,GO_BP,GOBP_L_AMINO_ACID_CATABOLIC_PROCESS,L amino acid catabolic process,2,58,126,0.0159,0.0039,4.049,0.08742302339810601,0.40883065833236626,"GPT2, GPT",False
C4_core,GO_BP,GOBP_AXONAL_TRANSPORT,Axonal transport,2,58,126,0.0159,0.0039,4.049,0.08742302339810601,0.40883065833236626,"SYBU, OPA1",False
C4_core,GO_BP,GOBP_NEGATIVE_REGULATION_OF_LOCOMOTION,Negative regulation of locomotion,5,278,126,0.0397,0.0188,2.112,0.08909633247632325,0.40883065833236626,"BMP10, TGFBR3, ABHD2, AP1AR, HMGB1",False
C4_core,GO_BP,GOBP_PEPTIDYL_LYSINE_MODIFICATION,Peptidyl lysine modification,3,124,126,0.0238,0.0084,2.841,0.08934135703637845,0.40883065833236626,"CTH, KAT2B, PRKAA1",False
C4_core,GO_BP,GOBP_REGULATION_OF_STRESS_GRANULE_ASSEMBLY,Regulation of stress granule assembly,1,11,126,0.0079,0.0007,10.674,0.08982630442478666,0.40883065833236626,PRKAA1,False
C4_core,GO_BP,GOBP_WATER_SOLUBLE_VITAMIN_BIOSYNTHETIC_PROCESS,Water soluble vitamin biosynthetic process,1,11,126,0.0079,0.0007,10.674,0.08982630442478666,0.40883065833236626,SLC19A2,False
C4_core,GO_BP,GOBP_GLOMERULAR_BASEMENT_MEMBRANE_DEVELOPMENT,Glomerular basement membrane development,1,11,126,0.0079,0.0007,10.674,0.08982630442478666,0.40883065833236626,NID1,False
C4_core,GO_BP,GOBP_GLYCERALDEHYDE_3_PHOSPHATE_METABOLIC_PROCESS,Glyceraldehyde 3 phosphate metabolic process,1,11,126,0.0079,0.0007,10.674,0.08982630442478666,0.40883065833236626,PCK1,False
C4_core,GO_BP,GOBP_POSITIVE_REGULATION_OF_ATTACHMENT_OF_SPINDLE_MICROTUBULES_TO_KINETOCHORE,Positive regulation of attachment of spindle microtubules to kinetochore,1,11,126,0.0079,0.0007,10.674,0.08982630442478666,0.40883065833236626,KAT2B,False
C4_core,GO_BP,GOBP_GLYCOPHAGY,Glycophagy,1,11,126,0.0079,0.0007,10.674,0.08982630442478666,0.40883065833236626,RB1CC1,False
C4_core,GO_BP,GOBP_ATRIAL_CARDIAC_MUSCLE_TISSUE_DEVELOPMENT,Atrial cardiac muscle tissue development,1,11,126,0.0079,0.0007,10.674,0.08982630442478666,0.40883065833236626,BMP10,False
C4_core,GO_BP,GOBP_URATE_METABOLIC_PROCESS,Urate metabolic process,1,11,126,0.0079,0.0007,10.674,0.08982630442478666,0.40883065833236626,PNP,False
C4_core,GO_BP,GOBP_GLYCINE_METABOLIC_PROCESS,Glycine metabolic process,1,11,126,0.0079,0.0007,10.674,0.08982630442478666,0.40883065833236626,SHMT2,False
C4_core,GO_BP,GOBP_TRIGLYCERIDE_RICH_LIPOPROTEIN_PARTICLE_REMODELING,Triglyceride rich lipoprotein particle remodeling,1,11,126,0.0079,0.0007,10.674,0.08982630442478666,0.40883065833236626,CETP,False
C4_core,GO_BP,GOBP_BERGMANN_GLIAL_CELL_DIFFERENTIATION,Bergmann glial cell differentiation,1,11,126,0.0079,0.0007,10.674,0.08982630442478666,0.40883065833236626,PLPP3,False
C4_core,GO_BP,GOBP_NEGATIVE_REGULATION_OF_SODIUM_ION_TRANSMEMBRANE_TRANSPORT,Negative regulation of sodium ion transmembrane transport,1,11,126,0.0079,0.0007,10.674,0.08982630442478666,0.40883065833236626,CAMK2D,False
C4_core,GO_BP,GOBP_HYPOTONIC_RESPONSE,Hypotonic response,1,11,126,0.0079,0.0007,10.674,0.08982630442478666,0.40883065833236626,PCK1,False
C4_core,GO_BP,GOBP_NUCLEOSIDE_SALVAGE,Nucleoside salvage,1,11,126,0.0079,0.0007,10.674,0.08982630442478666,0.40883065833236626,PNP,False
C4_core,GO_BP,GOBP_CALMODULIN_DEPENDENT_KINASE_SIGNALING_PATHWAY,Calmodulin dependent kinase signaling pathway,1,11,126,0.0079,0.0007,10.674,0.08982630442478666,0.40883065833236626,PRKAA1,False
C4_core,GO_BP,GOBP_SYNAPTIC_VESICLE_BUDDING,Synaptic vesicle budding,1,11,126,0.0079,0.0007,10.674,0.08982630442478666,0.40883065833236626,PICALM,False
C4_core,GO_BP,GOBP_RESPONSE_TO_FOLLICLE_STIMULATING_HORMONE,Response to follicle stimulating hormone,1,11,126,0.0079,0.0007,10.674,0.08982630442478666,0.40883065833236626,TGFBR3,False
C4_core,GO_BP,GOBP_POSITIVE_REGULATION_OF_STRIATED_MUSCLE_CELL_APOPTOTIC_PROCESS,Positive regulation of striated muscle cell apoptotic process,1,11,126,0.0079,0.0007,10.674,0.08982630442478666,0.40883065833236626,CAMK2D,False
C4_core,GO_BP,GOBP_SPHINGOMYELIN_BIOSYNTHETIC_PROCESS,Sphingomyelin biosynthetic process,1,11,126,0.0079,0.0007,10.674,0.08982630442478666,0.40883065833236626,SGMS2,False
C4_core,GO_BP,GOBP_REGULATION_OF_BASEMENT_MEMBRANE_ORGANIZATION,Regulation of basement membrane organization,1,11,126,0.0079,0.0007,10.674,0.08982630442478666,0.40883065833236626,NID1,False
C4_core,GO_BP,GOBP_GAS_TRANSPORT,Gas transport,1,11,126,0.0079,0.0007,10.674,0.08982630442478666,0.40883065833236626,CA2,False
C4_core,GO_BP,GOBP_POSITIVE_REGULATION_OF_CELL_SIZE,Positive regulation of cell size,1,11,126,0.0079,0.0007,10.674,0.08982630442478666,0.40883065833236626,RB1CC1,False
C4_core,GO_BP,GOBP_SEGMENT_SPECIFICATION,Segment specification,1,11,126,0.0079,0.0007,10.674,0.08982630442478666,0.40883065833236626,BMI1,False
C4_core,GO_BP,GOBP_MITRAL_VALVE_DEVELOPMENT,Mitral valve development,1,11,126,0.0079,0.0007,10.674,0.08982630442478666,0.40883065833236626,EFNA1,False
C4_core,GO_BP,GOBP_NEGATIVE_REGULATION_OF_CENTROSOME_DUPLICATION,Negative regulation of centrosome duplication,1,11,126,0.0079,0.0007,10.674,0.08982630442478666,0.40883065833236626,KAT2B,False
C4_core,GO_BP,GOBP_DEOXYRIBONUCLEOSIDE_METABOLIC_PROCESS,Deoxyribonucleoside metabolic process,1,11,126,0.0079,0.0007,10.674,0.08982630442478666,0.40883065833236626,PNP,False
C4_core,GO_BP,GOBP_MAINTENANCE_OF_APICAL_BASAL_CELL_POLARITY,Maintenance of apical basal cell polarity,1,11,126,0.0079,0.0007,10.674,0.08982630442478666,0.40883065833236626,LIN7C,False
C4_core,GO_BP,GOBP_CYSTEINE_METABOLIC_PROCESS,Cysteine metabolic process,1,11,126,0.0079,0.0007,10.674,0.08982630442478666,0.40883065833236626,CTH,False
C4_core,GO_BP,GOBP_PROTEIN_POLYGLUTAMYLATION,Protein polyglutamylation,1,11,126,0.0079,0.0007,10.674,0.08982630442478666,0.40883065833236626,CFAP20,False
C4_core,GO_BP,GOBP_NEGATIVE_REGULATION_OF_PROTEIN_LOCALIZATION_TO_CELL_SURFACE,Negative regulation of protein localization to cell surface,1,11,126,0.0079,0.0007,10.674,0.08982630442478666,0.40883065833236626,PICALM,False
C4_core,GO_BP,GOBP_PROTEIN_INSERTION_INTO_ER_MEMBRANE_BY_STOP_TRANSFER_MEMBRANE_ANCHOR_SEQUENCE,Protein insertion into er membrane by stop transfer membrane anchor sequence,1,11,126,0.0079,0.0007,10.674,0.08982630442478666,0.40883065833236626,EMC2,False
C4_core,GO_BP,GOBP_POSITIVE_REGULATION_OF_T_HELPER_17_CELL_DIFFERENTIATION,Positive regulation of t helper 17 cell differentiation,1,11,126,0.0079,0.0007,10.674,0.08982630442478666,0.40883065833236626,OPA1,False
C4_core,GO_BP,GOBP_GLYCEROLIPID_CATABOLIC_PROCESS,Glycerolipid catabolic process,2,59,126,0.0159,0.004,3.98,0.09000396221830094,0.40883065833236626,"PNPLA8, ABHD2",False
C4_core,GO_BP,GOBP_REGULATION_OF_DENDRITE_MORPHOGENESIS,Regulation of dendrite morphogenesis,2,59,126,0.0159,0.004,3.98,0.09000396221830094,0.40883065833236626,"DHX36, PTPRD",False
C4_core,GO_BP,GOBP_CARDIAC_MUSCLE_CONTRACTION,Cardiac muscle contraction,3,125,126,0.0238,0.0084,2.818,0.09099542485923624,0.40883065833236626,"BMP10, CAMK2D, PIK3CA",False
C4_core,GO_BP,GOBP_MUSCLE_ORGAN_DEVELOPMENT,Muscle organ development,5,281,126,0.0397,0.019,2.089,0.09223223062378712,0.40883065833236626,"MEF2A, PRKAA1, HEY2, BMP10, TGFBR3",False
C4_core,GO_BP,GOBP_NEGATIVE_REGULATION_OF_EPITHELIAL_CELL_MIGRATION,Negative regulation of epithelial cell migration,2,60,126,0.0159,0.0041,3.914,0.09260730603844558,0.40883065833236626,"BMP10, HMGB1",False
C4_core,GO_BP,GOBP_POSITIVE_REGULATION_OF_GROWTH,Positive regulation of growth,4,202,126,0.0317,0.0137,2.325,0.09408909876119594,0.40883065833236626,"RICTOR, BMP10, HEY2, TGFBR3",False
C4_core,GO_BP,GOBP_POSITIVE_REGULATION_OF_LYMPHOCYTE_DIFFERENTIATION,Positive regulation of lymphocyte differentiation,3,127,126,0.0238,0.0086,2.774,0.09434184330830143,0.40883065833236626,"PNP, OPA1, PCK1",False
C4_core,GO_BP,GOBP_RESPONSE_TO_STEROID_HORMONE,Response to steroid hormone,5,283,126,0.0397,0.0191,2.074,0.09435431464052974,0.40883065833236626,"PIK3CA, UFL1, CPN1, ABHD2, PCK1",False
C4_core,GO_BP,GOBP_REGULATION_OF_EXTRACELLULAR_MATRIX_ORGANIZATION,Regulation of extracellular matrix organization,2,61,126,0.0159,0.0041,3.85,0.09523249347847103,0.40883065833236626,"NID1, TGFBR3",False
C4_core,GO_BP,GOBP_SMOOTH_MUSCLE_CELL_DIFFERENTIATION,Smooth muscle cell differentiation,2,61,126,0.0159,0.0041,3.85,0.09523249347847103,0.40883065833236626,"HEY2, CTH",False
C4_core,GO_BP,GOBP_CARDIAC_SEPTUM_MORPHOGENESIS,Cardiac septum morphogenesis,2,61,126,0.0159,0.0041,3.85,0.09523249347847103,0.40883065833236626,"HEY2, TGFBR3",False
C4_core,GO_BP,GOBP_REGULATION_OF_ATP_METABOLIC_PROCESS,Regulation of atp metabolic process,2,61,126,0.0159,0.0041,3.85,0.09523249347847103,0.40883065833236626,"KAT2B, PRKAA1",False
C4_core,GO_BP,GOBP_POSITIVE_REGULATION_OF_PATTERN_RECOGNITION_RECEPTOR_SIGNALING_PATHWAY,Positive regulation of pattern recognition receptor signaling pathway,2,61,126,0.0159,0.0041,3.85,0.09523249347847103,0.40883065833236626,"HMGB1, MAPK8",False
C4_core,GO_BP,GOBP_RESPONSE_TO_PURINE_CONTAINING_COMPOUND,Response to purine containing compound,3,128,126,0.0238,0.0087,2.752,0.09603395589349703,0.40883065833236626,"NT5E, PRKAA1, PCK1",False
C4_core,GO_BP,GOBP_T_CELL_DIFFERENTIATION,T cell differentiation,5,285,126,0.0397,0.0193,2.06,0.09650142296413333,0.40883065833236626,"BMI1, OPA1, PNP, HMGB1, PCK1",False
C4_core,GO_BP,GOBP_REGULATION_OF_HYDROGEN_PEROXIDE_METABOLIC_PROCESS,Regulation of hydrogen peroxide metabolic process,1,12,126,0.0079,0.0008,9.784,0.09758399133830063,0.40883065833236626,HP,False
C4_core,GO_BP,GOBP_POSITIVE_REGULATION_OF_NUCLEAR_TRANSCRIBED_MRNA_CATABOLIC_PROCESS_DEADENYLATION_DEPENDENT_DECAY,Positive regulation of nuclear transcribed mrna catabolic process deadenylation dependent decay,1,12,126,0.0079,0.0008,9.784,0.09758399133830063,0.40883065833236626,DHX36,False
C4_core,GO_BP,GOBP_REGULATION_OF_POSTSYNAPTIC_DENSITY_ASSEMBLY,Regulation of postsynaptic density assembly,1,12,126,0.0079,0.0008,9.784,0.09758399133830063,0.40883065833236626,PTPRD,False
C4_core,GO_BP,GOBP_POSITIVE_REGULATION_OF_PHOSPHOLIPID_METABOLIC_PROCESS,Positive regulation of phospholipid metabolic process,1,12,126,0.0079,0.0008,9.784,0.09758399133830063,0.40883065833236626,ADGRF5,False
C4_core,GO_BP,GOBP_EMBRYONIC_BODY_MORPHOGENESIS,Embryonic body morphogenesis,1,12,126,0.0079,0.0008,9.784,0.09758399133830063,0.40883065833236626,GREM2,False
C4_core,GO_BP,GOBP_POSITIVE_REGULATION_OF_SKELETAL_MUSCLE_TISSUE_DEVELOPMENT,Positive regulation of skeletal muscle tissue development,1,12,126,0.0079,0.0008,9.784,0.09758399133830063,0.40883065833236626,PRKAA1,False
C4_core,GO_BP,GOBP_CARDIAC_LEFT_VENTRICLE_MORPHOGENESIS,Cardiac left ventricle morphogenesis,1,12,126,0.0079,0.0008,9.784,0.09758399133830063,0.40883065833236626,HEY2,False
C4_core,GO_BP,GOBP_POSITIVE_REGULATION_OF_DENDRITIC_CELL_CYTOKINE_PRODUCTION,Positive regulation of dendritic cell cytokine production,1,12,126,0.0079,0.0008,9.784,0.09758399133830063,0.40883065833236626,DHX36,False
C4_core,GO_BP,GOBP_BLOOD_VESSEL_ENDOTHELIAL_CELL_DIFFERENTIATION,Blood vessel endothelial cell differentiation,1,12,126,0.0079,0.0008,9.784,0.09758399133830063,0.40883065833236626,HEY2,False
C4_core,GO_BP,GOBP_REGULATION_OF_SHORT_TERM_NEURONAL_SYNAPTIC_PLASTICITY,Regulation of short term neuronal synaptic plasticity,1,12,126,0.0079,0.0008,9.784,0.09758399133830063,0.40883065833236626,SYAP1,False
C4_core,GO_BP,GOBP_REGULATION_OF_THYMOCYTE_APOPTOTIC_PROCESS,Regulation of thymocyte apoptotic process,1,12,126,0.0079,0.0008,9.784,0.09758399133830063,0.40883065833236626,EFNA1,False
C4_core,GO_BP,GOBP_HEPATOCYTE_DIFFERENTIATION,Hepatocyte differentiation,1,12,126,0.0079,0.0008,9.784,0.09758399133830063,0.40883065833236626,PCK1,False
C4_core,GO_BP,GOBP_HOMOCYSTEINE_METABOLIC_PROCESS,Homocysteine metabolic process,1,12,126,0.0079,0.0008,9.784,0.09758399133830063,0.40883065833236626,CTH,False
C4_core,GO_BP,GOBP_ATRIAL_SEPTUM_MORPHOGENESIS,Atrial septum morphogenesis,1,12,126,0.0079,0.0008,9.784,0.09758399133830063,0.40883065833236626,HEY2,False
C4_core,GO_BP,GOBP_VASCULAR_ASSOCIATED_SMOOTH_MUSCLE_CELL_DEVELOPMENT,Vascular associated smooth muscle cell development,1,12,126,0.0079,0.0008,9.784,0.09758399133830063,0.40883065833236626,HEY2,False
C4_core,GO_BP,GOBP_POSITIVE_REGULATION_OF_INTEGRIN_MEDIATED_SIGNALING_PATHWAY,Positive regulation of integrin mediated signaling pathway,1,12,126,0.0079,0.0008,9.784,0.09758399133830063,0.40883065833236626,NID1,False
C4_core,GO_BP,GOBP_REGULATION_OF_RECEPTOR_BINDING,Regulation of receptor binding,1,12,126,0.0079,0.0008,9.784,0.09758399133830063,0.40883065833236626,GREM2,False
C4_core,GO_BP,GOBP_VENTRICULAR_TRABECULA_MYOCARDIUM_MORPHOGENESIS,Ventricular trabecula myocardium morphogenesis,1,12,126,0.0079,0.0008,9.784,0.09758399133830063,0.40883065833236626,HEY2,False
C4_core,GO_BP,GOBP_L_SERINE_METABOLIC_PROCESS,L serine metabolic process,1,12,126,0.0079,0.0008,9.784,0.09758399133830063,0.40883065833236626,SHMT2,False
C4_core,GO_BP,GOBP_PRIMARY_ALCOHOL_CATABOLIC_PROCESS,Primary alcohol catabolic process,1,12,126,0.0079,0.0008,9.784,0.09758399133830063,0.40883065833236626,SULT1A2,False
C4_core,GO_BP,GOBP_NEGATIVE_REGULATION_OF_IMMUNOGLOBULIN_PRODUCTION,Negative regulation of immunoglobulin production,1,12,126,0.0079,0.0008,9.784,0.09758399133830063,0.40883065833236626,TMBIM6,False
C4_core,GO_BP,GOBP_NEGATIVE_REGULATION_OF_MACROPHAGE_DERIVED_FOAM_CELL_DIFFERENTIATION,Negative regulation of macrophage derived foam cell differentiation,1,12,126,0.0079,0.0008,9.784,0.09758399133830063,0.40883065833236626,CETP,False
C4_core,GO_BP,GOBP_MEDIUM_CHAIN_FATTY_ACID_METABOLIC_PROCESS,Medium chain fatty acid metabolic process,1,12,126,0.0079,0.0008,9.784,0.09758399133830063,0.40883065833236626,ABHD2,False
C4_core,GO_BP,GOBP_SODIUM_ION_EXPORT_ACROSS_PLASMA_MEMBRANE,Sodium ion export across plasma membrane,1,12,126,0.0079,0.0008,9.784,0.09758399133830063,0.40883065833236626,FXYD1,False
C4_core,GO_BP,GOBP_NEGATIVE_REGULATION_OF_DENDRITIC_SPINE_DEVELOPMENT,Negative regulation of dendritic spine development,1,12,126,0.0079,0.0008,9.784,0.09758399133830063,0.40883065833236626,EFNA1,False
C4_core,GO_BP,GOBP_RESPONSE_TO_CORTICOSTEROID,Response to corticosteroid,3,129,126,0.0238,0.0087,2.731,0.09773851083311128,0.40883065833236626,"CPN1, PIK3CA, PCK1",False
C4_core,GO_BP,GOBP_CELLULAR_RESPONSE_TO_VASCULAR_ENDOTHELIAL_GROWTH_FACTOR_STIMULUS,Cellular response to vascular endothelial growth factor stimulus,2,62,126,0.0159,0.0042,3.788,0.09787897095758967,0.40883065833236626,"ERN1, PIK3CA",False
C4_core,GO_BP,GOBP_REGULATION_OF_STEROID_BIOSYNTHETIC_PROCESS,Regulation of steroid biosynthetic process,2,62,126,0.0159,0.0042,3.788,0.09787897095758967,0.40883065833236626,"ERLIN2, PRKAA1",False
C4_core,GO_BP,GOBP_REGULATION_OF_DNA_REPAIR,Regulation of dna repair,4,205,126,0.0317,0.0139,2.291,0.0979893330522784,0.40883065833236626,"KLHL15, PPP4R2, HMGB1, KAT2B",False
C4_core,GO_BP,GOBP_MUSCLE_CONTRACTION,Muscle contraction,5,287,126,0.0397,0.0194,2.046,0.09867340858648704,0.40883065833236626,"CERT1, PIK3CA, BMP10, CAMK2D, FXYD1",False
C4_core,GO_BP,GOBP_REGULATION_OF_JNK_CASCADE,Regulation of jnk cascade,3,130,126,0.0238,0.0088,2.71,0.09945538737144982,0.40883065833236626,"RB1CC1, HMGB1, TGFBR3",False
C4_core,GO_BP,GOBP_CYTOSOLIC_TRANSPORT,Cytosolic transport,3,130,126,0.0238,0.0088,2.71,0.09945538737144982,0.40883065833236626,"SYBU, AP1AR, SPAG9",False
C4_core,GO_BP,GOBP_OUTFLOW_TRACT_MORPHOGENESIS,Outflow tract morphogenesis,2,63,126,0.0159,0.0043,3.727,0.10054619260393091,0.40883065833236626,"HEY2, TGFBR3",False
C4_core,GO_BP,GOBP_REGULATION_OF_DNA_BINDING,Regulation of dna binding,2,63,126,0.0159,0.0043,3.727,0.10054619260393091,0.40883065833236626,"HEY2, HMGB1",False
C4_core,GO_BP,GOBP_NEGATIVE_REGULATION_OF_PROTEIN_BINDING,Negative regulation of protein binding,2,63,126,0.0159,0.0043,3.727,0.10054619260393091,0.40883065833236626,"TMBIM6, MAPK8",False
C4_core,GO_BP,GOBP_NEGATIVE_REGULATION_OF_ENDOCYTOSIS,Negative regulation of endocytosis,2,63,126,0.0159,0.0043,3.727,0.10054619260393091,0.40883065833236626,"PICALM, HMGB1",False
C4_core,GO_BP,GOBP_REGULATION_OF_CELL_PROJECTION_ASSEMBLY,Regulation of cell projection assembly,4,208,126,0.0317,0.0141,2.258,0.10196451726186939,0.40883065833236626,"ATMIN, GDI2, PIK3CA, CEP120",False
C4_core,GO_BP,GOBP_RESPONSE_TO_OXYGEN_LEVELS,Response to oxygen levels,5,290,126,0.0397,0.0196,2.024,0.10197769641077895,0.40883065833236626,"BNIP2, PRKAA1, TGFBR3, TMBIM6, PCK1",False
C4_core,GO_BP,GOBP_RESPONSE_TO_METAL_ION,Response to metal ion,5,291,126,0.0397,0.0197,2.017,0.10309139537705427,0.40883065833236626,"MEF2A, PRKAA1, MAPK8, CAMK2D, ACO1",False
C4_core,GO_BP,GOBP_CELLULAR_RESPONSE_TO_ABIOTIC_STIMULUS,Cellular response to abiotic stimulus,5,291,126,0.0397,0.0197,2.017,0.10309139537705427,0.40883065833236626,"DHX36, PIK3CA, MAPK8, TANK, PCK1",False
C4_core,GO_BP,GOBP_REGULATION_OF_CARDIAC_MUSCLE_CONTRACTION,Regulation of cardiac muscle contraction,2,64,126,0.0159,0.0043,3.669,0.10323362016513131,0.40883065833236626,"BMP10, CAMK2D",False
C4_core,GO_BP,GOBP_CELLULAR_RESPONSE_TO_HYDROGEN_PEROXIDE,Cellular response to hydrogen peroxide,2,64,126,0.0159,0.0043,3.669,0.10323362016513131,0.40883065833236626,"ERN1, PRKAA1",False
C4_core,GO_BP,GOBP_VENTRICULAR_SEPTUM_DEVELOPMENT,Ventricular septum development,2,64,126,0.0159,0.0043,3.669,0.10323362016513131,0.40883065833236626,"HEY2, TGFBR3",False
C4_core,GO_BP,GOBP_STRIATED_MUSCLE_CELL_DEVELOPMENT,Striated muscle cell development,2,64,126,0.0159,0.0043,3.669,0.10323362016513131,0.40883065833236626,"MEF2A, BMP10",False
C4_core,GO_BP,GOBP_LAMELLIPODIUM_ASSEMBLY,Lamellipodium assembly,2,64,126,0.0159,0.0043,3.669,0.10323362016513131,0.40883065833236626,"ARHGEF4, PIK3CA",False
C4_core,GO_BP,GOBP_POSITIVE_REGULATION_OF_DEVELOPMENTAL_GROWTH,Positive regulation of developmental growth,3,133,126,0.0238,0.009,2.648,0.10467872974959133,0.40883065833236626,"HEY2, BMP10, TGFBR3",False
C4_core,GO_BP,GOBP_POSITIVE_REGULATION_OF_CHOLESTEROL_METABOLIC_PROCESS,Positive regulation of cholesterol metabolic process,1,13,126,0.0079,0.0009,9.032,0.105276077462734,0.40883065833236626,PRKAA1,False
C4_core,GO_BP,GOBP_FORMATION_OF_CYTOPLASMIC_TRANSLATION_INITIATION_COMPLEX,Formation of cytoplasmic translation initiation complex,1,13,126,0.0079,0.0009,9.032,0.105276077462734,0.40883065833236626,EIF5,False
C4_core,GO_BP,GOBP_REGULATION_OF_DENDRITIC_CELL_DIFFERENTIATION,Regulation of dendritic cell differentiation,1,13,126,0.0079,0.0009,9.032,0.105276077462734,0.40883065833236626,HMGB1,False
C4_core,GO_BP,GOBP_CARDIOBLAST_DIFFERENTIATION,Cardioblast differentiation,1,13,126,0.0079,0.0009,9.032,0.105276077462734,0.40883065833236626,DHX36,False
C4_core,GO_BP,GOBP_POSITIVE_REGULATION_OF_SYNAPTIC_TRANSMISSION_GABAERGIC,Positive regulation of synaptic transmission gabaergic,1,13,126,0.0079,0.0009,9.032,0.105276077462734,0.40883065833236626,CA2,False
C4_core,GO_BP,GOBP_IMMUNOLOGICAL_MEMORY_FORMATION_PROCESS,Immunological memory formation process,1,13,126,0.0079,0.0009,9.032,0.105276077462734,0.40883065833236626,PCK1,False
C4_core,GO_BP,GOBP_POSITIVE_REGULATION_OF_PROTEIN_ACETYLATION,Positive regulation of protein acetylation,1,13,126,0.0079,0.0009,9.032,0.105276077462734,0.40883065833236626,PRKAA1,False
C4_core,GO_BP,GOBP_REGULATION_OF_SPHINGOLIPID_BIOSYNTHETIC_PROCESS,Regulation of sphingolipid biosynthetic process,1,13,126,0.0079,0.0009,9.032,0.105276077462734,0.40883065833236626,PRKAA1,False
C4_core,GO_BP,GOBP_IMMATURE_T_CELL_PROLIFERATION,Immature t cell proliferation,1,13,126,0.0079,0.0009,9.032,0.105276077462734,0.40883065833236626,BMI1,False
C4_core,GO_BP,GOBP_REGULATION_OF_METAPHASE_PLATE_CONGRESSION,Regulation of metaphase plate congression,1,13,126,0.0079,0.0009,9.032,0.105276077462734,0.40883065833236626,KAT2B,False
C4_core,GO_BP,GOBP_ONE_CARBON_COMPOUND_TRANSPORT,One carbon compound transport,1,13,126,0.0079,0.0009,9.032,0.105276077462734,0.40883065833236626,CA2,False
C4_core,GO_BP,GOBP_POSITIVE_REGULATION_OF_ENDOPLASMIC_RETICULUM_UNFOLDED_PROTEIN_RESPONSE,Positive regulation of endoplasmic reticulum unfolded protein response,1,13,126,0.0079,0.0009,9.032,0.105276077462734,0.40883065833236626,ERN1,False
C4_core,GO_BP,GOBP_NEGATIVE_REGULATION_OF_EXTRACELLULAR_MATRIX_ORGANIZATION,Negative regulation of extracellular matrix organization,1,13,126,0.0079,0.0009,9.032,0.105276077462734,0.40883065833236626,TGFBR3,False
C4_core,GO_BP,GOBP_L_ARGININE_TRANSMEMBRANE_TRANSPORT,L arginine transmembrane transport,1,13,126,0.0079,0.0009,9.032,0.105276077462734,0.40883065833236626,SLC7A2,False
C4_core,GO_BP,GOBP_PROTEIN_LOCALIZATION_TO_NUCLEAR_ENVELOPE,Protein localization to nuclear envelope,1,13,126,0.0079,0.0009,9.032,0.105276077462734,0.40883065833236626,TOR1AIP1,False
C4_core,GO_BP,GOBP_PURINE_CONTAINING_COMPOUND_SALVAGE,Purine containing compound salvage,1,13,126,0.0079,0.0009,9.032,0.105276077462734,0.40883065833236626,PNP,False
C4_core,GO_BP,GOBP_CELLULAR_RESPONSE_TO_SALT_STRESS,Cellular response to salt stress,1,13,126,0.0079,0.0009,9.032,0.105276077462734,0.40883065833236626,PCK1,False
C4_core,GO_BP,GOBP_REGULATION_OF_CILIUM_BEAT_FREQUENCY,Regulation of cilium beat frequency,1,13,126,0.0079,0.0009,9.032,0.105276077462734,0.40883065833236626,CFAP20,False
C4_core,GO_BP,GOBP_DEOXYRIBONUCLEOSIDE_MONOPHOSPHATE_CATABOLIC_PROCESS,Deoxyribonucleoside monophosphate catabolic process,1,13,126,0.0079,0.0009,9.032,0.105276077462734,0.40883065833236626,PNP,False
C4_core,GO_BP,GOBP_HISTAMINE_TRANSPORT,Histamine transport,1,13,126,0.0079,0.0009,9.032,0.105276077462734,0.40883065833236626,SNX4,False
C4_core,GO_BP,GOBP_REGULATION_OF_CELLULAR_RESPONSE_TO_INSULIN_STIMULUS,Regulation of cellular response to insulin stimulus,2,65,126,0.0159,0.0044,3.613,0.10594072291986913,0.40883065833236626,"PRKAA1, ZNF592",False
C4_core,GO_BP,GOBP_ARTERY_MORPHOGENESIS,Artery morphogenesis,2,65,126,0.0159,0.0044,3.613,0.10594072291986913,0.40883065833236626,"HEY2, ADGRF5",False
C4_core,GO_BP,GOBP_ERYTHROCYTE_HOMEOSTASIS,Erythrocyte homeostasis,3,134,126,0.0238,0.0091,2.629,0.10644367299583073,0.40883065833236626,"UFL1, ADGRF5, TGFBR3",False
C4_core,GO_BP,GOBP_CELLULAR_RESPONSE_TO_REACTIVE_OXYGEN_SPECIES,Cellular response to reactive oxygen species,3,135,126,0.0238,0.0091,2.609,0.1082203252530855,0.40883065833236626,"ERN1, PRKAA1, MAPK8",False
C4_core,GO_BP,GOBP_HEART_VALVE_DEVELOPMENT,Heart valve development,2,66,126,0.0159,0.0045,3.558,0.10866697759033374,0.40883065833236626,"HEY2, EFNA1",False
C4_core,GO_BP,GOBP_MULTICELLULAR_ORGANISMAL_LEVEL_CHEMICAL_HOMEOSTASIS,Multicellular organismal level chemical homeostasis,2,66,126,0.0159,0.0045,3.558,0.10866697759033374,0.40883065833236626,"PICALM, ADGRF5",False
C4_core,GO_BP,GOBP_POSITIVE_REGULATION_OF_PROTEIN_KINASE_ACTIVITY,Positive regulation of protein kinase activity,4,213,126,0.0317,0.0144,2.205,0.10875314651562315,0.40883065833236626,"ERN1, FERMT2, EFNA1, SYAP1",False
C4_core,GO_BP,GOBP_CELLULAR_RESPONSE_TO_OXYGEN_LEVELS,Cellular response to oxygen levels,3,136,126,0.0238,0.0092,2.59,0.11000856246912802,0.40883065833236626,"TMBIM6, PRKAA1, PCK1",False
C4_core,GO_BP,GOBP_REGULATION_OF_BONE_MINERALIZATION,Regulation of bone mineralization,2,67,126,0.0159,0.0045,3.505,0.11141186825562084,0.40883065833236626,"NBR1, SGMS2",False
C4_core,GO_BP,GOBP_CELLULAR_ALDEHYDE_METABOLIC_PROCESS,Cellular aldehyde metabolic process,2,67,126,0.0159,0.0045,3.505,0.11141186825562084,0.40883065833236626,"DHRS4, PCK1",False
C4_core,GO_BP,GOBP_NEGATIVE_REGULATION_OF_SODIUM_ION_TRANSPORT,Negative regulation of sodium ion transport,1,14,126,0.0079,0.0009,8.387,0.11290311313283043,0.40883065833236626,CAMK2D,False
C4_core,GO_BP,GOBP_CARDIOLIPIN_METABOLIC_PROCESS,Cardiolipin metabolic process,1,14,126,0.0079,0.0009,8.387,0.11290311313283043,0.40883065833236626,PNPLA8,False
C4_core,GO_BP,GOBP_NEGATIVE_REGULATION_OF_SUBSTRATE_ADHESION_DEPENDENT_CELL_SPREADING,Negative regulation of substrate adhesion dependent cell spreading,1,14,126,0.0079,0.0009,8.387,0.11290311313283043,0.40883065833236626,AP1AR,False
C4_core,GO_BP,GOBP_REGULATION_OF_PHOSPHOLIPID_BIOSYNTHETIC_PROCESS,Regulation of phospholipid biosynthetic process,1,14,126,0.0079,0.0009,8.387,0.11290311313283043,0.40883065833236626,ADGRF5,False
C4_core,GO_BP,GOBP_GLYCOSYLCERAMIDE_METABOLIC_PROCESS,Glycosylceramide metabolic process,1,14,126,0.0079,0.0009,8.387,0.11290311313283043,0.40883065833236626,PRKAA1,False
C4_core,GO_BP,GOBP_NEGATIVE_REGULATION_OF_ALCOHOL_BIOSYNTHETIC_PROCESS,Negative regulation of alcohol biosynthetic process,1,14,126,0.0079,0.0009,8.387,0.11290311313283043,0.40883065833236626,ERLIN2,False
C4_core,GO_BP,GOBP_RETINAL_METABOLIC_PROCESS,Retinal metabolic process,1,14,126,0.0079,0.0009,8.387,0.11290311313283043,0.40883065833236626,DHRS4,False
C4_core,GO_BP,GOBP_REGULATION_OF_ADIPOSE_TISSUE_DEVELOPMENT,Regulation of adipose tissue development,1,14,126,0.0079,0.0009,8.387,0.11290311313283043,0.40883065833236626,PRKAA1,False
C4_core,GO_BP,GOBP_3_PHOSPHOADENOSINE_5_PHOSPHOSULFATE_METABOLIC_PROCESS,3 phosphoadenosine 5 phosphosulfate metabolic process,1,14,126,0.0079,0.0009,8.387,0.11290311313283043,0.40883065833236626,SULT1A2,False
C4_core,GO_BP,GOBP_MITOCHONDRION_DISTRIBUTION,Mitochondrion distribution,1,14,126,0.0079,0.0009,8.387,0.11290311313283043,0.40883065833236626,MEF2A,False
C4_core,GO_BP,GOBP_NEGATIVE_REGULATION_OF_ACTIVIN_RECEPTOR_SIGNALING_PATHWAY,Negative regulation of activin receptor signaling pathway,1,14,126,0.0079,0.0009,8.387,0.11290311313283043,0.40883065833236626,LEMD3,False
C4_core,GO_BP,GOBP_LOW_DENSITY_LIPOPROTEIN_PARTICLE_REMODELING,Low density lipoprotein particle remodeling,1,14,126,0.0079,0.0009,8.387,0.11290311313283043,0.40883065833236626,CETP,False
C4_core,GO_BP,GOBP_POSITIVE_REGULATION_BY_SYMBIONT_OF_ENTRY_INTO_HOST,Positive regulation by symbiont of entry into host,1,14,126,0.0079,0.0009,8.387,0.11290311313283043,0.40883065833236626,HMGB1,False
C4_core,GO_BP,GOBP_REGULATION_OF_POSTSYNAPTIC_SPECIALIZATION_ASSEMBLY,Regulation of postsynaptic specialization assembly,1,14,126,0.0079,0.0009,8.387,0.11290311313283043,0.40883065833236626,PTPRD,False
C4_core,GO_BP,GOBP_POSITIVE_REGULATION_OF_SMOOTH_MUSCLE_CELL_DIFFERENTIATION,Positive regulation of smooth muscle cell differentiation,1,14,126,0.0079,0.0009,8.387,0.11290311313283043,0.40883065833236626,CTH,False
C4_core,GO_BP,GOBP_NUCLEAR_PORE_ORGANIZATION,Nuclear pore organization,1,14,126,0.0079,0.0009,8.387,0.11290311313283043,0.40883065833236626,AHCTF1,False
C4_core,GO_BP,GOBP_POSITIVE_REGULATION_OF_PHOSPHOPROTEIN_PHOSPHATASE_ACTIVITY,Positive regulation of phosphoprotein phosphatase activity,1,14,126,0.0079,0.0009,8.387,0.11290311313283043,0.40883065833236626,ITGA1,False
C4_core,GO_BP,GOBP_REGULATION_OF_IRE1_MEDIATED_UNFOLDED_PROTEIN_RESPONSE,Regulation of ire1 mediated unfolded protein response,1,14,126,0.0079,0.0009,8.387,0.11290311313283043,0.40883065833236626,UFL1,False
C4_core,GO_BP,GOBP_RESPONSE_TO_CAFFEINE,Response to caffeine,1,14,126,0.0079,0.0009,8.387,0.11290311313283043,0.40883065833236626,PRKAA1,False
C4_core,GO_BP,GOBP_NEGATIVE_REGULATION_OF_ENDOPLASMIC_RETICULUM_UNFOLDED_PROTEIN_RESPONSE,Negative regulation of endoplasmic reticulum unfolded protein response,1,14,126,0.0079,0.0009,8.387,0.11290311313283043,0.40883065833236626,UFL1,False
C4_core,GO_BP,GOBP_PURINE_DEOXYRIBONUCLEOTIDE_METABOLIC_PROCESS,Purine deoxyribonucleotide metabolic process,1,14,126,0.0079,0.0009,8.387,0.11290311313283043,0.40883065833236626,PNP,False
C4_core,GO_BP,GOBP_AZOLE_TRANSMEMBRANE_TRANSPORT,Azole transmembrane transport,1,14,126,0.0079,0.0009,8.387,0.11290311313283043,0.40883065833236626,SLC19A2,False
C4_core,GO_BP,GOBP_REGULATION_OF_PHOSPHOLIPID_TRANSPORT,Regulation of phospholipid transport,1,14,126,0.0079,0.0009,8.387,0.11290311313283043,0.40883065833236626,CETP,False
C4_core,GO_BP,GOBP_REGULATION_OF_TOLERANCE_INDUCTION,Regulation of tolerance induction,1,14,126,0.0079,0.0009,8.387,0.11290311313283043,0.40883065833236626,HMGB1,False
C4_core,GO_BP,GOBP_REGULATION_OF_MONOATOMIC_ANION_TRANSPORT,Regulation of monoatomic anion transport,1,14,126,0.0079,0.0009,8.387,0.11290311313283043,0.40883065833236626,CA2,False
C4_core,GO_BP,GOBP_PEPTIDYL_TYROSINE_MODIFICATION,Peptidyl tyrosine modification,4,216,126,0.0317,0.0146,2.174,0.11292229784973472,0.40883065833236626,"RICTOR, PLPP3, EFNA1, ZNF592",False
C4_core,GO_BP,GOBP_REGULATION_OF_LEUKOCYTE_MEDIATED_IMMUNITY,Regulation of leukocyte mediated immunity,4,216,126,0.0317,0.0146,2.174,0.11292229784973472,0.40883065833236626,"DHX36, SNX4, HMGB1, UFL1",False
C4_core,GO_BP,GOBP_RESPONSE_TO_UV,Response to uv,3,138,126,0.0238,0.0093,2.552,0.11361929340518942,0.40883065833236626,"DHX36, PRKAA1, MAPK8",False
C4_core,GO_BP,GOBP_CENTROSOME_DUPLICATION,Centrosome duplication,2,68,126,0.0159,0.0046,3.453,0.11417488626604466,0.40883065833236626,"CEP120, KAT2B",False
C4_core,GO_BP,GOBP_AMINO_ACID_BIOSYNTHETIC_PROCESS,Amino acid biosynthetic process,2,68,126,0.0159,0.0046,3.453,0.11417488626604466,0.40883065833236626,"CTH, SHMT2",False
C4_core,GO_BP,GOBP_EPIGENETIC_REGULATION_OF_GENE_EXPRESSION,Epigenetic regulation of gene expression,4,217,126,0.0317,0.0147,2.164,0.11432772640735185,0.40883065833236626,"BMI1, HMGB1, PIK3CA, KAT2B",False
C4_core,GO_BP,GOBP_POSITIVE_REGULATION_OF_TOR_SIGNALING,Positive regulation of tor signaling,2,69,126,0.0159,0.0047,3.403,0.11695553015835616,0.40883065833236626,"RICTOR, PIK3CA",False
C4_core,GO_BP,GOBP_POSITIVE_REGULATION_OF_TYPE_I_INTERFERON_PRODUCTION,Positive regulation of type i interferon production,2,69,126,0.0159,0.0047,3.403,0.11695553015835616,0.40883065833236626,"DHX36, TANK",False
C4_core,GO_BP,GOBP_AMYLOID_PRECURSOR_PROTEIN_METABOLIC_PROCESS,Amyloid precursor protein metabolic process,2,69,126,0.0159,0.0047,3.403,0.11695553015835616,0.40883065833236626,"PICALM, EFNA1",False
C4_core,GO_BP,GOBP_PHOSPHATIDYLCHOLINE_METABOLIC_PROCESS,Phosphatidylcholine metabolic process,2,69,126,0.0159,0.0047,3.403,0.11695553015835616,0.40883065833236626,"PNPLA8, CETP",False
C4_core,GO_BP,GOBP_AMEBOIDAL_TYPE_CELL_MIGRATION,Ameboidal type cell migration,6,391,126,0.0476,0.0264,1.802,0.11714416847145842,0.40883065833236626,"PLPP3, PIK3CA, BMP10, EFNA1, TGFBR3, HMGB1",False
C4_core,GO_BP,GOBP_MESENCHYMAL_CELL_DIFFERENTIATION,Mesenchymal cell differentiation,4,219,126,0.0317,0.0148,2.145,0.11716185889303053,0.40883065833236626,"HEY2, FERMT2, EFNA1, TGFBR3",False
C4_core,GO_BP,GOBP_ENDOTHELIAL_CELL_PROLIFERATION,Endothelial cell proliferation,3,140,126,0.0238,0.0095,2.516,0.1172748651486408,0.40883065833236626,"ERN1, HMGB1, RICTOR",False
C4_core,GO_BP,GOBP_CARDIAC_CHAMBER_DEVELOPMENT,Cardiac chamber development,3,140,126,0.0238,0.0095,2.516,0.1172748651486408,0.40883065833236626,"HEY2, BMP10, TGFBR3",False
C4_core,GO_BP,GOBP_POSITIVE_REGULATION_OF_LEUKOCYTE_PROLIFERATION,Positive regulation of leukocyte proliferation,3,140,126,0.0238,0.0095,2.516,0.1172748651486408,0.40883065833236626,"PNP, HMGB1, BMI1",False
C4_core,GO_BP,GOBP_REGULATION_OF_POST_TRANSLATIONAL_PROTEIN_MODIFICATION,Regulation of post translational protein modification,4,220,126,0.0317,0.0149,2.135,0.11859046401887637,0.40883065833236626,"UFL1, NDFIP2, TANK, BMI1",False
C4_core,GO_BP,GOBP_CELLULAR_LIPID_CATABOLIC_PROCESS,Cellular lipid catabolic process,4,220,126,0.0317,0.0149,2.135,0.11859046401887637,0.40883065833236626,"PCK1, PLPP3, PNPLA8, ABHD2",False
C4_core,GO_BP,GOBP_REGULATION_OF_PROTEIN_TARGETING,Regulation of protein targeting,2,70,126,0.0159,0.0047,3.355,0.11975330557186184,0.40883065833236626,"PRKAA1, UBE2D3",False
C4_core,GO_BP,GOBP_REGULATION_OF_SODIUM_ION_TRANSPORT,Regulation of sodium ion transport,2,70,126,0.0159,0.0047,3.355,0.11975330557186184,0.40883065833236626,"CAMK2D, FXYD1",False
C4_core,GO_BP,GOBP_AXO_DENDRITIC_TRANSPORT,Axo dendritic transport,2,70,126,0.0159,0.0047,3.355,0.11975330557186184,0.40883065833236626,"SYBU, OPA1",False
C4_core,GO_BP,GOBP_SMAD_PROTEIN_SIGNAL_TRANSDUCTION,Smad protein signal transduction,2,70,126,0.0159,0.0047,3.355,0.11975330557186184,0.40883065833236626,"BMP10, TGFBR3",False
C4_core,GO_BP,GOBP_FATTY_ACID_HOMEOSTASIS,Fatty acid homeostasis,1,15,126,0.0079,0.001,7.828,0.12046564410341665,0.40883065833236626,PRKAA1,False
C4_core,GO_BP,GOBP_POSITIVE_REGULATION_OF_CYTOPLASMIC_TRANSLATION,Positive regulation of cytoplasmic translation,1,15,126,0.0079,0.001,7.828,0.12046564410341665,0.40883065833236626,DHX36,False
C4_core,GO_BP,GOBP_PHOSPHATIDYLCHOLINE_CATABOLIC_PROCESS,Phosphatidylcholine catabolic process,1,15,126,0.0079,0.001,7.828,0.12046564410341665,0.40883065833236626,PNPLA8,False
C4_core,GO_BP,GOBP_ANGIOTENSIN_ACTIVATED_SIGNALING_PATHWAY,Angiotensin activated signaling pathway,1,15,126,0.0079,0.001,7.828,0.12046564410341665,0.40883065833236626,CA2,False
C4_core,GO_BP,GOBP_2_OXOGLUTARATE_METABOLIC_PROCESS,2 oxoglutarate metabolic process,1,15,126,0.0079,0.001,7.828,0.12046564410341665,0.40883065833236626,GPT2,False
C4_core,GO_BP,GOBP_REGULATION_OF_LIPOPROTEIN_METABOLIC_PROCESS,Regulation of lipoprotein metabolic process,1,15,126,0.0079,0.001,7.828,0.12046564410341665,0.40883065833236626,RB1CC1,False
C4_core,GO_BP,GOBP_POSITIVE_REGULATION_OF_BEHAVIOR,Positive regulation of behavior,1,15,126,0.0079,0.001,7.828,0.12046564410341665,0.40883065833236626,CFAP20,False
C4_core,GO_BP,GOBP_NEGATIVE_REGULATION_OF_OXIDOREDUCTASE_ACTIVITY,Negative regulation of oxidoreductase activity,1,15,126,0.0079,0.001,7.828,0.12046564410341665,0.40883065833236626,HP,False
C4_core,GO_BP,GOBP_POSITIVE_REGULATION_OF_VASCULAR_ENDOTHELIAL_CELL_PROLIFERATION,Positive regulation of vascular endothelial cell proliferation,1,15,126,0.0079,0.001,7.828,0.12046564410341665,0.40883065833236626,HMGB1,False
C4_core,GO_BP,GOBP_NEGATIVE_REGULATION_OF_MACROPHAGE_ACTIVATION,Negative regulation of macrophage activation,1,15,126,0.0079,0.001,7.828,0.12046564410341665,0.40883065833236626,ADGRF5,False
C4_core,GO_BP,GOBP_REGULATION_OF_CALCIUM_ION_TRANSPORT_INTO_CYTOSOL,Regulation of calcium ion transport into cytosol,1,15,126,0.0079,0.001,7.828,0.12046564410341665,0.40883065833236626,TMBIM6,False
C4_core,GO_BP,GOBP_CELLULAR_RESPONSE_TO_PROSTAGLANDIN_E_STIMULUS,Cellular response to prostaglandin e stimulus,1,15,126,0.0079,0.001,7.828,0.12046564410341665,0.40883065833236626,PRKAA1,False
C4_core,GO_BP,GOBP_CELLULAR_RESPONSE_TO_STEROL_DEPLETION,Cellular response to sterol depletion,1,15,126,0.0079,0.001,7.828,0.12046564410341665,0.40883065833236626,ERLIN2,False
C4_core,GO_BP,GOBP_SHORT_CHAIN_FATTY_ACID_METABOLIC_PROCESS,Short chain fatty acid metabolic process,1,15,126,0.0079,0.001,7.828,0.12046564410341665,0.40883065833236626,PCK1,False
C4_core,GO_BP,GOBP_RESPONSE_TO_L_LEUCINE,Response to l leucine,1,15,126,0.0079,0.001,7.828,0.12046564410341665,0.40883065833236626,PIK3CA,False
C4_core,GO_BP,GOBP_SNRNA_TRANSCRIPTION_BY_RNA_POLYMERASE_II,Snrna transcription by rna polymerase ii,1,15,126,0.0079,0.001,7.828,0.12046564410341665,0.40883065833236626,ELL2,False
C4_core,GO_BP,GOBP_SULFATION,Sulfation,1,15,126,0.0079,0.001,7.828,0.12046564410341665,0.40883065833236626,SULT1A2,False
C4_core,GO_BP,GOBP_CARDIAC_MYOFIBRIL_ASSEMBLY,Cardiac myofibril assembly,1,15,126,0.0079,0.001,7.828,0.12046564410341665,0.40883065833236626,MEF2A,False
C4_core,GO_BP,GOBP_SULFUR_AMINO_ACID_BIOSYNTHETIC_PROCESS,Sulfur amino acid biosynthetic process,1,15,126,0.0079,0.001,7.828,0.12046564410341665,0.40883065833236626,CTH,False
C4_core,GO_BP,GOBP_INSULIN_METABOLIC_PROCESS,Insulin metabolic process,1,15,126,0.0079,0.001,7.828,0.12046564410341665,0.40883065833236626,ERN1,False
C4_core,GO_BP,GOBP_NOTOCHORD_DEVELOPMENT,Notochord development,1,15,126,0.0079,0.001,7.828,0.12046564410341665,0.40883065833236626,EFNA1,False
C4_core,GO_BP,GOBP_LIPID_CATABOLIC_PROCESS,Lipid catabolic process,5,306,126,0.0397,0.0207,1.919,0.12051663455230359,0.40883065833236626,"PLPP3, PRKAA1, ABHD2, PNPLA8, PCK1",False
C4_core,GO_BP,GOBP_BIOMINERAL_TISSUE_DEVELOPMENT,Biomineral tissue development,3,142,126,0.0238,0.0096,2.481,0.12097427143402904,0.40883065833236626,"HEY2, NBR1, SGMS2",False
C4_core,GO_BP,GOBP_REGULATION_OF_CELL_MORPHOGENESIS,Regulation of cell morphogenesis,4,222,126,0.0317,0.015,2.116,0.12147050186577447,0.40883065833236626,"DHX36, SPAG9, FERMT2, PTPRD",False
C4_core,GO_BP,GOBP_REGULATION_OF_MICROTUBULE_BASED_PROCESS,Regulation of microtubule based process,4,222,126,0.0317,0.015,2.116,0.12147050186577447,0.40883065833236626,"CEP120, CFAP20, KAT2B, PRKAA1",False
C4_core,GO_BP,GOBP_POSITIVE_REGULATION_OF_ALPHA_BETA_T_CELL_ACTIVATION,Positive regulation of alpha beta t cell activation,2,71,126,0.0159,0.0048,3.307,0.12256772516542946,0.40883065833236626,"PNP, OPA1",False
C4_core,GO_BP,GOBP_MUSCLE_CELL_APOPTOTIC_PROCESS,Muscle cell apoptotic process,2,71,126,0.0159,0.0048,3.307,0.12256772516542946,0.40883065833236626,"HEY2, CAMK2D",False
C4_core,GO_BP,GOBP_POSITIVE_REGULATION_OF_PEPTIDASE_ACTIVITY,Positive regulation of peptidase activity,3,143,126,0.0238,0.0097,2.463,0.12284009675949908,0.40883065833236626,"HMGB1, EFNA1, TANK",False
C4_core,GO_BP,GOBP_POSITIVE_REGULATION_OF_IMMUNE_EFFECTOR_PROCESS,Positive regulation of immune effector process,4,224,126,0.0317,0.0151,2.097,0.12438063819380862,0.40883065833236626,"DHX36, SNX4, OPA1, PCK1",False
C4_core,GO_BP,GOBP_NUCLEOSIDE_MONOPHOSPHATE_METABOLIC_PROCESS,Nucleoside monophosphate metabolic process,2,72,126,0.0159,0.0049,3.261,0.1253983085353769,0.40883065833236626,"NT5E, PNP",False
C4_core,GO_BP,GOBP_VACUOLAR_LOCALIZATION,Vacuolar localization,2,72,126,0.0159,0.0049,3.261,0.1253983085353769,0.40883065833236626,"SPAG9, SNX4",False
C4_core,GO_BP,GOBP_POSITIVE_REGULATION_OF_EPITHELIAL_CELL_MIGRATION,Positive regulation of epithelial cell migration,3,145,126,0.0238,0.0098,2.429,0.1266033580372048,0.40883065833236626,"PLPP3, HMGB1, TGFBR3",False
C4_core,GO_BP,GOBP_RIBONUCLEOSIDE_CATABOLIC_PROCESS,Ribonucleoside catabolic process,1,16,126,0.0079,0.0011,7.338,0.12796421158720908,0.40883065833236626,PNP,False
C4_core,GO_BP,GOBP_AMIDE_CATABOLIC_PROCESS,Amide catabolic process,1,16,126,0.0079,0.0011,7.338,0.12796421158720908,0.40883065833236626,AMDHD1,False
C4_core,GO_BP,GOBP_REGULATION_OF_CELLULAR_RESPONSE_TO_HYPOXIA,Regulation of cellular response to hypoxia,1,16,126,0.0079,0.0011,7.338,0.12796421158720908,0.40883065833236626,TMBIM6,False
C4_core,GO_BP,GOBP_REVERSE_CHOLESTEROL_TRANSPORT,Reverse cholesterol transport,1,16,126,0.0079,0.0011,7.338,0.12796421158720908,0.40883065833236626,CETP,False
C4_core,GO_BP,GOBP_NEGATIVE_REGULATION_OF_SMOOTH_MUSCLE_CELL_DIFFERENTIATION,Negative regulation of smooth muscle cell differentiation,1,16,126,0.0079,0.0011,7.338,0.12796421158720908,0.40883065833236626,HEY2,False
C4_core,GO_BP,GOBP_HIGH_DENSITY_LIPOPROTEIN_PARTICLE_REMODELING,High density lipoprotein particle remodeling,1,16,126,0.0079,0.0011,7.338,0.12796421158720908,0.40883065833236626,CETP,False
C4_core,GO_BP,GOBP_CARDIAC_RIGHT_VENTRICLE_MORPHOGENESIS,Cardiac right ventricle morphogenesis,1,16,126,0.0079,0.0011,7.338,0.12796421158720908,0.40883065833236626,HEY2,False
C4_core,GO_BP,GOBP_AUTOPHAGY_OF_PEROXISOME,Autophagy of peroxisome,1,16,126,0.0079,0.0011,7.338,0.12796421158720908,0.40883065833236626,RB1CC1,False
C4_core,GO_BP,GOBP_POSITIVE_REGULATION_OF_MONOCYTE_CHEMOTAXIS,Positive regulation of monocyte chemotaxis,1,16,126,0.0079,0.0011,7.338,0.12796421158720908,0.40883065833236626,HMGB1,False
C4_core,GO_BP,GOBP_POSITIVE_REGULATION_OF_MUSCLE_TISSUE_DEVELOPMENT,Positive regulation of muscle tissue development,1,16,126,0.0079,0.0011,7.338,0.12796421158720908,0.40883065833236626,PRKAA1,False
C4_core,GO_BP,GOBP_REGULATION_OF_RRNA_PROCESSING,Regulation of rrna processing,1,16,126,0.0079,0.0011,7.338,0.12796421158720908,0.40883065833236626,KAT2B,False
C4_core,GO_BP,GOBP_REGULATION_OF_VASCULOGENESIS,Regulation of vasculogenesis,1,16,126,0.0079,0.0011,7.338,0.12796421158720908,0.40883065833236626,HEY2,False
C4_core,GO_BP,GOBP_NEGATIVE_REGULATION_OF_VASCULAR_PERMEABILITY,Negative regulation of vascular permeability,1,16,126,0.0079,0.0011,7.338,0.12796421158720908,0.40883065833236626,FERMT2,False
C4_core,GO_BP,GOBP_POSITIVE_REGULATION_OF_RAS_PROTEIN_SIGNAL_TRANSDUCTION,Positive regulation of ras protein signal transduction,1,16,126,0.0079,0.0011,7.338,0.12796421158720908,0.40883065833236626,PICALM,False
C4_core,GO_BP,GOBP_REGULATION_OF_INTEGRIN_ACTIVATION,Regulation of integrin activation,1,16,126,0.0079,0.0011,7.338,0.12796421158720908,0.40883065833236626,FERMT2,False
C4_core,GO_BP,GOBP_CALCIUM_ION_TRANSMEMBRANE_TRANSPORT_VIA_HIGH_VOLTAGE_GATED_CALCIUM_CHANNEL,Calcium ion transmembrane transport via high voltage gated calcium channel,1,16,126,0.0079,0.0011,7.338,0.12796421158720908,0.40883065833236626,CAMK2D,False
C4_core,GO_BP,GOBP_TAIL_ANCHORED_MEMBRANE_PROTEIN_INSERTION_INTO_ER_MEMBRANE,Tail anchored membrane protein insertion into er membrane,1,16,126,0.0079,0.0011,7.338,0.12796421158720908,0.40883065833236626,EMC2,False
C4_core,GO_BP,GOBP_EPITHELIAL_TO_MESENCHYMAL_TRANSITION_INVOLVED_IN_ENDOCARDIAL_CUSHION_FORMATION,Epithelial to mesenchymal transition involved in endocardial cushion formation,1,16,126,0.0079,0.0011,7.338,0.12796421158720908,0.40883065833236626,HEY2,False
C4_core,GO_BP,GOBP_REGULATION_OF_POSTSYNAPTIC_DENSITY_ORGANIZATION,Regulation of postsynaptic density organization,1,16,126,0.0079,0.0011,7.338,0.12796421158720908,0.40883065833236626,PTPRD,False
C4_core,GO_BP,GOBP_IMP_METABOLIC_PROCESS,Imp metabolic process,1,16,126,0.0079,0.0011,7.338,0.12796421158720908,0.40883065833236626,PNP,False
C4_core,GO_BP,GOBP_REGULATION_OF_FEEDING_BEHAVIOR,Regulation of feeding behavior,1,16,126,0.0079,0.0011,7.338,0.12796421158720908,0.40883065833236626,CFAP20,False
C4_core,GO_BP,GOBP_REGULATION_OF_EXCITATORY_SYNAPSE_ASSEMBLY,Regulation of excitatory synapse assembly,1,16,126,0.0079,0.0011,7.338,0.12796421158720908,0.40883065833236626,PTPRD,False
C4_core,GO_BP,GOBP_LINOLEIC_ACID_METABOLIC_PROCESS,Linoleic acid metabolic process,1,16,126,0.0079,0.0011,7.338,0.12796421158720908,0.40883065833236626,PNPLA8,False
C4_core,GO_BP,GOBP_GENOMIC_IMPRINTING,Genomic imprinting,1,16,126,0.0079,0.0011,7.338,0.12796421158720908,0.40883065833236626,PIK3CA,False
C4_core,GO_BP,GOBP_ALDEHYDE_BIOSYNTHETIC_PROCESS,Aldehyde biosynthetic process,1,16,126,0.0079,0.0011,7.338,0.12796421158720908,0.40883065833236626,PCK1,False
C4_core,GO_BP,GOBP_CELL_CELL_ADHESION_MEDIATED_BY_INTEGRIN,Cell cell adhesion mediated by integrin,1,16,126,0.0079,0.0011,7.338,0.12796421158720908,0.40883065833236626,PLPP3,False
C4_core,GO_BP,GOBP_CERAMIDE_TRANSPORT,Ceramide transport,1,16,126,0.0079,0.0011,7.338,0.12796421158720908,0.40883065833236626,CERT1,False
C4_core,GO_BP,GOBP_CELL_PROLIFERATION_INVOLVED_IN_HEART_MORPHOGENESIS,Cell proliferation involved in heart morphogenesis,1,16,126,0.0079,0.0011,7.338,0.12796421158720908,0.40883065833236626,BMP10,False
C4_core,GO_BP,GOBP_PYRIMIDINE_CONTAINING_COMPOUND_TRANSMEMBRANE_TRANSPORT,Pyrimidine containing compound transmembrane transport,1,16,126,0.0079,0.0011,7.338,0.12796421158720908,0.40883065833236626,SLC19A2,False
C4_core,GO_BP,GOBP_CELLULAR_RESPONSE_TO_ARSENIC_CONTAINING_SUBSTANCE,Cellular response to arsenic containing substance,1,16,126,0.0079,0.0011,7.338,0.12796421158720908,0.40883065833236626,DHX36,False
C4_core,GO_BP,GOBP_DENDRITIC_CELL_CYTOKINE_PRODUCTION,Dendritic cell cytokine production,1,16,126,0.0079,0.0011,7.338,0.12796421158720908,0.40883065833236626,DHX36,False
C4_core,GO_BP,GOBP_PROTEIN_K6_LINKED_UBIQUITINATION,Protein k6 linked ubiquitination,1,16,126,0.0079,0.0011,7.338,0.12796421158720908,0.40883065833236626,UBE2D3,False
C4_core,GO_BP,GOBP_DNA_LIGATION,Dna ligation,1,16,126,0.0079,0.0011,7.338,0.12796421158720908,0.40883065833236626,HMGB1,False
C4_core,GO_BP,GOBP_CELL_CELL_JUNCTION_MAINTENANCE,Cell cell junction maintenance,1,16,126,0.0079,0.0011,7.338,0.12796421158720908,0.40883065833236626,FERMT2,False
C4_core,GO_BP,GOBP_SPHINGOLIPID_MEDIATED_SIGNALING_PATHWAY,Sphingolipid mediated signaling pathway,1,16,126,0.0079,0.0011,7.338,0.12796421158720908,0.40883065833236626,PLPP3,False
C4_core,GO_BP,GOBP_CHEMOKINE_C_X_C_MOTIF_LIGAND_2_PRODUCTION,Chemokine c x c motif ligand 2 production,1,16,126,0.0079,0.0011,7.338,0.12796421158720908,0.40883065833236626,HMGB1,False
C4_core,GO_BP,GOBP_COMPLEMENT_ACTIVATION_ALTERNATIVE_PATHWAY,Complement activation alternative pathway,1,16,126,0.0079,0.0011,7.338,0.12796421158720908,0.40883065833236626,CFB,False
C4_core,GO_BP,GOBP_NEGATIVE_REGULATION_OF_MONOATOMIC_ION_TRANSMEMBRANE_TRANSPORT,Negative regulation of monoatomic ion transmembrane transport,2,73,126,0.0159,0.0049,3.217,0.12824458213422876,0.40883065833236626,"TMBIM6, CAMK2D",False
C4_core,GO_BP,GOBP_GLYCOSYL_COMPOUND_METABOLIC_PROCESS,Glycosyl compound metabolic process,2,73,126,0.0159,0.0049,3.217,0.12824458213422876,0.40883065833236626,"NT5E, PNP",False
C4_core,GO_BP,GOBP_SOMATIC_DIVERSIFICATION_OF_IMMUNE_RECEPTORS,Somatic diversification of immune receptors,2,73,126,0.0159,0.0049,3.217,0.12824458213422876,0.40883065833236626,"HMGB1, CTNNBL1",False
C4_core,GO_BP,GOBP_CARBOHYDRATE_CATABOLIC_PROCESS,Carbohydrate catabolic process,3,146,126,0.0238,0.0099,2.413,0.12850053986623336,0.4089953590019065,"RB1CC1, KAT2B, PRKAA1",False
C4_core,GO_BP,GOBP_POSITIVE_REGULATION_OF_NEURON_PROJECTION_DEVELOPMENT,Positive regulation of neuron projection development,3,147,126,0.0238,0.0099,2.396,0.13040791945053834,0.41440738847615516,"DHX36, KAT2B, PTPRD",False
C4_core,GO_BP,GOBP_PURINE_CONTAINING_COMPOUND_METABOLIC_PROCESS,Purine containing compound metabolic process,7,496,126,0.0556,0.0335,1.657,0.1309249027691533,0.414651454248125,"SULT1A2, PRKAA1, NDUFA5, KAT2B, OPA1, NT5E, PNP",False
C4_core,GO_BP,GOBP_VASCULOGENESIS,Vasculogenesis,2,74,126,0.0159,0.005,3.173,0.13110607919034123,0.414651454248125,"HEY2, TGFBR3",False
C4_core,GO_BP,GOBP_REGULATION_OF_CD4_POSITIVE_ALPHA_BETA_T_CELL_ACTIVATION,Regulation of cd4 positive alpha beta t cell activation,2,74,126,0.0159,0.005,3.173,0.13110607919034123,0.414651454248125,"HMGB1, OPA1",False
C4_core,GO_BP,GOBP_NEGATIVE_REGULATION_OF_INTRACELLULAR_SIGNAL_TRANSDUCTION,Negative regulation of intracellular signal transduction,7,499,126,0.0556,0.0337,1.647,0.1338856481584765,0.4151140938579001,"PRKAA1, OPA1, AZI2, EFNA1, TGFBR3, TMBIM6, TANK",False
C4_core,GO_BP,GOBP_POSITIVE_REGULATION_OF_SMOOTH_MUSCLE_CELL_PROLIFERATION,Positive regulation of smooth muscle cell proliferation,2,75,126,0.0159,0.0051,3.131,0.13398233962837633,0.4151140938579001,"ERN1, PIK3CA",False
C4_core,GO_BP,GOBP_CELLULAR_RESPONSE_TO_INTERLEUKIN_1,Cellular response to interleukin 1,2,75,126,0.0159,0.0051,3.131,0.13398233962837633,0.4151140938579001,"TANK, PCK1",False
C4_core,GO_BP,GOBP_RESPONSE_TO_STEROL_DEPLETION,Response to sterol depletion,1,17,126,0.0079,0.0011,6.907,0.13539935229231206,0.4151140938579001,ERLIN2,False
C4_core,GO_BP,GOBP_3_UTR_MEDIATED_MRNA_DESTABILIZATION,3 utr mediated mrna destabilization,1,17,126,0.0079,0.0011,6.907,0.13539935229231206,0.4151140938579001,DHX36,False
C4_core,GO_BP,GOBP_DEFINITIVE_HEMOPOIESIS,Definitive hemopoiesis,1,17,126,0.0079,0.0011,6.907,0.13539935229231206,0.4151140938579001,TGFBR3,False
C4_core,GO_BP,GOBP_REGULATION_OF_CILIUM_DEPENDENT_CELL_MOTILITY,Regulation of cilium dependent cell motility,1,17,126,0.0079,0.0011,6.907,0.13539935229231206,0.4151140938579001,CFAP20,False
C4_core,GO_BP,GOBP_NEGATIVE_REGULATION_OF_ANOIKIS,Negative regulation of anoikis,1,17,126,0.0079,0.0011,6.907,0.13539935229231206,0.4151140938579001,PIK3CA,False
C4_core,GO_BP,GOBP_GOLGI_TO_ENDOSOME_TRANSPORT,Golgi to endosome transport,1,17,126,0.0079,0.0011,6.907,0.13539935229231206,0.4151140938579001,AP1AR,False
C4_core,GO_BP,GOBP_POSITIVE_REGULATION_OF_SODIUM_ION_TRANSMEMBRANE_TRANSPORT,Positive regulation of sodium ion transmembrane transport,1,17,126,0.0079,0.0011,6.907,0.13539935229231206,0.4151140938579001,FXYD1,False
C4_core,GO_BP,GOBP_ATRIAL_SEPTUM_DEVELOPMENT,Atrial septum development,1,17,126,0.0079,0.0011,6.907,0.13539935229231206,0.4151140938579001,HEY2,False
C4_core,GO_BP,GOBP_REGULATION_OF_FIBROBLAST_APOPTOTIC_PROCESS,Regulation of fibroblast apoptotic process,1,17,126,0.0079,0.0011,6.907,0.13539935229231206,0.4151140938579001,PIK3CA,False
C4_core,GO_BP,GOBP_PHOSPHOLIPID_HOMEOSTASIS,Phospholipid homeostasis,1,17,126,0.0079,0.0011,6.907,0.13539935229231206,0.4151140938579001,CETP,False
C4_core,GO_BP,GOBP_REGULATION_OF_MEMBRANE_LIPID_METABOLIC_PROCESS,Regulation of membrane lipid metabolic process,1,17,126,0.0079,0.0011,6.907,0.13539935229231206,0.4151140938579001,PRKAA1,False
C4_core,GO_BP,GOBP_REGULATION_OF_SKELETAL_MUSCLE_TISSUE_DEVELOPMENT,Regulation of skeletal muscle tissue development,1,17,126,0.0079,0.0011,6.907,0.13539935229231206,0.4151140938579001,PRKAA1,False
C4_core,GO_BP,GOBP_NEGATIVE_REGULATION_OF_RECEPTOR_SIGNALING_PATHWAY_VIA_JAK_STAT,Negative regulation of receptor signaling pathway via jak stat,1,17,126,0.0079,0.0011,6.907,0.13539935229231206,0.4151140938579001,PTPRD,False
C4_core,GO_BP,GOBP_POSITIVE_REGULATION_OF_T_HELPER_17_TYPE_IMMUNE_RESPONSE,Positive regulation of t helper 17 type immune response,1,17,126,0.0079,0.0011,6.907,0.13539935229231206,0.4151140938579001,OPA1,False
C4_core,GO_BP,GOBP_NEGATIVE_REGULATION_OF_RELEASE_OF_CYTOCHROME_C_FROM_MITOCHONDRIA,Negative regulation of release of cytochrome c from mitochondria,1,17,126,0.0079,0.0011,6.907,0.13539935229231206,0.4151140938579001,OPA1,False
C4_core,GO_BP,GOBP_POSITIVE_REGULATION_OF_STEM_CELL_DIFFERENTIATION,Positive regulation of stem cell differentiation,1,17,126,0.0079,0.0011,6.907,0.13539935229231206,0.4151140938579001,DHX36,False
C4_core,GO_BP,GOBP_AGGREPHAGY,Aggrephagy,1,17,126,0.0079,0.0011,6.907,0.13539935229231206,0.4151140938579001,WDFY3,False
C4_core,GO_BP,GOBP_REGULATION_OF_SIGNALING_RECEPTOR_ACTIVITY,Regulation of signaling receptor activity,2,76,126,0.0159,0.0051,3.09,0.1368729099906262,0.416659971014189,"GREM2, ANKRD13C",False
C4_core,GO_BP,GOBP_SYNAPTIC_VESICLE_RECYCLING,Synaptic vesicle recycling,2,76,126,0.0159,0.0051,3.09,0.1368729099906262,0.416659971014189,"PICALM, ITSN1",False
C4_core,GO_BP,GOBP_REGULATION_OF_PROTEIN_SERINE_THREONINE_KINASE_ACTIVITY,Regulation of protein serine threonine kinase activity,4,233,126,0.0317,0.0157,2.016,0.13783755122564312,0.416659971014189,"ERN1, FERMT2, SYAP1, HERC5",False
C4_core,GO_BP,GOBP_REGULATION_OF_EMBRYONIC_DEVELOPMENT,Regulation of embryonic development,2,77,126,0.0159,0.0052,3.05,0.13977734335916983,0.416659971014189,"DHX36, KAT2B",False
C4_core,GO_BP,GOBP_REGULATION_OF_DOUBLE_STRAND_BREAK_REPAIR_VIA_HOMOLOGOUS_RECOMBINATION,Regulation of double strand break repair via homologous recombination,2,77,126,0.0159,0.0052,3.05,0.13977734335916983,0.416659971014189,"KLHL15, PPP4R2",False
C4_core,GO_BP,GOBP_REGULATION_OF_TRANSLATIONAL_INITIATION,Regulation of translational initiation,2,77,126,0.0159,0.0052,3.05,0.13977734335916983,0.416659971014189,"EIF4B, EIF5",False
C4_core,GO_BP,GOBP_INTERFERON_MEDIATED_SIGNALING_PATHWAY,Interferon mediated signaling pathway,2,77,126,0.0159,0.0052,3.05,0.13977734335916983,0.416659971014189,"TANK, AZI2",False
C4_core,GO_BP,GOBP_CARDIAC_MUSCLE_CELL_CONTRACTION,Cardiac muscle cell contraction,2,77,126,0.0159,0.0052,3.05,0.13977734335916983,0.416659971014189,"CAMK2D, PIK3CA",False
C4_core,GO_BP,GOBP_VASCULAR_PROCESS_IN_CIRCULATORY_SYSTEM,Vascular process in circulatory system,4,235,126,0.0317,0.0159,1.999,0.1409057205894588,0.416659971014189,"SLC7A2, KAT2B, FERMT2, ITGA1",False
C4_core,GO_BP,GOBP_POSITIVE_REGULATION_OF_TRANSFERASE_ACTIVITY,Positive regulation of transferase activity,5,323,126,0.0397,0.0218,1.818,0.1418237756978493,0.416659971014189,"FERMT2, ERN1, BMI1, EFNA1, SYAP1",False
C4_core,GO_BP,GOBP_REGULATION_OF_CELL_DIVISION,Regulation of cell division,3,153,126,0.0238,0.0103,2.302,0.14205920540152578,0.416659971014189,"GAREM1, KAT2B, AHCTF1",False
C4_core,GO_BP,GOBP_CELLULAR_OXIDANT_DETOXIFICATION,Cellular oxidant detoxification,2,78,126,0.0159,0.0053,3.011,0.1426951992788648,0.416659971014189,"HP, CP",False
C4_core,GO_BP,GOBP_REGULATION_OF_NUCLEOTIDE_METABOLIC_PROCESS,Regulation of nucleotide metabolic process,2,78,126,0.0159,0.0053,3.011,0.1426951992788648,0.416659971014189,"KAT2B, PRKAA1",False
C4_core,GO_BP,GOBP_REGULATION_OF_VESICLE_SIZE,Regulation of vesicle size,1,18,126,0.0079,0.0012,6.523,0.14277159845940743,0.416659971014189,PICALM,False
C4_core,GO_BP,GOBP_NEGATIVE_REGULATION_OF_FATTY_ACID_BIOSYNTHETIC_PROCESS,Negative regulation of fatty acid biosynthetic process,1,18,126,0.0079,0.0012,6.523,0.14277159845940743,0.416659971014189,ERLIN2,False
C4_core,GO_BP,GOBP_REGULATION_OF_RYANODINE_SENSITIVE_CALCIUM_RELEASE_CHANNEL_ACTIVITY,Regulation of ryanodine sensitive calcium release channel activity,1,18,126,0.0079,0.0012,6.523,0.14277159845940743,0.416659971014189,CAMK2D,False
C4_core,GO_BP,GOBP_PULMONARY_VALVE_MORPHOGENESIS,Pulmonary valve morphogenesis,1,18,126,0.0079,0.0012,6.523,0.14277159845940743,0.416659971014189,HEY2,False
C4_core,GO_BP,GOBP_NEGATIVE_REGULATION_OF_SMAD_PROTEIN_SIGNAL_TRANSDUCTION,Negative regulation of smad protein signal transduction,1,18,126,0.0079,0.0012,6.523,0.14277159845940743,0.416659971014189,TGFBR3,False
C4_core,GO_BP,GOBP_PROTEIN_IMPORT_INTO_MITOCHONDRIAL_MATRIX,Protein import into mitochondrial matrix,1,18,126,0.0079,0.0012,6.523,0.14277159845940743,0.416659971014189,GRPEL1,False
C4_core,GO_BP,GOBP_PIECEMEAL_MICROAUTOPHAGY_OF_THE_NUCLEUS,Piecemeal microautophagy of the nucleus,1,18,126,0.0079,0.0012,6.523,0.14277159845940743,0.416659971014189,RB1CC1,False
C4_core,GO_BP,GOBP_ARACHIDONIC_ACID_SECRETION,Arachidonic acid secretion,1,18,126,0.0079,0.0012,6.523,0.14277159845940743,0.416659971014189,PNPLA8,False
C4_core,GO_BP,GOBP_POSITIVE_REGULATION_OF_AUTOPHAGOSOME_ASSEMBLY,Positive regulation of autophagosome assembly,1,18,126,0.0079,0.0012,6.523,0.14277159845940743,0.416659971014189,SNX4,False
C4_core,GO_BP,GOBP_IMMUNOLOGICAL_MEMORY_PROCESS,Immunological memory process,1,18,126,0.0079,0.0012,6.523,0.14277159845940743,0.416659971014189,PCK1,False
C4_core,GO_BP,GOBP_TETRAHYDROFOLATE_METABOLIC_PROCESS,Tetrahydrofolate metabolic process,1,18,126,0.0079,0.0012,6.523,0.14277159845940743,0.416659971014189,SHMT2,False
C4_core,GO_BP,GOBP_MAINTENANCE_OF_CELL_POLARITY,Maintenance of cell polarity,1,18,126,0.0079,0.0012,6.523,0.14277159845940743,0.416659971014189,LIN7C,False
C4_core,GO_BP,GOBP_TOLL_LIKE_RECEPTOR_9_SIGNALING_PATHWAY,Toll like receptor 9 signaling pathway,1,18,126,0.0079,0.0012,6.523,0.14277159845940743,0.416659971014189,HMGB1,False
C4_core,GO_BP,GOBP_SPERM_CAPACITATION,Sperm capacitation,1,18,126,0.0079,0.0012,6.523,0.14277159845940743,0.416659971014189,ABHD2,False
C4_core,GO_BP,GOBP_COPPER_ION_TRANSPORT,Copper ion transport,1,18,126,0.0079,0.0012,6.523,0.14277159845940743,0.416659971014189,CP,False
C4_core,GO_BP,GOBP_REGULATION_OF_CARDIAC_MUSCLE_CONTRACTION_BY_REGULATION_OF_THE_RELEASE_OF_SEQUESTERED_CALCIUM_ION,Regulation of cardiac muscle contraction by regulation of the release of sequestered calcium ion,1,18,126,0.0079,0.0012,6.523,0.14277159845940743,0.416659971014189,CAMK2D,False
C4_core,GO_BP,GOBP_POSITIVE_REGULATION_OF_FATTY_ACID_BIOSYNTHETIC_PROCESS,Positive regulation of fatty acid biosynthetic process,1,18,126,0.0079,0.0012,6.523,0.14277159845940743,0.416659971014189,KAT2B,False
C4_core,GO_BP,GOBP_THYMOCYTE_APOPTOTIC_PROCESS,Thymocyte apoptotic process,1,18,126,0.0079,0.0012,6.523,0.14277159845940743,0.416659971014189,EFNA1,False
C4_core,GO_BP,GOBP_LABYRINTHINE_LAYER_BLOOD_VESSEL_DEVELOPMENT,Labyrinthine layer blood vessel development,1,18,126,0.0079,0.0012,6.523,0.14277159845940743,0.416659971014189,HEY2,False
C4_core,GO_BP,GOBP_POSITIVE_REGULATION_OF_UBIQUITIN_PROTEIN_TRANSFERASE_ACTIVITY,Positive regulation of ubiquitin protein transferase activity,1,18,126,0.0079,0.0012,6.523,0.14277159845940743,0.416659971014189,BMI1,False
C4_core,GO_BP,GOBP_AEROBIC_RESPIRATION,Aerobic respiration,3,154,126,0.0238,0.0104,2.287,0.14403439562169149,0.4167310939709835,"NDUFA5, ACO1, SHMT2",False
C4_core,GO_BP,GOBP_REGULATION_OF_APOPTOTIC_SIGNALING_PATHWAY,Regulation of apoptotic signaling pathway,5,325,126,0.0397,0.022,1.806,0.1444335932791026,0.4167310939709835,"CTH, BMI1, OPA1, TMBIM6, RB1CC1",False
C4_core,GO_BP,GOBP_CARBOHYDRATE_DERIVATIVE_CATABOLIC_PROCESS,Carbohydrate derivative catabolic process,4,238,126,0.0317,0.0161,1.973,0.1455590691378498,0.4167310939709835,"NT5E, PNP, KAT2B, PRKAA1",False
C4_core,GO_BP,GOBP_REGULATION_OF_STRIATED_MUSCLE_CONTRACTION,Regulation of striated muscle contraction,2,79,126,0.0159,0.0053,2.972,0.14562604368115367,0.4167310939709835,"BMP10, CAMK2D",False
C4_core,GO_BP,GOBP_REGULATION_OF_FATTY_ACID_METABOLIC_PROCESS,Regulation of fatty acid metabolic process,2,79,126,0.0159,0.0053,2.972,0.14562604368115367,0.4167310939709835,"ERLIN2, KAT2B",False
C4_core,GO_BP,GOBP_REGULATION_OF_CARBOHYDRATE_METABOLIC_PROCESS,Regulation of carbohydrate metabolic process,3,155,126,0.0238,0.0105,2.273,0.14601876199788985,0.4167310939709835,"GPT, PRKAA1, KAT2B",False
C4_core,GO_BP,GOBP_CELL_SUBSTRATE_ADHESION,Cell substrate adhesion,5,327,126,0.0397,0.0221,1.795,0.1470643005806132,0.4167310939709835,"FERMT2, NID1, ITGA1, EFNA1, AP1AR",False
C4_core,GO_BP,GOBP_NEGATIVE_REGULATION_OF_HYDROLASE_ACTIVITY,Negative regulation of hydrolase activity,3,156,126,0.0238,0.0105,2.258,0.1480121767857311,0.4167310939709835,"SERPINA4, TMBIM6, FETUB",False
C4_core,GO_BP,GOBP_PYRIDINE_CONTAINING_COMPOUND_METABOLIC_PROCESS,Pyridine containing compound metabolic process,3,156,126,0.0238,0.0105,2.258,0.1480121767857311,0.4167310939709835,"PNP, KAT2B, PRKAA1",False
C4_core,GO_BP,GOBP_REGULATION_OF_ACTIN_FILAMENT_ORGANIZATION,Regulation of actin filament organization,4,240,126,0.0317,0.0162,1.957,0.1486947134348862,0.4167310939709835,"RICTOR, AP1AR, FERMT2, PIK3CA",False
C4_core,GO_BP,GOBP_REGULATION_OF_RNA_SPLICING,Regulation of rna splicing,3,157,126,0.0238,0.0106,2.244,0.1500145123013256,0.4167310939709835,"ERN1, TMBIM6, KAT2B",False
C4_core,GO_BP,GOBP_CELLULAR_RESPONSE_TO_STARVATION,Cellular response to starvation,3,157,126,0.0238,0.0106,2.244,0.1500145123013256,0.4167310939709835,"MAPK8, PRKAA1, PCK1",False
C4_core,GO_BP,GOBP_SNRNA_TRANSCRIPTION,Snrna transcription,1,19,126,0.0079,0.0013,6.18,0.15008147789864093,0.4167310939709835,ELL2,False
C4_core,GO_BP,GOBP_NEGATIVE_REGULATION_OF_CD4_POSITIVE_ALPHA_BETA_T_CELL_DIFFERENTIATION,Negative regulation of cd4 positive alpha beta t cell differentiation,1,19,126,0.0079,0.0013,6.18,0.15008147789864093,0.4167310939709835,HMGB1,False
C4_core,GO_BP,GOBP_T_HELPER_17_CELL_LINEAGE_COMMITMENT,T helper 17 cell lineage commitment,1,19,126,0.0079,0.0013,6.18,0.15008147789864093,0.4167310939709835,OPA1,False
C4_core,GO_BP,GOBP_POSITIVE_REGULATION_OF_ALCOHOL_BIOSYNTHETIC_PROCESS,Positive regulation of alcohol biosynthetic process,1,19,126,0.0079,0.0013,6.18,0.15008147789864093,0.4167310939709835,PRKAA1,False
C4_core,GO_BP,GOBP_POSITIVE_REGULATION_OF_PROTEIN_TYROSINE_KINASE_ACTIVITY,Positive regulation of protein tyrosine kinase activity,1,19,126,0.0079,0.0013,6.18,0.15008147789864093,0.4167310939709835,EFNA1,False
C4_core,GO_BP,GOBP_POSITIVE_REGULATION_OF_LEUKOCYTE_DEGRANULATION,Positive regulation of leukocyte degranulation,1,19,126,0.0079,0.0013,6.18,0.15008147789864093,0.4167310939709835,SNX4,False
C4_core,GO_BP,GOBP_RESPONSE_TO_GLUCAGON,Response to glucagon,1,19,126,0.0079,0.0013,6.18,0.15008147789864093,0.4167310939709835,PCK1,False
C4_core,GO_BP,GOBP_PORE_COMPLEX_ASSEMBLY,Pore complex assembly,1,19,126,0.0079,0.0013,6.18,0.15008147789864093,0.4167310939709835,AHCTF1,False
C4_core,GO_BP,GOBP_SURFACTANT_HOMEOSTASIS,Surfactant homeostasis,1,19,126,0.0079,0.0013,6.18,0.15008147789864093,0.4167310939709835,ADGRF5,False
C4_core,GO_BP,GOBP_RESPONSE_TO_MISFOLDED_PROTEIN,Response to misfolded protein,1,19,126,0.0079,0.0013,6.18,0.15008147789864093,0.4167310939709835,KLHL15,False
C4_core,GO_BP,GOBP_OLIGOPEPTIDE_TRANSPORT,Oligopeptide transport,1,19,126,0.0079,0.0013,6.18,0.15008147789864093,0.4167310939709835,CA2,False
C4_core,GO_BP,GOBP_CRISTAE_FORMATION,Cristae formation,1,19,126,0.0079,0.0013,6.18,0.15008147789864093,0.4167310939709835,OPA1,False
C4_core,GO_BP,GOBP_HEPATOCYTE_APOPTOTIC_PROCESS,Hepatocyte apoptotic process,1,19,126,0.0079,0.0013,6.18,0.15008147789864093,0.4167310939709835,PRKAA1,False
C4_core,GO_BP,GOBP_COPPER_ION_HOMEOSTASIS,Copper ion homeostasis,1,19,126,0.0079,0.0013,6.18,0.15008147789864093,0.4167310939709835,CP,False
C4_core,GO_BP,GOBP_REGULATION_OF_PROTEIN_ACETYLATION,Regulation of protein acetylation,1,19,126,0.0079,0.0013,6.18,0.15008147789864093,0.4167310939709835,PRKAA1,False
C4_core,GO_BP,GOBP_V_D_J_RECOMBINATION,V d j recombination,1,19,126,0.0079,0.0013,6.18,0.15008147789864093,0.4167310939709835,HMGB1,False
C4_core,GO_BP,GOBP_VITAMIN_TRANSMEMBRANE_TRANSPORT,Vitamin transmembrane transport,1,19,126,0.0079,0.0013,6.18,0.15008147789864093,0.4167310939709835,SLC19A2,False
C4_core,GO_BP,GOBP_NEGATIVE_REGULATION_OF_PHAGOCYTOSIS,Negative regulation of phagocytosis,1,19,126,0.0079,0.0013,6.18,0.15008147789864093,0.4167310939709835,HMGB1,False
C4_core,GO_BP,GOBP_CELL_PROLIFERATION_IN_FOREBRAIN,Cell proliferation in forebrain,1,19,126,0.0079,0.0013,6.18,0.15008147789864093,0.4167310939709835,CEP120,False
C4_core,GO_BP,GOBP_REGULATION_OF_INTEGRIN_MEDIATED_SIGNALING_PATHWAY,Regulation of integrin mediated signaling pathway,1,19,126,0.0079,0.0013,6.18,0.15008147789864093,0.4167310939709835,NID1,False
C4_core,GO_BP,GOBP_POSITIVE_REGULATION_OF_INFLAMMASOME_MEDIATED_SIGNALING_PATHWAY,Positive regulation of inflammasome mediated signaling pathway,1,19,126,0.0079,0.0013,6.18,0.15008147789864093,0.4167310939709835,MAPK8,False
C4_core,GO_BP,GOBP_MALE_MEIOSIS_I,Male meiosis i,1,19,126,0.0079,0.0013,6.18,0.15008147789864093,0.4167310939709835,FOXJ3,False
C4_core,GO_BP,GOBP_BASIC_AMINO_ACID_TRANSPORT,Basic amino acid transport,1,19,126,0.0079,0.0013,6.18,0.15008147789864093,0.4167310939709835,SLC7A2,False
C4_core,GO_BP,GOBP_ORGANELLE_TRANSPORT_ALONG_MICROTUBULE,Organelle transport along microtubule,2,81,126,0.0159,0.0055,2.899,0.15152499314075266,0.4178416477517725,"SYBU, OPA1",False
C4_core,GO_BP,GOBP_CARDIAC_CONDUCTION,Cardiac conduction,2,81,126,0.0159,0.0055,2.899,0.15152499314075266,0.4178416477517725,"MEF2A, CAMK2D",False
C4_core,GO_BP,GOBP_PROTEIN_DEUBIQUITINATION,Protein deubiquitination,2,81,126,0.0159,0.0055,2.899,0.15152499314075266,0.4178416477517725,"SHMT2, TANK",False
C4_core,GO_BP,GOBP_POSITIVE_REGULATION_OF_ENDOTHELIAL_CELL_PROLIFERATION,Positive regulation of endothelial cell proliferation,2,81,126,0.0159,0.0055,2.899,0.15152499314075266,0.4178416477517725,"RICTOR, HMGB1",False
C4_core,GO_BP,GOBP_REGULATION_OF_HEART_RATE,Regulation of heart rate,2,81,126,0.0159,0.0055,2.899,0.15152499314075266,0.4178416477517725,"HEY2, CAMK2D",False
C4_core,GO_BP,GOBP_STRIATED_MUSCLE_CONTRACTION,Striated muscle contraction,3,158,126,0.0238,0.0107,2.229,0.15202564094116855,0.41864557519149853,"BMP10, CAMK2D, PIK3CA",False
C4_core,GO_BP,GOBP_REGULATION_OF_T_CELL_PROLIFERATION,Regulation of t cell proliferation,3,159,126,0.0238,0.0107,2.215,0.15404543520159195,0.4197824631717224,"PNP, HMGB1, BMI1",False
C4_core,GO_BP,GOBP_POSITIVE_REGULATION_OF_MACROAUTOPHAGY,Positive regulation of macroautophagy,2,82,126,0.0159,0.0055,2.864,0.15449226131948904,0.4197824631717224,"SNX4, UFL1",False
C4_core,GO_BP,GOBP_REGULATION_OF_STEROID_METABOLIC_PROCESS,Regulation of steroid metabolic process,2,82,126,0.0159,0.0055,2.864,0.15449226131948904,0.4197824631717224,"ERLIN2, PRKAA1",False
C4_core,GO_BP,GOBP_REGULATION_OF_CARBOHYDRATE_BIOSYNTHETIC_PROCESS,Regulation of carbohydrate biosynthetic process,2,82,126,0.0159,0.0055,2.864,0.15449226131948904,0.4197824631717224,"GPT, KAT2B",False
C4_core,GO_BP,GOBP_POSITIVE_REGULATION_OF_PROTEIN_LOCALIZATION,Positive regulation of protein localization,6,426,126,0.0476,0.0288,1.654,0.15613714338841764,0.4197824631717224,"FERMT2, PIK3CA, PRKAA1, SYBU, UBE2D3, CEP120",False
C4_core,GO_BP,GOBP_HYDROGEN_PEROXIDE_CATABOLIC_PROCESS,Hydrogen peroxide catabolic process,1,20,126,0.0079,0.0014,5.871,0.1573295140262059,0.4197824631717224,HP,False
C4_core,GO_BP,GOBP_REGULATION_OF_ATTACHMENT_OF_SPINDLE_MICROTUBULES_TO_KINETOCHORE,Regulation of attachment of spindle microtubules to kinetochore,1,20,126,0.0079,0.0014,5.871,0.1573295140262059,0.4197824631717224,KAT2B,False
C4_core,GO_BP,GOBP_POSITIVE_REGULATION_OF_MYELOID_LEUKOCYTE_MEDIATED_IMMUNITY,Positive regulation of myeloid leukocyte mediated immunity,1,20,126,0.0079,0.0014,5.871,0.1573295140262059,0.4197824631717224,DHX36,False
C4_core,GO_BP,GOBP_POSITIVE_REGULATION_OF_INTERFERON_ALPHA_PRODUCTION,Positive regulation of interferon alpha production,1,20,126,0.0079,0.0014,5.871,0.1573295140262059,0.4197824631717224,DHX36,False
C4_core,GO_BP,GOBP_CELLULAR_RESPONSE_TO_PROSTAGLANDIN_STIMULUS,Cellular response to prostaglandin stimulus,1,20,126,0.0079,0.0014,5.871,0.1573295140262059,0.4197824631717224,PRKAA1,False
C4_core,GO_BP,GOBP_CELL_COMMUNICATION_BY_ELECTRICAL_COUPLING_INVOLVED_IN_CARDIAC_CONDUCTION,Cell communication by electrical coupling involved in cardiac conduction,1,20,126,0.0079,0.0014,5.871,0.1573295140262059,0.4197824631717224,CAMK2D,False
C4_core,GO_BP,GOBP_SECRETORY_GRANULE_LOCALIZATION,Secretory granule localization,1,20,126,0.0079,0.0014,5.871,0.1573295140262059,0.4197824631717224,SYBU,False
C4_core,GO_BP,GOBP_NEGATIVE_REGULATION_OF_RECEPTOR_SIGNALING_PATHWAY_VIA_STAT,Negative regulation of receptor signaling pathway via stat,1,20,126,0.0079,0.0014,5.871,0.1573295140262059,0.4197824631717224,PTPRD,False
C4_core,GO_BP,GOBP_POSITIVE_REGULATION_OF_CELL_MIGRATION_INVOLVED_IN_SPROUTING_ANGIOGENESIS,Positive regulation of cell migration involved in sprouting angiogenesis,1,20,126,0.0079,0.0014,5.871,0.1573295140262059,0.4197824631717224,TGFBR3,False
C4_core,GO_BP,GOBP_REGULATION_OF_EXTRACELLULAR_MATRIX_ASSEMBLY,Regulation of extracellular matrix assembly,1,20,126,0.0079,0.0014,5.871,0.1573295140262059,0.4197824631717224,TGFBR3,False
C4_core,GO_BP,GOBP_TRANSCYTOSIS,Transcytosis,1,20,126,0.0079,0.0014,5.871,0.1573295140262059,0.4197824631717224,PICALM,False
C4_core,GO_BP,GOBP_REGULATION_OF_OXIDATIVE_PHOSPHORYLATION,Regulation of oxidative phosphorylation,1,20,126,0.0079,0.0014,5.871,0.1573295140262059,0.4197824631717224,SHMT2,False
C4_core,GO_BP,GOBP_SPHINGOMYELIN_METABOLIC_PROCESS,Sphingomyelin metabolic process,1,20,126,0.0079,0.0014,5.871,0.1573295140262059,0.4197824631717224,SGMS2,False
C4_core,GO_BP,GOBP_NEUTROPHIL_HOMEOSTASIS,Neutrophil homeostasis,1,20,126,0.0079,0.0014,5.871,0.1573295140262059,0.4197824631717224,HMGB1,False
C4_core,GO_BP,GOBP_NEGATIVE_REGULATION_OF_CILIUM_ASSEMBLY,Negative regulation of cilium assembly,1,20,126,0.0079,0.0014,5.871,0.1573295140262059,0.4197824631717224,GDI2,False
C4_core,GO_BP,GOBP_CELLULAR_HYPEROSMOTIC_RESPONSE,Cellular hyperosmotic response,1,20,126,0.0079,0.0014,5.871,0.1573295140262059,0.4197824631717224,PCK1,False
C4_core,GO_BP,GOBP_RNA_3_END_PROCESSING,Rna 3 end processing,2,83,126,0.0159,0.0056,2.829,0.15747084407690487,0.4197824631717224,"DHX36, WDR33",False
C4_core,GO_BP,GOBP_ENERGY_RESERVE_METABOLIC_PROCESS,Energy reserve metabolic process,2,83,126,0.0159,0.0056,2.829,0.15747084407690487,0.4197824631717224,"RB1CC1, ADGRF5",False
C4_core,GO_BP,GOBP_LAMELLIPODIUM_ORGANIZATION,Lamellipodium organization,2,83,126,0.0159,0.0056,2.829,0.15747084407690487,0.4197824631717224,"ARHGEF4, PIK3CA",False
C4_core,GO_BP,GOBP_POSITIVE_REGULATION_OF_PHOSPHATIDYLINOSITOL_3_KINASE_PROTEIN_KINASE_B_SIGNAL_TRANSDUCTION,Positive regulation of phosphatidylinositol 3 kinase protein kinase b signal transduction,3,161,126,0.0238,0.0109,2.188,0.15811051118243494,0.4209271853553654,"RICTOR, FERMT2, PIK3CA",False
C4_core,GO_BP,GOBP_NEGATIVE_REGULATION_OF_TRANSFORMING_GROWTH_FACTOR_BETA_RECEPTOR_SIGNALING_PATHWAY,Negative regulation of transforming growth factor beta receptor signaling pathway,2,84,126,0.0159,0.0057,2.796,0.16046033816266575,0.426615666668867,"LEMD3, TGFBR3",False
C4_core,GO_BP,GOBP_POSITIVE_REGULATION_OF_ERK1_AND_ERK2_CASCADE,Positive regulation of erk1 and erk2 cascade,3,163,126,0.0238,0.011,2.161,0.16220872292386346,0.42718739851239335,"GAREM1, HMGB1, FERMT2",False
C4_core,GO_BP,GOBP_PROTEIN_TETRAMERIZATION,Protein tetramerization,2,85,126,0.0159,0.0057,2.763,0.1634603462726574,0.42718739851239335,"CTH, SHMT2",False
C4_core,GO_BP,GOBP_REGULATION_OF_PEPTIDYL_SERINE_PHOSPHORYLATION,Regulation of peptidyl serine phosphorylation,2,85,126,0.0159,0.0057,2.763,0.1634603462726574,0.42718739851239335,"RICTOR, PRKAA1",False
C4_core,GO_BP,GOBP_PROTEIN_DNA_COMPLEX_ASSEMBLY,Protein dna complex assembly,3,164,126,0.0238,0.0111,2.148,0.16426993753508948,0.42718739851239335,"CHRAC1, HEY2, HMGB1",False
C4_core,GO_BP,GOBP_POSITIVE_REGULATION_OF_HEART_RATE,Positive regulation of heart rate,1,21,126,0.0079,0.0014,5.591,0.164516225900627,0.42718739851239335,HEY2,False
C4_core,GO_BP,GOBP_REGULATION_OF_THE_FORCE_OF_HEART_CONTRACTION,Regulation of the force of heart contraction,1,21,126,0.0079,0.0014,5.591,0.164516225900627,0.42718739851239335,CAMK2D,False
C4_core,GO_BP,GOBP_NEGATIVE_REGULATION_OF_SMOOTH_MUSCLE_CELL_MIGRATION,Negative regulation of smooth muscle cell migration,1,21,126,0.0079,0.0014,5.591,0.164516225900627,0.42718739851239335,ABHD2,False
C4_core,GO_BP,GOBP_POSITIVE_REGULATION_OF_GLIAL_CELL_PROLIFERATION,Positive regulation of glial cell proliferation,1,21,126,0.0079,0.0014,5.591,0.164516225900627,0.42718739851239335,UFL1,False
C4_core,GO_BP,GOBP_SPHINGOID_METABOLIC_PROCESS,Sphingoid metabolic process,1,21,126,0.0079,0.0014,5.591,0.164516225900627,0.42718739851239335,PLPP3,False
C4_core,GO_BP,GOBP_RESPONSE_TO_PLATELET_DERIVED_GROWTH_FACTOR,Response to platelet derived growth factor,1,21,126,0.0079,0.0014,5.591,0.164516225900627,0.42718739851239335,SYAP1,False
C4_core,GO_BP,GOBP_AMP_METABOLIC_PROCESS,Amp metabolic process,1,21,126,0.0079,0.0014,5.591,0.164516225900627,0.42718739851239335,NT5E,False
C4_core,GO_BP,GOBP_NEGATIVE_REGULATION_OF_T_CELL_APOPTOTIC_PROCESS,Negative regulation of t cell apoptotic process,1,21,126,0.0079,0.0014,5.591,0.164516225900627,0.42718739851239335,EFNA1,False
C4_core,GO_BP,GOBP_GASTRULATION_WITH_MOUTH_FORMING_SECOND,Gastrulation with mouth forming second,1,21,126,0.0079,0.0014,5.591,0.164516225900627,0.42718739851239335,PLPP3,False
C4_core,GO_BP,GOBP_WOUND_HEALING_SPREADING_OF_EPIDERMAL_CELLS,Wound healing spreading of epidermal cells,1,21,126,0.0079,0.0014,5.591,0.164516225900627,0.42718739851239335,FERMT2,False
C4_core,GO_BP,GOBP_REGULATION_OF_CELLULAR_RESPONSE_TO_OXIDATIVE_STRESS,Regulation of cellular response to oxidative stress,1,21,126,0.0079,0.0014,5.591,0.164516225900627,0.42718739851239335,PNPLA8,False
C4_core,GO_BP,GOBP_MOTOR_BEHAVIOR,Motor behavior,1,21,126,0.0079,0.0014,5.591,0.164516225900627,0.42718739851239335,PRKAA1,False
C4_core,GO_BP,GOBP_RESPONSE_TO_GONADOTROPIN,Response to gonadotropin,1,21,126,0.0079,0.0014,5.591,0.164516225900627,0.42718739851239335,TGFBR3,False
C4_core,GO_BP,GOBP_POSTSYNAPTIC_DENSITY_ASSEMBLY,Postsynaptic density assembly,1,21,126,0.0079,0.0014,5.591,0.164516225900627,0.42718739851239335,PTPRD,False
C4_core,GO_BP,GOBP_PRIMARY_ALCOHOL_METABOLIC_PROCESS,Primary alcohol metabolic process,2,86,126,0.0159,0.0058,2.731,0.16647047697831502,0.428961921421062,"DHRS4, SULT1A2",False
C4_core,GO_BP,GOBP_ALPHA_BETA_T_CELL_ACTIVATION,Alpha beta t cell activation,3,166,126,0.0238,0.0112,2.122,0.16841595165763104,0.428961921421062,"PNP, HMGB1, OPA1",False
C4_core,GO_BP,GOBP_INORGANIC_ION_HOMEOSTASIS,Inorganic ion homeostasis,6,437,126,0.0476,0.0295,1.612,0.1694579957840787,0.428961921421062,"NT5E, TMBIM6, CAMK2D, CP, PICALM, ACO1",False
C4_core,GO_BP,GOBP_DNA_CONFORMATION_CHANGE,Dna conformation change,2,87,126,0.0159,0.0059,2.699,0.16949034465670743,0.428961921421062,"DHX36, HMGB1",False
C4_core,GO_BP,GOBP_REGULATION_OF_T_HELPER_17_CELL_DIFFERENTIATION,Regulation of t helper 17 cell differentiation,1,22,126,0.0079,0.0015,5.337,0.171642128258748,0.428961921421062,OPA1,False
C4_core,GO_BP,GOBP_ALDITOL_METABOLIC_PROCESS,Alditol metabolic process,1,22,126,0.0079,0.0015,5.337,0.171642128258748,0.428961921421062,PCK1,False
C4_core,GO_BP,GOBP_T_HELPER_1_CELL_DIFFERENTIATION,T helper 1 cell differentiation,1,22,126,0.0079,0.0015,5.337,0.171642128258748,0.428961921421062,HMGB1,False
C4_core,GO_BP,GOBP_PULMONARY_VALVE_DEVELOPMENT,Pulmonary valve development,1,22,126,0.0079,0.0015,5.337,0.171642128258748,0.428961921421062,HEY2,False
C4_core,GO_BP,GOBP_SECONDARY_PALATE_DEVELOPMENT,Secondary palate development,1,22,126,0.0079,0.0015,5.337,0.171642128258748,0.428961921421062,TGFBR3,False
C4_core,GO_BP,GOBP_REGULATION_OF_DENDRITE_EXTENSION,Regulation of dendrite extension,1,22,126,0.0079,0.0015,5.337,0.171642128258748,0.428961921421062,SPAG9,False
C4_core,GO_BP,GOBP_NEGATIVE_REGULATION_OF_AMIDE_METABOLIC_PROCESS,Negative regulation of amide metabolic process,1,22,126,0.0079,0.0015,5.337,0.171642128258748,0.428961921421062,PRKAA1,False
C4_core,GO_BP,GOBP_SYNAPTIC_VESICLE_MATURATION,Synaptic vesicle maturation,1,22,126,0.0079,0.0015,5.337,0.171642128258748,0.428961921421062,PICALM,False
C4_core,GO_BP,GOBP_RESPONSE_TO_SALT_STRESS,Response to salt stress,1,22,126,0.0079,0.0015,5.337,0.171642128258748,0.428961921421062,PCK1,False
C4_core,GO_BP,GOBP_MITOCHONDRIAL_TRANSCRIPTION,Mitochondrial transcription,1,22,126,0.0079,0.0015,5.337,0.171642128258748,0.428961921421062,PRKAA1,False
C4_core,GO_BP,GOBP_REGULATION_OF_CARDIAC_MUSCLE_CONTRACTION_BY_CALCIUM_ION_SIGNALING,Regulation of cardiac muscle contraction by calcium ion signaling,1,22,126,0.0079,0.0015,5.337,0.171642128258748,0.428961921421062,CAMK2D,False
C4_core,GO_BP,GOBP_REGULATION_OF_ACTIVIN_RECEPTOR_SIGNALING_PATHWAY,Regulation of activin receptor signaling pathway,1,22,126,0.0079,0.0015,5.337,0.171642128258748,0.428961921421062,LEMD3,False
C4_core,GO_BP,GOBP_PEPTIDYL_GLUTAMIC_ACID_MODIFICATION,Peptidyl glutamic acid modification,1,22,126,0.0079,0.0015,5.337,0.171642128258748,0.428961921421062,CFAP20,False
C4_core,GO_BP,GOBP_BINDING_OF_SPERM_TO_ZONA_PELLUCIDA,Binding of sperm to zona pellucida,1,22,126,0.0079,0.0015,5.337,0.171642128258748,0.428961921421062,FETUB,False
C4_core,GO_BP,GOBP_REGULATION_OF_MITOCHONDRIAL_TRANSLATION,Regulation of mitochondrial translation,1,22,126,0.0079,0.0015,5.337,0.171642128258748,0.428961921421062,SHMT2,False
C4_core,GO_BP,GOBP_GTP_METABOLIC_PROCESS,Gtp metabolic process,1,22,126,0.0079,0.0015,5.337,0.171642128258748,0.428961921421062,OPA1,False
C4_core,GO_BP,GOBP_PHOSPHATIDYLINOSITOL_3_PHOSPHATE_BIOSYNTHETIC_PROCESS,Phosphatidylinositol 3 phosphate biosynthetic process,1,22,126,0.0079,0.0015,5.337,0.171642128258748,0.428961921421062,PIK3CA,False
C4_core,GO_BP,GOBP_POSITIVE_REGULATION_OF_PHOSPHATASE_ACTIVITY,Positive regulation of phosphatase activity,1,22,126,0.0079,0.0015,5.337,0.171642128258748,0.428961921421062,ITGA1,False
C4_core,GO_BP,GOBP_POSITIVE_REGULATION_OF_ACTIVATED_T_CELL_PROLIFERATION,Positive regulation of activated t cell proliferation,1,22,126,0.0079,0.0015,5.337,0.171642128258748,0.428961921421062,HMGB1,False
C4_core,GO_BP,GOBP_DENDRITIC_CELL_CHEMOTAXIS,Dendritic cell chemotaxis,1,22,126,0.0079,0.0015,5.337,0.171642128258748,0.428961921421062,HMGB1,False
C4_core,GO_BP,GOBP_REGULATION_OF_ANATOMICAL_STRUCTURE_SIZE,Regulation of anatomical structure size,6,439,126,0.0476,0.0297,1.605,0.17193068772748804,0.428961921421062,"PIK3CA, KAT2B, ITGA1, RICTOR, PICALM, RB1CC1",False
C4_core,GO_BP,GOBP_POSITIVE_REGULATION_OF_JNK_CASCADE,Positive regulation of jnk cascade,2,88,126,0.0159,0.0059,2.668,0.17251956942137234,0.428961921421062,"RB1CC1, HMGB1",False
C4_core,GO_BP,GOBP_CELLULAR_RESPONSE_TO_ALCOHOL,Cellular response to alcohol,2,88,126,0.0159,0.0059,2.668,0.17251956942137234,0.428961921421062,"PRKAA1, PCK1",False
C4_core,GO_BP,GOBP_NEGATIVE_REGULATION_OF_LIPID_METABOLIC_PROCESS,Negative regulation of lipid metabolic process,2,88,126,0.0159,0.0059,2.668,0.17251956942137234,0.428961921421062,"ERLIN2, PRKAA1",False
C4_core,GO_BP,GOBP_POSITIVE_REGULATION_OF_KINASE_ACTIVITY,Positive regulation of kinase activity,4,255,126,0.0317,0.0172,1.842,0.17301550671021573,0.428961921421062,"ERN1, FERMT2, EFNA1, SYAP1",False
C4_core,GO_BP,GOBP_AMIDE_TRANSPORT,Amide transport,4,256,126,0.0317,0.0173,1.835,0.17468451424469483,0.428961921421062,"SYBU, CERT1, CA2, SLC19A2",False
C4_core,GO_BP,GOBP_POSITIVE_REGULATION_OF_TRANSMEMBRANE_TRANSPORT,Positive regulation of transmembrane transport,3,169,126,0.0238,0.0114,2.084,0.17469204437083136,0.428961921421062,"MEF2A, CA2, FXYD1",False
C4_core,GO_BP,GOBP_REGULATION_OF_GLUCOSE_METABOLIC_PROCESS,Regulation of glucose metabolic process,2,89,126,0.0159,0.006,2.638,0.17555777705389242,0.428961921421062,"GPT, KAT2B",False
C4_core,GO_BP,GOBP_REGULATION_OF_DENDRITE_DEVELOPMENT,Regulation of dendrite development,2,89,126,0.0159,0.006,2.638,0.17555777705389242,0.428961921421062,"DHX36, PTPRD",False
C4_core,GO_BP,GOBP_POSITIVE_REGULATION_OF_TRANSMEMBRANE_RECEPTOR_PROTEIN_SERINE_THREONINE_KINASE_SIGNALING_PATHWAY,Positive regulation of transmembrane receptor protein serine threonine kinase signaling pathway,2,89,126,0.0159,0.006,2.638,0.17555777705389242,0.428961921421062,"BMP10, TGFBR3",False
C4_core,GO_BP,GOBP_CD4_POSITIVE_ALPHA_BETA_T_CELL_DIFFERENTIATION,Cd4 positive alpha beta t cell differentiation,2,89,126,0.0159,0.006,2.638,0.17555777705389242,0.428961921421062,"HMGB1, OPA1",False
C4_core,GO_BP,GOBP_CELLULAR_SENESCENCE,Cellular senescence,2,90,126,0.0159,0.0061,2.609,0.1786045989362069,0.428961921421062,"OPA1, MAPK8",False
C4_core,GO_BP,GOBP_REGULATION_OF_T_CELL_MEDIATED_IMMUNITY,Regulation of t cell mediated immunity,2,90,126,0.0159,0.0061,2.609,0.1786045989362069,0.428961921421062,"UFL1, HMGB1",False
C4_core,GO_BP,GOBP_FIBROBLAST_APOPTOTIC_PROCESS,Fibroblast apoptotic process,1,23,126,0.0079,0.0016,5.105,0.17870773155142308,0.428961921421062,PIK3CA,False
C4_core,GO_BP,GOBP_POSITIVE_REGULATION_OF_VACUOLE_ORGANIZATION,Positive regulation of vacuole organization,1,23,126,0.0079,0.0016,5.105,0.17870773155142308,0.428961921421062,SNX4,False
C4_core,GO_BP,GOBP_NEGATIVE_REGULATION_OF_STEROID_METABOLIC_PROCESS,Negative regulation of steroid metabolic process,1,23,126,0.0079,0.0016,5.105,0.17870773155142308,0.428961921421062,ERLIN2,False
C4_core,GO_BP,GOBP_NEGATIVE_REGULATION_OF_STRIATED_MUSCLE_CELL_APOPTOTIC_PROCESS,Negative regulation of striated muscle cell apoptotic process,1,23,126,0.0079,0.0016,5.105,0.17870773155142308,0.428961921421062,HEY2,False
C4_core,GO_BP,GOBP_POSITIVE_REGULATION_OF_STEROID_METABOLIC_PROCESS,Positive regulation of steroid metabolic process,1,23,126,0.0079,0.0016,5.105,0.17870773155142308,0.428961921421062,PRKAA1,False
C4_core,GO_BP,GOBP_PHYSIOLOGICAL_CARDIAC_MUSCLE_HYPERTROPHY,Physiological cardiac muscle hypertrophy,1,23,126,0.0079,0.0016,5.105,0.17870773155142308,0.428961921421062,PDLIM5,False
C4_core,GO_BP,GOBP_REGULATION_OF_MAST_CELL_DEGRANULATION,Regulation of mast cell degranulation,1,23,126,0.0079,0.0016,5.105,0.17870773155142308,0.428961921421062,SNX4,False
C4_core,GO_BP,GOBP_PROSTANOID_BIOSYNTHETIC_PROCESS,Prostanoid biosynthetic process,1,23,126,0.0079,0.0016,5.105,0.17870773155142308,0.428961921421062,PNPLA8,False
C4_core,GO_BP,GOBP_PHARYNGEAL_SYSTEM_DEVELOPMENT,Pharyngeal system development,1,23,126,0.0079,0.0016,5.105,0.17870773155142308,0.428961921421062,ADGRF5,False
C4_core,GO_BP,GOBP_DEOXYRIBONUCLEOSIDE_MONOPHOSPHATE_METABOLIC_PROCESS,Deoxyribonucleoside monophosphate metabolic process,1,23,126,0.0079,0.0016,5.105,0.17870773155142308,0.428961921421062,PNP,False
C4_core,GO_BP,GOBP_REGULATION_OF_NUCLEAR_TRANSCRIBED_MRNA_CATABOLIC_PROCESS_DEADENYLATION_DEPENDENT_DECAY,Regulation of nuclear transcribed mrna catabolic process deadenylation dependent decay,1,23,126,0.0079,0.0016,5.105,0.17870773155142308,0.428961921421062,DHX36,False
C4_core,GO_BP,GOBP_NUCLEOPHAGY,Nucleophagy,1,23,126,0.0079,0.0016,5.105,0.17870773155142308,0.428961921421062,RB1CC1,False
C4_core,GO_BP,GOBP_NEGATIVE_REGULATION_OF_EPIDERMAL_GROWTH_FACTOR_RECEPTOR_SIGNALING_PATHWAY,Negative regulation of epidermal growth factor receptor signaling pathway,1,23,126,0.0079,0.0016,5.105,0.17870773155142308,0.428961921421062,ITGA1,False
C4_core,GO_BP,GOBP_MANNOSYLATION,Mannosylation,1,23,126,0.0079,0.0016,5.105,0.17870773155142308,0.428961921421062,DPY19L4,False
C4_core,GO_BP,GOBP_REGULATION_OF_MONOCYTE_CHEMOTAXIS,Regulation of monocyte chemotaxis,1,23,126,0.0079,0.0016,5.105,0.17870773155142308,0.428961921421062,HMGB1,False
C4_core,GO_BP,GOBP_PROTEIN_QUALITY_CONTROL_FOR_MISFOLDED_OR_INCOMPLETELY_SYNTHESIZED_PROTEINS,Protein quality control for misfolded or incompletely synthesized proteins,1,23,126,0.0079,0.0016,5.105,0.17870773155142308,0.428961921421062,KLHL15,False
C4_core,GO_BP,GOBP_PHOSPHATIDYLINOSITOL_MEDIATED_SIGNALING,Phosphatidylinositol mediated signaling,1,23,126,0.0079,0.0016,5.105,0.17870773155142308,0.428961921421062,PIK3CA,False
C4_core,GO_BP,GOBP_POSITIVE_REGULATION_OF_MUSCLE_CELL_APOPTOTIC_PROCESS,Positive regulation of muscle cell apoptotic process,1,23,126,0.0079,0.0016,5.105,0.17870773155142308,0.428961921421062,CAMK2D,False
C4_core,GO_BP,GOBP_NEGATIVE_REGULATION_OF_BIOMINERAL_TISSUE_DEVELOPMENT,Negative regulation of biomineral tissue development,1,23,126,0.0079,0.0016,5.105,0.17870773155142308,0.428961921421062,HEY2,False
C4_core,GO_BP,GOBP_TOLERANCE_INDUCTION,Tolerance induction,1,23,126,0.0079,0.0016,5.105,0.17870773155142308,0.428961921421062,HMGB1,False
C4_core,GO_BP,GOBP_ATTACHMENT_OF_MITOTIC_SPINDLE_MICROTUBULES_TO_KINETOCHORE,Attachment of mitotic spindle microtubules to kinetochore,1,23,126,0.0079,0.0016,5.105,0.17870773155142308,0.428961921421062,KAT2B,False
C4_core,GO_BP,GOBP_MULTICELLULAR_ORGANISMAL_LEVEL_IRON_ION_HOMEOSTASIS,Multicellular organismal level iron ion homeostasis,1,23,126,0.0079,0.0016,5.105,0.17870773155142308,0.428961921421062,PICALM,False
C4_core,GO_BP,GOBP_MICROAUTOPHAGY,Microautophagy,1,23,126,0.0079,0.0016,5.105,0.17870773155142308,0.428961921421062,RB1CC1,False
C4_core,GO_BP,GOBP_T_HELPER_CELL_LINEAGE_COMMITMENT,T helper cell lineage commitment,1,23,126,0.0079,0.0016,5.105,0.17870773155142308,0.428961921421062,OPA1,False
C4_core,GO_BP,GOBP_VASCULAR_ENDOTHELIAL_CELL_PROLIFERATION,Vascular endothelial cell proliferation,1,23,126,0.0079,0.0016,5.105,0.17870773155142308,0.428961921421062,HMGB1,False
C4_core,GO_BP,GOBP_REGULATION_OF_SUPRAMOLECULAR_FIBER_ORGANIZATION,Regulation of supramolecular fiber organization,5,350,126,0.0397,0.0237,1.677,0.17873758440588122,0.428961921421062,"FERMT2, PIK3CA, BMP10, RICTOR, AP1AR",False
C4_core,GO_BP,GOBP_CARBOHYDRATE_BIOSYNTHETIC_PROCESS,Carbohydrate biosynthetic process,3,171,126,0.0238,0.0116,2.06,0.17891268950378958,0.428961921421062,"KAT2B, GPT, PCK1",False
C4_core,GO_BP,GOBP_REGULATION_OF_TRANSPORTER_ACTIVITY,Regulation of transporter activity,3,172,126,0.0238,0.0116,2.048,0.18103361227447895,0.43333159795080795,"NDFIP2, CAMK2D, FXYD1",False
C4_core,GO_BP,GOBP_ERK1_AND_ERK2_CASCADE,Erk1 and erk2 cascade,4,260,126,0.0317,0.0176,1.806,0.18141613342811416,0.43333159795080795,"GAREM1, HMGB1, FERMT2, TGFBR3",False
C4_core,GO_BP,GOBP_NEGATIVE_REGULATION_OF_TRANSPORT,Negative regulation of transport,5,353,126,0.0397,0.0239,1.663,0.18304960205978696,0.43333159795080795,"TMBIM6, CAMK2D, NDFIP2, PICALM, HMGB1",False
C4_core,GO_BP,GOBP_ENDOPLASMIC_RETICULUM_ORGANIZATION,Endoplasmic reticulum organization,2,92,126,0.0159,0.0062,2.552,0.18472263857870289,0.43333159795080795,"CERT1, EMC2",False
C4_core,GO_BP,GOBP_NEGATIVE_REGULATION_OF_INTRINSIC_APOPTOTIC_SIGNALING_PATHWAY,Negative regulation of intrinsic apoptotic signaling pathway,2,92,126,0.0159,0.0062,2.552,0.18472263857870289,0.43333159795080795,"TMBIM6, OPA1",False
C4_core,GO_BP,GOBP_AMINO_ACID_CATABOLIC_PROCESS,Amino acid catabolic process,2,92,126,0.0159,0.0062,2.552,0.18472263857870289,0.43333159795080795,"GPT2, GPT",False
C4_core,GO_BP,GOBP_REGULATION_OF_EPITHELIAL_TO_MESENCHYMAL_TRANSITION,Regulation of epithelial to mesenchymal transition,2,92,126,0.0159,0.0062,2.552,0.18472263857870289,0.43333159795080795,"FERMT2, EFNA1",False
C4_core,GO_BP,GOBP_CARDIAC_SEPTUM_DEVELOPMENT,Cardiac septum development,2,92,126,0.0159,0.0062,2.552,0.18472263857870289,0.43333159795080795,"HEY2, TGFBR3",False
C4_core,GO_BP,GOBP_MESENCHYME_DEVELOPMENT,Mesenchyme development,4,262,126,0.0317,0.0177,1.793,0.18481445963541254,0.43333159795080795,"HEY2, FERMT2, EFNA1, TGFBR3",False
C4_core,GO_BP,GOBP_DEFENSE_RESPONSE_TO_VIRUS,Defense response to virus,4,262,126,0.0317,0.0177,1.793,0.18481445963541254,0.43333159795080795,"DHX36, HERC5, TANK, AZI2",False
C4_core,GO_BP,GOBP_VITAMIN_BIOSYNTHETIC_PROCESS,Vitamin biosynthetic process,1,24,126,0.0079,0.0016,4.892,0.18571354197891768,0.43333159795080795,SLC19A2,False
C4_core,GO_BP,GOBP_NEGATIVE_REGULATION_OF_TUMOR_NECROSIS_FACTOR_MEDIATED_SIGNALING_PATHWAY,Negative regulation of tumor necrosis factor mediated signaling pathway,1,24,126,0.0079,0.0016,4.892,0.18571354197891768,0.43333159795080795,TANK,False
C4_core,GO_BP,GOBP_POSITIVE_REGULATION_OF_VIRAL_LIFE_CYCLE,Positive regulation of viral life cycle,1,24,126,0.0079,0.0016,4.892,0.18571354197891768,0.43333159795080795,HMGB1,False
C4_core,GO_BP,GOBP_POSITIVE_REGULATION_OF_INTERLEUKIN_17_PRODUCTION,Positive regulation of interleukin 17 production,1,24,126,0.0079,0.0016,4.892,0.18571354197891768,0.43333159795080795,OPA1,False
C4_core,GO_BP,GOBP_NEGATIVE_REGULATION_OF_ALPHA_BETA_T_CELL_DIFFERENTIATION,Negative regulation of alpha beta t cell differentiation,1,24,126,0.0079,0.0016,4.892,0.18571354197891768,0.43333159795080795,HMGB1,False
C4_core,GO_BP,GOBP_RESPONSE_TO_MUSCLE_STRETCH,Response to muscle stretch,1,24,126,0.0079,0.0016,4.892,0.18571354197891768,0.43333159795080795,PIK3CA,False
C4_core,GO_BP,GOBP_SYNAPTIC_MEMBRANE_ADHESION,Synaptic membrane adhesion,1,24,126,0.0079,0.0016,4.892,0.18571354197891768,0.43333159795080795,PTPRD,False
C4_core,GO_BP,GOBP_NUCLEAR_MIGRATION,Nuclear migration,1,24,126,0.0079,0.0016,4.892,0.18571354197891768,0.43333159795080795,CEP120,False
C4_core,GO_BP,GOBP_REGULATION_OF_RECEPTOR_RECYCLING,Regulation of receptor recycling,1,24,126,0.0079,0.0016,4.892,0.18571354197891768,0.43333159795080795,AP1AR,False
C4_core,GO_BP,GOBP_POSITIVE_REGULATION_OF_T_HELPER_CELL_DIFFERENTIATION,Positive regulation of t helper cell differentiation,1,24,126,0.0079,0.0016,4.892,0.18571354197891768,0.43333159795080795,OPA1,False
C4_core,GO_BP,GOBP_POSITIVE_REGULATION_OF_CYCLASE_ACTIVITY,Positive regulation of cyclase activity,1,24,126,0.0079,0.0016,4.892,0.18571354197891768,0.43333159795080795,MAPK8,False
C4_core,GO_BP,GOBP_REGULATION_OF_RELEASE_OF_SEQUESTERED_CALCIUM_ION_INTO_CYTOSOL_BY_SARCOPLASMIC_RETICULUM,Regulation of release of sequestered calcium ion into cytosol by sarcoplasmic reticulum,1,24,126,0.0079,0.0016,4.892,0.18571354197891768,0.43333159795080795,CAMK2D,False
C4_core,GO_BP,GOBP_POSITIVE_REGULATION_OF_INSULIN_SECRETION_INVOLVED_IN_CELLULAR_RESPONSE_TO_GLUCOSE_STIMULUS,Positive regulation of insulin secretion involved in cellular response to glucose stimulus,1,24,126,0.0079,0.0016,4.892,0.18571354197891768,0.43333159795080795,SYBU,False
C4_core,GO_BP,GOBP_GLYCEROLIPID_METABOLIC_PROCESS,Glycerolipid metabolic process,5,356,126,0.0397,0.0241,1.649,0.18740036770415583,0.4343529765485201,"PIK3CA, ABHD2, PNPLA8, CETP, PCK1",False
C4_core,GO_BP,GOBP_REGULATION_OF_PROTEIN_UBIQUITINATION,Regulation of protein ubiquitination,3,175,126,0.0238,0.0118,2.013,0.18743729099467663,0.4343529765485201,"NDFIP2, UFL1, BMI1",False
C4_core,GO_BP,GOBP_PROTEIN_AUTOPHOSPHORYLATION,Protein autophosphorylation,3,175,126,0.0238,0.0118,2.013,0.18743729099467663,0.4343529765485201,"ERN1, CAMK2D, SIK2",False
C4_core,GO_BP,GOBP_RESPONSE_TO_LEUKEMIA_INHIBITORY_FACTOR,Response to leukemia inhibitory factor,2,93,126,0.0159,0.0063,2.525,0.18779314650547715,0.4343529765485201,"CTH, MYNN",False
C4_core,GO_BP,GOBP_PHOSPHOLIPID_TRANSPORT,Phospholipid transport,2,93,126,0.0159,0.0063,2.525,0.18779314650547715,0.4343529765485201,"CERT1, CETP",False
C4_core,GO_BP,GOBP_POLYOL_METABOLIC_PROCESS,Polyol metabolic process,2,93,126,0.0159,0.0063,2.525,0.18779314650547715,0.4343529765485201,"PLPP3, PCK1",False
C4_core,GO_BP,GOBP_POSITIVE_REGULATION_OF_CELL_JUNCTION_ASSEMBLY,Positive regulation of cell junction assembly,2,93,126,0.0159,0.0063,2.525,0.18779314650547715,0.4343529765485201,"FERMT2, PTPRD",False
C4_core,GO_BP,GOBP_ORGANELLE_DISASSEMBLY,Organelle disassembly,3,176,126,0.0238,0.0119,2.001,0.18958507542176475,0.4343529765485201,"RB1CC1, UFL1, PRKAA1",False
C4_core,GO_BP,GOBP_CELL_ACTIVATION_INVOLVED_IN_IMMUNE_RESPONSE,Cell activation involved in immune response,4,265,126,0.0317,0.0179,1.772,0.18995124454086834,0.4343529765485201,"SNX4, HMGB1, OPA1, PCK1",False
C4_core,GO_BP,GOBP_REGULATION_OF_ACTOMYOSIN_STRUCTURE_ORGANIZATION,Regulation of actomyosin structure organization,2,94,126,0.0159,0.0064,2.498,0.19087084888487668,0.4343529765485201,"BMP10, FERMT2",False
C4_core,GO_BP,GOBP_POSITIVE_REGULATION_OF_PROTEIN_UBIQUITINATION,Positive regulation of protein ubiquitination,2,94,126,0.0159,0.0064,2.498,0.19087084888487668,0.4343529765485201,"NDFIP2, BMI1",False
C4_core,GO_BP,GOBP_REGULATION_OF_CELLULAR_RESPONSE_TO_GROWTH_FACTOR_STIMULUS,Regulation of cellular response to growth factor stimulus,4,266,126,0.0317,0.018,1.766,0.1916737441736921,0.4343529765485201,"GREM2, TGFBR3, LEMD3, UBE2D3",False
C4_core,GO_BP,GOBP_POSITIVE_REGULATION_OF_LAMELLIPODIUM_ASSEMBLY,Positive regulation of lamellipodium assembly,1,25,126,0.0079,0.0017,4.697,0.19266006152601692,0.4343529765485201,PIK3CA,False
C4_core,GO_BP,GOBP_CARDIAC_CONDUCTION_SYSTEM_DEVELOPMENT,Cardiac conduction system development,1,25,126,0.0079,0.0017,4.697,0.19266006152601692,0.4343529765485201,HEY2,False
C4_core,GO_BP,GOBP_REGULATION_OF_CARDIAC_MUSCLE_CELL_ACTION_POTENTIAL,Regulation of cardiac muscle cell action potential,1,25,126,0.0079,0.0017,4.697,0.19266006152601692,0.4343529765485201,CAMK2D,False
C4_core,GO_BP,GOBP_NUCLEOBASE_CONTAINING_SMALL_MOLECULE_CATABOLIC_PROCESS,Nucleobase containing small molecule catabolic process,1,25,126,0.0079,0.0017,4.697,0.19266006152601692,0.4343529765485201,PNP,False
C4_core,GO_BP,GOBP_REGULATION_OF_ARP2_3_COMPLEX_MEDIATED_ACTIN_NUCLEATION,Regulation of arp2 3 complex mediated actin nucleation,1,25,126,0.0079,0.0017,4.697,0.19266006152601692,0.4343529765485201,AP1AR,False
C4_core,GO_BP,GOBP_CALCIUM_ION_TRANSPORT_INTO_CYTOSOL,Calcium ion transport into cytosol,1,25,126,0.0079,0.0017,4.697,0.19266006152601692,0.4343529765485201,TMBIM6,False
C4_core,GO_BP,GOBP_NEGATIVE_REGULATION_OF_DOUBLE_STRAND_BREAK_REPAIR_VIA_HOMOLOGOUS_RECOMBINATION,Negative regulation of double strand break repair via homologous recombination,1,25,126,0.0079,0.0017,4.697,0.19266006152601692,0.4343529765485201,KLHL15,False
C4_core,GO_BP,GOBP_NEGATIVE_REGULATION_OF_LIPID_CATABOLIC_PROCESS,Negative regulation of lipid catabolic process,1,25,126,0.0079,0.0017,4.697,0.19266006152601692,0.4343529765485201,PRKAA1,False
C4_core,GO_BP,GOBP_INTERFERON_ALPHA_PRODUCTION,Interferon alpha production,1,25,126,0.0079,0.0017,4.697,0.19266006152601692,0.4343529765485201,DHX36,False
C4_core,GO_BP,GOBP_FC_EPSILON_RECEPTOR_SIGNALING_PATHWAY,Fc epsilon receptor signaling pathway,1,25,126,0.0079,0.0017,4.697,0.19266006152601692,0.4343529765485201,MAPK8,False
C4_core,GO_BP,GOBP_REGULATION_OF_ESTABLISHMENT_OR_MAINTENANCE_OF_CELL_POLARITY,Regulation of establishment or maintenance of cell polarity,1,25,126,0.0079,0.0017,4.697,0.19266006152601692,0.4343529765485201,RICTOR,False
C4_core,GO_BP,GOBP_NEGATIVE_REGULATION_OF_RNA_SPLICING,Negative regulation of rna splicing,1,25,126,0.0079,0.0017,4.697,0.19266006152601692,0.4343529765485201,TMBIM6,False
C4_core,GO_BP,GOBP_INTEGRIN_ACTIVATION,Integrin activation,1,25,126,0.0079,0.0017,4.697,0.19266006152601692,0.4343529765485201,FERMT2,False
C4_core,GO_BP,GOBP_CELL_COMMUNICATION_BY_ELECTRICAL_COUPLING,Cell communication by electrical coupling,1,25,126,0.0079,0.0017,4.697,0.19266006152601692,0.4343529765485201,CAMK2D,False
C4_core,GO_BP,GOBP_POSITIVE_REGULATION_OF_FOCAL_ADHESION_ASSEMBLY,Positive regulation of focal adhesion assembly,1,25,126,0.0079,0.0017,4.697,0.19266006152601692,0.4343529765485201,FERMT2,False
C4_core,GO_BP,GOBP_REPLACEMENT_OSSIFICATION,Replacement ossification,1,25,126,0.0079,0.0017,4.697,0.19266006152601692,0.4343529765485201,NAB1,False
C4_core,GO_BP,GOBP_REGULATION_OF_CILIUM_MOVEMENT,Regulation of cilium movement,1,25,126,0.0079,0.0017,4.697,0.19266006152601692,0.4343529765485201,CFAP20,False
C4_core,GO_BP,GOBP_NEURAL_TUBE_PATTERNING,Neural tube patterning,1,25,126,0.0079,0.0017,4.697,0.19266006152601692,0.4343529765485201,BMI1,False
C4_core,GO_BP,GOBP_PEPTIDYL_THREONINE_MODIFICATION,Peptidyl threonine modification,2,95,126,0.0159,0.0064,2.472,0.19395540411047818,0.43531246527934675,"CAMK2D, MAPK8",False
C4_core,GO_BP,GOBP_TRIGLYCERIDE_METABOLIC_PROCESS,Triglyceride metabolic process,2,95,126,0.0159,0.0064,2.472,0.19395540411047818,0.43531246527934675,"PCK1, CETP",False
C4_core,GO_BP,GOBP_ORGANIC_CATION_TRANSPORT,Organic cation transport,2,95,126,0.0159,0.0064,2.472,0.19395540411047818,0.43531246527934675,"SLC7A2, SLC19A2",False
C4_core,GO_BP,GOBP_NEGATIVE_REGULATION_OF_PEPTIDASE_ACTIVITY,Negative regulation of peptidase activity,2,95,126,0.0159,0.0064,2.472,0.19395540411047818,0.43531246527934675,"SERPINA4, FETUB",False
C4_core,GO_BP,GOBP_NEGATIVE_REGULATION_OF_PROTEIN_MODIFICATION_PROCESS,Negative regulation of protein modification process,5,361,126,0.0397,0.0244,1.626,0.1947351751409775,0.4358471668986258,"PLPP3, PRKAA1, UFL1, SPAG9, FXYD1",False
C4_core,GO_BP,GOBP_REGULATION_OF_VESICLE_MEDIATED_TRANSPORT,Regulation of vesicle mediated transport,6,457,126,0.0476,0.0309,1.542,0.19484676042670834,0.4358471668986258,"ZFYVE16, SNX4, RNF139, PRKAA1, PICALM, HMGB1",False
C4_core,GO_BP,GOBP_MONONUCLEAR_CELL_DIFFERENTIATION,Mononuclear cell differentiation,6,457,126,0.0476,0.0309,1.542,0.19484676042670834,0.4358471668986258,"BMI1, AZI2, OPA1, PNP, HMGB1, PCK1",False
C4_core,GO_BP,GOBP_NEGATIVE_REGULATION_OF_PROTEOLYSIS,Negative regulation of proteolysis,3,179,126,0.0238,0.0121,1.968,0.19606638366234735,0.4364790335309038,"SERPINA4, EFNA1, FETUB",False
C4_core,GO_BP,GOBP_IMMUNOGLOBULIN_PRODUCTION,Immunoglobulin production,2,96,126,0.0159,0.0065,2.446,0.19704647578509507,0.4364790335309038,"TMBIM6, CTNNBL1",False
C4_core,GO_BP,GOBP_SPHINGOLIPID_BIOSYNTHETIC_PROCESS,Sphingolipid biosynthetic process,2,96,126,0.0159,0.0065,2.446,0.19704647578509507,0.4364790335309038,"SGMS2, PRKAA1",False
C4_core,GO_BP,GOBP_NEGATIVE_REGULATION_OF_MONOATOMIC_ION_TRANSPORT,Negative regulation of monoatomic ion transport,2,96,126,0.0159,0.0065,2.446,0.19704647578509507,0.4364790335309038,"TMBIM6, CAMK2D",False
C4_core,GO_BP,GOBP_ARTERY_DEVELOPMENT,Artery development,2,96,126,0.0159,0.0065,2.446,0.19704647578509507,0.4364790335309038,"HEY2, ADGRF5",False
C4_core,GO_BP,GOBP_CELLULAR_RESPONSE_TO_STEROID_HORMONE_STIMULUS,Cellular response to steroid hormone stimulus,3,180,126,0.0238,0.0122,1.957,0.1982390646355471,0.4364790335309038,"PCK1, UFL1, ABHD2",False
C4_core,GO_BP,GOBP_POSITIVE_REGULATION_OF_PROTEIN_CONTAINING_COMPLEX_ASSEMBLY,Positive regulation of protein containing complex assembly,3,180,126,0.0238,0.0122,1.957,0.1982390646355471,0.4364790335309038,"RICTOR, FERMT2, MAPK8",False
C4_core,GO_BP,GOBP_NEGATIVE_REGULATION_OF_RECEPTOR_MEDIATED_ENDOCYTOSIS,Negative regulation of receptor mediated endocytosis,1,26,126,0.0079,0.0018,4.516,0.19954778799684916,0.4364790335309038,PICALM,False
C4_core,GO_BP,GOBP_RENAL_FILTRATION,Renal filtration,1,26,126,0.0079,0.0018,4.516,0.19954778799684916,0.4364790335309038,ADGRF5,False
C4_core,GO_BP,GOBP_HYPEROSMOTIC_RESPONSE,Hyperosmotic response,1,26,126,0.0079,0.0018,4.516,0.19954778799684916,0.4364790335309038,PCK1,False
C4_core,GO_BP,GOBP_BILE_ACID_AND_BILE_SALT_TRANSPORT,Bile acid and bile salt transport,1,26,126,0.0079,0.0018,4.516,0.19954778799684916,0.4364790335309038,PRKAA1,False
C4_core,GO_BP,GOBP_PHOSPHATIDYLETHANOLAMINE_METABOLIC_PROCESS,Phosphatidylethanolamine metabolic process,1,26,126,0.0079,0.0018,4.516,0.19954778799684916,0.4364790335309038,PNPLA8,False
C4_core,GO_BP,GOBP_POSITIVE_REGULATION_OF_CARTILAGE_DEVELOPMENT,Positive regulation of cartilage development,1,26,126,0.0079,0.0018,4.516,0.19954778799684916,0.4364790335309038,BMP10,False
C4_core,GO_BP,GOBP_NEGATIVE_REGULATION_OF_DNA_BINDING,Negative regulation of dna binding,1,26,126,0.0079,0.0018,4.516,0.19954778799684916,0.4364790335309038,HEY2,False
C4_core,GO_BP,GOBP_POSITIVE_REGULATION_OF_JUN_KINASE_ACTIVITY,Positive regulation of jun kinase activity,1,26,126,0.0079,0.0018,4.516,0.19954778799684916,0.4364790335309038,ERN1,False
C4_core,GO_BP,GOBP_CELLULAR_RESPONSE_TO_DEXAMETHASONE_STIMULUS,Cellular response to dexamethasone stimulus,1,26,126,0.0079,0.0018,4.516,0.19954778799684916,0.4364790335309038,PCK1,False
C4_core,GO_BP,GOBP_DEOXYRIBONUCLEOTIDE_CATABOLIC_PROCESS,Deoxyribonucleotide catabolic process,1,26,126,0.0079,0.0018,4.516,0.19954778799684916,0.4364790335309038,PNP,False
C4_core,GO_BP,GOBP_RESPONSE_TO_IRON_ION,Response to iron ion,1,26,126,0.0079,0.0018,4.516,0.19954778799684916,0.4364790335309038,ACO1,False
C4_core,GO_BP,GOBP_POSTSYNAPTIC_SPECIALIZATION_ASSEMBLY,Postsynaptic specialization assembly,1,26,126,0.0079,0.0018,4.516,0.19954778799684916,0.4364790335309038,PTPRD,False
C4_core,GO_BP,GOBP_POLYSACCHARIDE_CATABOLIC_PROCESS,Polysaccharide catabolic process,1,26,126,0.0079,0.0018,4.516,0.19954778799684916,0.4364790335309038,RB1CC1,False
C4_core,GO_BP,GOBP_CELLULAR_RESPONSE_TO_KETONE,Cellular response to ketone,2,97,126,0.0159,0.0066,2.421,0.20014373265802682,0.4364790335309038,"PRKAA1, PCK1",False
C4_core,GO_BP,GOBP_RESPONSE_TO_INTERLEUKIN_1,Response to interleukin 1,2,97,126,0.0159,0.0066,2.421,0.20014373265802682,0.4364790335309038,"TANK, PCK1",False
C4_core,GO_BP,GOBP_CHLORIDE_TRANSPORT,Chloride transport,2,97,126,0.0159,0.0066,2.421,0.20014373265802682,0.4364790335309038,"CA2, FXYD1",False
C4_core,GO_BP,GOBP_REGULATION_OF_DNA_METABOLIC_PROCESS,Regulation of dna metabolic process,6,462,126,0.0476,0.0312,1.525,0.20141286433787,0.43876882960219343,"DHX36, PPP4R2, KAT2B, CHRAC1, KLHL15, HMGB1",False
C4_core,GO_BP,GOBP_MALE_GAMETE_GENERATION,Male gamete generation,6,463,126,0.0476,0.0313,1.522,0.20273598627342482,0.4411711353471701,"RAI14, DHX36, WDR33, ABHD2, FOXJ3, SLC19A2",False
C4_core,GO_BP,GOBP_REGULATION_OF_OSSIFICATION,Regulation of ossification,2,98,126,0.0159,0.0066,2.396,0.20324684856298472,0.4413234173786284,"NBR1, SGMS2",False
C4_core,GO_BP,GOBP_REGULATION_OF_CIRCADIAN_RHYTHM,Regulation of circadian rhythm,2,98,126,0.0159,0.0066,2.396,0.20324684856298472,0.4413234173786284,"PRKAA1, MAPK8",False
C4_core,GO_BP,GOBP_POST_TRANSCRIPTIONAL_REGULATION_OF_GENE_EXPRESSION,Post transcriptional regulation of gene expression,6,464,126,0.0476,0.0314,1.518,0.20406235271718282,0.44261411716121346,"DHX36, SHMT2, EIF5, RNF139, EIF4B, ACO1",False
C4_core,GO_BP,GOBP_RNA_LOCALIZATION,Rna localization,3,183,126,0.0238,0.0124,1.925,0.20479214577662003,0.4428372824533155,"DHX36, FUBP3, AHCTF1",False
C4_core,GO_BP,GOBP_LYMPHOCYTE_ACTIVATION_INVOLVED_IN_IMMUNE_RESPONSE,Lymphocyte activation involved in immune response,3,183,126,0.0238,0.0124,1.925,0.20479214577662003,0.4428372824533155,"HMGB1, OPA1, PCK1",False
C4_core,GO_BP,GOBP_MYELOID_LEUKOCYTE_MEDIATED_IMMUNITY,Myeloid leukocyte mediated immunity,2,99,126,0.0159,0.0067,2.372,0.20635550235668884,0.4428372824533155,"DHX36, SNX4",False
C4_core,GO_BP,GOBP_NEGATIVE_REGULATION_OF_ERBB_SIGNALING_PATHWAY,Negative regulation of erbb signaling pathway,1,27,126,0.0079,0.0018,4.349,0.20637721504942225,0.4428372824533155,ITGA1,False
C4_core,GO_BP,GOBP_MYELOID_DENDRITIC_CELL_ACTIVATION,Myeloid dendritic cell activation,1,27,126,0.0079,0.0018,4.349,0.20637721504942225,0.4428372824533155,HMGB1,False
C4_core,GO_BP,GOBP_POSITIVE_REGULATION_OF_MRNA_PROCESSING,Positive regulation of mrna processing,1,27,126,0.0079,0.0018,4.349,0.20637721504942225,0.4428372824533155,DHX36,False
C4_core,GO_BP,GOBP_ENDOCARDIAL_CUSHION_FORMATION,Endocardial cushion formation,1,27,126,0.0079,0.0018,4.349,0.20637721504942225,0.4428372824533155,HEY2,False
C4_core,GO_BP,GOBP_REGULATION_OF_TRANSCRIPTION_REGULATORY_REGION_DNA_BINDING,Regulation of transcription regulatory region dna binding,1,27,126,0.0079,0.0018,4.349,0.20637721504942225,0.4428372824533155,HEY2,False
C4_core,GO_BP,GOBP_REGULATION_OF_MACROPHAGE_DERIVED_FOAM_CELL_DIFFERENTIATION,Regulation of macrophage derived foam cell differentiation,1,27,126,0.0079,0.0018,4.349,0.20637721504942225,0.4428372824533155,CETP,False
C4_core,GO_BP,GOBP_POSITIVE_REGULATION_OF_CHROMOSOME_SEGREGATION,Positive regulation of chromosome segregation,1,27,126,0.0079,0.0018,4.349,0.20637721504942225,0.4428372824533155,KAT2B,False
C4_core,GO_BP,GOBP_NEGATIVE_REGULATION_OF_CELL_ACTIVATION,Negative regulation of cell activation,3,184,126,0.0238,0.0124,1.914,0.20698778462136347,0.4436718895203101,"UFL1, HMGB1, ADGRF5",False
C4_core,GO_BP,GOBP_ACTIN_MEDIATED_CELL_CONTRACTION,Actin mediated cell contraction,2,100,126,0.0159,0.0068,2.348,0.20946937785812808,0.4477691103087231,"CAMK2D, PIK3CA",False
C4_core,GO_BP,GOBP_SINGLE_FERTILIZATION,Single fertilization,2,100,126,0.0159,0.0068,2.348,0.20946937785812808,0.4477691103087231,"FETUB, ABHD2",False
C4_core,GO_BP,GOBP_PROTEASOME_MEDIATED_UBIQUITIN_DEPENDENT_PROTEIN_CATABOLIC_PROCESS,Proteasome mediated ubiquitin dependent protein catabolic process,5,371,126,0.0397,0.0251,1.582,0.20970198109669141,0.4477691103087231,"RNF139, UFL1, UBE2D3, PSMD3, KLHL15",False
C4_core,GO_BP,GOBP_FATTY_ACID_CATABOLIC_PROCESS,Fatty acid catabolic process,2,101,126,0.0159,0.0068,2.325,0.2125881637884791,0.4477691103087231,"PCK1, ABHD2",False
C4_core,GO_BP,GOBP_NEGATIVE_REGULATION_OF_TRANSMEMBRANE_TRANSPORT,Negative regulation of transmembrane transport,2,101,126,0.0159,0.0068,2.325,0.2125881637884791,0.4477691103087231,"TMBIM6, CAMK2D",False
C4_core,GO_BP,GOBP_PROTEIN_MODIFICATION_BY_SMALL_PROTEIN_REMOVAL,Protein modification by small protein removal,2,101,126,0.0159,0.0068,2.325,0.2125881637884791,0.4477691103087231,"SHMT2, TANK",False
C4_core,GO_BP,GOBP_FOLIC_ACID_CONTAINING_COMPOUND_METABOLIC_PROCESS,Folic acid containing compound metabolic process,1,28,126,0.0079,0.0019,4.193,0.21314883222987666,0.4477691103087231,SHMT2,False
C4_core,GO_BP,GOBP_PHOSPHATIDYLGLYCEROL_METABOLIC_PROCESS,Phosphatidylglycerol metabolic process,1,28,126,0.0079,0.0019,4.193,0.21314883222987666,0.4477691103087231,PNPLA8,False
C4_core,GO_BP,GOBP_POSITIVE_REGULATION_OF_SODIUM_ION_TRANSPORT,Positive regulation of sodium ion transport,1,28,126,0.0079,0.0019,4.193,0.21314883222987666,0.4477691103087231,FXYD1,False
C4_core,GO_BP,GOBP_NEGATIVE_REGULATION_OF_MUSCLE_HYPERTROPHY,Negative regulation of muscle hypertrophy,1,28,126,0.0079,0.0019,4.193,0.21314883222987666,0.4477691103087231,BMP10,False
C4_core,GO_BP,GOBP_PROTEIN_K63_LINKED_DEUBIQUITINATION,Protein k63 linked deubiquitination,1,28,126,0.0079,0.0019,4.193,0.21314883222987666,0.4477691103087231,SHMT2,False
C4_core,GO_BP,GOBP_PROTEIN_INSERTION_INTO_ER_MEMBRANE,Protein insertion into er membrane,1,28,126,0.0079,0.0019,4.193,0.21314883222987666,0.4477691103087231,EMC2,False
C4_core,GO_BP,GOBP_NEGATIVE_REGULATION_OF_PROTEIN_LOCALIZATION_TO_CELL_PERIPHERY,Negative regulation of protein localization to cell periphery,1,28,126,0.0079,0.0019,4.193,0.21314883222987666,0.4477691103087231,PICALM,False
C4_core,GO_BP,GOBP_NEGATIVE_REGULATION_OF_T_CELL_MEDIATED_IMMUNITY,Negative regulation of t cell mediated immunity,1,28,126,0.0079,0.0019,4.193,0.21314883222987666,0.4477691103087231,UFL1,False
C4_core,GO_BP,GOBP_STEM_CELL_DIVISION,Stem cell division,1,28,126,0.0079,0.0019,4.193,0.21314883222987666,0.4477691103087231,BMI1,False
C4_core,GO_BP,GOBP_TRICARBOXYLIC_ACID_CYCLE,Tricarboxylic acid cycle,1,28,126,0.0079,0.0019,4.193,0.21314883222987666,0.4477691103087231,ACO1,False
C4_core,GO_BP,GOBP_PLACENTA_BLOOD_VESSEL_DEVELOPMENT,Placenta blood vessel development,1,28,126,0.0079,0.0019,4.193,0.21314883222987666,0.4477691103087231,HEY2,False
C4_core,GO_BP,GOBP_DENDRITIC_CELL_MIGRATION,Dendritic cell migration,1,28,126,0.0079,0.0019,4.193,0.21314883222987666,0.4477691103087231,HMGB1,False
C4_core,GO_BP,GOBP_MISMATCH_REPAIR,Mismatch repair,1,28,126,0.0079,0.0019,4.193,0.21314883222987666,0.4477691103087231,HMGB1,False
C4_core,GO_BP,GOBP_NEGATIVE_REGULATION_OF_PROTEIN_LOCALIZATION,Negative regulation of protein localization,3,187,126,0.0238,0.0126,1.884,0.21360686573900178,0.4482609488568989,"PICALM, NDFIP2, GDI2",False
C4_core,GO_BP,GOBP_REGULATION_OF_SMALL_MOLECULE_METABOLIC_PROCESS,Regulation of small molecule metabolic process,4,279,126,0.0317,0.0189,1.683,0.2145008980478091,0.4496657569546742,"ERLIN2, GPT, PRKAA1, KAT2B",False
C4_core,GO_BP,GOBP_REGULATION_OF_CYTOPLASMIC_PATTERN_RECOGNITION_RECEPTOR_SIGNALING_PATHWAY,Regulation of cytoplasmic pattern recognition receptor signaling pathway,2,102,126,0.0159,0.0069,2.302,0.21571155371167242,0.45145228334659876,"HMGB1, MAPK8",False
C4_core,GO_BP,GOBP_TRANSFORMING_GROWTH_FACTOR_BETA_RECEPTOR_SIGNALING_PATHWAY,Transforming growth factor beta receptor signaling pathway,3,188,126,0.0238,0.0127,1.874,0.21582355307861123,0.45145228334659876,"TGFBR3, FERMT2, LEMD3",False
C4_core,GO_BP,GOBP_REGULATION_OF_ADAPTIVE_IMMUNE_RESPONSE,Regulation of adaptive immune response,3,189,126,0.0238,0.0128,1.864,0.21804520788354342,0.45145228334659876,"UFL1, HMGB1, OPA1",False
C4_core,GO_BP,GOBP_CELLULAR_KETONE_METABOLIC_PROCESS,Cellular ketone metabolic process,3,189,126,0.0238,0.0128,1.864,0.21804520788354342,0.45145228334659876,"ERLIN2, DHRS4, KAT2B",False
C4_core,GO_BP,GOBP_REGULATION_OF_SYNAPSE_ASSEMBLY,Regulation of synapse assembly,2,103,126,0.0159,0.007,2.28,0.21883924597560386,0.45145228334659876,"PDLIM5, PTPRD",False
C4_core,GO_BP,GOBP_DIOL_METABOLIC_PROCESS,Diol metabolic process,1,29,126,0.0079,0.002,4.049,0.21986312500646044,0.45145228334659876,PLPP3,False
C4_core,GO_BP,GOBP_CD4_POSITIVE_OR_CD8_POSITIVE_ALPHA_BETA_T_CELL_LINEAGE_COMMITMENT,Cd4 positive or cd8 positive alpha beta t cell lineage commitment,1,29,126,0.0079,0.002,4.049,0.21986312500646044,0.45145228334659876,OPA1,False
C4_core,GO_BP,GOBP_PROTEIN_TARGETING_TO_LYSOSOME,Protein targeting to lysosome,1,29,126,0.0079,0.002,4.049,0.21986312500646044,0.45145228334659876,ZFYVE16,False
C4_core,GO_BP,GOBP_GLYCOSYL_COMPOUND_CATABOLIC_PROCESS,Glycosyl compound catabolic process,1,29,126,0.0079,0.002,4.049,0.21986312500646044,0.45145228334659876,PNP,False
C4_core,GO_BP,GOBP_EPIGENETIC_PROGRAMMING_OF_GENE_EXPRESSION,Epigenetic programming of gene expression,1,29,126,0.0079,0.002,4.049,0.21986312500646044,0.45145228334659876,PIK3CA,False
C4_core,GO_BP,GOBP_RESPONSE_TO_ARSENIC_CONTAINING_SUBSTANCE,Response to arsenic containing substance,1,29,126,0.0079,0.002,4.049,0.21986312500646044,0.45145228334659876,DHX36,False
C4_core,GO_BP,GOBP_POSITIVE_REGULATION_OF_CELLULAR_RESPONSE_TO_TRANSFORMING_GROWTH_FACTOR_BETA_STIMULUS,Positive regulation of cellular response to transforming growth factor beta stimulus,1,29,126,0.0079,0.002,4.049,0.21986312500646044,0.45145228334659876,TGFBR3,False
C4_core,GO_BP,GOBP_REGULATION_OF_AEROBIC_RESPIRATION,Regulation of aerobic respiration,1,29,126,0.0079,0.002,4.049,0.21986312500646044,0.45145228334659876,SHMT2,False
C4_core,GO_BP,GOBP_GLYCOSPHINGOLIPID_BIOSYNTHETIC_PROCESS,Glycosphingolipid biosynthetic process,1,29,126,0.0079,0.002,4.049,0.21986312500646044,0.45145228334659876,PRKAA1,False
C4_core,GO_BP,GOBP_POSITIVE_REGULATION_OF_DNA_BINDING,Positive regulation of dna binding,1,29,126,0.0079,0.002,4.049,0.21986312500646044,0.45145228334659876,HMGB1,False
C4_core,GO_BP,GOBP_ACROSOME_REACTION,Acrosome reaction,1,29,126,0.0079,0.002,4.049,0.21986312500646044,0.45145228334659876,ABHD2,False
C4_core,GO_BP,GOBP_VESICLE_CARGO_LOADING,Vesicle cargo loading,1,29,126,0.0079,0.002,4.049,0.21986312500646044,0.45145228334659876,PICALM,False
C4_core,GO_BP,GOBP_NEGATIVE_REGULATION_OF_CD4_POSITIVE_ALPHA_BETA_T_CELL_ACTIVATION,Negative regulation of cd4 positive alpha beta t cell activation,1,29,126,0.0079,0.002,4.049,0.21986312500646044,0.45145228334659876,HMGB1,False
C4_core,GO_BP,GOBP_SPERM_EGG_RECOGNITION,Sperm egg recognition,1,29,126,0.0079,0.002,4.049,0.21986312500646044,0.45145228334659876,FETUB,False
C4_core,GO_BP,GOBP_POSITIVE_REGULATION_OF_GLUCOSE_IMPORT,Positive regulation of glucose import,1,29,126,0.0079,0.002,4.049,0.21986312500646044,0.45145228334659876,MEF2A,False
C4_core,GO_BP,GOBP_REGULATION_OF_MUSCLE_SYSTEM_PROCESS,Regulation of muscle system process,3,190,126,0.0238,0.0128,1.854,0.22027171331929518,0.4516256118866396,"MEF2A, BMP10, CAMK2D",False
C4_core,GO_BP,GOBP_POSITIVE_REGULATION_OF_HYDROLASE_ACTIVITY,Positive regulation of hydrolase activity,5,378,126,0.0397,0.0256,1.553,0.22039871269392952,0.4516256118866396,"FERMT2, ITGA1, EFNA1, TANK, HMGB1",False
C4_core,GO_BP,GOBP_REGULATION_OF_TRANSMEMBRANE_TRANSPORT,Regulation of transmembrane transport,5,379,126,0.0397,0.0256,1.549,0.22194072564048134,0.45391810949466516,"MEF2A, CA2, TMBIM6, CAMK2D, FXYD1",False
C4_core,GO_BP,GOBP_ERAD_PATHWAY,Erad pathway,2,104,126,0.0159,0.007,2.258,0.2219709436539846,0.45391810949466516,"ERLIN2, RNF139",False
C4_core,GO_BP,GOBP_ACTOMYOSIN_STRUCTURE_ORGANIZATION,Actomyosin structure organization,3,191,126,0.0238,0.0129,1.844,0.22250295308123463,0.45407840170094976,"MEF2A, BMP10, FERMT2",False
C4_core,GO_BP,GOBP_T_CELL_PROLIFERATION,T cell proliferation,3,191,126,0.0238,0.0129,1.844,0.22250295308123463,0.45407840170094976,"PNP, HMGB1, BMI1",False
C4_core,GO_BP,GOBP_LYMPHOCYTE_DIFFERENTIATION,Lymphocyte differentiation,5,380,126,0.0397,0.0257,1.545,0.22348610494980958,0.45408088348009423,"BMI1, OPA1, PNP, HMGB1, PCK1",False
C4_core,GO_BP,GOBP_POSITIVE_REGULATION_OF_ESTABLISHMENT_OF_PROTEIN_LOCALIZATION,Positive regulation of establishment of protein localization,4,285,126,0.0317,0.0193,1.648,0.22528575210693097,0.45408088348009423,"CEP120, SYBU, PRKAA1, UBE2D3",False
C4_core,GO_BP,GOBP_POSITIVE_REGULATION_OF_CELL_SUBSTRATE_JUNCTION_ORGANIZATION,Positive regulation of cell substrate junction organization,1,30,126,0.0079,0.002,3.914,0.22652057480322196,0.45408088348009423,FERMT2,False
C4_core,GO_BP,GOBP_INTERMEMBRANE_LIPID_TRANSFER,Intermembrane lipid transfer,1,30,126,0.0079,0.002,3.914,0.22652057480322196,0.45408088348009423,CERT1,False
C4_core,GO_BP,GOBP_RELEASE_OF_SEQUESTERED_CALCIUM_ION_INTO_CYTOSOL_BY_ENDOPLASMIC_RETICULUM,Release of sequestered calcium ion into cytosol by endoplasmic reticulum,1,30,126,0.0079,0.002,3.914,0.22652057480322196,0.45408088348009423,CAMK2D,False
C4_core,GO_BP,GOBP_GLUTAMATE_METABOLIC_PROCESS,Glutamate metabolic process,1,30,126,0.0079,0.002,3.914,0.22652057480322196,0.45408088348009423,AMDHD1,False
C4_core,GO_BP,GOBP_NEGATIVE_REGULATION_OF_EPITHELIAL_TO_MESENCHYMAL_TRANSITION,Negative regulation of epithelial to mesenchymal transition,1,30,126,0.0079,0.002,3.914,0.22652057480322196,0.45408088348009423,EFNA1,False
C4_core,GO_BP,GOBP_NEGATIVE_REGULATION_OF_LYMPHOCYTE_APOPTOTIC_PROCESS,Negative regulation of lymphocyte apoptotic process,1,30,126,0.0079,0.002,3.914,0.22652057480322196,0.45408088348009423,EFNA1,False
C4_core,GO_BP,GOBP_REGULATION_OF_T_HELPER_17_TYPE_IMMUNE_RESPONSE,Regulation of t helper 17 type immune response,1,30,126,0.0079,0.002,3.914,0.22652057480322196,0.45408088348009423,OPA1,False
C4_core,GO_BP,GOBP_REGULATION_OF_TRANSCRIPTION_BY_RNA_POLYMERASE_III,Regulation of transcription by rna polymerase iii,1,30,126,0.0079,0.002,3.914,0.22652057480322196,0.45408088348009423,DHX36,False
C4_core,GO_BP,GOBP_AORTA_MORPHOGENESIS,Aorta morphogenesis,1,30,126,0.0079,0.002,3.914,0.22652057480322196,0.45408088348009423,HEY2,False
C4_core,GO_BP,GOBP_MITOCHONDRIAL_FUSION,Mitochondrial fusion,1,30,126,0.0079,0.002,3.914,0.22652057480322196,0.45408088348009423,OPA1,False
C4_core,GO_BP,GOBP_DENDRITE_EXTENSION,Dendrite extension,1,30,126,0.0079,0.002,3.914,0.22652057480322196,0.45408088348009423,SPAG9,False
C4_core,GO_BP,GOBP_CELLULAR_RESPONSE_TO_ANGIOTENSIN,Cellular response to angiotensin,1,30,126,0.0079,0.002,3.914,0.22652057480322196,0.45408088348009423,CA2,False
C4_core,GO_BP,GOBP_REGULATION_OF_INTRACELLULAR_ESTROGEN_RECEPTOR_SIGNALING_PATHWAY,Regulation of intracellular estrogen receptor signaling pathway,1,30,126,0.0079,0.002,3.914,0.22652057480322196,0.45408088348009423,UFL1,False
C4_core,GO_BP,GOBP_EXCITATORY_SYNAPSE_ASSEMBLY,Excitatory synapse assembly,1,30,126,0.0079,0.002,3.914,0.22652057480322196,0.45408088348009423,PTPRD,False
C4_core,GO_BP,GOBP_REGULATION_OF_SYNAPTIC_TRANSMISSION_GABAERGIC,Regulation of synaptic transmission gabaergic,1,30,126,0.0079,0.002,3.914,0.22652057480322196,0.45408088348009423,CA2,False
C4_core,GO_BP,GOBP_ORGANIC_ANION_TRANSPORT,Organic anion transport,5,382,126,0.0397,0.0258,1.537,0.22658681448382323,0.45408088348009423,"CERT1, PRKAA1, SLC7A2, PNPLA8, SLC19A2",False
C4_core,GO_BP,GOBP_PROTEIN_TARGETING,Protein targeting,4,287,126,0.0317,0.0194,1.636,0.2289122961347975,0.45755839351463484,"ZFYVE16, PRKAA1, GRPEL1, UBE2D3",False
C4_core,GO_BP,GOBP_REGULATION_OF_CELL_JUNCTION_ASSEMBLY,Regulation of cell junction assembly,3,194,126,0.0238,0.0131,1.816,0.22922392340092834,0.45755839351463484,"PDLIM5, FERMT2, PTPRD",False
C4_core,GO_BP,GOBP_CELLULAR_COMPONENT_ASSEMBLY_INVOLVED_IN_MORPHOGENESIS,Cellular component assembly involved in morphogenesis,2,107,126,0.0159,0.0072,2.195,0.23138716959657316,0.45755839351463484,"MEF2A, BMP10",False
C4_core,GO_BP,GOBP_NEGATIVE_REGULATION_OF_CELLULAR_CATABOLIC_PROCESS,Negative regulation of cellular catabolic process,2,107,126,0.0159,0.0072,2.195,0.23138716959657316,0.45755839351463484,"PIK3CA, HP",False
C4_core,GO_BP,GOBP_BONE_MINERALIZATION,Bone mineralization,2,107,126,0.0159,0.0072,2.195,0.23138716959657316,0.45755839351463484,"NBR1, SGMS2",False
C4_core,GO_BP,GOBP_OSTEOBLAST_DIFFERENTIATION,Osteoblast differentiation,3,195,126,0.0238,0.0132,1.806,0.23147294830805185,0.45755839351463484,"UFL1, FERMT2, NBR1",False
C4_core,GO_BP,GOBP_PROTEASOMAL_PROTEIN_CATABOLIC_PROCESS,Proteasomal protein catabolic process,6,485,126,0.0476,0.0328,1.453,0.2326221900358544,0.45755839351463484,"RNF139, UFL1, UBE2D3, ERLIN2, PSMD3, KLHL15",False
C4_core,GO_BP,GOBP_CELLULAR_METABOLIC_COMPOUND_SALVAGE,Cellular metabolic compound salvage,1,31,126,0.0079,0.0021,3.788,0.23312165903343032,0.45755839351463484,PNP,False
C4_core,GO_BP,GOBP_NEGATIVE_REGULATION_OF_NOTCH_SIGNALING_PATHWAY,Negative regulation of notch signaling pathway,1,31,126,0.0079,0.0021,3.788,0.23312165903343032,0.45755839351463484,HEY2,False
C4_core,GO_BP,GOBP_SARCOPLASMIC_RETICULUM_CALCIUM_ION_TRANSPORT,Sarcoplasmic reticulum calcium ion transport,1,31,126,0.0079,0.0021,3.788,0.23312165903343032,0.45755839351463484,CAMK2D,False
C4_core,GO_BP,GOBP_VESICLE_TARGETING_TO_FROM_OR_WITHIN_GOLGI,Vesicle targeting to from or within golgi,1,31,126,0.0079,0.0021,3.788,0.23312165903343032,0.45755839351463484,AP1AR,False
C4_core,GO_BP,GOBP_RESCUE_OF_STALLED_RIBOSOME,Rescue of stalled ribosome,1,31,126,0.0079,0.0021,3.788,0.23312165903343032,0.45755839351463484,UFL1,False
C4_core,GO_BP,GOBP_REGULATION_OF_PHOSPHOLIPID_METABOLIC_PROCESS,Regulation of phospholipid metabolic process,1,31,126,0.0079,0.0021,3.788,0.23312165903343032,0.45755839351463484,ADGRF5,False
C4_core,GO_BP,GOBP_NUCLEUS_LOCALIZATION,Nucleus localization,1,31,126,0.0079,0.0021,3.788,0.23312165903343032,0.45755839351463484,CEP120,False
C4_core,GO_BP,GOBP_SYNAPSE_MATURATION,Synapse maturation,1,31,126,0.0079,0.0021,3.788,0.23312165903343032,0.45755839351463484,SYBU,False
C4_core,GO_BP,GOBP_POSITIVE_REGULATION_OF_BLOOD_CIRCULATION,Positive regulation of blood circulation,1,31,126,0.0079,0.0021,3.788,0.23312165903343032,0.45755839351463484,HEY2,False
C4_core,GO_BP,GOBP_GLYCEROPHOSPHOLIPID_CATABOLIC_PROCESS,Glycerophospholipid catabolic process,1,31,126,0.0079,0.0021,3.788,0.23312165903343032,0.45755839351463484,PNPLA8,False
C4_core,GO_BP,GOBP_RESPONSE_TO_ATP,Response to atp,1,31,126,0.0079,0.0021,3.788,0.23312165903343032,0.45755839351463484,NT5E,False
C4_core,GO_BP,GOBP_SULFUR_AMINO_ACID_METABOLIC_PROCESS,Sulfur amino acid metabolic process,1,31,126,0.0079,0.0021,3.788,0.23312165903343032,0.45755839351463484,CTH,False
C4_core,GO_BP,GOBP_CELLULAR_RESPONSE_TO_CADMIUM_ION,Cellular response to cadmium ion,1,31,126,0.0079,0.0021,3.788,0.23312165903343032,0.45755839351463484,MAPK8,False
C4_core,GO_BP,GOBP_POSITIVE_REGULATION_OF_FATTY_ACID_METABOLIC_PROCESS,Positive regulation of fatty acid metabolic process,1,31,126,0.0079,0.0021,3.788,0.23312165903343032,0.45755839351463484,KAT2B,False
C4_core,GO_BP,GOBP_POSITIVE_REGULATION_OF_CANONICAL_NF_KAPPAB_SIGNAL_TRANSDUCTION,Positive regulation of canonical nf kappab signal transduction,3,196,126,0.0238,0.0132,1.797,0.23372613425212632,0.45829551495862575,"DHX36, CTH, NDFIP2",False
C4_core,GO_BP,GOBP_CARBOHYDRATE_METABOLIC_PROCESS,Carbohydrate metabolic process,6,486,126,0.0476,0.0329,1.45,0.23401371117487402,0.45841042052064357,"PIK3CA, PRKAA1, KAT2B, RB1CC1, GPT, PCK1",False
C4_core,GO_BP,GOBP_REGULATION_OF_LEUKOCYTE_DIFFERENTIATION,Regulation of leukocyte differentiation,4,290,126,0.0317,0.0196,1.619,0.23438007187682927,0.4585284066370584,"PNP, HMGB1, OPA1, PCK1",False
C4_core,GO_BP,GOBP_CELLULAR_RESPONSE_TO_TOXIC_SUBSTANCE,Cellular response to toxic substance,2,108,126,0.0159,0.0073,2.174,0.2345320121859879,0.4585284066370584,"HP, CP",False
C4_core,GO_BP,GOBP_PRODUCTION_OF_MOLECULAR_MEDIATOR_OF_IMMUNE_RESPONSE,Production of molecular mediator of immune response,3,197,126,0.0238,0.0133,1.788,0.2359833682758288,0.4609158080860578,"DHX36, TMBIM6, CTNNBL1",False
C4_core,GO_BP,GOBP_POSITIVE_REGULATION_OF_HORMONE_SECRETION,Positive regulation of hormone secretion,2,109,126,0.0159,0.0074,2.154,0.2376794444541166,0.46332448665739184,"SYBU, SNX4",False
C4_core,GO_BP,GOBP_NEGATIVE_REGULATION_OF_IMMUNE_EFFECTOR_PROCESS,Negative regulation of immune effector process,2,109,126,0.0159,0.0074,2.154,0.2376794444541166,0.46332448665739184,"TMBIM6, UFL1",False
C4_core,GO_BP,GOBP_LIPID_DROPLET_ORGANIZATION,Lipid droplet organization,1,32,126,0.0079,0.0022,3.669,0.23966685113271807,0.4649351123718039,PRKAA1,False
C4_core,GO_BP,GOBP_POSITIVE_REGULATION_OF_MYELOID_LEUKOCYTE_CYTOKINE_PRODUCTION_INVOLVED_IN_IMMUNE_RESPONSE,Positive regulation of myeloid leukocyte cytokine production involved in immune response,1,32,126,0.0079,0.0022,3.669,0.23966685113271807,0.4649351123718039,DHX36,False
C4_core,GO_BP,GOBP_RESPONSE_TO_INTERLEUKIN_6,Response to interleukin 6,1,32,126,0.0079,0.0022,3.669,0.23966685113271807,0.4649351123718039,PCK1,False
C4_core,GO_BP,GOBP_NEGATIVE_REGULATION_OF_BLOOD_VESSEL_ENDOTHELIAL_CELL_MIGRATION,Negative regulation of blood vessel endothelial cell migration,1,32,126,0.0079,0.0022,3.669,0.23966685113271807,0.4649351123718039,HMGB1,False
C4_core,GO_BP,GOBP_ALCOHOL_CATABOLIC_PROCESS,Alcohol catabolic process,1,32,126,0.0079,0.0022,3.669,0.23966685113271807,0.4649351123718039,SULT1A2,False
C4_core,GO_BP,GOBP_REGULATION_OF_CELL_SUBSTRATE_ADHESION,Regulation of cell substrate adhesion,3,199,126,0.0238,0.0135,1.77,0.24050953165780803,0.46611818236101804,"AP1AR, FERMT2, NID1",False
C4_core,GO_BP,GOBP_TRANSLATIONAL_INITIATION,Translational initiation,2,110,126,0.0159,0.0074,2.135,0.24082919664325425,0.46628631690502415,"EIF4B, EIF5",False
C4_core,GO_BP,GOBP_LEUKOCYTE_PROLIFERATION,Leukocyte proliferation,4,294,126,0.0317,0.0199,1.597,0.2417201081370167,0.46667192653891787,"PNP, HMGB1, BMI1, AZI2",False
C4_core,GO_BP,GOBP_VESICLE_LOCALIZATION,Vesicle localization,3,200,126,0.0238,0.0135,1.761,0.2427782380464253,0.46667192653891787,"PICALM, AP1AR, SYBU",False
C4_core,GO_BP,GOBP_OXIDATIVE_PHOSPHORYLATION,Oxidative phosphorylation,2,111,126,0.0159,0.0075,2.116,0.24398100333175612,0.46667192653891787,"NDUFA5, SHMT2",False
C4_core,GO_BP,GOBP_ESTABLISHMENT_OF_EPITHELIAL_CELL_POLARITY,Establishment of epithelial cell polarity,1,33,126,0.0079,0.0022,3.558,0.2461566205919567,0.46667192653891787,FRMD4B,False
C4_core,GO_BP,GOBP_REGULATION_OF_INFLAMMASOME_MEDIATED_SIGNALING_PATHWAY,Regulation of inflammasome mediated signaling pathway,1,33,126,0.0079,0.0022,3.558,0.2461566205919567,0.46667192653891787,MAPK8,False
C4_core,GO_BP,GOBP_REGULATION_OF_RESPONSE_TO_OXIDATIVE_STRESS,Regulation of response to oxidative stress,1,33,126,0.0079,0.0022,3.558,0.2461566205919567,0.46667192653891787,PNPLA8,False
C4_core,GO_BP,GOBP_HEMATOPOIETIC_STEM_CELL_DIFFERENTIATION,Hematopoietic stem cell differentiation,1,33,126,0.0079,0.0022,3.558,0.2461566205919567,0.46667192653891787,UFL1,False
C4_core,GO_BP,GOBP_REGULATION_OF_MUSCLE_TISSUE_DEVELOPMENT,Regulation of muscle tissue development,1,33,126,0.0079,0.0022,3.558,0.2461566205919567,0.46667192653891787,PRKAA1,False
C4_core,GO_BP,GOBP_PROTEIN_K11_LINKED_UBIQUITINATION,Protein k11 linked ubiquitination,1,33,126,0.0079,0.0022,3.558,0.2461566205919567,0.46667192653891787,UBE2D3,False
C4_core,GO_BP,GOBP_NEGATIVE_REGULATION_OF_MACROAUTOPHAGY,Negative regulation of macroautophagy,1,33,126,0.0079,0.0022,3.558,0.2461566205919567,0.46667192653891787,PIK3CA,False
C4_core,GO_BP,GOBP_POSTREPLICATION_REPAIR,Postreplication repair,1,33,126,0.0079,0.0022,3.558,0.2461566205919567,0.46667192653891787,WDR33,False
C4_core,GO_BP,GOBP_NEGATIVE_REGULATION_OF_FATTY_ACID_METABOLIC_PROCESS,Negative regulation of fatty acid metabolic process,1,33,126,0.0079,0.0022,3.558,0.2461566205919567,0.46667192653891787,ERLIN2,False
C4_core,GO_BP,GOBP_POSITIVE_REGULATION_OF_STEROL_TRANSPORT,Positive regulation of sterol transport,1,33,126,0.0079,0.0022,3.558,0.2461566205919567,0.46667192653891787,CETP,False
C4_core,GO_BP,GOBP_NEGATIVE_REGULATION_OF_PROTEIN_LOCALIZATION_TO_MEMBRANE,Negative regulation of protein localization to membrane,1,33,126,0.0079,0.0022,3.558,0.2461566205919567,0.46667192653891787,PICALM,False
C4_core,GO_BP,GOBP_ICOSANOID_SECRETION,Icosanoid secretion,1,33,126,0.0079,0.0022,3.558,0.2461566205919567,0.46667192653891787,PNPLA8,False
C4_core,GO_BP,GOBP_REGULATION_OF_UBIQUITIN_PROTEIN_TRANSFERASE_ACTIVITY,Regulation of ubiquitin protein transferase activity,1,33,126,0.0079,0.0022,3.558,0.2461566205919567,0.46667192653891787,BMI1,False
C4_core,GO_BP,GOBP_STRESS_GRANULE_ASSEMBLY,Stress granule assembly,1,33,126,0.0079,0.0022,3.558,0.2461566205919567,0.46667192653891787,PRKAA1,False
C4_core,GO_BP,GOBP_POSITIVE_REGULATION_OF_LAMELLIPODIUM_ORGANIZATION,Positive regulation of lamellipodium organization,1,33,126,0.0079,0.0022,3.558,0.2461566205919567,0.46667192653891787,PIK3CA,False
C4_core,GO_BP,GOBP_AMYLOID_BETA_CLEARANCE,Amyloid beta clearance,1,33,126,0.0079,0.0022,3.558,0.2461566205919567,0.46667192653891787,PICALM,False
C4_core,GO_BP,GOBP_T_HELPER_17_CELL_DIFFERENTIATION,T helper 17 cell differentiation,1,33,126,0.0079,0.0022,3.558,0.2461566205919567,0.46667192653891787,OPA1,False
C4_core,GO_BP,GOBP_REGULATION_OF_ACTIN_NUCLEATION,Regulation of actin nucleation,1,33,126,0.0079,0.0022,3.558,0.2461566205919567,0.46667192653891787,AP1AR,False
C4_core,GO_BP,GOBP_AMINE_BIOSYNTHETIC_PROCESS,Amine biosynthetic process,1,33,126,0.0079,0.0022,3.558,0.2461566205919567,0.46667192653891787,SULT1A2,False
C4_core,GO_BP,GOBP_CD4_POSITIVE_ALPHA_BETA_T_CELL_ACTIVATION,Cd4 positive alpha beta t cell activation,2,112,126,0.0159,0.0076,2.097,0.24713460338076024,0.467120138974514,"HMGB1, OPA1",False
C4_core,GO_BP,GOBP_REGULATION_OF_OSTEOBLAST_DIFFERENTIATION,Regulation of osteoblast differentiation,2,112,126,0.0159,0.0076,2.097,0.24713460338076024,0.467120138974514,"NBR1, FERMT2",False
C4_core,GO_BP,GOBP_HOMEOSTASIS_OF_NUMBER_OF_CELLS,Homeostasis of number of cells,4,297,126,0.0317,0.0201,1.581,0.24726029291378349,0.467120138974514,"UFL1, HMGB1, ADGRF5, TGFBR3",False
C4_core,GO_BP,GOBP_FAT_CELL_DIFFERENTIATION,Fat cell differentiation,3,202,126,0.0238,0.0137,1.744,0.2473263473091832,0.467120138974514,"SYAP1, FERMT2, ADGRF5",False
C4_core,GO_BP,GOBP_ORGANIC_ACID_TRANSPORT,Organic acid transport,4,298,126,0.0317,0.0201,1.576,0.24911340014862926,0.469533935789874,"SLC7A2, PNPLA8, PRKAA1, SLC19A2",False
C4_core,GO_BP,GOBP_REGULATION_OF_NEURON_PROJECTION_DEVELOPMENT,Regulation of neuron projection development,5,397,126,0.0397,0.0268,1.479,0.25023659404593235,0.469533935789874,"DHX36, PDLIM5, KAT2B, EFNA1, PTPRD",False
C4_core,GO_BP,GOBP_REGULATION_OF_FAT_CELL_DIFFERENTIATION,Regulation of fat cell differentiation,2,113,126,0.0159,0.0076,2.078,0.25028973988148256,0.469533935789874,"SYAP1, FERMT2",False
C4_core,GO_BP,GOBP_CELL_MORPHOGENESIS_INVOLVED_IN_NEURON_DIFFERENTIATION,Cell morphogenesis involved in neuron differentiation,6,498,126,0.0476,0.0337,1.415,0.2509131351923365,0.469533935789874,"MEF2A, DHX36, PDLIM5, EFNA1, PICALM, PTPRD",False
C4_core,GO_BP,GOBP_FOAM_CELL_DIFFERENTIATION,Foam cell differentiation,1,34,126,0.0079,0.0023,3.453,0.2525914329898573,0.469533935789874,CETP,False
C4_core,GO_BP,GOBP_POSITIVE_REGULATION_OF_STRIATED_MUSCLE_CELL_DIFFERENTIATION,Positive regulation of striated muscle cell differentiation,1,34,126,0.0079,0.0023,3.453,0.2525914329898573,0.469533935789874,BMP10,False
C4_core,GO_BP,GOBP_POSITIVE_REGULATION_OF_VASCULAR_ASSOCIATED_SMOOTH_MUSCLE_CELL_PROLIFERATION,Positive regulation of vascular associated smooth muscle cell proliferation,1,34,126,0.0079,0.0023,3.453,0.2525914329898573,0.469533935789874,ERN1,False
C4_core,GO_BP,GOBP_PTERIDINE_CONTAINING_COMPOUND_METABOLIC_PROCESS,Pteridine containing compound metabolic process,1,34,126,0.0079,0.0023,3.453,0.2525914329898573,0.469533935789874,SHMT2,False
C4_core,GO_BP,GOBP_NEGATIVE_REGULATION_OF_CALCIUM_ION_TRANSMEMBRANE_TRANSPORT,Negative regulation of calcium ion transmembrane transport,1,34,126,0.0079,0.0023,3.453,0.2525914329898573,0.469533935789874,TMBIM6,False
C4_core,GO_BP,GOBP_PROTEIN_CONTAINING_COMPLEX_REMODELING,Protein containing complex remodeling,1,34,126,0.0079,0.0023,3.453,0.2525914329898573,0.469533935789874,CETP,False
C4_core,GO_BP,GOBP_REGULATION_OF_CYTOPLASMIC_TRANSLATION,Regulation of cytoplasmic translation,1,34,126,0.0079,0.0023,3.453,0.2525914329898573,0.469533935789874,DHX36,False
C4_core,GO_BP,GOBP_POSITIVE_REGULATION_OF_GLUCOSE_TRANSMEMBRANE_TRANSPORT,Positive regulation of glucose transmembrane transport,1,34,126,0.0079,0.0023,3.453,0.2525914329898573,0.469533935789874,MEF2A,False
C4_core,GO_BP,GOBP_NEUTRAL_LIPID_CATABOLIC_PROCESS,Neutral lipid catabolic process,1,34,126,0.0079,0.0023,3.453,0.2525914329898573,0.469533935789874,ABHD2,False
C4_core,GO_BP,GOBP_POSITIVE_REGULATION_OF_INTERLEUKIN_2_PRODUCTION,Positive regulation of interleukin 2 production,1,34,126,0.0079,0.0023,3.453,0.2525914329898573,0.469533935789874,PNP,False
C4_core,GO_BP,GOBP_T_CELL_LINEAGE_COMMITMENT,T cell lineage commitment,1,34,126,0.0079,0.0023,3.453,0.2525914329898573,0.469533935789874,OPA1,False
C4_core,GO_BP,GOBP_CELL_REDOX_HOMEOSTASIS,Cell redox homeostasis,1,34,126,0.0079,0.0023,3.453,0.2525914329898573,0.469533935789874,CHD6,False
C4_core,GO_BP,GOBP_INTERLEUKIN_17_PRODUCTION,Interleukin 17 production,1,34,126,0.0079,0.0023,3.453,0.2525914329898573,0.469533935789874,OPA1,False
C4_core,GO_BP,GOBP_RNA_SPLICING,Rna splicing,5,399,126,0.0397,0.027,1.471,0.25343847601528724,0.4702495018780362,"PPP4R2, ERN1, KAT2B, TMBIM6, CTNNBL1",False
C4_core,GO_BP,GOBP_RESPONSE_TO_ORGANOPHOSPHORUS,Response to organophosphorus,2,114,126,0.0159,0.0077,2.06,0.25344616010309745,0.4702495018780362,"NT5E, PCK1",False
C4_core,GO_BP,GOBP_POSITIVE_REGULATION_OF_PROTEOLYSIS,Positive regulation of proteolysis,4,301,126,0.0317,0.0203,1.56,0.25469102884438105,0.47212170346893595,"HMGB1, EFNA1, TANK, RNF139",False
C4_core,GO_BP,GOBP_POSITIVE_REGULATION_OF_CELL_SUBSTRATE_ADHESION,Positive regulation of cell substrate adhesion,2,115,126,0.0159,0.0078,2.042,0.25660361544117954,0.4743494350076099,"FERMT2, NID1",False
C4_core,GO_BP,GOBP_NEGATIVE_REGULATION_OF_TRANSLATION,Negative regulation of translation,2,115,126,0.0159,0.0078,2.042,0.25660361544117954,0.4743494350076099,"DHX36, RNF139",False
C4_core,GO_BP,GOBP_TYPE_I_INTERFERON_PRODUCTION,Type i interferon production,2,115,126,0.0159,0.0078,2.042,0.25660361544117954,0.4743494350076099,"DHX36, TANK",False
C4_core,GO_BP,GOBP_REGULATION_OF_PROTEOLYSIS_INVOLVED_IN_PROTEIN_CATABOLIC_PROCESS,Regulation of proteolysis involved in protein catabolic process,3,207,126,0.0238,0.014,1.702,0.25875392789107143,0.4747815417130678,"UFL1, EFNA1, RNF139",False
C4_core,GO_BP,GOBP_REGULATION_OF_T_CELL_APOPTOTIC_PROCESS,Regulation of t cell apoptotic process,1,35,126,0.0079,0.0024,3.355,0.2589717500253097,0.4747815417130678,EFNA1,False
C4_core,GO_BP,GOBP_POSITIVE_REGULATION_OF_B_CELL_PROLIFERATION,Positive regulation of b cell proliferation,1,35,126,0.0079,0.0024,3.355,0.2589717500253097,0.4747815417130678,BMI1,False
C4_core,GO_BP,GOBP_NEGATIVE_REGULATION_OF_REACTIVE_OXYGEN_SPECIES_METABOLIC_PROCESS,Negative regulation of reactive oxygen species metabolic process,1,35,126,0.0079,0.0024,3.355,0.2589717500253097,0.4747815417130678,HP,False
C4_core,GO_BP,GOBP_REGULATION_OF_GLIAL_CELL_PROLIFERATION,Regulation of glial cell proliferation,1,35,126,0.0079,0.0024,3.355,0.2589717500253097,0.4747815417130678,UFL1,False
C4_core,GO_BP,GOBP_ACID_SECRETION,Acid secretion,1,35,126,0.0079,0.0024,3.355,0.2589717500253097,0.4747815417130678,PRKAA1,False
C4_core,GO_BP,GOBP_NEGATIVE_REGULATION_OF_TYPE_II_INTERFERON_PRODUCTION,Negative regulation of type ii interferon production,1,35,126,0.0079,0.0024,3.355,0.2589717500253097,0.4747815417130678,HMGB1,False
C4_core,GO_BP,GOBP_REGULATION_OF_CHOLESTEROL_EFFLUX,Regulation of cholesterol efflux,1,35,126,0.0079,0.0024,3.355,0.2589717500253097,0.4747815417130678,CETP,False
C4_core,GO_BP,GOBP_REGULATION_OF_CELL_FATE_COMMITMENT,Regulation of cell fate commitment,1,35,126,0.0079,0.0024,3.355,0.2589717500253097,0.4747815417130678,OPA1,False
C4_core,GO_BP,GOBP_REGULATION_OF_CELLULAR_KETONE_METABOLIC_PROCESS,Regulation of cellular ketone metabolic process,2,116,126,0.0159,0.0078,2.024,0.25976186136671386,0.47492533922937097,"ERLIN2, KAT2B",False
C4_core,GO_BP,GOBP_AUTOPHAGOSOME_ORGANIZATION,Autophagosome organization,2,116,126,0.0159,0.0078,2.024,0.25976186136671386,0.47492533922937097,"RB1CC1, SNX4",False
C4_core,GO_BP,GOBP_T_CELL_MEDIATED_IMMUNITY,T cell mediated immunity,2,116,126,0.0159,0.0078,2.024,0.25976186136671386,0.47492533922937097,"UFL1, HMGB1",False
C4_core,GO_BP,GOBP_MITOCHONDRIAL_FISSION,Mitochondrial fission,1,36,126,0.0079,0.0024,3.261,0.2652980295494518,0.4802230155135647,OPA1,False
C4_core,GO_BP,GOBP_NEGATIVE_REGULATION_OF_PLASMA_MEMBRANE_BOUNDED_CELL_PROJECTION_ASSEMBLY,Negative regulation of plasma membrane bounded cell projection assembly,1,36,126,0.0079,0.0024,3.261,0.2652980295494518,0.4802230155135647,GDI2,False
C4_core,GO_BP,GOBP_REGULATION_OF_CYCLASE_ACTIVITY,Regulation of cyclase activity,1,36,126,0.0079,0.0024,3.261,0.2652980295494518,0.4802230155135647,MAPK8,False
C4_core,GO_BP,GOBP_POSITIVE_REGULATION_OF_TELOMERE_MAINTENANCE_VIA_TELOMERE_LENGTHENING,Positive regulation of telomere maintenance via telomere lengthening,1,36,126,0.0079,0.0024,3.261,0.2652980295494518,0.4802230155135647,DHX36,False
C4_core,GO_BP,GOBP_REGULATION_OF_LAMELLIPODIUM_ASSEMBLY,Regulation of lamellipodium assembly,1,36,126,0.0079,0.0024,3.261,0.2652980295494518,0.4802230155135647,PIK3CA,False
C4_core,GO_BP,GOBP_RESPONSE_TO_ANGIOTENSIN,Response to angiotensin,1,36,126,0.0079,0.0024,3.261,0.2652980295494518,0.4802230155135647,CA2,False
C4_core,GO_BP,GOBP_NUCLEOTIDE_SUGAR_METABOLIC_PROCESS,Nucleotide sugar metabolic process,1,36,126,0.0079,0.0024,3.261,0.2652980295494518,0.4802230155135647,TGDS,False
C4_core,GO_BP,GOBP_RESPONSE_TO_PROGESTERONE,Response to progesterone,1,36,126,0.0079,0.0024,3.261,0.2652980295494518,0.4802230155135647,ABHD2,False
C4_core,GO_BP,GOBP_POSITIVE_REGULATION_OF_CD4_POSITIVE_ALPHA_BETA_T_CELL_DIFFERENTIATION,Positive regulation of cd4 positive alpha beta t cell differentiation,1,36,126,0.0079,0.0024,3.261,0.2652980295494518,0.4802230155135647,OPA1,False
C4_core,GO_BP,GOBP_POSITIVE_REGULATION_OF_REGULATED_SECRETORY_PATHWAY,Positive regulation of regulated secretory pathway,1,36,126,0.0079,0.0024,3.261,0.2652980295494518,0.4802230155135647,SNX4,False
C4_core,GO_BP,GOBP_POSITIVE_REGULATION_OF_RESPONSE_TO_ENDOPLASMIC_RETICULUM_STRESS,Positive regulation of response to endoplasmic reticulum stress,1,36,126,0.0079,0.0024,3.261,0.2652980295494518,0.4802230155135647,ERN1,False
C4_core,GO_BP,GOBP_STEROID_HORMONE_MEDIATED_SIGNALING_PATHWAY,Steroid hormone mediated signaling pathway,2,118,126,0.0159,0.008,1.99,0.2660797669390874,0.4812029750786387,"UFL1, ABHD2",False
C4_core,GO_BP,GOBP_POSITIVE_REGULATION_OF_NEUROGENESIS,Positive regulation of neurogenesis,3,211,126,0.0238,0.0143,1.669,0.2679478649852354,0.4815704070786855,"DHX36, UFL1, PTPRD",False
C4_core,GO_BP,GOBP_REGULATION_OF_REACTIVE_OXYGEN_SPECIES_METABOLIC_PROCESS,Regulation of reactive oxygen species metabolic process,2,119,126,0.0159,0.008,1.973,0.26923895745380577,0.4815704070786855,"DHRS4, HP",False
C4_core,GO_BP,GOBP_MYELOID_LEUKOCYTE_ACTIVATION,Myeloid leukocyte activation,3,212,126,0.0238,0.0143,1.662,0.27025267691832616,0.4815704070786855,"SNX4, HMGB1, ADGRF5",False
C4_core,GO_BP,GOBP_REGULATION_OF_CELL_MIGRATION_INVOLVED_IN_SPROUTING_ANGIOGENESIS,Regulation of cell migration involved in sprouting angiogenesis,1,37,126,0.0079,0.0025,3.173,0.27157072559747786,0.4815704070786855,TGFBR3,False
C4_core,GO_BP,GOBP_POSITIVE_REGULATION_OF_RNA_SPLICING,Positive regulation of rna splicing,1,37,126,0.0079,0.0025,3.173,0.27157072559747786,0.4815704070786855,ERN1,False
C4_core,GO_BP,GOBP_REGULATION_OF_ACTIN_FILAMENT_BASED_MOVEMENT,Regulation of actin filament based movement,1,37,126,0.0079,0.0025,3.173,0.27157072559747786,0.4815704070786855,CAMK2D,False
C4_core,GO_BP,GOBP_PROTEIN_TRANSMEMBRANE_IMPORT_INTO_INTRACELLULAR_ORGANELLE,Protein transmembrane import into intracellular organelle,1,37,126,0.0079,0.0025,3.173,0.27157072559747786,0.4815704070786855,GRPEL1,False
C4_core,GO_BP,GOBP_POSITIVE_REGULATION_OF_STEM_CELL_PROLIFERATION,Positive regulation of stem cell proliferation,1,37,126,0.0079,0.0025,3.173,0.27157072559747786,0.4815704070786855,FERMT2,False
C4_core,GO_BP,GOBP_REGULATION_OF_PROTEIN_LOCALIZATION_TO_CELL_SURFACE,Regulation of protein localization to cell surface,1,37,126,0.0079,0.0025,3.173,0.27157072559747786,0.4815704070786855,PICALM,False
C4_core,GO_BP,GOBP_REGULATION_OF_PHOSPHOPROTEIN_PHOSPHATASE_ACTIVITY,Regulation of phosphoprotein phosphatase activity,1,37,126,0.0079,0.0025,3.173,0.27157072559747786,0.4815704070786855,ITGA1,False
C4_core,GO_BP,GOBP_MONOCYTE_CHEMOTAXIS,Monocyte chemotaxis,1,37,126,0.0079,0.0025,3.173,0.27157072559747786,0.4815704070786855,HMGB1,False
C4_core,GO_BP,GOBP_REGULATION_OF_HEMATOPOIETIC_PROGENITOR_CELL_DIFFERENTIATION,Regulation of hematopoietic progenitor cell differentiation,1,37,126,0.0079,0.0025,3.173,0.27157072559747786,0.4815704070786855,DHX36,False
C4_core,GO_BP,GOBP_REGULATION_OF_STRESS_ACTIVATED_PROTEIN_KINASE_SIGNALING_CASCADE,Regulation of stress activated protein kinase signaling cascade,1,37,126,0.0079,0.0025,3.173,0.27157072559747786,0.4815704070786855,NBR1,False
C4_core,GO_BP,GOBP_POSITIVE_REGULATION_OF_ATP_DEPENDENT_ACTIVITY,Positive regulation of atp dependent activity,1,37,126,0.0079,0.0025,3.173,0.27157072559747786,0.4815704070786855,TOR1AIP1,False
C4_core,GO_BP,GOBP_RESPONSE_TO_COLD,Response to cold,1,37,126,0.0079,0.0025,3.173,0.27157072559747786,0.4815704070786855,PRKAA1,False
C4_core,GO_BP,GOBP_POSITIVE_REGULATION_OF_INTERLEUKIN_10_PRODUCTION,Positive regulation of interleukin 10 production,1,37,126,0.0079,0.0025,3.173,0.27157072559747786,0.4815704070786855,HMGB1,False
C4_core,GO_BP,GOBP_SYNAPTIC_VESICLE_TRANSPORT,Synaptic vesicle transport,1,37,126,0.0079,0.0025,3.173,0.27157072559747786,0.4815704070786855,PICALM,False
C4_core,GO_BP,GOBP_SUBSTANTIA_NIGRA_DEVELOPMENT,Substantia nigra development,1,37,126,0.0079,0.0025,3.173,0.27157072559747786,0.4815704070786855,ZNF148,False
C4_core,GO_BP,GOBP_REGULATION_OF_JUN_KINASE_ACTIVITY,Regulation of jun kinase activity,1,37,126,0.0079,0.0025,3.173,0.27157072559747786,0.4815704070786855,ERN1,False
C4_core,GO_BP,GOBP_REGULATION_OF_RELEASE_OF_CYTOCHROME_C_FROM_MITOCHONDRIA,Regulation of release of cytochrome c from mitochondria,1,37,126,0.0079,0.0025,3.173,0.27157072559747786,0.4815704070786855,OPA1,False
C4_core,GO_BP,GOBP_REGULATION_OF_HEART_RATE_BY_CARDIAC_CONDUCTION,Regulation of heart rate by cardiac conduction,1,37,126,0.0079,0.0025,3.173,0.27157072559747786,0.4815704070786855,CAMK2D,False
C4_core,GO_BP,GOBP_NEGATIVE_REGULATION_OF_CATABOLIC_PROCESS,Negative regulation of catabolic process,4,310,126,0.0317,0.021,1.515,0.27157491987604193,0.4815704070786855,"DHX36, HP, PIK3CA, PRKAA1",False
C4_core,GO_BP,GOBP_DETOXIFICATION,Detoxification,2,120,126,0.0159,0.0081,1.957,0.2723980001936089,0.482462197842622,"HP, CP",False
C4_core,GO_BP,GOBP_ORGANIC_HYDROXY_COMPOUND_BIOSYNTHETIC_PROCESS,Organic hydroxy compound biosynthetic process,3,213,126,0.0238,0.0144,1.654,0.27255981306693583,0.482462197842622,"ERLIN2, PRKAA1, PCK1",False
C4_core,GO_BP,GOBP_SYNAPSE_ORGANIZATION,Synapse organization,5,411,126,0.0397,0.0278,1.428,0.2728594773943424,0.48256596620448194,"DHX36, SYBU, PDLIM5, EFNA1, PTPRD",False
C4_core,GO_BP,GOBP_ESTABLISHMENT_OR_MAINTENANCE_OF_CELL_POLARITY,Establishment or maintenance of cell polarity,3,214,126,0.0238,0.0145,1.646,0.27486917116978266,0.48569115682427616,"RICTOR, FRMD4B, LIN7C",False
C4_core,GO_BP,GOBP_NEGATIVE_REGULATION_OF_LEUKOCYTE_CELL_CELL_ADHESION,Negative regulation of leukocyte cell cell adhesion,2,121,126,0.0159,0.0082,1.941,0.27555667026099884,0.4864765907076893,"UFL1, HMGB1",False
C4_core,GO_BP,GOBP_ENDOCARDIAL_CUSHION_MORPHOGENESIS,Endocardial cushion morphogenesis,1,38,126,0.0079,0.0026,3.09,0.27779028842018694,0.4865583179503186,HEY2,False
C4_core,GO_BP,GOBP_POSITIVE_REGULATION_OF_INTERLEUKIN_12_PRODUCTION,Positive regulation of interleukin 12 production,1,38,126,0.0079,0.0026,3.09,0.27779028842018694,0.4865583179503186,HMGB1,False
C4_core,GO_BP,GOBP_BASEMENT_MEMBRANE_ORGANIZATION,Basement membrane organization,1,38,126,0.0079,0.0026,3.09,0.27779028842018694,0.4865583179503186,NID1,False
C4_core,GO_BP,GOBP_ARP2_3_COMPLEX_MEDIATED_ACTIN_NUCLEATION,Arp2 3 complex mediated actin nucleation,1,38,126,0.0079,0.0026,3.09,0.27779028842018694,0.4865583179503186,AP1AR,False
C4_core,GO_BP,GOBP_MITOCHONDRIAL_ELECTRON_TRANSPORT_NADH_TO_UBIQUINONE,Mitochondrial electron transport nadh to ubiquinone,1,38,126,0.0079,0.0026,3.09,0.27779028842018694,0.4865583179503186,NDUFA5,False
C4_core,GO_BP,GOBP_HYDROGEN_PEROXIDE_METABOLIC_PROCESS,Hydrogen peroxide metabolic process,1,38,126,0.0079,0.0026,3.09,0.27779028842018694,0.4865583179503186,HP,False
C4_core,GO_BP,GOBP_INFLAMMASOME_MEDIATED_SIGNALING_PATHWAY,Inflammasome mediated signaling pathway,1,38,126,0.0079,0.0026,3.09,0.27779028842018694,0.4865583179503186,MAPK8,False
C4_core,GO_BP,GOBP_REGULATION_OF_MEMBRANE_DEPOLARIZATION,Regulation of membrane depolarization,1,38,126,0.0079,0.0026,3.09,0.27779028842018694,0.4865583179503186,CAMK2D,False
C4_core,GO_BP,GOBP_EPIBOLY,Epiboly,1,38,126,0.0079,0.0026,3.09,0.27779028842018694,0.4865583179503186,FERMT2,False
C4_core,GO_BP,GOBP_HEMATOPOIETIC_PROGENITOR_CELL_DIFFERENTIATION,Hematopoietic progenitor cell differentiation,2,122,126,0.0159,0.0082,1.925,0.2787147465394612,0.48775080644405716,"DHX36, UFL1",False
C4_core,GO_BP,GOBP_REGULATION_OF_NEUROGENESIS,Regulation of neurogenesis,4,315,126,0.0317,0.0213,1.491,0.28104119510005254,0.49139255248061586,"DHX36, HEY2, UFL1, PTPRD",False
C4_core,GO_BP,GOBP_REGULATION_OF_TUBE_SIZE,Regulation of tube size,2,123,126,0.0159,0.0083,1.909,0.281872011646263,0.49176664650481994,"KAT2B, ITGA1",False
C4_core,GO_BP,GOBP_CYTOPLASMIC_TRANSLATIONAL_INITIATION,Cytoplasmic translational initiation,1,39,126,0.0079,0.0026,3.011,0.28395716451527064,0.49176664650481994,EIF5,False
C4_core,GO_BP,GOBP_RIBOSOME_DISASSEMBLY,Ribosome disassembly,1,39,126,0.0079,0.0026,3.011,0.28395716451527064,0.49176664650481994,UFL1,False
C4_core,GO_BP,GOBP_REGULATION_OF_LEUKOCYTE_DEGRANULATION,Regulation of leukocyte degranulation,1,39,126,0.0079,0.0026,3.011,0.28395716451527064,0.49176664650481994,SNX4,False
C4_core,GO_BP,GOBP_POSITIVE_REGULATION_OF_PROTEIN_DEPHOSPHORYLATION,Positive regulation of protein dephosphorylation,1,39,126,0.0079,0.0026,3.011,0.28395716451527064,0.49176664650481994,ITGA1,False
C4_core,GO_BP,GOBP_NEGATIVE_REGULATION_OF_DNA_REPAIR,Negative regulation of dna repair,1,39,126,0.0079,0.0026,3.011,0.28395716451527064,0.49176664650481994,KLHL15,False
C4_core,GO_BP,GOBP_ANTERIOR_POSTERIOR_AXIS_SPECIFICATION,Anterior posterior axis specification,1,39,126,0.0079,0.0026,3.011,0.28395716451527064,0.49176664650481994,HEY2,False
C4_core,GO_BP,GOBP_ACUTE_PHASE_RESPONSE,Acute phase response,1,39,126,0.0079,0.0026,3.011,0.28395716451527064,0.49176664650481994,HP,False
C4_core,GO_BP,GOBP_REGULATION_OF_MICROTUBULE_BASED_MOVEMENT,Regulation of microtubule based movement,1,39,126,0.0079,0.0026,3.011,0.28395716451527064,0.49176664650481994,CFAP20,False
C4_core,GO_BP,GOBP_MAINTENANCE_OF_PROTEIN_LOCALIZATION_IN_ORGANELLE,Maintenance of protein localization in organelle,1,39,126,0.0079,0.0026,3.011,0.28395716451527064,0.49176664650481994,ANKRD13C,False
C4_core,GO_BP,GOBP_PYRIMIDINE_CONTAINING_COMPOUND_BIOSYNTHETIC_PROCESS,Pyrimidine containing compound biosynthetic process,1,39,126,0.0079,0.0026,3.011,0.28395716451527064,0.49176664650481994,SLC19A2,False
C4_core,GO_BP,GOBP_NEGATIVE_REGULATION_OF_ORGANELLE_ORGANIZATION,Negative regulation of organelle organization,4,317,126,0.0317,0.0214,1.482,0.2848428275936952,0.49276905032410223,"KAT2B, GDI2, PIK3CA, OPA1",False
C4_core,GO_BP,GOBP_ACTIN_FILAMENT_BASED_MOVEMENT,Actin filament based movement,2,124,126,0.0159,0.0084,1.894,0.2850282518857694,0.49276905032410223,"CAMK2D, PIK3CA",False
C4_core,GO_BP,GOBP_RESPONSE_TO_ALCOHOL,Response to alcohol,3,219,126,0.0238,0.0148,1.608,0.2864457589678828,0.49423296758298607,"TGFBR3, PRKAA1, PCK1",False
C4_core,GO_BP,GOBP_POSITIVE_REGULATION_OF_CYTOKINE_PRODUCTION,Positive regulation of cytokine production,5,420,126,0.0397,0.0284,1.398,0.2876341926979947,0.49423296758298607,"DHX36, OPA1, TANK, PNP, HMGB1",False
C4_core,GO_BP,GOBP_MONOCARBOXYLIC_ACID_CATABOLIC_PROCESS,Monocarboxylic acid catabolic process,2,125,126,0.0159,0.0084,1.879,0.2881832572032741,0.49423296758298607,"PCK1, ABHD2",False
C4_core,GO_BP,GOBP_SMOOTH_MUSCLE_CELL_PROLIFERATION,Smooth muscle cell proliferation,2,125,126,0.0159,0.0084,1.879,0.2881832572032741,0.49423296758298607,"ERN1, PIK3CA",False
C4_core,GO_BP,GOBP_LIPID_LOCALIZATION,Lipid localization,5,421,126,0.0397,0.0285,1.394,0.289285526615304,0.49423296758298607,"CERT1, PRKAA1, APOF, PNPLA8, CETP",False
C4_core,GO_BP,GOBP_INTESTINAL_ABSORPTION,Intestinal absorption,1,40,126,0.0079,0.0027,2.935,0.290071796658346,0.49423296758298607,ACO1,False
C4_core,GO_BP,GOBP_RESPONSE_TO_DSRNA,Response to dsrna,1,40,126,0.0079,0.0027,2.935,0.290071796658346,0.49423296758298607,DHX36,False
C4_core,GO_BP,GOBP_DEOXYRIBONUCLEOTIDE_METABOLIC_PROCESS,Deoxyribonucleotide metabolic process,1,40,126,0.0079,0.0027,2.935,0.290071796658346,0.49423296758298607,PNP,False
C4_core,GO_BP,GOBP_PHOSPHOLIPID_DEPHOSPHORYLATION,Phospholipid dephosphorylation,1,40,126,0.0079,0.0027,2.935,0.290071796658346,0.49423296758298607,PLPP3,False
C4_core,GO_BP,GOBP_NEGATIVE_REGULATION_OF_MUSCLE_CELL_APOPTOTIC_PROCESS,Negative regulation of muscle cell apoptotic process,1,40,126,0.0079,0.0027,2.935,0.290071796658346,0.49423296758298607,HEY2,False
C4_core,GO_BP,GOBP_NEGATIVE_REGULATION_OF_ALPHA_BETA_T_CELL_ACTIVATION,Negative regulation of alpha beta t cell activation,1,40,126,0.0079,0.0027,2.935,0.290071796658346,0.49423296758298607,HMGB1,False
C4_core,GO_BP,GOBP_PROSTANOID_METABOLIC_PROCESS,Prostanoid metabolic process,1,40,126,0.0079,0.0027,2.935,0.290071796658346,0.49423296758298607,PNPLA8,False
C4_core,GO_BP,GOBP_PROTEIN_INSERTION_INTO_MEMBRANE,Protein insertion into membrane,1,40,126,0.0079,0.0027,2.935,0.290071796658346,0.49423296758298607,EMC2,False
C4_core,GO_BP,GOBP_POSITIVE_REGULATION_OF_SUBSTRATE_ADHESION_DEPENDENT_CELL_SPREADING,Positive regulation of substrate adhesion dependent cell spreading,1,40,126,0.0079,0.0027,2.935,0.290071796658346,0.49423296758298607,FERMT2,False
C4_core,GO_BP,GOBP_NEGATIVE_REGULATION_OF_T_CELL_DIFFERENTIATION,Negative regulation of t cell differentiation,1,40,126,0.0079,0.0027,2.935,0.290071796658346,0.49423296758298607,HMGB1,False
C4_core,GO_BP,GOBP_MODIFIED_AMINO_ACID_TRANSPORT,Modified amino acid transport,1,40,126,0.0079,0.0027,2.935,0.290071796658346,0.49423296758298607,SLC19A2,False
C4_core,GO_BP,GOBP_ERYTHROCYTE_DEVELOPMENT,Erythrocyte development,1,40,126,0.0079,0.0027,2.935,0.290071796658346,0.49423296758298607,ADGRF5,False
C4_core,GO_BP,GOBP_REGULATION_OF_INFLAMMATORY_RESPONSE,Regulation of inflammatory response,4,321,126,0.0317,0.0217,1.463,0.2924695260380737,0.4978945502791017,"NT5E, RICTOR, SNX4, UFL1",False
C4_core,GO_BP,GOBP_RESPONSE_TO_IONIZING_RADIATION,Response to ionizing radiation,2,127,126,0.0159,0.0086,1.849,0.29448874078463466,0.4990416810735118,"TANK, PRKAA1",False
C4_core,GO_BP,GOBP_CELL_MATRIX_ADHESION,Cell matrix adhesion,3,223,126,0.0238,0.0151,1.58,0.29573684333764705,0.4990416810735118,"ITGA1, FERMT2, NID1",False
C4_core,GO_BP,GOBP_CELL_GROWTH,Cell growth,5,425,126,0.0397,0.0287,1.381,0.295908545596756,0.4990416810735118,"BMP10, PDLIM5, RICTOR, SPAG9, CAMK2D",False
C4_core,GO_BP,GOBP_VASCULAR_ENDOTHELIAL_GROWTH_FACTOR_SIGNALING_PATHWAY,Vascular endothelial growth factor signaling pathway,1,41,126,0.0079,0.0028,2.864,0.2961346239337323,0.4990416810735118,PIK3CA,False
C4_core,GO_BP,GOBP_LABYRINTHINE_LAYER_DEVELOPMENT,Labyrinthine layer development,1,41,126,0.0079,0.0028,2.864,0.2961346239337323,0.4990416810735118,HEY2,False
C4_core,GO_BP,GOBP_REGULATION_OF_PROTEIN_TYROSINE_KINASE_ACTIVITY,Regulation of protein tyrosine kinase activity,1,41,126,0.0079,0.0028,2.864,0.2961346239337323,0.4990416810735118,EFNA1,False
C4_core,GO_BP,GOBP_NEGATIVE_REGULATION_OF_OSTEOBLAST_DIFFERENTIATION,Negative regulation of osteoblast differentiation,1,41,126,0.0079,0.0028,2.864,0.2961346239337323,0.4990416810735118,NBR1,False
C4_core,GO_BP,GOBP_POSTSYNAPSE_ASSEMBLY,Postsynapse assembly,1,41,126,0.0079,0.0028,2.864,0.2961346239337323,0.4990416810735118,PTPRD,False
C4_core,GO_BP,GOBP_MALE_MEIOTIC_NUCLEAR_DIVISION,Male meiotic nuclear division,1,41,126,0.0079,0.0028,2.864,0.2961346239337323,0.4990416810735118,FOXJ3,False
C4_core,GO_BP,GOBP_NEGATIVE_REGULATION_OF_ACTIN_FILAMENT_DEPOLYMERIZATION,Negative regulation of actin filament depolymerization,1,41,126,0.0079,0.0028,2.864,0.2961346239337323,0.4990416810735118,PIK3CA,False
C4_core,GO_BP,GOBP_UNSATURATED_FATTY_ACID_BIOSYNTHETIC_PROCESS,Unsaturated fatty acid biosynthetic process,1,41,126,0.0079,0.0028,2.864,0.2961346239337323,0.4990416810735118,PNPLA8,False
C4_core,GO_BP,GOBP_CELL_JUNCTION_MAINTENANCE,Cell junction maintenance,1,41,126,0.0079,0.0028,2.864,0.2961346239337323,0.4990416810735118,FERMT2,False
C4_core,GO_BP,GOBP_MEMBRANE_LIPID_BIOSYNTHETIC_PROCESS,Membrane lipid biosynthetic process,2,128,126,0.0159,0.0087,1.835,0.29763881673528764,0.501154677127036,"SGMS2, PRKAA1",False
C4_core,GO_BP,GOBP_REGULATION_OF_CELLULAR_COMPONENT_SIZE,Regulation of cellular component size,4,324,126,0.0317,0.0219,1.45,0.29820829126010223,0.5016915958846426,"RB1CC1, RICTOR, PIK3CA, PICALM",False
C4_core,GO_BP,GOBP_REGULATION_OF_CELLULAR_RESPONSE_TO_TRANSFORMING_GROWTH_FACTOR_BETA_STIMULUS,Regulation of cellular response to transforming growth factor beta stimulus,2,129,126,0.0159,0.0087,1.82,0.3007868530487083,0.5036606625257983,"LEMD3, TGFBR3",False
C4_core,GO_BP,GOBP_NUCLEUS_ORGANIZATION,Nucleus organization,2,129,126,0.0159,0.0087,1.82,0.3007868530487083,0.5036606625257983,"TOR1AIP1, AHCTF1",False
C4_core,GO_BP,GOBP_ACTIVATED_T_CELL_PROLIFERATION,Activated t cell proliferation,1,42,126,0.0079,0.0028,2.796,0.30214608176497687,0.5036606625257983,HMGB1,False
C4_core,GO_BP,GOBP_CELLULAR_RESPONSE_TO_GLUCOSE_STARVATION,Cellular response to glucose starvation,1,42,126,0.0079,0.0028,2.796,0.30214608176497687,0.5036606625257983,PRKAA1,False
C4_core,GO_BP,GOBP_APOPTOTIC_CELL_CLEARANCE,Apoptotic cell clearance,1,42,126,0.0079,0.0028,2.796,0.30214608176497687,0.5036606625257983,HMGB1,False
C4_core,GO_BP,GOBP_AMINO_ACID_ACTIVATION,Amino acid activation,1,42,126,0.0079,0.0028,2.796,0.30214608176497687,0.5036606625257983,DARS1,False
C4_core,GO_BP,GOBP_REGULATION_OF_VASCULAR_PERMEABILITY,Regulation of vascular permeability,1,42,126,0.0079,0.0028,2.796,0.30214608176497687,0.5036606625257983,FERMT2,False
C4_core,GO_BP,GOBP_REGULATION_OF_T_HELPER_CELL_DIFFERENTIATION,Regulation of t helper cell differentiation,1,42,126,0.0079,0.0028,2.796,0.30214608176497687,0.5036606625257983,OPA1,False
C4_core,GO_BP,GOBP_TRIGLYCERIDE_BIOSYNTHETIC_PROCESS,Triglyceride biosynthetic process,1,42,126,0.0079,0.0028,2.796,0.30214608176497687,0.5036606625257983,PCK1,False
C4_core,GO_BP,GOBP_SARCOMERE_ORGANIZATION,Sarcomere organization,1,42,126,0.0079,0.0028,2.796,0.30214608176497687,0.5036606625257983,BMP10,False
C4_core,GO_BP,GOBP_NEGATIVE_REGULATION_OF_PRODUCTION_OF_MOLECULAR_MEDIATOR_OF_IMMUNE_RESPONSE,Negative regulation of production of molecular mediator of immune response,1,42,126,0.0079,0.0028,2.796,0.30214608176497687,0.5036606625257983,TMBIM6,False
C4_core,GO_BP,GOBP_PROTEIN_COMPLEX_OLIGOMERIZATION,Protein complex oligomerization,3,226,126,0.0238,0.0153,1.559,0.30271848231493537,0.5041950096460072,"CTH, SHMT2, OPA1",False
C4_core,GO_BP,GOBP_REGULATION_OF_DNA_RECOMBINATION,Regulation of dna recombination,2,130,126,0.0159,0.0088,1.806,0.3039326571999156,0.5057964918655287,"KLHL15, PPP4R2",False
C4_core,GO_BP,GOBP_FERTILIZATION,Fertilization,2,131,126,0.0159,0.0089,1.793,0.3070760400383442,0.5068442211126947,"FETUB, ABHD2",False
C4_core,GO_BP,GOBP_REGULATION_OF_LEUKOCYTE_PROLIFERATION,Regulation of leukocyte proliferation,3,228,126,0.0238,0.0154,1.545,0.30737783827600296,0.5068442211126947,"PNP, HMGB1, BMI1",False
C4_core,GO_BP,GOBP_INNER_MITOCHONDRIAL_MEMBRANE_ORGANIZATION,Inner mitochondrial membrane organization,1,43,126,0.0079,0.0029,2.731,0.30810660194512957,0.5068442211126947,OPA1,False
C4_core,GO_BP,GOBP_REGULATION_OF_RAS_PROTEIN_SIGNAL_TRANSDUCTION,Regulation of ras protein signal transduction,1,43,126,0.0079,0.0029,2.731,0.30810660194512957,0.5068442211126947,PICALM,False
C4_core,GO_BP,GOBP_CELLULAR_DEFENSE_RESPONSE,Cellular defense response,1,43,126,0.0079,0.0029,2.731,0.30810660194512957,0.5068442211126947,ZNF148,False
C4_core,GO_BP,GOBP_COCHLEA_DEVELOPMENT,Cochlea development,1,43,126,0.0079,0.0029,2.731,0.30810660194512957,0.5068442211126947,HEY2,False
C4_core,GO_BP,GOBP_NUCLEAR_MEMBRANE_ORGANIZATION,Nuclear membrane organization,1,43,126,0.0079,0.0029,2.731,0.30810660194512957,0.5068442211126947,TOR1AIP1,False
C4_core,GO_BP,GOBP_ANTEROGRADE_AXONAL_TRANSPORT,Anterograde axonal transport,1,43,126,0.0079,0.0029,2.731,0.30810660194512957,0.5068442211126947,SYBU,False
C4_core,GO_BP,GOBP_HAIR_CELL_DIFFERENTIATION,Hair cell differentiation,1,43,126,0.0079,0.0029,2.731,0.30810660194512957,0.5068442211126947,HEY2,False
C4_core,GO_BP,GOBP_ICOSANOID_BIOSYNTHETIC_PROCESS,Icosanoid biosynthetic process,1,43,126,0.0079,0.0029,2.731,0.30810660194512957,0.5068442211126947,PNPLA8,False
C4_core,GO_BP,GOBP_INTRACELLULAR_ESTROGEN_RECEPTOR_SIGNALING_PATHWAY,Intracellular estrogen receptor signaling pathway,1,43,126,0.0079,0.0029,2.731,0.30810660194512957,0.5068442211126947,UFL1,False
C4_core,GO_BP,GOBP_VESICLE_TRANSPORT_ALONG_MICROTUBULE,Vesicle transport along microtubule,1,43,126,0.0079,0.0029,2.731,0.30810660194512957,0.5068442211126947,SYBU,False
C4_core,GO_BP,GOBP_POSITIVE_T_CELL_SELECTION,Positive t cell selection,1,43,126,0.0079,0.0029,2.731,0.30810660194512957,0.5068442211126947,OPA1,False
C4_core,GO_BP,GOBP_POSTSYNAPTIC_SPECIALIZATION_ORGANIZATION,Postsynaptic specialization organization,1,43,126,0.0079,0.0029,2.731,0.30810660194512957,0.5068442211126947,PTPRD,False
C4_core,GO_BP,GOBP_MRNA_PROCESSING,Mrna processing,5,433,126,0.0397,0.0293,1.356,0.30923188707153176,0.5078039245225144,"DHX36, PPP4R2, ERN1, WDR33, CTNNBL1",False
C4_core,GO_BP,GOBP_REGULATION_OF_DOUBLE_STRAND_BREAK_REPAIR,Regulation of double strand break repair,2,132,126,0.0159,0.0089,1.779,0.3102168157451302,0.5078039245225144,"KLHL15, PPP4R2",False
C4_core,GO_BP,GOBP_OLEFINIC_COMPOUND_METABOLIC_PROCESS,Olefinic compound metabolic process,2,132,126,0.0159,0.0089,1.779,0.3102168157451302,0.5078039245225144,"DHRS4, PNPLA8",False
C4_core,GO_BP,GOBP_REGULATION_OF_MUSCLE_CONTRACTION,Regulation of muscle contraction,2,132,126,0.0159,0.0089,1.779,0.3102168157451302,0.5078039245225144,"BMP10, CAMK2D",False
C4_core,GO_BP,GOBP_ORGANIC_HYDROXY_COMPOUND_TRANSPORT,Organic hydroxy compound transport,3,230,126,0.0238,0.0155,1.531,0.31204027540861495,0.5078039245225144,"SLC19A2, PRKAA1, CETP",False
C4_core,GO_BP,GOBP_POSITIVE_REGULATION_OF_CYTOSOLIC_CALCIUM_ION_CONCENTRATION,Positive regulation of cytosolic calcium ion concentration,2,133,126,0.0159,0.009,1.766,0.3133548017908638,0.5078039245225144,"TMBIM6, HMGB1",False
C4_core,GO_BP,GOBP_NEGATIVE_REGULATION_OF_ION_TRANSMEMBRANE_TRANSPORTER_ACTIVITY,Negative regulation of ion transmembrane transporter activity,1,44,126,0.0079,0.003,2.668,0.31401661266676967,0.5078039245225144,CAMK2D,False
C4_core,GO_BP,GOBP_RESPONSE_TO_GAMMA_RADIATION,Response to gamma radiation,1,44,126,0.0079,0.003,2.668,0.31401661266676967,0.5078039245225144,PRKAA1,False
C4_core,GO_BP,GOBP_INSULIN_LIKE_GROWTH_FACTOR_RECEPTOR_SIGNALING_PATHWAY,Insulin like growth factor receptor signaling pathway,1,44,126,0.0079,0.003,2.668,0.31401661266676967,0.5078039245225144,PIK3CA,False
C4_core,GO_BP,GOBP_PROTEIN_TARGETING_TO_VACUOLE,Protein targeting to vacuole,1,44,126,0.0079,0.003,2.668,0.31401661266676967,0.5078039245225144,ZFYVE16,False
C4_core,GO_BP,GOBP_INTEGRATED_STRESS_RESPONSE_SIGNALING,Integrated stress response signaling,1,44,126,0.0079,0.003,2.668,0.31401661266676967,0.5078039245225144,HERC5,False
C4_core,GO_BP,GOBP_REGULATION_OF_CELL_ADHESION_MEDIATED_BY_INTEGRIN,Regulation of cell adhesion mediated by integrin,1,44,126,0.0079,0.003,2.668,0.31401661266676967,0.5078039245225144,EFNA1,False
C4_core,GO_BP,GOBP_RETINOL_METABOLIC_PROCESS,Retinol metabolic process,1,44,126,0.0079,0.003,2.668,0.31401661266676967,0.5078039245225144,DHRS4,False
C4_core,GO_BP,GOBP_CATECHOL_CONTAINING_COMPOUND_METABOLIC_PROCESS,Catechol containing compound metabolic process,1,44,126,0.0079,0.003,2.668,0.31401661266676967,0.5078039245225144,SULT1A2,False
C4_core,GO_BP,GOBP_SCHWANN_CELL_DIFFERENTIATION,Schwann cell differentiation,1,44,126,0.0079,0.003,2.668,0.31401661266676967,0.5078039245225144,NAB1,False
C4_core,GO_BP,GOBP_T_HELPER_1_TYPE_IMMUNE_RESPONSE,T helper 1 type immune response,1,44,126,0.0079,0.003,2.668,0.31401661266676967,0.5078039245225144,HMGB1,False
C4_core,GO_BP,GOBP_AMINO_ACID_IMPORT_ACROSS_PLASMA_MEMBRANE,Amino acid import across plasma membrane,1,44,126,0.0079,0.003,2.668,0.31401661266676967,0.5078039245225144,SLC7A2,False
C4_core,GO_BP,GOBP_EXTRACELLULAR_MATRIX_ASSEMBLY,Extracellular matrix assembly,1,44,126,0.0079,0.003,2.668,0.31401661266676967,0.5078039245225144,TGFBR3,False
C4_core,GO_BP,GOBP_CELLULAR_RESPONSE_TO_GLUCOCORTICOID_STIMULUS,Cellular response to glucocorticoid stimulus,1,44,126,0.0079,0.003,2.668,0.31401661266676967,0.5078039245225144,PCK1,False
C4_core,GO_BP,GOBP_HETEROPHILIC_CELL_CELL_ADHESION_VIA_PLASMA_MEMBRANE_CELL_ADHESION_MOLECULES,Heterophilic cell cell adhesion via plasma membrane cell adhesion molecules,1,44,126,0.0079,0.003,2.668,0.31401661266676967,0.5078039245225144,PTPRD,False
C4_core,GO_BP,GOBP_CELLULAR_RESPONSE_TO_CAMP,Cellular response to camp,1,44,126,0.0079,0.003,2.668,0.31401661266676967,0.5078039245225144,PCK1,False
C4_core,GO_BP,GOBP_NEGATIVE_REGULATION_OF_GENE_EXPRESSION_EPIGENETIC,Negative regulation of gene expression epigenetic,2,134,126,0.0159,0.0091,1.752,0.3164898188938189,0.5109779172785689,"HMGB1, BMI1",False
C4_core,GO_BP,GOBP_AMIDE_BIOSYNTHETIC_PROCESS,Amide biosynthetic process,2,134,126,0.0159,0.0091,1.752,0.3164898188938189,0.5109779172785689,"SGMS2, PRKAA1",False
C4_core,GO_BP,GOBP_NEGATIVE_REGULATION_OF_TORC1_SIGNALING,Negative regulation of torc1 signaling,1,45,126,0.0079,0.003,2.609,0.3198765385517856,0.5135467764079189,PRKAA1,False
C4_core,GO_BP,GOBP_NEGATIVE_REGULATION_OF_FAT_CELL_DIFFERENTIATION,Negative regulation of fat cell differentiation,1,45,126,0.0079,0.003,2.609,0.3198765385517856,0.5135467764079189,FERMT2,False
C4_core,GO_BP,GOBP_REGULATION_OF_AUTOPHAGOSOME_ASSEMBLY,Regulation of autophagosome assembly,1,45,126,0.0079,0.003,2.609,0.3198765385517856,0.5135467764079189,SNX4,False
C4_core,GO_BP,GOBP_CELLULAR_RESPONSE_TO_NUTRIENT,Cellular response to nutrient,1,45,126,0.0079,0.003,2.609,0.3198765385517856,0.5135467764079189,KAT2B,False
C4_core,GO_BP,GOBP_T_HELPER_17_TYPE_IMMUNE_RESPONSE,T helper 17 type immune response,1,45,126,0.0079,0.003,2.609,0.3198765385517856,0.5135467764079189,OPA1,False
C4_core,GO_BP,GOBP_LYMPHOCYTE_COSTIMULATION,Lymphocyte costimulation,1,45,126,0.0079,0.003,2.609,0.3198765385517856,0.5135467764079189,PIK3CA,False
C4_core,GO_BP,GOBP_POSITIVE_REGULATION_OF_CD4_POSITIVE_ALPHA_BETA_T_CELL_ACTIVATION,Positive regulation of cd4 positive alpha beta t cell activation,1,45,126,0.0079,0.003,2.609,0.3198765385517856,0.5135467764079189,OPA1,False
C4_core,GO_BP,GOBP_REGULATION_OF_CALCIUM_ION_TRANSMEMBRANE_TRANSPORT,Regulation of calcium ion transmembrane transport,2,136,126,0.0159,0.0092,1.727,0.3227502451355002,0.5159919381161366,"TMBIM6, CAMK2D",False
C4_core,GO_BP,GOBP_INORGANIC_ANION_TRANSPORT,Inorganic anion transport,2,136,126,0.0159,0.0092,1.727,0.3227502451355002,0.5159919381161366,"CA2, FXYD1",False
C4_core,GO_BP,GOBP_ANTERIOR_POSTERIOR_PATTERN_SPECIFICATION,Anterior posterior pattern specification,2,136,126,0.0159,0.0092,1.727,0.3227502451355002,0.5159919381161366,"HEY2, BMI1",False
C4_core,GO_BP,GOBP_PHOSPHOLIPID_BIOSYNTHETIC_PROCESS,Phospholipid biosynthetic process,3,235,126,0.0238,0.0159,1.499,0.3237051062894332,0.5159919381161366,"SGMS2, ADGRF5, PIK3CA",False
C4_core,GO_BP,GOBP_REGULATION_OF_NEURONAL_SYNAPTIC_PLASTICITY,Regulation of neuronal synaptic plasticity,1,46,126,0.0079,0.0031,2.552,0.32568680068091144,0.5159919381161366,SYAP1,False
C4_core,GO_BP,GOBP_PROTEIN_MONOUBIQUITINATION,Protein monoubiquitination,1,46,126,0.0079,0.0031,2.552,0.32568680068091144,0.5159919381161366,UBE2D3,False
C4_core,GO_BP,GOBP_BODY_MORPHOGENESIS,Body morphogenesis,1,46,126,0.0079,0.0031,2.552,0.32568680068091144,0.5159919381161366,GREM2,False
C4_core,GO_BP,GOBP_INTRACELLULAR_PH_REDUCTION,Intracellular ph reduction,1,46,126,0.0079,0.0031,2.552,0.32568680068091144,0.5159919381161366,CA2,False
C4_core,GO_BP,GOBP_PROTEIN_DESTABILIZATION,Protein destabilization,1,46,126,0.0079,0.0031,2.552,0.32568680068091144,0.5159919381161366,RNF139,False
C4_core,GO_BP,GOBP_ENDOCARDIAL_CUSHION_DEVELOPMENT,Endocardial cushion development,1,46,126,0.0079,0.0031,2.552,0.32568680068091144,0.5159919381161366,HEY2,False
C4_core,GO_BP,GOBP_REGULATION_OF_INSULIN_SECRETION_INVOLVED_IN_CELLULAR_RESPONSE_TO_GLUCOSE_STIMULUS,Regulation of insulin secretion involved in cellular response to glucose stimulus,1,46,126,0.0079,0.0031,2.552,0.32568680068091144,0.5159919381161366,SYBU,False
C4_core,GO_BP,GOBP_MEMBRANE_LIPID_CATABOLIC_PROCESS,Membrane lipid catabolic process,1,46,126,0.0079,0.0031,2.552,0.32568680068091144,0.5159919381161366,PLPP3,False
C4_core,GO_BP,GOBP_MYELOID_LEUKOCYTE_CYTOKINE_PRODUCTION,Myeloid leukocyte cytokine production,1,46,126,0.0079,0.0031,2.552,0.32568680068091144,0.5159919381161366,DHX36,False
C4_core,GO_BP,GOBP_RECEPTOR_RECYCLING,Receptor recycling,1,46,126,0.0079,0.0031,2.552,0.32568680068091144,0.5159919381161366,AP1AR,False
C4_core,GO_BP,GOBP_POSITIVE_REGULATION_OF_ACTIN_FILAMENT_POLYMERIZATION,Positive regulation of actin filament polymerization,1,46,126,0.0079,0.0031,2.552,0.32568680068091144,0.5159919381161366,RICTOR,False
C4_core,GO_BP,GOBP_REGULATION_OF_NEURON_DIFFERENTIATION,Regulation of neuron differentiation,2,137,126,0.0159,0.0093,1.714,0.3258753115796848,0.5159919381161366,"HEY2, SPAG9",False
C4_core,GO_BP,GOBP_MONOATOMIC_ANION_TRANSPORT,Monoatomic anion transport,2,137,126,0.0159,0.0093,1.714,0.3258753115796848,0.5159919381161366,"CA2, FXYD1",False
C4_core,GO_BP,GOBP_NEURON_APOPTOTIC_PROCESS,Neuron apoptotic process,3,236,126,0.0238,0.016,1.493,0.3260388619964599,0.5159919381161366,"TMBIM6, ITGA1, PIK3CA",False
C4_core,GO_BP,GOBP_REGULATION_OF_ACTIN_FILAMENT_LENGTH,Regulation of actin filament length,2,138,126,0.0159,0.0093,1.702,0.3289967236116627,0.5184051006869407,"RICTOR, PIK3CA",False
C4_core,GO_BP,GOBP_REGULATION_OF_PHOSPHATASE_ACTIVITY,Regulation of phosphatase activity,1,47,126,0.0079,0.0032,2.498,0.33144781662301903,0.5184051006869407,ITGA1,False
C4_core,GO_BP,GOBP_RETROGRADE_VESICLE_MEDIATED_TRANSPORT_GOLGI_TO_ENDOPLASMIC_RETICULUM,Retrograde vesicle mediated transport golgi to endoplasmic reticulum,1,47,126,0.0079,0.0032,2.498,0.33144781662301903,0.5184051006869407,PLPP3,False
C4_core,GO_BP,GOBP_CELL_COMMUNICATION_INVOLVED_IN_CARDIAC_CONDUCTION,Cell communication involved in cardiac conduction,1,47,126,0.0079,0.0032,2.498,0.33144781662301903,0.5184051006869407,CAMK2D,False
C4_core,GO_BP,GOBP_VITAMIN_TRANSPORT,Vitamin transport,1,47,126,0.0079,0.0032,2.498,0.33144781662301903,0.5184051006869407,SLC19A2,False
C4_core,GO_BP,GOBP_NEGATIVE_REGULATION_OF_LYMPHOCYTE_DIFFERENTIATION,Negative regulation of lymphocyte differentiation,1,47,126,0.0079,0.0032,2.498,0.33144781662301903,0.5184051006869407,HMGB1,False
C4_core,GO_BP,GOBP_POSITIVE_REGULATION_OF_TRANSCRIPTION_ELONGATION_BY_RNA_POLYMERASE_II,Positive regulation of transcription elongation by rna polymerase ii,1,47,126,0.0079,0.0032,2.498,0.33144781662301903,0.5184051006869407,ELL2,False
C4_core,GO_BP,GOBP_NEGATIVE_REGULATION_OF_CALCIUM_ION_TRANSPORT,Negative regulation of calcium ion transport,1,47,126,0.0079,0.0032,2.498,0.33144781662301903,0.5184051006869407,TMBIM6,False
C4_core,GO_BP,GOBP_INTRACELLULAR_LIPID_TRANSPORT,Intracellular lipid transport,1,47,126,0.0079,0.0032,2.498,0.33144781662301903,0.5184051006869407,CERT1,False
C4_core,GO_BP,GOBP_NEGATIVE_REGULATION_OF_DNA_RECOMBINATION,Negative regulation of dna recombination,1,47,126,0.0079,0.0032,2.498,0.33144781662301903,0.5184051006869407,KLHL15,False
C4_core,GO_BP,GOBP_ER_NUCLEUS_SIGNALING_PATHWAY,Er nucleus signaling pathway,1,47,126,0.0079,0.0032,2.498,0.33144781662301903,0.5184051006869407,ERLIN2,False
C4_core,GO_BP,GOBP_NEGATIVE_REGULATION_OF_LEUKOCYTE_APOPTOTIC_PROCESS,Negative regulation of leukocyte apoptotic process,1,47,126,0.0079,0.0032,2.498,0.33144781662301903,0.5184051006869407,EFNA1,False
C4_core,GO_BP,GOBP_PROTEIN_LIPID_COMPLEX_ORGANIZATION,Protein lipid complex organization,1,47,126,0.0079,0.0032,2.498,0.33144781662301903,0.5184051006869407,CETP,False
C4_core,GO_BP,GOBP_RELEASE_OF_CYTOCHROME_C_FROM_MITOCHONDRIA,Release of cytochrome c from mitochondria,1,47,126,0.0079,0.0032,2.498,0.33144781662301903,0.5184051006869407,OPA1,False
C4_core,GO_BP,GOBP_EPHRIN_RECEPTOR_SIGNALING_PATHWAY,Ephrin receptor signaling pathway,1,47,126,0.0079,0.0032,2.498,0.33144781662301903,0.5184051006869407,EFNA1,False
C4_core,GO_BP,GOBP_APPENDAGE_DEVELOPMENT,Appendage development,2,139,126,0.0159,0.0094,1.689,0.33211431757757365,0.5186371792436056,"KAT2B, FERMT2",False
C4_core,GO_BP,GOBP_NEURAL_TUBE_DEVELOPMENT,Neural tube development,2,139,126,0.0159,0.0094,1.689,0.33211431757757365,0.5186371792436056,"BMI1, OPA1",False
C4_core,GO_BP,GOBP_CONNECTIVE_TISSUE_DEVELOPMENT,Connective tissue development,3,239,126,0.0238,0.0162,1.474,0.3330401494343344,0.5196776143160853,"BMP10, PIK3CA, PRKAA1",False
C4_core,GO_BP,GOBP_NEGATIVE_REGULATION_OF_LYMPHOCYTE_ACTIVATION,Negative regulation of lymphocyte activation,2,140,126,0.0159,0.0095,1.677,0.33522793283016644,0.5212311358527222,"UFL1, HMGB1",False
C4_core,GO_BP,GOBP_ORGANOPHOSPHATE_ESTER_TRANSPORT,Organophosphate ester transport,2,140,126,0.0159,0.0095,1.677,0.33522793283016644,0.5212311358527222,"CERT1, CETP",False
C4_core,GO_BP,GOBP_MICROTUBULE_ORGANIZING_CENTER_ORGANIZATION,Microtubule organizing center organization,2,140,126,0.0159,0.0095,1.677,0.33522793283016644,0.5212311358527222,"CEP120, KAT2B",False
C4_core,GO_BP,GOBP_NEGATIVE_REGULATION_OF_NEURON_DIFFERENTIATION,Negative regulation of neuron differentiation,1,48,126,0.0079,0.0032,2.446,0.33716000046417344,0.5212311358527222,SPAG9,False
C4_core,GO_BP,GOBP_ICOSANOID_TRANSPORT,Icosanoid transport,1,48,126,0.0079,0.0032,2.446,0.33716000046417344,0.5212311358527222,PNPLA8,False
C4_core,GO_BP,GOBP_POSITIVE_REGULATION_OF_DEPHOSPHORYLATION,Positive regulation of dephosphorylation,1,48,126,0.0079,0.0032,2.446,0.33716000046417344,0.5212311358527222,ITGA1,False
C4_core,GO_BP,GOBP_IMPORT_INTO_THE_MITOCHONDRION,Import into the mitochondrion,1,48,126,0.0079,0.0032,2.446,0.33716000046417344,0.5212311358527222,GRPEL1,False
C4_core,GO_BP,GOBP_ATTACHMENT_OF_SPINDLE_MICROTUBULES_TO_KINETOCHORE,Attachment of spindle microtubules to kinetochore,1,48,126,0.0079,0.0032,2.446,0.33716000046417344,0.5212311358527222,KAT2B,False
C4_core,GO_BP,GOBP_REGULATION_OF_LAMELLIPODIUM_ORGANIZATION,Regulation of lamellipodium organization,1,48,126,0.0079,0.0032,2.446,0.33716000046417344,0.5212311358527222,PIK3CA,False
C4_core,GO_BP,GOBP_SYNAPTIC_TRANSMISSION_GABAERGIC,Synaptic transmission gabaergic,1,48,126,0.0079,0.0032,2.446,0.33716000046417344,0.5212311358527222,CA2,False
C4_core,GO_BP,GOBP_MAST_CELL_ACTIVATION_INVOLVED_IN_IMMUNE_RESPONSE,Mast cell activation involved in immune response,1,48,126,0.0079,0.0032,2.446,0.33716000046417344,0.5212311358527222,SNX4,False
C4_core,GO_BP,GOBP_ENDOLYSOSOMAL_TOLL_LIKE_RECEPTOR_SIGNALING_PATHWAY,Endolysosomal toll like receptor signaling pathway,1,48,126,0.0079,0.0032,2.446,0.33716000046417344,0.5212311358527222,HMGB1,False
C4_core,GO_BP,GOBP_REGULATION_OF_SYSTEM_PROCESS,Regulation of system process,5,451,126,0.0397,0.0305,1.302,0.33950232222503696,0.5236110619103075,"MEF2A, HEY2, BMP10, CAMK2D, FXYD1",False
C4_core,GO_BP,GOBP_RESPONSE_TO_VIRUS,Response to virus,4,347,126,0.0317,0.0235,1.353,0.3425767175245943,0.5236110619103075,"DHX36, HERC5, TANK, AZI2",False
C4_core,GO_BP,GOBP_POSITIVE_REGULATION_OF_FIBROBLAST_PROLIFERATION,Positive regulation of fibroblast proliferation,1,49,126,0.0079,0.0033,2.396,0.3428237628364449,0.5236110619103075,BMI1,False
C4_core,GO_BP,GOBP_SYNAPTIC_VESICLE_LOCALIZATION,Synaptic vesicle localization,1,49,126,0.0079,0.0033,2.396,0.3428237628364449,0.5236110619103075,PICALM,False
C4_core,GO_BP,GOBP_CELL_CELL_RECOGNITION,Cell cell recognition,1,49,126,0.0079,0.0033,2.396,0.3428237628364449,0.5236110619103075,FETUB,False
C4_core,GO_BP,GOBP_REGULATION_OF_MACROPHAGE_ACTIVATION,Regulation of macrophage activation,1,49,126,0.0079,0.0033,2.396,0.3428237628364449,0.5236110619103075,ADGRF5,False
C4_core,GO_BP,GOBP_ENDOCHONDRAL_BONE_MORPHOGENESIS,Endochondral bone morphogenesis,1,49,126,0.0079,0.0033,2.396,0.3428237628364449,0.5236110619103075,NAB1,False
C4_core,GO_BP,GOBP_REGULATION_OF_MULTICELLULAR_ORGANISM_GROWTH,Regulation of multicellular organism growth,1,49,126,0.0079,0.0033,2.396,0.3428237628364449,0.5236110619103075,PIK3CA,False
C4_core,GO_BP,GOBP_RESPONSE_TO_FATTY_ACID,Response to fatty acid,1,49,126,0.0079,0.0033,2.396,0.3428237628364449,0.5236110619103075,PIK3CA,False
C4_core,GO_BP,GOBP_POSITIVE_REGULATION_OF_STRESS_FIBER_ASSEMBLY,Positive regulation of stress fiber assembly,1,49,126,0.0079,0.0033,2.396,0.3428237628364449,0.5236110619103075,FERMT2,False
C4_core,GO_BP,GOBP_RESPONSE_TO_CADMIUM_ION,Response to cadmium ion,1,49,126,0.0079,0.0033,2.396,0.3428237628364449,0.5236110619103075,MAPK8,False
C4_core,GO_BP,GOBP_MODULATION_BY_SYMBIONT_OF_ENTRY_INTO_HOST,Modulation by symbiont of entry into host,1,49,126,0.0079,0.0033,2.396,0.3428237628364449,0.5236110619103075,HMGB1,False
C4_core,GO_BP,GOBP_NEUTRAL_LIPID_BIOSYNTHETIC_PROCESS,Neutral lipid biosynthetic process,1,49,126,0.0079,0.0033,2.396,0.3428237628364449,0.5236110619103075,PCK1,False
C4_core,GO_BP,GOBP_ARACHIDONIC_ACID_METABOLIC_PROCESS,Arachidonic acid metabolic process,1,49,126,0.0079,0.0033,2.396,0.3428237628364449,0.5236110619103075,PNPLA8,False
C4_core,GO_BP,GOBP_REGULATION_OF_GLUCOSE_IMPORT,Regulation of glucose import,1,49,126,0.0079,0.0033,2.396,0.3428237628364449,0.5236110619103075,MEF2A,False
C4_core,GO_BP,GOBP_REGULATION_OF_ESTABLISHMENT_OF_PROTEIN_LOCALIZATION,Regulation of establishment of protein localization,5,453,126,0.0397,0.0306,1.296,0.3428841669152913,0.5236110619103075,"PRKAA1, SYBU, UBE2D3, CEP120, NDFIP2",False
C4_core,GO_BP,GOBP_MITOCHONDRION_ORGANIZATION,Mitochondrion organization,5,454,126,0.0397,0.0307,1.293,0.34457611134515775,0.5257937308788154,"MEF2A, CERT1, NDUFA5, OPA1, RB1CC1",False
C4_core,GO_BP,GOBP_REGULATION_OF_KINASE_ACTIVITY,Regulation of kinase activity,5,455,126,0.0397,0.0308,1.29,0.34626869186012854,0.5276670960021721,"FERMT2, ERN1, EFNA1, HERC5, SYAP1",False
C4_core,GO_BP,GOBP_LEUKOCYTE_MEDIATED_IMMUNITY,Leukocyte mediated immunity,4,349,126,0.0317,0.0236,1.346,0.3464536145397195,0.5276670960021721,"DHX36, SNX4, HMGB1, UFL1",False
C4_core,GO_BP,GOBP_RESPONSE_TO_TRANSFORMING_GROWTH_FACTOR_BETA,Response to transforming growth factor beta,3,245,126,0.0238,0.0166,1.438,0.3470352625142818,0.5276670960021721,"TGFBR3, FERMT2, LEMD3",False
C4_core,GO_BP,GOBP_NEGATIVE_REGULATION_OF_CYTOSKELETON_ORGANIZATION,Negative regulation of cytoskeleton organization,2,144,126,0.0159,0.0097,1.631,0.347639496842647,0.5276670960021721,"KAT2B, PIK3CA",False
C4_core,GO_BP,GOBP_ACTIN_NUCLEATION,Actin nucleation,1,50,126,0.0079,0.0034,2.348,0.34843951094648923,0.5276670960021721,AP1AR,False
C4_core,GO_BP,GOBP_ORGANIC_HYDROXY_COMPOUND_CATABOLIC_PROCESS,Organic hydroxy compound catabolic process,1,50,126,0.0079,0.0034,2.348,0.34843951094648923,0.5276670960021721,SULT1A2,False
C4_core,GO_BP,GOBP_CELLULAR_RESPONSE_TO_OSMOTIC_STRESS,Cellular response to osmotic stress,1,50,126,0.0079,0.0034,2.348,0.34843951094648923,0.5276670960021721,PCK1,False
C4_core,GO_BP,GOBP_PRESYNAPSE_ORGANIZATION,Presynapse organization,1,50,126,0.0079,0.0034,2.348,0.34843951094648923,0.5276670960021721,PTPRD,False
C4_core,GO_BP,GOBP_GLIAL_CELL_PROLIFERATION,Glial cell proliferation,1,50,126,0.0079,0.0034,2.348,0.34843951094648923,0.5276670960021721,UFL1,False
C4_core,GO_BP,GOBP_REGULATION_OF_LYMPHOCYTE_APOPTOTIC_PROCESS,Regulation of lymphocyte apoptotic process,1,50,126,0.0079,0.0034,2.348,0.34843951094648923,0.5276670960021721,EFNA1,False
C4_core,GO_BP,GOBP_POSITIVE_REGULATION_OF_GENE_EXPRESSION_EPIGENETIC,Positive regulation of gene expression epigenetic,1,51,126,0.0079,0.0034,2.302,0.35400764860389167,0.5324999339103036,KAT2B,False
C4_core,GO_BP,GOBP_REGULATION_OF_BEHAVIOR,Regulation of behavior,1,51,126,0.0079,0.0034,2.302,0.35400764860389167,0.5324999339103036,CFAP20,False
C4_core,GO_BP,GOBP_REGULATION_OF_CALCIUM_ION_TRANSMEMBRANE_TRANSPORTER_ACTIVITY,Regulation of calcium ion transmembrane transporter activity,1,51,126,0.0079,0.0034,2.302,0.35400764860389167,0.5324999339103036,CAMK2D,False
C4_core,GO_BP,GOBP_REGULATION_OF_ACTION_POTENTIAL,Regulation of action potential,1,51,126,0.0079,0.0034,2.302,0.35400764860389167,0.5324999339103036,CAMK2D,False
C4_core,GO_BP,GOBP_NEGATIVE_REGULATION_OF_EPITHELIAL_CELL_APOPTOTIC_PROCESS,Negative regulation of epithelial cell apoptotic process,1,51,126,0.0079,0.0034,2.302,0.35400764860389167,0.5324999339103036,PRKAA1,False
C4_core,GO_BP,GOBP_PROTEIN_LOCALIZATION_TO_LYSOSOME,Protein localization to lysosome,1,51,126,0.0079,0.0034,2.302,0.35400764860389167,0.5324999339103036,ZFYVE16,False
C4_core,GO_BP,GOBP_MESENCHYME_MORPHOGENESIS,Mesenchyme morphogenesis,1,51,126,0.0079,0.0034,2.302,0.35400764860389167,0.5324999339103036,HEY2,False
C4_core,GO_BP,GOBP_PHOSPHOLIPID_CATABOLIC_PROCESS,Phospholipid catabolic process,1,51,126,0.0079,0.0034,2.302,0.35400764860389167,0.5324999339103036,PNPLA8,False
C4_core,GO_BP,GOBP_DEPHOSPHORYLATION,Dephosphorylation,3,248,126,0.0238,0.0168,1.42,0.35402468133597104,0.5324999339103036,"PLPP3, ITGA1, PTPRD",False
C4_core,GO_BP,GOBP_REGULATION_OF_CELL_GROWTH,Regulation of cell growth,4,354,126,0.0317,0.0239,1.327,0.35615014011578944,0.5352947301139718,"RICTOR, BMP10, CAMK2D, SPAG9",False
C4_core,GO_BP,GOBP_T_CELL_APOPTOTIC_PROCESS,T cell apoptotic process,1,52,126,0.0079,0.0035,2.258,0.3595285762492766,0.5366931823356185,EFNA1,False
C4_core,GO_BP,GOBP_REGULATION_OF_OXIDOREDUCTASE_ACTIVITY,Regulation of oxidoreductase activity,1,52,126,0.0079,0.0035,2.258,0.3595285762492766,0.5366931823356185,HP,False
C4_core,GO_BP,GOBP_LONG_CHAIN_FATTY_ACID_TRANSPORT,Long chain fatty acid transport,1,52,126,0.0079,0.0035,2.258,0.3595285762492766,0.5366931823356185,PNPLA8,False
C4_core,GO_BP,GOBP_POSITIVE_CHEMOTAXIS,Positive chemotaxis,1,52,126,0.0079,0.0035,2.258,0.3595285762492766,0.5366931823356185,HMGB1,False
C4_core,GO_BP,GOBP_POSITIVE_REGULATION_OF_EPITHELIAL_TO_MESENCHYMAL_TRANSITION,Positive regulation of epithelial to mesenchymal transition,1,52,126,0.0079,0.0035,2.258,0.3595285762492766,0.5366931823356185,FERMT2,False
C4_core,GO_BP,GOBP_NUCLEAR_ENVELOPE_ORGANIZATION,Nuclear envelope organization,1,52,126,0.0079,0.0035,2.258,0.3595285762492766,0.5366931823356185,TOR1AIP1,False
C4_core,GO_BP,GOBP_ADHERENS_JUNCTION_ORGANIZATION,Adherens junction organization,1,52,126,0.0079,0.0035,2.258,0.3595285762492766,0.5366931823356185,FERMT2,False
C4_core,GO_BP,GOBP_RIBOSOME_ASSEMBLY,Ribosome assembly,1,52,126,0.0079,0.0035,2.258,0.3595285762492766,0.5366931823356185,EIF5,False
C4_core,GO_BP,GOBP_ESTABLISHMENT_OF_CELL_POLARITY,Establishment of cell polarity,2,148,126,0.0159,0.01,1.587,0.35997530548523154,0.5366931823356185,"RICTOR, FRMD4B",False
C4_core,GO_BP,GOBP_SULFUR_COMPOUND_BIOSYNTHETIC_PROCESS,Sulfur compound biosynthetic process,2,148,126,0.0159,0.01,1.587,0.35997530548523154,0.5366931823356185,"CTH, SLC19A2",False
C4_core,GO_BP,GOBP_MICROTUBULE_BASED_MOVEMENT,Microtubule based movement,4,356,126,0.0317,0.0241,1.319,0.36002944249587193,0.5366931823356185,"KTN1, SYBU, CFAP20, OPA1",False
C4_core,GO_BP,GOBP_POSITIVE_REGULATION_OF_NERVOUS_SYSTEM_DEVELOPMENT,Positive regulation of nervous system development,3,252,126,0.0238,0.017,1.398,0.36333068920759554,0.5385632781050594,"DHX36, UFL1, PTPRD",False
C4_core,GO_BP,GOBP_POSITIVE_REGULATION_OF_PROGRAMMED_CELL_DEATH,Positive regulation of programmed cell death,5,466,126,0.0397,0.0315,1.26,0.36491945957938826,0.5385632781050594,"ITGA1, MAPK8, CAMK2D, HMGB1, CTNNBL1",False
C4_core,GO_BP,GOBP_RNA_POLYMERASE_II_PREINITIATION_COMPLEX_ASSEMBLY,Rna polymerase ii preinitiation complex assembly,1,53,126,0.0079,0.0036,2.215,0.36500269098218896,0.5385632781050594,HMGB1,False
C4_core,GO_BP,GOBP_VESICLE_CYTOSKELETAL_TRAFFICKING,Vesicle cytoskeletal trafficking,1,53,126,0.0079,0.0036,2.215,0.36500269098218896,0.5385632781050594,SYBU,False
C4_core,GO_BP,GOBP_NADH_DEHYDROGENASE_COMPLEX_ASSEMBLY,Nadh dehydrogenase complex assembly,1,53,126,0.0079,0.0036,2.215,0.36500269098218896,0.5385632781050594,NDUFA5,False
C4_core,GO_BP,GOBP_CELLULAR_RESPONSE_TO_CORTICOSTEROID_STIMULUS,Cellular response to corticosteroid stimulus,1,53,126,0.0079,0.0036,2.215,0.36500269098218896,0.5385632781050594,PCK1,False
C4_core,GO_BP,GOBP_POLYOL_BIOSYNTHETIC_PROCESS,Polyol biosynthetic process,1,53,126,0.0079,0.0036,2.215,0.36500269098218896,0.5385632781050594,PCK1,False
C4_core,GO_BP,GOBP_POSITIVE_REGULATION_OF_WOUND_HEALING,Positive regulation of wound healing,1,53,126,0.0079,0.0036,2.215,0.36500269098218896,0.5385632781050594,FERMT2,False
C4_core,GO_BP,GOBP_CELL_MIGRATION_INVOLVED_IN_SPROUTING_ANGIOGENESIS,Cell migration involved in sprouting angiogenesis,1,53,126,0.0079,0.0036,2.215,0.36500269098218896,0.5385632781050594,TGFBR3,False
C4_core,GO_BP,GOBP_NEGATIVE_REGULATION_OF_LYMPHOCYTE_MEDIATED_IMMUNITY,Negative regulation of lymphocyte mediated immunity,1,53,126,0.0079,0.0036,2.215,0.36500269098218896,0.5385632781050594,UFL1,False
C4_core,GO_BP,GOBP_RESPONSE_TO_AMINO_ACID_STARVATION,Response to amino acid starvation,1,53,126,0.0079,0.0036,2.215,0.36500269098218896,0.5385632781050594,MAPK8,False
C4_core,GO_BP,GOBP_REGULATION_OF_PATTERN_RECOGNITION_RECEPTOR_SIGNALING_PATHWAY,Regulation of pattern recognition receptor signaling pathway,2,150,126,0.0159,0.0101,1.566,0.36611198740357215,0.5385632781050594,"HMGB1, MAPK8",False
C4_core,GO_BP,GOBP_CYTOPLASMIC_TRANSLATION,Cytoplasmic translation,2,150,126,0.0159,0.0101,1.566,0.36611198740357215,0.5385632781050594,"DHX36, EIF5",False
C4_core,GO_BP,GOBP_EPITHELIAL_CELL_PROLIFERATION,Epithelial cell proliferation,4,360,126,0.0317,0.0243,1.305,0.36778713169658306,0.5385632781050594,"ERN1, HMGB1, RICTOR, TGFBR3",False
C4_core,GO_BP,GOBP_RESPONSE_TO_TEMPERATURE_STIMULUS,Response to temperature stimulus,2,151,126,0.0159,0.0102,1.555,0.3691720561662113,0.5385632781050594,"DHX36, PRKAA1",False
C4_core,GO_BP,GOBP_VACUOLAR_TRANSPORT,Vacuolar transport,2,151,126,0.0159,0.0102,1.555,0.3691720561662113,0.5385632781050594,"ZFYVE16, NDFIP2",False
C4_core,GO_BP,GOBP_REGULATION_OF_HEMOPOIESIS,Regulation of hemopoiesis,4,361,126,0.0317,0.0244,1.301,0.3697260891930039,0.5385632781050594,"PNP, HMGB1, OPA1, PCK1",False
C4_core,GO_BP,GOBP_RHYTHMIC_PROCESS,Rhythmic process,3,255,126,0.0238,0.0172,1.381,0.37029762495244006,0.5385632781050594,"KAT2B, PRKAA1, MAPK8",False
C4_core,GO_BP,GOBP_CHOLESTEROL_EFFLUX,Cholesterol efflux,1,54,126,0.0079,0.0037,2.174,0.37043038658874466,0.5385632781050594,CETP,False
C4_core,GO_BP,GOBP_REGULATION_OF_B_CELL_PROLIFERATION,Regulation of b cell proliferation,1,54,126,0.0079,0.0037,2.174,0.37043038658874466,0.5385632781050594,BMI1,False
C4_core,GO_BP,GOBP_POSITIVE_REGULATION_OF_SYNAPSE_ASSEMBLY,Positive regulation of synapse assembly,1,54,126,0.0079,0.0037,2.174,0.37043038658874466,0.5385632781050594,PTPRD,False
C4_core,GO_BP,GOBP_NEURAL_NUCLEUS_DEVELOPMENT,Neural nucleus development,1,54,126,0.0079,0.0037,2.174,0.37043038658874466,0.5385632781050594,ZNF148,False
C4_core,GO_BP,GOBP_IRON_ION_TRANSPORT,Iron ion transport,1,54,126,0.0079,0.0037,2.174,0.37043038658874466,0.5385632781050594,CP,False
C4_core,GO_BP,GOBP_NEGATIVE_REGULATION_OF_MUSCLE_CELL_DIFFERENTIATION,Negative regulation of muscle cell differentiation,1,54,126,0.0079,0.0037,2.174,0.37043038658874466,0.5385632781050594,HEY2,False
C4_core,GO_BP,GOBP_REGULATION_OF_BIOLOGICAL_PROCESS_INVOLVED_IN_SYMBIOTIC_INTERACTION,Regulation of biological process involved in symbiotic interaction,1,54,126,0.0079,0.0037,2.174,0.37043038658874466,0.5385632781050594,HMGB1,False
C4_core,GO_BP,GOBP_GLYCOSPHINGOLIPID_METABOLIC_PROCESS,Glycosphingolipid metabolic process,1,54,126,0.0079,0.0037,2.174,0.37043038658874466,0.5385632781050594,PRKAA1,False
C4_core,GO_BP,GOBP_REGULATION_OF_VACUOLE_ORGANIZATION,Regulation of vacuole organization,1,54,126,0.0079,0.0037,2.174,0.37043038658874466,0.5385632781050594,SNX4,False
C4_core,GO_BP,GOBP_NEGATIVE_REGULATION_OF_CELL_SUBSTRATE_ADHESION,Negative regulation of cell substrate adhesion,1,54,126,0.0079,0.0037,2.174,0.37043038658874466,0.5385632781050594,AP1AR,False
C4_core,GO_BP,GOBP_REGULATION_OF_MITOTIC_SISTER_CHROMATID_SEGREGATION,Regulation of mitotic sister chromatid segregation,1,54,126,0.0079,0.0037,2.174,0.37043038658874466,0.5385632781050594,KAT2B,False
C4_core,GO_BP,GOBP_POSITIVE_REGULATION_OF_CELL_MATRIX_ADHESION,Positive regulation of cell matrix adhesion,1,54,126,0.0079,0.0037,2.174,0.37043038658874466,0.5385632781050594,FERMT2,False
C4_core,GO_BP,GOBP_ESTABLISHMENT_OR_MAINTENANCE_OF_BIPOLAR_CELL_POLARITY,Establishment or maintenance of bipolar cell polarity,1,54,126,0.0079,0.0037,2.174,0.37043038658874466,0.5385632781050594,LIN7C,False
C4_core,GO_BP,GOBP_REGULATION_OF_STEROL_TRANSPORT,Regulation of sterol transport,1,54,126,0.0079,0.0037,2.174,0.37043038658874466,0.5385632781050594,CETP,False
C4_core,GO_BP,GOBP_POSITIVE_REGULATION_OF_INTERLEUKIN_8_PRODUCTION,Positive regulation of interleukin 8 production,1,54,126,0.0079,0.0037,2.174,0.37043038658874466,0.5385632781050594,HMGB1,False
C4_core,GO_BP,GOBP_NON_MOTILE_CILIUM_ASSEMBLY,Non motile cilium assembly,1,54,126,0.0079,0.0037,2.174,0.37043038658874466,0.5385632781050594,ATMIN,False
C4_core,GO_BP,GOBP_REGULATION_OF_UBIQUITIN_DEPENDENT_PROTEIN_CATABOLIC_PROCESS,Regulation of ubiquitin dependent protein catabolic process,2,152,126,0.0159,0.0103,1.545,0.3722264393268014,0.5404998069290625,"UFL1, RNF139",False
C4_core,GO_BP,GOBP_NEGATIVE_REGULATION_OF_CATALYTIC_ACTIVITY,Negative regulation of catalytic activity,4,363,126,0.0317,0.0245,1.294,0.37360312176268723,0.5404998069290625,"SERPINA4, TMBIM6, FETUB, HP",False
C4_core,GO_BP,GOBP_REGULATION_OF_ENDOCYTOSIS,Regulation of endocytosis,3,257,126,0.0238,0.0174,1.371,0.37493515596902965,0.5404998069290625,"PICALM, ZFYVE16, HMGB1",False
C4_core,GO_BP,GOBP_SODIUM_ION_TRANSMEMBRANE_TRANSPORT,Sodium ion transmembrane transport,2,153,126,0.0159,0.0103,1.535,0.3752750119615736,0.5404998069290625,"CAMK2D, FXYD1",False
C4_core,GO_BP,GOBP_CALCIUM_ION_TRANSMEMBRANE_IMPORT_INTO_CYTOSOL,Calcium ion transmembrane import into cytosol,2,153,126,0.0159,0.0103,1.535,0.3752750119615736,0.5404998069290625,"TMBIM6, CAMK2D",False
C4_core,GO_BP,GOBP_MONOCARBOXYLIC_ACID_TRANSPORT,Monocarboxylic acid transport,2,153,126,0.0159,0.0103,1.535,0.3752750119615736,0.5404998069290625,"PNPLA8, PRKAA1",False
C4_core,GO_BP,GOBP_NEGATIVE_REGULATION_OF_CELL_GROWTH,Negative regulation of cell growth,2,153,126,0.0159,0.0103,1.535,0.3752750119615736,0.5404998069290625,"SPAG9, BMP10",False
C4_core,GO_BP,GOBP_MITOCHONDRIAL_RNA_METABOLIC_PROCESS,Mitochondrial rna metabolic process,1,55,126,0.0079,0.0037,2.135,0.37581205356905845,0.5404998069290625,PRKAA1,False
C4_core,GO_BP,GOBP_REGULATION_OF_ATP_DEPENDENT_ACTIVITY,Regulation of atp dependent activity,1,55,126,0.0079,0.0037,2.135,0.37581205356905845,0.5404998069290625,TOR1AIP1,False
C4_core,GO_BP,GOBP_COMPLEMENT_ACTIVATION,Complement activation,1,55,126,0.0079,0.0037,2.135,0.37581205356905845,0.5404998069290625,CFB,False
C4_core,GO_BP,GOBP_SNRNA_METABOLIC_PROCESS,Snrna metabolic process,1,55,126,0.0079,0.0037,2.135,0.37581205356905845,0.5404998069290625,ELL2,False
C4_core,GO_BP,GOBP_ACTIN_FILAMENT_DEPOLYMERIZATION,Actin filament depolymerization,1,55,126,0.0079,0.0037,2.135,0.37581205356905845,0.5404998069290625,PIK3CA,False
C4_core,GO_BP,GOBP_EMBRYONIC_SKELETAL_SYSTEM_MORPHOGENESIS,Embryonic skeletal system morphogenesis,1,55,126,0.0079,0.0037,2.135,0.37581205356905845,0.5404998069290625,BMI1,False
C4_core,GO_BP,GOBP_VASCULAR_ASSOCIATED_SMOOTH_MUSCLE_CELL_PROLIFERATION,Vascular associated smooth muscle cell proliferation,1,55,126,0.0079,0.0037,2.135,0.37581205356905845,0.5404998069290625,ERN1,False
C4_core,GO_BP,GOBP_INSULIN_SECRETION_INVOLVED_IN_CELLULAR_RESPONSE_TO_GLUCOSE_STIMULUS,Insulin secretion involved in cellular response to glucose stimulus,1,55,126,0.0079,0.0037,2.135,0.37581205356905845,0.5404998069290625,SYBU,False
C4_core,GO_BP,GOBP_STEROID_BIOSYNTHETIC_PROCESS,Steroid biosynthetic process,2,154,126,0.0159,0.0104,1.525,0.3783176516502562,0.5426207985551672,"ERLIN2, PRKAA1",False
C4_core,GO_BP,GOBP_HORMONE_MEDIATED_SIGNALING_PATHWAY,Hormone mediated signaling pathway,2,154,126,0.0159,0.0104,1.525,0.3783176516502562,0.5426207985551672,"UFL1, ABHD2",False
C4_core,GO_BP,GOBP_PROTEIN_MATURATION,Protein maturation,5,474,126,0.0397,0.032,1.239,0.3785042445209246,0.5426207985551672,"NAA50, RNF139, GRPEL1, KAT2B, CPN1",False
C4_core,GO_BP,GOBP_CYTOPLASMIC_MICROTUBULE_ORGANIZATION,Cytoplasmic microtubule organization,1,56,126,0.0079,0.0038,2.097,0.381148079164438,0.5426207985551672,CEP120,False
C4_core,GO_BP,GOBP_REGULATION_OF_TUMOR_NECROSIS_FACTOR_MEDIATED_SIGNALING_PATHWAY,Regulation of tumor necrosis factor mediated signaling pathway,1,56,126,0.0079,0.0038,2.097,0.381148079164438,0.5426207985551672,TANK,False
C4_core,GO_BP,GOBP_INTERLEUKIN_10_PRODUCTION,Interleukin 10 production,1,56,126,0.0079,0.0038,2.097,0.381148079164438,0.5426207985551672,HMGB1,False
C4_core,GO_BP,GOBP_FC_RECEPTOR_SIGNALING_PATHWAY,Fc receptor signaling pathway,1,56,126,0.0079,0.0038,2.097,0.381148079164438,0.5426207985551672,MAPK8,False
C4_core,GO_BP,GOBP_ESTABLISHMENT_OF_PROTEIN_LOCALIZATION_TO_VACUOLE,Establishment of protein localization to vacuole,1,56,126,0.0079,0.0038,2.097,0.381148079164438,0.5426207985551672,ZFYVE16,False
C4_core,GO_BP,GOBP_REGULATION_OF_LIPID_CATABOLIC_PROCESS,Regulation of lipid catabolic process,1,56,126,0.0079,0.0038,2.097,0.381148079164438,0.5426207985551672,PRKAA1,False
C4_core,GO_BP,GOBP_POSITIVE_REGULATION_OF_FAT_CELL_DIFFERENTIATION,Positive regulation of fat cell differentiation,1,56,126,0.0079,0.0038,2.097,0.381148079164438,0.5426207985551672,SYAP1,False
C4_core,GO_BP,GOBP_POSITIVE_REGULATION_OF_DNA_TEMPLATED_TRANSCRIPTION_ELONGATION,Positive regulation of dna templated transcription elongation,1,56,126,0.0079,0.0038,2.097,0.381148079164438,0.5426207985551672,ELL2,False
C4_core,GO_BP,GOBP_MITOTIC_METAPHASE_CHROMOSOME_ALIGNMENT,Mitotic metaphase chromosome alignment,1,56,126,0.0079,0.0038,2.097,0.381148079164438,0.5426207985551672,KAT2B,False
C4_core,GO_BP,GOBP_POSITIVE_REGULATION_OF_NEURON_APOPTOTIC_PROCESS,Positive regulation of neuron apoptotic process,1,56,126,0.0079,0.0038,2.097,0.381148079164438,0.5426207985551672,ITGA1,False
C4_core,GO_BP,GOBP_T_CELL_SELECTION,T cell selection,1,56,126,0.0079,0.0038,2.097,0.381148079164438,0.5426207985551672,OPA1,False
C4_core,GO_BP,GOBP_GLAND_DEVELOPMENT,Gland development,4,367,126,0.0317,0.0248,1.28,0.381352379404156,0.5426207985551672,"RB1CC1, TGFBR3, PIK3CA, PCK1",False
C4_core,GO_BP,GOBP_PHOSPHATIDYLINOSITOL_3_KINASE_PROTEIN_KINASE_B_SIGNAL_TRANSDUCTION,Phosphatidylinositol 3 kinase protein kinase b signal transduction,3,260,126,0.0238,0.0176,1.355,0.38187937942623856,0.542984742621683,"RICTOR, FERMT2, PIK3CA",False
C4_core,GO_BP,GOBP_REGULATION_OF_MONOATOMIC_ION_TRANSPORT,Regulation of monoatomic ion transport,4,368,126,0.0317,0.0249,1.276,0.38328842922704104,0.5446014445085423,"TMBIM6, CA2, FXYD1, CAMK2D",False
C4_core,GO_BP,GOBP_NEGATIVE_REGULATION_OF_CELL_ADHESION,Negative regulation of cell adhesion,3,261,126,0.0238,0.0176,1.35,0.3841906206201668,0.5449986394944558,"AP1AR, UFL1, HMGB1",False
C4_core,GO_BP,GOBP_CELLULAR_RESPONSE_TO_RADIATION,Cellular response to radiation,2,156,126,0.0159,0.0105,1.505,0.38438465482825757,0.5449986394944558,"DHX36, TANK",False
C4_core,GO_BP,GOBP_MITOCHONDRIAL_GENE_EXPRESSION,Mitochondrial gene expression,2,156,126,0.0159,0.0105,1.505,0.38438465482825757,0.5449986394944558,"SHMT2, PRKAA1",False
C4_core,GO_BP,GOBP_NUCLEAR_TRANSCRIBED_MRNA_CATABOLIC_PROCESS_DEADENYLATION_DEPENDENT_DECAY,Nuclear transcribed mrna catabolic process deadenylation dependent decay,1,57,126,0.0079,0.0039,2.06,0.386438847384365,0.5455927873508454,DHX36,False
C4_core,GO_BP,GOBP_REGULATION_OF_TELOMERE_MAINTENANCE_VIA_TELOMERE_LENGTHENING,Regulation of telomere maintenance via telomere lengthening,1,57,126,0.0079,0.0039,2.06,0.386438847384365,0.5455927873508454,DHX36,False
C4_core,GO_BP,GOBP_NEGATIVE_REGULATION_OF_ADAPTIVE_IMMUNE_RESPONSE,Negative regulation of adaptive immune response,1,57,126,0.0079,0.0039,2.06,0.386438847384365,0.5455927873508454,UFL1,False
C4_core,GO_BP,GOBP_AORTA_DEVELOPMENT,Aorta development,1,57,126,0.0079,0.0039,2.06,0.386438847384365,0.5455927873508454,HEY2,False
C4_core,GO_BP,GOBP_CELLULAR_RESPONSE_TO_RETINOIC_ACID,Cellular response to retinoic acid,1,57,126,0.0079,0.0039,2.06,0.386438847384365,0.5455927873508454,PCK1,False
C4_core,GO_BP,GOBP_RESPONSE_TO_ESTROGEN,Response to estrogen,1,57,126,0.0079,0.0039,2.06,0.386438847384365,0.5455927873508454,PRKAA1,False
C4_core,GO_BP,GOBP_RESPONSE_TO_RADIATION,Response to radiation,4,370,126,0.0317,0.025,1.269,0.3871587000646392,0.5462239024167778,"DHX36, TANK, PRKAA1, MAPK8",False
C4_core,GO_BP,GOBP_CALCIUM_ION_HOMEOSTASIS,Calcium ion homeostasis,3,263,126,0.0238,0.0178,1.339,0.38880744071365536,0.5481637297948859,"NT5E, TMBIM6, CAMK2D",False
C4_core,GO_BP,GOBP_REGULATION_OF_PROTEIN_CONTAINING_COMPLEX_ASSEMBLY,Regulation of protein containing complex assembly,4,371,126,0.0317,0.0251,1.266,0.3890928332414019,0.5481800507736008,"RICTOR, HMGB1, FERMT2, MAPK8",False
C4_core,GO_BP,GOBP_CYTOPLASMIC_PATTERN_RECOGNITION_RECEPTOR_SIGNALING_PATHWAY,Cytoplasmic pattern recognition receptor signaling pathway,2,158,126,0.0159,0.0107,1.486,0.39042651832468067,0.5496722149690652,"HMGB1, MAPK8",False
C4_core,GO_BP,GOBP_REGULATION_OF_CARTILAGE_DEVELOPMENT,Regulation of cartilage development,1,58,126,0.0079,0.0039,2.024,0.3916847390332462,0.5498968075347538,BMP10,False
C4_core,GO_BP,GOBP_MECHANORECEPTOR_DIFFERENTIATION,Mechanoreceptor differentiation,1,58,126,0.0079,0.0039,2.024,0.3916847390332462,0.5498968075347538,HEY2,False
C4_core,GO_BP,GOBP_INTERLEUKIN_12_PRODUCTION,Interleukin 12 production,1,58,126,0.0079,0.0039,2.024,0.3916847390332462,0.5498968075347538,HMGB1,False
C4_core,GO_BP,GOBP_POSITIVE_REGULATION_OF_ACTIN_FILAMENT_BUNDLE_ASSEMBLY,Positive regulation of actin filament bundle assembly,1,58,126,0.0079,0.0039,2.024,0.3916847390332462,0.5498968075347538,FERMT2,False
C4_core,GO_BP,GOBP_NEGATIVE_REGULATION_OF_CELL_PROJECTION_ORGANIZATION,Negative regulation of cell projection organization,2,159,126,0.0159,0.0107,1.477,0.39343774231350975,0.5515842857924695,"GDI2, EFNA1",False
C4_core,GO_BP,GOBP_REGULATION_OF_INTRINSIC_APOPTOTIC_SIGNALING_PATHWAY,Regulation of intrinsic apoptotic signaling pathway,2,159,126,0.0159,0.0107,1.477,0.39343774231350975,0.5515842857924695,"TMBIM6, OPA1",False
C4_core,GO_BP,GOBP_REGULATION_OF_DEFENSE_RESPONSE_TO_VIRUS,Regulation of defense response to virus,1,59,126,0.0079,0.004,1.99,0.3968861317369521,0.5525493989828777,HERC5,False
C4_core,GO_BP,GOBP_POSITIVE_REGULATION_OF_REACTIVE_OXYGEN_SPECIES_METABOLIC_PROCESS,Positive regulation of reactive oxygen species metabolic process,1,59,126,0.0079,0.004,1.99,0.3968861317369521,0.5525493989828777,DHRS4,False
C4_core,GO_BP,GOBP_SULFUR_COMPOUND_TRANSPORT,Sulfur compound transport,1,59,126,0.0079,0.004,1.99,0.3968861317369521,0.5525493989828777,SLC19A2,False
C4_core,GO_BP,GOBP_GLOMERULUS_DEVELOPMENT,Glomerulus development,1,59,126,0.0079,0.004,1.99,0.3968861317369521,0.5525493989828777,NID1,False
C4_core,GO_BP,GOBP_POSITIVE_REGULATION_OF_CHEMOKINE_PRODUCTION,Positive regulation of chemokine production,1,59,126,0.0079,0.004,1.99,0.3968861317369521,0.5525493989828777,HMGB1,False
C4_core,GO_BP,GOBP_PROTON_MOTIVE_FORCE_DRIVEN_ATP_SYNTHESIS,Proton motive force driven atp synthesis,1,59,126,0.0079,0.004,1.99,0.3968861317369521,0.5525493989828777,NDUFA5,False
C4_core,GO_BP,GOBP_EXPORT_ACROSS_PLASMA_MEMBRANE,Export across plasma membrane,1,59,126,0.0079,0.004,1.99,0.3968861317369521,0.5525493989828777,FXYD1,False
C4_core,GO_BP,GOBP_PHOSPHATIDYLINOSITOL_PHOSPHATE_BIOSYNTHETIC_PROCESS,Phosphatidylinositol phosphate biosynthetic process,1,59,126,0.0079,0.004,1.99,0.3968861317369521,0.5525493989828777,PIK3CA,False
C4_core,GO_BP,GOBP_NEGATIVE_REGULATION_OF_PROTEOLYSIS_INVOLVED_IN_PROTEIN_CATABOLIC_PROCESS,Negative regulation of proteolysis involved in protein catabolic process,1,59,126,0.0079,0.004,1.99,0.3968861317369521,0.5525493989828777,EFNA1,False
C4_core,GO_BP,GOBP_MOTILE_CILIUM_ASSEMBLY,Motile cilium assembly,1,59,126,0.0079,0.004,1.99,0.3968861317369521,0.5525493989828777,ATMIN,False
C4_core,GO_BP,GOBP_MAINTENANCE_OF_PROTEIN_LOCATION_IN_CELL,Maintenance of protein location in cell,1,60,126,0.0079,0.0041,1.957,0.40204339996913024,0.558176759180443,ANKRD13C,False
C4_core,GO_BP,GOBP_POSITIVE_REGULATION_OF_OSTEOBLAST_DIFFERENTIATION,Positive regulation of osteoblast differentiation,1,60,126,0.0079,0.0041,1.957,0.40204339996913024,0.558176759180443,FERMT2,False
C4_core,GO_BP,GOBP_POSITIVE_REGULATION_OF_NEURON_DIFFERENTIATION,Positive regulation of neuron differentiation,1,60,126,0.0079,0.0041,1.957,0.40204339996913024,0.558176759180443,SPAG9,False
C4_core,GO_BP,GOBP_REGULATION_OF_PROTEIN_MATURATION,Regulation of protein maturation,1,60,126,0.0079,0.0041,1.957,0.40204339996913024,0.558176759180443,RNF139,False
C4_core,GO_BP,GOBP_DEVELOPMENTAL_MATURATION,Developmental maturation,3,269,126,0.0238,0.0182,1.309,0.4026078036951898,0.5581878648533131,"PICALM, SYBU, ABHD2",False
C4_core,GO_BP,GOBP_WOUND_HEALING,Wound healing,4,378,126,0.0317,0.0256,1.242,0.40260902939469734,0.5581878648533131,"PLPP3, FERMT2, PIK3CA, JMJD1C",False
C4_core,GO_BP,GOBP_EMBRYONIC_MORPHOGENESIS,Embryonic morphogenesis,5,489,126,0.0397,0.0331,1.201,0.40396013392766966,0.5596734865904461,"PLPP3, EFNA1, BMI1, OPA1, GREM2",False
C4_core,GO_BP,GOBP_REGULATION_OF_PROTEIN_LOCALIZATION_TO_MEMBRANE,Regulation of protein localization to membrane,2,163,126,0.0159,0.011,1.441,0.40541542435006594,0.5598855604626345,"PICALM, PIK3CA",False
C4_core,GO_BP,GOBP_REGULATION_OF_PRODUCTION_OF_MOLECULAR_MEDIATOR_OF_IMMUNE_RESPONSE,Regulation of production of molecular mediator of immune response,2,163,126,0.0159,0.011,1.441,0.40541542435006594,0.5598855604626345,"DHX36, TMBIM6",False
C4_core,GO_BP,GOBP_POSITIVE_REGULATION_OF_GLIOGENESIS,Positive regulation of gliogenesis,1,61,126,0.0079,0.0041,1.925,0.4071569150773077,0.5598855604626345,UFL1,False
C4_core,GO_BP,GOBP_WATER_SOLUBLE_VITAMIN_METABOLIC_PROCESS,Water soluble vitamin metabolic process,1,61,126,0.0079,0.0041,1.925,0.4071569150773077,0.5598855604626345,SLC19A2,False
C4_core,GO_BP,GOBP_PROTEIN_LOCALIZATION_TO_CELL_SURFACE,Protein localization to cell surface,1,61,126,0.0079,0.0041,1.925,0.4071569150773077,0.5598855604626345,PICALM,False
C4_core,GO_BP,GOBP_SOMATIC_DIVERSIFICATION_OF_IMMUNOGLOBULINS,Somatic diversification of immunoglobulins,1,61,126,0.0079,0.0041,1.925,0.4071569150773077,0.5598855604626345,CTNNBL1,False
C4_core,GO_BP,GOBP_CELLULAR_RESPONSE_TO_HEAT,Cellular response to heat,1,61,126,0.0079,0.0041,1.925,0.4071569150773077,0.5598855604626345,DHX36,False
C4_core,GO_BP,GOBP_MAST_CELL_ACTIVATION,Mast cell activation,1,61,126,0.0079,0.0041,1.925,0.4071569150773077,0.5598855604626345,SNX4,False
C4_core,GO_BP,GOBP_TRANSCRIPTION_BY_RNA_POLYMERASE_III,Transcription by rna polymerase iii,1,61,126,0.0079,0.0041,1.925,0.4071569150773077,0.5598855604626345,DHX36,False
C4_core,GO_BP,GOBP_GLYCOLIPID_BIOSYNTHETIC_PROCESS,Glycolipid biosynthetic process,1,61,126,0.0079,0.0041,1.925,0.4071569150773077,0.5598855604626345,PRKAA1,False
C4_core,GO_BP,GOBP_RESPONSE_TO_LIGHT_STIMULUS,Response to light stimulus,3,271,126,0.0238,0.0183,1.3,0.4071894985182796,0.5598855604626345,"DHX36, PRKAA1, MAPK8",False
C4_core,GO_BP,GOBP_REGULATION_OF_LYMPHOCYTE_MEDIATED_IMMUNITY,Regulation of lymphocyte mediated immunity,2,164,126,0.0159,0.0111,1.432,0.40839252912555896,0.5611543193612691,"UFL1, HMGB1",False
C4_core,GO_BP,GOBP_REGULATION_OF_NERVOUS_SYSTEM_DEVELOPMENT,Regulation of nervous system development,4,382,126,0.0317,0.0258,1.229,0.4103109950148641,0.5633390522982622,"DHX36, HEY2, UFL1, PTPRD",False
C4_core,GO_BP,GOBP_POSITIVE_REGULATION_OF_VIRAL_PROCESS,Positive regulation of viral process,1,62,126,0.0079,0.0042,1.894,0.4122270453087787,0.5633390522982622,HMGB1,False
C4_core,GO_BP,GOBP_PROTEIN_LOCALIZATION_TO_ENDOPLASMIC_RETICULUM,Protein localization to endoplasmic reticulum,1,62,126,0.0079,0.0042,1.894,0.4122270453087787,0.5633390522982622,ANKRD13C,False
C4_core,GO_BP,GOBP_POSITIVE_REGULATION_OF_INTERLEUKIN_1_PRODUCTION,Positive regulation of interleukin 1 production,1,62,126,0.0079,0.0042,1.894,0.4122270453087787,0.5633390522982622,HMGB1,False
C4_core,GO_BP,GOBP_FILOPODIUM_ASSEMBLY,Filopodium assembly,1,62,126,0.0079,0.0042,1.894,0.4122270453087787,0.5633390522982622,ARHGEF4,False
C4_core,GO_BP,GOBP_MEMBRANE_BIOGENESIS,Membrane biogenesis,1,62,126,0.0079,0.0042,1.894,0.4122270453087787,0.5633390522982622,PTPRD,False
C4_core,GO_BP,GOBP_REGULATION_OF_ERBB_SIGNALING_PATHWAY,Regulation of erbb signaling pathway,1,62,126,0.0079,0.0042,1.894,0.4122270453087787,0.5633390522982622,ITGA1,False
C4_core,GO_BP,GOBP_CILIUM_ORGANIZATION,Cilium organization,4,383,126,0.0317,0.0259,1.226,0.4122336221862908,0.5633390522982622,"ATMIN, CFAP20, GDI2, CEP120",False
C4_core,GO_BP,GOBP_SKELETAL_SYSTEM_MORPHOGENESIS,Skeletal system morphogenesis,2,166,126,0.0159,0.0112,1.415,0.41432527330379904,0.5654254922659888,"BMI1, NAB1",False
C4_core,GO_BP,GOBP_PROTEIN_HOMOOLIGOMERIZATION,Protein homooligomerization,2,166,126,0.0159,0.0112,1.415,0.41432527330379904,0.5654254922659888,"CTH, SHMT2",False
C4_core,GO_BP,GOBP_VESICLE_TARGETING,Vesicle targeting,1,63,126,0.0079,0.0043,1.864,0.41725415583627595,0.5658995388137126,AP1AR,False
C4_core,GO_BP,GOBP_PROTEIN_LOCALIZATION_TO_CILIUM,Protein localization to cilium,1,63,126,0.0079,0.0043,1.864,0.41725415583627595,0.5658995388137126,GDI2,False
C4_core,GO_BP,GOBP_RNA_STABILIZATION,Rna stabilization,1,63,126,0.0079,0.0043,1.864,0.41725415583627595,0.5658995388137126,DHX36,False
C4_core,GO_BP,GOBP_DORSAL_VENTRAL_PATTERN_FORMATION,Dorsal ventral pattern formation,1,63,126,0.0079,0.0043,1.864,0.41725415583627595,0.5658995388137126,GREM2,False
C4_core,GO_BP,GOBP_INFLAMMATORY_RESPONSE_TO_ANTIGENIC_STIMULUS,Inflammatory response to antigenic stimulus,1,63,126,0.0079,0.0043,1.864,0.41725415583627595,0.5658995388137126,HMGB1,False
C4_core,GO_BP,GOBP_NEGATIVE_REGULATION_OF_TOR_SIGNALING,Negative regulation of tor signaling,1,63,126,0.0079,0.0043,1.864,0.41725415583627595,0.5658995388137126,PRKAA1,False
C4_core,GO_BP,GOBP_ANIMAL_ORGAN_REGENERATION,Animal organ regeneration,1,63,126,0.0079,0.0043,1.864,0.41725415583627595,0.5658995388137126,TGFBR3,False
C4_core,GO_BP,GOBP_INTERLEUKIN_2_PRODUCTION,Interleukin 2 production,1,63,126,0.0079,0.0043,1.864,0.41725415583627595,0.5658995388137126,PNP,False
C4_core,GO_BP,GOBP_POSITIVE_REGULATION_OF_EPITHELIAL_CELL_PROLIFERATION,Positive regulation of epithelial cell proliferation,2,167,126,0.0159,0.0113,1.406,0.41728072511573,0.5658995388137126,"RICTOR, HMGB1",False
C4_core,GO_BP,GOBP_RESPONSE_TO_WOUNDING,Response to wounding,5,497,126,0.0397,0.0336,1.181,0.41749931010382296,0.5658995388137126,"PLPP3, FERMT2, PIK3CA, JMJD1C, ABHD2",False
C4_core,GO_BP,GOBP_REGULATION_OF_MONOATOMIC_ION_TRANSMEMBRANE_TRANSPORT,Regulation of monoatomic ion transmembrane transport,3,276,126,0.0238,0.0187,1.276,0.41859871021689976,0.5670058307538791,"TMBIM6, CAMK2D, FXYD1",False
C4_core,GO_BP,GOBP_WNT_SIGNALING_PATHWAY,Wnt signaling pathway,4,388,126,0.0317,0.0262,1.21,0.4218275703729551,0.5684745761832155,"PLPP3, FERMT2, NID1, PRKAA1",False
C4_core,GO_BP,GOBP_CELLULAR_EXTRAVASATION,Cellular extravasation,1,64,126,0.0079,0.0043,1.835,0.4222386087834373,0.5684745761832155,ITGA1,False
C4_core,GO_BP,GOBP_L_ALPHA_AMINO_ACID_TRANSMEMBRANE_TRANSPORT,L alpha amino acid transmembrane transport,1,64,126,0.0079,0.0043,1.835,0.4222386087834373,0.5684745761832155,SLC7A2,False
C4_core,GO_BP,GOBP_REGULATION_OF_INTRACELLULAR_STEROID_HORMONE_RECEPTOR_SIGNALING_PATHWAY,Regulation of intracellular steroid hormone receptor signaling pathway,1,64,126,0.0079,0.0043,1.835,0.4222386087834373,0.5684745761832155,UFL1,False
C4_core,GO_BP,GOBP_CELLULAR_RESPONSE_TO_IONIZING_RADIATION,Cellular response to ionizing radiation,1,64,126,0.0079,0.0043,1.835,0.4222386087834373,0.5684745761832155,TANK,False
C4_core,GO_BP,GOBP_POSITIVE_REGULATION_OF_DNA_TEMPLATED_TRANSCRIPTION_INITIATION,Positive regulation of dna templated transcription initiation,1,64,126,0.0079,0.0043,1.835,0.4222386087834373,0.5684745761832155,DHX36,False
C4_core,GO_BP,GOBP_NEGATIVE_REGULATION_OF_LEUKOCYTE_MEDIATED_IMMUNITY,Negative regulation of leukocyte mediated immunity,1,64,126,0.0079,0.0043,1.835,0.4222386087834373,0.5684745761832155,UFL1,False
C4_core,GO_BP,GOBP_NEGATIVE_REGULATION_OF_NF_KAPPAB_TRANSCRIPTION_FACTOR_ACTIVITY,Negative regulation of nf kappab transcription factor activity,1,64,126,0.0079,0.0043,1.835,0.4222386087834373,0.5684745761832155,UFL1,False
C4_core,GO_BP,GOBP_REGULATION_OF_GLUCOSE_TRANSMEMBRANE_TRANSPORT,Regulation of glucose transmembrane transport,1,64,126,0.0079,0.0043,1.835,0.4222386087834373,0.5684745761832155,MEF2A,False
C4_core,GO_BP,GOBP_NEGATIVE_REGULATION_OF_CELL_CELL_ADHESION,Negative regulation of cell cell adhesion,2,169,126,0.0159,0.0114,1.389,0.42316933480865127,0.5693447636336827,"UFL1, HMGB1",False
C4_core,GO_BP,GOBP_HUMORAL_IMMUNE_RESPONSE,Humoral immune response,2,170,126,0.0159,0.0115,1.381,0.4261023174611863,0.5704244177999352,"CFB, BMI1",False
C4_core,GO_BP,GOBP_SYNAPSE_ASSEMBLY,Synapse assembly,2,170,126,0.0159,0.0115,1.381,0.4261023174611863,0.5704244177999352,"PDLIM5, PTPRD",False
C4_core,GO_BP,GOBP_GLUCOSE_IMPORT,Glucose import,1,65,126,0.0079,0.0044,1.806,0.4271807632500552,0.5704244177999352,MEF2A,False
C4_core,GO_BP,GOBP_POSITIVE_REGULATION_OF_TELOMERE_MAINTENANCE,Positive regulation of telomere maintenance,1,65,126,0.0079,0.0044,1.806,0.4271807632500552,0.5704244177999352,DHX36,False
C4_core,GO_BP,GOBP_CELLULAR_COMPONENT_MAINTENANCE,Cellular component maintenance,1,65,126,0.0079,0.0044,1.806,0.4271807632500552,0.5704244177999352,FERMT2,False
C4_core,GO_BP,GOBP_FEEDING_BEHAVIOR,Feeding behavior,1,65,126,0.0079,0.0044,1.806,0.4271807632500552,0.5704244177999352,CFAP20,False
C4_core,GO_BP,GOBP_POSITIVE_REGULATION_OF_RESPONSE_TO_WOUNDING,Positive regulation of response to wounding,1,65,126,0.0079,0.0044,1.806,0.4271807632500552,0.5704244177999352,FERMT2,False
C4_core,GO_BP,GOBP_POSITIVE_REGULATION_OF_CELL_KILLING,Positive regulation of cell killing,1,65,126,0.0079,0.0044,1.806,0.4271807632500552,0.5704244177999352,MAPK8,False
C4_core,GO_BP,GOBP_TRANSCRIPTION_PREINITIATION_COMPLEX_ASSEMBLY,Transcription preinitiation complex assembly,1,65,126,0.0079,0.0044,1.806,0.4271807632500552,0.5704244177999352,HMGB1,False
C4_core,GO_BP,GOBP_GLYCEROPHOSPHOLIPID_METABOLIC_PROCESS,Glycerophospholipid metabolic process,3,280,126,0.0238,0.0189,1.258,0.42767584970914224,0.5704244177999352,"PNPLA8, PIK3CA, CETP",False
C4_core,GO_BP,GOBP_INTRINSIC_APOPTOTIC_SIGNALING_PATHWAY,Intrinsic apoptotic signaling pathway,3,280,126,0.0238,0.0189,1.258,0.42767584970914224,0.5704244177999352,"ERN1, TMBIM6, OPA1",False
C4_core,GO_BP,GOBP_ADAPTIVE_IMMUNE_RESPONSE_BASED_ON_SOMATIC_RECOMBINATION_OF_IMMUNE_RECEPTORS_BUILT_FROM_IMMUNOGLOBULIN_SUPERFAMILY_DOMAINS,Adaptive immune response based on somatic recombination of immune receptors built from immunoglobulin superfamily domains,3,280,126,0.0238,0.0189,1.258,0.42767584970914224,0.5704244177999352,"UFL1, HMGB1, OPA1",False
C4_core,GO_BP,GOBP_POSITIVE_REGULATION_OF_CELL_CYCLE,Positive regulation of cell cycle,3,280,126,0.0238,0.0189,1.258,0.42767584970914224,0.5704244177999352,"CEP120, CCPG1, KAT2B",False
C4_core,GO_BP,GOBP_GOLGI_VESICLE_TRANSPORT,Golgi vesicle transport,3,281,126,0.0238,0.019,1.254,0.42993768006902655,0.5726388006546311,"AP1AR, PLPP3, RNF139",False
C4_core,GO_BP,GOBP_CELLULAR_RESPONSE_TO_XENOBIOTIC_STIMULUS,Cellular response to xenobiotic stimulus,2,172,126,0.0159,0.0116,1.365,0.43194521528125046,0.5726388006546311,"SULT1A2, PRKAA1",False
C4_core,GO_BP,GOBP_PROTEIN_AUTOUBIQUITINATION,Protein autoubiquitination,1,66,126,0.0079,0.0045,1.779,0.4320809753371282,0.5726388006546311,UBE2D3,False
C4_core,GO_BP,GOBP_GLUTAMINE_FAMILY_AMINO_ACID_METABOLIC_PROCESS,Glutamine family amino acid metabolic process,1,66,126,0.0079,0.0045,1.779,0.4320809753371282,0.5726388006546311,AMDHD1,False
C4_core,GO_BP,GOBP_NON_PROTEINOGENIC_AMINO_ACID_METABOLIC_PROCESS,Non proteinogenic amino acid metabolic process,1,66,126,0.0079,0.0045,1.779,0.4320809753371282,0.5726388006546311,CTH,False
C4_core,GO_BP,GOBP_REGULATION_OF_CELL_SUBSTRATE_JUNCTION_ORGANIZATION,Regulation of cell substrate junction organization,1,66,126,0.0079,0.0045,1.779,0.4320809753371282,0.5726388006546311,FERMT2,False
C4_core,GO_BP,GOBP_REGULATION_OF_PLASMA_LIPOPROTEIN_PARTICLE_LEVELS,Regulation of plasma lipoprotein particle levels,1,66,126,0.0079,0.0045,1.779,0.4320809753371282,0.5726388006546311,CETP,False
C4_core,GO_BP,GOBP_REGULATION_OF_ORGANIC_ACID_TRANSPORT,Regulation of organic acid transport,1,66,126,0.0079,0.0045,1.779,0.4320809753371282,0.5726388006546311,PRKAA1,False
C4_core,GO_BP,GOBP_REGULATION_OF_IMMUNOGLOBULIN_PRODUCTION,Regulation of immunoglobulin production,1,66,126,0.0079,0.0045,1.779,0.4320809753371282,0.5726388006546311,TMBIM6,False
C4_core,GO_BP,GOBP_REGULATION_OF_SMALL_GTPASE_MEDIATED_SIGNAL_TRANSDUCTION,Regulation of small gtpase mediated signal transduction,3,282,126,0.0238,0.0191,1.249,0.43219641747709675,0.5726388006546311,"ARHGEF4, ITSN1, PICALM",False
C4_core,GO_BP,GOBP_SULFUR_COMPOUND_METABOLIC_PROCESS,Sulfur compound metabolic process,3,283,126,0.0238,0.0191,1.245,0.4344520074969939,0.5752466395562049,"CTH, SULT1A2, SLC19A2",False
C4_core,GO_BP,GOBP_SMOOTH_MUSCLE_CELL_MIGRATION,Smooth muscle cell migration,1,67,126,0.0079,0.0045,1.752,0.4369395981716963,0.577013902071066,ABHD2,False
C4_core,GO_BP,GOBP_PERIPHERAL_NERVOUS_SYSTEM_DEVELOPMENT,Peripheral nervous system development,1,67,126,0.0079,0.0045,1.752,0.4369395981716963,0.577013902071066,NAB1,False
C4_core,GO_BP,GOBP_REGULATION_OF_RELEASE_OF_SEQUESTERED_CALCIUM_ION_INTO_CYTOSOL,Regulation of release of sequestered calcium ion into cytosol,1,67,126,0.0079,0.0045,1.752,0.4369395981716963,0.577013902071066,CAMK2D,False
C4_core,GO_BP,GOBP_CELLULAR_RESPONSE_TO_EXTERNAL_STIMULUS,Cellular response to external stimulus,1,67,126,0.0079,0.0045,1.752,0.4369395981716963,0.577013902071066,MAPK8,False
C4_core,GO_BP,GOBP_ACTIN_POLYMERIZATION_OR_DEPOLYMERIZATION,Actin polymerization or depolymerization,2,175,126,0.0159,0.0118,1.342,0.440650682443065,0.5803133056606481,"RICTOR, PIK3CA",False
C4_core,GO_BP,GOBP_IMMUNE_SYSTEM_DEVELOPMENT,Immune system development,2,175,126,0.0159,0.0118,1.342,0.440650682443065,0.5803133056606481,"HMGB1, CTNNBL1",False
C4_core,GO_BP,GOBP_LIPID_MODIFICATION,Lipid modification,2,175,126,0.0159,0.0118,1.342,0.440650682443065,0.5803133056606481,"PLPP3, PRKAA1",False
C4_core,GO_BP,GOBP_GLIOGENESIS,Gliogenesis,3,286,126,0.0238,0.0193,1.232,0.4411993585276409,0.5803133056606481,"UFL1, PLPP3, NAB1",False
C4_core,GO_BP,GOBP_LEUKOCYTE_DEGRANULATION,Leukocyte degranulation,1,68,126,0.0079,0.0046,1.727,0.4417569819314824,0.5803133056606481,SNX4,False
C4_core,GO_BP,GOBP_MIDBRAIN_DEVELOPMENT,Midbrain development,1,68,126,0.0079,0.0046,1.727,0.4417569819314824,0.5803133056606481,ZNF148,False
C4_core,GO_BP,GOBP_RECEPTOR_METABOLIC_PROCESS,Receptor metabolic process,1,68,126,0.0079,0.0046,1.727,0.4417569819314824,0.5803133056606481,AP1AR,False
C4_core,GO_BP,GOBP_TRANSLATIONAL_ELONGATION,Translational elongation,1,68,126,0.0079,0.0046,1.727,0.4417569819314824,0.5803133056606481,UFL1,False
C4_core,GO_BP,GOBP_RECOMBINATIONAL_REPAIR,Recombinational repair,2,176,126,0.0159,0.0119,1.334,0.44353649401802253,0.5822688924748073,"KLHL15, PPP4R2",False
C4_core,GO_BP,GOBP_DOUBLE_STRAND_BREAK_REPAIR_VIA_NONHOMOLOGOUS_END_JOINING,Double strand break repair via nonhomologous end joining,1,69,126,0.0079,0.0047,1.702,0.4465334738693224,0.5828426466148177,HMGB1,False
C4_core,GO_BP,GOBP_POSITIVE_REGULATION_OF_SMALL_GTPASE_MEDIATED_SIGNAL_TRANSDUCTION,Positive regulation of small gtpase mediated signal transduction,1,69,126,0.0079,0.0047,1.702,0.4465334738693224,0.5828426466148177,PICALM,False
C4_core,GO_BP,GOBP_REGULATION_OF_PROTEIN_DEPHOSPHORYLATION,Regulation of protein dephosphorylation,1,69,126,0.0079,0.0047,1.702,0.4465334738693224,0.5828426466148177,ITGA1,False
C4_core,GO_BP,GOBP_NEGATIVE_REGULATION_OF_PROTEIN_UBIQUITINATION,Negative regulation of protein ubiquitination,1,69,126,0.0079,0.0047,1.702,0.4465334738693224,0.5828426466148177,UFL1,False
C4_core,GO_BP,GOBP_PEPTIDE_METABOLIC_PROCESS,Peptide metabolic process,1,69,126,0.0079,0.0047,1.702,0.4465334738693224,0.5828426466148177,CPN1,False
C4_core,GO_BP,GOBP_MITOTIC_SPINDLE_ASSEMBLY,Mitotic spindle assembly,1,69,126,0.0079,0.0047,1.702,0.4465334738693224,0.5828426466148177,STAG2,False
C4_core,GO_BP,GOBP_PROTEIN_TRANSMEMBRANE_TRANSPORT,Protein transmembrane transport,1,69,126,0.0079,0.0047,1.702,0.4465334738693224,0.5828426466148177,GRPEL1,False
C4_core,GO_BP,GOBP_REGULATION_OF_STEM_CELL_PROLIFERATION,Regulation of stem cell proliferation,1,69,126,0.0079,0.0047,1.702,0.4465334738693224,0.5828426466148177,FERMT2,False
C4_core,GO_BP,GOBP_ESTABLISHMENT_OF_PROTEIN_LOCALIZATION_TO_ORGANELLE,Establishment of protein localization to organelle,4,401,126,0.0317,0.0271,1.171,0.44659371623732785,0.5828426466148177,"ZFYVE16, PRKAA1, GRPEL1, UBE2D3",False
C4_core,GO_BP,GOBP_CIRCADIAN_RHYTHM,Circadian rhythm,2,178,126,0.0159,0.012,1.319,0.4492836587986937,0.5859712605309347,"PRKAA1, MAPK8",False
C4_core,GO_BP,GOBP_POSITIVE_REGULATION_OF_EXOCYTOSIS,Positive regulation of exocytosis,1,70,126,0.0079,0.0047,1.677,0.45126941833740125,0.5874131180178657,SNX4,False
C4_core,GO_BP,GOBP_POSITIVE_REGULATION_OF_INSULIN_SECRETION,Positive regulation of insulin secretion,1,70,126,0.0079,0.0047,1.677,0.45126941833740125,0.5874131180178657,SYBU,False
C4_core,GO_BP,GOBP_EXOCYTIC_PROCESS,Exocytic process,1,70,126,0.0079,0.0047,1.677,0.45126941833740125,0.5874131180178657,SNX4,False
C4_core,GO_BP,GOBP_REGULATION_OF_PROTEIN_STABILITY,Regulation of protein stability,3,291,126,0.0238,0.0197,1.21,0.4523771009933401,0.5884723561979642,"PLPP3, EFNA1, RNF139",False
C4_core,GO_BP,GOBP_DOUBLE_STRAND_BREAK_REPAIR,Double strand break repair,3,292,126,0.0238,0.0197,1.206,0.4546020204402709,0.5908364038421983,"KLHL15, PPP4R2, HMGB1",False
C4_core,GO_BP,GOBP_MITOTIC_SISTER_CHROMATID_SEGREGATION,Mitotic sister chromatid segregation,2,180,126,0.0159,0.0122,1.305,0.45499774517534775,0.5908364038421983,"STAG2, KAT2B",False
C4_core,GO_BP,GOBP_REGULATION_OF_STRIATED_MUSCLE_CELL_DIFFERENTIATION,Regulation of striated muscle cell differentiation,1,71,126,0.0079,0.0048,1.654,0.4559651568112869,0.5908364038421983,BMP10,False
C4_core,GO_BP,GOBP_INTERLEUKIN_8_PRODUCTION,Interleukin 8 production,1,71,126,0.0079,0.0048,1.654,0.4559651568112869,0.5908364038421983,HMGB1,False
C4_core,GO_BP,GOBP_LYMPHOCYTE_APOPTOTIC_PROCESS,Lymphocyte apoptotic process,1,71,126,0.0079,0.0048,1.654,0.4559651568112869,0.5908364038421983,EFNA1,False
C4_core,GO_BP,GOBP_POSITIVE_REGULATION_OF_MAP_KINASE_ACTIVITY,Positive regulation of map kinase activity,1,71,126,0.0079,0.0048,1.654,0.4559651568112869,0.5908364038421983,ERN1,False
C4_core,GO_BP,GOBP_ADAPTIVE_IMMUNE_RESPONSE,Adaptive immune response,4,407,126,0.0317,0.0275,1.154,0.45792077494045313,0.5923428326406746,"UFL1, HMGB1, OPA1, CTNNBL1",False
C4_core,GO_BP,GOBP_RIBOSOME_BIOGENESIS,Ribosome biogenesis,3,294,126,0.0238,0.0199,1.198,0.45904084166913295,0.5923428326406746,"KRR1, KAT2B, EIF5",False
C4_core,GO_BP,GOBP_RESPONSE_TO_MOLECULE_OF_BACTERIAL_ORIGIN,Response to molecule of bacterial origin,3,294,126,0.0238,0.0199,1.198,0.45904084166913295,0.5923428326406746,"MAPK8, HMGB1, PCK1",False
C4_core,GO_BP,GOBP_SEGMENTATION,Segmentation,1,72,126,0.0079,0.0049,1.631,0.46062102791376425,0.5923428326406746,BMI1,False
C4_core,GO_BP,GOBP_POSITIVE_REGULATION_OF_LIPID_TRANSPORT,Positive regulation of lipid transport,1,72,126,0.0079,0.0049,1.631,0.46062102791376425,0.5923428326406746,CETP,False
C4_core,GO_BP,GOBP_REGULATION_OF_RECEPTOR_SIGNALING_PATHWAY_VIA_STAT,Regulation of receptor signaling pathway via stat,1,72,126,0.0079,0.0049,1.631,0.46062102791376425,0.5923428326406746,PTPRD,False
C4_core,GO_BP,GOBP_POSITIVE_REGULATION_OF_B_CELL_ACTIVATION,Positive regulation of b cell activation,1,72,126,0.0079,0.0049,1.631,0.46062102791376425,0.5923428326406746,BMI1,False
C4_core,GO_BP,GOBP_DITERPENOID_METABOLIC_PROCESS,Diterpenoid metabolic process,1,72,126,0.0079,0.0049,1.631,0.46062102791376425,0.5923428326406746,DHRS4,False
C4_core,GO_BP,GOBP_REGULATION_OF_CYCLIN_DEPENDENT_PROTEIN_KINASE_ACTIVITY,Regulation of cyclin dependent protein kinase activity,1,72,126,0.0079,0.0049,1.631,0.46062102791376425,0.5923428326406746,HERC5,False
C4_core,GO_BP,GOBP_CELLULAR_RESPONSE_TO_MOLECULE_OF_BACTERIAL_ORIGIN,Cellular response to molecule of bacterial origin,2,182,126,0.0159,0.0123,1.29,0.4606782169937714,0.5923428326406746,"HMGB1, MAPK8",False
C4_core,GO_BP,GOBP_SPINDLE_ORGANIZATION,Spindle organization,2,182,126,0.0159,0.0123,1.29,0.4606782169937714,0.5923428326406746,"CEP120, STAG2",False
C4_core,GO_BP,GOBP_CYTOSKELETON_DEPENDENT_INTRACELLULAR_TRANSPORT,Cytoskeleton dependent intracellular transport,2,182,126,0.0159,0.0123,1.29,0.4606782169937714,0.5923428326406746,"SYBU, OPA1",False
C4_core,GO_BP,GOBP_REGULATION_OF_EPITHELIAL_CELL_PROLIFERATION,Regulation of epithelial cell proliferation,3,296,126,0.0238,0.02,1.19,0.4634646591114129,0.5952789247191445,"RICTOR, HMGB1, TGFBR3",False
C4_core,GO_BP,GOBP_ACTIN_FILAMENT_ORGANIZATION,Actin filament organization,4,410,126,0.0317,0.0277,1.145,0.46355636545311996,0.5952789247191445,"RICTOR, AP1AR, FERMT2, PIK3CA",False
C4_core,GO_BP,GOBP_TELOMERE_MAINTENANCE_VIA_TELOMERE_LENGTHENING,Telomere maintenance via telomere lengthening,1,73,126,0.0079,0.0049,1.608,0.4652373674384803,0.5957748937077701,DHX36,False
C4_core,GO_BP,GOBP_RESPONSE_TO_CAMP,Response to camp,1,73,126,0.0079,0.0049,1.608,0.4652373674384803,0.5957748937077701,PCK1,False
C4_core,GO_BP,GOBP_POSITIVE_REGULATION_OF_CELL_DIVISION,Positive regulation of cell division,1,73,126,0.0079,0.0049,1.608,0.4652373674384803,0.5957748937077701,GAREM1,False
C4_core,GO_BP,GOBP_AXIS_SPECIFICATION,Axis specification,1,73,126,0.0079,0.0049,1.608,0.4652373674384803,0.5957748937077701,HEY2,False
C4_core,GO_BP,GOBP_REGULATION_OF_TRANS_SYNAPTIC_SIGNALING,Regulation of trans synaptic signaling,4,411,126,0.0317,0.0278,1.143,0.46543053634313314,0.5957748937077701,"SYAP1, SYBU, CA2, PTPRD",False
C4_core,GO_BP,GOBP_PROTEIN_DEPHOSPHORYLATION,Protein dephosphorylation,2,184,126,0.0159,0.0124,1.276,0.4663245654464073,0.5965378786093978,"ITGA1, PTPRD",False
C4_core,GO_BP,GOBP_NEUTROPHIL_CHEMOTAXIS,Neutrophil chemotaxis,1,74,126,0.0079,0.005,1.587,0.4698145083733864,0.5983261105365901,ITGA1,False
C4_core,GO_BP,GOBP_REGULATION_OF_STEM_CELL_DIFFERENTIATION,Regulation of stem cell differentiation,1,74,126,0.0079,0.005,1.587,0.4698145083733864,0.5983261105365901,DHX36,False
C4_core,GO_BP,GOBP_ATP_SYNTHESIS_COUPLED_ELECTRON_TRANSPORT,Atp synthesis coupled electron transport,1,74,126,0.0079,0.005,1.587,0.4698145083733864,0.5983261105365901,NDUFA5,False
C4_core,GO_BP,GOBP_NEGATIVE_REGULATION_OF_PROTEIN_CONTAINING_COMPLEX_DISASSEMBLY,Negative regulation of protein containing complex disassembly,1,74,126,0.0079,0.005,1.587,0.4698145083733864,0.5983261105365901,PIK3CA,False
C4_core,GO_BP,GOBP_B_CELL_PROLIFERATION,B cell proliferation,1,74,126,0.0079,0.005,1.587,0.4698145083733864,0.5983261105365901,BMI1,False
C4_core,GO_BP,GOBP_NEGATIVE_REGULATION_OF_RNA_CATABOLIC_PROCESS,Negative regulation of rna catabolic process,1,74,126,0.0079,0.005,1.587,0.4698145083733864,0.5983261105365901,DHX36,False
C4_core,GO_BP,GOBP_NEGATIVE_REGULATION_OF_RESPONSE_TO_CYTOKINE_STIMULUS,Negative regulation of response to cytokine stimulus,1,74,126,0.0079,0.005,1.587,0.4698145083733864,0.5983261105365901,TANK,False
C4_core,GO_BP,GOBP_PRODUCTION_OF_MOLECULAR_MEDIATOR_INVOLVED_IN_INFLAMMATORY_RESPONSE,Production of molecular mediator involved in inflammatory response,1,75,126,0.0079,0.0051,1.566,0.4743527809239947,0.6021904041913997,SNX4,False
C4_core,GO_BP,GOBP_ASTROCYTE_DIFFERENTIATION,Astrocyte differentiation,1,75,126,0.0079,0.0051,1.566,0.4743527809239947,0.6021904041913997,PLPP3,False
C4_core,GO_BP,GOBP_GLUCAN_METABOLIC_PROCESS,Glucan metabolic process,1,75,126,0.0079,0.0051,1.566,0.4743527809239947,0.6021904041913997,RB1CC1,False
C4_core,GO_BP,GOBP_MEMBRANE_DEPOLARIZATION,Membrane depolarization,1,75,126,0.0079,0.0051,1.566,0.4743527809239947,0.6021904041913997,CAMK2D,False
C4_core,GO_BP,GOBP_CARDIAC_MUSCLE_CELL_ACTION_POTENTIAL,Cardiac muscle cell action potential,1,75,126,0.0079,0.0051,1.566,0.4743527809239947,0.6021904041913997,CAMK2D,False
C4_core,GO_BP,GOBP_POSITIVE_REGULATION_OF_CYTOKINE_PRODUCTION_INVOLVED_IN_IMMUNE_RESPONSE,Positive regulation of cytokine production involved in immune response,1,76,126,0.0079,0.0051,1.545,0.4788525125364391,0.6071328246345479,DHX36,False
C4_core,GO_BP,GOBP_EMBRYONIC_PLACENTA_DEVELOPMENT,Embryonic placenta development,1,76,126,0.0079,0.0051,1.545,0.4788525125364391,0.6071328246345479,HEY2,False
C4_core,GO_BP,GOBP_MYELOID_LEUKOCYTE_MIGRATION,Myeloid leukocyte migration,2,189,126,0.0159,0.0128,1.242,0.48028804569927286,0.6081825853826339,"HMGB1, ITGA1",False
C4_core,GO_BP,GOBP_LEUKOCYTE_CHEMOTAXIS,Leukocyte chemotaxis,2,189,126,0.0159,0.0128,1.242,0.48028804569927286,0.6081825853826339,"HMGB1, ITGA1",False
C4_core,GO_BP,GOBP_RESPONSE_TO_MECHANICAL_STIMULUS,Response to mechanical stimulus,2,190,126,0.0159,0.0128,1.236,0.4830541768948047,0.609700493948672,"PIK3CA, MAPK8",False
C4_core,GO_BP,GOBP_REACTIVE_OXYGEN_SPECIES_METABOLIC_PROCESS,Reactive oxygen species metabolic process,2,190,126,0.0159,0.0128,1.236,0.4830541768948047,0.609700493948672,"DHRS4, HP",False
C4_core,GO_BP,GOBP_DNA_RECOMBINATION,Dna recombination,3,305,126,0.0238,0.0206,1.155,0.4831765310947935,0.609700493948672,"KLHL15, PPP4R2, HMGB1",False
C4_core,GO_BP,GOBP_REGULATION_OF_CYTOKINESIS,Regulation of cytokinesis,1,77,126,0.0079,0.0052,1.525,0.48331402792035083,0.609700493948672,AHCTF1,False
C4_core,GO_BP,GOBP_REGULATION_OF_CATION_CHANNEL_ACTIVITY,Regulation of cation channel activity,1,77,126,0.0079,0.0052,1.525,0.48331402792035083,0.609700493948672,CAMK2D,False
C4_core,GO_BP,GOBP_ROOF_OF_MOUTH_DEVELOPMENT,Roof of mouth development,1,77,126,0.0079,0.0052,1.525,0.48331402792035083,0.609700493948672,TGFBR3,False
C4_core,GO_BP,GOBP_MORPHOGENESIS_OF_AN_EPITHELIUM,Morphogenesis of an epithelium,4,421,126,0.0317,0.0285,1.116,0.48404425261636014,0.6102371497090384,"CA2, OPA1, FERMT2, LIN7C",False
C4_core,GO_BP,GOBP_EXOCYTOSIS,Exocytosis,3,307,126,0.0238,0.0208,1.147,0.4875115109805309,0.6125789042918577,"ITSN1, SNX4, LIN7C",False
C4_core,GO_BP,GOBP_RESPONSE_TO_OSMOTIC_STRESS,Response to osmotic stress,1,78,126,0.0079,0.0053,1.505,0.48773764907153905,0.6125789042918577,PCK1,False
C4_core,GO_BP,GOBP_REGULATION_OF_LEUKOCYTE_APOPTOTIC_PROCESS,Regulation of leukocyte apoptotic process,1,78,126,0.0079,0.0053,1.505,0.48773764907153905,0.6125789042918577,EFNA1,False
C4_core,GO_BP,GOBP_PROTEIN_LOCALIZATION_TO_VACUOLE,Protein localization to vacuole,1,78,126,0.0079,0.0053,1.505,0.48773764907153905,0.6125789042918577,ZFYVE16,False
C4_core,GO_BP,GOBP_MAINTENANCE_OF_PROTEIN_LOCATION,Maintenance of protein location,1,78,126,0.0079,0.0053,1.505,0.48773764907153905,0.6125789042918577,ANKRD13C,False
C4_core,GO_BP,GOBP_NUCLEOSOME_ORGANIZATION,Nucleosome organization,1,78,126,0.0079,0.0053,1.505,0.48773764907153905,0.6125789042918577,CHRAC1,False
C4_core,GO_BP,GOBP_MICROTUBULE_BASED_TRANSPORT,Microtubule based transport,2,193,126,0.0159,0.013,1.217,0.49129852514886596,0.6161548705313159,"SYBU, OPA1",False
C4_core,GO_BP,GOBP_MAINTENANCE_OF_LOCATION_IN_CELL,Maintenance of location in cell,2,193,126,0.0159,0.013,1.217,0.49129852514886596,0.6161548705313159,"CAMK2D, ANKRD13C",False
C4_core,GO_BP,GOBP_REGULATION_OF_FIBROBLAST_PROLIFERATION,Regulation of fibroblast proliferation,1,79,126,0.0079,0.0053,1.486,0.49212369529449257,0.6161548705313159,BMI1,False
C4_core,GO_BP,GOBP_REGULATION_OF_NOTCH_SIGNALING_PATHWAY,Regulation of notch signaling pathway,1,79,126,0.0079,0.0053,1.486,0.49212369529449257,0.6161548705313159,HEY2,False
C4_core,GO_BP,GOBP_BONE_MORPHOGENESIS,Bone morphogenesis,1,79,126,0.0079,0.0053,1.486,0.49212369529449257,0.6161548705313159,NAB1,False
C4_core,GO_BP,GOBP_ORGANELLE_FISSION,Organelle fission,4,426,126,0.0317,0.0288,1.102,0.49325779012024734,0.6165480480664258,"FOXJ3, STAG2, OPA1, KAT2B",False
C4_core,GO_BP,GOBP_PROTEIN_STABILIZATION,Protein stabilization,2,194,126,0.0159,0.0131,1.21,0.4940284689170732,0.6165480480664258,"PLPP3, EFNA1",False
C4_core,GO_BP,GOBP_REGULATION_OF_NEURON_APOPTOTIC_PROCESS,Regulation of neuron apoptotic process,2,194,126,0.0159,0.0131,1.21,0.4940284689170732,0.6165480480664258,"ITGA1, PIK3CA",False
C4_core,GO_BP,GOBP_POSITIVE_REGULATION_OF_LEUKOCYTE_CHEMOTAXIS,Positive regulation of leukocyte chemotaxis,1,80,126,0.0079,0.0054,1.468,0.4964724832246925,0.6165480480664258,HMGB1,False
C4_core,GO_BP,GOBP_REGULATION_OF_PROTEIN_DEPOLYMERIZATION,Regulation of protein depolymerization,1,80,126,0.0079,0.0054,1.468,0.4964724832246925,0.6165480480664258,PIK3CA,False
C4_core,GO_BP,GOBP_EMBRYONIC_SKELETAL_SYSTEM_DEVELOPMENT,Embryonic skeletal system development,1,80,126,0.0079,0.0054,1.468,0.4964724832246925,0.6165480480664258,BMI1,False
C4_core,GO_BP,GOBP_CHEMOKINE_PRODUCTION,Chemokine production,1,80,126,0.0079,0.0054,1.468,0.4964724832246925,0.6165480480664258,HMGB1,False
C4_core,GO_BP,GOBP_ATP_BIOSYNTHETIC_PROCESS,Atp biosynthetic process,1,80,126,0.0079,0.0054,1.468,0.4964724832246925,0.6165480480664258,NDUFA5,False
C4_core,GO_BP,GOBP_PYRIMIDINE_CONTAINING_COMPOUND_METABOLIC_PROCESS,Pyrimidine containing compound metabolic process,1,80,126,0.0079,0.0054,1.468,0.4964724832246925,0.6165480480664258,SLC19A2,False
C4_core,GO_BP,GOBP_MUSCLE_CELL_MIGRATION,Muscle cell migration,1,80,126,0.0079,0.0054,1.468,0.4964724832246925,0.6165480480664258,ABHD2,False
C4_core,GO_BP,GOBP_POST_EMBRYONIC_DEVELOPMENT,Post embryonic development,1,80,126,0.0079,0.0054,1.468,0.4964724832246925,0.6165480480664258,ACO1,False
C4_core,GO_BP,GOBP_VESICLE_BUDDING_FROM_MEMBRANE,Vesicle budding from membrane,1,80,126,0.0079,0.0054,1.468,0.4964724832246925,0.6165480480664258,PICALM,False
C4_core,GO_BP,GOBP_NEGATIVE_REGULATION_OF_POST_TRANSLATIONAL_PROTEIN_MODIFICATION,Negative regulation of post translational protein modification,1,80,126,0.0079,0.0054,1.468,0.4964724832246925,0.6165480480664258,UFL1,False
C4_core,GO_BP,GOBP_CALCIUM_MEDIATED_SIGNALING,Calcium mediated signaling,2,195,126,0.0159,0.0132,1.204,0.49674925151405835,0.6165480480664258,"CAMK2D, PRKAA1",False
C4_core,GO_BP,GOBP_VESICLE_MEDIATED_TRANSPORT_IN_SYNAPSE,Vesicle mediated transport in synapse,2,196,126,0.0159,0.0132,1.198,0.49946083004253194,0.618870507626658,"PICALM, ITSN1",False
C4_core,GO_BP,GOBP_ENDOCYTIC_RECYCLING,Endocytic recycling,1,81,126,0.0079,0.0055,1.45,0.5007843268507423,0.618870507626658,SNX4,False
C4_core,GO_BP,GOBP_RESPONSE_TO_ALKALOID,Response to alkaloid,1,81,126,0.0079,0.0055,1.45,0.5007843268507423,0.618870507626658,PRKAA1,False
C4_core,GO_BP,GOBP_POSITIVE_REGULATION_OF_MONONUCLEAR_CELL_MIGRATION,Positive regulation of mononuclear cell migration,1,81,126,0.0079,0.0055,1.45,0.5007843268507423,0.618870507626658,HMGB1,False
C4_core,GO_BP,GOBP_CELLULAR_RESPONSE_TO_ACID_CHEMICAL,Cellular response to acid chemical,1,81,126,0.0079,0.0055,1.45,0.5007843268507423,0.618870507626658,PIK3CA,False
C4_core,GO_BP,GOBP_VASCULAR_TRANSPORT,Vascular transport,1,81,126,0.0079,0.0055,1.45,0.5007843268507423,0.618870507626658,SLC7A2,False
C4_core,GO_BP,GOBP_NEGATIVE_REGULATION_OF_EXTRINSIC_APOPTOTIC_SIGNALING_PATHWAY,Negative regulation of extrinsic apoptotic signaling pathway,1,81,126,0.0079,0.0055,1.45,0.5007843268507423,0.618870507626658,RB1CC1,False
C4_core,GO_BP,GOBP_REGULATION_OF_CALCIUM_ION_TRANSPORT,Regulation of calcium ion transport,2,197,126,0.0159,0.0133,1.192,0.5021631629837284,0.6201916423771896,"TMBIM6, CAMK2D",False
C4_core,GO_BP,GOBP_SODIUM_ION_TRANSPORT,Sodium ion transport,2,198,126,0.0159,0.0134,1.186,0.5048562101773834,0.6214684659789171,"CAMK2D, FXYD1",False
C4_core,GO_BP,GOBP_MYELOID_CELL_DEVELOPMENT,Myeloid cell development,1,82,126,0.0079,0.0055,1.432,0.5050595375363127,0.6214684659789171,ADGRF5,False
C4_core,GO_BP,GOBP_FOCAL_ADHESION_ASSEMBLY,Focal adhesion assembly,1,82,126,0.0079,0.0055,1.432,0.5050595375363127,0.6214684659789171,FERMT2,False
C4_core,GO_BP,GOBP_BIOGENIC_AMINE_METABOLIC_PROCESS,Biogenic amine metabolic process,1,82,126,0.0079,0.0055,1.432,0.5050595375363127,0.6214684659789171,SULT1A2,False
C4_core,GO_BP,GOBP_CELLULAR_RESPONSE_TO_UV,Cellular response to uv,1,82,126,0.0079,0.0055,1.432,0.5050595375363127,0.6214684659789171,DHX36,False
C4_core,GO_BP,GOBP_STEROL_HOMEOSTASIS,Sterol homeostasis,1,82,126,0.0079,0.0055,1.432,0.5050595375363127,0.6214684659789171,CETP,False
C4_core,GO_BP,GOBP_REGULATION_OF_HORMONE_SECRETION,Regulation of hormone secretion,2,199,126,0.0159,0.0135,1.18,0.5075399328019483,0.6233711321898776,"SYBU, SNX4",False
C4_core,GO_BP,GOBP_DEVELOPMENTAL_CELL_GROWTH,Developmental cell growth,2,199,126,0.0159,0.0135,1.18,0.5075399328019483,0.6233711321898776,"SPAG9, PDLIM5",False
C4_core,GO_BP,GOBP_NEGATIVE_REGULATION_OF_GROWTH,Negative regulation of growth,2,199,126,0.0159,0.0135,1.18,0.5075399328019483,0.6233711321898776,"SPAG9, BMP10",False
C4_core,GO_BP,GOBP_TERPENOID_METABOLIC_PROCESS,Terpenoid metabolic process,1,83,126,0.0079,0.0056,1.415,0.5092984240419159,0.6236180091326702,DHRS4,False
C4_core,GO_BP,GOBP_NEGATIVE_REGULATION_OF_DEVELOPMENTAL_GROWTH,Negative regulation of developmental growth,1,83,126,0.0079,0.0056,1.415,0.5092984240419159,0.6236180091326702,SPAG9,False
C4_core,GO_BP,GOBP_T_CELL_DIFFERENTIATION_IN_THYMUS,T cell differentiation in thymus,1,83,126,0.0079,0.0056,1.415,0.5092984240419159,0.6236180091326702,BMI1,False
C4_core,GO_BP,GOBP_POSITIVE_REGULATION_OF_INTERLEUKIN_6_PRODUCTION,Positive regulation of interleukin 6 production,1,83,126,0.0079,0.0056,1.415,0.5092984240419159,0.6236180091326702,HMGB1,False
C4_core,GO_BP,GOBP_L_AMINO_ACID_TRANSPORT,L amino acid transport,1,83,126,0.0079,0.0056,1.415,0.5092984240419159,0.6236180091326702,SLC7A2,False
C4_core,GO_BP,GOBP_POSITIVE_REGULATION_OF_PROTEIN_POLYMERIZATION,Positive regulation of protein polymerization,1,84,126,0.0079,0.0057,1.398,0.5135012925464848,0.6283799435684979,RICTOR,False
C4_core,GO_BP,GOBP_NEGATIVE_REGULATION_OF_AUTOPHAGY,Negative regulation of autophagy,1,85,126,0.0079,0.0057,1.381,0.5176684466687925,0.6327058792618575,PIK3CA,False
C4_core,GO_BP,GOBP_APOPTOTIC_MITOCHONDRIAL_CHANGES,Apoptotic mitochondrial changes,1,85,126,0.0079,0.0057,1.381,0.5176684466687925,0.6327058792618575,OPA1,False
C4_core,GO_BP,GOBP_RESPONSE_TO_TUMOR_NECROSIS_FACTOR,Response to tumor necrosis factor,2,204,126,0.0159,0.0138,1.151,0.5208174099000228,0.6361662322268735,"TANK, PCK1",False
C4_core,GO_BP,GOBP_REGULATION_OF_GLIOGENESIS,Regulation of gliogenesis,1,86,126,0.0079,0.0058,1.365,0.52180018748868,0.6362021774374771,UFL1,False
C4_core,GO_BP,GOBP_DIGESTIVE_SYSTEM_PROCESS,Digestive system process,1,86,126,0.0079,0.0058,1.365,0.52180018748868,0.6362021774374771,ACO1,False
C4_core,GO_BP,GOBP_MYELOID_CELL_ACTIVATION_INVOLVED_IN_IMMUNE_RESPONSE,Myeloid cell activation involved in immune response,1,86,126,0.0079,0.0058,1.365,0.52180018748868,0.6362021774374771,SNX4,False
C4_core,GO_BP,GOBP_NEGATIVE_REGULATION_OF_IMMUNE_SYSTEM_PROCESS,Negative regulation of immune system process,4,442,126,0.0317,0.0299,1.063,0.522274369047648,0.6363927491377914,"TMBIM6, UFL1, ADGRF5, HMGB1",False
C4_core,GO_BP,GOBP_CELL_FATE_COMMITMENT,Cell fate commitment,2,205,126,0.0159,0.0139,1.145,0.5234444423909548,0.6374305192619778,"HEY2, OPA1",False
C4_core,GO_BP,GOBP_REGULATION_OF_PH,Regulation of ph,1,87,126,0.0079,0.0059,1.35,0.525896813568122,0.6398395824385146,CA2,False
C4_core,GO_BP,GOBP_STEM_CELL_DIFFERENTIATION,Stem cell differentiation,2,206,126,0.0159,0.0139,1.14,0.5260619144324651,0.6398395824385146,"DHX36, UFL1",False
C4_core,GO_BP,GOBP_CELLULAR_RESPONSE_TO_BIOTIC_STIMULUS,Cellular response to biotic stimulus,2,207,126,0.0159,0.014,1.134,0.528669797227991,0.6422311493024503,"HMGB1, MAPK8",False
C4_core,GO_BP,GOBP_RRNA_PROCESSING,Rrna processing,2,207,126,0.0159,0.014,1.134,0.528669797227991,0.6422311493024503,"KRR1, KAT2B",False
C4_core,GO_BP,GOBP_POSITIVE_REGULATION_OF_PEPTIDE_SECRETION,Positive regulation of peptide secretion,1,88,126,0.0079,0.0059,1.334,0.5299586209721074,0.6422379898221302,SYBU,False
C4_core,GO_BP,GOBP_MITOCHONDRIAL_RESPIRATORY_CHAIN_COMPLEX_ASSEMBLY,Mitochondrial respiratory chain complex assembly,1,88,126,0.0079,0.0059,1.334,0.5299586209721074,0.6422379898221302,NDUFA5,False
C4_core,GO_BP,GOBP_POSITIVE_REGULATION_OF_PROTEIN_LOCALIZATION_TO_NUCLEUS,Positive regulation of protein localization to nucleus,1,88,126,0.0079,0.0059,1.334,0.5299586209721074,0.6422379898221302,FERMT2,False
C4_core,GO_BP,GOBP_AMINO_ACID_TRANSMEMBRANE_TRANSPORT,Amino acid transmembrane transport,1,88,126,0.0079,0.0059,1.334,0.5299586209721074,0.6422379898221302,SLC7A2,False
C4_core,GO_BP,GOBP_RESPONSE_TO_TOXIC_SUBSTANCE,Response to toxic substance,2,209,126,0.0159,0.0141,1.124,0.5338566857316613,0.6440124888932194,"HP, CP",False
C4_core,GO_BP,GOBP_POSITIVE_REGULATION_OF_LIPID_LOCALIZATION,Positive regulation of lipid localization,1,89,126,0.0079,0.006,1.319,0.5339859032893597,0.6440124888932194,CETP,False
C4_core,GO_BP,GOBP_NEGATIVE_REGULATION_OF_SMALL_MOLECULE_METABOLIC_PROCESS,Negative regulation of small molecule metabolic process,1,89,126,0.0079,0.006,1.319,0.5339859032893597,0.6440124888932194,ERLIN2,False
C4_core,GO_BP,GOBP_NEUTROPHIL_MIGRATION,Neutrophil migration,1,89,126,0.0079,0.006,1.319,0.5339859032893597,0.6440124888932194,ITGA1,False
C4_core,GO_BP,GOBP_METAPHASE_CHROMOSOME_ALIGNMENT,Metaphase chromosome alignment,1,89,126,0.0079,0.006,1.319,0.5339859032893597,0.6440124888932194,KAT2B,False
C4_core,GO_BP,GOBP_MITOCHONDRIAL_TRANSMEMBRANE_TRANSPORT,Mitochondrial transmembrane transport,1,89,126,0.0079,0.006,1.319,0.5339859032893597,0.6440124888932194,GRPEL1,False
C4_core,GO_BP,GOBP_REGULATION_OF_EPITHELIAL_CELL_APOPTOTIC_PROCESS,Regulation of epithelial cell apoptotic process,1,89,126,0.0079,0.006,1.319,0.5339859032893597,0.6440124888932194,PRKAA1,False
C4_core,GO_BP,GOBP_PATTERN_SPECIFICATION_PROCESS,Pattern specification process,3,329,126,0.0238,0.0222,1.071,0.5339963694119602,0.6440124888932194,"GREM2, HEY2, BMI1",False
C4_core,GO_BP,GOBP_ACUTE_INFLAMMATORY_RESPONSE,Acute inflammatory response,1,90,126,0.0079,0.0061,1.305,0.5379789516528785,0.6468671839093469,HP,False
C4_core,GO_BP,GOBP_RESPONSE_TO_RETINOIC_ACID,Response to retinoic acid,1,90,126,0.0079,0.0061,1.305,0.5379789516528785,0.6468671839093469,PCK1,False
C4_core,GO_BP,GOBP_HOMOTYPIC_CELL_CELL_ADHESION,Homotypic cell cell adhesion,1,90,126,0.0079,0.0061,1.305,0.5379789516528785,0.6468671839093469,PLPP3,False
C4_core,GO_BP,GOBP_LIPOSACCHARIDE_METABOLIC_PROCESS,Liposaccharide metabolic process,1,90,126,0.0079,0.0061,1.305,0.5379789516528785,0.6468671839093469,PRKAA1,False
C4_core,GO_BP,GOBP_TRANSITION_METAL_ION_TRANSPORT,Transition metal ion transport,1,90,126,0.0079,0.0061,1.305,0.5379789516528785,0.6468671839093469,CP,False
C4_core,GO_BP,GOBP_PHAGOCYTOSIS,Phagocytosis,2,212,126,0.0159,0.0143,1.108,0.5415644456201931,0.6504556268765883,"HMGB1, PIK3CA",False
C4_core,GO_BP,GOBP_DICARBOXYLIC_ACID_TRANSPORT,Dicarboxylic acid transport,1,91,126,0.0079,0.0062,1.29,0.5419380547603143,0.6504556268765883,SLC19A2,False
C4_core,GO_BP,GOBP_REGULATION_OF_PHAGOCYTOSIS,Regulation of phagocytosis,1,91,126,0.0079,0.0062,1.29,0.5419380547603143,0.6504556268765883,HMGB1,False
C4_core,GO_BP,GOBP_INTRACELLULAR_RECEPTOR_SIGNALING_PATHWAY,Intracellular receptor signaling pathway,3,334,126,0.0238,0.0226,1.055,0.5442330903040222,0.6528188416948187,"UFL1, HMGB1, MAPK8",False
C4_core,GO_BP,GOBP_LIPOPROTEIN_BIOSYNTHETIC_PROCESS,Lipoprotein biosynthetic process,1,92,126,0.0079,0.0062,1.276,0.5458634988941783,0.653990858639225,RB1CC1,False
C4_core,GO_BP,GOBP_REGULATION_OF_DEPHOSPHORYLATION,Regulation of dephosphorylation,1,92,126,0.0079,0.0062,1.276,0.5458634988941783,0.653990858639225,ITGA1,False
C4_core,GO_BP,GOBP_EMBRYONIC_ORGAN_MORPHOGENESIS,Embryonic organ morphogenesis,2,214,126,0.0159,0.0145,1.097,0.5466543005015059,0.6541553554118439,"EFNA1, BMI1",False
C4_core,GO_BP,GOBP_VACUOLE_ORGANIZATION,Vacuole organization,2,214,126,0.0159,0.0145,1.097,0.5466543005015059,0.6541553554118439,"RB1CC1, SNX4",False
C4_core,GO_BP,GOBP_PROTEIN_PROCESSING,Protein processing,2,215,126,0.0159,0.0145,1.092,0.549184569523718,0.6555155729717969,"CPN1, RNF139",False
C4_core,GO_BP,GOBP_GLIAL_CELL_DIFFERENTIATION,Glial cell differentiation,2,215,126,0.0159,0.0145,1.092,0.549184569523718,0.6555155729717969,"PLPP3, NAB1",False
C4_core,GO_BP,GOBP_HEMOSTASIS,Hemostasis,2,215,126,0.0159,0.0145,1.092,0.549184569523718,0.6555155729717969,"PIK3CA, JMJD1C",False
C4_core,GO_BP,GOBP_MACROPHAGE_ACTIVATION,Macrophage activation,1,93,126,0.0079,0.0063,1.263,0.5497555679418815,0.6555155729717969,ADGRF5,False
C4_core,GO_BP,GOBP_UNSATURATED_FATTY_ACID_METABOLIC_PROCESS,Unsaturated fatty acid metabolic process,1,93,126,0.0079,0.0063,1.263,0.5497555679418815,0.6555155729717969,PNPLA8,False
C4_core,GO_BP,GOBP_NEGATIVE_REGULATION_OF_HEMOPOIESIS,Negative regulation of hemopoiesis,1,93,126,0.0079,0.0063,1.263,0.5497555679418815,0.6555155729717969,HMGB1,False
C4_core,GO_BP,GOBP_SISTER_CHROMATID_SEGREGATION,Sister chromatid segregation,2,216,126,0.0159,0.0146,1.087,0.5517050407571308,0.6565973435533515,"STAG2, KAT2B",False
C4_core,GO_BP,GOBP_PHENOL_CONTAINING_COMPOUND_METABOLIC_PROCESS,Phenol containing compound metabolic process,1,94,126,0.0079,0.0064,1.249,0.5536145434156131,0.6565973435533515,SULT1A2,False
C4_core,GO_BP,GOBP_STEM_CELL_PROLIFERATION,Stem cell proliferation,1,94,126,0.0079,0.0064,1.249,0.5536145434156131,0.6565973435533515,FERMT2,False
C4_core,GO_BP,GOBP_NEURAL_TUBE_FORMATION,Neural tube formation,1,94,126,0.0079,0.0064,1.249,0.5536145434156131,0.6565973435533515,OPA1,False
C4_core,GO_BP,GOBP_RETROGRADE_TRANSPORT_ENDOSOME_TO_GOLGI,Retrograde transport endosome to golgi,1,94,126,0.0079,0.0064,1.249,0.5536145434156131,0.6565973435533515,SPAG9,False
C4_core,GO_BP,GOBP_POSITIVE_REGULATION_OF_BINDING,Positive regulation of binding,1,94,126,0.0079,0.0064,1.249,0.5536145434156131,0.6565973435533515,HMGB1,False
C4_core,GO_BP,GOBP_POLYSACCHARIDE_METABOLIC_PROCESS,Polysaccharide metabolic process,1,94,126,0.0079,0.0064,1.249,0.5536145434156131,0.6565973435533515,RB1CC1,False
C4_core,GO_BP,GOBP_RESPONSE_TO_HEAT,Response to heat,1,94,126,0.0079,0.0064,1.249,0.5536145434156131,0.6565973435533515,DHX36,False
C4_core,GO_BP,GOBP_PROTEIN_LOCALIZATION_TO_CELL_JUNCTION,Protein localization to cell junction,1,94,126,0.0079,0.0064,1.249,0.5536145434156131,0.6565973435533515,FERMT2,False
C4_core,GO_BP,GOBP_POSITIVE_REGULATION_OF_CELL_CYCLE_PROCESS,Positive regulation of cell cycle process,2,217,126,0.0159,0.0147,1.082,0.5542156963486645,0.656921151030211,"CEP120, KAT2B",False
C4_core,GO_BP,GOBP_ICOSANOID_METABOLIC_PROCESS,Icosanoid metabolic process,1,95,126,0.0079,0.0064,1.236,0.5574407044720504,0.6591826877454489,PNPLA8,False
C4_core,GO_BP,GOBP_POSITIVE_REGULATION_OF_PROTEIN_LOCALIZATION_TO_MEMBRANE,Positive regulation of protein localization to membrane,1,95,126,0.0079,0.0064,1.236,0.5574407044720504,0.6591826877454489,PIK3CA,False
C4_core,GO_BP,GOBP_LONG_CHAIN_FATTY_ACID_METABOLIC_PROCESS,Long chain fatty acid metabolic process,1,95,126,0.0079,0.0064,1.236,0.5574407044720504,0.6591826877454489,PNPLA8,False
C4_core,GO_BP,GOBP_POSITIVE_REGULATION_OF_UBIQUITIN_DEPENDENT_PROTEIN_CATABOLIC_PROCESS,Positive regulation of ubiquitin dependent protein catabolic process,1,95,126,0.0079,0.0064,1.236,0.5574407044720504,0.6591826877454489,RNF139,False
C4_core,GO_BP,GOBP_REGULATION_OF_ACTIN_FILAMENT_BUNDLE_ASSEMBLY,Regulation of actin filament bundle assembly,1,96,126,0.0079,0.0065,1.223,0.5612343279319124,0.6613249702882217,FERMT2,False
C4_core,GO_BP,GOBP_REGULATION_OF_RECEPTOR_MEDIATED_ENDOCYTOSIS,Regulation of receptor mediated endocytosis,1,96,126,0.0079,0.0065,1.223,0.5612343279319124,0.6613249702882217,PICALM,False
C4_core,GO_BP,GOBP_FATTY_ACID_TRANSPORT,Fatty acid transport,1,96,126,0.0079,0.0065,1.223,0.5612343279319124,0.6613249702882217,PNPLA8,False
C4_core,GO_BP,GOBP_REGULATION_OF_DNA_TEMPLATED_TRANSCRIPTION_ELONGATION,Regulation of dna templated transcription elongation,1,96,126,0.0079,0.0065,1.223,0.5612343279319124,0.6613249702882217,ELL2,False
C4_core,GO_BP,GOBP_REGULATION_OF_CELL_KILLING,Regulation of cell killing,1,96,126,0.0079,0.0065,1.223,0.5612343279319124,0.6613249702882217,MAPK8,False
C4_core,GO_BP,GOBP_REGULATION_OF_TELOMERE_MAINTENANCE,Regulation of telomere maintenance,1,96,126,0.0079,0.0065,1.223,0.5612343279319124,0.6613249702882217,DHX36,False
C4_core,GO_BP,GOBP_SMALL_GTPASE_MEDIATED_SIGNAL_TRANSDUCTION,Small gtpase mediated signal transduction,4,466,126,0.0317,0.0315,1.008,0.5642907451621653,0.6626370052579368,"ARHGEF4, ITSN1, GDI2, PICALM",False
C4_core,GO_BP,GOBP_INTERLEUKIN_1_PRODUCTION,Interleukin 1 production,1,97,126,0.0079,0.0066,1.21,0.5649956882993498,0.6626370052579368,HMGB1,False
C4_core,GO_BP,GOBP_POSITIVE_REGULATION_OF_TUMOR_NECROSIS_FACTOR_SUPERFAMILY_CYTOKINE_PRODUCTION,Positive regulation of tumor necrosis factor superfamily cytokine production,1,97,126,0.0079,0.0066,1.21,0.5649956882993498,0.6626370052579368,HMGB1,False
C4_core,GO_BP,GOBP_FIBROBLAST_PROLIFERATION,Fibroblast proliferation,1,97,126,0.0079,0.0066,1.21,0.5649956882993498,0.6626370052579368,BMI1,False
C4_core,GO_BP,GOBP_POSITIVE_REGULATION_OF_MRNA_CATABOLIC_PROCESS,Positive regulation of mrna catabolic process,1,97,126,0.0079,0.0066,1.21,0.5649956882993498,0.6626370052579368,DHX36,False
C4_core,GO_BP,GOBP_DIGESTION,Digestion,1,97,126,0.0079,0.0066,1.21,0.5649956882993498,0.6626370052579368,ACO1,False
C4_core,GO_BP,GOBP_PROTEIN_K48_LINKED_UBIQUITINATION,Protein k48 linked ubiquitination,1,97,126,0.0079,0.0066,1.21,0.5649956882993498,0.6626370052579368,UBE2D3,False
C4_core,GO_BP,GOBP_TORC1_SIGNALING,Torc1 signaling,1,97,126,0.0079,0.0066,1.21,0.5649956882993498,0.6626370052579368,PRKAA1,False
C4_core,GO_BP,GOBP_REGULATION_OF_RESPONSE_TO_BIOTIC_STIMULUS,Regulation of response to biotic stimulus,4,468,126,0.0317,0.0316,1.004,0.5677026783823664,0.6654219918744131,"UFL1, HMGB1, HERC5, MAPK8",False
C4_core,GO_BP,GOBP_GRANULOCYTE_CHEMOTAXIS,Granulocyte chemotaxis,1,98,126,0.0079,0.0066,1.198,0.5687250577811674,0.6658406816829808,ITGA1,False
C4_core,GO_BP,GOBP_RIBOSOMAL_SMALL_SUBUNIT_BIOGENESIS,Ribosomal small subunit biogenesis,1,98,126,0.0079,0.0066,1.198,0.5687250577811674,0.6658406816829808,KRR1,False
C4_core,GO_BP,GOBP_REGULATION_OF_GTPASE_ACTIVITY,Regulation of gtpase activity,2,224,126,0.0159,0.0151,1.048,0.5715141549231125,0.6678264906902246,"CCPG1, FERMT2",False
C4_core,GO_BP,GOBP_RESPONSE_TO_ETHANOL,Response to ethanol,1,99,126,0.0079,0.0067,1.186,0.5724227063059067,0.6678264906902246,PRKAA1,False
C4_core,GO_BP,GOBP_AMINE_METABOLIC_PROCESS,Amine metabolic process,1,99,126,0.0079,0.0067,1.186,0.5724227063059067,0.6678264906902246,SULT1A2,False
C4_core,GO_BP,GOBP_TUMOR_NECROSIS_FACTOR_MEDIATED_SIGNALING_PATHWAY,Tumor necrosis factor mediated signaling pathway,1,99,126,0.0079,0.0067,1.186,0.5724227063059067,0.6678264906902246,TANK,False
C4_core,GO_BP,GOBP_REGULATION_OF_SISTER_CHROMATID_SEGREGATION,Regulation of sister chromatid segregation,1,99,126,0.0079,0.0067,1.186,0.5724227063059067,0.6678264906902246,KAT2B,False
C4_core,GO_BP,GOBP_LEUKOCYTE_HOMEOSTASIS,Leukocyte homeostasis,1,99,126,0.0079,0.0067,1.186,0.5724227063059067,0.6678264906902246,HMGB1,False
C4_core,GO_BP,GOBP_CELL_SUBSTRATE_JUNCTION_ORGANIZATION,Cell substrate junction organization,1,100,126,0.0079,0.0068,1.174,0.5760889015427532,0.6712551478113548,FERMT2,False
C4_core,GO_BP,GOBP_REGULATION_OF_PROTEIN_LOCALIZATION_TO_PLASMA_MEMBRANE,Regulation of protein localization to plasma membrane,1,100,126,0.0079,0.0068,1.174,0.5760889015427532,0.6712551478113548,PICALM,False
C4_core,GO_BP,GOBP_RECEPTOR_MEDIATED_ENDOCYTOSIS,Receptor mediated endocytosis,2,226,126,0.0159,0.0153,1.039,0.5763674321117477,0.6712551478113548,"PICALM, ITSN1",False
C4_core,GO_BP,GOBP_REGULATION_OF_REGULATED_SECRETORY_PATHWAY,Regulation of regulated secretory pathway,1,101,126,0.0079,0.0068,1.163,0.5797239089202955,0.6735967879619451,SNX4,False
C4_core,GO_BP,GOBP_ELECTRON_TRANSPORT_CHAIN,Electron transport chain,1,101,126,0.0079,0.0068,1.163,0.5797239089202955,0.6735967879619451,NDUFA5,False
C4_core,GO_BP,GOBP_REGULATION_OF_LEUKOCYTE_CHEMOTAXIS,Regulation of leukocyte chemotaxis,1,101,126,0.0079,0.0068,1.163,0.5797239089202955,0.6735967879619451,HMGB1,False
C4_core,GO_BP,GOBP_MONOSACCHARIDE_TRANSMEMBRANE_TRANSPORT,Monosaccharide transmembrane transport,1,101,126,0.0079,0.0068,1.163,0.5797239089202955,0.6735967879619451,MEF2A,False
C4_core,GO_BP,GOBP_POSITIVE_REGULATION_OF_CHROMOSOME_ORGANIZATION,Positive regulation of chromosome organization,1,102,126,0.0079,0.0069,1.151,0.5833279916451339,0.6758232866166425,DHX36,False
C4_core,GO_BP,GOBP_RENAL_SYSTEM_PROCESS,Renal system process,1,102,126,0.0079,0.0069,1.151,0.5833279916451339,0.6758232866166425,ADGRF5,False
C4_core,GO_BP,GOBP_INORGANIC_ANION_TRANSMEMBRANE_TRANSPORT,Inorganic anion transmembrane transport,1,102,126,0.0079,0.0069,1.151,0.5833279916451339,0.6758232866166425,FXYD1,False
C4_core,GO_BP,GOBP_TYPE_II_INTERFERON_PRODUCTION,Type ii interferon production,1,102,126,0.0079,0.0069,1.151,0.5833279916451339,0.6758232866166425,HMGB1,False
C4_core,GO_BP,GOBP_CELLULAR_RESPONSE_TO_LIGHT_STIMULUS,Cellular response to light stimulus,1,102,126,0.0079,0.0069,1.151,0.5833279916451339,0.6758232866166425,DHX36,False
C4_core,GO_BP,GOBP_EMBRYONIC_ORGAN_DEVELOPMENT,Embryonic organ development,3,354,126,0.0238,0.0239,0.995,0.5838618791122986,0.6760505968668721,"HEY2, EFNA1, BMI1",False
C4_core,GO_BP,GOBP_REGULATION_OF_CHROMOSOME_ORGANIZATION,Regulation of chromosome organization,2,230,126,0.0159,0.0155,1.021,0.5859546342151648,0.6764401981934897,"DHX36, KAT2B",False
C4_core,GO_BP,GOBP_AUTOPHAGY_OF_MITOCHONDRION,Autophagy of mitochondrion,1,103,126,0.0079,0.007,1.14,0.5869014107203254,0.6764401981934897,RB1CC1,False
C4_core,GO_BP,GOBP_STRESS_FIBER_ASSEMBLY,Stress fiber assembly,1,103,126,0.0079,0.007,1.14,0.5869014107203254,0.6764401981934897,FERMT2,False
C4_core,GO_BP,GOBP_LEUKOCYTE_APOPTOTIC_PROCESS,Leukocyte apoptotic process,1,103,126,0.0079,0.007,1.14,0.5869014107203254,0.6764401981934897,EFNA1,False
C4_core,GO_BP,GOBP_NEGATIVE_REGULATION_OF_RESPONSE_TO_BIOTIC_STIMULUS,Negative regulation of response to biotic stimulus,1,103,126,0.0079,0.007,1.14,0.5869014107203254,0.6764401981934897,UFL1,False
C4_core,GO_BP,GOBP_MITOCHONDRIAL_MEMBRANE_ORGANIZATION,Mitochondrial membrane organization,1,103,126,0.0079,0.007,1.14,0.5869014107203254,0.6764401981934897,OPA1,False
C4_core,GO_BP,GOBP_NUCLEOSIDE_TRIPHOSPHATE_BIOSYNTHETIC_PROCESS,Nucleoside triphosphate biosynthetic process,1,103,126,0.0079,0.007,1.14,0.5869014107203254,0.6764401981934897,NDUFA5,False
C4_core,GO_BP,GOBP_HETEROCHROMATIN_FORMATION,Heterochromatin formation,1,103,126,0.0079,0.007,1.14,0.5869014107203254,0.6764401981934897,HMGB1,False
C4_core,GO_BP,GOBP_GLYCEROLIPID_BIOSYNTHETIC_PROCESS,Glycerolipid biosynthetic process,2,232,126,0.0159,0.0157,1.012,0.5906884570440003,0.6800220189776243,"PIK3CA, PCK1",False
C4_core,GO_BP,GOBP_MEIOTIC_CELL_CYCLE,Meiotic cell cycle,2,232,126,0.0159,0.0157,1.012,0.5906884570440003,0.6800220189776243,"STAG2, FOXJ3",False
C4_core,GO_BP,GOBP_CEREBRAL_CORTEX_DEVELOPMENT,Cerebral cortex development,1,105,126,0.0079,0.0071,1.118,0.5939572910259466,0.6829997108753275,CEP120,False
C4_core,GO_BP,GOBP_STEROL_TRANSPORT,Sterol transport,1,105,126,0.0079,0.0071,1.118,0.5939572910259466,0.6829997108753275,CETP,False
C4_core,GO_BP,GOBP_IN_UTERO_EMBRYONIC_DEVELOPMENT,In utero embryonic development,3,360,126,0.0238,0.0243,0.978,0.5953230057075236,0.6841771856638704,"HEY2, CERT1, BMI1",False
C4_core,GO_BP,GOBP_LIPID_OXIDATION,Lipid oxidation,1,106,126,0.0079,0.0072,1.108,0.597440263408732,0.6858230546698861,PRKAA1,False
C4_core,GO_BP,GOBP_MEMORY,Memory,1,106,126,0.0079,0.0072,1.108,0.597440263408732,0.6858230546698861,KAT2B,False
C4_core,GO_BP,GOBP_CELLULAR_COMPONENT_DISASSEMBLY,Cellular component disassembly,4,487,126,0.0317,0.0329,0.964,0.5993777726730178,0.6876528944936285,"RB1CC1, UFL1, PIK3CA, PRKAA1",False
C4_core,GO_BP,GOBP_VITAMIN_METABOLIC_PROCESS,Vitamin metabolic process,1,107,126,0.0079,0.0072,1.097,0.6008935944824307,0.688997122653967,SLC19A2,False
C4_core,GO_BP,GOBP_XENOBIOTIC_METABOLIC_PROCESS,Xenobiotic metabolic process,1,108,126,0.0079,0.0073,1.087,0.6043175345038932,0.6913392594724539,SULT1A2,False
C4_core,GO_BP,GOBP_MEIOSIS_I_CELL_CYCLE_PROCESS,Meiosis i cell cycle process,1,108,126,0.0079,0.0073,1.087,0.6043175345038932,0.6913392594724539,FOXJ3,False
C4_core,GO_BP,GOBP_CHROMOSOME_LOCALIZATION,Chromosome localization,1,108,126,0.0079,0.0073,1.087,0.6043175345038932,0.6913392594724539,KAT2B,False
C4_core,GO_BP,GOBP_POST_GOLGI_VESICLE_MEDIATED_TRANSPORT,Post golgi vesicle mediated transport,1,108,126,0.0079,0.0073,1.087,0.6043175345038932,0.6913392594724539,AP1AR,False
C4_core,GO_BP,GOBP_NEGATIVE_REGULATION_OF_ESTABLISHMENT_OF_PROTEIN_LOCALIZATION,Negative regulation of establishment of protein localization,1,109,126,0.0079,0.0074,1.077,0.6077123316339835,0.6944292739333533,NDFIP2,False
C4_core,GO_BP,GOBP_PROTEIN_DEPOLYMERIZATION,Protein depolymerization,1,109,126,0.0079,0.0074,1.077,0.6077123316339835,0.6944292739333533,PIK3CA,False
C4_core,GO_BP,GOBP_CYTOKINE_PRODUCTION_INVOLVED_IN_IMMUNE_RESPONSE,Cytokine production involved in immune response,1,110,126,0.0079,0.0074,1.067,0.6110782319549991,0.6974792590501188,DHX36,False
C4_core,GO_BP,GOBP_RECEPTOR_INTERNALIZATION,Receptor internalization,1,110,126,0.0079,0.0074,1.067,0.6110782319549991,0.6974792590501188,PICALM,False
C4_core,GO_BP,GOBP_SEQUESTERING_OF_CALCIUM_ION,Sequestering of calcium ion,1,111,126,0.0079,0.0075,1.058,0.6144154794879375,0.7008887691936472,CAMK2D,False
C4_core,GO_BP,GOBP_RESPONSE_TO_XENOBIOTIC_STIMULUS,Response to xenobiotic stimulus,3,371,126,0.0238,0.0251,0.949,0.6158044430435847,0.7020731748139274,"PNP, SULT1A2, PRKAA1",False
C4_core,GO_BP,GOBP_NEGATIVE_REGULATION_OF_EPITHELIAL_CELL_PROLIFERATION,Negative regulation of epithelial cell proliferation,1,112,126,0.0079,0.0076,1.048,0.6177243162096243,0.7034607969577178,TGFBR3,False
C4_core,GO_BP,GOBP_REGULATION_OF_MRNA_PROCESSING,Regulation of mrna processing,1,112,126,0.0079,0.0076,1.048,0.6177243162096243,0.7034607969577178,DHX36,False
C4_core,GO_BP,GOBP_RRNA_METABOLIC_PROCESS,Rrna metabolic process,2,245,126,0.0159,0.0166,0.958,0.6204855161779445,0.7062035266561938,"KRR1, KAT2B",False
C4_core,GO_BP,GOBP_NEGATIVE_REGULATION_OF_NEURON_PROJECTION_DEVELOPMENT,Negative regulation of neuron projection development,1,113,126,0.0079,0.0076,1.039,0.6210049820696975,0.7063931671042809,EFNA1,False
C4_core,GO_BP,GOBP_REGULATION_OF_CELL_MATRIX_ADHESION,Regulation of cell matrix adhesion,1,114,126,0.0079,0.0077,1.03,0.6242577150074549,0.7084829622703654,FERMT2,False
C4_core,GO_BP,GOBP_SPECIFICATION_OF_SYMMETRY,Specification of symmetry,1,114,126,0.0079,0.0077,1.03,0.6242577150074549,0.7084829622703654,GREM2,False
C4_core,GO_BP,GOBP_RAS_PROTEIN_SIGNAL_TRANSDUCTION,Ras protein signal transduction,1,114,126,0.0079,0.0077,1.03,0.6242577150074549,0.7084829622703654,PICALM,False
C4_core,GO_BP,GOBP_REGULATION_OF_LIPID_TRANSPORT,Regulation of lipid transport,1,114,126,0.0079,0.0077,1.03,0.6242577150074549,0.7084829622703654,CETP,False
C4_core,GO_BP,GOBP_EPITHELIAL_TUBE_FORMATION,Epithelial tube formation,1,115,126,0.0079,0.0078,1.021,0.6274827509685627,0.7097290776491878,OPA1,False
C4_core,GO_BP,GOBP_CARBOHYDRATE_TRANSPORT,Carbohydrate transport,1,115,126,0.0079,0.0078,1.021,0.6274827509685627,0.7097290776491878,MEF2A,False
C4_core,GO_BP,GOBP_REGULATION_OF_B_CELL_ACTIVATION,Regulation of b cell activation,1,115,126,0.0079,0.0078,1.021,0.6274827509685627,0.7097290776491878,BMI1,False
C4_core,GO_BP,GOBP_REGULATION_OF_WOUND_HEALING,Regulation of wound healing,1,115,126,0.0079,0.0078,1.021,0.6274827509685627,0.7097290776491878,FERMT2,False
C4_core,GO_BP,GOBP_NUCLEOSIDE_BISPHOSPHATE_METABOLIC_PROCESS,Nucleoside bisphosphate metabolic process,1,115,126,0.0079,0.0078,1.021,0.6274827509685627,0.7097290776491878,SULT1A2,False
C4_core,GO_BP,GOBP_POSITIVE_REGULATION_OF_TRANSLATION,Positive regulation of translation,1,115,126,0.0079,0.0078,1.021,0.6274827509685627,0.7097290776491878,DHX36,False
C4_core,GO_BP,GOBP_POSITIVE_REGULATION_OF_PRODUCTION_OF_MOLECULAR_MEDIATOR_OF_IMMUNE_RESPONSE,Positive regulation of production of molecular mediator of immune response,1,116,126,0.0079,0.0078,1.012,0.6306803239216221,0.7105357391621201,DHX36,False
C4_core,GO_BP,GOBP_NUCLEAR_TRANSCRIBED_MRNA_CATABOLIC_PROCESS,Nuclear transcribed mrna catabolic process,1,116,126,0.0079,0.0078,1.012,0.6306803239216221,0.7105357391621201,DHX36,False
C4_core,GO_BP,GOBP_MRNA_TRANSPORT,Mrna transport,1,116,126,0.0079,0.0078,1.012,0.6306803239216221,0.7105357391621201,AHCTF1,False
C4_core,GO_BP,GOBP_REGULATION_OF_PROTEASOMAL_UBIQUITIN_DEPENDENT_PROTEIN_CATABOLIC_PROCESS,Regulation of proteasomal ubiquitin dependent protein catabolic process,1,116,126,0.0079,0.0078,1.012,0.6306803239216221,0.7105357391621201,UFL1,False
C4_core,GO_BP,GOBP_GRANULOCYTE_MIGRATION,Granulocyte migration,1,116,126,0.0079,0.0078,1.012,0.6306803239216221,0.7105357391621201,ITGA1,False
C4_core,GO_BP,GOBP_REGULATION_OF_DNA_REPLICATION,Regulation of dna replication,1,116,126,0.0079,0.0078,1.012,0.6306803239216221,0.7105357391621201,CHRAC1,False
C4_core,GO_BP,GOBP_POSITIVE_REGULATION_OF_CYSTEINE_TYPE_ENDOPEPTIDASE_ACTIVITY,Positive regulation of cysteine type endopeptidase activity,1,116,126,0.0079,0.0078,1.012,0.6306803239216221,0.7105357391621201,HMGB1,False
C4_core,GO_BP,GOBP_PROTEIN_POLYUBIQUITINATION,Protein polyubiquitination,2,250,126,0.0159,0.0169,0.939,0.6314975643886057,0.7110563126580364,"HERC5, UBE2D3",False
C4_core,GO_BP,GOBP_MYELOID_CELL_DIFFERENTIATION,Myeloid cell differentiation,3,381,126,0.0238,0.0258,0.925,0.6338174471315439,0.712103834501099,"UFL1, ADGRF5, TGFBR3",False
C4_core,GO_BP,GOBP_REGULATION_OF_MAP_KINASE_ACTIVITY,Regulation of map kinase activity,1,117,126,0.0079,0.0079,1.004,0.6338506658746046,0.712103834501099,ERN1,False
C4_core,GO_BP,GOBP_LYSOSOMAL_TRANSPORT,Lysosomal transport,1,117,126,0.0079,0.0079,1.004,0.6338506658746046,0.712103834501099,ZFYVE16,False
C4_core,GO_BP,GOBP_REGULATION_OF_PROTEIN_CONTAINING_COMPLEX_DISASSEMBLY,Regulation of protein containing complex disassembly,1,117,126,0.0079,0.0079,1.004,0.6338506658746046,0.712103834501099,PIK3CA,False
C4_core,GO_BP,GOBP_POSITIVE_REGULATION_OF_ADAPTIVE_IMMUNE_RESPONSE,Positive regulation of adaptive immune response,1,118,126,0.0079,0.008,0.995,0.6369940068911475,0.713233781765144,OPA1,False
C4_core,GO_BP,GOBP_EPITHELIAL_CELL_APOPTOTIC_PROCESS,Epithelial cell apoptotic process,1,118,126,0.0079,0.008,0.995,0.6369940068911475,0.713233781765144,PRKAA1,False
C4_core,GO_BP,GOBP_ISOPRENOID_METABOLIC_PROCESS,Isoprenoid metabolic process,1,118,126,0.0079,0.008,0.995,0.6369940068911475,0.713233781765144,DHRS4,False
C4_core,GO_BP,GOBP_PHOSPHATIDYLINOSITOL_BIOSYNTHETIC_PROCESS,Phosphatidylinositol biosynthetic process,1,118,126,0.0079,0.008,0.995,0.6369940068911475,0.713233781765144,PIK3CA,False
C4_core,GO_BP,GOBP_SPINDLE_ASSEMBLY,Spindle assembly,1,118,126,0.0079,0.008,0.995,0.6369940068911475,0.713233781765144,STAG2,False
C4_core,GO_BP,GOBP_NEGATIVE_REGULATION_OF_DNA_BINDING_TRANSCRIPTION_FACTOR_ACTIVITY,Negative regulation of dna binding transcription factor activity,1,118,126,0.0079,0.008,0.995,0.6369940068911475,0.713233781765144,UFL1,False
C4_core,GO_BP,GOBP_CELL_CHEMOTAXIS,Cell chemotaxis,2,253,126,0.0159,0.0171,0.928,0.6379857221198912,0.7135460422815767,"HMGB1, ITGA1",False
C4_core,GO_BP,GOBP_NUCLEOSIDE_PHOSPHATE_BIOSYNTHETIC_PROCESS,Nucleoside phosphate biosynthetic process,2,253,126,0.0159,0.0171,0.928,0.6379857221198912,0.7135460422815767,"NDUFA5, PNP",False
C4_core,GO_BP,GOBP_REGULATION_OF_G_PROTEIN_COUPLED_RECEPTOR_SIGNALING_PATHWAY,Regulation of g protein coupled receptor signaling pathway,1,119,126,0.0079,0.008,0.987,0.6401105751067181,0.7155228204152148,RGS5,False
C4_core,GO_BP,GOBP_HORMONE_TRANSPORT,Hormone transport,2,255,126,0.0159,0.0172,0.921,0.6422617027842559,0.7173747045586489,"SYBU, SNX4",False
C4_core,GO_BP,GOBP_CELL_JUNCTION_ASSEMBLY,Cell junction assembly,3,386,126,0.0238,0.0261,0.913,0.6426046214611518,0.7173747045586489,"PDLIM5, FERMT2, PTPRD",False
C4_core,GO_BP,GOBP_ENDOPLASMIC_RETICULUM_TO_GOLGI_VESICLE_MEDIATED_TRANSPORT,Endoplasmic reticulum to golgi vesicle mediated transport,1,120,126,0.0079,0.0081,0.978,0.6432005967446428,0.7173747045586489,RNF139,False
C4_core,GO_BP,GOBP_MITOCHONDRIAL_TRANSLATION,Mitochondrial translation,1,120,126,0.0079,0.0081,0.978,0.6432005967446428,0.7173747045586489,SHMT2,False
C4_core,GO_BP,GOBP_POSITIVE_REGULATION_OF_SECRETION,Positive regulation of secretion,2,256,126,0.0159,0.0173,0.917,0.6443848882549641,0.7178956851900046,"SYBU, SNX4",False
C4_core,GO_BP,GOBP_MITOTIC_NUCLEAR_DIVISION,Mitotic nuclear division,2,256,126,0.0159,0.0173,0.917,0.6443848882549641,0.7178956851900046,"STAG2, KAT2B",False
C4_core,GO_BP,GOBP_ADENYLATE_CYCLASE_ACTIVATING_G_PROTEIN_COUPLED_RECEPTOR_SIGNALING_PATHWAY,Adenylate cyclase activating g protein coupled receptor signaling pathway,1,121,126,0.0079,0.0082,0.97,0.646264296132007,0.7187895115868211,ADGRF5,False
C4_core,GO_BP,GOBP_POSITIVE_REGULATION_OF_MONOATOMIC_ION_TRANSMEMBRANE_TRANSPORT,Positive regulation of monoatomic ion transmembrane transport,1,121,126,0.0079,0.0082,0.97,0.646264296132007,0.7187895115868211,FXYD1,False
C4_core,GO_BP,GOBP_REGULATION_OF_MONONUCLEAR_CELL_MIGRATION,Regulation of mononuclear cell migration,1,121,126,0.0079,0.0082,0.97,0.646264296132007,0.7187895115868211,HMGB1,False
C4_core,GO_BP,GOBP_EPIDERMIS_DEVELOPMENT,Epidermis development,2,258,126,0.0159,0.0174,0.91,0.6486017088790716,0.7205667379280843,"HEY2, NAB1",False
C4_core,GO_BP,GOBP_POSITIVE_REGULATION_OF_DNA_REPAIR,Positive regulation of dna repair,1,122,126,0.0079,0.0082,0.962,0.6493018957154166,0.7205667379280843,HMGB1,False
C4_core,GO_BP,GOBP_CELL_SURFACE_RECEPTOR_SIGNALING_PATHWAY_VIA_STAT,Cell surface receptor signaling pathway via stat,1,122,126,0.0079,0.0082,0.962,0.6493018957154166,0.7205667379280843,PTPRD,False
C4_core,GO_BP,GOBP_POSITIVE_REGULATION_OF_MRNA_METABOLIC_PROCESS,Positive regulation of mrna metabolic process,1,122,126,0.0079,0.0082,0.962,0.6493018957154166,0.7205667379280843,DHX36,False
C4_core,GO_BP,GOBP_SIGNAL_RELEASE,Signal release,3,391,126,0.0238,0.0264,0.901,0.6512446042905033,0.7219081588642509,"SYBU, SNX4, LIN7C",False
C4_core,GO_BP,GOBP_POSITIVE_REGULATION_OF_PROTEIN_SECRETION,Positive regulation of protein secretion,1,123,126,0.0079,0.0083,0.955,0.6523136160766383,0.7219081588642509,SYBU,False
C4_core,GO_BP,GOBP_POSITIVE_REGULATION_OF_PROTEOLYSIS_INVOLVED_IN_PROTEIN_CATABOLIC_PROCESS,Positive regulation of proteolysis involved in protein catabolic process,1,123,126,0.0079,0.0083,0.955,0.6523136160766383,0.7219081588642509,RNF139,False
C4_core,GO_BP,GOBP_SPROUTING_ANGIOGENESIS,Sprouting angiogenesis,1,123,126,0.0079,0.0083,0.955,0.6523136160766383,0.7219081588642509,TGFBR3,False
C4_core,GO_BP,GOBP_REGULATION_OF_CHROMOSOME_SEGREGATION,Regulation of chromosome segregation,1,123,126,0.0079,0.0083,0.955,0.6523136160766383,0.7219081588642509,KAT2B,False
C4_core,GO_BP,GOBP_NEGATIVE_REGULATION_OF_DNA_METABOLIC_PROCESS,Negative regulation of dna metabolic process,1,124,126,0.0079,0.0084,0.947,0.6552996759481091,0.7240121143753391,KLHL15,False
C4_core,GO_BP,GOBP_MITOTIC_SPINDLE_ORGANIZATION,Mitotic spindle organization,1,124,126,0.0079,0.0084,0.947,0.6552996759481091,0.7240121143753391,STAG2,False
C4_core,GO_BP,GOBP_PLATELET_ACTIVATION,Platelet activation,1,124,126,0.0079,0.0084,0.947,0.6552996759481091,0.7240121143753391,PIK3CA,False
C4_core,GO_BP,GOBP_COGNITION,Cognition,2,262,126,0.0159,0.0177,0.896,0.6569175132477436,0.7248828960621981,"PICALM, KAT2B",False
C4_core,GO_BP,GOBP_POSITIVE_REGULATION_OF_CHEMOTAXIS,Positive regulation of chemotaxis,1,125,126,0.0079,0.0084,0.939,0.6582602922283098,0.7248828960621981,HMGB1,False
C4_core,GO_BP,GOBP_NEUROTRANSMITTER_SECRETION,Neurotransmitter secretion,1,125,126,0.0079,0.0084,0.939,0.6582602922283098,0.7248828960621981,LIN7C,False
C4_core,GO_BP,GOBP_REGULATION_OF_EPITHELIAL_CELL_DIFFERENTIATION,Regulation of epithelial cell differentiation,1,125,126,0.0079,0.0084,0.939,0.6582602922283098,0.7248828960621981,HEY2,False
C4_core,GO_BP,GOBP_CILIUM_OR_FLAGELLUM_DEPENDENT_CELL_MOTILITY,Cilium or flagellum dependent cell motility,1,125,126,0.0079,0.0084,0.939,0.6582602922283098,0.7248828960621981,CFAP20,False
C4_core,GO_BP,GOBP_POSITIVE_REGULATION_OF_INFLAMMATORY_RESPONSE,Positive regulation of inflammatory response,1,125,126,0.0079,0.0084,0.939,0.6582602922283098,0.7248828960621981,SNX4,False
C4_core,GO_BP,GOBP_LYMPHOCYTE_MEDIATED_IMMUNITY,Lymphocyte mediated immunity,2,264,126,0.0159,0.0178,0.889,0.6610167226077923,0.7257202584177834,"UFL1, HMGB1",False
C4_core,GO_BP,GOBP_CELL_RECOGNITION,Cell recognition,1,126,126,0.0079,0.0085,0.932,0.6611956799970214,0.7257202584177834,FETUB,False
C4_core,GO_BP,GOBP_REGULATION_OF_PROTEIN_LOCALIZATION_TO_CELL_PERIPHERY,Regulation of protein localization to cell periphery,1,126,126,0.0079,0.0085,0.932,0.6611956799970214,0.7257202584177834,PICALM,False
C4_core,GO_BP,GOBP_NEPHRON_DEVELOPMENT,Nephron development,1,126,126,0.0079,0.0085,0.932,0.6611956799970214,0.7257202584177834,NID1,False
C4_core,GO_BP,GOBP_REGULATION_OF_CELL_SHAPE,Regulation of cell shape,1,126,126,0.0079,0.0085,0.932,0.6611956799970214,0.7257202584177834,FERMT2,False
C4_core,GO_BP,GOBP_MULTICELLULAR_ORGANISM_GROWTH,Multicellular organism growth,1,126,126,0.0079,0.0085,0.932,0.6611956799970214,0.7257202584177834,PIK3CA,False
C4_core,GO_BP,GOBP_NEGATIVE_REGULATION_OF_NEURON_APOPTOTIC_PROCESS,Negative regulation of neuron apoptotic process,1,127,126,0.0079,0.0086,0.925,0.6641060525304532,0.7277177433858606,PIK3CA,False
C4_core,GO_BP,GOBP_ENDOTHELIUM_DEVELOPMENT,Endothelium development,1,127,126,0.0079,0.0086,0.925,0.6641060525304532,0.7277177433858606,HEY2,False
C4_core,GO_BP,GOBP_NEGATIVE_REGULATION_OF_PROTEIN_CONTAINING_COMPLEX_ASSEMBLY,Negative regulation of protein containing complex assembly,1,127,126,0.0079,0.0086,0.925,0.6641060525304532,0.7277177433858606,HMGB1,False
C4_core,GO_BP,GOBP_RNA_CATABOLIC_PROCESS,Rna catabolic process,2,266,126,0.0159,0.018,0.883,0.6650769661851332,0.72838297937781,"DHX36, ERN1",False
C4_core,GO_BP,GOBP_PLACENTA_DEVELOPMENT,Placenta development,1,128,126,0.0079,0.0087,0.917,0.6669916213162421,0.7296815441940528,HEY2,False
C4_core,GO_BP,GOBP_REGULATION_OF_MITOCHONDRION_ORGANIZATION,Regulation of mitochondrion organization,1,128,126,0.0079,0.0087,0.917,0.6669916213162421,0.7296815441940528,OPA1,False
C4_core,GO_BP,GOBP_DNA_INTEGRITY_CHECKPOINT_SIGNALING,Dna integrity checkpoint signaling,1,129,126,0.0079,0.0087,0.91,0.6698525960683319,0.730416610745534,UFL1,False
C4_core,GO_BP,GOBP_LIPOPROTEIN_METABOLIC_PROCESS,Lipoprotein metabolic process,1,129,126,0.0079,0.0087,0.91,0.6698525960683319,0.730416610745534,RB1CC1,False
C4_core,GO_BP,GOBP_INTERLEUKIN_6_PRODUCTION,Interleukin 6 production,1,129,126,0.0079,0.0087,0.91,0.6698525960683319,0.730416610745534,HMGB1,False
C4_core,GO_BP,GOBP_MORPHOGENESIS_OF_EMBRYONIC_EPITHELIUM,Morphogenesis of embryonic epithelium,1,129,126,0.0079,0.0087,0.91,0.6698525960683319,0.730416610745534,OPA1,False
C4_core,GO_BP,GOBP_DNA_TEMPLATED_TRANSCRIPTION_ELONGATION,Dna templated transcription elongation,1,129,126,0.0079,0.0087,0.91,0.6698525960683319,0.730416610745534,ELL2,False
C4_core,GO_BP,GOBP_TUBE_FORMATION,Tube formation,1,129,126,0.0079,0.0087,0.91,0.6698525960683319,0.730416610745534,OPA1,False
C4_core,GO_BP,GOBP_NEGATIVE_REGULATION_OF_PHOSPHORYLATION,Negative regulation of phosphorylation,2,269,126,0.0159,0.0182,0.873,0.6710945589570139,0.7313725133543505,"SPAG9, PLPP3",False
C4_core,GO_BP,GOBP_POSITIVE_REGULATION_OF_LEUKOCYTE_MIGRATION,Positive regulation of leukocyte migration,1,130,126,0.0079,0.0088,0.903,0.6726891847417307,0.7323130765921396,HMGB1,False
C4_core,GO_BP,GOBP_REGULATION_OF_AXONOGENESIS,Regulation of axonogenesis,1,130,126,0.0079,0.0088,0.903,0.6726891847417307,0.7323130765921396,EFNA1,False
C4_core,GO_BP,GOBP_CALCIUM_ION_TRANSMEMBRANE_TRANSPORT,Calcium ion transmembrane transport,2,270,126,0.0159,0.0183,0.87,0.673081086437953,0.7323414864395553,"TMBIM6, CAMK2D",False
C4_core,GO_BP,GOBP_CYTOKINE_MEDIATED_SIGNALING_PATHWAY,Cytokine mediated signaling pathway,3,405,126,0.0238,0.0274,0.87,0.674650011838034,0.7336498227592309,"GREM2, TANK, AZI2",False
C4_core,GO_BP,GOBP_REGULATION_OF_EXTRINSIC_APOPTOTIC_SIGNALING_PATHWAY,Regulation of extrinsic apoptotic signaling pathway,1,131,126,0.0079,0.0089,0.896,0.6755015935471413,0.7341770848433099,RB1CC1,False
C4_core,GO_BP,GOBP_POSITIVE_REGULATION_OF_DNA_METABOLIC_PROCESS,Positive regulation of dna metabolic process,2,272,126,0.0159,0.0184,0.863,0.6770252449567792,0.7354338255037829,"DHX36, HMGB1",False
C4_core,GO_BP,GOBP_POSITIVE_REGULATION_OF_LEUKOCYTE_MEDIATED_IMMUNITY,Positive regulation of leukocyte mediated immunity,1,132,126,0.0079,0.0089,0.889,0.6782900269654768,0.7360090157099645,DHX36,False
C4_core,GO_BP,GOBP_T_CELL_RECEPTOR_SIGNALING_PATHWAY,T cell receptor signaling pathway,1,132,126,0.0079,0.0089,0.889,0.6782900269654768,0.7360090157099645,PIK3CA,False
C4_core,GO_BP,GOBP_REGULATION_OF_PROTEIN_LOCALIZATION_TO_NUCLEUS,Regulation of protein localization to nucleus,1,133,126,0.0079,0.009,0.883,0.6810546877622544,0.7386086050379379,FERMT2,False
C4_core,GO_BP,GOBP_NEGATIVE_REGULATION_OF_CELL_CYCLE_PROCESS,Negative regulation of cell cycle process,2,275,126,0.0159,0.0186,0.854,0.6828695264756625,0.7401758484051306,"UFL1, KAT2B",False
C4_core,GO_BP,GOBP_POSITIVE_REGULATION_OF_CELL_GROWTH,Positive regulation of cell growth,1,134,126,0.0079,0.0091,0.876,0.6837957770018668,0.7403781209073755,RICTOR,False
C4_core,GO_BP,GOBP_NEGATIVE_REGULATION_OF_INFLAMMATORY_RESPONSE,Negative regulation of inflammatory response,1,134,126,0.0079,0.0091,0.876,0.6837957770018668,0.7403781209073755,NT5E,False
C4_core,GO_BP,GOBP_ACTIVATION_OF_INNATE_IMMUNE_RESPONSE,Activation of innate immune response,2,276,126,0.0159,0.0187,0.851,0.6847985105359454,0.7410630368070069,"HMGB1, MAPK8",False
C4_core,GO_BP,GOBP_ORGANIC_ACID_TRANSMEMBRANE_TRANSPORT,Organic acid transmembrane transport,1,135,126,0.0079,0.0091,0.87,0.6865134940617419,0.7425175662407387,SLC7A2,False
C4_core,GO_BP,GOBP_EXTERNAL_ENCAPSULATING_STRUCTURE_ORGANIZATION,External encapsulating structure organization,2,278,126,0.0159,0.0188,0.845,0.6886279361109751,0.7444023369838942,"NID1, TGFBR3",False
C4_core,GO_BP,GOBP_NEGATIVE_REGULATION_OF_MAPK_CASCADE,Negative regulation of mapk cascade,1,136,126,0.0079,0.0092,0.863,0.6892080366463802,0.7446273552973843,EFNA1,False
C4_core,GO_BP,GOBP_SKELETAL_SYSTEM_DEVELOPMENT,Skeletal system development,3,415,126,0.0238,0.0281,0.849,0.6906574131003584,0.7457907988278952,"BMP10, BMI1, NAB1",False
C4_core,GO_BP,GOBP_AMINO_ACID_TRANSPORT,Amino acid transport,1,137,126,0.0079,0.0093,0.857,0.6918796008012824,0.7459035868627719,SLC7A2,False
C4_core,GO_BP,GOBP_REGULATION_OF_INSULIN_SECRETION,Regulation of insulin secretion,1,137,126,0.0079,0.0093,0.857,0.6918796008012824,0.7459035868627719,SYBU,False
C4_core,GO_BP,GOBP_POSITIVE_REGULATION_OF_SYNAPTIC_TRANSMISSION,Positive regulation of synaptic transmission,1,137,126,0.0079,0.0093,0.857,0.6918796008012824,0.7459035868627719,CA2,False
C4_core,GO_BP,GOBP_NEURAL_PRECURSOR_CELL_PROLIFERATION,Neural precursor cell proliferation,1,138,126,0.0079,0.0093,0.851,0.6945283809267544,0.7479536409980432,CEP120,False
C4_core,GO_BP,GOBP_REGULATION_OF_LIPID_LOCALIZATION,Regulation of lipid localization,1,138,126,0.0079,0.0093,0.851,0.6945283809267544,0.7479536409980432,CETP,False
C4_core,GO_BP,GOBP_RENAL_SYSTEM_DEVELOPMENT,Renal system development,2,282,126,0.0159,0.0191,0.833,0.6961732107734476,0.7493219182626033,"BMP10, NID1",False
C4_core,GO_BP,GOBP_ORGANELLE_FUSION,Organelle fusion,1,139,126,0.0079,0.0094,0.845,0.6971545697916035,0.7499749858800592,OPA1,False
C4_core,GO_BP,GOBP_ACTION_POTENTIAL,Action potential,1,140,126,0.0079,0.0095,0.839,0.6997583585467215,0.7513021985452747,CAMK2D,False
C4_core,GO_BP,GOBP_SKELETAL_MUSCLE_ORGAN_DEVELOPMENT,Skeletal muscle organ development,1,140,126,0.0079,0.0095,0.839,0.6997583585467215,0.7513021985452747,PRKAA1,False
C4_core,GO_BP,GOBP_REGULATION_OF_CYSTEINE_TYPE_ENDOPEPTIDASE_ACTIVITY_INVOLVED_IN_APOPTOTIC_PROCESS,Regulation of cysteine type endopeptidase activity involved in apoptotic process,1,140,126,0.0079,0.0095,0.839,0.6997583585467215,0.7513021985452747,HMGB1,False
C4_core,GO_BP,GOBP_NUCLEAR_CHROMOSOME_SEGREGATION,Nuclear chromosome segregation,2,284,126,0.0159,0.0192,0.827,0.6998894107327359,0.7513021985452747,"STAG2, KAT2B",False
C4_core,GO_BP,GOBP_ENSHEATHMENT_OF_NEURONS,Ensheathment of neurons,1,141,126,0.0079,0.0095,0.833,0.7023399367385544,0.7535286995447942,NAB1,False
C4_core,GO_BP,GOBP_PROTEIN_LOCALIZATION_TO_NUCLEUS,Protein localization to nucleus,2,286,126,0.0159,0.0193,0.821,0.7035682278934456,0.7544422025938287,"TOR1AIP1, FERMT2",False
C4_core,GO_BP,GOBP_MAINTENANCE_OF_LOCATION,Maintenance of location,2,287,126,0.0159,0.0194,0.818,0.7053936763172829,0.7559947216205569,"CAMK2D, ANKRD13C",False
C4_core,GO_BP,GOBP_RIBONUCLEOPROTEIN_COMPLEX_BIOGENESIS,Ribonucleoprotein complex biogenesis,3,425,126,0.0238,0.0287,0.829,0.7060742394979672,0.7563192228330285,"KRR1, KAT2B, EIF5",False
C4_core,GO_BP,GOBP_TELOMERE_MAINTENANCE,Telomere maintenance,1,143,126,0.0079,0.0097,0.821,0.7074372116759506,0.7573739560295472,DHX36,False
C4_core,GO_BP,GOBP_VESICLE_MEDIATED_TRANSPORT_TO_THE_PLASMA_MEMBRANE,Vesicle mediated transport to the plasma membrane,1,145,126,0.0079,0.0098,0.81,0.7124478793912954,0.7623306544849671,SNX4,False
C4_core,GO_BP,GOBP_REGULATION_OF_MICROTUBULE_CYTOSKELETON_ORGANIZATION,Regulation of microtubule cytoskeleton organization,1,146,126,0.0079,0.0099,0.804,0.7149211927366905,0.7629382877712444,PRKAA1,False
C4_core,GO_BP,GOBP_NEURON_PROJECTION_EXTENSION,Neuron projection extension,1,146,126,0.0079,0.0099,0.804,0.7149211927366905,0.7629382877712444,SPAG9,False
C4_core,GO_BP,GOBP_RESPONSE_TO_NUTRIENT,Response to nutrient,1,146,126,0.0079,0.0099,0.804,0.7149211927366905,0.7629382877712444,KAT2B,False
C4_core,GO_BP,GOBP_ESTABLISHMENT_OF_RNA_LOCALIZATION,Establishment of rna localization,1,146,126,0.0079,0.0099,0.804,0.7149211927366905,0.7629382877712444,AHCTF1,False
C4_core,GO_BP,GOBP_EPIDERMAL_CELL_DIFFERENTIATION,Epidermal cell differentiation,1,146,126,0.0079,0.0099,0.804,0.7149211927366905,0.7629382877712444,HEY2,False
C4_core,GO_BP,GOBP_CELLULAR_PROCESS_INVOLVED_IN_REPRODUCTION_IN_MULTICELLULAR_ORGANISM,Cellular process involved in reproduction in multicellular organism,2,293,126,0.0159,0.0198,0.801,0.7161524435446445,0.7638266182607408,"PIK3CA, ABHD2",False
C4_core,GO_BP,GOBP_POSITIVE_REGULATION_OF_DEFENSE_RESPONSE,Positive regulation of defense response,3,432,126,0.0238,0.0292,0.815,0.7165166778689667,0.7638266182607408,"SNX4, HMGB1, MAPK8",False
C4_core,GO_BP,GOBP_MEMBRANE_FUSION,Membrane fusion,1,147,126,0.0079,0.0099,0.799,0.7173733998444991,0.7643329145762039,OPA1,False
C4_core,GO_BP,GOBP_PHOSPHATIDYLINOSITOL_METABOLIC_PROCESS,Phosphatidylinositol metabolic process,1,148,126,0.0079,0.01,0.793,0.7198046793979633,0.7652941944528533,PIK3CA,False
C4_core,GO_BP,GOBP_SYMBIONT_ENTRY_INTO_HOST,Symbiont entry into host,1,148,126,0.0079,0.01,0.793,0.7198046793979633,0.7652941944528533,HMGB1,False
C4_core,GO_BP,GOBP_TELOMERE_ORGANIZATION,Telomere organization,1,148,126,0.0079,0.01,0.793,0.7198046793979633,0.7652941944528533,DHX36,False
C4_core,GO_BP,GOBP_NEGATIVE_REGULATION_OF_SUPRAMOLECULAR_FIBER_ORGANIZATION,Negative regulation of supramolecular fiber organization,1,148,126,0.0079,0.01,0.793,0.7198046793979633,0.7652941944528533,PIK3CA,False
C4_core,GO_BP,GOBP_NOTCH_SIGNALING_PATHWAY,Notch signaling pathway,1,149,126,0.0079,0.0101,0.788,0.7222152085797099,0.7674494944673987,HEY2,False
C4_core,GO_BP,GOBP_REGULATION_OF_DNA_BINDING_TRANSCRIPTION_FACTOR_ACTIVITY,Regulation of dna binding transcription factor activity,2,298,126,0.0159,0.0201,0.788,0.7248668853837762,0.769858623097252,"UFL1, PLPP3",False
C4_core,GO_BP,GOBP_REGULATION_OF_HORMONE_LEVELS,Regulation of hormone levels,3,439,126,0.0238,0.0297,0.802,0.7266735991601059,0.7708704362791293,"SYBU, DHRS4, SNX4",False
C4_core,GO_BP,GOBP_REGULATION_OF_RESPONSE_TO_WOUNDING,Regulation of response to wounding,1,151,126,0.0079,0.0102,0.778,0.7269747171303678,0.7708704362791293,FERMT2,False
C4_core,GO_BP,GOBP_REGULATION_OF_VIRAL_PROCESS,Regulation of viral process,1,151,126,0.0079,0.0102,0.778,0.7269747171303678,0.7708704362791293,HMGB1,False
C4_core,GO_BP,GOBP_REGULATION_OF_RESPONSE_TO_CYTOKINE_STIMULUS,Regulation of response to cytokine stimulus,1,152,126,0.0079,0.0103,0.772,0.7293240434734375,0.7721347091664843,TANK,False
C4_core,GO_BP,GOBP_CILIUM_MOVEMENT,Cilium movement,1,152,126,0.0079,0.0103,0.772,0.7293240434734375,0.7721347091664843,CFAP20,False
C4_core,GO_BP,GOBP_TUMOR_NECROSIS_FACTOR_SUPERFAMILY_CYTOKINE_PRODUCTION,Tumor necrosis factor superfamily cytokine production,1,152,126,0.0079,0.0103,0.772,0.7293240434734375,0.7721347091664843,HMGB1,False
C4_core,GO_BP,GOBP_CYTOKINESIS,Cytokinesis,1,153,126,0.0079,0.0103,0.767,0.7316533134175948,0.773782320899115,AHCTF1,False
C4_core,GO_BP,GOBP_DNA_TEMPLATED_DNA_REPLICATION,Dna templated dna replication,1,153,126,0.0079,0.0103,0.767,0.7316533134175948,0.773782320899115,CHRAC1,False
C4_core,GO_BP,GOBP_PALLIUM_DEVELOPMENT,Pallium development,1,154,126,0.0079,0.0104,0.762,0.7339626968278388,0.7754054454086191,CEP120,False
C4_core,GO_BP,GOBP_SENSORY_PERCEPTION_OF_LIGHT_STIMULUS,Sensory perception of light stimulus,1,154,126,0.0079,0.0104,0.762,0.7339626968278388,0.7754054454086191,OPA1,False
C4_core,GO_BP,GOBP_ACTIN_FILAMENT_BUNDLE_ORGANIZATION,Actin filament bundle organization,1,155,126,0.0079,0.0105,0.758,0.7362523621420256,0.7770043379063444,FERMT2,False
C4_core,GO_BP,GOBP_CELL_MATURATION,Cell maturation,1,155,126,0.0079,0.0105,0.758,0.7362523621420256,0.7770043379063444,ABHD2,False
C4_core,GO_BP,GOBP_REGULATION_OF_EXOCYTOSIS,Regulation of exocytosis,1,156,126,0.0079,0.0105,0.753,0.7385224763827597,0.778579251036485,SNX4,False
C4_core,GO_BP,GOBP_MICROTUBULE_CYTOSKELETON_ORGANIZATION_INVOLVED_IN_MITOSIS,Microtubule cytoskeleton organization involved in mitosis,1,156,126,0.0079,0.0105,0.753,0.7385224763827597,0.778579251036485,STAG2,False
C4_core,GO_BP,GOBP_IMMUNE_RESPONSE_REGULATING_CELL_SURFACE_RECEPTOR_SIGNALING_PATHWAY,Immune response regulating cell surface receptor signaling pathway,2,307,126,0.0159,0.0208,0.765,0.7399884091611031,0.7797141027055413,"PIK3CA, MAPK8",False
C4_core,GO_BP,GOBP_MITOCHONDRIAL_TRANSPORT,Mitochondrial transport,1,159,126,0.0079,0.0107,0.738,0.7452171619085521,0.7848104987590329,GRPEL1,False
C4_core,GO_BP,GOBP_SPERMATID_DIFFERENTIATION,Spermatid differentiation,1,160,126,0.0079,0.0108,0.734,0.7474107141873035,0.7862933524976258,ABHD2,False
C4_core,GO_BP,GOBP_REGULATION_OF_PEPTIDE_TRANSPORT,Regulation of peptide transport,1,160,126,0.0079,0.0108,0.734,0.7474107141873035,0.7862933524976258,SYBU,False
C4_core,GO_BP,GOBP_CELLULAR_RESPONSE_TO_ORGANIC_CYCLIC_COMPOUND,Cellular response to organic cyclic compound,3,455,126,0.0238,0.0308,0.774,0.7488307600733117,0.7873735197829674,"PCK1, UFL1, ABHD2",False
C4_core,GO_BP,GOBP_INSULIN_SECRETION,Insulin secretion,1,161,126,0.0079,0.0109,0.729,0.7495855296863057,0.7877534018015664,SYBU,False
C4_core,GO_BP,GOBP_REGULATION_OF_CELL_SIZE,Regulation of cell size,1,163,126,0.0079,0.011,0.72,0.7538795841120319,0.7914352005203398,RB1CC1,False
C4_core,GO_BP,GOBP_CELLULAR_MODIFIED_AMINO_ACID_METABOLIC_PROCESS,Cellular modified amino acid metabolic process,1,163,126,0.0079,0.011,0.72,0.7538795841120319,0.7914352005203398,SHMT2,False
C4_core,GO_BP,GOBP_POSITIVE_REGULATION_OF_GTPASE_ACTIVITY,Positive regulation of gtpase activity,1,164,126,0.0079,0.0111,0.716,0.7559991365966117,0.7915848700138162,FERMT2,False
C4_core,GO_BP,GOBP_POSITIVE_REGULATION_OF_MONOATOMIC_ION_TRANSPORT,Positive regulation of monoatomic ion transport,1,164,126,0.0079,0.0111,0.716,0.7559991365966117,0.7915848700138162,FXYD1,False
C4_core,GO_BP,GOBP_REGULATION_OF_CYSTEINE_TYPE_ENDOPEPTIDASE_ACTIVITY,Regulation of cysteine type endopeptidase activity,1,164,126,0.0079,0.0111,0.716,0.7559991365966117,0.7915848700138162,HMGB1,False
C4_core,GO_BP,GOBP_REGULATION_OF_MRNA_CATABOLIC_PROCESS,Regulation of mrna catabolic process,1,164,126,0.0079,0.0111,0.716,0.7559991365966117,0.7915848700138162,DHX36,False
C4_core,GO_BP,GOBP_GASTRULATION,Gastrulation,1,164,126,0.0079,0.0111,0.716,0.7559991365966117,0.7915848700138162,PLPP3,False
C4_core,GO_BP,GOBP_PROTEIN_LOCALIZATION_TO_CELL_PERIPHERY,Protein localization to cell periphery,2,319,126,0.0159,0.0216,0.736,0.7590517681967839,0.7943657291845067,"PICALM, LIN7C",False
C4_core,GO_BP,GOBP_CARTILAGE_DEVELOPMENT,Cartilage development,1,166,126,0.0079,0.0112,0.707,0.7601840661431717,0.7951350576899842,BMP10,False
C4_core,GO_BP,GOBP_REGULATION_OF_BODY_FLUID_LEVELS,Regulation of body fluid levels,2,323,126,0.0159,0.0218,0.727,0.7651348972827137,0.7997931613835754,"PIK3CA, JMJD1C",False
C4_core,GO_BP,GOBP_MEIOTIC_CELL_CYCLE_PROCESS,Meiotic cell cycle process,1,169,126,0.0079,0.0114,0.695,0.766328305155206,0.7997931613835754,FOXJ3,False
C4_core,GO_BP,GOBP_NEGATIVE_REGULATION_OF_IMMUNE_RESPONSE,Negative regulation of immune response,1,169,126,0.0079,0.0114,0.695,0.766328305155206,0.7997931613835754,UFL1,False
C4_core,GO_BP,GOBP_VESICLE_ORGANIZATION,Vesicle organization,2,324,126,0.0159,0.0219,0.725,0.7666349034440965,0.7997931613835754,"PICALM, ZFYVE16",False
C4_core,GO_BP,GOBP_NEGATIVE_REGULATION_OF_PHOSPHORUS_METABOLIC_PROCESS,Negative regulation of phosphorus metabolic process,2,324,126,0.0159,0.0219,0.725,0.7666349034440965,0.7997931613835754,"SPAG9, PLPP3",False
C4_core,GO_BP,GOBP_REGENERATION,Regeneration,1,171,126,0.0079,0.0116,0.687,0.7703374404340106,0.8024014337923462,TGFBR3,False
C4_core,GO_BP,GOBP_EAR_DEVELOPMENT,Ear development,1,171,126,0.0079,0.0116,0.687,0.7703374404340106,0.8024014337923462,HEY2,False
C4_core,GO_BP,GOBP_IMPORT_ACROSS_PLASMA_MEMBRANE,Import across plasma membrane,1,171,126,0.0079,0.0116,0.687,0.7703374404340106,0.8024014337923462,SLC7A2,False
C4_core,GO_BP,GOBP_REGULATION_OF_PROTEIN_CATABOLIC_PROCESS,Regulation of protein catabolic process,2,329,126,0.0159,0.0222,0.714,0.7740117919146705,0.8056679889837728,"PSMD3, UFL1",False
C4_core,GO_BP,GOBP_REGULATION_OF_PROTEASOMAL_PROTEIN_CATABOLIC_PROCESS,Regulation of proteasomal protein catabolic process,1,173,126,0.0079,0.0117,0.679,0.7742783270753141,0.8056679889837728,UFL1,False
C4_core,GO_BP,GOBP_LEUKOCYTE_MIGRATION,Leukocyte migration,2,330,126,0.0159,0.0223,0.712,0.7754627547830368,0.8064812649743582,"HMGB1, ITGA1",False
C4_core,GO_BP,GOBP_REGULATION_OF_CHEMOTAXIS,Regulation of chemotaxis,1,174,126,0.0079,0.0118,0.675,0.7762235381271237,0.8068533350625658,HMGB1,False
C4_core,GO_BP,GOBP_NEUROTRANSMITTER_TRANSPORT,Neurotransmitter transport,1,175,126,0.0079,0.0118,0.671,0.7781521177574919,0.8084382666063824,LIN7C,False
C4_core,GO_BP,GOBP_DNA_BIOSYNTHETIC_PROCESS,Dna biosynthetic process,1,176,126,0.0079,0.0119,0.667,0.7800642070360033,0.8095845217657225,CHRAC1,False
C4_core,GO_BP,GOBP_CELL_KILLING,Cell killing,1,176,126,0.0079,0.0119,0.667,0.7800642070360033,0.8095845217657225,MAPK8,False
C4_core,GO_BP,GOBP_IMMUNE_RESPONSE_REGULATING_SIGNALING_PATHWAY,Immune response regulating signaling pathway,3,481,126,0.0238,0.0325,0.732,0.781778719937579,0.8098726392044366,"HMGB1, PIK3CA, MAPK8",False
C4_core,GO_BP,GOBP_REGULATION_OF_SYNAPTIC_PLASTICITY,Regulation of synaptic plasticity,1,177,126,0.0079,0.012,0.663,0.7819599458452428,0.8098726392044366,SYAP1,False
C4_core,GO_BP,GOBP_SIGNAL_TRANSDUCTION_IN_RESPONSE_TO_DNA_DAMAGE,Signal transduction in response to dna damage,1,177,126,0.0079,0.012,0.663,0.7819599458452428,0.8098726392044366,UFL1,False
C4_core,GO_BP,GOBP_ANTIGEN_RECEPTOR_MEDIATED_SIGNALING_PATHWAY,Antigen receptor mediated signaling pathway,1,177,126,0.0079,0.012,0.663,0.7819599458452428,0.8098726392044366,PIK3CA,False
C4_core,GO_BP,GOBP_BIOLOGICAL_PROCESS_INVOLVED_IN_INTERACTION_WITH_HOST,Biological process involved in interaction with host,1,179,126,0.0079,0.0121,0.656,0.7857029257106113,0.8133284680830629,HMGB1,False
C4_core,GO_BP,GOBP_CELL_CELL_JUNCTION_ORGANIZATION,Cell cell junction organization,1,181,126,0.0079,0.0122,0.649,0.7893821530487182,0.8162929082662881,FERMT2,False
C4_core,GO_BP,GOBP_TRNA_METABOLIC_PROCESS,Trna metabolic process,1,181,126,0.0079,0.0122,0.649,0.7893821530487182,0.8162929082662881,DARS1,False
C4_core,GO_BP,GOBP_BONE_DEVELOPMENT,Bone development,1,182,126,0.0079,0.0123,0.645,0.7911981968943258,0.8177484719578938,NAB1,False
C4_core,GO_BP,GOBP_REGULATION_OF_SECRETION,Regulation of secretion,3,492,126,0.0238,0.0333,0.716,0.7946192135228574,0.8206071104557134,"SYBU, SNX4, PRKAA1",False
C4_core,GO_BP,GOBP_REGULATION_OF_PROTEIN_POLYMERIZATION,Regulation of protein polymerization,1,184,126,0.0079,0.0124,0.638,0.7947838097770371,0.8206071104557134,RICTOR,False
C4_core,GO_BP,GOBP_NEGATIVE_REGULATION_OF_CELL_CYCLE,Negative regulation of cell cycle,2,345,126,0.0159,0.0233,0.681,0.7962765513227145,0.8211639495761347,"UFL1, KAT2B",False
C4_core,GO_BP,GOBP_MONONUCLEAR_CELL_MIGRATION,Mononuclear cell migration,1,185,126,0.0079,0.0125,0.635,0.7965536413970298,0.8211639495761347,HMGB1,False
C4_core,GO_BP,GOBP_CELL_CYCLE_CHECKPOINT_SIGNALING,Cell cycle checkpoint signaling,1,185,126,0.0079,0.0125,0.635,0.7965536413970298,0.8211639495761347,UFL1,False
C4_core,GO_BP,GOBP_PROTEIN_RNA_COMPLEX_ORGANIZATION,Protein rna complex organization,1,186,126,0.0079,0.0126,0.631,0.7983083296839745,0.8225492928601733,EIF5,False
C4_core,GO_BP,GOBP_POSITIVE_REGULATION_OF_RESPONSE_TO_BIOTIC_STIMULUS,Positive regulation of response to biotic stimulus,2,347,126,0.0159,0.0235,0.677,0.7989202301601157,0.8227563275620122,"HMGB1, MAPK8",False
C4_core,GO_BP,GOBP_POTASSIUM_ION_TRANSPORT,Potassium ion transport,1,187,126,0.0079,0.0126,0.628,0.8000480031820454,0.822836137816303,FXYD1,False
C4_core,GO_BP,GOBP_PROTEIN_FOLDING,Protein folding,1,187,126,0.0079,0.0126,0.628,0.8000480031820454,0.822836137816303,GRPEL1,False
C4_core,GO_BP,GOBP_CALCIUM_ION_TRANSPORT,Calcium ion transport,2,348,126,0.0159,0.0235,0.675,0.8002307494147562,0.822836137816303,"TMBIM6, CAMK2D",False
C4_core,GO_BP,GOBP_POSITIVE_REGULATION_OF_DNA_BINDING_TRANSCRIPTION_FACTOR_ACTIVITY,Positive regulation of dna binding transcription factor activity,1,188,126,0.0079,0.0127,0.625,0.8017727893529951,0.823998523760111,PLPP3,False
C4_core,GO_BP,GOBP_NEURON_PROJECTION_GUIDANCE,Neuron projection guidance,1,189,126,0.0079,0.0128,0.621,0.8034828145851955,0.8253322702922328,EFNA1,False
C4_core,GO_BP,GOBP_ADENYLATE_CYCLASE_MODULATING_G_PROTEIN_COUPLED_RECEPTOR_SIGNALING_PATHWAY,Adenylate cyclase modulating g protein coupled receptor signaling pathway,1,190,126,0.0079,0.0128,0.618,0.805178204202605,0.8266496229813411,ADGRF5,False
C4_core,GO_BP,GOBP_REGULATED_EXOCYTOSIS,Regulated exocytosis,1,193,126,0.0079,0.013,0.608,0.8101777968256683,0.8313562015607319,SNX4,False
C4_core,GO_BP,GOBP_GLYCEROPHOSPHOLIPID_BIOSYNTHETIC_PROCESS,Glycerophospholipid biosynthetic process,1,194,126,0.0079,0.0131,0.605,0.8118158762448838,0.8326103402880417,PIK3CA,False
C4_core,GO_BP,GOBP_REGULATION_OF_LEUKOCYTE_MIGRATION,Regulation of leukocyte migration,1,195,126,0.0079,0.0132,0.602,0.8134399310115378,0.8338488181695334,HMGB1,False
C4_core,GO_BP,GOBP_CELL_CELL_ADHESION_VIA_PLASMA_MEMBRANE_ADHESION_MOLECULES,Cell cell adhesion via plasma membrane adhesion molecules,1,198,126,0.0079,0.0134,0.593,0.8182291336024995,0.8383289280819877,PTPRD,False
C4_core,GO_BP,GOBP_EXTRINSIC_APOPTOTIC_SIGNALING_PATHWAY,Extrinsic apoptotic signaling pathway,1,199,126,0.0079,0.0135,0.59,0.81979827098028,0.8395069762161231,RB1CC1,False
C4_core,GO_BP,GOBP_RIBOSE_PHOSPHATE_BIOSYNTHETIC_PROCESS,Ribose phosphate biosynthetic process,1,201,126,0.0079,0.0136,0.584,0.8228963429289375,0.8422487109119289,NDUFA5,False
C4_core,GO_BP,GOBP_DEFENSE_RESPONSE_TO_BACTERIUM,Defense response to bacterium,1,202,126,0.0079,0.0137,0.581,0.8244255049100895,0.8433826575523756,HP,False
C4_core,GO_BP,GOBP_REGULATION_OF_PROTEIN_TRANSPORT,Regulation of protein transport,2,368,126,0.0159,0.0249,0.638,0.8249070494160513,0.8434442864815805,"SYBU, NDFIP2",False
C4_core,GO_BP,GOBP_HORMONE_METABOLIC_PROCESS,Hormone metabolic process,1,203,126,0.0079,0.0137,0.578,0.8259415675732837,0.8437680123472832,DHRS4,False
C4_core,GO_BP,GOBP_REGULATION_OF_MEMBRANE_POTENTIAL,Regulation of membrane potential,2,369,126,0.0159,0.0249,0.636,0.8260665855148227,0.8437680123472832,"CAMK2D, FXYD1",False
C4_core,GO_BP,GOBP_NUCLEOBASE_CONTAINING_COMPOUND_TRANSPORT,Nucleobase containing compound transport,1,204,126,0.0079,0.0138,0.576,0.8274446422416251,0.8447446067148054,AHCTF1,False
C4_core,GO_BP,GOBP_DEVELOPMENTAL_GROWTH_INVOLVED_IN_MORPHOGENESIS,Developmental growth involved in morphogenesis,1,206,126,0.0079,0.0139,0.57,0.8304122682015079,0.8473421819263093,SPAG9,False
C4_core,GO_BP,GOBP_PEPTIDE_TRANSPORT,Peptide transport,1,208,126,0.0079,0.0141,0.564,0.8333292547453548,0.849885465104534,SYBU,False
C4_core,GO_BP,GOBP_GLYCOSYLATION,Glycosylation,1,210,126,0.0079,0.0142,0.559,0.8361964591858373,0.8519416342442984,DPY19L4,False
C4_core,GO_BP,GOBP_ANATOMICAL_STRUCTURE_MATURATION,Anatomical structure maturation,1,210,126,0.0079,0.0142,0.559,0.8361964591858373,0.8519416342442984,ABHD2,False
C4_core,GO_BP,GOBP_CHROMOSOME_SEGREGATION,Chromosome segregation,2,381,126,0.0159,0.0258,0.616,0.839456128786857,0.8546162064888359,"STAG2, KAT2B",False
C4_core,GO_BP,GOBP_NEGATIVE_REGULATION_OF_CELL_DEVELOPMENT,Negative regulation of cell development,1,213,126,0.0079,0.0144,0.551,0.8404057643982822,0.8546162064888359,HMGB1,False
C4_core,GO_BP,GOBP_REGULATION_OF_PROTEIN_SECRETION,Regulation of protein secretion,1,213,126,0.0079,0.0144,0.551,0.8404057643982822,0.8546162064888359,SYBU,False
C4_core,GO_BP,GOBP_TAXIS,Taxis,2,382,126,0.0159,0.0258,0.615,0.8405291261620967,0.8546162064888359,"HMGB1, ITGA1",False
C4_core,GO_BP,GOBP_NEGATIVE_REGULATION_OF_DEFENSE_RESPONSE,Negative regulation of defense response,1,214,126,0.0079,0.0145,0.549,0.841784879252258,0.8554585422654927,NT5E,False
C4_core,GO_BP,GOBP_POSITIVE_REGULATION_OF_PROTEIN_TRANSPORT,Positive regulation of protein transport,1,217,126,0.0079,0.0147,0.541,0.8458516831035772,0.8591552864400617,SYBU,False
C4_core,GO_BP,GOBP_TISSUE_HOMEOSTASIS,Tissue homeostasis,1,224,126,0.0079,0.0151,0.524,0.8549420414789277,0.8679482591484855,NT5E,False
C4_core,GO_BP,GOBP_REGULATION_OF_INNATE_IMMUNE_RESPONSE,Regulation of innate immune response,2,398,126,0.0159,0.0269,0.59,0.8568420252724136,0.869436256764,"HMGB1, MAPK8",False
C4_core,GO_BP,GOBP_TELENCEPHALON_DEVELOPMENT,Telencephalon development,1,230,126,0.0079,0.0155,0.51,0.8623091034669794,0.8745404382679295,CEP120,False
C4_core,GO_BP,GOBP_B_CELL_ACTIVATION,B cell activation,1,234,126,0.0079,0.0158,0.502,0.8670130165782262,0.8788658527542323,BMI1,False
C4_core,GO_BP,GOBP_PROTEIN_CONTAINING_COMPLEX_DISASSEMBLY,Protein containing complex disassembly,1,235,126,0.0079,0.0159,0.5,0.8681638654732224,0.879587074229449,PIK3CA,False
C4_core,GO_BP,GOBP_REGULATION_OF_INTRACELLULAR_TRANSPORT,Regulation of intracellular transport,1,241,126,0.0079,0.0163,0.487,0.8748643807250767,0.8859274103245338,RNF139,False
C4_core,GO_BP,GOBP_ESTABLISHMENT_OF_PROTEIN_LOCALIZATION_TO_MEMBRANE,Establishment of protein localization to membrane,1,244,126,0.0079,0.0165,0.481,0.8780868163639576,0.8887410547829339,EMC2,False
C4_core,GO_BP,GOBP_AXON_DEVELOPMENT,Axon development,2,425,126,0.0159,0.0287,0.553,0.8809746948347589,0.8912134103381442,"PICALM, EFNA1",False
C4_core,GO_BP,GOBP_NEGATIVE_REGULATION_OF_CYTOKINE_PRODUCTION,Negative regulation of cytokine production,1,248,126,0.0079,0.0168,0.473,0.8822556736126854,0.8920585144306041,HMGB1,False
C4_core,GO_BP,GOBP_REGULATION_OF_VASCULATURE_DEVELOPMENT,Regulation of vasculature development,1,255,126,0.0079,0.0172,0.46,0.8892136512532713,0.8986399443760976,EFNA1,False
C4_core,GO_BP,GOBP_REGULATION_OF_MRNA_METABOLIC_PROCESS,Regulation of mrna metabolic process,1,258,126,0.0079,0.0174,0.455,0.8920692944576035,0.9010710027770547,DHX36,False
C4_core,GO_BP,GOBP_DNA_REPLICATION,Dna replication,1,259,126,0.0079,0.0175,0.453,0.8930048523069667,0.9015611267365341,CHRAC1,False
C4_core,GO_BP,GOBP_PROTEIN_POLYMERIZATION,Protein polymerization,1,263,126,0.0079,0.0178,0.446,0.8966673099123924,0.9048023963934524,RICTOR,False
C4_core,GO_BP,GOBP_PROTEIN_LOCALIZATION_TO_PLASMA_MEMBRANE,Protein localization to plasma membrane,1,269,126,0.0079,0.0182,0.436,0.9019290522421214,0.9087377768438486,PICALM,False
C4_core,GO_BP,GOBP_BIOLOGICAL_PROCESS_INVOLVED_IN_SYMBIOTIC_INTERACTION,Biological process involved in symbiotic interaction,1,269,126,0.0079,0.0182,0.436,0.9019290522421214,0.9087377768438486,HMGB1,False
C4_core,GO_BP,GOBP_GLYCOPROTEIN_BIOSYNTHETIC_PROCESS,Glycoprotein biosynthetic process,1,269,126,0.0079,0.0182,0.436,0.9019290522421214,0.9087377768438486,DPY19L4,False
C4_core,GO_BP,GOBP_CANONICAL_WNT_SIGNALING_PATHWAY,Canonical wnt signaling pathway,1,272,126,0.0079,0.0184,0.432,0.9044593571193726,0.9108287892117626,NID1,False
C4_core,GO_BP,GOBP_RNA_SPLICING_VIA_TRANSESTERIFICATION_REACTIONS,Rna splicing via transesterification reactions,1,275,126,0.0079,0.0186,0.427,0.9069248830456464,0.9128524966603239,CTNNBL1,False
C4_core,GO_BP,GOBP_REGULATION_OF_WNT_SIGNALING_PATHWAY,Regulation of wnt signaling pathway,1,282,126,0.0079,0.0191,0.416,0.9124350244074919,0.9179371451576879,PLPP3,False
C4_core,GO_BP,GOBP_EPITHELIAL_TUBE_MORPHOGENESIS,Epithelial tube morphogenesis,1,284,126,0.0079,0.0192,0.413,0.9139490357270507,0.918998477913388,OPA1,False
C4_core,GO_BP,GOBP_VIRAL_LIFE_CYCLE,Viral life cycle,1,291,126,0.0079,0.0197,0.403,0.9190464184747157,0.9236601053144482,HMGB1,False
C4_core,GO_BP,GOBP_NUCLEAR_TRANSPORT,Nuclear transport,1,303,126,0.0079,0.0205,0.388,0.9270972608102961,0.9312838515515368,AHCTF1,False
C4_core,GO_BP,GOBP_PROTEIN_LOCALIZATION_TO_EXTRACELLULAR_REGION,Protein localization to extracellular region,1,307,126,0.0079,0.0208,0.382,0.9296002098705181,0.933329799478825,SYBU,False
C4_core,GO_BP,GOBP_GLYCOPROTEIN_METABOLIC_PROCESS,Glycoprotein metabolic process,1,323,126,0.0079,0.0218,0.364,0.938787610573683,0.942081602189731,DPY19L4,False
C4_core,GO_BP,GOBP_FOREBRAIN_DEVELOPMENT,Forebrain development,1,324,126,0.0079,0.0219,0.362,0.9393205910911121,0.942144200082368,CEP120,False
C4_core,GO_BP,GOBP_NEGATIVE_REGULATION_OF_RESPONSE_TO_EXTERNAL_STIMULUS,Negative regulation of response to external stimulus,1,327,126,0.0079,0.0221,0.359,0.9408920650270739,0.943247828835354,NT5E,False
C4_core,GO_BP,GOBP_VIRAL_PROCESS,Viral process,1,390,126,0.0079,0.0264,0.301,0.9659756915869905,0.967909576855433,HMGB1,False
C4_core,GO_BP,GOBP_REGULATION_OF_CELL_CYCLE_PHASE_TRANSITION,Regulation of cell cycle phase transition,1,394,126,0.0079,0.0266,0.298,0.9671508021161244,0.9686022540452631,UFL1,False
C4_core,GO_BP,GOBP_SENSORY_PERCEPTION,Sensory perception,1,396,126,0.0079,0.0268,0.296,0.9677231678495495,0.968690891017399,OPA1,False
C4_core,GO_BP,GOBP_SENSORY_ORGAN_DEVELOPMENT,Sensory organ development,1,451,126,0.0079,0.0305,0.26,0.9801142866273687,0.9806040988645638,HEY2,False
C4_core,GO_BP,GOBP_CELL_CYCLE_PHASE_TRANSITION,Cell cycle phase transition,1,491,126,0.0079,0.0332,0.239,0.9860347063175022,0.9860347063175022,UFL1,False
