group,database,term,term_label,overlap,set_size,n_group_genes,gene_ratio,bg_ratio,fold_enrichment,p_value,q_value,genes,significant
C5_all,GO_BP,GOBP_SMALL_MOLECULE_CATABOLIC_PROCESS,Small molecule catabolic process,88,337,998,0.0882,0.0228,3.871,1.623584594884627e-29,3.9347582612714656e-26,"ACAA1, GLS2, ALDH1L1, HAAO, HSD17B10, ETFDH, ALDH8A1, HAO1, ECHDC2, DERA, XDH, ACACB, ECI2, ACAT1, MCEE, SHMT1, ABCD3, AIG1, SLC27A2, ARG1, MAT1A, HAO2, ACADM, AGXT2, CRAT, CYP27A1, AMACR, ADCY10, ACADSB, PON3, PAH, MTHFS, PCK2, ALDH6A1, BCKDHB, ACMSD, ACAA2, EHHADH, PGM1, SCP2, AADAT, HSD17B4, AFMID, HSD17B6, PRODH2, ALDH2, KYNU, GCDH, CBS, ALDOB, CYP4F3, ACOX2, DCXR, UPB1, HMGCL, CDO1, ABAT, PPARA, PEX5, LDHC, DPYD, HNMT, SULT1B1, SORD, CRYL1, ADH4, MLYCD, ABHD1, AKR1D1, HIBADH, IDNK, DBT, HADH, SARDH, GSTZ1, QDPR, ETFBKMT, CYP4F11, XYLB, PIPOX, PLIN5, ACOX1, HAGH, GLYCTK, LONP2, SULT1E1, RIDA, GLUD1",True
C5_all,GO_BP,GOBP_ORGANIC_ACID_CATABOLIC_PROCESS,Organic acid catabolic process,72,232,998,0.0721,0.0157,4.6,2.0660321665904257e-29,3.9347582612714656e-26,"HAO2, PRODH2, ACAA1, GLS2, ALDH1L1, ACADM, AKR1D1, CRAT, AGXT2, RIDA, HAAO, KYNU, IDNK, AMACR, DBT, ACADSB, GCDH, CBS, HADH, HSD17B10, SARDH, PON3, PAH, ALDH8A1, ETFDH, HAO1, CYP4F3, ECHDC2, ACOX2, DCXR, GSTZ1, QDPR, HMGCL, ACACB, ETFBKMT, MTHFS, PCK2, ECI2, ACAT1, CDO1, ABAT, ALDH6A1, BCKDHB, PPARA, PIPOX, XYLB, ACMSD, ACAA2, PLIN5, ACOX1, PEX5, LDHC, EHHADH, LONP2, MCEE, HNMT, SHMT1, ABCD3, SCP2, AADAT, SORD, CRYL1, ARG1, AIG1, HSD17B4, MLYCD, SLC27A2, ABHD1, MAT1A, HIBADH, AFMID, GLUD1",True
C5_all,GO_BP,GOBP_FATTY_ACID_METABOLIC_PROCESS,Fatty acid metabolic process,77,351,998,0.0772,0.0237,3.252,7.567383739808303e-21,9.608054888309942e-18,"GSTA1, ACAA1, ALDH3A2, LIPG, HSD17B10, AKR1C4, ETFDH, HAO1, ECHDC2, ACACB, ECI2, DBI, ACAT1, NCOR1, MCEE, ACSM5, ABCD3, AIG1, PNPLA3, SLC27A2, GSTM4, LIPC, ACSL1, HAO2, ACADM, CRAT, ADH7, AMACR, AVPR1A, ACADSB, CBR4, FADS6, CYP2J2, CYP1A2, ACSL5, PCK2, ACAA2, ABHD6, EHHADH, SCP2, RGN, HSD17B4, HSD17B8, GCDH, GPAM, ACSM2B, BAAT, CYP4F3, ACOX2, SLC27A5, NR1H3, MBLAC2, PRKAG2, PPARA, CYP4V2, PEX5, CRYL1, CYP2C8, ADH4, MLYCD, ABHD1, MMUT, CYP2C19, HADH, ETFBKMT, CYP4F11, APOA5, CYP2E1, ACBD5, PLIN5, ACOX1, LONP2, PDK4, PIBF1, FAAH2, CYP2A6, ACSM3",True
C5_all,GO_BP,GOBP_ORGANIC_ACID_BIOSYNTHETIC_PROCESS,Organic acid biosynthetic process,65,286,998,0.0651,0.0193,3.369,1.3403746352566218e-18,1.276371746423118e-15,"HSD17B8, GLS2, AKR1D1, AGXT2, LIPG, CYP27A1, HAAO, KYNU, AMACR, AVPR1A, NAGS, CBS, CBR4, HSD17B10, FADS6, ACSM3, PAH, ACSM2B, AKR1C4, ALDH8A1, HAO1, BAAT, ACOX2, PROX1, NR1H3, SLC27A5, ERRFI1, UPB1, CYP1A2, OSBPL6, LIPC, ACACB, CYP4F11, SEPHS1, APOA5, PHGDH, CDO1, BHMT, CYP2E1, ABAT, PRKAG2, RDH10, ACMSD, LDHC, DPYD, SUCLA2, GATM, ACSM5, ADI1, PDK4, PIBF1, SHMT1, ABCD3, CPS1, SCP2, MTHFD1, RGN, CYP2C8, GNE, MLYCD, SLC27A2, ABHD1, GSTM4, ALDH1A2, GLUD1",True
C5_all,GO_BP,GOBP_MONOCARBOXYLIC_ACID_CATABOLIC_PROCESS,Monocarboxylic acid catabolic process,41,125,998,0.0411,0.0084,4.862,3.1202804450338382e-18,2.377029643026778e-15,"HAO2, ACAA1, ACADM, AKR1D1, AGXT2, CRAT, IDNK, AMACR, GCDH, HADH, HSD17B10, ETFDH, CYP4F3, HAO1, ACOX2, ECHDC2, DCXR, ACACB, ETFBKMT, PCK2, ECI2, ACAT1, XYLB, PPARA, ACAA2, PLIN5, ACOX1, PEX5, LDHC, EHHADH, LONP2, MCEE, ABCD3, SCP2, SORD, CRYL1, AIG1, MLYCD, SLC27A2, ABHD1, HSD17B4",True
C5_all,GO_BP,GOBP_ALPHA_AMINO_ACID_METABOLIC_PROCESS,Alpha amino acid metabolic process,51,191,998,0.0511,0.0129,3.958,5.423189795958961e-18,3.4428216554679475e-15,"IYD, PRODH2, GLS2, CTPS1, GCLC, AGXT2, RIDA, HAAO, KYNU, TTC36, ASPA, NAGS, ACADSB, GCDH, CBS, DCT, HSD17B10, SARDH, PAH, BAAT, ALDH8A1, GSTZ1, HAO1, AGMAT, QDPR, HMGCL, GLYAT, MTHFS, SEPHS1, SLC39A8, CDO1, ACAT1, BHMT, PHGDH, ALDH6A1, PIPOX, SLC25A13, ACMSD, GLYATL1, GNMT, ADI1, SHMT1, CPS1, AADAT, MTHFD1, ARG1, MMUT, MAT1A, HIBADH, AFMID, GLUD1",True
C5_all,GO_BP,GOBP_ORGANIC_HYDROXY_COMPOUND_METABOLIC_PROCESS,Organic hydroxy compound metabolic process,84,486,998,0.0842,0.0329,2.562,6.841381898480224e-16,3.7226890930444536e-13,"ACAA1, SRD5A1, ALDH3A2, HSD17B10, AKR1C4, HAO1, PROX1, ERRFI1, IDH1, TTPA, IMPA1, DGAT2, RDH16, SLC16A2, HMGCS2, ABCD3, DRD1, NAPEPLD, SLC27A2, TSKU, ALDH1A2, SLC34A1, ADH7, CYP27A1, AMACR, DCT, CBR4, PAH, CYP1A2, OSBPL6, PCK2, FAXDC2, ADH1A, MOGAT1, ACAA2, ADH6, LCAT, EPHX2, SCP2, CACNA1H, HSD17B6, IYD, ABCA1, ALDH2, GC, DDT, MOGAT2, BAAT, SLC1A1, CYP4F3, ACOX2, SLC27A5, RTL4, NR5A2, ABAT, ADH1B, SLC16A10, PRKAG2, RAPGEF2, CYP4V2, RDH10, LDHC, SULT1B1, SORD, EBPL, GPD1, CYP2C8, ADH4, SOD1, AKR1D1, FMO5, QDPR, ABCA5, APOA5, CYP2E1, HAGH, CAT, SEC14L2, MAOA, LPCAT3, MAOB, SULT1E1, UGT2A1, LIPC",True
C5_all,GO_BP,GOBP_STEROID_METABOLIC_PROCESS,Steroid metabolic process,59,281,998,0.0591,0.019,3.112,2.601915545850855e-15,1.2388370392682382e-12,"SOD1, ACAA1, ABCA1, HSD17B8, UGT2B28, SRD5A1, AKR1D1, FMO5, CYP27A1, GC, HSD17B14, AMACR, HSD17B10, HSD11B1, BAAT, AKR1C4, ACOX2, SLC27A5, PROX1, ERRFI1, UGT2B7, CYP1A2, OSBPL6, LIPC, PRLR, ABCA5, NR5A2, APOA5, CYP17A1, FAXDC2, CYP2E1, PRKAG2, CYP4V2, ACAA2, CAT, SEC14L2, ESR1, LPCAT3, LCAT, RDH16, UGT2B10, SULT1E1, ABCD3, HMGCS2, EPHX2, SLC22A24, SCP2, EBPL, CYP2C8, DHRS2, UGT2A1, CYP2A6, SLC27A2, RORA, CACNA1H, CYP2C19, HSD17B4, TSKU, HSD17B6",True
C5_all,GO_BP,GOBP_AMINO_ACID_METABOLIC_PROCESS,Amino acid metabolic process,57,269,998,0.0571,0.0182,3.141,5.1167615368701995e-15,2.165527188215399e-12,"IYD, PRODH2, GLS2, CTPS1, GCLC, AGXT2, RIDA, HAAO, KYNU, TTC36, DBT, ASPA, NAGS, ACADSB, GCDH, CBS, DCT, HSD17B10, SARDH, PAH, BAAT, ALDH8A1, GSTZ1, HAO1, AGMAT, QDPR, UPB1, HMGCL, GLYAT, SEPHS1, MTHFS, SLC39A8, CDO1, ACAT1, BHMT, PHGDH, ABAT, ALDH6A1, BCKDHB, PIPOX, SLC25A13, ACMSD, GLYATL1, DPYD, GNMT, ADI1, SHMT1, SLC16A2, CPS1, AADAT, MTHFD1, ARG1, MMUT, MAT1A, HIBADH, AFMID, GLUD1",True
C5_all,GO_BP,GOBP_FATTY_ACID_CATABOLIC_PROCESS,Fatty acid catabolic process,33,101,998,0.0331,0.0068,4.843,7.027641301033415e-15,2.676828571563628e-12,"HAO2, ACAA1, ACADM, CRAT, AMACR, GCDH, HADH, HSD17B10, ETFDH, CYP4F3, HAO1, ACOX2, ECHDC2, ACACB, ETFBKMT, PCK2, ECI2, ACAT1, PPARA, ACAA2, PLIN5, ACOX1, PEX5, EHHADH, LONP2, MCEE, ABCD3, SCP2, AIG1, MLYCD, SLC27A2, ABHD1, HSD17B4",True
C5_all,GO_BP,GOBP_LIPID_OXIDATION,Lipid oxidation,33,106,998,0.0331,0.0072,4.615,3.4165271673158216e-14,1.183050180027815e-11,"HAO2, ACAA1, ACADM, CRAT, ADH7, AMACR, GCDH, HADH, HSD17B10, ETFDH, HAO1, ACOX2, ECHDC2, ACACB, ETFBKMT, ECI2, ACAT1, PRKAG2, CYP4V2, PPARA, ACAA2, PLIN5, ACOX1, PEX5, EHHADH, LONP2, PDK4, ABCD3, SCP2, ADH4, MLYCD, SLC27A2, HSD17B4",True
C5_all,GO_BP,GOBP_LIPID_CATABOLIC_PROCESS,Lipid catabolic process,60,306,998,0.0601,0.0207,2.907,3.9000265715637575e-14,1.237933434257196e-11,"HAO2, ACAA1, ACADM, ASAH2B, AKR1D1, SRD5A1, CRAT, SORL1, LIPG, CYP27A1, PLD6, HSD17B14, AMACR, GCDH, HADH, HSD17B10, HSD11B1, GPLD1, ETFDH, CYP4F3, HAO1, ACOX2, ECHDC2, NEU3, LIPJ, CYP1A2, LIPC, ACACB, ETFBKMT, IDH1, APOA5, PCK2, ECI2, ACAT1, NEU4, PRDX6, PPARA, ACAA2, ABHD6, PDE3B, PEX5, PLIN5, ACOX1, EHHADH, LONP2, MCEE, SULT1E1, ABCD3, CPS1, SCP2, FAAH2, AIG1, NAPEPLD, PNPLA3, MLYCD, SLC27A2, ABHD1, HSD17B4, ABHD15, HSD17B6",True
C5_all,GO_BP,GOBP_AMINO_ACID_CATABOLIC_PROCESS,Amino acid catabolic process,30,92,998,0.0301,0.0062,4.834,1.2639101216412303e-13,3.7032566564088046e-11,"PRODH2, GLS2, AGXT2, HIBADH, HAAO, KYNU, DBT, ACADSB, CBS, HSD17B10, SARDH, PAH, ALDH8A1, GSTZ1, QDPR, HMGCL, CDO1, ACAT1, ABAT, ALDH6A1, BCKDHB, PIPOX, ACMSD, SHMT1, AADAT, ARG1, MAT1A, RIDA, AFMID, GLUD1",True
C5_all,GO_BP,GOBP_FATTY_ACID_BETA_OXIDATION,Fatty acid beta oxidation,26,72,998,0.0261,0.0049,5.353,3.5961986409169114e-13,9.78422901660894e-11,"ACAA1, ACADM, CRAT, AMACR, GCDH, HADH, HSD17B10, ETFDH, ACOX2, ECHDC2, ACACB, ETFBKMT, ECI2, ACAT1, PPARA, ACAA2, PLIN5, ACOX1, PEX5, EHHADH, LONP2, ABCD3, SCP2, MLYCD, SLC27A2, HSD17B4",True
C5_all,GO_BP,GOBP_CELLULAR_LIPID_CATABOLIC_PROCESS,Cellular lipid catabolic process,47,220,998,0.0471,0.0149,3.167,9.6232355956178e-13,2.4436602922472135e-10,"HAO2, ACAA1, ACADM, ASAH2B, CRAT, SORL1, LIPG, AMACR, GCDH, HADH, HSD17B10, GPLD1, ETFDH, CYP4F3, HAO1, ACOX2, ECHDC2, NEU3, ACACB, ETFBKMT, IDH1, APOA5, PCK2, ECI2, ACAT1, NEU4, PRDX6, PPARA, ACAA2, ABHD6, PLIN5, PEX5, ACOX1, EHHADH, LONP2, MCEE, ABCD3, CPS1, SCP2, AIG1, NAPEPLD, PNPLA3, MLYCD, SLC27A2, ABHD1, HSD17B4, LIPC",True
C5_all,GO_BP,GOBP_L_AMINO_ACID_METABOLIC_PROCESS,L amino acid metabolic process,38,160,998,0.0381,0.0108,3.521,5.0350012146907246e-12,1.1986449766723105e-09,"IYD, PRODH2, GLS2, CTPS1, GCLC, AGXT2, KYNU, TTC36, ASPA, NAGS, MAT1A, DCT, CBS, PAH, BAAT, ALDH8A1, GSTZ1, HAO1, QDPR, HMGCL, GLYAT, MTHFS, SEPHS1, PHGDH, CDO1, BHMT, PIPOX, SLC25A13, GLYATL1, GNMT, ADI1, SHMT1, CPS1, AADAT, MTHFD1, ARG1, RIDA, GLUD1",True
C5_all,GO_BP,GOBP_MONOCARBOXYLIC_ACID_BIOSYNTHETIC_PROCESS,Monocarboxylic acid biosynthetic process,42,192,998,0.0421,0.013,3.243,6.9760161654597445e-12,1.5630379749550688e-09,"HSD17B8, AKR1D1, LIPG, CYP27A1, AMACR, AVPR1A, ACSM3, CBR4, FADS6, HSD17B10, ACSM2B, ALDH8A1, AKR1C4, BAAT, ACOX2, NR1H3, PROX1, SLC27A5, ERRFI1, CYP1A2, OSBPL6, LIPC, ACACB, APOA5, CYP2E1, PRKAG2, RDH10, ACMSD, LDHC, GATM, ACSM5, PDK4, PIBF1, ABCD3, SCP2, RGN, CYP2C8, MLYCD, SLC27A2, ABHD1, GSTM4, ALDH1A2",True
C5_all,GO_BP,GOBP_LIPID_MODIFICATION,Lipid modification,39,175,998,0.0391,0.0118,3.304,2.161316876520984e-11,4.573586657038016e-09,"HAO2, ACAA1, ACADM, CRAT, ADH7, AMACR, GCDH, HADH, HSD17B10, ETFDH, HAO1, ACOX2, ECHDC2, ACACB, ETFBKMT, ECI2, ACAT1, CYP2E1, PRKAG2, CYP4V2, PPARA, ACAA2, PLIN5, ACOX1, PEX5, EHHADH, LONP2, LPCAT3, PDK4, ABCD3, EPHX2, MTMR4, SCP2, CYP2C8, ADH4, MLYCD, MTM1, SLC27A2, HSD17B4",True
C5_all,GO_BP,GOBP_SULFUR_COMPOUND_METABOLIC_PROCESS,Sulfur compound metabolic process,52,283,998,0.0521,0.0191,2.724,2.6610064387823004e-11,5.334617644906201e-09,"SOD1, GSTA1, ST3GAL6, GCLC, GSTA5, GCDH, CBS, GPAM, ACSM3, ACSM2B, BAAT, SLC1A1, GSTZ1, SUOX, AHCY, ACACB, ACSL5, GLYAT, IDH1, HS3ST3B1, PHGDH, CDO1, ACAT1, MMACHC, BHMT, PIPOX, HAGH, GNMT, SUCLA2, MCEE, DGAT2, ACSM5, BTD, ADI1, ENPP1, PDK4, SULT1E1, HMGCS2, SULT1B1, CPS1, AADAT, MTHFD1, HS2ST1, NDST1, HSD17B4, MLYCD, GHR, SLC27A2, MMUT, MAT1A, GSTM4, ACSL1",True
C5_all,GO_BP,GOBP_RESPONSE_TO_XENOBIOTIC_STIMULUS,Response to xenobiotic stimulus,61,371,998,0.0611,0.0251,2.437,6.435609317691489e-11,1.2256617945543442e-08,"SLC34A1, SOD1, CMBL, ACAA1, ABCA1, CTPS1, GSTA1, GCLC, SRD5A1, UGT2B28, CPB2, FMO5, CES3, EGFR, GSTA5, PPM1E, SLCO1B1, HADH, CYP2J2, PON3, GPLD1, SLC1A1, ACSM2B, SLCO2B1, ABCC9, SLC26A5, ERRFI1, CYP1A2, UGT2B7, C1orf115, ACACB, HTR2A, AOX1, GLYAT, REN, ALAD, CYP2E1, ABAT, ADRA1A, SLC22A1, CAT, ABCC6, MAOB, RPS6KB1, HMGCS2, ABCD3, NAT1, SLCO1B3, DRD1, KCNK3, SULT1B1, CPS1, CYP2C8, CYP2A6, RORA, SLCO1A2, CYP2C19, ADCY1, BCHE, GSTM4, ACSL1",True
C5_all,GO_BP,GOBP_XENOBIOTIC_METABOLIC_PROCESS,Xenobiotic metabolic process,28,108,998,0.0281,0.0073,3.843,3.6926860887337036e-10,6.697829196184132e-08,"CMBL, GSTA1, ACAA1, FMO5, UGT2B28, CES3, GSTA5, SLCO1B1, CYP2J2, ACSM2B, SLCO2B1, UGT2B7, CYP1A2, GLYAT, AOX1, CYP2E1, SLC22A1, SULT1B1, NAT1, SLCO1B3, CYP2C8, CYP2A6, RORA, SLCO1A2, CYP2C19, BCHE, GSTM4, ACSL1",True
C5_all,GO_BP,GOBP_AMIDE_METABOLIC_PROCESS,Amide metabolic process,61,393,998,0.0611,0.0266,2.301,6.972395862564501e-10,1.207175265477645e-07,"SOD1, GSTA1, ASAH2B, GCLC, SORL1, MME, GSTA5, NAGS, DHFR2, GCDH, GPAM, ACSM3, ALDOB, ACSM2B, GSTZ1, BAAT, SLC46A1, SLC1A1, NEU3, AGMAT, ENPEP, XDH, RTN4, ACACB, ACSL5, GLYAT, PEMT, REN, IDH1, MTHFS, NEU4, MMACHC, ACAT1, PIPOX, SCG5, PCSK2, ABCA8, HAGH, SUCLA2, MCEE, PDK4, BTD, DGAT2, ACSM5, SHMT1, CERS2, HMGCS2, CPS1, AADAT, NAPEPLD, HSD17B4, GNE, MLYCD, HAP1, SLC27A2, MMUT, SGMS1, ARG1, BCHE, GSTM4, ACSL1",True
C5_all,GO_BP,GOBP_RESPONSE_TO_METAL_ION,Response to metal ion,50,291,998,0.0501,0.0197,2.547,7.461028233828757e-10,1.2356111540284233e-07,"SLC34A1, NEDD4, GCLC, CPNE8, SLC13A2, SYT1, SLC13A5, EGFR, HAAO, ADGRV1, MT1G, KCNMA1, MTTP, GPLD1, MT1H, SLC1A1, KCNC2, SLC30A1, GPHN, SLC26A5, CYP1A2, TRPC3, MT1A, CPNE3, SLC39A8, MT1E, ALAD, ABAT, SLC6A1, SLC25A13, BNIP3, CAT, ABCC6, DLG2, CPNE6, MAOB, ATP7B, TFR2, KHK, HMGCS2, MT1F, KCNK3, MT2A, SLC30A10, CPS1, MT1M, ADCY1, CACNA1H, SERPINF1, KCNH1",True
C5_all,GO_BP,GOBP_DETOXIFICATION_OF_INORGANIC_COMPOUND,Detoxification of inorganic compound,11,17,998,0.011,0.0011,9.592,1.0599205544827285e-09,1.6821822466769638e-07,"MT1H, MT1F, SLC30A1, MT2A, SLC30A10, MT1G, CAT, MT1M, MT1A, SLC39A8, MT1E",True
C5_all,GO_BP,GOBP_HORMONE_METABOLIC_PROCESS,Hormone metabolic process,39,203,998,0.0391,0.0137,2.848,2.217867737486603e-09,3.3791432848345884e-07,"IYD, HSD17B8, AKR1D1, UGT2B28, SRD5A1, MME, ADH7, HSD17B10, ALDH8A1, AKR1C4, ENPEP, CYP1A2, UGT2B7, REN, CYP17A1, ADH1B, SLC16A10, ARNT, ADH1A, SCG5, PCSK2, RDH10, ESR1, DGAT2, ADH6, RDH16, SLC16A2, UGT2B10, SULT1E1, SULT1B1, CYP2C8, DHRS2, ADH4, GHR, CACNA1H, HSD17B4, BCHE, HSD17B6, ALDH1A2",True
C5_all,GO_BP,GOBP_PURINE_CONTAINING_COMPOUND_METABOLIC_PROCESS,Purine containing compound metabolic process,70,496,998,0.0701,0.0335,2.092,2.601760397532802e-09,3.7106767004420053e-07,"ALDH1L1, DHTKD1, FMO5, HAAO, KYNU, ADCY10, NUDT16, GCDH, GPAM, ALDOB, ACSM2B, BAAT, ZBTB20, DCXR, GUCY2C, DERA, XDH, ACACB, ACSL5, HTR2A, GLYAT, IDH1, TTR, PCK2, ACAT1, PFKFB1, PRKAG2, ABCG2, SLC25A13, ADK, PPARA, NCOR1, ACMSD, PIPOX, LDHC, NMRK1, DPYD, GNMT, ABCC6, MAGI3, ENPP3, PANK1, SUCLA2, ENPP1, PDK4, MCEE, DLG2, NUPR1, DGAT2, SHMT1, PGM1, ACSM5, SULT1E1, HMGCS2, SULT1B1, AADAT, MTHFD1, CLPX, GPD1, NUDT12, MACROD2, MLYCD, SLC27A2, RORA, MMUT, ADCY1, HSD17B4, AFMID, ACSM3, ACSL1",True
C5_all,GO_BP,GOBP_CELLULAR_MODIFIED_AMINO_ACID_METABOLIC_PROCESS,Cellular modified amino acid metabolic process,34,163,998,0.0341,0.011,3.092,2.630303778207775e-09,3.7106767004420053e-07,"SOD1, GSTA1, ACADM, ALDH1L1, IYD, GGACT, GCLC, AGXT2, CRAT, PCYOX1, GSTA5, DHFR2, BBOX1, SARDH, SLC1A1, GSTZ1, SLC46A1, IDH1, MTHFS, BHMT, MMACHC, SLC16A10, ALDH7A1, HAGH, GNMT, GATM, LPCAT3, SLC16A2, SHMT1, FOLH1, SULT1B1, MTHFD1, GSTM4, DMGDH",True
C5_all,GO_BP,GOBP_BILE_ACID_METABOLIC_PROCESS,Bile acid metabolic process,17,47,998,0.017,0.0032,5.362,4.31064114477368e-09,5.864011471586766e-07,"ACAA1, AKR1D1, BAAT, AKR1C4, ACOX2, SLC27A5, PROX1, ABCD3, SCP2, ERRFI1, OSBPL6, UGT2A1, CYP27A1, SLC27A2, AMACR, NR5A2, HSD17B10",True
C5_all,GO_BP,GOBP_RESPONSE_TO_TOXIC_SUBSTANCE,Response to toxic substance,39,209,998,0.0391,0.0141,2.766,5.255220750834335e-09,6.902460634457925e-07,"SOD1, GSTA1, SRD5A1, TXNRD3, SLC47A1, MT1G, TRPM6, PON3, MT1H, KCNC2, GSTZ1, SLC30A1, GUCY2C, GLYAT, TTPA, SLC39A8, MT1A, MT1E, ALAD, PRDX6, ABCG2, SLC6A1, ALB, SLC22A1, CAT, NUPR1, MAOB, ATP7B, RPS6KB1, EPHX2, MT1F, CPS1, MT2A, SLC30A10, DHRS2, ADH4, SLC22A3, MT1M, ABTB2",True
C5_all,GO_BP,GOBP_CELLULAR_RESPONSE_TO_XENOBIOTIC_STIMULUS,Cellular response to xenobiotic stimulus,34,172,998,0.0341,0.0116,2.93,1.1173160698238056e-08,1.383147756455597e-06,"CMBL, GSTA1, ACAA1, ABCA1, FMO5, UGT2B28, CES3, EGFR, GSTA5, PPM1E, SLCO1B1, CYP2J2, PON3, GPLD1, ACSM2B, SLCO2B1, UGT2B7, CYP1A2, GLYAT, AOX1, REN, CYP2E1, SLC22A1, SULT1B1, NAT1, SLCO1B3, CYP2C8, CYP2A6, RORA, SLCO1A2, CYP2C19, BCHE, GSTM4, ACSL1",True
C5_all,GO_BP,GOBP_OLEFINIC_COMPOUND_METABOLIC_PROCESS,Olefinic compound metabolic process,29,132,998,0.0291,0.0089,3.257,1.1318111443607221e-08,1.383147756455597e-06,"GSTA1, ACAA1, SRD5A1, ADH7, CYP2J2, AKR1C4, ALDH8A1, CYP4F3, CYP1A2, CYP4F11, CYP17A1, CYP2E1, ADH1B, ADH1A, RDH10, ABHD6, DGAT2, ADH6, RDH16, EPHX2, SCP2, FAAH2, CYP2C8, ADH4, CYP2A6, CACNA1H, CYP2C19, HSD17B6, ALDH1A2",True
C5_all,GO_BP,GOBP_CELLULAR_KETONE_METABOLIC_PROCESS,Cellular ketone metabolic process,36,189,998,0.0361,0.0128,2.824,1.1620038909577082e-08,1.383147756455597e-06,"SRD5A1, KYNU, AVPR1A, CBR4, HSD17B10, GGCX, ALDH8A1, AKR1C4, NR1H3, PROX1, ACACB, ETFBKMT, CYP4F11, APOA5, CYP17A1, BHMT, SIRT5, PRKAG2, NCOR1, PPARA, RDH10, ACMSD, PLIN5, HAGH, LONP2, PDK4, PIBF1, AADAT, RGN, GPD1, ADH4, MLYCD, CACNA1H, AFMID, HSD17B6, COQ5",True
C5_all,GO_BP,GOBP_TERPENOID_METABOLIC_PROCESS,Terpenoid metabolic process,22,83,998,0.022,0.0056,3.929,1.8157889901781657e-08,2.0958606859359495e-06,"SRD5A1, ALDH3A2, ADH7, EGFR, ALDH8A1, AKR1C4, CYP1A2, CYP2E1, ADH1B, ADH1A, CYP4V2, RDH10, DGAT2, ADH6, RDH16, HMGCS2, CYP2C8, NAPEPLD, ADH4, CYP2C19, HSD17B6, ALDH1A2",True
C5_all,GO_BP,GOBP_BILE_ACID_BIOSYNTHETIC_PROCESS,Bile acid biosynthetic process,14,35,998,0.014,0.0024,5.929,2.2460225081294516e-08,2.5162058039603182e-06,"BAAT, AKR1D1, AKR1C4, ACOX2, SLC27A5, ABCD3, PROX1, SCP2, ERRFI1, OSBPL6, CYP27A1, SLC27A2, AMACR, HSD17B10",True
C5_all,GO_BP,GOBP_L_AMINO_ACID_CATABOLIC_PROCESS,L amino acid catabolic process,18,58,998,0.018,0.0039,4.6,2.450956961109524e-08,2.667341447104622e-06,"PAH, PRODH2, PIPOX, GLS2, ALDH8A1, GSTZ1, MAT1A, AGXT2, AADAT, QDPR, HMGCL, KYNU, GLUD1, ARG1, RIDA, CDO1, CBS, SHMT1",True
C5_all,GO_BP,GOBP_NUCLEOSIDE_BISPHOSPHATE_METABOLIC_PROCESS,Nucleoside bisphosphate metabolic process,26,115,998,0.0261,0.0078,3.351,3.458997836002342e-08,3.659811877036922e-06,"GCDH, GPAM, ACSM2B, BAAT, ACACB, ACSL5, GLYAT, ACAT1, PIPOX, SUCLA2, PANK1, DGAT2, MCEE, ACSM5, ENPP1, PDK4, SULT1E1, HMGCS2, SULT1B1, AADAT, MLYCD, SLC27A2, MMUT, HSD17B4, ACSM3, ACSL1",True
C5_all,GO_BP,GOBP_RESPONSE_TO_CADMIUM_ION,Response to cadmium ion,16,49,998,0.016,0.0033,4.84,6.573715141307497e-08,6.76737323601088e-06,"SLC34A1, MT1H, MT1F, SLC30A1, GCLC, MT2A, CYP1A2, EGFR, HAAO, SLC39A8, CAT, MT1M, MT1A, MT1G, MT1E, ALAD",True
C5_all,GO_BP,GOBP_RESPONSE_TO_ZINC_ION,Response to zinc ion,14,38,998,0.014,0.0026,5.461,7.731187658662243e-08,7.749498366274865e-06,"KHK, MT1H, MT1F, SLC30A1, CPS1, KCNK3, MT2A, SLC30A10, HAAO, MT1M, MT1A, MT1G, MT1E, ALAD",True
C5_all,GO_BP,GOBP_ACYL_COA_METABOLIC_PROCESS,Acyl coa metabolic process,22,90,998,0.022,0.0061,3.624,8.884717869697672e-08,8.677407786071393e-06,"GCDH, GPAM, ACSM2B, BAAT, ACACB, ACSL5, GLYAT, ACAT1, PIPOX, SUCLA2, DGAT2, MCEE, ACSM5, PDK4, HMGCS2, AADAT, MLYCD, SLC27A2, MMUT, HSD17B4, ACSM3, ACSL1",True
C5_all,GO_BP,GOBP_RIBOSE_PHOSPHATE_METABOLIC_PROCESS,Ribose phosphate metabolic process,58,420,998,0.0581,0.0284,2.047,1.3381990446771056e-07,1.2743000402937739e-05,"DHTKD1, CTPS1, ADCY10, GCDH, GPAM, ALDOB, ACSM2B, DPYS, ZBTB20, BAAT, GUCY2C, UPB1, XDH, ACACB, ACSL5, HTR2A, GLYAT, UCK1, ACAT1, PFKFB1, PRKAG2, PPARA, SLC25A13, ADK, NCOR1, PIPOX, LDHC, DPYD, ENPP3, ABCC6, SUCLA2, MAGI3, DLG2, PANK1, NUPR1, MCEE, ENPP1, PDK4, DGAT2, ACSM5, DHODH, PGM1, SULT1E1, HMGCS2, SULT1B1, AADAT, MTHFD1, CLPX, ENTPD5, GPD1, MLYCD, SLC27A2, RORA, MMUT, ADCY1, HSD17B4, ACSM3, ACSL1",True
C5_all,GO_BP,GOBP_PRIMARY_ALCOHOL_METABOLIC_PROCESS,Primary alcohol metabolic process,21,86,998,0.021,0.0058,3.62,1.7727153225032976e-07,1.646895771564649e-05,"ALDH2, ALDH3A2, ADH7, CBR4, AKR1C4, HAO1, CYP1A2, ADH1B, ADH1A, RDH10, DGAT2, ADH6, RDH16, SULT1E1, SULT1B1, CYP2C8, NAPEPLD, ADH4, CACNA1H, HSD17B6, ALDH1A2",True
C5_all,GO_BP,GOBP_DITERPENOID_METABOLIC_PROCESS,Diterpenoid metabolic process,19,72,998,0.019,0.0049,3.912,1.8256875180876492e-07,1.6557247039037753e-05,"SRD5A1, ALDH3A2, ADH7, EGFR, AKR1C4, ALDH8A1, CYP1A2, ADH1B, ADH1A, CYP4V2, RDH10, DGAT2, ADH6, RDH16, CYP2C8, NAPEPLD, ADH4, HSD17B6, ALDH1A2",True
C5_all,GO_BP,GOBP_DICARBOXYLIC_ACID_METABOLIC_PROCESS,Dicarboxylic acid metabolic process,21,88,998,0.021,0.0059,3.537,2.6964072511850595e-07,2.3885151673869515e-05,"PRODH2, ALDH1L1, GLS2, GCLC, GRHPR, HAAO, KYNU, ASPA, NAGS, DHFR2, SLC46A1, IDH1, MTHFS, PCK2, ACMSD, SUCLA2, SHMT1, AADAT, MTHFD1, L2HGDH, GLUD1",True
C5_all,GO_BP,GOBP_LIPID_LOCALIZATION,Lipid localization,57,421,998,0.0571,0.0285,2.007,3.356832945437938e-07,2.9059492475393423e-05,"ABCA1, SERPINA5, LIPG, XKR4, CRY2, DENND5B, ZFYVE1, SLCO1B1, MTTP, RBP5, AKR1C4, NRIP1, SLC27A5, NR1H3, SLCO2B1, OSBPL6, ACACB, ACSL5, ABCA5, REN, TTPA, FITM1, APOA5, DBI, SLC10A5, ABCG2, SLC22A1, ATP11C, PPARA, PLIN5, AQP9, ABCA8, PMP2, ACVR1C, LPCAT3, ENPP1, BLTP3B, DGAT2, LCAT, ATG2B, ABCA13, SAR1B, RPS6KB1, GRAMD1C, ABCD3, PITPNM3, SLCO1B3, SLC22A24, CFHR4, SCP2, ABCA6, SLC27A2, SLCO1A2, TRPC5, TSKU, LIPC, ACSL1",True
C5_all,GO_BP,GOBP_INTRACELLULAR_ZINC_ION_HOMEOSTASIS,Intracellular zinc ion homeostasis,12,31,998,0.012,0.0021,5.738,3.536286490002186e-07,2.9932700534262947e-05,"MT1H, SLC1A1, MT1F, SLC30A1, MT2A, SLC30A10, SLC39A8, MT1M, MT1A, MT1G, MT1E, ATP7B",True
C5_all,GO_BP,GOBP_AMINE_METABOLIC_PROCESS,Amine metabolic process,22,99,998,0.022,0.0067,3.294,5.319179852596949e-07,4.4045121866395165e-05,"ALDH2, SAT2, HAAO, KYNU, GCDH, PAH, SLC1A1, AGMAT, RTL4, BHMT, ABAT, ALDH7A1, ACMSD, MAOA, MAOB, HNMT, SULT1B1, DRD1, NAPEPLD, SLC22A3, AFMID, DMGDH",True
C5_all,GO_BP,GOBP_DETOXIFICATION_OF_COPPER_ION,Detoxification of copper ion,7,10,998,0.007,0.0007,10.377,6.241592766587233e-07,5.0583461378576105e-05,"MT1H, MT1F, MT2A, MT1M, MT1A, MT1G, MT1E",True
C5_all,GO_BP,GOBP_CELLULAR_RESPONSE_TO_INORGANIC_SUBSTANCE,Cellular response to inorganic substance,31,177,998,0.0311,0.012,2.596,8.270307397391055e-07,6.56283351597136e-05,"SLC34A1, CPNE8, SLC13A2, SYT1, SLC13A5, EGFR, ADGRV1, MT1G, ADCY10, GPLD1, MT1H, SLC1A1, KCNC2, CYP1A2, MT1A, CPNE3, SLC39A8, MT1E, ALAD, BNIP3, DLG2, CPNE6, TFR2, MT1F, KCNK3, MT2A, MT1M, ADCY1, CACNA1H, SERPINF1, KCNH1",True
C5_all,GO_BP,GOBP_SERINE_FAMILY_AMINO_ACID_METABOLIC_PROCESS,Serine family amino acid metabolic process,11,28,998,0.011,0.0019,5.824,9.211478909736878e-07,7.160514932079137e-05,"BAAT, HAO1, AGXT2, MTHFD1, GLYAT, SEPHS1, RIDA, PHGDH, CDO1, CBS, SHMT1",True
C5_all,GO_BP,GOBP_LONG_CHAIN_FATTY_ACID_METABOLIC_PROCESS,Long chain fatty acid metabolic process,21,95,998,0.021,0.0064,3.277,1.052652827678966e-06,7.861871805155257e-05,"GSTA1, ACAA1, CYP2J2, CYP4F3, SLC27A5, CYP1A2, ACSL5, CYP4F11, CYP2E1, ABHD6, ABCD3, SCP2, FAAH2, CYP2C8, AIG1, PNPLA3, CYP2A6, SLC27A2, CYP2C19, GSTM4, ACSL1",True
C5_all,GO_BP,GOBP_TRIGLYCERIDE_METABOLIC_PROCESS,Triglyceride metabolic process,21,95,998,0.021,0.0064,3.277,1.052652827678966e-06,7.861871805155257e-05,"SORL1, LIPG, GPAM, MOGAT2, MTTP, GPLD1, SLC27A5, NR1H3, APOA5, PCK2, MOGAT1, PLIN5, CAT, DGAT2, CPS1, AGMO, RGN, THRSP, PNPLA3, LIPC, ACSL1",True
C5_all,GO_BP,GOBP_ONE_CARBON_METABOLIC_PROCESS,One carbon metabolic process,12,34,998,0.012,0.0023,5.232,1.137204217568757e-06,8.330020893691145e-05,"SFXN1, ALDH1L1, MTHFD1, AHCY, CA14, GNMT, CA13, MTHFS, DHFR2, CA1, MAT1A, SHMT1",True
C5_all,GO_BP,GOBP_NON_PROTEINOGENIC_AMINO_ACID_METABOLIC_PROCESS,Non proteinogenic amino acid metabolic process,17,66,998,0.017,0.0045,3.818,1.1660870537491328e-06,8.380425637227259e-05,"ALDH8A1, CPS1, AGXT2, AADAT, MTHFD1, UPB1, DPYD, GNMT, KYNU, BHMT, MMUT, ARG1, PHGDH, AFMID, CBS, SARDH, ABAT",True
C5_all,GO_BP,GOBP_ALCOHOL_METABOLIC_PROCESS,Alcohol metabolic process,46,326,998,0.0461,0.022,2.092,1.4616130543719729e-06,0.00010309785415005268,"SLC34A1, SOD1, ABCA1, FMO5, ALDH2, AKR1D1, ALDH3A2, ADH7, CYP27A1, MOGAT2, CBR4, AKR1C4, HAO1, QDPR, ERRFI1, CYP1A2, LIPC, ABCA5, IDH1, IMPA1, APOA5, PCK2, ADH1B, ADH1A, RDH10, MOGAT1, ACAA2, CAT, SEC14L2, LPCAT3, DGAT2, ADH6, LCAT, RDH16, SULT1E1, HMGCS2, EPHX2, SULT1B1, SORD, CYP2C8, NAPEPLD, ADH4, CACNA1H, TSKU, HSD17B6, ALDH1A2",True
C5_all,GO_BP,GOBP_BIOGENIC_AMINE_METABOLIC_PROCESS,Biogenic amine metabolic process,19,82,998,0.019,0.0055,3.435,1.6036164816109936e-06,0.00010992149293511377,"ALDH2, SAT2, HAAO, KYNU, GCDH, PAH, SLC1A1, AGMAT, RTL4, ABAT, ACMSD, MAOA, MAOB, HNMT, SULT1B1, DRD1, NAPEPLD, SLC22A3, AFMID",True
C5_all,GO_BP,GOBP_GLYCINE_METABOLIC_PROCESS,Glycine metabolic process,7,11,998,0.007,0.0007,9.433,1.616068155517556e-06,0.00010992149293511377,"BAAT, HAO1, AGXT2, GLYAT, RIDA, PHGDH, SHMT1",True
C5_all,GO_BP,GOBP_AMINO_ACID_BIOSYNTHETIC_PROCESS,Amino acid biosynthetic process,17,68,998,0.017,0.0046,3.706,1.8325451788155418e-06,0.00012245902782646314,"PAH, GLS2, HAO1, CPS1, AGXT2, ADI1, MTHFD1, UPB1, DPYD, BHMT, GLUD1, SEPHS1, NAGS, PHGDH, CBS, SHMT1, ABAT",True
C5_all,GO_BP,GOBP_ORGANIC_ANION_TRANSPORT,Organic anion transport,51,382,998,0.0511,0.0258,1.979,2.1229198468747985e-06,0.00013941727063355357,"SFXN1, SLC13A2, SLCO4C1, SLC13A5, SLC47A1, SLCO1B1, ADCY10, AVPR1A, SFXN5, MTTP, RBP5, AKR1C4, SLC1A1, SLC46A1, SLC27A5, SLCO2B1, SLC26A5, ACACB, ACSL5, SLC39A8, ABAT, SLC16A10, SLC6A1, SLC10A5, ABCG2, SLC22A1, SLC25A13, PPARA, SLC37A4, SLC17A2, SLC4A10, SLC38A4, AQP9, ABCC6, PMP2, SLC16A2, SLC39A5, SLC6A13, RPS6KB1, ABCD3, SLCO1B3, SLC22A24, SLC35D1, GRM1, SLC22A3, SLC27A2, SLC2A2, SLCO1A2, SFXN2, ACSL1, ARL6IP1",True
C5_all,GO_BP,GOBP_TRIGLYCERIDE_BIOSYNTHETIC_PROCESS,Triglyceride biosynthetic process,13,42,998,0.013,0.0028,4.588,2.2472339196643192e-06,0.00014507989830510836,"GPLD1, ACSL1, NR1H3, MOGAT1, PLIN5, AGMO, RGN, THRSP, PNPLA3, DGAT2, PCK2, GPAM, MOGAT2",True
C5_all,GO_BP,GOBP_AROMATIC_AMINO_ACID_METABOLIC_PROCESS,Aromatic amino acid metabolic process,11,31,998,0.011,0.0021,5.26,3.0097299144732903e-06,0.00019106768740381272,"PAH, IYD, GSTZ1, ACMSD, QDPR, HAAO, KYNU, TTC36, GCDH, DCT, AFMID",True
C5_all,GO_BP,GOBP_CELLULAR_RESPONSE_TO_ZINC_ION,Cellular response to zinc ion,8,16,998,0.008,0.0011,7.412,3.2955803118652692e-06,0.0002045668620497325,"MT1H, MT1F, KCNK3, MT2A, MT1M, MT1A, MT1G, MT1E",True
C5_all,GO_BP,GOBP_ISOPRENOID_METABOLIC_PROCESS,Isoprenoid metabolic process,23,118,998,0.023,0.008,2.889,3.3297835250940975e-06,0.0002045668620497325,"SRD5A1, ALDH3A2, ADH7, EGFR, ALDH8A1, AKR1C4, CYP1A2, CYP2E1, ADH1B, ADH1A, CYP4V2, RDH10, DGAT2, ADH6, RDH16, HMGCS2, CRPPA, CYP2C8, NAPEPLD, ADH4, CYP2C19, HSD17B6, ALDH1A2",True
C5_all,GO_BP,GOBP_FATTY_ACID_BETA_OXIDATION_USING_ACYL_COA_OXIDASE,Fatty acid beta oxidation using acyl coa oxidase,7,12,998,0.007,0.0008,8.647,3.651980755523394e-06,0.0002207999158379144,"ACAA1, ACOX2, SCP2, CRAT, ACOX1, EHHADH, AMACR",True
C5_all,GO_BP,GOBP_STEROID_BIOSYNTHETIC_PROCESS,Steroid biosynthetic process,27,154,998,0.0271,0.0104,2.599,4.0858181616576136e-06,0.0002431700215274039,"SOD1, HSD17B8, AKR1D1, SRD5A1, CYP27A1, AMACR, HSD17B10, BAAT, AKR1C4, ACOX2, SLC27A5, PROX1, ERRFI1, OSBPL6, PRLR, CYP17A1, FAXDC2, PRKAG2, ACAA2, SEC14L2, LPCAT3, ABCD3, HMGCS2, SCP2, SLC27A2, CACNA1H, HSD17B6",True
C5_all,GO_BP,GOBP_DETOXIFICATION,Detoxification,23,120,998,0.023,0.0081,2.841,4.485853455366213e-06,0.00026287101248446005,"SOD1, GSTA1, TXNRD3, SLC47A1, MT1G, MT1H, GSTZ1, SLC30A1, MT1A, SLC39A8, MT1E, PRDX6, ABCG2, ALB, SLC22A1, CAT, ATP7B, MT1F, MT2A, SLC30A10, ADH4, SLC22A3, MT1M",True
C5_all,GO_BP,GOBP_ORGANIC_HYDROXY_COMPOUND_TRANSPORT,Organic hydroxy compound transport,35,230,998,0.0351,0.0155,2.256,4.848210488844437e-06,0.0002798005113940676,"ABCA1, LIPG, SYT1, SLCO1B1, MTTP, AKR1C4, SLC27A5, NR1H3, SLCO2B1, OSBPL6, ACACB, HTR2A, ABCA5, REN, APOA5, ABAT, SLC10A5, SLC22A1, AQP9, ABCA8, MAOB, LCAT, ABCA13, GRAMD1C, ABCD3, SLC22A24, AQP11, DRD1, SCP2, SLCO1B3, SLC22A3, SLCO1A2, CHRNA4, TSKU, LIPC",True
C5_all,GO_BP,GOBP_URONIC_ACID_METABOLIC_PROCESS,Uronic acid metabolic process,8,17,998,0.008,0.0011,6.976,5.8567523055492844e-06,0.0003329607392811526,"UGT2B10, XYLB, UGT2B28, DCXR, SORD, CRYL1, UGT2B7, UGT2A1",True
C5_all,GO_BP,GOBP_REGULATION_OF_HORMONE_LEVELS,Regulation of hormone levels,55,439,998,0.0551,0.0297,1.857,6.052615572134965e-06,0.00033903548109208946,"IYD, HSD17B8, AKR1D1, UGT2B28, SRD5A1, TBX3, MME, ADH7, EGFR, CRY2, ALDH1A2, SLCO1B1, VSNL1, HADH, HSD17B10, GPLD1, AKR1C4, ALDH8A1, UGT2B7, CYP1A2, ENPEP, REN, ACVR2B, PCK2, CYP17A1, TUBB1, ADH1B, ABAT, SLC16A10, ADH1A, ARNT, SCG5, PCSK2, RDH10, RAPGEF4, ESR1, ACVR1C, DGAT2, ADH6, RDH16, SLC16A2, TFR2, UGT2B10, SULT1E1, SULT1B1, CYP2C8, DHRS2, ADH4, GHR, CACNA1H, HSD17B4, BCHE, HSD17B6, SLC2A2, GLUD1",True
C5_all,GO_BP,GOBP_RESPONSE_TO_INORGANIC_SUBSTANCE,Response to inorganic substance,54,432,998,0.0541,0.0292,1.853,7.854406683981047e-06,0.00043358601535193925,"SLC34A1, SOD1, NEDD4, GCLC, CPNE8, SLC13A2, SYT1, SLC13A5, EGFR, HAAO, ADGRV1, MT1G, ADCY10, KCNMA1, AVPR1A, MTTP, GPLD1, MT1H, SLC1A1, KCNC2, SLC30A1, GPHN, SLC26A5, CYP1A2, TRPC3, MT1A, CPNE3, SLC39A8, MT1E, ALAD, ABAT, SLC6A1, SLC25A13, BNIP3, CAT, ABCC6, DLG2, ENPP1, CPNE6, MAOB, ATP7B, TFR2, KHK, HMGCS2, MT1F, KCNK3, MT2A, SLC30A10, CPS1, MT1M, ADCY1, CACNA1H, SERPINF1, KCNH1",True
C5_all,GO_BP,GOBP_ANDROGEN_METABOLIC_PROCESS,Androgen metabolic process,10,28,998,0.01,0.0019,5.294,7.986641901508009e-06,0.000434587414326343,"HSD17B8, AKR1C4, AKR1D1, SRD5A1, UGT2B7, ESR1, HSD17B4, CYP17A1, HSD17B6, HSD17B10",True
C5_all,GO_BP,GOBP_BENZENE_CONTAINING_COMPOUND_METABOLIC_PROCESS,Benzene containing compound metabolic process,9,23,998,0.009,0.0016,5.801,9.618344679563757e-06,0.0005160038716120895,"ACAA1, ALDH8A1, EPHX2, AADAT, HAAO, KYNU, AFMID, GSTM4, CYP2E1",True
C5_all,GO_BP,GOBP_ORGANIC_ACID_TRANSPORT,Organic acid transport,41,298,998,0.0411,0.0201,2.039,1.0101370747713097e-05,0.0005343905719172109,"SFXN1, SLC13A2, SLC13A5, SLC47A1, SLCO1B1, AVPR1A, SFXN5, SLC1A1, AKR1C4, RBP5, SLC46A1, SLC27A5, SLCO2B1, SLC26A5, ACACB, ACSL5, ABAT, SLC16A10, SLC6A1, ABCG2, SLC10A5, PPARA, SLC25A13, SLC22A1, AQP9, SLC38A4, ABCC6, PMP2, SLC16A2, SLC6A13, RPS6KB1, ABCD3, SLCO1B3, SLC35D1, SLC22A3, GRM1, SLC27A2, SLCO1A2, SFXN2, ACSL1, ARL6IP1",True
C5_all,GO_BP,GOBP_COMPLEMENT_ACTIVATION,Complement activation,14,55,998,0.014,0.0037,3.773,1.1811358680058122e-05,0.0006162940440046765,"CFHR5, C5, CFHR4, CFHR2, COLEC10, C1S, FCN2, C6, CFHR3, MASP2, C8A, C4BPB, C8B, CFHR1",True
C5_all,GO_BP,GOBP_NEUTRAL_LIPID_BIOSYNTHETIC_PROCESS,Neutral lipid biosynthetic process,13,49,998,0.013,0.0033,3.933,1.485768630201813e-05,0.00076476928546469,"GPLD1, ACSL1, NR1H3, MOGAT1, PLIN5, AGMO, RGN, THRSP, PNPLA3, DGAT2, PCK2, GPAM, MOGAT2",True
C5_all,GO_BP,GOBP_NEUTRAL_LIPID_METABOLIC_PROCESS,Neutral lipid metabolic process,22,120,998,0.022,0.0081,2.718,1.509325029307601e-05,0.0007665358715510203,"SORL1, LIPG, GPAM, MOGAT2, MTTP, GPLD1, SLC27A5, NR1H3, APOA5, PCK2, MOGAT1, ABHD6, PLIN5, CAT, DGAT2, CPS1, AGMO, RGN, THRSP, PNPLA3, LIPC, ACSL1",True
C5_all,GO_BP,GOBP_SULFUR_AMINO_ACID_METABOLIC_PROCESS,Sulfur amino acid metabolic process,10,31,998,0.01,0.0021,4.782,2.2408947254203746e-05,0.0011085153258605462,"CPS1, GCLC, MTHFD1, GNMT, BHMT, MMUT, MAT1A, ADI1, CDO1, CBS",True
C5_all,GO_BP,GOBP_CELLULAR_RESPONSE_TO_CADMIUM_ION,Cellular response to cadmium ion,10,31,998,0.01,0.0021,4.782,2.2408947254203746e-05,0.0011085153258605462,"MT1H, MT1F, MT2A, CYP1A2, EGFR, SLC39A8, MT1M, MT1A, MT1G, MT1E",True
C5_all,GO_BP,GOBP_RETINOL_METABOLIC_PROCESS,Retinol metabolic process,12,44,998,0.012,0.003,4.043,2.3318478324128447e-05,0.0011387190248282725,"ADH1A, RDH10, CYP2C8, CYP1A2, ADH7, ADH4, ALDH1A2, DGAT2, ADH6, HSD17B6, RDH16, ADH1B",True
C5_all,GO_BP,GOBP_BILE_ACID_AND_BILE_SALT_TRANSPORT,Bile acid and bile salt transport,9,26,998,0.009,0.0018,5.131,3.058149232495947e-05,0.0014744924590603878,"SLC10A5, AKR1C4, ABCD3, SLC27A5, SLCO1B3, SLCO2B1, AQP9, SLCO1A2, SLCO1B1",True
C5_all,GO_BP,GOBP_FATTY_ACID_BIOSYNTHETIC_PROCESS,Fatty acid biosynthetic process,23,136,998,0.023,0.0092,2.507,3.758254089262169e-05,0.0017893987282499501,"HSD17B8, LIPG, AVPR1A, CBR4, FADS6, ACSM2B, NR1H3, CYP1A2, GSTM4, LIPC, ACACB, APOA5, CYP2E1, PRKAG2, ACSM5, PDK4, PIBF1, ABCD3, RGN, CYP2C8, MLYCD, ABHD1, ACSM3",True
C5_all,GO_BP,GOBP_ORGANIC_HYDROXY_COMPOUND_BIOSYNTHETIC_PROCESS,Organic hydroxy compound biosynthetic process,31,213,998,0.0311,0.0144,2.157,4.042699778768755e-05,0.0019010670934975539,"SOD1, AKR1D1, ALDH2, CYP27A1, DDT, AMACR, DCT, HSD17B10, PAH, BAAT, AKR1C4, ACOX2, SLC27A5, PROX1, QDPR, ERRFI1, OSBPL6, IMPA1, PCK2, FAXDC2, PRKAG2, RAPGEF2, ACAA2, LDHC, SEC14L2, LPCAT3, ABCD3, HMGCS2, SCP2, SLC27A2, CACNA1H",True
C5_all,GO_BP,GOBP_AROMATIC_AMINO_ACID_FAMILY_CATABOLIC_PROCESS,Aromatic amino acid family catabolic process,7,16,998,0.007,0.0011,6.485,4.148831464351243e-05,0.0019039637406884197,"PAH, GSTZ1, ACMSD, QDPR, HAAO, KYNU, AFMID",True
C5_all,GO_BP,GOBP_SERINE_FAMILY_AMINO_ACID_BIOSYNTHETIC_PROCESS,Serine family amino acid biosynthetic process,7,16,998,0.007,0.0011,6.485,4.148831464351243e-05,0.0019039637406884197,"HAO1, AGXT2, MTHFD1, SEPHS1, PHGDH, CBS, SHMT1",True
C5_all,GO_BP,GOBP_L_AMINO_ACID_BIOSYNTHETIC_PROCESS,L amino acid biosynthetic process,13,54,998,0.013,0.0037,3.569,4.5747430149768677e-05,0.0020744281123865342,"PAH, GLS2, HAO1, AGXT2, ADI1, MTHFD1, BHMT, GLUD1, SEPHS1, NAGS, PHGDH, CBS, SHMT1",True
C5_all,GO_BP,GOBP_PHENOL_CONTAINING_COMPOUND_METABOLIC_PROCESS,Phenol containing compound metabolic process,18,94,998,0.018,0.0064,2.839,4.852930584753927e-05,0.0021746838349797305,"SLC16A10, PAH, IYD, SLC1A1, RAPGEF2, ALDH2, SULT1B1, SRD5A1, DRD1, GPD1, DDT, RTL4, CYP2E1, MAOA, MAOB, DCT, SLC16A2, ABAT",True
C5_all,GO_BP,GOBP_LIPID_HOMEOSTASIS,Lipid homeostasis,24,148,998,0.024,0.01,2.404,5.1913838859638005e-05,0.0022993001420507113,"ABCA1, OR10J5, LIPG, GPAM, MTTP, ZBTB20, ACOX2, NR1H3, ERRFI1, RTN4, LIPC, MED13, ABCA5, NR5A2, APOA5, ACOX1, DGAT2, LCAT, SAR1B, EPHX2, PNPLA3, RORA, TSKU, ACSM3",True
C5_all,GO_BP,GOBP_BRANCHED_CHAIN_AMINO_ACID_CATABOLIC_PROCESS,Branched chain amino acid catabolic process,8,22,998,0.008,0.0015,5.39,5.6837670948282215e-05,0.0024325245914832245,"ALDH6A1, BCKDHB, HMGCL, DBT, HIBADH, ACADSB, ACAT1, HSD17B10",True
C5_all,GO_BP,GOBP_STEROID_CATABOLIC_PROCESS,Steroid catabolic process,8,22,998,0.008,0.0015,5.39,5.6837670948282215e-05,0.0024325245914832245,"SULT1E1, AKR1D1, SRD5A1, CYP1A2, CYP27A1, HSD17B14, HSD17B6, HSD11B1",True
C5_all,GO_BP,GOBP_INDOLE_CONTAINING_COMPOUND_METABOLIC_PROCESS,Indole containing compound metabolic process,8,22,998,0.008,0.0015,5.39,5.6837670948282215e-05,0.0024325245914832245,"SLC34A1, ALDH2, SRD5A1, ACMSD, HAAO, KYNU, GCDH, AFMID",True
C5_all,GO_BP,GOBP_ASPARTATE_FAMILY_AMINO_ACID_METABOLIC_PROCESS,Aspartate family amino acid metabolic process,11,41,998,0.011,0.0028,3.977,6.014635852151245e-05,0.0025222855312719145,"PIPOX, MAT1A, SLC25A13, AADAT, MTHFD1, RIDA, GNMT, ASPA, ADI1, PHGDH, BHMT",True
C5_all,GO_BP,GOBP_DICARBOXYLIC_ACID_BIOSYNTHETIC_PROCESS,Dicarboxylic acid biosynthetic process,6,12,998,0.006,0.0008,7.412,6.025938129318567e-05,0.0025222855312719145,"GLS2, ACMSD, MTHFD1, HAAO, KYNU, GLUD1",True
C5_all,GO_BP,GOBP_HEPATICOBILIARY_SYSTEM_DEVELOPMENT,Hepaticobiliary system development,22,131,998,0.022,0.0089,2.489,6.137111606784282e-05,0.0025408976206784052,"ACADM, CPB2, SRD5A1, TBX3, EGFR, BAAT, PROX1, UPB1, ERRFI1, ATF2, PCK2, ACAT1, GUCD1, CUL3, HMGCS2, CPS1, SERPINA10, COBL, MAN2A1, RGN, CITED2, ALDH1A2",True
C5_all,GO_BP,GOBP_ORGANIC_HYDROXY_COMPOUND_CATABOLIC_PROCESS,Organic hydroxy compound catabolic process,12,50,998,0.012,0.0034,3.558,9.21568831955505e-05,0.0037744684741059338,"SULT1E1, AKR1D1, CYP4F3, ALDH2, HAO1, SULT1B1, SORD, CYP27A1, ADH4, MAOA, MAOB, HSD17B6",True
C5_all,GO_BP,GOBP_STEROL_HOMEOSTASIS,Sterol homeostasis,16,82,998,0.016,0.0055,2.892,9.954400904576684e-05,0.004033650323992829,"MTTP, NR5A2, LCAT, EPHX2, ABCA1, NR1H3, ACSM3, LIPG, ERRFI1, MED13, RORA, ABCA5, DGAT2, APOA5, TSKU, LIPC",True
C5_all,GO_BP,GOBP_CARBOHYDRATE_METABOLIC_PROCESS,Carbohydrate metabolic process,55,486,998,0.0551,0.0329,1.678,0.00010637616047002033,0.004265124160319026,"EDEM1, ACADM, ALDH2, DHTKD1, GCLC, ST3GAL6, AGL, IDNK, ADCY10, MOGAT2, GPLD1, ALDOB, ZBTB20, DCXR, PPP1R1A, NEU3, DERA, ERRFI1, OVGP1, POFUT1, ACACB, HTR2A, IDH1, FGGY, PCK2, NEU4, MYORG, XYLB, PFKFB1, PRKAG2, SLC25A13, PPARA, NCOR1, MOGAT1, SLC37A4, GNMT, GLYCTK, NUPR1, ENPP1, PDK4, DGAT2, ATG2B, PGM1, KHK, SORD, MAN2A1, RGN, HS2ST1, NDST1, GPD1, GYS2, GNE, MLYCD, RORA, SLC2A2",True
C5_all,GO_BP,GOBP_ORGANOPHOSPHATE_CATABOLIC_PROCESS,Organophosphate catabolic process,30,214,998,0.0301,0.0145,2.078,0.0001075770778267682,0.004268344681689167,"DHTKD1, LIPG, NUDT16, ALDOB, DPYS, ZBTB20, DERA, UPB1, XDH, HTR2A, IDH1, ACAT1, PRDX6, PFKFB1, PRKAG2, NCOR1, PPARA, ABHD6, DPYD, ENPP3, NUPR1, SUCLA2, ENPP1, PGM1, GPD1, ENTPD5, NUDT12, NAPEPLD, MLYCD, LIPC",True
C5_all,GO_BP,GOBP_TRIGLYCERIDE_CATABOLIC_PROCESS,Triglyceride catabolic process,8,24,998,0.008,0.0016,4.941,0.00011579645506390439,0.0045470999725609465,"GPLD1, CPS1, SORL1, PLIN5, LIPG, PNPLA3, APOA5, LIPC",True
C5_all,GO_BP,GOBP_NUCLEOBASE_METABOLIC_PROCESS,Nucleobase metabolic process,10,37,998,0.01,0.0025,4.006,0.00012142448931083326,0.004688960711888391,"ALDH6A1, DPYS, CTPS1, ADK, CPS1, XDH, DPYD, TTR, DHODH, SHMT1",True
C5_all,GO_BP,GOBP_PYRIDINE_CONTAINING_COMPOUND_METABOLIC_PROCESS,Pyridine containing compound metabolic process,24,156,998,0.024,0.0105,2.281,0.00012187112377971926,0.004688960711888391,"ALDH1L1, DHTKD1, FMO5, HAAO, KYNU, ALDOB, ZBTB20, DCXR, DERA, ACACB, HTR2A, IDH1, PCK2, PFKFB1, PRKAG2, NCOR1, PPARA, ACMSD, NMRK1, NUPR1, PGM1, GPD1, NUDT12, AFMID",True
C5_all,GO_BP,GOBP_CELLULAR_ALDEHYDE_METABOLIC_PROCESS,Cellular aldehyde metabolic process,14,67,998,0.014,0.0045,3.097,0.0001242865315543735,0.0047340739869060865,"ALDOB, ALDH8A1, ALDH2, ALDH7A1, RDH10, AGXT2, ALDH3A2, GRHPR, HAGH, ADH4, GLYCTK, IDH1, CACNA1H, ALDH1A2",True
C5_all,GO_BP,GOBP_UNSATURATED_FATTY_ACID_METABOLIC_PROCESS,Unsaturated fatty acid metabolic process,17,93,998,0.017,0.0063,2.71,0.00014222420280550024,0.005304836752054163,"GSTA1, ACAA1, AKR1C4, CYP4F3, SCP2, FAAH2, ABHD6, ACOX1, CYP2C8, CYP1A2, CYP4F11, CYP2A6, CYP2C19, AVPR1A, PIBF1, CYP2E1, CYP2J2",True
C5_all,GO_BP,GOBP_GLYCEROLIPID_METABOLIC_PROCESS,Glycerolipid metabolic process,43,356,998,0.0431,0.0241,1.79,0.00014270991553892045,0.005304836752054163,"SORL1, LIPG, GPAM, MOGAT2, PIK3C2G, PI4K2B, GPLD1, MTTP, SLC27A5, NR1H3, PIK3R1, HTR2A, PEMT, IMPA1, APOA5, PCK2, DBI, ACP6, PRDX6, ETNK2, MOGAT1, ABHD6, PLIN5, CAT, LPCAT3, DGAT2, LCAT, PITPNM3, MTMR4, HYCC2, CPS1, AGMO, RGN, GPD1, THRSP, NAPEPLD, PNPLA3, SMG1, MTM1, PIK3R4, DNAJC19, LIPC, ACSL1",True
C5_all,GO_BP,GOBP_SULFUR_COMPOUND_BIOSYNTHETIC_PROCESS,Sulfur compound biosynthetic process,23,148,998,0.023,0.01,2.304,0.0001434492479552583,0.005304836752054163,"GSTA1, ST3GAL6, GCLC, GCDH, CBS, SLC1A1, ACACB, ACSL5, HS3ST3B1, CDO1, BHMT, ACAT1, HAGH, PDK4, ADI1, MTHFD1, HS2ST1, NDST1, MLYCD, SLC27A2, MMUT, MAT1A, ACSL1",True
C5_all,GO_BP,GOBP_STEROL_METABOLIC_PROCESS,Sterol metabolic process,22,139,998,0.022,0.0094,2.346,0.00015133854147649775,0.0055399914176423384,"SOD1, ABCA1, AKR1D1, FMO5, CYP27A1, ERRFI1, CYP1A2, ABCA5, APOA5, FAXDC2, PRKAG2, CYP4V2, ACAA2, CAT, SEC14L2, LPCAT3, LCAT, HMGCS2, EPHX2, EBPL, TSKU, LIPC",True
C5_all,GO_BP,GOBP_CELLULAR_RESPONSE_TO_COPPER_ION,Cellular response to copper ion,7,19,998,0.007,0.0013,5.461,0.00015271701203792217,0.0055399914176423384,"MT1H, MT1F, MT2A, MT1M, MT1A, MT1G, MT1E",True
C5_all,GO_BP,GOBP_CELLULAR_MODIFIED_AMINO_ACID_CATABOLIC_PROCESS,Cellular modified amino acid catabolic process,8,25,998,0.008,0.0017,4.744,0.00016028295567379285,0.005759601680768651,"ALDH1L1, GGACT, AGXT2, PCYOX1, DMGDH, MTHFS, BHMT, SARDH",True
C5_all,GO_BP,GOBP_NUCLEOSIDE_PHOSPHATE_CATABOLIC_PROCESS,Nucleoside phosphate catabolic process,24,160,998,0.024,0.0108,2.224,0.00018156050993319343,0.006463214788182558,"DHTKD1, NUDT16, ALDOB, DPYS, ZBTB20, DERA, UPB1, XDH, HTR2A, ACAT1, PFKFB1, PRKAG2, NCOR1, PPARA, DPYD, ENPP3, NUPR1, SUCLA2, ENPP1, PGM1, GPD1, ENTPD5, NUDT12, MLYCD",True
C5_all,GO_BP,GOBP_VERY_LONG_CHAIN_FATTY_ACID_METABOLIC_PROCESS,Very long chain fatty acid metabolic process,9,32,998,0.009,0.0022,4.169,0.00019006459238044387,0.006703296596084358,"ACAA1, ABCD3, SLC27A5, ACOX2, ACOX1, PEX5, SLC27A2, HSD17B4, ACSL1",True
C5_all,GO_BP,GOBP_AMMONIUM_ION_METABOLIC_PROCESS,Ammonium ion metabolic process,7,20,998,0.007,0.0014,5.188,0.00022133536870185601,0.007734554306287795,"ALDH2, ALDH7A1, SRD5A1, SLC22A3, BCHE, HNMT, DMGDH",True
C5_all,GO_BP,GOBP_MONOCARBOXYLIC_ACID_TRANSPORT,Monocarboxylic acid transport,23,153,998,0.023,0.0103,2.228,0.000237500351539531,0.008223989445582487,"SLCO1B1, RBP5, AKR1C4, SLC27A5, SLCO2B1, ACACB, ACSL5, SLC16A10, SLC10A5, ABCG2, PPARA, SLC22A1, AQP9, PMP2, SLC16A2, SLC6A13, RPS6KB1, ABCD3, SLCO1B3, SLC22A3, SLC27A2, SLCO1A2, ACSL1",True
C5_all,GO_BP,GOBP_AMIDE_BIOSYNTHETIC_PROCESS,Amide biosynthetic process,21,134,998,0.021,0.0091,2.323,0.00024391300180094783,0.008360913581277288,"GCLC, NAGS, GCDH, SLC1A1, AGMAT, ACACB, ACSL5, PEMT, ACAT1, ABCA8, HAGH, PDK4, CERS2, CPS1, GNE, MLYCD, SLC27A2, MMUT, SGMS1, ARG1, ACSL1",True
C5_all,GO_BP,GOBP_ESTROGEN_METABOLIC_PROCESS,Estrogen metabolic process,9,33,998,0.009,0.0022,4.043,0.00024584466293070523,0.008360913581277288,"UGT2B10, HSD17B8, SULT1E1, UGT2B28, CYP2C8, UGT2B7, CYP1A2, HSD17B4, HSD17B10",True
C5_all,GO_BP,GOBP_REGULATION_OF_CELLULAR_KETONE_METABOLIC_PROCESS,Regulation of cellular ketone metabolic process,19,116,998,0.019,0.0078,2.428,0.00026607931643557995,0.008968992179673663,"AVPR1A, NR1H3, PROX1, ACACB, ETFBKMT, APOA5, BHMT, SIRT5, PRKAG2, NCOR1, PPARA, RDH10, ACMSD, PLIN5, LONP2, PDK4, PIBF1, RGN, MLYCD",True
C5_all,GO_BP,GOBP_REGULATION_OF_SMALL_MOLECULE_METABOLIC_PROCESS,Regulation of small molecule metabolic process,35,279,998,0.0351,0.0189,1.86,0.0002820511545149955,0.009423972346908928,"SOD1, ACADM, FMO5, AVPR1A, ADCY10, GPLD1, ALDOB, ZBTB20, NR1H3, PROX1, ACACB, HTR2A, ETFBKMT, APOA5, BHMT, SIRT5, PFKFB1, PRKAG2, NCOR1, PPARA, RDH10, ACMSD, PLIN5, GNMT, NUPR1, SEC14L2, LONP2, LPCAT3, PDK4, PIBF1, EPHX2, RGN, GPD1, MLYCD, RORA",True
C5_all,GO_BP,GOBP_BRANCHED_CHAIN_AMINO_ACID_METABOLIC_PROCESS,Branched chain amino acid metabolic process,8,27,998,0.008,0.0018,4.392,0.0002915227610638283,0.00957250169734588,"ALDH6A1, BCKDHB, HMGCL, DBT, HIBADH, ACADSB, ACAT1, HSD17B10",True
C5_all,GO_BP,GOBP_RETINOIC_ACID_METABOLIC_PROCESS,Retinoic acid metabolic process,8,27,998,0.008,0.0018,4.392,0.0002915227610638283,0.00957250169734588,"ADH1A, ALDH8A1, RDH10, CYP2C8, ADH7, ADH6, ALDH1A2, ADH1B",True
C5_all,GO_BP,GOBP_CELLULAR_MODIFIED_AMINO_ACID_BIOSYNTHETIC_PROCESS,Cellular modified amino acid biosynthetic process,10,41,998,0.01,0.0028,3.616,0.0003053847137777601,0.009857715040504138,"SLC1A1, ACADM, ALDH7A1, GCLC, MTHFD1, HAGH, GATM, MTHFS, DHFR2, BBOX1",True
C5_all,GO_BP,GOBP_GLUTATHIONE_METABOLIC_PROCESS,Glutathione metabolic process,10,41,998,0.01,0.0028,3.616,0.0003053847137777601,0.009857715040504138,"SOD1, GSTA1, SLC1A1, GSTZ1, GCLC, HAGH, GSTA5, IDH1, GSTM4, MMACHC",True
C5_all,GO_BP,GOBP_XENOBIOTIC_CATABOLIC_PROCESS,Xenobiotic catabolic process,7,21,998,0.007,0.0014,4.941,0.0003127862582857777,0.009984058805412204,"ACAA1, CYP2C8, CYP1A2, CYP2A6, CYP2C19, GSTM4, ACSL1",True
C5_all,GO_BP,GOBP_NEUTRAL_LIPID_CATABOLIC_PROCESS,Neutral lipid catabolic process,9,34,998,0.009,0.0023,3.924,0.00031454110177197805,0.009984058805412204,"GPLD1, CPS1, SORL1, ABHD6, LIPG, PLIN5, PNPLA3, APOA5, LIPC",True
C5_all,GO_BP,GOBP_RESPONSE_TO_COPPER_ION,Response to copper ion,8,28,998,0.008,0.0019,4.235,0.0003842148679321746,0.012094830016145895,"MT1H, MT1F, MT2A, MT1M, MT1A, MT1G, MT1E, ATP7B",True
C5_all,GO_BP,GOBP_REGULATION_OF_LIPID_METABOLIC_PROCESS,Regulation of lipid metabolic process,34,273,998,0.0341,0.0185,1.846,0.0003917735491950539,0.012231684007245577,"SOD1, FMO5, SORL1, AVPR1A, GPLD1, ZBTB20, NR1H3, PROX1, ASXL3, ACACB, HTR2A, ETFBKMT, IDH1, APOA5, PRKAG2, NCOR1, PPARA, RDH10, ABHD6, PDE3B, PLIN5, SEC14L2, LONP2, LPCAT3, PDK4, PIBF1, CERS2, EPHX2, MTMR4, RGN, THRSP, MLYCD, RORA, DNAJC19",True
C5_all,GO_BP,GOBP_NON_PROTEINOGENIC_AMINO_ACID_CATABOLIC_PROCESS,Non proteinogenic amino acid catabolic process,6,16,998,0.006,0.0011,5.559,0.00041305510875771996,0.012791275685025654,"ALDH8A1, AGXT2, KYNU, CBS, SARDH, ABAT",True
C5_all,GO_BP,GOBP_SODIUM_INDEPENDENT_ORGANIC_ANION_TRANSPORT,Sodium independent organic anion transport,5,11,998,0.005,0.0007,6.738,0.0004533188241000151,0.013813531207975658,"SLCO1B3, SLCO2B1, SLCO4C1, SLCO1A2, SLCO1B1",True
C5_all,GO_BP,GOBP_TRYPTOPHAN_METABOLIC_PROCESS,Tryptophan metabolic process,5,11,998,0.005,0.0007,6.738,0.0004533188241000151,0.013813531207975658,"ACMSD, HAAO, KYNU, GCDH, AFMID",True
C5_all,GO_BP,GOBP_INTRACELLULAR_PROTEIN_TRANSMEMBRANE_TRANSPORT,Intracellular protein transmembrane transport,8,29,998,0.008,0.002,4.089,0.0004995181741056671,0.015100513691813379,"SEC61A2, PEX1, PEX5, SEC62, SRP54, LONP2, PEX5L, PEX14",True
C5_all,GO_BP,GOBP_PROTEIN_TETRAMERIZATION,Protein tetramerization,15,85,998,0.015,0.0057,2.616,0.000510091761364982,0.01529873637038753,"HSD17B8, TRPM7, CBR4, HSD17B10, UPB1, STK3, CUTC, ACACB, GNMT, ACOT13, TRPM6, MAT1A, SYCP1, ALDH1A2, SHMT1",True
C5_all,GO_BP,GOBP_AMINO_ACID_BETAINE_METABOLIC_PROCESS,Amino acid betaine metabolic process,6,17,998,0.006,0.0011,5.232,0.000602123127200065,0.01751042084374493,"ACADM, ALDH7A1, CRAT, BHMT, BBOX1, DMGDH",True
C5_all,GO_BP,GOBP_ERYTHROSE_4_PHOSPHATE_PHOSPHOENOLPYRUVATE_FAMILY_AMINO_ACID_METABOLIC_PROCESS,Erythrose 4 phosphate phosphoenolpyruvate family amino acid metabolic process,6,17,998,0.006,0.0011,5.232,0.000602123127200065,0.01751042084374493,"PAH, IYD, GSTZ1, QDPR, TTC36, DCT",True
C5_all,GO_BP,GOBP_EPOXYGENASE_P450_PATHWAY,Epoxygenase p450 pathway,6,17,998,0.006,0.0011,5.232,0.000602123127200065,0.01751042084374493,"CYP2C8, CYP1A2, CYP2A6, CYP2C19, CYP2E1, CYP2J2",True
C5_all,GO_BP,GOBP_RESPONSE_TO_ORGANOPHOSPHORUS,Response to organophosphorus,18,114,998,0.018,0.0077,2.341,0.0006022224023446012,0.01751042084374493,"GUCD1, BCKDHB, PFKFB1, HMGCS2, RAPGEF2, CPS1, SRD5A1, ABCC9, ERRFI1, AQP9, P2RX3, GPD1, ITPR2, TRPC3, REN, ENPP1, CDO1, AKAP6",True
C5_all,GO_BP,GOBP_GENERATION_OF_PRECURSOR_METABOLITES_AND_ENERGY,Generation of precursor metabolites and energy,44,394,998,0.0441,0.0266,1.655,0.0006700713393623241,0.019335619179023426,"ACADM, ALDH1L1, DHTKD1, AGL, MTFR1, COX7A2L, ADCY10, AVPR1A, LYRM7, ALDOB, ETFDH, ZBTB20, SLC27A5, PPP1R1A, DERA, CYP1A2, HMGCL, ACACB, HTR2A, ETFRF1, IDH1, ACAT1, XYLB, PFKFB1, PRKAG2, SLC25A13, PPARA, NCOR1, COQ10A, ACOX1, BNIP3, CAT, GNMT, SUCLA2, NUPR1, ENPP1, ATG2B, TMEM135, PGM1, KHK, HMGCS2, GPD1, GYS2, DHRS2",True
C5_all,GO_BP,GOBP_RESPONSE_TO_NUTRIENT_LEVELS,Response to nutrient levels,46,418,998,0.0461,0.0283,1.631,0.0007011984515468449,0.020081690992044605,"SLC34A1, USP33, MIOS, ABCA1, ACADM, GCLC, SRD5A1, SORL1, LIPG, AGL, POSTN, EGFR, KYNU, ALDH1A2, ZFYVE1, CBS, PROX1, ACACB, ATF2, PCK2, ACAT1, ALAD, SIRT5, PFKFB1, PRKAG2, BCKDHB, PPARA, ALB, FNIP1, BNIP3, CAT, ACVR1C, PDK4, TMEM135, SLC39A5, SAR1B, RPS6KB1, HMGCS2, CPS1, TRIM24, SLC22A3, GHR, MLYCD, PIK3R4, BCHE, ACSL1",True
C5_all,GO_BP,GOBP_HOMOCYSTEINE_METABOLIC_PROCESS,Homocysteine metabolic process,5,12,998,0.005,0.0008,6.177,0.0007340755689620356,0.020711806238343657,"CPS1, MTHFD1, CBS, MMUT, BHMT",True
C5_all,GO_BP,GOBP_INDOLALKYLAMINE_METABOLIC_PROCESS,Indolalkylamine metabolic process,5,12,998,0.005,0.0008,6.177,0.0007340755689620356,0.020711806238343657,"ACMSD, HAAO, KYNU, GCDH, AFMID",True
C5_all,GO_BP,GOBP_REGULATION_OF_FATTY_ACID_METABOLIC_PROCESS,Regulation of fatty acid metabolic process,14,79,998,0.014,0.0053,2.627,0.0007424060662754229,0.02079282872384622,"PRKAG2, NCOR1, PPARA, NR1H3, PLIN5, RGN, APOA5, PDK4, ACACB, MLYCD, ETFBKMT, LONP2, AVPR1A, PIBF1",True
C5_all,GO_BP,GOBP_RESPONSE_TO_NUTRIENT,Response to nutrient,21,146,998,0.021,0.0099,2.132,0.0007897619797811455,0.02179857522453901,"SLC34A1, ABCA1, GCLC, LIPG, AGL, POSTN, EGFR, KYNU, ALDH1A2, CBS, ACACB, ALAD, BCKDHB, PPARA, CAT, RPS6KB1, HMGCS2, TRIM24, MLYCD, BCHE, ACSL1",True
C5_all,GO_BP,GOBP_CARBOHYDRATE_CATABOLIC_PROCESS,Carbohydrate catabolic process,21,146,998,0.021,0.0099,2.132,0.0007897619797811455,0.02179857522453901,"DHTKD1, AGL, IDNK, ADCY10, ALDOB, ZBTB20, DERA, NEU3, HTR2A, NEU4, PFKFB1, PRKAG2, NCOR1, PPARA, XYLB, GLYCTK, NUPR1, ATG2B, PGM1, SORD, GPD1",True
C5_all,GO_BP,GOBP_POSITIVE_REGULATION_OF_LIPID_LOCALIZATION,Positive regulation of lipid localization,15,89,998,0.015,0.006,2.498,0.0008411245958946255,0.02304923442994697,"ABCA13, ABCA1, SCP2, NR1H3, PLIN5, LIPG, ABCA8, ACACB, ACSL5, ABCA5, LPCAT3, FITM1, DENND5B, DBI, ACSL1",True
C5_all,GO_BP,GOBP_REGULATION_OF_FATTY_ACID_BETA_OXIDATION,Regulation of fatty acid beta oxidation,6,18,998,0.006,0.0012,4.941,0.0008519885982128519,0.02318017550423395,"PPARA, PLIN5, ACACB, ETFBKMT, MLYCD, LONP2",True
C5_all,GO_BP,GOBP_RESPONSE_TO_PURINE_CONTAINING_COMPOUND,Response to purine containing compound,19,128,998,0.019,0.0087,2.2,0.000936717520442603,0.025304659825289892,"SRD5A1, ABCC9, TRPC3, REN, CDO1, AKAP6, GUCD1, SLC6A1, BCKDHB, PFKFB1, RAPGEF2, AQP9, P2RX3, ITPR2, ENPP1, HMGCS2, CPS1, GPD1, TMEM38B",True
C5_all,GO_BP,GOBP_REGULATION_OF_LIPID_LOCALIZATION,Regulation of lipid localization,20,138,998,0.02,0.0093,2.148,0.0009463201306870612,0.02538403787173955,"ABCA1, LIPG, CRY2, NR1H3, OSBPL6, ACACB, ACSL5, ABCA5, REN, FITM1, DBI, PPARA, PLIN5, ABCA8, LPCAT3, ABCA13, SAR1B, SCP2, DENND5B, ACSL1",True
C5_all,GO_BP,GOBP_GLYCEROLIPID_BIOSYNTHETIC_PROCESS,Glycerolipid biosynthetic process,29,232,998,0.0291,0.0157,1.853,0.0009590336197716777,0.025545168235736507,"GPAM, MOGAT2, PIK3C2G, PI4K2B, GPLD1, NR1H3, PIK3R1, HTR2A, PEMT, IMPA1, PCK2, ACP6, ETNK2, MOGAT1, PLIN5, LPCAT3, DGAT2, LCAT, PITPNM3, MTMR4, HYCC2, AGMO, RGN, SMG1, THRSP, PNPLA3, MTM1, PIK3R4, ACSL1",True
C5_all,GO_BP,GOBP_ALCOHOL_CATABOLIC_PROCESS,Alcohol catabolic process,8,32,998,0.008,0.0022,3.706,0.00102180742214101,0.026841823937483498,"SULT1E1, AKR1D1, ALDH2, HAO1, SULT1B1, SORD, CYP27A1, ADH4",True
C5_all,GO_BP,GOBP_REGULATION_OF_FATTY_ACID_OXIDATION,Regulation of fatty acid oxidation,8,32,998,0.008,0.0022,3.706,0.00102180742214101,0.026841823937483498,"PRKAG2, PPARA, PLIN5, ACACB, ETFBKMT, MLYCD, LONP2, PDK4",True
C5_all,GO_BP,GOBP_RESPONSE_TO_CAMP,Response to camp,13,73,998,0.013,0.0049,2.64,0.001081836937840588,0.02822408833037534,"GUCD1, BCKDHB, PFKFB1, RAPGEF2, HMGCS2, CPS1, SRD5A1, AQP9, GPD1, ITPR2, REN, CDO1, AKAP6",True
C5_all,GO_BP,GOBP_REGULATION_OF_LIPID_CATABOLIC_PROCESS,Regulation of lipid catabolic process,11,56,998,0.011,0.0038,2.912,0.0011183184023519535,0.028977379554820343,"GPLD1, PPARA, SORL1, PDE3B, PLIN5, ACACB, ETFBKMT, MLYCD, LONP2, IDH1, APOA5",True
C5_all,GO_BP,GOBP_FRUCTOSE_METABOLIC_PROCESS,Fructose metabolic process,5,13,998,0.005,0.0009,5.701,0.001126920389172671,0.029002971367288542,"ALDOB, PFKFB1, KHK, SORD, GLYCTK",True
C5_all,GO_BP,GOBP_PYRIMIDINE_NUCLEOBASE_METABOLIC_PROCESS,Pyrimidine nucleobase metabolic process,6,19,998,0.006,0.0013,4.681,0.001174729330293589,0.030030496772404564,"ALDH6A1, DPYS, CTPS1, CPS1, DPYD, DHODH",True
C5_all,GO_BP,GOBP_FATTY_ACID_DERIVATIVE_METABOLIC_PROCESS,Fatty acid derivative metabolic process,12,65,998,0.012,0.0044,2.737,0.0012003782826037035,0.03048160585625004,"HMGCS2, CYP4F3, SLC27A5, ALDH3A2, HMGCL, HSD17B4, ACSL5, SLC27A2, DGAT2, GCDH, ACAT1, ACSL1",True
C5_all,GO_BP,GOBP_RESPONSE_TO_INSULIN,Response to insulin,29,237,998,0.0291,0.016,1.814,0.0013411412680111546,0.03383051052883767,"SRD5A1, GCLC, SORL1, CRY2, HADH, EIF4EBP2, GPLD1, USO1, NUCKS1, ERRFI1, PIK3R1, KLF15, CPEB2, PCK2, TNFSF10, PFKFB1, PPARA, PDE3B, CAT, ACVR1C, CUL3, ENPP1, PDK4, KHK, RPS6KB1, HMGCS2, PNPLA3, GHR, SNX5",True
C5_all,GO_BP,GOBP_ARACHIDONIC_ACID_METABOLIC_PROCESS,Arachidonic acid metabolic process,10,49,998,0.01,0.0033,3.025,0.0013697047040352173,0.03432371853730357,"CYP4F3, FAAH2, ABHD6, CYP2C8, CYP1A2, CYP2C19, CYP2A6, CYP4F11, CYP2E1, CYP2J2",True
C5_all,GO_BP,GOBP_GLUTAMINE_FAMILY_AMINO_ACID_METABOLIC_PROCESS,Glutamine family amino acid metabolic process,12,66,998,0.012,0.0045,2.695,0.0013788497629211843,0.034327050633769875,"PRODH2, GLS2, CTPS1, CPS1, GCLC, AADAT, ARG1, GLYATL1, MTHFS, NAGS, PHGDH, GLUD1",True
C5_all,GO_BP,GOBP_PTERIDINE_CONTAINING_COMPOUND_METABOLIC_PROCESS,Pteridine containing compound metabolic process,8,34,998,0.008,0.0023,3.488,0.0015641383984164104,0.03868703350368901,"FOLH1, ALDH1L1, SLC46A1, MTHFD1, QDPR, MTHFS, DHFR2, SHMT1",True
C5_all,GO_BP,GOBP_REGULATION_OF_LIPID_TRANSPORT,Regulation of lipid transport,17,114,998,0.017,0.0077,2.211,0.0016158852313715012,0.039709076427703535,"ABCA13, SAR1B, ABCA1, PPARA, SCP2, NR1H3, LIPG, ABCA8, OSBPL6, CRY2, ACSL5, ABCA5, REN, LPCAT3, DENND5B, DBI, ACSL1",True
C5_all,GO_BP,GOBP_ICOSANOID_METABOLIC_PROCESS,Icosanoid metabolic process,15,95,998,0.015,0.0064,2.341,0.0016677527900638418,0.04072096395739214,"GSTA1, AKR1C4, CYP4F3, FAAH2, ABHD6, ACOX1, CYP2C8, CYP1A2, CYP4F11, CYP2A6, CYP2C19, AVPR1A, PIBF1, CYP2E1, CYP2J2",True
C5_all,GO_BP,GOBP_GLAND_DEVELOPMENT,Gland development,40,367,998,0.0401,0.0248,1.616,0.001817557478851898,0.044096028260808155,"SOD1, ACADM, CPB2, SRD5A1, TBX3, AR, EGFR, SRP54, BAAT, PROX1, UPB1, ERRFI1, XDH, EDA, RTN4, PRLR, ATF2, HIPK2, PCK2, CDO1, ACAT1, TUBB1, GUCD1, NTN4, RXFP1, ESR1, CUL3, RAG1, ATP7B, HMGCS2, ARHGAP35, CPS1, SERPINA10, MAN2A1, RGN, PLAG1, COBL, SERPINF1, CITED2, ALDH1A2",True
C5_all,GO_BP,GOBP_THIOESTER_BIOSYNTHETIC_PROCESS,Thioester biosynthetic process,9,43,998,0.009,0.0029,3.103,0.001956210229590785,0.04715952382602089,"ACACB, ACSL5, MLYCD, SLC27A2, MMUT, PDK4, GCDH, ACAT1, ACSL1",True
C5_all,GO_BP,GOBP_PROTEIN_TRANSMEMBRANE_TRANSPORT,Protein transmembrane transport,12,69,998,0.012,0.0047,2.578,0.002050054374474591,0.04911105102121835,"AZGP1, ABCA1, TOMM70, SEC61A2, PEX1, PEX5, SEC62, SRP54, LONP2, PEX5L, DNAJC19, PEX14",True
C5_all,GO_BP,GOBP_PYRIMIDINE_NUCLEOSIDE_MONOPHOSPHATE_METABOLIC_PROCESS,Pyrimidine nucleoside monophosphate metabolic process,6,21,998,0.006,0.0014,4.235,0.0020915429360517553,0.049428729128055425,"DPYS, UPB1, DPYD, UCK1, DHODH, SHMT1",True
C5_all,GO_BP,GOBP_FOLIC_ACID_CONTAINING_COMPOUND_METABOLIC_PROCESS,Folic acid containing compound metabolic process,7,28,998,0.007,0.0019,3.706,0.0021022457649632394,0.049428729128055425,"FOLH1, ALDH1L1, SLC46A1, MTHFD1, MTHFS, DHFR2, SHMT1",True
C5_all,GO_BP,GOBP_PRESYNAPTIC_MODULATION_OF_CHEMICAL_SYNAPTIC_TRANSMISSION,Presynaptic modulation of chemical synaptic transmission,7,28,998,0.007,0.0019,3.706,0.0021022457649632394,0.049428729128055425,"FXR1, DRD1, FMR1, GRIN3A, HTR2A, ADCY1, PFN2",True
C5_all,GO_BP,GOBP_MONOSACCHARIDE_METABOLIC_PROCESS,Monosaccharide metabolic process,27,223,998,0.0271,0.0151,1.795,0.002249263109335906,0.05256100112552432,"ACADM, GCLC, ADCY10, GPLD1, ALDOB, DCXR, ERRFI1, POFUT1, ACACB, FGGY, PCK2, PFKFB1, XYLB, PPARA, SLC25A13, SLC37A4, GNMT, GLYCTK, PDK4, PGM1, KHK, SORD, MAN2A1, RGN, GPD1, MLYCD, RORA",False
C5_all,GO_BP,GOBP_PEROXISOME_ORGANIZATION,Peroxisome organization,8,36,998,0.008,0.0024,3.294,0.0023123647203374354,0.05322405670953522,"ABCD3, PEX11A, PEX1, PEX5, LONP2, PEX5L, TMEM135, PEX14",False
C5_all,GO_BP,GOBP_KETONE_CATABOLIC_PROCESS,Ketone catabolic process,5,15,998,0.005,0.001,4.941,0.0023475036826468673,0.05322405670953522,"ALDH8A1, HAGH, KYNU, CYP4F11, HSD17B6",False
C5_all,GO_BP,GOBP_SULFUR_AMINO_ACID_BIOSYNTHETIC_PROCESS,Sulfur amino acid biosynthetic process,5,15,998,0.005,0.001,4.941,0.0023475036826468673,0.05322405670953522,"MTHFD1, CBS, ADI1, CDO1, BHMT",False
C5_all,GO_BP,GOBP_PROTEIN_IMPORT_INTO_PEROXISOME_MATRIX,Protein import into peroxisome matrix,5,15,998,0.005,0.001,4.941,0.0023475036826468673,0.05322405670953522,"PEX1, PEX5, LONP2, PEX5L, PEX14",False
C5_all,GO_BP,GOBP_METHIONINE_METABOLIC_PROCESS,Methionine metabolic process,5,15,998,0.005,0.001,4.941,0.0023475036826468673,0.05322405670953522,"MTHFD1, GNMT, MAT1A, ADI1, BHMT",False
C5_all,GO_BP,GOBP_NUCLEOSIDE_BISPHOSPHATE_BIOSYNTHETIC_PROCESS,Nucleoside bisphosphate biosynthetic process,10,53,998,0.01,0.0036,2.797,0.0025450079418467973,0.0573605636123932,"ACACB, ACSL5, MLYCD, SLC27A2, PANK1, MMUT, PDK4, GCDH, ACAT1, ACSL1",False
C5_all,GO_BP,GOBP_PEROXISOMAL_TRANSPORT,Peroxisomal transport,6,22,998,0.006,0.0015,4.043,0.002713785687429933,0.060804762843650675,"ABCD3, PEX1, PEX5, LONP2, PEX5L, PEX14",False
C5_all,GO_BP,GOBP_REGULATION_OF_CARBOHYDRATE_CATABOLIC_PROCESS,Regulation of carbohydrate catabolic process,10,54,998,0.01,0.0037,2.745,0.0029385467820220957,0.06545569995743955,"ALDOB, PFKFB1, PRKAG2, NCOR1, ZBTB20, PPARA, GPD1, HTR2A, NUPR1, ADCY10",False
C5_all,GO_BP,GOBP_POSITIVE_REGULATION_OF_LIPID_TRANSPORT,Positive regulation of lipid transport,12,72,998,0.012,0.0049,2.471,0.002967634696668788,0.06571930557913612,"ABCA13, ABCA1, SCP2, NR1H3, LIPG, ABCA8, ACSL5, ABCA5, LPCAT3, DENND5B, DBI, ACSL1",False
C5_all,GO_BP,GOBP_ADENYLATE_CYCLASE_ACTIVATING_G_PROTEIN_COUPLED_RECEPTOR_SIGNALING_PATHWAY,Adenylate cyclase activating g protein coupled receptor signaling pathway,17,121,998,0.017,0.0082,2.083,0.0030862546875480208,0.06618812815654215,"ARRDC3, ADRA1A, ABCA1, RAPGEF2, DRD1, LGR4, PDE3B, RAPGEF4, ADGRE1, ADGRG6, ADCY1, ADGRG7, TSHR, GPHA2, ADCY10, RXFP1, AKAP6",False
C5_all,GO_BP,GOBP_NITROGEN_CYCLE_METABOLIC_PROCESS,Nitrogen cycle metabolic process,4,10,998,0.004,0.0007,5.929,0.0031104423575796913,0.06618812815654215,"ARG1, AGMAT, NAGS, CPS1",False
C5_all,GO_BP,GOBP_HORMONE_CATABOLIC_PROCESS,Hormone catabolic process,4,10,998,0.004,0.0007,5.929,0.0031104423575796913,0.06618812815654215,"HSD17B6, SULT1E1, MME, SRD5A1",False
C5_all,GO_BP,GOBP_OMEGA_HYDROXYLASE_P450_PATHWAY,Omega hydroxylase p450 pathway,4,10,998,0.004,0.0007,5.929,0.0031104423575796913,0.06618812815654215,"CYP4F11, CYP2C8, CYP1A2, CYP2C19",False
C5_all,GO_BP,GOBP_ALDITOL_PHOSPHATE_METABOLIC_PROCESS,Alditol phosphate metabolic process,4,10,998,0.004,0.0007,5.929,0.0031104423575796913,0.06618812815654215,"ABHD6, GPD1, GPAM, ACP6",False
C5_all,GO_BP,GOBP_PROSTATE_GLAND_GROWTH,Prostate gland growth,4,10,998,0.004,0.0007,5.929,0.0031104423575796913,0.06618812815654215,"ESR1, PRLR, PLAG1, AR",False
C5_all,GO_BP,GOBP_ETHANOL_METABOLIC_PROCESS,Ethanol metabolic process,4,10,998,0.004,0.0007,5.929,0.0031104423575796913,0.06618812815654215,"ADH4, ALDH2, SULT1E1, SULT1B1",False
C5_all,GO_BP,GOBP_PYRIMIDINE_RIBONUCLEOTIDE_METABOLIC_PROCESS,Pyrimidine ribonucleotide metabolic process,7,30,998,0.007,0.002,3.459,0.0032120396250726476,0.06643716456458965,"DPYS, CTPS1, UPB1, ENTPD5, DPYD, UCK1, DHODH",False
C5_all,GO_BP,GOBP_GLUTAMATE_METABOLIC_PROCESS,Glutamate metabolic process,7,30,998,0.007,0.002,3.459,0.0032120396250726476,0.06643716456458965,"PRODH2, GLS2, GCLC, AADAT, MTHFS, NAGS, GLUD1",False
C5_all,GO_BP,GOBP_REVERSE_CHOLESTEROL_TRANSPORT,Reverse cholesterol transport,5,16,998,0.005,0.0011,4.632,0.003226798488960117,0.06643716456458965,"ABCA1, LCAT, LIPG, ABCA5, LIPC",False
C5_all,GO_BP,GOBP_AMINE_CATABOLIC_PROCESS,Amine catabolic process,5,16,998,0.005,0.0011,4.632,0.003226798488960117,0.06643716456458965,"ALDH7A1, MAOA, MAOB, HNMT, DMGDH",False
C5_all,GO_BP,GOBP_PYRIMIDINE_RIBONUCLEOSIDE_MONOPHOSPHATE_METABOLIC_PROCESS,Pyrimidine ribonucleoside monophosphate metabolic process,5,16,998,0.005,0.0011,4.632,0.003226798488960117,0.06643716456458965,"DPYS, UPB1, DPYD, UCK1, DHODH",False
C5_all,GO_BP,GOBP_AUTOPHAGY_OF_PEROXISOME,Autophagy of peroxisome,5,16,998,0.005,0.0011,4.632,0.003226798488960117,0.06643716456458965,"ACBD5, USP30, PEX5, PIK3R4, ATG2B",False
C5_all,GO_BP,GOBP_PURINE_CONTAINING_COMPOUND_CATABOLIC_PROCESS,Purine containing compound catabolic process,18,132,998,0.018,0.0089,2.021,0.0032943272345425,0.06746286256114184,"ALDOB, PFKFB1, PRKAG2, NCOR1, ZBTB20, PPARA, DHTKD1, GPD1, NUDT12, XDH, DPYD, MLYCD, NUPR1, SUCLA2, HTR2A, NUDT16, ACAT1, PGM1",False
C5_all,GO_BP,GOBP_PROTEIN_HOMOTETRAMERIZATION,Protein homotetramerization,10,55,998,0.01,0.0037,2.695,0.0033791394113374903,0.06882963645874064,"SHMT1, UPB1, ACACB, GNMT, ALDH1A2, SYCP1, ACOT13, MAT1A, CBR4, HSD17B10",False
C5_all,GO_BP,GOBP_DEOXYRIBONUCLEOSIDE_MONOPHOSPHATE_METABOLIC_PROCESS,Deoxyribonucleoside monophosphate metabolic process,6,23,998,0.006,0.0016,3.867,0.003464964836009156,0.07020239925722806,"DPYS, ADK, UPB1, XDH, DPYD, SHMT1",False
C5_all,GO_BP,GOBP_NUCLEOSIDE_PHOSPHATE_BIOSYNTHETIC_PROCESS,Nucleoside phosphate biosynthetic process,29,253,998,0.0291,0.0171,1.699,0.0035720267786958563,0.07188241893459679,"CTPS1, HAAO, KYNU, ADCY10, GCDH, GUCY2C, ACACB, ACSL5, UCK1, ACAT1, PRKAG2, PPARA, SLC25A13, ADK, ACMSD, LDHC, NMRK1, PANK1, PDK4, DHODH, SHMT1, MTHFD1, NUDT12, MLYCD, SLC27A2, ADCY1, MMUT, AFMID, ACSL1",False
C5_all,GO_BP,GOBP_REGULATION_OF_LIPID_BIOSYNTHETIC_PROCESS,Regulation of lipid biosynthetic process,20,154,998,0.02,0.0104,1.925,0.0035856286683049066,0.07188241893459679,"SOD1, AVPR1A, GPLD1, ZBTB20, NR1H3, PROX1, ASXL3, HTR2A, IDH1, APOA5, PPARA, RDH10, ABHD6, PLIN5, SEC14L2, LPCAT3, PDK4, PIBF1, RGN, THRSP",False
C5_all,GO_BP,GOBP_REGULATION_OF_CARBOHYDRATE_METABOLIC_PROCESS,Regulation of carbohydrate metabolic process,20,155,998,0.02,0.0105,1.913,0.003863424504547962,0.07704598920326276,"ACADM, ADCY10, GPLD1, ALDOB, ZBTB20, ACACB, HTR2A, PFKFB1, PRKAG2, NCOR1, PPARA, GNMT, NUPR1, ENPP1, PDK4, KHK, RGN, GPD1, MLYCD, RORA",False
C5_all,GO_BP,GOBP_ACETYL_COA_METABOLIC_PROCESS,Acetyl coa metabolic process,7,31,998,0.007,0.0021,3.347,0.0039115052655977495,0.07719649511223745,"PIPOX, HMGCS2, AADAT, ACACB, MLYCD, PDK4, ACAT1",False
C5_all,GO_BP,GOBP_POSITIVE_REGULATION_OF_FATTY_ACID_METABOLIC_PROCESS,Positive regulation of fatty acid metabolic process,7,31,998,0.007,0.0021,3.347,0.0039115052655977495,0.07719649511223745,"PPARA, NR1H3, PLIN5, APOA5, RGN, MLYCD, AVPR1A",False
C5_all,GO_BP,GOBP_ORGANIC_ACID_TRANSMEMBRANE_TRANSPORT,Organic acid transmembrane transport,18,135,998,0.018,0.0091,1.976,0.004200967016755845,0.08248187302486089,"SLC6A13, SFXN1, SLC1A1, ABCD3, SLC25A13, SLC46A1, SLC27A5, SLC35D1, SLC13A2, SLC38A4, SLC13A5, ACACB, SLC47A1, ACSL5, GRM1, SFXN2, ACSL1, ARL6IP1",False
C5_all,GO_BP,GOBP_REGULATION_OF_PLASMA_LIPOPROTEIN_PARTICLE_LEVELS,Regulation of plasma lipoprotein particle levels,11,66,998,0.011,0.0045,2.471,0.00436067965048692,0.0851786091728445,"MTTP, GPLD1, ABCA1, LCAT, LIPG, CES3, ABCA5, LPCAT3, DGAT2, APOA5, LIPC",False
C5_all,GO_BP,GOBP_STEROL_TRANSPORT,Sterol transport,15,105,998,0.015,0.0071,2.118,0.00449280155086281,0.08685268032107225,"MTTP, ABCA13, GRAMD1C, ABCA1, SLC22A24, SCP2, NR1H3, LIPG, ABCA8, OSBPL6, LIPC, ABCA5, APOA5, TSKU, LCAT",False
C5_all,GO_BP,GOBP_DEOXYRIBONUCLEOTIDE_METABOLIC_PROCESS,Deoxyribonucleotide metabolic process,8,40,998,0.008,0.0027,2.965,0.004627291732762401,0.08685268032107225,"DPYS, ADK, DERA, UPB1, XDH, DPYD, NUDT16, SHMT1",False
C5_all,GO_BP,GOBP_DEOXYRIBONUCLEOSIDE_METABOLIC_PROCESS,Deoxyribonucleoside metabolic process,4,11,998,0.004,0.0007,5.39,0.004628798662425221,0.08685268032107225,"DPYD, DERA, DHFR2, XDH",False
C5_all,GO_BP,GOBP_PYRIMIDINE_DEOXYRIBONUCLEOSIDE_MONOPHOSPHATE_METABOLIC_PROCESS,Pyrimidine deoxyribonucleoside monophosphate metabolic process,4,11,998,0.004,0.0007,5.39,0.004628798662425221,0.08685268032107225,"DPYD, UPB1, DPYS, SHMT1",False
C5_all,GO_BP,GOBP_MIDGUT_DEVELOPMENT,Midgut development,4,11,998,0.004,0.0007,5.39,0.004628798662425221,0.08685268032107225,"EGFR, HMGCS2, ALDH1A2, CPS1",False
C5_all,GO_BP,GOBP_KYNURENINE_METABOLIC_PROCESS,Kynurenine metabolic process,4,11,998,0.004,0.0007,5.39,0.004628798662425221,0.08685268032107225,"AADAT, KYNU, ALDH8A1, AFMID",False
C5_all,GO_BP,GOBP_HYDROGEN_PEROXIDE_BIOSYNTHETIC_PROCESS,Hydrogen peroxide biosynthetic process,4,11,998,0.004,0.0007,5.39,0.004628798662425221,0.08685268032107225,"SOD1, MAOB, ACOX1, CYP1A2",False
C5_all,GO_BP,GOBP_CYSTEINE_METABOLIC_PROCESS,Cysteine metabolic process,4,11,998,0.004,0.0007,5.39,0.004628798662425221,0.08685268032107225,"MTHFD1, CDO1, CBS, GCLC",False
C5_all,GO_BP,GOBP_COMPLEMENT_ACTIVATION_CLASSICAL_PATHWAY,Complement activation classical pathway,7,32,998,0.007,0.0022,3.243,0.004720620661765639,0.08814139265032019,"C5, C1S, C6, MASP2, C8A, C4BPB, C8B",False
C5_all,GO_BP,GOBP_PORPHYRIN_CONTAINING_COMPOUND_METABOLIC_PROCESS,Porphyrin containing compound metabolic process,9,49,998,0.009,0.0033,2.723,0.004959554587444856,0.09215094352964613,"SLC46A1, CPOX, SLCO2B1, SLCO1B3, CYP1A2, SUCLA2, TMEM14A, SLCO1B1, ALAD",False
C5_all,GO_BP,GOBP_INORGANIC_ION_HOMEOSTASIS,Inorganic ion homeostasis,44,437,998,0.0441,0.0295,1.493,0.004991322670624038,0.09229100996314059,"SLC34A1, SOD1, TMTC4, DIAPH1, MT1G, KCNMA1, FRRS1, MT1H, SLC1A1, SLC46A1, SLC30A1, CUTC, HTR2A, TRPC3, MT1A, SLC39A8, MT1E, SLC31A1, AKAP6, HJV, BNIP3, ITPR2, ABCC6, ENPP3, ENPP1, MICU1, ATP7B, TFR2, MT1F, MT2A, DRD1, CDH23, SLC30A10, RGN, TRIM24, SLC24A2, GRM1, SYPL2, MT1M, RMDN3, NDFIP1, HAP1, TRPC5, TMEM38B",False
C5_all,GO_BP,GOBP_TETRAPYRROLE_METABOLIC_PROCESS,Tetrapyrrole metabolic process,10,58,998,0.01,0.0039,2.556,0.005022244586841384,0.0924141528081103,"SLC46A1, CPOX, SLCO2B1, SLCO1B3, MMACHC, CYP1A2, SUCLA2, TMEM14A, SLCO1B1, ALAD",False
C5_all,GO_BP,GOBP_VITAMIN_METABOLIC_PROCESS,Vitamin metabolic process,15,107,998,0.015,0.0072,2.078,0.0053712230779309434,0.09731720269081845,"SLC46A1, RDH10, GCLC, MMACHC, RGN, CYP27A1, GC, CYP4F11, BTD, TTPA, MTHFS, DHFR2, ALDH1A2, SHMT1, GGCX",False
C5_all,GO_BP,GOBP_NEGATIVE_REGULATION_OF_LIPID_CATABOLIC_PROCESS,Negative regulation of lipid catabolic process,6,25,998,0.006,0.0017,3.558,0.0054153858952183205,0.09731720269081845,"GPLD1, SORL1, PDE3B, PLIN5, ACACB, ETFBKMT",False
C5_all,GO_BP,GOBP_PYRIDINE_NUCLEOTIDE_BIOSYNTHETIC_PROCESS,Pyridine nucleotide biosynthetic process,6,25,998,0.006,0.0017,3.558,0.0054153858952183205,0.09731720269081845,"ACMSD, NUDT12, NMRK1, HAAO, KYNU, AFMID",False
C5_all,GO_BP,GOBP_REGULATION_OF_AMINE_METABOLIC_PROCESS,Regulation of amine metabolic process,6,25,998,0.006,0.0017,3.558,0.0054153858952183205,0.09731720269081845,"ALDH2, ACMSD, DRD1, MAOB, BHMT, ABAT",False
C5_all,GO_BP,GOBP_NADP_METABOLIC_PROCESS,Nadp metabolic process,8,41,998,0.008,0.0028,2.892,0.005416447091219089,0.09731720269081845,"ALDOB, FMO5, ALDH1L1, DCXR, DERA, NUDT12, ACACB, IDH1",False
C5_all,GO_BP,GOBP_CARBOHYDRATE_DERIVATIVE_CATABOLIC_PROCESS,Carbohydrate derivative catabolic process,27,238,998,0.0271,0.0161,1.682,0.005537295512848434,0.0990214019175572,"EDEM1, DHTKD1, LYVE1, NUDT16, ALDOB, STAB2, DPYS, ZBTB20, DERA, NEU3, UPB1, OVGP1, XDH, HTR2A, ACAT1, NEU4, PFKFB1, PRKAG2, NCOR1, PPARA, DPYD, NUPR1, SUCLA2, PGM1, GPD1, ENTPD5, MLYCD",False
C5_all,GO_BP,GOBP_C21_STEROID_HORMONE_METABOLIC_PROCESS,C21 steroid hormone metabolic process,7,33,998,0.007,0.0022,3.144,0.005649602819332614,0.09925205549244946,"AKR1C4, AKR1D1, SRD5A1, DHRS2, CACNA1H, CYP17A1, HSD17B10",False
C5_all,GO_BP,GOBP_POSITIVE_REGULATION_OF_STEROL_TRANSPORT,Positive regulation of sterol transport,7,33,998,0.007,0.0022,3.144,0.005649602819332614,0.09925205549244946,"ABCA13, ABCA1, SCP2, NR1H3, LIPG, ABCA8, ABCA5",False
C5_all,GO_BP,GOBP_MALE_GENITALIA_DEVELOPMENT,Male genitalia development,5,18,998,0.005,0.0012,4.118,0.005654422694109092,0.09925205549244946,"SRD5A1, LGR4, TBX3, AR, GREB1L",False
C5_all,GO_BP,GOBP_TETRAHYDROFOLATE_METABOLIC_PROCESS,Tetrahydrofolate metabolic process,5,18,998,0.005,0.0012,4.118,0.005654422694109092,0.09925205549244946,"ALDH1L1, MTHFD1, MTHFS, DHFR2, SHMT1",False
C5_all,GO_BP,GOBP_GLYCEROLIPID_CATABOLIC_PROCESS,Glycerolipid catabolic process,10,59,998,0.01,0.004,2.512,0.005690665661816649,0.09943002525623679,"PRDX6, GPLD1, CPS1, SORL1, ABHD6, LIPG, PLIN5, PNPLA3, APOA5, LIPC",False
C5_all,GO_BP,GOBP_REGULATION_OF_NUCLEOTIDE_METABOLIC_PROCESS,Regulation of nucleotide metabolic process,12,78,998,0.012,0.0053,2.281,0.005793714626632713,0.10076830599472149,"ALDOB, PFKFB1, PRKAG2, NCOR1, ZBTB20, PPARA, ACMSD, GPD1, PDK4, NUPR1, HTR2A, ADCY10",False
C5_all,GO_BP,GOBP_FATTY_ACID_DERIVATIVE_BIOSYNTHETIC_PROCESS,Fatty acid derivative biosynthetic process,8,42,998,0.008,0.0028,2.824,0.006304216584036128,0.10914891349360732,"HMGCS2, SLC27A5, HMGCL, ACSL5, SLC27A2, GCDH, ACAT1, ACSL1",False
C5_all,GO_BP,GOBP_RESPONSE_TO_ETHANOL,Response to ethanol,14,99,998,0.014,0.0067,2.096,0.006498428778963337,0.10986225542402758,"SOD1, SETD7, RPS6KB1, HMGCS2, KCNC2, PPARA, GRIN3A, ADH7, ITPR2, CAT, MAOB, CDO1, ALAD, ABAT",False
C5_all,GO_BP,GOBP_PYRIMIDINE_NUCLEOTIDE_METABOLIC_PROCESS,Pyrimidine nucleotide metabolic process,9,51,998,0.009,0.0034,2.616,0.006511200570600565,0.10986225542402758,"DPYS, CTPS1, UPB1, ENTPD5, DPYD, ENPP3, UCK1, DHODH, SHMT1",False
C5_all,GO_BP,GOBP_PRIMARY_ALCOHOL_CATABOLIC_PROCESS,Primary alcohol catabolic process,4,12,998,0.004,0.0008,4.941,0.00657616020915681,0.10986225542402758,"SULT1B1, SULT1E1, ALDH2, HAO1",False
C5_all,GO_BP,GOBP_NEGATIVE_REGULATION_OF_MACROPHAGE_DERIVED_FOAM_CELL_DIFFERENTIATION,Negative regulation of macrophage derived foam cell differentiation,4,12,998,0.004,0.0008,4.941,0.00657616020915681,0.10986225542402758,"NR1H3, ABCA5, ABCA1, PPARA",False
C5_all,GO_BP,GOBP_THYROID_HORMONE_TRANSPORT,Thyroid hormone transport,4,12,998,0.004,0.0008,4.941,0.00657616020915681,0.10986225542402758,"SLC16A10, TUBB1, SLC16A2, SLCO1B1",False
C5_all,GO_BP,GOBP_FATTY_ACID_BETA_OXIDATION_USING_ACYL_COA_DEHYDROGENASE,Fatty acid beta oxidation using acyl coa dehydrogenase,4,12,998,0.004,0.0008,4.941,0.00657616020915681,0.10986225542402758,"GCDH, ACADM, ETFDH, ETFBKMT",False
C5_all,GO_BP,GOBP_REGULATION_OF_TRIGLYCERIDE_CATABOLIC_PROCESS,Regulation of triglyceride catabolic process,4,12,998,0.004,0.0008,4.941,0.00657616020915681,0.10986225542402758,"GPLD1, SORL1, PLIN5, APOA5",False
C5_all,GO_BP,GOBP_CELLULAR_GLUCURONIDATION,Cellular glucuronidation,4,12,998,0.004,0.0008,4.941,0.00657616020915681,0.10986225542402758,"UGT2B10, UGT2A1, UGT2B7, UGT2B28",False
C5_all,GO_BP,GOBP_GLUTAMINE_METABOLIC_PROCESS,Glutamine metabolic process,6,26,998,0.006,0.0018,3.421,0.006645608106655412,0.11005704903587159,"GLS2, CTPS1, CPS1, GLYATL1, PHGDH, GLUD1",False
C5_all,GO_BP,GOBP_DEOXYRIBONUCLEOTIDE_CATABOLIC_PROCESS,Deoxyribonucleotide catabolic process,6,26,998,0.006,0.0018,3.421,0.006645608106655412,0.11005704903587159,"DPYS, DERA, UPB1, XDH, DPYD, NUDT16",False
C5_all,GO_BP,GOBP_PYRIMIDINE_CONTAINING_COMPOUND_METABOLIC_PROCESS,Pyrimidine containing compound metabolic process,12,80,998,0.012,0.0054,2.224,0.007106259440646289,0.1171763732009598,"ALDH6A1, DPYS, CTPS1, CPS1, UPB1, ENTPD5, DPYD, ENPP3, UCK1, DHFR2, DHODH, SHMT1",False
C5_all,GO_BP,GOBP_COPPER_ION_HOMEOSTASIS,Copper ion homeostasis,5,19,998,0.005,0.0013,3.901,0.007254313181186062,0.1180840978937509,"MT2A, SLC30A10, CUTC, SLC31A1, ATP7B",False
C5_all,GO_BP,GOBP_PURINE_NUCLEOBASE_METABOLIC_PROCESS,Purine nucleobase metabolic process,5,19,998,0.005,0.0013,3.901,0.007254313181186062,0.1180840978937509,"ADK, XDH, DPYD, TTR, SHMT1",False
C5_all,GO_BP,GOBP_RESPONSE_TO_GLUCAGON,Response to glucagon,5,19,998,0.005,0.0013,3.901,0.007254313181186062,0.1180840978937509,"PFKFB1, RPS6KB1, HMGCS2, CPS1, CDO1",False
C5_all,GO_BP,GOBP_ORGAN_GROWTH,Organ growth,18,143,998,0.018,0.0097,1.866,0.007661272517482547,0.12417781710251498,"SOD1, ADRA1A, PPARA, TOMM70, PROX1, PLAG1, AR, STK3, ACACB, ESR1, PRLR, ATF2, MAEL, ACVR2B, TSKU, CITED2, TMEM38B, AKAP6",False
C5_all,GO_BP,GOBP_HORMONE_MEDIATED_SIGNALING_PATHWAY,Hormone mediated signaling pathway,19,154,998,0.019,0.0104,1.829,0.007739797251142778,0.12491901580340188,"NEDD4, AR, SKP2, CRY2, NR3C2, THRB, NR1H3, ERRFI1, PRLR, REN, TSHR, NR5A2, STRN3, NCOR1, PPARA, ESR1, GHR, RXFP1, ACSL1",False
C5_all,GO_BP,GOBP_RESPONSE_TO_PEPTIDE_HORMONE,Response to peptide hormone,37,363,998,0.0371,0.0245,1.511,0.00786929291574798,0.1264731507007766,"SLC34A1, GCLC, SRD5A1, SORL1, CRY2, HADH, EIF4EBP2, GPLD1, USO1, NUCKS1, PIK3R1, ERRFI1, KLF15, CPEB2, TSHR, PCK2, CDO1, TNFSF10, PFKFB1, PPARA, PDE3B, CAT, CUL3, ACVR1C, ENPP1, PDK4, LRP6, RPS6KB1, KHK, HMGCS2, CPS1, GNAI1, SLC30A10, TRIM24, PNPLA3, GHR, SNX5",False
C5_all,GO_BP,GOBP_CATECHOL_CONTAINING_COMPOUND_METABOLIC_PROCESS,Catechol containing compound metabolic process,8,44,998,0.008,0.003,2.695,0.008405451912288595,0.13340152639128025,"PAH, SLC1A1, ALDH2, DRD1, RTL4, MAOA, MAOB, ABAT",False
C5_all,GO_BP,GOBP_REGULATION_OF_NUCLEOTIDE_CATABOLIC_PROCESS,Regulation of nucleotide catabolic process,8,44,998,0.008,0.003,2.695,0.008405451912288595,0.13340152639128025,"PRKAG2, PFKFB1, NCOR1, ZBTB20, PPARA, GPD1, HTR2A, NUPR1",False
C5_all,GO_BP,GOBP_POSITIVE_REGULATION_OF_LIPASE_ACTIVITY,Positive regulation of lipase activity,8,44,998,0.008,0.003,2.695,0.008405451912288595,0.13340152639128025,"ADRA1A, NR1H3, PLIN5, APOA5, EGFR, HTR2A, ESR1, AVPR1A",False
C5_all,GO_BP,GOBP_LIPID_STORAGE,Lipid storage,12,82,998,0.012,0.0055,2.169,0.008642030839782395,0.13658711812751512,"ABCA1, PPARA, NRIP1, ENPP1, NR1H3, PLIN5, ACACB, CRY2, ACVR1C, FITM1, ZFYVE1, DGAT2",False
C5_all,GO_BP,GOBP_RESPONSE_TO_CALCIUM_ION,Response to calcium ion,15,113,998,0.015,0.0076,1.968,0.00886633653831672,0.13932338122284696,"MTTP, GPLD1, SLC6A1, NEDD4, SLC25A13, KCNMA1, CPNE8, SYT1, EGFR, TRPC3, ADCY1, ADGRV1, CPNE3, CPNE6, KCNH1",False
C5_all,GO_BP,GOBP_ASPARTATE_FAMILY_AMINO_ACID_CATABOLIC_PROCESS,Aspartate family amino acid catabolic process,4,13,998,0.004,0.0009,4.561,0.00899804457359421,0.13932338122284696,"AADAT, RIDA, PIPOX, MAT1A",False
C5_all,GO_BP,GOBP_DEOXYRIBONUCLEOSIDE_MONOPHOSPHATE_CATABOLIC_PROCESS,Deoxyribonucleoside monophosphate catabolic process,4,13,998,0.004,0.0009,4.561,0.00899804457359421,0.13932338122284696,"DPYD, UPB1, DPYS, XDH",False
C5_all,GO_BP,GOBP_POSITIVE_REGULATION_OF_TRIGLYCERIDE_BIOSYNTHETIC_PROCESS,Positive regulation of triglyceride biosynthetic process,4,13,998,0.004,0.0009,4.561,0.00899804457359421,0.13932338122284696,"NR1H3, GPLD1, PLIN5, RGN",False
C5_all,GO_BP,GOBP_ENDOPLASMIC_RETICULUM_MEMBRANE_ORGANIZATION,Endoplasmic reticulum membrane organization,4,13,998,0.004,0.0009,4.561,0.00899804457359421,0.13932338122284696,"LPCAT3, ARL6IP1, ATL2, RTN4",False
C5_all,GO_BP,GOBP_ESTABLISHMENT_OF_PROTEIN_LOCALIZATION_TO_PEROXISOME,Establishment of protein localization to peroxisome,5,20,998,0.005,0.0014,3.706,0.009144641994113304,0.1393277654223103,"PEX1, PEX5, LONP2, PEX5L, PEX14",False
C5_all,GO_BP,GOBP_POSITIVE_REGULATION_OF_TRIGLYCERIDE_METABOLIC_PROCESS,Positive regulation of triglyceride metabolic process,5,20,998,0.005,0.0014,3.706,0.009144641994113304,0.1393277654223103,"GPLD1, NR1H3, PLIN5, RGN, APOA5",False
C5_all,GO_BP,GOBP_LIPID_IMPORT_INTO_CELL,Lipid import into cell,5,20,998,0.005,0.0014,3.706,0.009144641994113304,0.1393277654223103,"RPS6KB1, SLC27A5, ACSL5, SLC27A2, ACSL1",False
C5_all,GO_BP,GOBP_REGULATION_OF_TRIGLYCERIDE_BIOSYNTHETIC_PROCESS,Regulation of triglyceride biosynthetic process,5,20,998,0.005,0.0014,3.706,0.009144641994113304,0.1393277654223103,"GPLD1, NR1H3, PLIN5, RGN, THRSP",False
C5_all,GO_BP,GOBP_GENITALIA_DEVELOPMENT,Genitalia development,7,36,998,0.007,0.0024,2.882,0.009259425019621553,0.13995694404658132,"SRD5A1, LGR4, TBX3, AR, GREB1L, ESR1, DNAJC19",False
C5_all,GO_BP,GOBP_DOPAMINE_TRANSPORT,Dopamine transport,7,36,998,0.007,0.0024,2.882,0.009259425019621553,0.13995694404658132,"SLC22A1, DRD1, SYT1, SLC22A3, HTR2A, CHRNA4, ABAT",False
C5_all,GO_BP,GOBP_RESPONSE_TO_STEROID_HORMONE,Response to steroid hormone,30,283,998,0.0301,0.0191,1.571,0.00932522481191026,0.14039439252397698,"TFPI, NEDD4, SRD5A1, AGL, AR, SKP2, EGFR, CRY2, AVPR1A, NR3C2, NR1H3, ERRFI1, IDH1, PCK2, CDO1, STRN3, ALAD, BCKDHB, PFKFB1, NCOR1, PPARA, ESR1, MAOB, RPS6KB1, HMGCS2, CPS1, DSG1, GHR, SERPINF1, BCHE",False
C5_all,GO_BP,GOBP_GLYCOSYL_COMPOUND_METABOLIC_PROCESS,Glycosyl compound metabolic process,11,73,998,0.011,0.0049,2.234,0.009417010350442694,0.14121808041274103,"SLC34A1, AKR1C4, ADK, DERA, UPB1, MACROD2, XDH, DPYD, GNMT, DHFR2, CBR4",False
C5_all,GO_BP,GOBP_PYRIDINE_CONTAINING_COMPOUND_BIOSYNTHETIC_PROCESS,Pyridine containing compound biosynthetic process,6,28,998,0.006,0.0019,3.176,0.009693023314735072,0.1447871600228466,"ACMSD, NUDT12, NMRK1, HAAO, KYNU, AFMID",False
C5_all,GO_BP,GOBP_REGULATION_OF_MEMBRANE_POTENTIAL,Regulation of membrane potential,37,369,998,0.0371,0.0249,1.486,0.010108006073609802,0.15039607474367084,"SLC34A1, SOD1, NEDD4, GCLC, SCN8A, CHRNA2, KCNMA1, ADCY10, TRPC5, RELN, KCNC2, ABCC9, SLC26A5, CTNNA3, SLC39A8, AKAP6, ABAT, ADRA1A, KCNN2, KCNH1, ALB, FMR1, GRIN3A, P2RX3, SLMAP, BNIP3, CUX2, NOS1AP, KCNK3, DRD1, EHD3, GRM1, PKP2, CACNA1H, CHRNA4, KCNJ3, KCNH7",False
C5_all,GO_BP,GOBP_REPRODUCTIVE_SYSTEM_DEVELOPMENT,Reproductive system development,26,238,998,0.0261,0.0161,1.619,0.010287142032500786,0.15246585214706418,"ARID4A, SOD1, SRD5A1, TBX3, AR, RHOBTB3, NRIP1, AMHR2, ERRFI1, PRLR, IDH1, REN, GFRA1, TNFSF10, DMRTA1, RDH10, LGR4, NUPR1, ESR1, SCAPER, PLAG1, HSD17B4, GREB1L, SERPINF1, DNAJC19, CITED2",False
C5_all,GO_BP,GOBP_MONOSACCHARIDE_BIOSYNTHETIC_PROCESS,Monosaccharide biosynthetic process,12,84,998,0.012,0.0057,2.118,0.01042507544720204,0.1539112882883433,"ALDOB, PFKFB1, ACADM, PPARA, SLC25A13, SORD, SLC37A4, RGN, GPD1, GNMT, PCK2, PGM1",False
C5_all,GO_BP,GOBP_GLUCOSE_METABOLIC_PROCESS,Glucose metabolic process,20,170,998,0.02,0.0115,1.744,0.01065818733754966,0.15674531107616468,"ACADM, ADCY10, GPLD1, ALDOB, DCXR, ERRFI1, ACACB, PCK2, PFKFB1, PPARA, SLC25A13, SLC37A4, GNMT, PDK4, PGM1, SORD, RGN, GPD1, MLYCD, RORA",False
C5_all,GO_BP,GOBP_FATTY_ACYL_COA_METABOLIC_PROCESS,Fatty acyl coa metabolic process,7,37,998,0.007,0.0025,2.804,0.010771556866713997,0.1571986977215081,"HSD17B4, ACSL5, SLC27A2, DGAT2, GCDH, ACAT1, ACSL1",False
C5_all,GO_BP,GOBP_PROTEIN_TRANSMEMBRANE_IMPORT_INTO_INTRACELLULAR_ORGANELLE,Protein transmembrane import into intracellular organelle,7,37,998,0.007,0.0025,2.804,0.010771556866713997,0.1571986977215081,"TOMM70, PEX1, PEX5, LONP2, PEX5L, DNAJC19, PEX14",False
C5_all,GO_BP,GOBP_NUCLEOSIDE_DIPHOSPHATE_METABOLIC_PROCESS,Nucleoside diphosphate metabolic process,15,116,998,0.015,0.0078,1.917,0.011187777156803889,0.16250877191025007,"ALDOB, PFKFB1, PRKAG2, NCOR1, ZBTB20, PPARA, DHTKD1, GPD1, ENTPD5, DLG2, NUPR1, HTR2A, MAGI3, DHODH, PGM1",False
C5_all,GO_BP,GOBP_IMPORT_ACROSS_PLASMA_MEMBRANE,Import across plasma membrane,20,171,998,0.02,0.0116,1.734,0.011330888377009747,0.16250877191025007,"SLC34A1, SLC47A1, SLC1A1, SLC30A1, SLC46A1, SLC27A5, ABCC9, ACSL5, SLC39A8, SLC6A1, SLC38A4, SLC16A2, SLC39A5, SLC6A13, SLC24A2, GRM1, CACNA1H, KCNJ3, ACSL1, ARL6IP1",False
C5_all,GO_BP,GOBP_NEGATIVE_REGULATION_OF_NUCLEOTIDE_METABOLIC_PROCESS,Negative regulation of nucleotide metabolic process,5,21,998,0.005,0.0014,3.529,0.011348735449757553,0.16250877191025007,"ALDOB, PFKFB1, NCOR1, PPARA, NUPR1",False
C5_all,GO_BP,GOBP_COTRANSLATIONAL_PROTEIN_TARGETING_TO_MEMBRANE,Cotranslational protein targeting to membrane,5,21,998,0.005,0.0014,3.529,0.011348735449757553,0.16250877191025007,"SRPRA, SEC61A2, SEC62, SRP54, ARL6IP1",False
C5_all,GO_BP,GOBP_CELLULAR_RESPONSE_TO_STEROL,Cellular response to sterol,5,21,998,0.005,0.0014,3.529,0.011348735449757553,0.16250877191025007,"GPLD1, GRAMD1C, ABCA1, LRP6, RORA",False
C5_all,GO_BP,GOBP_TRANSPOSITION,Transposition,6,29,998,0.006,0.002,3.067,0.011540193428873148,0.1640171521290217,"PIWIL2, TEX15, DNMT3L, THAP9, TUT7, MAEL",False
C5_all,GO_BP,GOBP_INNER_EAR_RECEPTOR_CELL_STEREOCILIUM_ORGANIZATION,Inner ear receptor cell stereocilium organization,6,29,998,0.006,0.002,3.067,0.011540193428873148,0.1640171521290217,"SOD1, CECR2, CDH23, ADGRV1, SEC24B, TSKU",False
C5_all,GO_BP,GOBP_PYRUVATE_METABOLIC_PROCESS,Pyruvate metabolic process,14,106,998,0.014,0.0072,1.958,0.01170930853743133,0.16411380045944385,"ALDOB, PFKFB1, PRKAG2, NCOR1, ZBTB20, PPARA, DHTKD1, GPD1, LDHC, NUPR1, HTR2A, PDK4, PCK2, PGM1",False
C5_all,GO_BP,GOBP_ACTIVATION_OF_ADENYLATE_CYCLASE_ACTIVITY,Activation of adenylate cyclase activity,4,14,998,0.004,0.0009,4.235,0.011934765746197413,0.16411380045944385,"DRD1, TSHR, RXFP1, LGR4",False
C5_all,GO_BP,GOBP_FOLIC_ACID_METABOLIC_PROCESS,Folic acid metabolic process,4,14,998,0.004,0.0009,4.235,0.011934765746197413,0.16411380045944385,"MTHFS, SHMT1, DHFR2, SLC46A1",False
C5_all,GO_BP,GOBP_ALDEHYDE_CATABOLIC_PROCESS,Aldehyde catabolic process,4,14,998,0.004,0.0009,4.235,0.011934765746197413,0.16411380045944385,"AGXT2, ADH4, ALDH2, HAGH",False
C5_all,GO_BP,GOBP_RIBONUCLEOSIDE_MONOPHOSPHATE_CATABOLIC_PROCESS,Ribonucleoside monophosphate catabolic process,4,14,998,0.004,0.0009,4.235,0.011934765746197413,0.16411380045944385,"DPYD, UPB1, DPYS, XDH",False
C5_all,GO_BP,GOBP_NEGATIVE_REGULATION_OF_NUCLEOTIDE_CATABOLIC_PROCESS,Negative regulation of nucleotide catabolic process,4,14,998,0.004,0.0009,4.235,0.011934765746197413,0.16411380045944385,"PFKFB1, NUPR1, NCOR1, PPARA",False
C5_all,GO_BP,GOBP_PRIMARY_AMINO_COMPOUND_METABOLIC_PROCESS,Primary amino compound metabolic process,4,14,998,0.004,0.0009,4.235,0.011934765746197413,0.16411380045944385,"AGMAT, MAOB, ALDH2, SRD5A1",False
C5_all,GO_BP,GOBP_BEHAVIORAL_RESPONSE_TO_COCAINE,Behavioral response to cocaine,4,14,998,0.004,0.0009,4.235,0.011934765746197413,0.16411380045944385,"DRD1, HTR2A, HOMER2, ABAT",False
C5_all,GO_BP,GOBP_PTERIDINE_CONTAINING_COMPOUND_BIOSYNTHETIC_PROCESS,Pteridine containing compound biosynthetic process,4,14,998,0.004,0.0009,4.235,0.011934765746197413,0.16411380045944385,"MTHFS, MTHFD1, QDPR, DHFR2",False
C5_all,GO_BP,GOBP_PROTEIN_LIPID_COMPLEX_ORGANIZATION,Protein lipid complex organization,8,47,998,0.008,0.0032,2.523,0.012484474921283418,0.17105526969485088,"MTTP, ABCA1, LCAT, LIPG, ABCA5, LPCAT3, APOA5, LIPC",False
C5_all,GO_BP,GOBP_REGULATION_OF_GENERATION_OF_PRECURSOR_METABOLITES_AND_ENERGY,Regulation of generation of precursor metabolites and energy,15,118,998,0.015,0.008,1.884,0.012983063542169234,0.17724906463126386,"ALDOB, PFKFB1, PRKAG2, NCOR1, ZBTB20, PPARA, KHK, GPD1, BNIP3, NUPR1, HTR2A, COX7A2L, ENPP1, ADCY10, TMEM135",False
C5_all,GO_BP,GOBP_RESPONSE_TO_CORTICOSTEROID,Response to corticosteroid,16,129,998,0.016,0.0087,1.839,0.01314801166833273,0.1788599158738549,"BCKDHB, PFKFB1, HMGCS2, RPS6KB1, CPS1, SRD5A1, AGL, BCHE, EGFR, MAOB, GHR, SERPINF1, AVPR1A, PCK2, CDO1, ALAD",False
C5_all,GO_BP,GOBP_RIBONUCLEOSIDE_MONOPHOSPHATE_METABOLIC_PROCESS,Ribonucleoside monophosphate metabolic process,9,57,998,0.009,0.0039,2.341,0.013436225882488988,0.18213019354590945,"DPYS, ADK, UPB1, XDH, DPYD, DLG2, MAGI3, UCK1, DHODH",False
C5_all,GO_BP,GOBP_PYRIDINE_CONTAINING_COMPOUND_CATABOLIC_PROCESS,Pyridine containing compound catabolic process,12,87,998,0.012,0.0059,2.045,0.013617172922678635,0.18392841015064867,"ALDOB, PFKFB1, PRKAG2, NCOR1, ZBTB20, PPARA, DHTKD1, GPD1, NUDT12, NUPR1, HTR2A, PGM1",False
C5_all,GO_BP,GOBP_CELLULAR_RESPONSE_TO_TOXIC_SUBSTANCE,Cellular response to toxic substance,14,108,998,0.014,0.0073,1.922,0.013676737380366193,0.18408018615482274,"PRDX6, GSTA1, ABCG2, ALB, KCNC2, SOD1, GSTZ1, SLC22A1, TXNRD3, ADH4, SLC22A3, CAT, SLC39A8, ABTB2",False
C5_all,GO_BP,GOBP_CARBOHYDRATE_PHOSPHORYLATION,Carbohydrate phosphorylation,5,22,998,0.005,0.0015,3.369,0.01388842655632448,0.18496859004559418,"KHK, PFKFB1, XYLB, GNE, FGGY",False
C5_all,GO_BP,GOBP_ALDITOL_METABOLIC_PROCESS,Alditol metabolic process,5,22,998,0.005,0.0015,3.369,0.01388842655632448,0.18496859004559418,"MOGAT1, SORD, DGAT2, PCK2, MOGAT2",False
C5_all,GO_BP,GOBP_RESPONSE_TO_THYROID_HORMONE,Response to thyroid hormone,5,22,998,0.005,0.0015,3.369,0.01388842655632448,0.18496859004559418,"SLC34A1, THRB, TOMM70, GCLC, SLC26A5",False
C5_all,GO_BP,GOBP_MALE_SEX_DIFFERENTIATION,Male sex differentiation,16,130,998,0.016,0.0088,1.824,0.014087066865379234,0.18676440928000895,"ARID4A, RHOBTB3, SCAPER, AMHR2, SRD5A1, LGR4, TBX3, AR, GREB1L, NUPR1, ESR1, REN, HSD17B4, GFRA1, CITED2, TNFSF10",False
C5_all,GO_BP,GOBP_SECONDARY_METABOLIC_PROCESS,Secondary metabolic process,8,48,998,0.008,0.0032,2.471,0.014121331024584557,0.18676440928000895,"RAPGEF2, AKR1C4, CBR4, ACMSD, CYP1A2, DDT, CYP2A6, DCT",False
C5_all,GO_BP,GOBP_REGULATION_OF_TRIGLYCERIDE_METABOLIC_PROCESS,Regulation of triglyceride metabolic process,7,39,998,0.007,0.0026,2.661,0.014320166082815578,0.18873879795655546,"GPLD1, NR1H3, SORL1, PLIN5, RGN, THRSP, APOA5",False
C5_all,GO_BP,GOBP_PIGMENT_METABOLIC_PROCESS,Pigment metabolic process,10,68,998,0.01,0.0046,2.18,0.015276858525674954,0.1984417305897363,"RAPGEF2, SLC46A1, CPOX, SLCO2B1, SLCO1B3, DDT, ALAD, TMEM14A, SLCO1B1, DCT",False
C5_all,GO_BP,GOBP_SHORT_CHAIN_FATTY_ACID_METABOLIC_PROCESS,Short chain fatty acid metabolic process,4,15,998,0.004,0.001,3.953,0.01542104286021579,0.1984417305897363,"CRAT, PCK2, MCEE, MMUT",False
C5_all,GO_BP,GOBP_NEGATIVE_REGULATION_OF_MEMBRANE_PERMEABILITY,Negative regulation of membrane permeability,4,15,998,0.004,0.001,3.953,0.01542104286021579,0.1984417305897363,"BNIP3, ACAA2, TMEM14A, GCLC",False
C5_all,GO_BP,GOBP_PHOSPHATE_ION_HOMEOSTASIS,Phosphate ion homeostasis,4,15,998,0.004,0.001,3.953,0.01542104286021579,0.1984417305897363,"SLC34A1, ENPP3, ABCC6, ENPP1",False
C5_all,GO_BP,GOBP_REGULATION_OF_CATECHOLAMINE_METABOLIC_PROCESS,Regulation of catecholamine metabolic process,4,15,998,0.004,0.001,3.953,0.01542104286021579,0.1984417305897363,"DRD1, MAOB, ALDH2, ABAT",False
C5_all,GO_BP,GOBP_NON_PROTEINOGENIC_AMINO_ACID_BIOSYNTHETIC_PROCESS,Non proteinogenic amino acid biosynthetic process,4,15,998,0.004,0.001,3.953,0.01542104286021579,0.1984417305897363,"DPYD, UPB1, CPS1, ABAT",False
C5_all,GO_BP,GOBP_TERPENOID_BIOSYNTHETIC_PROCESS,Terpenoid biosynthetic process,4,15,998,0.004,0.001,3.953,0.01542104286021579,0.1984417305897363,"RDH10, HMGCS2, ALDH1A2, ALDH8A1",False
C5_all,GO_BP,GOBP_RESPONSE_TO_FATTY_ACID,Response to fatty acid,8,49,998,0.008,0.0033,2.42,0.015908994719636183,0.2025474635730241,"AKR1C4, HMGCS2, CPS1, ACSL1, CAT, DGAT2, PDK4, ALAD",False
C5_all,GO_BP,GOBP_NUCLEOSIDE_METABOLIC_PROCESS,Nucleoside metabolic process,8,49,998,0.008,0.0033,2.42,0.015908994719636183,0.2025474635730241,"ADK, DERA, UPB1, MACROD2, XDH, DPYD, GNMT, DHFR2",False
C5_all,GO_BP,GOBP_RESPONSE_TO_GROWTH_HORMONE,Response to growth hormone,6,31,998,0.006,0.0021,2.869,0.015952806267237395,0.2025474635730241,"SLC34A1, HMGCS2, CPS1, SRD5A1, PIK3R1, GHR",False
C5_all,GO_BP,GOBP_EMBRYONIC_CAMERA_TYPE_EYE_DEVELOPMENT,Embryonic camera type eye development,6,31,998,0.006,0.0021,2.869,0.015952806267237395,0.2025474635730241,"RDH10, PROX1, PHACTR4, HIPK2, CITED2, ALDH1A2",False
C5_all,GO_BP,GOBP_NEGATIVE_REGULATION_OF_SMALL_MOLECULE_METABOLIC_PROCESS,Negative regulation of small molecule metabolic process,12,89,998,0.012,0.006,1.999,0.0161266158756903,0.2040740195033367,"ALDOB, PFKFB1, SOD1, NCOR1, PPARA, ACMSD, PROX1, PLIN5, ACACB, NUPR1, ETFBKMT, PIBF1",False
C5_all,GO_BP,GOBP_RESPONSE_TO_VITAMIN,Response to vitamin,11,79,998,0.011,0.0053,2.064,0.016601812114821417,0.2086684016755765,"SLC34A1, ABCA1, TRIM24, POSTN, EGFR, CAT, ALAD, KYNU, BCHE, CBS, ALDH1A2",False
C5_all,GO_BP,GOBP_POSITIVE_REGULATION_OF_LIPID_BIOSYNTHETIC_PROCESS,Positive regulation of lipid biosynthetic process,11,79,998,0.011,0.0053,2.064,0.016601812114821417,0.2086684016755765,"GPLD1, PPARA, ZBTB20, RDH10, NR1H3, ABHD6, RGN, APOA5, PLIN5, HTR2A, AVPR1A",False
C5_all,GO_BP,GOBP_NAD_METABOLIC_PROCESS,Nad metabolic process,9,59,998,0.009,0.004,2.261,0.016654028382613612,0.2086684016755765,"ALDOB, ACMSD, GPD1, NUDT12, NMRK1, HAAO, KYNU, PCK2, AFMID",False
C5_all,GO_BP,GOBP_RIBOSE_PHOSPHATE_BIOSYNTHETIC_PROCESS,Ribose phosphate biosynthetic process,22,201,998,0.022,0.0136,1.622,0.01691854897051255,0.2112877148481387,"CTPS1, ADCY10, GCDH, GUCY2C, ACACB, ACSL5, UCK1, ACAT1, PRKAG2, PPARA, SLC25A13, ADK, LDHC, PANK1, PDK4, DHODH, MTHFD1, MLYCD, SLC27A2, ADCY1, MMUT, ACSL1",False
C5_all,GO_BP,GOBP_TRANSITION_METAL_ION_TRANSPORT,Transition metal ion transport,12,90,998,0.012,0.0061,1.976,0.01750510290302128,0.21789848678956883,"SLC39A5, TFR2, SFXN1, SLC1A1, SLC46A1, SLC30A1, SLC30A10, SLC41A2, CUTC, SLC39A8, SLC31A1, ATP7B",False
C5_all,GO_BP,GOBP_PROTEIN_COMPLEX_OLIGOMERIZATION,Protein complex oligomerization,24,226,998,0.024,0.0153,1.574,0.018264264536311976,0.226607764230659,"HSD17B8, SYT1, STK3, ATL2, SYCP1, CBR4, HSD17B10, TRPM6, KCNC2, TRPM7, UPB1, CUTC, ACACB, ACOT13, SLC31A1, ALAD, P2RX3, GNMT, MICU1, SHMT1, AQP11, EHD3, MAT1A, ALDH1A2",False
C5_all,GO_BP,GOBP_POSITIVE_REGULATION_OF_MITOCHONDRIAL_MEMBRANE_PERMEABILITY,Positive regulation of mitochondrial membrane permeability,6,32,998,0.006,0.0022,2.779,0.01854484909926934,0.22859977417189942,"GCLC, ACAA2, BNIP3, TMEM14A, ATF2, RHOT1",False
C5_all,GO_BP,GOBP_DOPAMINE_METABOLIC_PROCESS,Dopamine metabolic process,6,32,998,0.006,0.0022,2.779,0.01854484909926934,0.22859977417189942,"SLC1A1, ALDH2, DRD1, MAOA, MAOB, ABAT",False
C5_all,GO_BP,GOBP_NUCLEOSIDE_DIPHOSPHATE_CATABOLIC_PROCESS,Nucleoside diphosphate catabolic process,12,91,998,0.012,0.0062,1.955,0.018970223608730744,0.2319418058060402,"ALDOB, PFKFB1, PRKAG2, NCOR1, ZBTB20, PPARA, DHTKD1, GPD1, ENTPD5, NUPR1, HTR2A, PGM1",False
C5_all,GO_BP,GOBP_SEX_DIFFERENTIATION,Sex differentiation,23,215,998,0.023,0.0145,1.586,0.019003271659359486,0.2319418058060402,"ARID4A, SOD1, SRD5A1, TBX3, AR, RHOBTB3, NRIP1, AMHR2, IDH1, REN, GFRA1, CYP17A1, TNFSF10, DMRTA1, RDH10, LGR4, NUPR1, ESR1, SCAPER, GREB1L, HSD17B4, DNAJC19, CITED2",False
C5_all,GO_BP,GOBP_COMPLEMENT_ACTIVATION_ALTERNATIVE_PATHWAY,Complement activation alternative pathway,4,16,998,0.004,0.0011,3.706,0.01948579098396767,0.2319418058060402,"C8A, CFHR5, C5, C8B",False
C5_all,GO_BP,GOBP_S_ADENOSYLMETHIONINE_METABOLIC_PROCESS,S adenosylmethionine metabolic process,4,16,998,0.004,0.0011,3.706,0.01948579098396767,0.2319418058060402,"MAT1A, GNMT, AHCY, BHMT",False
C5_all,GO_BP,GOBP_TRICARBOXYLIC_ACID_METABOLIC_PROCESS,Tricarboxylic acid metabolic process,4,16,998,0.004,0.0011,3.706,0.01948579098396767,0.2319418058060402,"SLC34A1, ACACB, IDH1, GLUD1",False
C5_all,GO_BP,GOBP_HIGH_DENSITY_LIPOPROTEIN_PARTICLE_REMODELING,High density lipoprotein particle remodeling,4,16,998,0.004,0.0011,3.706,0.01948579098396767,0.2319418058060402,"LIPC, ABCA5, LIPG, LCAT",False
C5_all,GO_BP,GOBP_SEQUESTERING_OF_TRIGLYCERIDE,Sequestering of triglyceride,4,16,998,0.004,0.0011,3.706,0.01948579098396767,0.2319418058060402,"ENPP1, PLIN5, PPARA, FITM1",False
C5_all,GO_BP,GOBP_REGULATION_OF_DNA_METHYLATION_DEPENDENT_HETEROCHROMATIN_FORMATION,Regulation of dna methylation dependent heterochromatin formation,4,16,998,0.004,0.0011,3.706,0.01948579098396767,0.2319418058060402,"ATF7IP2, L3MBTL3, SETDB2, DNMT3L",False
C5_all,GO_BP,GOBP_EARLY_ENDOSOME_TO_GOLGI_TRANSPORT,Early endosome to golgi transport,4,16,998,0.004,0.0011,3.706,0.01948579098396767,0.2319418058060402,"BLTP3B, RBSN, LMAN1, EHD3",False
C5_all,GO_BP,GOBP_RESPONSE_TO_POTASSIUM_ION,Response to potassium ion,4,16,998,0.004,0.0011,3.706,0.01948579098396767,0.2319418058060402,"SLC34A1, DLG2, SLC26A5, CACNA1H",False
C5_all,GO_BP,GOBP_POSITIVE_REGULATION_OF_MUSCLE_TISSUE_DEVELOPMENT,Positive regulation of muscle tissue development,4,16,998,0.004,0.0011,3.706,0.01948579098396767,0.2319418058060402,"CDON, RPS6KB1, MTM1, ERBB3",False
C5_all,GO_BP,GOBP_FATTY_ACYL_COA_BIOSYNTHETIC_PROCESS,Fatty acyl coa biosynthetic process,5,24,998,0.005,0.0016,3.088,0.020053171869610597,0.23721283121536263,"ACSL5, SLC27A2, GCDH, ACAT1, ACSL1",False
C5_all,GO_BP,GOBP_MITOCHONDRIAL_OUTER_MEMBRANE_PERMEABILIZATION,Mitochondrial outer membrane permeabilization,5,24,998,0.005,0.0016,3.088,0.020053171869610597,0.23721283121536263,"GCLC, ACAA2, BNIP3, TMEM14A, RHOT1",False
C5_all,GO_BP,GOBP_REGULATION_OF_ATP_METABOLIC_PROCESS,Regulation of atp metabolic process,9,61,998,0.009,0.0041,2.187,0.020401621672335318,0.24058754473661062,"PRKAG2, PFKFB1, NCOR1, ZBTB20, PPARA, GPD1, HTR2A, NUPR1, ADCY10",False
C5_all,GO_BP,GOBP_NUCLEOSIDE_MONOPHOSPHATE_METABOLIC_PROCESS,Nucleoside monophosphate metabolic process,10,72,998,0.01,0.0049,2.059,0.02214908368798387,0.26016897745793693,"DPYS, ADK, UPB1, XDH, DPYD, DLG2, MAGI3, UCK1, DHODH, SHMT1",False
C5_all,GO_BP,GOBP_AMINO_ACID_TRANSPORT,Amino acid transport,16,137,998,0.016,0.0093,1.731,0.022198718213134554,0.26016897745793693,"SLC16A10, SLC6A13, SFXN1, SLC6A1, SLC1A1, SLC25A13, SLC6A16, SLC38A4, AVPR1A, SLC47A1, GRM1, ABAT, SFXN2, SFXN5, SLC16A2, ARL6IP1",False
C5_all,GO_BP,GOBP_DISRUPTION_OF_ANATOMICAL_STRUCTURE_IN_ANOTHER_ORGANISM,Disruption of anatomical structure in another organism,9,62,998,0.009,0.0042,2.152,0.0224875060146228,0.2627451239561296,"CFHR5, GBP7, C5, CFHR2, C6, C8A, C8B, ARG1, CFHR1",False
C5_all,GO_BP,GOBP_ZINC_ION_TRANSPORT,Zinc ion transport,5,25,998,0.005,0.0017,2.965,0.02371261836320867,0.2721751496856676,"SLC39A5, SLC1A1, SLC30A1, SLC30A10, SLC39A8",False
C5_all,GO_BP,GOBP_CELLULAR_RESPONSE_TO_ORGANIC_CYCLIC_COMPOUND,Cellular response to organic cyclic compound,42,455,998,0.0421,0.0308,1.368,0.023781176442877815,0.2721751496856676,"TFPI, NEDD4, SLC34A1, ABCA1, GCLC, SRD5A1, AR, SKP2, EGFR, CRY2, DIAPH1, GPLD1, NR3C2, NRIP1, SLC1A1, ERRFI1, HTR2A, PCK2, STRN3, AKAP6, RAPGEF2, PPARA, NCOR1, AQP9, P2RX3, ITPR2, ESR1, SHMT1, LRP6, RPS6KB1, GRAMD1C, HMGCS2, CPS1, GNAI1, DRD1, GPD1, TRIM24, PNPLA3, RORA, ADCY1, SERPINF1, TMEM38B",False
C5_all,GO_BP,GOBP_XENOBIOTIC_TRANSPORT,Xenobiotic transport,7,43,998,0.007,0.0029,2.413,0.023781735452408033,0.2721751496856676,"ABCG2, SLC22A1, ABCA8, SLC22A3, SLC47A1, SLC31A1, ATP7B",False
C5_all,GO_BP,GOBP_POLYSACCHARIDE_METABOLIC_PROCESS,Polysaccharide metabolic process,12,94,998,0.012,0.0064,1.892,0.02391577114113362,0.2721751496856676,"KHK, PRKAG2, ACADM, PPP1R1A, HS2ST1, AGL, GYS2, NDST1, GNMT, ENPP1, ADCY10, ATG2B",False
C5_all,GO_BP,GOBP_ARGININE_METABOLIC_PROCESS,Arginine metabolic process,4,17,998,0.004,0.0011,3.488,0.024152061064257192,0.2721751496856676,"ARG1, AGMAT, SLC39A8, NAGS",False
C5_all,GO_BP,GOBP_LENS_MORPHOGENESIS_IN_CAMERA_TYPE_EYE,Lens morphogenesis in camera type eye,4,17,998,0.004,0.0011,3.488,0.024152061064257192,0.2721751496856676,"PROX1, SHROOM2, CITED2, HIPK2",False
C5_all,GO_BP,GOBP_REGULATION_OF_SKELETAL_MUSCLE_TISSUE_DEVELOPMENT,Regulation of skeletal muscle tissue development,4,17,998,0.004,0.0011,3.488,0.024152061064257192,0.2721751496856676,"RPS6KB1, MTM1, MEGF10, CDON",False
C5_all,GO_BP,GOBP_REGULATION_OF_GOLGI_ORGANIZATION,Regulation of golgi organization,4,17,998,0.004,0.0011,3.488,0.024152061064257192,0.2721751496856676,"RBSN, PDE4DIP, EHD3, RAB33B",False
C5_all,GO_BP,GOBP_UTERUS_DEVELOPMENT,Uterus development,4,17,998,0.004,0.0011,3.488,0.024152061064257192,0.2721751496856676,"GREB1L, CITED2, ESR1, ERRFI1",False
C5_all,GO_BP,GOBP_PIRNA_PROCESSING,Pirna processing,4,17,998,0.004,0.0011,3.488,0.024152061064257192,0.2721751496856676,"TEX15, PLD6, PIWIL2, MAEL",False
C5_all,GO_BP,GOBP_RNA_DECAPPING,Rna decapping,4,17,998,0.004,0.0011,3.488,0.024152061064257192,0.2721751496856676,"CNOT7, PATL1, NUDT16, NUDT12",False
C5_all,GO_BP,GOBP_CELLULAR_RESPONSE_TO_CHOLESTEROL,Cellular response to cholesterol,4,17,998,0.004,0.0011,3.488,0.024152061064257192,0.2721751496856676,"GPLD1, GRAMD1C, ABCA1, LRP6",False
C5_all,GO_BP,GOBP_PROTEIN_CONTAINING_COMPLEX_REMODELING,Protein containing complex remodeling,6,34,998,0.006,0.0023,2.616,0.024560815544743368,0.27515337179390437,"MTTP, LIPG, LIPC, ABCA5, APOA5, LCAT",False
C5_all,GO_BP,GOBP_REGULATION_OF_MITOCHONDRIAL_MEMBRANE_PERMEABILITY_INVOLVED_IN_APOPTOTIC_PROCESS,Regulation of mitochondrial membrane permeability involved in apoptotic process,6,34,998,0.006,0.0023,2.616,0.024560815544743368,0.27515337179390437,"GCLC, ACAA2, BNIP3, TMEM14A, ATF2, RHOT1",False
C5_all,GO_BP,GOBP_LONG_CHAIN_FATTY_ACID_IMPORT_ACROSS_PLASMA_MEMBRANE,Long chain fatty acid import across plasma membrane,3,10,998,0.003,0.0007,4.447,0.02567062287098302,0.2785737963406676,"ACSL5, ACSL1, SLC27A5",False
C5_all,GO_BP,GOBP_POSITIVE_REGULATION_OF_PROTEIN_EXIT_FROM_ENDOPLASMIC_RETICULUM,Positive regulation of protein exit from endoplasmic reticulum,3,10,998,0.003,0.0007,4.447,0.02567062287098302,0.2785737963406676,"SAR1B, SORL1, EDEM1",False
C5_all,GO_BP,GOBP_PIGMENT_CATABOLIC_PROCESS,Pigment catabolic process,3,10,998,0.003,0.0007,4.447,0.02567062287098302,0.2785737963406676,"SLCO2B1, SLCO1B1, SLCO1B3",False
C5_all,GO_BP,GOBP_ACTIVATION_OF_JANUS_KINASE_ACTIVITY,Activation of janus kinase activity,3,10,998,0.003,0.0007,4.447,0.02567062287098302,0.2785737963406676,"PRLR, IL6R, PIBF1",False
C5_all,GO_BP,GOBP_COMPLEMENT_ACTIVATION_LECTIN_PATHWAY,Complement activation lectin pathway,3,10,998,0.003,0.0007,4.447,0.02567062287098302,0.2785737963406676,"MASP2, COLEC10, FCN2",False
C5_all,GO_BP,GOBP_ZINC_ION_IMPORT_ACROSS_PLASMA_MEMBRANE,Zinc ion import across plasma membrane,3,10,998,0.003,0.0007,4.447,0.02567062287098302,0.2785737963406676,"SLC39A5, SLC39A8, SLC30A1",False
C5_all,GO_BP,GOBP_DITERPENOID_BIOSYNTHETIC_PROCESS,Diterpenoid biosynthetic process,3,10,998,0.003,0.0007,4.447,0.02567062287098302,0.2785737963406676,"ALDH8A1, ALDH1A2, RDH10",False
C5_all,GO_BP,GOBP_SULFUR_AMINO_ACID_CATABOLIC_PROCESS,Sulfur amino acid catabolic process,3,10,998,0.003,0.0007,4.447,0.02567062287098302,0.2785737963406676,"MAT1A, CDO1, CBS",False
C5_all,GO_BP,GOBP_NEGATIVE_REGULATION_OF_CHOLESTEROL_STORAGE,Negative regulation of cholesterol storage,3,10,998,0.003,0.0007,4.447,0.02567062287098302,0.2785737963406676,"NR1H3, ABCA1, PPARA",False
C5_all,GO_BP,GOBP_AMINOGLYCOSIDE_ANTIBIOTIC_METABOLIC_PROCESS,Aminoglycoside antibiotic metabolic process,3,10,998,0.003,0.0007,4.447,0.02567062287098302,0.2785737963406676,"SLC34A1, AKR1C4, CBR4",False
C5_all,GO_BP,GOBP_POSTSYNAPTIC_DENSITY_PROTEIN_95_CLUSTERING,Postsynaptic density protein 95 clustering,3,10,998,0.003,0.0007,4.447,0.02567062287098302,0.2785737963406676,"CDH2, RELN, SLC30A1",False
C5_all,GO_BP,GOBP_MEMORY,Memory,13,106,998,0.013,0.0072,1.818,0.025936841851202243,0.2806631551455379,"SLC6A1, RPS6KB1, SLC1A1, RELN, TAFA2, DRD1, SLC24A2, HTR2A, TTC36, ADCY1, SERPINF1, CUX2, EIF4EBP2",False
C5_all,GO_BP,GOBP_SODIUM_ION_TRANSPORT,Sodium ion transport,21,198,998,0.021,0.0134,1.572,0.02633422202003699,0.2841559537516173,"SLC34A1, NEDD4, SCN8A, SLC13A2, CNGA1, CNKSR3, SLC13A5, PON3, WNK3, SLC6A1, SLC10A5, NKAIN3, SLC6A16, SLC4A10, SLC17A2, SLC38A4, SLMAP, SLC6A13, SLC24A2, SHROOM2, PKP2",False
C5_all,GO_BP,GOBP_CELLULAR_RESPONSE_TO_CAMP,Cellular response to camp,7,44,998,0.007,0.003,2.358,0.026690762068106284,0.2863805992039911,"RAPGEF2, CPS1, SRD5A1, AQP9, GPD1, ITPR2, AKAP6",False
C5_all,GO_BP,GOBP_AMINO_ACID_IMPORT_ACROSS_PLASMA_MEMBRANE,Amino acid import across plasma membrane,7,44,998,0.007,0.003,2.358,0.026690762068106284,0.2863805992039911,"SLC6A13, SLC1A1, SLC38A4, GRM1, SLC47A1, SLC16A2, ARL6IP1",False
C5_all,GO_BP,GOBP_MORPHOGENESIS_OF_EMBRYONIC_EPITHELIUM,Morphogenesis of embryonic epithelium,15,129,998,0.015,0.0087,1.724,0.027157416006773294,0.2905690942971896,"CECR2, ARHGAP35, RDH10, MTHFD1, COBL, HS2ST1, GRHL3, AR, STK3, PALS1, PHACTR4, EPB41L5, SEC24B, CITED2, ALDH1A2",False
C5_all,GO_BP,GOBP_REGULATION_OF_STEROL_TRANSPORT,Regulation of sterol transport,8,54,998,0.008,0.0037,2.196,0.027350345817212445,0.2909985117814587,"ABCA13, ABCA1, SCP2, NR1H3, LIPG, ABCA8, OSBPL6, ABCA5",False
C5_all,GO_BP,GOBP_NEURAL_NUCLEUS_DEVELOPMENT,Neural nucleus development,8,54,998,0.008,0.0037,2.196,0.027350345817212445,0.2909985117814587,"KCNC2, FOXP2, SYPL2, ATF2, NDRG2, SEC24B, MAOB, GLUD1",False
C5_all,GO_BP,GOBP_FATTY_ACID_TRANSPORT,Fatty acid transport,12,96,998,0.012,0.0065,1.853,0.027700868457738285,0.2922609166816877,"RPS6KB1, RBP5, ABCD3, PPARA, SLC27A5, SLC22A1, SLCO2B1, ACSL5, SLC27A2, PMP2, SLCO1B1, ACSL1",False
C5_all,GO_BP,GOBP_PHOSPHOLIPID_BIOSYNTHETIC_PROCESS,Phospholipid biosynthetic process,24,235,998,0.024,0.0159,1.514,0.02770740683528782,0.2922609166816877,"GPAM, PIK3C2G, PI4K2B, PIK3R1, HTR2A, PEMT, IDH1, IMPA1, FITM1, ACP6, ETNK2, ABCA8, LPCAT3, LCAT, PITPNM3, HMGCS2, MTMR4, HYCC2, SMG1, PNPLA3, MTM1, PIK3R4, SGMS1, TMEM38B",False
C5_all,GO_BP,GOBP_C4_DICARBOXYLATE_TRANSPORT,C4 dicarboxylate transport,5,26,998,0.005,0.0018,2.851,0.027776192233816586,0.2922609166816877,"SLC1A1, SLC25A13, SLC13A2, SLC13A5, ABAT",False
C5_all,GO_BP,GOBP_CELLULAR_RESPONSE_TO_DEXAMETHASONE_STIMULUS,Cellular response to dexamethasone stimulus,5,26,998,0.005,0.0018,2.851,0.027776192233816586,0.2922609166816877,"RPS6KB1, SRD5A1, EGFR, SERPINF1, PCK2",False
C5_all,GO_BP,GOBP_POSITIVE_REGULATION_OF_MEMBRANE_PERMEABILITY,Positive regulation of membrane permeability,6,35,998,0.006,0.0024,2.541,0.028006099918302968,0.2922609166816877,"GCLC, ACAA2, BNIP3, TMEM14A, ATF2, RHOT1",False
C5_all,GO_BP,GOBP_NEGATIVE_REGULATION_OF_REACTIVE_OXYGEN_SPECIES_METABOLIC_PROCESS,Negative regulation of reactive oxygen species metabolic process,6,35,998,0.006,0.0024,2.541,0.028006099918302968,0.2922609166816877,"PON3, PPARA, PLIN5, BNIP3, ADCY10, SIRT5",False
C5_all,GO_BP,GOBP_ACYLGLYCEROL_HOMEOSTASIS,Acylglycerol homeostasis,6,35,998,0.006,0.0024,2.541,0.028006099918302968,0.2922609166816877,"NR1H3, MED13, RORA, DGAT2, APOA5, LIPC",False
C5_all,GO_BP,GOBP_GLUCAN_METABOLIC_PROCESS,Glucan metabolic process,10,75,998,0.01,0.0051,1.976,0.02860438220657568,0.2976887754777234,"KHK, PRKAG2, ACADM, PPP1R1A, AGL, GYS2, GNMT, ENPP1, ADCY10, ATG2B",False
C5_all,GO_BP,GOBP_REGULATION_OF_FIBRINOLYSIS,Regulation of fibrinolysis,4,18,998,0.004,0.0012,3.294,0.0294371005985852,0.30141375317207264,"KLKB1, F11, CPB2, PLG",False
C5_all,GO_BP,GOBP_POSITIVE_REGULATION_OF_FATTY_ACID_BIOSYNTHETIC_PROCESS,Positive regulation of fatty acid biosynthetic process,4,18,998,0.004,0.0012,3.294,0.0294371005985852,0.30141375317207264,"NR1H3, APOA5, AVPR1A, RGN",False
C5_all,GO_BP,GOBP_NUCLEOSIDE_MONOPHOSPHATE_CATABOLIC_PROCESS,Nucleoside monophosphate catabolic process,4,18,998,0.004,0.0012,3.294,0.0294371005985852,0.30141375317207264,"DPYD, UPB1, DPYS, XDH",False
C5_all,GO_BP,GOBP_NUCLEOBASE_BIOSYNTHETIC_PROCESS,Nucleobase biosynthetic process,4,18,998,0.004,0.0012,3.294,0.0294371005985852,0.30141375317207264,"SHMT1, DHODH, CTPS1, CPS1",False
C5_all,GO_BP,GOBP_POSITIVE_REGULATION_OF_ADENYLATE_CYCLASE_ACTIVITY,Positive regulation of adenylate cyclase activity,4,18,998,0.004,0.0012,3.294,0.0294371005985852,0.30141375317207264,"DRD1, TSHR, RXFP1, LGR4",False
C5_all,GO_BP,GOBP_ADENYLATE_CYCLASE_ACTIVATING_ADRENERGIC_RECEPTOR_SIGNALING_PATHWAY,Adenylate cyclase activating adrenergic receptor signaling pathway,4,18,998,0.004,0.0012,3.294,0.0294371005985852,0.30141375317207264,"ARRDC3, ADRA1A, RAPGEF2, DRD1",False
C5_all,GO_BP,GOBP_HUMORAL_IMMUNE_RESPONSE_MEDIATED_BY_CIRCULATING_IMMUNOGLOBULIN,Humoral immune response mediated by circulating immunoglobulin,7,45,998,0.007,0.003,2.306,0.029832801456219166,0.30464648993763754,"C5, C1S, C6, MASP2, C8A, C4BPB, C8B",False
C5_all,GO_BP,GOBP_CIRCADIAN_RHYTHM,Circadian rhythm,19,178,998,0.019,0.012,1.582,0.031558465975174366,0.3214069435813881,"EGFR, CIPC, CRY2, MTTP, PIWIL2, NRIP1, NR1H3, PROX1, PHLPP1, PER3, FXR1, NCOR1, PPARA, LGR4, NUDT12, KDM8, RORA, ADCY1, KCNH7",False
C5_all,GO_BP,GOBP_PHOSPHOLIPID_METABOLIC_PROCESS,Phospholipid metabolic process,33,350,998,0.0331,0.0237,1.398,0.03210993722212096,0.3258936356706398,"LIPG, GPAM, PIK3C2G, PI4K2B, GPLD1, NR1H3, PIK3R1, HTR2A, PEMT, IDH1, FITM1, IMPA1, DBI, ACP6, PRDX6, ETNK2, ABHD6, ABCA8, LPCAT3, LCAT, PITPNM3, HMGCS2, MTMR4, HYCC2, SMG1, NAPEPLD, PNPLA3, MTM1, PIK3R4, SGMS1, DNAJC19, LIPC, TMEM38B",False
C5_all,GO_BP,GOBP_ISOPRENOID_BIOSYNTHETIC_PROCESS,Isoprenoid biosynthetic process,5,27,998,0.005,0.0018,2.745,0.03225568407661623,0.3258936356706398,"HMGCS2, ALDH8A1, RDH10, CRPPA, ALDH1A2",False
C5_all,GO_BP,GOBP_MATING_BEHAVIOR,Mating behavior,5,27,998,0.005,0.0018,2.745,0.03225568407661623,0.3258936356706398,"THRB, DRD1, AVPR1A, DMRTA1, ABAT",False
C5_all,GO_BP,GOBP_NEGATIVE_REGULATION_OF_SYNAPTIC_TRANSMISSION,Negative regulation of synaptic transmission,7,46,998,0.007,0.0031,2.256,0.03321463526255209,0.3303230443655633,"SLC6A1, DRD1, FMR1, ABHD6, SLC24A2, HTR2A, BCHE",False
C5_all,GO_BP,GOBP_TETRAPYRROLE_CATABOLIC_PROCESS,Tetrapyrrole catabolic process,3,11,998,0.003,0.0007,4.043,0.033561306949192175,0.3303230443655633,"SLCO2B1, SLCO1B1, SLCO1B3",False
C5_all,GO_BP,GOBP_REGULATION_OF_OPSONIZATION,Regulation of opsonization,3,11,998,0.003,0.0007,4.043,0.033561306949192175,0.3303230443655633,"COLEC10, C4BPB, FCN2",False
C5_all,GO_BP,GOBP_TRIGLYCERIDE_RICH_LIPOPROTEIN_PARTICLE_REMODELING,Triglyceride rich lipoprotein particle remodeling,3,11,998,0.003,0.0007,4.043,0.033561306949192175,0.3303230443655633,"APOA5, LIPC, LCAT",False
C5_all,GO_BP,GOBP_MANGANESE_ION_TRANSPORT,Manganese ion transport,3,11,998,0.003,0.0007,4.043,0.033561306949192175,0.3303230443655633,"SLC30A10, SLC39A8, SLC41A2",False
C5_all,GO_BP,GOBP_PENTOSE_METABOLIC_PROCESS,Pentose metabolic process,3,11,998,0.003,0.0007,4.043,0.033561306949192175,0.3303230443655633,"FGGY, XYLB, DCXR",False
C5_all,GO_BP,GOBP_ECTODERMAL_PLACODE_DEVELOPMENT,Ectodermal placode development,3,11,998,0.003,0.0007,4.043,0.033561306949192175,0.3303230443655633,"EDA, PROX1, TBX3",False
C5_all,GO_BP,GOBP_GROOMING_BEHAVIOR,Grooming behavior,3,11,998,0.003,0.0007,4.043,0.033561306949192175,0.3303230443655633,"DRD1, AVPR1A, SLC1A1",False
C5_all,GO_BP,GOBP_METHIONINE_BIOSYNTHETIC_PROCESS,Methionine biosynthetic process,3,11,998,0.003,0.0007,4.043,0.033561306949192175,0.3303230443655633,"MTHFD1, ADI1, BHMT",False
C5_all,GO_BP,GOBP_SPHINGOMYELIN_BIOSYNTHETIC_PROCESS,Sphingomyelin biosynthetic process,3,11,998,0.003,0.0007,4.043,0.033561306949192175,0.3303230443655633,"PEMT, ABCA8, SGMS1",False
C5_all,GO_BP,GOBP_AMINO_ACID_TRANSMEMBRANE_TRANSPORT,Amino acid transmembrane transport,11,88,998,0.011,0.0059,1.853,0.03412589681416432,0.3341530616070743,"SLC16A10, SLC6A13, SFXN1, SLC1A1, SLC25A13, SLC38A4, GRM1, SLC47A1, SFXN2, SLC16A2, ARL6IP1",False
C5_all,GO_BP,GOBP_NEGATIVE_REGULATION_OF_LIPID_METABOLIC_PROCESS,Negative regulation of lipid metabolic process,11,88,998,0.011,0.0059,1.853,0.03412589681416432,0.3341530616070743,"GPLD1, SOD1, NCOR1, PROX1, PDE3B, SORL1, PLIN5, ASXL3, ACACB, ETFBKMT, PIBF1",False
C5_all,GO_BP,GOBP_FATTY_ACID_TRANSMEMBRANE_TRANSPORT,Fatty acid transmembrane transport,4,19,998,0.004,0.0013,3.121,0.0353525105765583,0.34004472925785495,"ACSL5, ABCD3, ACSL1, SLC27A5",False
C5_all,GO_BP,GOBP_MORPHOGENESIS_OF_AN_EPITHELIAL_FOLD,Morphogenesis of an epithelial fold,4,19,998,0.004,0.0013,3.121,0.0353525105765583,0.34004472925785495,"EGFR, CECR2, RDH10, AR",False
C5_all,GO_BP,GOBP_REGULATION_OF_DOPAMINE_SECRETION,Regulation of dopamine secretion,4,19,998,0.004,0.0013,3.121,0.0353525105765583,0.34004472925785495,"CHRNA4, HTR2A, ABAT, SYT1",False
C5_all,GO_BP,GOBP_POSITIVE_REGULATION_OF_AMINO_ACID_TRANSPORT,Positive regulation of amino acid transport,4,19,998,0.004,0.0013,3.121,0.0353525105765583,0.34004472925785495,"AVPR1A, ARL6IP1, SLC6A1, ABAT",False
C5_all,GO_BP,GOBP_VITAMIN_TRANSMEMBRANE_TRANSPORT,Vitamin transmembrane transport,4,19,998,0.004,0.0013,3.121,0.0353525105765583,0.34004472925785495,"GC, SLC47A1, SLC22A1, SLC46A1",False
C5_all,GO_BP,GOBP_RESPONSE_TO_PEPTIDE,Response to peptide,4,19,998,0.004,0.0013,3.121,0.0353525105765583,0.34004472925785495,"SLC34A1, SERPINF1, KLF15, KLF3",False
C5_all,GO_BP,GOBP_RESPONSE_TO_LEAD_ION,Response to lead ion,4,19,998,0.004,0.0013,3.121,0.0353525105765583,0.34004472925785495,"SLC34A1, SLC6A1, CAT, ALAD",False
C5_all,GO_BP,GOBP_SIGNALING_RECEPTOR_LIGAND_PRECURSOR_PROCESSING,Signaling receptor ligand precursor processing,6,37,998,0.006,0.0025,2.404,0.03581683064603771,0.34277966816773275,"SCG5, PCSK2, MME, ENPEP, REN, BCHE",False
C5_all,GO_BP,GOBP_POSITIVE_REGULATION_OF_ORGANIC_ACID_TRANSPORT,Positive regulation of organic acid transport,6,37,998,0.006,0.0025,2.404,0.03581683064603771,0.34277966816773275,"SLC6A1, ACSL5, ARL6IP1, AVPR1A, ACSL1, ABAT",False
C5_all,GO_BP,GOBP_REGULATION_OF_LIPASE_ACTIVITY,Regulation of lipase activity,8,57,998,0.008,0.0039,2.081,0.03644120591105276,0.34701138328799985,"ADRA1A, NR1H3, PLIN5, APOA5, EGFR, HTR2A, ESR1, AVPR1A",False
C5_all,GO_BP,GOBP_ADIPOSE_TISSUE_DEVELOPMENT,Adipose tissue development,8,57,998,0.008,0.0039,2.081,0.03644120591105276,0.34701138328799985,"ARRDC3, HMGCS2, SORL1, ERRFI1, ATF2, DGAT2, ABHD15, ACAT1",False
C5_all,GO_BP,GOBP_VITAMIN_TRANSPORT,Vitamin transport,7,47,998,0.007,0.0032,2.208,0.0368424133222741,0.34995698839037914,"ABCG2, SLC22A1, SLC46A1, GC, SLC47A1, TTPA, SLC2A2",False
C5_all,GO_BP,GOBP_TEMPERATURE_HOMEOSTASIS,Temperature homeostasis,17,158,998,0.017,0.0107,1.595,0.037853112913034705,0.3586629529496248,"ARRDC3, HADH, DRD1, ACVR2B, ABHD6, NR1H3, LGR4, NAPEPLD, PRLR, HTR2A, GATM, PEMT, ACOT13, TSHR, SFXN5, ACSL1, ABAT",False
C5_all,GO_BP,GOBP_BIOLOGICAL_PROCESS_INVOLVED_IN_INTERACTION_WITH_SYMBIONT,Biological process involved in interaction with symbiont,12,101,998,0.012,0.0068,1.761,0.039033828366280464,0.3689326358490379,"CFHR5, LRRC19, PIK3C2G, CFHR2, FMR1, NUCKS1, NAPEPLD, SMC6, ZFYVE1, ARG1, CFHR1, PLG",False
C5_all,GO_BP,GOBP_CARBOHYDRATE_BIOSYNTHETIC_PROCESS,Carbohydrate biosynthetic process,18,171,998,0.018,0.0116,1.56,0.040115350293984935,0.376193911660659,"ALDOB, PFKFB1, ACADM, PPARA, SLC25A13, ST3GAL6, SORD, SLC37A4, HS2ST1, AGL, RGN, NDST1, GPD1, GYS2, GNMT, ENPP1, PCK2, PGM1",False
C5_all,GO_BP,GOBP_RESPONSE_TO_CARBOHYDRATE,Response to carbohydrate,20,195,998,0.02,0.0132,1.52,0.040160194729858704,0.376193911660659,"CPB2, GCLC, VSNL1, GPAM, GPLD1, ZBTB20, ACVR2B, PCK2, SLC6A1, PPARA, P2RX3, CAT, ACVR1C, KHK, RPS6KB1, HMGCS2, GYS2, PNPLA3, SERPINF1, SLC2A2",False
C5_all,GO_BP,GOBP_CEREBRAL_CORTEX_CELL_MIGRATION,Cerebral cortex cell migration,6,38,998,0.006,0.0026,2.341,0.04019714414436551,0.376193911660659,"RELN, DAB1, PEX5, RTN4, EGFR, DIXDC1",False
C5_all,GO_BP,GOBP_HYDROGEN_PEROXIDE_METABOLIC_PROCESS,Hydrogen peroxide metabolic process,6,38,998,0.006,0.0026,2.341,0.04019714414436551,0.376193911660659,"SOD1, ACOX1, CYP1A2, CAT, EGFR, MAOB",False
C5_all,GO_BP,GOBP_KILLING_BY_HOST_OF_SYMBIONT_CELLS,Killing by host of symbiont cells,4,20,998,0.004,0.0014,2.965,0.041904477722169556,0.38230462141604843,"CFHR2, CFHR5, ARG1, CFHR1",False
C5_all,GO_BP,GOBP_EMBRYONIC_CAMERA_TYPE_EYE_MORPHOGENESIS,Embryonic camera type eye morphogenesis,4,20,998,0.004,0.0014,2.965,0.041904477722169556,0.38230462141604843,"PROX1, CITED2, PHACTR4, HIPK2",False
C5_all,GO_BP,GOBP_CELLULAR_RESPONSE_TO_FATTY_ACID,Cellular response to fatty acid,5,29,998,0.005,0.002,2.556,0.042498197183433666,0.38230462141604843,"HMGCS2, AKR1C4, CPS1, DGAT2, PDK4",False
C5_all,GO_BP,GOBP_REGULATION_OF_ADENYLATE_CYCLASE_ACTIVITY,Regulation of adenylate cyclase activity,5,29,998,0.005,0.002,2.556,0.042498197183433666,0.38230462141604843,"LGR4, DRD1, TSHR, ADGRV1, RXFP1",False
C5_all,GO_BP,GOBP_ACROSOME_REACTION,Acrosome reaction,5,29,998,0.005,0.002,2.556,0.042498197183433666,0.38230462141604843,"AKAP3, SERPINA10, PKDREJ, CACNA1H, ROPN1B",False
C5_all,GO_BP,GOBP_POSITIVE_REGULATION_OF_ATP_METABOLIC_PROCESS,Positive regulation of atp metabolic process,5,29,998,0.005,0.002,2.556,0.042498197183433666,0.38230462141604843,"PPARA, ZBTB20, GPD1, HTR2A, ADCY10",False
C5_all,GO_BP,GOBP_HEPARAN_SULFATE_PROTEOGLYCAN_METABOLIC_PROCESS,Heparan sulfate proteoglycan metabolic process,3,12,998,0.003,0.0008,3.706,0.04255635586253729,0.38230462141604843,"HS3ST3B1, HS2ST1, NDST1",False
C5_all,GO_BP,GOBP_MEDIUM_CHAIN_FATTY_ACID_METABOLIC_PROCESS,Medium chain fatty acid metabolic process,3,12,998,0.003,0.0008,3.706,0.04255635586253729,0.38230462141604843,"CRAT, ACADM, ABHD1",False
C5_all,GO_BP,GOBP_EMBRYONIC_BODY_MORPHOGENESIS,Embryonic body morphogenesis,3,12,998,0.003,0.0008,3.706,0.04255635586253729,0.38230462141604843,"PHLDB2, ZNF281, CDON",False
C5_all,GO_BP,GOBP_L_SERINE_METABOLIC_PROCESS,L serine metabolic process,3,12,998,0.003,0.0008,3.706,0.04255635586253729,0.38230462141604843,"PHGDH, CBS, SHMT1",False
C5_all,GO_BP,GOBP_CARNITINE_METABOLIC_PROCESS,Carnitine metabolic process,3,12,998,0.003,0.0008,3.706,0.04255635586253729,0.38230462141604843,"CRAT, ACADM, BBOX1",False
C5_all,GO_BP,GOBP_RETROTRANSPOSON_SILENCING_BY_HETEROCHROMATIN_FORMATION,Retrotransposon silencing by heterochromatin formation,3,12,998,0.003,0.0008,3.706,0.04255635586253729,0.38230462141604843,"PIWIL2, DNMT3L, MAEL",False
C5_all,GO_BP,GOBP_NUCLEOSIDE_BISPHOSPHATE_CATABOLIC_PROCESS,Nucleoside bisphosphate catabolic process,3,12,998,0.003,0.0008,3.706,0.04255635586253729,0.38230462141604843,"MLYCD, SUCLA2, ACAT1",False
C5_all,GO_BP,GOBP_NUCLEOSIDE_TRIPHOSPHATE_CATABOLIC_PROCESS,Nucleoside triphosphate catabolic process,3,12,998,0.003,0.0008,3.706,0.04255635586253729,0.38230462141604843,"ENPP1, ENPP3, NUDT16",False
C5_all,GO_BP,GOBP_POSITIVE_REGULATION_OF_SKELETAL_MUSCLE_TISSUE_DEVELOPMENT,Positive regulation of skeletal muscle tissue development,3,12,998,0.003,0.0008,3.706,0.04255635586253729,0.38230462141604843,"RPS6KB1, MTM1, CDON",False
C5_all,GO_BP,GOBP_LEFT_RIGHT_AXIS_SPECIFICATION,Left right axis specification,3,12,998,0.003,0.0008,3.706,0.04255635586253729,0.38230462141604843,"CITED2, EPB41L5, SETDB2",False
C5_all,GO_BP,GOBP_HEPATOCYTE_DIFFERENTIATION,Hepatocyte differentiation,3,12,998,0.003,0.0008,3.706,0.04255635586253729,0.38230462141604843,"PROX1, PCK2, CPS1",False
C5_all,GO_BP,GOBP_REGULATION_OF_DENDRITE_MORPHOGENESIS,Regulation of dendrite morphogenesis,8,59,998,0.008,0.004,2.01,0.04351719842897291,0.3900164913316655,"NEDD4, RAPGEF2, RELN, SLC30A1, SDC2, TRPC5, CUX2, SS18L1",False
C5_all,GO_BP,GOBP_CATECHOLAMINE_TRANSPORT,Catecholamine transport,7,49,998,0.007,0.0033,2.118,0.044857060457619384,0.4005431044023114,"SLC22A1, DRD1, SYT1, SLC22A3, HTR2A, CHRNA4, ABAT",False
C5_all,GO_BP,GOBP_PYRIMIDINE_CONTAINING_COMPOUND_BIOSYNTHETIC_PROCESS,Pyrimidine containing compound biosynthetic process,6,39,998,0.006,0.0026,2.281,0.044902049246465466,0.4005431044023114,"CTPS1, CPS1, UCK1, DHFR2, DHODH, SHMT1",False
C5_all,GO_BP,GOBP_VASCULAR_TRANSPORT,Vascular transport,10,81,998,0.01,0.0055,1.83,0.04531040106260853,0.40324139637260725,"SLC6A13, ABCG2, SLC6A1, SLC1A1, SLC22A1, SLCO2B1, ABCC9, SLC22A3, AVPR1A, SLC16A2",False
C5_all,GO_BP,GOBP_CELLULAR_RESPONSE_TO_INSULIN_STIMULUS,Cellular response to insulin stimulus,19,186,998,0.019,0.0126,1.514,0.046170929029084484,0.40994188501581075,"SRD5A1, GCLC, SORL1, EIF4EBP2, GPLD1, USO1, NUCKS1, PIK3R1, CPEB2, PCK2, PDE3B, CUL3, ENPP1, PDK4, RPS6KB1, HMGCS2, PNPLA3, GHR, SNX5",False
C5_all,GO_BP,GOBP_ACIDIC_AMINO_ACID_TRANSPORT,Acidic amino acid transport,8,60,998,0.008,0.0041,1.976,0.047372323821546374,0.4186570334948263,"SLC6A1, SLC6A13, SLC1A1, SLC25A13, GRM1, ARL6IP1, AVPR1A, ABAT",False
C5_all,GO_BP,GOBP_MONOAMINE_TRANSPORT,Monoamine transport,8,60,998,0.008,0.0041,1.976,0.047372323821546374,0.4186570334948263,"SLC22A1, DRD1, SYT1, SLC22A3, HTR2A, CHRNA4, MAOB, ABAT",False
C5_all,GO_BP,GOBP_DNA_METHYLATION_DEPENDENT_HETEROCHROMATIN_FORMATION,Dna methylation dependent heterochromatin formation,5,30,998,0.005,0.002,2.471,0.04827339024415576,0.42269734124135466,"ATF7IP2, TEX15, L3MBTL3, SETDB2, DNMT3L",False
C5_all,GO_BP,GOBP_INTERMEMBRANE_LIPID_TRANSFER,Intermembrane lipid transfer,5,30,998,0.005,0.002,2.471,0.04827339024415576,0.42269734124135466,"MTTP, PITPNM3, TTPA, BLTP3B, ATG2B",False
C5_all,GO_BP,GOBP_RESPONSE_TO_STEROL,Response to sterol,5,30,998,0.005,0.002,2.471,0.04827339024415576,0.42269734124135466,"GPLD1, GRAMD1C, ABCA1, LRP6, RORA",False
C5_all,GO_BP,GOBP_SENSORY_PERCEPTION_OF_SMELL,Sensory perception of smell,5,30,998,0.005,0.002,2.471,0.04827339024415576,0.42269734124135466,"SYT10, OR10J5, UGT2A1, OR5AN1, OR13C3",False
C5_all,GO_BP,GOBP_NADPH_REGENERATION,Nadph regeneration,4,21,998,0.004,0.0014,2.824,0.04909406413920768,0.424998387059641,"ALDOB, ACACB, ALDH1L1, DERA",False
C5_all,GO_BP,GOBP_ACTIVATION_OF_PHOSPHOLIPASE_C_ACTIVITY,Activation of phospholipase c activity,4,21,998,0.004,0.0014,2.824,0.04909406413920768,0.424998387059641,"EGFR, AVPR1A, HTR2A, ADRA1A",False
C5_all,GO_BP,GOBP_PYRIMIDINE_NUCLEOTIDE_CATABOLIC_PROCESS,Pyrimidine nucleotide catabolic process,4,21,998,0.004,0.0014,2.824,0.04909406413920768,0.424998387059641,"DPYD, ENTPD5, UPB1, DPYS",False
C5_all,GO_BP,GOBP_GLUTAMINE_FAMILY_AMINO_ACID_CATABOLIC_PROCESS,Glutamine family amino acid catabolic process,4,21,998,0.004,0.0014,2.824,0.04909406413920768,0.424998387059641,"ARG1, PRODH2, GLS2, GLUD1",False
C5_all,GO_BP,GOBP_SYNAPTONEMAL_COMPLEX_ORGANIZATION,Synaptonemal complex organization,4,21,998,0.004,0.0014,2.824,0.04909406413920768,0.424998387059641,"TEX15, SYCE1, TERB2, SYCP1",False
C5_all,GO_BP,GOBP_REGULATION_OF_FATTY_ACID_BIOSYNTHETIC_PROCESS,Regulation of fatty acid biosynthetic process,6,40,998,0.006,0.0027,2.224,0.04993601728897927,0.42935957077589626,"NR1H3, APOA5, PDK4, RGN, AVPR1A, PIBF1",False
C5_all,GO_BP,GOBP_REACTIVE_OXYGEN_SPECIES_BIOSYNTHETIC_PROCESS,Reactive oxygen species biosynthetic process,6,40,998,0.006,0.0027,2.224,0.04993601728897927,0.42935957077589626,"SOD1, PPARA, ACOX1, CYP1A2, ADCY10, MAOB",False
C5_all,GO_BP,GOBP_INNER_EAR_RECEPTOR_CELL_DEVELOPMENT,Inner ear receptor cell development,6,40,998,0.006,0.0027,2.224,0.04993601728897927,0.42935957077589626,"SOD1, CECR2, CDH23, ADGRV1, SEC24B, TSKU",False
C5_all,GO_BP,GOBP_CEREBRAL_CORTEX_DEVELOPMENT,Cerebral cortex development,12,105,998,0.012,0.0071,1.694,0.050186512303399315,0.43054149856677476,"CDH2, RELN, FOXP2, DAB1, SRD5A1, CDON, PEX5, RTN4, BNIP3, EGFR, PALS1, DIXDC1",False
C5_all,GO_BP,GOBP_ACTION_POTENTIAL,Action potential,15,140,998,0.015,0.0095,1.588,0.05046715208397651,0.43111101071473706,"NOS1AP, ADRA1A, KCNN2, KCNC2, SOD1, DRD1, FMR1, SCN8A, ABCC9, SLMAP, PKP2, CTNNA3, CHRNA4, KCNJ3, AKAP6",False
C5_all,GO_BP,GOBP_RESPONSE_TO_STARVATION,Response to starvation,19,188,998,0.019,0.0127,1.498,0.05047926247801857,0.43111101071473706,"SLC34A1, USP33, ACADM, MIOS, SRD5A1, ZFYVE1, ATF2, PCK2, ACAT1, PFKFB1, ALB, PPARA, FNIP1, PDK4, SLC39A5, SAR1B, HMGCS2, CPS1, PIK3R4",False
C5_all,GO_BP,GOBP_RESPONSE_TO_ESTRADIOL,Response to estradiol,11,94,998,0.011,0.0064,1.735,0.05134708716401601,0.436409373114808,"SLC34A1, SLC6A1, NRIP1, SRD5A1, ERRFI1, POSTN, EGFR, CAT, ESR1, STRN3, ALDH1A2",False
C5_all,GO_BP,GOBP_SENSORY_PERCEPTION_OF_CHEMICAL_STIMULUS,Sensory perception of chemical stimulus,8,61,998,0.008,0.0041,1.944,0.05144337320255941,0.436409373114808,"SYT10, AZGP1, TAS1R1, OR10J5, P2RX3, UGT2A1, OR5AN1, OR13C3",False
C5_all,GO_BP,GOBP_WATER_SOLUBLE_VITAMIN_METABOLIC_PROCESS,Water soluble vitamin metabolic process,8,61,998,0.008,0.0041,1.944,0.05144337320255941,0.436409373114808,"SLC46A1, GCLC, RGN, BTD, MTHFS, DHFR2, MMACHC, SHMT1",False
C5_all,GO_BP,GOBP_POSITIVE_REGULATION_OF_SMALL_MOLECULE_METABOLIC_PROCESS,Positive regulation of small molecule metabolic process,13,117,998,0.013,0.0079,1.647,0.051620671698319985,0.43694030777533516,"GPLD1, ADCY10, PPARA, ZBTB20, RDH10, NR1H3, PLIN5, RGN, GPD1, APOA5, MLYCD, HTR2A, AVPR1A",False
C5_all,GO_BP,GOBP_ENERGY_RESERVE_METABOLIC_PROCESS,Energy reserve metabolic process,10,83,998,0.01,0.0056,1.786,0.05209761594188911,0.4386088441800434,"KHK, PRKAG2, ACADM, PPP1R1A, AGL, GYS2, GNMT, ENPP1, ADCY10, ATG2B",False
C5_all,GO_BP,GOBP_REGULATION_OF_SEQUESTERING_OF_TRIGLYCERIDE,Regulation of sequestering of triglyceride,3,13,998,0.003,0.0009,3.421,0.05262384924922023,0.4386088441800434,"FITM1, PLIN5, PPARA",False
C5_all,GO_BP,GOBP_SEX_DETERMINATION,Sex determination,3,13,998,0.003,0.0009,3.421,0.05262384924922023,0.4386088441800434,"CITED2, AR, SRD5A1",False
C5_all,GO_BP,GOBP_PHOSPHATIDYLCHOLINE_ACYL_CHAIN_REMODELING,Phosphatidylcholine acyl chain remodeling,3,13,998,0.003,0.0009,3.421,0.05262384924922023,0.4386088441800434,"NR1H3, DBI, LPCAT3",False
C5_all,GO_BP,GOBP_REGULATION_OF_HEAT_GENERATION,Regulation of heat generation,3,13,998,0.003,0.0009,3.421,0.05262384924922023,0.4386088441800434,"ARRDC3, HTR2A, ABAT",False
C5_all,GO_BP,GOBP_NEGATIVE_REGULATION_OF_TRIGLYCERIDE_METABOLIC_PROCESS,Negative regulation of triglyceride metabolic process,3,13,998,0.003,0.0009,3.421,0.05262384924922023,0.4386088441800434,"GPLD1, SORL1, PLIN5",False
C5_all,GO_BP,GOBP_POSITIVE_REGULATION_OF_FATTY_ACID_OXIDATION,Positive regulation of fatty acid oxidation,3,13,998,0.003,0.0009,3.421,0.05262384924922023,0.4386088441800434,"PLIN5, PPARA, MLYCD",False
C5_all,GO_BP,GOBP_SODIUM_ION_TRANSMEMBRANE_TRANSPORT,Sodium ion transmembrane transport,16,153,998,0.016,0.0103,1.55,0.05335692397605671,0.443747867739738,"SLC34A1, SLC6A13, SLC6A1, NEDD4, WNK3, SLC6A16, SLC24A2, SHROOM2, SLC4A10, SLC17A2, SLC38A4, SCN8A, CNGA1, SLMAP, SLC13A2, SLC13A5",False
C5_all,GO_BP,GOBP_FOREBRAIN_CELL_MIGRATION,Forebrain cell migration,7,51,998,0.007,0.0034,2.035,0.05391224480837178,0.4473894127997562,"RELN, DAB1, DRD1, PEX5, RTN4, EGFR, DIXDC1",False
C5_all,GO_BP,GOBP_EMBRYONIC_AXIS_SPECIFICATION,Embryonic axis specification,5,31,998,0.005,0.0021,2.391,0.05448888716279383,0.4492384658075361,"TBX3, COBL, CXXC4, PLD6, EPB41L5",False
C5_all,GO_BP,GOBP_NEUROTRANSMITTER_REUPTAKE,Neurotransmitter reuptake,5,31,998,0.005,0.0021,2.391,0.05448888716279383,0.4492384658075361,"SLC6A1, SLC6A13, SLC22A1, DRD1, SLC22A3",False
C5_all,GO_BP,GOBP_LIVER_REGENERATION,Liver regeneration,5,31,998,0.005,0.0021,2.391,0.05448888716279383,0.4492384658075361,"GUCD1, CPB2, SERPINA10, RGN, EGFR",False
C5_all,GO_BP,GOBP_REACTIVE_OXYGEN_SPECIES_METABOLIC_PROCESS,Reactive oxygen species metabolic process,19,190,998,0.019,0.0128,1.482,0.05506556392353057,0.4520310948427259,"SOD1, GLS2, SH3PXD2A, EGFR, ADCY10, CBS, PON3, SLC1A1, DCXR, CYP1A2, XDH, SIRT5, PPARA, PLIN5, ACOX1, BNIP3, CAT, PDK4, MAOB",False
C5_all,GO_BP,GOBP_ADENYLATE_CYCLASE_MODULATING_G_PROTEIN_COUPLED_RECEPTOR_SIGNALING_PATHWAY,Adenylate cyclase modulating g protein coupled receptor signaling pathway,19,190,998,0.019,0.0128,1.482,0.05506556392353057,0.4520310948427259,"ABCA1, ADCY10, ADGRE1, ADGRG7, TSHR, AKAP6, ARRDC3, ADRA1A, RAPGEF2, LGR4, PDE3B, RAPGEF4, ADGRG6, GPHA2, GNAI1, DRD1, GRM1, ADCY1, RXFP1",False
C5_all,GO_BP,GOBP_SULFUR_COMPOUND_CATABOLIC_PROCESS,Sulfur compound catabolic process,6,41,998,0.006,0.0028,2.169,0.055302307743951236,0.4520310948427259,"MLYCD, SUCLA2, MAT1A, CDO1, CBS, ACAT1",False
C5_all,GO_BP,GOBP_NEGATIVE_REGULATION_OF_COLD_INDUCED_THERMOGENESIS,Negative regulation of cold induced thermogenesis,6,41,998,0.006,0.0028,2.169,0.055302307743951236,0.4520310948427259,"ARRDC3, NR1H3, LGR4, ABHD6, ACOT13, ACVR2B",False
C5_all,GO_BP,GOBP_DEVELOPMENT_OF_PRIMARY_SEXUAL_CHARACTERISTICS,Development of primary sexual characteristics,18,178,998,0.018,0.012,1.499,0.05554840665196686,0.4530704088594042,"ARID4A, SOD1, RHOBTB3, NRIP1, SCAPER, RDH10, AMHR2, SRD5A1, AR, NUPR1, ESR1, IDH1, REN, HSD17B4, GFRA1, CITED2, TNFSF10, DMRTA1",False
C5_all,GO_BP,GOBP_CELLULAR_RESPONSE_TO_CALCIUM_ION,Cellular response to calcium ion,8,62,998,0.008,0.0042,1.913,0.05573313130447595,0.4536057631169848,"GPLD1, CPNE8, SYT1, ADCY1, ADGRV1, CPNE3, CPNE6, KCNH1",False
C5_all,GO_BP,GOBP_PROTEIN_HOMOOLIGOMERIZATION,Protein homooligomerization,17,166,998,0.017,0.0112,1.518,0.05587022971718948,0.4537520362319291,"MICU1, KCNC2, CBR4, AQP11, SHMT1, UPB1, P2RX3, EHD3, ACACB, GNMT, ALDH1A2, ACOT13, ATL2, MAT1A, SYCP1, ALAD, HSD17B10",False
C5_all,GO_BP,GOBP_PALLIUM_DEVELOPMENT,Pallium development,16,154,998,0.016,0.0104,1.54,0.055991831448458956,0.45377209784506417,"CDH2, FXR1, RELN, FOXP2, DAB1, SRD5A1, PROX1, DRD1, CDON, PEX5, RTN4, BNIP3, EGFR, PALS1, DIXDC1, TSKU",False
C5_all,GO_BP,GOBP_POSITIVE_REGULATION_OF_LIPID_METABOLIC_PROCESS,Positive regulation of lipid metabolic process,12,107,998,0.012,0.0072,1.662,0.05650449133081979,0.45695458063501615,"GPLD1, PPARA, ZBTB20, RDH10, NR1H3, ABHD6, RGN, APOA5, PLIN5, MLYCD, HTR2A, AVPR1A",False
C5_all,GO_BP,GOBP_LONG_CHAIN_FATTY_ACID_BIOSYNTHETIC_PROCESS,Long chain fatty acid biosynthetic process,4,22,998,0.004,0.0015,2.695,0.0569175391576262,0.4573816596021059,"CYP2C8, CYP2E1, CYP1A2, GSTM4",False
C5_all,GO_BP,GOBP_SECONDARY_METABOLITE_BIOSYNTHETIC_PROCESS,Secondary metabolite biosynthetic process,4,22,998,0.004,0.0015,2.695,0.0569175391576262,0.4573816596021059,"DDT, RAPGEF2, DCT, CYP1A2",False
C5_all,GO_BP,GOBP_REGULATION_OF_HETEROCHROMATIN_FORMATION,Regulation of heterochromatin formation,4,22,998,0.004,0.0015,2.695,0.0569175391576262,0.4573816596021059,"ATF7IP2, L3MBTL3, SETDB2, DNMT3L",False
C5_all,GO_BP,GOBP_REGULATION_OF_REPRODUCTIVE_PROCESS,Regulation of reproductive process,16,155,998,0.016,0.0105,1.53,0.05871526837289114,0.4708346468049313,"SOD1, ANAPC16, PIWIL2, SERPINA10, RGN, OVGP1, AR, STK3, NUPR1, ESR1, ACVR1C, CACNA1H, SERPINF1, CITED2, TPPP2, MAEL",False
C5_all,GO_BP,GOBP_AMINE_TRANSPORT,Amine transport,9,74,998,0.009,0.005,1.803,0.06031318163843384,0.48021037246300385,"SLC6A1, CHRNA4, DRD1, AQP9, SYT1, HTR2A, ARL6IP1, AVPR1A, ABAT",False
C5_all,GO_BP,GOBP_GLYCEROPHOSPHOLIPID_METABOLIC_PROCESS,Glycerophospholipid metabolic process,26,280,998,0.0261,0.0189,1.376,0.060804470236237106,0.48021037246300385,"GPAM, PIK3C2G, PI4K2B, GPLD1, NR1H3, PIK3R1, HTR2A, PEMT, IMPA1, DBI, ACP6, PRDX6, ETNK2, ABHD6, LPCAT3, LCAT, PITPNM3, MTMR4, HYCC2, SMG1, NAPEPLD, PNPLA3, MTM1, PIK3R4, DNAJC19, LIPC",False
C5_all,GO_BP,GOBP_RESPONSE_TO_DEXAMETHASONE,Response to dexamethasone,6,42,998,0.006,0.0028,2.118,0.06100296832708239,0.48021037246300385,"RPS6KB1, CPS1, SRD5A1, EGFR, SERPINF1, PCK2",False
C5_all,GO_BP,GOBP_HOMOLOGOUS_CHROMOSOME_PAIRING_AT_MEIOSIS,Homologous chromosome pairing at meiosis,6,42,998,0.006,0.0028,2.118,0.06100296832708239,0.48021037246300385,"TEX15, SYCE1, MAJIN, TERB2, SYCP1, MAEL",False
C5_all,GO_BP,GOBP_FAT_SOLUBLE_VITAMIN_METABOLIC_PROCESS,Fat soluble vitamin metabolic process,6,42,998,0.006,0.0028,2.118,0.06100296832708239,0.48021037246300385,"TTPA, CYP27A1, GC, CYP4F11, ALDH1A2, GGCX",False
C5_all,GO_BP,GOBP_REGULATION_OF_PROTEIN_AUTOPHOSPHORYLATION,Regulation of protein autophosphorylation,5,32,998,0.005,0.0022,2.316,0.06114519050789101,0.48021037246300385,"TOM1L1, NEK10, ERRFI1, PRLR, ENPP1",False
C5_all,GO_BP,GOBP_REGULATION_OF_CHROMATIN_ORGANIZATION,Regulation of chromatin organization,5,32,998,0.005,0.0022,2.316,0.06114519050789101,0.48021037246300385,"ATF7IP2, TLK1, L3MBTL3, SETDB2, DNMT3L",False
C5_all,GO_BP,GOBP_REGULATION_OF_PHOSPHOLIPASE_C_ACTIVITY,Regulation of phospholipase c activity,5,32,998,0.005,0.0022,2.316,0.06114519050789101,0.48021037246300385,"ADRA1A, EGFR, HTR2A, ESR1, AVPR1A",False
C5_all,GO_BP,GOBP_POSITIVE_REGULATION_OF_NUCLEOTIDE_METABOLIC_PROCESS,Positive regulation of nucleotide metabolic process,5,32,998,0.005,0.0022,2.316,0.06114519050789101,0.48021037246300385,"PPARA, ZBTB20, GPD1, HTR2A, ADCY10",False
C5_all,GO_BP,GOBP_POSITIVE_REGULATION_OF_AMINE_TRANSPORT,Positive regulation of amine transport,5,32,998,0.005,0.0022,2.316,0.06114519050789101,0.48021037246300385,"SLC6A1, SYT1, ABAT, AVPR1A, ARL6IP1",False
C5_all,GO_BP,GOBP_PROGESTERONE_METABOLIC_PROCESS,Progesterone metabolic process,3,14,998,0.003,0.0009,3.176,0.06372087202277192,0.48934032567487545,"CYP17A1, AKR1C4, SRD5A1",False
C5_all,GO_BP,GOBP_NEGATIVE_REGULATION_OF_FATTY_ACID_OXIDATION,Negative regulation of fatty acid oxidation,3,14,998,0.003,0.0009,3.176,0.06372087202277192,0.48934032567487545,"PLIN5, ETFBKMT, ACACB",False
C5_all,GO_BP,GOBP_PURINE_DEOXYRIBONUCLEOTIDE_METABOLIC_PROCESS,Purine deoxyribonucleotide metabolic process,3,14,998,0.003,0.0009,3.176,0.06372087202277192,0.48934032567487545,"NUDT16, ADK, XDH",False
C5_all,GO_BP,GOBP_CATECHOLAMINE_UPTAKE,Catecholamine uptake,3,14,998,0.003,0.0009,3.176,0.06372087202277192,0.48934032567487545,"DRD1, SLC22A3, SLC22A1",False
C5_all,GO_BP,GOBP_MONOACYLGLYCEROL_METABOLIC_PROCESS,Monoacylglycerol metabolic process,3,14,998,0.003,0.0009,3.176,0.06372087202277192,0.48934032567487545,"DGAT2, ABHD6, MOGAT2",False
C5_all,GO_BP,GOBP_NEUROTRANSMITTER_GATED_ION_CHANNEL_CLUSTERING,Neurotransmitter gated ion channel clustering,3,14,998,0.003,0.0009,3.176,0.06372087202277192,0.48934032567487545,"GPHN, SLITRK3, RELN",False
C5_all,GO_BP,GOBP_RESPONSE_TO_VITAMIN_A,Response to vitamin a,3,14,998,0.003,0.0009,3.176,0.06372087202277192,0.48934032567487545,"SLC34A1, CAT, ALDH1A2",False
C5_all,GO_BP,GOBP_NEUROBLAST_DIVISION,Neuroblast division,3,14,998,0.003,0.0009,3.176,0.06372087202277192,0.48934032567487545,"NUMB, SOX5, DCT",False
C5_all,GO_BP,GOBP_3_PHOSPHOADENOSINE_5_PHOSPHOSULFATE_METABOLIC_PROCESS,3 phosphoadenosine 5 phosphosulfate metabolic process,3,14,998,0.003,0.0009,3.176,0.06372087202277192,0.48934032567487545,"ENPP1, SULT1E1, SULT1B1",False
C5_all,GO_BP,GOBP_LACTONE_METABOLIC_PROCESS,Lactone metabolic process,3,14,998,0.003,0.0009,3.176,0.06372087202277192,0.48934032567487545,"PON3, RGN, GCLC",False
C5_all,GO_BP,GOBP_RETINAL_METABOLIC_PROCESS,Retinal metabolic process,3,14,998,0.003,0.0009,3.176,0.06372087202277192,0.48934032567487545,"ALDH8A1, ALDH1A2, RDH10",False
C5_all,GO_BP,GOBP_NUCLEOSIDE_TRIPHOSPHATE_METABOLIC_PROCESS,Nucleoside triphosphate metabolic process,22,231,998,0.022,0.0156,1.412,0.0641469366461703,0.4916210899099852,"DHTKD1, CTPS1, NUDT16, ADCY10, ALDOB, ZBTB20, HTR2A, UCK1, PFKFB1, PRKAG2, NCOR1, SLC25A13, ADK, PPARA, LDHC, ENPP3, ABCC6, NUPR1, ENPP1, PGM1, CLPX, GPD1",False
C5_all,GO_BP,GOBP_RENAL_SYSTEM_DEVELOPMENT,Renal system development,26,282,998,0.0261,0.0191,1.367,0.06506263332614967,0.4924893209718523,"SLC34A1, C1GALT1, MME, NFIA, PROX1, ENPEP, MTSS1, KLF15, HS3ST3B1, ACVR2B, REN, GFRA1, ACAT1, SLC22A1, RDH10, LGR4, BMPER, CAT, HMGCS2, IL6R, AQP11, HS2ST1, RGN, GREB1L, SERPINF1, ALDH1A2",False
C5_all,GO_BP,GOBP_PYRIMIDINE_DEOXYRIBONUCLEOTIDE_METABOLIC_PROCESS,Pyrimidine deoxyribonucleotide metabolic process,4,23,998,0.004,0.0016,2.578,0.0653667405403379,0.4924893209718523,"DPYD, UPB1, DPYS, SHMT1",False
C5_all,GO_BP,GOBP_POSITIVE_REGULATION_OF_PEPTIDYL_THREONINE_PHOSPHORYLATION,Positive regulation of peptidyl threonine phosphorylation,4,23,998,0.004,0.0016,2.578,0.0653667405403379,0.4924893209718523,"TRPC5, ADCY10, PRKAG2, WNK3",False
C5_all,GO_BP,GOBP_REGULATION_OF_NUCLEOTIDE_BIOSYNTHETIC_PROCESS,Regulation of nucleotide biosynthetic process,4,23,998,0.004,0.0016,2.578,0.0653667405403379,0.4924893209718523,"ADCY10, PDK4, PPARA, ACMSD",False
C5_all,GO_BP,GOBP_PHYSIOLOGICAL_CARDIAC_MUSCLE_HYPERTROPHY,Physiological cardiac muscle hypertrophy,4,23,998,0.004,0.0016,2.578,0.0653667405403379,0.4924893209718523,"AKAP6, ADRA1A, PPARA, TOMM70",False
C5_all,GO_BP,GOBP_MODULATION_BY_HOST_OF_VIRAL_GENOME_REPLICATION,Modulation by host of viral genome replication,4,23,998,0.004,0.0016,2.578,0.0653667405403379,0.4924893209718523,"FMR1, NUCKS1, SMC6, ZFYVE1",False
C5_all,GO_BP,GOBP_ORGANISM_EMERGENCE_FROM_PROTECTIVE_STRUCTURE,Organism emergence from protective structure,4,23,998,0.004,0.0016,2.578,0.0653667405403379,0.4924893209718523,"PPP4R4, SMIM14, PEMT, AKAP3",False
C5_all,GO_BP,GOBP_PURINE_NUCLEOSIDE_METABOLIC_PROCESS,Purine nucleoside metabolic process,4,23,998,0.004,0.0016,2.578,0.0653667405403379,0.4924893209718523,"GNMT, MACROD2, ADK, XDH",False
C5_all,GO_BP,GOBP_RESPONSE_TO_ALCOHOL,Response to alcohol,21,219,998,0.021,0.0148,1.421,0.06542388984293969,0.4924893209718523,"SOD1, ABCA1, ADH7, AVPR1A, GPLD1, SETD7, KCNC2, CDO1, ALAD, ABAT, PPARA, GRIN3A, ITPR2, CAT, MAOB, LRP6, GRAMD1C, RPS6KB1, HMGCS2, GNAI1, ADCY1",False
C5_all,GO_BP,GOBP_REGULATION_OF_CIRCADIAN_RHYTHM,Regulation of circadian rhythm,11,98,998,0.011,0.0066,1.664,0.06561385130207704,0.4929450879873993,"FXR1, PIWIL2, PPARA, NR1H3, PROX1, PHLPP1, CIPC, CRY2, RORA, PER3, ADCY1",False
C5_all,GO_BP,GOBP_RESPONSE_TO_COCAINE,Response to cocaine,6,43,998,0.006,0.0029,2.068,0.06703884392838097,0.5026593632346518,"SLC6A1, SLC1A1, DRD1, HOMER2, HTR2A, ABAT",False
C5_all,GO_BP,GOBP_REPRODUCTIVE_BEHAVIOR,Reproductive behavior,5,33,998,0.005,0.0022,2.246,0.06824067820863948,0.5076733267513823,"THRB, DRD1, AVPR1A, DMRTA1, ABAT",False
C5_all,GO_BP,GOBP_REGULATION_OF_MUSCLE_TISSUE_DEVELOPMENT,Regulation of muscle tissue development,5,33,998,0.005,0.0022,2.246,0.06824067820863948,0.5076733267513823,"RPS6KB1, ERBB3, CDON, MTM1, MEGF10",False
C5_all,GO_BP,GOBP_POSITIVE_REGULATION_OF_POTASSIUM_ION_TRANSPORT,Positive regulation of potassium ion transport,5,33,998,0.005,0.0022,2.246,0.06824067820863948,0.5076733267513823,"LRRC55, KCNC2, DRD1, AKAP6, NOS1AP",False
C5_all,GO_BP,GOBP_NEGATIVE_REGULATION_OF_FATTY_ACID_METABOLIC_PROCESS,Negative regulation of fatty acid metabolic process,5,33,998,0.005,0.0022,2.246,0.06824067820863948,0.5076733267513823,"NCOR1, PLIN5, ACACB, ETFBKMT, PIBF1",False
C5_all,GO_BP,GOBP_REGULATION_OF_ORGAN_GROWTH,Regulation of organ growth,9,76,998,0.009,0.0051,1.755,0.06915210166893228,0.5134509849063607,"SOD1, PPARA, TOMM70, PROX1, STK3, ACACB, MAEL, CITED2, AKAP6",False
C5_all,GO_BP,GOBP_REGULATION_OF_MUSCLE_HYPERTROPHY,Regulation of muscle hypertrophy,7,54,998,0.007,0.0037,1.922,0.06949508373299311,0.5149937236166746,"ADRA1A, PPARA, TOMM70, ACACB, TRPC3, ADCY10, AKAP6",False
C5_all,GO_BP,GOBP_GLUCOSE_IMPORT,Glucose import,8,65,998,0.008,0.0044,1.824,0.06993513494234552,0.5152474448653657,"PRKAG2, RPS6KB1, DRD1, PIK3R1, ACACB, KLF15, ENPP1, SLC2A2",False
C5_all,GO_BP,GOBP_REGULATION_OF_CELLULAR_RESPONSE_TO_INSULIN_STIMULUS,Regulation of cellular response to insulin stimulus,8,65,998,0.008,0.0044,1.824,0.06993513494234552,0.5152474448653657,"GPLD1, RPS6KB1, USO1, SORL1, NUCKS1, SNX5, CUL3, ENPP1",False
C5_all,GO_BP,GOBP_CIRCADIAN_REGULATION_OF_GENE_EXPRESSION,Circadian regulation of gene expression,8,65,998,0.008,0.0044,1.824,0.06993513494234552,0.5152474448653657,"NRIP1, PPARA, LGR4, NUDT12, KDM8, CRY2, PER3, RORA",False
C5_all,GO_BP,GOBP_CELLULAR_RESPONSE_TO_GLUCOCORTICOID_STIMULUS,Cellular response to glucocorticoid stimulus,6,44,998,0.006,0.003,2.021,0.07340959369579278,0.5386311825648926,"RPS6KB1, HMGCS2, SRD5A1, EGFR, SERPINF1, PCK2",False
C5_all,GO_BP,GOBP_DOPAMINE_SECRETION,Dopamine secretion,4,24,998,0.004,0.0016,2.471,0.07442945427448337,0.5386311825648926,"CHRNA4, HTR2A, ABAT, SYT1",False
C5_all,GO_BP,GOBP_THYROID_HORMONE_METABOLIC_PROCESS,Thyroid hormone metabolic process,4,24,998,0.004,0.0016,2.471,0.07442945427448337,0.5386311825648926,"SLC16A10, IYD, SULT1B1, SLC16A2",False
C5_all,GO_BP,GOBP_POSITIVE_REGULATION_OF_LYASE_ACTIVITY,Positive regulation of lyase activity,4,24,998,0.004,0.0016,2.471,0.07442945427448337,0.5386311825648926,"LGR4, RXFP1, DRD1, TSHR",False
C5_all,GO_BP,GOBP_POSITIVE_REGULATION_OF_CYCLASE_ACTIVITY,Positive regulation of cyclase activity,4,24,998,0.004,0.0016,2.471,0.07442945427448337,0.5386311825648926,"LGR4, RXFP1, DRD1, TSHR",False
C5_all,GO_BP,GOBP_NEGATIVE_REGULATION_OF_EPITHELIAL_CELL_PROLIFERATION,Negative regulation of epithelial cell proliferation,12,112,998,0.012,0.0076,1.588,0.0745628357000291,0.5386311825648926,"MCC, CPB2, AQP11, TRIM24, RGN, AR, XDH, MTSS1, PTPRK, STK3, NUPR1, SERPINF1",False
C5_all,GO_BP,GOBP_REGULATION_OF_CHOLESTEROL_METABOLIC_PROCESS,Regulation of cholesterol metabolic process,5,34,998,0.005,0.0023,2.18,0.07577168901275946,0.5386311825648926,"SOD1, FMO5, EPHX2, SEC14L2, LPCAT3",False
C5_all,GO_BP,GOBP_VASCULAR_ENDOTHELIAL_GROWTH_FACTOR_PRODUCTION,Vascular endothelial growth factor production,5,34,998,0.005,0.0023,2.18,0.07577168901275946,0.5386311825648926,"ARNT, IL6R, C5, RORA, NDRG2",False
C5_all,GO_BP,GOBP_PLASMA_LIPOPROTEIN_PARTICLE_CLEARANCE,Plasma lipoprotein particle clearance,5,34,998,0.005,0.0023,2.18,0.07577168901275946,0.5386311825648926,"GPLD1, LIPG, CES3, DGAT2, LIPC",False
C5_all,GO_BP,GOBP_POLYAMINE_TRANSPORT,Polyamine transport,3,15,998,0.003,0.001,2.965,0.07579582931341099,0.5386311825648926,"SLC22A3, SLC47A1, SLC22A1",False
C5_all,GO_BP,GOBP_NEGATIVE_REGULATION_OF_ALPHA_BETA_T_CELL_PROLIFERATION,Negative regulation of alpha beta t cell proliferation,3,15,998,0.003,0.001,2.965,0.07579582931341099,0.5386311825648926,"ITCH, CLEC4G, NDFIP1",False
C5_all,GO_BP,GOBP_INHIBITORY_POSTSYNAPTIC_POTENTIAL,Inhibitory postsynaptic potential,3,15,998,0.003,0.001,2.965,0.07579582931341099,0.5386311825648926,"CHRNA4, ABAT, CHRNA2",False
C5_all,GO_BP,GOBP_HYPOTHALAMUS_DEVELOPMENT,Hypothalamus development,3,15,998,0.003,0.001,2.965,0.07579582931341099,0.5386311825648926,"NDNF, HAP1, SRD5A1",False
C5_all,GO_BP,GOBP_OPSONIZATION,Opsonization,3,15,998,0.003,0.001,2.965,0.07579582931341099,0.5386311825648926,"COLEC10, C4BPB, FCN2",False
C5_all,GO_BP,GOBP_RIBOSOMAL_SUBUNIT_EXPORT_FROM_NUCLEUS,Ribosomal subunit export from nucleus,3,15,998,0.003,0.001,2.965,0.07579582931341099,0.5386311825648926,"NUP88, MDN1, NMD3",False
C5_all,GO_BP,GOBP_GLUTAMINE_FAMILY_AMINO_ACID_BIOSYNTHETIC_PROCESS,Glutamine family amino acid biosynthetic process,3,15,998,0.003,0.001,2.965,0.07579582931341099,0.5386311825648926,"NAGS, GLS2, GLUD1",False
C5_all,GO_BP,GOBP_PYRIMIDINE_NUCLEOSIDE_MONOPHOSPHATE_BIOSYNTHETIC_PROCESS,Pyrimidine nucleoside monophosphate biosynthetic process,3,15,998,0.003,0.001,2.965,0.07579582931341099,0.5386311825648926,"SHMT1, DHODH, UCK1",False
C5_all,GO_BP,GOBP_MRNA_METHYLGUANOSINE_CAP_DECAPPING,Mrna methylguanosine cap decapping,3,15,998,0.003,0.001,2.965,0.07579582931341099,0.5386311825648926,"CNOT7, PATL1, NUDT12",False
C5_all,GO_BP,GOBP_2_OXOGLUTARATE_METABOLIC_PROCESS,2 oxoglutarate metabolic process,3,15,998,0.003,0.001,2.965,0.07579582931341099,0.5386311825648926,"AADAT, L2HGDH, IDH1",False
C5_all,GO_BP,GOBP_REGULATION_OF_DENDRITE_DEVELOPMENT,Regulation of dendrite development,10,89,998,0.01,0.006,1.666,0.07636969642666785,0.5406917726564644,"NEDD4, RAPGEF2, RELN, SLC30A1, COBL, SDC2, CSMD3, TRPC5, CUX2, SS18L1",False
C5_all,GO_BP,GOBP_REGULATION_OF_GLUCOSE_METABOLIC_PROCESS,Regulation of glucose metabolic process,10,89,998,0.01,0.006,1.666,0.07636969642666785,0.5406917726564644,"GPLD1, ACADM, PPARA, RGN, PDK4, ACACB, GNMT, MLYCD, RORA, ADCY10",False
C5_all,GO_BP,GOBP_ATP_METABOLIC_PROCESS,Atp metabolic process,18,186,998,0.018,0.0126,1.435,0.07777012129052378,0.5495851428489891,"ALDOB, PFKFB1, PRKAG2, NCOR1, SLC25A13, ZBTB20, PPARA, DHTKD1, CLPX, GPD1, LDHC, ENPP3, ABCC6, NUPR1, HTR2A, ENPP1, ADCY10, PGM1",False
C5_all,GO_BP,GOBP_REGULATION_OF_LIPID_STORAGE,Regulation of lipid storage,6,45,998,0.006,0.003,1.976,0.08011371557880409,0.5640538680954986,"ABCA1, PPARA, NR1H3, PLIN5, ACACB, FITM1",False
C5_all,GO_BP,GOBP_REGULATION_OF_MITOCHONDRIAL_MEMBRANE_PERMEABILITY,Regulation of mitochondrial membrane permeability,6,45,998,0.006,0.003,1.976,0.08011371557880409,0.5640538680954986,"GCLC, ACAA2, BNIP3, TMEM14A, ATF2, RHOT1",False
C5_all,GO_BP,GOBP_MUSCLE_ADAPTATION,Muscle adaptation,10,90,998,0.01,0.0061,1.647,0.08099941007295562,0.5692375516012693,"ADRA1A, RPS6KB1, PPARA, TOMM70, ACACB, KLF15, GATM, TRPC3, ADCY10, AKAP6",False
C5_all,GO_BP,GOBP_STEROID_HORMONE_BIOSYNTHETIC_PROCESS,Steroid hormone biosynthetic process,5,35,998,0.005,0.0024,2.118,0.08373262052850226,0.5794914814958964,"HSD17B8, SRD5A1, CACNA1H, CYP17A1, HSD17B6",False
C5_all,GO_BP,GOBP_NEGATIVE_REGULATION_OF_BLOOD_PRESSURE,Negative regulation of blood pressure,5,35,998,0.005,0.0024,2.118,0.08373262052850226,0.5794914814958964,"ADRA1A, PPARA, ABCC9, SNX5, ABAT",False
C5_all,GO_BP,GOBP_ESTABLISHMENT_OF_PROTEIN_LOCALIZATION_TO_ENDOPLASMIC_RETICULUM,Establishment of protein localization to endoplasmic reticulum,5,35,998,0.005,0.0024,2.118,0.08373262052850226,0.5794914814958964,"SRPRA, EDEM1, SEC61A2, SEC62, SRP54",False
C5_all,GO_BP,GOBP_PROTEIN_HETEROOLIGOMERIZATION,Protein heterooligomerization,4,25,998,0.004,0.0017,2.372,0.08408980397186898,0.5794914814958964,"HSD17B8, KCNC2, CBR4, SYT1",False
C5_all,GO_BP,GOBP_POSITIVE_REGULATION_OF_MUSCLE_HYPERTROPHY,Positive regulation of muscle hypertrophy,4,25,998,0.004,0.0017,2.372,0.08408980397186898,0.5794914814958964,"ADCY10, ADRA1A, TRPC3, AKAP6",False
C5_all,GO_BP,GOBP_NUCLEOBASE_CONTAINING_SMALL_MOLECULE_CATABOLIC_PROCESS,Nucleobase containing small molecule catabolic process,4,25,998,0.004,0.0017,2.372,0.08408980397186898,0.5794914814958964,"DPYD, DERA, UPB1, XDH",False
C5_all,GO_BP,GOBP_ADRENERGIC_RECEPTOR_SIGNALING_PATHWAY,Adrenergic receptor signaling pathway,4,25,998,0.004,0.0017,2.372,0.08408980397186898,0.5794914814958964,"ARRDC3, ADRA1A, RAPGEF2, DRD1",False
C5_all,GO_BP,GOBP_DIACYLGLYCEROL_METABOLIC_PROCESS,Diacylglycerol metabolic process,4,25,998,0.004,0.0017,2.372,0.08408980397186898,0.5794914814958964,"MOGAT1, DGAT2, GPAM, MOGAT2",False
C5_all,GO_BP,GOBP_CARTILAGE_DEVELOPMENT_INVOLVED_IN_ENDOCHONDRAL_BONE_MORPHOGENESIS,Cartilage development involved in endochondral bone morphogenesis,4,25,998,0.004,0.0017,2.372,0.08408980397186898,0.5794914814958964,"TSKU, GHR, CBS, ATF2",False
C5_all,GO_BP,GOBP_FIBRINOLYSIS,Fibrinolysis,4,25,998,0.004,0.0017,2.372,0.08408980397186898,0.5794914814958964,"KLKB1, F11, CPB2, PLG",False
C5_all,GO_BP,GOBP_METHYLATION,Methylation,18,188,998,0.018,0.0127,1.419,0.0841320003326938,0.5794914814958964,"ALKBH8, SETD7, TMT1A, TRMT10A, NSUN6, SETDB2, CYP1A2, GNMT, ETFBKMT, TRMT1L, PEMT, DNMT3L, HNMT, PCMT1, MGMT, BHMT, COQ5, HSD17B10",False
C5_all,GO_BP,GOBP_SENSORY_PERCEPTION_OF_MECHANICAL_STIMULUS,Sensory perception of mechanical stimulus,15,151,998,0.015,0.0102,1.473,0.08500968489192193,0.5844799454031239,"SOD1, TBL1X, TMTC4, THRB, ALDH7A1, COL11A2, CDH23, HOMER2, SLC26A5, CLRN3, ESPNL, HTR2A, USH2A, DIAPH1, ADGRV1",False
C5_all,GO_BP,GOBP_DICARBOXYLIC_ACID_TRANSPORT,Dicarboxylic acid transport,10,91,998,0.01,0.0062,1.629,0.08579788912419496,0.5888363237370425,"SLC1A1, SLC25A13, SLC46A1, SLC13A2, SLC26A5, SLC13A5, GRM1, ABAT, AVPR1A, ARL6IP1",False
C5_all,GO_BP,GOBP_CAMP_MEDIATED_SIGNALING,Camp mediated signaling,6,46,998,0.006,0.0031,1.934,0.0871485776262419,0.591263702004131,"RAPGEF2, GNAI1, PDE3B, ADGRG6, ADCY1, PEX5L",False
C5_all,GO_BP,GOBP_SENSORY_PERCEPTION,Sensory perception,34,396,998,0.0341,0.0268,1.273,0.08738061912854177,0.591263702004131,"SYT10, SOD1, TMTC4, OR10J5, MME, CNGA1, CLRN3, DIAPH1, ADGRV1, OR13C3, AZGP1, TAS1R1, THRB, HOMER2, SLC26A5, TMEM150C, ESPNL, HTR2A, USH2A, TBL1X, CYP4V2, RDH10, ALDH7A1, COL11A2, SLC4A10, P2RX3, ABCC6, POU6F2, CDH23, UGT2A1, GRM1, OR5AN1, CHRNA4, DNAJC19",False
C5_all,GO_BP,GOBP_RESPONSE_TO_ESTROGEN,Response to estrogen,7,57,998,0.007,0.0039,1.82,0.0875006546218768,0.591263702004131,"SRD5A1, MME, TRIM24, ASH2L, AR, ESR1, CITED2",False
C5_all,GO_BP,GOBP_L_GLUTAMATE_IMPORT_ACROSS_PLASMA_MEMBRANE,L glutamate import across plasma membrane,3,16,998,0.003,0.0011,2.779,0.08879045354328248,0.591263702004131,"GRM1, SLC1A1, ARL6IP1",False
C5_all,GO_BP,GOBP_REGULATION_OF_POSTSYNAPTIC_DENSITY_ORGANIZATION,Regulation of postsynaptic density organization,3,16,998,0.003,0.0011,2.779,0.08879045354328248,0.591263702004131,"CDH2, SLC30A1, IL1RAP",False
C5_all,GO_BP,GOBP_GENOMIC_IMPRINTING,Genomic imprinting,3,16,998,0.003,0.0011,2.779,0.08879045354328248,0.591263702004131,"ARID4A, DNMT3L, MAEL",False
C5_all,GO_BP,GOBP_DICARBOXYLIC_ACID_CATABOLIC_PROCESS,Dicarboxylic acid catabolic process,3,16,998,0.003,0.0011,2.779,0.08879045354328248,0.591263702004131,"MTHFS, ALDH1L1, GLUD1",False
C5_all,GO_BP,GOBP_REGULATION_OF_CELL_GROWTH_INVOLVED_IN_CARDIAC_MUSCLE_CELL_DEVELOPMENT,Regulation of cell growth involved in cardiac muscle cell development,3,16,998,0.003,0.0011,2.779,0.08879045354328248,0.591263702004131,"AKAP6, PPARA, TOMM70",False
C5_all,GO_BP,GOBP_PHASIC_SMOOTH_MUSCLE_CONTRACTION,Phasic smooth muscle contraction,3,16,998,0.003,0.0011,2.779,0.08879045354328248,0.591263702004131,"DRD1, TBX3, P2RX3",False
C5_all,GO_BP,GOBP_REGULATION_OF_VASCULOGENESIS,Regulation of vasculogenesis,3,16,998,0.003,0.0011,2.779,0.08879045354328248,0.591263702004131,"RAPGEF2, ASB4, XDH",False
C5_all,GO_BP,GOBP_FEMALE_GENITALIA_DEVELOPMENT,Female genitalia development,3,16,998,0.003,0.0011,2.779,0.08879045354328248,0.591263702004131,"TBX3, ESR1, SRD5A1",False
C5_all,GO_BP,GOBP_PYRIMIDINE_CONTAINING_COMPOUND_TRANSMEMBRANE_TRANSPORT,Pyrimidine containing compound transmembrane transport,3,16,998,0.003,0.0011,2.779,0.08879045354328248,0.591263702004131,"SLC47A1, AQP9, SLC22A1",False
C5_all,GO_BP,GOBP_AMIDE_CATABOLIC_PROCESS,Amide catabolic process,3,16,998,0.003,0.0011,2.779,0.08879045354328248,0.591263702004131,"AADAT, PIPOX, XDH",False
C5_all,GO_BP,GOBP_REGULATION_OF_MITOCHONDRIAL_OUTER_MEMBRANE_PERMEABILIZATION_INVOLVED_IN_APOPTOTIC_SIGNALING_PATHWAY,Regulation of mitochondrial outer membrane permeabilization involved in apoptotic signaling pathway,3,16,998,0.003,0.0011,2.779,0.08879045354328248,0.591263702004131,"ACAA2, TMEM14A, GCLC",False
C5_all,GO_BP,GOBP_SRP_DEPENDENT_COTRANSLATIONAL_PROTEIN_TARGETING_TO_MEMBRANE,Srp dependent cotranslational protein targeting to membrane,3,16,998,0.003,0.0011,2.779,0.08879045354328248,0.591263702004131,"SRPRA, SRP54, SEC61A2",False
C5_all,GO_BP,GOBP_MAMMARY_GLAND_ALVEOLUS_DEVELOPMENT,Mammary gland alveolus development,3,16,998,0.003,0.0011,2.779,0.08879045354328248,0.591263702004131,"PRLR, ESR1, AR",False
C5_all,GO_BP,GOBP_NEGATIVE_REGULATION_OF_DEFENSE_RESPONSE_TO_VIRUS,Negative regulation of defense response to virus,3,16,998,0.003,0.0011,2.779,0.08879045354328248,0.591263702004131,"ILRUN, ITCH, PPM1B",False
C5_all,GO_BP,GOBP_LIMBIC_SYSTEM_DEVELOPMENT,Limbic system development,10,92,998,0.01,0.0062,1.611,0.09076519607589154,0.6033588688535267,"NDNF, FXR1, RELN, DAB1, DRD1, PROX1, SRD5A1, TBX3, HAP1, TSKU",False
C5_all,GO_BP,GOBP_REGULATION_OF_CYCLASE_ACTIVITY,Regulation of cyclase activity,5,36,998,0.005,0.0024,2.059,0.09211603756567369,0.6096031536064452,"LGR4, DRD1, TSHR, ADGRV1, RXFP1",False
C5_all,GO_BP,GOBP_POSITIVE_REGULATION_OF_PHOSPHOLIPASE_ACTIVITY,Positive regulation of phospholipase activity,5,36,998,0.005,0.0024,2.059,0.09211603756567369,0.6096031536064452,"ADRA1A, EGFR, HTR2A, ESR1, AVPR1A",False
C5_all,GO_BP,GOBP_ENERGY_DERIVATION_BY_OXIDATION_OF_ORGANIC_COMPOUNDS,Energy derivation by oxidation of organic compounds,25,280,998,0.0251,0.0189,1.324,0.09218467221772447,0.6096031536064452,"ACADM, AGL, MTFR1, COX7A2L, ADCY10, LYRM7, ETFDH, PPP1R1A, CYP1A2, ETFRF1, IDH1, PRKAG2, SLC25A13, COQ10A, BNIP3, CAT, GNMT, NUPR1, SUCLA2, ENPP1, ATG2B, TMEM135, KHK, GPD1, GYS2",False
C5_all,GO_BP,GOBP_RETINA_MORPHOGENESIS_IN_CAMERA_TYPE_EYE,Retina morphogenesis in camera type eye,7,58,998,0.007,0.0039,1.789,0.09403754559238703,0.6162912507153943,"SLC1A1, THRB, CDON, PROX1, MAN2A1, HIPK2, TSPAN12",False
C5_all,GO_BP,GOBP_MECHANORECEPTOR_DIFFERENTIATION,Mechanoreceptor differentiation,7,58,998,0.007,0.0039,1.789,0.09403754559238703,0.6162912507153943,"SOD1, CECR2, CDH23, USH2A, ADGRV1, SEC24B, TSKU",False
C5_all,GO_BP,GOBP_STEROL_BIOSYNTHETIC_PROCESS,Sterol biosynthetic process,7,58,998,0.007,0.0039,1.789,0.09403754559238703,0.6162912507153943,"SOD1, PRKAG2, HMGCS2, ACAA2, SEC14L2, LPCAT3, FAXDC2",False
C5_all,GO_BP,GOBP_POSITIVE_REGULATION_OF_POTASSIUM_ION_TRANSMEMBRANE_TRANSPORT,Positive regulation of potassium ion transmembrane transport,4,26,998,0.004,0.0018,2.281,0.09432864246969674,0.6162912507153943,"NOS1AP, LRRC55, KCNC2, AKAP6",False
C5_all,GO_BP,GOBP_RESPONSE_TO_FOOD,Response to food,4,26,998,0.004,0.0018,2.281,0.09432864246969674,0.6162912507153943,"GHR, PPARA, TMEM135, CPS1",False
C5_all,GO_BP,GOBP_PROTEIN_LIPID_COMPLEX_ASSEMBLY,Protein lipid complex assembly,4,26,998,0.004,0.0018,2.281,0.09432864246969674,0.6162912507153943,"MTTP, ABCA1, LCAT, LPCAT3",False
C5_all,GO_BP,GOBP_NEGATIVE_REGULATION_OF_ORGAN_GROWTH,Negative regulation of organ growth,4,26,998,0.004,0.0018,2.281,0.09432864246969674,0.6162912507153943,"STK3, CITED2, PPARA, TOMM70",False
C5_all,GO_BP,GOBP_RESPONSE_TO_ALKALOID,Response to alkaloid,9,81,998,0.009,0.0055,1.647,0.09461619494458647,0.6167646560592311,"SLC34A1, SLC6A1, SLC1A1, DRD1, HOMER2, HTR2A, BCHE, TMEM38B, ABAT",False
C5_all,GO_BP,GOBP_RHYTHMIC_PROCESS,Rhythmic process,23,255,998,0.023,0.0172,1.337,0.09472494717633244,0.6167646560592311,"EGFR, CIPC, CRY2, MTTP, PIWIL2, NRIP1, NR1H3, PROX1, PHLPP1, PER3, FXR1, NCOR1, PPARA, LGR4, GRIN3A, ESR1, SCAPER, NUDT12, KDM8, RORA, ADCY1, SERPINF1, KCNH7",False
C5_all,GO_BP,GOBP_CELLULAR_RESPONSE_TO_STEROID_HORMONE_STIMULUS,Cellular response to steroid hormone stimulus,17,180,998,0.017,0.0122,1.4,0.10021852084339208,0.6514203854820485,"TFPI, NEDD4, RPS6KB1, NR3C2, NCOR1, HMGCS2, PPARA, SRD5A1, ERRFI1, AR, SKP2, EGFR, CRY2, ESR1, SERPINF1, PCK2, STRN3",False
C5_all,GO_BP,GOBP_PANCREAS_DEVELOPMENT,Pancreas development,7,59,998,0.007,0.004,1.759,0.10083836155669287,0.6516026948222504,"CDH2, IL6R, PROX1, SRP54, ACVR2B, NR5A2, ALDH1A2",False
C5_all,GO_BP,GOBP_PHOSPHATIDYLINOSITOL_PHOSPHATE_BIOSYNTHETIC_PROCESS,Phosphatidylinositol phosphate biosynthetic process,7,59,998,0.007,0.004,1.759,0.10083836155669287,0.6516026948222504,"PI4K2B, HYCC2, PIK3R1, SMG1, PIK3R4, IMPA1, PIK3C2G",False
C5_all,GO_BP,GOBP_REGULATION_OF_PEPTIDYL_THREONINE_PHOSPHORYLATION,Regulation of peptidyl threonine phosphorylation,5,37,998,0.005,0.0025,2.003,0.1009127886468668,0.6516026948222504,"ADCY10, PRKAG2, WNK3, TTC36, TRPC5",False
C5_all,GO_BP,GOBP_REGULATION_OF_CHOLESTEROL_STORAGE,Regulation of cholesterol storage,3,17,998,0.003,0.0011,2.616,0.10264153764593076,0.6516026948222504,"NR1H3, ABCA1, PPARA",False
C5_all,GO_BP,GOBP_PHOSPHOLIPID_HOMEOSTASIS,Phospholipid homeostasis,3,17,998,0.003,0.0011,2.616,0.10264153764593076,0.6516026948222504,"LIPG, ABCA1, GPAM",False
C5_all,GO_BP,GOBP_NEGATIVE_REGULATION_OF_RECEPTOR_SIGNALING_PATHWAY_VIA_JAK_STAT,Negative regulation of receptor signaling pathway via jak stat,3,17,998,0.003,0.0011,2.616,0.10264153764593076,0.6516026948222504,"GBP7, PIBF1, DAB1",False
C5_all,GO_BP,GOBP_POSITIVE_REGULATION_OF_NEURON_MIGRATION,Positive regulation of neuron migration,3,17,998,0.003,0.0011,2.616,0.10264153764593076,0.6516026948222504,"DRD1, RAPGEF2, RELN",False
C5_all,GO_BP,GOBP_CYCLIC_NUCLEOTIDE_BIOSYNTHETIC_PROCESS,Cyclic nucleotide biosynthetic process,3,17,998,0.003,0.0011,2.616,0.10264153764593076,0.6516026948222504,"GUCY2C, ADCY10, ADCY1",False
C5_all,GO_BP,GOBP_POSITIVE_REGULATION_OF_LONG_TERM_SYNAPTIC_POTENTIATION,Positive regulation of long term synaptic potentiation,3,17,998,0.003,0.0011,2.616,0.10264153764593076,0.6516026948222504,"MME, RELN, ADCY1",False
C5_all,GO_BP,GOBP_CELLULAR_RESPONSE_TO_ESTROGEN_STIMULUS,Cellular response to estrogen stimulus,3,17,998,0.003,0.0011,2.616,0.10264153764593076,0.6516026948222504,"ESR1, TRIM24, AR",False
C5_all,GO_BP,GOBP_METANEPHRIC_TUBULE_DEVELOPMENT,Metanephric tubule development,3,17,998,0.003,0.0011,2.616,0.10264153764593076,0.6516026948222504,"LGR4, SLC22A1, ACAT1",False
C5_all,GO_BP,GOBP_HEAT_GENERATION,Heat generation,3,17,998,0.003,0.0011,2.616,0.10264153764593076,0.6516026948222504,"ARRDC3, HTR2A, ABAT",False
C5_all,GO_BP,GOBP_NONRIBOSOMAL_PEPTIDE_BIOSYNTHETIC_PROCESS,Nonribosomal peptide biosynthetic process,3,17,998,0.003,0.0011,2.616,0.10264153764593076,0.6516026948222504,"HAGH, SLC1A1, GCLC",False
C5_all,GO_BP,GOBP_ACETYL_COA_BIOSYNTHETIC_PROCESS,Acetyl coa biosynthetic process,3,17,998,0.003,0.0011,2.616,0.10264153764593076,0.6516026948222504,"PDK4, MLYCD, ACAT1",False
C5_all,GO_BP,GOBP_POSITIVE_REGULATION_OF_VASOCONSTRICTION,Positive regulation of vasoconstriction,4,27,998,0.004,0.0018,2.196,0.10512393958153687,0.6591137762396125,"EGFR, AVPR1A, HTR2A, ADRA1A",False
C5_all,GO_BP,GOBP_REGULATION_OF_MACROPHAGE_DERIVED_FOAM_CELL_DIFFERENTIATION,Regulation of macrophage derived foam cell differentiation,4,27,998,0.004,0.0018,2.196,0.10512393958153687,0.6591137762396125,"NR1H3, ABCA1, ABCA5, PPARA",False
C5_all,GO_BP,GOBP_FORELIMB_MORPHOGENESIS,Forelimb morphogenesis,4,27,998,0.004,0.0018,2.196,0.10512393958153687,0.6591137762396125,"TBX3, ALDH1A2, RDH10, ARK2C",False
C5_all,GO_BP,GOBP_EMBRYONIC_EYE_MORPHOGENESIS,Embryonic eye morphogenesis,4,27,998,0.004,0.0018,2.196,0.10512393958153687,0.6591137762396125,"PROX1, CITED2, PHACTR4, HIPK2",False
C5_all,GO_BP,GOBP_GMP_METABOLIC_PROCESS,Gmp metabolic process,4,27,998,0.004,0.0018,2.196,0.10512393958153687,0.6591137762396125,"DLG2, MAGI3, ADK, XDH",False
C5_all,GO_BP,GOBP_PHAGOCYTOSIS_RECOGNITION,Phagocytosis recognition,4,27,998,0.004,0.0018,2.196,0.10512393958153687,0.6591137762396125,"COLEC10, MEGF10, C4BPB, FCN2",False
C5_all,GO_BP,GOBP_GLYCEROPHOSPHOLIPID_BIOSYNTHETIC_PROCESS,Glycerophospholipid biosynthetic process,18,194,998,0.018,0.0131,1.375,0.10520902492876986,0.6591137762396125,"PI4K2B, PITPNM3, LPCAT3, ETNK2, MTMR4, HYCC2, ACP6, PIK3R1, SMG1, PNPLA3, HTR2A, MTM1, PEMT, GPAM, PIK3R4, IMPA1, LCAT, PIK3C2G",False
C5_all,GO_BP,GOBP_RESPIRATORY_SYSTEM_DEVELOPMENT,Respiratory system development,18,194,998,0.018,0.0131,1.375,0.10520902492876986,0.6591137762396125,"HMGCS2, THRB, RDH10, DPPA4, PROX1, ACVR2B, MAN2A1, ERRFI1, MME, CYP1A2, EDA, EGFR, TMEM38B, HIPK2, SEC24B, RXFP1, ALDH1A2, HSD11B1",False
C5_all,GO_BP,GOBP_FOREBRAIN_DEVELOPMENT,Forebrain development,28,324,998,0.0281,0.0219,1.281,0.10585905724012808,0.6620971248401443,"CDH2, FOXP2, SRD5A1, TBX3, EGFR, AVPR1A, DCT, RELN, KCNC2, DAB1, PROX1, RTN4, DIXDC1, NDNF, FXR1, RAPGEF2, CDON, SLC4A10, PEX5, BNIP3, ARHGAP35, DRD1, NDST1, NUMB, PALS1, HAP1, TSKU, ALDH1A2",False
C5_all,GO_BP,GOBP_POSTSYNAPTIC_MEMBRANE_ORGANIZATION,Postsynaptic membrane organization,5,38,998,0.005,0.0026,1.95,0.11011212872300324,0.6842040755398359,"CDH2, MESD, RELN, SLC30A1, GPHN",False
C5_all,GO_BP,GOBP_REGULATION_OF_LYASE_ACTIVITY,Regulation of lyase activity,5,38,998,0.005,0.0026,1.95,0.11011212872300324,0.6842040755398359,"LGR4, DRD1, TSHR, ADGRV1, RXFP1",False
C5_all,GO_BP,GOBP_VASODILATION,Vasodilation,5,38,998,0.005,0.0026,1.95,0.11011212872300324,0.6842040755398359,"SOD1, CPS1, DRD1, EGFR, KCNMA1",False
C5_all,GO_BP,GOBP_PYRIMIDINE_CONTAINING_COMPOUND_CATABOLIC_PROCESS,Pyrimidine containing compound catabolic process,5,38,998,0.005,0.0026,1.95,0.11011212872300324,0.6842040755398359,"ALDH6A1, DPYS, UPB1, ENTPD5, DPYD",False
C5_all,GO_BP,GOBP_REGULATION_OF_MUSCLE_ADAPTATION,Regulation of muscle adaptation,8,72,998,0.008,0.0049,1.647,0.11091692646116326,0.688082366271288,"ADRA1A, RPS6KB1, PPARA, TOMM70, ACACB, TRPC3, ADCY10, AKAP6",False
C5_all,GO_BP,GOBP_EAR_DEVELOPMENT,Ear development,16,171,998,0.016,0.0116,1.387,0.11492613106030353,0.7068492991076236,"SOD1, CECR2, RDH10, KCNK3, PROX1, CDH23, SHROOM2, SLC26A5, BMPER, TBX3, GRHL3, MAF, USH2A, ADGRV1, SEC24B, TSKU",False
C5_all,GO_BP,GOBP_REGULATION_OF_SYNAPTIC_TRANSMISSION_GLUTAMATERGIC,Regulation of synaptic transmission glutamatergic,7,61,998,0.007,0.0041,1.701,0.11521835414659196,0.7068492991076236,"FXR1, RELN, DRD1, SYT1, EGFR, GRM1, HTR2A",False
C5_all,GO_BP,GOBP_POSITIVE_REGULATION_OF_CILIUM_ASSEMBLY,Positive regulation of cilium assembly,4,28,998,0.004,0.0019,2.118,0.11645116112359304,0.7068492991076236,"HAP1, ARHGAP35, CCP110, TAPT1",False
C5_all,GO_BP,GOBP_LONG_TERM_SYNAPTIC_DEPRESSION,Long term synaptic depression,4,28,998,0.004,0.0019,2.118,0.11645116112359304,0.7068492991076236,"DRD1, FMR1, ABHD6, SLC24A2",False
C5_all,GO_BP,GOBP_CELLULAR_RESPONSE_TO_ESTRADIOL_STIMULUS,Cellular response to estradiol stimulus,4,28,998,0.004,0.0019,2.118,0.11645116112359304,0.7068492991076236,"EGFR, ESR1, NRIP1, SRD5A1",False
C5_all,GO_BP,GOBP_L_GLUTAMATE_TRANSMEMBRANE_TRANSPORT,L glutamate transmembrane transport,4,28,998,0.004,0.0019,2.118,0.11645116112359304,0.7068492991076236,"GRM1, SLC1A1, SLC25A13, ARL6IP1",False
C5_all,GO_BP,GOBP_REGULATION_OF_CHOLESTEROL_BIOSYNTHETIC_PROCESS,Regulation of cholesterol biosynthetic process,3,18,998,0.003,0.0012,2.471,0.11728242505539986,0.7068492991076236,"SOD1, SEC14L2, LPCAT3",False
C5_all,GO_BP,GOBP_RETROGRADE_AXONAL_TRANSPORT,Retrograde axonal transport,3,18,998,0.003,0.0012,2.471,0.11728242505539986,0.7068492991076236,"HAP1, SOD1, DLG2",False
C5_all,GO_BP,GOBP_RESPONSE_TO_MAGNESIUM_ION,Response to magnesium ion,3,18,998,0.003,0.0012,2.471,0.11728242505539986,0.7068492991076236,"SLC34A1, ABCC6, KCNC2",False
C5_all,GO_BP,GOBP_PURINE_RIBONUCLEOSIDE_METABOLIC_PROCESS,Purine ribonucleoside metabolic process,3,18,998,0.003,0.0012,2.471,0.11728242505539986,0.7068492991076236,"GNMT, ADK, XDH",False
C5_all,GO_BP,GOBP_AUDITORY_RECEPTOR_CELL_MORPHOGENESIS,Auditory receptor cell morphogenesis,3,18,998,0.003,0.0012,2.471,0.11728242505539986,0.7068492991076236,"SEC24B, SOD1, CDH23",False
C5_all,GO_BP,GOBP_REGULATION_OF_MITOCHONDRIAL_DEPOLARIZATION,Regulation of mitochondrial depolarization,3,18,998,0.003,0.0012,2.471,0.11728242505539986,0.7068492991076236,"ADCY10, ALB, GCLC",False
C5_all,GO_BP,GOBP_COPPER_ION_TRANSPORT,Copper ion transport,3,18,998,0.003,0.0012,2.471,0.11728242505539986,0.7068492991076236,"CUTC, SLC31A1, ATP7B",False
C5_all,GO_BP,GOBP_ASPARTATE_FAMILY_AMINO_ACID_BIOSYNTHETIC_PROCESS,Aspartate family amino acid biosynthetic process,3,18,998,0.003,0.0012,2.471,0.11728242505539986,0.7068492991076236,"MTHFD1, ADI1, BHMT",False
C5_all,GO_BP,GOBP_SEROTONIN_TRANSPORT,Serotonin transport,3,18,998,0.003,0.0012,2.471,0.11728242505539986,0.7068492991076236,"MAOB, SLC22A3, SLC22A1",False
C5_all,GO_BP,GOBP_GAMMA_AMINOBUTYRIC_ACID_TRANSPORT,Gamma aminobutyric acid transport,3,18,998,0.003,0.0012,2.471,0.11728242505539986,0.7068492991076236,"SLC6A1, SLC6A13, ABAT",False
C5_all,GO_BP,GOBP_PSEUDOURIDINE_SYNTHESIS,Pseudouridine synthesis,3,18,998,0.003,0.0012,2.471,0.11728242505539986,0.7068492991076236,"PUS3, PUS10, RPUSD4",False
C5_all,GO_BP,GOBP_NEGATIVE_REGULATION_OF_AMYLOID_PRECURSOR_PROTEIN_CATABOLIC_PROCESS,Negative regulation of amyloid precursor protein catabolic process,3,18,998,0.003,0.0012,2.471,0.11728242505539986,0.7068492991076236,"SORL1, HAP1, RTN4",False
C5_all,GO_BP,GOBP_CENTRAL_NERVOUS_SYSTEM_NEURON_DEVELOPMENT,Central nervous system neuron development,8,73,998,0.008,0.0049,1.625,0.11765390984936142,0.7079679978139299,"NDNF, RAPGEF2, ARHGAP35, DRD1, SLC4A10, PALS1, TTC36, TSKU",False
C5_all,GO_BP,GOBP_MITOCHONDRIAL_TRANSPORT,Mitochondrial transport,15,159,998,0.015,0.0107,1.398,0.11785361297025573,0.7080511227187762,"SFXN1, ADCY10, SLC25A13, TOMM70, GCLC, DNAJC19, ACAA2, BNIP3, RHOT1, TMEM14A, ATF2, SLC39A8, SFXN2, SFXN5, MICU1",False
C5_all,GO_BP,GOBP_PIGMENT_BIOSYNTHETIC_PROCESS,Pigment biosynthetic process,6,50,998,0.006,0.0034,1.779,0.11850547716021095,0.7108462401625882,"RAPGEF2, DCT, CPOX, DDT, TMEM14A, ALAD",False
C5_all,GO_BP,GOBP_FOREBRAIN_GENERATION_OF_NEURONS,Forebrain generation of neurons,5,39,998,0.005,0.0026,1.9,0.11970184629308234,0.7124130195786729,"NDNF, RAPGEF2, PROX1, SLC4A10, DCT",False
C5_all,GO_BP,GOBP_NEUROTRANSMITTER_UPTAKE,Neurotransmitter uptake,5,39,998,0.005,0.0026,1.9,0.11970184629308234,0.7124130195786729,"SLC6A1, SLC6A13, SLC22A1, DRD1, SLC22A3",False
C5_all,GO_BP,GOBP_TRNA_METHYLATION,Trna methylation,5,39,998,0.005,0.0026,1.9,0.11970184629308234,0.7124130195786729,"ALKBH8, TRMT10A, NSUN6, TRMT1L, HSD17B10",False
C5_all,GO_BP,GOBP_PROSTATE_GLAND_DEVELOPMENT,Prostate gland development,5,39,998,0.005,0.0026,1.9,0.11970184629308234,0.7124130195786729,"PLAG1, AR, PRLR, ESR1, SERPINF1",False
C5_all,GO_BP,GOBP_MONOSACCHARIDE_CATABOLIC_PROCESS,Monosaccharide catabolic process,5,39,998,0.005,0.0026,1.9,0.11970184629308234,0.7124130195786729,"ALDOB, XYLB, GLYCTK, ADCY10, PGM1",False
C5_all,GO_BP,GOBP_ADAPTIVE_THERMOGENESIS,Adaptive thermogenesis,14,147,998,0.014,0.0099,1.412,0.1207178622756367,0.7173390599187212,"ARRDC3, HADH, NR1H3, ACVR2B, ABHD6, SORL1, LGR4, PRLR, GATM, PEMT, ACOT13, TSHR, SFXN5, ACSL1",False
C5_all,GO_BP,GOBP_POSITIVE_REGULATION_OF_VIRAL_PROCESS,Positive regulation of viral process,7,62,998,0.007,0.0042,1.674,0.12278920069013394,0.7273780177740594,"GBP7, PPARA, CNOT7, TMPRSS4, FMR1, CLEC4G, NR5A2",False
C5_all,GO_BP,GOBP_INTRACELLULAR_IRON_ION_HOMEOSTASIS,Intracellular iron ion homeostasis,7,62,998,0.007,0.0042,1.674,0.12278920069013394,0.7273780177740594,"FRRS1, SOD1, TFR2, SLC46A1, HJV, NDFIP1, SLC39A8",False
C5_all,GO_BP,GOBP_REGULATION_OF_ACTION_POTENTIAL,Regulation of action potential,6,51,998,0.006,0.0034,1.744,0.12711790814045631,0.7471238066727777,"ADRA1A, KCNC2, FMR1, PKP2, CTNNA3, NOS1AP",False
C5_all,GO_BP,GOBP_PHOSPHOLIPID_CATABOLIC_PROCESS,Phospholipid catabolic process,6,51,998,0.006,0.0034,1.744,0.12711790814045631,0.7471238066727777,"PRDX6, ABHD6, LIPG, NAPEPLD, IDH1, LIPC",False
C5_all,GO_BP,GOBP_UROGENITAL_SYSTEM_DEVELOPMENT,Urogenital system development,6,51,998,0.006,0.0034,1.744,0.12711790814045631,0.7471238066727777,"SRD5A1, PLAG1, AR, PRLR, ESR1, SERPINF1",False
C5_all,GO_BP,GOBP_RESPONSE_TO_ARSENIC_CONTAINING_SUBSTANCE,Response to arsenic containing substance,4,29,998,0.004,0.002,2.045,0.12828363535401857,0.7471238066727777,"ZFAND1, SERPINF1, ALAD, GCLC",False
C5_all,GO_BP,GOBP_REGULATION_OF_AEROBIC_RESPIRATION,Regulation of aerobic respiration,4,29,998,0.004,0.002,2.045,0.12828363535401857,0.7471238066727777,"BNIP3, NUPR1, TMEM135, COX7A2L",False
C5_all,GO_BP,GOBP_GLYCOSYL_COMPOUND_CATABOLIC_PROCESS,Glycosyl compound catabolic process,4,29,998,0.004,0.002,2.045,0.12828363535401857,0.7471238066727777,"DPYD, DERA, UPB1, XDH",False
C5_all,GO_BP,GOBP_CEREBRAL_CORTEX_RADIALLY_ORIENTED_CELL_MIGRATION,Cerebral cortex radially oriented cell migration,4,29,998,0.004,0.002,2.045,0.12828363535401857,0.7471238066727777,"RTN4, DIXDC1, RELN, DAB1",False
C5_all,GO_BP,GOBP_HYALURONAN_METABOLIC_PROCESS,Hyaluronan metabolic process,4,29,998,0.004,0.002,2.045,0.12828363535401857,0.7471238066727777,"ITIH1, STAB2, ITIH2, LYVE1",False
C5_all,GO_BP,GOBP_NEURONAL_ACTION_POTENTIAL,Neuronal action potential,4,29,998,0.004,0.002,2.045,0.12828363535401857,0.7471238066727777,"FMR1, SOD1, SCN8A, DRD1",False
C5_all,GO_BP,GOBP_INORGANIC_ANION_TRANSPORT,Inorganic anion transport,13,136,998,0.013,0.0092,1.417,0.1286112430902123,0.7471238066727777,"SLC34A1, SLC6A1, MFSD8, SLC1A1, SLC37A4, SLC4A10, SLC26A5, ENPP3, ABCC6, CRY2, ENPP1, CLCN4, CLCN5",False
C5_all,GO_BP,GOBP_PHENOL_CONTAINING_COMPOUND_BIOSYNTHETIC_PROCESS,Phenol containing compound biosynthetic process,5,40,998,0.005,0.0027,1.853,0.1296683932936686,0.7471238066727777,"PAH, RAPGEF2, ALDH2, DDT, DCT",False
C5_all,GO_BP,GOBP_FACULTATIVE_HETEROCHROMATIN_FORMATION,Facultative heterochromatin formation,5,40,998,0.005,0.0027,1.853,0.1296683932936686,0.7471238066727777,"ATF7IP2, TEX15, L3MBTL3, SETDB2, DNMT3L",False
C5_all,GO_BP,GOBP_PROSTANOID_METABOLIC_PROCESS,Prostanoid metabolic process,5,40,998,0.005,0.0027,1.853,0.1296683932936686,0.7471238066727777,"GSTA1, AKR1C4, ACOX1, AVPR1A, PIBF1",False
C5_all,GO_BP,GOBP_FEMALE_SEX_DIFFERENTIATION,Female sex differentiation,10,99,998,0.01,0.0067,1.497,0.13021138476788774,0.7471238066727777,"SOD1, SCAPER, NRIP1, AMHR2, SRD5A1, TBX3, NUPR1, ESR1, IDH1, DMRTA1",False
C5_all,GO_BP,GOBP_ANIMAL_ORGAN_REGENERATION,Animal organ regeneration,7,63,998,0.007,0.0043,1.647,0.13060736395232106,0.7471238066727777,"GUCD1, PFKFB1, BAAT, CPB2, SERPINA10, RGN, EGFR",False
C5_all,GO_BP,GOBP_TRNA_MODIFICATION,Trna modification,9,87,998,0.009,0.0059,1.533,0.13146128025038925,0.7471238066727777,"ALKBH8, SEPSECS, TRMT10A, NSUN6, PUS3, TRMT1L, PUS10, RPUSD4, HSD17B10",False
C5_all,GO_BP,GOBP_AXONAL_FASCICULATION,Axonal fasciculation,3,19,998,0.003,0.0013,2.341,0.13264428402018272,0.7471238066727777,"RTN4, ARHGAP35, NCAM2",False
C5_all,GO_BP,GOBP_PEPTIDE_CATABOLIC_PROCESS,Peptide catabolic process,3,19,998,0.003,0.0013,2.341,0.13264428402018272,0.7471238066727777,"TRHDE, MME, ENPEP",False
C5_all,GO_BP,GOBP_POSITIVE_REGULATION_OF_LIPID_STORAGE,Positive regulation of lipid storage,3,19,998,0.003,0.0013,2.341,0.13264428402018272,0.7471238066727777,"FITM1, PLIN5, ACACB",False
C5_all,GO_BP,GOBP_POSITIVE_REGULATION_OF_DENDRITIC_SPINE_MORPHOGENESIS,Positive regulation of dendritic spine morphogenesis,3,19,998,0.003,0.0013,2.341,0.13264428402018272,0.7471238066727777,"CUX2, RELN, SLC30A1",False
C5_all,GO_BP,GOBP_POSITIVE_REGULATION_OF_NUCLEOTIDE_CATABOLIC_PROCESS,Positive regulation of nucleotide catabolic process,3,19,998,0.003,0.0013,2.341,0.13264428402018272,0.7471238066727777,"GPD1, HTR2A, ZBTB20",False
C5_all,GO_BP,GOBP_REGULATION_OF_SUPEROXIDE_ANION_GENERATION,Regulation of superoxide anion generation,3,19,998,0.003,0.0013,2.341,0.13264428402018272,0.7471238066727777,"PON3, SOD1, EGFR",False
C5_all,GO_BP,GOBP_ENDOPLASMIC_RETICULUM_TUBULAR_NETWORK_ORGANIZATION,Endoplasmic reticulum tubular network organization,3,19,998,0.003,0.0013,2.341,0.13264428402018272,0.7471238066727777,"ARL6IP1, ATL2, RTN4",False
C5_all,GO_BP,GOBP_METANEPHRIC_EPITHELIUM_DEVELOPMENT,Metanephric epithelium development,3,19,998,0.003,0.0013,2.341,0.13264428402018272,0.7471238066727777,"LGR4, SLC22A1, ACAT1",False
C5_all,GO_BP,GOBP_HEPATOCYTE_APOPTOTIC_PROCESS,Hepatocyte apoptotic process,3,19,998,0.003,0.0013,2.341,0.13264428402018272,0.7471238066727777,"STK3, PPARA, ATF2",False
C5_all,GO_BP,GOBP_FOREBRAIN_NEURON_DEVELOPMENT,Forebrain neuron development,3,19,998,0.003,0.0013,2.341,0.13264428402018272,0.7471238066727777,"NDNF, SLC4A10, RAPGEF2",False
C5_all,GO_BP,GOBP_CELL_PROLIFERATION_IN_FOREBRAIN,Cell proliferation in forebrain,3,19,998,0.003,0.0013,2.341,0.13264428402018272,0.7471238066727777,"NUMB, DIXDC1, DCT",False
C5_all,GO_BP,GOBP_NEGATIVE_REGULATION_OF_CARDIAC_MUSCLE_TISSUE_GROWTH,Negative regulation of cardiac muscle tissue growth,3,19,998,0.003,0.0013,2.341,0.13264428402018272,0.7471238066727777,"CITED2, PPARA, TOMM70",False
C5_all,GO_BP,GOBP_MRNA_MODIFICATION,Mrna modification,3,19,998,0.003,0.0013,2.341,0.13264428402018272,0.7471238066727777,"PUS3, RPUSD4, A1CF",False
C5_all,GO_BP,GOBP_ERBB2_SIGNALING_PATHWAY,Erbb2 signaling pathway,3,19,998,0.003,0.0013,2.341,0.13264428402018272,0.7471238066727777,"CPNE3, EGFR, ERBB3",False
C5_all,GO_BP,GOBP_POSITIVE_REGULATION_OF_SYNAPTIC_TRANSMISSION,Positive regulation of synaptic transmission,13,137,998,0.013,0.0093,1.407,0.13387123072635293,0.7471238066727777,"ADRA1A, SLC1A1, RELN, FXR1, DRD1, FMR1, SLC24A2, MME, GPR158, SYT1, EGFR, HAP1, ADCY1",False
C5_all,GO_BP,GOBP_GLAND_MORPHOGENESIS,Gland morphogenesis,11,112,998,0.011,0.0076,1.456,0.13419163526964192,0.7471238066727777,"NTN4, CPB2, PROX1, TBX3, PLAG1, AR, EGFR, ESR1, CUL3, EDA, RXFP1",False
C5_all,GO_BP,GOBP_LONG_CHAIN_FATTY_ACID_TRANSPORT,Long chain fatty acid transport,6,52,998,0.006,0.0035,1.71,0.13602398657248607,0.7471238066727777,"RPS6KB1, ABCD3, SLC27A5, ACSL5, SLC27A2, ACSL1",False
C5_all,GO_BP,GOBP_HOMOLOGOUS_CHROMOSOME_SEGREGATION,Homologous chromosome segregation,6,52,998,0.006,0.0035,1.71,0.13602398657248607,0.7471238066727777,"TEX15, SYCE1, MAJIN, TERB2, SYCP1, MAEL",False
C5_all,GO_BP,GOBP_SINGLE_FERTILIZATION,Single fertilization,10,100,998,0.01,0.0068,1.482,0.13649892068076877,0.7471238066727777,"CECR2, AKAP3, SERPINA10, SERPINA5, OVGP1, AR, PKDREJ, TRPC3, CACNA1H, ROPN1B",False
C5_all,GO_BP,GOBP_POSITIVE_REGULATION_OF_PEPTIDE_SECRETION,Positive regulation of peptide secretion,9,88,998,0.009,0.0059,1.516,0.1382457843317452,0.7471238066727777,"TFR2, GPLD1, RAPGEF4, EGFR, PCK2, VSNL1, SLC2A2, GLUD1, ABAT",False
C5_all,GO_BP,GOBP_RESPONSE_TO_ACTIVITY,Response to activity,7,64,998,0.007,0.0043,1.621,0.13866717633391323,0.7471238066727777,"SRD5A1, GCLC, POSTN, CAT, CRY2, HADH, ALAD",False
C5_all,GO_BP,GOBP_POSITIVE_REGULATION_OF_CARBOHYDRATE_METABOLIC_PROCESS,Positive regulation of carbohydrate metabolic process,7,64,998,0.007,0.0043,1.621,0.13866717633391323,0.7471238066727777,"GPLD1, PPARA, ZBTB20, GPD1, RGN, HTR2A, ADCY10",False
C5_all,GO_BP,GOBP_NEGATIVE_REGULATION_OF_TYPE_I_INTERFERON_PRODUCTION,Negative regulation of type i interferon production,5,41,998,0.005,0.0028,1.808,0.13999701628668487,0.7471238066727777,"GBP7, PPM1B, ILRUN, CUL3, ITCH",False
C5_all,GO_BP,GOBP_CAMERA_TYPE_EYE_MORPHOGENESIS,Camera type eye morphogenesis,11,113,998,0.011,0.0076,1.443,0.14018989678712251,0.7471238066727777,"SLC1A1, THRB, CDON, PROX1, SHROOM2, MAN2A1, PHACTR4, HIPK2, TSKU, CITED2, TSPAN12",False
C5_all,GO_BP,GOBP_G_PROTEIN_COUPLED_RECEPTOR_SIGNALING_PATHWAY_COUPLED_TO_CYCLIC_NUCLEOTIDE_SECOND_MESSENGER,G protein coupled receptor signaling pathway coupled to cyclic nucleotide second messenger,4,30,998,0.004,0.002,1.976,0.14059290383245904,0.7471238066727777,"DRD1, TSHR, HTR2A, OR10J5",False
C5_all,GO_BP,GOBP_FOREBRAIN_NEURON_DIFFERENTIATION,Forebrain neuron differentiation,4,30,998,0.004,0.002,1.976,0.14059290383245904,0.7471238066727777,"PROX1, SLC4A10, RAPGEF2, NDNF",False
C5_all,GO_BP,GOBP_PYRIMIDINE_NUCLEOTIDE_BIOSYNTHETIC_PROCESS,Pyrimidine nucleotide biosynthetic process,4,30,998,0.004,0.002,1.976,0.14059290383245904,0.7471238066727777,"SHMT1, DHODH, CTPS1, UCK1",False
C5_all,GO_BP,GOBP_REGULATION_OF_SYNAPTIC_TRANSMISSION_GABAERGIC,Regulation of synaptic transmission gabaergic,4,30,998,0.004,0.002,1.976,0.14059290383245904,0.7471238066727777,"HAP1, SYN3, ADRA1A, SLC6A1",False
C5_all,GO_BP,GOBP_ZINC_ION_IMPORT_INTO_ORGANELLE,Zinc ion import into organelle,2,10,998,0.002,0.0007,2.965,0.14279499376681076,0.7471238066727777,"SLC30A10, SLC30A1",False
C5_all,GO_BP,GOBP_POLYKETIDE_METABOLIC_PROCESS,Polyketide metabolic process,2,10,998,0.002,0.0007,2.965,0.14279499376681076,0.7471238066727777,"AKR1C4, CBR4",False
C5_all,GO_BP,GOBP_REGULATION_OF_TRANSMISSION_OF_NERVE_IMPULSE,Regulation of transmission of nerve impulse,2,10,998,0.002,0.0007,2.965,0.14279499376681076,0.7471238066727777,"FMR1, AVPR1A",False
C5_all,GO_BP,GOBP_POSITIVE_REGULATION_OF_CALCIUM_ION_TRANSPORT_INTO_CYTOSOL,Positive regulation of calcium ion transport into cytosol,2,10,998,0.002,0.0007,2.965,0.14279499376681076,0.7471238066727777,"TRPC3, P2RX3",False
C5_all,GO_BP,GOBP_L_ALANINE_TRANSPORT,L alanine transport,2,10,998,0.002,0.0007,2.965,0.14279499376681076,0.7471238066727777,"SFXN1, SLC38A4",False
C5_all,GO_BP,GOBP_PANCREATIC_JUICE_SECRETION,Pancreatic juice secretion,2,10,998,0.002,0.0007,2.965,0.14279499376681076,0.7471238066727777,"NR1H3, WNK3",False
C5_all,GO_BP,GOBP_L_ASPARTATE_TRANSMEMBRANE_TRANSPORT,L aspartate transmembrane transport,2,10,998,0.002,0.0007,2.965,0.14279499376681076,0.7471238066727777,"SLC1A1, SLC25A13",False
C5_all,GO_BP,GOBP_DEADENYLATION_DEPENDENT_DECAPPING_OF_NUCLEAR_TRANSCRIBED_MRNA,Deadenylation dependent decapping of nuclear transcribed mrna,2,10,998,0.002,0.0007,2.965,0.14279499376681076,0.7471238066727777,"CNOT7, PATL1",False
C5_all,GO_BP,GOBP_REGULATION_OF_CELLULAR_AMINO_ACID_METABOLIC_PROCESS,Regulation of cellular amino acid metabolic process,2,10,998,0.002,0.0007,2.965,0.14279499376681076,0.7471238066727777,"BHMT, ACMSD",False
C5_all,GO_BP,GOBP_SERINE_TRANSPORT,Serine transport,2,10,998,0.002,0.0007,2.965,0.14279499376681076,0.7471238066727777,"SFXN2, SFXN1",False
C5_all,GO_BP,GOBP_SEROTONIN_METABOLIC_PROCESS,Serotonin metabolic process,2,10,998,0.002,0.0007,2.965,0.14279499376681076,0.7471238066727777,"ALDH2, SRD5A1",False
C5_all,GO_BP,GOBP_REGULATION_OF_CARDIAC_MUSCLE_ADAPTATION,Regulation of cardiac muscle adaptation,2,10,998,0.002,0.0007,2.965,0.14279499376681076,0.7471238066727777,"ACACB, TRPC3",False
C5_all,GO_BP,GOBP_NUCLEAR_PORE_COMPLEX_ASSEMBLY,Nuclear pore complex assembly,2,10,998,0.002,0.0007,2.965,0.14279499376681076,0.7471238066727777,"FXR1, RTN4",False
C5_all,GO_BP,GOBP_POSITIVE_REGULATION_OF_HEAT_GENERATION,Positive regulation of heat generation,2,10,998,0.002,0.0007,2.965,0.14279499376681076,0.7471238066727777,"HTR2A, ABAT",False
C5_all,GO_BP,GOBP_EYELID_DEVELOPMENT_IN_CAMERA_TYPE_EYE,Eyelid development in camera type eye,2,10,998,0.002,0.0007,2.965,0.14279499376681076,0.7471238066727777,"EGFR, GRHL3",False
C5_all,GO_BP,GOBP_REGULATION_OF_FLAGELLATED_SPERM_MOTILITY,Regulation of flagellated sperm motility,2,10,998,0.002,0.0007,2.965,0.14279499376681076,0.7471238066727777,"RGN, TPPP2",False
C5_all,GO_BP,GOBP_RESPONSE_TO_UV_A,Response to uv a,2,10,998,0.002,0.0007,2.965,0.14279499376681076,0.7471238066727777,"EGFR, MME",False
C5_all,GO_BP,GOBP_CELLULAR_RESPONSE_TO_THYROID_HORMONE_STIMULUS,Cellular response to thyroid hormone stimulus,2,10,998,0.002,0.0007,2.965,0.14279499376681076,0.7471238066727777,"THRB, GCLC",False
C5_all,GO_BP,GOBP_REGULATION_OF_ACROSOME_REACTION,Regulation of acrosome reaction,2,10,998,0.002,0.0007,2.965,0.14279499376681076,0.7471238066727777,"SERPINA10, CACNA1H",False
C5_all,GO_BP,GOBP_SODIUM_DEPENDENT_PHOSPHATE_TRANSPORT,Sodium dependent phosphate transport,2,10,998,0.002,0.0007,2.965,0.14279499376681076,0.7471238066727777,"SLC34A1, CRY2",False
C5_all,GO_BP,GOBP_HYPEROSMOTIC_SALINITY_RESPONSE,Hyperosmotic salinity response,2,10,998,0.002,0.0007,2.965,0.14279499376681076,0.7471238066727777,"MICU1, EFHD1",False
C5_all,GO_BP,GOBP_FOREGUT_MORPHOGENESIS,Foregut morphogenesis,2,10,998,0.002,0.0007,2.965,0.14279499376681076,0.7471238066727777,"EPB41L5, ACVR2B",False
C5_all,GO_BP,GOBP_CELLULAR_RESPONSE_TO_POTASSIUM_ION,Cellular response to potassium ion,2,10,998,0.002,0.0007,2.965,0.14279499376681076,0.7471238066727777,"DLG2, CACNA1H",False
C5_all,GO_BP,GOBP_GDP_METABOLIC_PROCESS,Gdp metabolic process,2,10,998,0.002,0.0007,2.965,0.14279499376681076,0.7471238066727777,"DLG2, MAGI3",False
C5_all,GO_BP,GOBP_PYRUVATE_FAMILY_AMINO_ACID_CATABOLIC_PROCESS,Pyruvate family amino acid catabolic process,2,10,998,0.002,0.0007,2.965,0.14279499376681076,0.7471238066727777,"AGXT2, HMGCL",False
C5_all,GO_BP,GOBP_POSITIVE_REGULATION_OF_MYOBLAST_PROLIFERATION,Positive regulation of myoblast proliferation,2,10,998,0.002,0.0007,2.965,0.14279499376681076,0.7471238066727777,"MEGF10, ATF2",False
C5_all,GO_BP,GOBP_TRANSLATIONAL_READTHROUGH,Translational readthrough,2,10,998,0.002,0.0007,2.965,0.14279499376681076,0.7471238066727777,"SEPSECS, SECISBP2L",False
C5_all,GO_BP,GOBP_REGULATION_OF_ANGIOTENSIN_LEVELS_IN_BLOOD,Regulation of angiotensin levels in blood,2,10,998,0.002,0.0007,2.965,0.14279499376681076,0.7471238066727777,"ENPEP, REN",False
C5_all,GO_BP,GOBP_RESPONSE_TO_FRUCTOSE,Response to fructose,2,10,998,0.002,0.0007,2.965,0.14279499376681076,0.7471238066727777,"KHK, PPARA",False
C5_all,GO_BP,GOBP_RESPONSE_TO_GLYCOPROTEIN,Response to glycoprotein,2,10,998,0.002,0.0007,2.965,0.14279499376681076,0.7471238066727777,"EDEM1, TSHR",False
C5_all,GO_BP,GOBP_DOUBLE_STRAND_BREAK_REPAIR_INVOLVED_IN_MEIOTIC_RECOMBINATION,Double strand break repair involved in meiotic recombination,2,10,998,0.002,0.0007,2.965,0.14279499376681076,0.7471238066727777,"MAJIN, TERB2",False
C5_all,GO_BP,GOBP_MYOFIBROBLAST_DIFFERENTIATION,Myofibroblast differentiation,2,10,998,0.002,0.0007,2.965,0.14279499376681076,0.7471238066727777,"TSKU, RXFP1",False
C5_all,GO_BP,GOBP_SUCCINYL_COA_METABOLIC_PROCESS,Succinyl coa metabolic process,2,10,998,0.002,0.0007,2.965,0.14279499376681076,0.7471238066727777,"SUCLA2, MMUT",False
C5_all,GO_BP,GOBP_PROTEIN_K29_LINKED_UBIQUITINATION,Protein k29 linked ubiquitination,2,10,998,0.002,0.0007,2.965,0.14279499376681076,0.7471238066727777,"ITCH, UBE2D4",False
C5_all,GO_BP,GOBP_NEGATIVE_REGULATION_OF_CYTOPLASMIC_TRANSLATION,Negative regulation of cytoplasmic translation,2,10,998,0.002,0.0007,2.965,0.14279499376681076,0.7471238066727777,"FMR1, CPEB2",False
C5_all,GO_BP,GOBP_REGULATION_OF_LIPOPROTEIN_LIPASE_ACTIVITY,Regulation of lipoprotein lipase activity,2,10,998,0.002,0.0007,2.965,0.14279499376681076,0.7471238066727777,"NR1H3, APOA5",False
C5_all,GO_BP,GOBP_COENZYME_A_BIOSYNTHETIC_PROCESS,Coenzyme a biosynthetic process,2,10,998,0.002,0.0007,2.965,0.14279499376681076,0.7471238066727777,"ACAT1, PANK1",False
C5_all,GO_BP,GOBP_AMINO_ACID_NEUROTRANSMITTER_REUPTAKE,Amino acid neurotransmitter reuptake,2,10,998,0.002,0.0007,2.965,0.14279499376681076,0.7471238066727777,"SLC6A1, SLC6A13",False
C5_all,GO_BP,GOBP_POSITIVE_REGULATION_BY_HOST_OF_VIRAL_GENOME_REPLICATION,Positive regulation by host of viral genome replication,2,10,998,0.002,0.0007,2.965,0.14279499376681076,0.7471238066727777,"NUCKS1, ZFYVE1",False
C5_all,GO_BP,GOBP_PURINE_DEOXYRIBONUCLEOSIDE_MONOPHOSPHATE_METABOLIC_PROCESS,Purine deoxyribonucleoside monophosphate metabolic process,2,10,998,0.002,0.0007,2.965,0.14279499376681076,0.7471238066727777,"ADK, XDH",False
C5_all,GO_BP,GOBP_HIGH_DENSITY_LIPOPROTEIN_PARTICLE_CLEARANCE,High density lipoprotein particle clearance,2,10,998,0.002,0.0007,2.965,0.14279499376681076,0.7471238066727777,"GPLD1, LIPG",False
C5_all,GO_BP,GOBP_AMIDE_TRANSPORT,Amide transport,22,256,998,0.022,0.0173,1.274,0.14432514320073012,0.7540939238018943,"ABCA1, EGFR, VSNL1, HADH, MTTP, GPLD1, SLC46A1, CLEC4M, ACVR2B, PCK2, ABAT, SLC16A10, ABCG2, AQP9, RAPGEF4, ACVR1C, SLC16A2, ABCA13, TFR2, AQP11, SLC2A2, GLUD1",False
C5_all,GO_BP,GOBP_MITOCHONDRIAL_TRANSMEMBRANE_TRANSPORT,Mitochondrial transmembrane transport,9,89,998,0.009,0.006,1.499,0.1452068442210665,0.7546001515517607,"SFXN1, ADCY10, SLC25A13, TOMM70, DNAJC19, SLC39A8, SFXN2, SFXN5, MICU1",False
C5_all,GO_BP,GOBP_CELLULAR_RESPONSE_TO_CORTICOSTEROID_STIMULUS,Cellular response to corticosteroid stimulus,6,53,998,0.006,0.0036,1.678,0.14521446864989254,0.7546001515517607,"RPS6KB1, HMGCS2, SRD5A1, EGFR, SERPINF1, PCK2",False
C5_all,GO_BP,GOBP_REGULATION_OF_HEART_GROWTH,Regulation of heart growth,6,53,998,0.006,0.0036,1.678,0.14521446864989254,0.7546001515517607,"PPARA, TOMM70, PROX1, ACACB, CITED2, AKAP6",False
C5_all,GO_BP,GOBP_HORMONE_BIOSYNTHETIC_PROCESS,Hormone biosynthetic process,6,53,998,0.006,0.0036,1.678,0.14521446864989254,0.7546001515517607,"ARNT, HSD17B8, SRD5A1, CACNA1H, CYP17A1, HSD17B6",False
C5_all,GO_BP,GOBP_MULTICELLULAR_ORGANISMAL_RESPONSE_TO_STRESS,Multicellular organismal response to stress,8,77,998,0.008,0.0052,1.54,0.14669845079447133,0.7549803207628453,"RPS6KB1, SLC1A1, HMGCS2, RELN, DRD1, AQP9, P2RX3, RAG1",False
C5_all,GO_BP,GOBP_REGULATION_OF_POTASSIUM_ION_TRANSPORT,Regulation of potassium ion transport,8,77,998,0.008,0.0052,1.54,0.14669845079447133,0.7549803207628453,"NOS1AP, KCNN2, NEDD4, KCNC2, LRRC55, DRD1, HTR2A, AKAP6",False
C5_all,GO_BP,GOBP_CARDIAC_MUSCLE_CELL_CONTRACTION,Cardiac muscle cell contraction,8,77,998,0.008,0.0052,1.54,0.14669845079447133,0.7549803207628453,"KCNN2, SCN8A, ABCC9, PKP2, CTNNA3, ADCY10, KCNJ3, NOS1AP",False
C5_all,GO_BP,GOBP_REGULATION_OF_CYTOKINESIS,Regulation of cytokinesis,8,77,998,0.008,0.0052,1.54,0.14669845079447133,0.7549803207628453,"DCDC1, FSD1, PIK3R4, CUL3, CCP110, MAP10, TEX14, CDC14B",False
C5_all,GO_BP,GOBP_MUSCLE_SYSTEM_PROCESS,Muscle system process,30,364,998,0.0301,0.0246,1.222,0.14801083864476797,0.7549803207628453,"SOD1, TOMM70, SCN8A, TBX3, KCNMA1, ADCY10, MYOM2, ABCC9, ACACB, HTR2A, CTNNA3, TRPC3, KLF15, AKAP6, ABAT, ADRA1A, KCNN2, PPARA, P2RX3, SLMAP, SNTB1, GATM, NOS1AP, RPS6KB1, DRD1, EHD3, PKP2, CACNA1H, KCNJ3, TMEM38B",False
C5_all,GO_BP,GOBP_MOTOR_NEURON_APOPTOTIC_PROCESS,Motor neuron apoptotic process,3,20,998,0.003,0.0014,2.224,0.14865719101394959,0.7549803207628453,"SLC1A1, ATF2, ERBB3",False
C5_all,GO_BP,GOBP_CERAMIDE_CATABOLIC_PROCESS,Ceramide catabolic process,3,20,998,0.003,0.0014,2.224,0.14865719101394959,0.7549803207628453,"NEU3, NEU4, ASAH2B",False
C5_all,GO_BP,GOBP_NEGATIVE_REGULATION_OF_RECEPTOR_SIGNALING_PATHWAY_VIA_STAT,Negative regulation of receptor signaling pathway via stat,3,20,998,0.003,0.0014,2.224,0.14865719101394959,0.7549803207628453,"GBP7, PIBF1, DAB1",False
C5_all,GO_BP,GOBP_POSITIVE_REGULATION_OF_PROTEIN_AUTOPHOSPHORYLATION,Positive regulation of protein autophosphorylation,3,20,998,0.003,0.0014,2.224,0.14865719101394959,0.7549803207628453,"TOM1L1, PRLR, NEK10",False
C5_all,GO_BP,GOBP_POSITIVE_REGULATION_OF_MULTICELLULAR_ORGANISM_GROWTH,Positive regulation of multicellular organism growth,3,20,998,0.003,0.0014,2.224,0.14865719101394959,0.7549803207628453,"GHR, GPAM, PEX5",False
C5_all,GO_BP,GOBP_SPHINGOMYELIN_METABOLIC_PROCESS,Sphingomyelin metabolic process,3,20,998,0.003,0.0014,2.224,0.14865719101394959,0.7549803207628453,"ABCA8, PEMT, SGMS1",False
C5_all,GO_BP,GOBP_TERTIARY_ALCOHOL_METABOLIC_PROCESS,Tertiary alcohol metabolic process,3,20,998,0.003,0.0014,2.224,0.14865719101394959,0.7549803207628453,"AKR1C4, CBR4, CACNA1H",False
C5_all,GO_BP,GOBP_GLYCOSIDE_METABOLIC_PROCESS,Glycoside metabolic process,3,20,998,0.003,0.0014,2.224,0.14865719101394959,0.7549803207628453,"SLC34A1, AKR1C4, CBR4",False
C5_all,GO_BP,GOBP_CELLULAR_HYPEROSMOTIC_RESPONSE,Cellular hyperosmotic response,3,20,998,0.003,0.0014,2.224,0.14865719101394959,0.7549803207628453,"WNK3, MICU1, EFHD1",False
C5_all,GO_BP,GOBP_REGULATION_OF_OXIDATIVE_PHOSPHORYLATION,Regulation of oxidative phosphorylation,3,20,998,0.003,0.0014,2.224,0.14865719101394959,0.7549803207628453,"NUPR1, TMEM135, COX7A2L",False
C5_all,GO_BP,GOBP_DENTATE_GYRUS_DEVELOPMENT,Dentate gyrus development,3,20,998,0.003,0.0014,2.224,0.14865719101394959,0.7549803207628453,"DRD1, PROX1, FXR1",False
C5_all,GO_BP,GOBP_BRANCHING_INVOLVED_IN_MAMMARY_GLAND_DUCT_MORPHOGENESIS,Branching involved in mammary gland duct morphogenesis,3,20,998,0.003,0.0014,2.224,0.14865719101394959,0.7549803207628453,"TBX3, ESR1, AR",False
C5_all,GO_BP,GOBP_ORGANOPHOSPHATE_ESTER_TRANSPORT,Organophosphate ester transport,13,140,998,0.013,0.0095,1.376,0.15035138078047405,0.7625677888053604,"MTTP, PITPNM3, ADCY10, ABCA1, ATP11C, SCP2, SLC37A4, APOA5, XKR4, GJB1, ABCC6, TRPC5, DBI",False
C5_all,GO_BP,GOBP_CARBOHYDRATE_TRANSPORT,Carbohydrate transport,11,115,998,0.011,0.0078,1.418,0.15260413565274486,0.7705891139851759,"PRKAG2, RPS6KB1, AQP11, DRD1, AQP9, SLC26A5, PIK3R1, ACACB, KLF15, ENPP1, SLC2A2",False
C5_all,GO_BP,GOBP_EPITHELIAL_TUBE_FORMATION,Epithelial tube formation,11,115,998,0.011,0.0078,1.418,0.15260413565274486,0.7705891139851759,"CECR2, ARHGAP35, PROX1, MTHFD1, COBL, HS2ST1, GRHL3, STK3, PHACTR4, SEC24B, CITED2",False
C5_all,GO_BP,GOBP_NADH_METABOLIC_PROCESS,Nadh metabolic process,4,31,998,0.004,0.0021,1.913,0.1533490544501873,0.7705891139851759,"ALDOB, PCK2, GPD1, NUDT12",False
C5_all,GO_BP,GOBP_CELLULAR_METABOLIC_COMPOUND_SALVAGE,Cellular metabolic compound salvage,4,31,998,0.004,0.0021,1.913,0.1533490544501873,0.7705891139851759,"ADI1, BHMT, ADK, UCK1",False
C5_all,GO_BP,GOBP_RESPONSE_TO_ATP,Response to atp,4,31,998,0.004,0.0021,1.913,0.1533490544501873,0.7705891139851759,"ENPP1, ABCC9, P2RX3, TRPC3",False
C5_all,GO_BP,GOBP_BICARBONATE_TRANSPORT,Bicarbonate transport,4,31,998,0.004,0.0021,1.913,0.1533490544501873,0.7705891139851759,"SLC39A8, SLC4A10, SLC26A5, SLC39A5",False
C5_all,GO_BP,GOBP_REGULATION_OF_PHOSPHOLIPID_METABOLIC_PROCESS,Regulation of phospholipid metabolic process,4,31,998,0.004,0.0021,1.913,0.1533490544501873,0.7705891139851759,"DNAJC19, HTR2A, MTMR4, IDH1",False
C5_all,GO_BP,GOBP_CHOLESTEROL_EFFLUX,Cholesterol efflux,6,54,998,0.006,0.0037,1.647,0.15467939176450518,0.7742099911051251,"ABCA1, NR1H3, ABCA8, ABCA5, APOA5, TSKU",False
C5_all,GO_BP,GOBP_NEGATIVE_REGULATION_OF_REPRODUCTIVE_PROCESS,Negative regulation of reproductive process,6,54,998,0.006,0.0037,1.647,0.15467939176450518,0.7742099911051251,"SOD1, RGN, OVGP1, ACVR1C, SERPINF1, MAEL",False
C5_all,GO_BP,GOBP_CHROMOSOME_ORGANIZATION_INVOLVED_IN_MEIOTIC_CELL_CYCLE,Chromosome organization involved in meiotic cell cycle,6,54,998,0.006,0.0037,1.647,0.15467939176450518,0.7742099911051251,"TEX15, SYCE1, MAJIN, TERB2, SYCP1, MAEL",False
C5_all,GO_BP,GOBP_REGULATION_OF_ORGANIC_ACID_TRANSPORT,Regulation of organic acid transport,7,66,998,0.007,0.0045,1.572,0.15548637252682085,0.7772278122764575,"SLC6A1, PPARA, ACSL5, ARL6IP1, AVPR1A, ACSL1, ABAT",False
C5_all,GO_BP,GOBP_REGULATION_OF_HEART_CONTRACTION,Regulation of heart contraction,15,167,998,0.015,0.0113,1.331,0.15720945417673074,0.7810242710097327,"ADRA1A, SLC1A1, KCNN2, THRB, ABCC9, EHD3, AVPR1A, CTNNA3, PKP2, CACNA1H, ADCY10, KCNJ3, TMEM38B, NOS1AP, CYP2J2",False
C5_all,GO_BP,GOBP_RESPONSE_TO_ACID_CHEMICAL,Response to acid chemical,11,116,998,0.011,0.0078,1.406,0.15901570473689677,0.7810242710097327,"RPS6KB1, HMGCS2, TOMM70, GCLC, CPS1, PNPLA3, EGFR, CUL3, AVPR1A, CDO1, ALAD",False
C5_all,GO_BP,GOBP_TUBE_FORMATION,Tube formation,12,129,998,0.012,0.0087,1.379,0.160814119950371,0.7810242710097327,"CECR2, ARHGAP35, PROX1, MTHFD1, COBL, HS2ST1, GRHL3, EDA, STK3, PHACTR4, SEC24B, CITED2",False
C5_all,GO_BP,GOBP_COCHLEA_DEVELOPMENT,Cochlea development,5,43,998,0.005,0.0029,1.724,0.16167623548839236,0.7810242710097327,"CECR2, KCNK3, CDH23, GRHL3, SLC26A5",False
C5_all,GO_BP,GOBP_POSTSYNAPTIC_SPECIALIZATION_ORGANIZATION,Postsynaptic specialization organization,5,43,998,0.005,0.0029,1.724,0.16167623548839236,0.7810242710097327,"CDH2, IL1RAP, RELN, SLC30A1, SLITRK3",False
C5_all,GO_BP,GOBP_REGULATION_OF_MORPHOGENESIS_OF_A_BRANCHING_STRUCTURE,Regulation of morphogenesis of a branching structure,5,43,998,0.005,0.0029,1.724,0.16167623548839236,0.7810242710097327,"NTN4, LGR4, AR, RTN4, ESR1",False
C5_all,GO_BP,GOBP_RENAL_TUBULE_DEVELOPMENT,Renal tubule development,8,79,998,0.008,0.0053,1.501,0.16241913210713677,0.7810242710097327,"SLC22A1, AQP11, LGR4, HS2ST1, MTSS1, GREB1L, HS3ST3B1, ACAT1",False
C5_all,GO_BP,GOBP_PERIPHERAL_NERVOUS_SYSTEM_DEVELOPMENT,Peripheral nervous system development,7,67,998,0.007,0.0045,1.549,0.16423181308329854,0.7810242710097327,"SOD1, ERBB3, ALDH3A2, SCN8A, ADGRG6, PALS1, CITED2",False
C5_all,GO_BP,GOBP_POLYSACCHARIDE_BIOSYNTHETIC_PROCESS,Polysaccharide biosynthetic process,6,55,998,0.006,0.0037,1.617,0.1644081365391061,0.7810242710097327,"ACADM, HS2ST1, AGL, GYS2, NDST1, ENPP1",False
C5_all,GO_BP,GOBP_RECEPTOR_CLUSTERING,Receptor clustering,6,55,998,0.006,0.0037,1.617,0.1644081365391061,0.7810242710097327,"CDH2, MESD, RELN, GPHN, DLG2, SLITRK3",False
C5_all,GO_BP,GOBP_REGULATION_OF_MEMBRANE_PERMEABILITY,Regulation of membrane permeability,6,55,998,0.006,0.0037,1.617,0.1644081365391061,0.7810242710097327,"GCLC, ACAA2, BNIP3, TMEM14A, ATF2, RHOT1",False
C5_all,GO_BP,GOBP_POSTSYNAPTIC_DENSITY_ASSEMBLY,Postsynaptic density assembly,3,21,998,0.003,0.0014,2.118,0.16525104549307335,0.7810242710097327,"IL1RAP, SLITRK3, RELN",False
C5_all,GO_BP,GOBP_NEGATIVE_REGULATION_OF_LIPID_STORAGE,Negative regulation of lipid storage,3,21,998,0.003,0.0014,2.118,0.16525104549307335,0.7810242710097327,"NR1H3, ABCA1, PPARA",False
C5_all,GO_BP,GOBP_MUSCLE_HYPERTROPHY_IN_RESPONSE_TO_STRESS,Muscle hypertrophy in response to stress,3,21,998,0.003,0.0014,2.118,0.16525104549307335,0.7810242710097327,"ACACB, KLF15, TRPC3",False
C5_all,GO_BP,GOBP_QUINONE_METABOLIC_PROCESS,Quinone metabolic process,3,21,998,0.003,0.0014,2.118,0.16525104549307335,0.7810242710097327,"ADH4, GPD1, COQ5",False
C5_all,GO_BP,GOBP_NEGATIVE_REGULATION_OF_TRANSLATIONAL_INITIATION,Negative regulation of translational initiation,3,21,998,0.003,0.0014,2.118,0.16525104549307335,0.7810242710097327,"FMR1, PAIP2B, EIF4EBP2",False
C5_all,GO_BP,GOBP_POSITIVE_REGULATION_OF_HEART_RATE,Positive regulation of heart rate,3,21,998,0.003,0.0014,2.118,0.16525104549307335,0.7810242710097327,"AVPR1A, ADRA1A, SLC1A1",False
C5_all,GO_BP,GOBP_NITRIC_OXIDE_MEDIATED_SIGNAL_TRANSDUCTION,Nitric oxide mediated signal transduction,3,21,998,0.003,0.0014,2.118,0.16525104549307335,0.7810242710097327,"NDNF, KCNC2, CBS",False
C5_all,GO_BP,GOBP_RETINA_LAYER_FORMATION,Retina layer formation,3,21,998,0.003,0.0014,2.118,0.16525104549307335,0.7810242710097327,"SLC1A1, TSPAN12, HIPK2",False
C5_all,GO_BP,GOBP_PYRIMIDINE_NUCLEOSIDE_METABOLIC_PROCESS,Pyrimidine nucleoside metabolic process,3,21,998,0.003,0.0014,2.118,0.16525104549307335,0.7810242710097327,"DPYD, DHFR2, UPB1",False
C5_all,GO_BP,GOBP_LIPID_DROPLET_ORGANIZATION,Lipid droplet organization,4,32,998,0.004,0.0022,1.853,0.16652103501337234,0.7810242710097327,"FITM1, PLIN5, PNPLA3, ZFYVE1",False
C5_all,GO_BP,GOBP_TETRAPYRROLE_BIOSYNTHETIC_PROCESS,Tetrapyrrole biosynthetic process,4,32,998,0.004,0.0022,1.853,0.16652103501337234,0.7810242710097327,"SUCLA2, TMEM14A, ALAD, CPOX",False
C5_all,GO_BP,GOBP_BUNDLE_OF_HIS_CELL_TO_PURKINJE_MYOCYTE_COMMUNICATION,Bundle of his cell to purkinje myocyte communication,2,11,998,0.002,0.0007,2.695,0.16706914639294812,0.7810242710097327,"PKP2, CTNNA3",False
C5_all,GO_BP,GOBP_ESTABLISHMENT_OF_PLANAR_POLARITY_INVOLVED_IN_NEURAL_TUBE_CLOSURE,Establishment of planar polarity involved in neural tube closure,2,11,998,0.002,0.0007,2.695,0.16706914639294812,0.7810242710097327,"SEC24B, GRHL3",False
C5_all,GO_BP,GOBP_NEGATIVE_REGULATION_OF_TYPE_2_IMMUNE_RESPONSE,Negative regulation of type 2 immune response,2,11,998,0.002,0.0007,2.695,0.16706914639294812,0.7810242710097327,"ARG1, NDFIP1",False
C5_all,GO_BP,GOBP_POSITIVE_REGULATION_OF_STRIATED_MUSCLE_CELL_APOPTOTIC_PROCESS,Positive regulation of striated muscle cell apoptotic process,2,11,998,0.002,0.0007,2.695,0.16706914639294812,0.7810242710097327,"BNIP3, ADCY10",False
C5_all,GO_BP,GOBP_SKELETAL_MUSCLE_SATELLITE_CELL_DIFFERENTIATION,Skeletal muscle satellite cell differentiation,2,11,998,0.002,0.0007,2.695,0.16706914639294812,0.7810242710097327,"MEGF10, CDON",False
C5_all,GO_BP,GOBP_GAMMA_AMINOBUTYRIC_ACID_SECRETION,Gamma aminobutyric acid secretion,2,11,998,0.002,0.0007,2.695,0.16706914639294812,0.7810242710097327,"SLC6A1, ABAT",False
C5_all,GO_BP,GOBP_TELOMERE_LOCALIZATION,Telomere localization,2,11,998,0.002,0.0007,2.695,0.16706914639294812,0.7810242710097327,"MAJIN, TERB2",False
C5_all,GO_BP,GOBP_ENDOCARDIUM_DEVELOPMENT,Endocardium development,2,11,998,0.002,0.0007,2.695,0.16706914639294812,0.7810242710097327,"STK3, PROX1",False
C5_all,GO_BP,GOBP_L_ASCORBIC_ACID_METABOLIC_PROCESS,L ascorbic acid metabolic process,2,11,998,0.002,0.0007,2.695,0.16706914639294812,0.7810242710097327,"RGN, GCLC",False
C5_all,GO_BP,GOBP_UBIQUITIN_DEPENDENT_PROTEIN_CATABOLIC_PROCESS_VIA_THE_C_END_DEGRON_RULE_PATHWAY,Ubiquitin dependent protein catabolic process via the c end degron rule pathway,2,11,998,0.002,0.0007,2.695,0.16706914639294812,0.7810242710097327,"KLHDC10, KLHDC2",False
C5_all,GO_BP,GOBP_AMINO_SUGAR_BIOSYNTHETIC_PROCESS,Amino sugar biosynthetic process,2,11,998,0.002,0.0007,2.695,0.16706914639294812,0.7810242710097327,"UAP1, GNE",False
C5_all,GO_BP,GOBP_POSITIVE_REGULATION_OF_CALCIUM_ION_DEPENDENT_EXOCYTOSIS,Positive regulation of calcium ion dependent exocytosis,2,11,998,0.002,0.0007,2.695,0.16706914639294812,0.7810242710097327,"SYT10, SYT1",False
C5_all,GO_BP,GOBP_INTRACELLULAR_TRANSPORT_OF_VIRUS,Intracellular transport of virus,2,11,998,0.002,0.0007,2.695,0.16706914639294812,0.7810242710097327,"FMR1, CLEC4M",False
C5_all,GO_BP,GOBP_CELLULAR_RESPONSE_TO_TESTOSTERONE_STIMULUS,Cellular response to testosterone stimulus,2,11,998,0.002,0.0007,2.695,0.16706914639294812,0.7810242710097327,"AR, SRD5A1",False
C5_all,GO_BP,GOBP_ATRIAL_CARDIAC_MUSCLE_TISSUE_DEVELOPMENT,Atrial cardiac muscle tissue development,2,11,998,0.002,0.0007,2.695,0.16706914639294812,0.7810242710097327,"PROX1, TBX3",False
C5_all,GO_BP,GOBP_POSITIVE_REGULATION_OF_DNA_METHYLATION_DEPENDENT_HETEROCHROMATIN_FORMATION,Positive regulation of dna methylation dependent heterochromatin formation,2,11,998,0.002,0.0007,2.695,0.16706914639294812,0.7810242710097327,"ATF7IP2, SETDB2",False
C5_all,GO_BP,GOBP_HIGH_DENSITY_LIPOPROTEIN_PARTICLE_ASSEMBLY,High density lipoprotein particle assembly,2,11,998,0.002,0.0007,2.695,0.16706914639294812,0.7810242710097327,"ABCA1, LCAT",False
C5_all,GO_BP,GOBP_NEGATIVE_REGULATION_OF_CD4_POSITIVE_ALPHA_BETA_T_CELL_PROLIFERATION,Negative regulation of cd4 positive alpha beta t cell proliferation,2,11,998,0.002,0.0007,2.695,0.16706914639294812,0.7810242710097327,"ITCH, NDFIP1",False
C5_all,GO_BP,GOBP_HETEROCHROMATIN_ORGANIZATION,Heterochromatin organization,2,11,998,0.002,0.0007,2.695,0.16706914639294812,0.7810242710097327,"SETD7, SETDB2",False
C5_all,GO_BP,GOBP_RESPONSE_TO_FOLLICLE_STIMULATING_HORMONE,Response to follicle stimulating hormone,2,11,998,0.002,0.0007,2.695,0.16706914639294812,0.7810242710097327,"SRD5A1, GCLC",False
C5_all,GO_BP,GOBP_NEGATIVE_REGULATION_OF_CELL_GROWTH_INVOLVED_IN_CARDIAC_MUSCLE_CELL_DEVELOPMENT,Negative regulation of cell growth involved in cardiac muscle cell development,2,11,998,0.002,0.0007,2.695,0.16706914639294812,0.7810242710097327,"PPARA, TOMM70",False
C5_all,GO_BP,GOBP_PROTOPORPHYRINOGEN_IX_METABOLIC_PROCESS,Protoporphyrinogen ix metabolic process,2,11,998,0.002,0.0007,2.695,0.16706914639294812,0.7810242710097327,"ALAD, CPOX",False
C5_all,GO_BP,GOBP_CIRCADIAN_SLEEP_WAKE_CYCLE_SLEEP,Circadian sleep wake cycle sleep,2,11,998,0.002,0.0007,2.695,0.16706914639294812,0.7810242710097327,"FXR1, PER3",False
C5_all,GO_BP,GOBP_GLYCERALDEHYDE_3_PHOSPHATE_METABOLIC_PROCESS,Glyceraldehyde 3 phosphate metabolic process,2,11,998,0.002,0.0007,2.695,0.16706914639294812,0.7810242710097327,"ALDOB, GLYCTK",False
C5_all,GO_BP,GOBP_VERY_LOW_DENSITY_LIPOPROTEIN_PARTICLE_ASSEMBLY,Very low density lipoprotein particle assembly,2,11,998,0.002,0.0007,2.695,0.16706914639294812,0.7810242710097327,"MTTP, LPCAT3",False
C5_all,GO_BP,GOBP_VITAMIN_K_METABOLIC_PROCESS,Vitamin k metabolic process,2,11,998,0.002,0.0007,2.695,0.16706914639294812,0.7810242710097327,"GGCX, CYP4F11",False
C5_all,GO_BP,GOBP_NEGATIVE_REGULATION_OF_DIGESTIVE_SYSTEM_PROCESS,Negative regulation of digestive system process,2,11,998,0.002,0.0007,2.695,0.16706914639294812,0.7810242710097327,"NR1H3, WNK3",False
C5_all,GO_BP,GOBP_PROGESTERONE_RECEPTOR_SIGNALING_PATHWAY,Progesterone receptor signaling pathway,2,11,998,0.002,0.0007,2.695,0.16706914639294812,0.7810242710097327,"NEDD4, ERRFI1",False
C5_all,GO_BP,GOBP_EPITHELIAL_CELL_PROLIFERATION_INVOLVED_IN_PROSTATE_GLAND_DEVELOPMENT,Epithelial cell proliferation involved in prostate gland development,2,11,998,0.002,0.0007,2.695,0.16706914639294812,0.7810242710097327,"SERPINF1, AR",False
C5_all,GO_BP,GOBP_REGULATION_OF_CORTICOSTEROID_HORMONE_SECRETION,Regulation of corticosteroid hormone secretion,2,11,998,0.002,0.0007,2.695,0.16706914639294812,0.7810242710097327,"CRY2, REN",False
C5_all,GO_BP,GOBP_NEPHRON_EPITHELIUM_DEVELOPMENT,Nephron epithelium development,9,92,998,0.009,0.0062,1.45,0.16711335806587876,0.7810242710097327,"SLC22A1, AQP11, LGR4, HS2ST1, MTSS1, GREB1L, KLF15, HS3ST3B1, ACAT1",False
C5_all,GO_BP,GOBP_POSITIVE_REGULATION_OF_TRANSMEMBRANE_TRANSPORT,Positive regulation of transmembrane transport,15,169,998,0.015,0.0114,1.316,0.1680243283512351,0.7843194444728608,"SLC34A1, NOS1AP, LRRC55, KCNC2, WNK3, DRD1, PIK3R1, P2RX3, HAP1, ACSL5, KLF15, TRPC3, ACSL1, AKAP6, ARL6IP1",False
C5_all,GO_BP,GOBP_VASCULAR_PROCESS_IN_CIRCULATORY_SYSTEM,Vascular process in circulatory system,20,235,998,0.02,0.0159,1.262,0.16830573174970276,0.7846713980839874,"SOD1, GCLC, EGFR, KCNMA1, AVPR1A, CBS, SLC1A1, SLCO2B1, ABCC9, HTR2A, SLC6A1, ABCG2, ADRA1A, SLC22A1, SLC16A2, SLC6A13, ARHGAP35, CPS1, DRD1, SLC22A3",False
C5_all,GO_BP,GOBP_MUSCLE_HYPERTROPHY,Muscle hypertrophy,8,80,998,0.008,0.0054,1.482,0.1705615052965804,0.7942161047367662,"ADRA1A, PPARA, TOMM70, ACACB, KLF15, TRPC3, ADCY10, AKAP6",False
C5_all,GO_BP,GOBP_PHOSPHATIDYLINOSITOL_BIOSYNTHETIC_PROCESS,Phosphatidylinositol biosynthetic process,11,118,998,0.011,0.008,1.382,0.17223535549461017,0.8010310977765203,"PI4K2B, PITPNM3, MTMR4, HYCC2, PIK3R1, SMG1, HTR2A, MTM1, PIK3R4, IMPA1, PIK3C2G",False
C5_all,GO_BP,GOBP_REGULATION_OF_PHOSPHOLIPASE_ACTIVITY,Regulation of phospholipase activity,5,44,998,0.005,0.003,1.685,0.17299247161564882,0.8034515343217091,"ADRA1A, EGFR, HTR2A, ESR1, AVPR1A",False
C5_all,GO_BP,GOBP_RECEPTOR_METABOLIC_PROCESS,Receptor metabolic process,7,68,998,0.007,0.0046,1.526,0.17319108370969688,0.8034515343217091,"NEDD4, PEX1, SORL1, PEX5, EHD3, PIK3R4, ITCH",False
C5_all,GO_BP,GOBP_CENTRAL_NERVOUS_SYSTEM_NEURON_DIFFERENTIATION,Central nervous system neuron differentiation,12,131,998,0.012,0.0089,1.358,0.17338859575018245,0.8034515343217091,"NDNF, RAPGEF2, ARHGAP35, DRD1, PROX1, SLC4A10, PEX5, MDGA2, PALS1, TTC36, RORA, TSKU",False
C5_all,GO_BP,GOBP_CALCIUM_ION_HOMEOSTASIS,Calcium ion homeostasis,22,263,998,0.022,0.0178,1.24,0.1741131926298266,0.8048331372169157,"TMTC4, DIAPH1, SLC30A1, HTR2A, TRPC3, AKAP6, BNIP3, ITPR2, ABCC6, MICU1, ATP7B, DRD1, CDH23, SLC24A2, TRIM24, RGN, GRM1, SYPL2, RMDN3, HAP1, TRPC5, TMEM38B",False
C5_all,GO_BP,GOBP_CARDIAC_MUSCLE_CELL_ACTION_POTENTIAL_INVOLVED_IN_CONTRACTION,Cardiac muscle cell action potential involved in contraction,6,56,998,0.006,0.0038,1.588,0.17438948940280688,0.8048331372169157,"KCNN2, SCN8A, PKP2, CTNNA3, KCNJ3, NOS1AP",False
C5_all,GO_BP,GOBP_POLYOL_METABOLIC_PROCESS,Polyol metabolic process,9,93,998,0.009,0.0063,1.435,0.174743240871197,0.8048331372169157,"SLC34A1, MOGAT1, SORD, QDPR, DGAT2, CYP27A1, IMPA1, PCK2, MOGAT2",False
C5_all,GO_BP,GOBP_METENCEPHALON_DEVELOPMENT,Metencephalon development,9,93,998,0.009,0.0063,1.435,0.174743240871197,0.8048331372169157,"DAB1, PROX1, MYO16, HAP1, RORA, ATF2, SEC24B, CBS, ABAT",False
C5_all,GO_BP,GOBP_PHOSPHOLIPID_TRANSPORT,Phospholipid transport,9,93,998,0.009,0.0063,1.435,0.174743240871197,0.8048331372169157,"MTTP, PITPNM3, ABCA1, ATP11C, SCP2, APOA5, XKR4, TRPC5, DBI",False
C5_all,GO_BP,GOBP_AMINOGLYCAN_METABOLIC_PROCESS,Aminoglycan metabolic process,10,106,998,0.01,0.0072,1.398,0.17742914433652257,0.8162169212292445,"GCNT2, STAB2, ITIH2, ST3GAL6, LYVE1, HS2ST1, OVGP1, NDST1, ITIH1, HS3ST3B1",False
C5_all,GO_BP,GOBP_SUPEROXIDE_ANION_GENERATION,Superoxide anion generation,4,33,998,0.004,0.0022,1.797,0.18007694629678397,0.8254068453001807,"PON3, SOD1, EGFR, SH3PXD2A",False
C5_all,GO_BP,GOBP_AMINE_BIOSYNTHETIC_PROCESS,Amine biosynthetic process,4,33,998,0.004,0.0022,1.797,0.18007694629678397,0.8254068453001807,"SAT2, PAH, ALDH2, AGMAT",False
C5_all,GO_BP,GOBP_VENTRICULAR_CARDIAC_MUSCLE_CELL_ACTION_POTENTIAL,Ventricular cardiac muscle cell action potential,4,33,998,0.004,0.0022,1.797,0.18007694629678397,0.8254068453001807,"PKP2, CTNNA3, KCNJ3, NOS1AP",False
C5_all,GO_BP,GOBP_POSITIVE_REGULATION_OF_NEUROGENESIS,Positive regulation of neurogenesis,18,211,998,0.018,0.0143,1.265,0.1810302755101455,0.8267007622781749,"ADCY10, FXR1, RELN, SLC30A1, CDON, FMR1, MAN2A1, MME, PLAG1, NUMB, EGFR, SERPINF1, HAP1, ASPA, TRPC5, CUX2, DCT, SS18L1",False
C5_all,GO_BP,GOBP_PEPTIDE_METABOLIC_PROCESS,Peptide metabolic process,7,69,998,0.007,0.0047,1.504,0.18235611065309282,0.8267007622781749,"TRHDE, IMMP1L, SLC1A1, GCLC, MME, ENPEP, HAGH",False
C5_all,GO_BP,GOBP_PHOSPHATIDYLCHOLINE_METABOLIC_PROCESS,Phosphatidylcholine metabolic process,7,69,998,0.007,0.0047,1.504,0.18235611065309282,0.8267007622781749,"GPLD1, NR1H3, LIPC, PEMT, LPCAT3, DBI, LCAT",False
C5_all,GO_BP,GOBP_PYRIMIDINE_RIBONUCLEOTIDE_BIOSYNTHETIC_PROCESS,Pyrimidine ribonucleotide biosynthetic process,3,22,998,0.003,0.0015,2.021,0.1823563359670914,0.8267007622781749,"DHODH, CTPS1, UCK1",False
C5_all,GO_BP,GOBP_EMBRYONIC_FORELIMB_MORPHOGENESIS,Embryonic forelimb morphogenesis,3,22,998,0.003,0.0015,2.021,0.1823563359670914,0.8267007622781749,"TBX3, ALDH1A2, RDH10",False
C5_all,GO_BP,GOBP_REGULATION_OF_PROTEIN_EXIT_FROM_ENDOPLASMIC_RETICULUM,Regulation of protein exit from endoplasmic reticulum,3,22,998,0.003,0.0015,2.021,0.1823563359670914,0.8267007622781749,"SORL1, EDEM1, SAR1B",False
C5_all,GO_BP,GOBP_PROGRAMMED_CELL_DEATH_INVOLVED_IN_CELL_DEVELOPMENT,Programmed cell death involved in cell development,3,22,998,0.003,0.0015,2.021,0.1823563359670914,0.8267007622781749,"SOD1, DNASE1L3, MAEL",False
C5_all,GO_BP,GOBP_NEGATIVE_REGULATION_OF_AMIDE_METABOLIC_PROCESS,Negative regulation of amide metabolic process,3,22,998,0.003,0.0015,2.021,0.1823563359670914,0.8267007622781749,"SORL1, HAP1, RTN4",False
C5_all,GO_BP,GOBP_RETROGRADE_TRANSPORT_ENDOSOME_TO_GOLGI,Retrograde transport endosome to golgi,9,94,998,0.009,0.0064,1.419,0.18252962485585328,0.8267007622781749,"EVI5, RHOBTB3, GOSR1, TBC1D14, EHD3, RBSN, SNX5, LMAN1, BLTP3B",False
C5_all,GO_BP,GOBP_NEURAL_TUBE_FORMATION,Neural tube formation,9,94,998,0.009,0.0064,1.419,0.18252962485585328,0.8267007622781749,"CECR2, ARHGAP35, MTHFD1, COBL, GRHL3, STK3, PHACTR4, SEC24B, CITED2",False
C5_all,GO_BP,GOBP_NEGATIVE_REGULATION_OF_CARBOHYDRATE_METABOLIC_PROCESS,Negative regulation of carbohydrate metabolic process,5,45,998,0.005,0.003,1.647,0.18460231612025427,0.8318382900957813,"PFKFB1, NCOR1, PPARA, NUPR1, ENPP1",False
C5_all,GO_BP,GOBP_NEGATIVE_REGULATION_OF_BMP_SIGNALING_PATHWAY,Negative regulation of bmp signaling pathway,5,45,998,0.005,0.003,1.647,0.18460231612025427,0.8318382900957813,"MTMR4, SORL1, BMPER, HJV, HIPK2",False
C5_all,GO_BP,GOBP_MODULATION_BY_HOST_OF_VIRAL_PROCESS,Modulation by host of viral process,5,45,998,0.005,0.003,1.647,0.18460231612025427,0.8318382900957813,"FMR1, NUCKS1, SMC6, ZFYVE1, PIK3C2G",False
C5_all,GO_BP,GOBP_SUPEROXIDE_METABOLIC_PROCESS,Superoxide metabolic process,6,57,998,0.006,0.0039,1.56,0.18461170525938683,0.8318382900957813,"PON3, SOD1, SLC1A1, SH3PXD2A, EGFR, CBS",False
C5_all,GO_BP,GOBP_NEGATIVE_REGULATION_OF_CELLULAR_CATABOLIC_PROCESS,Negative regulation of cellular catabolic process,10,107,998,0.01,0.0072,1.385,0.18475589220819924,0.8318382900957813,"GPLD1, ADRA1A, SORL1, USP30, TBC1D14, PLIN5, ACACB, NUPR1, MTM1, ETFBKMT",False
C5_all,GO_BP,GOBP_KIDNEY_EPITHELIUM_DEVELOPMENT,Kidney epithelium development,11,120,998,0.011,0.0081,1.359,0.18596515833054209,0.8318773861624648,"SLC22A1, AQP11, LGR4, HS2ST1, BMPER, MTSS1, GREB1L, CAT, KLF15, HS3ST3B1, ACAT1",False
C5_all,GO_BP,GOBP_POSITIVE_REGULATION_OF_DEVELOPMENTAL_GROWTH,Positive regulation of developmental growth,12,133,998,0.012,0.009,1.337,0.18642643643379675,0.8318773861624648,"ADCY10, RPS6KB1, PROX1, PEX5, SYT1, ACACB, GHR, MTM1, TRPC5, CPNE6, GPAM, AKAP6",False
C5_all,GO_BP,GOBP_CELLULAR_RESPONSE_TO_PEPTIDE_HORMONE_STIMULUS,Cellular response to peptide hormone stimulus,22,266,998,0.022,0.018,1.226,0.18780961608515617,0.8318773861624648,"SRD5A1, GCLC, SORL1, EIF4EBP2, GPLD1, USO1, NUCKS1, PIK3R1, CPEB2, TSHR, PCK2, PDE3B, CUL3, ENPP1, PDK4, RPS6KB1, HMGCS2, CPS1, SLC30A10, PNPLA3, GHR, SNX5",False
C5_all,GO_BP,GOBP_ORGANIC_CATION_TRANSPORT,Organic cation transport,9,95,998,0.009,0.0064,1.404,0.19046773307961576,0.8318773861624648,"SLC16A10, SFXN1, SLC1A1, SLC22A1, SLC38A4, SLC22A3, SLC47A1, SLCO1A2, SFXN2",False
C5_all,GO_BP,GOBP_POSITIVE_REGULATION_OF_INSULIN_SECRETION,Positive regulation of insulin secretion,7,70,998,0.007,0.0047,1.482,0.1917184424210087,0.8318773861624648,"GPLD1, RAPGEF4, PCK2, VSNL1, SLC2A2, GLUD1, ABAT",False
C5_all,GO_BP,GOBP_LATERAL_VENTRICLE_DEVELOPMENT,Lateral ventricle development,2,12,998,0.002,0.0008,2.471,0.19197170449903034,0.8318773861624648,"NUMB, TSKU",False
C5_all,GO_BP,GOBP_PYRIMIDINE_RIBONUCLEOSIDE_MONOPHOSPHATE_BIOSYNTHETIC_PROCESS,Pyrimidine ribonucleoside monophosphate biosynthetic process,2,12,998,0.002,0.0008,2.471,0.19197170449903034,0.8318773861624648,"DHODH, UCK1",False
C5_all,GO_BP,GOBP_GOLGI_TO_LYSOSOME_TRANSPORT,Golgi to lysosome transport,2,12,998,0.002,0.0008,2.471,0.19197170449903034,0.8318773861624648,"RBSN, EHD3",False
C5_all,GO_BP,GOBP_NEGATIVE_REGULATION_OF_MEMBRANE_POTENTIAL,Negative regulation of membrane potential,2,12,998,0.002,0.0008,2.471,0.19197170449903034,0.8318773861624648,"BNIP3, ADCY10",False
C5_all,GO_BP,GOBP_NEGATIVE_REGULATION_OF_AUTOPHAGOSOME_ASSEMBLY,Negative regulation of autophagosome assembly,2,12,998,0.002,0.0008,2.471,0.19197170449903034,0.8318773861624648,"NUPR1, MTM1",False
C5_all,GO_BP,GOBP_POSITIVE_REGULATION_OF_VASCULOGENESIS,Positive regulation of vasculogenesis,2,12,998,0.002,0.0008,2.471,0.19197170449903034,0.8318773861624648,"RAPGEF2, ASB4",False
C5_all,GO_BP,GOBP_CHONDROCYTE_DIFFERENTIATION_INVOLVED_IN_ENDOCHONDRAL_BONE_MORPHOGENESIS,Chondrocyte differentiation involved in endochondral bone morphogenesis,2,12,998,0.002,0.0008,2.471,0.19197170449903034,0.8318773861624648,"TSKU, ATF2",False
C5_all,GO_BP,GOBP_LIPID_DROPLET_FORMATION,Lipid droplet formation,2,12,998,0.002,0.0008,2.471,0.19197170449903034,0.8318773861624648,"FITM1, ZFYVE1",False
C5_all,GO_BP,GOBP_POSITIVE_REGULATION_OF_POST_TRANSCRIPTIONAL_GENE_SILENCING,Positive regulation of post transcriptional gene silencing,2,12,998,0.002,0.0008,2.471,0.19197170449903034,0.8318773861624648,"FMR1, FXR1",False
C5_all,GO_BP,GOBP_POSITIVE_REGULATION_OF_NUCLEOTIDE_BIOSYNTHETIC_PROCESS,Positive regulation of nucleotide biosynthetic process,2,12,998,0.002,0.0008,2.471,0.19197170449903034,0.8318773861624648,"ADCY10, PPARA",False
C5_all,GO_BP,GOBP_IMMATURE_B_CELL_DIFFERENTIATION,Immature b cell differentiation,2,12,998,0.002,0.0008,2.471,0.19197170449903034,0.8318773861624648,"FNIP1, RAG1",False
C5_all,GO_BP,GOBP_NEGATIVE_REGULATION_OF_REACTIVE_OXYGEN_SPECIES_BIOSYNTHETIC_PROCESS,Negative regulation of reactive oxygen species biosynthetic process,2,12,998,0.002,0.0008,2.471,0.19197170449903034,0.8318773861624648,"ADCY10, PPARA",False
C5_all,GO_BP,GOBP_REGULATION_OF_CELLULAR_RESPONSE_TO_OSMOTIC_STRESS,Regulation of cellular response to osmotic stress,2,12,998,0.002,0.0008,2.471,0.19197170449903034,0.8318773861624648,"MICU1, EFHD1",False
C5_all,GO_BP,GOBP_SERTOLI_CELL_DEVELOPMENT,Sertoli cell development,2,12,998,0.002,0.0008,2.471,0.19197170449903034,0.8318773861624648,"HSD17B4, ARID4A",False
C5_all,GO_BP,GOBP_SEROTONIN_UPTAKE,Serotonin uptake,2,12,998,0.002,0.0008,2.471,0.19197170449903034,0.8318773861624648,"SLC22A3, SLC22A1",False
C5_all,GO_BP,GOBP_EXTRACELLULAR_MATRIX_CONSTITUENT_SECRETION,Extracellular matrix constituent secretion,2,12,998,0.002,0.0008,2.471,0.19197170449903034,0.8318773861624648,"TMEM38B, CPB2",False
C5_all,GO_BP,GOBP_REGULATION_OF_VENTRICULAR_CARDIAC_MUSCLE_CELL_ACTION_POTENTIAL,Regulation of ventricular cardiac muscle cell action potential,2,12,998,0.002,0.0008,2.471,0.19197170449903034,0.8318773861624648,"PKP2, CTNNA3",False
C5_all,GO_BP,GOBP_ENGULFMENT_OF_APOPTOTIC_CELL,Engulfment of apoptotic cell,2,12,998,0.002,0.0008,2.471,0.19197170449903034,0.8318773861624648,"MEGF10, XKR4",False
C5_all,GO_BP,GOBP_URETER_DEVELOPMENT,Ureter development,2,12,998,0.002,0.0008,2.471,0.19197170449903034,0.8318773861624648,"NFIA, ALDH1A2",False
C5_all,GO_BP,GOBP_REGULATION_OF_MITOCHONDRIAL_FUSION,Regulation of mitochondrial fusion,2,12,998,0.002,0.0008,2.471,0.19197170449903034,0.8318773861624648,"BNIP3, PLD6",False
C5_all,GO_BP,GOBP_PYRUVATE_FAMILY_AMINO_ACID_METABOLIC_PROCESS,Pyruvate family amino acid metabolic process,2,12,998,0.002,0.0008,2.471,0.19197170449903034,0.8318773861624648,"AGXT2, HMGCL",False
C5_all,GO_BP,GOBP_NODAL_SIGNALING_PATHWAY,Nodal signaling pathway,2,12,998,0.002,0.0008,2.471,0.19197170449903034,0.8318773861624648,"CITED2, ACVR1C",False
C5_all,GO_BP,GOBP_CELLULAR_RESPONSE_TO_PEPTIDE,Cellular response to peptide,2,12,998,0.002,0.0008,2.471,0.19197170449903034,0.8318773861624648,"KLF3, KLF15",False
C5_all,GO_BP,GOBP_POST_TRANSLATIONAL_PROTEIN_TARGETING_TO_ENDOPLASMIC_RETICULUM_MEMBRANE,Post translational protein targeting to endoplasmic reticulum membrane,2,12,998,0.002,0.0008,2.471,0.19197170449903034,0.8318773861624648,"SEC62, SEC61A2",False
C5_all,GO_BP,GOBP_RESPONSE_TO_FORSKOLIN,Response to forskolin,2,12,998,0.002,0.0008,2.471,0.19197170449903034,0.8318773861624648,"ADCY1, GNAI1",False
C5_all,GO_BP,GOBP_NEGATIVE_REGULATION_OF_ADENYLATE_CYCLASE_ACTIVATING_G_PROTEIN_COUPLED_RECEPTOR_SIGNALING_PATHWAY,Negative regulation of adenylate cyclase activating g protein coupled receptor signaling pathway,2,12,998,0.002,0.0008,2.471,0.19197170449903034,0.8318773861624648,"ARRDC3, PDE3B",False
C5_all,GO_BP,GOBP_CELLULAR_RESPONSE_TO_LEUCINE_STARVATION,Cellular response to leucine starvation,2,12,998,0.002,0.0008,2.471,0.19197170449903034,0.8318773861624648,"SAR1B, ATF2",False
C5_all,GO_BP,GOBP_REGULATION_OF_PROTEIN_LOCALIZATION_TO_ENDOSOME,Regulation of protein localization to endosome,2,12,998,0.002,0.0008,2.471,0.19197170449903034,0.8318773861624648,"SORL1, ABHD17B",False
C5_all,GO_BP,GOBP_NEGATIVE_REGULATION_OF_JNK_CASCADE,Negative regulation of jnk cascade,4,34,998,0.004,0.0023,1.744,0.19398431393465373,0.8330171947881578,"DUSP19, SH3RF2, NCOR1, ITCH",False
C5_all,GO_BP,GOBP_PURINE_CONTAINING_COMPOUND_TRANSMEMBRANE_TRANSPORT,Purine containing compound transmembrane transport,4,34,998,0.004,0.0023,1.744,0.19398431393465373,0.8330171947881578,"ADCY10, SLC22A3, AQP9, SLC22A1",False
C5_all,GO_BP,GOBP_REGULATION_OF_SYSTEMIC_ARTERIAL_BLOOD_PRESSURE_MEDIATED_BY_A_CHEMICAL_SIGNAL,Regulation of systemic arterial blood pressure mediated by a chemical signal,4,34,998,0.004,0.0023,1.744,0.19398431393465373,0.8330171947881578,"AVPR1A, ADRA1A, ENPEP, REN",False
C5_all,GO_BP,GOBP_FOAM_CELL_DIFFERENTIATION,Foam cell differentiation,4,34,998,0.004,0.0023,1.744,0.19398431393465373,0.8330171947881578,"NR1H3, ABCA1, ABCA5, PPARA",False
C5_all,GO_BP,GOBP_LACTATION,Lactation,4,34,998,0.004,0.0023,1.744,0.19398431393465373,0.8330171947881578,"PRLR, CDO1, ATP7B, XDH",False
C5_all,GO_BP,GOBP_CYCLIC_NUCLEOTIDE_METABOLIC_PROCESS,Cyclic nucleotide metabolic process,4,34,998,0.004,0.0023,1.744,0.19398431393465373,0.8330171947881578,"GUCY2C, ADCY10, ADCY1, RORA",False
C5_all,GO_BP,GOBP_RESPONSE_TO_TESTOSTERONE,Response to testosterone,4,34,998,0.004,0.0023,1.744,0.19398431393465373,0.8330171947881578,"RPS6KB1, HMGCS2, AR, SRD5A1",False
C5_all,GO_BP,GOBP_MAINTENANCE_OF_BLOOD_BRAIN_BARRIER,Maintenance of blood brain barrier,4,34,998,0.004,0.0023,1.744,0.19398431393465373,0.8330171947881578,"SLC1A1, WNK3, CLDN12, TSPAN12",False
C5_all,GO_BP,GOBP_RESPONSE_TO_KETONE,Response to ketone,16,187,998,0.016,0.0126,1.268,0.19506779370602476,0.8357854063287382,"RPS6KB1, HMGCS2, CPS1, GNAI1, SRD5A1, NR1H3, DSG1, ERRFI1, POSTN, AR, EGFR, MAOB, ADCY1, SERPINF1, AVPR1A, PCK2",False
C5_all,GO_BP,GOBP_POTASSIUM_ION_TRANSPORT,Potassium ion transport,16,187,998,0.016,0.0126,1.268,0.19506779370602476,0.8357854063287382,"NOS1AP, KCNN2, KCNH1, KCNC2, NEDD4, KCNK3, LRRC55, DRD1, SLC24A2, ABCC9, KCNH7, HTR2A, KCNMA1, KCNJ3, TMEM38B, AKAP6",False
C5_all,GO_BP,GOBP_L_AMINO_ACID_TRANSPORT,L amino acid transport,8,83,998,0.008,0.0056,1.429,0.19604632819313683,0.8390342293119755,"SLC16A10, SFXN1, SLC1A1, SLC25A13, SLC38A4, GRM1, SLC47A1, ARL6IP1",False
C5_all,GO_BP,GOBP_GLUTAMATE_RECEPTOR_SIGNALING_PATHWAY,Glutamate receptor signaling pathway,5,46,998,0.005,0.0031,1.611,0.19648691837562196,0.8399760629548193,"SLC1A1, FMR1, HOMER2, GRIN3A, GRM1",False
C5_all,GO_BP,GOBP_DIGESTIVE_SYSTEM_DEVELOPMENT,Digestive system development,10,109,998,0.01,0.0074,1.36,0.19980955513358245,0.8432411683741019,"HMGCS2, C1GALT1, CPS1, LGR4, COBL, EGFR, EPB41L5, SRP54, ACVR2B, ALDH1A2",False
C5_all,GO_BP,GOBP_CHOLESTEROL_STORAGE,Cholesterol storage,3,23,998,0.003,0.0016,1.934,0.19990477528110445,0.8432411683741019,"NR1H3, ABCA1, PPARA",False
C5_all,GO_BP,GOBP_NEGATIVE_REGULATION_OF_EPIDERMAL_GROWTH_FACTOR_RECEPTOR_SIGNALING_PATHWAY,Negative regulation of epidermal growth factor receptor signaling pathway,3,23,998,0.003,0.0016,1.934,0.19990477528110445,0.8432411683741019,"EGFR, SNX5, ERRFI1",False
C5_all,GO_BP,GOBP_PROTEIN_QUALITY_CONTROL_FOR_MISFOLDED_OR_INCOMPLETELY_SYNTHESIZED_PROTEINS,Protein quality control for misfolded or incompletely synthesized proteins,3,23,998,0.003,0.0016,1.934,0.19990477528110445,0.8432411683741019,"CUL3, ZYG11B, LONP2",False
C5_all,GO_BP,GOBP_MITOCHONDRIAL_DEPOLARIZATION,Mitochondrial depolarization,3,23,998,0.003,0.0016,1.934,0.19990477528110445,0.8432411683741019,"ADCY10, ALB, GCLC",False
C5_all,GO_BP,GOBP_POSITIVE_REGULATION_OF_LIPID_CATABOLIC_PROCESS,Positive regulation of lipid catabolic process,3,23,998,0.003,0.0016,1.934,0.19990477528110445,0.8432411683741019,"APOA5, PLIN5, PPARA",False
C5_all,GO_BP,GOBP_REGULATION_OF_RESPONSE_TO_NUTRIENT_LEVELS,Regulation of response to nutrient levels,3,23,998,0.003,0.0016,1.934,0.19990477528110445,0.8432411683741019,"TRIM24, PPARA, GHR",False
C5_all,GO_BP,GOBP_TELENCEPHALON_GLIAL_CELL_MIGRATION,Telencephalon glial cell migration,3,23,998,0.003,0.0016,1.934,0.19990477528110445,0.8432411683741019,"RTN4, RELN, DAB1",False
C5_all,GO_BP,GOBP_MUSCLE_CELL_CELLULAR_HOMEOSTASIS,Muscle cell cellular homeostasis,3,23,998,0.003,0.0016,1.934,0.19990477528110445,0.8432411683741019,"SOD1, MTM1, PLG",False
C5_all,GO_BP,GOBP_AUDITORY_RECEPTOR_CELL_DEVELOPMENT,Auditory receptor cell development,3,23,998,0.003,0.0016,1.934,0.19990477528110445,0.8432411683741019,"SEC24B, SOD1, CDH23",False
C5_all,GO_BP,GOBP_POSITIVE_REGULATION_OF_CELLULAR_RESPONSE_TO_INSULIN_STIMULUS,Positive regulation of cellular response to insulin stimulus,3,23,998,0.003,0.0016,1.934,0.19990477528110445,0.8432411683741019,"SORL1, NUCKS1, SNX5",False
C5_all,GO_BP,GOBP_RETINA_DEVELOPMENT_IN_CAMERA_TYPE_EYE,Retina development in camera type eye,12,135,998,0.012,0.0091,1.318,0.19990726569750958,0.8432411683741019,"SCAPER, SLC1A1, NFIA, THRB, CDON, PROX1, MAN2A1, HIPK2, ACVR2B, SERPINF1, TMEM135, TSPAN12",False
C5_all,GO_BP,GOBP_SULFUR_COMPOUND_TRANSPORT,Sulfur compound transport,6,59,998,0.006,0.004,1.507,0.20572946133970552,0.8658823405999319,"SLC6A13, ABCG2, SLC1A1, SLC22A1, SLC26A5, SLC47A1",False
C5_all,GO_BP,GOBP_EXPORT_ACROSS_PLASMA_MEMBRANE,Export across plasma membrane,6,59,998,0.006,0.004,1.507,0.20572946133970552,0.8658823405999319,"ABCG2, ABCA1, SLC30A1, SLC30A10, SLC47A1, ATP7B",False
C5_all,GO_BP,GOBP_CELLULAR_RESPONSE_TO_KETONE,Cellular response to ketone,9,97,998,0.009,0.0066,1.375,0.20677891464217113,0.8669945545655025,"RPS6KB1, GNAI1, SRD5A1, POSTN, AR, EGFR, ADCY1, SERPINF1, PCK2",False
C5_all,GO_BP,GOBP_GOLGI_ORGANIZATION,Golgi organization,12,136,998,0.012,0.0092,1.308,0.20680688078853848,0.8669945545655025,"PI4K2B, HOOK1, USO1, RAB33B, PDE4DIP, EHD3, RBSN, GOLGA8S, LMAN1, ATL2, COG8, STX17",False
C5_all,GO_BP,GOBP_NEGATIVE_REGULATION_OF_SECRETION,Negative regulation of secretion,12,136,998,0.012,0.0092,1.308,0.20680688078853848,0.8669945545655025,"WNK3, SLC30A1, RAB33B, NR1H3, FMR1, ERBB3, CRY2, VSNL1, ACVR1C, MAOB, HADH, ABAT",False
C5_all,GO_BP,GOBP_POSITIVE_REGULATION_OF_CELL_MORPHOGENESIS,Positive regulation of cell morphogenesis,4,35,998,0.004,0.0024,1.694,0.2082103388902861,0.8669945545655025,"SS18L1, CUX2, RELN, SLC30A1",False
C5_all,GO_BP,GOBP_REGULATION_OF_CHOLESTEROL_EFFLUX,Regulation of cholesterol efflux,4,35,998,0.004,0.0024,1.694,0.2082103388902861,0.8669945545655025,"NR1H3, ABCA1, ABCA5, ABCA8",False
C5_all,GO_BP,GOBP_STRIATED_MUSCLE_ADAPTATION,Striated muscle adaptation,4,35,998,0.004,0.0024,1.694,0.2082103388902861,0.8669945545655025,"ACACB, KLF15, TRPC3, RPS6KB1",False
C5_all,GO_BP,GOBP_MEMBRANE_REPOLARIZATION,Membrane repolarization,5,47,998,0.005,0.0032,1.577,0.20862697350018836,0.8669945545655025,"KCNN2, AKAP6, ADCY10, KCNJ3, NOS1AP",False
C5_all,GO_BP,GOBP_EMBRYO_IMPLANTATION,Embryo implantation,5,47,998,0.005,0.0032,1.577,0.20862697350018836,0.8669945545655025,"SOD1, A1CF, ERRFI1, PRLR, ACVR1C",False
C5_all,GO_BP,GOBP_SENSORY_ORGAN_DEVELOPMENT,Sensory organ development,35,451,998,0.0351,0.0305,1.15,0.21547182867166328,0.8669945545655025,"SOD1, TBX3, EGFR, ADGRV1, SEC24B, NFIA, SLC1A1, THRB, MYOM2, PROX1, GRHL3, SLC26A5, MAF, USH2A, HIPK2, ACVR2B, TSPAN12, CECR2, RDH10, CDON, BMPER, TMEM135, SLC39A5, SCAPER, SMOC1, ARHGAP35, KCNK3, CDH23, SHROOM2, MAN2A1, PHACTR4, SERPINF1, TSKU, CITED2, ALDH1A2",False
C5_all,GO_BP,GOBP_REGULATION_OF_SYSTEM_PROCESS,Regulation of system process,35,451,998,0.0351,0.0305,1.15,0.21547182867166328,0.8669945545655025,"SOD1, TOMM70, EGFR, CRY2, CHRNA2, ADCY10, AVPR1A, CYP2J2, SLC1A1, RELN, THRB, WNK3, NR1H3, ABCC9, ACACB, HTR2A, CTNNA3, TRPC3, REN, AKAP6, ABAT, ADRA1A, KCNN2, PPARA, FMR1, LPCAT3, CUX2, NOS1AP, RPS6KB1, EHD3, GRM1, PKP2, CACNA1H, KCNJ3, TMEM38B",False
C5_all,GO_BP,GOBP_POSITIVE_REGULATION_OF_SYNAPTIC_TRANSMISSION_GABAERGIC,Positive regulation of synaptic transmission gabaergic,2,13,998,0.002,0.0009,2.281,0.21730767818081395,0.8669945545655025,"HAP1, ADRA1A",False
C5_all,GO_BP,GOBP_NEGATIVE_REGULATION_OF_FIBRINOLYSIS,Negative regulation of fibrinolysis,2,13,998,0.002,0.0009,2.281,0.21730767818081395,0.8669945545655025,"CPB2, PLG",False
C5_all,GO_BP,GOBP_REGULATION_OF_PROTEIN_CATABOLIC_PROCESS_IN_THE_VACUOLE,Regulation of protein catabolic process in the vacuole,2,13,998,0.002,0.0009,2.281,0.21730767818081395,0.8669945545655025,"MFSD8, RNF128",False
C5_all,GO_BP,GOBP_REGULATION_OF_PEROXISOME_PROLIFERATOR_ACTIVATED_RECEPTOR_SIGNALING_PATHWAY,Regulation of peroxisome proliferator activated receptor signaling pathway,2,13,998,0.002,0.0009,2.281,0.21730767818081395,0.8669945545655025,"PLIN5, CITED2",False
C5_all,GO_BP,GOBP_POSITIVE_REGULATION_OF_POTASSIUM_ION_TRANSMEMBRANE_TRANSPORTER_ACTIVITY,Positive regulation of potassium ion transmembrane transporter activity,2,13,998,0.002,0.0009,2.281,0.21730767818081395,0.8669945545655025,"LRRC55, AKAP6",False
C5_all,GO_BP,GOBP_CELLULAR_RESPONSE_TO_SALT_STRESS,Cellular response to salt stress,2,13,998,0.002,0.0009,2.281,0.21730767818081395,0.8669945545655025,"MICU1, EFHD1",False
C5_all,GO_BP,GOBP_PYRIMIDINE_RIBONUCLEOSIDE_TRIPHOSPHATE_BIOSYNTHETIC_PROCESS,Pyrimidine ribonucleoside triphosphate biosynthetic process,2,13,998,0.002,0.0009,2.281,0.21730767818081395,0.8669945545655025,"CTPS1, UCK1",False
C5_all,GO_BP,GOBP_REGULATION_OF_MYOBLAST_PROLIFERATION,Regulation of myoblast proliferation,2,13,998,0.002,0.0009,2.281,0.21730767818081395,0.8669945545655025,"MEGF10, ATF2",False
C5_all,GO_BP,GOBP_PROTON_TRANSPORTING_TWO_SECTOR_ATPASE_COMPLEX_ASSEMBLY,Proton transporting two sector atpase complex assembly,2,13,998,0.002,0.0009,2.281,0.21730767818081395,0.8669945545655025,"ALDOB, ATPAF1",False
C5_all,GO_BP,GOBP_NEGATIVE_REGULATION_OF_SMOOTH_MUSCLE_CELL_APOPTOTIC_PROCESS,Negative regulation of smooth muscle cell apoptotic process,2,13,998,0.002,0.0009,2.281,0.21730767818081395,0.8669945545655025,"LRP6, ESR1",False
C5_all,GO_BP,GOBP_GLUCOCORTICOID_BIOSYNTHETIC_PROCESS,Glucocorticoid biosynthetic process,2,13,998,0.002,0.0009,2.281,0.21730767818081395,0.8669945545655025,"CYP17A1, CACNA1H",False
C5_all,GO_BP,GOBP_REGULATION_OF_ESTABLISHMENT_OF_PLANAR_POLARITY,Regulation of establishment of planar polarity,2,13,998,0.002,0.0009,2.281,0.21730767818081395,0.8669945545655025,"SEC24B, GRHL3",False
C5_all,GO_BP,GOBP_REGULATION_OF_RESPONSE_TO_TYPE_II_INTERFERON,Regulation of response to type ii interferon,2,13,998,0.002,0.0009,2.281,0.21730767818081395,0.8669945545655025,"NR1H3, ARG1",False
C5_all,GO_BP,GOBP_RESPONSE_TO_CORTICOSTERONE,Response to corticosterone,2,13,998,0.002,0.0009,2.281,0.21730767818081395,0.8669945545655025,"AVPR1A, MAOB",False
C5_all,GO_BP,GOBP_REGULATION_OF_APPETITE,Regulation of appetite,2,13,998,0.002,0.0009,2.281,0.21730767818081395,0.8669945545655025,"SLC22A3, PPARA",False
C5_all,GO_BP,GOBP_NOSE_DEVELOPMENT,Nose development,2,13,998,0.002,0.0009,2.281,0.21730767818081395,0.8669945545655025,"PROX1, RDH10",False
C5_all,GO_BP,GOBP_MORPHOGENESIS_OF_AN_EPITHELIAL_BUD,Morphogenesis of an epithelial bud,2,13,998,0.002,0.0009,2.281,0.21730767818081395,0.8669945545655025,"AR, RDH10",False
C5_all,GO_BP,GOBP_REGULATION_OF_ATP_BIOSYNTHETIC_PROCESS,Regulation of atp biosynthetic process,2,13,998,0.002,0.0009,2.281,0.21730767818081395,0.8669945545655025,"ADCY10, PPARA",False
C5_all,GO_BP,GOBP_COPULATION,Copulation,2,13,998,0.002,0.0009,2.281,0.21730767818081395,0.8669945545655025,"AVPR1A, ABAT",False
C5_all,GO_BP,GOBP_T_CELL_TOLERANCE_INDUCTION,T cell tolerance induction,2,13,998,0.002,0.0009,2.281,0.21730767818081395,0.8669945545655025,"ITCH, PHLPP1",False
C5_all,GO_BP,GOBP_PYRIMIDINE_NUCLEOSIDE_CATABOLIC_PROCESS,Pyrimidine nucleoside catabolic process,2,13,998,0.002,0.0009,2.281,0.21730767818081395,0.8669945545655025,"DPYD, UPB1",False
C5_all,GO_BP,GOBP_G_PROTEIN_COUPLED_GLUTAMATE_RECEPTOR_SIGNALING_PATHWAY,G protein coupled glutamate receptor signaling pathway,2,13,998,0.002,0.0009,2.281,0.21730767818081395,0.8669945545655025,"GRM1, HOMER2",False
C5_all,GO_BP,GOBP_NEGATIVE_REGULATION_BY_HOST_OF_VIRAL_PROCESS,Negative regulation by host of viral process,2,13,998,0.002,0.0009,2.281,0.21730767818081395,0.8669945545655025,"NUCKS1, SMC6",False
C5_all,GO_BP,GOBP_XENOBIOTIC_EXPORT_FROM_CELL,Xenobiotic export from cell,2,13,998,0.002,0.0009,2.281,0.21730767818081395,0.8669945545655025,"SLC47A1, ATP7B",False
C5_all,GO_BP,GOBP_POLYAMINE_BIOSYNTHETIC_PROCESS,Polyamine biosynthetic process,2,13,998,0.002,0.0009,2.281,0.21730767818081395,0.8669945545655025,"AGMAT, SAT2",False
C5_all,GO_BP,GOBP_REGULATION_OF_SULFUR_METABOLIC_PROCESS,Regulation of sulfur metabolic process,2,13,998,0.002,0.0009,2.281,0.21730767818081395,0.8669945545655025,"PDK4, BHMT",False
C5_all,GO_BP,GOBP_OLIGOSACCHARIDE_CATABOLIC_PROCESS,Oligosaccharide catabolic process,2,13,998,0.002,0.0009,2.281,0.21730767818081395,0.8669945545655025,"NEU3, NEU4",False
C5_all,GO_BP,GOBP_PHOSPHOLIPID_EFFLUX,Phospholipid efflux,2,13,998,0.002,0.0009,2.281,0.21730767818081395,0.8669945545655025,"APOA5, ABCA1",False
C5_all,GO_BP,GOBP_VITAMIN_CATABOLIC_PROCESS,Vitamin catabolic process,2,13,998,0.002,0.0009,2.281,0.21730767818081395,0.8669945545655025,"MTHFS, CYP4F11",False
C5_all,GO_BP,GOBP_ESTABLISHMENT_OF_PLANAR_POLARITY_OF_EMBRYONIC_EPITHELIUM,Establishment of planar polarity of embryonic epithelium,2,13,998,0.002,0.0009,2.281,0.21730767818081395,0.8669945545655025,"SEC24B, GRHL3",False
C5_all,GO_BP,GOBP_ONE_CARBON_COMPOUND_TRANSPORT,One carbon compound transport,2,13,998,0.002,0.0009,2.281,0.21730767818081395,0.8669945545655025,"AQP11, AQP9",False
C5_all,GO_BP,GOBP_L_ARGININE_TRANSMEMBRANE_TRANSPORT,L arginine transmembrane transport,2,13,998,0.002,0.0009,2.281,0.21730767818081395,0.8669945545655025,"SLC47A1, SLC38A4",False
C5_all,GO_BP,GOBP_UDP_N_ACETYLGLUCOSAMINE_METABOLIC_PROCESS,Udp n acetylglucosamine metabolic process,2,13,998,0.002,0.0009,2.281,0.21730767818081395,0.8669945545655025,"UAP1, GNE",False
C5_all,GO_BP,GOBP_NEGATIVE_REGULATION_OF_RESPONSE_TO_EXTERNAL_STIMULUS,Negative regulation of response to external stimulus,26,327,998,0.0261,0.0221,1.179,0.2176607633153934,0.8669945545655025,"TFPI, SOD1, C5, CPB2, PHLDB2, PPM1B, DDT, F11, NR1H3, CNOT7, SLC39A8, PLG, FXR1, ARNT, PPARA, GRIN3A, ILRUN, ENPP3, LPCAT3, ITCH, CERS2, DRD1, RORA, NDFIP1, ARG1, KLKB1",False
C5_all,GO_BP,GOBP_LIVER_MORPHOGENESIS,Liver morphogenesis,3,24,998,0.003,0.0016,1.853,0.21782982113919291,0.8669945545655025,"PROX1, CUL3, CPB2",False
C5_all,GO_BP,GOBP_SYNAPTIC_MEMBRANE_ADHESION,Synaptic membrane adhesion,3,24,998,0.003,0.0016,1.853,0.21782982113919291,0.8669945545655025,"IL1RAP, SLITRK3, PTPRF",False
C5_all,GO_BP,GOBP_REGULATION_OF_PROTEIN_POLYUBIQUITINATION,Regulation of protein polyubiquitination,3,24,998,0.003,0.0016,1.853,0.21782982113919291,0.8669945545655025,"SKP2, FBXO4, TTC36",False
C5_all,GO_BP,GOBP_PROSTAGLANDIN_TRANSPORT,Prostaglandin transport,3,24,998,0.003,0.0016,1.853,0.21782982113919291,0.8669945545655025,"SLCO2B1, SLC22A1, SLCO1B1",False
C5_all,GO_BP,GOBP_POSITIVE_REGULATION_OF_VIRAL_LIFE_CYCLE,Positive regulation of viral life cycle,3,24,998,0.003,0.0016,1.853,0.21782982113919291,0.8669945545655025,"FMR1, TMPRSS4, CLEC4G",False
C5_all,GO_BP,GOBP_POSITIVE_REGULATION_OF_INSULIN_SECRETION_INVOLVED_IN_CELLULAR_RESPONSE_TO_GLUCOSE_STIMULUS,Positive regulation of insulin secretion involved in cellular response to glucose stimulus,3,24,998,0.003,0.0016,1.853,0.21782982113919291,0.8669945545655025,"GPLD1, VSNL1, SLC2A2",False
C5_all,GO_BP,GOBP_LONG_CHAIN_FATTY_ACYL_COA_METABOLIC_PROCESS,Long chain fatty acyl coa metabolic process,3,24,998,0.003,0.0016,1.853,0.21782982113919291,0.8669945545655025,"DGAT2, ACSL5, ACSL1",False
C5_all,GO_BP,GOBP_PERIPHERAL_NERVOUS_SYSTEM_AXON_ENSHEATHMENT,Peripheral nervous system axon ensheathment,3,24,998,0.003,0.0016,1.853,0.21782982113919291,0.8669945545655025,"SOD1, PALS1, ADGRG6",False
C5_all,GO_BP,GOBP_AXIS_SPECIFICATION,Axis specification,7,73,998,0.007,0.0049,1.421,0.22089983346408404,0.8732363010551176,"TBX3, COBL, SETDB2, CXXC4, PLD6, EPB41L5, CITED2",False
C5_all,GO_BP,GOBP_NEURAL_PRECURSOR_CELL_PROLIFERATION,Neural precursor cell proliferation,12,138,998,0.012,0.0093,1.289,0.2209096508068122,0.8732363010551176,"SLC39A5, CDH2, MIOS, CDON, PROX1, SOX5, NUMB, DIXDC1, RORA, NFIA, DCT, SLC16A2",False
C5_all,GO_BP,GOBP_DIENCEPHALON_DEVELOPMENT,Diencephalon development,5,48,998,0.005,0.0032,1.544,0.22100283387165484,0.8732363010551176,"NDNF, KCNC2, SRD5A1, HAP1, ALDH1A2",False
C5_all,GO_BP,GOBP_POSITIVE_REGULATION_OF_PROTEIN_BINDING,Positive regulation of protein binding,5,48,998,0.005,0.0032,1.544,0.22100283387165484,0.8732363010551176,"USP33, RAPGEF2, STK3, HIPK2, NMD3",False
C5_all,GO_BP,GOBP_NEGATIVE_REGULATION_OF_COAGULATION,Negative regulation of coagulation,5,48,998,0.005,0.0032,1.544,0.22100283387165484,0.8732363010551176,"TFPI, CPB2, F11, KLKB1, PLG",False
C5_all,GO_BP,GOBP_SYNAPTIC_TRANSMISSION_GABAERGIC,Synaptic transmission gabaergic,5,48,998,0.005,0.0032,1.544,0.22100283387165484,0.8732363010551176,"SLC6A1, ADRA1A, SYN3, HAP1, SLITRK3",False
C5_all,GO_BP,GOBP_IMPORT_INTO_THE_MITOCHONDRION,Import into the mitochondrion,5,48,998,0.005,0.0032,1.544,0.22100283387165484,0.8732363010551176,"SFXN1, TOMM70, DNAJC19, SFXN2, MICU1",False
C5_all,GO_BP,GOBP_CARDIAC_MUSCLE_CONTRACTION,Cardiac muscle contraction,11,125,998,0.011,0.0084,1.304,0.222355033157947,0.8747010914849772,"ADRA1A, KCNN2, SCN8A, ABCC9, EHD3, PKP2, CTNNA3, ADCY10, KCNJ3, TMEM38B, NOS1AP",False
C5_all,GO_BP,GOBP_REGULATION_OF_AMINO_ACID_TRANSPORT,Regulation of amino acid transport,4,36,998,0.004,0.0024,1.647,0.22272212655586288,0.8747010914849772,"AVPR1A, ARL6IP1, SLC6A1, ABAT",False
C5_all,GO_BP,GOBP_DEMETHYLATION,Demethylation,4,36,998,0.004,0.0024,1.647,0.22272212655586288,0.8747010914849772,"CYP2C8, A1CF, CYP1A2, MMACHC",False
C5_all,GO_BP,GOBP_POSITIVE_REGULATION_OF_GLUCOSE_METABOLIC_PROCESS,Positive regulation of glucose metabolic process,4,36,998,0.004,0.0024,1.647,0.22272212655586288,0.8747010914849772,"ADCY10, RGN, PPARA, GPLD1",False
C5_all,GO_BP,GOBP_CATECHOLAMINE_SECRETION,Catecholamine secretion,4,36,998,0.004,0.0024,1.647,0.22272212655586288,0.8747010914849772,"CHRNA4, HTR2A, ABAT, SYT1",False
C5_all,GO_BP,GOBP_SMOOTH_MUSCLE_CONTRACTION,Smooth muscle contraction,8,86,998,0.008,0.0058,1.379,0.2229810343481,0.8747010914849772,"SOD1, ADRA1A, DRD1, TBX3, P2RX3, HTR2A, KCNMA1, ABAT",False
C5_all,GO_BP,GOBP_DEVELOPMENT_OF_PRIMARY_FEMALE_SEXUAL_CHARACTERISTICS,Development of primary female sexual characteristics,8,86,998,0.008,0.0058,1.379,0.2229810343481,0.8747010914849772,"SOD1, SCAPER, NRIP1, AMHR2, ESR1, NUPR1, IDH1, DMRTA1",False
C5_all,GO_BP,GOBP_MUSCLE_CONTRACTION,Muscle contraction,23,287,998,0.023,0.0194,1.188,0.22333644411595474,0.8751939461292918,"SOD1, TBX3, SCN8A, KCNMA1, ADCY10, MYOM2, ABCC9, CTNNA3, HTR2A, ABAT, ADRA1A, KCNN2, P2RX3, SLMAP, SNTB1, NOS1AP, RPS6KB1, DRD1, EHD3, PKP2, CACNA1H, KCNJ3, TMEM38B",False
C5_all,GO_BP,GOBP_REGULATION_OF_NEUROGENESIS,Regulation of neurogenesis,25,315,998,0.0251,0.0213,1.176,0.22585355333430507,0.8841481856632766,"SORL1, MME, EGFR, HLTF, ASPA, ADCY10, DCT, RELN, SLC30A1, DAB1, PROX1, RTN4, FXR1, RAPGEF2, CDON, FMR1, CUX2, SS18L1, CERS2, MAN2A1, PLAG1, NUMB, HAP1, SERPINF1, TRPC5",False
C5_all,GO_BP,GOBP_NEURAL_TUBE_DEVELOPMENT,Neural tube development,12,139,998,0.012,0.0094,1.28,0.22810653861106356,0.8920511350816644,"CECR2, ARHGAP35, PROX1, MTHFD1, COBL, GRHL3, STK3, PHACTR4, SEC24B, PHGDH, CITED2, ALDH1A2",False
C5_all,GO_BP,GOBP_NEPHRON_DEVELOPMENT,Nephron development,11,126,998,0.011,0.0085,1.294,0.22995886537599264,0.8956698647628762,"SLC22A1, IL6R, AQP11, LGR4, HS2ST1, ENPEP, MTSS1, GREB1L, KLF15, HS3ST3B1, ACAT1",False
C5_all,GO_BP,GOBP_ASSOCIATIVE_LEARNING,Associative learning,7,74,998,0.007,0.005,1.402,0.23096056072102428,0.8956698647628762,"SLC6A1, SLC1A1, TAFA2, RELN, DRD1, TTC36, RAG1",False
C5_all,GO_BP,GOBP_REGULATORY_NCRNA_MEDIATED_GENE_SILENCING,Regulatory ncrna mediated gene silencing,10,113,998,0.01,0.0076,1.312,0.23139937984500986,0.8956698647628762,"FXR1, TEX15, PIWIL2, CNOT7, FMR1, PLD6, MAEL, PUS10, TUT7, HELZ",False
C5_all,GO_BP,GOBP_REGULATION_OF_PROTEIN_BINDING,Regulation of protein binding,10,113,998,0.01,0.0076,1.312,0.23139937984500986,0.8956698647628762,"CFHR5, USP33, RAPGEF2, PTPRF, CFHR2, STK3, HIPK2, PEX14, CFHR1, NMD3",False
C5_all,GO_BP,GOBP_ACTIN_MEDIATED_CELL_CONTRACTION,Actin mediated cell contraction,9,100,998,0.009,0.0068,1.334,0.2322521704079302,0.8956698647628762,"KCNN2, SCN8A, ABCC9, PKP2, CTNNA3, EPB41L5, ADCY10, KCNJ3, NOS1AP",False
C5_all,GO_BP,GOBP_NEUTRAL_AMINO_ACID_TRANSPORT,Neutral amino acid transport,5,49,998,0.005,0.0033,1.513,0.23359461526238842,0.8956698647628762,"SFXN1, SLC1A1, SLC25A13, SLC38A4, SFXN2",False
C5_all,GO_BP,GOBP_REGULATION_OF_GLUCOSE_IMPORT,Regulation of glucose import,5,49,998,0.005,0.0033,1.513,0.23359461526238842,0.8956698647628762,"PRKAG2, RPS6KB1, PIK3R1, KLF15, ENPP1",False
C5_all,GO_BP,GOBP_COGNITION,Cognition,21,262,998,0.021,0.0177,1.188,0.23576839060765567,0.8956698647628762,"TAFA2, MME, EGFR, TTC36, EIF4EBP2, SLC1A1, RELN, RTL4, HTR2A, SLC6A1, GATM, CUX2, RAG1, RPS6KB1, DRD1, SLC24A2, GPR158, ADCY1, SERPINF1, CHRNA4, BCHE",False
C5_all,GO_BP,GOBP_PEPTIDE_BIOSYNTHETIC_PROCESS,Peptide biosynthetic process,3,25,998,0.003,0.0017,1.779,0.23606709620746455,0.8956698647628762,"HAGH, SLC1A1, GCLC",False
C5_all,GO_BP,GOBP_DNA_CATABOLIC_PROCESS,Dna catabolic process,3,25,998,0.003,0.0017,1.779,0.23606709620746455,0.8956698647628762,"CECR2, DNASE1L3, RGN",False
C5_all,GO_BP,GOBP_RECEPTOR_CATABOLIC_PROCESS,Receptor catabolic process,3,25,998,0.003,0.0017,1.779,0.23606709620746455,0.8956698647628762,"PIK3R4, NEDD4, ITCH",False
C5_all,GO_BP,GOBP_REGULATION_OF_CARDIAC_MUSCLE_CELL_ACTION_POTENTIAL,Regulation of cardiac muscle cell action potential,3,25,998,0.003,0.0017,1.779,0.23606709620746455,0.8956698647628762,"PKP2, CTNNA3, NOS1AP",False
C5_all,GO_BP,GOBP_PHOSPHATE_ION_TRANSPORT,Phosphate ion transport,3,25,998,0.003,0.0017,1.779,0.23606709620746455,0.8956698647628762,"SLC34A1, SLC37A4, CRY2",False
C5_all,GO_BP,GOBP_CALCIUM_ION_TRANSPORT_INTO_CYTOSOL,Calcium ion transport into cytosol,3,25,998,0.003,0.0017,1.779,0.23606709620746455,0.8956698647628762,"ADRA1A, P2RX3, TRPC3",False
C5_all,GO_BP,GOBP_REGULATION_OF_GENE_SILENCING_BY_REGULATORY_NCRNA,Regulation of gene silencing by regulatory ncrna,3,25,998,0.003,0.0017,1.779,0.23606709620746455,0.8956698647628762,"FMR1, FXR1, MAEL",False
C5_all,GO_BP,GOBP_REGULATION_OF_SUPEROXIDE_METABOLIC_PROCESS,Regulation of superoxide metabolic process,3,25,998,0.003,0.0017,1.779,0.23606709620746455,0.8956698647628762,"PON3, SOD1, EGFR",False
C5_all,GO_BP,GOBP_POSITIVE_REGULATION_OF_CHOLESTEROL_EFFLUX,Positive regulation of cholesterol efflux,3,25,998,0.003,0.0017,1.779,0.23606709620746455,0.8956698647628762,"NR1H3, ABCA1, ABCA8",False
C5_all,GO_BP,GOBP_SUBSTANTIA_NIGRA_DEVELOPMENT,Substantia nigra development,4,37,998,0.004,0.0025,1.603,0.23748689478725624,0.8956698647628762,"MAOB, SYPL2, NDRG2, GLUD1",False
C5_all,GO_BP,GOBP_L_GLUTAMATE_IMPORT,L glutamate import,4,37,998,0.004,0.0025,1.603,0.23748689478725624,0.8956698647628762,"GRM1, SLC1A1, SLC25A13, ARL6IP1",False
C5_all,GO_BP,GOBP_REGULATORY_NCRNA_PROCESSING,Regulatory ncrna processing,6,62,998,0.006,0.0042,1.435,0.23889523010398547,0.8956698647628762,"PIWIL2, TEX15, PLD6, PUS10, TUT7, MAEL",False
C5_all,GO_BP,GOBP_REGULATION_OF_ERBB_SIGNALING_PATHWAY,Regulation of erbb signaling pathway,6,62,998,0.006,0.0042,1.435,0.23889523010398547,0.8956698647628762,"NEU3, ERRFI1, RTN4, EGFR, HAP1, SNX5",False
C5_all,GO_BP,GOBP_PROTEIN_LOCALIZATION_TO_ENDOPLASMIC_RETICULUM,Protein localization to endoplasmic reticulum,6,62,998,0.006,0.0042,1.435,0.23889523010398547,0.8956698647628762,"SRPRA, EDEM1, SEC61A2, RTN4, SEC62, SRP54",False
C5_all,GO_BP,GOBP_SENSORY_SYSTEM_DEVELOPMENT,Sensory system development,25,318,998,0.0251,0.0215,1.165,0.2402804970100712,0.8956698647628762,"EGFR, NFIA, SLC1A1, THRB, MYOM2, PROX1, GRHL3, MAF, HIPK2, ACVR2B, TSPAN12, RDH10, CDON, TMEM135, SLC39A5, SCAPER, SMOC1, ARHGAP35, SHROOM2, MAN2A1, PHACTR4, SERPINF1, TSKU, CITED2, ALDH1A2",False
C5_all,GO_BP,GOBP_INORGANIC_ION_IMPORT_ACROSS_PLASMA_MEMBRANE,Inorganic ion import across plasma membrane,9,101,998,0.009,0.0068,1.321,0.24098886609235357,0.8956698647628762,"SLC34A1, SLC6A1, SLC39A5, SLC30A1, SLC24A2, ABCC9, CACNA1H, SLC39A8, KCNJ3",False
C5_all,GO_BP,GOBP_SPERM_MOTILITY,Sperm motility,9,101,998,0.009,0.0068,1.321,0.24098886609235357,0.8956698647628762,"ROPN1, CCNYL1, SORD, RGN, CCDC38, LDHC, ROPN1B, ZMYND12, TPPP2",False
C5_all,GO_BP,GOBP_MONOSACCHARIDE_TRANSMEMBRANE_TRANSPORT,Monosaccharide transmembrane transport,9,101,998,0.009,0.0068,1.321,0.24098886609235357,0.8956698647628762,"PRKAG2, RPS6KB1, DRD1, PIK3R1, SLC26A5, ACACB, KLF15, ENPP1, SLC2A2",False
C5_all,GO_BP,GOBP_CARDIAC_MUSCLE_CELL_ACTION_POTENTIAL,Cardiac muscle cell action potential,7,75,998,0.007,0.0051,1.384,0.24117191343619718,0.8956698647628762,"KCNN2, SCN8A, SLMAP, PKP2, CTNNA3, KCNJ3, NOS1AP",False
C5_all,GO_BP,GOBP_HIPPOCAMPUS_DEVELOPMENT,Hippocampus development,7,75,998,0.007,0.0051,1.384,0.24117191343619718,0.8956698647628762,"FXR1, RELN, DAB1, SRD5A1, PROX1, DRD1, TSKU",False
C5_all,GO_BP,GOBP_BODY_FLUID_SECRETION,Body fluid secretion,7,75,998,0.007,0.0051,1.384,0.24117191343619718,0.8956698647628762,"WNK3, NR1H3, XDH, EGFR, PRLR, CDO1, ATP7B",False
C5_all,GO_BP,GOBP_HEART_GROWTH,Heart growth,7,75,998,0.007,0.0051,1.384,0.24117191343619718,0.8956698647628762,"ADRA1A, PPARA, TOMM70, PROX1, ACACB, CITED2, AKAP6",False
C5_all,GO_BP,GOBP_SYNAPTIC_TRANSMISSION_GLUTAMATERGIC,Synaptic transmission glutamatergic,8,88,998,0.008,0.0059,1.348,0.24164916486948038,0.8956698647628762,"FXR1, RELN, DRD1, GRIN3A, SYT1, EGFR, GRM1, HTR2A",False
C5_all,GO_BP,GOBP_MITOCHONDRIAL_TRNA_PROCESSING,Mitochondrial trna processing,2,14,998,0.002,0.0009,2.118,0.2429054792071544,0.8956698647628762,"RPUSD4, HSD17B10",False
C5_all,GO_BP,GOBP_INTRACELLULAR_CORTICOSTEROID_RECEPTOR_SIGNALING_PATHWAY,Intracellular corticosteroid receptor signaling pathway,2,14,998,0.002,0.0009,2.118,0.2429054792071544,0.8956698647628762,"NEDD4, CRY2",False
C5_all,GO_BP,GOBP_MEMBRANE_REPOLARIZATION_DURING_VENTRICULAR_CARDIAC_MUSCLE_CELL_ACTION_POTENTIAL,Membrane repolarization during ventricular cardiac muscle cell action potential,2,14,998,0.002,0.0009,2.118,0.2429054792071544,0.8956698647628762,"KCNJ3, NOS1AP",False
C5_all,GO_BP,GOBP_NUCLEAR_PORE_ORGANIZATION,Nuclear pore organization,2,14,998,0.002,0.0009,2.118,0.2429054792071544,0.8956698647628762,"FXR1, RTN4",False
C5_all,GO_BP,GOBP_PLASMA_MEMBRANE_FUSION,Plasma membrane fusion,2,14,998,0.002,0.0009,2.118,0.2429054792071544,0.8956698647628762,"SERPINA5, ROPN1B",False
C5_all,GO_BP,GOBP_PHOSPHATE_ION_TRANSMEMBRANE_TRANSPORT,Phosphate ion transmembrane transport,2,14,998,0.002,0.0009,2.118,0.2429054792071544,0.8956698647628762,"SLC34A1, SLC37A4",False
C5_all,GO_BP,GOBP_REGULATION_OF_PHOSPHOLIPID_BIOSYNTHETIC_PROCESS,Regulation of phospholipid biosynthetic process,2,14,998,0.002,0.0009,2.118,0.2429054792071544,0.8956698647628762,"HTR2A, IDH1",False
C5_all,GO_BP,GOBP_PROTEIN_HETEROTETRAMERIZATION,Protein heterotetramerization,2,14,998,0.002,0.0009,2.118,0.2429054792071544,0.8956698647628762,"HSD17B8, CBR4",False
C5_all,GO_BP,GOBP_NEGATIVE_REGULATION_OF_B_CELL_MEDIATED_IMMUNITY,Negative regulation of b cell mediated immunity,2,14,998,0.002,0.0009,2.118,0.2429054792071544,0.8956698647628762,"NDFIP1, C4BPB",False
C5_all,GO_BP,GOBP_RESPONSE_TO_LITHIUM_ION,Response to lithium ion,2,14,998,0.002,0.0009,2.118,0.2429054792071544,0.8956698647628762,"SLC13A5, SLC13A2",False
C5_all,GO_BP,GOBP_SNO_S_RNA_METABOLIC_PROCESS,Sno s rna metabolic process,2,14,998,0.002,0.0009,2.118,0.2429054792071544,0.8956698647628762,"NUDT16, TENT4B",False
C5_all,GO_BP,GOBP_DETECTION_OF_CHEMICAL_STIMULUS_INVOLVED_IN_SENSORY_PERCEPTION_OF_TASTE,Detection of chemical stimulus involved in sensory perception of taste,2,14,998,0.002,0.0009,2.118,0.2429054792071544,0.8956698647628762,"AZGP1, TAS1R1",False
C5_all,GO_BP,GOBP_SYNAPTIC_VESICLE_CLUSTERING,Synaptic vesicle clustering,2,14,998,0.002,0.0009,2.118,0.2429054792071544,0.8956698647628762,"CDH2, SYN3",False
C5_all,GO_BP,GOBP_RESPONSE_TO_LIGHT_INTENSITY,Response to light intensity,2,14,998,0.002,0.0009,2.118,0.2429054792071544,0.8956698647628762,"CAT, KCNC2",False
C5_all,GO_BP,GOBP_DEOXYRIBONUCLEOTIDE_BIOSYNTHETIC_PROCESS,Deoxyribonucleotide biosynthetic process,2,14,998,0.002,0.0009,2.118,0.2429054792071544,0.8956698647628762,"SHMT1, ADK",False
C5_all,GO_BP,GOBP_REGULATION_OF_TOLERANCE_INDUCTION,Regulation of tolerance induction,2,14,998,0.002,0.0009,2.118,0.2429054792071544,0.8956698647628762,"ITCH, PHLPP1",False
C5_all,GO_BP,GOBP_POSITIVE_REGULATION_OF_CHROMATIN_ORGANIZATION,Positive regulation of chromatin organization,2,14,998,0.002,0.0009,2.118,0.2429054792071544,0.8956698647628762,"ATF7IP2, SETDB2",False
C5_all,GO_BP,GOBP_LOW_DENSITY_LIPOPROTEIN_PARTICLE_REMODELING,Low density lipoprotein particle remodeling,2,14,998,0.002,0.0009,2.118,0.2429054792071544,0.8956698647628762,"MTTP, LIPC",False
C5_all,GO_BP,GOBP_LACTATE_METABOLIC_PROCESS,Lactate metabolic process,2,14,998,0.002,0.0009,2.118,0.2429054792071544,0.8956698647628762,"LDHC, HAGH",False
C5_all,GO_BP,GOBP_POSITIVE_REGULATION_OF_CYCLIN_DEPENDENT_PROTEIN_KINASE_ACTIVITY,Positive regulation of cyclin dependent protein kinase activity,2,14,998,0.002,0.0009,2.118,0.2429054792071544,0.8956698647628762,"PROX1, EGFR",False
C5_all,GO_BP,GOBP_CORTICOSTEROID_HORMONE_SECRETION,Corticosteroid hormone secretion,2,14,998,0.002,0.0009,2.118,0.2429054792071544,0.8956698647628762,"CRY2, REN",False
C5_all,GO_BP,GOBP_AZOLE_TRANSMEMBRANE_TRANSPORT,Azole transmembrane transport,2,14,998,0.002,0.0009,2.118,0.2429054792071544,0.8956698647628762,"SLC47A1, SLC22A1",False
C5_all,GO_BP,GOBP_REGULATORY_NCRNA_MEDIATED_HETEROCHROMATIN_FORMATION,Regulatory ncrna mediated heterochromatin formation,2,14,998,0.002,0.0009,2.118,0.2429054792071544,0.8956698647628762,"PIWIL2, MAEL",False
C5_all,GO_BP,GOBP_POSITIVE_REGULATION_OF_HORMONE_METABOLIC_PROCESS,Positive regulation of hormone metabolic process,2,14,998,0.002,0.0009,2.118,0.2429054792071544,0.8956698647628762,"ARNT, RDH10",False
C5_all,GO_BP,GOBP_MODULATION_OF_PROCESS_OF_ANOTHER_ORGANISM,Modulation of process of another organism,2,14,998,0.002,0.0009,2.118,0.2429054792071544,0.8956698647628762,"ARG1, PPARA",False
C5_all,GO_BP,GOBP_NEUTROPHIL_MEDIATED_CYTOTOXICITY,Neutrophil mediated cytotoxicity,2,14,998,0.002,0.0009,2.118,0.2429054792071544,0.8956698647628762,"ARG1, DNASE1L3",False
C5_all,GO_BP,GOBP_MITOCHONDRION_DISTRIBUTION,Mitochondrion distribution,2,14,998,0.002,0.0009,2.118,0.2429054792071544,0.8956698647628762,"HAP1, MTM1",False
C5_all,GO_BP,GOBP_CGMP_METABOLIC_PROCESS,Cgmp metabolic process,2,14,998,0.002,0.0009,2.118,0.2429054792071544,0.8956698647628762,"GUCY2C, RORA",False
C5_all,GO_BP,GOBP_REGULATION_OF_MITOCHONDRION_ORGANIZATION,Regulation of mitochondrion organization,11,128,998,0.011,0.0087,1.274,0.24546171834250147,0.9033465557165102,"ADCY10, MICU1, GCLC, ACAA2, USP30, BNIP3, PLD6, TMEM14A, RHOT1, TNFSF10, TMEM135",False
C5_all,GO_BP,GOBP_PLACENTA_DEVELOPMENT,Placenta development,11,128,998,0.011,0.0087,1.274,0.24546171834250147,0.9033465557165102,"SOD1, ARNT, ETNK2, MME, RSPO3, STK3, EGFR, DNMT3L, TTPA, CITED2, PLG",False
C5_all,GO_BP,GOBP_MAMMARY_GLAND_DEVELOPMENT,Mammary gland development,10,115,998,0.01,0.0078,1.289,0.24786266053763295,0.9113020019187682,"CDO1, ARHGAP35, TBX3, AR, RTN4, XDH, PRLR, ESR1, RXFP1, ATP7B",False
C5_all,GO_BP,GOBP_REGULATION_OF_BLOOD_PRESSURE,Regulation of blood pressure,12,142,998,0.012,0.0096,1.253,0.25023957555123655,0.9184678867355699,"SOD1, ADRA1A, PPARA, ABCC9, ENPEP, POSTN, AR, SNX5, REN, AVPR1A, ACSM3, ABAT",False
C5_all,GO_BP,GOBP_NEGATIVE_REGULATION_OF_PROTEIN_BINDING,Negative regulation of protein binding,6,63,998,0.006,0.0043,1.412,0.25029395285679223,0.9184678867355699,"USP33, CFHR5, PTPRF, CFHR2, PEX14, CFHR1",False
C5_all,GO_BP,GOBP_EMBRYONIC_PLACENTA_DEVELOPMENT,Embryonic placenta development,7,76,998,0.007,0.0051,1.365,0.2515239170631193,0.92079670540934,"ARNT, RSPO3, STK3, EGFR, TTPA, CITED2, PLG",False
C5_all,GO_BP,GOBP_REGULATION_OF_BLOOD_CIRCULATION,Regulation of blood circulation,17,210,998,0.017,0.0142,1.2,0.25164226576024384,0.92079670540934,"ADRA1A, SLC1A1, KCNN2, THRB, ABCC9, EHD3, EGFR, AVPR1A, CTNNA3, HTR2A, PKP2, CACNA1H, ADCY10, KCNJ3, TMEM38B, NOS1AP, CYP2J2",False
C5_all,GO_BP,GOBP_STRIATED_MUSCLE_CELL_APOPTOTIC_PROCESS,Striated muscle cell apoptotic process,4,38,998,0.004,0.0026,1.56,0.25247216138305073,0.92079670540934,"BNIP3, ADCY10, NUPR1, SIRT5",False
C5_all,GO_BP,GOBP_HINDBRAIN_MORPHOGENESIS,Hindbrain morphogenesis,4,38,998,0.004,0.0026,1.56,0.25247216138305073,0.92079670540934,"PROX1, CBS, RORA, DAB1",False
C5_all,GO_BP,GOBP_REGULATION_OF_MEMBRANE_DEPOLARIZATION,Regulation of membrane depolarization,4,38,998,0.004,0.0026,1.56,0.25247216138305073,0.92079670540934,"ADCY10, SLMAP, ALB, GCLC",False
C5_all,GO_BP,GOBP_FEAR_RESPONSE,Fear response,4,38,998,0.004,0.0026,1.56,0.25247216138305073,0.92079670540934,"DRD1, RPS6KB1, SLC1A1, RAG1",False
C5_all,GO_BP,GOBP_RESPONSE_TO_IRON_ION,Response to iron ion,3,26,998,0.003,0.0018,1.71,0.2545547206080428,0.92079670540934,"TFR2, ALAD, ABAT",False
C5_all,GO_BP,GOBP_POSTSYNAPTIC_SPECIALIZATION_ASSEMBLY,Postsynaptic specialization assembly,3,26,998,0.003,0.0018,1.71,0.2545547206080428,0.92079670540934,"IL1RAP, SLITRK3, RELN",False
C5_all,GO_BP,GOBP_POLYSACCHARIDE_CATABOLIC_PROCESS,Polysaccharide catabolic process,3,26,998,0.003,0.0018,1.71,0.2545547206080428,0.92079670540934,"ADCY10, AGL, ATG2B",False
C5_all,GO_BP,GOBP_CELLULAR_COMPONENT_DISASSEMBLY_INVOLVED_IN_EXECUTION_PHASE_OF_APOPTOSIS,Cellular component disassembly involved in execution phase of apoptosis,3,26,998,0.003,0.0018,1.71,0.2545547206080428,0.92079670540934,"CECR2, DNASE1L3, ACVR1C",False
C5_all,GO_BP,GOBP_GLUCOSE_6_PHOSPHATE_METABOLIC_PROCESS,Glucose 6 phosphate metabolic process,3,26,998,0.003,0.0018,1.71,0.2545547206080428,0.92079670540934,"ALDOB, ACACB, DERA",False
C5_all,GO_BP,GOBP_HYPEROSMOTIC_RESPONSE,Hyperosmotic response,3,26,998,0.003,0.0018,1.71,0.2545547206080428,0.92079670540934,"WNK3, MICU1, EFHD1",False
C5_all,GO_BP,GOBP_MEMBRANE_REPOLARIZATION_DURING_ACTION_POTENTIAL,Membrane repolarization during action potential,3,26,998,0.003,0.0018,1.71,0.2545547206080428,0.92079670540934,"KCNN2, KCNJ3, NOS1AP",False
C5_all,GO_BP,GOBP_POSITIVE_REGULATION_OF_ERBB_SIGNALING_PATHWAY,Positive regulation of erbb signaling pathway,3,26,998,0.003,0.0018,1.71,0.2545547206080428,0.92079670540934,"NEU3, HAP1, RTN4",False
C5_all,GO_BP,GOBP_PLASMINOGEN_ACTIVATION,Plasminogen activation,3,26,998,0.003,0.0018,1.71,0.2545547206080428,0.92079670540934,"KLKB1, F11, CPB2",False
C5_all,GO_BP,GOBP_POSITIVE_REGULATION_OF_NERVOUS_SYSTEM_DEVELOPMENT,Positive regulation of nervous system development,20,252,998,0.02,0.017,1.176,0.2563832247845834,0.9265310277082336,"MME, EGFR, ASPA, ADCY10, DCT, IL1RAP, RELN, SLC30A1, FXR1, CDON, FMR1, CUX2, SS18L1, MAN2A1, PLAG1, NUMB, HAP1, SLITRK3, SERPINF1, TRPC5",False
C5_all,GO_BP,GOBP_HUMORAL_IMMUNE_RESPONSE,Humoral immune response,14,170,998,0.014,0.0115,1.221,0.25737763282798565,0.9280873629536048,"CFHR5, C5, CFHR4, CFHR2, COLEC10, C1S, FCN2, C6, CFHR3, MASP2, C8A, C4BPB, C8B, CFHR1",False
C5_all,GO_BP,GOBP_HEART_PROCESS,Heart process,17,211,998,0.017,0.0143,1.194,0.2578299143904071,0.9280873629536048,"SOD1, ADRA1A, SLC1A1, KCNN2, THRB, SCN8A, ABCC9, EHD3, AVPR1A, CTNNA3, PKP2, CACNA1H, ADCY10, KCNJ3, TMEM38B, NOS1AP, CYP2J2",False
C5_all,GO_BP,GOBP_MITOCHONDRIAL_MEMBRANE_ORGANIZATION,Mitochondrial membrane organization,9,103,998,0.009,0.007,1.295,0.25879476211004326,0.9280873629536048,"TOMM70, GCLC, ACAA2, PEX5, BNIP3, TMEM14A, ATF2, RHOT1, MICU1",False
C5_all,GO_BP,GOBP_REGULATION_OF_BEHAVIOR,Regulation of behavior,5,51,998,0.005,0.0034,1.453,0.2593458178317072,0.9280873629536048,"ARRDC3, FXR1, RELN, PER3, RAG1",False
C5_all,GO_BP,GOBP_PROTEIN_LOCALIZATION_TO_LYSOSOME,Protein localization to lysosome,5,51,998,0.005,0.0034,1.453,0.2593458178317072,0.9280873629536048,"NEDD4, RNF128, SORL1, RTN4, PIK3R4",False
C5_all,GO_BP,GOBP_POSITIVE_REGULATION_OF_TORC1_SIGNALING,Positive regulation of torc1 signaling,5,51,998,0.005,0.0034,1.453,0.2593458178317072,0.9280873629536048,"RPS6KB1, MIOS, FNIP1, FNIP2, CUL3",False
C5_all,GO_BP,GOBP_MATERNAL_PROCESS_INVOLVED_IN_FEMALE_PREGNANCY,Maternal process involved in female pregnancy,5,51,998,0.005,0.0034,1.453,0.2593458178317072,0.9280873629536048,"DSG1, AR, ESR1, CITED2, CBS",False
C5_all,GO_BP,GOBP_AMYLOID_BETA_METABOLIC_PROCESS,Amyloid beta metabolic process,5,51,998,0.005,0.0034,1.453,0.2593458178317072,0.9280873629536048,"SORL1, MME, RTN4, HAP1, REN",False
C5_all,GO_BP,GOBP_CONNECTIVE_TISSUE_DEVELOPMENT,Connective tissue development,19,239,998,0.019,0.0162,1.178,0.2609171407671477,0.9280873629536048,"SORL1, NFIA, CBS, ABHD15, GPLD1, TAPT1, ERRFI1, MAF, ATF2, ACAT1, ARRDC3, COL11A2, DGAT2, HMGCS2, IL6R, SOX5, GHR, TSKU, RXFP1",False
C5_all,GO_BP,GOBP_CYTOSOLIC_TRANSPORT,Cytosolic transport,11,130,998,0.011,0.0088,1.254,0.261330863773174,0.9280873629536048,"EVI5, RHOBTB3, GOSR1, TBC1D14, KLHL20, MON2, EHD3, RBSN, SNX5, LMAN1, BLTP3B",False
C5_all,GO_BP,GOBP_RESPONSE_TO_BMP,Response to bmp,11,130,998,0.011,0.0088,1.254,0.261330863773174,0.9280873629536048,"SLC39A5, MTMR4, ARK2C, AMHR2, ACVR2B, SORL1, BMPER, HJV, ATF2, HIPK2, NFIA",False
C5_all,GO_BP,GOBP_CELLULAR_RESPONSE_TO_STARVATION,Cellular response to starvation,13,157,998,0.013,0.0106,1.227,0.26139563189704956,0.9280873629536048,"SLC34A1, USP33, SAR1B, MIOS, ALB, PPARA, SLC39A5, SRD5A1, FNIP1, PIK3R4, ATF2, ZFYVE1, PDK4",False
C5_all,GO_BP,GOBP_REGULATION_OF_CARDIAC_MUSCLE_CONTRACTION,Regulation of cardiac muscle contraction,6,64,998,0.006,0.0043,1.39,0.2618415504281245,0.9280873629536048,"ADRA1A, EHD3, PKP2, CTNNA3, ADCY10, TMEM38B",False
C5_all,GO_BP,GOBP_L_ALPHA_AMINO_ACID_TRANSMEMBRANE_TRANSPORT,L alpha amino acid transmembrane transport,6,64,998,0.006,0.0043,1.39,0.2618415504281245,0.9280873629536048,"SLC1A1, SLC25A13, SLC38A4, GRM1, SLC47A1, ARL6IP1",False
C5_all,GO_BP,GOBP_MODULATION_BY_HOST_OF_SYMBIONT_PROCESS,Modulation by host of symbiont process,7,77,998,0.007,0.0052,1.348,0.26200646368998376,0.9280873629536048,"LRRC19, FMR1, NUCKS1, NAPEPLD, SMC6, ZFYVE1, PIK3C2G",False
C5_all,GO_BP,GOBP_VIRAL_GENOME_REPLICATION,Viral genome replication,10,117,998,0.01,0.0079,1.267,0.2647196001789596,0.9280873629536048,"GBP7, NFIA, CNOT7, FMR1, PROX1, NUCKS1, CLEC4M, SMC6, ZFYVE1, NR5A2",False
C5_all,GO_BP,GOBP_POSITIVE_REGULATION_OF_DENDRITIC_SPINE_DEVELOPMENT,Positive regulation of dendritic spine development,4,39,998,0.004,0.0026,1.52,0.2676459116790471,0.9280873629536048,"FMR1, CUX2, RELN, SLC30A1",False
C5_all,GO_BP,GOBP_RESPONSE_TO_NICOTINE,Response to nicotine,4,39,998,0.004,0.0026,1.52,0.2676459116790471,0.9280873629536048,"CHRNA4, PPARA, ABAT, CHRNA2",False
C5_all,GO_BP,GOBP_GLUCAN_BIOSYNTHETIC_PROCESS,Glucan biosynthetic process,4,39,998,0.004,0.0026,1.52,0.2676459116790471,0.9280873629536048,"ENPP1, ACADM, AGL, GYS2",False
C5_all,GO_BP,GOBP_REGULATION_OF_LONG_TERM_SYNAPTIC_POTENTIATION,Regulation of long term synaptic potentiation,4,39,998,0.004,0.0026,1.52,0.2676459116790471,0.9280873629536048,"FXR1, MME, RELN, ADCY1",False
C5_all,GO_BP,GOBP_CALCINEURIN_MEDIATED_SIGNALING,Calcineurin mediated signaling,4,39,998,0.004,0.0026,1.52,0.2676459116790471,0.9280873629536048,"NR5A2, HOMER2, AKAP6, ERBB3",False
C5_all,GO_BP,GOBP_REGULATION_OF_DEVELOPMENTAL_GROWTH,Regulation of developmental growth,20,254,998,0.02,0.0172,1.167,0.26781047468848473,0.9280873629536048,"SOD1, TOMM70, AR, SYT1, STK3, ADCY10, GPAM, PROX1, RTN4, ACACB, AKAP6, PPARA, PEX5, CPNE6, RPS6KB1, GHR, MTM1, TRPC5, CITED2, MAEL",False
C5_all,GO_BP,GOBP_FATTY_ACID_HOMEOSTASIS,Fatty acid homeostasis,2,15,998,0.002,0.001,1.976,0.2686146561138842,0.9280873629536048,"DGAT2, GPAM",False
C5_all,GO_BP,GOBP_REGULATION_OF_CAMP_MEDIATED_SIGNALING,Regulation of camp mediated signaling,2,15,998,0.002,0.001,1.976,0.2686146561138842,0.9280873629536048,"PEX5L, GNAI1",False
C5_all,GO_BP,GOBP_HISTONE_MRNA_CATABOLIC_PROCESS,Histone mrna catabolic process,2,15,998,0.002,0.001,1.976,0.2686146561138842,0.9280873629536048,"TUT7, TENT4B",False
C5_all,GO_BP,GOBP_APOPTOTIC_DNA_FRAGMENTATION,Apoptotic dna fragmentation,2,15,998,0.002,0.001,1.976,0.2686146561138842,0.9280873629536048,"DNASE1L3, CECR2",False
C5_all,GO_BP,GOBP_REGULATION_OF_STEROID_HORMONE_SECRETION,Regulation of steroid hormone secretion,2,15,998,0.002,0.001,1.976,0.2686146561138842,0.9280873629536048,"CRY2, REN",False
C5_all,GO_BP,GOBP_REGULATION_OF_CALCIUM_ION_TRANSPORT_INTO_CYTOSOL,Regulation of calcium ion transport into cytosol,2,15,998,0.002,0.001,1.976,0.2686146561138842,0.9280873629536048,"TRPC3, P2RX3",False
C5_all,GO_BP,GOBP_GROWTH_PLATE_CARTILAGE_DEVELOPMENT,Growth plate cartilage development,2,15,998,0.002,0.001,1.976,0.2686146561138842,0.9280873629536048,"TSKU, ATF2",False
C5_all,GO_BP,GOBP_NEGATIVE_REGULATION_OF_LEUKOCYTE_CHEMOTAXIS,Negative regulation of leukocyte chemotaxis,2,15,998,0.002,0.001,1.976,0.2686146561138842,0.9280873629536048,"DDT, C5",False
C5_all,GO_BP,GOBP_POSITIVE_REGULATION_OF_PROTEIN_POLYUBIQUITINATION,Positive regulation of protein polyubiquitination,2,15,998,0.002,0.001,1.976,0.2686146561138842,0.9280873629536048,"SKP2, FBXO4",False
C5_all,GO_BP,GOBP_CIRCADIAN_SLEEP_WAKE_CYCLE,Circadian sleep wake cycle,2,15,998,0.002,0.001,1.976,0.2686146561138842,0.9280873629536048,"FXR1, PER3",False
C5_all,GO_BP,GOBP_REGULATION_OF_PROTEIN_KINASE_A_SIGNALING,Regulation of protein kinase a signaling,2,15,998,0.002,0.001,1.976,0.2686146561138842,0.9280873629536048,"AKAP6, ADGRV1",False
C5_all,GO_BP,GOBP_SULFATION,Sulfation,2,15,998,0.002,0.001,1.976,0.2686146561138842,0.9280873629536048,"SULT1E1, SULT1B1",False
C5_all,GO_BP,GOBP_PROTEIN_DEGLYCOSYLATION,Protein deglycosylation,2,15,998,0.002,0.001,1.976,0.2686146561138842,0.9280873629536048,"MAN2A1, EDEM1",False
C5_all,GO_BP,GOBP_POSITIVE_REGULATION_OF_CALCINEURIN_MEDIATED_SIGNALING,Positive regulation of calcineurin mediated signaling,2,15,998,0.002,0.001,1.976,0.2686146561138842,0.9280873629536048,"AKAP6, ERBB3",False
C5_all,GO_BP,GOBP_REGULATION_OF_NUCLEAR_TRANSCRIBED_MRNA_POLY_A_TAIL_SHORTENING,Regulation of nuclear transcribed mrna poly a tail shortening,2,15,998,0.002,0.001,1.976,0.2686146561138842,0.9280873629536048,"CNOT7, TENT4B",False
C5_all,GO_BP,GOBP_TRIPARTITE_REGIONAL_SUBDIVISION,Tripartite regional subdivision,2,15,998,0.002,0.001,1.976,0.2686146561138842,0.9280873629536048,"TBX3, PLD6",False
C5_all,GO_BP,GOBP_HYALURONAN_CATABOLIC_PROCESS,Hyaluronan catabolic process,2,15,998,0.002,0.001,1.976,0.2686146561138842,0.9280873629536048,"STAB2, LYVE1",False
C5_all,GO_BP,GOBP_SLEEP,Sleep,2,15,998,0.002,0.001,1.976,0.2686146561138842,0.9280873629536048,"FXR1, PER3",False
C5_all,GO_BP,GOBP_REGULATION_OF_LIPOPROTEIN_METABOLIC_PROCESS,Regulation of lipoprotein metabolic process,2,15,998,0.002,0.001,1.976,0.2686146561138842,0.9280873629536048,"DBI, LIPG",False
C5_all,GO_BP,GOBP_VENOUS_BLOOD_VESSEL_DEVELOPMENT,Venous blood vessel development,2,15,998,0.002,0.001,1.976,0.2686146561138842,0.9280873629536048,"PROX1, ACVR2B",False
C5_all,GO_BP,GOBP_CELL_DIFFERENTIATION_IN_HINDBRAIN,Cell differentiation in hindbrain,2,15,998,0.002,0.001,1.976,0.2686146561138842,0.9280873629536048,"PROX1, RORA",False
C5_all,GO_BP,GOBP_SEMINIFEROUS_TUBULE_DEVELOPMENT,Seminiferous tubule development,2,15,998,0.002,0.001,1.976,0.2686146561138842,0.9280873629536048,"SCAPER, AR",False
C5_all,GO_BP,GOBP_POSITIVE_REGULATION_OF_NEUROTRANSMITTER_SECRETION,Positive regulation of neurotransmitter secretion,2,15,998,0.002,0.001,1.976,0.2686146561138842,0.9280873629536048,"GPR158, SYT1",False
C5_all,GO_BP,GOBP_CENTRIOLE_CENTRIOLE_COHESION,Centriole centriole cohesion,2,15,998,0.002,0.001,1.976,0.2686146561138842,0.9280873629536048,"RTTN, CNTLN",False
C5_all,GO_BP,GOBP_REGULATION_OF_RESPONSE_TO_OSMOTIC_STRESS,Regulation of response to osmotic stress,2,15,998,0.002,0.001,1.976,0.2686146561138842,0.9280873629536048,"MICU1, EFHD1",False
C5_all,GO_BP,GOBP_WHITE_FAT_CELL_DIFFERENTIATION,White fat cell differentiation,2,15,998,0.002,0.001,1.976,0.2686146561138842,0.9280873629536048,"PNPLA3, ATF2",False
C5_all,GO_BP,GOBP_NEGATIVE_REGULATION_OF_GROWTH,Negative regulation of growth,16,199,998,0.016,0.0135,1.192,0.2687530483953337,0.9280873629536048,"MT1E, MT1H, MT1F, PPARA, TOMM70, MT2A, ENPP1, TMPRSS4, RTN4, SMARCA2, STK3, MT1M, MT1A, MT1G, CITED2, EI24",False
C5_all,GO_BP,GOBP_FERTILIZATION,Fertilization,11,131,998,0.011,0.0089,1.245,0.269392238341948,0.9294520252214492,"CECR2, AKAP3, SERPINA10, SERPINA5, OVGP1, AR, PKDREJ, TRPC3, CACNA1H, ROPN1B, MAEL",False
C5_all,GO_BP,GOBP_NEGATIVE_REGULATION_OF_CATABOLIC_PROCESS,Negative regulation of catabolic process,24,310,998,0.024,0.021,1.148,0.270053291018031,0.9308895796268598,"A1CF, SORL1, EGFR, TTC36, GPLD1, USP30, TBC1D14, LARP1B, ACACB, ETFBKMT, HIPK2, ALAD, ADRA1A, PFKFB1, FXR1, PPARA, NCOR1, PLIN5, PDE3B, NUPR1, TENT4B, AQP11, RGN, MTM1",False
C5_all,GO_BP,GOBP_NEURAL_CREST_CELL_DIFFERENTIATION,Neural crest cell differentiation,7,78,998,0.007,0.0053,1.33,0.2726093446114693,0.9338022166256288,"LRP6, CDH2, RDH10, TAPT1, PHACTR4, CITED2, ALDH1A2",False
C5_all,GO_BP,GOBP_CELLULAR_OXIDANT_DETOXIFICATION,Cellular oxidant detoxification,7,78,998,0.007,0.0053,1.33,0.2726093446114693,0.9338022166256288,"PRDX6, GSTA1, SOD1, ALB, GSTZ1, TXNRD3, CAT",False
C5_all,GO_BP,GOBP_ENTRAINMENT_OF_CIRCADIAN_CLOCK,Entrainment of circadian clock,3,27,998,0.003,0.0018,1.647,0.27323356823635625,0.9338022166256288,"PER3, CRY2, PHLPP1",False
C5_all,GO_BP,GOBP_NEGATIVE_REGULATION_OF_ERBB_SIGNALING_PATHWAY,Negative regulation of erbb signaling pathway,3,27,998,0.003,0.0018,1.647,0.27323356823635625,0.9338022166256288,"EGFR, SNX5, ERRFI1",False
C5_all,GO_BP,GOBP_CELL_CELL_SIGNALING_INVOLVED_IN_CARDIAC_CONDUCTION,Cell cell signaling involved in cardiac conduction,3,27,998,0.003,0.0018,1.647,0.27323356823635625,0.9338022166256288,"KCNN2, KCNJ3, PKP2",False
C5_all,GO_BP,GOBP_SENSORY_PERCEPTION_OF_TASTE,Sensory perception of taste,3,27,998,0.003,0.0018,1.647,0.27323356823635625,0.9338022166256288,"AZGP1, TAS1R1, P2RX3",False
C5_all,GO_BP,GOBP_POSITIVE_REGULATION_OF_VASCULAR_ENDOTHELIAL_GROWTH_FACTOR_PRODUCTION,Positive regulation of vascular endothelial growth factor production,3,27,998,0.003,0.0018,1.647,0.27323356823635625,0.9338022166256288,"RORA, ARNT, C5",False
C5_all,GO_BP,GOBP_NEGATIVE_REGULATION_OF_MIRNA_METABOLIC_PROCESS,Negative regulation of mirna metabolic process,3,27,998,0.003,0.0018,1.647,0.27323356823635625,0.9338022166256288,"ESR1, NCOR1, PPARA",False
C5_all,GO_BP,GOBP_STEROID_HORMONE_MEDIATED_SIGNALING_PATHWAY,Steroid hormone mediated signaling pathway,10,118,998,0.01,0.008,1.256,0.27328295616825093,0.9338022166256288,"NEDD4, NR3C2, NCOR1, PPARA, ERRFI1, AR, SKP2, CRY2, ESR1, STRN3",False
C5_all,GO_BP,GOBP_NEGATIVE_REGULATION_OF_WOUND_HEALING,Negative regulation of wound healing,6,65,998,0.006,0.0044,1.368,0.27352417358602643,0.9338022166256288,"TFPI, CPB2, PHLDB2, F11, KLKB1, PLG",False
C5_all,GO_BP,GOBP_HORMONE_TRANSPORT,Hormone transport,20,255,998,0.02,0.0172,1.163,0.27359497867004506,0.9338022166256288,"TBX3, EGFR, CRY2, SLCO1B1, VSNL1, HADH, GPLD1, REN, ACVR2B, PCK2, TUBB1, ABAT, SLC16A10, SCG5, RAPGEF4, ACVR1C, SLC16A2, TFR2, SLC2A2, GLUD1",False
C5_all,GO_BP,GOBP_CALCIUM_ION_TRANSMEMBRANE_TRANSPORT,Calcium ion transmembrane transport,21,270,998,0.021,0.0183,1.153,0.27992732891552774,0.9545597097934156,"CNGA1, PKDREJ, DIAPH1, TRPM6, TRPM7, HTR2A, TRPC3, AKAP6, ADRA1A, FMR1, GRIN3A, P2RX3, ITPR2, MICU1, NOS1AP, DRD1, SLC24A2, HAP1, CACNA1H, TRPC5, TMEM38B",False
C5_all,GO_BP,GOBP_REGULATION_OF_REACTIVE_OXYGEN_SPECIES_METABOLIC_PROCESS,Regulation of reactive oxygen species metabolic process,10,119,998,0.01,0.008,1.246,0.28192928605603373,0.9605265210978824,"PON3, SOD1, PPARA, DCXR, PLIN5, XDH, BNIP3, EGFR, ADCY10, SIRT5",False
C5_all,GO_BP,GOBP_NUCLEOSIDE_MONOPHOSPHATE_BIOSYNTHETIC_PROCESS,Nucleoside monophosphate biosynthetic process,4,40,998,0.004,0.0027,1.482,0.28297674705520026,0.9615151021706136,"SHMT1, DHODH, ADK, UCK1",False
C5_all,GO_BP,GOBP_NEGATIVE_REGULATION_OF_MUSCLE_CELL_APOPTOTIC_PROCESS,Negative regulation of muscle cell apoptotic process,4,40,998,0.004,0.0027,1.482,0.28297674705520026,0.9615151021706136,"LRP6, NUPR1, ESR1, SIRT5",False
C5_all,GO_BP,GOBP_ACTIVIN_RECEPTOR_SIGNALING_PATHWAY,Activin receptor signaling pathway,4,40,998,0.004,0.0027,1.482,0.28297674705520026,0.9615151021706136,"CITED2, ACVR1C, HJV, ACVR2B",False
C5_all,GO_BP,GOBP_LENS_DEVELOPMENT_IN_CAMERA_TYPE_EYE,Lens development in camera type eye,6,66,998,0.006,0.0045,1.348,0.28532795369194697,0.9677775383905842,"CDON, PROX1, SHROOM2, MAF, HIPK2, CITED2",False
C5_all,GO_BP,GOBP_PROTEIN_AUTOUBIQUITINATION,Protein autoubiquitination,6,66,998,0.006,0.0045,1.348,0.28532795369194697,0.9677775383905842,"SH3RF2, CUL3, NFX1, ASB4, ITCH, RAG1",False
C5_all,GO_BP,GOBP_INTRACELLULAR_GLUCOSE_HOMEOSTASIS,Intracellular glucose homeostasis,11,133,998,0.011,0.009,1.226,0.28574683644978965,0.9680511921485214,"GPLD1, ZBTB20, CPB2, GCLC, NUCKS1, PIK3R1, KLF15, SERPINF1, PCK2, VSNL1, SLC2A2",False
C5_all,GO_BP,GOBP_TELENCEPHALON_DEVELOPMENT,Telencephalon development,18,230,998,0.018,0.0155,1.16,0.2903312090524928,0.9680511921485214,"CDH2, FXR1, RELN, FOXP2, DAB1, SRD5A1, PROX1, DRD1, CDON, PEX5, RTN4, BNIP3, EGFR, NUMB, PALS1, DIXDC1, AVPR1A, TSKU",False
C5_all,GO_BP,GOBP_RESPONSE_TO_PAIN,Response to pain,3,28,998,0.003,0.0019,1.588,0.2920474570898878,0.9680511921485214,"AQP9, RELN, P2RX3",False
C5_all,GO_BP,GOBP_REGULATION_OF_FATTY_ACID_TRANSPORT,Regulation of fatty acid transport,3,28,998,0.003,0.0019,1.588,0.2920474570898878,0.9680511921485214,"ACSL5, PPARA, ACSL1",False
C5_all,GO_BP,GOBP_PHOSPHATIDYLCHOLINE_BIOSYNTHETIC_PROCESS,Phosphatidylcholine biosynthetic process,3,28,998,0.003,0.0019,1.588,0.2920474570898878,0.9680511921485214,"LCAT, PEMT, LPCAT3",False
C5_all,GO_BP,GOBP_POSITIVE_REGULATION_OF_SODIUM_ION_TRANSPORT,Positive regulation of sodium ion transport,3,28,998,0.003,0.0019,1.588,0.2920474570898878,0.9680511921485214,"CNKSR3, PKP2, WNK3",False
C5_all,GO_BP,GOBP_SMOOTH_MUSCLE_CELL_APOPTOTIC_PROCESS,Smooth muscle cell apoptotic process,3,28,998,0.003,0.0019,1.588,0.2920474570898878,0.9680511921485214,"ADCY10, ESR1, LRP6",False
C5_all,GO_BP,GOBP_HEPARAN_SULFATE_PROTEOGLYCAN_BIOSYNTHETIC_PROCESS,Heparan sulfate proteoglycan biosynthetic process,3,28,998,0.003,0.0019,1.588,0.2920474570898878,0.9680511921485214,"NDST1, HS2ST1, HS3ST3B1",False
C5_all,GO_BP,GOBP_NEUROTRANSMITTER_TRANSPORT,Neurotransmitter transport,14,175,998,0.014,0.0118,1.186,0.29285948942293527,0.9680511921485214,"SYT10, SLC6A13, SLC6A1, SLC1A1, SLC22A1, SLC6A16, SLC30A1, DRD1, FMR1, GPR158, SYT1, SYN3, SLC22A3, PFN2",False
C5_all,GO_BP,GOBP_EYE_MORPHOGENESIS,Eye morphogenesis,11,134,998,0.011,0.0091,1.217,0.29403117837569226,0.9680511921485214,"SLC1A1, THRB, CDON, PROX1, SHROOM2, MAN2A1, PHACTR4, HIPK2, TSKU, CITED2, TSPAN12",False
C5_all,GO_BP,GOBP_ACTIVATION_OF_GTPASE_ACTIVITY,Activation of gtpase activity,7,80,998,0.007,0.0054,1.297,0.29413495915049714,0.9680511921485214,"ARHGAP29, EVI5, TBC1D14, GRTP1, TBC1D8B, SYDE2, RALGAPA2",False
C5_all,GO_BP,GOBP_POSITIVE_REGULATION_OF_PROTEIN_CATABOLIC_PROCESS,Positive regulation of protein catabolic process,15,189,998,0.015,0.0128,1.176,0.2942547318629733,0.9680511921485214,"GPLD1, NEDD4, RNF128, SH3RF2, ZYG11B, ASB9, GCLC, FMR1, HECTD1, SORL1, ASB11, NUPR1, NDFIP1, C4BPB, ITCH",False
C5_all,GO_BP,GOBP_CERAMIDE_TRANSPORT,Ceramide transport,2,16,998,0.002,0.0011,1.853,0.2943038279096844,0.9680511921485214,"ABCA13, MTTP",False
C5_all,GO_BP,GOBP_REGULATION_OF_SYSTEMIC_ARTERIAL_BLOOD_PRESSURE_BY_CIRCULATORY_RENIN_ANGIOTENSIN,Regulation of systemic arterial blood pressure by circulatory renin angiotensin,2,16,998,0.002,0.0011,1.853,0.2943038279096844,0.9680511921485214,"ENPEP, REN",False
C5_all,GO_BP,GOBP_RESPONSE_TO_HYPEROXIA,Response to hyperoxia,2,16,998,0.002,0.0011,1.853,0.2943038279096844,0.9680511921485214,"BNIP3, CAT",False
C5_all,GO_BP,GOBP_ENAMEL_MINERALIZATION,Enamel mineralization,2,16,998,0.002,0.0011,1.853,0.2943038279096844,0.9680511921485214,"WDR72, PPARA",False
C5_all,GO_BP,GOBP_INTRACILIARY_ANTEROGRADE_TRANSPORT,Intraciliary anterograde transport,2,16,998,0.002,0.0011,1.853,0.2943038279096844,0.9680511921485214,"IFT46, CCDC38",False
C5_all,GO_BP,GOBP_PYRIMIDINE_RIBONUCLEOSIDE_TRIPHOSPHATE_METABOLIC_PROCESS,Pyrimidine ribonucleoside triphosphate metabolic process,2,16,998,0.002,0.0011,1.853,0.2943038279096844,0.9680511921485214,"CTPS1, UCK1",False
C5_all,GO_BP,GOBP_NOREPINEPHRINE_TRANSPORT,Norepinephrine transport,2,16,998,0.002,0.0011,1.853,0.2943038279096844,0.9680511921485214,"SLC22A3, SLC22A1",False
C5_all,GO_BP,GOBP_ECTOPIC_GERM_CELL_PROGRAMMED_CELL_DEATH,Ectopic germ cell programmed cell death,2,16,998,0.002,0.0011,1.853,0.2943038279096844,0.9680511921485214,"SOD1, MAEL",False
C5_all,GO_BP,GOBP_FATTY_ACID_DERIVATIVE_CATABOLIC_PROCESS,Fatty acid derivative catabolic process,2,16,998,0.002,0.0011,1.853,0.2943038279096844,0.9680511921485214,"ACAT1, CYP4F3",False
C5_all,GO_BP,GOBP_MYELIN_MAINTENANCE,Myelin maintenance,2,16,998,0.002,0.0011,1.853,0.2943038279096844,0.9680511921485214,"SOD1, PALS1",False
C5_all,GO_BP,GOBP_REGULATION_OF_LIPOPROTEIN_PARTICLE_CLEARANCE,Regulation of lipoprotein particle clearance,2,16,998,0.002,0.0011,1.853,0.2943038279096844,0.9680511921485214,"GPLD1, LIPG",False
C5_all,GO_BP,GOBP_ATRIAL_CARDIAC_MUSCLE_CELL_TO_AV_NODE_CELL_COMMUNICATION,Atrial cardiac muscle cell to av node cell communication,2,16,998,0.002,0.0011,1.853,0.2943038279096844,0.9680511921485214,"KCNN2, KCNJ3",False
C5_all,GO_BP,GOBP_PEPTIDYL_THREONINE_DEPHOSPHORYLATION,Peptidyl threonine dephosphorylation,2,16,998,0.002,0.0011,1.853,0.2943038279096844,0.9680511921485214,"PPM1E, PPM1B",False
C5_all,GO_BP,GOBP_ALANINE_TRANSPORT,Alanine transport,2,16,998,0.002,0.0011,1.853,0.2943038279096844,0.9680511921485214,"SFXN1, SLC38A4",False
C5_all,GO_BP,GOBP_LINOLEIC_ACID_METABOLIC_PROCESS,Linoleic acid metabolic process,2,16,998,0.002,0.0011,1.853,0.2943038279096844,0.9680511921485214,"GSTA1, CYP2J2",False
C5_all,GO_BP,GOBP_SERTOLI_CELL_DIFFERENTIATION,Sertoli cell differentiation,2,16,998,0.002,0.0011,1.853,0.2943038279096844,0.9680511921485214,"HSD17B4, ARID4A",False
C5_all,GO_BP,GOBP_XENOBIOTIC_TRANSMEMBRANE_TRANSPORT,Xenobiotic transmembrane transport,2,16,998,0.002,0.0011,1.853,0.2943038279096844,0.9680511921485214,"SLC47A1, ABCA8",False
C5_all,GO_BP,GOBP_TRNA_THREONYLCARBAMOYLADENOSINE_METABOLIC_PROCESS,Trna threonylcarbamoyladenosine metabolic process,2,16,998,0.002,0.0011,1.853,0.2943038279096844,0.9680511921485214,"RPUSD4, HSD17B10",False
C5_all,GO_BP,GOBP_TROPHECTODERMAL_CELL_DIFFERENTIATION,Trophectodermal cell differentiation,2,16,998,0.002,0.0011,1.853,0.2943038279096844,0.9680511921485214,"CITED2, CUL3",False
C5_all,GO_BP,GOBP_HEPARIN_METABOLIC_PROCESS,Heparin metabolic process,2,16,998,0.002,0.0011,1.853,0.2943038279096844,0.9680511921485214,"HS2ST1, NDST1",False
C5_all,GO_BP,GOBP_ECTODERM_DEVELOPMENT,Ectoderm development,2,16,998,0.002,0.0011,1.853,0.2943038279096844,0.9680511921485214,"GRHL3, EPB41L5",False
C5_all,GO_BP,GOBP_BRANCH_ELONGATION_OF_AN_EPITHELIUM,Branch elongation of an epithelium,2,16,998,0.002,0.0011,1.853,0.2943038279096844,0.9680511921485214,"ESR1, RDH10",False
C5_all,GO_BP,GOBP_NEURON_FATE_SPECIFICATION,Neuron fate specification,2,16,998,0.002,0.0011,1.853,0.2943038279096844,0.9680511921485214,"NFIA, MYT1L",False
C5_all,GO_BP,GOBP_PHOSPHATIDYLINOSITOL_METABOLIC_PROCESS,Phosphatidylinositol metabolic process,12,148,998,0.012,0.01,1.202,0.29662720678509735,0.9745434932509912,"PI4K2B, GPLD1, PITPNM3, MTMR4, HYCC2, PIK3R1, SMG1, HTR2A, MTM1, PIK3R4, IMPA1, PIK3C2G",False
C5_all,GO_BP,GOBP_MAINTENANCE_OF_LOCATION,Maintenance of location,22,287,998,0.022,0.0194,1.136,0.2971342724966114,0.9745434932509912,"ABCA1, SORL1, CRY2, DIAPH1, ZFYVE1, NRIP1, NR1H3, ACACB, HTR2A, FITM1, AKAP6, PPARA, PLIN5, ITPR2, ACVR1C, ENPP1, DGAT2, ATP7B, DRD1, PKP2, HAP1, TMEM38B",False
C5_all,GO_BP,GOBP_POSITIVE_REGULATION_OF_RECEPTOR_SIGNALING_PATHWAY_VIA_STAT,Positive regulation of receptor signaling pathway via stat,4,41,998,0.004,0.0028,1.446,0.2984340152463913,0.9745434932509912,"PRLR, GHR, IL6R, PIBF1",False
C5_all,GO_BP,GOBP_MALE_MEIOTIC_NUCLEAR_DIVISION,Male meiotic nuclear division,4,41,998,0.004,0.0028,1.446,0.2984340152463913,0.9745434932509912,"DNMT3L, TEX15, TEX14, MAEL",False
C5_all,GO_BP,GOBP_PROTEIN_METHYLATION,Protein methylation,4,41,998,0.004,0.0028,1.446,0.2984340152463913,0.9745434932509912,"PCMT1, SETD7, ETFBKMT, BHMT",False
C5_all,GO_BP,GOBP_NEGATIVE_REGULATION_OF_LIPID_LOCALIZATION,Negative regulation of lipid localization,4,41,998,0.004,0.0028,1.446,0.2984340152463913,0.9745434932509912,"CRY2, NR1H3, ABCA1, PPARA",False
C5_all,GO_BP,GOBP_PURINE_NUCLEOSIDE_MONOPHOSPHATE_METABOLIC_PROCESS,Purine nucleoside monophosphate metabolic process,4,41,998,0.004,0.0028,1.446,0.2984340152463913,0.9745434932509912,"DLG2, MAGI3, ADK, XDH",False
C5_all,GO_BP,GOBP_POSTSYNAPSE_ASSEMBLY,Postsynapse assembly,4,41,998,0.004,0.0028,1.446,0.2984340152463913,0.9745434932509912,"CDH2, SLITRK3, RELN, IL1RAP",False
C5_all,GO_BP,GOBP_NEGATIVE_REGULATION_OF_CELL_SUBSTRATE_ADHESION,Negative regulation of cell substrate adhesion,5,54,998,0.005,0.0037,1.373,0.29909197784468594,0.9745434932509912,"GCNT2, PHLDB2, PIK3R1, POSTN, PLG",False
C5_all,GO_BP,GOBP_TRANSMISSION_OF_NERVE_IMPULSE,Transmission of nerve impulse,5,54,998,0.005,0.0037,1.373,0.29909197784468594,0.9745434932509912,"SOD1, DRD1, FMR1, SCN8A, AVPR1A",False
C5_all,GO_BP,GOBP_IRON_ION_TRANSPORT,Iron ion transport,5,54,998,0.005,0.0037,1.373,0.29909197784468594,0.9745434932509912,"TFR2, SFXN1, SLC46A1, SLC41A2, SLC39A8",False
C5_all,GO_BP,GOBP_REGULATION_OF_HEART_RATE,Regulation of heart rate,7,81,998,0.007,0.0055,1.281,0.30503705051288854,0.9913704141668878,"ADRA1A, SLC1A1, PKP2, CTNNA3, AVPR1A, KCNJ3, NOS1AP",False
C5_all,GO_BP,GOBP_LONG_TERM_SYNAPTIC_POTENTIATION,Long term synaptic potentiation,7,81,998,0.007,0.0055,1.281,0.30503705051288854,0.9913704141668878,"FXR1, SLC1A1, RELN, DRD1, SLC24A2, MME, ADCY1",False
C5_all,GO_BP,GOBP_MUCOPOLYSACCHARIDE_METABOLIC_PROCESS,Mucopolysaccharide metabolic process,7,81,998,0.007,0.0055,1.281,0.30503705051288854,0.9913704141668878,"STAB2, ITIH2, ST3GAL6, LYVE1, HS2ST1, NDST1, ITIH1",False
C5_all,GO_BP,GOBP_MULTI_MULTICELLULAR_ORGANISM_PROCESS,Multi multicellular organism process,13,163,998,0.013,0.011,1.182,0.3062413631888288,0.994435935538149,"SOD1, A1CF, DSG1, ERRFI1, OVGP1, AR, PRLR, ESR1, CITED2, ACVR1C, AVPR1A, RXFP1, CBS",False
C5_all,GO_BP,GOBP_ALCOHOL_BIOSYNTHETIC_PROCESS,Alcohol biosynthetic process,10,122,998,0.01,0.0082,1.215,0.30831295434812206,0.9969553566568155,"SOD1, HMGCS2, ACAA2, QDPR, CYP27A1, SEC14L2, CACNA1H, LPCAT3, IMPA1, PCK2",False
C5_all,GO_BP,GOBP_EXECUTION_PHASE_OF_APOPTOSIS,Execution phase of apoptosis,6,68,998,0.006,0.0046,1.308,0.30924369133917895,0.9969553566568155,"CECR2, DNASE1L3, XKR4, HTR2A, ACVR1C, TRPC5",False
C5_all,GO_BP,GOBP_MIDBRAIN_DEVELOPMENT,Midbrain development,6,68,998,0.006,0.0046,1.308,0.30924369133917895,0.9969553566568155,"LRP6, NDST1, SYPL2, NDRG2, MAOB, GLUD1",False
C5_all,GO_BP,GOBP_PEPTIDYL_THREONINE_MODIFICATION,Peptidyl threonine modification,8,95,998,0.008,0.0064,1.248,0.310507081228221,0.9969553566568155,"ADCY10, PRKAG2, WNK3, CDC42BPA, TTC36, ATF2, HIPK2, TRPC5",False
C5_all,GO_BP,GOBP_POSITIVE_REGULATION_OF_SYNAPTIC_TRANSMISSION_GLUTAMATERGIC,Positive regulation of synaptic transmission glutamatergic,3,29,998,0.003,0.002,1.533,0.3109432826747957,0.9969553566568155,"DRD1, EGFR, RELN",False
C5_all,GO_BP,GOBP_MAMMARY_GLAND_DUCT_MORPHOGENESIS,Mammary gland duct morphogenesis,3,29,998,0.003,0.002,1.533,0.3109432826747957,0.9969553566568155,"TBX3, ESR1, AR",False
C5_all,GO_BP,GOBP_REGULATION_OF_SYSTEMIC_ARTERIAL_BLOOD_PRESSURE_BY_HORMONE,Regulation of systemic arterial blood pressure by hormone,3,29,998,0.003,0.002,1.533,0.3109432826747957,0.9969553566568155,"AVPR1A, ENPEP, REN",False
C5_all,GO_BP,GOBP_TRANSEPITHELIAL_TRANSPORT,Transepithelial transport,3,29,998,0.003,0.002,1.533,0.3109432826747957,0.9969553566568155,"GPLD1, ABCG2, SLC1A1",False
C5_all,GO_BP,GOBP_PROTEIN_TARGETING_TO_LYSOSOME,Protein targeting to lysosome,3,29,998,0.003,0.002,1.533,0.3109432826747957,0.9969553566568155,"NEDD4, SORL1, PIK3R4",False
C5_all,GO_BP,GOBP_AMINOGLYCAN_CATABOLIC_PROCESS,Aminoglycan catabolic process,3,29,998,0.003,0.002,1.533,0.3109432826747957,0.9969553566568155,"STAB2, OVGP1, LYVE1",False
C5_all,GO_BP,GOBP_POSITIVE_REGULATION_OF_VIRAL_GENOME_REPLICATION,Positive regulation of viral genome replication,3,29,998,0.003,0.002,1.533,0.3109432826747957,0.9969553566568155,"CNOT7, GBP7, NR5A2",False
C5_all,GO_BP,GOBP_REGULATION_OF_GLYCOGEN_METABOLIC_PROCESS,Regulation of glycogen metabolic process,3,29,998,0.003,0.002,1.533,0.3109432826747957,0.9969553566568155,"ENPP1, ADCY10, KHK",False
C5_all,GO_BP,GOBP_RIBONUCLEOSIDE_METABOLIC_PROCESS,Ribonucleoside metabolic process,3,29,998,0.003,0.002,1.533,0.3109432826747957,0.9969553566568155,"GNMT, ADK, XDH",False
C5_all,GO_BP,GOBP_WALKING_BEHAVIOR,Walking behavior,3,29,998,0.003,0.002,1.533,0.3109432826747957,0.9969553566568155,"DRD1, HIPK2, DAB1",False
C5_all,GO_BP,GOBP_EPIGENETIC_PROGRAMMING_OF_GENE_EXPRESSION,Epigenetic programming of gene expression,3,29,998,0.003,0.002,1.533,0.3109432826747957,0.9969553566568155,"ARID4A, DNMT3L, MAEL",False
C5_all,GO_BP,GOBP_PROTEIN_LOCALIZATION_TO_CYTOSKELETON,Protein localization to cytoskeleton,5,55,998,0.005,0.0037,1.348,0.312560361975244,0.9999998599426523,"STK3, HTR2A, DIAPH1, ABHD17B, PIBF1",False
C5_all,GO_BP,GOBP_EXOCRINE_SYSTEM_DEVELOPMENT,Exocrine system development,4,42,998,0.004,0.0028,1.412,0.31398792341626613,0.9999998599426523,"EDA, EGFR, NTN4, SRP54",False
C5_all,GO_BP,GOBP_MAMMARY_GLAND_MORPHOGENESIS,Mammary gland morphogenesis,4,42,998,0.004,0.0028,1.412,0.31398792341626613,0.9999998599426523,"ESR1, TBX3, RXFP1, AR",False
C5_all,GO_BP,GOBP_APOPTOTIC_CELL_CLEARANCE,Apoptotic cell clearance,4,42,998,0.004,0.0028,1.412,0.31398792341626613,0.9999998599426523,"NR1H3, FCN2, MEGF10, XKR4",False
C5_all,GO_BP,GOBP_REGULATION_OF_CELLULAR_RESPIRATION,Regulation of cellular respiration,4,42,998,0.004,0.0028,1.412,0.31398792341626613,0.9999998599426523,"BNIP3, NUPR1, TMEM135, COX7A2L",False
C5_all,GO_BP,GOBP_POSITIVE_REGULATION_OF_HORMONE_SECRETION,Positive regulation of hormone secretion,9,109,998,0.009,0.0074,1.224,0.3144195731046196,0.9999998599426523,"TFR2, GPLD1, RAPGEF4, EGFR, PCK2, VSNL1, SLC2A2, GLUD1, ABAT",False
C5_all,GO_BP,GOBP_REGULATION_OF_STEROID_METABOLIC_PROCESS,Regulation of steroid metabolic process,7,82,998,0.007,0.0055,1.265,0.31601824928191785,0.9999998599426523,"SOD1, EPHX2, FMO5, PROX1, SEC14L2, RORA, LPCAT3",False
C5_all,GO_BP,GOBP_REGULATION_OF_TUBE_SIZE,Regulation of tube size,10,123,998,0.01,0.0083,1.205,0.3172378036020853,0.9999998599426523,"SOD1, ADRA1A, CPS1, GCLC, DRD1, EGFR, HTR2A, KCNMA1, AVPR1A, CBS",False
C5_all,GO_BP,GOBP_GOLGI_TO_ENDOSOME_TRANSPORT,Golgi to endosome transport,2,17,998,0.002,0.0011,1.744,0.31985879994485156,0.9999998599426523,"KLHL20, MON2",False
C5_all,GO_BP,GOBP_REGULATION_OF_MICROTUBULE_NUCLEATION,Regulation of microtubule nucleation,2,17,998,0.002,0.0011,1.744,0.31985879994485156,0.9999998599426523,"HAUS4, PDE4DIP",False
C5_all,GO_BP,GOBP_PROTEIN_LOCALIZATION_TO_MICROTUBULE,Protein localization to microtubule,2,17,998,0.002,0.0011,1.744,0.31985879994485156,0.9999998599426523,"ABHD17B, DIAPH1",False
C5_all,GO_BP,GOBP_NUCLEOBASE_CONTAINING_SMALL_MOLECULE_BIOSYNTHETIC_PROCESS,Nucleobase containing small molecule biosynthetic process,2,17,998,0.002,0.0011,1.744,0.31985879994485156,0.9999998599426523,"DHFR2, ADK",False
C5_all,GO_BP,GOBP_NUCLEOTIDE_SALVAGE,Nucleotide salvage,2,17,998,0.002,0.0011,1.744,0.31985879994485156,0.9999998599426523,"UCK1, ADK",False
C5_all,GO_BP,GOBP_REGULATION_OF_ADENYLATE_CYCLASE_ACTIVATING_G_PROTEIN_COUPLED_RECEPTOR_SIGNALING_PATHWAY,Regulation of adenylate cyclase activating g protein coupled receptor signaling pathway,2,17,998,0.002,0.0011,1.744,0.31985879994485156,0.9999998599426523,"ARRDC3, PDE3B",False
C5_all,GO_BP,GOBP_OPTIC_NERVE_DEVELOPMENT,Optic nerve development,2,17,998,0.002,0.0011,1.744,0.31985879994485156,0.9999998599426523,"SCN8A, KCNC2",False
C5_all,GO_BP,GOBP_PYRIMIDINE_NUCLEOSIDE_TRIPHOSPHATE_BIOSYNTHETIC_PROCESS,Pyrimidine nucleoside triphosphate biosynthetic process,2,17,998,0.002,0.0011,1.744,0.31985879994485156,0.9999998599426523,"CTPS1, UCK1",False
C5_all,GO_BP,GOBP_REGULATION_OF_CILIUM_DEPENDENT_CELL_MOTILITY,Regulation of cilium dependent cell motility,2,17,998,0.002,0.0011,1.744,0.31985879994485156,0.9999998599426523,"RGN, TPPP2",False
C5_all,GO_BP,GOBP_ATP_TRANSPORT,Atp transport,2,17,998,0.002,0.0011,1.744,0.31985879994485156,0.9999998599426523,"ADCY10, ABCC6",False
C5_all,GO_BP,GOBP_LYMPHANGIOGENESIS,Lymphangiogenesis,2,17,998,0.002,0.0011,1.744,0.31985879994485156,0.9999998599426523,"PROX1, ACVR2B",False
C5_all,GO_BP,GOBP_PROTEIN_O_LINKED_MANNOSYLATION,Protein o linked mannosylation,2,17,998,0.002,0.0011,1.744,0.31985879994485156,0.9999998599426523,"CRPPA, TMTC4",False
C5_all,GO_BP,GOBP_QUATERNARY_AMMONIUM_GROUP_TRANSPORT,Quaternary ammonium group transport,2,17,998,0.002,0.0011,1.744,0.31985879994485156,0.9999998599426523,"SLC22A3, SLC22A1",False
C5_all,GO_BP,GOBP_REGULATION_OF_INSULIN_LIKE_GROWTH_FACTOR_RECEPTOR_SIGNALING_PATHWAY,Regulation of insulin like growth factor receptor signaling pathway,2,17,998,0.002,0.0011,1.744,0.31985879994485156,0.9999998599426523,"MYORG, AR",False
C5_all,GO_BP,GOBP_COPII_COATED_VESICLE_CARGO_LOADING,Copii coated vesicle cargo loading,2,17,998,0.002,0.0011,1.744,0.31985879994485156,0.9999998599426523,"SEC24B, SAR1B",False
C5_all,GO_BP,GOBP_POLYAMINE_METABOLIC_PROCESS,Polyamine metabolic process,2,17,998,0.002,0.0011,1.744,0.31985879994485156,0.9999998599426523,"AGMAT, SAT2",False
C5_all,GO_BP,GOBP_REFLEX,Reflex,2,17,998,0.002,0.0011,1.744,0.31985879994485156,0.9999998599426523,"ADRA1A, SLC1A1",False
C5_all,GO_BP,GOBP_SPINAL_CORD_DEVELOPMENT,Spinal cord development,6,69,998,0.006,0.0047,1.289,0.321328222833092,0.9999998599426523,"RELN, DAB1, SRD5A1, PROX1, MDGA2, PHGDH",False
C5_all,GO_BP,GOBP_POSITIVE_REGULATION_OF_TOR_SIGNALING,Positive regulation of tor signaling,6,69,998,0.006,0.0047,1.289,0.321328222833092,0.9999998599426523,"RPS6KB1, MIOS, RELN, FNIP1, FNIP2, CUL3",False
C5_all,GO_BP,GOBP_CALCIUM_ION_TRANSPORT,Calcium ion transport,26,348,998,0.0261,0.0235,1.108,0.32217502803790804,0.9999998599426523,"CNGA1, PKDREJ, DIAPH1, TRPM6, TRPC5, TRPM7, WNK3, SLC30A1, HOMER2, HTR2A, TRPC3, AKAP6, ADRA1A, FMR1, GRIN3A, P2RX3, ITPR2, MICU1, NOS1AP, DRD1, CDH23, SLC24A2, HAP1, CACNA1H, CHRNA4, TMEM38B",False
C5_all,GO_BP,GOBP_CELLULAR_RESPONSE_TO_NUTRIENT_LEVELS,Cellular response to nutrient levels,17,221,998,0.017,0.0149,1.14,0.32252731747343133,0.9999998599426523,"SLC34A1, USP33, PRKAG2, MIOS, ALB, PPARA, RPS6KB1, SRD5A1, SAR1B, FNIP1, TRIM24, POSTN, SLC39A5, PIK3R4, ATF2, ZFYVE1, PDK4",False
C5_all,GO_BP,GOBP_SIGNAL_RELEASE,Signal release,29,391,998,0.0291,0.0264,1.099,0.3240563472756469,0.9999998599426523,"SYT10, ABCA1, TBX3, SYT1, EGFR, CRY2, VSNL1, HADH, GPLD1, SLC30A1, SYN3, HTR2A, REN, ACVR2B, PCK2, ABAT, SLC16A10, SCG5, FMR1, RAPGEF4, ACVR1C, MAOB, SLC16A2, PFN2, TFR2, GPR158, CHRNA4, SLC2A2, GLUD1",False
C5_all,GO_BP,GOBP_EMBRYONIC_PATTERN_SPECIFICATION,Embryonic pattern specification,5,56,998,0.005,0.0038,1.324,0.3261065259529341,0.9999998599426523,"TBX3, COBL, CXXC4, PLD6, EPB41L5",False
C5_all,GO_BP,GOBP_REGULATION_OF_DENDRITIC_SPINE_DEVELOPMENT,Regulation of dendritic spine development,5,56,998,0.005,0.0038,1.324,0.3261065259529341,0.9999998599426523,"RELN, SLC30A1, FMR1, GRIN3A, CUX2",False
C5_all,GO_BP,GOBP_ACTIN_FILAMENT_BASED_MOVEMENT,Actin filament based movement,10,124,998,0.01,0.0084,1.195,0.32621876354458035,0.9999998599426523,"KCNN2, SCN8A, ABCC9, MYO1B, PKP2, CTNNA3, EPB41L5, ADCY10, KCNJ3, NOS1AP",False
C5_all,GO_BP,GOBP_MESONEPHROS_DEVELOPMENT,Mesonephros development,7,83,998,0.007,0.0056,1.25,0.32706829464535797,0.9999998599426523,"LGR4, HS2ST1, BMPER, GREB1L, CAT, REN, HS3ST3B1",False
C5_all,GO_BP,GOBP_PEPTIDE_TRANSPORT,Peptide transport,16,208,998,0.016,0.0141,1.14,0.3295673636881235,0.9999998599426523,"SLC16A10, GPLD1, TFR2, ABCA1, RAPGEF4, EGFR, VSNL1, ACVR1C, CLEC4M, ACVR2B, GLUD1, PCK2, HADH, SLC2A2, SLC16A2, ABAT",False
C5_all,GO_BP,GOBP_INTRACELLULAR_ESTROGEN_RECEPTOR_SIGNALING_PATHWAY,Intracellular estrogen receptor signaling pathway,4,43,998,0.004,0.0029,1.379,0.32960963499861257,0.9999998599426523,"SKP2, ESR1, STRN3, AR",False
C5_all,GO_BP,GOBP_HAIR_CELL_DIFFERENTIATION,Hair cell differentiation,4,43,998,0.004,0.0029,1.379,0.32960963499861257,0.9999998599426523,"SEC24B, SOD1, CDH23, USH2A",False
C5_all,GO_BP,GOBP_INTERMEDIATE_FILAMENT_BASED_PROCESS,Intermediate filament based process,4,43,998,0.004,0.0029,1.379,0.32960963499861257,0.9999998599426523,"SOD1, PKP2, MTM1, ATF2",False
C5_all,GO_BP,GOBP_BROWN_FAT_CELL_DIFFERENTIATION,Brown fat cell differentiation,4,43,998,0.004,0.0029,1.379,0.32960963499861257,0.9999998599426523,"BNIP3, ALDH6A1, PEX11A, NAPEPLD",False
C5_all,GO_BP,GOBP_CELLULAR_RESPIRATION,Cellular respiration,15,194,998,0.015,0.0131,1.146,0.329735440580979,0.9999998599426523,"ETFDH, SLC25A13, COQ10A, GPD1, CYP1A2, BNIP3, CAT, MTFR1, NUPR1, COX7A2L, IDH1, ETFRF1, SUCLA2, LYRM7, TMEM135",False
C5_all,GO_BP,GOBP_POSITIVE_REGULATION_OF_HEART_GROWTH,Positive regulation of heart growth,3,30,998,0.003,0.002,1.482,0.32987110254616636,0.9999998599426523,"PROX1, ACACB, AKAP6",False
C5_all,GO_BP,GOBP_EXCITATORY_SYNAPSE_ASSEMBLY,Excitatory synapse assembly,3,30,998,0.003,0.002,1.482,0.32987110254616636,0.9999998599426523,"IL1RAP, SLITRK3, RELN",False
C5_all,GO_BP,GOBP_VENTRAL_SPINAL_CORD_DEVELOPMENT,Ventral spinal cord development,3,30,998,0.003,0.002,1.482,0.32987110254616636,0.9999998599426523,"RELN, MDGA2, DAB1",False
C5_all,GO_BP,GOBP_INTRA_GOLGI_VESICLE_MEDIATED_TRANSPORT,Intra golgi vesicle mediated transport,3,30,998,0.003,0.002,1.482,0.32987110254616636,0.9999998599426523,"GOSR1, COG8, RAB33B",False
C5_all,GO_BP,GOBP_REGULATION_OF_INTRACELLULAR_ESTROGEN_RECEPTOR_SIGNALING_PATHWAY,Regulation of intracellular estrogen receptor signaling pathway,3,30,998,0.003,0.002,1.482,0.32987110254616636,0.9999998599426523,"SKP2, STRN3, AR",False
C5_all,GO_BP,GOBP_APOPTOTIC_PROCESS_INVOLVED_IN_DEVELOPMENT,Apoptotic process involved in development,3,30,998,0.003,0.002,1.482,0.32987110254616636,0.9999998599426523,"ATF2, MEGF10, XKR4",False
C5_all,GO_BP,GOBP_CALCIUM_DEPENDENT_CELL_CELL_ADHESION_VIA_PLASMA_MEMBRANE_CELL_ADHESION_MOLECULES,Calcium dependent cell cell adhesion via plasma membrane cell adhesion molecules,3,30,998,0.003,0.002,1.482,0.32987110254616636,0.9999998599426523,"CDH2, CDH23, DSG1",False
C5_all,GO_BP,GOBP_MITOCHONDRIAL_FUSION,Mitochondrial fusion,3,30,998,0.003,0.002,1.482,0.32987110254616636,0.9999998599426523,"USP30, PLD6, BNIP3",False
C5_all,GO_BP,GOBP_REGULATION_OF_SODIUM_ION_TRANSPORT,Regulation of sodium ion transport,6,70,998,0.006,0.0047,1.271,0.3334791397467249,0.9999998599426523,"NEDD4, WNK3, NKAIN3, SLMAP, CNKSR3, PKP2",False
C5_all,GO_BP,GOBP_MACROMOLECULE_METHYLATION,Macromolecule methylation,9,111,998,0.009,0.0075,1.202,0.33352472122423454,0.9999998599426523,"ALKBH8, SETD7, TRMT10A, NSUN6, TRMT1L, ETFBKMT, PCMT1, BHMT, HSD17B10",False
C5_all,GO_BP,GOBP_HINDBRAIN_DEVELOPMENT,Hindbrain development,10,125,998,0.01,0.0084,1.186,0.33525039227385267,0.9999998599426523,"DAB1, PROX1, MYO16, HAP1, ATF2, RORA, SEC24B, CBS, ALDH1A2, ABAT",False
C5_all,GO_BP,GOBP_REGULATION_OF_TRANSMEMBRANE_TRANSPORT,Regulation of transmembrane transport,28,379,998,0.0281,0.0256,1.095,0.33554334157326127,0.9999998599426523,"SLC34A1, NEDD4, DIAPH1, RELN, KCNC2, SLC30A1, WNK3, PIK3R1, SLC26A5, ACSL5, KLF15, TRPC3, AKAP6, KCNN2, PRKAG2, FMR1, P2RX3, SLMAP, ENPP1, NOS1AP, RPS6KB1, LRRC55, DRD1, TMEM38B, HAP1, KCNJ3, ACSL1, ARL6IP1",False
C5_all,GO_BP,GOBP_CALCIUM_ION_TRANSMEMBRANE_IMPORT_INTO_CYTOSOL,Calcium ion transmembrane import into cytosol,12,153,998,0.012,0.0103,1.163,0.3369607199760319,0.9999998599426523,"ADRA1A, DRD1, SLC24A2, P2RX3, ITPR2, HAP1, HTR2A, TRPC3, CACNA1H, DIAPH1, TMEM38B, AKAP6",False
C5_all,GO_BP,GOBP_NEGATIVE_REGULATION_OF_CELLULAR_RESPONSE_TO_GROWTH_FACTOR_STIMULUS,Negative regulation of cellular response to growth factor stimulus,7,84,998,0.007,0.0057,1.235,0.33817699734602424,0.9999998599426523,"NEDD4, MTMR4, SORL1, BMPER, HJV, XDH, HIPK2",False
C5_all,GO_BP,GOBP_RESPIRATORY_GASEOUS_EXCHANGE_BY_RESPIRATORY_SYSTEM,Respiratory gaseous exchange by respiratory system,5,57,998,0.005,0.0039,1.3,0.3397117971734672,0.9999998599426523,"MAN2A1, NEK10, NDST1, HIPK2, HNMT",False
C5_all,GO_BP,GOBP_INSULIN_RECEPTOR_SIGNALING_PATHWAY,Insulin receptor signaling pathway,9,112,998,0.009,0.0076,1.191,0.3431535832963959,0.9999998599426523,"GPLD1, RPS6KB1, SORL1, NUCKS1, PIK3R1, SNX5, ENPP1, PDK4, EIF4EBP2",False
C5_all,GO_BP,GOBP_REGULATION_OF_VOLTAGE_GATED_CALCIUM_CHANNEL_ACTIVITY,Regulation of voltage gated calcium channel activity,2,18,998,0.002,0.0012,1.647,0.3451808468060329,0.9999998599426523,"FMR1, NOS1AP",False
C5_all,GO_BP,GOBP_POSITIVE_REGULATION_OF_CELLULAR_EXTRAVASATION,Positive regulation of cellular extravasation,2,18,998,0.002,0.0012,1.647,0.3451808468060329,0.9999998599426523,"CD99L2, LYVE1",False
C5_all,GO_BP,GOBP_G1_TO_G0_TRANSITION,G1 to g0 transition,2,18,998,0.002,0.0012,1.647,0.3451808468060329,0.9999998599426523,"SLC39A5, PHGDH",False
C5_all,GO_BP,GOBP_PROTEIN_ACTIVATION_CASCADE,Protein activation cascade,2,18,998,0.002,0.0012,1.647,0.3451808468060329,0.9999998599426523,"F13B, KLKB1",False
C5_all,GO_BP,GOBP_ASPARTATE_TRANSMEMBRANE_TRANSPORT,Aspartate transmembrane transport,2,18,998,0.002,0.0012,1.647,0.3451808468060329,0.9999998599426523,"SLC1A1, SLC25A13",False
C5_all,GO_BP,GOBP_WATER_TRANSPORT,Water transport,2,18,998,0.002,0.0012,1.647,0.3451808468060329,0.9999998599426523,"AQP11, AQP9",False
C5_all,GO_BP,GOBP_REGULATION_OF_PROTEIN_KINASE_C_SIGNALING,Regulation of protein kinase c signaling,2,18,998,0.002,0.0012,1.647,0.3451808468060329,0.9999998599426523,"ADRA1A, ADGRV1",False
C5_all,GO_BP,GOBP_COENZYME_A_METABOLIC_PROCESS,Coenzyme a metabolic process,2,18,998,0.002,0.0012,1.647,0.3451808468060329,0.9999998599426523,"ACAT1, PANK1",False
C5_all,GO_BP,GOBP_POSITIVE_REGULATION_OF_UBIQUITIN_PROTEIN_TRANSFERASE_ACTIVITY,Positive regulation of ubiquitin protein transferase activity,2,18,998,0.002,0.0012,1.647,0.3451808468060329,0.9999998599426523,"ARRDC3, CDC14B",False
C5_all,GO_BP,GOBP_SPERM_CAPACITATION,Sperm capacitation,2,18,998,0.002,0.0012,1.647,0.3451808468060329,0.9999998599426523,"ROPN1, ROPN1B",False
C5_all,GO_BP,GOBP_VITAMIN_D_METABOLIC_PROCESS,Vitamin d metabolic process,2,18,998,0.002,0.0012,1.647,0.3451808468060329,0.9999998599426523,"CYP27A1, GC",False
C5_all,GO_BP,GOBP_LONG_CHAIN_FATTY_ACYL_COA_BIOSYNTHETIC_PROCESS,Long chain fatty acyl coa biosynthetic process,2,18,998,0.002,0.0012,1.647,0.3451808468060329,0.9999998599426523,"ACSL5, ACSL1",False
C5_all,GO_BP,GOBP_CATECHOL_CONTAINING_COMPOUND_BIOSYNTHETIC_PROCESS,Catechol containing compound biosynthetic process,2,18,998,0.002,0.0012,1.647,0.3451808468060329,0.9999998599426523,"PAH, ALDH2",False
C5_all,GO_BP,GOBP_PROTEIN_IMPORT_INTO_MITOCHONDRIAL_MATRIX,Protein import into mitochondrial matrix,2,18,998,0.002,0.0012,1.647,0.3451808468060329,0.9999998599426523,"DNAJC19, TOMM70",False
C5_all,GO_BP,GOBP_INSULIN_LIKE_GROWTH_FACTOR_RECEPTOR_SIGNALING_PATHWAY,Insulin like growth factor receptor signaling pathway,4,44,998,0.004,0.003,1.348,0.34527135133690856,0.9999998599426523,"GHR, PIK3R1, MYORG, AR",False
C5_all,GO_BP,GOBP_SOMITOGENESIS,Somitogenesis,4,44,998,0.004,0.003,1.348,0.34527135133690856,0.9999998599426523,"COBL, ALDH1A2, POFUT1, EPB41L5",False
C5_all,GO_BP,GOBP_OVARIAN_FOLLICLE_DEVELOPMENT,Ovarian follicle development,4,44,998,0.004,0.003,1.348,0.34527135133690856,0.9999998599426523,"SOD1, ESR1, DMRTA1, SCAPER",False
C5_all,GO_BP,GOBP_SCHWANN_CELL_DIFFERENTIATION,Schwann cell differentiation,4,44,998,0.004,0.003,1.348,0.34527135133690856,0.9999998599426523,"SOD1, PALS1, ADGRG6, ERBB3",False
C5_all,GO_BP,GOBP_MITOCHONDRION_LOCALIZATION,Mitochondrion localization,4,44,998,0.004,0.003,1.348,0.34527135133690856,0.9999998599426523,"HAP1, RHOT1, PLIN5, MTM1",False
C5_all,GO_BP,GOBP_REGULATION_OF_SYSTEMIC_ARTERIAL_BLOOD_PRESSURE,Regulation of systemic arterial blood pressure,6,71,998,0.006,0.0048,1.253,0.3456831263035344,0.9999998599426523,"ADRA1A, ENPEP, AR, POSTN, REN, AVPR1A",False
C5_all,GO_BP,GOBP_MUSCLE_CELL_APOPTOTIC_PROCESS,Muscle cell apoptotic process,6,71,998,0.006,0.0048,1.253,0.3456831263035344,0.9999998599426523,"LRP6, BNIP3, NUPR1, ESR1, ADCY10, SIRT5",False
C5_all,GO_BP,GOBP_REGULATION_OF_HIPPO_SIGNALING,Regulation of hippo signaling,3,31,998,0.003,0.0021,1.435,0.3487841791278783,0.9999998599426523,"ARRDC3, STRN3, SLMAP",False
C5_all,GO_BP,GOBP_RESPONSE_TO_FLUID_SHEAR_STRESS,Response to fluid shear stress,3,31,998,0.003,0.0021,1.435,0.3487841791278783,0.9999998599426523,"CITED2, ABCA1, MTSS1",False
C5_all,GO_BP,GOBP_POSITIVE_REGULATION_OF_BLOOD_CIRCULATION,Positive regulation of blood circulation,3,31,998,0.003,0.0021,1.435,0.3487841791278783,0.9999998599426523,"AVPR1A, ADRA1A, SLC1A1",False
C5_all,GO_BP,GOBP_NEGATIVE_REGULATION_OF_RESPONSE_TO_WOUNDING,Negative regulation of response to wounding,7,85,998,0.007,0.0057,1.221,0.34933426395119094,0.9999998599426523,"TFPI, CERS2, CPB2, PHLDB2, F11, KLKB1, PLG",False
C5_all,GO_BP,GOBP_APOPTOTIC_MITOCHONDRIAL_CHANGES,Apoptotic mitochondrial changes,7,85,998,0.007,0.0057,1.221,0.34933426395119094,0.9999998599426523,"GCLC, ACAA2, BNIP3, TMEM14A, ATF2, RHOT1, TNFSF10",False
C5_all,GO_BP,GOBP_REGULATION_OF_TRANS_SYNAPTIC_SIGNALING,Regulation of trans synaptic signaling,30,411,998,0.0301,0.0278,1.082,0.3529171780204675,0.9999998599426523,"MME, SYT1, EGFR, EIF4EBP2, SLC1A1, RELN, SLC30A1, RTN4, SYN3, HTR2A, PLG, SLC6A1, ADRA1A, RAPGEF2, FXR1, FMR1, ABHD6, SLC4A10, GRIN3A, P2RX3, CUX2, PFN2, RPS6KB1, DRD1, SLC24A2, GPR158, GRM1, HAP1, ADCY1, BCHE",False
C5_all,GO_BP,GOBP_REGULATION_OF_RECEPTOR_SIGNALING_PATHWAY_VIA_STAT,Regulation of receptor signaling pathway via stat,6,72,998,0.006,0.0049,1.235,0.357927088747598,0.9999998599426523,"GBP7, IL6R, DAB1, PRLR, GHR, PIBF1",False
C5_all,GO_BP,GOBP_SEGMENTATION,Segmentation,6,72,998,0.006,0.0049,1.235,0.357927088747598,0.9999998599426523,"TBX3, COBL, POFUT1, PLD6, EPB41L5, ALDH1A2",False
C5_all,GO_BP,GOBP_REACTIVE_NITROGEN_SPECIES_METABOLIC_PROCESS,Reactive nitrogen species metabolic process,6,72,998,0.006,0.0049,1.235,0.357927088747598,0.9999998599426523,"PPARA, CPS1, AGXT2, RGN, RORA, NOS1AP",False
C5_all,GO_BP,GOBP_BIOLOGICAL_PROCESS_INVOLVED_IN_SYMBIOTIC_INTERACTION,Biological process involved in symbiotic interaction,20,269,998,0.02,0.0182,1.102,0.35860957421247414,0.9999998599426523,"LRRC19, TMPRSS4, EGFR, CLEC4G, ZFYVE1, PIK3C2G, CFHR2, NUCKS1, HTR2A, CLEC4M, WWP1, CFHR1, PLG, CFHR5, PPARA, FMR1, ITCH, NAPEPLD, SMC6, ARG1",False
C5_all,GO_BP,GOBP_DETECTION_OF_STIMULUS_INVOLVED_IN_SENSORY_PERCEPTION,Detection of stimulus involved in sensory perception,7,86,998,0.007,0.0058,1.207,0.3605301197388065,0.9999998599426523,"AZGP1, TAS1R1, OR10J5, HTR2A, OR5AN1, ADGRV1, OR13C3",False
C5_all,GO_BP,GOBP_PROTEIN_EXIT_FROM_ENDOPLASMIC_RETICULUM,Protein exit from endoplasmic reticulum,4,45,998,0.004,0.003,1.318,0.360946379162924,0.9999998599426523,"SORL1, EDEM1, LMAN1, SAR1B",False
C5_all,GO_BP,GOBP_DETECTION_OF_MECHANICAL_STIMULUS,Detection of mechanical stimulus,4,45,998,0.004,0.003,1.318,0.360946379162924,0.9999998599426523,"CDH2, PKDREJ, HTR2A, ADGRV1",False
C5_all,GO_BP,GOBP_REGULATION_OF_CYTOSOLIC_CALCIUM_ION_CONCENTRATION,Regulation of cytosolic calcium ion concentration,4,45,998,0.004,0.003,1.318,0.360946379162924,0.9999998599426523,"TRPC5, CDH23, GRM1, TRPC3",False
C5_all,GO_BP,GOBP_SOMITE_DEVELOPMENT,Somite development,5,59,998,0.005,0.004,1.256,0.3670272552658493,0.9999998599426523,"MTHFD1, COBL, POFUT1, EPB41L5, ALDH1A2",False
C5_all,GO_BP,GOBP_REGULATION_OF_INSULIN_RECEPTOR_SIGNALING_PATHWAY,Regulation of insulin receptor signaling pathway,5,59,998,0.005,0.004,1.256,0.3670272552658493,0.9999998599426523,"RPS6KB1, SORL1, NUCKS1, SNX5, ENPP1",False
C5_all,GO_BP,GOBP_NEGATIVE_REGULATION_OF_PROTEOLYSIS_INVOLVED_IN_PROTEIN_CATABOLIC_PROCESS,Negative regulation of proteolysis involved in protein catabolic process,5,59,998,0.005,0.004,1.256,0.3670272552658493,0.9999998599426523,"AQP11, MTM1, TTC36, HIPK2, ALAD",False
C5_all,GO_BP,GOBP_REGULATION_OF_DEFENSE_RESPONSE_TO_VIRUS,Regulation of defense response to virus,5,59,998,0.005,0.004,1.256,0.3670272552658493,0.9999998599426523,"TOMM70, PPM1B, ILRUN, ITCH, IL27",False
C5_all,GO_BP,GOBP_OVULATION_CYCLE,Ovulation cycle,5,59,998,0.005,0.004,1.256,0.3670272552658493,0.9999998599426523,"SCAPER, NRIP1, EGFR, ESR1, SERPINF1",False
C5_all,GO_BP,GOBP_GLOMERULUS_DEVELOPMENT,Glomerulus development,5,59,998,0.005,0.004,1.256,0.3670272552658493,0.9999998599426523,"IL6R, LGR4, ENPEP, MTSS1, KLF15",False
C5_all,GO_BP,GOBP_SKELETAL_MUSCLE_CELL_DIFFERENTIATION,Skeletal muscle cell differentiation,5,59,998,0.005,0.004,1.256,0.3670272552658493,0.9999998599426523,"CDON, NUPR1, MEGF10, CITED2, FOXN2",False
C5_all,GO_BP,GOBP_POSITIVE_REGULATION_OF_REACTIVE_OXYGEN_SPECIES_METABOLIC_PROCESS,Positive regulation of reactive oxygen species metabolic process,5,59,998,0.005,0.004,1.256,0.3670272552658493,0.9999998599426523,"SOD1, DCXR, XDH, EGFR, ADCY10",False
C5_all,GO_BP,GOBP_NEGATIVE_REGULATION_OF_CELL_MATRIX_ADHESION,Negative regulation of cell matrix adhesion,3,32,998,0.003,0.0022,1.39,0.36763898713972404,0.9999998599426523,"PHLDB2, PIK3R1, POSTN",False
C5_all,GO_BP,GOBP_CELLULAR_RESPONSE_TO_ALKALOID,Cellular response to alkaloid,3,32,998,0.003,0.0022,1.39,0.36763898713972404,0.9999998599426523,"SLC34A1, SLC1A1, TMEM38B",False
C5_all,GO_BP,GOBP_REGULATION_OF_DIGESTIVE_SYSTEM_PROCESS,Regulation of digestive system process,3,32,998,0.003,0.0022,1.39,0.36763898713972404,0.9999998599426523,"NR1H3, WNK3, LPCAT3",False
C5_all,GO_BP,GOBP_VENTRICULAR_SYSTEM_DEVELOPMENT,Ventricular system development,3,32,998,0.003,0.0022,1.39,0.36763898713972404,0.9999998599426523,"NUMB, TSKU, RAPGEF2",False
C5_all,GO_BP,GOBP_REGENERATION,Regeneration,13,171,998,0.013,0.0116,1.127,0.3688045252111338,0.9999998599426523,"GUCD1, PFKFB1, BAAT, CERS2, PTPRF, CPB2, SERPINA10, TEC, RGN, POSTN, EGFR, APOA5, PLG",False
C5_all,GO_BP,GOBP_MODIFICATION_OF_POSTSYNAPTIC_STRUCTURE,Modification of postsynaptic structure,2,19,998,0.002,0.0013,1.56,0.3701851483102505,0.9999998599426523,"DRD1, PFN2",False
C5_all,GO_BP,GOBP_AXON_ENSHEATHMENT_IN_CENTRAL_NERVOUS_SYSTEM,Axon ensheathment in central nervous system,2,19,998,0.002,0.0013,1.56,0.3701851483102505,0.9999998599426523,"ASPA, MIOS",False
C5_all,GO_BP,GOBP_NEGATIVE_REGULATION_OF_RHO_PROTEIN_SIGNAL_TRANSDUCTION,Negative regulation of rho protein signal transduction,2,19,998,0.002,0.0013,1.56,0.3701851483102505,0.9999998599426523,"ARHGAP35, CUL3",False
C5_all,GO_BP,GOBP_PORE_COMPLEX_ASSEMBLY,Pore complex assembly,2,19,998,0.002,0.0013,1.56,0.3701851483102505,0.9999998599426523,"FXR1, RTN4",False
C5_all,GO_BP,GOBP_LIPOPROTEIN_LOCALIZATION,Lipoprotein localization,2,19,998,0.002,0.0013,1.56,0.3701851483102505,0.9999998599426523,"MTTP, SAR1B",False
C5_all,GO_BP,GOBP_THYROID_HORMONE_GENERATION,Thyroid hormone generation,2,19,998,0.002,0.0013,1.56,0.3701851483102505,0.9999998599426523,"SLC16A10, SLC16A2",False
C5_all,GO_BP,GOBP_AMELOGENESIS,Amelogenesis,2,19,998,0.002,0.0013,1.56,0.3701851483102505,0.9999998599426523,"WDR72, PPARA",False
C5_all,GO_BP,GOBP_POSITIVE_REGULATION_OF_FATTY_ACID_TRANSPORT,Positive regulation of fatty acid transport,2,19,998,0.002,0.0013,1.56,0.3701851483102505,0.9999998599426523,"ACSL5, ACSL1",False
C5_all,GO_BP,GOBP_MAGNESIUM_ION_TRANSPORT,Magnesium ion transport,2,19,998,0.002,0.0013,1.56,0.3701851483102505,0.9999998599426523,"NIPAL1, SLC41A2",False
C5_all,GO_BP,GOBP_BASIC_AMINO_ACID_TRANSPORT,Basic amino acid transport,2,19,998,0.002,0.0013,1.56,0.3701851483102505,0.9999998599426523,"SLC47A1, SLC38A4",False
C5_all,GO_BP,GOBP_STARTLE_RESPONSE,Startle response,2,19,998,0.002,0.0013,1.56,0.3701851483102505,0.9999998599426523,"DRD1, GRIN3A",False
C5_all,GO_BP,GOBP_RESPONSE_TO_IMMOBILIZATION_STRESS,Response to immobilization stress,2,19,998,0.002,0.0013,1.56,0.3701851483102505,0.9999998599426523,"CERS2, REN",False
C5_all,GO_BP,GOBP_POSITIVE_REGULATION_OF_BLOOD_PRESSURE,Positive regulation of blood pressure,2,19,998,0.002,0.0013,1.56,0.3701851483102505,0.9999998599426523,"AVPR1A, ADRA1A",False
C5_all,GO_BP,GOBP_CAMP_METABOLIC_PROCESS,Camp metabolic process,2,19,998,0.002,0.0013,1.56,0.3701851483102505,0.9999998599426523,"ADCY10, ADCY1",False
C5_all,GO_BP,GOBP_CARDIAC_CELL_DEVELOPMENT,Cardiac cell development,6,73,998,0.006,0.0049,1.218,0.370198186235674,0.9999998599426523,"ADRA1A, PPARA, TOMM70, PROX1, TBX3, AKAP6",False
C5_all,GO_BP,GOBP_REGULATION_OF_ANIMAL_ORGAN_MORPHOGENESIS,Regulation of animal organ morphogenesis,6,73,998,0.006,0.0049,1.218,0.370198186235674,0.9999998599426523,"NTN4, LGR4, GRHL3, AR, SEC24B, CITED2",False
C5_all,GO_BP,GOBP_POSITIVE_REGULATION_OF_COLD_INDUCED_THERMOGENESIS,Positive regulation of cold induced thermogenesis,7,87,998,0.007,0.0059,1.193,0.37175473018051347,0.9999998599426523,"HADH, PRLR, GATM, PEMT, TSHR, SFXN5, ACSL1",False
C5_all,GO_BP,GOBP_TYPE_I_INTERFERON_PRODUCTION,Type i interferon production,9,115,998,0.009,0.0078,1.16,0.37226738268874815,0.9999998599426523,"GBP7, ZBTB20, TOMM70, POLR3G, PPM1B, ILRUN, UAP1, CUL3, ITCH",False
C5_all,GO_BP,GOBP_GLIAL_CELL_DEVELOPMENT,Glial cell development,9,115,998,0.009,0.0078,1.16,0.37226738268874815,0.9999998599426523,"SOD1, MIOS, ERBB3, DRD1, EGFR, ADGRG6, PALS1, ASPA, PHGDH",False
C5_all,GO_BP,GOBP_RECEPTOR_RECYCLING,Receptor recycling,4,46,998,0.004,0.0031,1.289,0.3766091849521904,0.9999998599426523,"PEX1, SORL1, PEX5, EHD3",False
C5_all,GO_BP,GOBP_NEGATIVE_REGULATION_OF_PROTEASOMAL_PROTEIN_CATABOLIC_PROCESS,Negative regulation of proteasomal protein catabolic process,4,46,998,0.004,0.0031,1.289,0.3766091849521904,0.9999998599426523,"AQP11, MTM1, TTC36, ALAD",False
C5_all,GO_BP,GOBP_NEUROMUSCULAR_JUNCTION_DEVELOPMENT,Neuromuscular junction development,4,46,998,0.004,0.0031,1.289,0.3766091849521904,0.9999998599426523,"NEDD4, GPHN, MESD, PPFIBP1",False
C5_all,GO_BP,GOBP_MRNA_TRANSCRIPTION,Mrna transcription,4,46,998,0.004,0.0031,1.289,0.3766091849521904,0.9999998599426523,"NR1H3, HLTF, ATF2, THRB",False
C5_all,GO_BP,GOBP_PROTEIN_DESTABILIZATION,Protein destabilization,4,46,998,0.004,0.0031,1.289,0.3766091849521904,0.9999998599426523,"FBXO4, SENP2, CUL3, KDM8",False
C5_all,GO_BP,GOBP_STRIATED_MUSCLE_CONTRACTION,Striated muscle contraction,12,158,998,0.012,0.0107,1.126,0.37829451197492187,0.9999998599426523,"ADRA1A, KCNN2, RPS6KB1, SCN8A, ABCC9, EHD3, PKP2, CTNNA3, ADCY10, KCNJ3, TMEM38B, NOS1AP",False
C5_all,GO_BP,GOBP_POSITIVE_REGULATION_OF_NEURON_DIFFERENTIATION,Positive regulation of neuron differentiation,5,60,998,0.005,0.0041,1.235,0.3807025138285357,0.9999998599426523,"CDON, DAB1, PROX1, CYB5D2, TRPC5",False
C5_all,GO_BP,GOBP_POSITIVE_REGULATION_OF_POST_TRANSLATIONAL_PROTEIN_MODIFICATION,Positive regulation of post translational protein modification,9,116,998,0.009,0.0078,1.15,0.3820263210514798,0.9999998599426523,"ARRDC3, ARNT, FBXO4, SKP2, DCUN1D4, SENP2, CUL3, NDFIP1, CDC14B",False
C5_all,GO_BP,GOBP_ERBB_SIGNALING_PATHWAY,Erbb signaling pathway,9,116,998,0.009,0.0078,1.15,0.3820263210514798,0.9999998599426523,"ERBB3, SLC30A10, NEU3, ERRFI1, RTN4, EGFR, HAP1, SNX5, CPNE3",False
C5_all,GO_BP,GOBP_MEIOTIC_CHROMOSOME_SEGREGATION,Meiotic chromosome segregation,6,74,998,0.006,0.005,1.202,0.3824838590752021,0.9999998599426523,"TEX15, SYCE1, MAJIN, TERB2, SYCP1, MAEL",False
C5_all,GO_BP,GOBP_STEM_CELL_DEVELOPMENT,Stem cell development,6,74,998,0.006,0.005,1.202,0.3824838590752021,0.9999998599426523,"CDH2, RDH10, TAPT1, PHACTR4, CITED2, ALDH1A2",False
C5_all,GO_BP,GOBP_INORGANIC_ANION_TRANSMEMBRANE_TRANSPORT,Inorganic anion transmembrane transport,8,102,998,0.008,0.0069,1.163,0.38275383803996954,0.9999998599426523,"SLC34A1, SLC6A1, MFSD8, SLC1A1, SLC37A4, SLC26A5, CLCN4, CLCN5",False
C5_all,GO_BP,GOBP_CELLULAR_RESPONSE_TO_ALCOHOL,Cellular response to alcohol,7,88,998,0.007,0.0059,1.179,0.38299842100986214,0.9999998599426523,"GPLD1, GRAMD1C, LRP6, ABCA1, GNAI1, ITPR2, ADCY1",False
C5_all,GO_BP,GOBP_SENSORY_ORGAN_MORPHOGENESIS,Sensory organ morphogenesis,16,216,998,0.016,0.0146,1.098,0.3861077117172872,0.9999998599426523,"SOD1, SLC1A1, THRB, CDON, PROX1, CDH23, MAN2A1, SHROOM2, TBX3, GRHL3, PHACTR4, HIPK2, SEC24B, TSKU, CITED2, TSPAN12",False
C5_all,GO_BP,GOBP_POSITIVE_REGULATION_OF_RELEASE_OF_SEQUESTERED_CALCIUM_ION_INTO_CYTOSOL,Positive regulation of release of sequestered calcium ion into cytosol,3,33,998,0.003,0.0022,1.348,0.38639519122401794,0.9999998599426523,"DRD1, HAP1, AKAP6",False
C5_all,GO_BP,GOBP_RIBONUCLEOSIDE_MONOPHOSPHATE_BIOSYNTHETIC_PROCESS,Ribonucleoside monophosphate biosynthetic process,3,33,998,0.003,0.0022,1.348,0.38639519122401794,0.9999998599426523,"DHODH, ADK, UCK1",False
C5_all,GO_BP,GOBP_SALIVARY_GLAND_DEVELOPMENT,Salivary gland development,3,33,998,0.003,0.0022,1.348,0.38639519122401794,0.9999998599426523,"EDA, EGFR, NTN4",False
C5_all,GO_BP,GOBP_REGULATION_OF_MEMBRANE_REPOLARIZATION,Regulation of membrane repolarization,3,33,998,0.003,0.0022,1.348,0.38639519122401794,0.9999998599426523,"ADCY10, NOS1AP, AKAP6",False
C5_all,GO_BP,GOBP_LONG_TERM_MEMORY,Long term memory,3,33,998,0.003,0.0022,1.348,0.38639519122401794,0.9999998599426523,"RPS6KB1, RELN, ADCY1",False
C5_all,GO_BP,GOBP_NEGATIVE_REGULATION_OF_MACROAUTOPHAGY,Negative regulation of macroautophagy,3,33,998,0.003,0.0022,1.348,0.38639519122401794,0.9999998599426523,"USP30, NUPR1, MTM1",False
C5_all,GO_BP,GOBP_NEGATIVE_REGULATION_OF_INTRACELLULAR_STEROID_HORMONE_RECEPTOR_SIGNALING_PATHWAY,Negative regulation of intracellular steroid hormone receptor signaling pathway,3,33,998,0.003,0.0022,1.348,0.38639519122401794,0.9999998599426523,"CRY2, STRN3, NCOR1",False
C5_all,GO_BP,GOBP_INTRACELLULAR_STEROL_TRANSPORT,Intracellular sterol transport,3,33,998,0.003,0.0022,1.348,0.38639519122401794,0.9999998599426523,"GRAMD1C, ABCA1, SCP2",False
C5_all,GO_BP,GOBP_REGULATION_OF_CALCINEURIN_MEDIATED_SIGNALING,Regulation of calcineurin mediated signaling,3,33,998,0.003,0.0022,1.348,0.38639519122401794,0.9999998599426523,"HOMER2, AKAP6, ERBB3",False
C5_all,GO_BP,GOBP_GRANULOCYTE_DIFFERENTIATION,Granulocyte differentiation,3,33,998,0.003,0.0022,1.348,0.38639519122401794,0.9999998599426523,"CITED2, L3MBTL3, SRP54",False
C5_all,GO_BP,GOBP_IN_UTERO_EMBRYONIC_DEVELOPMENT,In utero embryonic development,26,360,998,0.0261,0.0243,1.071,0.38763393154220666,0.9999998599426523,"TBX3, RSPO3, SH3PXD2A, AR, PPP4R4, STK3, EGFR, SLC30A1, AKAP3, UPB1, RTN4, ATF2, PEMT, TTPA, SMIM14, PLG, ARNT, ETNK2, RDH10, CUL3, ACVR1C, MAN2A1, C6, KDM8, EPB41L5, CITED2",False
C5_all,GO_BP,GOBP_POSITIVE_REGULATION_OF_GROWTH,Positive regulation of growth,15,202,998,0.015,0.0137,1.101,0.38830718277303694,0.9999998599426523,"ADCY10, CEP43, RPS6KB1, PROX1, PEX5, SYT1, EGFR, ACACB, GHR, MTM1, AVPR1A, TRPC5, CPNE6, GPAM, AKAP6",False
C5_all,GO_BP,GOBP_INTRACELLULAR_LIPID_TRANSPORT,Intracellular lipid transport,4,47,998,0.004,0.0032,1.262,0.39223543718028403,0.9999998599426523,"GRAMD1C, ABCA1, ABCD3, SCP2",False
C5_all,GO_BP,GOBP_VISUAL_BEHAVIOR,Visual behavior,4,47,998,0.004,0.0032,1.262,0.39223543718028403,0.9999998599426523,"DRD1, TAFA2, TTC36, RAG1",False
C5_all,GO_BP,GOBP_RETINA_HOMEOSTASIS,Retina homeostasis,4,47,998,0.004,0.0032,1.262,0.39223543718028403,0.9999998599426523,"SOD1, CDH23, USH2A, ADGRV1",False
C5_all,GO_BP,GOBP_CELL_COMMUNICATION_INVOLVED_IN_CARDIAC_CONDUCTION,Cell communication involved in cardiac conduction,4,47,998,0.004,0.0032,1.262,0.39223543718028403,0.9999998599426523,"KCNN2, CTNNA3, KCNJ3, PKP2",False
C5_all,GO_BP,GOBP_PHOSPHATIDYLINOSITOL_3_KINASE_PROTEIN_KINASE_B_SIGNAL_TRANSDUCTION,Phosphatidylinositol 3 kinase protein kinase b signal transduction,19,260,998,0.019,0.0176,1.083,0.3927273219965244,0.9999998599426523,"NEDD4, STK3, EGFR, PIK3C2G, RELN, ERRFI1, PIK3R1, PHLPP1, XDH, RTN4, HTR2A, MYORG, PPARA, ERBB3, CAT, MYO16, GCNT2, MTM1, PIK3R4",False
C5_all,GO_BP,GOBP_NUCLEOSIDE_TRIPHOSPHATE_BIOSYNTHETIC_PROCESS,Nucleoside triphosphate biosynthetic process,8,103,998,0.008,0.007,1.151,0.39319249706564835,0.9999998599426523,"PRKAG2, PPARA, SLC25A13, ADK, CTPS1, LDHC, UCK1, ADCY10",False
C5_all,GO_BP,GOBP_MEMBRANE_DEPOLARIZATION,Membrane depolarization,6,75,998,0.006,0.0051,1.186,0.3947718543481587,0.9999998599426523,"CHRNA4, ALB, GCLC, SLMAP, CHRNA2, ADCY10",False
C5_all,GO_BP,GOBP_RESPONSE_TO_SALT,Response to salt,2,20,998,0.002,0.0014,1.482,0.39479936578761754,0.9999998599426523,"ABCC6, SLC26A5",False
C5_all,GO_BP,GOBP_NEGATIVE_REGULATION_OF_PHOSPHATASE_ACTIVITY,Negative regulation of phosphatase activity,2,20,998,0.002,0.0014,1.482,0.39479936578761754,0.9999998599426523,"PPP4R4, CRY2",False
C5_all,GO_BP,GOBP_NEGATIVE_REGULATION_OF_MUSCLE_CONTRACTION,Negative regulation of muscle contraction,2,20,998,0.002,0.0014,1.482,0.39479936578761754,0.9999998599426523,"SOD1, ADCY10",False
C5_all,GO_BP,GOBP_RAB_PROTEIN_SIGNAL_TRANSDUCTION,Rab protein signal transduction,2,20,998,0.002,0.0014,1.482,0.39479936578761754,0.9999998599426523,"RAB33B, DENND1A",False
C5_all,GO_BP,GOBP_CEREBRAL_CORTEX_NEURON_DIFFERENTIATION,Cerebral cortex neuron differentiation,2,20,998,0.002,0.0014,1.482,0.39479936578761754,0.9999998599426523,"DRD1, PEX5",False
C5_all,GO_BP,GOBP_CEREBELLAR_CORTEX_FORMATION,Cerebellar cortex formation,2,20,998,0.002,0.0014,1.482,0.39479936578761754,0.9999998599426523,"PROX1, RORA",False
C5_all,GO_BP,GOBP_NEGATIVE_REGULATION_OF_HIPPO_SIGNALING,Negative regulation of hippo signaling,2,20,998,0.002,0.0014,1.482,0.39479936578761754,0.9999998599426523,"STRN3, SLMAP",False
C5_all,GO_BP,GOBP_GLYCOLIPID_CATABOLIC_PROCESS,Glycolipid catabolic process,2,20,998,0.002,0.0014,1.482,0.39479936578761754,0.9999998599426523,"NEU3, NEU4",False
C5_all,GO_BP,GOBP_CELLULAR_RESPONSE_TO_GROWTH_HORMONE_STIMULUS,Cellular response to growth hormone stimulus,2,20,998,0.002,0.0014,1.482,0.39479936578761754,0.9999998599426523,"GHR, PIK3R1",False
C5_all,GO_BP,GOBP_POSITIVE_REGULATION_OF_NEUROTRANSMITTER_TRANSPORT,Positive regulation of neurotransmitter transport,2,20,998,0.002,0.0014,1.482,0.39479936578761754,0.9999998599426523,"GPR158, SYT1",False
C5_all,GO_BP,GOBP_GOLGI_TO_VACUOLE_TRANSPORT,Golgi to vacuole transport,2,20,998,0.002,0.0014,1.482,0.39479936578761754,0.9999998599426523,"RBSN, EHD3",False
C5_all,GO_BP,GOBP_BLASTODERM_SEGMENTATION,Blastoderm segmentation,2,20,998,0.002,0.0014,1.482,0.39479936578761754,0.9999998599426523,"TBX3, PLD6",False
C5_all,GO_BP,GOBP_CD4_POSITIVE_ALPHA_BETA_T_CELL_PROLIFERATION,Cd4 positive alpha beta t cell proliferation,2,20,998,0.002,0.0014,1.482,0.39479936578761754,0.9999998599426523,"ITCH, NDFIP1",False
C5_all,GO_BP,GOBP_NEGATIVE_REGULATION_OF_BLOOD_CIRCULATION,Negative regulation of blood circulation,2,20,998,0.002,0.0014,1.482,0.39479936578761754,0.9999998599426523,"ADCY10, ADRA1A",False
C5_all,GO_BP,GOBP_STEROID_HORMONE_SECRETION,Steroid hormone secretion,2,20,998,0.002,0.0014,1.482,0.39479936578761754,0.9999998599426523,"CRY2, REN",False
C5_all,GO_BP,GOBP_PEPTIDYL_LYSINE_METHYLATION,Peptidyl lysine methylation,2,20,998,0.002,0.0014,1.482,0.39479936578761754,0.9999998599426523,"SETD7, ETFBKMT",False
C5_all,GO_BP,GOBP_PLASMA_MEMBRANE_PHOSPHOLIPID_SCRAMBLING,Plasma membrane phospholipid scrambling,2,20,998,0.002,0.0014,1.482,0.39479936578761754,0.9999998599426523,"TRPC5, XKR4",False
C5_all,GO_BP,GOBP_SPERMATID_DIFFERENTIATION,Spermatid differentiation,12,160,998,0.012,0.0108,1.112,0.3949968209383069,0.9999998599426523,"DDX25, HOOK1, ROPN1, FXR1, CCDC38, SMARCA2, PLD6, FAM9A, SYCP1, ROPN1B, ZMYND12, ADCY10",False
C5_all,GO_BP,GOBP_MALE_GAMETE_GENERATION,Male gamete generation,33,463,998,0.0331,0.0313,1.057,0.39655472144540516,0.9999998599426523,"SOD1, ARID4A, TEX15, SERPINA5, TXNRD3, AR, SLCO4C1, PLD6, TERB2, SYCP1, ADCY10, DDX25, HOOK1, PIWIL2, CCNYL1, CCDC38, NLRP14, FAM9A, TEX14, ZMYND12, ROPN1, FXR1, LGR4, ACOX1, SMARCA2, MAJIN, ROPN1B, CREB3L4, TPPP2, SCAPER, RGN, DNMT3L, MAEL",False
C5_all,GO_BP,GOBP_LEARNING,Learning,10,132,998,0.01,0.0089,1.123,0.39943575496068445,0.9999998599426523,"SLC6A1, SLC1A1, RELN, TAFA2, DRD1, SLC24A2, HTR2A, TTC36, BCHE, RAG1",False
C5_all,GO_BP,GOBP_RESPONSE_TO_OXYGEN_LEVELS,Response to oxygen levels,21,290,998,0.021,0.0196,1.073,0.4003086935751727,0.9999998599426523,"POSTN, KCNMA1, CBS, SLC1A1, ATF2, CPEB2, HIPK2, ALAD, ABAT, NDNF, ARNT, PPARA, ACAA2, P2RX3, BNIP3, ITPR2, CAT, KCNK3, RORA, CHRNA4, CITED2",False
C5_all,GO_BP,GOBP_CELL_REDOX_HOMEOSTASIS,Cell redox homeostasis,3,34,998,0.003,0.0023,1.308,0.40501559870363396,0.9999998599426523,"PRDX6, TXNRD3, GCLC",False
C5_all,GO_BP,GOBP_CELL_VOLUME_HOMEOSTASIS,Cell volume homeostasis,3,34,998,0.003,0.0023,1.308,0.40501559870363396,0.9999998599426523,"KCNMA1, WNK3, AQP11",False
C5_all,GO_BP,GOBP_EMBRYONIC_CRANIAL_SKELETON_MORPHOGENESIS,Embryonic cranial skeleton morphogenesis,3,34,998,0.003,0.0023,1.308,0.40501559870363396,0.9999998599426523,"NDST1, MTHFD1, RDH10",False
C5_all,GO_BP,GOBP_REGULATION_OF_CYTOPLASMIC_TRANSLATION,Regulation of cytoplasmic translation,3,34,998,0.003,0.0023,1.308,0.40501559870363396,0.9999998599426523,"FMR1, PIWIL2, CPEB2",False
C5_all,GO_BP,GOBP_RESPONSE_TO_MECHANICAL_STIMULUS,Response to mechanical stimulus,14,190,998,0.014,0.0128,1.092,0.4059408557859514,0.9999998599426523,"CDH2, CRADD, RPS6KB1, GCLC, SLC26A5, P2RX3, POSTN, TMEM150C, BNIP3, EGFR, PKDREJ, HTR2A, ADGRV1, CITED2",False
C5_all,GO_BP,GOBP_REGULATION_OF_MUSCLE_SYSTEM_PROCESS,Regulation of muscle system process,14,190,998,0.014,0.0128,1.092,0.4059408557859514,0.9999998599426523,"SOD1, ADRA1A, RPS6KB1, PPARA, TOMM70, EHD3, ACACB, CTNNA3, PKP2, TRPC3, ADCY10, TMEM38B, AKAP6, ABAT",False
C5_all,GO_BP,GOBP_RESPONSE_TO_AMINE,Response to amine,4,48,998,0.004,0.0032,1.235,0.40780203748106875,0.9999998599426523,"DRD1, SLC1A1, KCNC2, CPS1",False
C5_all,GO_BP,GOBP_ICOSANOID_TRANSPORT,Icosanoid transport,4,48,998,0.004,0.0032,1.235,0.40780203748106875,0.9999998599426523,"SLCO2B1, ABCC6, SLC22A1, SLCO1B1",False
C5_all,GO_BP,GOBP_MAMMARY_GLAND_EPITHELIUM_DEVELOPMENT,Mammary gland epithelium development,5,62,998,0.005,0.0042,1.195,0.40800498196133683,0.9999998599426523,"TBX3, AR, RTN4, PRLR, ESR1",False
C5_all,GO_BP,GOBP_ADULT_BEHAVIOR,Adult behavior,9,119,998,0.009,0.008,1.121,0.4113780933335031,0.9999998599426523,"SLC1A1, PPARA, DAB1, DRD1, HOMER2, HTR2A, HIPK2, CHRNA4, ABAT",False
C5_all,GO_BP,GOBP_REGULATION_OF_SYNAPTIC_PLASTICITY,Regulation of synaptic plasticity,13,177,998,0.013,0.012,1.089,0.4168355430246064,0.9999998599426523,"FXR1, SLC1A1, RELN, RAPGEF2, DRD1, FMR1, ABHD6, MME, SLC4A10, P2RX3, SLC24A2, ADCY1, EIF4EBP2",False
C5_all,GO_BP,GOBP_NEGATIVE_REGULATION_OF_INFLAMMATORY_RESPONSE,Negative regulation of inflammatory response,10,134,998,0.01,0.0091,1.106,0.41792452889224363,0.9999998599426523,"SOD1, ARNT, FXR1, PPARA, NR1H3, ENPP3, RORA, NDFIP1, LPCAT3, SLC39A8",False
C5_all,GO_BP,GOBP_TRANSPORT_OF_VIRUS,Transport of virus,2,21,998,0.002,0.0014,1.412,0.4189623468712537,0.9999998599426523,"FMR1, CLEC4M",False
C5_all,GO_BP,GOBP_REGULATION_OF_SYSTEMIC_ARTERIAL_BLOOD_PRESSURE_BY_RENIN_ANGIOTENSIN,Regulation of systemic arterial blood pressure by renin angiotensin,2,21,998,0.002,0.0014,1.412,0.4189623468712537,0.9999998599426523,"ENPEP, REN",False
C5_all,GO_BP,GOBP_STRIATUM_DEVELOPMENT,Striatum development,2,21,998,0.002,0.0014,1.412,0.4189623468712537,0.9999998599426523,"DRD1, FOXP2",False
C5_all,GO_BP,GOBP_RESPONSE_TO_INCREASED_OXYGEN_LEVELS,Response to increased oxygen levels,2,21,998,0.002,0.0014,1.412,0.4189623468712537,0.9999998599426523,"BNIP3, CAT",False
C5_all,GO_BP,GOBP_GLYCOSYL_COMPOUND_BIOSYNTHETIC_PROCESS,Glycosyl compound biosynthetic process,2,21,998,0.002,0.0014,1.412,0.4189623468712537,0.9999998599426523,"DHFR2, ADK",False
C5_all,GO_BP,GOBP_REGULATION_OF_PRESYNAPTIC_MEMBRANE_POTENTIAL,Regulation of presynaptic membrane potential,2,21,998,0.002,0.0014,1.412,0.4189623468712537,0.9999998599426523,"KCNJ3, KCNC2",False
C5_all,GO_BP,GOBP_PEROXISOME_PROLIFERATOR_ACTIVATED_RECEPTOR_SIGNALING_PATHWAY,Peroxisome proliferator activated receptor signaling pathway,2,21,998,0.002,0.0014,1.412,0.4189623468712537,0.9999998599426523,"PLIN5, CITED2",False
C5_all,GO_BP,GOBP_AMP_METABOLIC_PROCESS,Amp metabolic process,2,21,998,0.002,0.0014,1.412,0.4189623468712537,0.9999998599426523,"ADK, XDH",False
C5_all,GO_BP,GOBP_RESPONSE_TO_GONADOTROPIN,Response to gonadotropin,2,21,998,0.002,0.0014,1.412,0.4189623468712537,0.9999998599426523,"GCLC, SRD5A1",False
C5_all,GO_BP,GOBP_PROTEIN_CATABOLIC_PROCESS_IN_THE_VACUOLE,Protein catabolic process in the vacuole,2,21,998,0.002,0.0014,1.412,0.4189623468712537,0.9999998599426523,"MFSD8, RNF128",False
C5_all,GO_BP,GOBP_NEGATIVE_REGULATION_OF_T_CELL_APOPTOTIC_PROCESS,Negative regulation of t cell apoptotic process,2,21,998,0.002,0.0014,1.412,0.4189623468712537,0.9999998599426523,"GPAM, RAG1",False
C5_all,GO_BP,GOBP_GLUCOCORTICOID_METABOLIC_PROCESS,Glucocorticoid metabolic process,2,21,998,0.002,0.0014,1.412,0.4189623468712537,0.9999998599426523,"CYP17A1, CACNA1H",False
C5_all,GO_BP,GOBP_LYMPH_VESSEL_MORPHOGENESIS,Lymph vessel morphogenesis,2,21,998,0.002,0.0014,1.412,0.4189623468712537,0.9999998599426523,"PROX1, ACVR2B",False
C5_all,GO_BP,GOBP_POSITIVE_REGULATION_OF_RELEASE_OF_CYTOCHROME_C_FROM_MITOCHONDRIA,Positive regulation of release of cytochrome c from mitochondria,2,21,998,0.002,0.0014,1.412,0.4189623468712537,0.9999998599426523,"BNIP3, TNFSF10",False
C5_all,GO_BP,GOBP_SODIUM_ION_IMPORT_ACROSS_PLASMA_MEMBRANE,Sodium ion import across plasma membrane,2,21,998,0.002,0.0014,1.412,0.4189623468712537,0.9999998599426523,"SLC34A1, SLC6A1",False
C5_all,GO_BP,GOBP_MYOBLAST_PROLIFERATION,Myoblast proliferation,2,21,998,0.002,0.0014,1.412,0.4189623468712537,0.9999998599426523,"ATF2, MEGF10",False
C5_all,GO_BP,GOBP_MITOCHONDRIAL_RNA_PROCESSING,Mitochondrial rna processing,2,21,998,0.002,0.0014,1.412,0.4189623468712537,0.9999998599426523,"RPUSD4, HSD17B10",False
C5_all,GO_BP,GOBP_EXCRETION,Excretion,2,21,998,0.002,0.0014,1.412,0.4189623468712537,0.9999998599426523,"KCNMA1, ABCG2",False
C5_all,GO_BP,GOBP_PINOCYTOSIS,Pinocytosis,2,21,998,0.002,0.0014,1.412,0.4189623468712537,0.9999998599426523,"NR1H3, SNX5",False
C5_all,GO_BP,GOBP_POSITIVE_REGULATION_BY_HOST_OF_VIRAL_PROCESS,Positive regulation by host of viral process,2,21,998,0.002,0.0014,1.412,0.4189623468712537,0.9999998599426523,"NUCKS1, ZFYVE1",False
C5_all,GO_BP,GOBP_POLY_A_PLUS_MRNA_EXPORT_FROM_NUCLEUS,Poly a plus mrna export from nucleus,2,21,998,0.002,0.0014,1.412,0.4189623468712537,0.9999998599426523,"DDX25, NXF5",False
C5_all,GO_BP,GOBP_POSITIVE_REGULATION_OF_GLIAL_CELL_PROLIFERATION,Positive regulation of glial cell proliferation,2,21,998,0.002,0.0014,1.412,0.4189623468712537,0.9999998599426523,"EGFR, PLAG1",False
C5_all,GO_BP,GOBP_CELLULAR_PROCESS_INVOLVED_IN_REPRODUCTION_IN_MULTICELLULAR_ORGANISM,Cellular process involved in reproduction in multicellular organism,21,293,998,0.021,0.0198,1.062,0.41904796460717686,0.9999998599426523,"ARID4A, SERPINA5, PLD6, TERB2, SYCP1, ADCY10, DDX25, HOOK1, PIWIL2, CCDC38, FAM9A, ZMYND12, TUT7, ROPN1, FXR1, SMARCA2, MAJIN, ROPN1B, RPS6KB1, DNMT3L, MAEL",False
C5_all,GO_BP,GOBP_REGULATION_OF_CATION_CHANNEL_ACTIVITY,Regulation of cation channel activity,6,77,998,0.006,0.0052,1.155,0.4193074702640787,0.9999998599426523,"LRRC55, FMR1, SLMAP, AKAP6, HAP1, NOS1AP",False
C5_all,GO_BP,GOBP_ENDOPLASMIC_RETICULUM_TO_GOLGI_VESICLE_MEDIATED_TRANSPORT,Endoplasmic reticulum to golgi vesicle mediated transport,9,120,998,0.009,0.0081,1.112,0.42116659027940095,0.9999998599426523,"SAR1B, GOSR1, USO1, SORL1, CUL3, ATL2, LMAN1, SEC24B, STX17",False
C5_all,GO_BP,GOBP_NEGATIVE_REGULATION_OF_TOR_SIGNALING,Negative regulation of tor signaling,5,63,998,0.005,0.0043,1.176,0.4216007603324185,0.9999998599426523,"EPM2A, SAR1B, MIOS, FNIP1, MTM1",False
C5_all,GO_BP,GOBP_REGULATION_OF_MULTICELLULAR_ORGANISM_GROWTH,Regulation of multicellular organism growth,4,49,998,0.004,0.0033,1.21,0.42328714167828463,0.9999998599426523,"SOD1, GHR, GPAM, PEX5",False
C5_all,GO_BP,GOBP_CRANIAL_NERVE_DEVELOPMENT,Cranial nerve development,4,49,998,0.004,0.0033,1.21,0.42328714167828463,0.9999998599426523,"SCN8A, CITED2, KCNC2, ERBB3",False
C5_all,GO_BP,GOBP_HIPPO_SIGNALING,Hippo signaling,4,49,998,0.004,0.0033,1.21,0.42328714167828463,0.9999998599426523,"STK3, SLMAP, STRN3, ARRDC3",False
C5_all,GO_BP,GOBP_NEGATIVE_REGULATION_OF_PHOSPHATIDYLINOSITOL_3_KINASE_PROTEIN_KINASE_B_SIGNAL_TRANSDUCTION,Negative regulation of phosphatidylinositol 3 kinase protein kinase b signal transduction,4,49,998,0.004,0.0033,1.21,0.42328714167828463,0.9999998599426523,"MTM1, PPARA, PHLPP1, XDH",False
C5_all,GO_BP,GOBP_ENDOCHONDRAL_BONE_MORPHOGENESIS,Endochondral bone morphogenesis,4,49,998,0.004,0.0033,1.21,0.42328714167828463,0.9999998599426523,"TSKU, GHR, CBS, ATF2",False
C5_all,GO_BP,GOBP_REGULATION_OF_GLIAL_CELL_PROLIFERATION,Regulation of glial cell proliferation,3,35,998,0.003,0.0024,1.271,0.4234660918111351,0.9999998599426523,"EGFR, CERS2, PLAG1",False
C5_all,GO_BP,GOBP_ACID_SECRETION,Acid secretion,3,35,998,0.003,0.0024,1.271,0.4234660918111351,0.9999998599426523,"SLC6A1, ACACB, ABAT",False
C5_all,GO_BP,GOBP_PURINE_NUCLEOTIDE_TRANSPORT,Purine nucleotide transport,3,35,998,0.003,0.0024,1.271,0.4234660918111351,0.9999998599426523,"GJB1, ADCY10, ABCC6",False
C5_all,GO_BP,GOBP_PHOSPHATIDIC_ACID_METABOLIC_PROCESS,Phosphatidic acid metabolic process,3,35,998,0.003,0.0024,1.271,0.4234660918111351,0.9999998599426523,"PNPLA3, GPAM, ACP6",False
C5_all,GO_BP,GOBP_BLASTOCYST_DEVELOPMENT,Blastocyst development,8,106,998,0.008,0.0072,1.119,0.42451764299641703,0.9999998599426523,"AKAP3, RTN4, PPP4R4, ACVR1C, PEMT, CUL3, CITED2, SMIM14",False
C5_all,GO_BP,GOBP_ENDOPLASMIC_RETICULUM_ORGANIZATION,Endoplasmic reticulum organization,7,92,998,0.007,0.0062,1.128,0.4279771168705425,0.9999998599426523,"PEX5, RTN4, LMAN1, ATL2, LPCAT3, TMEM38B, ARL6IP1",False
C5_all,GO_BP,GOBP_REGULATION_OF_NERVOUS_SYSTEM_DEVELOPMENT,Regulation of nervous system development,27,382,998,0.0271,0.0258,1.048,0.4291464591650379,0.9999998599426523,"SORL1, MME, EGFR, HLTF, ASPA, ADCY10, DCT, IL1RAP, RELN, SLC30A1, DAB1, PROX1, RTN4, FXR1, RAPGEF2, CDON, FMR1, CUX2, SS18L1, CERS2, MAN2A1, PLAG1, NUMB, HAP1, SLITRK3, SERPINF1, TRPC5",False
C5_all,GO_BP,GOBP_POSITIVE_REGULATION_OF_MONOATOMIC_ION_TRANSMEMBRANE_TRANSPORT,Positive regulation of monoatomic ion transmembrane transport,9,121,998,0.009,0.0082,1.103,0.4309474159894462,0.9999998599426523,"NOS1AP, LRRC55, KCNC2, WNK3, DRD1, P2RX3, HAP1, TRPC3, AKAP6",False
C5_all,GO_BP,GOBP_RESPONSE_TO_OSMOTIC_STRESS,Response to osmotic stress,6,78,998,0.006,0.0053,1.14,0.4315323140684631,0.9999998599426523,"WNK3, EFHD1, ATF2, ZFAND1, KCNMA1, MICU1",False
C5_all,GO_BP,GOBP_NEGATIVE_REGULATION_OF_PROTEOLYSIS,Negative regulation of proteolysis,13,179,998,0.013,0.0121,1.077,0.4329102690609547,0.9999998599426523,"CPB2, AQP11, CAAP1, SERPINA5, NR1H3, SERPINA10, FNIP1, MTM1, TTC36, HIPK2, SERPINF1, ALAD, ARL6IP1",False
C5_all,GO_BP,GOBP_CALCIUM_ION_IMPORT,Calcium ion import,5,64,998,0.005,0.0043,1.158,0.43513967642600215,0.9999998599426523,"WNK3, SLC30A1, SLC24A2, CACNA1H, MICU1",False
C5_all,GO_BP,GOBP_MRNA_EXPORT_FROM_NUCLEUS,Mrna export from nucleus,5,64,998,0.005,0.0043,1.158,0.43513967642600215,0.9999998599426523,"DDX25, NUP88, FMR1, NXF5, SMG1",False
C5_all,GO_BP,GOBP_REGULATION_OF_GLUCOSE_TRANSMEMBRANE_TRANSPORT,Regulation of glucose transmembrane transport,5,64,998,0.005,0.0043,1.158,0.43513967642600215,0.9999998599426523,"PRKAG2, RPS6KB1, PIK3R1, KLF15, ENPP1",False
C5_all,GO_BP,GOBP_METANEPHROS_DEVELOPMENT,Metanephros development,5,64,998,0.005,0.0043,1.158,0.43513967642600215,0.9999998599426523,"SLC22A1, RDH10, LGR4, GREB1L, ACAT1",False
C5_all,GO_BP,GOBP_PROTEIN_K63_LINKED_UBIQUITINATION,Protein k63 linked ubiquitination,5,64,998,0.005,0.0043,1.158,0.43513967642600215,0.9999998599426523,"NEDD4, HECTD1, SKP2, ITCH, UBE2D4",False
C5_all,GO_BP,GOBP_REGULATION_OF_AMIDE_METABOLIC_PROCESS,Regulation of amide metabolic process,5,64,998,0.005,0.0043,1.158,0.43513967642600215,0.9999998599426523,"ALDOB, SORL1, RTN4, HAP1, PDK4",False
C5_all,GO_BP,GOBP_REGULATION_OF_MITOCHONDRIAL_MEMBRANE_POTENTIAL,Regulation of mitochondrial membrane potential,5,64,998,0.005,0.0043,1.158,0.43513967642600215,0.9999998599426523,"SOD1, ALB, GCLC, BNIP3, ADCY10",False
C5_all,GO_BP,GOBP_REGULATION_OF_INTRACELLULAR_STEROID_HORMONE_RECEPTOR_SIGNALING_PATHWAY,Regulation of intracellular steroid hormone receptor signaling pathway,5,64,998,0.005,0.0043,1.158,0.43513967642600215,0.9999998599426523,"NCOR1, AR, SKP2, CRY2, STRN3",False
C5_all,GO_BP,GOBP_CELLULAR_RESPONSE_TO_OXYGEN_LEVELS,Cellular response to oxygen levels,10,136,998,0.01,0.0092,1.09,0.4364042611373833,0.9999998599426523,"NDNF, KCNK3, ACAA2, BNIP3, ATF2, CPEB2, HIPK2, RORA, CITED2, CBS",False
C5_all,GO_BP,GOBP_GLIAL_CELL_PROLIFERATION,Glial cell proliferation,4,50,998,0.004,0.0034,1.186,0.4386701716265053,0.9999998599426523,"NFIA, EGFR, CERS2, PLAG1",False
C5_all,GO_BP,GOBP_CELLULAR_RESPONSE_TO_OSMOTIC_STRESS,Cellular response to osmotic stress,4,50,998,0.004,0.0034,1.186,0.4386701716265053,0.9999998599426523,"WNK3, MICU1, EFHD1, ZFAND1",False
C5_all,GO_BP,GOBP_REGULATION_OF_WNT_SIGNALING_PATHWAY,Regulation of wnt signaling pathway,20,282,998,0.02,0.0191,1.051,0.44154554706978383,0.9999998599426523,"MCC, CDH2, RSPO3, PPM1B, STK3, EGFR, CDK14, SENP2, CCNYL1, TRABD2B, CXXC4, DIXDC1, KLF15, TBL1X, ZRANB1, LGR4, TMEM170B, INVS, EDA, TSKU",False
C5_all,GO_BP,GOBP_MITOCHONDRIAL_FISSION,Mitochondrial fission,3,36,998,0.003,0.0024,1.235,0.44171554319797834,0.9999998599426523,"BNIP3, MTFR1, TMEM135",False
C5_all,GO_BP,GOBP_REGULATION_OF_POLYSACCHARIDE_METABOLIC_PROCESS,Regulation of polysaccharide metabolic process,3,36,998,0.003,0.0024,1.235,0.44171554319797834,0.9999998599426523,"ENPP1, ADCY10, KHK",False
C5_all,GO_BP,GOBP_NEURON_FATE_COMMITMENT,Neuron fate commitment,3,36,998,0.003,0.0024,1.235,0.44171554319797834,0.9999998599426523,"NFIA, PROX1, MYT1L",False
C5_all,GO_BP,GOBP_RESPONSE_TO_PROGESTERONE,Response to progesterone,3,36,998,0.003,0.0024,1.235,0.44171554319797834,0.9999998599426523,"NR1H3, ERRFI1, DSG1",False
C5_all,GO_BP,GOBP_KETONE_BIOSYNTHETIC_PROCESS,Ketone biosynthetic process,3,36,998,0.003,0.0024,1.235,0.44171554319797834,0.9999998599426523,"CACNA1H, COQ5, SIRT5",False
C5_all,GO_BP,GOBP_CARDIAC_MUSCLE_CELL_MEMBRANE_REPOLARIZATION,Cardiac muscle cell membrane repolarization,3,36,998,0.003,0.0024,1.235,0.44171554319797834,0.9999998599426523,"KCNN2, KCNJ3, NOS1AP",False
C5_all,GO_BP,GOBP_NUCLEOTIDE_SUGAR_METABOLIC_PROCESS,Nucleotide sugar metabolic process,3,36,998,0.003,0.0024,1.235,0.44171554319797834,0.9999998599426523,"UAP1, GNE, ENTPD5",False
C5_all,GO_BP,GOBP_POSITIVE_REGULATION_OF_CYTOKINESIS,Positive regulation of cytokinesis,3,36,998,0.003,0.0024,1.235,0.44171554319797834,0.9999998599426523,"CDC14B, CUL3, MAP10",False
C5_all,GO_BP,GOBP_RHYTHMIC_BEHAVIOR,Rhythmic behavior,3,36,998,0.003,0.0024,1.235,0.44171554319797834,0.9999998599426523,"FXR1, NCOR1, PER3",False
C5_all,GO_BP,GOBP_INTERMEDIATE_FILAMENT_ORGANIZATION,Intermediate filament organization,2,22,998,0.002,0.0015,1.348,0.4426229479616697,0.9999998599426523,"PKP2, MTM1",False
C5_all,GO_BP,GOBP_PROTEIN_AUTOPROCESSING,Protein autoprocessing,2,22,998,0.002,0.0015,1.348,0.4426229479616697,0.9999998599426523,"PCSK2, HJV",False
C5_all,GO_BP,GOBP_PROSTATE_GLAND_MORPHOGENESIS,Prostate gland morphogenesis,2,22,998,0.002,0.0015,1.348,0.4426229479616697,0.9999998599426523,"ESR1, AR",False
C5_all,GO_BP,GOBP_NEURONAL_STEM_CELL_POPULATION_MAINTENANCE,Neuronal stem cell population maintenance,2,22,998,0.002,0.0015,1.348,0.4426229479616697,0.9999998599426523,"CDH2, PROX1",False
C5_all,GO_BP,GOBP_PEPTIDYL_GLUTAMIC_ACID_MODIFICATION,Peptidyl glutamic acid modification,2,22,998,0.002,0.0015,1.348,0.4426229479616697,0.9999998599426523,"FOLH1, GGCX",False
C5_all,GO_BP,GOBP_MITOCHONDRIAL_CALCIUM_ION_HOMEOSTASIS,Mitochondrial calcium ion homeostasis,2,22,998,0.002,0.0015,1.348,0.4426229479616697,0.9999998599426523,"BNIP3, MICU1",False
C5_all,GO_BP,GOBP_REGULATION_OF_DENDRITE_EXTENSION,Regulation of dendrite extension,2,22,998,0.002,0.0015,1.348,0.4426229479616697,0.9999998599426523,"CPNE6, SYT1",False
C5_all,GO_BP,GOBP_PHOSPHATIDYLINOSITOL_3_PHOSPHATE_BIOSYNTHETIC_PROCESS,Phosphatidylinositol 3 phosphate biosynthetic process,2,22,998,0.002,0.0015,1.348,0.4426229479616697,0.9999998599426523,"PIK3R4, PIK3C2G",False
C5_all,GO_BP,GOBP_GANGLIOSIDE_METABOLIC_PROCESS,Ganglioside metabolic process,2,22,998,0.002,0.0015,1.348,0.4426229479616697,0.9999998599426523,"NEU3, NEU4",False
C5_all,GO_BP,GOBP_GLUCOSAMINE_CONTAINING_COMPOUND_METABOLIC_PROCESS,Glucosamine containing compound metabolic process,2,22,998,0.002,0.0015,1.348,0.4426229479616697,0.9999998599426523,"GNE, OVGP1",False
C5_all,GO_BP,GOBP_POSITIVE_REGULATION_OF_PROTEIN_MATURATION,Positive regulation of protein maturation,2,22,998,0.002,0.0015,1.348,0.4426229479616697,0.9999998599426523,"TFR2, KLKB1",False
C5_all,GO_BP,GOBP_REGULATION_OF_LONG_TERM_NEURONAL_SYNAPTIC_PLASTICITY,Regulation of long term neuronal synaptic plasticity,2,22,998,0.002,0.0015,1.348,0.4426229479616697,0.9999998599426523,"FMR1, FXR1",False
C5_all,GO_BP,GOBP_P_BODY_ASSEMBLY,P body assembly,2,22,998,0.002,0.0015,1.348,0.4426229479616697,0.9999998599426523,"PATL1, CNOT7",False
C5_all,GO_BP,GOBP_RESPONSE_TO_SALT_STRESS,Response to salt stress,2,22,998,0.002,0.0015,1.348,0.4426229479616697,0.9999998599426523,"MICU1, EFHD1",False
C5_all,GO_BP,GOBP_PYRIMIDINE_NUCLEOSIDE_TRIPHOSPHATE_METABOLIC_PROCESS,Pyrimidine nucleoside triphosphate metabolic process,2,22,998,0.002,0.0015,1.348,0.4426229479616697,0.9999998599426523,"CTPS1, UCK1",False
C5_all,GO_BP,GOBP_MYELIN_ASSEMBLY,Myelin assembly,2,22,998,0.002,0.0015,1.348,0.4426229479616697,0.9999998599426523,"PALS1, MIOS",False
C5_all,GO_BP,GOBP_REGULATION_OF_ANIMAL_ORGAN_FORMATION,Regulation of animal organ formation,2,22,998,0.002,0.0015,1.348,0.4426229479616697,0.9999998599426523,"CITED2, AR",False
C5_all,GO_BP,GOBP_REGULATION_OF_STRIATED_MUSCLE_CONTRACTION,Regulation of striated muscle contraction,6,79,998,0.006,0.0053,1.126,0.4437139605449165,0.9999998599426523,"ADRA1A, EHD3, PKP2, CTNNA3, ADCY10, TMEM38B",False
C5_all,GO_BP,GOBP_INNER_EAR_MORPHOGENESIS,Inner ear morphogenesis,6,79,998,0.006,0.0053,1.126,0.4437139605449165,0.9999998599426523,"SOD1, PROX1, CDH23, TBX3, GRHL3, SEC24B",False
C5_all,GO_BP,GOBP_MEIOSIS_I_CELL_CYCLE_PROCESS,Meiosis i cell cycle process,8,108,998,0.008,0.0073,1.098,0.44533690472524884,0.9999998599426523,"TEX15, PIWIL2, SYCE1, MAJIN, TERB2, DNMT3L, SYCP1, MAEL",False
C5_all,GO_BP,GOBP_MONOATOMIC_ANION_TRANSPORT,Monoatomic anion transport,10,137,998,0.01,0.0093,1.082,0.4456283655607186,0.9999998599426523,"SLC6A1, MFSD8, SLC1A1, SLC4A10, SLC26A5, SLC17A2, ABCC9, ABCC6, CLCN4, CLCN5",False
C5_all,GO_BP,GOBP_ACTIVATION_OF_PROTEIN_KINASE_ACTIVITY,Activation of protein kinase activity,5,65,998,0.005,0.0044,1.14,0.44860763499600015,0.9999998599426523,"IL6R, TOM1L1, STRADB, PRLR, PIBF1",False
C5_all,GO_BP,GOBP_NEUROBLAST_PROLIFERATION,Neuroblast proliferation,5,65,998,0.005,0.0044,1.14,0.44860763499600015,0.9999998599426523,"CDON, PROX1, SOX5, NUMB, DCT",False
C5_all,GO_BP,GOBP_CILIUM_MOVEMENT,Cilium movement,11,152,998,0.011,0.0103,1.073,0.449889682789569,0.9999998599426523,"ROPN1, CCNYL1, SORD, RGN, NEK10, CCDC38, LDHC, ROPN1B, ZMYND12, ADCY10, TPPP2",False
C5_all,GO_BP,GOBP_POSITIVE_REGULATION_OF_PROTEIN_UBIQUITINATION,Positive regulation of protein ubiquitination,7,94,998,0.007,0.0064,1.104,0.4503440921173159,0.9999998599426523,"ARRDC3, FBXO4, SKP2, SENP2, CUL3, NDFIP1, CDC14B",False
C5_all,GO_BP,GOBP_POSITIVE_REGULATION_OF_PROTEIN_SECRETION,Positive regulation of protein secretion,9,123,998,0.009,0.0083,1.085,0.4504629434568341,0.9999998599426523,"GPLD1, EXPH5, RAPGEF4, EGFR, PCK2, VSNL1, SLC2A2, GLUD1, ABAT",False
C5_all,GO_BP,GOBP_TRNA_PROCESSING,Trna processing,9,123,998,0.009,0.0083,1.085,0.4504629434568341,0.9999998599426523,"ALKBH8, SEPSECS, TRMT10A, NSUN6, PUS3, TRMT1L, PUS10, RPUSD4, HSD17B10",False
C5_all,GO_BP,GOBP_LOCOMOTORY_BEHAVIOR,Locomotory behavior,12,167,998,0.012,0.0113,1.065,0.4536430535478148,0.9999998599426523,"ARRDC3, SOD1, SLC1A1, NCOR1, RELN, DAB1, DRD1, CDH23, SLC4A10, GRM1, HIPK2, ABAT",False
C5_all,GO_BP,GOBP_NEGATIVE_REGULATION_OF_LIPID_BIOSYNTHETIC_PROCESS,Negative regulation of lipid biosynthetic process,4,51,998,0.004,0.0034,1.163,0.4539318187579773,0.9999998599426523,"SOD1, ASXL3, PIBF1, PROX1",False
C5_all,GO_BP,GOBP_REGULATION_OF_CALCIUM_ION_TRANSMEMBRANE_TRANSPORTER_ACTIVITY,Regulation of calcium ion transmembrane transporter activity,4,51,998,0.004,0.0034,1.163,0.4539318187579773,0.9999998599426523,"FMR1, HAP1, NOS1AP, AKAP6",False
C5_all,GO_BP,GOBP_EPITHELIAL_TUBE_MORPHOGENESIS,Epithelial tube morphogenesis,20,284,998,0.02,0.0192,1.044,0.4543971620334455,0.9999998599426523,"TBX3, SETDB2, AR, STK3, SEC24B, PROX1, GRHL3, MTSS1, HS3ST3B1, CECR2, RDH10, LGR4, ESR1, ARHGAP35, MTHFD1, COBL, HS2ST1, GREB1L, PHACTR4, CITED2",False
C5_all,GO_BP,GOBP_POST_EMBRYONIC_DEVELOPMENT,Post embryonic development,6,80,998,0.006,0.0054,1.112,0.45584198768500406,0.9999998599426523,"ETNK2, ACADM, SLC4A10, CYP1A2, MMUT, ACVR2B",False
C5_all,GO_BP,GOBP_CYTOKINESIS,Cytokinesis,11,153,998,0.011,0.0103,1.066,0.45863770103568835,0.9999998599426523,"CECR2, DCDC1, FSD1, PIK3R4, CUL3, CCP110, MAP10, TEX14, ROPN1B, CDC14B, IQGAP2",False
C5_all,GO_BP,GOBP_REGULATION_OF_HEART_RATE_BY_CARDIAC_CONDUCTION,Regulation of heart rate by cardiac conduction,3,37,998,0.003,0.0025,1.202,0.4597357180577478,0.9999998599426523,"PKP2, CTNNA3, KCNJ3",False
C5_all,GO_BP,GOBP_RESPONSE_TO_COLD,Response to cold,3,37,998,0.003,0.0025,1.202,0.4597357180577478,0.9999998599426523,"ACADM, TMEM135, P2RX3",False
C5_all,GO_BP,GOBP_POSITIVE_REGULATION_OF_ATP_DEPENDENT_ACTIVITY,Positive regulation of atp dependent activity,3,37,998,0.003,0.0025,1.202,0.4597357180577478,0.9999998599426523,"ALDOB, RGN, PFN2",False
C5_all,GO_BP,GOBP_RESPONSE_TO_ELECTRICAL_STIMULUS,Response to electrical stimulus,3,37,998,0.003,0.0025,1.202,0.4597357180577478,0.9999998599426523,"RPS6KB1, KCNJ3, GRM1",False
C5_all,GO_BP,GOBP_REGULATION_OF_ACTIN_FILAMENT_BASED_MOVEMENT,Regulation of actin filament based movement,3,37,998,0.003,0.0025,1.202,0.4597357180577478,0.9999998599426523,"ADCY10, PKP2, CTNNA3",False
C5_all,GO_BP,GOBP_NEUROTROPHIN_SIGNALING_PATHWAY,Neurotrophin signaling pathway,3,37,998,0.003,0.0025,1.202,0.4597357180577478,0.9999998599426523,"GFRA1, HAP1, RAPGEF2",False
C5_all,GO_BP,GOBP_SECRETION_BY_TISSUE,Secretion by tissue,3,37,998,0.003,0.0025,1.202,0.4597357180577478,0.9999998599426523,"NR1H3, EGFR, WNK3",False
C5_all,GO_BP,GOBP_POSITIVE_REGULATION_OF_CATION_CHANNEL_ACTIVITY,Positive regulation of cation channel activity,3,37,998,0.003,0.0025,1.202,0.4597357180577478,0.9999998599426523,"HAP1, LRRC55, AKAP6",False
C5_all,GO_BP,GOBP_POSITIVE_REGULATION_OF_RNA_SPLICING,Positive regulation of rna splicing,3,37,998,0.003,0.0025,1.202,0.4597357180577478,0.9999998599426523,"SLC39A5, PRDX6, PIK3R1",False
C5_all,GO_BP,GOBP_NEGATIVE_REGULATION_OF_BINDING,Negative regulation of binding,7,95,998,0.007,0.0064,1.092,0.4614674907107664,0.9999998599426523,"CFHR5, USP33, PTPRF, CFHR2, ILRUN, PEX14, CFHR1",False
C5_all,GO_BP,GOBP_RESPONSE_TO_MUSCLE_ACTIVITY,Response to muscle activity,2,23,998,0.002,0.0016,1.289,0.4657389644074379,0.9999998599426523,"POSTN, SRD5A1",False
C5_all,GO_BP,GOBP_TOLERANCE_INDUCTION,Tolerance induction,2,23,998,0.002,0.0016,1.289,0.4657389644074379,0.9999998599426523,"ITCH, PHLPP1",False
C5_all,GO_BP,GOBP_POSITIVE_REGULATION_OF_MUSCLE_CELL_APOPTOTIC_PROCESS,Positive regulation of muscle cell apoptotic process,2,23,998,0.002,0.0016,1.289,0.4657389644074379,0.9999998599426523,"BNIP3, ADCY10",False
C5_all,GO_BP,GOBP_CELL_DIFFERENTIATION_INVOLVED_IN_EMBRYONIC_PLACENTA_DEVELOPMENT,Cell differentiation involved in embryonic placenta development,2,23,998,0.002,0.0016,1.289,0.4657389644074379,0.9999998599426523,"STK3, PLG",False
C5_all,GO_BP,GOBP_PITUITARY_GLAND_DEVELOPMENT,Pituitary gland development,2,23,998,0.002,0.0016,1.289,0.4657389644074379,0.9999998599426523,"ALDH1A2, SRD5A1",False
C5_all,GO_BP,GOBP_PHOSPHATIDYLINOSITOL_MEDIATED_SIGNALING,Phosphatidylinositol mediated signaling,2,23,998,0.002,0.0016,1.289,0.4657389644074379,0.9999998599426523,"RPS6KB1, PIK3C2G",False
C5_all,GO_BP,GOBP_PROSTANOID_BIOSYNTHETIC_PROCESS,Prostanoid biosynthetic process,2,23,998,0.002,0.0016,1.289,0.4657389644074379,0.9999998599426523,"AVPR1A, PIBF1",False
C5_all,GO_BP,GOBP_FIBROBLAST_APOPTOTIC_PROCESS,Fibroblast apoptotic process,2,23,998,0.002,0.0016,1.289,0.4657389644074379,0.9999998599426523,"NUPR1, CUL3",False
C5_all,GO_BP,GOBP_SUBPALLIUM_DEVELOPMENT,Subpallium development,2,23,998,0.002,0.0016,1.289,0.4657389644074379,0.9999998599426523,"DRD1, FOXP2",False
C5_all,GO_BP,GOBP_MAMMARY_GLAND_EPITHELIAL_CELL_PROLIFERATION,Mammary gland epithelial cell proliferation,2,23,998,0.002,0.0016,1.289,0.4657389644074379,0.9999998599426523,"ESR1, RTN4",False
C5_all,GO_BP,GOBP_MULTICELLULAR_ORGANISMAL_LEVEL_IRON_ION_HOMEOSTASIS,Multicellular organismal level iron ion homeostasis,2,23,998,0.002,0.0016,1.289,0.4657389644074379,0.9999998599426523,"TFR2, HJV",False
C5_all,GO_BP,GOBP_POSITIVE_REGULATION_OF_SMOOTH_MUSCLE_CONTRACTION,Positive regulation of smooth muscle contraction,2,23,998,0.002,0.0016,1.289,0.4657389644074379,0.9999998599426523,"ADRA1A, ABAT",False
C5_all,GO_BP,GOBP_NEGATIVE_REGULATION_OF_STRIATED_MUSCLE_CELL_APOPTOTIC_PROCESS,Negative regulation of striated muscle cell apoptotic process,2,23,998,0.002,0.0016,1.289,0.4657389644074379,0.9999998599426523,"NUPR1, SIRT5",False
C5_all,GO_BP,GOBP_LOW_DENSITY_LIPOPROTEIN_PARTICLE_CLEARANCE,Low density lipoprotein particle clearance,2,23,998,0.002,0.0016,1.289,0.4657389644074379,0.9999998599426523,"CES3, DGAT2",False
C5_all,GO_BP,GOBP_REGULATION_OF_NUCLEAR_TRANSCRIBED_MRNA_CATABOLIC_PROCESS_DEADENYLATION_DEPENDENT_DECAY,Regulation of nuclear transcribed mrna catabolic process deadenylation dependent decay,2,23,998,0.002,0.0016,1.289,0.4657389644074379,0.9999998599426523,"CNOT7, TENT4B",False
C5_all,GO_BP,GOBP_LUNG_CELL_DIFFERENTIATION,Lung cell differentiation,2,23,998,0.002,0.0016,1.289,0.4657389644074379,0.9999998599426523,"TMEM38B, THRB",False
C5_all,GO_BP,GOBP_MANNOSYLATION,Mannosylation,2,23,998,0.002,0.0016,1.289,0.4657389644074379,0.9999998599426523,"CRPPA, TMTC4",False
C5_all,GO_BP,GOBP_NEGATIVE_REGULATION_OF_STEROID_METABOLIC_PROCESS,Negative regulation of steroid metabolic process,2,23,998,0.002,0.0016,1.289,0.4657389644074379,0.9999998599426523,"SOD1, PROX1",False
C5_all,GO_BP,GOBP_CARDIAC_CONDUCTION,Cardiac conduction,6,81,998,0.006,0.0055,1.098,0.4679063826587737,0.9999998599426523,"KCNN2, ABCC9, EHD3, PKP2, CTNNA3, KCNJ3",False
C5_all,GO_BP,GOBP_CELLULAR_RESPONSE_TO_ACID_CHEMICAL,Cellular response to acid chemical,6,81,998,0.006,0.0055,1.098,0.4679063826587737,0.9999998599426523,"HMGCS2, GCLC, PNPLA3, EGFR, CUL3, AVPR1A",False
C5_all,GO_BP,GOBP_MESONEPHRIC_TUBULE_MORPHOGENESIS,Mesonephric tubule morphogenesis,4,52,998,0.004,0.0035,1.14,0.46905404018925184,0.9999998599426523,"LGR4, GREB1L, HS2ST1, HS3ST3B1",False
C5_all,GO_BP,GOBP_CILIUM_OR_FLAGELLUM_DEPENDENT_CELL_MOTILITY,Cilium or flagellum dependent cell motility,9,125,998,0.009,0.0084,1.067,0.4698797120382185,0.9999998599426523,"ROPN1, CCNYL1, SORD, RGN, CCDC38, LDHC, ROPN1B, ZMYND12, TPPP2",False
C5_all,GO_BP,GOBP_SKELETAL_MUSCLE_ORGAN_DEVELOPMENT,Skeletal muscle organ development,10,140,998,0.01,0.0095,1.059,0.4731804357985883,0.9999998599426523,"RPS6KB1, FXR1, MYOM2, CDON, NUPR1, MTM1, MEGF10, CITED2, FOXN2, MYORG",False
C5_all,GO_BP,GOBP_PROTEIN_TARGETING,Protein targeting,20,287,998,0.02,0.0194,1.033,0.47364467033952046,0.9999998599426523,"IMMP1L, SRPRA, EDEM1, NEDD4, TOMM70, SORL1, SRP54, LMAN1, ADCY10, SLC1A1, AKAP6, SEC61A2, LONP2, AQP11, PEX1, HAP1, PIK3R4, SEC62, DNAJC19, ARL6IP1",False
C5_all,GO_BP,GOBP_REGULATION_OF_RELEASE_OF_SEQUESTERED_CALCIUM_ION_INTO_CYTOSOL,Regulation of release of sequestered calcium ion into cytosol,5,67,998,0.005,0.0045,1.106,0.47527768042601987,0.9999998599426523,"DRD1, HAP1, DIAPH1, TMEM38B, AKAP6",False
C5_all,GO_BP,GOBP_POSITIVE_REGULATION_OF_CALCIUM_ION_TRANSMEMBRANE_TRANSPORT,Positive regulation of calcium ion transmembrane transport,5,67,998,0.005,0.0045,1.106,0.47527768042601987,0.9999998599426523,"DRD1, P2RX3, HAP1, TRPC3, AKAP6",False
C5_all,GO_BP,GOBP_CELLULAR_RESPONSE_TO_EXTERNAL_STIMULUS,Cellular response to external stimulus,5,67,998,0.005,0.0045,1.106,0.47527768042601987,0.9999998599426523,"CRADD, GCLC, TMEM150C, BNIP3, EGFR",False
C5_all,GO_BP,GOBP_REGULATION_OF_HORMONE_SECRETION,Regulation of hormone secretion,14,199,998,0.014,0.0135,1.043,0.47539532255638417,0.9999998599426523,"TFR2, GPLD1, SCG5, RAPGEF4, EGFR, CRY2, VSNL1, ACVR1C, REN, PCK2, HADH, SLC2A2, GLUD1, ABAT",False
C5_all,GO_BP,GOBP_SEQUESTERING_OF_CALCIUM_ION,Sequestering of calcium ion,8,111,998,0.008,0.0075,1.068,0.4763333897146784,0.9999998599426523,"DRD1, ITPR2, HAP1, HTR2A, DIAPH1, TMEM38B, AKAP6, ATP7B",False
C5_all,GO_BP,GOBP_POSITIVE_REGULATION_OF_INTERFERON_BETA_PRODUCTION,Positive regulation of interferon beta production,3,38,998,0.003,0.0026,1.17,0.47750116577272167,0.9999998599426523,"POLR3G, ZBTB20, TOMM70",False
C5_all,GO_BP,GOBP_REGULATION_OF_SYNAPTIC_VESICLE_EXOCYTOSIS,Regulation of synaptic vesicle exocytosis,3,38,998,0.003,0.0026,1.17,0.47750116577272167,0.9999998599426523,"FMR1, PFN2, SYT1",False
C5_all,GO_BP,GOBP_LUNG_EPITHELIUM_DEVELOPMENT,Lung epithelium development,3,38,998,0.003,0.0026,1.17,0.47750116577272167,0.9999998599426523,"TMEM38B, ERRFI1, THRB",False
C5_all,GO_BP,GOBP_DIGESTIVE_TRACT_MORPHOGENESIS,Digestive tract morphogenesis,3,38,998,0.003,0.0026,1.17,0.47750116577272167,0.9999998599426523,"EGFR, EPB41L5, ACVR2B",False
C5_all,GO_BP,GOBP_AMINO_SUGAR_METABOLIC_PROCESS,Amino sugar metabolic process,3,38,998,0.003,0.0026,1.17,0.47750116577272167,0.9999998599426523,"UAP1, GNE, OVGP1",False
C5_all,GO_BP,GOBP_VENTRICULAR_SEPTUM_MORPHOGENESIS,Ventricular septum morphogenesis,3,38,998,0.003,0.0026,1.17,0.47750116577272167,0.9999998599426523,"PROX1, TBX3, CITED2",False
C5_all,GO_BP,GOBP_NEGATIVE_REGULATION_OF_DEFENSE_RESPONSE,Negative regulation of defense response,15,214,998,0.015,0.0145,1.039,0.4775965241819986,0.9999998599426523,"SOD1, ARNT, FXR1, PPARA, CNOT7, NR1H3, PPM1B, ILRUN, ENPP3, SLC39A8, RORA, NDFIP1, LPCAT3, ARG1, ITCH",False
C5_all,GO_BP,GOBP_CELL_RECOGNITION,Cell recognition,9,126,998,0.009,0.0085,1.059,0.47953759388416517,0.9999998599426523,"ARHGAP35, NCAM2, COLEC10, OVGP1, RTN4, FCN2, CLEC4M, MEGF10, C4BPB",False
C5_all,GO_BP,GOBP_REGULATION_OF_BMP_SIGNALING_PATHWAY,Regulation of bmp signaling pathway,6,82,998,0.006,0.0055,1.085,0.4798975510832629,0.9999998599426523,"MTMR4, ARK2C, SORL1, BMPER, HJV, HIPK2",False
C5_all,GO_BP,GOBP_MESODERM_DEVELOPMENT,Mesoderm development,7,97,998,0.007,0.0066,1.07,0.4835549291615996,0.9999998599426523,"MESD, RPS6KA6, MEST, TBX3, EPB41L5, ACVR2B, CITED2",False
C5_all,GO_BP,GOBP_MIRNA_METABOLIC_PROCESS,Mirna metabolic process,7,97,998,0.007,0.0066,1.07,0.4835549291615996,0.9999998599426523,"NCOR1, TENT4B, PPARA, AR, EGFR, ESR1, TUT7",False
C5_all,GO_BP,GOBP_TORC1_SIGNALING,Torc1 signaling,7,97,998,0.007,0.0066,1.07,0.4835549291615996,0.9999998599426523,"SAR1B, MFSD8, MIOS, RPS6KB1, FNIP1, FNIP2, CUL3",False
C5_all,GO_BP,GOBP_PROTEIN_K48_LINKED_UBIQUITINATION,Protein k48 linked ubiquitination,7,97,998,0.007,0.0066,1.07,0.4835549291615996,0.9999998599426523,"ANAPC16, KBTBD6, SKP2, CUL3, KBTBD7, ITCH, UBE2D4",False
C5_all,GO_BP,GOBP_CHLORIDE_TRANSPORT,Chloride transport,7,97,998,0.007,0.0066,1.07,0.4835549291615996,0.9999998599426523,"SLC6A1, MFSD8, SLC1A1, SLC4A10, SLC26A5, CLCN4, CLCN5",False
C5_all,GO_BP,GOBP_DIGESTION,Digestion,7,97,998,0.007,0.0066,1.07,0.4835549291615996,0.9999998599426523,"LPCAT3, WNK3, AKR1D1, SLC46A1, NR1H3, PBLD, MOGAT2",False
C5_all,GO_BP,GOBP_TYROSINE_PHOSPHORYLATION_OF_STAT_PROTEIN,Tyrosine phosphorylation of stat protein,4,53,998,0.004,0.0036,1.119,0.48402004819682193,0.9999998599426523,"CNOT7, GHR, IL6R, PIBF1",False
C5_all,GO_BP,GOBP_NEGATIVE_REGULATION_OF_LYMPHOCYTE_MEDIATED_IMMUNITY,Negative regulation of lymphocyte mediated immunity,4,53,998,0.004,0.0036,1.119,0.48402004819682193,0.9999998599426523,"ARG1, NDFIP1, CLEC4G, C4BPB",False
C5_all,GO_BP,GOBP_NEGATIVE_REGULATION_OF_CANONICAL_NF_KAPPAB_SIGNAL_TRANSDUCTION,Negative regulation of canonical nf kappab signal transduction,4,53,998,0.004,0.0036,1.119,0.48402004819682193,0.9999998599426523,"SLC39A8, RORA, ESR1, PPM1B",False
C5_all,GO_BP,GOBP_ZYMOGEN_ACTIVATION,Zymogen activation,4,53,998,0.004,0.0036,1.119,0.48402004819682193,0.9999998599426523,"F9, KLKB1, F11, CPB2",False
C5_all,GO_BP,GOBP_POLYOL_BIOSYNTHETIC_PROCESS,Polyol biosynthetic process,4,53,998,0.004,0.0036,1.119,0.48402004819682193,0.9999998599426523,"CYP27A1, IMPA1, QDPR, PCK2",False
C5_all,GO_BP,GOBP_HEMOSTASIS,Hemostasis,15,215,998,0.015,0.0145,1.034,0.48499440322004816,0.9999998599426523,"TFPI, PLG, CPB2, TEC, SERPINA10, F13B, HTR2A, F11, LMAN1, CYP4F11, C4BPB, F9, KLKB1, TUBB1, GGCX",False
C5_all,GO_BP,GOBP_GLIAL_CELL_DIFFERENTIATION,Glial cell differentiation,15,215,998,0.015,0.0145,1.034,0.48499440322004816,0.9999998599426523,"CDH2, SOD1, MIOS, RELN, NFIA, DAB1, DRD1, ERBB3, BNIP3, EGFR, ADGRG6, PALS1, KLF15, ASPA, PHGDH",False
C5_all,GO_BP,GOBP_DOPAMINERGIC_NEURON_DIFFERENTIATION,Dopaminergic neuron differentiation,2,24,998,0.002,0.0016,1.235,0.4882761592500055,0.9999998599426523,"LRP6, CDNF",False
C5_all,GO_BP,GOBP_GLYCOSAMINOGLYCAN_CATABOLIC_PROCESS,Glycosaminoglycan catabolic process,2,24,998,0.002,0.0016,1.235,0.4882761592500055,0.9999998599426523,"STAB2, LYVE1",False
C5_all,GO_BP,GOBP_REGULATION_OF_RELEASE_OF_SEQUESTERED_CALCIUM_ION_INTO_CYTOSOL_BY_SARCOPLASMIC_RETICULUM,Regulation of release of sequestered calcium ion into cytosol by sarcoplasmic reticulum,2,24,998,0.002,0.0016,1.235,0.4882761592500055,0.9999998599426523,"TMEM38B, AKAP6",False
C5_all,GO_BP,GOBP_NEGATIVE_REGULATION_OF_LIPID_TRANSPORT,Negative regulation of lipid transport,2,24,998,0.002,0.0016,1.235,0.4882761592500055,0.9999998599426523,"NR1H3, CRY2",False
C5_all,GO_BP,GOBP_HISTONE_MRNA_METABOLIC_PROCESS,Histone mrna metabolic process,2,24,998,0.002,0.0016,1.235,0.4882761592500055,0.9999998599426523,"TUT7, TENT4B",False
C5_all,GO_BP,GOBP_REGULATION_OF_RAC_PROTEIN_SIGNAL_TRANSDUCTION,Regulation of rac protein signal transduction,2,24,998,0.002,0.0016,1.235,0.4882761592500055,0.9999998599426523,"KBTBD7, KBTBD6",False
C5_all,GO_BP,GOBP_ESTABLISHMENT_OF_MITOCHONDRION_LOCALIZATION_MICROTUBULE_MEDIATED,Establishment of mitochondrion localization microtubule mediated,2,24,998,0.002,0.0016,1.235,0.4882761592500055,0.9999998599426523,"RHOT1, HAP1",False
C5_all,GO_BP,GOBP_NEGATIVE_REGULATION_OF_SIGNALING_RECEPTOR_ACTIVITY,Negative regulation of signaling receptor activity,2,24,998,0.002,0.0016,1.235,0.4882761592500055,0.9999998599426523,"ERRFI1, PPARA",False
C5_all,GO_BP,GOBP_NEGATIVE_REGULATION_OF_NEURAL_PRECURSOR_CELL_PROLIFERATION,Negative regulation of neural precursor cell proliferation,2,24,998,0.002,0.0016,1.235,0.4882761592500055,0.9999998599426523,"PROX1, SLC16A2",False
C5_all,GO_BP,GOBP_VITAMIN_BIOSYNTHETIC_PROCESS,Vitamin biosynthetic process,2,24,998,0.002,0.0016,1.235,0.4882761592500055,0.9999998599426523,"CYP27A1, RGN",False
C5_all,GO_BP,GOBP_ANAPHASE_PROMOTING_COMPLEX_DEPENDENT_CATABOLIC_PROCESS,Anaphase promoting complex dependent catabolic process,2,24,998,0.002,0.0016,1.235,0.4882761592500055,0.9999998599426523,"ANAPC16, CUL3",False
C5_all,GO_BP,GOBP_PROTEIN_LOCALIZATION_TO_ENDOSOME,Protein localization to endosome,2,24,998,0.002,0.0016,1.235,0.4882761592500055,0.9999998599426523,"SORL1, ABHD17B",False
C5_all,GO_BP,GOBP_AXIS_ELONGATION,Axis elongation,2,24,998,0.002,0.0016,1.235,0.4882761592500055,0.9999998599426523,"ESR1, RDH10",False
C5_all,GO_BP,GOBP_THYROID_GLAND_DEVELOPMENT,Thyroid gland development,2,24,998,0.002,0.0016,1.235,0.4882761592500055,0.9999998599426523,"TUBB1, HIPK2",False
C5_all,GO_BP,GOBP_VESICLE_TARGETING_ROUGH_ER_TO_CIS_GOLGI,Vesicle targeting rough er to cis golgi,2,24,998,0.002,0.0016,1.235,0.4882761592500055,0.9999998599426523,"SAR1B, CUL3",False
C5_all,GO_BP,GOBP_POSITIVE_REGULATION_OF_LEUKOCYTE_APOPTOTIC_PROCESS,Positive regulation of leukocyte apoptotic process,2,24,998,0.002,0.0016,1.235,0.4882761592500055,0.9999998599426523,"FNIP1, RAPGEF2",False
C5_all,GO_BP,GOBP_MICROTUBULE_ANCHORING,Microtubule anchoring,2,24,998,0.002,0.0016,1.235,0.4882761592500055,0.9999998599426523,"CEP43, PEX14",False
C5_all,GO_BP,GOBP_REGULATION_OF_MACROPHAGE_CHEMOTAXIS,Regulation of macrophage chemotaxis,2,24,998,0.002,0.0016,1.235,0.4882761592500055,0.9999998599426523,"DDT, C5",False
C5_all,GO_BP,GOBP_REGULATION_OF_COAGULATION,Regulation of coagulation,5,68,998,0.005,0.0046,1.09,0.4884549811471973,0.9999998599426523,"TFPI, CPB2, F11, KLKB1, PLG",False
C5_all,GO_BP,GOBP_CARDIOCYTE_DIFFERENTIATION,Cardiocyte differentiation,9,127,998,0.009,0.0086,1.05,0.4891549096176594,0.9999998599426523,"ADRA1A, ACADM, PPARA, TOMM70, PROX1, TBX3, EGFR, CITED2, AKAP6",False
C5_all,GO_BP,GOBP_REGULATION_OF_NEUROTRANSMITTER_TRANSPORT,Regulation of neurotransmitter transport,6,83,998,0.006,0.0056,1.072,0.4918063243121901,0.9999998599426523,"SLC30A1, DRD1, FMR1, GPR158, SYT1, PFN2",False
C5_all,GO_BP,GOBP_TOR_SIGNALING,Tor signaling,11,157,998,0.011,0.0106,1.039,0.4933984151019331,0.9999998599426523,"EPM2A, SAR1B, MFSD8, MIOS, RELN, RPS6KB1, FNIP1, FNIP2, MTM1, CUL3, EIF4EBP2",False
C5_all,GO_BP,GOBP_ENDOCRINE_SYSTEM_DEVELOPMENT,Endocrine system development,7,98,998,0.007,0.0066,1.059,0.49450413632816764,0.9999998599426523,"CDH2, IL6R, SRD5A1, ALDH1A2, HIPK2, CITED2, TUBB1",False
C5_all,GO_BP,GOBP_BLASTOCYST_FORMATION,Blastocyst formation,3,39,998,0.003,0.0026,1.14,0.49498910361386117,0.9999998599426523,"CITED2, CUL3, RTN4",False
C5_all,GO_BP,GOBP_ANTERIOR_POSTERIOR_AXIS_SPECIFICATION,Anterior posterior axis specification,3,39,998,0.003,0.0026,1.14,0.49498910361386117,0.9999998599426523,"TBX3, EPB41L5, PLD6",False
C5_all,GO_BP,GOBP_INTERSTRAND_CROSS_LINK_REPAIR,Interstrand cross link repair,3,39,998,0.003,0.0026,1.14,0.49498910361386117,0.9999998599426523,"FAN1, NUCKS1, DCLRE1A",False
C5_all,GO_BP,GOBP_PHOTORECEPTOR_CELL_MAINTENANCE,Photoreceptor cell maintenance,3,39,998,0.003,0.0026,1.14,0.49498910361386117,0.9999998599426523,"CDH23, USH2A, ADGRV1",False
C5_all,GO_BP,GOBP_REGULATION_OF_MICROTUBULE_BASED_MOVEMENT,Regulation of microtubule based movement,3,39,998,0.003,0.0026,1.14,0.49498910361386117,0.9999998599426523,"HAP1, RGN, TPPP2",False
C5_all,GO_BP,GOBP_REGULATION_OF_NEURON_MIGRATION,Regulation of neuron migration,3,39,998,0.003,0.0026,1.14,0.49498910361386117,0.9999998599426523,"DRD1, RAPGEF2, RELN",False
C5_all,GO_BP,GOBP_OVULATION_CYCLE_PROCESS,Ovulation cycle process,3,39,998,0.003,0.0026,1.14,0.49498910361386117,0.9999998599426523,"SCAPER, ESR1, NRIP1",False
C5_all,GO_BP,GOBP_POSITIVE_REGULATION_OF_ORGAN_GROWTH,Positive regulation of organ growth,3,39,998,0.003,0.0026,1.14,0.49498910361386117,0.9999998599426523,"PROX1, ACACB, AKAP6",False
C5_all,GO_BP,GOBP_REGULATION_OF_POTASSIUM_ION_TRANSMEMBRANE_TRANSPORTER_ACTIVITY,Regulation of potassium ion transmembrane transporter activity,3,39,998,0.003,0.0026,1.14,0.49498910361386117,0.9999998599426523,"NEDD4, LRRC55, AKAP6",False
C5_all,GO_BP,GOBP_GLIAL_CELL_MIGRATION,Glial cell migration,4,54,998,0.004,0.0037,1.098,0.4988142938249924,0.9999998599426523,"RTN4, CERS2, RELN, DAB1",False
C5_all,GO_BP,GOBP_REGULATION_OF_MORPHOGENESIS_OF_AN_EPITHELIUM,Regulation of morphogenesis of an epithelium,4,54,998,0.004,0.0037,1.098,0.4988142938249924,0.9999998599426523,"LGR4, NTN4, ESR1, AR",False
C5_all,GO_BP,GOBP_REGULATION_OF_MEMBRANE_LIPID_DISTRIBUTION,Regulation of membrane lipid distribution,4,54,998,0.004,0.0037,1.098,0.4988142938249924,0.9999998599426523,"TRPC5, ABCA1, ATP11C, XKR4",False
C5_all,GO_BP,GOBP_SYNCYTIUM_FORMATION,Syncytium formation,4,54,998,0.004,0.0037,1.098,0.4988142938249924,0.9999998599426523,"CACNA1H, KCNH1, SH3PXD2A, CDON",False
C5_all,GO_BP,GOBP_NON_MOTILE_CILIUM_ASSEMBLY,Non motile cilium assembly,4,54,998,0.004,0.0037,1.098,0.4988142938249924,0.9999998599426523,"PIBF1, CLCN4, HAP1, TMEM17",False
C5_all,GO_BP,GOBP_REGULATION_OF_VACUOLE_ORGANIZATION,Regulation of vacuole organization,4,54,998,0.004,0.0037,1.098,0.4988142938249924,0.9999998599426523,"FNIP1, NUPR1, TBC1D14, MTM1",False
C5_all,GO_BP,GOBP_POSITIVE_REGULATION_OF_PROTEIN_TRANSPORT,Positive regulation of protein transport,15,217,998,0.015,0.0147,1.025,0.4997329713643092,0.9999998599426523,"GPLD1, SAR1B, EDEM1, EXPH5, SORL1, RAPGEF4, PIK3R1, EGFR, CNST, ZFAND1, PCK2, VSNL1, SLC2A2, GLUD1, ABAT",False
C5_all,GO_BP,GOBP_REGULATION_OF_NEUROTRANSMITTER_SECRETION,Regulation of neurotransmitter secretion,5,69,998,0.005,0.0047,1.074,0.501511759140487,0.9999998599426523,"SLC30A1, FMR1, GPR158, SYT1, PFN2",False
C5_all,GO_BP,GOBP_POSITIVE_REGULATION_OF_PROTEIN_LOCALIZATION_TO_CELL_PERIPHERY,Positive regulation of protein localization to cell periphery,5,69,998,0.005,0.0047,1.074,0.501511759140487,0.9999998599426523,"WNK3, GNAI1, PIK3R1, EGFR, CNST",False
C5_all,GO_BP,GOBP_ENDOCRINE_PROCESS,Endocrine process,5,69,998,0.005,0.0047,1.074,0.501511759140487,0.9999998599426523,"TBX3, ENPEP, CRY2, REN, AVPR1A",False
C5_all,GO_BP,GOBP_POSITIVE_REGULATION_OF_TRANSPORTER_ACTIVITY,Positive regulation of transporter activity,5,69,998,0.005,0.0047,1.074,0.501511759140487,0.9999998599426523,"LRRC55, WNK3, NR1H3, HAP1, AKAP6",False
C5_all,GO_BP,GOBP_PHOSPHATIDYLETHANOLAMINE_ACYL_CHAIN_REMODELING,Phosphatidylethanolamine acyl chain remodeling,1,10,998,0.001,0.0007,1.482,0.5027439129491739,0.9999998599426523,LPCAT3,False
C5_all,GO_BP,GOBP_PURINE_NUCLEOTIDE_SALVAGE,Purine nucleotide salvage,1,10,998,0.001,0.0007,1.482,0.5027439129491739,0.9999998599426523,ADK,False
C5_all,GO_BP,GOBP_PARTURITION,Parturition,1,10,998,0.001,0.0007,1.482,0.5027439129491739,0.9999998599426523,RXFP1,False
C5_all,GO_BP,GOBP_PURINE_NUCLEOSIDE_MONOPHOSPHATE_CATABOLIC_PROCESS,Purine nucleoside monophosphate catabolic process,1,10,998,0.001,0.0007,1.482,0.5027439129491739,0.9999998599426523,XDH,False
C5_all,GO_BP,GOBP_PYRAMIDAL_NEURON_DEVELOPMENT,Pyramidal neuron development,1,10,998,0.001,0.0007,1.482,0.5027439129491739,0.9999998599426523,SLC4A10,False
C5_all,GO_BP,GOBP_REGULATION_OF_TOLL_LIKE_RECEPTOR_9_SIGNALING_PATHWAY,Regulation of toll like receptor 9 signaling pathway,1,10,998,0.001,0.0007,1.482,0.5027439129491739,0.9999998599426523,RTN4,False
C5_all,GO_BP,GOBP_POSITIVE_REGULATION_OF_CREB_TRANSCRIPTION_FACTOR_ACTIVITY,Positive regulation of creb transcription factor activity,1,10,998,0.001,0.0007,1.482,0.5027439129491739,0.9999998599426523,ADCY1,False
C5_all,GO_BP,GOBP_POSITIVE_REGULATION_OF_MEMBRANE_POTENTIAL,Positive regulation of membrane potential,1,10,998,0.001,0.0007,1.482,0.5027439129491739,0.9999998599426523,SLC34A1,False
C5_all,GO_BP,GOBP_TRANSFERRIN_TRANSPORT,Transferrin transport,1,10,998,0.001,0.0007,1.482,0.5027439129491739,0.9999998599426523,TFR2,False
C5_all,GO_BP,GOBP_VASCULAR_ASSOCIATED_SMOOTH_MUSCLE_CELL_APOPTOTIC_PROCESS,Vascular associated smooth muscle cell apoptotic process,1,10,998,0.001,0.0007,1.482,0.5027439129491739,0.9999998599426523,ADCY10,False
C5_all,GO_BP,GOBP_KERATINOCYTE_DEVELOPMENT,Keratinocyte development,1,10,998,0.001,0.0007,1.482,0.5027439129491739,0.9999998599426523,EXPH5,False
C5_all,GO_BP,GOBP_REGULATION_OF_ORGANELLE_TRANSPORT_ALONG_MICROTUBULE,Regulation of organelle transport along microtubule,1,10,998,0.001,0.0007,1.482,0.5027439129491739,0.9999998599426523,HAP1,False
C5_all,GO_BP,GOBP_NEGATIVE_REGULATION_OF_HUMORAL_IMMUNE_RESPONSE_MEDIATED_BY_CIRCULATING_IMMUNOGLOBULIN,Negative regulation of humoral immune response mediated by circulating immunoglobulin,1,10,998,0.001,0.0007,1.482,0.5027439129491739,0.9999998599426523,C4BPB,False
C5_all,GO_BP,GOBP_GALACTOSE_METABOLIC_PROCESS,Galactose metabolic process,1,10,998,0.001,0.0007,1.482,0.5027439129491739,0.9999998599426523,PGM1,False
C5_all,GO_BP,GOBP_PROTEIN_RNA_COMPLEX_DISASSEMBLY,Protein rna complex disassembly,1,10,998,0.001,0.0007,1.482,0.5027439129491739,0.9999998599426523,ZFAND1,False
C5_all,GO_BP,GOBP_NEGATIVE_REGULATION_OF_CARDIOCYTE_DIFFERENTIATION,Negative regulation of cardiocyte differentiation,1,10,998,0.001,0.0007,1.482,0.5027439129491739,0.9999998599426523,EGFR,False
C5_all,GO_BP,GOBP_ADULT_HEART_DEVELOPMENT,Adult heart development,1,10,998,0.001,0.0007,1.482,0.5027439129491739,0.9999998599426523,ADRA1A,False
C5_all,GO_BP,GOBP_RESPONSE_TO_WATER,Response to water,1,10,998,0.001,0.0007,1.482,0.5027439129491739,0.9999998599426523,AVPR1A,False
C5_all,GO_BP,GOBP_VITAMIN_D_BIOSYNTHETIC_PROCESS,Vitamin d biosynthetic process,1,10,998,0.001,0.0007,1.482,0.5027439129491739,0.9999998599426523,CYP27A1,False
C5_all,GO_BP,GOBP_ACETYL_COA_BIOSYNTHETIC_PROCESS_FROM_PYRUVATE,Acetyl coa biosynthetic process from pyruvate,1,10,998,0.001,0.0007,1.482,0.5027439129491739,0.9999998599426523,PDK4,False
C5_all,GO_BP,GOBP_POSITIVE_REGULATION_OF_ADIPOSE_TISSUE_DEVELOPMENT,Positive regulation of adipose tissue development,1,10,998,0.001,0.0007,1.482,0.5027439129491739,0.9999998599426523,SORL1,False
C5_all,GO_BP,GOBP_ADHESION_OF_SYMBIONT_TO_HOST_CELL,Adhesion of symbiont to host cell,1,10,998,0.001,0.0007,1.482,0.5027439129491739,0.9999998599426523,CLEC4M,False
C5_all,GO_BP,GOBP_CHORION_DEVELOPMENT,Chorion development,1,10,998,0.001,0.0007,1.482,0.5027439129491739,0.9999998599426523,DNMT3L,False
C5_all,GO_BP,GOBP_REGULATION_OF_INTESTINAL_LIPID_ABSORPTION,Regulation of intestinal lipid absorption,1,10,998,0.001,0.0007,1.482,0.5027439129491739,0.9999998599426523,LPCAT3,False
C5_all,GO_BP,GOBP_ACTOMYOSIN_CONTRACTILE_RING_ORGANIZATION,Actomyosin contractile ring organization,1,10,998,0.001,0.0007,1.482,0.5027439129491739,0.9999998599426523,IQGAP2,False
C5_all,GO_BP,GOBP_EPITHELIAL_CELL_DIFFERENTIATION_INVOLVED_IN_PROSTATE_GLAND_DEVELOPMENT,Epithelial cell differentiation involved in prostate gland development,1,10,998,0.001,0.0007,1.482,0.5027439129491739,0.9999998599426523,AR,False
C5_all,GO_BP,GOBP_REGULATION_OF_LYMPHOID_PROGENITOR_CELL_DIFFERENTIATION,Regulation of lymphoid progenitor cell differentiation,1,10,998,0.001,0.0007,1.482,0.5027439129491739,0.9999998599426523,FNIP1,False
C5_all,GO_BP,GOBP_POSITIVE_REGULATION_OF_CATECHOLAMINE_SECRETION,Positive regulation of catecholamine secretion,1,10,998,0.001,0.0007,1.482,0.5027439129491739,0.9999998599426523,SYT1,False
C5_all,GO_BP,GOBP_CELLULAR_RESPONSE_TO_EPINEPHRINE_STIMULUS,Cellular response to epinephrine stimulus,1,10,998,0.001,0.0007,1.482,0.5027439129491739,0.9999998599426523,SRD5A1,False
C5_all,GO_BP,GOBP_CELLULAR_RESPONSE_TO_CAFFEINE,Cellular response to caffeine,1,10,998,0.001,0.0007,1.482,0.5027439129491739,0.9999998599426523,TMEM38B,False
C5_all,GO_BP,GOBP_REGULATION_OF_RESTING_MEMBRANE_POTENTIAL,Regulation of resting membrane potential,1,10,998,0.001,0.0007,1.482,0.5027439129491739,0.9999998599426523,KCNK3,False
C5_all,GO_BP,GOBP_PRO_B_CELL_DIFFERENTIATION,Pro b cell differentiation,1,10,998,0.001,0.0007,1.482,0.5027439129491739,0.9999998599426523,FNIP1,False
C5_all,GO_BP,GOBP_HEPARIN_BIOSYNTHETIC_PROCESS,Heparin biosynthetic process,1,10,998,0.001,0.0007,1.482,0.5027439129491739,0.9999998599426523,NDST1,False
C5_all,GO_BP,GOBP_NEGATIVE_REGULATION_OF_CELL_CELL_ADHESION_MEDIATED_BY_CADHERIN,Negative regulation of cell cell adhesion mediated by cadherin,1,10,998,0.001,0.0007,1.482,0.5027439129491739,0.9999998599426523,PLG,False
C5_all,GO_BP,GOBP_RESPIRATORY_CHAIN_COMPLEX_III_ASSEMBLY,Respiratory chain complex iii assembly,1,10,998,0.001,0.0007,1.482,0.5027439129491739,0.9999998599426523,LYRM7,False
C5_all,GO_BP,GOBP_POSITIVE_REGULATION_OF_MEGAKARYOCYTE_DIFFERENTIATION,Positive regulation of megakaryocyte differentiation,1,10,998,0.001,0.0007,1.482,0.5027439129491739,0.9999998599426523,FAXDC2,False
C5_all,GO_BP,GOBP_POSITIVE_REGULATION_OF_MEMBRANE_DEPOLARIZATION,Positive regulation of membrane depolarization,1,10,998,0.001,0.0007,1.482,0.5027439129491739,0.9999998599426523,ADCY10,False
C5_all,GO_BP,GOBP_REGULATION_OF_LYSOSOME_ORGANIZATION,Regulation of lysosome organization,1,10,998,0.001,0.0007,1.482,0.5027439129491739,0.9999998599426523,FNIP1,False
C5_all,GO_BP,GOBP_REGULATION_OF_LONG_TERM_SYNAPTIC_DEPRESSION,Regulation of long term synaptic depression,1,10,998,0.001,0.0007,1.482,0.5027439129491739,0.9999998599426523,FMR1,False
C5_all,GO_BP,GOBP_EPITHELIAL_CELL_FATE_COMMITMENT,Epithelial cell fate commitment,1,10,998,0.001,0.0007,1.482,0.5027439129491739,0.9999998599426523,PROX1,False
C5_all,GO_BP,GOBP_REGULATION_OF_CYSTEINE_TYPE_ENDOPEPTIDASE_ACTIVITY_INVOLVED_IN_APOPTOTIC_SIGNALING_PATHWAY,Regulation of cysteine type endopeptidase activity involved in apoptotic signaling pathway,1,10,998,0.001,0.0007,1.482,0.5027439129491739,0.9999998599426523,CAAP1,False
C5_all,GO_BP,GOBP_MINERALOCORTICOID_BIOSYNTHETIC_PROCESS,Mineralocorticoid biosynthetic process,1,10,998,0.001,0.0007,1.482,0.5027439129491739,0.9999998599426523,CACNA1H,False
C5_all,GO_BP,GOBP_NEGATIVE_REGULATION_OF_CYTOSOLIC_CALCIUM_ION_CONCENTRATION,Negative regulation of cytosolic calcium ion concentration,1,10,998,0.001,0.0007,1.482,0.5027439129491739,0.9999998599426523,KCNK3,False
C5_all,GO_BP,GOBP_PURINE_NUCLEOBASE_BIOSYNTHETIC_PROCESS,Purine nucleobase biosynthetic process,1,10,998,0.001,0.0007,1.482,0.5027439129491739,0.9999998599426523,SHMT1,False
C5_all,GO_BP,GOBP_PROTEIN_LOCALIZATION_TO_CELL_CORTEX,Protein localization to cell cortex,1,10,998,0.001,0.0007,1.482,0.5027439129491739,0.9999998599426523,GNAI1,False
C5_all,GO_BP,GOBP_MESENCHYMAL_STEM_CELL_DIFFERENTIATION,Mesenchymal stem cell differentiation,1,10,998,0.001,0.0007,1.482,0.5027439129491739,0.9999998599426523,SOX5,False
C5_all,GO_BP,GOBP_RESPONSE_TO_NITROSATIVE_STRESS,Response to nitrosative stress,1,10,998,0.001,0.0007,1.482,0.5027439129491739,0.9999998599426523,GCLC,False
C5_all,GO_BP,GOBP_POSITIVE_REGULATION_OF_DIGESTIVE_SYSTEM_PROCESS,Positive regulation of digestive system process,1,10,998,0.001,0.0007,1.482,0.5027439129491739,0.9999998599426523,LPCAT3,False
C5_all,GO_BP,GOBP_POSITIVE_REGULATION_OF_EXTRINSIC_APOPTOTIC_SIGNALING_PATHWAY_VIA_DEATH_DOMAIN_RECEPTORS,Positive regulation of extrinsic apoptotic signaling pathway via death domain receptors,1,10,998,0.001,0.0007,1.482,0.5027439129491739,0.9999998599426523,STK3,False
C5_all,GO_BP,GOBP_GENITALIA_MORPHOGENESIS,Genitalia morphogenesis,1,10,998,0.001,0.0007,1.482,0.5027439129491739,0.9999998599426523,AR,False
C5_all,GO_BP,GOBP_NEGATIVE_REGULATION_OF_NEUROBLAST_PROLIFERATION,Negative regulation of neuroblast proliferation,1,10,998,0.001,0.0007,1.482,0.5027439129491739,0.9999998599426523,PROX1,False
C5_all,GO_BP,GOBP_RIBONUCLEOSIDE_DIPHOSPHATE_BIOSYNTHETIC_PROCESS,Ribonucleoside diphosphate biosynthetic process,1,10,998,0.001,0.0007,1.482,0.5027439129491739,0.9999998599426523,DHODH,False
C5_all,GO_BP,GOBP_REGULATION_OF_T_HELPER_1_CELL_DIFFERENTIATION,Regulation of t helper 1 cell differentiation,1,10,998,0.001,0.0007,1.482,0.5027439129491739,0.9999998599426523,IL27,False
C5_all,GO_BP,GOBP_GLOMERULAR_MESANGIAL_CELL_PROLIFERATION,Glomerular mesangial cell proliferation,1,10,998,0.001,0.0007,1.482,0.5027439129491739,0.9999998599426523,IL6R,False
C5_all,GO_BP,GOBP_REGULATION_OF_ER_TO_GOLGI_VESICLE_MEDIATED_TRANSPORT,Regulation of er to golgi vesicle mediated transport,1,10,998,0.001,0.0007,1.482,0.5027439129491739,0.9999998599426523,SORL1,False
C5_all,GO_BP,GOBP_MITOCHONDRIAL_PROTEIN_CATABOLIC_PROCESS,Mitochondrial protein catabolic process,1,10,998,0.001,0.0007,1.482,0.5027439129491739,0.9999998599426523,BNIP3,False
C5_all,GO_BP,GOBP_T_HELPER_2_CELL_CYTOKINE_PRODUCTION,T helper 2 cell cytokine production,1,10,998,0.001,0.0007,1.482,0.5027439129491739,0.9999998599426523,ARG1,False
C5_all,GO_BP,GOBP_SELF_PROTEOLYSIS,Self proteolysis,1,10,998,0.001,0.0007,1.482,0.5027439129491739,0.9999998599426523,ADGRV1,False
C5_all,GO_BP,GOBP_RETINAL_CONE_CELL_DEVELOPMENT,Retinal cone cell development,1,10,998,0.001,0.0007,1.482,0.5027439129491739,0.9999998599426523,THRB,False
C5_all,GO_BP,GOBP_LOCOMOTION_INVOLVED_IN_LOCOMOTORY_BEHAVIOR,Locomotion involved in locomotory behavior,1,10,998,0.001,0.0007,1.482,0.5027439129491739,0.9999998599426523,ARRDC3,False
C5_all,GO_BP,GOBP_REGULATION_OF_PROTEIN_DEUBIQUITINATION,Regulation of protein deubiquitination,1,10,998,0.001,0.0007,1.482,0.5027439129491739,0.9999998599426523,ITCH,False
C5_all,GO_BP,GOBP_REGULATION_OF_VITAMIN_D_RECEPTOR_SIGNALING_PATHWAY,Regulation of vitamin d receptor signaling pathway,1,10,998,0.001,0.0007,1.482,0.5027439129491739,0.9999998599426523,TRIM24,False
C5_all,GO_BP,GOBP_REGULATION_OF_DNA_CATABOLIC_PROCESS,Regulation of dna catabolic process,1,10,998,0.001,0.0007,1.482,0.5027439129491739,0.9999998599426523,RGN,False
C5_all,GO_BP,GOBP_CEREBELLAR_GRANULAR_LAYER_DEVELOPMENT,Cerebellar granular layer development,1,10,998,0.001,0.0007,1.482,0.5027439129491739,0.9999998599426523,PROX1,False
C5_all,GO_BP,GOBP_DORSAL_SPINAL_CORD_DEVELOPMENT,Dorsal spinal cord development,1,10,998,0.001,0.0007,1.482,0.5027439129491739,0.9999998599426523,PROX1,False
C5_all,GO_BP,GOBP_PIGMENT_ACCUMULATION,Pigment accumulation,1,10,998,0.001,0.0007,1.482,0.5027439129491739,0.9999998599426523,SHROOM2,False
C5_all,GO_BP,GOBP_NEGATIVE_REGULATION_OF_MAST_CELL_ACTIVATION,Negative regulation of mast cell activation,1,10,998,0.001,0.0007,1.482,0.5027439129491739,0.9999998599426523,ENPP3,False
C5_all,GO_BP,GOBP_RESPONSE_TO_PARATHYROID_HORMONE,Response to parathyroid hormone,1,10,998,0.001,0.0007,1.482,0.5027439129491739,0.9999998599426523,SLC34A1,False
C5_all,GO_BP,GOBP_NEGATIVE_REGULATION_OF_MOTOR_NEURON_APOPTOTIC_PROCESS,Negative regulation of motor neuron apoptotic process,1,10,998,0.001,0.0007,1.482,0.5027439129491739,0.9999998599426523,ERBB3,False
C5_all,GO_BP,GOBP_SPERM_DNA_CONDENSATION,Sperm dna condensation,1,10,998,0.001,0.0007,1.482,0.5027439129491739,0.9999998599426523,SYCP1,False
C5_all,GO_BP,GOBP_NUCLEOTIDE_SUGAR_TRANSMEMBRANE_TRANSPORT,Nucleotide sugar transmembrane transport,1,10,998,0.001,0.0007,1.482,0.5027439129491739,0.9999998599426523,SLC35D1,False
C5_all,GO_BP,GOBP_CO_TRANSCRIPTIONAL_RNA_3_END_PROCESSING_CLEAVAGE_AND_POLYADENYLATION_PATHWAY,Co transcriptional rna 3 end processing cleavage and polyadenylation pathway,1,10,998,0.001,0.0007,1.482,0.5027439129491739,0.9999998599426523,PAPOLA,False
C5_all,GO_BP,GOBP_MODIFICATION_OF_POSTSYNAPTIC_ACTIN_CYTOSKELETON,Modification of postsynaptic actin cytoskeleton,1,10,998,0.001,0.0007,1.482,0.5027439129491739,0.9999998599426523,PFN2,False
C5_all,GO_BP,GOBP_FAT_SOLUBLE_VITAMIN_CATABOLIC_PROCESS,Fat soluble vitamin catabolic process,1,10,998,0.001,0.0007,1.482,0.5027439129491739,0.9999998599426523,CYP4F11,False
C5_all,GO_BP,GOBP_PHOSPHATIDYLETHANOLAMINE_BIOSYNTHETIC_PROCESS,Phosphatidylethanolamine biosynthetic process,1,10,998,0.001,0.0007,1.482,0.5027439129491739,0.9999998599426523,ETNK2,False
C5_all,GO_BP,GOBP_CORTISOL_METABOLIC_PROCESS,Cortisol metabolic process,1,10,998,0.001,0.0007,1.482,0.5027439129491739,0.9999998599426523,CACNA1H,False
C5_all,GO_BP,GOBP_POSITIVE_REGULATION_OF_REACTIVE_OXYGEN_SPECIES_BIOSYNTHETIC_PROCESS,Positive regulation of reactive oxygen species biosynthetic process,1,10,998,0.001,0.0007,1.482,0.5027439129491739,0.9999998599426523,ADCY10,False
C5_all,GO_BP,GOBP_POSTSYNAPTIC_MEMBRANE_ASSEMBLY,Postsynaptic membrane assembly,1,10,998,0.001,0.0007,1.482,0.5027439129491739,0.9999998599426523,CDH2,False
C5_all,GO_BP,GOBP_PROTEIN_CONTAINING_COMPLEX_LOCALIZATION,Protein containing complex localization,12,173,998,0.012,0.0117,1.028,0.5034271939180331,0.9999998599426523,"FXR1, MIOS, RELN, SLC1A1, NUP88, GPHN, MDN1, CCDC38, NUMB, DLG2, IFT46, NMD3",False
C5_all,GO_BP,GOBP_REGULATION_OF_POSTSYNAPTIC_MEMBRANE_POTENTIAL,Regulation of postsynaptic membrane potential,8,114,998,0.008,0.0077,1.04,0.5068998448428012,0.9999998599426523,"RELN, GRIN3A, P2RX3, GRM1, CHRNA2, CHRNA4, CUX2, ABAT",False
C5_all,GO_BP,GOBP_LIPOPROTEIN_METABOLIC_PROCESS,Lipoprotein metabolic process,9,129,998,0.009,0.0087,1.034,0.5082480512327463,0.9999998599426523,"MTTP, ABCA1, PPARA, LIPG, PPM1B, APOA5, ABHD17B, DBI, LCAT",False
C5_all,GO_BP,GOBP_ETHER_METABOLIC_PROCESS,Ether metabolic process,2,25,998,0.002,0.0017,1.186,0.5102073821232699,0.9999998599426523,"AGMO, EPHX2",False
C5_all,GO_BP,GOBP_REGULATION_OF_T_CELL_DIFFERENTIATION_IN_THYMUS,Regulation of t cell differentiation in thymus,2,25,998,0.002,0.0017,1.186,0.5102073821232699,0.9999998599426523,"SOD1, CLEC4G",False
C5_all,GO_BP,GOBP_REGULATION_OF_CILIUM_MOVEMENT,Regulation of cilium movement,2,25,998,0.002,0.0017,1.186,0.5102073821232699,0.9999998599426523,"RGN, TPPP2",False
C5_all,GO_BP,GOBP_EXPLORATION_BEHAVIOR,Exploration behavior,2,25,998,0.002,0.0017,1.186,0.5102073821232699,0.9999998599426523,"SLC4A10, ABAT",False
C5_all,GO_BP,GOBP_METALLO_SULFUR_CLUSTER_ASSEMBLY,Metallo sulfur cluster assembly,2,25,998,0.002,0.0017,1.186,0.5102073821232699,0.9999998599426523,"NFS1, XDH",False
C5_all,GO_BP,GOBP_TYPE_II_INTERFERON_MEDIATED_SIGNALING_PATHWAY,Type ii interferon mediated signaling pathway,2,25,998,0.002,0.0017,1.186,0.5102073821232699,0.9999998599426523,"NR1H3, ARG1",False
C5_all,GO_BP,GOBP_RESPONSE_TO_DIETARY_EXCESS,Response to dietary excess,2,25,998,0.002,0.0017,1.186,0.5102073821232699,0.9999998599426523,"SORL1, ACVR1C",False
C5_all,GO_BP,GOBP_MODIFICATION_OF_SYNAPTIC_STRUCTURE,Modification of synaptic structure,2,25,998,0.002,0.0017,1.186,0.5102073821232699,0.9999998599426523,"DRD1, PFN2",False
C5_all,GO_BP,GOBP_DEVELOPMENTAL_INDUCTION,Developmental induction,2,25,998,0.002,0.0017,1.186,0.5102073821232699,0.9999998599426523,"AR, HIPK2",False
C5_all,GO_BP,GOBP_SYNAPTIC_TRANSMISSION_CHOLINERGIC,Synaptic transmission cholinergic,2,25,998,0.002,0.0017,1.186,0.5102073821232699,0.9999998599426523,"CHRNA4, CHRNA2",False
C5_all,GO_BP,GOBP_DETECTION_OF_STIMULUS,Detection of stimulus,12,174,998,0.012,0.0118,1.022,0.5116248835822595,0.9999998599426523,"CDH2, AZGP1, TAS1R1, OR10J5, SYT1, PKDREJ, HTR2A, OR5AN1, TRPC3, ATF2, ADGRV1, OR13C3",False
C5_all,GO_BP,GOBP_POSTSYNAPSE_ORGANIZATION,Postsynapse organization,12,174,998,0.012,0.0118,1.022,0.5116248835822595,0.9999998599426523,"CDH2, IL1RAP, MESD, RELN, CUX2, SLC30A1, GPHN, CNKSR2, SLITRK3, ABHD17B, CPNE6, NOS1AP",False
C5_all,GO_BP,GOBP_ERYTHROCYTE_DEVELOPMENT,Erythrocyte development,3,40,998,0.003,0.0027,1.112,0.512179294686185,0.9999998599426523,"ARID4A, CITED2, L3MBTL3",False
C5_all,GO_BP,GOBP_NEGATIVE_REGULATION_OF_PEPTIDE_SECRETION,Negative regulation of peptide secretion,3,40,998,0.003,0.0027,1.112,0.512179294686185,0.9999998599426523,"VSNL1, HADH, ACVR1C",False
C5_all,GO_BP,GOBP_PHOSPHOLIPID_DEPHOSPHORYLATION,Phospholipid dephosphorylation,3,40,998,0.003,0.0027,1.112,0.512179294686185,0.9999998599426523,"MTM1, EPHX2, MTMR4",False
C5_all,GO_BP,GOBP_MYOBLAST_FUSION,Myoblast fusion,3,40,998,0.003,0.0027,1.112,0.512179294686185,0.9999998599426523,"KCNH1, CACNA1H, CDON",False
C5_all,GO_BP,GOBP_INTESTINAL_ABSORPTION,Intestinal absorption,3,40,998,0.003,0.0027,1.112,0.512179294686185,0.9999998599426523,"MOGAT2, SLC46A1, LPCAT3",False
C5_all,GO_BP,GOBP_NEGATIVE_REGULATION_OF_ALPHA_BETA_T_CELL_ACTIVATION,Negative regulation of alpha beta t cell activation,3,40,998,0.003,0.0027,1.112,0.512179294686185,0.9999998599426523,"ITCH, CLEC4G, NDFIP1",False
C5_all,GO_BP,GOBP_REGULATION_OF_SODIUM_ION_TRANSMEMBRANE_TRANSPORTER_ACTIVITY,Regulation of sodium ion transmembrane transporter activity,3,40,998,0.003,0.0027,1.112,0.512179294686185,0.9999998599426523,"NEDD4, WNK3, SLMAP",False
C5_all,GO_BP,GOBP_REGULATION_OF_NEUROBLAST_PROLIFERATION,Regulation of neuroblast proliferation,3,40,998,0.003,0.0027,1.112,0.512179294686185,0.9999998599426523,"PROX1, DCT, CDON",False
C5_all,GO_BP,GOBP_REGULATION_OF_AMYLOID_PRECURSOR_PROTEIN_CATABOLIC_PROCESS,Regulation of amyloid precursor protein catabolic process,3,40,998,0.003,0.0027,1.112,0.512179294686185,0.9999998599426523,"SORL1, HAP1, RTN4",False
C5_all,GO_BP,GOBP_MODIFIED_AMINO_ACID_TRANSPORT,Modified amino acid transport,3,40,998,0.003,0.0027,1.112,0.512179294686185,0.9999998599426523,"SLC6A13, SLC22A1, SLC46A1",False
C5_all,GO_BP,GOBP_LIPID_EXPORT_FROM_CELL,Lipid export from cell,3,40,998,0.003,0.0027,1.112,0.512179294686185,0.9999998599426523,"SAR1B, CRY2, REN",False
C5_all,GO_BP,GOBP_CRANIAL_SKELETAL_SYSTEM_DEVELOPMENT,Cranial skeletal system development,4,55,998,0.004,0.0037,1.078,0.5134224453426198,0.9999998599426523,"NDST1, MTHFD1, COLEC10, RDH10",False
C5_all,GO_BP,GOBP_REGULATION_OF_VASOCONSTRICTION,Regulation of vasoconstriction,4,55,998,0.004,0.0037,1.078,0.5134224453426198,0.9999998599426523,"EGFR, AVPR1A, HTR2A, ADRA1A",False
C5_all,GO_BP,GOBP_INTERFERON_BETA_PRODUCTION,Interferon beta production,4,55,998,0.004,0.0037,1.078,0.5134224453426198,0.9999998599426523,"POLR3G, PPM1B, TOMM70, ZBTB20",False
C5_all,GO_BP,GOBP_REGULATION_OF_BODY_FLUID_LEVELS,Regulation of body fluid levels,22,323,998,0.022,0.0218,1.01,0.5135117104270481,0.9999998599426523,"TFPI, CPB2, TEC, EGFR, F11, LMAN1, GGCX, WNK3, NR1H3, F13B, XDH, PRLR, HTR2A, CYP4F11, CDO1, TUBB1, PLG, F9, ATP7B, SERPINA10, C4BPB, KLKB1",False
C5_all,GO_BP,GOBP_CELL_FATE_SPECIFICATION,Cell fate specification,5,70,998,0.005,0.0047,1.059,0.5144373452477001,0.9999998599426523,"CDON, TBX3, MYT1L, AR, NFIA",False
C5_all,GO_BP,GOBP_ODONTOGENESIS_OF_DENTIN_CONTAINING_TOOTH,Odontogenesis of dentin containing tooth,5,70,998,0.005,0.0047,1.059,0.5144373452477001,0.9999998599426523,"SLC34A1, PPARA, ACVR2B, EDA, WDR72",False
C5_all,GO_BP,GOBP_CELLULAR_RESPONSE_TO_CARBOHYDRATE_STIMULUS,Cellular response to carbohydrate stimulus,9,130,998,0.009,0.0088,1.026,0.5177143715459425,0.9999998599426523,"GPLD1, PPARA, ZBTB20, CPB2, GCLC, SERPINF1, PCK2, VSNL1, SLC2A2",False
C5_all,GO_BP,GOBP_REGULATION_OF_PEPTIDE_TRANSPORT,Regulation of peptide transport,11,160,998,0.011,0.0108,1.019,0.5191202159938264,0.9999998599426523,"TFR2, GPLD1, RAPGEF4, EGFR, VSNL1, ACVR1C, PCK2, HADH, SLC2A2, GLUD1, ABAT",False
C5_all,GO_BP,GOBP_CARDIAC_MUSCLE_CELL_DIFFERENTIATION,Cardiac muscle cell differentiation,7,101,998,0.007,0.0068,1.027,0.5268908154296128,0.9999998599426523,"ADRA1A, ACADM, PPARA, TOMM70, PROX1, TBX3, AKAP6",False
C5_all,GO_BP,GOBP_DIGESTIVE_SYSTEM_PROCESS,Digestive system process,6,86,998,0.006,0.0058,1.034,0.5269530737475046,0.9999998599426523,"LPCAT3, WNK3, SLC46A1, NR1H3, PBLD, MOGAT2",False
C5_all,GO_BP,GOBP_RESPONSE_TO_AXON_INJURY,Response to axon injury,5,71,998,0.005,0.0048,1.044,0.5272217557737732,0.9999998599426523,"SOD1, CERS2, SLC1A1, PTPRF, BNIP3",False
C5_all,GO_BP,GOBP_NEGATIVE_REGULATION_OF_PROTEIN_SECRETION,Negative regulation of protein secretion,4,56,998,0.004,0.0038,1.059,0.5278313622187493,0.9999998599426523,"NR1H3, VSNL1, HADH, ACVR1C",False
C5_all,GO_BP,GOBP_POSITIVE_REGULATION_OF_FAT_CELL_DIFFERENTIATION,Positive regulation of fat cell differentiation,4,56,998,0.004,0.0038,1.059,0.5278313622187493,0.9999998599426523,"STK3, NAPEPLD, HTR2A, SULT1E1",False
C5_all,GO_BP,GOBP_NEGATIVE_REGULATION_OF_HORMONE_SECRETION,Negative regulation of hormone secretion,4,56,998,0.004,0.0038,1.059,0.5278313622187493,0.9999998599426523,"CRY2, VSNL1, ACVR1C, HADH",False
C5_all,GO_BP,GOBP_CYTOPLASMIC_MICROTUBULE_ORGANIZATION,Cytoplasmic microtubule organization,4,56,998,0.004,0.0038,1.059,0.5278313622187493,0.9999998599426523,"HOOK1, TUBGCP4, MAP10, FSD1",False
C5_all,GO_BP,GOBP_REGULATION_OF_ALCOHOL_BIOSYNTHETIC_PROCESS,Regulation of alcohol biosynthetic process,3,41,998,0.003,0.0028,1.085,0.529053922010379,0.9999998599426523,"SOD1, SEC14L2, LPCAT3",False
C5_all,GO_BP,GOBP_REGULATION_OF_AUTOPHAGY_OF_MITOCHONDRION,Regulation of autophagy of mitochondrion,3,41,998,0.003,0.0028,1.085,0.529053922010379,0.9999998599426523,"BNIP3, ADCY10, USP30",False
C5_all,GO_BP,GOBP_BLOOD_VESSEL_REMODELING,Blood vessel remodeling,3,41,998,0.003,0.0028,1.085,0.529053922010379,0.9999998599426523,"RSPO3, CBS, ACVR2B",False
C5_all,GO_BP,GOBP_MICROTUBULE_NUCLEATION,Microtubule nucleation,3,41,998,0.003,0.0028,1.085,0.529053922010379,0.9999998599426523,"TUBGCP4, HAUS4, PDE4DIP",False
C5_all,GO_BP,GOBP_COPII_COATED_VESICLE_BUDDING,Copii coated vesicle budding,3,41,998,0.003,0.0028,1.085,0.529053922010379,0.9999998599426523,"SEC24B, SAR1B, CUL3",False
C5_all,GO_BP,GOBP_NUCLEOTIDE_TRANSPORT,Nucleotide transport,3,41,998,0.003,0.0028,1.085,0.529053922010379,0.9999998599426523,"GJB1, ADCY10, ABCC6",False
C5_all,GO_BP,GOBP_GOLGI_VESICLE_TRANSPORT,Golgi vesicle transport,19,281,998,0.019,0.019,1.002,0.5303918375041766,0.9999998599426523,"SORL1, MYO1B, LMAN1, ATL2, SEC24B, GOSR1, USO1, TBC1D14, CNST, RAB33B, MON2, RBSN, CUL3, COG8, BLTP3B, STX17, SAR1B, EHD3, KLHL20",False
C5_all,GO_BP,GOBP_PHOTOPERIODISM,Photoperiodism,2,26,998,0.002,0.0018,1.14,0.5315117705828727,0.9999998599426523,"CRY2, PER3",False
C5_all,GO_BP,GOBP_POSITIVE_REGULATION_OF_CALCIUM_ION_TRANSMEMBRANE_TRANSPORTER_ACTIVITY,Positive regulation of calcium ion transmembrane transporter activity,2,26,998,0.002,0.0018,1.14,0.5315117705828727,0.9999998599426523,"HAP1, AKAP6",False
C5_all,GO_BP,GOBP_PHOSPHATIDYLETHANOLAMINE_METABOLIC_PROCESS,Phosphatidylethanolamine metabolic process,2,26,998,0.002,0.0018,1.14,0.5315117705828727,0.9999998599426523,"ETNK2, NAPEPLD",False
C5_all,GO_BP,GOBP_NEGATIVE_REGULATION_OF_SIGNAL_TRANSDUCTION_IN_ABSENCE_OF_LIGAND,Negative regulation of signal transduction in absence of ligand,2,26,998,0.002,0.0018,1.14,0.5315117705828727,0.9999998599426523,"STRADB, SGK3",False
C5_all,GO_BP,GOBP_BONE_GROWTH,Bone growth,2,26,998,0.002,0.0018,1.14,0.5315117705828727,0.9999998599426523,"TSKU, ATF2",False
C5_all,GO_BP,GOBP_PLATELET_MORPHOGENESIS,Platelet morphogenesis,2,26,998,0.002,0.0018,1.14,0.5315117705828727,0.9999998599426523,"CLEC1B, TUBB1",False
C5_all,GO_BP,GOBP_REGULATION_OF_MITOCHONDRIAL_FISSION,Regulation of mitochondrial fission,2,26,998,0.002,0.0018,1.14,0.5315117705828727,0.9999998599426523,"BNIP3, TMEM135",False
C5_all,GO_BP,GOBP_REGULATION_OF_CALCIUM_ION_DEPENDENT_EXOCYTOSIS,Regulation of calcium ion dependent exocytosis,2,26,998,0.002,0.0018,1.14,0.5315117705828727,0.9999998599426523,"SYT10, SYT1",False
C5_all,GO_BP,GOBP_CELLULAR_RESPONSE_TO_VITAMIN,Cellular response to vitamin,2,26,998,0.002,0.0018,1.14,0.5315117705828727,0.9999998599426523,"TRIM24, POSTN",False
C5_all,GO_BP,GOBP_VENTRICULAR_CARDIAC_MUSCLE_CELL_MEMBRANE_REPOLARIZATION,Ventricular cardiac muscle cell membrane repolarization,2,26,998,0.002,0.0018,1.14,0.5315117705828727,0.9999998599426523,"KCNJ3, NOS1AP",False
C5_all,GO_BP,GOBP_POSITIVE_REGULATION_OF_CARTILAGE_DEVELOPMENT,Positive regulation of cartilage development,2,26,998,0.002,0.0018,1.14,0.5315117705828727,0.9999998599426523,"SOX5, TAPT1",False
C5_all,GO_BP,GOBP_TOOTH_MINERALIZATION,Tooth mineralization,2,26,998,0.002,0.0018,1.14,0.5315117705828727,0.9999998599426523,"WDR72, PPARA",False
C5_all,GO_BP,GOBP_NEGATIVE_REGULATION_OF_PROTEIN_DEPHOSPHORYLATION,Negative regulation of protein dephosphorylation,2,26,998,0.002,0.0018,1.14,0.5315117705828727,0.9999998599426523,"PPP4R4, CRY2",False
C5_all,GO_BP,GOBP_NEGATIVE_REGULATION_OF_VASCULAR_ENDOTHELIAL_GROWTH_FACTOR_RECEPTOR_SIGNALING_PATHWAY,Negative regulation of vascular endothelial growth factor receptor signaling pathway,1,11,998,0.001,0.0007,1.348,0.5363113896047963,0.9999998599426523,NEDD4,False
C5_all,GO_BP,GOBP_NEGATIVE_REGULATION_OF_JUN_KINASE_ACTIVITY,Negative regulation of jun kinase activity,1,11,998,0.001,0.0007,1.348,0.5363113896047963,0.9999998599426523,DUSP19,False
C5_all,GO_BP,GOBP_GLYCOPHAGY,Glycophagy,1,11,998,0.001,0.0007,1.348,0.5363113896047963,0.9999998599426523,ATG2B,False
C5_all,GO_BP,GOBP_NEPHRON_TUBULE_EPITHELIAL_CELL_DIFFERENTIATION,Nephron tubule epithelial cell differentiation,1,11,998,0.001,0.0007,1.348,0.5363113896047963,0.9999998599426523,MTSS1,False
C5_all,GO_BP,GOBP_NEGATIVE_REGULATION_OF_CYCLASE_ACTIVITY,Negative regulation of cyclase activity,1,11,998,0.001,0.0007,1.348,0.5363113896047963,0.9999998599426523,ADGRV1,False
C5_all,GO_BP,GOBP_MIDBRAIN_DOPAMINERGIC_NEURON_DIFFERENTIATION,Midbrain dopaminergic neuron differentiation,1,11,998,0.001,0.0007,1.348,0.5363113896047963,0.9999998599426523,LRP6,False
C5_all,GO_BP,GOBP_SEGMENT_SPECIFICATION,Segment specification,1,11,998,0.001,0.0007,1.348,0.5363113896047963,0.9999998599426523,COBL,False
C5_all,GO_BP,GOBP_CELL_MIGRATION_INVOLVED_IN_GASTRULATION,Cell migration involved in gastrulation,1,11,998,0.001,0.0007,1.348,0.5363113896047963,0.9999998599426523,EPB41L5,False
C5_all,GO_BP,GOBP_RESPONSE_TO_INTERLEUKIN_18,Response to interleukin 18,1,11,998,0.001,0.0007,1.348,0.5363113896047963,0.9999998599426523,PIK3R1,False
C5_all,GO_BP,GOBP_REGULATION_OF_RECEPTOR_CATABOLIC_PROCESS,Regulation of receptor catabolic process,1,11,998,0.001,0.0007,1.348,0.5363113896047963,0.9999998599426523,ITCH,False
C5_all,GO_BP,GOBP_NEGATIVE_REGULATION_OF_SODIUM_ION_TRANSMEMBRANE_TRANSPORT,Negative regulation of sodium ion transmembrane transport,1,11,998,0.001,0.0007,1.348,0.5363113896047963,0.9999998599426523,NEDD4,False
C5_all,GO_BP,GOBP_FUCOSE_METABOLIC_PROCESS,Fucose metabolic process,1,11,998,0.001,0.0007,1.348,0.5363113896047963,0.9999998599426523,POFUT1,False
C5_all,GO_BP,GOBP_NEGATIVE_REGULATION_OF_LIPASE_ACTIVITY,Negative regulation of lipase activity,1,11,998,0.001,0.0007,1.348,0.5363113896047963,0.9999998599426523,PLIN5,False
C5_all,GO_BP,GOBP_REGULATION_OF_DENDRITIC_SPINE_MAINTENANCE,Regulation of dendritic spine maintenance,1,11,998,0.001,0.0007,1.348,0.5363113896047963,0.9999998599426523,ABHD17B,False
C5_all,GO_BP,GOBP_INTRACELLULAR_POTASSIUM_ION_HOMEOSTASIS,Intracellular potassium ion homeostasis,1,11,998,0.001,0.0007,1.348,0.5363113896047963,0.9999998599426523,KCNMA1,False
C5_all,GO_BP,GOBP_VITAMIN_D_RECEPTOR_SIGNALING_PATHWAY,Vitamin d receptor signaling pathway,1,11,998,0.001,0.0007,1.348,0.5363113896047963,0.9999998599426523,TRIM24,False
C5_all,GO_BP,GOBP_CEREBELLAR_PURKINJE_CELL_LAYER_FORMATION,Cerebellar purkinje cell layer formation,1,11,998,0.001,0.0007,1.348,0.5363113896047963,0.9999998599426523,RORA,False
C5_all,GO_BP,GOBP_WATER_SOLUBLE_VITAMIN_BIOSYNTHETIC_PROCESS,Water soluble vitamin biosynthetic process,1,11,998,0.001,0.0007,1.348,0.5363113896047963,0.9999998599426523,RGN,False
C5_all,GO_BP,GOBP_CELLULAR_RESPONSE_TO_ELECTRICAL_STIMULUS,Cellular response to electrical stimulus,1,11,998,0.001,0.0007,1.348,0.5363113896047963,0.9999998599426523,GRM1,False
C5_all,GO_BP,GOBP_EXCITATORY_CHEMICAL_SYNAPTIC_TRANSMISSION,Excitatory chemical synaptic transmission,1,11,998,0.001,0.0007,1.348,0.5363113896047963,0.9999998599426523,PVALB,False
C5_all,GO_BP,GOBP_NEGATIVE_REGULATION_OF_ASTROCYTE_DIFFERENTIATION,Negative regulation of astrocyte differentiation,1,11,998,0.001,0.0007,1.348,0.5363113896047963,0.9999998599426523,DAB1,False
C5_all,GO_BP,GOBP_URATE_METABOLIC_PROCESS,Urate metabolic process,1,11,998,0.001,0.0007,1.348,0.5363113896047963,0.9999998599426523,ABCG2,False
C5_all,GO_BP,GOBP_RESPONSE_TO_STIMULUS_INVOLVED_IN_REGULATION_OF_MUSCLE_ADAPTATION,Response to stimulus involved in regulation of muscle adaptation,1,11,998,0.001,0.0007,1.348,0.5363113896047963,0.9999998599426523,RPS6KB1,False
C5_all,GO_BP,GOBP_SNO_S_RNA_PROCESSING,Sno s rna processing,1,11,998,0.001,0.0007,1.348,0.5363113896047963,0.9999998599426523,TENT4B,False
C5_all,GO_BP,GOBP_DETECTION_OF_CALCIUM_ION,Detection of calcium ion,1,11,998,0.001,0.0007,1.348,0.5363113896047963,0.9999998599426523,SYT1,False
C5_all,GO_BP,GOBP_REGULATION_OF_NUCLEAR_TRANSCRIBED_MRNA_CATABOLIC_PROCESS_NONSENSE_MEDIATED_DECAY,Regulation of nuclear transcribed mrna catabolic process nonsense mediated decay,1,11,998,0.001,0.0007,1.348,0.5363113896047963,0.9999998599426523,A1CF,False
C5_all,GO_BP,GOBP_UV_PROTECTION,Uv protection,1,11,998,0.001,0.0007,1.348,0.5363113896047963,0.9999998599426523,CAT,False
C5_all,GO_BP,GOBP_FUCOSYLATION,Fucosylation,1,11,998,0.001,0.0007,1.348,0.5363113896047963,0.9999998599426523,POFUT1,False
C5_all,GO_BP,GOBP_NEPHRIC_DUCT_DEVELOPMENT,Nephric duct development,1,11,998,0.001,0.0007,1.348,0.5363113896047963,0.9999998599426523,GREB1L,False
C5_all,GO_BP,GOBP_OXALATE_TRANSPORT,Oxalate transport,1,11,998,0.001,0.0007,1.348,0.5363113896047963,0.9999998599426523,SLC26A5,False
C5_all,GO_BP,GOBP_REGULATION_OF_PINOCYTOSIS,Regulation of pinocytosis,1,11,998,0.001,0.0007,1.348,0.5363113896047963,0.9999998599426523,NR1H3,False
C5_all,GO_BP,GOBP_NK_T_CELL_DIFFERENTIATION,Nk t cell differentiation,1,11,998,0.001,0.0007,1.348,0.5363113896047963,0.9999998599426523,ATF2,False
C5_all,GO_BP,GOBP_ENDOCYTOSIS_INVOLVED_IN_VIRAL_ENTRY_INTO_HOST_CELL,Endocytosis involved in viral entry into host cell,1,11,998,0.001,0.0007,1.348,0.5363113896047963,0.9999998599426523,CLEC4M,False
C5_all,GO_BP,GOBP_NEURON_PROJECTION_MAINTENANCE,Neuron projection maintenance,1,11,998,0.001,0.0007,1.348,0.5363113896047963,0.9999998599426523,ADCY10,False
C5_all,GO_BP,GOBP_NEGATIVE_REGULATION_OF_SMOOTH_MUSCLE_CONTRACTION,Negative regulation of smooth muscle contraction,1,11,998,0.001,0.0007,1.348,0.5363113896047963,0.9999998599426523,SOD1,False
C5_all,GO_BP,GOBP_CHROMATIN_LOOPING,Chromatin looping,1,11,998,0.001,0.0007,1.348,0.5363113896047963,0.9999998599426523,SMC6,False
C5_all,GO_BP,GOBP_CELLULAR_RESPONSE_TO_UV_B,Cellular response to uv b,1,11,998,0.001,0.0007,1.348,0.5363113896047963,0.9999998599426523,MME,False
C5_all,GO_BP,GOBP_NUCLEOSIDE_SALVAGE,Nucleoside salvage,1,11,998,0.001,0.0007,1.348,0.5363113896047963,0.9999998599426523,ADK,False
C5_all,GO_BP,GOBP_SIGNAL_PEPTIDE_PROCESSING,Signal peptide processing,1,11,998,0.001,0.0007,1.348,0.5363113896047963,0.9999998599426523,IMMP1L,False
C5_all,GO_BP,GOBP_REGULATION_OF_BASEMENT_MEMBRANE_ORGANIZATION,Regulation of basement membrane organization,1,11,998,0.001,0.0007,1.348,0.5363113896047963,0.9999998599426523,PHLDB2,False
C5_all,GO_BP,GOBP_NEGATIVE_REGULATION_BY_HOST_OF_VIRAL_TRANSCRIPTION,Negative regulation by host of viral transcription,1,11,998,0.001,0.0007,1.348,0.5363113896047963,0.9999998599426523,NUCKS1,False
C5_all,GO_BP,GOBP_POSITIVE_REGULATION_OF_CELL_SIZE,Positive regulation of cell size,1,11,998,0.001,0.0007,1.348,0.5363113896047963,0.9999998599426523,SLC26A5,False
C5_all,GO_BP,GOBP_TROPHOBLAST_GIANT_CELL_DIFFERENTIATION,Trophoblast giant cell differentiation,1,11,998,0.001,0.0007,1.348,0.5363113896047963,0.9999998599426523,PLG,False
C5_all,GO_BP,GOBP_AROMATIC_AMINO_ACID_TRANSPORT,Aromatic amino acid transport,1,11,998,0.001,0.0007,1.348,0.5363113896047963,0.9999998599426523,SLC16A10,False
C5_all,GO_BP,GOBP_INTESTINAL_EPITHELIAL_CELL_DEVELOPMENT,Intestinal epithelial cell development,1,11,998,0.001,0.0007,1.348,0.5363113896047963,0.9999998599426523,C1GALT1,False
C5_all,GO_BP,GOBP_NEGATIVE_REGULATION_OF_POST_TRANSCRIPTIONAL_GENE_SILENCING,Negative regulation of post transcriptional gene silencing,1,11,998,0.001,0.0007,1.348,0.5363113896047963,0.9999998599426523,FMR1,False
C5_all,GO_BP,GOBP_SKIN_MORPHOGENESIS,Skin morphogenesis,1,11,998,0.001,0.0007,1.348,0.5363113896047963,0.9999998599426523,ERRFI1,False
C5_all,GO_BP,GOBP_MONOCYTE_ACTIVATION,Monocyte activation,1,11,998,0.001,0.0007,1.348,0.5363113896047963,0.9999998599426523,MT1G,False
C5_all,GO_BP,GOBP_POSITIVE_REGULATION_OF_STRIATED_MUSCLE_CONTRACTION,Positive regulation of striated muscle contraction,1,11,998,0.001,0.0007,1.348,0.5363113896047963,0.9999998599426523,ADRA1A,False
C5_all,GO_BP,GOBP_POSITIVE_REGULATION_OF_PROTEIN_SUMOYLATION,Positive regulation of protein sumoylation,1,11,998,0.001,0.0007,1.348,0.5363113896047963,0.9999998599426523,ARNT,False
C5_all,GO_BP,GOBP_DOPAMINE_BIOSYNTHETIC_PROCESS,Dopamine biosynthetic process,1,11,998,0.001,0.0007,1.348,0.5363113896047963,0.9999998599426523,ALDH2,False
C5_all,GO_BP,GOBP_RHO_PROTEIN_SIGNAL_TRANSDUCTION,Rho protein signal transduction,9,132,998,0.009,0.0089,1.011,0.536463953206982,0.9999998599426523,"ARHGAP29, ABCA1, ARHGAP35, STARD8, PHACTR4, CUL3, ROPN1B, ARHGAP20, ARHGEF12",False
C5_all,GO_BP,GOBP_POSITIVE_REGULATION_OF_PLASMA_MEMBRANE_BOUNDED_CELL_PROJECTION_ASSEMBLY,Positive regulation of plasma membrane bounded cell projection assembly,7,102,998,0.007,0.0069,1.017,0.5375114348162177,0.9999998599426523,"ARHGAP35, TAPT1, FMR1, COBL, PIK3R1, HAP1, CCP110",False
C5_all,GO_BP,GOBP_PROTEIN_TARGETING_TO_MEMBRANE,Protein targeting to membrane,7,102,998,0.007,0.0069,1.017,0.5375114348162177,0.9999998599426523,"SRPRA, SLC1A1, SEC61A2, AQP11, SEC62, SRP54, ARL6IP1",False
C5_all,GO_BP,GOBP_RNA_METHYLATION,Rna methylation,5,72,998,0.005,0.0049,1.029,0.5398556861488604,0.9999998599426523,"ALKBH8, TRMT10A, NSUN6, TRMT1L, HSD17B10",False
C5_all,GO_BP,GOBP_REGULATION_OF_MIRNA_TRANSCRIPTION,Regulation of mirna transcription,5,72,998,0.005,0.0049,1.029,0.5398556861488604,0.9999998599426523,"NCOR1, PPARA, AR, EGFR, ESR1",False
C5_all,GO_BP,GOBP_HOMOLOGOUS_RECOMBINATION,Homologous recombination,4,57,998,0.004,0.0039,1.04,0.5420290652410349,0.9999998599426523,"NUCKS1, MAJIN, TERB2, SYCP1",False
C5_all,GO_BP,GOBP_MORPHOGENESIS_OF_AN_EPITHELIAL_SHEET,Morphogenesis of an epithelial sheet,4,57,998,0.004,0.0039,1.04,0.5420290652410349,0.9999998599426523,"PHLDB2, PHACTR4, PALS1, ARHGAP35",False
C5_all,GO_BP,GOBP_AORTA_DEVELOPMENT,Aorta development,4,57,998,0.004,0.0039,1.04,0.5420290652410349,0.9999998599426523,"SEC24B, PROX1, HECTD1, NDST1",False
C5_all,GO_BP,GOBP_NEGATIVE_REGULATION_OF_ADAPTIVE_IMMUNE_RESPONSE,Negative regulation of adaptive immune response,4,57,998,0.004,0.0039,1.04,0.5420290652410349,0.9999998599426523,"ARG1, NDFIP1, CLEC4G, C4BPB",False
C5_all,GO_BP,GOBP_REGULATION_OF_DENDRITIC_SPINE_MORPHOGENESIS,Regulation of dendritic spine morphogenesis,3,42,998,0.003,0.0028,1.059,0.5455974603637723,0.9999998599426523,"CUX2, RELN, SLC30A1",False
C5_all,GO_BP,GOBP_POSITIVE_REGULATION_OF_CALCIUM_MEDIATED_SIGNALING,Positive regulation of calcium mediated signaling,3,42,998,0.003,0.0028,1.059,0.5455974603637723,0.9999998599426523,"P2RX3, AKAP6, ERBB3",False
C5_all,GO_BP,GOBP_REGULATION_OF_ESTABLISHMENT_OF_PROTEIN_LOCALIZATION_TO_MITOCHONDRION,Regulation of establishment of protein localization to mitochondrion,3,42,998,0.003,0.0028,1.059,0.5455974603637723,0.9999998599426523,"ADCY10, LMAN1, TOMM70",False
C5_all,GO_BP,GOBP_NEGATIVE_REGULATION_OF_CYSTEINE_TYPE_ENDOPEPTIDASE_ACTIVITY_INVOLVED_IN_APOPTOTIC_PROCESS,Negative regulation of cysteine type endopeptidase activity involved in apoptotic process,3,42,998,0.003,0.0028,1.059,0.5455974603637723,0.9999998599426523,"CAAP1, FNIP1, ARL6IP1",False
C5_all,GO_BP,GOBP_REGULATION_OF_NERVOUS_SYSTEM_PROCESS,Regulation of nervous system process,7,103,998,0.007,0.007,1.007,0.5480346906938636,0.9999998599426523,"RELN, FMR1, GRM1, CHRNA2, AVPR1A, CUX2, ABAT",False
C5_all,GO_BP,GOBP_HETEROCHROMATIN_FORMATION,Heterochromatin formation,7,103,998,0.007,0.007,1.007,0.5480346906938636,0.9999998599426523,"ATF7IP2, TEX15, PIWIL2, L3MBTL3, SETDB2, DNMT3L, MAEL",False
C5_all,GO_BP,GOBP_PROTEIN_LOCALIZATION_TO_PLASMA_MEMBRANE,Protein localization to plasma membrane,18,269,998,0.018,0.0182,0.992,0.549715391749768,0.9999998599426523,"LRP6, CDH2, RAPGEF2, WNK3, HYCC2, SORL1, PIK3R1, ERRFI1, AR, SLMAP, EHD3, EGFR, NUMB, PALS1, PKP2, GPR158, CNST, WDR72",False
C5_all,GO_BP,GOBP_TISSUE_HOMEOSTASIS,Tissue homeostasis,15,224,998,0.015,0.0151,0.993,0.5504785512936867,0.9999998599426523,"GCNT2, SOD1, SLC1A1, WNK3, CDH23, ERRFI1, CLDN12, EGFR, SLC39A8, ABCC6, USH2A, PBLD, ADGRV1, PDK4, TSPAN12",False
C5_all,GO_BP,GOBP_REGULATION_OF_TOLL_LIKE_RECEPTOR_4_SIGNALING_PATHWAY,Regulation of toll like receptor 4 signaling pathway,2,27,998,0.002,0.0018,1.098,0.5521740267705939,0.9999998599426523,"NR1H3, PIK3R1",False
C5_all,GO_BP,GOBP_RESPONSE_TO_PROTOZOAN,Response to protozoan,2,27,998,0.002,0.0018,1.098,0.5521740267705939,0.9999998599426523,"ARG1, GBP7",False
C5_all,GO_BP,GOBP_NEGATIVE_REGULATION_OF_MONONUCLEAR_CELL_MIGRATION,Negative regulation of mononuclear cell migration,2,27,998,0.002,0.0018,1.098,0.5521740267705939,0.9999998599426523,"DDT, C5",False
C5_all,GO_BP,GOBP_FLUID_TRANSPORT,Fluid transport,2,27,998,0.002,0.0018,1.098,0.5521740267705939,0.9999998599426523,"AQP11, AQP9",False
C5_all,GO_BP,GOBP_POSITIVE_REGULATION_OF_MRNA_PROCESSING,Positive regulation of mrna processing,2,27,998,0.002,0.0018,1.098,0.5521740267705939,0.9999998599426523,"SLC39A5, PRDX6",False
C5_all,GO_BP,GOBP_REGULATION_OF_REACTIVE_OXYGEN_SPECIES_BIOSYNTHETIC_PROCESS,Regulation of reactive oxygen species biosynthetic process,2,27,998,0.002,0.0018,1.098,0.5521740267705939,0.9999998599426523,"ADCY10, PPARA",False
C5_all,GO_BP,GOBP_POSITIVE_REGULATION_OF_MONOATOMIC_ION_TRANSPORT,Positive regulation of monoatomic ion transport,11,164,998,0.011,0.0111,0.994,0.5527715028980293,0.9999998599426523,"NOS1AP, LRRC55, KCNC2, WNK3, DRD1, P2RX3, CNKSR3, PKP2, HAP1, TRPC3, AKAP6",False
C5_all,GO_BP,GOBP_REGULATION_OF_CELLULAR_CATABOLIC_PROCESS,Regulation of cellular catabolic process,28,420,998,0.0281,0.0284,0.988,0.5548932066010261,0.9999998599426523,"USP33, MFSD8, NEDD4, SORL1, ADCY10, EPM2A, GPLD1, ZBTB20, USP30, TBC1D14, ACACB, ETFBKMT, HTR2A, IDH1, APOA5, ADRA1A, PPARA, PLIN5, BNIP3, NUPR1, LONP2, ITCH, MTMR4, GPD1, MLYCD, SNX5, MTM1, PIK3R4",False
C5_all,GO_BP,GOBP_POSITIVE_REGULATION_OF_PROTEIN_LOCALIZATION_TO_PLASMA_MEMBRANE,Positive regulation of protein localization to plasma membrane,4,58,998,0.004,0.0039,1.022,0.556004703355494,0.9999998599426523,"EGFR, PIK3R1, WNK3, CNST",False
C5_all,GO_BP,GOBP_CARBOHYDRATE_HOMEOSTASIS,Carbohydrate homeostasis,14,210,998,0.014,0.0142,0.988,0.5582372080740029,0.9999998599426523,"GPLD1, TENT4B, ZBTB20, CPB2, GCLC, NUCKS1, PIK3R1, CRY2, KLF15, SERPINF1, PDK4, PCK2, VSNL1, SLC2A2",False
C5_all,GO_BP,GOBP_REGULATION_OF_CILIUM_ASSEMBLY,Regulation of cilium assembly,6,89,998,0.006,0.006,0.999,0.5610698668125613,0.9999998599426523,"EVI5, ARHGAP35, TAPT1, TBC1D14, HAP1, CCP110",False
C5_all,GO_BP,GOBP_ENDOCRINE_HORMONE_SECRETION,Endocrine hormone secretion,3,43,998,0.003,0.0029,1.034,0.5617965472661596,0.9999998599426523,"TBX3, CRY2, REN",False
C5_all,GO_BP,GOBP_NEURON_RECOGNITION,Neuron recognition,3,43,998,0.003,0.0029,1.034,0.5617965472661596,0.9999998599426523,"RTN4, ARHGAP35, NCAM2",False
C5_all,GO_BP,GOBP_NEGATIVE_REGULATION_OF_ORGANELLE_ASSEMBLY,Negative regulation of organelle assembly,3,43,998,0.003,0.0029,1.034,0.5617965472661596,0.9999998599426523,"NUPR1, MTM1, CCP110",False
C5_all,GO_BP,GOBP_ICOSANOID_BIOSYNTHETIC_PROCESS,Icosanoid biosynthetic process,3,43,998,0.003,0.0029,1.034,0.5617965472661596,0.9999998599426523,"AVPR1A, CYP2C8, PIBF1",False
C5_all,GO_BP,GOBP_NEUROPEPTIDE_SIGNALING_PATHWAY,Neuropeptide signaling pathway,3,43,998,0.003,0.0029,1.034,0.5617965472661596,0.9999998599426523,"SORL1, SCG5, RAPGEF2",False
C5_all,GO_BP,GOBP_POSITIVE_REGULATION_OF_TYROSINE_PHOSPHORYLATION_OF_STAT_PROTEIN,Positive regulation of tyrosine phosphorylation of stat protein,3,43,998,0.003,0.0029,1.034,0.5617965472661596,0.9999998599426523,"GHR, IL6R, PIBF1",False
C5_all,GO_BP,GOBP_THYMUS_DEVELOPMENT,Thymus development,3,43,998,0.003,0.0029,1.034,0.5617965472661596,0.9999998599426523,"SOD1, CITED2, RAG1",False
C5_all,GO_BP,GOBP_NEGATIVE_REGULATION_OF_RESPONSE_TO_ENDOPLASMIC_RETICULUM_STRESS,Negative regulation of response to endoplasmic reticulum stress,3,43,998,0.003,0.0029,1.034,0.5617965472661596,0.9999998599426523,"NR1H3, AQP11, LPCAT3",False
C5_all,GO_BP,GOBP_ANTEROGRADE_AXONAL_TRANSPORT,Anterograde axonal transport,3,43,998,0.003,0.0029,1.034,0.5617965472661596,0.9999998599426523,"HAP1, SOD1, DLG2",False
C5_all,GO_BP,GOBP_RNA_MODIFICATION,Rna modification,10,150,998,0.01,0.0101,0.988,0.5624034667988476,0.9999998599426523,"ALKBH8, SEPSECS, A1CF, TRMT10A, NSUN6, PUS3, TRMT1L, PUS10, RPUSD4, HSD17B10",False
C5_all,GO_BP,GOBP_N_ACETYLNEURAMINATE_METABOLIC_PROCESS,N acetylneuraminate metabolic process,1,12,998,0.001,0.0008,1.235,0.5676149973416846,0.9999998599426523,GNE,False
C5_all,GO_BP,GOBP_REGULATION_OF_INTESTINAL_ABSORPTION,Regulation of intestinal absorption,1,12,998,0.001,0.0008,1.235,0.5676149973416846,0.9999998599426523,LPCAT3,False
C5_all,GO_BP,GOBP_VENTRICULAR_CARDIAC_MUSCLE_CELL_DIFFERENTIATION,Ventricular cardiac muscle cell differentiation,1,12,998,0.001,0.0008,1.235,0.5676149973416846,0.9999998599426523,PROX1,False
C5_all,GO_BP,GOBP_RETINAL_CONE_CELL_DIFFERENTIATION,Retinal cone cell differentiation,1,12,998,0.001,0.0008,1.235,0.5676149973416846,0.9999998599426523,THRB,False
C5_all,GO_BP,GOBP_REGULATION_OF_THYMOCYTE_APOPTOTIC_PROCESS,Regulation of thymocyte apoptotic process,1,12,998,0.001,0.0008,1.235,0.5676149973416846,0.9999998599426523,RAG1,False
C5_all,GO_BP,GOBP_SKELETAL_MUSCLE_ACETYLCHOLINE_GATED_CHANNEL_CLUSTERING,Skeletal muscle acetylcholine gated channel clustering,1,12,998,0.001,0.0008,1.235,0.5676149973416846,0.9999998599426523,MESD,False
C5_all,GO_BP,GOBP_DENDRITIC_CELL_APOPTOTIC_PROCESS,Dendritic cell apoptotic process,1,12,998,0.001,0.0008,1.235,0.5676149973416846,0.9999998599426523,RAPGEF2,False
C5_all,GO_BP,GOBP_REGULATION_OF_NMDA_RECEPTOR_ACTIVITY,Regulation of nmda receptor activity,1,12,998,0.001,0.0008,1.235,0.5676149973416846,0.9999998599426523,RELN,False
C5_all,GO_BP,GOBP_REGULATION_OF_POSTSYNAPTIC_DENSITY_ASSEMBLY,Regulation of postsynaptic density assembly,1,12,998,0.001,0.0008,1.235,0.5676149973416846,0.9999998599426523,IL1RAP,False
C5_all,GO_BP,GOBP_METANEPHRIC_GLOMERULUS_DEVELOPMENT,Metanephric glomerulus development,1,12,998,0.001,0.0008,1.235,0.5676149973416846,0.9999998599426523,LGR4,False
C5_all,GO_BP,GOBP_NEGATIVE_REGULATION_OF_EPIDERMAL_GROWTH_FACTOR_ACTIVATED_RECEPTOR_ACTIVITY,Negative regulation of epidermal growth factor activated receptor activity,1,12,998,0.001,0.0008,1.235,0.5676149973416846,0.9999998599426523,ERRFI1,False
C5_all,GO_BP,GOBP_CARTILAGE_CONDENSATION,Cartilage condensation,1,12,998,0.001,0.0008,1.235,0.5676149973416846,0.9999998599426523,SOX5,False
C5_all,GO_BP,GOBP_SULFUR_AMINO_ACID_TRANSPORT,Sulfur amino acid transport,1,12,998,0.001,0.0008,1.235,0.5676149973416846,0.9999998599426523,SLC1A1,False
C5_all,GO_BP,GOBP_PROTEIN_INSERTION_INTO_MITOCHONDRIAL_INNER_MEMBRANE,Protein insertion into mitochondrial inner membrane,1,12,998,0.001,0.0008,1.235,0.5676149973416846,0.9999998599426523,TOMM70,False
C5_all,GO_BP,GOBP_PROTEIN_LOCALIZATION_TO_EARLY_ENDOSOME,Protein localization to early endosome,1,12,998,0.001,0.0008,1.235,0.5676149973416846,0.9999998599426523,SORL1,False
C5_all,GO_BP,GOBP_POSITIVE_REGULATION_OF_NUCLEAR_TRANSCRIBED_MRNA_CATABOLIC_PROCESS_DEADENYLATION_DEPENDENT_DECAY,Positive regulation of nuclear transcribed mrna catabolic process deadenylation dependent decay,1,12,998,0.001,0.0008,1.235,0.5676149973416846,0.9999998599426523,CNOT7,False
C5_all,GO_BP,GOBP_BLOOD_VESSEL_ENDOTHELIAL_CELL_DIFFERENTIATION,Blood vessel endothelial cell differentiation,1,12,998,0.001,0.0008,1.235,0.5676149973416846,0.9999998599426523,PROX1,False
C5_all,GO_BP,GOBP_RADIAL_GLIAL_CELL_DIFFERENTIATION,Radial glial cell differentiation,1,12,998,0.001,0.0008,1.235,0.5676149973416846,0.9999998599426523,CDH2,False
C5_all,GO_BP,GOBP_EXTRAEMBRYONIC_MEMBRANE_DEVELOPMENT,Extraembryonic membrane development,1,12,998,0.001,0.0008,1.235,0.5676149973416846,0.9999998599426523,DNMT3L,False
C5_all,GO_BP,GOBP_MYOBLAST_MIGRATION,Myoblast migration,1,12,998,0.001,0.0008,1.235,0.5676149973416846,0.9999998599426523,MEGF10,False
C5_all,GO_BP,GOBP_STABILIZATION_OF_MEMBRANE_POTENTIAL,Stabilization of membrane potential,1,12,998,0.001,0.0008,1.235,0.5676149973416846,0.9999998599426523,KCNK3,False
C5_all,GO_BP,GOBP_MIRNA_CATABOLIC_PROCESS,Mirna catabolic process,1,12,998,0.001,0.0008,1.235,0.5676149973416846,0.9999998599426523,TENT4B,False
C5_all,GO_BP,GOBP_BASE_CONVERSION_OR_SUBSTITUTION_EDITING,Base conversion or substitution editing,1,12,998,0.001,0.0008,1.235,0.5676149973416846,0.9999998599426523,A1CF,False
C5_all,GO_BP,GOBP_POSITIVE_REGULATION_OF_MEIOTIC_NUCLEAR_DIVISION,Positive regulation of meiotic nuclear division,1,12,998,0.001,0.0008,1.235,0.5676149973416846,0.9999998599426523,PIWIL2,False
C5_all,GO_BP,GOBP_GONADOTROPIN_SECRETION,Gonadotropin secretion,1,12,998,0.001,0.0008,1.235,0.5676149973416846,0.9999998599426523,TBX3,False
C5_all,GO_BP,GOBP_POSITIVE_REGULATION_OF_BROWN_FAT_CELL_DIFFERENTIATION,Positive regulation of brown fat cell differentiation,1,12,998,0.001,0.0008,1.235,0.5676149973416846,0.9999998599426523,NAPEPLD,False
C5_all,GO_BP,GOBP_SENSORY_PERCEPTION_OF_BITTER_TASTE,Sensory perception of bitter taste,1,12,998,0.001,0.0008,1.235,0.5676149973416846,0.9999998599426523,AZGP1,False
C5_all,GO_BP,GOBP_POSITIVE_REGULATION_OF_PHOSPHOLIPID_METABOLIC_PROCESS,Positive regulation of phospholipid metabolic process,1,12,998,0.001,0.0008,1.235,0.5676149973416846,0.9999998599426523,HTR2A,False
C5_all,GO_BP,GOBP_REGULATION_OF_SYNAPTIC_VESICLE_CYCLE,Regulation of synaptic vesicle cycle,1,12,998,0.001,0.0008,1.235,0.5676149973416846,0.9999998599426523,RAPGEF4,False
C5_all,GO_BP,GOBP_GLUTAMATERGIC_NEURON_DIFFERENTIATION,Glutamatergic neuron differentiation,1,12,998,0.001,0.0008,1.235,0.5676149973416846,0.9999998599426523,PROX1,False
C5_all,GO_BP,GOBP_CARDIAC_NEURAL_CREST_CELL_DIFFERENTIATION_INVOLVED_IN_HEART_DEVELOPMENT,Cardiac neural crest cell differentiation involved in heart development,1,12,998,0.001,0.0008,1.235,0.5676149973416846,0.9999998599426523,CITED2,False
C5_all,GO_BP,GOBP_NEGATIVE_REGULATION_OF_IMMUNOGLOBULIN_PRODUCTION,Negative regulation of immunoglobulin production,1,12,998,0.001,0.0008,1.235,0.5676149973416846,0.9999998599426523,NDFIP1,False
C5_all,GO_BP,GOBP_PRIMARY_ALCOHOL_BIOSYNTHETIC_PROCESS,Primary alcohol biosynthetic process,1,12,998,0.001,0.0008,1.235,0.5676149973416846,0.9999998599426523,CACNA1H,False
C5_all,GO_BP,GOBP_DORSAL_VENTRAL_AXIS_SPECIFICATION,Dorsal ventral axis specification,1,12,998,0.001,0.0008,1.235,0.5676149973416846,0.9999998599426523,CXXC4,False
C5_all,GO_BP,GOBP_NEGATIVE_REGULATION_OF_NUCLEAR_TRANSCRIBED_MRNA_CATABOLIC_PROCESS_DEADENYLATION_DEPENDENT_DECAY,Negative regulation of nuclear transcribed mrna catabolic process deadenylation dependent decay,1,12,998,0.001,0.0008,1.235,0.5676149973416846,0.9999998599426523,TENT4B,False
C5_all,GO_BP,GOBP_REGULATION_OF_TYPE_B_PANCREATIC_CELL_PROLIFERATION,Regulation of type b pancreatic cell proliferation,1,12,998,0.001,0.0008,1.235,0.5676149973416846,0.9999998599426523,NUPR1,False
C5_all,GO_BP,GOBP_LENS_FIBER_CELL_DEVELOPMENT,Lens fiber cell development,1,12,998,0.001,0.0008,1.235,0.5676149973416846,0.9999998599426523,PROX1,False
C5_all,GO_BP,GOBP_POSITIVE_REGULATION_OF_PLATELET_AGGREGATION,Positive regulation of platelet aggregation,1,12,998,0.001,0.0008,1.235,0.5676149973416846,0.9999998599426523,HTR2A,False
C5_all,GO_BP,GOBP_POSITIVE_REGULATION_OF_VASCULAR_ENDOTHELIAL_GROWTH_FACTOR_RECEPTOR_SIGNALING_PATHWAY,Positive regulation of vascular endothelial growth factor receptor signaling pathway,1,12,998,0.001,0.0008,1.235,0.5676149973416846,0.9999998599426523,ARNT,False
C5_all,GO_BP,GOBP_GLIAL_CELL_DERIVED_NEUROTROPHIC_FACTOR_RECEPTOR_SIGNALING_PATHWAY,Glial cell derived neurotrophic factor receptor signaling pathway,1,12,998,0.001,0.0008,1.235,0.5676149973416846,0.9999998599426523,GFRA1,False
C5_all,GO_BP,GOBP_NEGATIVE_REGULATION_OF_NERVOUS_SYSTEM_PROCESS,Negative regulation of nervous system process,1,12,998,0.001,0.0008,1.235,0.5676149973416846,0.9999998599426523,AVPR1A,False
C5_all,GO_BP,GOBP_REGULATION_OF_CELL_PROLIFERATION_INVOLVED_IN_KIDNEY_DEVELOPMENT,Regulation of cell proliferation involved in kidney development,1,12,998,0.001,0.0008,1.235,0.5676149973416846,0.9999998599426523,IL6R,False
C5_all,GO_BP,GOBP_MICROTUBULE_BASED_PROTEIN_TRANSPORT,Microtubule based protein transport,1,12,998,0.001,0.0008,1.235,0.5676149973416846,0.9999998599426523,DLG2,False
C5_all,GO_BP,GOBP_NEGATIVE_REGULATION_OF_CELL_ADHESION_MEDIATED_BY_INTEGRIN,Negative regulation of cell adhesion mediated by integrin,1,12,998,0.001,0.0008,1.235,0.5676149973416846,0.9999998599426523,PDE3B,False
C5_all,GO_BP,GOBP_RENAL_TUBULAR_SECRETION,Renal tubular secretion,1,12,998,0.001,0.0008,1.235,0.5676149973416846,0.9999998599426523,ABCG2,False
C5_all,GO_BP,GOBP_AMP_BIOSYNTHETIC_PROCESS,Amp biosynthetic process,1,12,998,0.001,0.0008,1.235,0.5676149973416846,0.9999998599426523,ADK,False
C5_all,GO_BP,GOBP_REGULATION_OF_TRANSLATIONAL_INITIATION_BY_EIF2_ALPHA_PHOSPHORYLATION,Regulation of translational initiation by eif2 alpha phosphorylation,1,12,998,0.001,0.0008,1.235,0.5676149973416846,0.9999998599426523,PDIK1L,False
C5_all,GO_BP,GOBP_RESPONSE_TO_EPINEPHRINE,Response to epinephrine,1,12,998,0.001,0.0008,1.235,0.5676149973416846,0.9999998599426523,SRD5A1,False
C5_all,GO_BP,GOBP_IRON_COORDINATION_ENTITY_TRANSPORT,Iron coordination entity transport,1,12,998,0.001,0.0008,1.235,0.5676149973416846,0.9999998599426523,SLC46A1,False
C5_all,GO_BP,GOBP_TRANSFORMING_GROWTH_FACTOR_BETA1_PRODUCTION,Transforming growth factor beta1 production,1,12,998,0.001,0.0008,1.235,0.5676149973416846,0.9999998599426523,TSKU,False
C5_all,GO_BP,GOBP_PROTEIN_OXIDATION,Protein oxidation,1,12,998,0.001,0.0008,1.235,0.5676149973416846,0.9999998599426523,TRABD2B,False
C5_all,GO_BP,GOBP_NEGATIVE_REGULATION_OF_DENDRITIC_SPINE_DEVELOPMENT,Negative regulation of dendritic spine development,1,12,998,0.001,0.0008,1.235,0.5676149973416846,0.9999998599426523,GRIN3A,False
C5_all,GO_BP,GOBP_PROTEIN_K27_LINKED_UBIQUITINATION,Protein k27 linked ubiquitination,1,12,998,0.001,0.0008,1.235,0.5676149973416846,0.9999998599426523,UBE2D4,False
C5_all,GO_BP,GOBP_DNA_ALKYLATION_REPAIR,Dna alkylation repair,1,12,998,0.001,0.0008,1.235,0.5676149973416846,0.9999998599426523,MGMT,False
C5_all,GO_BP,GOBP_HEART_TRABECULA_FORMATION,Heart trabecula formation,1,12,998,0.001,0.0008,1.235,0.5676149973416846,0.9999998599426523,ADGRG6,False
C5_all,GO_BP,GOBP_NEUTROPHIL_MEDIATED_KILLING_OF_SYMBIONT_CELL,Neutrophil mediated killing of symbiont cell,1,12,998,0.001,0.0008,1.235,0.5676149973416846,0.9999998599426523,ARG1,False
C5_all,GO_BP,GOBP_NUCLEOBASE_TRANSPORT,Nucleobase transport,1,12,998,0.001,0.0008,1.235,0.5676149973416846,0.9999998599426523,AQP9,False
C5_all,GO_BP,GOBP_POSITIVE_REGULATION_OF_CELLULAR_RESPIRATION,Positive regulation of cellular respiration,1,12,998,0.001,0.0008,1.235,0.5676149973416846,0.9999998599426523,NUPR1,False
C5_all,GO_BP,GOBP_OTIC_VESICLE_DEVELOPMENT,Otic vesicle development,1,12,998,0.001,0.0008,1.235,0.5676149973416846,0.9999998599426523,PROX1,False
C5_all,GO_BP,GOBP_REGULATION_OF_TRANSLATIONAL_ELONGATION,Regulation of translational elongation,1,12,998,0.001,0.0008,1.235,0.5676149973416846,0.9999998599426523,CPEB2,False
C5_all,GO_BP,GOBP_POSITIVE_REGULATION_OF_TOLL_LIKE_RECEPTOR_4_SIGNALING_PATHWAY,Positive regulation of toll like receptor 4 signaling pathway,1,12,998,0.001,0.0008,1.235,0.5676149973416846,0.9999998599426523,NR1H3,False
C5_all,GO_BP,GOBP_COMPLEMENT_RECEPTOR_MEDIATED_SIGNALING_PATHWAY,Complement receptor mediated signaling pathway,1,12,998,0.001,0.0008,1.235,0.5676149973416846,0.9999998599426523,GPLD1,False
C5_all,GO_BP,GOBP_REGULATION_OF_BILE_ACID_METABOLIC_PROCESS,Regulation of bile acid metabolic process,1,12,998,0.001,0.0008,1.235,0.5676149973416846,0.9999998599426523,PROX1,False
C5_all,GO_BP,GOBP_MINERALOCORTICOID_METABOLIC_PROCESS,Mineralocorticoid metabolic process,1,12,998,0.001,0.0008,1.235,0.5676149973416846,0.9999998599426523,CACNA1H,False
C5_all,GO_BP,GOBP_MITOCHONDRIAL_PROTEIN_PROCESSING,Mitochondrial protein processing,1,12,998,0.001,0.0008,1.235,0.5676149973416846,0.9999998599426523,IMMP1L,False
C5_all,GO_BP,GOBP_REGULATION_OF_CAMP_DEPENDENT_PROTEIN_KINASE_ACTIVITY,Regulation of camp dependent protein kinase activity,1,12,998,0.001,0.0008,1.235,0.5676149973416846,0.9999998599426523,RAPGEF2,False
C5_all,GO_BP,GOBP_ENDOSOMAL_LUMEN_ACIDIFICATION,Endosomal lumen acidification,1,12,998,0.001,0.0008,1.235,0.5676149973416846,0.9999998599426523,AQP11,False
C5_all,GO_BP,GOBP_REGULATION_OF_RECEPTOR_BINDING,Regulation of receptor binding,1,12,998,0.001,0.0008,1.235,0.5676149973416846,0.9999998599426523,PTPRF,False
C5_all,GO_BP,GOBP_REGULATION_OF_VITAMIN_METABOLIC_PROCESS,Regulation of vitamin metabolic process,1,12,998,0.001,0.0008,1.235,0.5676149973416846,0.9999998599426523,RDH10,False
C5_all,GO_BP,GOBP_MITOTIC_SPINDLE_ELONGATION,Mitotic spindle elongation,1,12,998,0.001,0.0008,1.235,0.5676149973416846,0.9999998599426523,MAP10,False
C5_all,GO_BP,GOBP_REGULATION_OF_WNT_SIGNALING_PATHWAY_PLANAR_CELL_POLARITY_PATHWAY,Regulation of wnt signaling pathway planar cell polarity pathway,1,12,998,0.001,0.0008,1.235,0.5676149973416846,0.9999998599426523,RSPO3,False
C5_all,GO_BP,GOBP_REGULATION_OF_SHORT_TERM_NEURONAL_SYNAPTIC_PLASTICITY,Regulation of short term neuronal synaptic plasticity,1,12,998,0.001,0.0008,1.235,0.5676149973416846,0.9999998599426523,SLC4A10,False
C5_all,GO_BP,GOBP_CARTILAGE_DEVELOPMENT,Cartilage development,11,166,998,0.011,0.0112,0.982,0.5692639349804285,0.9999998599426523,"GPLD1, TAPT1, COL11A2, ERRFI1, SOX5, MAF, GHR, ATF2, NFIA, TSKU, CBS",False
C5_all,GO_BP,GOBP_SKELETAL_SYSTEM_MORPHOGENESIS,Skeletal system morphogenesis,11,166,998,0.011,0.0112,0.982,0.5692639349804285,0.9999998599426523,"RDH10, RAB33B, MTHFD1, SOX5, NDST1, GHR, ATF2, ACVR2B, TSKU, CITED2, CBS",False
C5_all,GO_BP,GOBP_NEGATIVE_REGULATION_OF_PROTEIN_LOCALIZATION_TO_CELL_PERIPHERY,Negative regulation of protein localization to cell periphery,2,28,998,0.002,0.0019,1.059,0.572183762899879,0.9999998599426523,"NUMB, WNK3",False
C5_all,GO_BP,GOBP_NEGATIVE_REGULATION_OF_T_CELL_MEDIATED_IMMUNITY,Negative regulation of t cell mediated immunity,2,28,998,0.002,0.0019,1.059,0.572183762899879,0.9999998599426523,"ARG1, CLEC4G",False
C5_all,GO_BP,GOBP_ESTABLISHMENT_OF_MITOCHONDRION_LOCALIZATION,Establishment of mitochondrion localization,2,28,998,0.002,0.0019,1.059,0.572183762899879,0.9999998599426523,"RHOT1, HAP1",False
C5_all,GO_BP,GOBP_PHOSPHATIDYLGLYCEROL_METABOLIC_PROCESS,Phosphatidylglycerol metabolic process,2,28,998,0.002,0.0019,1.059,0.572183762899879,0.9999998599426523,"DNAJC19, GPAM",False
C5_all,GO_BP,GOBP_REGULATION_OF_VASCULAR_ENDOTHELIAL_GROWTH_FACTOR_RECEPTOR_SIGNALING_PATHWAY,Regulation of vascular endothelial growth factor receptor signaling pathway,2,28,998,0.002,0.0019,1.059,0.572183762899879,0.9999998599426523,"NEDD4, ARNT",False
C5_all,GO_BP,GOBP_NEGATIVE_REGULATION_OF_DNA_BIOSYNTHETIC_PROCESS,Negative regulation of dna biosynthetic process,2,28,998,0.002,0.0019,1.059,0.572183762899879,0.9999998599426523,"RGN, TENT4B",False
C5_all,GO_BP,GOBP_PROTEIN_K63_LINKED_DEUBIQUITINATION,Protein k63 linked deubiquitination,2,28,998,0.002,0.0019,1.059,0.572183762899879,0.9999998599426523,"USP33, ZRANB1",False
C5_all,GO_BP,GOBP_NEGATIVE_REGULATION_OF_MUSCLE_HYPERTROPHY,Negative regulation of muscle hypertrophy,2,28,998,0.002,0.0019,1.059,0.572183762899879,0.9999998599426523,"PPARA, TOMM70",False
C5_all,GO_BP,GOBP_RESPONSE_TO_PH,Response to ph,2,28,998,0.002,0.0019,1.059,0.572183762899879,0.9999998599426523,"SERPINF1, GPLD1",False
C5_all,GO_BP,GOBP_TRICARBOXYLIC_ACID_CYCLE,Tricarboxylic acid cycle,2,28,998,0.002,0.0019,1.059,0.572183762899879,0.9999998599426523,"SUCLA2, IDH1",False
C5_all,GO_BP,GOBP_ANTERIOR_POSTERIOR_PATTERN_SPECIFICATION,Anterior posterior pattern specification,9,136,998,0.009,0.0092,0.981,0.5731150019232925,0.9999998599426523,"CDON, TBX3, COBL, POFUT1, PLD6, EPB41L5, HIPK2, ACVR2B, ALDH1A2",False
C5_all,GO_BP,GOBP_REGULATION_OF_CALCIUM_ION_TRANSMEMBRANE_TRANSPORT,Regulation of calcium ion transmembrane transport,9,136,998,0.009,0.0092,0.981,0.5731150019232925,0.9999998599426523,"NOS1AP, DRD1, FMR1, P2RX3, HAP1, TRPC3, DIAPH1, TMEM38B, AKAP6",False
C5_all,GO_BP,GOBP_REGULATION_OF_GLUCONEOGENESIS,Regulation of gluconeogenesis,3,44,998,0.003,0.003,1.011,0.5776398542853736,0.9999998599426523,"GNMT, ACADM, PPARA",False
C5_all,GO_BP,GOBP_PROTEIN_TARGETING_TO_VACUOLE,Protein targeting to vacuole,3,44,998,0.003,0.003,1.011,0.5776398542853736,0.9999998599426523,"NEDD4, SORL1, PIK3R4",False
C5_all,GO_BP,GOBP_ALPHA_BETA_T_CELL_PROLIFERATION,Alpha beta t cell proliferation,3,44,998,0.003,0.003,1.011,0.5776398542853736,0.9999998599426523,"ITCH, CLEC4G, NDFIP1",False
C5_all,GO_BP,GOBP_INTRACELLULAR_RECEPTOR_SIGNALING_PATHWAY,Intracellular receptor signaling pathway,22,334,998,0.022,0.0226,0.976,0.5786295182671288,0.9999998599426523,"NEDD4, AR, SKP2, CRY2, NR3C2, THRB, NR1H3, ERRFI1, RTN4, NR5A2, STRN3, ARNT, PPARA, NCOR1, NR1I3, PLIN5, ESR1, ITCH, TRIM24, RORA, CITED2, ALDH1A2",False
C5_all,GO_BP,GOBP_REGULATION_OF_INSULIN_SECRETION,Regulation of insulin secretion,9,137,998,0.009,0.0093,0.974,0.5820789060425358,0.9999998599426523,"GPLD1, RAPGEF4, VSNL1, ACVR1C, PCK2, HADH, SLC2A2, GLUD1, ABAT",False
C5_all,GO_BP,GOBP_PLASMA_MEMBRANE_ORGANIZATION,Plasma membrane organization,9,137,998,0.009,0.0093,0.974,0.5820789060425358,0.9999998599426523,"SOD1, SERPINA5, AR, MTSS1, XKR4, PALS1, SYPL2, ROPN1B, TRPC5",False
C5_all,GO_BP,GOBP_POSITIVE_REGULATION_OF_PEPTIDYL_SERINE_PHOSPHORYLATION,Positive regulation of peptidyl serine phosphorylation,4,60,998,0.004,0.0041,0.988,0.5832518037572623,0.9999998599426523,"EGFR, FNIP1, PFN2, FNIP2",False
C5_all,GO_BP,GOBP_NEPHRON_MORPHOGENESIS,Nephron morphogenesis,4,60,998,0.004,0.0041,0.988,0.5832518037572623,0.9999998599426523,"LGR4, GREB1L, HS2ST1, HS3ST3B1",False
C5_all,GO_BP,GOBP_POSITIVE_REGULATION_OF_MRNA_METABOLIC_PROCESS,Positive regulation of mrna metabolic process,8,122,998,0.008,0.0082,0.972,0.5851847737223679,0.9999998599426523,"SLC39A5, PRDX6, FXR1, TENT4B, PATL1, CNOT7, RIDA, TUT7",False
C5_all,GO_BP,GOBP_MORPHOGENESIS_OF_A_BRANCHING_STRUCTURE,Morphogenesis of a branching structure,11,168,998,0.011,0.0114,0.971,0.5855035562500013,0.9999998599426523,"NTN4, RDH10, LGR4, PROX1, TBX3, RSPO3, AR, RTN4, GREB1L, ESR1, HS3ST3B1",False
C5_all,GO_BP,GOBP_REGULATION_OF_CELL_DIVISION,Regulation of cell division,10,153,998,0.01,0.0103,0.969,0.5879881759180103,0.9999998599426523,"DCDC1, FSD1, ZZZ3, CAT, PIK3R4, CUL3, CCP110, MAP10, TEX14, CDC14B",False
C5_all,GO_BP,GOBP_VESICLE_CARGO_LOADING,Vesicle cargo loading,2,29,998,0.002,0.002,1.022,0.5915349095832186,0.9999998599426523,"SEC24B, SAR1B",False
C5_all,GO_BP,GOBP_PHOSPHATIDYLINOSITOL_DEPHOSPHORYLATION,Phosphatidylinositol dephosphorylation,2,29,998,0.002,0.002,1.022,0.5915349095832186,0.9999998599426523,"MTM1, MTMR4",False
C5_all,GO_BP,GOBP_POSITIVE_REGULATION_OF_EXTRACELLULAR_MATRIX_ORGANIZATION,Positive regulation of extracellular matrix organization,2,29,998,0.002,0.002,1.022,0.5915349095832186,0.9999998599426523,"PHLDB2, CPB2",False
C5_all,GO_BP,GOBP_REGULATION_OF_NEURON_PROJECTION_REGENERATION,Regulation of neuron projection regeneration,2,29,998,0.002,0.002,1.022,0.5915349095832186,0.9999998599426523,"CERS2, PTPRF",False
C5_all,GO_BP,GOBP_POSITIVE_REGULATION_OF_GLUCOSE_IMPORT,Positive regulation of glucose import,2,29,998,0.002,0.002,1.022,0.5915349095832186,0.9999998599426523,"PIK3R1, KLF15",False
C5_all,GO_BP,GOBP_POSITIVE_REGULATION_OF_CELLULAR_RESPONSE_TO_TRANSFORMING_GROWTH_FACTOR_BETA_STIMULUS,Positive regulation of cellular response to transforming growth factor beta stimulus,2,29,998,0.002,0.002,1.022,0.5915349095832186,0.9999998599426523,"CITED2, HIPK2",False
C5_all,GO_BP,GOBP_POSITIVE_REGULATION_OF_COAGULATION,Positive regulation of coagulation,2,29,998,0.002,0.002,1.022,0.5915349095832186,0.9999998599426523,"CPB2, PLG",False
C5_all,GO_BP,GOBP_NEGATIVE_REGULATION_OF_ACTIN_FILAMENT_BUNDLE_ASSEMBLY,Negative regulation of actin filament bundle assembly,2,29,998,0.002,0.002,1.022,0.5915349095832186,0.9999998599426523,"PHLDB2, PIK3R1",False
C5_all,GO_BP,GOBP_POSITIVE_REGULATION_OF_FILOPODIUM_ASSEMBLY,Positive regulation of filopodium assembly,2,29,998,0.002,0.002,1.022,0.5915349095832186,0.9999998599426523,"FMR1, PIK3R1",False
C5_all,GO_BP,GOBP_EXIT_FROM_MITOSIS,Exit from mitosis,2,29,998,0.002,0.002,1.022,0.5915349095832186,0.9999998599426523,"NFIA, CDC14B",False
C5_all,GO_BP,GOBP_NEGATIVE_REGULATION_OF_CD4_POSITIVE_ALPHA_BETA_T_CELL_ACTIVATION,Negative regulation of cd4 positive alpha beta t cell activation,2,29,998,0.002,0.002,1.022,0.5915349095832186,0.9999998599426523,"ITCH, NDFIP1",False
C5_all,GO_BP,GOBP_REGULATION_OF_RUFFLE_ASSEMBLY,Regulation of ruffle assembly,2,29,998,0.002,0.002,1.022,0.5915349095832186,0.9999998599426523,"COBL, PFN2",False
C5_all,GO_BP,GOBP_REGULATION_OF_ENDOCRINE_PROCESS,Regulation of endocrine process,2,29,998,0.002,0.002,1.022,0.5915349095832186,0.9999998599426523,"CRY2, REN",False
C5_all,GO_BP,GOBP_NEGATIVE_REGULATION_OF_FIBROBLAST_PROLIFERATION,Negative regulation of fibroblast proliferation,2,29,998,0.002,0.002,1.022,0.5915349095832186,0.9999998599426523,"FBXO4, NUPR1",False
C5_all,GO_BP,GOBP_REGULATION_OF_PRESYNAPSE_ORGANIZATION,Regulation of presynapse organization,2,29,998,0.002,0.002,1.022,0.5915349095832186,0.9999998599426523,"IL1RAP, SLITRK3",False
C5_all,GO_BP,GOBP_POSITIVE_REGULATION_OF_NEUROBLAST_PROLIFERATION,Positive regulation of neuroblast proliferation,2,29,998,0.002,0.002,1.022,0.5915349095832186,0.9999998599426523,"DCT, CDON",False
C5_all,GO_BP,GOBP_LYMPH_VESSEL_DEVELOPMENT,Lymph vessel development,2,29,998,0.002,0.002,1.022,0.5915349095832186,0.9999998599426523,"PROX1, ACVR2B",False
C5_all,GO_BP,GOBP_REGULATION_OF_TYPE_2_IMMUNE_RESPONSE,Regulation of type 2 immune response,2,29,998,0.002,0.002,1.022,0.5915349095832186,0.9999998599426523,"ARG1, NDFIP1",False
C5_all,GO_BP,GOBP_RETINOIC_ACID_RECEPTOR_SIGNALING_PATHWAY,Retinoic acid receptor signaling pathway,2,29,998,0.002,0.002,1.022,0.5915349095832186,0.9999998599426523,"ALDH1A2, THRB",False
C5_all,GO_BP,GOBP_CORONARY_VASCULATURE_DEVELOPMENT,Coronary vasculature development,3,45,998,0.003,0.003,0.988,0.5931179596512628,0.9999998599426523,"SEC24B, ABCC9, NDST1",False
C5_all,GO_BP,GOBP_REGULATION_OF_AUTOPHAGOSOME_ASSEMBLY,Regulation of autophagosome assembly,3,45,998,0.003,0.003,0.988,0.5931179596512628,0.9999998599426523,"NUPR1, TBC1D14, MTM1",False
C5_all,GO_BP,GOBP_CELLULAR_RESPONSE_TO_NUTRIENT,Cellular response to nutrient,3,45,998,0.003,0.003,0.988,0.5931179596512628,0.9999998599426523,"RPS6KB1, TRIM24, POSTN",False
C5_all,GO_BP,GOBP_PHAGOCYTOSIS_ENGULFMENT,Phagocytosis engulfment,3,45,998,0.003,0.003,0.988,0.5931179596512628,0.9999998599426523,"ABCA1, MEGF10, XKR4",False
C5_all,GO_BP,GOBP_CELLULAR_RESPONSE_TO_ABIOTIC_STIMULUS,Cellular response to abiotic stimulus,19,291,998,0.019,0.0197,0.968,0.5932870890166433,0.9999998599426523,"NEDD4, GCLC, MME, EGFR, CRY2, AVPR1A, GPLD1, WNK3, FBXO4, NUCKS1, PIK3R1, TMEM150C, BNIP3, MICU1, CRADD, EFHD1, GRM1, ZFAND1, PTPRK",False
C5_all,GO_BP,GOBP_POSITIVE_REGULATION_OF_CALCIUM_ION_TRANSPORT,Positive regulation of calcium ion transport,6,92,998,0.006,0.0062,0.967,0.5939795103547406,0.9999998599426523,"WNK3, DRD1, P2RX3, HAP1, TRPC3, AKAP6",False
C5_all,GO_BP,GOBP_EAR_MORPHOGENESIS,Ear morphogenesis,6,92,998,0.006,0.0062,0.967,0.5939795103547406,0.9999998599426523,"SOD1, PROX1, CDH23, TBX3, GRHL3, SEC24B",False
C5_all,GO_BP,GOBP_CHEMICAL_SYNAPTIC_TRANSMISSION_POSTSYNAPTIC,Chemical synaptic transmission postsynaptic,6,92,998,0.006,0.0062,0.967,0.5939795103547406,0.9999998599426523,"RELN, P2RX3, CHRNA2, CHRNA4, CUX2, ABAT",False
C5_all,GO_BP,GOBP_PROTEIN_PROCESSING,Protein processing,14,215,998,0.014,0.0145,0.965,0.5943310337426446,0.9999998599426523,"IMMP1L, SCG5, PCSK2, CPB2, TMPRSS4, MME, ENPEP, HJV, F11, REN, LONP2, BCHE, F9, KLKB1",False
C5_all,GO_BP,GOBP_POSITIVE_REGULATION_OF_PROTEOLYSIS_INVOLVED_IN_PROTEIN_CATABOLIC_PROCESS,Positive regulation of proteolysis involved in protein catabolic process,8,123,998,0.008,0.0083,0.964,0.5945567271321441,0.9999998599426523,"SH3RF2, ZYG11B, GCLC, FMR1, HECTD1, L3MBTL3, RGN, NUPR1",False
C5_all,GO_BP,GOBP_B_CELL_MEDIATED_IMMUNITY,B cell mediated immunity,8,123,998,0.008,0.0083,0.964,0.5945567271321441,0.9999998599426523,"C5, C1S, C6, MASP2, C8A, NDFIP1, C8B, C4BPB",False
C5_all,GO_BP,GOBP_REGULATION_OF_MONOATOMIC_ION_TRANSMEMBRANE_TRANSPORT,Regulation of monoatomic ion transmembrane transport,18,276,998,0.018,0.0187,0.967,0.5945682918233111,0.9999998599426523,"NOS1AP, KCNN2, NEDD4, KCNC2, WNK3, SLC30A1, LRRC55, DRD1, FMR1, SLC26A5, P2RX3, SLMAP, HAP1, TRPC3, DIAPH1, KCNJ3, TMEM38B, AKAP6",False
C5_all,GO_BP,GOBP_SENSORY_PERCEPTION_OF_LIGHT_STIMULUS,Sensory perception of light stimulus,10,154,998,0.01,0.0104,0.963,0.5963646815527219,0.9999998599426523,"CYP4V2, RDH10, CDH23, SLC4A10, CNGA1, ABCC6, USH2A, ADGRV1, DNAJC19, POU6F2",False
C5_all,GO_BP,GOBP_TISSUE_REGENERATION,Tissue regeneration,4,61,998,0.004,0.0041,0.972,0.5965068707755241,0.9999998599426523,"PLG, APOA5, POSTN, TEC",False
C5_all,GO_BP,GOBP_NEGATIVE_REGULATION_OF_CELLULAR_RESPONSE_TO_VASCULAR_ENDOTHELIAL_GROWTH_FACTOR_STIMULUS,Negative regulation of cellular response to vascular endothelial growth factor stimulus,1,13,998,0.001,0.0009,1.14,0.5968072739384234,0.9999998599426523,XDH,False
C5_all,GO_BP,GOBP_POSITIVE_REGULATION_OF_CIRCADIAN_RHYTHM,Positive regulation of circadian rhythm,1,13,998,0.001,0.0009,1.14,0.5968072739384234,0.9999998599426523,RORA,False
C5_all,GO_BP,GOBP_G_PROTEIN_COUPLED_SEROTONIN_RECEPTOR_SIGNALING_PATHWAY,G protein coupled serotonin receptor signaling pathway,1,13,998,0.001,0.0009,1.14,0.5968072739384234,0.9999998599426523,HTR2A,False
C5_all,GO_BP,GOBP_CELLULAR_RESPONSE_TO_PURINE_CONTAINING_COMPOUND,Cellular response to purine containing compound,1,13,998,0.001,0.0009,1.14,0.5968072739384234,0.9999998599426523,TMEM38B,False
C5_all,GO_BP,GOBP_DETECTION_OF_MECHANICAL_STIMULUS_INVOLVED_IN_SENSORY_PERCEPTION_OF_PAIN,Detection of mechanical stimulus involved in sensory perception of pain,1,13,998,0.001,0.0009,1.14,0.5968072739384234,0.9999998599426523,HTR2A,False
C5_all,GO_BP,GOBP_DETECTION_OF_MECHANICAL_STIMULUS_INVOLVED_IN_SENSORY_PERCEPTION_OF_SOUND,Detection of mechanical stimulus involved in sensory perception of sound,1,13,998,0.001,0.0009,1.14,0.5968072739384234,0.9999998599426523,ADGRV1,False
C5_all,GO_BP,GOBP_NOREPINEPHRINE_METABOLIC_PROCESS,Norepinephrine metabolic process,1,13,998,0.001,0.0009,1.14,0.5968072739384234,0.9999998599426523,RTL4,False
C5_all,GO_BP,GOBP_FAT_SOLUBLE_VITAMIN_BIOSYNTHETIC_PROCESS,Fat soluble vitamin biosynthetic process,1,13,998,0.001,0.0009,1.14,0.5968072739384234,0.9999998599426523,CYP27A1,False
C5_all,GO_BP,GOBP_SPINAL_CORD_PATTERNING,Spinal cord patterning,1,13,998,0.001,0.0009,1.14,0.5968072739384234,0.9999998599426523,RELN,False
C5_all,GO_BP,GOBP_RAP_PROTEIN_SIGNAL_TRANSDUCTION,Rap protein signal transduction,1,13,998,0.001,0.0009,1.14,0.5968072739384234,0.9999998599426523,RAPGEF2,False
C5_all,GO_BP,GOBP_NEGATIVE_REGULATION_OF_ANDROGEN_RECEPTOR_SIGNALING_PATHWAY,Negative regulation of androgen receptor signaling pathway,1,13,998,0.001,0.0009,1.14,0.5968072739384234,0.9999998599426523,NCOR1,False
C5_all,GO_BP,GOBP_ATRIOVENTRICULAR_CANAL_DEVELOPMENT,Atrioventricular canal development,1,13,998,0.001,0.0009,1.14,0.5968072739384234,0.9999998599426523,TBX3,False
C5_all,GO_BP,GOBP_CYTOPLASM_ORGANIZATION,Cytoplasm organization,1,13,998,0.001,0.0009,1.14,0.5968072739384234,0.9999998599426523,PLD6,False
C5_all,GO_BP,GOBP_NUCLEOSIDE_DIPHOSPHATE_BIOSYNTHETIC_PROCESS,Nucleoside diphosphate biosynthetic process,1,13,998,0.001,0.0009,1.14,0.5968072739384234,0.9999998599426523,DHODH,False
C5_all,GO_BP,GOBP_PYRAMIDAL_NEURON_DIFFERENTIATION,Pyramidal neuron differentiation,1,13,998,0.001,0.0009,1.14,0.5968072739384234,0.9999998599426523,SLC4A10,False
C5_all,GO_BP,GOBP_TOXIN_METABOLIC_PROCESS,Toxin metabolic process,1,13,998,0.001,0.0009,1.14,0.5968072739384234,0.9999998599426523,CYP1A2,False
C5_all,GO_BP,GOBP_GMP_BIOSYNTHETIC_PROCESS,Gmp biosynthetic process,1,13,998,0.001,0.0009,1.14,0.5968072739384234,0.9999998599426523,ADK,False
C5_all,GO_BP,GOBP_POSITIVE_REGULATION_OF_HETEROTYPIC_CELL_CELL_ADHESION,Positive regulation of heterotypic cell cell adhesion,1,13,998,0.001,0.0009,1.14,0.5968072739384234,0.9999998599426523,GCNT2,False
C5_all,GO_BP,GOBP_POSITIVE_REGULATION_OF_INTERLEUKIN_13_PRODUCTION,Positive regulation of interleukin 13 production,1,13,998,0.001,0.0009,1.14,0.5968072739384234,0.9999998599426523,IL1RAP,False
C5_all,GO_BP,GOBP_GAP_JUNCTION_ASSEMBLY,Gap junction assembly,1,13,998,0.001,0.0009,1.14,0.5968072739384234,0.9999998599426523,GJB1,False
C5_all,GO_BP,GOBP_IMMATURE_T_CELL_PROLIFERATION,Immature t cell proliferation,1,13,998,0.001,0.0009,1.14,0.5968072739384234,0.9999998599426523,CLEC4G,False
C5_all,GO_BP,GOBP_POSITIVE_REGULATION_OF_ENDOPLASMIC_RETICULUM_UNFOLDED_PROTEIN_RESPONSE,Positive regulation of endoplasmic reticulum unfolded protein response,1,13,998,0.001,0.0009,1.14,0.5968072739384234,0.9999998599426523,PIK3R1,False
C5_all,GO_BP,GOBP_POSITIVE_REGULATION_OF_DENDRITE_DEVELOPMENT,Positive regulation of dendrite development,1,13,998,0.001,0.0009,1.14,0.5968072739384234,0.9999998599426523,COBL,False
C5_all,GO_BP,GOBP_HISTAMINE_TRANSPORT,Histamine transport,1,13,998,0.001,0.0009,1.14,0.5968072739384234,0.9999998599426523,SLC22A3,False
C5_all,GO_BP,GOBP_GLOMERULAR_MESANGIUM_DEVELOPMENT,Glomerular mesangium development,1,13,998,0.001,0.0009,1.14,0.5968072739384234,0.9999998599426523,IL6R,False
C5_all,GO_BP,GOBP_T_CELL_EXTRAVASATION,T cell extravasation,1,13,998,0.001,0.0009,1.14,0.5968072739384234,0.9999998599426523,CD99L2,False
C5_all,GO_BP,GOBP_POSITIVE_REGULATION_OF_RUFFLE_ASSEMBLY,Positive regulation of ruffle assembly,1,13,998,0.001,0.0009,1.14,0.5968072739384234,0.9999998599426523,COBL,False
C5_all,GO_BP,GOBP_POSITIVE_REGULATION_OF_SMOOTH_MUSCLE_CELL_APOPTOTIC_PROCESS,Positive regulation of smooth muscle cell apoptotic process,1,13,998,0.001,0.0009,1.14,0.5968072739384234,0.9999998599426523,ADCY10,False
C5_all,GO_BP,GOBP_POSITIVE_REGULATION_OF_SODIUM_ION_TRANSMEMBRANE_TRANSPORTER_ACTIVITY,Positive regulation of sodium ion transmembrane transporter activity,1,13,998,0.001,0.0009,1.14,0.5968072739384234,0.9999998599426523,WNK3,False
C5_all,GO_BP,GOBP_REGULATION_OF_MAMMARY_GLAND_EPITHELIAL_CELL_PROLIFERATION,Regulation of mammary gland epithelial cell proliferation,1,13,998,0.001,0.0009,1.14,0.5968072739384234,0.9999998599426523,RTN4,False
C5_all,GO_BP,GOBP_REGULATION_OF_KERATINOCYTE_MIGRATION,Regulation of keratinocyte migration,1,13,998,0.001,0.0009,1.14,0.5968072739384234,0.9999998599426523,EPB41L4B,False
C5_all,GO_BP,GOBP_ADHESION_OF_SYMBIONT_TO_HOST,Adhesion of symbiont to host,1,13,998,0.001,0.0009,1.14,0.5968072739384234,0.9999998599426523,CLEC4M,False
C5_all,GO_BP,GOBP_NEGATIVE_REGULATION_OF_LONG_TERM_SYNAPTIC_POTENTIATION,Negative regulation of long term synaptic potentiation,1,13,998,0.001,0.0009,1.14,0.5968072739384234,0.9999998599426523,FXR1,False
C5_all,GO_BP,GOBP_NEGATIVE_REGULATION_OF_GLUCOSE_IMPORT,Negative regulation of glucose import,1,13,998,0.001,0.0009,1.14,0.5968072739384234,0.9999998599426523,ENPP1,False
C5_all,GO_BP,GOBP_NERVE_GROWTH_FACTOR_SIGNALING_PATHWAY,Nerve growth factor signaling pathway,1,13,998,0.001,0.0009,1.14,0.5968072739384234,0.9999998599426523,RAPGEF2,False
C5_all,GO_BP,GOBP_GOLGI_LOCALIZATION,Golgi localization,1,13,998,0.001,0.0009,1.14,0.5968072739384234,0.9999998599426523,DAB1,False
C5_all,GO_BP,GOBP_CDP_DIACYLGLYCEROL_BIOSYNTHETIC_PROCESS,Cdp diacylglycerol biosynthetic process,1,13,998,0.001,0.0009,1.14,0.5968072739384234,0.9999998599426523,GPAM,False
C5_all,GO_BP,GOBP_NEGATIVE_REGULATION_OF_COMPLEMENT_ACTIVATION,Negative regulation of complement activation,1,13,998,0.001,0.0009,1.14,0.5968072739384234,0.9999998599426523,C4BPB,False
C5_all,GO_BP,GOBP_NEURON_REMODELING,Neuron remodeling,1,13,998,0.001,0.0009,1.14,0.5968072739384234,0.9999998599426523,NTN4,False
C5_all,GO_BP,GOBP_PURINE_CONTAINING_COMPOUND_SALVAGE,Purine containing compound salvage,1,13,998,0.001,0.0009,1.14,0.5968072739384234,0.9999998599426523,ADK,False
C5_all,GO_BP,GOBP_POSITIVE_REGULATION_OF_MITOCHONDRIAL_TRANSLATION,Positive regulation of mitochondrial translation,1,13,998,0.001,0.0009,1.14,0.5968072739384234,0.9999998599426523,RPUSD4,False
C5_all,GO_BP,GOBP_REGULATION_OF_RETROGRADE_PROTEIN_TRANSPORT_ER_TO_CYTOSOL,Regulation of retrograde protein transport er to cytosol,1,13,998,0.001,0.0009,1.14,0.5968072739384234,0.9999998599426523,EDEM1,False
C5_all,GO_BP,GOBP_NEGATIVE_REGULATION_OF_AMINO_ACID_TRANSPORT,Negative regulation of amino acid transport,1,13,998,0.001,0.0009,1.14,0.5968072739384234,0.9999998599426523,ABAT,False
C5_all,GO_BP,GOBP_RENAL_SODIUM_ION_TRANSPORT,Renal sodium ion transport,1,13,998,0.001,0.0009,1.14,0.5968072739384234,0.9999998599426523,PON3,False
C5_all,GO_BP,GOBP_BRANCHING_INVOLVED_IN_LABYRINTHINE_LAYER_MORPHOGENESIS,Branching involved in labyrinthine layer morphogenesis,1,13,998,0.001,0.0009,1.14,0.5968072739384234,0.9999998599426523,RSPO3,False
C5_all,GO_BP,GOBP_NEUROMUSCULAR_PROCESS_CONTROLLING_POSTURE,Neuromuscular process controlling posture,1,13,998,0.001,0.0009,1.14,0.5968072739384234,0.9999998599426523,TMEM150C,False
C5_all,GO_BP,GOBP_POSITIVE_REGULATION_OF_NEUROINFLAMMATORY_RESPONSE,Positive regulation of neuroinflammatory response,1,13,998,0.001,0.0009,1.14,0.5968072739384234,0.9999998599426523,NUPR1,False
C5_all,GO_BP,GOBP_NEGATIVE_REGULATION_OF_LYASE_ACTIVITY,Negative regulation of lyase activity,1,13,998,0.001,0.0009,1.14,0.5968072739384234,0.9999998599426523,ADGRV1,False
C5_all,GO_BP,GOBP_AMINO_ACID_BETAINE_TRANSPORT,Amino acid betaine transport,1,13,998,0.001,0.0009,1.14,0.5968072739384234,0.9999998599426523,SLC22A1,False
C5_all,GO_BP,GOBP_NEGATIVE_REGULATION_OF_INTRACELLULAR_ESTROGEN_RECEPTOR_SIGNALING_PATHWAY,Negative regulation of intracellular estrogen receptor signaling pathway,1,13,998,0.001,0.0009,1.14,0.5968072739384234,0.9999998599426523,STRN3,False
C5_all,GO_BP,GOBP_THROMBIN_ACTIVATED_RECEPTOR_SIGNALING_PATHWAY,Thrombin activated receptor signaling pathway,1,13,998,0.001,0.0009,1.14,0.5968072739384234,0.9999998599426523,IQGAP2,False
C5_all,GO_BP,GOBP_MEIOTIC_SISTER_CHROMATID_COHESION,Meiotic sister chromatid cohesion,1,13,998,0.001,0.0009,1.14,0.5968072739384234,0.9999998599426523,HORMAD2,False
C5_all,GO_BP,GOBP_PROTEIN_INSERTION_INTO_MITOCHONDRIAL_OUTER_MEMBRANE,Protein insertion into mitochondrial outer membrane,1,13,998,0.001,0.0009,1.14,0.5968072739384234,0.9999998599426523,TOMM70,False
C5_all,GO_BP,GOBP_REGULATION_OF_PROTEIN_COMPLEX_STABILITY,Regulation of protein complex stability,1,13,998,0.001,0.0009,1.14,0.5968072739384234,0.9999998599426523,TBX3,False
C5_all,GO_BP,GOBP_NEGATIVE_REGULATION_OF_INTERFERON_BETA_PRODUCTION,Negative regulation of interferon beta production,1,13,998,0.001,0.0009,1.14,0.5968072739384234,0.9999998599426523,PPM1B,False
C5_all,GO_BP,GOBP_LOCOMOTOR_RHYTHM,Locomotor rhythm,1,13,998,0.001,0.0009,1.14,0.5968072739384234,0.9999998599426523,NCOR1,False
C5_all,GO_BP,GOBP_NEGATIVE_REGULATION_OF_NITRIC_OXIDE_METABOLIC_PROCESS,Negative regulation of nitric oxide metabolic process,1,13,998,0.001,0.0009,1.14,0.5968072739384234,0.9999998599426523,RGN,False
C5_all,GO_BP,GOBP_LAYER_FORMATION_IN_CEREBRAL_CORTEX,Layer formation in cerebral cortex,1,13,998,0.001,0.0009,1.14,0.5968072739384234,0.9999998599426523,RELN,False
C5_all,GO_BP,GOBP_REGULATION_OF_RECEPTOR_CLUSTERING,Regulation of receptor clustering,1,13,998,0.001,0.0009,1.14,0.5968072739384234,0.9999998599426523,MESD,False
C5_all,GO_BP,GOBP_REGULATION_OF_GASTRULATION,Regulation of gastrulation,1,13,998,0.001,0.0009,1.14,0.5968072739384234,0.9999998599426523,PHLDB2,False
C5_all,GO_BP,GOBP_NEURAL_CREST_FORMATION,Neural crest formation,1,13,998,0.001,0.0009,1.14,0.5968072739384234,0.9999998599426523,LRP6,False
C5_all,GO_BP,GOBP_POST_GOLGI_VESICLE_MEDIATED_TRANSPORT,Post golgi vesicle mediated transport,7,108,998,0.007,0.0073,0.961,0.5990092174950709,0.9999998599426523,"SORL1, MON2, EHD3, RBSN, MYO1B, CNST, KLHL20",False
C5_all,GO_BP,GOBP_REGULATION_OF_MONOATOMIC_ION_TRANSPORT,Regulation of monoatomic ion transport,24,368,998,0.024,0.0249,0.967,0.5994400767950647,0.9999998599426523,"NEDD4, CNKSR3, DIAPH1, KCNC2, WNK3, SLC30A1, HOMER2, SLC26A5, HTR2A, TRPC3, AKAP6, KCNN2, NKAIN3, FMR1, P2RX3, SLMAP, MAOB, NOS1AP, LRRC55, DRD1, PKP2, HAP1, KCNJ3, TMEM38B",False
C5_all,GO_BP,GOBP_REGULATION_OF_TRANSLATIONAL_INITIATION,Regulation of translational initiation,5,77,998,0.005,0.0052,0.963,0.6004887656005555,0.9999998599426523,"RPS6KB1, PDIK1L, PAIP2B, FMR1, EIF4EBP2",False
C5_all,GO_BP,GOBP_PEPTIDYL_LYSINE_MODIFICATION,Peptidyl lysine modification,8,124,998,0.008,0.0084,0.956,0.6038236461746929,0.9999998599426523,"SETD7, ARNT, SENP2, KLF15, ETFBKMT, SMC6, LIPT2, SIRT5",False
C5_all,GO_BP,GOBP_REGULATION_OF_SMOOTH_MUSCLE_CONTRACTION,Regulation of smooth muscle contraction,3,46,998,0.003,0.0031,0.967,0.6082232230023608,0.9999998599426523,"SOD1, ADRA1A, ABAT",False
C5_all,GO_BP,GOBP_REGULATION_OF_NEURONAL_SYNAPTIC_PLASTICITY,Regulation of neuronal synaptic plasticity,3,46,998,0.003,0.0031,0.967,0.6082232230023608,0.9999998599426523,"FMR1, FXR1, SLC4A10",False
C5_all,GO_BP,GOBP_POSITIVE_REGULATION_OF_OSSIFICATION,Positive regulation of ossification,3,46,998,0.003,0.0031,0.967,0.6082232230023608,0.9999998599426523,"ADCY10, ACVR2B, ADGRV1",False
C5_all,GO_BP,GOBP_BODY_MORPHOGENESIS,Body morphogenesis,3,46,998,0.003,0.0031,0.967,0.6082232230023608,0.9999998599426523,"PHLDB2, CDON, ZNF281",False
C5_all,GO_BP,GOBP_MEMBRANE_LIPID_CATABOLIC_PROCESS,Membrane lipid catabolic process,3,46,998,0.003,0.0031,0.967,0.6082232230023608,0.9999998599426523,"NEU3, NEU4, ASAH2B",False
C5_all,GO_BP,GOBP_ENDOCARDIAL_CUSHION_DEVELOPMENT,Endocardial cushion development,3,46,998,0.003,0.0031,0.967,0.6082232230023608,0.9999998599426523,"TBX3, CITED2, ERBB3",False
C5_all,GO_BP,GOBP_REGULATION_OF_INSULIN_SECRETION_INVOLVED_IN_CELLULAR_RESPONSE_TO_GLUCOSE_STIMULUS,Regulation of insulin secretion involved in cellular response to glucose stimulus,3,46,998,0.003,0.0031,0.967,0.6082232230023608,0.9999998599426523,"GPLD1, VSNL1, SLC2A2",False
C5_all,GO_BP,GOBP_REGULATION_OF_STEROID_BIOSYNTHETIC_PROCESS,Regulation of steroid biosynthetic process,4,62,998,0.004,0.0042,0.956,0.6095070010385715,0.9999998599426523,"SOD1, SEC14L2, LPCAT3, PROX1",False
C5_all,GO_BP,GOBP_POSITIVE_REGULATION_OF_NON_CANONICAL_NF_KAPPAB_SIGNAL_TRANSDUCTION,Positive regulation of non canonical nf kappab signal transduction,4,62,998,0.004,0.0042,0.956,0.6095070010385715,0.9999998599426523,"EDA, LRRC19, NR3C2, EGFR",False
C5_all,GO_BP,GOBP_REGULATION_OF_TRANSCRIPTION_BY_RNA_POLYMERASE_III,Regulation of transcription by rna polymerase iii,2,30,998,0.002,0.002,0.988,0.6102251815144365,0.9999998599426523,"POLR3G, AR",False
C5_all,GO_BP,GOBP_POSITIVE_REGULATION_OF_DEFENSE_RESPONSE_TO_VIRUS_BY_HOST,Positive regulation of defense response to virus by host,2,30,998,0.002,0.002,0.988,0.6102251815144365,0.9999998599426523,"TOMM70, IL27",False
C5_all,GO_BP,GOBP_PROTEIN_LOCALIZATION_TO_GOLGI_APPARATUS,Protein localization to golgi apparatus,2,30,998,0.002,0.002,0.988,0.6102251815144365,0.9999998599426523,"SORL1, RAB33B",False
C5_all,GO_BP,GOBP_AORTA_MORPHOGENESIS,Aorta morphogenesis,2,30,998,0.002,0.002,0.988,0.6102251815144365,0.9999998599426523,"SEC24B, PROX1",False
C5_all,GO_BP,GOBP_NEGATIVE_REGULATION_OF_GLIOGENESIS,Negative regulation of gliogenesis,2,30,998,0.002,0.002,0.988,0.6102251815144365,0.9999998599426523,"CERS2, DAB1",False
C5_all,GO_BP,GOBP_POSITIVE_REGULATION_OF_CELL_SUBSTRATE_JUNCTION_ORGANIZATION,Positive regulation of cell substrate junction organization,2,30,998,0.002,0.002,0.988,0.6102251815144365,0.9999998599426523,"EPB41L5, PIK3R1",False
C5_all,GO_BP,GOBP_NEGATIVE_REGULATION_OF_LYMPHOCYTE_APOPTOTIC_PROCESS,Negative regulation of lymphocyte apoptotic process,2,30,998,0.002,0.002,0.988,0.6102251815144365,0.9999998599426523,"GPAM, RAG1",False
C5_all,GO_BP,GOBP_POSITIVE_REGULATION_OF_MORPHOGENESIS_OF_AN_EPITHELIUM,Positive regulation of morphogenesis of an epithelium,2,30,998,0.002,0.002,0.988,0.6102251815144365,0.9999998599426523,"LGR4, AR",False
C5_all,GO_BP,GOBP_NEGATIVE_REGULATION_OF_DEPHOSPHORYLATION,Negative regulation of dephosphorylation,2,30,998,0.002,0.002,0.988,0.6102251815144365,0.9999998599426523,"PPP4R4, CRY2",False
C5_all,GO_BP,GOBP_RELEASE_OF_SEQUESTERED_CALCIUM_ION_INTO_CYTOSOL_BY_ENDOPLASMIC_RETICULUM,Release of sequestered calcium ion into cytosol by endoplasmic reticulum,2,30,998,0.002,0.002,0.988,0.6102251815144365,0.9999998599426523,"TMEM38B, AKAP6",False
C5_all,GO_BP,GOBP_POSITIVE_REGULATION_OF_EXCITATORY_POSTSYNAPTIC_POTENTIAL,Positive regulation of excitatory postsynaptic potential,2,30,998,0.002,0.002,0.988,0.6102251815144365,0.9999998599426523,"CUX2, RELN",False
C5_all,GO_BP,GOBP_GLYCOPROTEIN_CATABOLIC_PROCESS,Glycoprotein catabolic process,2,30,998,0.002,0.002,0.988,0.6102251815144365,0.9999998599426523,"EDEM1, NEU4",False
C5_all,GO_BP,GOBP_LENS_FIBER_CELL_DIFFERENTIATION,Lens fiber cell differentiation,2,30,998,0.002,0.002,0.988,0.6102251815144365,0.9999998599426523,"MAF, PROX1",False
C5_all,GO_BP,GOBP_DENDRITE_EXTENSION,Dendrite extension,2,30,998,0.002,0.002,0.988,0.6102251815144365,0.9999998599426523,"CPNE6, SYT1",False
C5_all,GO_BP,GOBP_DETECTION_OF_MECHANICAL_STIMULUS_INVOLVED_IN_SENSORY_PERCEPTION,Detection of mechanical stimulus involved in sensory perception,2,30,998,0.002,0.002,0.988,0.6102251815144365,0.9999998599426523,"HTR2A, ADGRV1",False
C5_all,GO_BP,GOBP_CEREBELLAR_CORTEX_MORPHOGENESIS,Cerebellar cortex morphogenesis,2,30,998,0.002,0.002,0.988,0.6102251815144365,0.9999998599426523,"PROX1, RORA",False
C5_all,GO_BP,GOBP_PROTEIN_LOCALIZATION_TO_VACUOLE,Protein localization to vacuole,5,78,998,0.005,0.0053,0.95,0.6120611252945345,0.9999998599426523,"NEDD4, RNF128, SORL1, RTN4, PIK3R4",False
C5_all,GO_BP,GOBP_REGULATION_OF_CALCIUM_MEDIATED_SIGNALING,Regulation of calcium mediated signaling,5,78,998,0.005,0.0053,0.95,0.6120611252945345,0.9999998599426523,"ERBB3, HOMER2, RGN, P2RX3, AKAP6",False
C5_all,GO_BP,GOBP_NERVE_DEVELOPMENT,Nerve development,5,78,998,0.005,0.0053,0.95,0.6120611252945345,0.9999998599426523,"KCNC2, ERBB3, ARK2C, SCN8A, CITED2",False
C5_all,GO_BP,GOBP_REGULATION_OF_SECRETION,Regulation of secretion,32,492,998,0.0321,0.0333,0.964,0.6127236099294424,0.9999998599426523,"SYT10, CPB2, SYT1, EGFR, CRY2, AVPR1A, VSNL1, HADH, GPLD1, WNK3, SLC30A1, NR1H3, HTR2A, REN, PCK2, ABAT, SLC6A1, SCG5, RAB33B, ERBB3, FMR1, RAPGEF4, ACVR1C, MAOB, PFN2, TFR2, EXPH5, GPR158, HAP1, CHRNA4, SLC2A2, GLUD1",False
C5_all,GO_BP,GOBP_POSITIVE_REGULATION_OF_CANONICAL_WNT_SIGNALING_PATHWAY,Positive regulation of canonical wnt signaling pathway,6,94,998,0.006,0.0064,0.946,0.6151767124033307,0.9999998599426523,"TBL1X, LGR4, RSPO3, PPM1B, EGFR, EDA",False
C5_all,GO_BP,GOBP_REGULATION_OF_TRANSPORTER_ACTIVITY,Regulation of transporter activity,11,172,998,0.011,0.0116,0.948,0.6171428625470055,0.9999998599426523,"NOS1AP, NEDD4, LRRC55, RELN, WNK3, NR1H3, FMR1, SLMAP, HAP1, NDFIP1, AKAP6",False
C5_all,GO_BP,GOBP_POSITIVE_REGULATION_OF_WNT_SIGNALING_PATHWAY,Positive regulation of wnt signaling pathway,8,126,998,0.008,0.0085,0.941,0.6220292981052666,0.9999998599426523,"TBL1X, ZRANB1, LGR4, RSPO3, PPM1B, EGFR, DIXDC1, EDA",False
C5_all,GO_BP,GOBP_MULTICELLULAR_ORGANISM_GROWTH,Multicellular organism growth,8,126,998,0.008,0.0085,0.941,0.6220292981052666,0.9999998599426523,"SOD1, ETNK2, SLC4A10, PEX5, PLAG1, AR, GHR, GPAM",False
C5_all,GO_BP,GOBP_SENSORY_PERCEPTION_OF_PAIN,Sensory perception of pain,4,63,998,0.004,0.0043,0.941,0.6222464071881414,0.9999998599426523,"HTR2A, GRM1, MME, CHRNA4",False
C5_all,GO_BP,GOBP_OUTFLOW_TRACT_MORPHOGENESIS,Outflow tract morphogenesis,4,63,998,0.004,0.0043,0.941,0.6222464071881414,0.9999998599426523,"SEC24B, TBX3, CITED2, ATF2",False
C5_all,GO_BP,GOBP_REGULATION_OF_PHOSPHATASE_ACTIVITY,Regulation of phosphatase activity,3,47,998,0.003,0.0032,0.946,0.6229496629447748,0.9999998599426523,"PPP4R4, GPLD1, CRY2",False
C5_all,GO_BP,GOBP_POSITIVE_REGULATION_OF_NEURAL_PRECURSOR_CELL_PROLIFERATION,Positive regulation of neural precursor cell proliferation,3,47,998,0.003,0.0032,0.946,0.6229496629447748,0.9999998599426523,"PROX1, DCT, CDON",False
C5_all,GO_BP,GOBP_NEGATIVE_REGULATION_OF_UBIQUITIN_DEPENDENT_PROTEIN_CATABOLIC_PROCESS,Negative regulation of ubiquitin dependent protein catabolic process,3,47,998,0.003,0.0032,0.946,0.6229496629447748,0.9999998599426523,"MTM1, TTC36, HIPK2",False
C5_all,GO_BP,GOBP_NEGATIVE_REGULATION_OF_DNA_RECOMBINATION,Negative regulation of dna recombination,3,47,998,0.003,0.0032,0.946,0.6229496629447748,0.9999998599426523,"RADX, ZRANB3, NDFIP1",False
C5_all,GO_BP,GOBP_OLIGOSACCHARIDE_METABOLIC_PROCESS,Oligosaccharide metabolic process,3,47,998,0.003,0.0032,0.946,0.6229496629447748,0.9999998599426523,"NEU3, NEU4, ST3GAL6",False
C5_all,GO_BP,GOBP_REGULATION_OF_EPITHELIAL_CELL_PROLIFERATION,Regulation of epithelial cell proliferation,19,296,998,0.019,0.02,0.952,0.623430118888211,0.9999998599426523,"MCC, CPB2, AR, STK3, EGFR, PROX1, XDH, MTSS1, RTN4, PTPRK, EPB41L4B, ARNT, RAB33B, NUPR1, AQP11, TRIM24, RGN, SERPINF1, ALDH1A2",False
C5_all,GO_BP,GOBP_BONE_MORPHOGENESIS,Bone morphogenesis,5,79,998,0.005,0.0053,0.938,0.6234359337235624,0.9999998599426523,"GHR, ATF2, TSKU, CITED2, CBS",False
C5_all,GO_BP,GOBP_PROTEIN_POLYUBIQUITINATION,Protein polyubiquitination,16,250,998,0.016,0.0169,0.949,0.6237092327201716,0.9999998599426523,"NEDD4, ANAPC16, RMND5A, KBTBD6, ARK2C, ITCH, FBXO4, HECTD1, SKP2, FBXO28, TTC36, CUL3, KBTBD7, KLHL20, RNF217, UBE2D4",False
C5_all,GO_BP,GOBP_NEGATIVE_REGULATION_OF_NEURON_PROJECTION_REGENERATION,Negative regulation of neuron projection regeneration,1,14,998,0.001,0.0009,1.059,0.6240304889177524,0.9999998599426523,CERS2,False
C5_all,GO_BP,GOBP_REGULATION_OF_STORE_OPERATED_CALCIUM_ENTRY,Regulation of store operated calcium entry,1,14,998,0.001,0.0009,1.059,0.6240304889177524,0.9999998599426523,HOMER2,False
C5_all,GO_BP,GOBP_REGULATION_OF_SENSORY_PERCEPTION,Regulation of sensory perception,1,14,998,0.001,0.0009,1.059,0.6240304889177524,0.9999998599426523,GRM1,False
C5_all,GO_BP,GOBP_OVULATION,Ovulation,1,14,998,0.001,0.0009,1.059,0.6240304889177524,0.9999998599426523,NRIP1,False
C5_all,GO_BP,GOBP_SPINDLE_MIDZONE_ASSEMBLY,Spindle midzone assembly,1,14,998,0.001,0.0009,1.059,0.6240304889177524,0.9999998599426523,MAP10,False
C5_all,GO_BP,GOBP_SPINDLE_ELONGATION,Spindle elongation,1,14,998,0.001,0.0009,1.059,0.6240304889177524,0.9999998599426523,MAP10,False
C5_all,GO_BP,GOBP_ISOTYPE_SWITCHING_TO_IGG_ISOTYPES,Isotype switching to igg isotypes,1,14,998,0.001,0.0009,1.059,0.6240304889177524,0.9999998599426523,NDFIP1,False
C5_all,GO_BP,GOBP_POSITIVE_REGULATION_OF_NON_CANONICAL_WNT_SIGNALING_PATHWAY,Positive regulation of non canonical wnt signaling pathway,1,14,998,0.001,0.0009,1.059,0.6240304889177524,0.9999998599426523,RSPO3,False
C5_all,GO_BP,GOBP_ESTABLISHMENT_OF_BLOOD_BRAIN_BARRIER,Establishment of blood brain barrier,1,14,998,0.001,0.0009,1.059,0.6240304889177524,0.9999998599426523,TTPA,False
C5_all,GO_BP,GOBP_APICAL_PROTEIN_LOCALIZATION,Apical protein localization,1,14,998,0.001,0.0009,1.059,0.6240304889177524,0.9999998599426523,SHROOM2,False
C5_all,GO_BP,GOBP_CELL_AGGREGATION,Cell aggregation,1,14,998,0.001,0.0009,1.059,0.6240304889177524,0.9999998599426523,SOX5,False
C5_all,GO_BP,GOBP_PROTEIN_NITROSYLATION,Protein nitrosylation,1,14,998,0.001,0.0009,1.059,0.6240304889177524,0.9999998599426523,NOS1AP,False
C5_all,GO_BP,GOBP_REGULATION_OF_MOTOR_NEURON_APOPTOTIC_PROCESS,Regulation of motor neuron apoptotic process,1,14,998,0.001,0.0009,1.059,0.6240304889177524,0.9999998599426523,ERBB3,False
C5_all,GO_BP,GOBP_TELOMERE_MAINTENANCE_VIA_RECOMBINATION,Telomere maintenance via recombination,1,14,998,0.001,0.0009,1.059,0.6240304889177524,0.9999998599426523,SMC6,False
C5_all,GO_BP,GOBP_NEGATIVE_REGULATION_OF_SUBSTRATE_ADHESION_DEPENDENT_CELL_SPREADING,Negative regulation of substrate adhesion dependent cell spreading,1,14,998,0.001,0.0009,1.059,0.6240304889177524,0.9999998599426523,POSTN,False
C5_all,GO_BP,GOBP_REGULATION_OF_SECONDARY_METABOLIC_PROCESS,Regulation of secondary metabolic process,1,14,998,0.001,0.0009,1.059,0.6240304889177524,0.9999998599426523,RAPGEF2,False
C5_all,GO_BP,GOBP_FIBROBLAST_ACTIVATION,Fibroblast activation,1,14,998,0.001,0.0009,1.059,0.6240304889177524,0.9999998599426523,GCLC,False
C5_all,GO_BP,GOBP_NEGATIVE_REGULATION_OF_SODIUM_ION_TRANSPORT,Negative regulation of sodium ion transport,1,14,998,0.001,0.0009,1.059,0.6240304889177524,0.9999998599426523,NEDD4,False
C5_all,GO_BP,GOBP_PEPTIDYL_TYROSINE_AUTOPHOSPHORYLATION,Peptidyl tyrosine autophosphorylation,1,14,998,0.001,0.0009,1.059,0.6240304889177524,0.9999998599426523,EGFR,False
C5_all,GO_BP,GOBP_POSITIVE_REGULATION_BY_SYMBIONT_OF_ENTRY_INTO_HOST,Positive regulation by symbiont of entry into host,1,14,998,0.001,0.0009,1.059,0.6240304889177524,0.9999998599426523,TMPRSS4,False
C5_all,GO_BP,GOBP_PARAXIAL_MESODERM_DEVELOPMENT,Paraxial mesoderm development,1,14,998,0.001,0.0009,1.059,0.6240304889177524,0.9999998599426523,EPB41L5,False
C5_all,GO_BP,GOBP_REGULATION_OF_POSTSYNAPTIC_SPECIALIZATION_ASSEMBLY,Regulation of postsynaptic specialization assembly,1,14,998,0.001,0.0009,1.059,0.6240304889177524,0.9999998599426523,IL1RAP,False
C5_all,GO_BP,GOBP_CARDIOLIPIN_METABOLIC_PROCESS,Cardiolipin metabolic process,1,14,998,0.001,0.0009,1.059,0.6240304889177524,0.9999998599426523,DNAJC19,False
C5_all,GO_BP,GOBP_REGULATION_OF_PHOSPHOLIPID_TRANSPORT,Regulation of phospholipid transport,1,14,998,0.001,0.0009,1.059,0.6240304889177524,0.9999998599426523,DBI,False
C5_all,GO_BP,GOBP_RESPONSE_TO_CAFFEINE,Response to caffeine,1,14,998,0.001,0.0009,1.059,0.6240304889177524,0.9999998599426523,TMEM38B,False
C5_all,GO_BP,GOBP_REGULATION_OF_CLATHRIN_DEPENDENT_ENDOCYTOSIS,Regulation of clathrin dependent endocytosis,1,14,998,0.001,0.0009,1.059,0.6240304889177524,0.9999998599426523,NEU3,False
C5_all,GO_BP,GOBP_AMINO_SUGAR_CATABOLIC_PROCESS,Amino sugar catabolic process,1,14,998,0.001,0.0009,1.059,0.6240304889177524,0.9999998599426523,OVGP1,False
C5_all,GO_BP,GOBP_MITOCHONDRIAL_ELECTRON_TRANSPORT_CYTOCHROME_C_TO_OXYGEN,Mitochondrial electron transport cytochrome c to oxygen,1,14,998,0.001,0.0009,1.059,0.6240304889177524,0.9999998599426523,COX7A2L,False
C5_all,GO_BP,GOBP_POSITIVE_REGULATION_OF_LYMPHOCYTE_APOPTOTIC_PROCESS,Positive regulation of lymphocyte apoptotic process,1,14,998,0.001,0.0009,1.059,0.6240304889177524,0.9999998599426523,FNIP1,False
C5_all,GO_BP,GOBP_RESPONSE_TO_LAMINAR_FLUID_SHEAR_STRESS,Response to laminar fluid shear stress,1,14,998,0.001,0.0009,1.059,0.6240304889177524,0.9999998599426523,ABCA1,False
C5_all,GO_BP,GOBP_TROPHOBLAST_CELL_MIGRATION,Trophoblast cell migration,1,14,998,0.001,0.0009,1.059,0.6240304889177524,0.9999998599426523,ACVR1C,False
C5_all,GO_BP,GOBP_MACROMOLECULE_DEPALMITOYLATION,Macromolecule depalmitoylation,1,14,998,0.001,0.0009,1.059,0.6240304889177524,0.9999998599426523,ABHD17B,False
C5_all,GO_BP,GOBP_POSITIVE_REGULATION_OF_METAPHASE_ANAPHASE_TRANSITION_OF_CELL_CYCLE,Positive regulation of metaphase anaphase transition of cell cycle,1,14,998,0.001,0.0009,1.059,0.6240304889177524,0.9999998599426523,CUL3,False
C5_all,GO_BP,GOBP_EPIGENETIC_PROGRAMMING_IN_THE_ZYGOTIC_PRONUCLEI,Epigenetic programming in the zygotic pronuclei,1,14,998,0.001,0.0009,1.059,0.6240304889177524,0.9999998599426523,DNMT3L,False
C5_all,GO_BP,GOBP_NEGATIVE_REGULATION_OF_BONE_MINERALIZATION,Negative regulation of bone mineralization,1,14,998,0.001,0.0009,1.059,0.6240304889177524,0.9999998599426523,ENPP1,False
C5_all,GO_BP,GOBP_NEGATIVE_REGULATION_OF_ACTIVATED_T_CELL_PROLIFERATION,Negative regulation of activated t cell proliferation,1,14,998,0.001,0.0009,1.059,0.6240304889177524,0.9999998599426523,ARG1,False
C5_all,GO_BP,GOBP_NEGATIVE_REGULATION_OF_CELL_DIVISION,Negative regulation of cell division,1,14,998,0.001,0.0009,1.059,0.6240304889177524,0.9999998599426523,TEX14,False
C5_all,GO_BP,GOBP_NEGATIVE_REGULATION_OF_GLIAL_CELL_PROLIFERATION,Negative regulation of glial cell proliferation,1,14,998,0.001,0.0009,1.059,0.6240304889177524,0.9999998599426523,CERS2,False
C5_all,GO_BP,GOBP_CELLULAR_RESPONSE_TO_GONADOTROPIN_STIMULUS,Cellular response to gonadotropin stimulus,1,14,998,0.001,0.0009,1.059,0.6240304889177524,0.9999998599426523,GCLC,False
C5_all,GO_BP,GOBP_SPONTANEOUS_SYNAPTIC_TRANSMISSION,Spontaneous synaptic transmission,1,14,998,0.001,0.0009,1.059,0.6240304889177524,0.9999998599426523,SYT1,False
C5_all,GO_BP,GOBP_REGULATION_OF_INCLUSION_BODY_ASSEMBLY,Regulation of inclusion body assembly,1,14,998,0.001,0.0009,1.059,0.6240304889177524,0.9999998599426523,SORL1,False
C5_all,GO_BP,GOBP_NEGATIVE_REGULATION_OF_CALCINEURIN_MEDIATED_SIGNALING,Negative regulation of calcineurin mediated signaling,1,14,998,0.001,0.0009,1.059,0.6240304889177524,0.9999998599426523,HOMER2,False
C5_all,GO_BP,GOBP_NEGATIVE_REGULATION_OF_ALCOHOL_BIOSYNTHETIC_PROCESS,Negative regulation of alcohol biosynthetic process,1,14,998,0.001,0.0009,1.059,0.6240304889177524,0.9999998599426523,SOD1,False
C5_all,GO_BP,GOBP_REGULATION_OF_ADIPOSE_TISSUE_DEVELOPMENT,Regulation of adipose tissue development,1,14,998,0.001,0.0009,1.059,0.6240304889177524,0.9999998599426523,SORL1,False
C5_all,GO_BP,GOBP_REGULATION_OF_AMYLOID_BETA_CLEARANCE,Regulation of amyloid beta clearance,1,14,998,0.001,0.0009,1.059,0.6240304889177524,0.9999998599426523,TTPA,False
C5_all,GO_BP,GOBP_LOCOMOTORY_EXPLORATION_BEHAVIOR,Locomotory exploration behavior,1,14,998,0.001,0.0009,1.059,0.6240304889177524,0.9999998599426523,SLC4A10,False
C5_all,GO_BP,GOBP_POSITIVE_REGULATION_OF_EXTRACELLULAR_MATRIX_ASSEMBLY,Positive regulation of extracellular matrix assembly,1,14,998,0.001,0.0009,1.059,0.6240304889177524,0.9999998599426523,PHLDB2,False
C5_all,GO_BP,GOBP_POSITIVE_REGULATION_OF_EXECUTION_PHASE_OF_APOPTOSIS,Positive regulation of execution phase of apoptosis,1,14,998,0.001,0.0009,1.059,0.6240304889177524,0.9999998599426523,HTR2A,False
C5_all,GO_BP,GOBP_BLOOD_COAGULATION_FIBRIN_CLOT_FORMATION,Blood coagulation fibrin clot formation,1,14,998,0.001,0.0009,1.059,0.6240304889177524,0.9999998599426523,F13B,False
C5_all,GO_BP,GOBP_CELL_MIGRATION_IN_HINDBRAIN,Cell migration in hindbrain,1,14,998,0.001,0.0009,1.059,0.6240304889177524,0.9999998599426523,DAB1,False
C5_all,GO_BP,GOBP_WNT_SIGNALING_PATHWAY,Wnt signaling pathway,25,388,998,0.0251,0.0262,0.955,0.6248713914840738,0.9999998599426523,"MCC, CDH2, RSPO3, PPM1B, STK3, EGFR, SENP2, CDK14, NDRG2, CCNYL1, GRHL3, TRABD2B, CXXC4, DIXDC1, KLF15, TBL1X, ZRANB1, LGR4, CUL3, TMEM170B, INVS, LRP6, MESD, EDA, TSKU",False
C5_all,GO_BP,GOBP_NEGATIVE_REGULATION_OF_PEPTIDASE_ACTIVITY,Negative regulation of peptidase activity,6,95,998,0.006,0.0064,0.936,0.6255391318432785,0.9999998599426523,"CAAP1, SERPINA10, SERPINA5, FNIP1, SERPINF1, ARL6IP1",False
C5_all,GO_BP,GOBP_CELL_SURFACE_RECEPTOR_PROTEIN_SERINE_THREONINE_KINASE_SIGNALING_PATHWAY,Cell surface receptor protein serine threonine kinase signaling pathway,20,312,998,0.02,0.0211,0.95,0.6273683904093168,0.9999998599426523,"ARID4A, SORL1, PBLD, NFIA, AMHR2, AKAP3, ATF2, ACVR2B, HIPK2, PPARA, ARK2C, BMPER, HJV, ACVR1C, SLC39A5, GCNT2, MTMR4, PALS1, PTPRK, CITED2",False
C5_all,GO_BP,GOBP_GLYCEROPHOSPHOLIPID_CATABOLIC_PROCESS,Glycerophospholipid catabolic process,2,31,998,0.002,0.0021,0.956,0.6282555954721303,0.9999998599426523,"PRDX6, LIPC",False
C5_all,GO_BP,GOBP_VESICLE_TARGETING_TO_FROM_OR_WITHIN_GOLGI,Vesicle targeting to from or within golgi,2,31,998,0.002,0.0021,0.956,0.6282555954721303,0.9999998599426523,"SAR1B, CUL3",False
C5_all,GO_BP,GOBP_TRANSFORMING_GROWTH_FACTOR_BETA_PRODUCTION,Transforming growth factor beta production,2,31,998,0.002,0.0021,0.956,0.6282555954721303,0.9999998599426523,"TSKU, ATF2",False
C5_all,GO_BP,GOBP_NUCLEAR_TRANSCRIBED_MRNA_POLY_A_TAIL_SHORTENING,Nuclear transcribed mrna poly a tail shortening,2,31,998,0.002,0.0021,0.956,0.6282555954721303,0.9999998599426523,"CNOT7, TENT4B",False
C5_all,GO_BP,GOBP_POSITIVE_REGULATION_OF_ESTABLISHMENT_OF_PROTEIN_LOCALIZATION_TO_MITOCHONDRION,Positive regulation of establishment of protein localization to mitochondrion,2,31,998,0.002,0.0021,0.956,0.6282555954721303,0.9999998599426523,"ADCY10, TOMM70",False
C5_all,GO_BP,GOBP_REGULATION_OF_PROGRAMMED_NECROTIC_CELL_DEATH,Regulation of programmed necrotic cell death,2,31,998,0.002,0.0021,0.956,0.6282555954721303,0.9999998599426523,"NUPR1, ITCH",False
C5_all,GO_BP,GOBP_SARCOPLASMIC_RETICULUM_CALCIUM_ION_TRANSPORT,Sarcoplasmic reticulum calcium ion transport,2,31,998,0.002,0.0021,0.956,0.6282555954721303,0.9999998599426523,"TMEM38B, AKAP6",False
C5_all,GO_BP,GOBP_EPITHELIAL_CELL_MORPHOGENESIS,Epithelial cell morphogenesis,2,31,998,0.002,0.0021,0.956,0.6282555954721303,0.9999998599426523,"EPB41L5, AR",False
C5_all,GO_BP,GOBP_PROTEIN_KINASE_C_SIGNALING,Protein kinase c signaling,2,31,998,0.002,0.0021,0.956,0.6282555954721303,0.9999998599426523,"ADRA1A, ADGRV1",False
C5_all,GO_BP,GOBP_REGULATION_OF_TOLL_LIKE_RECEPTOR_SIGNALING_PATHWAY,Regulation of toll like receptor signaling pathway,2,31,998,0.002,0.0021,0.956,0.6282555954721303,0.9999998599426523,"LGR4, ESR1",False
C5_all,GO_BP,GOBP_SYNAPSE_MATURATION,Synapse maturation,2,31,998,0.002,0.0021,0.956,0.6282555954721303,0.9999998599426523,"NFIA, RELN",False
C5_all,GO_BP,GOBP_REGULATION_OF_RESPONSE_TO_ENDOPLASMIC_RETICULUM_STRESS,Regulation of response to endoplasmic reticulum stress,5,80,998,0.005,0.0054,0.926,0.6346088634594667,0.9999998599426523,"AQP11, NR1H3, PIK3R1, NUPR1, LPCAT3",False
C5_all,GO_BP,GOBP_EMBRYONIC_SKELETAL_SYSTEM_DEVELOPMENT,Embryonic skeletal system development,5,80,998,0.005,0.0054,0.926,0.6346088634594667,0.9999998599426523,"RDH10, TAPT1, MTHFD1, NDST1, MBTD1",False
C5_all,GO_BP,GOBP_RNA_EXPORT_FROM_NUCLEUS,Rna export from nucleus,5,80,998,0.005,0.0054,0.926,0.6346088634594667,0.9999998599426523,"DDX25, NUP88, FMR1, NXF5, SMG1",False
C5_all,GO_BP,GOBP_ATP_BIOSYNTHETIC_PROCESS,Atp biosynthetic process,5,80,998,0.005,0.0054,0.926,0.6346088634594667,0.9999998599426523,"PRKAG2, PPARA, SLC25A13, LDHC, ADCY10",False
C5_all,GO_BP,GOBP_NEGATIVE_REGULATION_OF_LEUKOCYTE_MEDIATED_IMMUNITY,Negative regulation of leukocyte mediated immunity,4,64,998,0.004,0.0043,0.926,0.6347201892389502,0.9999998599426523,"ARG1, NDFIP1, CLEC4G, C4BPB",False
C5_all,GO_BP,GOBP_VENTRICULAR_SEPTUM_DEVELOPMENT,Ventricular septum development,4,64,998,0.004,0.0043,0.926,0.6347201892389502,0.9999998599426523,"PROX1, TBX3, CITED2, HECTD1",False
C5_all,GO_BP,GOBP_NEGATIVE_REGULATION_OF_MONOATOMIC_ION_TRANSPORT,Negative regulation of monoatomic ion transport,6,96,998,0.006,0.0065,0.926,0.6357390546725115,0.9999998599426523,"NEDD4, SLC30A1, FMR1, SLC26A5, HTR2A, MAOB",False
C5_all,GO_BP,GOBP_ARTERY_DEVELOPMENT,Artery development,6,96,998,0.006,0.0065,0.926,0.6357390546725115,0.9999998599426523,"PROX1, HECTD1, NDST1, ACVR2B, SEC24B, CITED2",False
C5_all,GO_BP,GOBP_REGULATION_OF_PROTEIN_CATABOLIC_PROCESS,Regulation of protein catabolic process,21,329,998,0.021,0.0222,0.946,0.6367611466648626,0.9999998599426523,"NEDD4, MFSD8, RNF128, GCLC, SORL1, EGFR, TTC36, GPLD1, ALAD, SH3RF2, ZYG11B, ASB9, FMR1, HECTD1, NUPR1, ITCH, AQP11, ASB11, MTM1, C4BPB, NDFIP1",False
C5_all,GO_BP,GOBP_RESPONSE_TO_CATECHOLAMINE,Response to catecholamine,3,48,998,0.003,0.0032,0.926,0.6372928379756889,0.9999998599426523,"DRD1, HTR2A, SLC1A1",False
C5_all,GO_BP,GOBP_LUNG_MORPHOGENESIS,Lung morphogenesis,3,48,998,0.003,0.0032,0.926,0.6372928379756889,0.9999998599426523,"SEC24B, RDH10, HIPK2",False
C5_all,GO_BP,GOBP_VESICLE_MEDIATED_TRANSPORT_BETWEEN_ENDOSOMAL_COMPARTMENTS,Vesicle mediated transport between endosomal compartments,3,48,998,0.003,0.0032,0.926,0.6372928379756889,0.9999998599426523,"SORL1, HOOK1, PIK3R4",False
C5_all,GO_BP,GOBP_MORPHOGENESIS_OF_AN_EPITHELIUM,Morphogenesis of an epithelium,27,421,998,0.0271,0.0285,0.951,0.6372950254460421,0.9999998599426523,"PHLDB2, TBX3, RSPO3, SETDB2, AR, STK3, EGFR, SEC24B, PROX1, GRHL3, MTSS1, HS3ST3B1, CECR2, NTN4, RDH10, LGR4, ESR1, ARHGAP35, MTHFD1, HS2ST1, COBL, PHACTR4, GREB1L, EPB41L5, PALS1, CITED2, ALDH1A2",False
C5_all,GO_BP,GOBP_NEGATIVE_REGULATION_OF_NERVOUS_SYSTEM_DEVELOPMENT,Negative regulation of nervous system development,7,112,998,0.007,0.0076,0.926,0.6375571438820513,0.9999998599426523,"CERS2, RAPGEF2, DAB1, PROX1, SORL1, RTN4, TRPC5",False
C5_all,GO_BP,GOBP_EPITHELIAL_CELL_PROLIFERATION,Epithelial cell proliferation,23,360,998,0.023,0.0243,0.947,0.6384799967513182,0.9999998599426523,"MCC, CPB2, AR, STK3, EGFR, PROX1, ERRFI1, MTSS1, XDH, PTPRK, RTN4, EPB41L4B, ARNT, RAB33B, LGR4, BMPER, ESR1, NUPR1, AQP11, RGN, TRIM24, SERPINF1, ALDH1A2",False
C5_all,GO_BP,GOBP_STEM_CELL_DIFFERENTIATION,Stem cell differentiation,13,206,998,0.013,0.0139,0.935,0.6392834737122288,0.9999998599426523,"LRP6, CDH2, RDH10, TAPT1, TBX3, SOX5, ZNF281, PHACTR4, ESR1, DNMT3L, CITED2, ITCH, ALDH1A2",False
C5_all,GO_BP,GOBP_NEGATIVE_REGULATION_OF_TRANSMEMBRANE_RECEPTOR_PROTEIN_SERINE_THREONINE_KINASE_SIGNALING_PATHWAY,Negative regulation of transmembrane receptor protein serine threonine kinase signaling pathway,8,128,998,0.008,0.0087,0.926,0.6397777205973658,0.9999998599426523,"ARID4A, PPARA, MTMR4, SORL1, BMPER, HJV, PBLD, HIPK2",False
C5_all,GO_BP,GOBP_ACTOMYOSIN_STRUCTURE_ORGANIZATION,Actomyosin structure organization,12,191,998,0.012,0.0129,0.931,0.6431425473368919,0.9999998599426523,"TRPM7, MYOM2, IQGAP2, PROX1, PHLDB2, PIK3R1, CDC42BPA, PPM1E, CUL3, EPB41L5, EPB41L4B, PFN2",False
C5_all,GO_BP,GOBP_JNK_CASCADE,Jnk cascade,10,160,998,0.01,0.0108,0.926,0.6448491748032028,0.9999998599426523,"NCOR1, SH3RF2, PHLPP1, STRADB, STK3, EGFR, ATF2, HIPK2, DUSP19, ITCH",False
C5_all,GO_BP,GOBP_MUSCLE_CELL_DEVELOPMENT,Muscle cell development,10,160,998,0.01,0.0108,0.926,0.6448491748032028,0.9999998599426523,"ADRA1A, PPARA, TOMM70, MYOM2, PROX1, TBX3, SYPL2, MEGF10, MYORG, AKAP6",False
C5_all,GO_BP,GOBP_REGULATION_OF_MIRNA_METABOLIC_PROCESS,Regulation of mirna metabolic process,5,81,998,0.005,0.0055,0.915,0.6455761319331962,0.9999998599426523,"NCOR1, PPARA, AR, EGFR, ESR1",False
C5_all,GO_BP,GOBP_REGULATION_OF_RHO_PROTEIN_SIGNAL_TRANSDUCTION,Regulation of rho protein signal transduction,5,81,998,0.005,0.0055,0.915,0.6455761319331962,0.9999998599426523,"ABCA1, ARHGAP35, STARD8, CUL3, ARHGAP20",False
C5_all,GO_BP,GOBP_REGULATION_OF_NEURAL_PRECURSOR_CELL_PROLIFERATION,Regulation of neural precursor cell proliferation,5,81,998,0.005,0.0055,0.915,0.6455761319331962,0.9999998599426523,"CDH2, CDON, PROX1, DCT, SLC16A2",False
C5_all,GO_BP,GOBP_NEGATIVE_REGULATION_OF_EXTRINSIC_APOPTOTIC_SIGNALING_PATHWAY,Negative regulation of extrinsic apoptotic signaling pathway,5,81,998,0.005,0.0055,0.915,0.6455761319331962,0.9999998599426523,"RPS6KB1, GCLC, AR, STRADB, SGK3",False
C5_all,GO_BP,GOBP_PROTEIN_KINASE_A_SIGNALING,Protein kinase a signaling,2,32,998,0.002,0.0022,0.926,0.6456300360276238,0.9999998599426523,"AKAP6, ADGRV1",False
C5_all,GO_BP,GOBP_RESPONSE_TO_INTERLEUKIN_6,Response to interleukin 6,2,32,998,0.002,0.0022,0.926,0.6456300360276238,0.9999998599426523,"IL6R, ST3GAL6",False
C5_all,GO_BP,GOBP_RESPONSE_TO_MINERALOCORTICOID,Response to mineralocorticoid,2,32,998,0.002,0.0022,0.926,0.6456300360276238,0.9999998599426523,"AVPR1A, MAOB",False
C5_all,GO_BP,GOBP_INTERLEUKIN_4_PRODUCTION,Interleukin 4 production,2,32,998,0.002,0.0022,0.926,0.6456300360276238,0.9999998599426523,"IL1RAP, NDFIP1",False
C5_all,GO_BP,GOBP_EPIDERMAL_GROWTH_FACTOR_RECEPTOR_SIGNALING_PATHWAY,Epidermal growth factor receptor signaling pathway,6,97,998,0.006,0.0066,0.917,0.6457731728380656,0.9999998599426523,"SLC30A10, NEU3, ERRFI1, EGFR, HAP1, SNX5",False
C5_all,GO_BP,GOBP_POSITIVE_REGULATION_OF_MRNA_CATABOLIC_PROCESS,Positive regulation of mrna catabolic process,6,97,998,0.006,0.0066,0.917,0.6457731728380656,0.9999998599426523,"FXR1, TENT4B, PATL1, CNOT7, RIDA, TUT7",False
C5_all,GO_BP,GOBP_FIBROBLAST_PROLIFERATION,Fibroblast proliferation,6,97,998,0.006,0.0066,0.917,0.6457731728380656,0.9999998599426523,"FBXO4, ABCC9, EGFR, KDM8, NUPR1, ESR1",False
C5_all,GO_BP,GOBP_REGULATION_OF_PROTEOLYSIS_INVOLVED_IN_PROTEIN_CATABOLIC_PROCESS,Regulation of proteolysis involved in protein catabolic process,13,207,998,0.013,0.014,0.931,0.6462017509114051,0.9999998599426523,"SH3RF2, ZYG11B, GCLC, AQP11, FMR1, HECTD1, L3MBTL3, RGN, NUPR1, MTM1, TTC36, HIPK2, ALAD",False
C5_all,GO_BP,GOBP_ENERGY_HOMEOSTASIS,Energy homeostasis,4,65,998,0.004,0.0044,0.912,0.6469242911565212,0.9999998599426523,"SORL1, ACACB, ACVR1C, TSKU",False
C5_all,GO_BP,GOBP_POSITIVE_REGULATION_OF_REPRODUCTIVE_PROCESS,Positive regulation of reproductive process,4,65,998,0.004,0.0044,0.912,0.6469242911565212,0.9999998599426523,"CACNA1H, CITED2, PIWIL2, AR",False
C5_all,GO_BP,GOBP_CELL_KILLING,Cell killing,11,176,998,0.011,0.0119,0.926,0.6475441068218601,0.9999998599426523,"CFHR5, GBP7, C5, CFHR2, DNASE1L3, PIK3R1, C6, C8A, C8B, ARG1, CFHR1",False
C5_all,GO_BP,GOBP_REGULATION_OF_DELAYED_RECTIFIER_POTASSIUM_CHANNEL_ACTIVITY,Regulation of delayed rectifier potassium channel activity,1,15,998,0.001,0.001,0.988,0.6494173341180283,0.9999998599426523,AKAP6,False
C5_all,GO_BP,GOBP_REGULATION_OF_HEPATOCYTE_PROLIFERATION,Regulation of hepatocyte proliferation,1,15,998,0.001,0.001,0.988,0.6494173341180283,0.9999998599426523,CPB2,False
C5_all,GO_BP,GOBP_POSITIVE_REGULATION_OF_GLYCOGEN_METABOLIC_PROCESS,Positive regulation of glycogen metabolic process,1,15,998,0.001,0.001,0.988,0.6494173341180283,0.9999998599426523,ADCY10,False
C5_all,GO_BP,GOBP_CEREBELLAR_PURKINJE_CELL_LAYER_MORPHOGENESIS,Cerebellar purkinje cell layer morphogenesis,1,15,998,0.001,0.001,0.988,0.6494173341180283,0.9999998599426523,RORA,False
C5_all,GO_BP,GOBP_REGULATION_OF_AMINO_ACID_TRANSMEMBRANE_TRANSPORT,Regulation of amino acid transmembrane transport,1,15,998,0.001,0.001,0.988,0.6494173341180283,0.9999998599426523,ARL6IP1,False
C5_all,GO_BP,GOBP_REPLICATIVE_SENESCENCE,Replicative senescence,1,15,998,0.001,0.001,0.988,0.6494173341180283,0.9999998599426523,MME,False
C5_all,GO_BP,GOBP_LATERAL_MESODERM_DEVELOPMENT,Lateral mesoderm development,1,15,998,0.001,0.001,0.988,0.6494173341180283,0.9999998599426523,CITED2,False
C5_all,GO_BP,GOBP_SKELETAL_MUSCLE_ADAPTATION,Skeletal muscle adaptation,1,15,998,0.001,0.001,0.988,0.6494173341180283,0.9999998599426523,RPS6KB1,False
C5_all,GO_BP,GOBP_LIPOPROTEIN_CATABOLIC_PROCESS,Lipoprotein catabolic process,1,15,998,0.001,0.001,0.988,0.6494173341180283,0.9999998599426523,ABHD17B,False
C5_all,GO_BP,GOBP_C_TERMINAL_PROTEIN_AMINO_ACID_MODIFICATION,C terminal protein amino acid modification,1,15,998,0.001,0.001,0.988,0.6494173341180283,0.9999998599426523,FOLH1,False
C5_all,GO_BP,GOBP_REGULATION_OF_HEMATOPOIETIC_STEM_CELL_DIFFERENTIATION,Regulation of hematopoietic stem cell differentiation,1,15,998,0.001,0.001,0.988,0.6494173341180283,0.9999998599426523,ITCH,False
C5_all,GO_BP,GOBP_AXONAL_TRANSPORT_OF_MITOCHONDRION,Axonal transport of mitochondrion,1,15,998,0.001,0.001,0.988,0.6494173341180283,0.9999998599426523,HAP1,False
C5_all,GO_BP,GOBP_REGULATION_OF_BRANCHING_INVOLVED_IN_URETERIC_BUD_MORPHOGENESIS,Regulation of branching involved in ureteric bud morphogenesis,1,15,998,0.001,0.001,0.988,0.6494173341180283,0.9999998599426523,LGR4,False
C5_all,GO_BP,GOBP_REGULATION_OF_DNA_STRAND_ELONGATION,Regulation of dna strand elongation,1,15,998,0.001,0.001,0.988,0.6494173341180283,0.9999998599426523,NUCKS1,False
C5_all,GO_BP,GOBP_NOTOCHORD_DEVELOPMENT,Notochord development,1,15,998,0.001,0.001,0.988,0.6494173341180283,0.9999998599426523,COBL,False
C5_all,GO_BP,GOBP_NEGATIVE_REGULATION_OF_PEPTIDYL_THREONINE_PHOSPHORYLATION,Negative regulation of peptidyl threonine phosphorylation,1,15,998,0.001,0.001,0.988,0.6494173341180283,0.9999998599426523,TTC36,False
C5_all,GO_BP,GOBP_CARDIAC_MYOFIBRIL_ASSEMBLY,Cardiac myofibril assembly,1,15,998,0.001,0.001,0.988,0.6494173341180283,0.9999998599426523,PROX1,False
C5_all,GO_BP,GOBP_ESTABLISHMENT_OF_ENDOTHELIAL_INTESTINAL_BARRIER,Establishment of endothelial intestinal barrier,1,15,998,0.001,0.001,0.988,0.6494173341180283,0.9999998599426523,RAPGEF2,False
C5_all,GO_BP,GOBP_PROTEIN_LOCALIZATION_TO_NUCLEOLUS,Protein localization to nucleolus,1,15,998,0.001,0.001,0.988,0.6494173341180283,0.9999998599426523,NMD3,False
C5_all,GO_BP,GOBP_CELLULAR_RESPONSE_TO_REACTIVE_NITROGEN_SPECIES,Cellular response to reactive nitrogen species,1,15,998,0.001,0.001,0.988,0.6494173341180283,0.9999998599426523,KCNC2,False
C5_all,GO_BP,GOBP_REGULATION_OF_TRANSLATIONAL_INITIATION_IN_RESPONSE_TO_STRESS,Regulation of translational initiation in response to stress,1,15,998,0.001,0.001,0.988,0.6494173341180283,0.9999998599426523,PDIK1L,False
C5_all,GO_BP,GOBP_PROXIMAL_DISTAL_PATTERN_FORMATION,Proximal distal pattern formation,1,15,998,0.001,0.001,0.988,0.6494173341180283,0.9999998599426523,ALDH1A2,False
C5_all,GO_BP,GOBP_KERATAN_SULFATE_METABOLIC_PROCESS,Keratan sulfate metabolic process,1,15,998,0.001,0.001,0.988,0.6494173341180283,0.9999998599426523,ST3GAL6,False
C5_all,GO_BP,GOBP_ENDONUCLEOLYTIC_CLEAVAGE_OF_TRICISTRONIC_RRNA_TRANSCRIPT_SSU_RRNA_5_8S_RRNA_LSU_RRNA,Endonucleolytic cleavage of tricistronic rrna transcript ssu rrna 5 8s rrna lsu rrna,1,15,998,0.001,0.001,0.988,0.6494173341180283,0.9999998599426523,UTP23,False
C5_all,GO_BP,GOBP_SKELETAL_MUSCLE_SATELLITE_CELL_PROLIFERATION,Skeletal muscle satellite cell proliferation,1,15,998,0.001,0.001,0.988,0.6494173341180283,0.9999998599426523,MEGF10,False
C5_all,GO_BP,GOBP_POSITIVE_REGULATION_OF_CYTOPLASMIC_TRANSLATION,Positive regulation of cytoplasmic translation,1,15,998,0.001,0.001,0.988,0.6494173341180283,0.9999998599426523,PIWIL2,False
C5_all,GO_BP,GOBP_INTERLEUKIN_5_PRODUCTION,Interleukin 5 production,1,15,998,0.001,0.001,0.988,0.6494173341180283,0.9999998599426523,IL1RAP,False
C5_all,GO_BP,GOBP_N_GLYCAN_PROCESSING,N glycan processing,1,15,998,0.001,0.001,0.988,0.6494173341180283,0.9999998599426523,MAN2A1,False
C5_all,GO_BP,GOBP_MAMMARY_GLAND_EPITHELIAL_CELL_DIFFERENTIATION,Mammary gland epithelial cell differentiation,1,15,998,0.001,0.001,0.988,0.6494173341180283,0.9999998599426523,PRLR,False
C5_all,GO_BP,GOBP_NUCLEAR_BODY_ORGANIZATION,Nuclear body organization,1,15,998,0.001,0.001,0.988,0.6494173341180283,0.9999998599426523,HIPK2,False
C5_all,GO_BP,GOBP_RESPONSE_TO_L_LEUCINE,Response to l leucine,1,15,998,0.001,0.001,0.988,0.6494173341180283,0.9999998599426523,RPS6KB1,False
C5_all,GO_BP,GOBP_SULFATE_TRANSPORT,Sulfate transport,1,15,998,0.001,0.001,0.988,0.6494173341180283,0.9999998599426523,SLC26A5,False
C5_all,GO_BP,GOBP_PROTEIN_TRIMERIZATION,Protein trimerization,1,15,998,0.001,0.001,0.988,0.6494173341180283,0.9999998599426523,P2RX3,False
C5_all,GO_BP,GOBP_REGULATION_OF_MITOTIC_CYTOKINESIS,Regulation of mitotic cytokinesis,1,15,998,0.001,0.001,0.988,0.6494173341180283,0.9999998599426523,DCDC1,False
C5_all,GO_BP,GOBP_REGULATION_OF_STRIATED_MUSCLE_TISSUE_DEVELOPMENT,Regulation of striated muscle tissue development,1,15,998,0.001,0.001,0.988,0.6494173341180283,0.9999998599426523,ERBB3,False
C5_all,GO_BP,GOBP_ANATOMICAL_STRUCTURE_ARRANGEMENT,Anatomical structure arrangement,1,15,998,0.001,0.001,0.988,0.6494173341180283,0.9999998599426523,DAB1,False
C5_all,GO_BP,GOBP_INSULIN_METABOLIC_PROCESS,Insulin metabolic process,1,15,998,0.001,0.001,0.988,0.6494173341180283,0.9999998599426523,PCSK2,False
C5_all,GO_BP,GOBP_PRE_MIRNA_PROCESSING,Pre mirna processing,1,15,998,0.001,0.001,0.988,0.6494173341180283,0.9999998599426523,TUT7,False
C5_all,GO_BP,GOBP_CDC42_PROTEIN_SIGNAL_TRANSDUCTION,Cdc42 protein signal transduction,1,15,998,0.001,0.001,0.988,0.6494173341180283,0.9999998599426523,ABCA1,False
C5_all,GO_BP,GOBP_PHOSPHATIDYLCHOLINE_CATABOLIC_PROCESS,Phosphatidylcholine catabolic process,1,15,998,0.001,0.001,0.988,0.6494173341180283,0.9999998599426523,LIPC,False
C5_all,GO_BP,GOBP_NEGATIVE_REGULATION_OF_MACROPHAGE_ACTIVATION,Negative regulation of macrophage activation,1,15,998,0.001,0.001,0.988,0.6494173341180283,0.9999998599426523,NR1H3,False
C5_all,GO_BP,GOBP_INTRACELLULAR_MRNA_LOCALIZATION,Intracellular mrna localization,1,15,998,0.001,0.001,0.988,0.6494173341180283,0.9999998599426523,A1CF,False
C5_all,GO_BP,GOBP_LUNG_ALVEOLUS_DEVELOPMENT,Lung alveolus development,3,49,998,0.003,0.0033,0.908,0.6512497312124761,0.9999998599426523,"MAN2A1, ERRFI1, TMEM38B",False
C5_all,GO_BP,GOBP_NEGATIVE_REGULATION_OF_CYSTEINE_TYPE_ENDOPEPTIDASE_ACTIVITY,Negative regulation of cysteine type endopeptidase activity,3,49,998,0.003,0.0033,0.908,0.6512497312124761,0.9999998599426523,"CAAP1, FNIP1, ARL6IP1",False
C5_all,GO_BP,GOBP_VENTRICULAR_CARDIAC_MUSCLE_TISSUE_DEVELOPMENT,Ventricular cardiac muscle tissue development,3,49,998,0.003,0.0033,0.908,0.6512497312124761,0.9999998599426523,"PROX1, TBX3, PKP2",False
C5_all,GO_BP,GOBP_REGULATION_OF_SODIUM_ION_TRANSMEMBRANE_TRANSPORT,Regulation of sodium ion transmembrane transport,3,49,998,0.003,0.0033,0.908,0.6512497312124761,0.9999998599426523,"NEDD4, WNK3, SLMAP",False
C5_all,GO_BP,GOBP_INSULIN_SECRETION,Insulin secretion,10,161,998,0.01,0.0109,0.921,0.6526134458508158,0.9999998599426523,"GPLD1, RAPGEF4, VSNL1, ACVR1C, ACVR2B, PCK2, HADH, SLC2A2, GLUD1, ABAT",False
C5_all,GO_BP,GOBP_GLIOGENESIS,Gliogenesis,18,286,998,0.018,0.0193,0.933,0.6551858242329094,0.9999998599426523,"CDH2, SOD1, MIOS, RELN, NFIA, CERS2, DAB1, DRD1, ERBB3, PLAG1, RTN4, BNIP3, EGFR, ADGRG6, PALS1, KLF15, ASPA, PHGDH",False
C5_all,GO_BP,GOBP_POSITIVE_REGULATION_OF_CATABOLIC_PROCESS,Positive regulation of catabolic process,31,486,998,0.0311,0.0329,0.946,0.6552600517362952,0.9999998599426523,"NEDD4, RNF128, GCLC, PATL1, SORL1, L3MBTL3, ADCY10, EPM2A, GPLD1, ZBTB20, CNOT7, HTR2A, APOA5, TUT7, FXR1, SH3RF2, ZYG11B, ASB9, PPARA, FMR1, PLIN5, HECTD1, BNIP3, NUPR1, ITCH, TENT4B, GPD1, ASB11, C4BPB, NDFIP1, RIDA",False
C5_all,GO_BP,GOBP_REGULATION_OF_POSTSYNAPSE_ORGANIZATION,Regulation of postsynapse organization,6,98,998,0.006,0.0066,0.908,0.6556385447843635,0.9999998599426523,"CDH2, IL1RAP, RELN, ABHD17B, SLC30A1, CUX2",False
C5_all,GO_BP,GOBP_REGULATION_OF_JNK_CASCADE,Regulation of jnk cascade,8,130,998,0.008,0.0088,0.912,0.6570482922015517,0.9999998599426523,"NCOR1, SH3RF2, PHLPP1, STK3, EGFR, HIPK2, DUSP19, ITCH",False
C5_all,GO_BP,GOBP_RESPONSE_TO_LIGHT_STIMULUS,Response to light stimulus,17,271,998,0.017,0.0183,0.93,0.6581097302864238,0.9999998599426523,"NEDD4, TAFA2, KCNC2, DRD1, SLC4A10, MME, PIK3R1, ZRANB3, EGFR, CAT, CRY2, TTC36, TRPC3, PER3, PTPRK, DCT, RAG1",False
C5_all,GO_BP,GOBP_NEURAL_RETINA_DEVELOPMENT,Neural retina development,4,66,998,0.004,0.0045,0.898,0.6588554573323763,0.9999998599426523,"TSPAN12, SLC1A1, THRB, HIPK2",False
C5_all,GO_BP,GOBP_NEGATIVE_REGULATION_OF_T_CELL_PROLIFERATION,Negative regulation of t cell proliferation,4,66,998,0.004,0.0045,0.898,0.6588554573323763,0.9999998599426523,"ARG1, ITCH, CLEC4G, NDFIP1",False
C5_all,GO_BP,GOBP_POSITIVE_REGULATION_OF_SECRETION,Positive regulation of secretion,16,256,998,0.016,0.0173,0.926,0.6613197255677057,0.9999998599426523,"SYT10, GPLD1, SLC6A1, TFR2, CPB2, EXPH5, RAPGEF4, GPR158, SYT1, EGFR, AVPR1A, PCK2, VSNL1, SLC2A2, GLUD1, ABAT",False
C5_all,GO_BP,GOBP_REGULATION_OF_UBIQUITIN_PROTEIN_TRANSFERASE_ACTIVITY,Regulation of ubiquitin protein transferase activity,2,33,998,0.002,0.0022,0.898,0.6623548647246309,0.9999998599426523,"ARRDC3, CDC14B",False
C5_all,GO_BP,GOBP_NEGATIVE_REGULATION_OF_PROTEIN_LOCALIZATION_TO_MEMBRANE,Negative regulation of protein localization to membrane,2,33,998,0.002,0.0022,0.898,0.6623548647246309,0.9999998599426523,"NUMB, WNK3",False
C5_all,GO_BP,GOBP_CARDIAC_EPITHELIAL_TO_MESENCHYMAL_TRANSITION,Cardiac epithelial to mesenchymal transition,2,33,998,0.002,0.0022,0.898,0.6623548647246309,0.9999998599426523,"TBX3, RTN4",False
C5_all,GO_BP,GOBP_AMYLOID_BETA_CLEARANCE,Amyloid beta clearance,2,33,998,0.002,0.0022,0.898,0.6623548647246309,0.9999998599426523,"MME, TTPA",False
C5_all,GO_BP,GOBP_NEGATIVE_REGULATION_OF_STRIATED_MUSCLE_CELL_DIFFERENTIATION,Negative regulation of striated muscle cell differentiation,2,33,998,0.002,0.0022,0.898,0.6623548647246309,0.9999998599426523,"PPARA, TOMM70",False
C5_all,GO_BP,GOBP_CALCIUM_ION_IMPORT_ACROSS_PLASMA_MEMBRANE,Calcium ion import across plasma membrane,2,33,998,0.002,0.0022,0.898,0.6623548647246309,0.9999998599426523,"SLC24A2, CACNA1H",False
C5_all,GO_BP,GOBP_RESPONSE_TO_AMPHETAMINE,Response to amphetamine,2,33,998,0.002,0.0022,0.898,0.6623548647246309,0.9999998599426523,"DRD1, SLC1A1",False
C5_all,GO_BP,GOBP_UBIQUITIN_DEPENDENT_PROTEIN_CATABOLIC_PROCESS_VIA_THE_MULTIVESICULAR_BODY_SORTING_PATHWAY,Ubiquitin dependent protein catabolic process via the multivesicular body sorting pathway,2,33,998,0.002,0.0022,0.898,0.6623548647246309,0.9999998599426523,"TOM1L1, NEDD4",False
C5_all,GO_BP,GOBP_NEGATIVE_REGULATION_OF_EXOCYTOSIS,Negative regulation of exocytosis,2,33,998,0.002,0.0022,0.898,0.6623548647246309,0.9999998599426523,"FMR1, RAB33B",False
C5_all,GO_BP,GOBP_PROTEIN_K11_LINKED_UBIQUITINATION,Protein k11 linked ubiquitination,2,33,998,0.002,0.0022,0.898,0.6623548647246309,0.9999998599426523,"ANAPC16, UBE2D4",False
C5_all,GO_BP,GOBP_BRAIN_MORPHOGENESIS,Brain morphogenesis,2,33,998,0.002,0.0022,0.898,0.6623548647246309,0.9999998599426523,"CDH2, SLC4A10",False
C5_all,GO_BP,GOBP_MACROPHAGE_CHEMOTAXIS,Macrophage chemotaxis,2,33,998,0.002,0.0022,0.898,0.6623548647246309,0.9999998599426523,"DDT, C5",False
C5_all,GO_BP,GOBP_T_HELPER_17_CELL_DIFFERENTIATION,T helper 17 cell differentiation,2,33,998,0.002,0.0022,0.898,0.6623548647246309,0.9999998599426523,"IL6R, RORA",False
C5_all,GO_BP,GOBP_RECEPTOR_LOCALIZATION_TO_SYNAPSE,Receptor localization to synapse,3,50,998,0.003,0.0034,0.889,0.6648186392711548,0.9999998599426523,"GPHN, RELN, DLG2",False
C5_all,GO_BP,GOBP_REGULATION_OF_LYMPHOCYTE_APOPTOTIC_PROCESS,Regulation of lymphocyte apoptotic process,3,50,998,0.003,0.0034,0.889,0.6648186392711548,0.9999998599426523,"FNIP1, GPAM, RAG1",False
C5_all,GO_BP,GOBP_NEGATIVE_REGULATION_OF_TRANSLATION,Negative regulation of translation,7,115,998,0.007,0.0078,0.902,0.6650225526876238,0.9999998599426523,"FXR1, PAIP2B, FMR1, CPEB2, RIDA, SHMT1, EIF4EBP2",False
C5_all,GO_BP,GOBP_POSITIVE_REGULATION_OF_TRANSLATION,Positive regulation of translation,7,115,998,0.007,0.0078,0.902,0.6650225526876238,0.9999998599426523,"RPS6KB1, PIWIL2, FXR1, FMR1, LARP1B, LARP4, RPUSD4",False
C5_all,GO_BP,GOBP_PROTEIN_LOCALIZATION_TO_CELL_PERIPHERY,Protein localization to cell periphery,20,319,998,0.02,0.0216,0.929,0.6666114720579641,0.9999998599426523,"CDH2, SORL1, AR, EGFR, SLC1A1, WNK3, PIK3R1, ERRFI1, CNST, RAPGEF2, SLMAP, LRP6, HYCC2, GNAI1, GPR158, EHD3, NUMB, PALS1, PKP2, WDR72",False
C5_all,GO_BP,GOBP_NEGATIVE_REGULATION_OF_DEVELOPMENTAL_GROWTH,Negative regulation of developmental growth,5,83,998,0.005,0.0056,0.893,0.6668811580715259,0.9999998599426523,"PPARA, TOMM70, RTN4, STK3, CITED2",False
C5_all,GO_BP,GOBP_REGULATION_OF_PROTEIN_LOCALIZATION_TO_MEMBRANE,Regulation of protein localization to membrane,10,163,998,0.01,0.011,0.909,0.6678537196281281,0.9999998599426523,"CDH2, SLC1A1, WNK3, MESD, SLC30A1, PIK3R1, AR, NUMB, EGFR, CNST",False
C5_all,GO_BP,GOBP_PROTEIN_LOCALIZATION_TO_SYNAPSE,Protein localization to synapse,4,67,998,0.004,0.0045,0.885,0.6705111891994469,0.9999998599426523,"DLG2, SLITRK3, RELN, ABHD17B",False
C5_all,GO_BP,GOBP_DNA_LIGATION,Dna ligation,1,16,998,0.001,0.0011,0.926,0.6730915678652512,0.9999998599426523,MGMT,False
C5_all,GO_BP,GOBP_CD4_POSITIVE_ALPHA_BETA_T_CELL_CYTOKINE_PRODUCTION,Cd4 positive alpha beta t cell cytokine production,1,16,998,0.001,0.0011,0.926,0.6730915678652512,0.9999998599426523,ARG1,False
C5_all,GO_BP,GOBP_ALDEHYDE_BIOSYNTHETIC_PROCESS,Aldehyde biosynthetic process,1,16,998,0.001,0.0011,0.926,0.6730915678652512,0.9999998599426523,CACNA1H,False
C5_all,GO_BP,GOBP_REGULATION_OF_RRNA_PROCESSING,Regulation of rrna processing,1,16,998,0.001,0.0011,0.926,0.6730915678652512,0.9999998599426523,NUDT16,False
C5_all,GO_BP,GOBP_CELLULAR_RESPONSE_TO_ARSENIC_CONTAINING_SUBSTANCE,Cellular response to arsenic containing substance,1,16,998,0.001,0.0011,0.926,0.6730915678652512,0.9999998599426523,ZFAND1,False
C5_all,GO_BP,GOBP_PROTEIN_K6_LINKED_UBIQUITINATION,Protein k6 linked ubiquitination,1,16,998,0.001,0.0011,0.926,0.6730915678652512,0.9999998599426523,UBE2D4,False
C5_all,GO_BP,GOBP_NEGATIVE_REGULATION_OF_SYSTEMIC_ARTERIAL_BLOOD_PRESSURE,Negative regulation of systemic arterial blood pressure,1,16,998,0.001,0.0011,0.926,0.6730915678652512,0.9999998599426523,ADRA1A,False
C5_all,GO_BP,GOBP_CALCIUM_INDEPENDENT_CELL_CELL_ADHESION_VIA_PLASMA_MEMBRANE_CELL_ADHESION_MOLECULES,Calcium independent cell cell adhesion via plasma membrane cell adhesion molecules,1,16,998,0.001,0.0011,0.926,0.6730915678652512,0.9999998599426523,CLDN12,False
C5_all,GO_BP,GOBP_RESPONSE_TO_INTERFERON_ALPHA,Response to interferon alpha,1,16,998,0.001,0.0011,0.926,0.6730915678652512,0.9999998599426523,KLHL20,False
C5_all,GO_BP,GOBP_REGULATION_OF_POSTSYNAPTIC_NEUROTRANSMITTER_RECEPTOR_INTERNALIZATION,Regulation of postsynaptic neurotransmitter receptor internalization,1,16,998,0.001,0.0011,0.926,0.6730915678652512,0.9999998599426523,NUMB,False
C5_all,GO_BP,GOBP_REGULATION_OF_EXIT_FROM_MITOSIS,Regulation of exit from mitosis,1,16,998,0.001,0.0011,0.926,0.6730915678652512,0.9999998599426523,CDC14B,False
C5_all,GO_BP,GOBP_CELL_PROLIFERATION_INVOLVED_IN_HEART_MORPHOGENESIS,Cell proliferation involved in heart morphogenesis,1,16,998,0.001,0.0011,0.926,0.6730915678652512,0.9999998599426523,TBX3,False
C5_all,GO_BP,GOBP_CELL_CELL_JUNCTION_MAINTENANCE,Cell cell junction maintenance,1,16,998,0.001,0.0011,0.926,0.6730915678652512,0.9999998599426523,MTSS1,False
C5_all,GO_BP,GOBP_RIBONUCLEOSIDE_CATABOLIC_PROCESS,Ribonucleoside catabolic process,1,16,998,0.001,0.0011,0.926,0.6730915678652512,0.9999998599426523,XDH,False
C5_all,GO_BP,GOBP_N_ACETYLGLUCOSAMINE_METABOLIC_PROCESS,N acetylglucosamine metabolic process,1,16,998,0.001,0.0011,0.926,0.6730915678652512,0.9999998599426523,GNE,False
C5_all,GO_BP,GOBP_ENDOSOME_TO_PLASMA_MEMBRANE_PROTEIN_TRANSPORT,Endosome to plasma membrane protein transport,1,16,998,0.001,0.0011,0.926,0.6730915678652512,0.9999998599426523,SORL1,False
C5_all,GO_BP,GOBP_NEGATIVE_REGULATION_OF_CALCIUM_ION_TRANSMEMBRANE_TRANSPORTER_ACTIVITY,Negative regulation of calcium ion transmembrane transporter activity,1,16,998,0.001,0.0011,0.926,0.6730915678652512,0.9999998599426523,FMR1,False
C5_all,GO_BP,GOBP_CHEMOKINE_C_X_C_MOTIF_LIGAND_2_PRODUCTION,Chemokine c x c motif ligand 2 production,1,16,998,0.001,0.0011,0.926,0.6730915678652512,0.9999998599426523,POSTN,False
C5_all,GO_BP,GOBP_NEURON_CELL_CELL_ADHESION,Neuron cell cell adhesion,1,16,998,0.001,0.0011,0.926,0.6730915678652512,0.9999998599426523,NCAM2,False
C5_all,GO_BP,GOBP_NEGATIVE_REGULATION_OF_CELL_SUBSTRATE_JUNCTION_ORGANIZATION,Negative regulation of cell substrate junction organization,1,16,998,0.001,0.0011,0.926,0.6730915678652512,0.9999998599426523,PHLDB2,False
C5_all,GO_BP,GOBP_C21_STEROID_HORMONE_BIOSYNTHETIC_PROCESS,C21 steroid hormone biosynthetic process,1,16,998,0.001,0.0011,0.926,0.6730915678652512,0.9999998599426523,CACNA1H,False
C5_all,GO_BP,GOBP_NEGATIVE_REGULATION_OF_VASCULAR_PERMEABILITY,Negative regulation of vascular permeability,1,16,998,0.001,0.0011,0.926,0.6730915678652512,0.9999998599426523,ARHGAP35,False
C5_all,GO_BP,GOBP_CALCIUM_IMPORT_INTO_THE_MITOCHONDRION,Calcium import into the mitochondrion,1,16,998,0.001,0.0011,0.926,0.6730915678652512,0.9999998599426523,MICU1,False
C5_all,GO_BP,GOBP_DNA_DAMAGE_RESPONSE_SIGNAL_TRANSDUCTION_RESULTING_IN_TRANSCRIPTION,Dna damage response signal transduction resulting in transcription,1,16,998,0.001,0.0011,0.926,0.6730915678652512,0.9999998599426523,RPS6KA6,False
C5_all,GO_BP,GOBP_REGULATION_OF_EXCITATORY_SYNAPSE_ASSEMBLY,Regulation of excitatory synapse assembly,1,16,998,0.001,0.0011,0.926,0.6730915678652512,0.9999998599426523,IL1RAP,False
C5_all,GO_BP,GOBP_REGULATION_OF_GLUTAMATE_SECRETION,Regulation of glutamate secretion,1,16,998,0.001,0.0011,0.926,0.6730915678652512,0.9999998599426523,AVPR1A,False
C5_all,GO_BP,GOBP_POSITIVE_REGULATION_OF_MEMBRANE_PROTEIN_ECTODOMAIN_PROTEOLYSIS,Positive regulation of membrane protein ectodomain proteolysis,1,16,998,0.001,0.0011,0.926,0.6730915678652512,0.9999998599426523,GPLD1,False
C5_all,GO_BP,GOBP_POSITIVE_REGULATION_OF_GLUCONEOGENESIS,Positive regulation of gluconeogenesis,1,16,998,0.001,0.0011,0.926,0.6730915678652512,0.9999998599426523,PPARA,False
C5_all,GO_BP,GOBP_TRNA_5_END_PROCESSING,Trna 5 end processing,1,16,998,0.001,0.0011,0.926,0.6730915678652512,0.9999998599426523,HSD17B10,False
C5_all,GO_BP,GOBP_MHC_CLASS_II_BIOSYNTHETIC_PROCESS,Mhc class ii biosynthetic process,1,16,998,0.001,0.0011,0.926,0.6730915678652512,0.9999998599426523,NFX1,False
C5_all,GO_BP,GOBP_MITOTIC_INTRA_S_DNA_DAMAGE_CHECKPOINT_SIGNALING,Mitotic intra s dna damage checkpoint signaling,1,16,998,0.001,0.0011,0.926,0.6730915678652512,0.9999998599426523,ATF2,False
C5_all,GO_BP,GOBP_REGULATION_OF_B_CELL_APOPTOTIC_PROCESS,Regulation of b cell apoptotic process,1,16,998,0.001,0.0011,0.926,0.6730915678652512,0.9999998599426523,FNIP1,False
C5_all,GO_BP,GOBP_NEUROTRANSMITTER_RECEPTOR_TRANSPORT_TO_PLASMA_MEMBRANE,Neurotransmitter receptor transport to plasma membrane,1,16,998,0.001,0.0011,0.926,0.6730915678652512,0.9999998599426523,SLC1A1,False
C5_all,GO_BP,GOBP_INTERLEUKIN_6_MEDIATED_SIGNALING_PATHWAY,Interleukin 6 mediated signaling pathway,1,16,998,0.001,0.0011,0.926,0.6730915678652512,0.9999998599426523,IL6R,False
C5_all,GO_BP,GOBP_PROTEIN_LOCALIZATION_TO_PHAGOPHORE_ASSEMBLY_SITE,Protein localization to phagophore assembly site,1,16,998,0.001,0.0011,0.926,0.6730915678652512,0.9999998599426523,STX17,False
C5_all,GO_BP,GOBP_POSITIVE_REGULATION_OF_HOMOTYPIC_CELL_CELL_ADHESION,Positive regulation of homotypic cell cell adhesion,1,16,998,0.001,0.0011,0.926,0.6730915678652512,0.9999998599426523,HTR2A,False
C5_all,GO_BP,GOBP_REGULATION_OF_EPIDERMAL_GROWTH_FACTOR_ACTIVATED_RECEPTOR_ACTIVITY,Regulation of epidermal growth factor activated receptor activity,1,16,998,0.001,0.0011,0.926,0.6730915678652512,0.9999998599426523,ERRFI1,False
C5_all,GO_BP,GOBP_NEGATIVE_REGULATION_OF_HUMORAL_IMMUNE_RESPONSE,Negative regulation of humoral immune response,1,16,998,0.001,0.0011,0.926,0.6730915678652512,0.9999998599426523,C4BPB,False
C5_all,GO_BP,GOBP_POSITIVE_REGULATION_OF_CHONDROCYTE_DIFFERENTIATION,Positive regulation of chondrocyte differentiation,1,16,998,0.001,0.0011,0.926,0.6730915678652512,0.9999998599426523,SOX5,False
C5_all,GO_BP,GOBP_REGULATION_OF_NEUROTRANSMITTER_UPTAKE,Regulation of neurotransmitter uptake,1,16,998,0.001,0.0011,0.926,0.6730915678652512,0.9999998599426523,DRD1,False
C5_all,GO_BP,GOBP_IMP_METABOLIC_PROCESS,Imp metabolic process,1,16,998,0.001,0.0011,0.926,0.6730915678652512,0.9999998599426523,XDH,False
C5_all,GO_BP,GOBP_CALCIUM_ION_TRANSMEMBRANE_TRANSPORT_VIA_HIGH_VOLTAGE_GATED_CALCIUM_CHANNEL,Calcium ion transmembrane transport via high voltage gated calcium channel,1,16,998,0.001,0.0011,0.926,0.6730915678652512,0.9999998599426523,NOS1AP,False
C5_all,GO_BP,GOBP_REGULATION_OF_MUSCLE_CONTRACTION,Regulation of muscle contraction,8,132,998,0.008,0.0089,0.898,0.6738236712877467,0.9999998599426523,"SOD1, ADRA1A, EHD3, PKP2, CTNNA3, ADCY10, TMEM38B, ABAT",False
C5_all,GO_BP,GOBP_DENDRITE_MORPHOGENESIS,Dendrite morphogenesis,8,132,998,0.008,0.0089,0.898,0.6738236712877467,0.9999998599426523,"NEDD4, RAPGEF2, RELN, SLC30A1, SDC2, TRPC5, CUX2, SS18L1",False
C5_all,GO_BP,GOBP_MRNA_TRANSPORT,Mrna transport,7,116,998,0.007,0.0078,0.895,0.6738888689697834,0.9999998599426523,"DDX25, FXR1, NUP88, FMR1, NXF5, SMG1, SENP2",False
C5_all,GO_BP,GOBP_REGULATION_OF_PROTEIN_LOCALIZATION_TO_PLASMA_MEMBRANE,Regulation of protein localization to plasma membrane,6,100,998,0.006,0.0068,0.889,0.6748530505531967,0.9999998599426523,"WNK3, PIK3R1, AR, NUMB, EGFR, CNST",False
C5_all,GO_BP,GOBP_CARBOHYDRATE_DERIVATIVE_TRANSPORT,Carbohydrate derivative transport,5,84,998,0.005,0.0057,0.882,0.6772138918198476,0.9999998599426523,"SLC37A4, SLC35D1, GJB1, ABCC6, ADCY10",False
C5_all,GO_BP,GOBP_OOGENESIS,Oogenesis,5,84,998,0.005,0.0057,0.882,0.6772138918198476,0.9999998599426523,"PIWIL2, PLD6, MAJIN, TERB2, TUT7",False
C5_all,GO_BP,GOBP_CELLULAR_RESPONSE_TO_VIRUS,Cellular response to virus,3,51,998,0.003,0.0034,0.872,0.6779990655532284,0.9999998599426523,"FMR1, ATF2, TOMM70",False
C5_all,GO_BP,GOBP_NEGATIVE_REGULATION_OF_EPITHELIAL_CELL_APOPTOTIC_PROCESS,Negative regulation of epithelial cell apoptotic process,3,51,998,0.003,0.0034,0.872,0.6779990655532284,0.9999998599426523,"NDNF, NUPR1, PPARA",False
C5_all,GO_BP,GOBP_PROGRAMMED_NECROTIC_CELL_DEATH,Programmed necrotic cell death,3,51,998,0.003,0.0034,0.872,0.6779990655532284,0.9999998599426523,"NUPR1, TRPM7, ITCH",False
C5_all,GO_BP,GOBP_NEGATIVE_REGULATION_OF_TRANSPORTER_ACTIVITY,Negative regulation of transporter activity,3,51,998,0.003,0.0034,0.872,0.6779990655532284,0.9999998599426523,"FMR1, NEDD4, NDFIP1",False
C5_all,GO_BP,GOBP_POSTSYNAPTIC_SIGNAL_TRANSDUCTION,Postsynaptic signal transduction,2,34,998,0.002,0.0023,0.872,0.6784385688509432,0.9999998599426523,"CHRNA4, CHRNA2",False
C5_all,GO_BP,GOBP_REGULATION_OF_HORMONE_METABOLIC_PROCESS,Regulation of hormone metabolic process,2,34,998,0.002,0.0023,0.872,0.6784385688509432,0.9999998599426523,"ARNT, RDH10",False
C5_all,GO_BP,GOBP_POSITIVE_REGULATION_OF_GLUCOSE_TRANSMEMBRANE_TRANSPORT,Positive regulation of glucose transmembrane transport,2,34,998,0.002,0.0023,0.872,0.6784385688509432,0.9999998599426523,"PIK3R1, KLF15",False
C5_all,GO_BP,GOBP_POSITIVE_REGULATION_OF_STRIATED_MUSCLE_CELL_DIFFERENTIATION,Positive regulation of striated muscle cell differentiation,2,34,998,0.002,0.0023,0.872,0.6784385688509432,0.9999998599426523,"PROX1, AKAP6",False
C5_all,GO_BP,GOBP_DOPAMINE_RECEPTOR_SIGNALING_PATHWAY,Dopamine receptor signaling pathway,2,34,998,0.002,0.0023,0.872,0.6784385688509432,0.9999998599426523,"DRD1, SLC1A1",False
C5_all,GO_BP,GOBP_NEGATIVE_REGULATION_OF_PROTEASOMAL_UBIQUITIN_DEPENDENT_PROTEIN_CATABOLIC_PROCESS,Negative regulation of proteasomal ubiquitin dependent protein catabolic process,2,34,998,0.002,0.0023,0.872,0.6784385688509432,0.9999998599426523,"MTM1, TTC36",False
C5_all,GO_BP,GOBP_REGULATION_OF_CALCIUM_ION_IMPORT,Regulation of calcium ion import,2,34,998,0.002,0.0023,0.872,0.6784385688509432,0.9999998599426523,"WNK3, SLC30A1",False
C5_all,GO_BP,GOBP_ENDOCRINE_PANCREAS_DEVELOPMENT,Endocrine pancreas development,2,34,998,0.002,0.0023,0.872,0.6784385688509432,0.9999998599426523,"CDH2, IL6R",False
C5_all,GO_BP,GOBP_RESPONSE_TO_ACETYLCHOLINE,Response to acetylcholine,2,34,998,0.002,0.0023,0.872,0.6784385688509432,0.9999998599426523,"CHRNA4, CHRNA2",False
C5_all,GO_BP,GOBP_REGULATION_OF_MITOPHAGY,Regulation of mitophagy,2,34,998,0.002,0.0023,0.872,0.6784385688509432,0.9999998599426523,"ADCY10, USP30",False
C5_all,GO_BP,GOBP_DEFENSE_RESPONSE_TO_FUNGUS,Defense response to fungus,2,34,998,0.002,0.0023,0.872,0.6784385688509432,0.9999998599426523,"ARG1, IL17RC",False
C5_all,GO_BP,GOBP_ESTABLISHMENT_OF_TISSUE_POLARITY,Establishment of tissue polarity,2,34,998,0.002,0.0023,0.872,0.6784385688509432,0.9999998599426523,"SEC24B, GRHL3",False
C5_all,GO_BP,GOBP_CELL_SURFACE_PATTERN_RECOGNITION_RECEPTOR_SIGNALING_PATHWAY,Cell surface pattern recognition receptor signaling pathway,4,68,998,0.004,0.0046,0.872,0.6818897022027122,0.9999998599426523,"NR1H3, PIK3R1, COLEC10, FCN2",False
C5_all,GO_BP,GOBP_DEFENSE_RESPONSE_TO_GRAM_POSITIVE_BACTERIUM,Defense response to gram positive bacterium,4,68,998,0.004,0.0046,0.872,0.6818897022027122,0.9999998599426523,"ZG16, GBP7, STAB2, FCN2",False
C5_all,GO_BP,GOBP_AMINOGLYCAN_BIOSYNTHETIC_PROCESS,Aminoglycan biosynthetic process,4,68,998,0.004,0.0046,0.872,0.6818897022027122,0.9999998599426523,"GCNT2, NDST1, HS3ST3B1, ST3GAL6",False
C5_all,GO_BP,GOBP_TRANSLATIONAL_ELONGATION,Translational elongation,4,68,998,0.004,0.0046,0.872,0.6818897022027122,0.9999998599426523,"KLHDC10, SEPSECS, CPEB2, SECISBP2L",False
C5_all,GO_BP,GOBP_POSITIVE_REGULATION_OF_CYTOSOLIC_CALCIUM_ION_CONCENTRATION,Positive regulation of cytosolic calcium ion concentration,8,133,998,0.008,0.009,0.892,0.6820211103955367,0.9999998599426523,"LRP6, ADRA1A, P2RX3, AVPR1A, ESR1, HTR2A, TRPC3, TRPC5",False
C5_all,GO_BP,GOBP_LYSOSOMAL_TRANSPORT,Lysosomal transport,7,117,998,0.007,0.0079,0.887,0.6826075322943967,0.9999998599426523,"NEDD4, HOOK1, SORL1, EHD3, RBSN, PIK3R4, MTM1",False
C5_all,GO_BP,GOBP_REGULATION_OF_PROTEIN_STABILITY,Regulation of protein stability,18,291,998,0.018,0.0197,0.917,0.6836672665822907,0.9999998599426523,"USP33, TBL1X, RNF128, A1CF, DSG1, FBXO4, TBX3, TRIM24, PIK3R1, RTN4, STK3, KDM8, SENP2, CUL3, PER3, ADGRV1, IFT46, PFN2",False
C5_all,GO_BP,GOBP_ELECTRON_TRANSPORT_CHAIN,Electron transport chain,6,101,998,0.006,0.0068,0.881,0.6841980338241593,0.9999998599426523,"ETFDH, SLC25A13, GPD1, DHRS2, ETFRF1, COX7A2L",False
C5_all,GO_BP,GOBP_REGULATION_OF_CALCIUM_ION_TRANSPORT,Regulation of calcium ion transport,12,197,998,0.012,0.0133,0.903,0.6848152120159995,0.9999998599426523,"NOS1AP, WNK3, SLC30A1, DRD1, FMR1, HOMER2, P2RX3, HAP1, TRPC3, DIAPH1, TMEM38B, AKAP6",False
C5_all,GO_BP,GOBP_POSITIVE_REGULATION_OF_PROTEIN_KINASE_ACTIVITY,Positive regulation of protein kinase activity,13,213,998,0.013,0.0144,0.905,0.6861940350678197,0.9999998599426523,"PRKAG2, RAPGEF2, RELN, IL6R, TOM1L1, PROX1, NEK10, STRADB, EGFR, PRLR, GHR, DUSP19, PIBF1",False
C5_all,GO_BP,GOBP_NEGATIVE_REGULATION_OF_AUTOPHAGY,Negative regulation of autophagy,5,85,998,0.005,0.0057,0.872,0.6873308744348721,0.9999998599426523,"ADRA1A, USP30, TBC1D14, NUPR1, MTM1",False
C5_all,GO_BP,GOBP_REGULATION_OF_PEPTIDYL_SERINE_PHOSPHORYLATION,Regulation of peptidyl serine phosphorylation,5,85,998,0.005,0.0057,0.872,0.6873308744348721,0.9999998599426523,"FNIP1, FNIP2, CNKSR3, EGFR, PFN2",False
C5_all,GO_BP,GOBP_NEGATIVE_REGULATION_OF_LEUKOCYTE_PROLIFERATION,Negative regulation of leukocyte proliferation,5,85,998,0.005,0.0057,0.872,0.6873308744348721,0.9999998599426523,"ENPP3, CLEC4G, NDFIP1, ARG1, ITCH",False
C5_all,GO_BP,GOBP_POSITIVE_REGULATION_OF_INTRACELLULAR_PROTEIN_TRANSPORT,Positive regulation of intracellular protein transport,5,85,998,0.005,0.0057,0.872,0.6873308744348721,0.9999998599426523,"SAR1B, EDEM1, SORL1, PIK3R1, ZFAND1",False
C5_all,GO_BP,GOBP_ESTABLISHMENT_OF_PROTEIN_LOCALIZATION_TO_ORGANELLE,Establishment of protein localization to organelle,25,401,998,0.0251,0.0271,0.924,0.689486974742704,0.9999998599426523,"IMMP1L, SRPRA, EDEM1, NEDD4, IPO8, TOMM70, SORL1, STK3, CRY2, SRP54, LMAN1, ADCY10, PEX14, PIK3R1, ATF2, PEX5L, SEC61A2, PEX5, LONP2, DRD1, NUP88, PEX1, SEC62, PIK3R4, DNAJC19",False
C5_all,GO_BP,GOBP_POSITIVE_REGULATION_OF_CELL_GROWTH,Positive regulation of cell growth,8,134,998,0.008,0.0091,0.885,0.6900896695009839,0.9999998599426523,"ADCY10, CEP43, SYT1, EGFR, AVPR1A, TRPC5, CPNE6, AKAP6",False
C5_all,GO_BP,GOBP_ADHERENS_JUNCTION_ORGANIZATION,Adherens junction organization,3,52,998,0.003,0.0035,0.855,0.6907916181265334,0.9999998599426523,"NUMB, CDH2, MTSS1",False
C5_all,GO_BP,GOBP_NEGATIVE_REGULATION_OF_ERK1_AND_ERK2_CASCADE,Negative regulation of erk1 and erk2 cascade,3,52,998,0.003,0.0035,0.855,0.6907916181265334,0.9999998599426523,"CNKSR3, NDRG2, RPS6KA6",False
C5_all,GO_BP,GOBP_DENDRITE_DEVELOPMENT,Dendrite development,13,214,998,0.013,0.0145,0.901,0.692595894502252,0.9999998599426523,"NEDD4, RAPGEF2, RELN, SLC30A1, DAB1, FMR1, COBL, GRIN3A, SDC2, CSMD3, TRPC5, CUX2, SS18L1",False
C5_all,GO_BP,GOBP_EMBRYONIC_ORGAN_MORPHOGENESIS,Embryonic organ morphogenesis,13,214,998,0.013,0.0145,0.901,0.692595894502252,0.9999998599426523,"SOD1, RDH10, PROX1, CDH23, TBX3, MTHFD1, SETDB2, NDST1, GRHL3, PHACTR4, HIPK2, SEC24B, CITED2",False
C5_all,GO_BP,GOBP_POSITIVE_REGULATION_OF_TYPE_I_INTERFERON_PRODUCTION,Positive regulation of type i interferon production,4,69,998,0.004,0.0047,0.859,0.6929898833142336,0.9999998599426523,"UAP1, POLR3G, ZBTB20, TOMM70",False
C5_all,GO_BP,GOBP_NEGATIVE_REGULATION_OF_PROTEIN_UBIQUITINATION,Negative regulation of protein ubiquitination,4,69,998,0.004,0.0047,0.859,0.6929898833142336,0.9999998599426523,"SENP2, TTC36, SH3RF2, GCLC",False
C5_all,GO_BP,GOBP_POSITIVE_REGULATION_OF_PROTEASOMAL_PROTEIN_CATABOLIC_PROCESS,Positive regulation of proteasomal protein catabolic process,6,102,998,0.006,0.0069,0.872,0.693365946262156,0.9999998599426523,"SH3RF2, ZYG11B, GCLC, FMR1, HECTD1, NUPR1",False
C5_all,GO_BP,GOBP_RENAL_SYSTEM_PROCESS,Renal system process,6,102,998,0.006,0.0069,0.872,0.693365946262156,0.9999998599426523,"PON3, ABCG2, REN, TBC1D8B, KCNMA1, CLCN5",False
C5_all,GO_BP,GOBP_PROTEIN_LOCALIZATION_TO_MICROTUBULE_ORGANIZING_CENTER,Protein localization to microtubule organizing center,2,35,998,0.002,0.0024,0.847,0.6938914462472952,0.9999998599426523,"STK3, PIBF1",False
C5_all,GO_BP,GOBP_NEGATIVE_REGULATION_OF_PROTEIN_LOCALIZATION_TO_NUCLEUS,Negative regulation of protein localization to nucleus,2,35,998,0.002,0.0024,0.847,0.6938914462472952,0.9999998599426523,"ILRUN, FBXO4",False
C5_all,GO_BP,GOBP_RESPIRATORY_SYSTEM_PROCESS,Respiratory system process,2,35,998,0.002,0.0024,0.847,0.6938914462472952,0.9999998599426523,"NEK10, HIPK2",False
C5_all,GO_BP,GOBP_NEUTROPHIL_MEDIATED_IMMUNITY,Neutrophil mediated immunity,2,35,998,0.002,0.0024,0.847,0.6938914462472952,0.9999998599426523,"ARG1, DNASE1L3",False
C5_all,GO_BP,GOBP_REGULATION_OF_CELLULAR_EXTRAVASATION,Regulation of cellular extravasation,2,35,998,0.002,0.0024,0.847,0.6938914462472952,0.9999998599426523,"CD99L2, LYVE1",False
C5_all,GO_BP,GOBP_REGULATION_OF_T_CELL_APOPTOTIC_PROCESS,Regulation of t cell apoptotic process,2,35,998,0.002,0.0024,0.847,0.6938914462472952,0.9999998599426523,"GPAM, RAG1",False
C5_all,GO_BP,GOBP_VENTRICULAR_CARDIAC_MUSCLE_TISSUE_MORPHOGENESIS,Ventricular cardiac muscle tissue morphogenesis,2,35,998,0.002,0.0024,0.847,0.6938914462472952,0.9999998599426523,"PROX1, PKP2",False
C5_all,GO_BP,GOBP_POSITIVE_REGULATION_OF_AXON_EXTENSION,Positive regulation of axon extension,2,35,998,0.002,0.0024,0.847,0.6938914462472952,0.9999998599426523,"TRPC5, ADCY10",False
C5_all,GO_BP,GOBP_NEGATIVE_REGULATION_OF_PROGRAMMED_NECROTIC_CELL_DEATH,Negative regulation of programmed necrotic cell death,1,17,998,0.001,0.0011,0.872,0.6951686158602763,0.9999998599426523,NUPR1,False
C5_all,GO_BP,GOBP_POSITIVE_REGULATION_OF_TRANSFORMING_GROWTH_FACTOR_BETA_PRODUCTION,Positive regulation of transforming growth factor beta production,1,17,998,0.001,0.0011,0.872,0.6951686158602763,0.9999998599426523,ATF2,False
C5_all,GO_BP,GOBP_POSITIVE_REGULATION_OF_STEM_CELL_DIFFERENTIATION,Positive regulation of stem cell differentiation,1,17,998,0.001,0.0011,0.872,0.6951686158602763,0.9999998599426523,SOX5,False
C5_all,GO_BP,GOBP_POSITIVE_REGULATION_OF_SODIUM_ION_TRANSMEMBRANE_TRANSPORT,Positive regulation of sodium ion transmembrane transport,1,17,998,0.001,0.0011,0.872,0.6951686158602763,0.9999998599426523,WNK3,False
C5_all,GO_BP,GOBP_DETECTION_OF_TEMPERATURE_STIMULUS_INVOLVED_IN_SENSORY_PERCEPTION_OF_PAIN,Detection of temperature stimulus involved in sensory perception of pain,1,17,998,0.001,0.0011,0.872,0.6951686158602763,0.9999998599426523,HTR2A,False
C5_all,GO_BP,GOBP_BEHAVIORAL_RESPONSE_TO_PAIN,Behavioral response to pain,1,17,998,0.001,0.0011,0.872,0.6951686158602763,0.9999998599426523,P2RX3,False
C5_all,GO_BP,GOBP_HEMOGLOBIN_METABOLIC_PROCESS,Hemoglobin metabolic process,1,17,998,0.001,0.0011,0.872,0.6951686158602763,0.9999998599426523,CAT,False
C5_all,GO_BP,GOBP_CELLULAR_RESPONSE_TO_ALDEHYDE,Cellular response to aldehyde,1,17,998,0.001,0.0011,0.872,0.6951686158602763,0.9999998599426523,ADH4,False
C5_all,GO_BP,GOBP_CORONARY_VASCULATURE_MORPHOGENESIS,Coronary vasculature morphogenesis,1,17,998,0.001,0.0011,0.872,0.6951686158602763,0.9999998599426523,SEC24B,False
C5_all,GO_BP,GOBP_ORGAN_INDUCTION,Organ induction,1,17,998,0.001,0.0011,0.872,0.6951686158602763,0.9999998599426523,AR,False
C5_all,GO_BP,GOBP_NEGATIVE_REGULATION_OF_GLUCOSE_TRANSMEMBRANE_TRANSPORT,Negative regulation of glucose transmembrane transport,1,17,998,0.001,0.0011,0.872,0.6951686158602763,0.9999998599426523,ENPP1,False
C5_all,GO_BP,GOBP_INTERLEUKIN_13_PRODUCTION,Interleukin 13 production,1,17,998,0.001,0.0011,0.872,0.6951686158602763,0.9999998599426523,IL1RAP,False
C5_all,GO_BP,GOBP_SPINAL_CORD_MOTOR_NEURON_DIFFERENTIATION,Spinal cord motor neuron differentiation,1,17,998,0.001,0.0011,0.872,0.6951686158602763,0.9999998599426523,MDGA2,False
C5_all,GO_BP,GOBP_POSITIVE_REGULATION_OF_CELL_CYCLE_CHECKPOINT,Positive regulation of cell cycle checkpoint,1,17,998,0.001,0.0011,0.872,0.6951686158602763,0.9999998599426523,PROX1,False
C5_all,GO_BP,GOBP_VASCULAR_WOUND_HEALING,Vascular wound healing,1,17,998,0.001,0.0011,0.872,0.6951686158602763,0.9999998599426523,NDNF,False
C5_all,GO_BP,GOBP_DNA_DEMETHYLATION,Dna demethylation,1,17,998,0.001,0.0011,0.872,0.6951686158602763,0.9999998599426523,A1CF,False
C5_all,GO_BP,GOBP_INTESTINAL_CHOLESTEROL_ABSORPTION,Intestinal cholesterol absorption,1,17,998,0.001,0.0011,0.872,0.6951686158602763,0.9999998599426523,LPCAT3,False
C5_all,GO_BP,GOBP_TONGUE_DEVELOPMENT,Tongue development,1,17,998,0.001,0.0011,0.872,0.6951686158602763,0.9999998599426523,EGFR,False
C5_all,GO_BP,GOBP_UBIQUINONE_METABOLIC_PROCESS,Ubiquinone metabolic process,1,17,998,0.001,0.0011,0.872,0.6951686158602763,0.9999998599426523,COQ5,False
C5_all,GO_BP,GOBP_REGULATION_OF_HUMORAL_IMMUNE_RESPONSE_MEDIATED_BY_CIRCULATING_IMMUNOGLOBULIN,Regulation of humoral immune response mediated by circulating immunoglobulin,1,17,998,0.001,0.0011,0.872,0.6951686158602763,0.9999998599426523,C4BPB,False
C5_all,GO_BP,GOBP_ACROSOME_ASSEMBLY,Acrosome assembly,1,17,998,0.001,0.0011,0.872,0.6951686158602763,0.9999998599426523,CCDC38,False
C5_all,GO_BP,GOBP_POSITIVE_REGULATION_BY_HOST_OF_VIRAL_TRANSCRIPTION,Positive regulation by host of viral transcription,1,17,998,0.001,0.0011,0.872,0.6951686158602763,0.9999998599426523,NUCKS1,False
C5_all,GO_BP,GOBP_POSITIVE_REGULATION_OF_BONE_RESORPTION,Positive regulation of bone resorption,1,17,998,0.001,0.0011,0.872,0.6951686158602763,0.9999998599426523,EGFR,False
C5_all,GO_BP,GOBP_REGULATION_OF_UBIQUITIN_PROTEIN_LIGASE_ACTIVITY,Regulation of ubiquitin protein ligase activity,1,17,998,0.001,0.0011,0.872,0.6951686158602763,0.9999998599426523,CDC14B,False
C5_all,GO_BP,GOBP_KERATINOCYTE_MIGRATION,Keratinocyte migration,1,17,998,0.001,0.0011,0.872,0.6951686158602763,0.9999998599426523,EPB41L4B,False
C5_all,GO_BP,GOBP_NEGATIVE_REGULATION_OF_ANOIKIS,Negative regulation of anoikis,1,17,998,0.001,0.0011,0.872,0.6951686158602763,0.9999998599426523,PDK4,False
C5_all,GO_BP,GOBP_MUCUS_SECRETION,Mucus secretion,1,17,998,0.001,0.0011,0.872,0.6951686158602763,0.9999998599426523,EGFR,False
C5_all,GO_BP,GOBP_CALCIUM_ION_REGULATED_EXOCYTOSIS_OF_NEUROTRANSMITTER,Calcium ion regulated exocytosis of neurotransmitter,1,17,998,0.001,0.0011,0.872,0.6951686158602763,0.9999998599426523,SYT1,False
C5_all,GO_BP,GOBP_REGULATION_OF_FIBROBLAST_APOPTOTIC_PROCESS,Regulation of fibroblast apoptotic process,1,17,998,0.001,0.0011,0.872,0.6951686158602763,0.9999998599426523,NUPR1,False
C5_all,GO_BP,GOBP_MAINTENANCE_OF_GASTROINTESTINAL_EPITHELIUM,Maintenance of gastrointestinal epithelium,1,17,998,0.001,0.0011,0.872,0.6951686158602763,0.9999998599426523,PBLD,False
C5_all,GO_BP,GOBP_RIBOSOMAL_LARGE_SUBUNIT_ASSEMBLY,Ribosomal large subunit assembly,1,17,998,0.001,0.0011,0.872,0.6951686158602763,0.9999998599426523,MDN1,False
C5_all,GO_BP,GOBP_REGULATION_OF_GLIOGENESIS,Regulation of gliogenesis,5,86,998,0.005,0.0058,0.862,0.6972307386748331,0.9999998599426523,"CERS2, DAB1, PLAG1, EGFR, ASPA",False
C5_all,GO_BP,GOBP_DEVELOPMENTAL_CELL_GROWTH,Developmental cell growth,12,199,998,0.012,0.0135,0.894,0.6980492560190552,0.9999998599426523,"ADCY10, ADRA1A, PPARA, TOMM70, COBL, POSTN, SYT1, RTN4, RAPH1, TRPC5, CPNE6, AKAP6",False
C5_all,GO_BP,GOBP_NEGATIVE_REGULATION_OF_RESPONSE_TO_BIOTIC_STIMULUS,Negative regulation of response to biotic stimulus,6,103,998,0.006,0.007,0.864,0.7023555084622568,0.9999998599426523,"CNOT7, NR1H3, PPM1B, ILRUN, ARG1, ITCH",False
C5_all,GO_BP,GOBP_RESPONSE_TO_WOUNDING,Response to wounding,31,497,998,0.0311,0.0336,0.925,0.7031397356305882,0.9999998599426523,"TFPI, SOD1, CPB2, TEC, LYVE1, TMPRSS4, PHLDB2, F11, LMAN1, NFIA, GGCX, SLC1A1, F13B, GRHL3, HTR2A, CYP4F11, EPB41L4B, TUBB1, PLG, NDNF, PPARA, PTPRF, ERBB3, BNIP3, F9, CERS2, ARHGAP35, SERPINA10, C4BPB, TSKU, KLKB1",False
C5_all,GO_BP,GOBP_CALCIUM_ION_REGULATED_EXOCYTOSIS,Calcium ion regulated exocytosis,3,53,998,0.003,0.0036,0.839,0.7031979123223158,0.9999998599426523,"SYT10, RAPGEF4, SYT1",False
C5_all,GO_BP,GOBP_VASCULAR_ENDOTHELIAL_GROWTH_FACTOR_RECEPTOR_SIGNALING_PATHWAY,Vascular endothelial growth factor receptor signaling pathway,3,53,998,0.003,0.0036,0.839,0.7031979123223158,0.9999998599426523,"NEDD4, ARNT, SLC31A1",False
C5_all,GO_BP,GOBP_RESPONSE_TO_AMINO_ACID_STARVATION,Response to amino acid starvation,3,53,998,0.003,0.0036,0.839,0.7031979123223158,0.9999998599426523,"SAR1B, MIOS, ATF2",False
C5_all,GO_BP,GOBP_AMYLOID_PRECURSOR_PROTEIN_CATABOLIC_PROCESS,Amyloid precursor protein catabolic process,3,53,998,0.003,0.0036,0.839,0.7031979123223158,0.9999998599426523,"SORL1, HAP1, RTN4",False
C5_all,GO_BP,GOBP_REGULATION_OF_NITRIC_OXIDE_METABOLIC_PROCESS,Regulation of nitric oxide metabolic process,3,53,998,0.003,0.0036,0.839,0.7031979123223158,0.9999998599426523,"AGXT2, RGN, NOS1AP",False
C5_all,GO_BP,GOBP_POSITIVE_REGULATION_OF_EXOCYTOSIS,Positive regulation of exocytosis,4,70,998,0.004,0.0047,0.847,0.7038112492576603,0.9999998599426523,"SYT10, VSNL1, EXPH5, SYT1",False
C5_all,GO_BP,GOBP_REGULATION_OF_PROTEIN_TARGETING,Regulation of protein targeting,4,70,998,0.004,0.0047,0.847,0.7038112492576603,0.9999998599426523,"ADCY10, SLC1A1, LMAN1, TOMM70",False
C5_all,GO_BP,GOBP_MEIOTIC_CELL_CYCLE,Meiotic cell cycle,14,232,998,0.014,0.0157,0.895,0.7060096393605235,0.9999998599426523,"ANAPC16, PIWIL2, TEX15, HORMAD2, SYCE1, PLD6, MAJIN, FAM9A, TERB2, DNMT3L, SYCP1, TEX14, TUBGCP4, MAEL",False
C5_all,GO_BP,GOBP_REGULATION_OF_NON_CANONICAL_NF_KAPPAB_SIGNAL_TRANSDUCTION,Regulation of non canonical nf kappab signal transduction,5,87,998,0.005,0.0059,0.852,0.7069125369266489,0.9999998599426523,"LRRC19, NR3C2, PPM1B, EGFR, EDA",False
C5_all,GO_BP,GOBP_NEGATIVE_REGULATION_OF_CYTOKINE_PRODUCTION,Negative regulation of cytokine production,15,248,998,0.015,0.0168,0.897,0.7070259890793746,0.9999998599426523,"GBP7, FXR1, RNF128, PPARA, LGR4, HOMER2, PPM1B, ILRUN, NDRG2, CUL3, NDFIP1, ARG1, TSKU, ITCH, PIBF1",False
C5_all,GO_BP,GOBP_NEGATIVE_REGULATION_OF_PLASMA_MEMBRANE_BOUNDED_CELL_PROJECTION_ASSEMBLY,Negative regulation of plasma membrane bounded cell projection assembly,2,36,998,0.002,0.0024,0.824,0.708725322897255,0.9999998599426523,"CCP110, PFN2",False
C5_all,GO_BP,GOBP_CENTRAL_NERVOUS_SYSTEM_NEURON_AXONOGENESIS,Central nervous system neuron axonogenesis,2,36,998,0.002,0.0024,0.824,0.708725322897255,0.9999998599426523,"TSKU, ARHGAP35",False
C5_all,GO_BP,GOBP_NEGATIVE_REGULATION_OF_CHEMOTAXIS,Negative regulation of chemotaxis,2,36,998,0.002,0.0024,0.824,0.708725322897255,0.9999998599426523,"DDT, C5",False
C5_all,GO_BP,GOBP_REGULATION_OF_EXTRINSIC_APOPTOTIC_SIGNALING_PATHWAY_IN_ABSENCE_OF_LIGAND,Regulation of extrinsic apoptotic signaling pathway in absence of ligand,2,36,998,0.002,0.0024,0.824,0.708725322897255,0.9999998599426523,"STRADB, SGK3",False
C5_all,GO_BP,GOBP_POSITIVE_REGULATION_OF_REGULATED_SECRETORY_PATHWAY,Positive regulation of regulated secretory pathway,2,36,998,0.002,0.0024,0.824,0.708725322897255,0.9999998599426523,"SYT10, SYT1",False
C5_all,GO_BP,GOBP_POTASSIUM_ION_IMPORT_ACROSS_PLASMA_MEMBRANE,Potassium ion import across plasma membrane,2,36,998,0.002,0.0024,0.824,0.708725322897255,0.9999998599426523,"KCNJ3, ABCC9",False
C5_all,GO_BP,GOBP_POSITIVE_REGULATION_OF_SMOOTH_MUSCLE_CELL_MIGRATION,Positive regulation of smooth muscle cell migration,2,36,998,0.002,0.0024,0.824,0.708725322897255,0.9999998599426523,"RPS6KB1, POSTN",False
C5_all,GO_BP,GOBP_DE_NOVO_PROTEIN_FOLDING,De novo protein folding,2,36,998,0.002,0.0024,0.824,0.708725322897255,0.9999998599426523,"ST13, ENTPD5",False
C5_all,GO_BP,GOBP_REGULATION_OF_BINDING,Regulation of binding,12,201,998,0.012,0.0136,0.885,0.7109415074835073,0.9999998599426523,"CFHR5, USP33, RAPGEF2, PTPRF, CFHR2, NUCKS1, ILRUN, STK3, HIPK2, PEX14, CFHR1, NMD3",False
C5_all,GO_BP,GOBP_ODONTOGENESIS,Odontogenesis,6,104,998,0.006,0.007,0.855,0.7111657374763105,0.9999998599426523,"SLC34A1, TMT1A, PPARA, ACVR2B, EDA, WDR72",False
C5_all,GO_BP,GOBP_POSITIVE_REGULATION_OF_MAP_KINASE_ACTIVITY,Positive regulation of map kinase activity,4,71,998,0.004,0.0048,0.835,0.7143539055850563,0.9999998599426523,"DUSP19, EGFR, NEK10, GHR",False
C5_all,GO_BP,GOBP_REGULATION_OF_STRIATED_MUSCLE_CELL_DIFFERENTIATION,Regulation of striated muscle cell differentiation,4,71,998,0.004,0.0048,0.835,0.7143539055850563,0.9999998599426523,"AKAP6, PROX1, PPARA, TOMM70",False
C5_all,GO_BP,GOBP_POSITIVE_REGULATION_OF_PROTEASOMAL_UBIQUITIN_DEPENDENT_PROTEIN_CATABOLIC_PROCESS,Positive regulation of proteasomal ubiquitin dependent protein catabolic process,4,71,998,0.004,0.0048,0.835,0.7143539055850563,0.9999998599426523,"HECTD1, SH3RF2, ZYG11B, GCLC",False
C5_all,GO_BP,GOBP_VESICLE_DOCKING,Vesicle docking,3,54,998,0.003,0.0037,0.824,0.7152204781162763,0.9999998599426523,"STX17, USO1, SYT1",False
C5_all,GO_BP,GOBP_NEURON_CELLULAR_HOMEOSTASIS,Neuron cellular homeostasis,3,54,998,0.003,0.0037,0.824,0.7152204781162763,0.9999998599426523,"SLC24A2, FGGY, HAAO",False
C5_all,GO_BP,GOBP_REGULATION_OF_BIOLOGICAL_PROCESS_INVOLVED_IN_SYMBIOTIC_INTERACTION,Regulation of biological process involved in symbiotic interaction,3,54,998,0.003,0.0037,0.824,0.7152204781162763,0.9999998599426523,"ARG1, TMPRSS4, PPARA",False
C5_all,GO_BP,GOBP_ANIMAL_ORGAN_FORMATION,Animal organ formation,3,54,998,0.003,0.0037,0.824,0.7152204781162763,0.9999998599426523,"RDH10, CITED2, AR",False
C5_all,GO_BP,GOBP_POSITIVE_REGULATION_OF_SYNAPSE_ASSEMBLY,Positive regulation of synapse assembly,3,54,998,0.003,0.0037,0.824,0.7152204781162763,0.9999998599426523,"IL1RAP, CUX2, SLITRK3",False
C5_all,GO_BP,GOBP_NEGATIVE_REGULATION_OF_GLIAL_CELL_DIFFERENTIATION,Negative regulation of glial cell differentiation,1,18,998,0.001,0.0012,0.824,0.7157561316869966,0.9999998599426523,DAB1,False
C5_all,GO_BP,GOBP_REGULATION_OF_SYNAPTIC_VESICLE_ENDOCYTOSIS,Regulation of synaptic vesicle endocytosis,1,18,998,0.001,0.0012,0.824,0.7157561316869966,0.9999998599426523,ABCA13,False
C5_all,GO_BP,GOBP_MONOATOMIC_ANION_HOMEOSTASIS,Monoatomic anion homeostasis,1,18,998,0.001,0.0012,0.824,0.7157561316869966,0.9999998599426523,CPS1,False
C5_all,GO_BP,GOBP_OLEFINIC_COMPOUND_BIOSYNTHETIC_PROCESS,Olefinic compound biosynthetic process,1,18,998,0.001,0.0012,0.824,0.7157561316869966,0.9999998599426523,CACNA1H,False
C5_all,GO_BP,GOBP_THYMOCYTE_APOPTOTIC_PROCESS,Thymocyte apoptotic process,1,18,998,0.001,0.0012,0.824,0.7157561316869966,0.9999998599426523,RAG1,False
C5_all,GO_BP,GOBP_MYELOID_DENDRITIC_CELL_DIFFERENTIATION,Myeloid dendritic cell differentiation,1,18,998,0.001,0.0012,0.824,0.7157561316869966,0.9999998599426523,DHRS2,False
C5_all,GO_BP,GOBP_RESPONSE_TO_ACIDIC_PH,Response to acidic ph,1,18,998,0.001,0.0012,0.824,0.7157561316869966,0.9999998599426523,SERPINF1,False
C5_all,GO_BP,GOBP_REGULATION_OF_GLIAL_CELL_MIGRATION,Regulation of glial cell migration,1,18,998,0.001,0.0012,0.824,0.7157561316869966,0.9999998599426523,CERS2,False
C5_all,GO_BP,GOBP_LYSOSOMAL_PROTEIN_CATABOLIC_PROCESS,Lysosomal protein catabolic process,1,18,998,0.001,0.0012,0.824,0.7157561316869966,0.9999998599426523,MFSD8,False
C5_all,GO_BP,GOBP_OLIGOSACCHARIDE_BIOSYNTHETIC_PROCESS,Oligosaccharide biosynthetic process,1,18,998,0.001,0.0012,0.824,0.7157561316869966,0.9999998599426523,ST3GAL6,False
C5_all,GO_BP,GOBP_LABYRINTHINE_LAYER_BLOOD_VESSEL_DEVELOPMENT,Labyrinthine layer blood vessel development,1,18,998,0.001,0.0012,0.824,0.7157561316869966,0.9999998599426523,PLG,False
C5_all,GO_BP,GOBP_POSITIVE_REGULATION_OF_MITOTIC_SISTER_CHROMATID_SEPARATION,Positive regulation of mitotic sister chromatid separation,1,18,998,0.001,0.0012,0.824,0.7157561316869966,0.9999998599426523,CUL3,False
C5_all,GO_BP,GOBP_NEGATIVE_REGULATION_OF_FATTY_ACID_BIOSYNTHETIC_PROCESS,Negative regulation of fatty acid biosynthetic process,1,18,998,0.001,0.0012,0.824,0.7157561316869966,0.9999998599426523,PIBF1,False
C5_all,GO_BP,GOBP_NEGATIVE_REGULATION_OF_INTERLEUKIN_12_PRODUCTION,Negative regulation of interleukin 12 production,1,18,998,0.001,0.0012,0.824,0.7157561316869966,0.9999998599426523,PIBF1,False
C5_all,GO_BP,GOBP_NEGATIVE_REGULATION_OF_TELOMERE_MAINTENANCE_VIA_TELOMERASE,Negative regulation of telomere maintenance via telomerase,1,18,998,0.001,0.0012,0.824,0.7157561316869966,0.9999998599426523,TENT4B,False
C5_all,GO_BP,GOBP_CELLULAR_RESPONSE_TO_FLUID_SHEAR_STRESS,Cellular response to fluid shear stress,1,18,998,0.001,0.0012,0.824,0.7157561316869966,0.9999998599426523,MTSS1,False
C5_all,GO_BP,GOBP_PRIMARY_MIRNA_PROCESSING,Primary mirna processing,1,18,998,0.001,0.0012,0.824,0.7157561316869966,0.9999998599426523,PUS10,False
C5_all,GO_BP,GOBP_SPERMATID_NUCLEUS_DIFFERENTIATION,Spermatid nucleus differentiation,1,18,998,0.001,0.0012,0.824,0.7157561316869966,0.9999998599426523,SYCP1,False
C5_all,GO_BP,GOBP_REGULATION_OF_ENDOCYTIC_RECYCLING,Regulation of endocytic recycling,1,18,998,0.001,0.0012,0.824,0.7157561316869966,0.9999998599426523,SORL1,False
C5_all,GO_BP,GOBP_RESPONSE_TO_UV_B,Response to uv b,1,18,998,0.001,0.0012,0.824,0.7157561316869966,0.9999998599426523,MME,False
C5_all,GO_BP,GOBP_RESPONSE_TO_HEPATOCYTE_GROWTH_FACTOR,Response to hepatocyte growth factor,1,18,998,0.001,0.0012,0.824,0.7157561316869966,0.9999998599426523,GCLC,False
C5_all,GO_BP,GOBP_DNA_DAMAGE_RESPONSE_SIGNAL_TRANSDUCTION_BY_P53_CLASS_MEDIATOR_RESULTING_IN_CELL_CYCLE_ARREST,Dna damage response signal transduction by p53 class mediator resulting in cell cycle arrest,1,18,998,0.001,0.0012,0.824,0.7157561316869966,0.9999998599426523,CRADD,False
C5_all,GO_BP,GOBP_OUTER_DYNEIN_ARM_ASSEMBLY,Outer dynein arm assembly,1,18,998,0.001,0.0012,0.824,0.7157561316869966,0.9999998599426523,LRRC61,False
C5_all,GO_BP,GOBP_REGULATION_OF_RYANODINE_SENSITIVE_CALCIUM_RELEASE_CHANNEL_ACTIVITY,Regulation of ryanodine sensitive calcium release channel activity,1,18,998,0.001,0.0012,0.824,0.7157561316869966,0.9999998599426523,AKAP6,False
C5_all,GO_BP,GOBP_POSITIVE_REGULATION_OF_AUTOPHAGY_OF_MITOCHONDRION,Positive regulation of autophagy of mitochondrion,1,18,998,0.001,0.0012,0.824,0.7157561316869966,0.9999998599426523,BNIP3,False
C5_all,GO_BP,GOBP_NEGATIVE_REGULATION_OF_TOLL_LIKE_RECEPTOR_SIGNALING_PATHWAY,Negative regulation of toll like receptor signaling pathway,1,18,998,0.001,0.0012,0.824,0.7157561316869966,0.9999998599426523,LGR4,False
C5_all,GO_BP,GOBP_TRACHEA_DEVELOPMENT,Trachea development,1,18,998,0.001,0.0012,0.824,0.7157561316869966,0.9999998599426523,EDA,False
C5_all,GO_BP,GOBP_REGULATION_OF_MUSCLE_ORGAN_DEVELOPMENT,Regulation of muscle organ development,1,18,998,0.001,0.0012,0.824,0.7157561316869966,0.9999998599426523,ERBB3,False
C5_all,GO_BP,GOBP_TOLL_LIKE_RECEPTOR_9_SIGNALING_PATHWAY,Toll like receptor 9 signaling pathway,1,18,998,0.001,0.0012,0.824,0.7157561316869966,0.9999998599426523,RTN4,False
C5_all,GO_BP,GOBP_REGULATION_OF_PROTEIN_NEDDYLATION,Regulation of protein neddylation,1,18,998,0.001,0.0012,0.824,0.7157561316869966,0.9999998599426523,DCUN1D4,False
C5_all,GO_BP,GOBP_PIECEMEAL_MICROAUTOPHAGY_OF_THE_NUCLEUS,Piecemeal microautophagy of the nucleus,1,18,998,0.001,0.0012,0.824,0.7157561316869966,0.9999998599426523,ATG2B,False
C5_all,GO_BP,GOBP_REGULATION_OF_KETONE_BIOSYNTHETIC_PROCESS,Regulation of ketone biosynthetic process,1,18,998,0.001,0.0012,0.824,0.7157561316869966,0.9999998599426523,SIRT5,False
C5_all,GO_BP,GOBP_ASYMMETRIC_CELL_DIVISION,Asymmetric cell division,1,18,998,0.001,0.0012,0.824,0.7157561316869966,0.9999998599426523,SOX5,False
C5_all,GO_BP,GOBP_REGULATION_OF_MAST_CELL_ACTIVATION,Regulation of mast cell activation,1,18,998,0.001,0.0012,0.824,0.7157561316869966,0.9999998599426523,ENPP3,False
C5_all,GO_BP,GOBP_CELLULAR_RESPONSE_TO_VITAMIN_D,Cellular response to vitamin d,1,18,998,0.001,0.0012,0.824,0.7157561316869966,0.9999998599426523,TRIM24,False
C5_all,GO_BP,GOBP_NEGATIVE_REGULATION_OF_PROTEIN_TYROSINE_KINASE_ACTIVITY,Negative regulation of protein tyrosine kinase activity,1,18,998,0.001,0.0012,0.824,0.7157561316869966,0.9999998599426523,ERRFI1,False
C5_all,GO_BP,GOBP_RESPONSE_TO_NITRIC_OXIDE,Response to nitric oxide,1,18,998,0.001,0.0012,0.824,0.7157561316869966,0.9999998599426523,KCNC2,False
C5_all,GO_BP,GOBP_METANEPHRIC_NEPHRON_MORPHOGENESIS,Metanephric nephron morphogenesis,1,18,998,0.001,0.0012,0.824,0.7157561316869966,0.9999998599426523,LGR4,False
C5_all,GO_BP,GOBP_REGULATION_OF_CARDIAC_MUSCLE_CONTRACTION_BY_REGULATION_OF_THE_RELEASE_OF_SEQUESTERED_CALCIUM_ION,Regulation of cardiac muscle contraction by regulation of the release of sequestered calcium ion,1,18,998,0.001,0.0012,0.824,0.7157561316869966,0.9999998599426523,TMEM38B,False
C5_all,GO_BP,GOBP_POSITIVE_REGULATION_OF_TRANSCRIPTION_BY_RNA_POLYMERASE_III,Positive regulation of transcription by rna polymerase iii,1,18,998,0.001,0.0012,0.824,0.7157561316869966,0.9999998599426523,AR,False
C5_all,GO_BP,GOBP_CELLULAR_RESPONSE_TO_ATP,Cellular response to atp,1,18,998,0.001,0.0012,0.824,0.7157561316869966,0.9999998599426523,P2RX3,False
C5_all,GO_BP,GOBP_REGULATION_OF_CARDIAC_CONDUCTION,Regulation of cardiac conduction,1,18,998,0.001,0.0012,0.824,0.7157561316869966,0.9999998599426523,EHD3,False
C5_all,GO_BP,GOBP_POSITIVE_REGULATION_OF_MITOCHONDRIAL_FISSION,Positive regulation of mitochondrial fission,1,18,998,0.001,0.0012,0.824,0.7157561316869966,0.9999998599426523,BNIP3,False
C5_all,GO_BP,GOBP_REGULATION_OF_PLASMINOGEN_ACTIVATION,Regulation of plasminogen activation,1,18,998,0.001,0.0012,0.824,0.7157561316869966,0.9999998599426523,CPB2,False
C5_all,GO_BP,GOBP_NEURON_PROJECTION_ORGANIZATION,Neuron projection organization,5,88,998,0.005,0.0059,0.842,0.7163757199913556,0.9999998599426523,"RELN, ABHD17B, SLC30A1, ADCY10, CUX2",False
C5_all,GO_BP,GOBP_PHOSPHOLIPASE_C_ACTIVATING_G_PROTEIN_COUPLED_RECEPTOR_SIGNALING_PATHWAY,Phospholipase c activating g protein coupled receptor signaling pathway,5,88,998,0.005,0.0059,0.842,0.7163757199913556,0.9999998599426523,"ADRA1A, DRD1, GRM1, HTR2A, ESR1",False
C5_all,GO_BP,GOBP_FAT_CELL_DIFFERENTIATION,Fat cell differentiation,12,202,998,0.012,0.0137,0.881,0.7172575258492577,0.9999998599426523,"ALDH6A1, SULT1E1, PEX11A, NAPEPLD, BNIP3, PNPLA3, STK3, SENP2, HTR2A, ATF2, RORA, ENPP1",False
C5_all,GO_BP,GOBP_CARDIAC_VENTRICLE_DEVELOPMENT,Cardiac ventricle development,6,105,998,0.006,0.0071,0.847,0.7197959344574134,0.9999998599426523,"PROX1, TBX3, HECTD1, GREB1L, PKP2, CITED2",False
C5_all,GO_BP,GOBP_NEGATIVE_REGULATION_OF_EPITHELIAL_CELL_DIFFERENTIATION,Negative regulation of epithelial cell differentiation,2,37,998,0.002,0.0025,0.801,0.7229533003166551,0.9999998599426523,"TBX3, XDH",False
C5_all,GO_BP,GOBP_TYPE_2_IMMUNE_RESPONSE,Type 2 immune response,2,37,998,0.002,0.0025,0.801,0.7229533003166551,0.9999998599426523,"ARG1, NDFIP1",False
C5_all,GO_BP,GOBP_REGULATION_OF_HEMATOPOIETIC_PROGENITOR_CELL_DIFFERENTIATION,Regulation of hematopoietic progenitor cell differentiation,2,37,998,0.002,0.0025,0.801,0.7229533003166551,0.9999998599426523,"FNIP1, ITCH",False
C5_all,GO_BP,GOBP_NEGATIVE_REGULATION_OF_CELLULAR_RESPONSE_TO_INSULIN_STIMULUS,Negative regulation of cellular response to insulin stimulus,2,37,998,0.002,0.0025,0.801,0.7229533003166551,0.9999998599426523,"ENPP1, RPS6KB1",False
C5_all,GO_BP,GOBP_POSITIVE_REGULATION_OF_MUSCLE_CONTRACTION,Positive regulation of muscle contraction,2,37,998,0.002,0.0025,0.801,0.7229533003166551,0.9999998599426523,"ADRA1A, ABAT",False
C5_all,GO_BP,GOBP_REGULATION_OF_OXIDATIVE_STRESS_INDUCED_INTRINSIC_APOPTOTIC_SIGNALING_PATHWAY,Regulation of oxidative stress induced intrinsic apoptotic signaling pathway,2,37,998,0.002,0.0025,0.801,0.7229533003166551,0.9999998599426523,"SOD1, ADCY10",False
C5_all,GO_BP,GOBP_REGULATION_OF_PHOSPHOPROTEIN_PHOSPHATASE_ACTIVITY,Regulation of phosphoprotein phosphatase activity,2,37,998,0.002,0.0025,0.801,0.7229533003166551,0.9999998599426523,"PPP4R4, CRY2",False
C5_all,GO_BP,GOBP_VESICLE_COATING,Vesicle coating,2,37,998,0.002,0.0025,0.801,0.7229533003166551,0.9999998599426523,"SAR1B, CUL3",False
C5_all,GO_BP,GOBP_REGULATION_OF_RELEASE_OF_CYTOCHROME_C_FROM_MITOCHONDRIA,Regulation of release of cytochrome c from mitochondria,2,37,998,0.002,0.0025,0.801,0.7229533003166551,0.9999998599426523,"BNIP3, TNFSF10",False
C5_all,GO_BP,GOBP_REGULATION_OF_KERATINOCYTE_PROLIFERATION,Regulation of keratinocyte proliferation,2,37,998,0.002,0.0025,0.801,0.7229533003166551,0.9999998599426523,"PTPRK, EPB41L4B",False
C5_all,GO_BP,GOBP_NEGATIVE_REGULATION_OF_PROTEIN_LOCALIZATION,Negative regulation of protein localization,11,187,998,0.011,0.0126,0.872,0.7239038111718212,0.9999998599426523,"WNK3, NR1H3, FBXO4, ILRUN, NUMB, VSNL1, ACVR1C, NDFIP1, LMAN1, ABHD17B, HADH",False
C5_all,GO_BP,GOBP_CELL_SURFACE_RECEPTOR_SIGNALING_PATHWAY_VIA_STAT,Cell surface receptor signaling pathway via stat,7,122,998,0.007,0.0082,0.851,0.7239388609355235,0.9999998599426523,"GBP7, IL6R, DAB1, CNOT7, PRLR, GHR, PIBF1",False
C5_all,GO_BP,GOBP_POSITIVE_REGULATION_OF_MAPK_CASCADE,Positive regulation of mapk cascade,24,393,998,0.024,0.0266,0.905,0.7245076195755673,0.9999998599426523,"SOD1, CDH2, NEK10, AR, STK3, EGFR, DDT, XDH, HTR2A, HIPK2, DUSP19, ADRA1A, RAPGEF2, SH3RF2, CDON, DOK6, BMPER, KLHDC10, GCNT2, DRD1, SLC30A10, NDST1, GRM1, GHR",False
C5_all,GO_BP,GOBP_POSITIVE_REGULATION_OF_TRANSMEMBRANE_RECEPTOR_PROTEIN_SERINE_THREONINE_KINASE_SIGNALING_PATHWAY,Positive regulation of transmembrane receptor protein serine threonine kinase signaling pathway,5,89,998,0.005,0.006,0.833,0.7256201160139027,0.9999998599426523,"ARK2C, BMPER, HIPK2, ACVR2B, CITED2",False
C5_all,GO_BP,GOBP_DENDRITIC_SPINE_DEVELOPMENT,Dendritic spine development,5,89,998,0.005,0.006,0.833,0.7256201160139027,0.9999998599426523,"RELN, SLC30A1, FMR1, GRIN3A, CUX2",False
C5_all,GO_BP,GOBP_ACTIN_FILAMENT_BUNDLE_ORGANIZATION,Actin filament bundle organization,9,155,998,0.009,0.0105,0.861,0.7262283156457339,0.9999998599426523,"PHLDB2, SHROOM2, PIK3R1, MTSS1, MYO1B, ESPNL, PPM1E, CUL3, PFN2",False
C5_all,GO_BP,GOBP_REGULATION_OF_ATP_DEPENDENT_ACTIVITY,Regulation of atp dependent activity,3,55,998,0.003,0.0037,0.809,0.7268626723147562,0.9999998599426523,"ALDOB, RGN, PFN2",False
C5_all,GO_BP,GOBP_DENDRITIC_SPINE_MORPHOGENESIS,Dendritic spine morphogenesis,3,55,998,0.003,0.0037,0.809,0.7268626723147562,0.9999998599426523,"CUX2, RELN, SLC30A1",False
C5_all,GO_BP,GOBP_P38MAPK_CASCADE,P38mapk cascade,3,55,998,0.003,0.0037,0.809,0.7268626723147562,0.9999998599426523,"ATF2, PHLPP1, XDH",False
C5_all,GO_BP,GOBP_INSULIN_SECRETION_INVOLVED_IN_CELLULAR_RESPONSE_TO_GLUCOSE_STIMULUS,Insulin secretion involved in cellular response to glucose stimulus,3,55,998,0.003,0.0037,0.809,0.7268626723147562,0.9999998599426523,"GPLD1, VSNL1, SLC2A2",False
C5_all,GO_BP,GOBP_PROTEOGLYCAN_BIOSYNTHETIC_PROCESS,Proteoglycan biosynthetic process,3,55,998,0.003,0.0037,0.809,0.7268626723147562,0.9999998599426523,"NDST1, HS2ST1, HS3ST3B1",False
C5_all,GO_BP,GOBP_EMBRYONIC_SKELETAL_SYSTEM_MORPHOGENESIS,Embryonic skeletal system morphogenesis,3,55,998,0.003,0.0037,0.809,0.7268626723147562,0.9999998599426523,"NDST1, MTHFD1, RDH10",False
C5_all,GO_BP,GOBP_POSITIVE_REGULATION_OF_HYDROLASE_ACTIVITY,Positive regulation of hydrolase activity,23,378,998,0.023,0.0256,0.902,0.7275790867314498,0.9999998599426523,"ARHGAP29, BCL2L13, EGFR, SYDE2, AVPR1A, RALGAPA2, GPLD1, NR1H3, TBC1D14, XDH, HTR2A, APOA5, TNFSF10, ADRA1A, RAPGEF2, PLIN5, GRTP1, ESR1, ACVR1C, EVI5, CRADD, TBC1D8B, MMUT",False
C5_all,GO_BP,GOBP_WOUND_HEALING,Wound healing,23,378,998,0.023,0.0256,0.902,0.7275790867314498,0.9999998599426523,"TFPI, CPB2, TEC, PHLDB2, F11, LMAN1, GGCX, F13B, GRHL3, HTR2A, CYP4F11, EPB41L4B, TUBB1, PLG, NDNF, PPARA, ERBB3, F9, ARHGAP35, SERPINA10, C4BPB, TSKU, KLKB1",False
C5_all,GO_BP,GOBP_REGULATION_OF_POST_TRANSLATIONAL_PROTEIN_MODIFICATION,Regulation of post translational protein modification,13,220,998,0.013,0.0149,0.876,0.7293456185206525,0.9999998599426523,"ARRDC3, ARNT, SH3RF2, GCLC, FBXO4, SKP2, DCUN1D4, SENP2, CUL3, TTC36, NDFIP1, CDC14B, ITCH",False
C5_all,GO_BP,GOBP_NEURON_APOPTOTIC_PROCESS,Neuron apoptotic process,14,236,998,0.014,0.016,0.879,0.7293651619013612,0.9999998599426523,"SOD1, ADCY10, SLC1A1, TMTC4, THRB, NDNF, GCLC, ERBB3, BNIP3, NUPR1, HTR2A, ATF2, HIPK2, TRPC5",False
C5_all,GO_BP,GOBP_MEMBRANE_LIPID_METABOLIC_PROCESS,Membrane lipid metabolic process,11,188,998,0.011,0.0127,0.867,0.7302827215881845,0.9999998599426523,"GPLD1, ABCG2, CERS2, ASAH2B, ST3GAL6, NEU3, AGMO, ABCA8, PEMT, SGMS1, NEU4",False
C5_all,GO_BP,GOBP_NEGATIVE_REGULATION_OF_HYDROLASE_ACTIVITY,Negative regulation of hydrolase activity,9,156,998,0.009,0.0105,0.855,0.7331683918501839,0.9999998599426523,"CAAP1, SERPINA5, SERPINA10, FNIP1, PLIN5, PPP4R4, CRY2, SERPINF1, ARL6IP1",False
C5_all,GO_BP,GOBP_REGULATION_OF_EXOCYTOSIS,Regulation of exocytosis,9,156,998,0.009,0.0105,0.855,0.7331683918501839,0.9999998599426523,"SYT10, EXPH5, RAB33B, FMR1, RAPGEF4, SYT1, HAP1, VSNL1, PFN2",False
C5_all,GO_BP,GOBP_NEGATIVE_REGULATION_OF_MONOATOMIC_ION_TRANSMEMBRANE_TRANSPORT,Negative regulation of monoatomic ion transmembrane transport,4,73,998,0.004,0.0049,0.812,0.7346062171289076,0.9999998599426523,"FMR1, NEDD4, SLC26A5, SLC30A1",False
C5_all,GO_BP,GOBP_VASOCONSTRICTION,Vasoconstriction,4,73,998,0.004,0.0049,0.812,0.7346062171289076,0.9999998599426523,"EGFR, AVPR1A, HTR2A, ADRA1A",False
C5_all,GO_BP,GOBP_POSITIVE_REGULATION_OF_CELL_DIVISION,Positive regulation of cell division,4,73,998,0.004,0.0049,0.812,0.7346062171289076,0.9999998599426523,"CAT, CDC14B, CUL3, MAP10",False
C5_all,GO_BP,GOBP_HOMOTYPIC_CELL_CELL_ADHESION,Homotypic cell cell adhesion,5,90,998,0.005,0.0061,0.824,0.7346459096297149,0.9999998599426523,"PKP2, CTNNA3, HTR2A, MEGF10, TUBB1",False
C5_all,GO_BP,GOBP_CELLULAR_SENESCENCE,Cellular senescence,5,90,998,0.005,0.0061,0.824,0.7346459096297149,0.9999998599426523,"NEK4, FBXO4, TBX3, SMC6, CITED2",False
C5_all,GO_BP,GOBP_ACUTE_INFLAMMATORY_RESPONSE,Acute inflammatory response,5,90,998,0.005,0.0061,0.824,0.7346459096297149,0.9999998599426523,"TFR2, IL6R, DNASE1L3, NUPR1, KLKB1",False
C5_all,GO_BP,GOBP_CELL_PROLIFERATION_INVOLVED_IN_KIDNEY_DEVELOPMENT,Cell proliferation involved in kidney development,1,19,998,0.001,0.0013,0.78,0.7349545196523715,0.9999998599426523,IL6R,False
C5_all,GO_BP,GOBP_TYPE_B_PANCREATIC_CELL_DEVELOPMENT,Type b pancreatic cell development,1,19,998,0.001,0.0013,0.78,0.7349545196523715,0.9999998599426523,CDH2,False
C5_all,GO_BP,GOBP_NAD_CATABOLIC_PROCESS,Nad catabolic process,1,19,998,0.001,0.0013,0.78,0.7349545196523715,0.9999998599426523,NUDT12,False
C5_all,GO_BP,GOBP_REGULATION_OF_PROTEIN_SUMOYLATION,Regulation of protein sumoylation,1,19,998,0.001,0.0013,0.78,0.7349545196523715,0.9999998599426523,ARNT,False
C5_all,GO_BP,GOBP_TRNA_WOBBLE_BASE_MODIFICATION,Trna wobble base modification,1,19,998,0.001,0.0013,0.78,0.7349545196523715,0.9999998599426523,ALKBH8,False
C5_all,GO_BP,GOBP_NEGATIVE_REGULATION_OF_VASCULAR_ASSOCIATED_SMOOTH_MUSCLE_CELL_PROLIFERATION,Negative regulation of vascular associated smooth muscle cell proliferation,1,19,998,0.001,0.0013,0.78,0.7349545196523715,0.9999998599426523,NDRG2,False
C5_all,GO_BP,GOBP_REGULATION_OF_DNA_DAMAGE_CHECKPOINT,Regulation of dna damage checkpoint,1,19,998,0.001,0.0013,0.78,0.7349545196523715,0.9999998599426523,FBXO4,False
C5_all,GO_BP,GOBP_CELLULAR_RESPONSE_TO_OXYGEN_RADICAL,Cellular response to oxygen radical,1,19,998,0.001,0.0013,0.78,0.7349545196523715,0.9999998599426523,SOD1,False
C5_all,GO_BP,GOBP_NEGATIVE_REGULATION_OF_KERATINOCYTE_PROLIFERATION,Negative regulation of keratinocyte proliferation,1,19,998,0.001,0.0013,0.78,0.7349545196523715,0.9999998599426523,PTPRK,False
C5_all,GO_BP,GOBP_INTESTINAL_EPITHELIAL_CELL_DIFFERENTIATION,Intestinal epithelial cell differentiation,1,19,998,0.001,0.0013,0.78,0.7349545196523715,0.9999998599426523,C1GALT1,False
C5_all,GO_BP,GOBP_REGULATION_OF_SYNAPSE_MATURATION,Regulation of synapse maturation,1,19,998,0.001,0.0013,0.78,0.7349545196523715,0.9999998599426523,RELN,False
C5_all,GO_BP,GOBP_RETINA_VASCULATURE_DEVELOPMENT_IN_CAMERA_TYPE_EYE,Retina vasculature development in camera type eye,1,19,998,0.001,0.0013,0.78,0.7349545196523715,0.9999998599426523,ACVR2B,False
C5_all,GO_BP,GOBP_CRISTAE_FORMATION,Cristae formation,1,19,998,0.001,0.0013,0.78,0.7349545196523715,0.9999998599426523,MICU1,False
C5_all,GO_BP,GOBP_NEUROTRANSMITTER_RECEPTOR_TRANSPORT,Neurotransmitter receptor transport,1,19,998,0.001,0.0013,0.78,0.7349545196523715,0.9999998599426523,SLC1A1,False
C5_all,GO_BP,GOBP_POSTSYNAPTIC_MODULATION_OF_CHEMICAL_SYNAPTIC_TRANSMISSION,Postsynaptic modulation of chemical synaptic transmission,1,19,998,0.001,0.0013,0.78,0.7349545196523715,0.9999998599426523,SLC1A1,False
C5_all,GO_BP,GOBP_STORE_OPERATED_CALCIUM_ENTRY,Store operated calcium entry,1,19,998,0.001,0.0013,0.78,0.7349545196523715,0.9999998599426523,HOMER2,False
C5_all,GO_BP,GOBP_PEPTIDYL_LYSINE_ACETYLATION,Peptidyl lysine acetylation,1,19,998,0.001,0.0013,0.78,0.7349545196523715,0.9999998599426523,KLF15,False
C5_all,GO_BP,GOBP_MEMBRANE_DEPOLARIZATION_DURING_CARDIAC_MUSCLE_CELL_ACTION_POTENTIAL,Membrane depolarization during cardiac muscle cell action potential,1,19,998,0.001,0.0013,0.78,0.7349545196523715,0.9999998599426523,SLMAP,False
C5_all,GO_BP,GOBP_MELANOCYTE_DIFFERENTIATION,Melanocyte differentiation,1,19,998,0.001,0.0013,0.78,0.7349545196523715,0.9999998599426523,ENPP1,False
C5_all,GO_BP,GOBP_REGULATION_OF_PROTEIN_ACETYLATION,Regulation of protein acetylation,1,19,998,0.001,0.0013,0.78,0.7349545196523715,0.9999998599426523,KLF15,False
C5_all,GO_BP,GOBP_V_D_J_RECOMBINATION,V d j recombination,1,19,998,0.001,0.0013,0.78,0.7349545196523715,0.9999998599426523,RAG1,False
C5_all,GO_BP,GOBP_RESPONSE_TO_MISFOLDED_PROTEIN,Response to misfolded protein,1,19,998,0.001,0.0013,0.78,0.7349545196523715,0.9999998599426523,CUL3,False
C5_all,GO_BP,GOBP_REGULATION_OF_VESICLE_FUSION,Regulation of vesicle fusion,1,19,998,0.001,0.0013,0.78,0.7349545196523715,0.9999998599426523,SYT1,False
C5_all,GO_BP,GOBP_LIPID_DIGESTION,Lipid digestion,1,19,998,0.001,0.0013,0.78,0.7349545196523715,0.9999998599426523,LPCAT3,False
C5_all,GO_BP,GOBP_REGULATION_OF_INTEGRIN_MEDIATED_SIGNALING_PATHWAY,Regulation of integrin mediated signaling pathway,1,19,998,0.001,0.0013,0.78,0.7349545196523715,0.9999998599426523,PHACTR4,False
C5_all,GO_BP,GOBP_T_HELPER_17_CELL_LINEAGE_COMMITMENT,T helper 17 cell lineage commitment,1,19,998,0.001,0.0013,0.78,0.7349545196523715,0.9999998599426523,IL6R,False
C5_all,GO_BP,GOBP_NUCLEOTIDE_SUGAR_BIOSYNTHETIC_PROCESS,Nucleotide sugar biosynthetic process,1,19,998,0.001,0.0013,0.78,0.7349545196523715,0.9999998599426523,UAP1,False
C5_all,GO_BP,GOBP_MALE_MEIOSIS_I,Male meiosis i,1,19,998,0.001,0.0013,0.78,0.7349545196523715,0.9999998599426523,DNMT3L,False
C5_all,GO_BP,GOBP_COCHLEA_MORPHOGENESIS,Cochlea morphogenesis,1,19,998,0.001,0.0013,0.78,0.7349545196523715,0.9999998599426523,GRHL3,False
C5_all,GO_BP,GOBP_CELLULAR_RESPONSE_TO_PH,Cellular response to ph,1,19,998,0.001,0.0013,0.78,0.7349545196523715,0.9999998599426523,GPLD1,False
C5_all,GO_BP,GOBP_NEUTROPHIL_ACTIVATION_INVOLVED_IN_IMMUNE_RESPONSE,Neutrophil activation involved in immune response,1,19,998,0.001,0.0013,0.78,0.7349545196523715,0.9999998599426523,DNASE1L3,False
C5_all,GO_BP,GOBP_REGULATION_OF_BROWN_FAT_CELL_DIFFERENTIATION,Regulation of brown fat cell differentiation,1,19,998,0.001,0.0013,0.78,0.7349545196523715,0.9999998599426523,NAPEPLD,False
C5_all,GO_BP,GOBP_REGULATION_OF_NITRIC_OXIDE_SYNTHASE_ACTIVITY,Regulation of nitric oxide synthase activity,1,19,998,0.001,0.0013,0.78,0.7349545196523715,0.9999998599426523,NOS1AP,False
C5_all,GO_BP,GOBP_REGULATION_OF_CYSTEINE_TYPE_ENDOPEPTIDASE_ACTIVITY_INVOLVED_IN_APOPTOTIC_PROCESS,Regulation of cysteine type endopeptidase activity involved in apoptotic process,8,140,998,0.008,0.0095,0.847,0.7357337236166432,0.9999998599426523,"CRADD, BCL2L13, CAAP1, FNIP1, XDH, ACVR1C, TNFSF10, ARL6IP1",False
C5_all,GO_BP,GOBP_CARDIAC_CHAMBER_DEVELOPMENT,Cardiac chamber development,8,140,998,0.008,0.0095,0.847,0.7357337236166432,0.9999998599426523,"PROX1, TBX3, HECTD1, NDST1, GREB1L, ADGRG6, PKP2, CITED2",False
C5_all,GO_BP,GOBP_POSITIVE_REGULATION_OF_ESTABLISHMENT_OF_PROTEIN_LOCALIZATION,Positive regulation of establishment of protein localization,17,285,998,0.017,0.0193,0.884,0.7358701869566382,0.9999998599426523,"GPLD1, SAR1B, EDEM1, TOMM70, EXPH5, SORL1, RAPGEF4, PIK3R1, EGFR, CNST, ZFAND1, ADCY10, PCK2, VSNL1, SLC2A2, GLUD1, ABAT",False
C5_all,GO_BP,GOBP_CELLULAR_COMPONENT_ASSEMBLY_INVOLVED_IN_MORPHOGENESIS,Cellular component assembly involved in morphogenesis,6,107,998,0.006,0.0072,0.831,0.7365147829789336,0.9999998599426523,"MIOS, MYOM2, PROX1, PHLDB2, CCDC38, PALS1",False
C5_all,GO_BP,GOBP_BASEMENT_MEMBRANE_ORGANIZATION,Basement membrane organization,2,38,998,0.002,0.0026,0.78,0.7365895300135405,0.9999998599426523,"PHLDB2, NTN4",False
C5_all,GO_BP,GOBP_POSITIVE_REGULATION_OF_BONE_MINERALIZATION,Positive regulation of bone mineralization,2,38,998,0.002,0.0026,0.78,0.7365895300135405,0.9999998599426523,"ACVR2B, ADGRV1",False
C5_all,GO_BP,GOBP_REGULATION_OF_MACROPHAGE_MIGRATION,Regulation of macrophage migration,2,38,998,0.002,0.0026,0.78,0.7365895300135405,0.9999998599426523,"DDT, C5",False
C5_all,GO_BP,GOBP_OLIGODENDROCYTE_DEVELOPMENT,Oligodendrocyte development,2,38,998,0.002,0.0026,0.78,0.7365895300135405,0.9999998599426523,"ASPA, MIOS",False
C5_all,GO_BP,GOBP_EPIBOLY,Epiboly,2,38,998,0.002,0.0026,0.78,0.7365895300135405,0.9999998599426523,"PHLDB2, ARHGAP35",False
C5_all,GO_BP,GOBP_ARP2_3_COMPLEX_MEDIATED_ACTIN_NUCLEATION,Arp2 3 complex mediated actin nucleation,2,38,998,0.002,0.0026,0.78,0.7365895300135405,0.9999998599426523,"CARMIL3, IQGAP2",False
C5_all,GO_BP,GOBP_NEGATIVE_REGULATION_OF_PEPTIDYL_TYROSINE_PHOSPHORYLATION,Negative regulation of peptidyl tyrosine phosphorylation,2,38,998,0.002,0.0026,0.78,0.7365895300135405,0.9999998599426523,"ERRFI1, PIBF1",False
C5_all,GO_BP,GOBP_EXTRACELLULAR_TRANSPORT,Extracellular transport,2,38,998,0.002,0.0026,0.78,0.7365895300135405,0.9999998599426523,"ADCY10, NEK10",False
C5_all,GO_BP,GOBP_REGULATION_OF_BONE_RESORPTION,Regulation of bone resorption,2,38,998,0.002,0.0026,0.78,0.7365895300135405,0.9999998599426523,"EGFR, PDK4",False
C5_all,GO_BP,GOBP_REGULATION_OF_PROTEASOMAL_PROTEIN_CATABOLIC_PROCESS,Regulation of proteasomal protein catabolic process,10,173,998,0.01,0.0117,0.857,0.7379539373889811,0.9999998599426523,"SH3RF2, ZYG11B, GCLC, AQP11, FMR1, HECTD1, NUPR1, MTM1, TTC36, ALAD",False
C5_all,GO_BP,GOBP_MITOTIC_METAPHASE_CHROMOSOME_ALIGNMENT,Mitotic metaphase chromosome alignment,3,56,998,0.003,0.0038,0.794,0.7381285955277377,0.9999998599426523,"PIBF1, RMDN1, CUL3",False
C5_all,GO_BP,GOBP_ESTABLISHMENT_OF_PROTEIN_LOCALIZATION_TO_VACUOLE,Establishment of protein localization to vacuole,3,56,998,0.003,0.0038,0.794,0.7381285955277377,0.9999998599426523,"NEDD4, SORL1, PIK3R4",False
C5_all,GO_BP,GOBP_GLANDULAR_EPITHELIAL_CELL_DIFFERENTIATION,Glandular epithelial cell differentiation,3,56,998,0.003,0.0038,0.794,0.7381285955277377,0.9999998599426523,"NR5A2, CDH2, PROX1",False
C5_all,GO_BP,GOBP_POSITIVE_REGULATION_OF_INTRINSIC_APOPTOTIC_SIGNALING_PATHWAY,Positive regulation of intrinsic apoptotic signaling pathway,3,56,998,0.003,0.0038,0.794,0.7381285955277377,0.9999998599426523,"SOD1, ADCY10, NUPR1",False
C5_all,GO_BP,GOBP_POSITIVE_REGULATION_OF_NEURON_APOPTOTIC_PROCESS,Positive regulation of neuron apoptotic process,3,56,998,0.003,0.0038,0.794,0.7381285955277377,0.9999998599426523,"ADCY10, NUPR1, HTR2A",False
C5_all,GO_BP,GOBP_MACROMOLECULE_DEACYLATION,Macromolecule deacylation,3,56,998,0.003,0.0038,0.794,0.7381285955277377,0.9999998599426523,"ABHD17B, SIRT5, ZZZ3",False
C5_all,GO_BP,GOBP_PROTEIN_SUMOYLATION,Protein sumoylation,3,56,998,0.003,0.0038,0.794,0.7381285955277377,0.9999998599426523,"ARNT, SENP2, SMC6",False
C5_all,GO_BP,GOBP_ENSHEATHMENT_OF_NEURONS,Ensheathment of neurons,8,141,998,0.008,0.0095,0.841,0.742873244530884,0.9999998599426523,"SOD1, MIOS, ERBB3, CMTM8, SCN8A, ADGRG6, PALS1, ASPA",False
C5_all,GO_BP,GOBP_NEGATIVE_REGULATION_OF_RNA_CATABOLIC_PROCESS,Negative regulation of rna catabolic process,4,74,998,0.004,0.005,0.801,0.7443186735311176,0.9999998599426523,"FXR1, TENT4B, LARP1B, A1CF",False
C5_all,GO_BP,GOBP_VASCULOGENESIS,Vasculogenesis,4,74,998,0.004,0.005,0.801,0.7443186735311176,0.9999998599426523,"CITED2, RAPGEF2, ASB4, XDH",False
C5_all,GO_BP,GOBP_CHROMOSOME_LOCALIZATION,Chromosome localization,6,108,998,0.006,0.0073,0.824,0.7446033456544547,0.9999998599426523,"MAJIN, CUL3, TERB2, TEX14, RMDN1, PIBF1",False
C5_all,GO_BP,GOBP_POSITIVE_REGULATION_OF_PROTEIN_SERINE_THREONINE_KINASE_ACTIVITY,Positive regulation of protein serine threonine kinase activity,6,108,998,0.006,0.0073,0.824,0.7446033456544547,0.9999998599426523,"RAPGEF2, PROX1, NEK10, EGFR, GHR, DUSP19",False
C5_all,GO_BP,GOBP_REGULATION_OF_CANONICAL_WNT_SIGNALING_PATHWAY,Regulation of canonical wnt signaling pathway,13,223,998,0.013,0.0151,0.864,0.7466252506355997,0.9999998599426523,"MCC, TBL1X, INVS, CDH2, CCNYL1, LGR4, RSPO3, PPM1B, EDA, EGFR, STK3, CDK14, TMEM170B",False
C5_all,GO_BP,GOBP_NEUROTRANSMITTER_SECRETION,Neurotransmitter secretion,7,125,998,0.007,0.0084,0.83,0.7468992566423367,0.9999998599426523,"SYT10, SLC30A1, FMR1, GPR158, SYT1, SYN3, PFN2",False
C5_all,GO_BP,GOBP_RESPONSE_TO_ISCHEMIA,Response to ischemia,3,57,998,0.003,0.0039,0.78,0.7490230138769989,0.9999998599426523,"NDNF, MLYCD, SLC26A5",False
C5_all,GO_BP,GOBP_NUCLEAR_TRANSCRIBED_MRNA_CATABOLIC_PROCESS_DEADENYLATION_DEPENDENT_DECAY,Nuclear transcribed mrna catabolic process deadenylation dependent decay,3,57,998,0.003,0.0039,0.78,0.7490230138769989,0.9999998599426523,"PATL1, CNOT7, TENT4B",False
C5_all,GO_BP,GOBP_CELLULAR_RESPONSE_TO_RETINOIC_ACID,Cellular response to retinoic acid,3,57,998,0.003,0.0039,0.78,0.7490230138769989,0.9999998599426523,"SERPINF1, ABCA1, ALDH1A2",False
C5_all,GO_BP,GOBP_ACUTE_PHASE_RESPONSE,Acute phase response,2,39,998,0.002,0.0026,0.76,0.7496490125216312,0.9999998599426523,"TFR2, IL6R",False
C5_all,GO_BP,GOBP_ASTROCYTE_DEVELOPMENT,Astrocyte development,2,39,998,0.002,0.0026,0.76,0.7496490125216312,0.9999998599426523,"DRD1, EGFR",False
C5_all,GO_BP,GOBP_EPITHELIAL_CELL_DIFFERENTIATION_INVOLVED_IN_KIDNEY_DEVELOPMENT,Epithelial cell differentiation involved in kidney development,2,39,998,0.002,0.0026,0.76,0.7496490125216312,0.9999998599426523,"KLF15, MTSS1",False
C5_all,GO_BP,GOBP_MRNA_3_END_PROCESSING,Mrna 3 end processing,2,39,998,0.002,0.0026,0.76,0.7496490125216312,0.9999998599426523,"TENT4B, PAPOLA",False
C5_all,GO_BP,GOBP_DEVELOPMENTAL_PIGMENTATION,Developmental pigmentation,2,39,998,0.002,0.0026,0.76,0.7496490125216312,0.9999998599426523,"ENPP1, DCT",False
C5_all,GO_BP,GOBP_REGULATION_OF_SPINDLE_ORGANIZATION,Regulation of spindle organization,2,39,998,0.002,0.0026,0.76,0.7496490125216312,0.9999998599426523,"GNAI1, FSD1",False
C5_all,GO_BP,GOBP_NEGATIVE_REGULATION_OF_WNT_SIGNALING_PATHWAY,Negative regulation of wnt signaling pathway,8,142,998,0.008,0.0096,0.835,0.7498781600692581,0.9999998599426523,"MCC, INVS, CDH2, TRABD2B, CXXC4, STK3, TMEM170B, TSKU",False
C5_all,GO_BP,GOBP_REGULATION_OF_PROTEIN_UBIQUITINATION,Regulation of protein ubiquitination,10,175,998,0.01,0.0118,0.847,0.7507059142473589,0.9999998599426523,"ARRDC3, SH3RF2, GCLC, FBXO4, SKP2, SENP2, TTC36, CUL3, NDFIP1, CDC14B",False
C5_all,GO_BP,GOBP_CARDIAC_SEPTUM_DEVELOPMENT,Cardiac septum development,5,92,998,0.005,0.0062,0.806,0.7520440875446108,0.9999998599426523,"PROX1, TBX3, HECTD1, NDST1, CITED2",False
C5_all,GO_BP,GOBP_MICROTUBULE_POLYMERIZATION,Microtubule polymerization,5,92,998,0.005,0.0062,0.806,0.7520440875446108,0.9999998599426523,"TUBB1, HAUS4, PDE4DIP, TUBGCP4, TPPP2",False
C5_all,GO_BP,GOBP_NEGATIVE_REGULATION_OF_ESTABLISHMENT_OF_PROTEIN_LOCALIZATION,Negative regulation of establishment of protein localization,6,109,998,0.006,0.0074,0.816,0.7525116738727883,0.9999998599426523,"NR1H3, VSNL1, LMAN1, ACVR1C, NDFIP1, HADH",False
C5_all,GO_BP,GOBP_CELL_COMMUNICATION_BY_ELECTRICAL_COUPLING_INVOLVED_IN_CARDIAC_CONDUCTION,Cell communication by electrical coupling involved in cardiac conduction,1,20,998,0.001,0.0014,0.741,0.7528574224873584,0.9999998599426523,PKP2,False
C5_all,GO_BP,GOBP_NEGATIVE_REGULATION_OF_AMINE_TRANSPORT,Negative regulation of amine transport,1,20,998,0.001,0.0014,0.741,0.7528574224873584,0.9999998599426523,ABAT,False
C5_all,GO_BP,GOBP_POSITIVE_REGULATION_OF_MYELOID_LEUKOCYTE_MEDIATED_IMMUNITY,Positive regulation of myeloid leukocyte mediated immunity,1,20,998,0.001,0.0014,0.741,0.7528574224873584,0.9999998599426523,ARG1,False
C5_all,GO_BP,GOBP_SECRETORY_GRANULE_LOCALIZATION,Secretory granule localization,1,20,998,0.001,0.0014,0.741,0.7528574224873584,0.9999998599426523,USO1,False
C5_all,GO_BP,GOBP_BRANCHING_INVOLVED_IN_SALIVARY_GLAND_MORPHOGENESIS,Branching involved in salivary gland morphogenesis,1,20,998,0.001,0.0014,0.741,0.7528574224873584,0.9999998599426523,NTN4,False
C5_all,GO_BP,GOBP_NEGATIVE_REGULATION_OF_TYPE_I_INTERFERON_MEDIATED_SIGNALING_PATHWAY,Negative regulation of type i interferon mediated signaling pathway,1,20,998,0.001,0.0014,0.741,0.7528574224873584,0.9999998599426523,CNOT7,False
C5_all,GO_BP,GOBP_ERYTHROCYTE_MATURATION,Erythrocyte maturation,1,20,998,0.001,0.0014,0.741,0.7528574224873584,0.9999998599426523,L3MBTL3,False
C5_all,GO_BP,GOBP_REGULATION_OF_EXECUTION_PHASE_OF_APOPTOSIS,Regulation of execution phase of apoptosis,1,20,998,0.001,0.0014,0.741,0.7528574224873584,0.9999998599426523,HTR2A,False
C5_all,GO_BP,GOBP_POSITIVE_REGULATION_OF_CYTOKINE_PRODUCTION_INVOLVED_IN_INFLAMMATORY_RESPONSE,Positive regulation of cytokine production involved in inflammatory response,1,20,998,0.001,0.0014,0.741,0.7528574224873584,0.9999998599426523,IL17RC,False
C5_all,GO_BP,GOBP_NEURON_INTRINSIC_APOPTOTIC_SIGNALING_PATHWAY_IN_RESPONSE_TO_OXIDATIVE_STRESS,Neuron intrinsic apoptotic signaling pathway in response to oxidative stress,1,20,998,0.001,0.0014,0.741,0.7528574224873584,0.9999998599426523,ADCY10,False
C5_all,GO_BP,GOBP_BLASTOCYST_GROWTH,Blastocyst growth,1,20,998,0.001,0.0014,0.741,0.7528574224873584,0.9999998599426523,ACVR1C,False
C5_all,GO_BP,GOBP_POSITIVE_REGULATION_OF_MEIOTIC_CELL_CYCLE,Positive regulation of meiotic cell cycle,1,20,998,0.001,0.0014,0.741,0.7528574224873584,0.9999998599426523,PIWIL2,False
C5_all,GO_BP,GOBP_ORGAN_OR_TISSUE_SPECIFIC_IMMUNE_RESPONSE,Organ or tissue specific immune response,1,20,998,0.001,0.0014,0.741,0.7528574224873584,0.9999998599426523,IL6R,False
C5_all,GO_BP,GOBP_REGULATION_OF_EXTRACELLULAR_MATRIX_ASSEMBLY,Regulation of extracellular matrix assembly,1,20,998,0.001,0.0014,0.741,0.7528574224873584,0.9999998599426523,PHLDB2,False
C5_all,GO_BP,GOBP_VESICLE_FUSION_TO_PLASMA_MEMBRANE,Vesicle fusion to plasma membrane,1,20,998,0.001,0.0014,0.741,0.7528574224873584,0.9999998599426523,SYT1,False
C5_all,GO_BP,GOBP_NEGATIVE_REGULATION_OF_CALCIUM_MEDIATED_SIGNALING,Negative regulation of calcium mediated signaling,1,20,998,0.001,0.0014,0.741,0.7528574224873584,0.9999998599426523,HOMER2,False
C5_all,GO_BP,GOBP_NEGATIVE_REGULATION_OF_MYOBLAST_DIFFERENTIATION,Negative regulation of myoblast differentiation,1,20,998,0.001,0.0014,0.741,0.7528574224873584,0.9999998599426523,TBX3,False
C5_all,GO_BP,GOBP_HYDROGEN_PEROXIDE_CATABOLIC_PROCESS,Hydrogen peroxide catabolic process,1,20,998,0.001,0.0014,0.741,0.7528574224873584,0.9999998599426523,CAT,False
C5_all,GO_BP,GOBP_NEGATIVE_REGULATION_OF_CILIUM_ASSEMBLY,Negative regulation of cilium assembly,1,20,998,0.001,0.0014,0.741,0.7528574224873584,0.9999998599426523,CCP110,False
C5_all,GO_BP,GOBP_GLYCEROL_ETHER_METABOLIC_PROCESS,Glycerol ether metabolic process,1,20,998,0.001,0.0014,0.741,0.7528574224873584,0.9999998599426523,AGMO,False
C5_all,GO_BP,GOBP_PURINE_NUCLEOSIDE_MONOPHOSPHATE_BIOSYNTHETIC_PROCESS,Purine nucleoside monophosphate biosynthetic process,1,20,998,0.001,0.0014,0.741,0.7528574224873584,0.9999998599426523,ADK,False
C5_all,GO_BP,GOBP_VASCULAR_ASSOCIATED_SMOOTH_MUSCLE_CONTRACTION,Vascular associated smooth muscle contraction,1,20,998,0.001,0.0014,0.741,0.7528574224873584,0.9999998599426523,HTR2A,False
C5_all,GO_BP,GOBP_POSITIVE_REGULATION_OF_STRESS_ACTIVATED_PROTEIN_KINASE_SIGNALING_CASCADE,Positive regulation of stress activated protein kinase signaling cascade,1,20,998,0.001,0.0014,0.741,0.7528574224873584,0.9999998599426523,KLHDC10,False
C5_all,GO_BP,GOBP_NEUTROPHIL_HOMEOSTASIS,Neutrophil homeostasis,1,20,998,0.001,0.0014,0.741,0.7528574224873584,0.9999998599426523,MTHFD1,False
C5_all,GO_BP,GOBP_REGULATION_OF_CARDIOCYTE_DIFFERENTIATION,Regulation of cardiocyte differentiation,1,20,998,0.001,0.0014,0.741,0.7528574224873584,0.9999998599426523,EGFR,False
C5_all,GO_BP,GOBP_REGULATION_OF_CELL_CELL_ADHESION_MEDIATED_BY_CADHERIN,Regulation of cell cell adhesion mediated by cadherin,1,20,998,0.001,0.0014,0.741,0.7528574224873584,0.9999998599426523,PLG,False
C5_all,GO_BP,GOBP_DIOL_BIOSYNTHETIC_PROCESS,Diol biosynthetic process,1,20,998,0.001,0.0014,0.741,0.7528574224873584,0.9999998599426523,QDPR,False
C5_all,GO_BP,GOBP_MITOCHONDRIAL_CALCIUM_ION_TRANSMEMBRANE_TRANSPORT,Mitochondrial calcium ion transmembrane transport,1,20,998,0.001,0.0014,0.741,0.7528574224873584,0.9999998599426523,MICU1,False
C5_all,GO_BP,GOBP_TRANSCYTOSIS,Transcytosis,1,20,998,0.001,0.0014,0.741,0.7528574224873584,0.9999998599426523,USO1,False
C5_all,GO_BP,GOBP_DENDRITIC_SPINE_MAINTENANCE,Dendritic spine maintenance,1,20,998,0.001,0.0014,0.741,0.7528574224873584,0.9999998599426523,ABHD17B,False
C5_all,GO_BP,GOBP_NEGATIVE_REGULATION_OF_ORGANIC_ACID_TRANSPORT,Negative regulation of organic acid transport,1,20,998,0.001,0.0014,0.741,0.7528574224873584,0.9999998599426523,ABAT,False
C5_all,GO_BP,GOBP_NEGATIVE_REGULATION_OF_CELL_PROJECTION_ORGANIZATION,Negative regulation of cell projection organization,9,159,998,0.009,0.0107,0.839,0.7532729217643213,0.9999998599426523,"CERS2, RAPGEF2, DAB1, RTN4, CCP110, TRPC5, TSKU, NEU4, PFN2",False
C5_all,GO_BP,GOBP_REGULATION_OF_POSTSYNAPTIC_MEMBRANE_NEUROTRANSMITTER_RECEPTOR_LEVELS,Regulation of postsynaptic membrane neurotransmitter receptor levels,4,75,998,0.004,0.0051,0.791,0.7537579485107165,0.9999998599426523,"TFR2, NUMB, GPHN, DLG2",False
C5_all,GO_BP,GOBP_POSITIVE_REGULATION_OF_SMOOTH_MUSCLE_CELL_PROLIFERATION,Positive regulation of smooth muscle cell proliferation,4,75,998,0.004,0.0051,0.791,0.7537579485107165,0.9999998599426523,"IL6R, EGFR, RPS6KB1, PIK3R1",False
C5_all,GO_BP,GOBP_NEUROMUSCULAR_PROCESS,Neuromuscular process,7,126,998,0.007,0.0085,0.824,0.7542445483209878,0.9999998599426523,"RPS6KB1, DRD1, CDH23, PEX5, GRIN3A, TMEM150C, HIPK2",False
C5_all,GO_BP,GOBP_POSITIVE_REGULATION_OF_INTRACELLULAR_TRANSPORT,Positive regulation of intracellular transport,7,126,998,0.007,0.0085,0.824,0.7542445483209878,0.9999998599426523,"NEDD4, SAR1B, EDEM1, SCP2, SORL1, PIK3R1, ZFAND1",False
C5_all,GO_BP,GOBP_BRANCHING_MORPHOGENESIS_OF_AN_EPITHELIAL_TUBE,Branching morphogenesis of an epithelial tube,7,126,998,0.007,0.0085,0.824,0.7542445483209878,0.9999998599426523,"RDH10, LGR4, TBX3, AR, GREB1L, ESR1, HS3ST3B1",False
C5_all,GO_BP,GOBP_REGULATION_OF_PROTEIN_LOCALIZATION_TO_CELL_PERIPHERY,Regulation of protein localization to cell periphery,7,126,998,0.007,0.0085,0.824,0.7542445483209878,0.9999998599426523,"WNK3, GNAI1, PIK3R1, AR, NUMB, EGFR, CNST",False
C5_all,GO_BP,GOBP_REGULATION_OF_INFLAMMATORY_RESPONSE,Regulation of inflammatory response,19,321,998,0.019,0.0217,0.877,0.7562237090828814,0.9999998599426523,"SOD1, LRRC19, DDT, NR1H3, DNASE1L3, NLRP14, HTR2A, SLC39A8, FXR1, ARNT, PPARA, ENPP3, ESR1, NUPR1, LPCAT3, NAPEPLD, RORA, NDFIP1, KLKB1",False
C5_all,GO_BP,GOBP_AXONAL_TRANSPORT,Axonal transport,3,58,998,0.003,0.0039,0.767,0.7595512853599901,0.9999998599426523,"HAP1, SOD1, DLG2",False
C5_all,GO_BP,GOBP_EMBRYONIC_HEART_TUBE_MORPHOGENESIS,Embryonic heart tube morphogenesis,3,58,998,0.003,0.0039,0.767,0.7595512853599901,0.9999998599426523,"TBX3, CITED2, SETDB2",False
C5_all,GO_BP,GOBP_REGULATION_OF_CARTILAGE_DEVELOPMENT,Regulation of cartilage development,3,58,998,0.003,0.0039,0.767,0.7595512853599901,0.9999998599426523,"MAF, SOX5, TAPT1",False
C5_all,GO_BP,GOBP_HETEROTYPIC_CELL_CELL_ADHESION,Heterotypic cell cell adhesion,3,58,998,0.003,0.0039,0.767,0.7595512853599901,0.9999998599426523,"GCNT2, PKP2, CTNNA3",False
C5_all,GO_BP,GOBP_POSITIVE_REGULATION_OF_ACTIN_FILAMENT_BUNDLE_ASSEMBLY,Positive regulation of actin filament bundle assembly,3,58,998,0.003,0.0039,0.767,0.7595512853599901,0.9999998599426523,"PPM1E, PFN2, MTSS1",False
C5_all,GO_BP,GOBP_SIGNAL_TRANSDUCTION_IN_ABSENCE_OF_LIGAND,Signal transduction in absence of ligand,3,58,998,0.003,0.0039,0.767,0.7595512853599901,0.9999998599426523,"ERBB3, STRADB, SGK3",False
C5_all,GO_BP,GOBP_REGULATION_OF_DNA_BIOSYNTHETIC_PROCESS,Regulation of dna biosynthetic process,6,110,998,0.006,0.0074,0.809,0.7602403036061675,0.9999998599426523,"TENT4B, TOM1L1, JADE3, FBXO4, RGN, HTR2A",False
C5_all,GO_BP,GOBP_INTRINSIC_APOPTOTIC_SIGNALING_PATHWAY_IN_RESPONSE_TO_DNA_DAMAGE,Intrinsic apoptotic signaling pathway in response to dna damage,5,93,998,0.005,0.0063,0.797,0.7604184401709391,0.9999998599426523,"PIK3R1, FNIP2, NUPR1, HIPK2, MAEL",False
C5_all,GO_BP,GOBP_CERAMIDE_METABOLIC_PROCESS,Ceramide metabolic process,5,93,998,0.005,0.0063,0.797,0.7604184401709391,0.9999998599426523,"CERS2, ASAH2B, NEU3, SGMS1, NEU4",False
C5_all,GO_BP,GOBP_EMBRYONIC_ORGAN_DEVELOPMENT,Embryonic organ development,21,354,998,0.021,0.0239,0.879,0.7614890796772856,0.9999998599426523,"SOD1, TBX3, RSPO3, SETDB2, STK3, EGFR, SEC24B, PROX1, GRHL3, TTPA, HIPK2, PLG, ARNT, RDH10, MTHFD1, CDH23, COBL, NDST1, PHACTR4, CITED2, ALDH1A2",False
C5_all,GO_BP,GOBP_NECROPTOTIC_PROCESS,Necroptotic process,2,40,998,0.002,0.0027,0.741,0.7621474187234967,0.9999998599426523,"TRPM7, ITCH",False
C5_all,GO_BP,GOBP_SPERM_FLAGELLUM_ASSEMBLY,Sperm flagellum assembly,2,40,998,0.002,0.0027,0.741,0.7621474187234967,0.9999998599426523,"ZMYND12, CCDC38",False
C5_all,GO_BP,GOBP_PROTEIN_DEACETYLATION,Protein deacetylation,2,40,998,0.002,0.0027,0.741,0.7621474187234967,0.9999998599426523,"SIRT5, ZZZ3",False
C5_all,GO_BP,GOBP_NUCLEAR_TRANSCRIBED_MRNA_CATABOLIC_PROCESS_NONSENSE_MEDIATED_DECAY,Nuclear transcribed mrna catabolic process nonsense mediated decay,2,40,998,0.002,0.0027,0.741,0.7621474187234967,0.9999998599426523,"A1CF, SMG1",False
C5_all,GO_BP,GOBP_REGULATION_OF_DEFENSE_RESPONSE_TO_VIRUS_BY_HOST,Regulation of defense response to virus by host,2,40,998,0.002,0.0027,0.741,0.7621474187234967,0.9999998599426523,"TOMM70, IL27",False
C5_all,GO_BP,GOBP_O_GLYCAN_PROCESSING,O glycan processing,2,40,998,0.002,0.0027,0.741,0.7621474187234967,0.9999998599426523,"C1GALT1, POFUT1",False
C5_all,GO_BP,GOBP_REGULATION_OF_VIRAL_GENOME_REPLICATION,Regulation of viral genome replication,4,76,998,0.004,0.0051,0.78,0.762926515293375,0.9999998599426523,"CNOT7, PROX1, NR5A2, GBP7",False
C5_all,GO_BP,GOBP_KIDNEY_MORPHOGENESIS,Kidney morphogenesis,4,76,998,0.004,0.0051,0.78,0.762926515293375,0.9999998599426523,"LGR4, GREB1L, HS2ST1, HS3ST3B1",False
C5_all,GO_BP,GOBP_VIRAL_LIFE_CYCLE,Viral life cycle,17,291,998,0.017,0.0197,0.866,0.765513589572999,0.9999998599426523,"GBP7, NEDD4, NFIA, CNOT7, FMR1, TMPRSS4, PROX1, NUCKS1, EGFR, HTR2A, CLEC4M, CLEC4G, SMC6, ZFYVE1, NR5A2, ITCH, WWP1",False
C5_all,GO_BP,GOBP_POSITIVE_REGULATION_OF_PHOSPHATIDYLINOSITOL_3_KINASE_PROTEIN_KINASE_B_SIGNAL_TRANSDUCTION,Positive regulation of phosphatidylinositol 3 kinase protein kinase b signal transduction,9,161,998,0.009,0.0109,0.829,0.7660780035486152,0.9999998599426523,"GCNT2, NEDD4, RELN, ERBB3, RTN4, STK3, EGFR, CAT, MYORG",False
C5_all,GO_BP,GOBP_POSITIVE_REGULATION_OF_BINDING,Positive regulation of binding,5,94,998,0.005,0.0064,0.788,0.7685780877983326,0.9999998599426523,"USP33, RAPGEF2, STK3, HIPK2, NMD3",False
C5_all,GO_BP,GOBP_REGULATION_OF_ACTOMYOSIN_STRUCTURE_ORGANIZATION,Regulation of actomyosin structure organization,5,94,998,0.005,0.0064,0.788,0.7685780877983326,0.9999998599426523,"PROX1, PHLDB2, PIK3R1, PPM1E, PFN2",False
C5_all,GO_BP,GOBP_RESPONSE_TO_FIBROBLAST_GROWTH_FACTOR,Response to fibroblast growth factor,5,94,998,0.005,0.0064,0.788,0.7685780877983326,0.9999998599426523,"NDNF, CPS1, GCLC, NDST1, POSTN",False
C5_all,GO_BP,GOBP_EMBRYONIC_HINDLIMB_MORPHOGENESIS,Embryonic hindlimb morphogenesis,1,21,998,0.001,0.0014,0.706,0.7695521762681635,0.9999998599426523,TBX3,False
C5_all,GO_BP,GOBP_IONOTROPIC_GLUTAMATE_RECEPTOR_SIGNALING_PATHWAY,Ionotropic glutamate receptor signaling pathway,1,21,998,0.001,0.0014,0.706,0.7695521762681635,0.9999998599426523,GRIN3A,False
C5_all,GO_BP,GOBP_ESTABLISHMENT_OF_PIGMENT_GRANULE_LOCALIZATION,Establishment of pigment granule localization,1,21,998,0.001,0.0014,0.706,0.7695521762681635,0.9999998599426523,SHROOM2,False
C5_all,GO_BP,GOBP_MOTOR_BEHAVIOR,Motor behavior,1,21,998,0.001,0.0014,0.706,0.7695521762681635,0.9999998599426523,SLC1A1,False
C5_all,GO_BP,GOBP_BLOOD_VESSEL_ENDOTHELIAL_CELL_PROLIFERATION_INVOLVED_IN_SPROUTING_ANGIOGENESIS,Blood vessel endothelial cell proliferation involved in sprouting angiogenesis,1,21,998,0.001,0.0014,0.706,0.7695521762681635,0.9999998599426523,BMPER,False
C5_all,GO_BP,GOBP_REGULATION_OF_THE_FORCE_OF_HEART_CONTRACTION,Regulation of the force of heart contraction,1,21,998,0.001,0.0014,0.706,0.7695521762681635,0.9999998599426523,ADRA1A,False
C5_all,GO_BP,GOBP_LABYRINTHINE_LAYER_MORPHOGENESIS,Labyrinthine layer morphogenesis,1,21,998,0.001,0.0014,0.706,0.7695521762681635,0.9999998599426523,RSPO3,False
C5_all,GO_BP,GOBP_RETICULOPHAGY,Reticulophagy,1,21,998,0.001,0.0014,0.706,0.7695521762681635,0.9999998599426523,ATG2B,False
C5_all,GO_BP,GOBP_INTESTINAL_LIPID_ABSORPTION,Intestinal lipid absorption,1,21,998,0.001,0.0014,0.706,0.7695521762681635,0.9999998599426523,LPCAT3,False
C5_all,GO_BP,GOBP_REGULATION_OF_HAIR_CYCLE,Regulation of hair cycle,1,21,998,0.001,0.0014,0.706,0.7695521762681635,0.9999998599426523,TSKU,False
C5_all,GO_BP,GOBP_LYMPHOID_PROGENITOR_CELL_DIFFERENTIATION,Lymphoid progenitor cell differentiation,1,21,998,0.001,0.0014,0.706,0.7695521762681635,0.9999998599426523,FNIP1,False
C5_all,GO_BP,GOBP_REGULATION_OF_VENTRICULAR_CARDIAC_MUSCLE_CELL_MEMBRANE_REPOLARIZATION,Regulation of ventricular cardiac muscle cell membrane repolarization,1,21,998,0.001,0.0014,0.706,0.7695521762681635,0.9999998599426523,NOS1AP,False
C5_all,GO_BP,GOBP_PHOSPHATIDYLSERINE_METABOLIC_PROCESS,Phosphatidylserine metabolic process,1,21,998,0.001,0.0014,0.706,0.7695521762681635,0.9999998599426523,LPCAT3,False
C5_all,GO_BP,GOBP_REGULATION_OF_MEGAKARYOCYTE_DIFFERENTIATION,Regulation of megakaryocyte differentiation,1,21,998,0.001,0.0014,0.706,0.7695521762681635,0.9999998599426523,FAXDC2,False
C5_all,GO_BP,GOBP_RENAL_SYSTEM_PROCESS_INVOLVED_IN_REGULATION_OF_SYSTEMIC_ARTERIAL_BLOOD_PRESSURE,Renal system process involved in regulation of systemic arterial blood pressure,1,21,998,0.001,0.0014,0.706,0.7695521762681635,0.9999998599426523,REN,False
C5_all,GO_BP,GOBP_NEGATIVE_REGULATION_OF_STEM_CELL_POPULATION_MAINTENANCE,Negative regulation of stem cell population maintenance,1,21,998,0.001,0.0014,0.706,0.7695521762681635,0.9999998599426523,ARID4A,False
C5_all,GO_BP,GOBP_EMBRYONIC_HEMOPOIESIS,Embryonic hemopoiesis,1,21,998,0.001,0.0014,0.706,0.7695521762681635,0.9999998599426523,STK3,False
C5_all,GO_BP,GOBP_REGULATION_OF_TRANSLATION_IN_RESPONSE_TO_STRESS,Regulation of translation in response to stress,1,21,998,0.001,0.0014,0.706,0.7695521762681635,0.9999998599426523,PDIK1L,False
C5_all,GO_BP,GOBP_POSITIVE_REGULATION_OF_OLIGODENDROCYTE_DIFFERENTIATION,Positive regulation of oligodendrocyte differentiation,1,21,998,0.001,0.0014,0.706,0.7695521762681635,0.9999998599426523,ASPA,False
C5_all,GO_BP,GOBP_IRON_ION_TRANSMEMBRANE_TRANSPORT,Iron ion transmembrane transport,1,21,998,0.001,0.0014,0.706,0.7695521762681635,0.9999998599426523,SLC39A8,False
C5_all,GO_BP,GOBP_3_UTR_MEDIATED_MRNA_STABILIZATION,3 utr mediated mrna stabilization,1,21,998,0.001,0.0014,0.706,0.7695521762681635,0.9999998599426523,TENT4B,False
C5_all,GO_BP,GOBP_WOUND_HEALING_SPREADING_OF_EPIDERMAL_CELLS,Wound healing spreading of epidermal cells,1,21,998,0.001,0.0014,0.706,0.7695521762681635,0.9999998599426523,PHLDB2,False
C5_all,GO_BP,GOBP_GASTRULATION_WITH_MOUTH_FORMING_SECOND,Gastrulation with mouth forming second,1,21,998,0.001,0.0014,0.706,0.7695521762681635,0.9999998599426523,ACVR2B,False
C5_all,GO_BP,GOBP_DETECTION_OF_TEMPERATURE_STIMULUS,Detection of temperature stimulus,1,21,998,0.001,0.0014,0.706,0.7695521762681635,0.9999998599426523,HTR2A,False
C5_all,GO_BP,GOBP_POSITIVE_REGULATION_OF_SPROUTING_ANGIOGENESIS,Positive regulation of sprouting angiogenesis,1,21,998,0.001,0.0014,0.706,0.7695521762681635,0.9999998599426523,BMPER,False
C5_all,GO_BP,GOBP_INNERVATION,Innervation,1,21,998,0.001,0.0014,0.706,0.7695521762681635,0.9999998599426523,ARK2C,False
C5_all,GO_BP,GOBP_NEGATIVE_REGULATION_OF_PEPTIDYL_SERINE_PHOSPHORYLATION,Negative regulation of peptidyl serine phosphorylation,1,21,998,0.001,0.0014,0.706,0.7695521762681635,0.9999998599426523,CNKSR3,False
C5_all,GO_BP,GOBP_INCLUSION_BODY_ASSEMBLY,Inclusion body assembly,1,21,998,0.001,0.0014,0.706,0.7695521762681635,0.9999998599426523,SORL1,False
C5_all,GO_BP,GOBP_REGULATION_OF_PROTEIN_LOCALIZATION_TO_SYNAPSE,Regulation of protein localization to synapse,1,21,998,0.001,0.0014,0.706,0.7695521762681635,0.9999998599426523,ABHD17B,False
C5_all,GO_BP,GOBP_GLUCOSE_CATABOLIC_PROCESS,Glucose catabolic process,1,21,998,0.001,0.0014,0.706,0.7695521762681635,0.9999998599426523,ADCY10,False
C5_all,GO_BP,GOBP_GLOMERULAR_EPITHELIUM_DEVELOPMENT,Glomerular epithelium development,1,21,998,0.001,0.0014,0.706,0.7695521762681635,0.9999998599426523,KLF15,False
C5_all,GO_BP,GOBP_REGULATION_OF_COMPLEMENT_ACTIVATION,Regulation of complement activation,1,21,998,0.001,0.0014,0.706,0.7695521762681635,0.9999998599426523,C4BPB,False
C5_all,GO_BP,GOBP_GLYCOLYTIC_PROCESS_THROUGH_FRUCTOSE_6_PHOSPHATE,Glycolytic process through fructose 6 phosphate,1,21,998,0.001,0.0014,0.706,0.7695521762681635,0.9999998599426523,PFKFB1,False
C5_all,GO_BP,GOBP_N_TERMINAL_PROTEIN_AMINO_ACID_MODIFICATION,N terminal protein amino acid modification,1,21,998,0.001,0.0014,0.706,0.7695521762681635,0.9999998599426523,PPM1B,False
C5_all,GO_BP,GOBP_POSITIVE_REGULATION_OF_CHEMOKINE_PRODUCTION,Positive regulation of chemokine production,3,59,998,0.003,0.004,0.754,0.7697192907670246,0.9999998599426523,"IL6R, C5, POSTN",False
C5_all,GO_BP,GOBP_AUTOPHAGOSOME_MATURATION,Autophagosome maturation,3,59,998,0.003,0.004,0.754,0.7697192907670246,0.9999998599426523,"MFSD8, PIK3R4, STX17",False
C5_all,GO_BP,GOBP_NEGATIVE_REGULATION_OF_PHOSPHORUS_METABOLIC_PROCESS,Negative regulation of phosphorus metabolic process,19,324,998,0.019,0.0219,0.869,0.7698739415025551,0.9999998599426523,"PPP4R4, CNKSR3, CRY2, TTC36, PPM1E, ALDOB, ERRFI1, XDH, DUSP19, PFKFB1, CEP43, PRKAG2, PPARA, NCOR1, NUPR1, ENPP1, PIBF1, LRP6, RGN",False
C5_all,GO_BP,GOBP_REGULATION_OF_DOUBLE_STRAND_BREAK_REPAIR_VIA_HOMOLOGOUS_RECOMBINATION,Regulation of double strand break repair via homologous recombination,4,77,998,0.004,0.0052,0.77,0.7718272139066801,0.9999998599426523,"RADX, SKP2, TEX15, MBTD1",False
C5_all,GO_BP,GOBP_T_CELL_HOMEOSTASIS,T cell homeostasis,2,41,998,0.002,0.0028,0.723,0.7741009313754514,0.9999998599426523,"GPAM, RAG1",False
C5_all,GO_BP,GOBP_INTRINSIC_APOPTOTIC_SIGNALING_PATHWAY_IN_RESPONSE_TO_DNA_DAMAGE_BY_P53_CLASS_MEDIATOR,Intrinsic apoptotic signaling pathway in response to dna damage by p53 class mediator,2,41,998,0.002,0.0028,0.723,0.7741009313754514,0.9999998599426523,"NUPR1, HIPK2",False
C5_all,GO_BP,GOBP_LABYRINTHINE_LAYER_DEVELOPMENT,Labyrinthine layer development,2,41,998,0.002,0.0028,0.723,0.7741009313754514,0.9999998599426523,"RSPO3, PLG",False
C5_all,GO_BP,GOBP_REGULATION_OF_ACUTE_INFLAMMATORY_RESPONSE,Regulation of acute inflammatory response,2,41,998,0.002,0.0028,0.723,0.7741009313754514,0.9999998599426523,"DNASE1L3, KLKB1",False
C5_all,GO_BP,GOBP_UNSATURATED_FATTY_ACID_BIOSYNTHETIC_PROCESS,Unsaturated fatty acid biosynthetic process,2,41,998,0.002,0.0028,0.723,0.7741009313754514,0.9999998599426523,"AVPR1A, PIBF1",False
C5_all,GO_BP,GOBP_COLUMNAR_CUBOIDAL_EPITHELIAL_CELL_DEVELOPMENT,Columnar cuboidal epithelial cell development,2,41,998,0.002,0.0028,0.723,0.7741009313754514,0.9999998599426523,"CDH2, C1GALT1",False
C5_all,GO_BP,GOBP_POSITIVE_REGULATION_OF_DOUBLE_STRAND_BREAK_REPAIR_VIA_HOMOLOGOUS_RECOMBINATION,Positive regulation of double strand break repair via homologous recombination,2,41,998,0.002,0.0028,0.723,0.7741009313754514,0.9999998599426523,"SKP2, MBTD1",False
C5_all,GO_BP,GOBP_REGULATION_OF_CELLULAR_RESPONSE_TO_TRANSFORMING_GROWTH_FACTOR_BETA_STIMULUS,Regulation of cellular response to transforming growth factor beta stimulus,7,129,998,0.007,0.0087,0.804,0.7753593707419406,0.9999998599426523,"ARID4A, PPARA, MTMR4, PALS1, PBLD, HIPK2, CITED2",False
C5_all,GO_BP,GOBP_PROTEIN_TARGETING_TO_MITOCHONDRION,Protein targeting to mitochondrion,5,95,998,0.005,0.0064,0.78,0.7765246964625021,0.9999998599426523,"IMMP1L, TOMM70, LMAN1, ADCY10, DNAJC19",False
C5_all,GO_BP,GOBP_POSITIVE_REGULATION_OF_UBIQUITIN_DEPENDENT_PROTEIN_CATABOLIC_PROCESS,Positive regulation of ubiquitin dependent protein catabolic process,5,95,998,0.005,0.0064,0.78,0.7765246964625021,0.9999998599426523,"SH3RF2, ZYG11B, GCLC, HECTD1, L3MBTL3",False
C5_all,GO_BP,GOBP_POSITIVE_REGULATION_OF_PROTEIN_LOCALIZATION_TO_MEMBRANE,Positive regulation of protein localization to membrane,5,95,998,0.005,0.0064,0.78,0.7765246964625021,0.9999998599426523,"MESD, WNK3, PIK3R1, EGFR, CNST",False
C5_all,GO_BP,GOBP_STRIATED_MUSCLE_CELL_DIFFERENTIATION,Striated muscle cell differentiation,14,245,998,0.014,0.0166,0.847,0.777455674317808,0.9999998599426523,"CDH2, ADRA1A, ACADM, PPARA, KCNH1, TOMM70, CDON, MYOM2, PROX1, TBX3, CACNA1H, AVPR1A, MYORG, AKAP6",False
C5_all,GO_BP,GOBP_MEMBRANE_INVAGINATION,Membrane invagination,3,60,998,0.003,0.0041,0.741,0.7795333690306964,0.9999998599426523,"ABCA1, MEGF10, XKR4",False
C5_all,GO_BP,GOBP_REGULATION_OF_PROTEIN_MATURATION,Regulation of protein maturation,3,60,998,0.003,0.0041,0.741,0.7795333690306964,0.9999998599426523,"TFR2, KLKB1, CPB2",False
C5_all,GO_BP,GOBP_NEGATIVE_REGULATION_OF_EPITHELIAL_CELL_MIGRATION,Negative regulation of epithelial cell migration,3,60,998,0.003,0.0041,0.741,0.7795333690306964,0.9999998599426523,"SERPINF1, MCC, PFN2",False
C5_all,GO_BP,GOBP_POSITIVE_REGULATION_OF_OSTEOBLAST_DIFFERENTIATION,Positive regulation of osteoblast differentiation,3,60,998,0.003,0.0041,0.741,0.7795333690306964,0.9999998599426523,"IL6R, ZHX3, ACVR2B",False
C5_all,GO_BP,GOBP_EXTERNAL_ENCAPSULATING_STRUCTURE_ORGANIZATION,External encapsulating structure organization,16,278,998,0.016,0.0188,0.853,0.7801801024616878,0.9999998599426523,"NDNF, NTN4, SMOC1, COL28A1, CPB2, COL11A2, PHLDB2, ST7, POSTN, ADAMTSL3, SLC39A8, WDR72, EGFLAM, RXFP1, TMEM38B, PLG",False
C5_all,GO_BP,GOBP_REGULATION_OF_LEUKOCYTE_APOPTOTIC_PROCESS,Regulation of leukocyte apoptotic process,4,78,998,0.004,0.0053,0.76,0.7804632186965259,0.9999998599426523,"FNIP1, RAPGEF2, GPAM, RAG1",False
C5_all,GO_BP,GOBP_REGULATION_OF_PROTEIN_SECRETION,Regulation of protein secretion,12,213,998,0.012,0.0144,0.835,0.7808649401524567,0.9999998599426523,"GPLD1, EXPH5, NR1H3, RAPGEF4, EGFR, VSNL1, ACVR1C, PCK2, HADH, SLC2A2, GLUD1, ABAT",False
C5_all,GO_BP,GOBP_REGULATION_OF_FAT_CELL_DIFFERENTIATION,Regulation of fat cell differentiation,6,113,998,0.006,0.0076,0.787,0.7823564451214174,0.9999998599426523,"SULT1E1, NAPEPLD, STK3, HTR2A, RORA, ENPP1",False
C5_all,GO_BP,GOBP_POSITIVE_REGULATION_OF_NEURON_PROJECTION_DEVELOPMENT,Positive regulation of neuron projection development,8,147,998,0.008,0.0099,0.807,0.7828874506483059,0.9999998599426523,"NDNF, RAPGEF2, RELN, ARHGAP35, SLC30A1, COBL, SERPINF1, CUX2",False
C5_all,GO_BP,GOBP_REGULATION_OF_ACTIN_FILAMENT_BUNDLE_ASSEMBLY,Regulation of actin filament bundle assembly,5,96,998,0.005,0.0065,0.772,0.7842601712861278,0.9999998599426523,"PHLDB2, PIK3R1, MTSS1, PPM1E, PFN2",False
C5_all,GO_BP,GOBP_SPHINGOLIPID_BIOSYNTHETIC_PROCESS,Sphingolipid biosynthetic process,5,96,998,0.005,0.0065,0.772,0.7842601712861278,0.9999998599426523,"ABCG2, CERS2, ABCA8, PEMT, SGMS1",False
C5_all,GO_BP,GOBP_CHONDROCYTE_DIFFERENTIATION,Chondrocyte differentiation,5,96,998,0.005,0.0065,0.772,0.7842601712861278,0.9999998599426523,"GPLD1, SOX5, MAF, ATF2, TSKU",False
C5_all,GO_BP,GOBP_REGULATION_OF_MRNA_CATABOLIC_PROCESS,Regulation of mrna catabolic process,9,164,998,0.009,0.0111,0.813,0.784390585740742,0.9999998599426523,"FXR1, TENT4B, A1CF, PATL1, FMR1, CNOT7, LARP1B, RIDA, TUT7",False
C5_all,GO_BP,GOBP_POSITIVE_REGULATION_OF_GTPASE_ACTIVITY,Positive regulation of gtpase activity,9,164,998,0.009,0.0111,0.813,0.784390585740742,0.9999998599426523,"ARHGAP29, EVI5, RAPGEF2, TBC1D14, GRTP1, TBC1D8B, MMUT, SYDE2, RALGAPA2",False
C5_all,GO_BP,GOBP_POSITIVE_REGULATION_OF_RECEPTOR_INTERNALIZATION,Positive regulation of receptor internalization,1,22,998,0.001,0.0015,0.674,0.785120234758949,0.9999998599426523,FMR1,False
C5_all,GO_BP,GOBP_NEGATIVE_REGULATION_OF_REGULATED_SECRETORY_PATHWAY,Negative regulation of regulated secretory pathway,1,22,998,0.001,0.0015,0.674,0.785120234758949,0.9999998599426523,FMR1,False
C5_all,GO_BP,GOBP_HEMATOPOIETIC_STEM_CELL_HOMEOSTASIS,Hematopoietic stem cell homeostasis,1,22,998,0.001,0.0015,0.674,0.785120234758949,0.9999998599426523,GPRASP2,False
C5_all,GO_BP,GOBP_REGULATION_OF_CARDIAC_MUSCLE_CONTRACTION_BY_CALCIUM_ION_SIGNALING,Regulation of cardiac muscle contraction by calcium ion signaling,1,22,998,0.001,0.0015,0.674,0.785120234758949,0.9999998599426523,TMEM38B,False
C5_all,GO_BP,GOBP_DECIDUALIZATION,Decidualization,1,22,998,0.001,0.0015,0.674,0.785120234758949,0.9999998599426523,CITED2,False
C5_all,GO_BP,GOBP_POSITIVE_REGULATION_OF_TRANSLATIONAL_INITIATION,Positive regulation of translational initiation,1,22,998,0.001,0.0015,0.674,0.785120234758949,0.9999998599426523,RPS6KB1,False
C5_all,GO_BP,GOBP_T_HELPER_1_CELL_DIFFERENTIATION,T helper 1 cell differentiation,1,22,998,0.001,0.0015,0.674,0.785120234758949,0.9999998599426523,IL27,False
C5_all,GO_BP,GOBP_REGULATION_OF_HETEROTYPIC_CELL_CELL_ADHESION,Regulation of heterotypic cell cell adhesion,1,22,998,0.001,0.0015,0.674,0.785120234758949,0.9999998599426523,GCNT2,False
C5_all,GO_BP,GOBP_SECONDARY_PALATE_DEVELOPMENT,Secondary palate development,1,22,998,0.001,0.0015,0.674,0.785120234758949,0.9999998599426523,COL11A2,False
C5_all,GO_BP,GOBP_B_CELL_APOPTOTIC_PROCESS,B cell apoptotic process,1,22,998,0.001,0.0015,0.674,0.785120234758949,0.9999998599426523,FNIP1,False
C5_all,GO_BP,GOBP_TUBULIN_DEACETYLATION,Tubulin deacetylation,1,22,998,0.001,0.0015,0.674,0.785120234758949,0.9999998599426523,ZZZ3,False
C5_all,GO_BP,GOBP_PIGMENT_GRANULE_LOCALIZATION,Pigment granule localization,1,22,998,0.001,0.0015,0.674,0.785120234758949,0.9999998599426523,SHROOM2,False
C5_all,GO_BP,GOBP_ADRENAL_GLAND_DEVELOPMENT,Adrenal gland development,1,22,998,0.001,0.0015,0.674,0.785120234758949,0.9999998599426523,CITED2,False
C5_all,GO_BP,GOBP_POSITIVE_REGULATION_OF_ACTIVATED_T_CELL_PROLIFERATION,Positive regulation of activated t cell proliferation,1,22,998,0.001,0.0015,0.674,0.785120234758949,0.9999998599426523,GPAM,False
C5_all,GO_BP,GOBP_SKELETAL_MUSCLE_CELL_PROLIFERATION,Skeletal muscle cell proliferation,1,22,998,0.001,0.0015,0.674,0.785120234758949,0.9999998599426523,MEGF10,False
C5_all,GO_BP,GOBP_REGULATION_OF_HORMONE_BIOSYNTHETIC_PROCESS,Regulation of hormone biosynthetic process,1,22,998,0.001,0.0015,0.674,0.785120234758949,0.9999998599426523,ARNT,False
C5_all,GO_BP,GOBP_NEGATIVE_REGULATION_OF_CYTOKINE_PRODUCTION_INVOLVED_IN_INFLAMMATORY_RESPONSE,Negative regulation of cytokine production involved in inflammatory response,1,22,998,0.001,0.0015,0.674,0.785120234758949,0.9999998599426523,PPARA,False
C5_all,GO_BP,GOBP_REGULATION_OF_MITOCHONDRIAL_TRANSLATION,Regulation of mitochondrial translation,1,22,998,0.001,0.0015,0.674,0.785120234758949,0.9999998599426523,RPUSD4,False
C5_all,GO_BP,GOBP_REGULATION_OF_ACTIVIN_RECEPTOR_SIGNALING_PATHWAY,Regulation of activin receptor signaling pathway,1,22,998,0.001,0.0015,0.674,0.785120234758949,0.9999998599426523,ACVR2B,False
C5_all,GO_BP,GOBP_POSITIVE_REGULATION_OF_PHOSPHATASE_ACTIVITY,Positive regulation of phosphatase activity,1,22,998,0.001,0.0015,0.674,0.785120234758949,0.9999998599426523,GPLD1,False
C5_all,GO_BP,GOBP_REGULATION_OF_ANOIKIS,Regulation of anoikis,1,22,998,0.001,0.0015,0.674,0.785120234758949,0.9999998599426523,PDK4,False
C5_all,GO_BP,GOBP_REGULATION_OF_NON_CANONICAL_WNT_SIGNALING_PATHWAY,Regulation of non canonical wnt signaling pathway,1,22,998,0.001,0.0015,0.674,0.785120234758949,0.9999998599426523,RSPO3,False
C5_all,GO_BP,GOBP_MOTOR_NEURON_AXON_GUIDANCE,Motor neuron axon guidance,1,22,998,0.001,0.0015,0.674,0.785120234758949,0.9999998599426523,ARK2C,False
C5_all,GO_BP,GOBP_PLATELET_DENSE_GRANULE_ORGANIZATION,Platelet dense granule organization,1,22,998,0.001,0.0015,0.674,0.785120234758949,0.9999998599426523,ABCA1,False
C5_all,GO_BP,GOBP_NEGATIVE_REGULATION_OF_NON_CANONICAL_NF_KAPPAB_SIGNAL_TRANSDUCTION,Negative regulation of non canonical nf kappab signal transduction,1,22,998,0.001,0.0015,0.674,0.785120234758949,0.9999998599426523,PPM1B,False
C5_all,GO_BP,GOBP_REGULATION_OF_CELL_FATE_SPECIFICATION,Regulation of cell fate specification,1,22,998,0.001,0.0015,0.674,0.785120234758949,0.9999998599426523,AR,False
C5_all,GO_BP,GOBP_MICROVILLUS_ASSEMBLY,Microvillus assembly,1,22,998,0.001,0.0015,0.674,0.785120234758949,0.9999998599426523,RAPGEF2,False
C5_all,GO_BP,GOBP_BINDING_OF_SPERM_TO_ZONA_PELLUCIDA,Binding of sperm to zona pellucida,1,22,998,0.001,0.0015,0.674,0.785120234758949,0.9999998599426523,OVGP1,False
C5_all,GO_BP,GOBP_NEGATIVE_REGULATION_OF_PRODUCTION_OF_MOLECULAR_MEDIATOR_OF_IMMUNE_RESPONSE,Negative regulation of production of molecular mediator of immune response,2,42,998,0.002,0.0028,0.706,0.7855261049260354,0.9999998599426523,"ARG1, NDFIP1",False
C5_all,GO_BP,GOBP_BIOLOGICAL_PROCESS_INVOLVED_IN_INTRASPECIES_INTERACTION_BETWEEN_ORGANISMS,Biological process involved in intraspecies interaction between organisms,2,42,998,0.002,0.0028,0.706,0.7855261049260354,0.9999998599426523,"AVPR1A, EIF4EBP2",False
C5_all,GO_BP,GOBP_REGULATION_OF_CELL_CYCLE_CHECKPOINT,Regulation of cell cycle checkpoint,2,42,998,0.002,0.0028,0.706,0.7855261049260354,0.9999998599426523,"FBXO4, PROX1",False
C5_all,GO_BP,GOBP_ACTIVATED_T_CELL_PROLIFERATION,Activated t cell proliferation,2,42,998,0.002,0.0028,0.706,0.7855261049260354,0.9999998599426523,"ARG1, GPAM",False
C5_all,GO_BP,GOBP_SARCOMERE_ORGANIZATION,Sarcomere organization,2,42,998,0.002,0.0028,0.706,0.7855261049260354,0.9999998599426523,"PROX1, MYOM2",False
C5_all,GO_BP,GOBP_CENTRIOLE_ASSEMBLY,Centriole assembly,2,42,998,0.002,0.0028,0.706,0.7855261049260354,0.9999998599426523,"RTTN, CCP110",False
C5_all,GO_BP,GOBP_REGULATION_OF_CHONDROCYTE_DIFFERENTIATION,Regulation of chondrocyte differentiation,2,42,998,0.002,0.0028,0.706,0.7855261049260354,0.9999998599426523,"MAF, SOX5",False
C5_all,GO_BP,GOBP_RUFFLE_ASSEMBLY,Ruffle assembly,2,42,998,0.002,0.0028,0.706,0.7855261049260354,0.9999998599426523,"COBL, PFN2",False
C5_all,GO_BP,GOBP_VACUOLE_ORGANIZATION,Vacuole organization,12,214,998,0.012,0.0145,0.831,0.7861086458346471,0.9999998599426523,"MFSD8, ABCA1, HOOK1, RAB33B, FNIP1, MAN2A1, TBC1D14, NUPR1, MTM1, ATF2, STX17, ATG2B",False
C5_all,GO_BP,GOBP_REGULATION_OF_EXTRINSIC_APOPTOTIC_SIGNALING_PATHWAY,Regulation of extrinsic apoptotic signaling pathway,7,131,998,0.007,0.0089,0.792,0.7886744229374556,0.9999998599426523,"RPS6KB1, GCLC, STRADB, AR, STK3, TNFSF10, SGK3",False
C5_all,GO_BP,GOBP_CELL_CELL_ADHESION_VIA_PLASMA_MEMBRANE_ADHESION_MOLECULES,Cell cell adhesion via plasma membrane adhesion molecules,11,198,998,0.011,0.0134,0.824,0.7887031982286816,0.9999998599426523,"CDH2, IL1RAP, PTPRF, DAB1, DSG1, CDH23, CLDN12, PCDH1, CADM2, SLITRK3, CEACAM8",False
C5_all,GO_BP,GOBP_REGULATION_OF_FIBROBLAST_PROLIFERATION,Regulation of fibroblast proliferation,4,79,998,0.004,0.0053,0.751,0.7888380072284173,0.9999998599426523,"EGFR, NUPR1, ESR1, FBXO4",False
C5_all,GO_BP,GOBP_POSITIVE_REGULATION_OF_GLIOGENESIS,Positive regulation of gliogenesis,3,61,998,0.003,0.0041,0.729,0.7890002568714811,0.9999998599426523,"ASPA, EGFR, PLAG1",False
C5_all,GO_BP,GOBP_CARDIAC_SEPTUM_MORPHOGENESIS,Cardiac septum morphogenesis,3,61,998,0.003,0.0041,0.729,0.7890002568714811,0.9999998599426523,"PROX1, TBX3, CITED2",False
C5_all,GO_BP,GOBP_SPHINGOLIPID_METABOLIC_PROCESS,Sphingolipid metabolic process,8,148,998,0.008,0.01,0.801,0.7890887800834339,0.9999998599426523,"ABCG2, CERS2, ASAH2B, NEU3, ABCA8, PEMT, SGMS1, NEU4",False
C5_all,GO_BP,GOBP_APPENDAGE_MORPHOGENESIS,Appendage morphogenesis,6,114,998,0.006,0.0077,0.78,0.7893756696312959,0.9999998599426523,"RDH10, ARK2C, TBX3, ERRFI1, NFIA, ALDH1A2",False
C5_all,GO_BP,GOBP_SPECIFICATION_OF_SYMMETRY,Specification of symmetry,6,114,998,0.006,0.0077,0.78,0.7893756696312959,0.9999998599426523,"TBX3, SETDB2, RTTN, ACVR2B, CITED2, ALDH1A2",False
C5_all,GO_BP,GOBP_DEPHOSPHORYLATION,Dephosphorylation,14,248,998,0.014,0.0168,0.837,0.7920944902607912,0.9999998599426523,"GPLD1, EPHX2, MTMR4, PTPRF, FRA10AC1, PHLPP1, PPM1B, PPP4R4, CRY2, MTM1, PPM1E, PTPRK, CDC14B, ACP6",False
C5_all,GO_BP,GOBP_EXTRINSIC_APOPTOTIC_SIGNALING_PATHWAY,Extrinsic apoptotic signaling pathway,11,199,998,0.011,0.0135,0.819,0.7940074182515856,0.9999998599426523,"CRADD, RPS6KB1, IL6R, GCLC, ERBB3, PIK3R1, STRADB, AR, STK3, TNFSF10, SGK3",False
C5_all,GO_BP,GOBP_REGULATION_OF_WOUND_HEALING,Regulation of wound healing,6,115,998,0.006,0.0078,0.773,0.7962207953346174,0.9999998599426523,"TFPI, CPB2, PHLDB2, F11, KLKB1, PLG",False
C5_all,GO_BP,GOBP_RESPONSE_TO_FUNGUS,Response to fungus,2,43,998,0.002,0.0029,0.689,0.7964397418850535,0.9999998599426523,"ARG1, IL17RC",False
C5_all,GO_BP,GOBP_GRANULOCYTE_ACTIVATION,Granulocyte activation,2,43,998,0.002,0.0029,0.689,0.7964397418850535,0.9999998599426523,"ENPP3, DNASE1L3",False
C5_all,GO_BP,GOBP_INNER_MITOCHONDRIAL_MEMBRANE_ORGANIZATION,Inner mitochondrial membrane organization,2,43,998,0.002,0.0029,0.689,0.7964397418850535,0.9999998599426523,"MICU1, TOMM70",False
C5_all,GO_BP,GOBP_REGULATION_OF_P38MAPK_CASCADE,Regulation of p38mapk cascade,2,43,998,0.002,0.0029,0.689,0.7964397418850535,0.9999998599426523,"PHLPP1, XDH",False
C5_all,GO_BP,GOBP_MIRNA_PROCESSING,Mirna processing,2,43,998,0.002,0.0029,0.689,0.7964397418850535,0.9999998599426523,"PUS10, TUT7",False
C5_all,GO_BP,GOBP_NEGATIVE_REGULATION_OF_LEUKOCYTE_MIGRATION,Negative regulation of leukocyte migration,2,43,998,0.002,0.0029,0.689,0.7964397418850535,0.9999998599426523,"DDT, C5",False
C5_all,GO_BP,GOBP_MUSCLE_CELL_MIGRATION,Muscle cell migration,4,80,998,0.004,0.0054,0.741,0.7969553305846779,0.9999998599426523,"SORL1, RPS6KB1, MEGF10, POSTN",False
C5_all,GO_BP,GOBP_NEGATIVE_REGULATION_OF_POST_TRANSLATIONAL_PROTEIN_MODIFICATION,Negative regulation of post translational protein modification,4,80,998,0.004,0.0054,0.741,0.7969553305846779,0.9999998599426523,"SENP2, TTC36, SH3RF2, GCLC",False
C5_all,GO_BP,GOBP_FILOPODIUM_ASSEMBLY,Filopodium assembly,3,62,998,0.003,0.0042,0.717,0.7981270325917985,0.9999998599426523,"FMR1, PIK3R1, FGD4",False
C5_all,GO_BP,GOBP_NEGATIVE_REGULATION_OF_DNA_REPLICATION,Negative regulation of dna replication,1,23,998,0.001,0.0016,0.645,0.7996375652294723,0.9999998599426523,PDS5A,False
C5_all,GO_BP,GOBP_SMOOTH_MUSCLE_TISSUE_DEVELOPMENT,Smooth muscle tissue development,1,23,998,0.001,0.0016,0.645,0.7996375652294723,0.9999998599426523,PROX1,False
C5_all,GO_BP,GOBP_NEGATIVE_REGULATION_OF_TELOMERE_MAINTENANCE_VIA_TELOMERE_LENGTHENING,Negative regulation of telomere maintenance via telomere lengthening,1,23,998,0.001,0.0016,0.645,0.7996375652294723,0.9999998599426523,TENT4B,False
C5_all,GO_BP,GOBP_TYPE_B_PANCREATIC_CELL_DIFFERENTIATION,Type b pancreatic cell differentiation,1,23,998,0.001,0.0016,0.645,0.7996375652294723,0.9999998599426523,CDH2,False
C5_all,GO_BP,GOBP_OOCYTE_MATURATION,Oocyte maturation,1,23,998,0.001,0.0016,0.645,0.7996375652294723,0.9999998599426523,TUT7,False
C5_all,GO_BP,GOBP_PROTEIN_K48_LINKED_DEUBIQUITINATION,Protein k48 linked deubiquitination,1,23,998,0.001,0.0016,0.645,0.7996375652294723,0.9999998599426523,USP33,False
C5_all,GO_BP,GOBP_T_HELPER_CELL_LINEAGE_COMMITMENT,T helper cell lineage commitment,1,23,998,0.001,0.0016,0.645,0.7996375652294723,0.9999998599426523,IL6R,False
C5_all,GO_BP,GOBP_ASTROCYTE_ACTIVATION,Astrocyte activation,1,23,998,0.001,0.0016,0.645,0.7996375652294723,0.9999998599426523,EGFR,False
C5_all,GO_BP,GOBP_NEGATIVE_REGULATION_OF_BIOMINERAL_TISSUE_DEVELOPMENT,Negative regulation of biomineral tissue development,1,23,998,0.001,0.0016,0.645,0.7996375652294723,0.9999998599426523,ENPP1,False
C5_all,GO_BP,GOBP_CARDIAC_ATRIUM_MORPHOGENESIS,Cardiac atrium morphogenesis,1,23,998,0.001,0.0016,0.645,0.7996375652294723,0.9999998599426523,PROX1,False
C5_all,GO_BP,GOBP_POSTSYNAPTIC_NEUROTRANSMITTER_RECEPTOR_INTERNALIZATION,Postsynaptic neurotransmitter receptor internalization,1,23,998,0.001,0.0016,0.645,0.7996375652294723,0.9999998599426523,NUMB,False
C5_all,GO_BP,GOBP_NEUROMUSCULAR_SYNAPTIC_TRANSMISSION,Neuromuscular synaptic transmission,1,23,998,0.001,0.0016,0.645,0.7996375652294723,0.9999998599426523,P2RX3,False
C5_all,GO_BP,GOBP_REGULATION_OF_GLYCOGEN_BIOSYNTHETIC_PROCESS,Regulation of glycogen biosynthetic process,1,23,998,0.001,0.0016,0.645,0.7996375652294723,0.9999998599426523,ENPP1,False
C5_all,GO_BP,GOBP_CHONDROCYTE_PROLIFERATION,Chondrocyte proliferation,1,23,998,0.001,0.0016,0.645,0.7996375652294723,0.9999998599426523,ERRFI1,False
C5_all,GO_BP,GOBP_TRABECULA_FORMATION,Trabecula formation,1,23,998,0.001,0.0016,0.645,0.7996375652294723,0.9999998599426523,ADGRG6,False
C5_all,GO_BP,GOBP_NUCLEOPHAGY,Nucleophagy,1,23,998,0.001,0.0016,0.645,0.7996375652294723,0.9999998599426523,ATG2B,False
C5_all,GO_BP,GOBP_CEREBELLAR_PURKINJE_CELL_LAYER_DEVELOPMENT,Cerebellar purkinje cell layer development,1,23,998,0.001,0.0016,0.645,0.7996375652294723,0.9999998599426523,RORA,False
C5_all,GO_BP,GOBP_ATTACHMENT_OF_MITOTIC_SPINDLE_MICROTUBULES_TO_KINETOCHORE,Attachment of mitotic spindle microtubules to kinetochore,1,23,998,0.001,0.0016,0.645,0.7996375652294723,0.9999998599426523,RMDN1,False
C5_all,GO_BP,GOBP_VASCULAR_ENDOTHELIAL_CELL_PROLIFERATION,Vascular endothelial cell proliferation,1,23,998,0.001,0.0016,0.645,0.7996375652294723,0.9999998599426523,ALDH1A2,False
C5_all,GO_BP,GOBP_RESPONSE_TO_OXYGEN_RADICAL,Response to oxygen radical,1,23,998,0.001,0.0016,0.645,0.7996375652294723,0.9999998599426523,SOD1,False
C5_all,GO_BP,GOBP_VIRAL_BUDDING,Viral budding,1,23,998,0.001,0.0016,0.645,0.7996375652294723,0.9999998599426523,NEDD4,False
C5_all,GO_BP,GOBP_METANEPHROS_MORPHOGENESIS,Metanephros morphogenesis,1,23,998,0.001,0.0016,0.645,0.7996375652294723,0.9999998599426523,LGR4,False
C5_all,GO_BP,GOBP_MICROAUTOPHAGY,Microautophagy,1,23,998,0.001,0.0016,0.645,0.7996375652294723,0.9999998599426523,ATG2B,False
C5_all,GO_BP,GOBP_EPIGENETIC_REGULATION_OF_GENE_EXPRESSION,Epigenetic regulation of gene expression,12,217,998,0.012,0.0147,0.82,0.8013026095301203,0.9999998599426523,"ATF7IP2, ARID4A, PIWIL2, TEX15, L3MBTL3, SETDB2, ASH2L, ATF2, DNMT3L, HIPK2, MAEL, SIRT5",False
C5_all,GO_BP,GOBP_PROTEIN_DEPHOSPHORYLATION,Protein dephosphorylation,10,184,998,0.01,0.0124,0.806,0.8027695543054247,0.9999998599426523,"MTMR4, PTPRF, PHLPP1, PPM1B, PPP4R4, CRY2, MTM1, PPM1E, PTPRK, CDC14B",False
C5_all,GO_BP,GOBP_REGULATION_OF_PROTEASOMAL_UBIQUITIN_DEPENDENT_PROTEIN_CATABOLIC_PROCESS,Regulation of proteasomal ubiquitin dependent protein catabolic process,6,116,998,0.006,0.0078,0.767,0.8028934458636081,0.9999998599426523,"SH3RF2, ZYG11B, GCLC, HECTD1, MTM1, TTC36",False
C5_all,GO_BP,GOBP_NUCLEAR_TRANSCRIBED_MRNA_CATABOLIC_PROCESS,Nuclear transcribed mrna catabolic process,6,116,998,0.006,0.0078,0.767,0.8028934458636081,0.9999998599426523,"TENT4B, A1CF, PATL1, CNOT7, SMG1, TUT7",False
C5_all,GO_BP,GOBP_AUTOPHAGOSOME_ORGANIZATION,Autophagosome organization,6,116,998,0.006,0.0078,0.767,0.8028934458636081,0.9999998599426523,"RAB33B, TBC1D14, NUPR1, MTM1, STX17, ATG2B",False
C5_all,GO_BP,GOBP_PROTEIN_DEUBIQUITINATION,Protein deubiquitination,4,81,998,0.004,0.0055,0.732,0.8048191850600794,0.9999998599426523,"USP33, USP30, ZRANB1, ITCH",False
C5_all,GO_BP,GOBP_POSITIVE_REGULATION_OF_ORGANELLE_ASSEMBLY,Positive regulation of organelle assembly,4,81,998,0.004,0.0055,0.732,0.8048191850600794,0.9999998599426523,"HAP1, ARHGAP35, CCP110, TAPT1",False
C5_all,GO_BP,GOBP_CELL_CELL_ADHESION_MEDIATED_BY_CADHERIN,Cell cell adhesion mediated by cadherin,2,44,998,0.002,0.003,0.674,0.8068587841517051,0.9999998599426523,"CDH2, PLG",False
C5_all,GO_BP,GOBP_KERATINOCYTE_PROLIFERATION,Keratinocyte proliferation,2,44,998,0.002,0.003,0.674,0.8068587841517051,0.9999998599426523,"PTPRK, EPB41L4B",False
C5_all,GO_BP,GOBP_POSITIVE_REGULATION_OF_EXTRINSIC_APOPTOTIC_SIGNALING_PATHWAY,Positive regulation of extrinsic apoptotic signaling pathway,2,44,998,0.002,0.003,0.674,0.8068587841517051,0.9999998599426523,"STK3, TNFSF10",False
C5_all,GO_BP,GOBP_NEGATIVE_REGULATION_OF_ION_TRANSMEMBRANE_TRANSPORTER_ACTIVITY,Negative regulation of ion transmembrane transporter activity,2,44,998,0.002,0.003,0.674,0.8068587841517051,0.9999998599426523,"FMR1, NEDD4",False
C5_all,GO_BP,GOBP_POSITIVE_REGULATION_OF_STEM_CELL_POPULATION_MAINTENANCE,Positive regulation of stem cell population maintenance,2,44,998,0.002,0.003,0.674,0.8068587841517051,0.9999998599426523,"ARID4A, SMARCA2",False
C5_all,GO_BP,GOBP_HETEROPHILIC_CELL_CELL_ADHESION_VIA_PLASMA_MEMBRANE_CELL_ADHESION_MOLECULES,Heterophilic cell cell adhesion via plasma membrane cell adhesion molecules,2,44,998,0.002,0.003,0.674,0.8068587841517051,0.9999998599426523,"CDH2, CEACAM8",False
C5_all,GO_BP,GOBP_INTRACILIARY_TRANSPORT,Intraciliary transport,2,44,998,0.002,0.003,0.674,0.8068587841517051,0.9999998599426523,"IFT46, CCDC38",False
C5_all,GO_BP,GOBP_WNT_SIGNALING_PATHWAY_PLANAR_CELL_POLARITY_PATHWAY,Wnt signaling pathway planar cell polarity pathway,2,44,998,0.002,0.003,0.674,0.8068587841517051,0.9999998599426523,"RSPO3, GRHL3",False
C5_all,GO_BP,GOBP_CEREBELLAR_CORTEX_DEVELOPMENT,Cerebellar cortex development,2,44,998,0.002,0.003,0.674,0.8068587841517051,0.9999998599426523,"PROX1, RORA",False
C5_all,GO_BP,GOBP_ANDROGEN_RECEPTOR_SIGNALING_PATHWAY,Androgen receptor signaling pathway,2,44,998,0.002,0.003,0.674,0.8068587841517051,0.9999998599426523,"NCOR1, AR",False
C5_all,GO_BP,GOBP_EXTRACELLULAR_MATRIX_ASSEMBLY,Extracellular matrix assembly,2,44,998,0.002,0.003,0.674,0.8068587841517051,0.9999998599426523,"PHLDB2, NTN4",False
C5_all,GO_BP,GOBP_RESPONSE_TO_TEMPERATURE_STIMULUS,Response to temperature stimulus,8,151,998,0.008,0.0102,0.785,0.8069033535166314,0.9999998599426523,"SOD1, ACADM, HMGCS2, GCLC, P2RX3, HTR2A, ZFAND1, TMEM135",False
C5_all,GO_BP,GOBP_VACUOLAR_TRANSPORT,Vacuolar transport,8,151,998,0.008,0.0102,0.785,0.8069033535166314,0.9999998599426523,"NEDD4, HOOK1, SORL1, EHD3, RBSN, PIK3R4, MTM1, NDFIP1",False
C5_all,GO_BP,GOBP_REGULATION_OF_RESPONSE_TO_WOUNDING,Regulation of response to wounding,8,151,998,0.008,0.0102,0.785,0.8069033535166314,0.9999998599426523,"TFPI, CERS2, PTPRF, CPB2, PHLDB2, F11, KLKB1, PLG",False
C5_all,GO_BP,GOBP_REGULATION_OF_VIRAL_PROCESS,Regulation of viral process,8,151,998,0.008,0.0102,0.785,0.8069033535166314,0.9999998599426523,"GBP7, PPARA, CNOT7, FMR1, PROX1, TMPRSS4, CLEC4G, NR5A2",False
C5_all,GO_BP,GOBP_PROTEIN_LOCALIZATION_TO_CILIUM,Protein localization to cilium,3,63,998,0.003,0.0043,0.706,0.8069210638619816,0.9999998599426523,"ROPN1, INVS, ROPN1B",False
C5_all,GO_BP,GOBP_NEGATIVE_REGULATION_OF_GENE_EXPRESSION_EPIGENETIC,Negative regulation of gene expression epigenetic,7,134,998,0.007,0.0091,0.774,0.8075231471635367,0.9999998599426523,"ATF7IP2, TEX15, PIWIL2, L3MBTL3, SETDB2, DNMT3L, MAEL",False
C5_all,GO_BP,GOBP_ENDOSOMAL_TRANSPORT,Endosomal transport,15,268,998,0.015,0.0181,0.83,0.808586767174988,0.9999998599426523,"EVI5, RHOBTB3, GOSR1, ABCA1, HOOK1, SORL1, TBC1D14, EHD3, RBSN, SNX5, PIK3R4, LMAN1, DENND1A, BLTP3B, REPS1",False
C5_all,GO_BP,GOBP_MESENCHYMAL_CELL_DIFFERENTIATION,Mesenchymal cell differentiation,12,219,998,0.012,0.0148,0.812,0.8109872715867239,0.9999998599426523,"GCNT2, LRP6, CDH2, RDH10, TAPT1, PHLDB2, TBX3, RTN4, PHACTR4, EPB41L5, CITED2, ALDH1A2",False
C5_all,GO_BP,GOBP_CELLULAR_RESPONSE_TO_UV,Cellular response to uv,4,82,998,0.004,0.0055,0.723,0.8124337852509024,0.9999998599426523,"PTPRK, NEDD4, MME, PIK3R1",False
C5_all,GO_BP,GOBP_REGULATION_OF_CARBOHYDRATE_BIOSYNTHETIC_PROCESS,Regulation of carbohydrate biosynthetic process,4,82,998,0.004,0.0055,0.723,0.8124337852509024,0.9999998599426523,"ENPP1, GNMT, ACADM, PPARA",False
C5_all,GO_BP,GOBP_MEIOTIC_CELL_CYCLE_PROCESS,Meiotic cell cycle process,9,169,998,0.009,0.0114,0.789,0.8125521767326634,0.9999998599426523,"TEX15, PIWIL2, SYCE1, MAJIN, TERB2, DNMT3L, SYCP1, TEX14, MAEL",False
C5_all,GO_BP,GOBP_REGULATION_OF_UBIQUITIN_DEPENDENT_PROTEIN_CATABOLIC_PROCESS,Regulation of ubiquitin dependent protein catabolic process,8,152,998,0.008,0.0103,0.78,0.8125814140683235,0.9999998599426523,"SH3RF2, ZYG11B, GCLC, HECTD1, L3MBTL3, MTM1, TTC36, HIPK2",False
C5_all,GO_BP,GOBP_EPITHELIAL_CELL_DEVELOPMENT,Epithelial cell development,10,186,998,0.01,0.0126,0.797,0.8131690245774533,0.9999998599426523,"CDH2, ARID4A, RAPGEF2, C1GALT1, EXPH5, PROX1, AR, ESR1, EPB41L5, HSD17B4",False
C5_all,GO_BP,GOBP_EMBRYONIC_PLACENTA_MORPHOGENESIS,Embryonic placenta morphogenesis,1,24,998,0.001,0.0016,0.618,0.8131750176633621,0.9999998599426523,RSPO3,False
C5_all,GO_BP,GOBP_NEGATIVE_REGULATION_OF_STEM_CELL_DIFFERENTIATION,Negative regulation of stem cell differentiation,1,24,998,0.001,0.0016,0.618,0.8131750176633621,0.9999998599426523,TBX3,False
C5_all,GO_BP,GOBP_NEUROTROPHIN_TRK_RECEPTOR_SIGNALING_PATHWAY,Neurotrophin trk receptor signaling pathway,1,24,998,0.001,0.0016,0.618,0.8131750176633621,0.9999998599426523,HAP1,False
C5_all,GO_BP,GOBP_SENSORY_PERCEPTION_OF_TEMPERATURE_STIMULUS,Sensory perception of temperature stimulus,1,24,998,0.001,0.0016,0.618,0.8131750176633621,0.9999998599426523,HTR2A,False
C5_all,GO_BP,GOBP_NEGATIVE_REGULATION_OF_CATION_CHANNEL_ACTIVITY,Negative regulation of cation channel activity,1,24,998,0.001,0.0016,0.618,0.8131750176633621,0.9999998599426523,FMR1,False
C5_all,GO_BP,GOBP_ENDOPLASMIC_RETICULUM_CALCIUM_ION_HOMEOSTASIS,Endoplasmic reticulum calcium ion homeostasis,1,24,998,0.001,0.0016,0.618,0.8131750176633621,0.9999998599426523,TMTC4,False
C5_all,GO_BP,GOBP_REGULATION_OF_ERAD_PATHWAY,Regulation of erad pathway,1,24,998,0.001,0.0016,0.618,0.8131750176633621,0.9999998599426523,AQP11,False
C5_all,GO_BP,GOBP_LEUKOTRIENE_METABOLIC_PROCESS,Leukotriene metabolic process,1,24,998,0.001,0.0016,0.618,0.8131750176633621,0.9999998599426523,CYP4F3,False
C5_all,GO_BP,GOBP_CELL_JUNCTION_DISASSEMBLY,Cell junction disassembly,1,24,998,0.001,0.0016,0.618,0.8131750176633621,0.9999998599426523,PIK3R1,False
C5_all,GO_BP,GOBP_TYPE_B_PANCREATIC_CELL_PROLIFERATION,Type b pancreatic cell proliferation,1,24,998,0.001,0.0016,0.618,0.8131750176633621,0.9999998599426523,NUPR1,False
C5_all,GO_BP,GOBP_GLUTAMATE_SECRETION,Glutamate secretion,1,24,998,0.001,0.0016,0.618,0.8131750176633621,0.9999998599426523,AVPR1A,False
C5_all,GO_BP,GOBP_REGULATION_OF_CELLULAR_RESPONSE_TO_VASCULAR_ENDOTHELIAL_GROWTH_FACTOR_STIMULUS,Regulation of cellular response to vascular endothelial growth factor stimulus,1,24,998,0.001,0.0016,0.618,0.8131750176633621,0.9999998599426523,XDH,False
C5_all,GO_BP,GOBP_ANGIOGENESIS_INVOLVED_IN_WOUND_HEALING,Angiogenesis involved in wound healing,1,24,998,0.001,0.0016,0.618,0.8131750176633621,0.9999998599426523,NDNF,False
C5_all,GO_BP,GOBP_DETECTION_OF_STIMULUS_INVOLVED_IN_SENSORY_PERCEPTION_OF_PAIN,Detection of stimulus involved in sensory perception of pain,1,24,998,0.001,0.0016,0.618,0.8131750176633621,0.9999998599426523,HTR2A,False
C5_all,GO_BP,GOBP_REGULATION_OF_SYNAPTIC_VESICLE_RECYCLING,Regulation of synaptic vesicle recycling,1,24,998,0.001,0.0016,0.618,0.8131750176633621,0.9999998599426523,ABCA13,False
C5_all,GO_BP,GOBP_MEMBRANE_DEPOLARIZATION_DURING_ACTION_POTENTIAL,Membrane depolarization during action potential,1,24,998,0.001,0.0016,0.618,0.8131750176633621,0.9999998599426523,SLMAP,False
C5_all,GO_BP,GOBP_SYNAPTIC_TRANSMISSION_DOPAMINERGIC,Synaptic transmission dopaminergic,1,24,998,0.001,0.0016,0.618,0.8131750176633621,0.9999998599426523,DRD1,False
C5_all,GO_BP,GOBP_RESPONSE_TO_MUSCLE_STRETCH,Response to muscle stretch,1,24,998,0.001,0.0016,0.618,0.8131750176633621,0.9999998599426523,CDH2,False
C5_all,GO_BP,GOBP_CELLULAR_RESPONSE_TO_REACTIVE_OXYGEN_SPECIES,Cellular response to reactive oxygen species,7,135,998,0.007,0.0091,0.769,0.8135111605946344,0.9999998599426523,"SOD1, PEX5, BNIP3, EGFR, CAT, PTPRK, PEX14",False
C5_all,GO_BP,GOBP_SPINDLE_ASSEMBLY,Spindle assembly,6,118,998,0.006,0.008,0.754,0.8157285169381194,0.9999998599426523,"NCOR1, HAUS4, PIBF1, MAP10, TUBGCP4, TUBB1",False
C5_all,GO_BP,GOBP_EPITHELIAL_CELL_APOPTOTIC_PROCESS,Epithelial cell apoptotic process,6,118,998,0.006,0.008,0.754,0.8157285169381194,0.9999998599426523,"NDNF, PPARA, STK3, NUPR1, ESR1, ATF2",False
C5_all,GO_BP,GOBP_POSITIVE_REGULATION_OF_BIOMINERAL_TISSUE_DEVELOPMENT,Positive regulation of biomineral tissue development,2,45,998,0.002,0.003,0.659,0.8168002178494,0.9999998599426523,"ACVR2B, ADGRV1",False
C5_all,GO_BP,GOBP_NEGATIVE_REGULATION_OF_TORC1_SIGNALING,Negative regulation of torc1 signaling,2,45,998,0.002,0.003,0.659,0.8168002178494,0.9999998599426523,"SAR1B, MIOS",False
C5_all,GO_BP,GOBP_NEGATIVE_REGULATION_OF_FAT_CELL_DIFFERENTIATION,Negative regulation of fat cell differentiation,2,45,998,0.002,0.003,0.659,0.8168002178494,0.9999998599426523,"ENPP1, RORA",False
C5_all,GO_BP,GOBP_CARDIAC_MUSCLE_TISSUE_MORPHOGENESIS,Cardiac muscle tissue morphogenesis,2,45,998,0.002,0.003,0.659,0.8168002178494,0.9999998599426523,"PROX1, PKP2",False
C5_all,GO_BP,GOBP_MEGAKARYOCYTE_DIFFERENTIATION,Megakaryocyte differentiation,2,45,998,0.002,0.003,0.659,0.8168002178494,0.9999998599426523,"MAF, FAXDC2",False
C5_all,GO_BP,GOBP_T_HELPER_17_TYPE_IMMUNE_RESPONSE,T helper 17 type immune response,2,45,998,0.002,0.003,0.659,0.8168002178494,0.9999998599426523,"IL6R, RORA",False
C5_all,GO_BP,GOBP_SCF_DEPENDENT_PROTEASOMAL_UBIQUITIN_DEPENDENT_PROTEIN_CATABOLIC_PROCESS,Scf dependent proteasomal ubiquitin dependent protein catabolic process,2,45,998,0.002,0.003,0.659,0.8168002178494,0.9999998599426523,"SKP2, FBXO4",False
C5_all,GO_BP,GOBP_REGULATION_OF_FILOPODIUM_ASSEMBLY,Regulation of filopodium assembly,2,45,998,0.002,0.003,0.659,0.8168002178494,0.9999998599426523,"FMR1, PIK3R1",False
C5_all,GO_BP,GOBP_MODULATION_OF_EXCITATORY_POSTSYNAPTIC_POTENTIAL,Modulation of excitatory postsynaptic potential,2,45,998,0.002,0.003,0.659,0.8168002178494,0.9999998599426523,"CUX2, RELN",False
C5_all,GO_BP,GOBP_REGULATION_OF_PEPTIDYL_TYROSINE_PHOSPHORYLATION,Regulation of peptidyl tyrosine phosphorylation,9,170,998,0.009,0.0115,0.785,0.8178364234306077,0.9999998599426523,"RELN, IL6R, CNOT7, ERRFI1, EGFR, GHR, HTR2A, GFRA1, PIBF1",False
C5_all,GO_BP,GOBP_NUCLEOBASE_CONTAINING_COMPOUND_TRANSPORT,Nucleobase containing compound transport,11,204,998,0.011,0.0138,0.799,0.8190817992387084,0.9999998599426523,"DDX25, FXR1, NUP88, FMR1, NXF5, SLC35D1, SMG1, GJB1, ABCC6, SENP2, ADCY10",False
C5_all,GO_BP,GOBP_NEGATIVE_REGULATION_OF_MAPK_CASCADE,Negative regulation of mapk cascade,7,136,998,0.007,0.0092,0.763,0.8193540470838154,0.9999998599426523,"NCOR1, SH3RF2, RPS6KA6, CNKSR3, NDRG2, DUSP19, ITCH",False
C5_all,GO_BP,GOBP_RNA_3_END_PROCESSING,Rna 3 end processing,4,83,998,0.004,0.0056,0.714,0.8198035385258073,0.9999998599426523,"TUT7, TENT4B, HSD17B10, PAPOLA",False
C5_all,GO_BP,GOBP_POSITIVE_REGULATION_OF_INTERLEUKIN_6_PRODUCTION,Positive regulation of interleukin 6 production,4,83,998,0.004,0.0056,0.714,0.8198035385258073,0.9999998599426523,"IL1RAP, IL6R, ZBTB20, IL17RC",False
C5_all,GO_BP,GOBP_INNATE_IMMUNE_RESPONSE_ACTIVATING_CELL_SURFACE_RECEPTOR_SIGNALING_PATHWAY,Innate immune response activating cell surface receptor signaling pathway,4,83,998,0.004,0.0056,0.714,0.8198035385258073,0.9999998599426523,"NR1H3, PIK3R1, COLEC10, FCN2",False
C5_all,GO_BP,GOBP_NEGATIVE_REGULATION_OF_MRNA_METABOLIC_PROCESS,Negative regulation of mrna metabolic process,4,83,998,0.004,0.0056,0.714,0.8198035385258073,0.9999998599426523,"FXR1, TENT4B, LARP1B, A1CF",False
C5_all,GO_BP,GOBP_NEGATIVE_REGULATION_OF_TRANSMEMBRANE_TRANSPORT,Negative regulation of transmembrane transport,5,101,998,0.005,0.0068,0.734,0.8198517472697597,0.9999998599426523,"NEDD4, SLC30A1, FMR1, SLC26A5, ENPP1",False
C5_all,GO_BP,GOBP_PROTEIN_MODIFICATION_BY_SMALL_PROTEIN_REMOVAL,Protein modification by small protein removal,5,101,998,0.005,0.0068,0.734,0.8198517472697597,0.9999998599426523,"USP33, ZRANB1, USP30, SENP2, ITCH",False
C5_all,GO_BP,GOBP_PEPTIDYL_SERINE_MODIFICATION,Peptidyl serine modification,13,238,998,0.013,0.0161,0.81,0.8218358845504661,0.9999998599426523,"DCLK3, RPS6KB1, RPS6KA6, MAST1, TLK1, FNIP1, SMG1, FNIP2, CNKSR3, EGFR, SGK3, HIPK2, PFN2",False
C5_all,GO_BP,GOBP_REGULATION_OF_G_PROTEIN_COUPLED_RECEPTOR_SIGNALING_PATHWAY,Regulation of g protein coupled receptor signaling pathway,6,119,998,0.006,0.008,0.747,0.8218948547833191,0.9999998599426523,"ARRDC3, USP33, ABHD6, HOMER2, PDE3B, GPR158",False
C5_all,GO_BP,GOBP_TRANSFORMING_GROWTH_FACTOR_BETA_RECEPTOR_SIGNALING_PATHWAY,Transforming growth factor beta receptor signaling pathway,10,188,998,0.01,0.0127,0.788,0.8231521185117389,0.9999998599426523,"GCNT2, ARID4A, PPARA, MTMR4, AMHR2, PALS1, PBLD, HIPK2, PTPRK, CITED2",False
C5_all,GO_BP,GOBP_ARTERY_MORPHOGENESIS,Artery morphogenesis,3,65,998,0.003,0.0044,0.684,0.8235415239245383,0.9999998599426523,"SEC24B, PROX1, CITED2",False
C5_all,GO_BP,GOBP_ADULT_LOCOMOTORY_BEHAVIOR,Adult locomotory behavior,3,65,998,0.003,0.0044,0.684,0.8235415239245383,0.9999998599426523,"DRD1, HIPK2, DAB1",False
C5_all,GO_BP,GOBP_AEROBIC_RESPIRATION,Aerobic respiration,8,154,998,0.008,0.0104,0.77,0.8235536920345964,0.9999998599426523,"BNIP3, CAT, NUPR1, MTFR1, COX7A2L, IDH1, SUCLA2, TMEM135",False
C5_all,GO_BP,GOBP_POSITIVE_REGULATION_OF_KINASE_ACTIVITY,Positive regulation of kinase activity,14,255,998,0.014,0.0172,0.814,0.8235624314194026,0.9999998599426523,"PRKAG2, RAPGEF2, RELN, IL6R, ERBB3, TOM1L1, PROX1, NEK10, STRADB, EGFR, PRLR, GHR, DUSP19, PIBF1",False
C5_all,GO_BP,GOBP_POSITIVE_REGULATION_OF_CELLULAR_CATABOLIC_PROCESS,Positive regulation of cellular catabolic process,11,205,998,0.011,0.0139,0.795,0.8238108940416301,0.9999998599426523,"EPM2A, GPLD1, PPARA, ZBTB20, PLIN5, GPD1, APOA5, BNIP3, HTR2A, ADCY10, ITCH",False
C5_all,GO_BP,GOBP_REGULATION_OF_CELL_MORPHOGENESIS,Regulation of cell morphogenesis,12,222,998,0.012,0.015,0.801,0.8248554854823462,0.9999998599426523,"RELN, ZRANB1, SLC30A1, ARHGAP35, SLC26A5, SYT1, LARP4, DIAPH1, CUX2, CPNE6, SS18L1, FGD4",False
C5_all,GO_BP,GOBP_REGULATION_OF_NEURON_DIFFERENTIATION,Regulation of neuron differentiation,7,137,998,0.007,0.0093,0.757,0.8250533466167975,0.9999998599426523,"RELN, DAB1, CDON, PROX1, CYB5D2, DIXDC1, TRPC5",False
C5_all,GO_BP,GOBP_CANONICAL_WNT_SIGNALING_PATHWAY,Canonical wnt signaling pathway,15,272,998,0.015,0.0184,0.817,0.8254488900581407,0.9999998599426523,"MCC, TBL1X, INVS, LRP6, CDH2, CCNYL1, LGR4, RSPO3, PPM1B, EDA, EGFR, STK3, CDK14, DIXDC1, TMEM170B",False
C5_all,GO_BP,GOBP_NUCLEOTIDE_TRANSMEMBRANE_TRANSPORT,Nucleotide transmembrane transport,1,25,998,0.001,0.0017,0.593,0.8257986691441992,0.9999998599426523,ADCY10,False
C5_all,GO_BP,GOBP_CHONDROCYTE_DEVELOPMENT,Chondrocyte development,1,25,998,0.001,0.0017,0.593,0.8257986691441992,0.9999998599426523,TSKU,False
C5_all,GO_BP,GOBP_CARDIAC_CONDUCTION_SYSTEM_DEVELOPMENT,Cardiac conduction system development,1,25,998,0.001,0.0017,0.593,0.8257986691441992,0.9999998599426523,TBX3,False
C5_all,GO_BP,GOBP_NEUROTRANSMITTER_RECEPTOR_INTERNALIZATION,Neurotransmitter receptor internalization,1,25,998,0.001,0.0017,0.593,0.8257986691441992,0.9999998599426523,NUMB,False
C5_all,GO_BP,GOBP_POSITIVE_REGULATION_OF_FOCAL_ADHESION_ASSEMBLY,Positive regulation of focal adhesion assembly,1,25,998,0.001,0.0017,0.593,0.8257986691441992,0.9999998599426523,EPB41L5,False
C5_all,GO_BP,GOBP_REGULATION_OF_ARP2_3_COMPLEX_MEDIATED_ACTIN_NUCLEATION,Regulation of arp2 3 complex mediated actin nucleation,1,25,998,0.001,0.0017,0.593,0.8257986691441992,0.9999998599426523,CARMIL3,False
C5_all,GO_BP,GOBP_REGULATION_OF_ASTROCYTE_DIFFERENTIATION,Regulation of astrocyte differentiation,1,25,998,0.001,0.0017,0.593,0.8257986691441992,0.9999998599426523,DAB1,False
C5_all,GO_BP,GOBP_PROTEIN_NEDDYLATION,Protein neddylation,1,25,998,0.001,0.0017,0.593,0.8257986691441992,0.9999998599426523,DCUN1D4,False
C5_all,GO_BP,GOBP_CELL_COMMUNICATION_BY_ELECTRICAL_COUPLING,Cell communication by electrical coupling,1,25,998,0.001,0.0017,0.593,0.8257986691441992,0.9999998599426523,PKP2,False
C5_all,GO_BP,GOBP_SYNAPTIC_VESICLE_MEMBRANE_ORGANIZATION,Synaptic vesicle membrane organization,1,25,998,0.001,0.0017,0.593,0.8257986691441992,0.9999998599426523,SYT1,False
C5_all,GO_BP,GOBP_REGULATION_OF_KIDNEY_DEVELOPMENT,Regulation of kidney development,1,25,998,0.001,0.0017,0.593,0.8257986691441992,0.9999998599426523,LGR4,False
C5_all,GO_BP,GOBP_MITOTIC_RECOMBINATION,Mitotic recombination,1,25,998,0.001,0.0017,0.593,0.8257986691441992,0.9999998599426523,SMC6,False
C5_all,GO_BP,GOBP_POSITIVE_REGULATION_OF_LAMELLIPODIUM_ASSEMBLY,Positive regulation of lamellipodium assembly,1,25,998,0.001,0.0017,0.593,0.8257986691441992,0.9999998599426523,PIK3R1,False
C5_all,GO_BP,GOBP_CRANIAL_NERVE_MORPHOGENESIS,Cranial nerve morphogenesis,1,25,998,0.001,0.0017,0.593,0.8257986691441992,0.9999998599426523,CITED2,False
C5_all,GO_BP,GOBP_CORPUS_CALLOSUM_DEVELOPMENT,Corpus callosum development,1,25,998,0.001,0.0017,0.593,0.8257986691441992,0.9999998599426523,TSKU,False
C5_all,GO_BP,GOBP_REPLACEMENT_OSSIFICATION,Replacement ossification,1,25,998,0.001,0.0017,0.593,0.8257986691441992,0.9999998599426523,CBS,False
C5_all,GO_BP,GOBP_REGULATION_OF_CARDIAC_MUSCLE_CELL_MEMBRANE_REPOLARIZATION,Regulation of cardiac muscle cell membrane repolarization,1,25,998,0.001,0.0017,0.593,0.8257986691441992,0.9999998599426523,NOS1AP,False
C5_all,GO_BP,GOBP_SUBSTRATE_DEPENDENT_CELL_MIGRATION,Substrate dependent cell migration,1,25,998,0.001,0.0017,0.593,0.8257986691441992,0.9999998599426523,EPB41L5,False
C5_all,GO_BP,GOBP_HINDLIMB_MORPHOGENESIS,Hindlimb morphogenesis,1,25,998,0.001,0.0017,0.593,0.8257986691441992,0.9999998599426523,TBX3,False
C5_all,GO_BP,GOBP_NEGATIVE_REGULATION_OF_POTASSIUM_ION_TRANSPORT,Negative regulation of potassium ion transport,1,25,998,0.001,0.0017,0.593,0.8257986691441992,0.9999998599426523,HTR2A,False
C5_all,GO_BP,GOBP_NEGATIVE_REGULATION_OF_DOUBLE_STRAND_BREAK_REPAIR_VIA_HOMOLOGOUS_RECOMBINATION,Negative regulation of double strand break repair via homologous recombination,1,25,998,0.001,0.0017,0.593,0.8257986691441992,0.9999998599426523,RADX,False
C5_all,GO_BP,GOBP_ESTABLISHMENT_OF_SKIN_BARRIER,Establishment of skin barrier,1,25,998,0.001,0.0017,0.593,0.8257986691441992,0.9999998599426523,GRHL3,False
C5_all,GO_BP,GOBP_REGULATION_OF_MEIOTIC_NUCLEAR_DIVISION,Regulation of meiotic nuclear division,1,25,998,0.001,0.0017,0.593,0.8257986691441992,0.9999998599426523,PIWIL2,False
C5_all,GO_BP,GOBP_PROTEIN_MONOUBIQUITINATION,Protein monoubiquitination,2,46,998,0.002,0.0031,0.645,0.8262809903424474,0.9999998599426523,"ITCH, CUL3",False
C5_all,GO_BP,GOBP_RAC_PROTEIN_SIGNAL_TRANSDUCTION,Rac protein signal transduction,2,46,998,0.002,0.0031,0.645,0.8262809903424474,0.9999998599426523,"KBTBD7, KBTBD6",False
C5_all,GO_BP,GOBP_INTRACELLULAR_PH_REDUCTION,Intracellular ph reduction,2,46,998,0.002,0.0031,0.645,0.8262809903424474,0.9999998599426523,"AQP11, AVPR1A",False
C5_all,GO_BP,GOBP_POSITIVE_REGULATION_OF_NUCLEAR_DIVISION,Positive regulation of nuclear division,2,46,998,0.002,0.0031,0.645,0.8262809903424474,0.9999998599426523,"PIWIL2, CUL3",False
C5_all,GO_BP,GOBP_REGULATION_OF_BONE_REMODELING,Regulation of bone remodeling,2,46,998,0.002,0.0031,0.645,0.8262809903424474,0.9999998599426523,"EGFR, PDK4",False
C5_all,GO_BP,GOBP_NEGATIVE_REGULATION_OF_PROTEIN_CATABOLIC_PROCESS,Negative regulation of protein catabolic process,5,102,998,0.005,0.0069,0.727,0.8263716339196361,0.9999998599426523,"AQP11, EGFR, MTM1, TTC36, ALAD",False
C5_all,GO_BP,GOBP_CELLULAR_RESPONSE_TO_LIGHT_STIMULUS,Cellular response to light stimulus,5,102,998,0.005,0.0069,0.727,0.8263716339196361,0.9999998599426523,"NEDD4, MME, PIK3R1, CRY2, PTPRK",False
C5_all,GO_BP,GOBP_NEGATIVE_REGULATION_OF_TRANSFORMING_GROWTH_FACTOR_BETA_RECEPTOR_SIGNALING_PATHWAY,Negative regulation of transforming growth factor beta receptor signaling pathway,4,84,998,0.004,0.0057,0.706,0.8269330208611052,0.9999998599426523,"MTMR4, ARID4A, PPARA, PBLD",False
C5_all,GO_BP,GOBP_PROTEASOME_MEDIATED_UBIQUITIN_DEPENDENT_PROTEIN_CATABOLIC_PROCESS,Proteasome mediated ubiquitin dependent protein catabolic process,21,371,998,0.021,0.0251,0.839,0.8282349546545251,0.9999998599426523,"RMND5A, GCLC, SKP2, TTC36, KBTBD7, RHOBTB3, KBTBD6, FBXO4, WWP1, TBL1X, KLHDC2, SH3RF2, ZYG11B, HECTD1, CUL3, KLHDC10, ITCH, ANAPC16, MTM1, KLHL20, DCAF11",False
C5_all,GO_BP,GOBP_DEVELOPMENTAL_GROWTH_INVOLVED_IN_MORPHOGENESIS,Developmental growth involved in morphogenesis,11,206,998,0.011,0.0139,0.792,0.8284461584889974,0.9999998599426523,"ADCY10, RDH10, COBL, POSTN, RTN4, SYT1, RAPH1, ESR1, EPB41L5, TRPC5, CPNE6",False
C5_all,GO_BP,GOBP_NUCLEAR_EXPORT,Nuclear export,8,155,998,0.008,0.0105,0.765,0.8288503111577997,0.9999998599426523,"DDX25, NUP88, FMR1, NXF5, MDN1, STRADB, SMG1, NMD3",False
C5_all,GO_BP,GOBP_RESPONSE_TO_UV,Response to uv,7,138,998,0.007,0.0093,0.752,0.8306106880826053,0.9999998599426523,"NEDD4, MME, PIK3R1, ZRANB3, EGFR, CAT, PTPRK",False
C5_all,GO_BP,GOBP_PROTEASOMAL_PROTEIN_CATABOLIC_PROCESS,Proteasomal protein catabolic process,28,485,998,0.0281,0.0328,0.856,0.8313079312392688,0.9999998599426523,"ATE1, EDEM1, RMND5A, GCLC, SKP2, TTC36, KBTBD7, RHOBTB3, KBTBD6, FAM8A1, FBXO4, ALAD, WWP1, TBL1X, KLHDC2, SH3RF2, ZYG11B, FMR1, HECTD1, NUPR1, CUL3, KLHDC10, ITCH, ANAPC16, AQP11, MTM1, KLHL20, DCAF11",False
C5_all,GO_BP,GOBP_REGULATION_OF_CELL_SUBSTRATE_JUNCTION_ORGANIZATION,Regulation of cell substrate junction organization,3,66,998,0.003,0.0045,0.674,0.8313837175717842,0.9999998599426523,"PHLDB2, EPB41L5, PIK3R1",False
C5_all,GO_BP,GOBP_EMBRYONIC_HEART_TUBE_DEVELOPMENT,Embryonic heart tube development,3,66,998,0.003,0.0045,0.674,0.8313837175717842,0.9999998599426523,"TBX3, CITED2, SETDB2",False
C5_all,GO_BP,GOBP_POSITIVE_REGULATION_OF_PHAGOCYTOSIS,Positive regulation of phagocytosis,3,66,998,0.003,0.0045,0.674,0.8313837175717842,0.9999998599426523,"SOD1, COLEC10, FCN2",False
C5_all,GO_BP,GOBP_MYOTUBE_DIFFERENTIATION,Myotube differentiation,5,103,998,0.005,0.007,0.72,0.8326989872592984,0.9999998599426523,"CDON, CACNA1H, AVPR1A, MYORG, KCNH1",False
C5_all,GO_BP,GOBP_STRESS_FIBER_ASSEMBLY,Stress fiber assembly,5,103,998,0.005,0.007,0.72,0.8326989872592984,0.9999998599426523,"PHLDB2, PIK3R1, PPM1E, CUL3, PFN2",False
C5_all,GO_BP,GOBP_MICROTUBULE_BASED_MOVEMENT,Microtubule based movement,20,356,998,0.02,0.0241,0.833,0.8327223894820948,0.9999998599426523,"SOD1, DYNLT3, NEK10, IFT46, ADCY10, PEX14, CCNYL1, CCDC38, ZMYND12, ROPN1, LDHC, DLG2, KLC4, ROPN1B, TPPP2, SORD, RGN, HAP1, DYNLT5, RHOT1",False
C5_all,GO_BP,GOBP_REGULATION_OF_MACROAUTOPHAGY,Regulation of macroautophagy,9,173,998,0.009,0.0117,0.771,0.833008751912782,0.9999998599426523,"EPM2A, NEDD4, USP30, BNIP3, NUPR1, MTM1, PIK3R4, SNX5, ADCY10",False
C5_all,GO_BP,GOBP_PROTEIN_LOCALIZATION_TO_EXTRACELLULAR_REGION,Protein localization to extracellular region,17,307,998,0.017,0.0208,0.821,0.8333181522739134,0.9999998599426523,"MTTP, GPLD1, ABCA1, HADH, EXPH5, NR1H3, ARL4D, RAPGEF4, EGFR, ACVR1C, TANGO6, ACVR2B, PCK2, VSNL1, SLC2A2, GLUD1, ABAT",False
C5_all,GO_BP,GOBP_REGULATION_OF_MUSCLE_CELL_DIFFERENTIATION,Regulation of muscle cell differentiation,6,121,998,0.006,0.0082,0.735,0.8337357827869109,0.9999998599426523,"PPARA, TOMM70, OR10J5, PROX1, MEGF10, AKAP6",False
C5_all,GO_BP,GOBP_POSITIVE_REGULATION_OF_PEPTIDYL_TYROSINE_PHOSPHORYLATION,Positive regulation of peptidyl tyrosine phosphorylation,6,121,998,0.006,0.0082,0.735,0.8337357827869109,0.9999998599426523,"RELN, IL6R, HTR2A, GHR, GFRA1, PIBF1",False
C5_all,GO_BP,GOBP_POSITIVE_REGULATION_OF_APOPTOTIC_SIGNALING_PATHWAY,Positive regulation of apoptotic signaling pathway,6,121,998,0.006,0.0082,0.735,0.8337357827869109,0.9999998599426523,"SOD1, CRADD, STK3, NUPR1, ADCY10, TNFSF10",False
C5_all,GO_BP,GOBP_SYNAPTIC_VESICLE_EXOCYTOSIS,Synaptic vesicle exocytosis,4,85,998,0.004,0.0057,0.698,0.8338269540179563,0.9999998599426523,"SYT10, FMR1, PFN2, SYT1",False
C5_all,GO_BP,GOBP_POSITIVE_REGULATION_OF_DOUBLE_STRAND_BREAK_REPAIR,Positive regulation of double strand break repair,4,85,998,0.004,0.0057,0.698,0.8338269540179563,0.9999998599426523,"SKP2, MGMT, MBTD1, SMARCA2",False
C5_all,GO_BP,GOBP_MITOCHONDRION_ORGANIZATION,Mitochondrion organization,26,454,998,0.0261,0.0307,0.849,0.8349525292667132,0.9999998599426523,"TOMM70, GCLC, ATPAF1, PLD6, MTFR1, COX7A2L, ADCY10, LYRM7, HSD17B10, USP30, HMGCL, TMEM14A, ATF2, TNFSF10, SIRT5, ACAA2, PEX5, BNIP3, ATG2B, TMEM135, MICU1, HIGD1C, MAN2A1, HAP1, MTM1, RHOT1",False
C5_all,GO_BP,GOBP_POSITIVE_REGULATION_OF_RECEPTOR_MEDIATED_ENDOCYTOSIS,Positive regulation of receptor mediated endocytosis,2,47,998,0.002,0.0032,0.631,0.8353179382267885,0.9999998599426523,"FMR1, APOA5",False
C5_all,GO_BP,GOBP_RELEASE_OF_CYTOCHROME_C_FROM_MITOCHONDRIA,Release of cytochrome c from mitochondria,2,47,998,0.002,0.0032,0.631,0.8353179382267885,0.9999998599426523,"BNIP3, TNFSF10",False
C5_all,GO_BP,GOBP_REGULATION_OF_PLATELET_ACTIVATION,Regulation of platelet activation,2,47,998,0.002,0.0032,0.631,0.8353179382267885,0.9999998599426523,"HTR2A, TEC",False
C5_all,GO_BP,GOBP_NEGATIVE_REGULATION_OF_LEUKOCYTE_APOPTOTIC_PROCESS,Negative regulation of leukocyte apoptotic process,2,47,998,0.002,0.0032,0.631,0.8353179382267885,0.9999998599426523,"GPAM, RAG1",False
C5_all,GO_BP,GOBP_MULTICELLULAR_ORGANISMAL_MOVEMENT,Multicellular organismal movement,2,47,998,0.002,0.0032,0.631,0.8353179382267885,0.9999998599426523,"RPS6KB1, HIPK2",False
C5_all,GO_BP,GOBP_NEGATIVE_REGULATION_OF_AXONOGENESIS,Negative regulation of axonogenesis,2,47,998,0.002,0.0032,0.631,0.8353179382267885,0.9999998599426523,"RTN4, DAB1",False
C5_all,GO_BP,GOBP_CELL_DIFFERENTIATION_INVOLVED_IN_KIDNEY_DEVELOPMENT,Cell differentiation involved in kidney development,2,47,998,0.002,0.0032,0.631,0.8353179382267885,0.9999998599426523,"KLF15, MTSS1",False
C5_all,GO_BP,GOBP_NEGATIVE_REGULATION_OF_CALCIUM_ION_TRANSPORT,Negative regulation of calcium ion transport,2,47,998,0.002,0.0032,0.631,0.8353179382267885,0.9999998599426523,"FMR1, SLC30A1",False
C5_all,GO_BP,GOBP_ORGANELLE_FUSION,Organelle fusion,7,139,998,0.007,0.0094,0.747,0.8360277826513707,0.9999998599426523,"GOSR1, USO1, USP30, SYT1, BNIP3, PLD6, STX17",False
C5_all,GO_BP,GOBP_APPENDAGE_DEVELOPMENT,Appendage development,7,139,998,0.007,0.0094,0.747,0.8360277826513707,0.9999998599426523,"SMOC1, RDH10, ARK2C, TBX3, ERRFI1, NFIA, ALDH1A2",False
C5_all,GO_BP,GOBP_MUSCLE_CELL_DIFFERENTIATION,Muscle cell differentiation,19,341,998,0.019,0.023,0.826,0.8374571891721996,0.9999998599426523,"CDH2, ACADM, TOMM70, OR10J5, TBX3, MEGF10, AVPR1A, MYOM2, PROX1, FBXO40, MYORG, AKAP6, ADRA1A, PPARA, CDON, SYPL2, RORA, CACNA1H, KCNH1",False
C5_all,GO_BP,GOBP_ENTEROENDOCRINE_CELL_DIFFERENTIATION,Enteroendocrine cell differentiation,1,26,998,0.001,0.0018,0.57,0.8375701450866522,0.9999998599426523,CDH2,False
C5_all,GO_BP,GOBP_RENAL_FILTRATION,Renal filtration,1,26,998,0.001,0.0018,0.57,0.8375701450866522,0.9999998599426523,TBC1D8B,False
C5_all,GO_BP,GOBP_REGULATION_OF_NUCLEOTIDE_EXCISION_REPAIR,Regulation of nucleotide excision repair,1,26,998,0.001,0.0018,0.57,0.8375701450866522,0.9999998599426523,SMARCA2,False
C5_all,GO_BP,GOBP_NEGATIVE_REGULATION_OF_RECEPTOR_MEDIATED_ENDOCYTOSIS,Negative regulation of receptor mediated endocytosis,1,26,998,0.001,0.0018,0.57,0.8375701450866522,0.9999998599426523,NEU3,False
C5_all,GO_BP,GOBP_POSITIVE_REGULATION_OF_INTERLEUKIN_4_PRODUCTION,Positive regulation of interleukin 4 production,1,26,998,0.001,0.0018,0.57,0.8375701450866522,0.9999998599426523,IL1RAP,False
C5_all,GO_BP,GOBP_RESPONSE_TO_X_RAY,Response to x ray,1,26,998,0.001,0.0018,0.57,0.8375701450866522,0.9999998599426523,NUCKS1,False
C5_all,GO_BP,GOBP_POSITIVE_REGULATION_OF_JUN_KINASE_ACTIVITY,Positive regulation of jun kinase activity,1,26,998,0.001,0.0018,0.57,0.8375701450866522,0.9999998599426523,DUSP19,False
C5_all,GO_BP,GOBP_REGULATION_OF_ANDROGEN_RECEPTOR_SIGNALING_PATHWAY,Regulation of androgen receptor signaling pathway,1,26,998,0.001,0.0018,0.57,0.8375701450866522,0.9999998599426523,NCOR1,False
C5_all,GO_BP,GOBP_EMBRYONIC_DIGESTIVE_TRACT_DEVELOPMENT,Embryonic digestive tract development,1,26,998,0.001,0.0018,0.57,0.8375701450866522,0.9999998599426523,ALDH1A2,False
C5_all,GO_BP,GOBP_NUCLEOTIDE_BINDING_DOMAIN_LEUCINE_RICH_REPEAT_CONTAINING_RECEPTOR_SIGNALING_PATHWAY,Nucleotide binding domain leucine rich repeat containing receptor signaling pathway,1,26,998,0.001,0.0018,0.57,0.8375701450866522,0.9999998599426523,ITCH,False
C5_all,GO_BP,GOBP_POTASSIUM_ION_HOMEOSTASIS,Potassium ion homeostasis,1,26,998,0.001,0.0018,0.57,0.8375701450866522,0.9999998599426523,KCNMA1,False
C5_all,GO_BP,GOBP_EPITHELIAL_STRUCTURE_MAINTENANCE,Epithelial structure maintenance,1,26,998,0.001,0.0018,0.57,0.8375701450866522,0.9999998599426523,PBLD,False
C5_all,GO_BP,GOBP_NEGATIVE_REGULATION_OF_PROTEIN_MATURATION,Negative regulation of protein maturation,1,26,998,0.001,0.0018,0.57,0.8375701450866522,0.9999998599426523,CPB2,False
C5_all,GO_BP,GOBP_ANIMAL_ORGAN_MATURATION,Animal organ maturation,1,26,998,0.001,0.0018,0.57,0.8375701450866522,0.9999998599426523,ALDH1A2,False
C5_all,GO_BP,GOBP_REGULATION_OF_PLATELET_AGGREGATION,Regulation of platelet aggregation,1,26,998,0.001,0.0018,0.57,0.8375701450866522,0.9999998599426523,HTR2A,False
C5_all,GO_BP,GOBP_HEART_TRABECULA_MORPHOGENESIS,Heart trabecula morphogenesis,1,26,998,0.001,0.0018,0.57,0.8375701450866522,0.9999998599426523,ADGRG6,False
C5_all,GO_BP,GOBP_NEGATIVE_REGULATION_OF_DNA_BINDING,Negative regulation of dna binding,1,26,998,0.001,0.0018,0.57,0.8375701450866522,0.9999998599426523,ILRUN,False
C5_all,GO_BP,GOBP_CELLULAR_RESPONSE_TO_OXIDATIVE_STRESS,Cellular response to oxidative stress,12,225,998,0.012,0.0152,0.791,0.8379459580344277,0.9999998599426523,"SOD1, ARNT, SLC1A1, PEX5, DHRS2, BNIP3, EGFR, CAT, ATF2, ZFAND1, PTPRK, PEX14",False
C5_all,GO_BP,GOBP_CARDIAC_CHAMBER_MORPHOGENESIS,Cardiac chamber morphogenesis,5,104,998,0.005,0.007,0.713,0.8388370301776313,0.9999998599426523,"PROX1, TBX3, ADGRG6, PKP2, CITED2",False
C5_all,GO_BP,GOBP_ACTIVATION_OF_CYSTEINE_TYPE_ENDOPEPTIDASE_ACTIVITY_INVOLVED_IN_APOPTOTIC_PROCESS,Activation of cysteine type endopeptidase activity involved in apoptotic process,3,67,998,0.003,0.0045,0.664,0.8389246173392374,0.9999998599426523,"CRADD, BCL2L13, XDH",False
C5_all,GO_BP,GOBP_SMOOTH_MUSCLE_CELL_MIGRATION,Smooth muscle cell migration,3,67,998,0.003,0.0045,0.664,0.8389246173392374,0.9999998599426523,"SORL1, RPS6KB1, POSTN",False
C5_all,GO_BP,GOBP_REGULATION_OF_BONE_MINERALIZATION,Regulation of bone mineralization,3,67,998,0.003,0.0045,0.664,0.8389246173392374,0.9999998599426523,"ENPP1, ACVR2B, ADGRV1",False
C5_all,GO_BP,GOBP_HEMATOPOIETIC_PROGENITOR_CELL_DIFFERENTIATION,Hematopoietic progenitor cell differentiation,6,122,998,0.006,0.0082,0.729,0.8394149339171552,0.9999998599426523,"DHTKD1, ITCH, FNIP1, ATF2, CITED2, ACP6",False
C5_all,GO_BP,GOBP_CELLULAR_RESPONSE_TO_TYPE_II_INTERFERON,Cellular response to type ii interferon,4,86,998,0.004,0.0058,0.689,0.840490184034694,0.9999998599426523,"ARG1, GBP7, NR1H3, RPS6KB1",False
C5_all,GO_BP,GOBP_MUSCLE_TISSUE_DEVELOPMENT,Muscle tissue development,19,342,998,0.019,0.0231,0.824,0.8409223314747621,0.9999998599426523,"ACADM, TOMM70, TBX3, MEGF10, FOXN2, MYOM2, PROX1, MYORG, AKAP6, ADRA1A, PPARA, ERBB3, CDON, NUPR1, RPS6KB1, PKP2, MTM1, CITED2, ALDH1A2",False
C5_all,GO_BP,GOBP_MACROAUTOPHAGY,Macroautophagy,19,342,998,0.019,0.0231,0.824,0.8409223314747621,0.9999998599426523,"NEDD4, MFSD8, ZFYVE1, ADCY10, EPM2A, USP30, TBC1D14, EI24, ACBD5, RAB33B, PEX5, ILRUN, BNIP3, NUPR1, STX17, ATG2B, SNX5, MTM1, PIK3R4",False
C5_all,GO_BP,GOBP_MICROTUBULE_ORGANIZING_CENTER_ORGANIZATION,Microtubule organizing center organization,7,140,998,0.007,0.0095,0.741,0.8413064173374089,0.9999998599426523,"USP33, HAUS4, PDE4DIP, RTTN, CCP110, CNTLN, TUBE1",False
C5_all,GO_BP,GOBP_STRIATED_MUSCLE_TISSUE_DEVELOPMENT,Striated muscle tissue development,11,209,998,0.011,0.0141,0.78,0.8417962687985229,0.9999998599426523,"ADRA1A, ACADM, PPARA, TOMM70, ERBB3, PROX1, TBX3, PKP2, CITED2, ALDH1A2, AKAP6",False
C5_all,GO_BP,GOBP_EMBRYONIC_MORPHOGENESIS,Embryonic morphogenesis,28,489,998,0.0281,0.0331,0.849,0.8431425790784184,0.9999998599426523,"SOD1, PHLDB2, TBX3, RSPO3, SETDB2, AR, STK3, SEC24B, PROX1, GRHL3, ZNF281, HIPK2, ACVR2B, CECR2, RDH10, CDON, CUL3, ARHGAP35, MTHFD1, CDH23, HS2ST1, COBL, NDST1, PHACTR4, PALS1, EPB41L5, CITED2, ALDH1A2",False
C5_all,GO_BP,GOBP_ATTACHMENT_OF_SPINDLE_MICROTUBULES_TO_KINETOCHORE,Attachment of spindle microtubules to kinetochore,2,48,998,0.002,0.0032,0.618,0.8439277251942274,0.9999998599426523,"RMDN1, TEX14",False
C5_all,GO_BP,GOBP_RESPONSE_TO_NERVE_GROWTH_FACTOR,Response to nerve growth factor,2,48,998,0.002,0.0032,0.618,0.8439277251942274,0.9999998599426523,"RAPGEF2, KCNC2",False
C5_all,GO_BP,GOBP_DETECTION_OF_ABIOTIC_STIMULUS,Detection of abiotic stimulus,5,105,998,0.005,0.0071,0.706,0.844789084963642,0.9999998599426523,"CDH2, PKDREJ, HTR2A, TRPC3, ADGRV1",False
C5_all,GO_BP,GOBP_GLYCOSYLATION,Glycosylation,11,210,998,0.011,0.0142,0.776,0.8460637195538923,0.9999998599426523,"GCNT2, C1GALT1, TMTC4, ST3GAL6, AQP11, MAN2A1, CRPPA, ENTPD5, POFUT1, COG8, SLC39A8",False
C5_all,GO_BP,GOBP_DNA_DAMAGE_RESPONSE_SIGNAL_TRANSDUCTION_BY_P53_CLASS_MEDIATOR,Dna damage response signal transduction by p53 class mediator,3,68,998,0.003,0.0046,0.654,0.8461723826532308,0.9999998599426523,"CRADD, RPS6KA6, HIPK2",False
C5_all,GO_BP,GOBP_CENTROSOME_DUPLICATION,Centrosome duplication,3,68,998,0.003,0.0046,0.654,0.8461723826532308,0.9999998599426523,"RTTN, USP33, CCP110",False
C5_all,GO_BP,GOBP_NEUROINFLAMMATORY_RESPONSE,Neuroinflammatory response,3,68,998,0.003,0.0046,0.654,0.8461723826532308,0.9999998599426523,"EGFR, NUPR1, ADCY1",False
C5_all,GO_BP,GOBP_MAINTENANCE_OF_LOCATION_IN_CELL,Maintenance of location in cell,10,193,998,0.01,0.013,0.768,0.846330437802504,0.9999998599426523,"DRD1, SORL1, ITPR2, PKP2, HTR2A, HAP1, DIAPH1, TMEM38B, AKAP6, ATP7B",False
C5_all,GO_BP,GOBP_PROTEIN_MATURATION,Protein maturation,27,474,998,0.0271,0.032,0.844,0.8464383082339842,0.9999998599426523,"IMMP1L, CPB2, TMPRSS4, SORL1, ST13, MME, F11, LMAN1, LIPT2, LYRM7, F13B, ENPEP, REN, SCG5, PCSK2, HJV, LONP2, CCT6B, F9, ATP7B, TFR2, MESD, CLPX, ENTPD5, DNAJC19, BCHE, KLKB1",False
C5_all,GO_BP,GOBP_POSITIVE_REGULATION_OF_ENDOCYTOSIS,Positive regulation of endocytosis,7,141,998,0.007,0.0095,0.736,0.8464484487526751,0.9999998599426523,"ABCA13, SOD1, TFR2, FMR1, COLEC10, FCN2, APOA5",False
C5_all,GO_BP,GOBP_REGULATION_OF_PH,Regulation of ph,4,87,998,0.004,0.0059,0.682,0.8469276610037564,0.9999998599426523,"AQP11, AVPR1A, SLC4A10, PDK4",False
C5_all,GO_BP,GOBP_NEGATIVE_REGULATION_OF_CELL_ADHESION,Negative regulation of cell adhesion,14,261,998,0.014,0.0176,0.795,0.8476054309762786,0.9999998599426523,"GCNT2, PPARA, DAB1, ERBB3, PHLDB2, PDE3B, PIK3R1, POSTN, EPB41L5, CLEC4G, NDFIP1, ARG1, ITCH, PLG",False
C5_all,GO_BP,GOBP_PURINERGIC_NUCLEOTIDE_RECEPTOR_SIGNALING_PATHWAY,Purinergic nucleotide receptor signaling pathway,1,27,998,0.001,0.0018,0.549,0.848546918868039,0.9999998599426523,P2RX3,False
C5_all,GO_BP,GOBP_ENDOCARDIAL_CUSHION_FORMATION,Endocardial cushion formation,1,27,998,0.001,0.0018,0.549,0.848546918868039,0.9999998599426523,TBX3,False
C5_all,GO_BP,GOBP_NEGATIVE_REGULATION_OF_AXON_EXTENSION,Negative regulation of axon extension,1,27,998,0.001,0.0018,0.549,0.848546918868039,0.9999998599426523,RTN4,False
C5_all,GO_BP,GOBP_REGULATION_OF_MEMBRANE_PROTEIN_ECTODOMAIN_PROTEOLYSIS,Regulation of membrane protein ectodomain proteolysis,1,27,998,0.001,0.0018,0.549,0.848546918868039,0.9999998599426523,GPLD1,False
C5_all,GO_BP,GOBP_REGULATION_OF_PROTEIN_DEACETYLATION,Regulation of protein deacetylation,1,27,998,0.001,0.0018,0.549,0.848546918868039,0.9999998599426523,ZZZ3,False
C5_all,GO_BP,GOBP_SPERM_AXONEME_ASSEMBLY,Sperm axoneme assembly,1,27,998,0.001,0.0018,0.549,0.848546918868039,0.9999998599426523,ZMYND12,False
C5_all,GO_BP,GOBP_PIGMENT_CELL_DIFFERENTIATION,Pigment cell differentiation,1,27,998,0.001,0.0018,0.549,0.848546918868039,0.9999998599426523,ENPP1,False
C5_all,GO_BP,GOBP_VIRAL_RNA_GENOME_REPLICATION,Viral rna genome replication,1,27,998,0.001,0.0018,0.549,0.848546918868039,0.9999998599426523,FMR1,False
C5_all,GO_BP,GOBP_NEGATIVE_REGULATION_OF_OSSIFICATION,Negative regulation of ossification,1,27,998,0.001,0.0018,0.549,0.848546918868039,0.9999998599426523,ENPP1,False
C5_all,GO_BP,GOBP_MYELOID_DENDRITIC_CELL_ACTIVATION,Myeloid dendritic cell activation,1,27,998,0.001,0.0018,0.549,0.848546918868039,0.9999998599426523,DHRS2,False
C5_all,GO_BP,GOBP_COLLATERAL_SPROUTING,Collateral sprouting,1,27,998,0.001,0.0018,0.549,0.848546918868039,0.9999998599426523,COBL,False
C5_all,GO_BP,GOBP_POSITIVE_REGULATION_OF_NERVOUS_SYSTEM_PROCESS,Positive regulation of nervous system process,1,27,998,0.001,0.0018,0.549,0.848546918868039,0.9999998599426523,ABAT,False
C5_all,GO_BP,GOBP_CGMP_MEDIATED_SIGNALING,Cgmp mediated signaling,1,27,998,0.001,0.0018,0.549,0.848546918868039,0.9999998599426523,KCNC2,False
C5_all,GO_BP,GOBP_POSITIVE_REGULATION_OF_CHROMOSOME_SEGREGATION,Positive regulation of chromosome segregation,1,27,998,0.001,0.0018,0.549,0.848546918868039,0.9999998599426523,SMC6,False
C5_all,GO_BP,GOBP_REGULATION_OF_NEUROTRANSMITTER_RECEPTOR_ACTIVITY,Regulation of neurotransmitter receptor activity,1,27,998,0.001,0.0018,0.549,0.848546918868039,0.9999998599426523,RELN,False
C5_all,GO_BP,GOBP_POSITIVE_REGULATION_OF_ERYTHROCYTE_DIFFERENTIATION,Positive regulation of erythrocyte differentiation,1,27,998,0.001,0.0018,0.549,0.848546918868039,0.9999998599426523,ARNT,False
C5_all,GO_BP,GOBP_RELAXATION_OF_MUSCLE,Relaxation of muscle,1,27,998,0.001,0.0018,0.549,0.848546918868039,0.9999998599426523,SOD1,False
C5_all,GO_BP,GOBP_RENAL_SYSTEM_VASCULATURE_DEVELOPMENT,Renal system vasculature development,1,27,998,0.001,0.0018,0.549,0.848546918868039,0.9999998599426523,IL6R,False
C5_all,GO_BP,GOBP_RESPONSE_TO_AUDITORY_STIMULUS,Response to auditory stimulus,1,27,998,0.001,0.0018,0.549,0.848546918868039,0.9999998599426523,SLC26A5,False
C5_all,GO_BP,GOBP_NEGATIVE_REGULATION_OF_DNA_METABOLIC_PROCESS,Negative regulation of dna metabolic process,6,124,998,0.006,0.0084,0.717,0.850302659484772,0.9999998599426523,"TENT4B, RGN, RADX, ZRANB3, NDFIP1, PDS5A",False
C5_all,GO_BP,GOBP_PROTEIN_STABILIZATION,Protein stabilization,10,194,998,0.01,0.0131,0.764,0.8506684958407109,0.9999998599426523,"USP33, TBL1X, A1CF, DSG1, PIK3R1, RTN4, STK3, PER3, IFT46, PFN2",False
C5_all,GO_BP,GOBP_RESPONSE_TO_TRANSFORMING_GROWTH_FACTOR_BETA,Response to transforming growth factor beta,13,245,998,0.013,0.0166,0.787,0.8506731844055986,0.9999998599426523,"GCNT2, ARID4A, PPARA, MTMR4, AMHR2, SOX5, POSTN, PALS1, EPB41L5, PBLD, HIPK2, PTPRK, CITED2",False
C5_all,GO_BP,GOBP_MESENCHYME_DEVELOPMENT,Mesenchyme development,14,262,998,0.014,0.0177,0.792,0.8513572645068717,0.9999998599426523,"GCNT2, LRP6, CDH2, RDH10, TAPT1, DPPA4, PHLDB2, TBX3, ERBB3, RTN4, PHACTR4, EPB41L5, CITED2, ALDH1A2",False
C5_all,GO_BP,GOBP_DEFENSE_RESPONSE_TO_VIRUS,Defense response to virus,14,262,998,0.014,0.0177,0.792,0.8513572645068717,0.9999998599426523,"GBP7, TOMM70, ITCH, CNOT7, ABCC9, POLR3G, PPM1B, BNIP3, UAP1, ILRUN, SKP2, DDX60L, GPAM, IL27",False
C5_all,GO_BP,GOBP_BIOMINERAL_TISSUE_DEVELOPMENT,Biomineral tissue development,7,142,998,0.007,0.0096,0.731,0.851455797054778,0.9999998599426523,"PPARA, ENPP1, LGR4, ACVR2B, ADGRV1, WDR72, TMEM38B",False
C5_all,GO_BP,GOBP_POSITIVE_REGULATION_OF_FIBROBLAST_PROLIFERATION,Positive regulation of fibroblast proliferation,2,49,998,0.002,0.0033,0.605,0.8521267887679189,0.9999998599426523,"EGFR, ESR1",False
C5_all,GO_BP,GOBP_EXTRACELLULAR_MATRIX_DISASSEMBLY,Extracellular matrix disassembly,2,49,998,0.002,0.0033,0.605,0.8521267887679189,0.9999998599426523,"WDR72, PLG",False
C5_all,GO_BP,GOBP_SYNAPTIC_VESICLE_LOCALIZATION,Synaptic vesicle localization,2,49,998,0.002,0.0033,0.605,0.8521267887679189,0.9999998599426523,"CDH2, SYN3",False
C5_all,GO_BP,GOBP_CELL_CELL_RECOGNITION,Cell cell recognition,2,49,998,0.002,0.0033,0.605,0.8521267887679189,0.9999998599426523,"CLEC4M, OVGP1",False
C5_all,GO_BP,GOBP_POSITIVE_REGULATION_OF_STRESS_FIBER_ASSEMBLY,Positive regulation of stress fiber assembly,2,49,998,0.002,0.0033,0.605,0.8521267887679189,0.9999998599426523,"PPM1E, PFN2",False
C5_all,GO_BP,GOBP_REGULATION_OF_MACROPHAGE_ACTIVATION,Regulation of macrophage activation,2,49,998,0.002,0.0033,0.605,0.8521267887679189,0.9999998599426523,"NR1H3, RORA",False
C5_all,GO_BP,GOBP_MESENCHYMAL_CELL_MIGRATION,Mesenchymal cell migration,2,49,998,0.002,0.0033,0.605,0.8521267887679189,0.9999998599426523,"CDH2, PHACTR4",False
C5_all,GO_BP,GOBP_AMYLOID_PRECURSOR_PROTEIN_METABOLIC_PROCESS,Amyloid precursor protein metabolic process,3,69,998,0.003,0.0047,0.645,0.8531352235322762,0.9999998599426523,"SORL1, HAP1, RTN4",False
C5_all,GO_BP,GOBP_POSITIVE_REGULATION_OF_JNK_CASCADE,Positive regulation of jnk cascade,4,88,998,0.004,0.0059,0.674,0.8531444200995851,0.9999998599426523,"STK3, SH3RF2, DUSP19, HIPK2",False
C5_all,GO_BP,GOBP_BONE_MINERALIZATION,Bone mineralization,5,107,998,0.005,0.0072,0.693,0.85614894210822,0.9999998599426523,"LGR4, ACVR2B, ENPP1, ADGRV1, TMEM38B",False
C5_all,GO_BP,GOBP_HOMOPHILIC_CELL_ADHESION_VIA_PLASMA_MEMBRANE_ADHESION_MOLECULES,Homophilic cell adhesion via plasma membrane adhesion molecules,5,107,998,0.005,0.0072,0.693,0.85614894210822,0.9999998599426523,"CDH2, DSG1, CDH23, PCDH1, CADM2",False
C5_all,GO_BP,GOBP_RESPONSE_TO_TYPE_II_INTERFERON,Response to type ii interferon,5,107,998,0.005,0.0072,0.693,0.85614894210822,0.9999998599426523,"GBP7, RPS6KB1, NR1H3, KYNU, ARG1",False
C5_all,GO_BP,GOBP_HOMEOSTASIS_OF_NUMBER_OF_CELLS,Homeostasis of number of cells,16,297,998,0.016,0.0201,0.799,0.8568113133884288,0.9999998599426523,"LRRC19, SFXN1, ARNT, CDH2, ARID4A, SOD1, LPCAT3, LGR4, MTHFD1, L3MBTL3, NAPEPLD, GPRASP2, HIPK2, CITED2, GPAM, RAG1",False
C5_all,GO_BP,GOBP_REGULATION_OF_TRANSMEMBRANE_RECEPTOR_PROTEIN_SERINE_THREONINE_KINASE_SIGNALING_PATHWAY,Regulation of transmembrane receptor protein serine threonine kinase signaling pathway,12,230,998,0.012,0.0155,0.773,0.8580834456789382,0.9999998599426523,"ARID4A, PPARA, MTMR4, ARK2C, SORL1, BMPER, HJV, PALS1, PBLD, HIPK2, ACVR2B, CITED2",False
C5_all,GO_BP,GOBP_PEPTIDYL_TYROSINE_DEPHOSPHORYLATION,Peptidyl tyrosine dephosphorylation,1,28,998,0.001,0.0019,0.529,0.8587825913113042,0.9999998599426523,PTPRF,False
C5_all,GO_BP,GOBP_METANEPHRIC_NEPHRON_DEVELOPMENT,Metanephric nephron development,1,28,998,0.001,0.0019,0.529,0.8587825913113042,0.9999998599426523,LGR4,False
C5_all,GO_BP,GOBP_DETECTION_OF_BIOTIC_STIMULUS,Detection of biotic stimulus,1,28,998,0.001,0.0019,0.529,0.8587825913113042,0.9999998599426523,ATF2,False
C5_all,GO_BP,GOBP_POSITIVE_REGULATION_OF_P38MAPK_CASCADE,Positive regulation of p38mapk cascade,1,28,998,0.001,0.0019,0.529,0.8587825913113042,0.9999998599426523,XDH,False
C5_all,GO_BP,GOBP_CHAPERONE_COFACTOR_DEPENDENT_PROTEIN_REFOLDING,Chaperone cofactor dependent protein refolding,1,28,998,0.001,0.0019,0.529,0.8587825913113042,0.9999998599426523,ST13,False
C5_all,GO_BP,GOBP_NEGATIVE_REGULATION_OF_OSTEOCLAST_DIFFERENTIATION,Negative regulation of osteoclast differentiation,1,28,998,0.001,0.0019,0.529,0.8587825913113042,0.9999998599426523,PIK3R1,False
C5_all,GO_BP,GOBP_CAMERA_TYPE_EYE_PHOTORECEPTOR_CELL_DIFFERENTIATION,Camera type eye photoreceptor cell differentiation,1,28,998,0.001,0.0019,0.529,0.8587825913113042,0.9999998599426523,THRB,False
C5_all,GO_BP,GOBP_LIGAND_GATED_ION_CHANNEL_SIGNALING_PATHWAY,Ligand gated ion channel signaling pathway,1,28,998,0.001,0.0019,0.529,0.8587825913113042,0.9999998599426523,GRIN3A,False
C5_all,GO_BP,GOBP_MITOTIC_G1_S_TRANSITION_CHECKPOINT_SIGNALING,Mitotic g1 s transition checkpoint signaling,1,28,998,0.001,0.0019,0.529,0.8587825913113042,0.9999998599426523,CRADD,False
C5_all,GO_BP,GOBP_MITOTIC_CYTOKINETIC_PROCESS,Mitotic cytokinetic process,1,28,998,0.001,0.0019,0.529,0.8587825913113042,0.9999998599426523,IQGAP2,False
C5_all,GO_BP,GOBP_EPITHELIAL_TUBE_BRANCHING_INVOLVED_IN_LUNG_MORPHOGENESIS,Epithelial tube branching involved in lung morphogenesis,1,28,998,0.001,0.0019,0.529,0.8587825913113042,0.9999998599426523,RDH10,False
C5_all,GO_BP,GOBP_REGULATION_OF_ENDOPLASMIC_RETICULUM_UNFOLDED_PROTEIN_RESPONSE,Regulation of endoplasmic reticulum unfolded protein response,1,28,998,0.001,0.0019,0.529,0.8587825913113042,0.9999998599426523,PIK3R1,False
C5_all,GO_BP,GOBP_STEM_CELL_DIVISION,Stem cell division,1,28,998,0.001,0.0019,0.529,0.8587825913113042,0.9999998599426523,CUL3,False
C5_all,GO_BP,GOBP_MYOTUBE_CELL_DEVELOPMENT,Myotube cell development,1,28,998,0.001,0.0019,0.529,0.8587825913113042,0.9999998599426523,MYORG,False
C5_all,GO_BP,GOBP_ENDOPLASMIC_RETICULUM_TO_CYTOSOL_TRANSPORT,Endoplasmic reticulum to cytosol transport,1,28,998,0.001,0.0019,0.529,0.8587825913113042,0.9999998599426523,EDEM1,False
C5_all,GO_BP,GOBP_CARDIAC_ATRIUM_DEVELOPMENT,Cardiac atrium development,1,28,998,0.001,0.0019,0.529,0.8587825913113042,0.9999998599426523,PROX1,False
C5_all,GO_BP,GOBP_POSITIVE_REGULATION_OF_CHROMOSOME_SEPARATION,Positive regulation of chromosome separation,1,28,998,0.001,0.0019,0.529,0.8587825913113042,0.9999998599426523,CUL3,False
C5_all,GO_BP,GOBP_REGULATION_OF_T_HELPER_1_TYPE_IMMUNE_RESPONSE,Regulation of t helper 1 type immune response,1,28,998,0.001,0.0019,0.529,0.8587825913113042,0.9999998599426523,IL27,False
C5_all,GO_BP,GOBP_PHOTOTRANSDUCTION,Phototransduction,1,28,998,0.001,0.0019,0.529,0.8587825913113042,0.9999998599426523,TRPC3,False
C5_all,GO_BP,GOBP_NEGATIVE_REGULATION_OF_ENDOTHELIAL_CELL_APOPTOTIC_PROCESS,Negative regulation of endothelial cell apoptotic process,1,28,998,0.001,0.0019,0.529,0.8587825913113042,0.9999998599426523,NDNF,False
C5_all,GO_BP,GOBP_SPECIFICATION_OF_ANIMAL_ORGAN_IDENTITY,Specification of animal organ identity,1,28,998,0.001,0.0019,0.529,0.8587825913113042,0.9999998599426523,AR,False
C5_all,GO_BP,GOBP_PLACENTA_BLOOD_VESSEL_DEVELOPMENT,Placenta blood vessel development,1,28,998,0.001,0.0019,0.529,0.8587825913113042,0.9999998599426523,PLG,False
C5_all,GO_BP,GOBP_INTERLEUKIN_1_MEDIATED_SIGNALING_PATHWAY,Interleukin 1 mediated signaling pathway,1,28,998,0.001,0.0019,0.529,0.8587825913113042,0.9999998599426523,IL1RAP,False
C5_all,GO_BP,GOBP_METAPHASE_CHROMOSOME_ALIGNMENT,Metaphase chromosome alignment,4,89,998,0.004,0.006,0.666,0.8591455638212641,0.9999998599426523,"PIBF1, RMDN1, CUL3, TEX14",False
C5_all,GO_BP,GOBP_REGULATION_OF_EPITHELIAL_CELL_APOPTOTIC_PROCESS,Regulation of epithelial cell apoptotic process,4,89,998,0.004,0.006,0.666,0.8591455638212641,0.9999998599426523,"NDNF, NUPR1, PPARA, ESR1",False
C5_all,GO_BP,GOBP_MUSCLE_ORGAN_DEVELOPMENT,Muscle organ development,15,281,998,0.015,0.019,0.791,0.8593226979776302,0.9999998599426523,"RPS6KB1, FXR1, MYOM2, CDON, OR10J5, PROX1, ERBB3, PKP2, NUPR1, MTM1, MEGF10, CACNA1H, CITED2, FOXN2, MYORG",False
C5_all,GO_BP,GOBP_NEGATIVE_REGULATION_OF_CELL_CYCLE_G1_S_PHASE_TRANSITION,Negative regulation of cell cycle g1 s phase transition,3,70,998,0.003,0.0047,0.635,0.8598213716341246,0.9999998599426523,"RBL2, CRADD, MYO16",False
C5_all,GO_BP,GOBP_AXO_DENDRITIC_TRANSPORT,Axo dendritic transport,3,70,998,0.003,0.0047,0.635,0.8598213716341246,0.9999998599426523,"HAP1, SOD1, DLG2",False
C5_all,GO_BP,GOBP_REGULATION_OF_AXON_EXTENSION,Regulation of axon extension,3,70,998,0.003,0.0047,0.635,0.8598213716341246,0.9999998599426523,"TRPC5, ADCY10, RTN4",False
C5_all,GO_BP,GOBP_TOLL_LIKE_RECEPTOR_SIGNALING_PATHWAY,Toll like receptor signaling pathway,3,70,998,0.003,0.0047,0.635,0.8598213716341246,0.9999998599426523,"LGR4, LRRC19, ESR1",False
C5_all,GO_BP,GOBP_SECRETORY_GRANULE_ORGANIZATION,Secretory granule organization,2,50,998,0.002,0.0034,0.593,0.8599312949969508,0.9999998599426523,"ABCA1, CCDC38",False
C5_all,GO_BP,GOBP_ACTIN_NUCLEATION,Actin nucleation,2,50,998,0.002,0.0034,0.593,0.8599312949969508,0.9999998599426523,"CARMIL3, IQGAP2",False
C5_all,GO_BP,GOBP_OOCYTE_DIFFERENTIATION,Oocyte differentiation,2,50,998,0.002,0.0034,0.593,0.8599312949969508,0.9999998599426523,"PLD6, TUT7",False
C5_all,GO_BP,GOBP_NEGATIVE_REGULATION_OF_G_PROTEIN_COUPLED_RECEPTOR_SIGNALING_PATHWAY,Negative regulation of g protein coupled receptor signaling pathway,2,50,998,0.002,0.0034,0.593,0.8599312949969508,0.9999998599426523,"ARRDC3, PDE3B",False
C5_all,GO_BP,GOBP_PRESYNAPSE_ORGANIZATION,Presynapse organization,2,50,998,0.002,0.0034,0.593,0.8599312949969508,0.9999998599426523,"IL1RAP, SLITRK3",False
C5_all,GO_BP,GOBP_NEGATIVE_REGULATION_OF_SMALL_GTPASE_MEDIATED_SIGNAL_TRANSDUCTION,Negative regulation of small gtpase mediated signal transduction,2,50,998,0.002,0.0034,0.593,0.8599312949969508,0.9999998599426523,"ARHGAP35, CUL3",False
C5_all,GO_BP,GOBP_CYTOKINE_PRODUCTION_INVOLVED_IN_INFLAMMATORY_RESPONSE,Cytokine production involved in inflammatory response,2,50,998,0.002,0.0034,0.593,0.8599312949969508,0.9999998599426523,"PPARA, IL17RC",False
C5_all,GO_BP,GOBP_REGULATION_OF_SMALL_GTPASE_MEDIATED_SIGNAL_TRANSDUCTION,Regulation of small gtpase mediated signal transduction,15,282,998,0.015,0.0191,0.788,0.8627499875083035,0.9999998599426523,"ARHGAP29, ABCA1, RELN, ARHGAP35, KBTBD6, CDON, RALGAPA2, STARD8, CUL3, KBTBD7, DENND1A, SYDE2, ARHGAP20, ARHGEF12, FGD4",False
C5_all,GO_BP,GOBP_POST_TRANSCRIPTIONAL_REGULATION_OF_GENE_EXPRESSION,Post transcriptional regulation of gene expression,26,464,998,0.0261,0.0314,0.831,0.8637576480013558,0.9999998599426523,"A1CF, PAIP2B, PATL1, HELZ, EIF4EBP2, DDX25, PIWIL2, CNOT7, FBXO4, LARP1B, LARP4, CPEB2, TUT7, FXR1, FMR1, RPUSD4, SHMT1, SECISBP2L, GCNT2, RPS6KB1, TENT4B, SEPSECS, PDIK1L, EPB41L5, RIDA, MAEL",False
C5_all,GO_BP,GOBP_MOLTING_CYCLE,Molting cycle,4,90,998,0.004,0.0061,0.659,0.8649362454115688,0.9999998599426523,"EDA, EGFR, TSKU, LGR4",False
C5_all,GO_BP,GOBP_LIPOSACCHARIDE_METABOLIC_PROCESS,Liposaccharide metabolic process,4,90,998,0.004,0.0061,0.659,0.8649362454115688,0.9999998599426523,"GPLD1, NEU3, NEU4, ST3GAL6",False
C5_all,GO_BP,GOBP_NEGATIVE_REGULATION_OF_NEURON_APOPTOTIC_PROCESS,Negative regulation of neuron apoptotic process,6,127,998,0.006,0.0086,0.7,0.8654960860284462,0.9999998599426523,"SOD1, NDNF, SLC1A1, GCLC, ERBB3, HIPK2",False
C5_all,GO_BP,GOBP_REGULATION_OF_CELLULAR_RESPONSE_TO_GROWTH_FACTOR_STIMULUS,Regulation of cellular response to growth factor stimulus,14,266,998,0.014,0.018,0.78,0.8656566495970064,0.9999998599426523,"ARID4A, ARNT, NEDD4, PPARA, MTMR4, ARK2C, SORL1, BMPER, HJV, XDH, PALS1, PBLD, HIPK2, CITED2",False
C5_all,GO_BP,GOBP_LYMPHOCYTE_APOPTOTIC_PROCESS,Lymphocyte apoptotic process,3,71,998,0.003,0.0048,0.626,0.8662390539598188,0.9999998599426523,"FNIP1, GPAM, RAG1",False
C5_all,GO_BP,GOBP_CILIUM_ORGANIZATION,Cilium organization,21,383,998,0.021,0.0259,0.813,0.8664201652048955,0.9999998599426523,"RTTN, TTC36, IFT46, CDC14B, TAPT1, TBC1D14, CCDC38, CCP110, ZMYND12, ROPN1, TMEM17, ROPN1B, PIBF1, EVI5, HYLS1, ARHGAP35, CFAP126, EHD3, LRRC61, HAP1, CLCN4",False
C5_all,GO_BP,GOBP_NEGATIVE_REGULATION_OF_IMMUNE_EFFECTOR_PROCESS,Negative regulation of immune effector process,5,109,998,0.005,0.0074,0.68,0.8668066664555454,0.9999998599426523,"ENPP3, CLEC4G, C4BPB, NDFIP1, ARG1",False
C5_all,GO_BP,GOBP_POSITIVE_REGULATION_OF_ERK1_AND_ERK2_CASCADE,Positive regulation of erk1 and erk2 cascade,8,163,998,0.008,0.011,0.728,0.8668596519481387,0.9999998599426523,"GCNT2, ADRA1A, RAPGEF2, SLC30A10, BMPER, EGFR, DDT, HTR2A",False
C5_all,GO_BP,GOBP_REGULATION_OF_CELL_SIZE,Regulation of cell size,8,163,998,0.008,0.011,0.728,0.8668596519481387,0.9999998599426523,"ADCY10, WNK3, ARHGAP35, AQP11, SLC26A5, RTN4, KCNMA1, TRPC5",False
C5_all,GO_BP,GOBP_REGULATION_OF_MYELOID_LEUKOCYTE_MEDIATED_IMMUNITY,Regulation of myeloid leukocyte mediated immunity,2,51,998,0.002,0.0034,0.581,0.8673571002803682,0.9999998599426523,"ARG1, DNASE1L3",False
C5_all,GO_BP,GOBP_POSITIVE_REGULATION_OF_GENE_EXPRESSION_EPIGENETIC,Positive regulation of gene expression epigenetic,2,51,998,0.002,0.0034,0.581,0.8673571002803682,0.9999998599426523,"ATF2, ASH2L",False
C5_all,GO_BP,GOBP_MACROPHAGE_MIGRATION,Macrophage migration,2,51,998,0.002,0.0034,0.581,0.8673571002803682,0.9999998599426523,"DDT, C5",False
C5_all,GO_BP,GOBP_NEGATIVE_REGULATION_OF_CELL_JUNCTION_ASSEMBLY,Negative regulation of cell junction assembly,1,29,998,0.001,0.002,0.511,0.8683271513730216,0.9999998599426523,PHLDB2,False
C5_all,GO_BP,GOBP_CENTRAL_NERVOUS_SYSTEM_PROJECTION_NEURON_AXONOGENESIS,Central nervous system projection neuron axonogenesis,1,29,998,0.001,0.002,0.511,0.8683271513730216,0.9999998599426523,TSKU,False
C5_all,GO_BP,GOBP_CELL_DIFFERENTIATION_IN_SPINAL_CORD,Cell differentiation in spinal cord,1,29,998,0.001,0.002,0.511,0.8683271513730216,0.9999998599426523,MDGA2,False
C5_all,GO_BP,GOBP_SPERM_EGG_RECOGNITION,Sperm egg recognition,1,29,998,0.001,0.002,0.511,0.8683271513730216,0.9999998599426523,OVGP1,False
C5_all,GO_BP,GOBP_NEGATIVE_REGULATION_OF_INTERLEUKIN_2_PRODUCTION,Negative regulation of interleukin 2 production,1,29,998,0.001,0.002,0.511,0.8683271513730216,0.9999998599426523,HOMER2,False
C5_all,GO_BP,GOBP_GLANDULAR_EPITHELIAL_CELL_DEVELOPMENT,Glandular epithelial cell development,1,29,998,0.001,0.002,0.511,0.8683271513730216,0.9999998599426523,CDH2,False
C5_all,GO_BP,GOBP_POSITIVE_REGULATION_OF_ANIMAL_ORGAN_MORPHOGENESIS,Positive regulation of animal organ morphogenesis,1,29,998,0.001,0.002,0.511,0.8683271513730216,0.9999998599426523,AR,False
C5_all,GO_BP,GOBP_GPI_ANCHOR_METABOLIC_PROCESS,Gpi anchor metabolic process,1,29,998,0.001,0.002,0.511,0.8683271513730216,0.9999998599426523,GPLD1,False
C5_all,GO_BP,GOBP_CD4_POSITIVE_OR_CD8_POSITIVE_ALPHA_BETA_T_CELL_LINEAGE_COMMITMENT,Cd4 positive or cd8 positive alpha beta t cell lineage commitment,1,29,998,0.001,0.002,0.511,0.8683271513730216,0.9999998599426523,IL6R,False
C5_all,GO_BP,GOBP_POSITIVE_REGULATION_OF_BMP_SIGNALING_PATHWAY,Positive regulation of bmp signaling pathway,1,29,998,0.001,0.002,0.511,0.8683271513730216,0.9999998599426523,ARK2C,False
C5_all,GO_BP,GOBP_DIOL_METABOLIC_PROCESS,Diol metabolic process,1,29,998,0.001,0.002,0.511,0.8683271513730216,0.9999998599426523,QDPR,False
C5_all,GO_BP,GOBP_REGULATION_OF_NEUROINFLAMMATORY_RESPONSE,Regulation of neuroinflammatory response,1,29,998,0.001,0.002,0.511,0.8683271513730216,0.9999998599426523,NUPR1,False
C5_all,GO_BP,GOBP_EYE_PHOTORECEPTOR_CELL_DEVELOPMENT,Eye photoreceptor cell development,1,29,998,0.001,0.002,0.511,0.8683271513730216,0.9999998599426523,THRB,False
C5_all,GO_BP,GOBP_TRNA_METABOLIC_PROCESS,Trna metabolic process,9,181,998,0.009,0.0122,0.737,0.8686773248083015,0.9999998599426523,"ALKBH8, SEPSECS, TRMT10A, NSUN6, PUS3, TRMT1L, PUS10, RPUSD4, HSD17B10",False
C5_all,GO_BP,GOBP_NEURON_PROJECTION_EXTENSION,Neuron projection extension,7,146,998,0.007,0.0099,0.711,0.870178664176069,0.9999998599426523,"ADCY10, POSTN, RTN4, SYT1, RAPH1, TRPC5, CPNE6",False
C5_all,GO_BP,GOBP_ESTABLISHMENT_OF_RNA_LOCALIZATION,Establishment of rna localization,7,146,998,0.007,0.0099,0.711,0.870178664176069,0.9999998599426523,"DDX25, FXR1, NUP88, FMR1, NXF5, SMG1, SENP2",False
C5_all,GO_BP,GOBP_FEMALE_GAMETE_GENERATION,Female gamete generation,6,128,998,0.006,0.0087,0.695,0.8702676584979709,0.9999998599426523,"PIWIL2, NRIP1, PLD6, MAJIN, TERB2, TUT7",False
C5_all,GO_BP,GOBP_MICROTUBULE_POLYMERIZATION_OR_DEPOLYMERIZATION,Microtubule polymerization or depolymerization,6,128,998,0.006,0.0087,0.695,0.8702676584979709,0.9999998599426523,"TUBB1, HAUS4, PDE4DIP, NCKAP5, TUBGCP4, TPPP2",False
C5_all,GO_BP,GOBP_SMOOTHENED_SIGNALING_PATHWAY,Smoothened signaling pathway,6,128,998,0.006,0.0087,0.695,0.8702676584979709,0.9999998599426523,"TMEM17, CDON, NDST1, RORA, HIPK2, ENPP1",False
C5_all,GO_BP,GOBP_MEMBRANE_LIPID_BIOSYNTHETIC_PROCESS,Membrane lipid biosynthetic process,6,128,998,0.006,0.0087,0.695,0.8702676584979709,0.9999998599426523,"ABCG2, CERS2, ST3GAL6, ABCA8, PEMT, SGMS1",False
C5_all,GO_BP,GOBP_MYOBLAST_DIFFERENTIATION,Myoblast differentiation,4,91,998,0.004,0.0062,0.652,0.8705216534124232,0.9999998599426523,"SMARCA2, TBX3, MEGF10, PLG",False
C5_all,GO_BP,GOBP_PROTEIN_O_LINKED_GLYCOSYLATION,Protein o linked glycosylation,4,91,998,0.004,0.0062,0.652,0.8705216534124232,0.9999998599426523,"CRPPA, C1GALT1, TMTC4, POFUT1",False
C5_all,GO_BP,GOBP_REGULATION_OF_CYSTEINE_TYPE_ENDOPEPTIDASE_ACTIVITY,Regulation of cysteine type endopeptidase activity,8,164,998,0.008,0.0111,0.723,0.8710888348305693,0.9999998599426523,"CRADD, BCL2L13, CAAP1, FNIP1, XDH, ACVR1C, TNFSF10, ARL6IP1",False
C5_all,GO_BP,GOBP_TRANSLATIONAL_INITIATION,Translational initiation,5,110,998,0.005,0.0074,0.674,0.8718812551626586,0.9999998599426523,"RPS6KB1, PDIK1L, PAIP2B, FMR1, EIF4EBP2",False
C5_all,GO_BP,GOBP_BONE_DEVELOPMENT,Bone development,9,182,998,0.009,0.0123,0.733,0.8726689963087879,0.9999998599426523,"TAPT1, SRD5A1, RGN, GHR, ATF2, TSKU, CITED2, CBS, TMEM38B",False
C5_all,GO_BP,GOBP_SPINDLE_ORGANIZATION,Spindle organization,9,182,998,0.009,0.0123,0.733,0.8726689963087879,0.9999998599426523,"NCOR1, HAUS4, GNAI1, FSD1, PIBF1, MAP10, RMDN1, TUBGCP4, TUBB1",False
C5_all,GO_BP,GOBP_NEURON_PROJECTION_REGENERATION,Neuron projection regeneration,2,52,998,0.002,0.0035,0.57,0.8744197195665215,0.9999998599426523,"CERS2, PTPRF",False
C5_all,GO_BP,GOBP_T_CELL_APOPTOTIC_PROCESS,T cell apoptotic process,2,52,998,0.002,0.0035,0.57,0.8744197195665215,0.9999998599426523,"GPAM, RAG1",False
C5_all,GO_BP,GOBP_DEFENSE_RESPONSE_TO_GRAM_NEGATIVE_BACTERIUM,Defense response to gram negative bacterium,2,52,998,0.002,0.0035,0.57,0.8744197195665215,0.9999998599426523,"IL6R, FCN2",False
C5_all,GO_BP,GOBP_CELL_CELL_JUNCTION_ASSEMBLY,Cell cell junction assembly,6,129,998,0.006,0.0087,0.689,0.8748973310714357,0.9999998599426523,"CDH2, MPDZ, DSG1, CLDN12, GJB1, PKP2",False
C5_all,GO_BP,GOBP_OSSIFICATION,Ossification,19,353,998,0.019,0.0239,0.798,0.8754694982544406,0.9999998599426523,"SLC34A1, TMT1A, EGFR, ADGRV1, ADCY10, CBS, GPLD1, TAPT1, ZHX3, ACVR2B, LGR4, NR1I3, CAT, ENPP1, SMOC1, MESD, IL6R, HSD17B4, TMEM38B",False
C5_all,GO_BP,GOBP_CELLULAR_RESPONSE_TO_CHEMICAL_STRESS,Cellular response to chemical stress,15,286,998,0.015,0.0193,0.777,0.8758129525831594,0.9999998599426523,"SOD1, ARNT, SLC1A1, WNK3, PEX5, DHRS2, EFHD1, BNIP3, EGFR, CAT, ATF2, ZFAND1, PTPRK, MICU1, PEX14",False
C5_all,GO_BP,GOBP_REGULATION_OF_DEPHOSPHORYLATION,Regulation of dephosphorylation,4,92,998,0.004,0.0062,0.645,0.8759069973155056,0.9999998599426523,"PPP4R4, GPLD1, CRY2, MTMR4",False
C5_all,GO_BP,GOBP_LIPOPROTEIN_BIOSYNTHETIC_PROCESS,Lipoprotein biosynthetic process,4,92,998,0.004,0.0062,0.645,0.8759069973155056,0.9999998599426523,"ABCA1, DBI, LCAT, PPM1B",False
C5_all,GO_BP,GOBP_NUCLEAR_TRANSPORT,Nuclear transport,16,303,998,0.016,0.0205,0.783,0.8761898269034318,0.9999998599426523,"DDX25, NEDD4, IPO8, NUP62CL, FMR1, NXF5, DRD1, MDN1, PIK3R1, STRADB, NUP88, STK3, SMG1, CRY2, ATF2, NMD3",False
C5_all,GO_BP,GOBP_RESPONSE_TO_RADIATION,Response to radiation,20,370,998,0.02,0.025,0.801,0.87648770688621,0.9999998599426523,"NEDD4, TAFA2, MME, EGFR, CRY2, TTC36, DCT, KCNC2, FBXO4, NUCKS1, PIK3R1, ZRANB3, TRPC3, PER3, ALAD, SLC4A10, CAT, RAG1, DRD1, PTPRK",False
C5_all,GO_BP,GOBP_NEUROEPITHELIAL_CELL_DIFFERENTIATION,Neuroepithelial cell differentiation,1,30,998,0.001,0.002,0.494,0.8772272192991798,0.9999998599426523,CDH2,False
C5_all,GO_BP,GOBP_REGULATION_OF_KERATINOCYTE_DIFFERENTIATION,Regulation of keratinocyte differentiation,1,30,998,0.001,0.002,0.494,0.8772272192991798,0.9999998599426523,ERRFI1,False
C5_all,GO_BP,GOBP_CELL_FATE_DETERMINATION,Cell fate determination,1,30,998,0.001,0.002,0.494,0.8772272192991798,0.9999998599426523,PROX1,False
C5_all,GO_BP,GOBP_NEGATIVE_REGULATION_OF_B_CELL_ACTIVATION,Negative regulation of b cell activation,1,30,998,0.001,0.002,0.494,0.8772272192991798,0.9999998599426523,NDFIP1,False
C5_all,GO_BP,GOBP_CELLULAR_RESPONSE_TO_ANGIOTENSIN,Cellular response to angiotensin,1,30,998,0.001,0.002,0.494,0.8772272192991798,0.9999998599426523,SLC30A10,False
C5_all,GO_BP,GOBP_MICROVILLUS_ORGANIZATION,Microvillus organization,1,30,998,0.001,0.002,0.494,0.8772272192991798,0.9999998599426523,RAPGEF2,False
C5_all,GO_BP,GOBP_REGULATION_OF_MITOCHONDRIAL_GENE_EXPRESSION,Regulation of mitochondrial gene expression,1,30,998,0.001,0.002,0.494,0.8772272192991798,0.9999998599426523,RPUSD4,False
C5_all,GO_BP,GOBP_VIRAL_PROTEIN_PROCESSING,Viral protein processing,1,30,998,0.001,0.002,0.494,0.8772272192991798,0.9999998599426523,MAN2A1,False
C5_all,GO_BP,GOBP_REGULATION_OF_PROTEIN_TARGETING_TO_MEMBRANE,Regulation of protein targeting to membrane,1,30,998,0.001,0.002,0.494,0.8772272192991798,0.9999998599426523,SLC1A1,False
C5_all,GO_BP,GOBP_CELLULAR_RESPONSE_TO_LIPOPROTEIN_PARTICLE_STIMULUS,Cellular response to lipoprotein particle stimulus,1,30,998,0.001,0.002,0.494,0.8772272192991798,0.9999998599426523,ABCA1,False
C5_all,GO_BP,GOBP_AXONEMAL_DYNEIN_COMPLEX_ASSEMBLY,Axonemal dynein complex assembly,1,30,998,0.001,0.002,0.494,0.8772272192991798,0.9999998599426523,LRRC61,False
C5_all,GO_BP,GOBP_REGULATION_OF_POLYSACCHARIDE_BIOSYNTHETIC_PROCESS,Regulation of polysaccharide biosynthetic process,1,30,998,0.001,0.002,0.494,0.8772272192991798,0.9999998599426523,ENPP1,False
C5_all,GO_BP,GOBP_MATERNAL_PLACENTA_DEVELOPMENT,Maternal placenta development,1,30,998,0.001,0.002,0.494,0.8772272192991798,0.9999998599426523,CITED2,False
C5_all,GO_BP,GOBP_SYMBIONT_ENTRY_INTO_HOST,Symbiont entry into host,7,148,998,0.007,0.01,0.701,0.8787856440963094,0.9999998599426523,"TMPRSS4, EGFR, HTR2A, CLEC4M, CLEC4G, ITCH, WWP1",False
C5_all,GO_BP,GOBP_MYELOID_CELL_HOMEOSTASIS,Myeloid cell homeostasis,8,166,998,0.008,0.0112,0.714,0.8792178294859351,0.9999998599426523,"ARID4A, SFXN1, ARNT, SOD1, MTHFD1, L3MBTL3, HIPK2, CITED2",False
C5_all,GO_BP,GOBP_REGULATION_OF_DNA_RECOMBINATION,Regulation of dna recombination,6,130,998,0.006,0.0088,0.684,0.8793878863707062,0.9999998599426523,"TEX15, RADX, ZRANB3, SKP2, NDFIP1, MBTD1",False
C5_all,GO_BP,GOBP_HEART_MORPHOGENESIS,Heart morphogenesis,11,219,998,0.011,0.0148,0.745,0.8805411115117875,0.9999998599426523,"PROX1, TBX3, ABCC9, SETDB2, RTN4, ADGRG6, PKP2, ATF2, SEC24B, CITED2, ALDH1A2",False
C5_all,GO_BP,GOBP_RESPONSE_TO_LEUKEMIA_INHIBITORY_FACTOR,Response to leukemia inhibitory factor,4,93,998,0.004,0.0063,0.638,0.8810974942658232,0.9999998599426523,"TEX14, PCOLCE2, NR5A2, SHMT1",False
C5_all,GO_BP,GOBP_COLUMNAR_CUBOIDAL_EPITHELIAL_CELL_DIFFERENTIATION,Columnar cuboidal epithelial cell differentiation,4,93,998,0.004,0.0063,0.638,0.8810974942658232,0.9999998599426523,"NR5A2, PROX1, C1GALT1, CDH2",False
C5_all,GO_BP,GOBP_POSITIVE_REGULATION_OF_CELL_JUNCTION_ASSEMBLY,Positive regulation of cell junction assembly,4,93,998,0.004,0.0063,0.638,0.8810974942658232,0.9999998599426523,"IL1RAP, CUX2, SLITRK3, EPB41L5",False
C5_all,GO_BP,GOBP_POSITIVE_REGULATION_OF_WOUND_HEALING,Positive regulation of wound healing,2,53,998,0.002,0.0036,0.559,0.8811343002427648,0.9999998599426523,"CPB2, PLG",False
C5_all,GO_BP,GOBP_POSITIVE_REGULATION_OF_MIRNA_TRANSCRIPTION,Positive regulation of mirna transcription,2,53,998,0.002,0.0036,0.559,0.8811343002427648,0.9999998599426523,"EGFR, AR",False
C5_all,GO_BP,GOBP_DNA_TEMPLATED_DNA_REPLICATION_MAINTENANCE_OF_FIDELITY,Dna templated dna replication maintenance of fidelity,2,53,998,0.002,0.0036,0.559,0.8811343002427648,0.9999998599426523,"NUCKS1, ZRANB3",False
C5_all,GO_BP,GOBP_INTRINSIC_APOPTOTIC_SIGNALING_PATHWAY_IN_RESPONSE_TO_OXIDATIVE_STRESS,Intrinsic apoptotic signaling pathway in response to oxidative stress,2,53,998,0.002,0.0036,0.559,0.8811343002427648,0.9999998599426523,"SOD1, ADCY10",False
C5_all,GO_BP,GOBP_NEGATIVE_REGULATION_OF_TUMOR_NECROSIS_FACTOR_SUPERFAMILY_CYTOKINE_PRODUCTION,Negative regulation of tumor necrosis factor superfamily cytokine production,2,53,998,0.002,0.0036,0.559,0.8811343002427648,0.9999998599426523,"ILRUN, FXR1",False
C5_all,GO_BP,GOBP_CD4_POSITIVE_ALPHA_BETA_T_CELL_ACTIVATION,Cd4 positive alpha beta t cell activation,5,112,998,0.005,0.0076,0.662,0.8815402662337055,0.9999998599426523,"IL6R, RORA, NDFIP1, ITCH, IL27",False
C5_all,GO_BP,GOBP_NON_CANONICAL_NF_KAPPAB_SIGNAL_TRANSDUCTION,Non canonical nf kappab signal transduction,5,112,998,0.005,0.0076,0.662,0.8815402662337055,0.9999998599426523,"LRRC19, NR3C2, PPM1B, EGFR, EDA",False
C5_all,GO_BP,GOBP_REGULATION_OF_STEM_CELL_DIFFERENTIATION,Regulation of stem cell differentiation,3,74,998,0.003,0.005,0.601,0.8839630229780464,0.9999998599426523,"SOX5, TBX3, ITCH",False
C5_all,GO_BP,GOBP_EXTRINSIC_APOPTOTIC_SIGNALING_PATHWAY_VIA_DEATH_DOMAIN_RECEPTORS,Extrinsic apoptotic signaling pathway via death domain receptors,3,74,998,0.003,0.005,0.601,0.8839630229780464,0.9999998599426523,"STK3, CRADD, PIK3R1",False
C5_all,GO_BP,GOBP_REGULATION_OF_CD4_POSITIVE_ALPHA_BETA_T_CELL_ACTIVATION,Regulation of cd4 positive alpha beta t cell activation,3,74,998,0.003,0.005,0.601,0.8839630229780464,0.9999998599426523,"ITCH, NDFIP1, IL27",False
C5_all,GO_BP,GOBP_NEGATIVE_REGULATION_OF_RESPONSE_TO_CYTOKINE_STIMULUS,Negative regulation of response to cytokine stimulus,3,74,998,0.003,0.005,0.601,0.8839630229780464,0.9999998599426523,"CNOT7, NR1H3, ARG1",False
C5_all,GO_BP,GOBP_POSITIVE_REGULATION_OF_TRANSFERASE_ACTIVITY,Positive regulation of transferase activity,17,323,998,0.017,0.0218,0.78,0.8853877202505658,0.9999998599426523,"ARRDC3, PRKAG2, RAPGEF2, IL6R, RELN, ERBB3, TOM1L1, PROX1, NEK10, STRADB, EGFR, PRLR, GHR, DUSP19, DBI, CDC14B, PIBF1",False
C5_all,GO_BP,GOBP_ANOIKIS,Anoikis,1,31,998,0.001,0.0021,0.478,0.8855262734267481,0.9999998599426523,PDK4,False
C5_all,GO_BP,GOBP_NEGATIVE_REGULATION_OF_TELOMERE_MAINTENANCE,Negative regulation of telomere maintenance,1,31,998,0.001,0.0021,0.478,0.8855262734267481,0.9999998599426523,TENT4B,False
C5_all,GO_BP,GOBP_NEGATIVE_REGULATION_OF_CYTOKINE_PRODUCTION_INVOLVED_IN_IMMUNE_RESPONSE,Negative regulation of cytokine production involved in immune response,1,31,998,0.001,0.0021,0.478,0.8855262734267481,0.9999998599426523,ARG1,False
C5_all,GO_BP,GOBP_POSITIVE_REGULATION_OF_T_CELL_MIGRATION,Positive regulation of t cell migration,1,31,998,0.001,0.0021,0.478,0.8855262734267481,0.9999998599426523,CD99L2,False
C5_all,GO_BP,GOBP_RESPONSE_TO_PROSTAGLANDIN,Response to prostaglandin,1,31,998,0.001,0.0021,0.478,0.8855262734267481,0.9999998599426523,HMGCS2,False
C5_all,GO_BP,GOBP_RESPONSE_TO_VITAMIN_D,Response to vitamin d,1,31,998,0.001,0.0021,0.478,0.8855262734267481,0.9999998599426523,TRIM24,False
C5_all,GO_BP,GOBP_MITOTIC_SISTER_CHROMATID_COHESION,Mitotic sister chromatid cohesion,1,31,998,0.001,0.0021,0.478,0.8855262734267481,0.9999998599426523,PDS5A,False
C5_all,GO_BP,GOBP_POSITIVE_REGULATION_OF_NEUTROPHIL_MIGRATION,Positive regulation of neutrophil migration,1,31,998,0.001,0.0021,0.478,0.8855262734267481,0.9999998599426523,CD99L2,False
C5_all,GO_BP,GOBP_RESCUE_OF_STALLED_RIBOSOME,Rescue of stalled ribosome,1,31,998,0.001,0.0021,0.478,0.8855262734267481,0.9999998599426523,KLHDC10,False
C5_all,GO_BP,GOBP_SUBSTRATE_ADHESION_DEPENDENT_CELL_SPREADING,Substrate adhesion dependent cell spreading,4,94,998,0.004,0.0064,0.631,0.8860983567754894,0.9999998599426523,"NTN4, PKP2, PIK3R1, POSTN",False
C5_all,GO_BP,GOBP_PROTEIN_LOCALIZATION_TO_CELL_JUNCTION,Protein localization to cell junction,4,94,998,0.004,0.0064,0.631,0.8860983567754894,0.9999998599426523,"ABHD17B, SLITRK3, RELN, DLG2",False
C5_all,GO_BP,GOBP_RESPONSE_TO_HEAT,Response to heat,4,94,998,0.004,0.0064,0.631,0.8860983567754894,0.9999998599426523,"GCLC, SOD1, P2RX3, ZFAND1",False
C5_all,GO_BP,GOBP_NEGATIVE_REGULATION_OF_NEURON_PROJECTION_DEVELOPMENT,Negative regulation of neuron projection development,5,113,998,0.005,0.0076,0.656,0.8861321098037186,0.9999998599426523,"CERS2, DAB1, RTN4, TSKU, NEU4",False
C5_all,GO_BP,GOBP_IMPORT_INTO_NUCLEUS,Import into nucleus,7,150,998,0.007,0.0101,0.692,0.886912930135429,0.9999998599426523,"IPO8, DRD1, NUP88, PIK3R1, STK3, CRY2, ATF2",False
C5_all,GO_BP,GOBP_REGULATION_OF_MEIOTIC_CELL_CYCLE,Regulation of meiotic cell cycle,2,54,998,0.002,0.0037,0.549,0.8875156010937836,0.9999998599426523,"ANAPC16, PIWIL2",False
C5_all,GO_BP,GOBP_TOLL_LIKE_RECEPTOR_4_SIGNALING_PATHWAY,Toll like receptor 4 signaling pathway,2,54,998,0.002,0.0037,0.549,0.8875156010937836,0.9999998599426523,"NR1H3, PIK3R1",False
C5_all,GO_BP,GOBP_GLYCOSPHINGOLIPID_METABOLIC_PROCESS,Glycosphingolipid metabolic process,2,54,998,0.002,0.0037,0.549,0.8875156010937836,0.9999998599426523,"NEU3, NEU4",False
C5_all,GO_BP,GOBP_ESTABLISHMENT_OR_MAINTENANCE_OF_BIPOLAR_CELL_POLARITY,Establishment or maintenance of bipolar cell polarity,2,54,998,0.002,0.0037,0.549,0.8875156010937836,0.9999998599426523,"PALS1, DLG2",False
C5_all,GO_BP,GOBP_RUFFLE_ORGANIZATION,Ruffle organization,2,54,998,0.002,0.0037,0.549,0.8875156010937836,0.9999998599426523,"COBL, PFN2",False
C5_all,GO_BP,GOBP_NEGATIVE_REGULATION_OF_MUSCLE_CELL_DIFFERENTIATION,Negative regulation of muscle cell differentiation,2,54,998,0.002,0.0037,0.549,0.8875156010937836,0.9999998599426523,"PPARA, TOMM70",False
C5_all,GO_BP,GOBP_REGULATION_OF_DOUBLE_STRAND_BREAK_REPAIR,Regulation of double strand break repair,6,132,998,0.006,0.0089,0.674,0.8879628977386289,0.9999998599426523,"TEX15, RADX, SMARCA2, SKP2, MGMT, MBTD1",False
C5_all,GO_BP,GOBP_RESPONSE_TO_OXIDATIVE_STRESS,Response to oxidative stress,19,358,998,0.019,0.0242,0.787,0.8891015915705953,0.9999998599426523,"SOD1, GCLC, EGFR, PEX14, SLC1A1, ETFDH, HAO1, ATF2, IDH1, ALAD, PRDX6, ARNT, PEX5, BNIP3, CAT, DHRS2, ZFAND1, PTPRK, CHRNA4",False
C5_all,GO_BP,GOBP_ASTROCYTE_DIFFERENTIATION,Astrocyte differentiation,3,75,998,0.003,0.0051,0.593,0.8893882344141852,0.9999998599426523,"DRD1, EGFR, DAB1",False
C5_all,GO_BP,GOBP_INTRINSIC_APOPTOTIC_SIGNALING_PATHWAY_BY_P53_CLASS_MEDIATOR,Intrinsic apoptotic signaling pathway by p53 class mediator,3,75,998,0.003,0.0051,0.593,0.8893882344141852,0.9999998599426523,"NUPR1, ZNF385B, HIPK2",False
C5_all,GO_BP,GOBP_CELL_GROWTH,Cell growth,23,425,998,0.023,0.0287,0.802,0.8898896547275205,0.9999998599426523,"TOMM70, POSTN, SYT1, EGFR, ADCY10, AVPR1A, SGK3, RTN4, RAPH1, EI24, AKAP6, ADRA1A, CEP43, PPARA, RAB33B, SMARCA2, ENPP1, CPNE6, ITCH, JADE3, COBL, EPB41L5, TRPC5",False
C5_all,GO_BP,GOBP_REGULATION_OF_MICROTUBULE_BASED_PROCESS,Regulation of microtubule based process,11,222,998,0.011,0.015,0.735,0.8905418815518253,0.9999998599426523,"HAUS4, GNAI1, FSD1, PHLDB2, PDE4DIP, RGN, HAP1, DIXDC1, MAP10, DIAPH1, TPPP2",False
C5_all,GO_BP,GOBP_RAS_PROTEIN_SIGNAL_TRANSDUCTION,Ras protein signal transduction,5,114,998,0.005,0.0077,0.65,0.8905704786189674,0.9999998599426523,"RAPGEF2, RAPGEFL1, RAPGEF4, DOK6, SYDE2",False
C5_all,GO_BP,GOBP_AXON_EXTENSION,Axon extension,4,95,998,0.004,0.0064,0.624,0.8909147814046318,0.9999998599426523,"RAPH1, TRPC5, ADCY10, RTN4",False
C5_all,GO_BP,GOBP_POSITIVE_REGULATION_OF_PROTEIN_LOCALIZATION,Positive regulation of protein localization,23,426,998,0.023,0.0288,0.8,0.892260910688172,0.9999998599426523,"EDEM1, TOMM70, SORL1, EGFR, ADCY10, VSNL1, GPLD1, WNK3, PIK3R1, RTN4, CNST, PCK2, NMD3, ABAT, RAPGEF4, ABHD17B, SAR1B, MESD, EXPH5, GNAI1, ZFAND1, SLC2A2, GLUD1",False
C5_all,GO_BP,GOBP_REGULATION_OF_HOMOTYPIC_CELL_CELL_ADHESION,Regulation of homotypic cell cell adhesion,1,32,998,0.001,0.0022,0.463,0.8932648617299456,0.9999998599426523,HTR2A,False
C5_all,GO_BP,GOBP_ESTABLISHMENT_OF_PROTEIN_LOCALIZATION_TO_MITOCHONDRIAL_MEMBRANE,Establishment of protein localization to mitochondrial membrane,1,32,998,0.001,0.0022,0.463,0.8932648617299456,0.9999998599426523,TOMM70,False
C5_all,GO_BP,GOBP_REGULATION_OF_CARDIAC_MUSCLE_CELL_PROLIFERATION,Regulation of cardiac muscle cell proliferation,1,32,998,0.001,0.0022,0.463,0.8932648617299456,0.9999998599426523,CITED2,False
C5_all,GO_BP,GOBP_SPLEEN_DEVELOPMENT,Spleen development,1,32,998,0.001,0.0022,0.463,0.8932648617299456,0.9999998599426523,CITED2,False
C5_all,GO_BP,GOBP_REGULATION_OF_MONOOXYGENASE_ACTIVITY,Regulation of monooxygenase activity,1,32,998,0.001,0.0022,0.463,0.8932648617299456,0.9999998599426523,NOS1AP,False
C5_all,GO_BP,GOBP_MONOCYTE_DIFFERENTIATION,Monocyte differentiation,1,32,998,0.001,0.0022,0.463,0.8932648617299456,0.9999998599426523,MT1G,False
C5_all,GO_BP,GOBP_REGULATION_OF_OLIGODENDROCYTE_DIFFERENTIATION,Regulation of oligodendrocyte differentiation,1,32,998,0.001,0.0022,0.463,0.8932648617299456,0.9999998599426523,ASPA,False
C5_all,GO_BP,GOBP_ANTIGEN_PROCESSING_AND_PRESENTATION_OF_PEPTIDE_ANTIGEN_VIA_MHC_CLASS_I,Antigen processing and presentation of peptide antigen via mhc class i,1,32,998,0.001,0.0022,0.463,0.8932648617299456,0.9999998599426523,SAR1B,False
C5_all,GO_BP,GOBP_LATE_ENDOSOME_TO_VACUOLE_TRANSPORT,Late endosome to vacuole transport,1,32,998,0.001,0.0022,0.463,0.8932648617299456,0.9999998599426523,PIK3R4,False
C5_all,GO_BP,GOBP_VIRION_ASSEMBLY,Virion assembly,1,32,998,0.001,0.0022,0.463,0.8932648617299456,0.9999998599426523,NEDD4,False
C5_all,GO_BP,GOBP_POSITIVE_REGULATION_OF_NITRIC_OXIDE_METABOLIC_PROCESS,Positive regulation of nitric oxide metabolic process,1,32,998,0.001,0.0022,0.463,0.8932648617299456,0.9999998599426523,AGXT2,False
C5_all,GO_BP,GOBP_REGULATION_OF_RECEPTOR_INTERNALIZATION,Regulation of receptor internalization,2,55,998,0.002,0.0037,0.539,0.8935779757646903,0.9999998599426523,"NUMB, FMR1",False
C5_all,GO_BP,GOBP_SISTER_CHROMATID_COHESION,Sister chromatid cohesion,2,55,998,0.002,0.0037,0.539,0.8935779757646903,0.9999998599426523,"PDS5A, HORMAD2",False
C5_all,GO_BP,GOBP_MITOCHONDRIAL_RNA_METABOLIC_PROCESS,Mitochondrial rna metabolic process,2,55,998,0.002,0.0037,0.539,0.8935779757646903,0.9999998599426523,"RPUSD4, HSD17B10",False
C5_all,GO_BP,GOBP_EPIDERMIS_DEVELOPMENT,Epidermis development,13,258,998,0.013,0.0174,0.747,0.8944968720168285,0.9999998599426523,"SOD1, PPARA, EXPH5, LGR4, ALDH3A2, CDH23, GRHL3, ERRFI1, EDA, EGFR, USH2A, SEC24B, DCT",False
C5_all,GO_BP,GOBP_NEGATIVE_REGULATION_OF_INNATE_IMMUNE_RESPONSE,Negative regulation of innate immune response,3,76,998,0.003,0.0051,0.585,0.8945852913643555,0.9999998599426523,"CNOT7, NR1H3, ARG1",False
C5_all,GO_BP,GOBP_REGULATION_OF_SIGNALING_RECEPTOR_ACTIVITY,Regulation of signaling receptor activity,3,76,998,0.003,0.0051,0.585,0.8945852913643555,0.9999998599426523,"RELN, ERRFI1, PPARA",False
C5_all,GO_BP,GOBP_PROTEIN_LOCALIZATION_TO_MITOCHONDRION,Protein localization to mitochondrion,5,115,998,0.005,0.0078,0.645,0.894859100586438,0.9999998599426523,"IMMP1L, TOMM70, LMAN1, ADCY10, DNAJC19",False
C5_all,GO_BP,GOBP_REGULATION_OF_RECEPTOR_MEDIATED_ENDOCYTOSIS,Regulation of receptor mediated endocytosis,4,96,998,0.004,0.0065,0.618,0.8955519383663058,0.9999998599426523,"NUMB, FMR1, NEU3, APOA5",False
C5_all,GO_BP,GOBP_REGULATION_OF_TELOMERE_MAINTENANCE,Regulation of telomere maintenance,4,96,998,0.004,0.0065,0.618,0.8955519383663058,0.9999998599426523,"FBXO4, TENT4B, SMG1, SMC6",False
C5_all,GO_BP,GOBP_ERYTHROCYTE_HOMEOSTASIS,Erythrocyte homeostasis,6,134,998,0.006,0.0091,0.664,0.8960153617803625,0.9999998599426523,"ARID4A, SFXN1, ARNT, L3MBTL3, HIPK2, CITED2",False
C5_all,GO_BP,GOBP_NEGATIVE_REGULATION_OF_PROTEIN_MODIFICATION_PROCESS,Negative regulation of protein modification process,19,361,998,0.019,0.0244,0.78,0.8966947407485966,0.9999998599426523,"GCLC, PPP4R4, CNKSR3, CRY2, SENP2, TTC36, PPM1E, ERRFI1, XDH, KLF15, DUSP19, DBI, PRKAG2, CEP43, SH3RF2, ENPP1, PIBF1, LRP6, RGN",False
C5_all,GO_BP,GOBP_REGULATION_OF_GTPASE_ACTIVITY,Regulation of gtpase activity,11,224,998,0.011,0.0151,0.728,0.8968205344422604,0.9999998599426523,"ARHGAP29, SOD1, EVI5, RAPGEF2, TBC1D14, FGD4, GRTP1, TBC1D8B, MMUT, SYDE2, RALGAPA2",False
C5_all,GO_BP,GOBP_POSITIVE_REGULATION_OF_CYSTEINE_TYPE_ENDOPEPTIDASE_ACTIVITY,Positive regulation of cysteine type endopeptidase activity,5,116,998,0.005,0.0078,0.639,0.8990016976460249,0.9999998599426523,"CRADD, BCL2L13, XDH, ACVR1C, TNFSF10",False
C5_all,GO_BP,GOBP_CARDIAC_VENTRICLE_MORPHOGENESIS,Cardiac ventricle morphogenesis,2,56,998,0.002,0.0038,0.529,0.8993353602179108,0.9999998599426523,"PROX1, PKP2",False
C5_all,GO_BP,GOBP_MORPHOGENESIS_OF_A_POLARIZED_EPITHELIUM,Morphogenesis of a polarized epithelium,2,56,998,0.002,0.0038,0.529,0.8993353602179108,0.9999998599426523,"SEC24B, GRHL3",False
C5_all,GO_BP,GOBP_REGULATION_OF_B_CELL_MEDIATED_IMMUNITY,Regulation of b cell mediated immunity,2,56,998,0.002,0.0038,0.529,0.8993353602179108,0.9999998599426523,"NDFIP1, C4BPB",False
C5_all,GO_BP,GOBP_PROTEOGLYCAN_METABOLIC_PROCESS,Proteoglycan metabolic process,3,77,998,0.003,0.0052,0.578,0.8995619701802071,0.9999998599426523,"NDST1, HS2ST1, HS3ST3B1",False
C5_all,GO_BP,GOBP_INTERFERON_MEDIATED_SIGNALING_PATHWAY,Interferon mediated signaling pathway,3,77,998,0.003,0.0052,0.578,0.8995619701802071,0.9999998599426523,"ARG1, CNOT7, NR1H3",False
C5_all,GO_BP,GOBP_ROOF_OF_MOUTH_DEVELOPMENT,Roof of mouth development,3,77,998,0.003,0.0052,0.578,0.8995619701802071,0.9999998599426523,"COL11A2, TBX3, ACVR2B",False
C5_all,GO_BP,GOBP_REGULATION_OF_EMBRYONIC_DEVELOPMENT,Regulation of embryonic development,3,77,998,0.003,0.0052,0.578,0.8995619701802071,0.9999998599426523,"PHLDB2, RPS6KA6, ZZZ3",False
C5_all,GO_BP,GOBP_RESPONSE_TO_INTERLEUKIN_1,Response to interleukin 1,4,97,998,0.004,0.0066,0.611,0.9000149620124658,0.9999998599426523,"IL1RAP, GHR, RORA, GCLC",False
C5_all,GO_BP,GOBP_LYTIC_VACUOLE_ORGANIZATION,Lytic vacuole organization,4,97,998,0.004,0.0066,0.611,0.9000149620124658,0.9999998599426523,"FNIP1, MFSD8, ABCA1, HOOK1",False
C5_all,GO_BP,GOBP_DETERMINATION_OF_ADULT_LIFESPAN,Determination of adult lifespan,1,33,998,0.001,0.0022,0.449,0.9004807991363617,0.9999998599426523,SOD1,False
C5_all,GO_BP,GOBP_POSITIVE_REGULATION_OF_SMOOTHENED_SIGNALING_PATHWAY,Positive regulation of smoothened signaling pathway,1,33,998,0.001,0.0022,0.449,0.9004807991363617,0.9999998599426523,NDST1,False
C5_all,GO_BP,GOBP_RESPONSE_TO_INTERLEUKIN_4,Response to interleukin 4,1,33,998,0.001,0.0022,0.449,0.9004807991363617,0.9999998599426523,ALAD,False
C5_all,GO_BP,GOBP_NEGATIVE_REGULATION_OF_SMOOTHENED_SIGNALING_PATHWAY,Negative regulation of smoothened signaling pathway,1,33,998,0.001,0.0022,0.449,0.9004807991363617,0.9999998599426523,ENPP1,False
C5_all,GO_BP,GOBP_STRESS_GRANULE_ASSEMBLY,Stress granule assembly,1,33,998,0.001,0.0022,0.449,0.9004807991363617,0.9999998599426523,FMR1,False
C5_all,GO_BP,GOBP_REGULATION_OF_ISOTYPE_SWITCHING,Regulation of isotype switching,1,33,998,0.001,0.0022,0.449,0.9004807991363617,0.9999998599426523,NDFIP1,False
C5_all,GO_BP,GOBP_G0_TO_G1_TRANSITION,G0 to g1 transition,1,33,998,0.001,0.0022,0.449,0.9004807991363617,0.9999998599426523,SMARCA2,False
C5_all,GO_BP,GOBP_POSITIVE_REGULATION_OF_LAMELLIPODIUM_ORGANIZATION,Positive regulation of lamellipodium organization,1,33,998,0.001,0.0022,0.449,0.9004807991363617,0.9999998599426523,PIK3R1,False
C5_all,GO_BP,GOBP_HEMATOPOIETIC_STEM_CELL_DIFFERENTIATION,Hematopoietic stem cell differentiation,1,33,998,0.001,0.0022,0.449,0.9004807991363617,0.9999998599426523,ITCH,False
C5_all,GO_BP,GOBP_REGULATION_OF_ACTIN_NUCLEATION,Regulation of actin nucleation,1,33,998,0.001,0.0022,0.449,0.9004807991363617,0.9999998599426523,CARMIL3,False
C5_all,GO_BP,GOBP_AUTONOMIC_NERVOUS_SYSTEM_DEVELOPMENT,Autonomic nervous system development,1,33,998,0.001,0.0022,0.449,0.9004807991363617,0.9999998599426523,PHACTR4,False
C5_all,GO_BP,GOBP_REGULATION_OF_CELL_PROJECTION_ASSEMBLY,Regulation of cell projection assembly,10,208,998,0.01,0.0141,0.713,0.9017788012169523,0.9999998599426523,"EVI5, ARHGAP35, TAPT1, FMR1, COBL, PIK3R1, TBC1D14, HAP1, CCP110, PFN2",False
C5_all,GO_BP,GOBP_NEGATIVE_REGULATION_OF_LOCOMOTION,Negative regulation of locomotion,14,278,998,0.014,0.0188,0.747,0.9021423283785494,0.9999998599426523,"ARRDC3, MCC, ARID4A, CERS2, C5, PHLDB2, ABHD6, RGN, SERPINF1, DDT, ACVR1C, PTPRK, CITED2, PFN2",False
C5_all,GO_BP,GOBP_RECEPTOR_MEDIATED_ENDOCYTOSIS,Receptor mediated endocytosis,11,226,998,0.011,0.0153,0.722,0.9027992626498793,0.9999998599426523,"TFR2, NEDD4, STAB2, LYVE1, FMR1, NEU3, SORL1, NUMB, CLEC4M, APOA5, ITCH",False
C5_all,GO_BP,GOBP_ESTABLISHMENT_OF_PROTEIN_LOCALIZATION_TO_MEMBRANE,Establishment of protein localization to membrane,12,244,998,0.012,0.0165,0.729,0.9041176931972545,0.9999998599426523,"SRPRA, SLC1A1, TOMM70, SEC61A2, AQP11, SORL1, PEX5, EGFR, SEC62, SRP54, CNST, ARL6IP1",False
C5_all,GO_BP,GOBP_PIGMENTATION,Pigmentation,4,98,998,0.004,0.0066,0.605,0.9043089421584086,0.9999998599426523,"EDA, SHROOM2, DCT, ENPP1",False
C5_all,GO_BP,GOBP_REGULATION_OF_OSSIFICATION,Regulation of ossification,4,98,998,0.004,0.0066,0.605,0.9043089421584086,0.9999998599426523,"ENPP1, ADCY10, ACVR2B, ADGRV1",False
C5_all,GO_BP,GOBP_NEGATIVE_REGULATION_OF_ACTIN_FILAMENT_POLYMERIZATION,Negative regulation of actin filament polymerization,2,57,998,0.002,0.0039,0.52,0.9048012637212167,0.9999998599426523,"KANK4, PFN2",False
C5_all,GO_BP,GOBP_MESODERM_MORPHOGENESIS,Mesoderm morphogenesis,2,57,998,0.002,0.0039,0.52,0.9048012637212167,0.9999998599426523,"TBX3, EPB41L5",False
C5_all,GO_BP,GOBP_POSITIVE_REGULATION_OF_MUSCLE_CELL_DIFFERENTIATION,Positive regulation of muscle cell differentiation,2,57,998,0.002,0.0039,0.52,0.9048012637212167,0.9999998599426523,"PROX1, AKAP6",False
C5_all,GO_BP,GOBP_REGULATION_OF_TELOMERE_MAINTENANCE_VIA_TELOMERE_LENGTHENING,Regulation of telomere maintenance via telomere lengthening,2,57,998,0.002,0.0039,0.52,0.9048012637212167,0.9999998599426523,"FBXO4, TENT4B",False
C5_all,GO_BP,GOBP_SKELETAL_SYSTEM_DEVELOPMENT,Skeletal system development,22,415,998,0.022,0.0281,0.786,0.9050691254355578,0.9999998599426523,"SRD5A1, TBX3, NFIA, CBS, GPLD1, TAPT1, ERRFI1, MAF, ATF2, ACVR2B, RDH10, RAB33B, COL11A2, MBTD1, MTHFD1, RGN, SOX5, NDST1, GHR, TSKU, CITED2, TMEM38B",False
C5_all,GO_BP,GOBP_CELL_MATURATION,Cell maturation,7,155,998,0.007,0.0105,0.669,0.905250759339772,0.9999998599426523,"ROPN1, NTN4, L3MBTL3, PLD6, REN, ROPN1B, TUT7",False
C5_all,GO_BP,GOBP_NEGATIVE_REGULATION_OF_DNA_BINDING_TRANSCRIPTION_FACTOR_ACTIVITY,Negative regulation of dna binding transcription factor activity,5,118,998,0.005,0.008,0.628,0.9068636369946649,0.9999998599426523,"PROX1, NUPR1, ESR1, ITCH, PEX14",False
C5_all,GO_BP,GOBP_NEGATIVE_REGULATION_OF_CANONICAL_WNT_SIGNALING_PATHWAY,Negative regulation of canonical wnt signaling pathway,5,118,998,0.005,0.008,0.628,0.9068636369946649,0.9999998599426523,"MCC, INVS, CDH2, STK3, TMEM170B",False
C5_all,GO_BP,GOBP_SMALL_GTPASE_MEDIATED_SIGNAL_TRANSDUCTION,Small gtpase mediated signal transduction,25,466,998,0.0251,0.0315,0.795,0.9070141817361708,0.9999998599426523,"ARHGAP29, ABCA1, KBTBD7, SYDE2, ARHGEF12, RALGAPA2, RAPGEFL1, RELN, KBTBD6, USO1, DAB1, DENND1A, RAPGEF2, RAB33B, CDON, RAPGEF4, DOK6, STARD8, CUL3, ROPN1B, FGD4, ARHGAP35, PHACTR4, RHOT1, ARHGAP20",False
C5_all,GO_BP,GOBP_DNA_STRAND_ELONGATION,Dna strand elongation,1,34,998,0.001,0.0023,0.436,0.9072093515692532,0.9999998599426523,NUCKS1,False
C5_all,GO_BP,GOBP_RNA_5_END_PROCESSING,Rna 5 end processing,1,34,998,0.001,0.0023,0.436,0.9072093515692532,0.9999998599426523,HSD17B10,False
C5_all,GO_BP,GOBP_CYTOCHROME_COMPLEX_ASSEMBLY,Cytochrome complex assembly,1,34,998,0.001,0.0023,0.436,0.9072093515692532,0.9999998599426523,LYRM7,False
C5_all,GO_BP,GOBP_T_CELL_CYTOKINE_PRODUCTION,T cell cytokine production,1,34,998,0.001,0.0023,0.436,0.9072093515692532,0.9999998599426523,ARG1,False
C5_all,GO_BP,GOBP_T_CELL_LINEAGE_COMMITMENT,T cell lineage commitment,1,34,998,0.001,0.0023,0.436,0.9072093515692532,0.9999998599426523,IL6R,False
C5_all,GO_BP,GOBP_SKELETAL_MUSCLE_CONTRACTION,Skeletal muscle contraction,1,34,998,0.001,0.0023,0.436,0.9072093515692532,0.9999998599426523,RPS6KB1,False
C5_all,GO_BP,GOBP_NEGATIVE_REGULATION_OF_CALCIUM_ION_TRANSMEMBRANE_TRANSPORT,Negative regulation of calcium ion transmembrane transport,1,34,998,0.001,0.0023,0.436,0.9072093515692532,0.9999998599426523,FMR1,False
C5_all,GO_BP,GOBP_POSITIVE_REGULATION_OF_SMAD_PROTEIN_SIGNAL_TRANSDUCTION,Positive regulation of smad protein signal transduction,1,34,998,0.001,0.0023,0.436,0.9072093515692532,0.9999998599426523,BMPER,False
C5_all,GO_BP,GOBP_POSITIVE_REGULATION_OF_LYMPHOCYTE_MIGRATION,Positive regulation of lymphocyte migration,1,34,998,0.001,0.0023,0.436,0.9072093515692532,0.9999998599426523,CD99L2,False
C5_all,GO_BP,GOBP_POSITIVE_REGULATION_OF_MITOTIC_NUCLEAR_DIVISION,Positive regulation of mitotic nuclear division,1,34,998,0.001,0.0023,0.436,0.9072093515692532,0.9999998599426523,CUL3,False
C5_all,GO_BP,GOBP_REGULATION_OF_NATURAL_KILLER_CELL_ACTIVATION,Regulation of natural killer cell activation,1,34,998,0.001,0.0023,0.436,0.9072093515692532,0.9999998599426523,PIBF1,False
C5_all,GO_BP,GOBP_POSITIVE_REGULATION_OF_CELL_CYCLE,Positive regulation of cell cycle,14,280,998,0.014,0.0189,0.741,0.9073532781499322,0.9999998599426523,"LRP6, RPS6KB1, PIWIL2, DYNLT3, PROX1, TBX3, EGFR, NUPR1, CUL3, MAP10, SMC6, NUDT16, CITED2, CDC14B",False
C5_all,GO_BP,GOBP_REGULATION_OF_TRANSLATION,Regulation of translation,17,332,998,0.017,0.0224,0.759,0.9084400480429058,0.9999998599426523,"DDX25, RPS6KB1, FXR1, SEPSECS, PIWIL2, PAIP2B, PDIK1L, CNOT7, FMR1, LARP1B, LARP4, CPEB2, SECISBP2L, RIDA, RPUSD4, SHMT1, EIF4EBP2",False
C5_all,GO_BP,GOBP_CELLULAR_RESPONSE_TO_RADIATION,Cellular response to radiation,7,156,998,0.007,0.0105,0.665,0.90859706247941,0.9999998599426523,"NEDD4, FBXO4, NUCKS1, MME, PIK3R1, CRY2, PTPRK",False
C5_all,GO_BP,GOBP_MOLTING_CYCLE_PROCESS,Molting cycle process,3,79,998,0.003,0.0053,0.563,0.9088846536478888,0.9999998599426523,"EDA, EGFR, LGR4",False
C5_all,GO_BP,GOBP_MUSCLE_ORGAN_MORPHOGENESIS,Muscle organ morphogenesis,2,58,998,0.002,0.0039,0.511,0.9099887629484034,0.9999998599426523,"PROX1, PKP2",False
C5_all,GO_BP,GOBP_CERAMIDE_BIOSYNTHETIC_PROCESS,Ceramide biosynthetic process,2,58,998,0.002,0.0039,0.511,0.9099887629484034,0.9999998599426523,"CERS2, SGMS1",False
C5_all,GO_BP,GOBP_ADENYLATE_CYCLASE_INHIBITING_G_PROTEIN_COUPLED_RECEPTOR_SIGNALING_PATHWAY,Adenylate cyclase inhibiting g protein coupled receptor signaling pathway,2,58,998,0.002,0.0039,0.511,0.9099887629484034,0.9999998599426523,"GRM1, GNAI1",False
C5_all,GO_BP,GOBP_REGULATION_OF_SUBSTRATE_ADHESION_DEPENDENT_CELL_SPREADING,Regulation of substrate adhesion dependent cell spreading,2,58,998,0.002,0.0039,0.511,0.9099887629484034,0.9999998599426523,"PKP2, POSTN",False
C5_all,GO_BP,GOBP_POSITIVE_REGULATION_OF_MIRNA_METABOLIC_PROCESS,Positive regulation of mirna metabolic process,2,58,998,0.002,0.0039,0.511,0.9099887629484034,0.9999998599426523,"EGFR, AR",False
C5_all,GO_BP,GOBP_MICROTUBULE_BASED_TRANSPORT,Microtubule based transport,9,193,998,0.009,0.013,0.691,0.9103749124393715,0.9999998599426523,"SOD1, ADCY10, NEK10, CCDC38, DLG2, HAP1, IFT46, RHOT1, PEX14",False
C5_all,GO_BP,GOBP_PROTEIN_AUTOPHOSPHORYLATION,Protein autophosphorylation,8,175,998,0.008,0.0118,0.678,0.9107254665345367,0.9999998599426523,"WNK3, TOM1L1, NEK10, ERRFI1, SMG1, EGFR, PRLR, ENPP1",False
C5_all,GO_BP,GOBP_TISSUE_REMODELING,Tissue remodeling,7,157,998,0.007,0.0106,0.661,0.9118416094738425,0.9999998599426523,"LGR4, RSPO3, EGFR, ACVR2B, PDK4, CBS, PLG",False
C5_all,GO_BP,GOBP_CELL_SUBSTRATE_JUNCTION_ORGANIZATION,Cell substrate junction organization,4,100,998,0.004,0.0068,0.593,0.9124098620079272,0.9999998599426523,"PTPRK, PHLDB2, EPB41L5, PIK3R1",False
C5_all,GO_BP,GOBP_REGULATION_OF_PROTEIN_TRANSPORT,Regulation of protein transport,19,368,998,0.019,0.0249,0.765,0.9127934305799935,0.9999998599426523,"EDEM1, SORL1, EGFR, HADH, VSNL1, GPLD1, NR1H3, PIK3R1, CNST, PCK2, ABAT, RAPGEF4, ACVR1C, SAR1B, EXPH5, NDFIP1, ZFAND1, SLC2A2, GLUD1",False
C5_all,GO_BP,GOBP_CHEMOKINE_PRODUCTION,Chemokine production,3,80,998,0.003,0.0054,0.556,0.9132455363646372,0.9999998599426523,"IL6R, C5, POSTN",False
C5_all,GO_BP,GOBP_REGULATION_OF_SMOOTHENED_SIGNALING_PATHWAY,Regulation of smoothened signaling pathway,3,80,998,0.003,0.0054,0.556,0.9132455363646372,0.9999998599426523,"ENPP1, RORA, NDST1",False
C5_all,GO_BP,GOBP_VESICLE_BUDDING_FROM_MEMBRANE,Vesicle budding from membrane,3,80,998,0.003,0.0054,0.556,0.9132455363646372,0.9999998599426523,"SEC24B, SAR1B, CUL3",False
C5_all,GO_BP,GOBP_REGULATION_OF_NEURON_APOPTOTIC_PROCESS,Regulation of neuron apoptotic process,9,194,998,0.009,0.0131,0.688,0.9132795489225497,0.9999998599426523,"SOD1, NDNF, SLC1A1, GCLC, ERBB3, NUPR1, HTR2A, HIPK2, ADCY10",False
C5_all,GO_BP,GOBP_NEGATIVE_REGULATION_OF_ORGANELLE_ORGANIZATION,Negative regulation of organelle organization,16,317,998,0.016,0.0214,0.748,0.9133715174901381,0.9999998599426523,"TENT4B, GCLC, TOM1L1, ACAA2, USP30, PHLDB2, PIK3R1, FNIP1, KANK4, BNIP3, NUPR1, MTM1, TMEM14A, TEX14, CCP110, PFN2",False
C5_all,GO_BP,GOBP_PHAGOCYTOSIS,Phagocytosis,10,212,998,0.01,0.0143,0.699,0.9133747029931015,0.9999998599426523,"SOD1, ABCA1, MESD, NR1H3, COLEC10, XKR4, FCN2, MEGF10, C4BPB, ICAM3",False
C5_all,GO_BP,GOBP_POSITIVE_REGULATION_OF_B_CELL_PROLIFERATION,Positive regulation of b cell proliferation,1,35,998,0.001,0.0024,0.424,0.9134834076081344,0.9999998599426523,PRLR,False
C5_all,GO_BP,GOBP_POSITIVE_REGULATION_OF_PROTEIN_CONTAINING_COMPLEX_DISASSEMBLY,Positive regulation of protein containing complex disassembly,1,35,998,0.001,0.0024,0.424,0.9134834076081344,0.9999998599426523,BNIP3,False
C5_all,GO_BP,GOBP_REGULATION_OF_ENDOTHELIAL_CELL_DIFFERENTIATION,Regulation of endothelial cell differentiation,1,35,998,0.001,0.0024,0.424,0.9134834076081344,0.9999998599426523,XDH,False
C5_all,GO_BP,GOBP_MATURATION_OF_SSU_RRNA_FROM_TRICISTRONIC_RRNA_TRANSCRIPT_SSU_RRNA_5_8S_RRNA_LSU_RRNA,Maturation of ssu rrna from tricistronic rrna transcript ssu rrna 5 8s rrna lsu rrna,1,35,998,0.001,0.0024,0.424,0.9134834076081344,0.9999998599426523,UTP23,False
C5_all,GO_BP,GOBP_POSITIVE_REGULATION_OF_MYOBLAST_DIFFERENTIATION,Positive regulation of myoblast differentiation,1,35,998,0.001,0.0024,0.424,0.9134834076081344,0.9999998599426523,SMARCA2,False
C5_all,GO_BP,GOBP_NEGATIVE_REGULATION_OF_ENDOTHELIAL_CELL_PROLIFERATION,Negative regulation of endothelial cell proliferation,1,35,998,0.001,0.0024,0.424,0.9134834076081344,0.9999998599426523,XDH,False
C5_all,GO_BP,GOBP_RESPONSE_TO_ANTIBIOTIC,Response to antibiotic,1,35,998,0.001,0.0024,0.424,0.9134834076081344,0.9999998599426523,SRD5A1,False
C5_all,GO_BP,GOBP_POSITIVE_REGULATION_OF_MICROTUBULE_POLYMERIZATION_OR_DEPOLYMERIZATION,Positive regulation of microtubule polymerization or depolymerization,1,35,998,0.001,0.0024,0.424,0.9134834076081344,0.9999998599426523,PDE4DIP,False
C5_all,GO_BP,GOBP_REGULATION_OF_CELL_FATE_COMMITMENT,Regulation of cell fate commitment,1,35,998,0.001,0.0024,0.424,0.9134834076081344,0.9999998599426523,AR,False
C5_all,GO_BP,GOBP_DNA_MODIFICATION,Dna modification,1,35,998,0.001,0.0024,0.424,0.9134834076081344,0.9999998599426523,A1CF,False
C5_all,GO_BP,GOBP_REGULATION_OF_ESTABLISHMENT_OF_PROTEIN_LOCALIZATION,Regulation of establishment of protein localization,24,453,998,0.024,0.0306,0.785,0.9142799967253112,0.9999998599426523,"EDEM1, TOMM70, SORL1, EGFR, LMAN1, ADCY10, VSNL1, HADH, GPLD1, SLC1A1, NR1H3, PIK3R1, CNST, PCK2, ABAT, RAPGEF4, ACVR1C, SAR1B, EXPH5, EPB41L5, NDFIP1, ZFAND1, SLC2A2, GLUD1",False
C5_all,GO_BP,GOBP_REGULATION_OF_MYOBLAST_DIFFERENTIATION,Regulation of myoblast differentiation,2,59,998,0.002,0.004,0.502,0.9149104988144167,0.9999998599426523,"TBX3, SMARCA2",False
C5_all,GO_BP,GOBP_REGULATION_OF_GLIAL_CELL_DIFFERENTIATION,Regulation of glial cell differentiation,2,59,998,0.002,0.004,0.502,0.9149104988144167,0.9999998599426523,"ASPA, DAB1",False
C5_all,GO_BP,GOBP_COLLAGEN_FIBRIL_ORGANIZATION,Collagen fibril organization,2,59,998,0.002,0.004,0.502,0.9149104988144167,0.9999998599426523,"COL11A2, COL28A1",False
C5_all,GO_BP,GOBP_REGULATION_OF_MICROTUBULE_POLYMERIZATION,Regulation of microtubule polymerization,2,59,998,0.002,0.004,0.502,0.9149104988144167,0.9999998599426523,"HAUS4, PDE4DIP",False
C5_all,GO_BP,GOBP_NEGATIVE_REGULATION_OF_NUCLEAR_DIVISION,Negative regulation of nuclear division,2,59,998,0.002,0.004,0.502,0.9149104988144167,0.9999998599426523,"TOM1L1, TEX14",False
C5_all,GO_BP,GOBP_MOTILE_CILIUM_ASSEMBLY,Motile cilium assembly,2,59,998,0.002,0.004,0.502,0.9149104988144167,0.9999998599426523,"ZMYND12, CCDC38",False
C5_all,GO_BP,GOBP_NEGATIVE_REGULATION_OF_CELL_DEVELOPMENT,Negative regulation of cell development,10,213,998,0.01,0.0144,0.696,0.9160862418340784,0.9999998599426523,"CERS2, RAPGEF2, DAB1, PROX1, SORL1, PIK3R1, RTN4, CLEC4G, TTPA, TRPC5",False
C5_all,GO_BP,GOBP_CALCIUM_MEDIATED_SIGNALING,Calcium mediated signaling,9,195,998,0.009,0.0132,0.684,0.916103893962862,0.9999998599426523,"ERBB3, HOMER2, RGN, P2RX3, ITPR2, NR5A2, AVPR1A, TMEM38B, AKAP6",False
C5_all,GO_BP,GOBP_OSTEOBLAST_DIFFERENTIATION,Osteoblast differentiation,9,195,998,0.009,0.0132,0.684,0.916103893962862,0.9999998599426523,"SMOC1, TMT1A, IL6R, LGR4, NR1I3, ZHX3, CAT, ACVR2B, HSD17B4",False
C5_all,GO_BP,GOBP_REGULATION_OF_REGULATED_SECRETORY_PATHWAY,Regulation of regulated secretory pathway,4,101,998,0.004,0.0068,0.587,0.9162266914816661,0.9999998599426523,"SYT10, FMR1, PFN2, SYT1",False
C5_all,GO_BP,GOBP_CYTOSKELETON_DEPENDENT_CYTOKINESIS,Cytoskeleton dependent cytokinesis,4,101,998,0.004,0.0068,0.587,0.9162266914816661,0.9999998599426523,"CECR2, DCDC1, ROPN1B, IQGAP2",False
C5_all,GO_BP,GOBP_POSITIVE_REGULATION_OF_PROTEOLYSIS,Positive regulation of proteolysis,15,301,998,0.015,0.0203,0.739,0.9162417951691114,0.9999998599426523,"GPLD1, CRADD, SH3RF2, ZYG11B, BCL2L13, GCLC, FMR1, HECTD1, L3MBTL3, RGN, XDH, NUPR1, ACVR1C, TNFSF10, KLKB1",False
C5_all,GO_BP,GOBP_NON_MEMBRANE_BOUNDED_ORGANELLE_ASSEMBLY,Non membrane bounded organelle assembly,19,370,998,0.019,0.025,0.761,0.9169963774692997,0.9999998599426523,"PATL1, AR, RTTN, MAP10, ZFYVE1, TUBGCP4, WNK3, HAUS4, MYOM2, CNOT7, PROX1, CCP110, FITM1, TUBB1, FXR1, NCOR1, FMR1, PIBF1, MDN1",False
C5_all,GO_BP,GOBP_NEGATIVE_REGULATION_OF_TRANSPORT,Negative regulation of transport,18,353,998,0.018,0.0239,0.756,0.91711862495642,0.9999998599426523,"NEDD4, WNK3, HADH, SLC30A1, RAB33B, NR1H3, NEU3, ERBB3, FMR1, SLC26A5, CRY2, HTR2A, ACVR1C, NDFIP1, ENPP1, MAOB, VSNL1, ABAT",False
C5_all,GO_BP,GOBP_ENDOCYTIC_RECYCLING,Endocytic recycling,3,81,998,0.003,0.0055,0.549,0.9174157806455818,0.9999998599426523,"SORL1, EHD3, DENND1A",False
C5_all,GO_BP,GOBP_ORGANELLE_TRANSPORT_ALONG_MICROTUBULE,Organelle transport along microtubule,3,81,998,0.003,0.0055,0.549,0.9174157806455818,0.9999998599426523,"RHOT1, HAP1, PEX14",False
C5_all,GO_BP,GOBP_NEGATIVE_REGULATION_OF_LEUKOCYTE_CELL_CELL_ADHESION,Negative regulation of leukocyte cell cell adhesion,5,121,998,0.005,0.0082,0.613,0.9176533905755038,0.9999998599426523,"PPARA, CLEC4G, NDFIP1, ARG1, ITCH",False
C5_all,GO_BP,GOBP_VESICLE_MEDIATED_TRANSPORT_IN_SYNAPSE,Vesicle mediated transport in synapse,9,196,998,0.009,0.0132,0.681,0.9188495477453665,0.9999998599426523,"SYT10, CDH2, ABCA13, FMR1, RAPGEF4, SYT1, NUMB, SYN3, PFN2",False
C5_all,GO_BP,GOBP_REGULATION_OF_CELL_GROWTH,Regulation of cell growth,18,354,998,0.018,0.0239,0.754,0.9191984135093574,0.9999998599426523,"ADCY10, CEP43, PPARA, TOMM70, RAB33B, ITCH, JADE3, SYT1, SMARCA2, EGFR, AVPR1A, RTN4, ENPP1, TRPC5, CPNE6, EI24, AKAP6, SGK3",False
C5_all,GO_BP,GOBP_REGULATION_OF_HUMORAL_IMMUNE_RESPONSE,Regulation of humoral immune response,1,36,998,0.001,0.0024,0.412,0.9193336385998737,0.9999998599426523,C4BPB,False
C5_all,GO_BP,GOBP_REGULATION_OF_LAMELLIPODIUM_ASSEMBLY,Regulation of lamellipodium assembly,1,36,998,0.001,0.0024,0.412,0.9193336385998737,0.9999998599426523,PIK3R1,False
C5_all,GO_BP,GOBP_MITOTIC_G2_DNA_DAMAGE_CHECKPOINT_SIGNALING,Mitotic g2 dna damage checkpoint signaling,1,36,998,0.001,0.0024,0.412,0.9193336385998737,0.9999998599426523,CDC14B,False
C5_all,GO_BP,GOBP_POSITIVE_REGULATION_OF_RESPONSE_TO_ENDOPLASMIC_RETICULUM_STRESS,Positive regulation of response to endoplasmic reticulum stress,1,36,998,0.001,0.0024,0.412,0.9193336385998737,0.9999998599426523,PIK3R1,False
C5_all,GO_BP,GOBP_PIGMENT_GRANULE_ORGANIZATION,Pigment granule organization,1,36,998,0.001,0.0024,0.412,0.9193336385998737,0.9999998599426523,SHROOM2,False
C5_all,GO_BP,GOBP_POSITIVE_REGULATION_OF_TELOMERE_MAINTENANCE_VIA_TELOMERE_LENGTHENING,Positive regulation of telomere maintenance via telomere lengthening,1,36,998,0.001,0.0024,0.412,0.9193336385998737,0.9999998599426523,FBXO4,False
C5_all,GO_BP,GOBP_RESPONSE_TO_ANGIOTENSIN,Response to angiotensin,1,36,998,0.001,0.0024,0.412,0.9193336385998737,0.9999998599426523,SLC30A10,False
C5_all,GO_BP,GOBP_BONE_RESORPTION,Bone resorption,2,60,998,0.002,0.0041,0.494,0.9195786757035104,0.9999998599426523,"EGFR, PDK4",False
C5_all,GO_BP,GOBP_ENDOSOME_TO_LYSOSOME_TRANSPORT,Endosome to lysosome transport,2,60,998,0.002,0.0041,0.494,0.9195786757035104,0.9999998599426523,"HOOK1, MTM1",False
C5_all,GO_BP,GOBP_POSITIVE_REGULATION_OF_NUCLEOCYTOPLASMIC_TRANSPORT,Positive regulation of nucleocytoplasmic transport,2,60,998,0.002,0.0041,0.494,0.9195786757035104,0.9999998599426523,"NEDD4, PIK3R1",False
C5_all,GO_BP,GOBP_NON_CANONICAL_WNT_SIGNALING_PATHWAY,Non canonical wnt signaling pathway,2,60,998,0.002,0.0041,0.494,0.9195786757035104,0.9999998599426523,"RSPO3, GRHL3",False
C5_all,GO_BP,GOBP_MAINTENANCE_OF_PROTEIN_LOCATION_IN_CELL,Maintenance of protein location in cell,2,60,998,0.002,0.0041,0.494,0.9195786757035104,0.9999998599426523,"SORL1, PKP2",False
C5_all,GO_BP,GOBP_POSITIVE_REGULATION_OF_DNA_REPAIR,Positive regulation of dna repair,5,122,998,0.005,0.0082,0.608,0.9209969143643221,0.9999998599426523,"SMARCA2, SKP2, EGFR, MGMT, MBTD1",False
C5_all,GO_BP,GOBP_REGULATION_OF_EPITHELIAL_CELL_MIGRATION,Regulation of epithelial cell migration,10,215,998,0.01,0.0145,0.689,0.9212940660604717,0.9999998599426523,"GPLD1, MCC, PLG, PROX1, BMPER, RTN4, EPB41L5, SERPINF1, EPB41L4B, PFN2",False
C5_all,GO_BP,GOBP_MYELOID_CELL_DEVELOPMENT,Myeloid cell development,3,82,998,0.003,0.0055,0.542,0.9214024386985444,0.9999998599426523,"ARID4A, CITED2, L3MBTL3",False
C5_all,GO_BP,GOBP_FOCAL_ADHESION_ASSEMBLY,Focal adhesion assembly,3,82,998,0.003,0.0055,0.542,0.9214024386985444,0.9999998599426523,"PTPRK, PHLDB2, EPB41L5",False
C5_all,GO_BP,GOBP_BONE_REMODELING,Bone remodeling,3,82,998,0.003,0.0055,0.542,0.9214024386985444,0.9999998599426523,"LGR4, EGFR, PDK4",False
C5_all,GO_BP,GOBP_T_CELL_DIFFERENTIATION_INVOLVED_IN_IMMUNE_RESPONSE,T cell differentiation involved in immune response,3,82,998,0.003,0.0055,0.542,0.9214024386985444,0.9999998599426523,"IL6R, RORA, IL27",False
C5_all,GO_BP,GOBP_MEMBRANE_DOCKING,Membrane docking,3,82,998,0.003,0.0055,0.542,0.9214024386985444,0.9999998599426523,"STX17, USO1, SYT1",False
C5_all,GO_BP,GOBP_BIOLOGICAL_PROCESS_INVOLVED_IN_INTERACTION_WITH_HOST,Biological process involved in interaction with host,8,179,998,0.008,0.0121,0.663,0.9223078604734002,0.9999998599426523,"PPARA, TMPRSS4, EGFR, HTR2A, CLEC4M, CLEC4G, ITCH, WWP1",False
C5_all,GO_BP,GOBP_GLYCOPROTEIN_BIOSYNTHETIC_PROCESS,Glycoprotein biosynthetic process,13,269,998,0.013,0.0182,0.716,0.9228302120511445,0.9999998599426523,"GCNT2, C1GALT1, TMTC4, ST3GAL6, AQP11, MAN2A1, CRPPA, ENTPD5, HS2ST1, NDST1, POFUT1, HS3ST3B1, SLC39A8",False
C5_all,GO_BP,GOBP_AUTOPHAGY_OF_MITOCHONDRION,Autophagy of mitochondrion,4,103,998,0.004,0.007,0.576,0.9234172855623427,0.9999998599426523,"BNIP3, ADCY10, USP30, ATG2B",False
C5_all,GO_BP,GOBP_SKIN_EPIDERMIS_DEVELOPMENT,Skin epidermis development,4,103,998,0.004,0.007,0.576,0.9234172855623427,0.9999998599426523,"EDA, EGFR, GRHL3, LGR4",False
C5_all,GO_BP,GOBP_LEUKOCYTE_APOPTOTIC_PROCESS,Leukocyte apoptotic process,4,103,998,0.004,0.007,0.576,0.9234172855623427,0.9999998599426523,"FNIP1, RAPGEF2, GPAM, RAG1",False
C5_all,GO_BP,GOBP_PEPTIDYL_TYROSINE_MODIFICATION,Peptidyl tyrosine modification,10,216,998,0.01,0.0146,0.686,0.9237931102922236,0.9999998599426523,"RELN, IL6R, CNOT7, ERRFI1, EGFR, PRLR, GHR, HTR2A, GFRA1, PIBF1",False
C5_all,GO_BP,GOBP_SIGNAL_TRANSDUCTION_BY_P53_CLASS_MEDIATOR,Signal transduction by p53 class mediator,7,161,998,0.007,0.0109,0.645,0.9238476337830996,0.9999998599426523,"CRADD, RPS6KA6, TRIM24, KDM8, NUPR1, HIPK2, ZNF385B",False
C5_all,GO_BP,GOBP_POSITIVE_REGULATION_OF_PATTERN_RECOGNITION_RECEPTOR_SIGNALING_PATHWAY,Positive regulation of pattern recognition receptor signaling pathway,2,61,998,0.002,0.0041,0.486,0.9240050627825622,0.9999998599426523,"NR1H3, RTN4",False
C5_all,GO_BP,GOBP_TRANSCRIPTION_BY_RNA_POLYMERASE_III,Transcription by rna polymerase iii,2,61,998,0.002,0.0041,0.486,0.9240050627825622,0.9999998599426523,"POLR3G, AR",False
C5_all,GO_BP,GOBP_REGULATION_OF_EXTRACELLULAR_MATRIX_ORGANIZATION,Regulation of extracellular matrix organization,2,61,998,0.002,0.0041,0.486,0.9240050627825622,0.9999998599426523,"PHLDB2, CPB2",False
C5_all,GO_BP,GOBP_PROTEIN_LOCALIZATION_TO_CELL_SURFACE,Protein localization to cell surface,2,61,998,0.002,0.0041,0.486,0.9240050627825622,0.9999998599426523,"PTPRK, MESD",False
C5_all,GO_BP,GOBP_ANTIGEN_PROCESSING_AND_PRESENTATION_OF_PEPTIDE_ANTIGEN,Antigen processing and presentation of peptide antigen,2,61,998,0.002,0.0041,0.486,0.9240050627825622,0.9999998599426523,"SAR1B, CLEC4M",False
C5_all,GO_BP,GOBP_PROTON_TRANSMEMBRANE_TRANSPORT,Proton transmembrane transport,5,123,998,0.005,0.0083,0.603,0.9242198176417997,0.9999998599426523,"SLC25A13, SLC46A1, SLC4A10, SLC47A1, COX7A2L",False
C5_all,GO_BP,GOBP_POSITIVE_REGULATION_OF_STEM_CELL_PROLIFERATION,Positive regulation of stem cell proliferation,1,37,998,0.001,0.0025,0.401,0.9247886479966297,0.9999998599426523,TBX3,False
C5_all,GO_BP,GOBP_SPLICEOSOMAL_SNRNP_ASSEMBLY,Spliceosomal snrnp assembly,1,37,998,0.001,0.0025,0.401,0.9247886479966297,0.9999998599426523,GEMIN6,False
C5_all,GO_BP,GOBP_POSITIVE_REGULATION_OF_GLIAL_CELL_DIFFERENTIATION,Positive regulation of glial cell differentiation,1,37,998,0.001,0.0025,0.401,0.9247886479966297,0.9999998599426523,ASPA,False
C5_all,GO_BP,GOBP_REGULATION_OF_CELLULAR_SENESCENCE,Regulation of cellular senescence,1,37,998,0.001,0.0025,0.401,0.9247886479966297,0.9999998599426523,NEK4,False
C5_all,GO_BP,GOBP_POSITIVE_REGULATION_OF_INTERLEUKIN_10_PRODUCTION,Positive regulation of interleukin 10 production,1,37,998,0.001,0.0025,0.401,0.9247886479966297,0.9999998599426523,PIBF1,False
C5_all,GO_BP,GOBP_REGULATION_OF_STRESS_ACTIVATED_PROTEIN_KINASE_SIGNALING_CASCADE,Regulation of stress activated protein kinase signaling cascade,1,37,998,0.001,0.0025,0.401,0.9247886479966297,0.9999998599426523,KLHDC10,False
C5_all,GO_BP,GOBP_REGULATION_OF_JUN_KINASE_ACTIVITY,Regulation of jun kinase activity,1,37,998,0.001,0.0025,0.401,0.9247886479966297,0.9999998599426523,DUSP19,False
C5_all,GO_BP,GOBP_MONOCYTE_CHEMOTAXIS,Monocyte chemotaxis,1,37,998,0.001,0.0025,0.401,0.9247886479966297,0.9999998599426523,IL6R,False
C5_all,GO_BP,GOBP_REGULATION_OF_BIOMINERAL_TISSUE_DEVELOPMENT,Regulation of biomineral tissue development,3,83,998,0.003,0.0056,0.536,0.9252123974550219,0.9999998599426523,"ENPP1, ACVR2B, ADGRV1",False
C5_all,GO_BP,GOBP_MITOTIC_DNA_INTEGRITY_CHECKPOINT_SIGNALING,Mitotic dna integrity checkpoint signaling,3,83,998,0.003,0.0056,0.536,0.9252123974550219,0.9999998599426523,"CRADD, CDC14B, ATF2",False
C5_all,GO_BP,GOBP_T_CELL_DIFFERENTIATION_IN_THYMUS,T cell differentiation in thymus,3,83,998,0.003,0.0056,0.536,0.9252123974550219,0.9999998599426523,"SOD1, CLEC4G, RAG1",False
C5_all,GO_BP,GOBP_GLYCOPROTEIN_METABOLIC_PROCESS,Glycoprotein metabolic process,16,323,998,0.016,0.0218,0.734,0.9262114966157534,0.9999998599426523,"GCNT2, SLC34A1, EDEM1, C1GALT1, TMTC4, ST3GAL6, AQP11, CRPPA, ENTPD5, MAN2A1, POFUT1, HS2ST1, NDST1, HS3ST3B1, SLC39A8, NEU4",False
C5_all,GO_BP,GOBP_REGULATION_OF_CELL_SUBSTRATE_ADHESION,Regulation of cell substrate adhesion,9,199,998,0.009,0.0135,0.67,0.9266303021332181,0.9999998599426523,"GCNT2, NDNF, PHLDB2, PIK3R1, POSTN, PKP2, EPB41L5, EGFLAM, PLG",False
C5_all,GO_BP,GOBP_MITOTIC_SPINDLE_ORGANIZATION,Mitotic spindle organization,5,124,998,0.005,0.0084,0.598,0.9273255805895739,0.9999998599426523,"FSD1, GNAI1, MAP10, RMDN1, PIBF1",False
C5_all,GO_BP,GOBP_CELL_CELL_JUNCTION_ORGANIZATION,Cell cell junction organization,8,181,998,0.008,0.0122,0.655,0.9275968153503275,0.9999998599426523,"CDH2, MPDZ, DSG1, CLDN12, MTSS1, GJB1, NUMB, PKP2",False
C5_all,GO_BP,GOBP_CELLULAR_RESPONSE_TO_VASCULAR_ENDOTHELIAL_GROWTH_FACTOR_STIMULUS,Cellular response to vascular endothelial growth factor stimulus,2,62,998,0.002,0.0042,0.478,0.9282009971222543,0.9999998599426523,"MT1G, XDH",False
C5_all,GO_BP,GOBP_MITOTIC_SISTER_CHROMATID_SEPARATION,Mitotic sister chromatid separation,2,62,998,0.002,0.0042,0.478,0.9282009971222543,0.9999998599426523,"CUL3, TEX14",False
C5_all,GO_BP,GOBP_MEMBRANE_BIOGENESIS,Membrane biogenesis,2,62,998,0.002,0.0042,0.478,0.9282009971222543,0.9999998599426523,"CDH2, PEX11A",False
C5_all,GO_BP,GOBP_POSITIVE_REGULATION_OF_PROTEIN_POLYMERIZATION,Positive regulation of protein polymerization,3,84,998,0.003,0.0057,0.529,0.9288523743659078,0.9999998599426523,"PDE4DIP, TPPP2, PFN2",False
C5_all,GO_BP,GOBP_REGULATION_OF_SPROUTING_ANGIOGENESIS,Regulation of sprouting angiogenesis,1,38,998,0.001,0.0026,0.39,0.9298751106448213,0.9999998599426523,BMPER,False
C5_all,GO_BP,GOBP_DNA_SYNTHESIS_INVOLVED_IN_DNA_REPAIR,Dna synthesis involved in dna repair,1,38,998,0.001,0.0026,0.39,0.9298751106448213,0.9999998599426523,SYCP1,False
C5_all,GO_BP,GOBP_ENDOCARDIAL_CUSHION_MORPHOGENESIS,Endocardial cushion morphogenesis,1,38,998,0.001,0.0026,0.39,0.9298751106448213,0.9999998599426523,TBX3,False
C5_all,GO_BP,GOBP_POSITIVE_REGULATION_OF_PROTEIN_IMPORT_INTO_NUCLEUS,Positive regulation of protein import into nucleus,1,38,998,0.001,0.0026,0.39,0.9298751106448213,0.9999998599426523,PIK3R1,False
C5_all,GO_BP,GOBP_REGULATION_OF_TYPE_I_INTERFERON_MEDIATED_SIGNALING_PATHWAY,Regulation of type i interferon mediated signaling pathway,1,38,998,0.001,0.0026,0.39,0.9298751106448213,0.9999998599426523,CNOT7,False
C5_all,GO_BP,GOBP_SYNAPSE_ORGANIZATION,Synapse organization,21,411,998,0.021,0.0278,0.757,0.930038960140113,0.9999998599426523,"NEDD4, CDH2, NFIA, IL1RAP, SLC1A1, RELN, SLC30A1, GPHN, PPFIBP1, SLC6A1, PTPRF, CUX2, ABHD17B, CPNE6, NOS1AP, PFN2, MESD, DRD1, GPR158, SLITRK3, CNKSR2",False
C5_all,GO_BP,GOBP_ORGANELLE_MEMBRANE_FUSION,Organelle membrane fusion,4,105,998,0.004,0.0071,0.565,0.9300484724436356,0.9999998599426523,"GOSR1, STX17, USO1, SYT1",False
C5_all,GO_BP,GOBP_CYTOSKELETON_DEPENDENT_INTRACELLULAR_TRANSPORT,Cytoskeleton dependent intracellular transport,8,182,998,0.008,0.0123,0.652,0.9301222323177546,0.9999998599426523,"SOD1, HOOK1, CCDC38, DLG2, HAP1, IFT46, RHOT1, PEX14",False
C5_all,GO_BP,GOBP_SMOOTH_MUSCLE_CELL_PROLIFERATION,Smooth muscle cell proliferation,5,125,998,0.005,0.0084,0.593,0.9303176349293558,0.9999998599426523,"RPS6KB1, IL6R, PIK3R1, EGFR, NDRG2",False
C5_all,GO_BP,GOBP_POSITIVE_REGULATION_OF_EPITHELIAL_CELL_MIGRATION,Positive regulation of epithelial cell migration,6,145,998,0.006,0.0098,0.613,0.9319777960687633,0.9999998599426523,"GPLD1, PROX1, RTN4, EPB41L5, EPB41L4B, PLG",False
C5_all,GO_BP,GOBP_VESICLE_TARGETING,Vesicle targeting,2,63,998,0.002,0.0043,0.471,0.9321773883766896,0.9999998599426523,"SAR1B, CUL3",False
C5_all,GO_BP,GOBP_REGULATION_OF_STEM_CELL_POPULATION_MAINTENANCE,Regulation of stem cell population maintenance,2,63,998,0.002,0.0043,0.471,0.9321773883766896,0.9999998599426523,"ARID4A, SMARCA2",False
C5_all,GO_BP,GOBP_RNA_STABILIZATION,Rna stabilization,2,63,998,0.002,0.0043,0.471,0.9321773883766896,0.9999998599426523,"TENT4B, LARP1B",False
C5_all,GO_BP,GOBP_NEGATIVE_REGULATION_OF_ENDOCYTOSIS,Negative regulation of endocytosis,2,63,998,0.002,0.0043,0.471,0.9321773883766896,0.9999998599426523,"NR1H3, NEU3",False
C5_all,GO_BP,GOBP_ESTABLISHMENT_OF_PROTEIN_LOCALIZATION_TO_PLASMA_MEMBRANE,Establishment of protein localization to plasma membrane,2,63,998,0.002,0.0043,0.471,0.9321773883766896,0.9999998599426523,"SORL1, CNST",False
C5_all,GO_BP,GOBP_OLIGODENDROCYTE_DIFFERENTIATION,Oligodendrocyte differentiation,3,85,998,0.003,0.0057,0.523,0.9323289141347353,0.9999998599426523,"BNIP3, MIOS, ASPA",False
C5_all,GO_BP,GOBP_RNA_LOCALIZATION,Rna localization,8,183,998,0.008,0.0124,0.648,0.9325707184337896,0.9999998599426523,"DDX25, FXR1, A1CF, NUP88, FMR1, NXF5, SMG1, SENP2",False
C5_all,GO_BP,GOBP_CELL_MORPHOGENESIS_INVOLVED_IN_NEURON_DIFFERENTIATION,Cell morphogenesis involved in neuron differentiation,26,498,998,0.0261,0.0337,0.774,0.9337784231205182,0.9999998599426523,"SOD1, USP33, NEDD4, APLP2, SEC24B, ADCY10, RELN, SLC30A1, DAB1, RTN4, RAPH1, NTN4, RAPGEF2, ARK2C, CUX2, SS18L1, ARHGAP35, CDH23, CRPPA, COBL, NUMB, SDC2, SLITRK3, ADCY1, TRPC5, TSKU",False
C5_all,GO_BP,GOBP_RIBOSOME_DISASSEMBLY,Ribosome disassembly,1,39,998,0.001,0.0026,0.38,0.9346179027006948,0.9999998599426523,KLHDC10,False
C5_all,GO_BP,GOBP_REGULATION_OF_ERYTHROCYTE_DIFFERENTIATION,Regulation of erythrocyte differentiation,1,39,998,0.001,0.0026,0.38,0.9346179027006948,0.9999998599426523,ARNT,False
C5_all,GO_BP,GOBP_NEGATIVE_REGULATION_OF_DNA_REPAIR,Negative regulation of dna repair,1,39,998,0.001,0.0026,0.38,0.9346179027006948,0.9999998599426523,RADX,False
C5_all,GO_BP,GOBP_POSITIVE_REGULATION_OF_DNA_REPLICATION,Positive regulation of dna replication,1,39,998,0.001,0.0026,0.38,0.9346179027006948,0.9999998599426523,EGFR,False
C5_all,GO_BP,GOBP_RESPONSE_TO_TOPOLOGICALLY_INCORRECT_PROTEIN,Response to topologically incorrect protein,6,146,998,0.006,0.0099,0.609,0.9346263302927359,0.9999998599426523,"EDEM1, TMTC4, KBTBD6, PIK3R1, CUL3, CREB3L4",False
C5_all,GO_BP,GOBP_EPIDERMAL_CELL_DIFFERENTIATION,Epidermal cell differentiation,6,146,998,0.006,0.0099,0.609,0.9346263302927359,0.9999998599426523,"SOD1, EXPH5, CDH23, ERRFI1, USH2A, SEC24B",False
C5_all,GO_BP,GOBP_REGULATION_OF_MICROTUBULE_CYTOSKELETON_ORGANIZATION,Regulation of microtubule cytoskeleton organization,6,146,998,0.006,0.0099,0.609,0.9346263302927359,0.9999998599426523,"HAUS4, FSD1, GNAI1, PHLDB2, PDE4DIP, DIXDC1",False
C5_all,GO_BP,GOBP_NEGATIVE_REGULATION_OF_CELL_ACTIVATION,Negative regulation of cell activation,8,184,998,0.008,0.0124,0.645,0.934944086637747,0.9999998599426523,"GCLC, NR1H3, ENPP3, CLEC4G, NDFIP1, ARG1, ITCH, PIBF1",False
C5_all,GO_BP,GOBP_POSITIVE_REGULATION_OF_CELL_DEVELOPMENT,Positive regulation of cell development,20,397,998,0.02,0.0268,0.747,0.935249694959584,0.9999998599426523,"MME, EGFR, ASPA, ADCY10, DCT, RELN, SLC30A1, FXR1, CDON, FMR1, SMARCA2, CUX2, SS18L1, RAG1, MAN2A1, PLAG1, NUMB, HAP1, SERPINF1, TRPC5",False
C5_all,GO_BP,GOBP_REGULATION_OF_NEURON_PROJECTION_DEVELOPMENT,Regulation of neuron projection development,20,397,998,0.02,0.0268,0.747,0.935249694959584,0.9999998599426523,"NEDD4, CSMD3, ADCY10, RELN, SLC30A1, DAB1, RTN4, NEU4, NDNF, RAPGEF2, PTPRF, CUX2, SS18L1, CERS2, ARHGAP35, COBL, SDC2, SERPINF1, TRPC5, TSKU",False
C5_all,GO_BP,GOBP_CELLULAR_EXTRAVASATION,Cellular extravasation,2,64,998,0.002,0.0043,0.463,0.9359447247973813,0.9999998599426523,"CD99L2, LYVE1",False
C5_all,GO_BP,GOBP_CELLULAR_RESPONSE_TO_IONIZING_RADIATION,Cellular response to ionizing radiation,2,64,998,0.002,0.0043,0.463,0.9359447247973813,0.9999998599426523,"FBXO4, NUCKS1",False
C5_all,GO_BP,GOBP_STRIATED_MUSCLE_CELL_PROLIFERATION,Striated muscle cell proliferation,2,64,998,0.002,0.0043,0.463,0.9359447247973813,0.9999998599426523,"CITED2, MEGF10",False
C5_all,GO_BP,GOBP_CELLULAR_RESPONSE_TO_HYDROGEN_PEROXIDE,Cellular response to hydrogen peroxide,2,64,998,0.002,0.0043,0.463,0.9359447247973813,0.9999998599426523,"BNIP3, CAT",False
C5_all,GO_BP,GOBP_STRIATED_MUSCLE_CELL_DEVELOPMENT,Striated muscle cell development,2,64,998,0.002,0.0043,0.463,0.9359447247973813,0.9999998599426523,"PROX1, MYOM2",False
C5_all,GO_BP,GOBP_MICROTUBULE_BUNDLE_FORMATION,Microtubule bundle formation,4,107,998,0.004,0.0072,0.554,0.9361566668604444,0.9999998599426523,"ZMYND12, LRRC61, TPPP2, NCKAP5",False
C5_all,GO_BP,GOBP_ALPHA_BETA_T_CELL_ACTIVATION,Alpha beta t cell activation,7,166,998,0.007,0.0112,0.625,0.9368352017458804,0.9999998599426523,"IL6R, RORA, ATF2, CLEC4G, NDFIP1, ITCH, IL27",False
C5_all,GO_BP,GOBP_MEMBRANE_FUSION,Membrane fusion,6,147,998,0.006,0.0099,0.605,0.9371830581838115,0.9999998599426523,"GOSR1, USO1, SERPINA5, SYT1, ROPN1B, STX17",False
C5_all,GO_BP,GOBP_CHROMOSOME_SEGREGATION,Chromosome segregation,19,381,998,0.019,0.0258,0.739,0.937228672739343,0.9999998599426523,"TEX15, TLK1, SETDB2, TERB2, MAP10, SYCP1, TUBGCP4, SYCE1, HAUS4, TEX14, TUBB1, NCOR1, SMARCA2, MAJIN, CUL3, RMDN1, PIBF1, SMC6, MAEL",False
C5_all,GO_BP,GOBP_PATTERN_SPECIFICATION_PROCESS,Pattern specification process,16,329,998,0.016,0.0222,0.721,0.9374161021956046,0.9999998599426523,"RELN, CDON, ACVR2B, TBX3, GRHL3, SETDB2, POFUT1, AR, COBL, RTTN, CXXC4, PLD6, EPB41L5, HIPK2, CITED2, ALDH1A2",False
C5_all,GO_BP,GOBP_REGULATION_OF_EXTENT_OF_CELL_GROWTH,Regulation of extent of cell growth,3,87,998,0.003,0.0059,0.511,0.9388169836392856,0.9999998599426523,"TRPC5, ADCY10, RTN4",False
C5_all,GO_BP,GOBP_HEMATOPOIETIC_OR_LYMPHOID_ORGAN_DEVELOPMENT,Hematopoietic or lymphoid organ development,3,87,998,0.003,0.0059,0.511,0.9388169836392856,0.9999998599426523,"SOD1, CITED2, RAG1",False
C5_all,GO_BP,GOBP_PEPTIDYL_CYSTEINE_MODIFICATION,Peptidyl cysteine modification,1,40,998,0.001,0.0027,0.371,0.9390402228026742,0.9999998599426523,NOS1AP,False
C5_all,GO_BP,GOBP_TRABECULA_MORPHOGENESIS,Trabecula morphogenesis,1,40,998,0.001,0.0027,0.371,0.9390402228026742,0.9999998599426523,ADGRG6,False
C5_all,GO_BP,GOBP_PROTEIN_INSERTION_INTO_MEMBRANE,Protein insertion into membrane,1,40,998,0.001,0.0027,0.371,0.9390402228026742,0.9999998599426523,EGFR,False
C5_all,GO_BP,GOBP_NEURON_MATURATION,Neuron maturation,1,40,998,0.001,0.0027,0.371,0.9390402228026742,0.9999998599426523,NTN4,False
C5_all,GO_BP,GOBP_NEGATIVE_REGULATION_OF_T_CELL_DIFFERENTIATION,Negative regulation of t cell differentiation,1,40,998,0.001,0.0027,0.371,0.9390402228026742,0.9999998599426523,CLEC4G,False
C5_all,GO_BP,GOBP_REGULATION_OF_EXTRINSIC_APOPTOTIC_SIGNALING_PATHWAY_VIA_DEATH_DOMAIN_RECEPTORS,Regulation of extrinsic apoptotic signaling pathway via death domain receptors,1,40,998,0.001,0.0027,0.371,0.9390402228026742,0.9999998599426523,STK3,False
C5_all,GO_BP,GOBP_POSITIVE_REGULATION_OF_CELL_PROJECTION_ORGANIZATION,Positive regulation of cell projection organization,16,330,998,0.016,0.0223,0.719,0.9391354326204872,0.9999998599426523,"NDNF, ADCY10, RAPGEF2, RELN, ARHGAP35, SLC30A1, TAPT1, FMR1, COBL, PIK3R1, HAP1, CCP110, SERPINF1, TRPC5, CUX2, SS18L1",False
C5_all,GO_BP,GOBP_PROTEIN_N_LINKED_GLYCOSYLATION,Protein n linked glycosylation,2,65,998,0.002,0.0044,0.456,0.9395130803806462,0.9999998599426523,"SLC39A8, ENTPD5",False
C5_all,GO_BP,GOBP_CELLULAR_COMPONENT_MAINTENANCE,Cellular component maintenance,2,65,998,0.002,0.0044,0.456,0.9395130803806462,0.9999998599426523,"ABHD17B, MTSS1",False
C5_all,GO_BP,GOBP_RNA_TEMPLATED_DNA_BIOSYNTHETIC_PROCESS,Rna templated dna biosynthetic process,2,65,998,0.002,0.0044,0.456,0.9395130803806462,0.9999998599426523,"FBXO4, TENT4B",False
C5_all,GO_BP,GOBP_FEEDING_BEHAVIOR,Feeding behavior,2,65,998,0.002,0.0044,0.456,0.9395130803806462,0.9999998599426523,"DRD1, REN",False
C5_all,GO_BP,GOBP_POSITIVE_REGULATION_OF_RESPONSE_TO_WOUNDING,Positive regulation of response to wounding,2,65,998,0.002,0.0044,0.456,0.9395130803806462,0.9999998599426523,"CPB2, PLG",False
C5_all,GO_BP,GOBP_NEURON_MIGRATION,Neuron migration,6,148,998,0.006,0.01,0.601,0.9396505545537059,0.9999998599426523,"NDNF, RAPGEF2, RELN, DAB1, DRD1, PEX5",False
C5_all,GO_BP,GOBP_ERK1_AND_ERK2_CASCADE,Erk1 and erk2 cascade,12,260,998,0.012,0.0176,0.684,0.9408458522353431,0.9999998599426523,"GCNT2, ADRA1A, RAPGEF2, RPS6KA6, SLC30A10, NEK10, BMPER, CNKSR3, EGFR, DDT, HTR2A, NDRG2",False
C5_all,GO_BP,GOBP_PROTEIN_FOLDING,Protein folding,8,187,998,0.008,0.0126,0.634,0.941631350853889,0.9999998599426523,"MESD, ST13, CLPX, ENTPD5, LMAN1, CCT6B, DNAJC19, LYRM7",False
C5_all,GO_BP,GOBP_REGULATION_OF_ALPHA_BETA_T_CELL_ACTIVATION,Regulation of alpha beta t cell activation,4,109,998,0.004,0.0074,0.544,0.9417768225561065,0.9999998599426523,"ITCH, CLEC4G, NDFIP1, IL27",False
C5_all,GO_BP,GOBP_RESPONSE_TO_HYDROGEN_PEROXIDE,Response to hydrogen peroxide,3,88,998,0.003,0.0059,0.505,0.9418407211759808,0.9999998599426523,"BNIP3, SOD1, CAT",False
C5_all,GO_BP,GOBP_NEGATIVE_REGULATION_OF_VASCULATURE_DEVELOPMENT,Negative regulation of vasculature development,3,88,998,0.003,0.0059,0.505,0.9418407211759808,0.9999998599426523,"SERPINF1, PDE3B, ATF2",False
C5_all,GO_BP,GOBP_MULTICELLULAR_ORGANISMAL_LEVEL_CHEMICAL_HOMEOSTASIS,Multicellular organismal level chemical homeostasis,2,66,998,0.002,0.0045,0.449,0.9428921229684231,0.9999998599426523,"TFR2, HJV",False
C5_all,GO_BP,GOBP_MITOPHAGY,Mitophagy,2,66,998,0.002,0.0045,0.449,0.9428921229684231,0.9999998599426523,"ADCY10, USP30",False
C5_all,GO_BP,GOBP_NEUROMUSCULAR_PROCESS_CONTROLLING_BALANCE,Neuromuscular process controlling balance,1,41,998,0.001,0.0028,0.362,0.9431637050883548,0.9999998599426523,CDH23,False
C5_all,GO_BP,GOBP_NEGATIVE_REGULATION_OF_MAP_KINASE_ACTIVITY,Negative regulation of map kinase activity,1,41,998,0.001,0.0028,0.362,0.9431637050883548,0.9999998599426523,DUSP19,False
C5_all,GO_BP,GOBP_REGULATION_OF_PROTEIN_TYROSINE_KINASE_ACTIVITY,Regulation of protein tyrosine kinase activity,1,41,998,0.001,0.0028,0.362,0.9431637050883548,0.9999998599426523,ERRFI1,False
C5_all,GO_BP,GOBP_VASCULAR_ENDOTHELIAL_GROWTH_FACTOR_SIGNALING_PATHWAY,Vascular endothelial growth factor signaling pathway,1,41,998,0.001,0.0028,0.362,0.9431637050883548,0.9999998599426523,XDH,False
C5_all,GO_BP,GOBP_REGULATION_OF_NEUTROPHIL_MIGRATION,Regulation of neutrophil migration,1,41,998,0.001,0.0028,0.362,0.9431637050883548,0.9999998599426523,CD99L2,False
C5_all,GO_BP,GOBP_CELL_JUNCTION_MAINTENANCE,Cell junction maintenance,1,41,998,0.001,0.0028,0.362,0.9431637050883548,0.9999998599426523,MTSS1,False
C5_all,GO_BP,GOBP_EYE_PHOTORECEPTOR_CELL_DIFFERENTIATION,Eye photoreceptor cell differentiation,1,41,998,0.001,0.0028,0.362,0.9431637050883548,0.9999998599426523,THRB,False
C5_all,GO_BP,GOBP_GOLGI_TO_PLASMA_MEMBRANE_PROTEIN_TRANSPORT,Golgi to plasma membrane protein transport,1,41,998,0.001,0.0028,0.362,0.9431637050883548,0.9999998599426523,CNST,False
C5_all,GO_BP,GOBP_NEGATIVE_REGULATION_OF_CELL_CELL_ADHESION,Negative regulation of cell cell adhesion,7,169,998,0.007,0.0114,0.614,0.9436545102023991,0.9999998599426523,"PPARA, EPB41L5, CLEC4G, NDFIP1, ARG1, ITCH, PLG",False
C5_all,GO_BP,GOBP_NEGATIVE_REGULATION_OF_IMMUNE_RESPONSE,Negative regulation of immune response,7,169,998,0.007,0.0114,0.614,0.9436545102023991,0.9999998599426523,"CNOT7, NR1H3, ENPP3, CLEC4G, NDFIP1, C4BPB, ARG1",False
C5_all,GO_BP,GOBP_REGULATION_OF_AXONOGENESIS,Regulation of axonogenesis,5,130,998,0.005,0.0088,0.57,0.9436886587107755,0.9999998599426523,"ADCY10, ARHGAP35, DAB1, RTN4, TRPC5",False
C5_all,GO_BP,GOBP_POSITIVE_REGULATION_OF_DNA_BINDING_TRANSCRIPTION_FACTOR_ACTIVITY,Positive regulation of dna binding transcription factor activity,8,188,998,0.008,0.0127,0.631,0.9437220185919848,0.9999998599426523,"LRP6, IL1RAP, AR, STK3, ESR1, ATF2, ADCY1, HIPK2",False
C5_all,GO_BP,GOBP_REGULATION_OF_PATTERN_RECOGNITION_RECEPTOR_SIGNALING_PATHWAY,Regulation of pattern recognition receptor signaling pathway,6,150,998,0.006,0.0101,0.593,0.9443279564573916,0.9999998599426523,"NR1H3, LGR4, PIK3R1, RTN4, ESR1, ITCH",False
C5_all,GO_BP,GOBP_RECEPTOR_INTERNALIZATION,Receptor internalization,4,110,998,0.004,0.0074,0.539,0.9444143911369913,0.9999998599426523,"NUMB, FMR1, NEDD4, ITCH",False
C5_all,GO_BP,GOBP_ADAPTIVE_IMMUNE_RESPONSE_BASED_ON_SOMATIC_RECOMBINATION_OF_IMMUNE_RECEPTORS_BUILT_FROM_IMMUNOGLOBULIN_SUPERFAMILY_DOMAINS,Adaptive immune response based on somatic recombination of immune receptors built from immunoglobulin superfamily domains,13,280,998,0.013,0.0189,0.688,0.9444628116722086,0.9999998599426523,"IL6R, C5, C1S, C6, MASP2, C8A, CLEC4G, RORA, ARG1, NDFIP1, C4BPB, C8B, IL27",False
C5_all,GO_BP,GOBP_REGULATION_OF_DNA_BINDING_TRANSCRIPTION_FACTOR_ACTIVITY,Regulation of dna binding transcription factor activity,14,298,998,0.014,0.0201,0.696,0.9446875704792354,0.9999998599426523,"LRP6, IL1RAP, PROX1, AR, STK3, NUPR1, ESR1, ATF2, ADCY1, HIPK2, ENPP1, ITCH, PEX14, SGK3",False
C5_all,GO_BP,GOBP_REGULATION_OF_PEPTIDASE_ACTIVITY,Regulation of peptidase activity,11,244,998,0.011,0.0165,0.668,0.9446941625565354,0.9999998599426523,"CRADD, BCL2L13, CAAP1, SERPINA5, SERPINA10, FNIP1, XDH, ACVR1C, SERPINF1, TNFSF10, ARL6IP1",False
C5_all,GO_BP,GOBP_CD4_POSITIVE_ALPHA_BETA_T_CELL_DIFFERENTIATION,Cd4 positive alpha beta t cell differentiation,3,89,998,0.003,0.006,0.5,0.9447254359674244,0.9999998599426523,"IL6R, RORA, IL27",False
C5_all,GO_BP,GOBP_POSITIVE_REGULATION_OF_DNA_BIOSYNTHETIC_PROCESS,Positive regulation of dna biosynthetic process,2,67,998,0.002,0.0045,0.442,0.9460911231416288,0.9999998599426523,"FBXO4, HTR2A",False
C5_all,GO_BP,GOBP_TIGHT_JUNCTION_ORGANIZATION,Tight junction organization,2,67,998,0.002,0.0045,0.442,0.9460911231416288,0.9999998599426523,"MPDZ, CLDN12",False
C5_all,GO_BP,GOBP_REGULATION_OF_TISSUE_REMODELING,Regulation of tissue remodeling,2,67,998,0.002,0.0045,0.442,0.9460911231416288,0.9999998599426523,"EGFR, PDK4",False
C5_all,GO_BP,GOBP_EPITHELIAL_TO_MESENCHYMAL_TRANSITION,Epithelial to mesenchymal transition,6,151,998,0.006,0.0102,0.589,0.946542811846481,0.9999998599426523,"GCNT2, LRP6, PHLDB2, TBX3, RTN4, EPB41L5",False
C5_all,GO_BP,GOBP_DENDRITIC_CELL_DIFFERENTIATION,Dendritic cell differentiation,1,42,998,0.001,0.0028,0.353,0.9470085246045089,0.9999998599426523,DHRS2,False
C5_all,GO_BP,GOBP_LEUKOCYTE_ADHESION_TO_VASCULAR_ENDOTHELIAL_CELL,Leukocyte adhesion to vascular endothelial cell,1,42,998,0.001,0.0028,0.353,0.9470085246045089,0.9999998599426523,SLC39A8,False
C5_all,GO_BP,GOBP_REGULATION_OF_T_HELPER_CELL_DIFFERENTIATION,Regulation of t helper cell differentiation,1,42,998,0.001,0.0028,0.353,0.9470085246045089,0.9999998599426523,IL27,False
C5_all,GO_BP,GOBP_REGULATION_OF_VASCULAR_PERMEABILITY,Regulation of vascular permeability,1,42,998,0.001,0.0028,0.353,0.9470085246045089,0.9999998599426523,ARHGAP35,False
C5_all,GO_BP,GOBP_CELLULAR_RESPONSE_TO_GLUCOSE_STARVATION,Cellular response to glucose starvation,1,42,998,0.001,0.0028,0.353,0.9470085246045089,0.9999998599426523,PIK3R4,False
C5_all,GO_BP,GOBP_POSITIVE_REGULATION_OF_G1_S_TRANSITION_OF_MITOTIC_CELL_CYCLE,Positive regulation of g1 s transition of mitotic cell cycle,1,42,998,0.001,0.0028,0.353,0.9470085246045089,0.9999998599426523,EGFR,False
C5_all,GO_BP,GOBP_RESPONSE_TO_RETINOIC_ACID,Response to retinoic acid,3,90,998,0.003,0.0061,0.494,0.9474767873659022,0.9999998599426523,"SERPINF1, ABCA1, ALDH1A2",False
C5_all,GO_BP,GOBP_EMBRYONIC_APPENDAGE_MORPHOGENESIS,Embryonic appendage morphogenesis,3,90,998,0.003,0.0061,0.494,0.9474767873659022,0.9999998599426523,"TBX3, ALDH1A2, RDH10",False
C5_all,GO_BP,GOBP_ENDOSOME_ORGANIZATION,Endosome organization,3,90,998,0.003,0.0061,0.494,0.9474767873659022,0.9999998599426523,"AQP11, PI4K2B, HOOK1",False
C5_all,GO_BP,GOBP_REGULATION_OF_OSTEOBLAST_DIFFERENTIATION,Regulation of osteoblast differentiation,4,112,998,0.004,0.0076,0.529,0.9493646598905825,0.9999998599426523,"SMOC1, IL6R, ZHX3, ACVR2B",False
C5_all,GO_BP,GOBP_REGULATION_OF_MRNA_SPLICING_VIA_SPLICEOSOME,Regulation of mrna splicing via spliceosome,3,91,998,0.003,0.0062,0.489,0.950100257841589,0.9999998599426523,"FMR1, PRDX6, SLC39A5",False
C5_all,GO_BP,GOBP_REGULATION_OF_PHAGOCYTOSIS,Regulation of phagocytosis,3,91,998,0.003,0.0062,0.489,0.950100257841589,0.9999998599426523,"SOD1, COLEC10, FCN2",False
C5_all,GO_BP,GOBP_VIRAL_PROCESS,Viral process,19,390,998,0.019,0.0264,0.722,0.9505260762583858,0.9999998599426523,"NEDD4, TMPRSS4, EGFR, CLEC4G, ZFYVE1, NFIA, CNOT7, PROX1, NUCKS1, HTR2A, CLEC4M, NR5A2, WWP1, GBP7, PPARA, FMR1, ITCH, MAN2A1, SMC6",False
C5_all,GO_BP,GOBP_VESICLE_TRANSPORT_ALONG_MICROTUBULE,Vesicle transport along microtubule,1,43,998,0.001,0.0029,0.345,0.9505934956216389,0.9999998599426523,HAP1,False
C5_all,GO_BP,GOBP_NEGATIVE_REGULATION_OF_SMOOTH_MUSCLE_CELL_PROLIFERATION,Negative regulation of smooth muscle cell proliferation,1,43,998,0.001,0.0029,0.345,0.9505934956216389,0.9999998599426523,NDRG2,False
C5_all,GO_BP,GOBP_CARDIAC_MUSCLE_CELL_PROLIFERATION,Cardiac muscle cell proliferation,1,43,998,0.001,0.0029,0.345,0.9505934956216389,0.9999998599426523,CITED2,False
C5_all,GO_BP,GOBP_POSITIVE_T_CELL_SELECTION,Positive t cell selection,1,43,998,0.001,0.0029,0.345,0.9505934956216389,0.9999998599426523,IL6R,False
C5_all,GO_BP,GOBP_PHOTORECEPTOR_CELL_DEVELOPMENT,Photoreceptor cell development,1,43,998,0.001,0.0029,0.345,0.9505934956216389,0.9999998599426523,THRB,False
C5_all,GO_BP,GOBP_REGULATION_OF_RAS_PROTEIN_SIGNAL_TRANSDUCTION,Regulation of ras protein signal transduction,1,43,998,0.001,0.0029,0.345,0.9505934956216389,0.9999998599426523,SYDE2,False
C5_all,GO_BP,GOBP_PROTEIN_LOCALIZATION_TO_CHROMATIN,Protein localization to chromatin,1,43,998,0.001,0.0029,0.345,0.9505934956216389,0.9999998599426523,ESR1,False
C5_all,GO_BP,GOBP_MICROTUBULE_DEPOLYMERIZATION,Microtubule depolymerization,1,43,998,0.001,0.0029,0.345,0.9505934956216389,0.9999998599426523,NCKAP5,False
C5_all,GO_BP,GOBP_CYTOKINETIC_PROCESS,Cytokinetic process,1,43,998,0.001,0.0029,0.345,0.9505934956216389,0.9999998599426523,IQGAP2,False
C5_all,GO_BP,GOBP_CORTICAL_ACTIN_CYTOSKELETON_ORGANIZATION,Cortical actin cytoskeleton organization,1,43,998,0.001,0.0029,0.345,0.9505934956216389,0.9999998599426523,IQGAP2,False
C5_all,GO_BP,GOBP_NEGATIVE_REGULATION_OF_CELL_GROWTH,Negative regulation of cell growth,6,153,998,0.006,0.0103,0.581,0.9507368874901891,0.9999998599426523,"PPARA, TOMM70, SMARCA2, RTN4, ENPP1, EI24",False
C5_all,GO_BP,GOBP_RNA_CATABOLIC_PROCESS,Rna catabolic process,12,266,998,0.012,0.018,0.669,0.9510858302754812,0.9999998599426523,"FXR1, TENT4B, A1CF, PATL1, FMR1, CNOT7, LARP1B, RIDA, NUDT12, SMG1, NUDT16, TUT7",False
C5_all,GO_BP,GOBP_POSITIVE_REGULATION_OF_CELLULAR_COMPONENT_BIOGENESIS,Positive regulation of cellular component biogenesis,23,460,998,0.023,0.0311,0.741,0.9514847178083936,0.9999998599426523,"ABCA1, PHLDB2, SETDB2, FNIP2, PPM1E, IL1RAP, TAPT1, PIK3R1, TRABD2B, MTSS1, CCP110, ATF7IP2, FNIP1, FMR1, CUX2, TPPP2, PFN2, ARHGAP35, PDE4DIP, COBL, HAP1, SLITRK3, EPB41L5",False
C5_all,GO_BP,GOBP_PLATELET_AGGREGATION,Platelet aggregation,2,69,998,0.002,0.0047,0.43,0.9519841500380182,0.9999998599426523,"HTR2A, TUBB1",False
C5_all,GO_BP,GOBP_LYMPHOCYTE_HOMEOSTASIS,Lymphocyte homeostasis,2,69,998,0.002,0.0047,0.43,0.9519841500380182,0.9999998599426523,"GPAM, RAG1",False
C5_all,GO_BP,GOBP_REGULATION_OF_PROTEIN_DEPHOSPHORYLATION,Regulation of protein dephosphorylation,2,69,998,0.002,0.0047,0.43,0.9519841500380182,0.9999998599426523,"PPP4R4, CRY2",False
C5_all,GO_BP,GOBP_POSITIVE_REGULATION_OF_SMALL_GTPASE_MEDIATED_SIGNAL_TRANSDUCTION,Positive regulation of small gtpase mediated signal transduction,2,69,998,0.002,0.0047,0.43,0.9519841500380182,0.9999998599426523,"RELN, CDON",False
C5_all,GO_BP,GOBP_MITOTIC_SPINDLE_ASSEMBLY,Mitotic spindle assembly,2,69,998,0.002,0.0047,0.43,0.9519841500380182,0.9999998599426523,"PIBF1, MAP10",False
C5_all,GO_BP,GOBP_REGULATION_OF_CELL_MATRIX_ADHESION,Regulation of cell matrix adhesion,4,114,998,0.004,0.0077,0.52,0.9539074710560564,0.9999998599426523,"PHLDB2, EPB41L5, PIK3R1, POSTN",False
C5_all,GO_BP,GOBP_T_HELPER_1_TYPE_IMMUNE_RESPONSE,T helper 1 type immune response,1,44,998,0.001,0.003,0.337,0.9539361633302419,0.9999998599426523,IL27,False
C5_all,GO_BP,GOBP_INTEGRATED_STRESS_RESPONSE_SIGNALING,Integrated stress response signaling,1,44,998,0.001,0.003,0.337,0.9539361633302419,0.9999998599426523,MAF,False
C5_all,GO_BP,GOBP_MULTIVESICULAR_BODY_SORTING_PATHWAY,Multivesicular body sorting pathway,1,44,998,0.001,0.003,0.337,0.9539361633302419,0.9999998599426523,EXPH5,False
C5_all,GO_BP,GOBP_REGULATION_OF_ALTERNATIVE_MRNA_SPLICING_VIA_SPLICEOSOME,Regulation of alternative mrna splicing via spliceosome,1,44,998,0.001,0.003,0.337,0.9539361633302419,0.9999998599426523,FMR1,False
C5_all,GO_BP,GOBP_REGULATION_OF_CELL_ADHESION_MEDIATED_BY_INTEGRIN,Regulation of cell adhesion mediated by integrin,1,44,998,0.001,0.003,0.337,0.9539361633302419,0.9999998599426523,PDE3B,False
C5_all,GO_BP,GOBP_REGULATION_OF_T_CELL_MIGRATION,Regulation of t cell migration,1,44,998,0.001,0.003,0.337,0.9539361633302419,0.9999998599426523,CD99L2,False
C5_all,GO_BP,GOBP_NEGATIVE_REGULATION_OF_MYELOID_LEUKOCYTE_DIFFERENTIATION,Negative regulation of myeloid leukocyte differentiation,1,44,998,0.001,0.003,0.337,0.9539361633302419,0.9999998599426523,PIK3R1,False
C5_all,GO_BP,GOBP_SMAD_PROTEIN_SIGNAL_TRANSDUCTION,Smad protein signal transduction,2,70,998,0.002,0.0047,0.424,0.9546948199910739,0.9999998599426523,"BMPER, HIPK2",False
C5_all,GO_BP,GOBP_POSITIVE_REGULATION_OF_DNA_RECOMBINATION,Positive regulation of dna recombination,2,70,998,0.002,0.0047,0.424,0.9546948199910739,0.9999998599426523,"SKP2, MBTD1",False
C5_all,GO_BP,GOBP_SPLICEOSOMAL_COMPLEX_ASSEMBLY,Spliceosomal complex assembly,2,70,998,0.002,0.0047,0.424,0.9546948199910739,0.9999998599426523,"GCFC2, GEMIN6",False
C5_all,GO_BP,GOBP_NEGATIVE_REGULATION_OF_APOPTOTIC_SIGNALING_PATHWAY,Negative regulation of apoptotic signaling pathway,8,194,998,0.008,0.0131,0.611,0.9549315060827112,0.9999998599426523,"RPS6KB1, GCLC, CAAP1, ACAA2, STRADB, AR, TMEM14A, SGK3",False
C5_all,GO_BP,GOBP_DNA_RECOMBINATION,Dna recombination,14,305,998,0.014,0.0206,0.68,0.9552294551351633,0.9999998599426523,"FAN1, TEX15, NUCKS1, RADX, ZRANB3, SKP2, MAJIN, TERB2, SYCP1, NDFIP1, SMC6, THAP9, MBTD1, RAG1",False
C5_all,GO_BP,GOBP_NEGATIVE_REGULATION_OF_PHOSPHORYLATION,Negative regulation of phosphorylation,12,269,998,0.012,0.0182,0.661,0.9555983567210414,0.9999998599426523,"LRP6, PRKAG2, CEP43, ENPP1, RGN, ERRFI1, XDH, CNKSR3, PPM1E, TTC36, DUSP19, PIBF1",False
C5_all,GO_BP,GOBP_POSITIVE_REGULATION_OF_MITOTIC_CELL_CYCLE,Positive regulation of mitotic cell cycle,4,115,998,0.004,0.0078,0.516,0.956035340262169,0.9999998599426523,"EGFR, RPS6KB1, CUL3, DYNLT3",False
C5_all,GO_BP,GOBP_RESPONSE_TO_EPIDERMAL_GROWTH_FACTOR,Response to epidermal growth factor,1,45,998,0.001,0.003,0.329,0.9570528893638974,0.9999998599426523,EGFR,False
C5_all,GO_BP,GOBP_CLATHRIN_DEPENDENT_ENDOCYTOSIS,Clathrin dependent endocytosis,1,45,998,0.001,0.003,0.329,0.9570528893638974,0.9999998599426523,NEU3,False
C5_all,GO_BP,GOBP_DETECTION_OF_LIGHT_STIMULUS,Detection of light stimulus,1,45,998,0.001,0.003,0.329,0.9570528893638974,0.9999998599426523,TRPC3,False
C5_all,GO_BP,GOBP_DNA_BIOSYNTHETIC_PROCESS,Dna biosynthetic process,7,176,998,0.007,0.0119,0.59,0.9570854675579117,0.9999998599426523,"TENT4B, TOM1L1, JADE3, FBXO4, RGN, HTR2A, SYCP1",False
C5_all,GO_BP,GOBP_RECOMBINATIONAL_REPAIR,Recombinational repair,7,176,998,0.007,0.0119,0.59,0.9570854675579117,0.9999998599426523,"FAN1, TEX15, NUCKS1, RADX, SKP2, SMC6, MBTD1",False
C5_all,GO_BP,GOBP_NEGATIVE_REGULATION_OF_PROTEIN_POLYMERIZATION,Negative regulation of protein polymerization,2,71,998,0.002,0.0048,0.418,0.9572587552383566,0.9999998599426523,"KANK4, PFN2",False
C5_all,GO_BP,GOBP_POSITIVE_REGULATION_OF_AXONOGENESIS,Positive regulation of axonogenesis,2,71,998,0.002,0.0048,0.418,0.9572587552383566,0.9999998599426523,"TRPC5, ADCY10",False
C5_all,GO_BP,GOBP_REGULATION_OF_APOPTOTIC_SIGNALING_PATHWAY,Regulation of apoptotic signaling pathway,15,325,998,0.015,0.022,0.684,0.9579119457605794,0.9999998599426523,"SOD1, CRADD, RPS6KB1, GCLC, CAAP1, ACAA2, STRADB, AR, STK3, NUPR1, TMEM14A, SGMS1, ADCY10, TNFSF10, SGK3",False
C5_all,GO_BP,GOBP_REGULATION_OF_DNA_REPLICATION,Regulation of dna replication,4,116,998,0.004,0.0078,0.511,0.9580722560698883,0.9999998599426523,"PDS5A, EGFR, NUCKS1, JADE3",False
C5_all,GO_BP,GOBP_NEGATIVE_REGULATION_OF_KINASE_ACTIVITY,Negative regulation of kinase activity,6,157,998,0.006,0.0106,0.567,0.9582472176565652,0.9999998599426523,"LRP6, PRKAG2, CEP43, ERRFI1, PPM1E, DUSP19",False
C5_all,GO_BP,GOBP_REGULATION_OF_INTRACELLULAR_PROTEIN_TRANSPORT,Regulation of intracellular protein transport,5,137,998,0.005,0.0093,0.541,0.9585257470634733,0.9999998599426523,"SAR1B, EDEM1, SORL1, PIK3R1, ZFAND1",False
C5_all,GO_BP,GOBP_RESPONSE_TO_REACTIVE_OXYGEN_SPECIES,Response to reactive oxygen species,7,177,998,0.007,0.012,0.586,0.9587488488389316,0.9999998599426523,"SOD1, PEX5, BNIP3, EGFR, CAT, PTPRK, PEX14",False
C5_all,GO_BP,GOBP_REGULATION_OF_CYCLIN_DEPENDENT_PROTEIN_KINASE_ACTIVITY,Regulation of cyclin dependent protein kinase activity,2,72,998,0.002,0.0049,0.412,0.9596833919864,0.9999998599426523,"EGFR, PROX1",False
C5_all,GO_BP,GOBP_POSITIVE_REGULATION_OF_ACTIN_FILAMENT_POLYMERIZATION,Positive regulation of actin filament polymerization,1,46,998,0.001,0.0031,0.322,0.9599589315643741,0.9999998599426523,PFN2,False
C5_all,GO_BP,GOBP_EMBRYONIC_DIGIT_MORPHOGENESIS,Embryonic digit morphogenesis,1,46,998,0.001,0.0031,0.322,0.9599589315643741,0.9999998599426523,TBX3,False
C5_all,GO_BP,GOBP_FACE_DEVELOPMENT,Face development,1,46,998,0.001,0.0031,0.322,0.9599589315643741,0.9999998599426523,ALDH1A2,False
C5_all,GO_BP,GOBP_MEMBRANE_PROTEIN_ECTODOMAIN_PROTEOLYSIS,Membrane protein ectodomain proteolysis,1,46,998,0.001,0.0031,0.322,0.9599589315643741,0.9999998599426523,GPLD1,False
C5_all,GO_BP,GOBP_REGULATION_OF_MAP_KINASE_ACTIVITY,Regulation of map kinase activity,4,117,998,0.004,0.0079,0.507,0.9600216463957197,0.9999998599426523,"DUSP19, EGFR, GHR, NEK10",False
C5_all,GO_BP,GOBP_REGULATION_OF_SIGNAL_TRANSDUCTION_BY_P53_CLASS_MEDIATOR,Regulation of signal transduction by p53 class mediator,3,96,998,0.003,0.0065,0.463,0.9614790957042538,0.9999998599426523,"KDM8, TRIM24, HIPK2",False
C5_all,GO_BP,GOBP_REGULATION_OF_T_CELL_PROLIFERATION,Regulation of t cell proliferation,6,159,998,0.006,0.0107,0.559,0.9615988052575871,0.9999998599426523,"ITCH, CLEC4G, NDFIP1, ARG1, GPAM, IL27",False
C5_all,GO_BP,GOBP_ALPHA_BETA_T_CELL_DIFFERENTIATION,Alpha beta t cell differentiation,4,118,998,0.004,0.008,0.502,0.9618868397080375,0.9999998599426523,"RORA, IL6R, ATF2, IL27",False
C5_all,GO_BP,GOBP_TELOMERE_MAINTENANCE_VIA_TELOMERE_LENGTHENING,Telomere maintenance via telomere lengthening,2,73,998,0.002,0.0049,0.406,0.961975832167199,0.9999998599426523,"FBXO4, TENT4B",False
C5_all,GO_BP,GOBP_SOMATIC_DIVERSIFICATION_OF_IMMUNE_RECEPTORS,Somatic diversification of immune receptors,2,73,998,0.002,0.0049,0.406,0.961975832167199,0.9999998599426523,"NDFIP1, RAG1",False
C5_all,GO_BP,GOBP_ENDOPLASMIC_RETICULUM_UNFOLDED_PROTEIN_RESPONSE,Endoplasmic reticulum unfolded protein response,2,73,998,0.002,0.0049,0.406,0.961975832167199,0.9999998599426523,"PIK3R1, TMTC4",False
C5_all,GO_BP,GOBP_RETROGRADE_VESICLE_MEDIATED_TRANSPORT_GOLGI_TO_ENDOPLASMIC_RETICULUM,Retrograde vesicle mediated transport golgi to endoplasmic reticulum,1,47,998,0.001,0.0032,0.315,0.9626685183760607,0.9999998599426523,RAB33B,False
C5_all,GO_BP,GOBP_NEGATIVE_REGULATION_OF_CYTOPLASMIC_PATTERN_RECOGNITION_RECEPTOR_SIGNALING_PATHWAY,Negative regulation of cytoplasmic pattern recognition receptor signaling pathway,1,47,998,0.001,0.0032,0.315,0.9626685183760607,0.9999998599426523,ITCH,False
C5_all,GO_BP,GOBP_NEGATIVE_REGULATION_OF_LYMPHOCYTE_DIFFERENTIATION,Negative regulation of lymphocyte differentiation,1,47,998,0.001,0.0032,0.315,0.9626685183760607,0.9999998599426523,CLEC4G,False
C5_all,GO_BP,GOBP_NEGATIVE_REGULATION_OF_VIRAL_GENOME_REPLICATION,Negative regulation of viral genome replication,1,47,998,0.001,0.0032,0.315,0.9626685183760607,0.9999998599426523,PROX1,False
C5_all,GO_BP,GOBP_RESPONSE_TO_VIRUS,Response to virus,16,347,998,0.016,0.0235,0.684,0.9627428855039079,0.9999998599426523,"GBP7, TOMM70, ITCH, CNOT7, FMR1, ABCC9, POLR3G, PPM1B, ILRUN, UAP1, SKP2, BNIP3, ATF2, DDX60L, GPAM, IL27",False
C5_all,GO_BP,GOBP_MUSCLE_CELL_PROLIFERATION,Muscle cell proliferation,7,180,998,0.007,0.0122,0.576,0.9633957001044524,0.9999998599426523,"RPS6KB1, IL6R, PIK3R1, EGFR, MEGF10, NDRG2, CITED2",False
C5_all,GO_BP,GOBP_POSITIVE_REGULATION_OF_PROTEIN_CONTAINING_COMPLEX_ASSEMBLY,Positive regulation of protein containing complex assembly,7,180,998,0.007,0.0122,0.576,0.9633957001044524,0.9999998599426523,"ABCA1, PDE4DIP, FNIP1, TRABD2B, FNIP2, TPPP2, PFN2",False
C5_all,GO_BP,GOBP_POSITIVE_REGULATION_OF_TUMOR_NECROSIS_FACTOR_SUPERFAMILY_CYTOKINE_PRODUCTION,Positive regulation of tumor necrosis factor superfamily cytokine production,3,97,998,0.003,0.0066,0.458,0.9634407169922896,0.9999998599426523,"DDT, PIK3R1, ZBTB20",False
C5_all,GO_BP,GOBP_ENDOTHELIAL_CELL_PROLIFERATION,Endothelial cell proliferation,5,140,998,0.005,0.0095,0.529,0.9637128547791075,0.9999998599426523,"ARNT, PROX1, BMPER, XDH, ALDH1A2",False
C5_all,GO_BP,GOBP_NEGATIVE_REGULATION_OF_LYMPHOCYTE_ACTIVATION,Negative regulation of lymphocyte activation,5,140,998,0.005,0.0095,0.529,0.9637128547791075,0.9999998599426523,"CLEC4G, NDFIP1, ARG1, ITCH, PIBF1",False
C5_all,GO_BP,GOBP_B_CELL_PROLIFERATION,B cell proliferation,2,74,998,0.002,0.005,0.401,0.9641428546446754,0.9999998599426523,"PRLR, CTPS1",False
C5_all,GO_BP,GOBP_REGULATION_OF_SYNAPSE_STRUCTURE_OR_ACTIVITY,Regulation of synapse structure or activity,9,220,998,0.009,0.0149,0.606,0.9651330237301404,0.9999998599426523,"CDH2, IL1RAP, NEDD4, RELN, CUX2, SLC30A1, GPR158, SLITRK3, ABHD17B",False
C5_all,GO_BP,GOBP_NEGATIVE_REGULATION_OF_NEURON_DIFFERENTIATION,Negative regulation of neuron differentiation,1,48,998,0.001,0.0032,0.309,0.9651949182309933,0.9999998599426523,DIXDC1,False
C5_all,GO_BP,GOBP_ENDOLYSOSOMAL_TOLL_LIKE_RECEPTOR_SIGNALING_PATHWAY,Endolysosomal toll like receptor signaling pathway,1,48,998,0.001,0.0032,0.309,0.9651949182309933,0.9999998599426523,RTN4,False
C5_all,GO_BP,GOBP_PROTEIN_ACETYLATION,Protein acetylation,1,48,998,0.001,0.0032,0.309,0.9651949182309933,0.9999998599426523,KLF15,False
C5_all,GO_BP,GOBP_REGULATION_OF_LAMELLIPODIUM_ORGANIZATION,Regulation of lamellipodium organization,1,48,998,0.001,0.0032,0.309,0.9651949182309933,0.9999998599426523,PIK3R1,False
C5_all,GO_BP,GOBP_MAST_CELL_ACTIVATION_INVOLVED_IN_IMMUNE_RESPONSE,Mast cell activation involved in immune response,1,48,998,0.001,0.0032,0.309,0.9651949182309933,0.9999998599426523,ENPP3,False
C5_all,GO_BP,GOBP_POSITIVE_REGULATION_OF_DEPHOSPHORYLATION,Positive regulation of dephosphorylation,1,48,998,0.001,0.0032,0.309,0.9651949182309933,0.9999998599426523,GPLD1,False
C5_all,GO_BP,GOBP_VIRAL_TRANSCRIPTION,Viral transcription,1,48,998,0.001,0.0032,0.309,0.9651949182309933,0.9999998599426523,NUCKS1,False
C5_all,GO_BP,GOBP_REGULATION_OF_MRNA_METABOLIC_PROCESS,Regulation of mrna metabolic process,11,258,998,0.011,0.0174,0.632,0.9654204214263885,0.9999998599426523,"SLC39A5, PRDX6, FXR1, TENT4B, A1CF, PATL1, FMR1, CNOT7, LARP1B, RIDA, TUT7",False
C5_all,GO_BP,GOBP_CELLULAR_RESPONSE_TO_INTERLEUKIN_1,Cellular response to interleukin 1,2,75,998,0.002,0.0051,0.395,0.966190926431812,0.9999998599426523,"IL1RAP, RORA",False
C5_all,GO_BP,GOBP_PRODUCTION_OF_MOLECULAR_MEDIATOR_INVOLVED_IN_INFLAMMATORY_RESPONSE,Production of molecular mediator involved in inflammatory response,2,75,998,0.002,0.0051,0.395,0.966190926431812,0.9999998599426523,"PPARA, IL17RC",False
C5_all,GO_BP,GOBP_LEUKOCYTE_HOMEOSTASIS,Leukocyte homeostasis,3,99,998,0.003,0.0067,0.449,0.9670851961973799,0.9999998599426523,"MTHFD1, GPAM, RAG1",False
C5_all,GO_BP,GOBP_REGULATION_OF_SISTER_CHROMATID_SEGREGATION,Regulation of sister chromatid segregation,3,99,998,0.003,0.0067,0.449,0.9670851961973799,0.9999998599426523,"CUL3, TEX14, SMARCA2",False
C5_all,GO_BP,GOBP_GLIAL_CELL_ACTIVATION,Glial cell activation,1,49,998,0.001,0.0033,0.303,0.967550504261474,0.9999998599426523,EGFR,False
C5_all,GO_BP,GOBP_MODULATION_BY_SYMBIONT_OF_ENTRY_INTO_HOST,Modulation by symbiont of entry into host,1,49,998,0.001,0.0033,0.303,0.967550504261474,0.9999998599426523,TMPRSS4,False
C5_all,GO_BP,GOBP_NEGATIVE_REGULATION_OF_CHROMOSOME_SEGREGATION,Negative regulation of chromosome segregation,1,49,998,0.001,0.0033,0.303,0.967550504261474,0.9999998599426523,TEX14,False
C5_all,GO_BP,GOBP_SYNAPTIC_VESICLE_RECYCLING,Synaptic vesicle recycling,2,76,998,0.002,0.0051,0.39,0.9681262138660677,0.9999998599426523,"ABCA13, SYT1",False
C5_all,GO_BP,GOBP_POSITIVE_REGULATION_OF_PEPTIDASE_ACTIVITY,Positive regulation of peptidase activity,5,143,998,0.005,0.0097,0.518,0.9682972483650824,0.9999998599426523,"CRADD, BCL2L13, XDH, ACVR1C, TNFSF10",False
C5_all,GO_BP,GOBP_CELL_CYCLE_G2_M_PHASE_TRANSITION,Cell cycle g2 m phase transition,5,143,998,0.005,0.0097,0.518,0.9682972483650824,0.9999998599426523,"NEK10, SKP2, KDM8, CDK14, CDC14B",False
C5_all,GO_BP,GOBP_POSITIVE_REGULATION_OF_ENDOTHELIAL_CELL_MIGRATION,Positive regulation of endothelial cell migration,3,100,998,0.003,0.0068,0.445,0.9687761859145794,0.9999998599426523,"GPLD1, PLG, PROX1",False
C5_all,GO_BP,GOBP_CELLULAR_RESPONSE_TO_TOPOLOGICALLY_INCORRECT_PROTEIN,Cellular response to topologically incorrect protein,3,100,998,0.003,0.0068,0.445,0.9687761859145794,0.9999998599426523,"PIK3R1, CUL3, TMTC4",False
C5_all,GO_BP,GOBP_MAINTENANCE_OF_CELL_NUMBER,Maintenance of cell number,6,164,998,0.006,0.0111,0.542,0.9689326093835255,0.9999998599426523,"CDH2, ARID4A, PIWIL2, PROX1, TBX3, SMARCA2",False
C5_all,GO_BP,GOBP_INTRINSIC_APOPTOTIC_SIGNALING_PATHWAY,Intrinsic apoptotic signaling pathway,12,280,998,0.012,0.0189,0.635,0.9691620087419969,0.9999998599426523,"SOD1, PIK3R1, FNIP2, BNIP3, NUPR1, ATF2, HIPK2, SGMS1, CUL3, ADCY10, ZNF385B, MAEL",False
C5_all,GO_BP,GOBP_AXON_DEVELOPMENT,Axon development,20,425,998,0.02,0.0287,0.698,0.9693637660443818,0.9999998599426523,"USP33, APLP2, NCAM2, ADCY10, RELN, DAB1, RTN4, RAPH1, NTN4, PTPRF, ARK2C, CERS2, ARHGAP35, CRPPA, COBL, NUMB, SLITRK3, ADCY1, TRPC5, TSKU",False
C5_all,GO_BP,GOBP_ANTIVIRAL_INNATE_IMMUNE_RESPONSE,Antiviral innate immune response,1,50,998,0.001,0.0034,0.296,0.9697468146546276,0.9999998599426523,UAP1,False
C5_all,GO_BP,GOBP_REGULATION_OF_ORGANELLE_ASSEMBLY,Regulation of organelle assembly,9,224,998,0.009,0.0151,0.596,0.9699548604838507,0.9999998599426523,"EVI5, IL1RAP, ARHGAP35, TAPT1, TBC1D14, HAP1, NUPR1, MTM1, CCP110",False
C5_all,GO_BP,GOBP_REGULATION_OF_CHROMOSOME_SEGREGATION,Regulation of chromosome segregation,4,123,998,0.004,0.0083,0.482,0.9700595039665445,0.9999998599426523,"SMC6, CUL3, TEX14, SMARCA2",False
C5_all,GO_BP,GOBP_ORGANELLE_FISSION,Organelle fission,20,426,998,0.02,0.0288,0.696,0.9702132223964421,0.9999998599426523,"TEX15, MTFR1, TERB2, MAP10, SYCP1, NFIA, CDC14B, PIWIL2, SYCE1, TEX14, BNIP3, MAJIN, CUL3, RMDN1, TMEM135, PIBF1, PEX11A, TOM1L1, DNMT3L, MAEL",False
C5_all,GO_BP,GOBP_REGULATION_OF_LEUKOCYTE_CHEMOTAXIS,Regulation of leukocyte chemotaxis,3,101,998,0.003,0.0068,0.44,0.9703848439074236,0.9999998599426523,"DDT, IL6R, C5",False
C5_all,GO_BP,GOBP_REGULATION_OF_DNA_REPAIR,Regulation of dna repair,8,205,998,0.008,0.0139,0.578,0.9704203518773568,0.9999998599426523,"TEX15, RADX, SMARCA2, SKP2, EGFR, TADA1, MGMT, MBTD1",False
C5_all,GO_BP,GOBP_CELL_FATE_COMMITMENT,Cell fate commitment,8,205,998,0.008,0.0139,0.578,0.9704203518773568,0.9999998599426523,"IL6R, CDON, PROX1, TBX3, SOX5, AR, MYT1L, NFIA",False
C5_all,GO_BP,GOBP_VESICLE_MEDIATED_TRANSPORT_TO_THE_PLASMA_MEMBRANE,Vesicle mediated transport to the plasma membrane,5,145,998,0.005,0.0098,0.511,0.9710496770828365,0.9999998599426523,"SLC1A1, SORL1, EHD3, CNST, DENND1A",False
C5_all,GO_BP,GOBP_AXONEME_ASSEMBLY,Axoneme assembly,2,78,998,0.002,0.0053,0.38,0.9716816640518521,0.9999998599426523,"ZMYND12, LRRC61",False
C5_all,GO_BP,GOBP_MAINTENANCE_OF_PROTEIN_LOCATION,Maintenance of protein location,2,78,998,0.002,0.0053,0.38,0.9716816640518521,0.9999998599426523,"SORL1, PKP2",False
C5_all,GO_BP,GOBP_ENDOTHELIAL_CELL_APOPTOTIC_PROCESS,Endothelial cell apoptotic process,1,51,998,0.001,0.0034,0.291,0.9717946089421128,0.9999998599426523,NDNF,False
C5_all,GO_BP,GOBP_REGULATION_OF_EPIDERMIS_DEVELOPMENT,Regulation of epidermis development,1,51,998,0.001,0.0034,0.291,0.9717946089421128,0.9999998599426523,ERRFI1,False
C5_all,GO_BP,GOBP_POSITIVE_REGULATION_OF_CELL_CYCLE_G1_S_PHASE_TRANSITION,Positive regulation of cell cycle g1 s phase transition,1,51,998,0.001,0.0034,0.291,0.9717946089421128,0.9999998599426523,EGFR,False
C5_all,GO_BP,GOBP_MACROPHAGE_DIFFERENTIATION,Macrophage differentiation,1,51,998,0.001,0.0034,0.291,0.9717946089421128,0.9999998599426523,L3MBTL3,False
C5_all,GO_BP,GOBP_MESENCHYME_MORPHOGENESIS,Mesenchyme morphogenesis,1,51,998,0.001,0.0034,0.291,0.9717946089421128,0.9999998599426523,TBX3,False
C5_all,GO_BP,GOBP_POSITIVE_REGULATION_OF_CHROMOSOME_ORGANIZATION,Positive regulation of chromosome organization,3,102,998,0.003,0.0069,0.436,0.9719148620606322,0.9999998599426523,"ATF7IP2, FBXO4, SETDB2",False
C5_all,GO_BP,GOBP_LYMPHOCYTE_MEDIATED_IMMUNITY,Lymphocyte mediated immunity,11,264,998,0.011,0.0178,0.618,0.9719414217638125,0.9999998599426523,"C5, PIK3R1, C1S, C6, MASP2, CLEC4G, C8A, C8B, ARG1, NDFIP1, C4BPB",False
C5_all,GO_BP,GOBP_NEGATIVE_REGULATION_OF_INTRACELLULAR_SIGNAL_TRANSDUCTION,Negative regulation of intracellular signal transduction,24,499,998,0.024,0.0337,0.713,0.9722544540717968,0.9999998599426523,"MIOS, RPS6KA6, PPM1B, CNKSR3, NDRG2, EPM2A, HOMER2, PHLPP1, XDH, DUSP19, SLC39A8, STRN3, SH3RF2, PPARA, NCOR1, FNIP1, SLMAP, ESR1, CUL3, ITCH, SAR1B, ARHGAP35, MTM1, RORA",False
C5_all,GO_BP,GOBP_MYELOID_LEUKOCYTE_DIFFERENTIATION,Myeloid leukocyte differentiation,8,207,998,0.008,0.014,0.573,0.972650808235348,0.9999998599426523,"L3MBTL3, PIK3R1, DHRS2, SH3PXD2A, SRP54, NDFIP1, MT1G, CITED2",False
C5_all,GO_BP,GOBP_B_CELL_DIFFERENTIATION,B cell differentiation,4,125,998,0.004,0.0084,0.474,0.9728448385964575,0.9999998599426523,"FNIP1, TPD52, PIK3R1, RAG1",False
C5_all,GO_BP,GOBP_REGULATION_OF_EPITHELIAL_CELL_DIFFERENTIATION,Regulation of epithelial cell differentiation,4,125,998,0.004,0.0084,0.474,0.9728448385964575,0.9999998599426523,"PRLR, TBX3, ERRFI1, XDH",False
C5_all,GO_BP,GOBP_POSITIVE_REGULATION_OF_INFLAMMATORY_RESPONSE,Positive regulation of inflammatory response,4,125,998,0.004,0.0084,0.474,0.9728448385964575,0.9999998599426523,"HTR2A, DDT, NUPR1, NAPEPLD",False
C5_all,GO_BP,GOBP_REGULATION_OF_NUCLEAR_DIVISION,Regulation of nuclear division,4,125,998,0.004,0.0084,0.474,0.9728448385964575,0.9999998599426523,"TOM1L1, PIWIL2, CUL3, TEX14",False
C5_all,GO_BP,GOBP_NUCLEAR_CHROMOSOME_SEGREGATION,Nuclear chromosome segregation,12,284,998,0.012,0.0192,0.626,0.9730883442829869,0.9999998599426523,"TEX15, SYCE1, SMARCA2, MAJIN, CUL3, TERB2, MAP10, SYCP1, TEX14, RMDN1, PIBF1, MAEL",False
C5_all,GO_BP,GOBP_REGULATION_OF_NOTCH_SIGNALING_PATHWAY,Regulation of notch signaling pathway,2,79,998,0.002,0.0053,0.375,0.9733127552311758,0.9999998599426523,"POFUT1, POSTN",False
C5_all,GO_BP,GOBP_CHROMOSOME_SEPARATION,Chromosome separation,2,79,998,0.002,0.0053,0.375,0.9733127552311758,0.9999998599426523,"CUL3, TEX14",False
C5_all,GO_BP,GOBP_REGULATION_OF_SYNAPSE_ASSEMBLY,Regulation of synapse assembly,3,103,998,0.003,0.007,0.432,0.9733697893555808,0.9999998599426523,"IL1RAP, CUX2, SLITRK3",False
C5_all,GO_BP,GOBP_MATURATION_OF_SSU_RRNA,Maturation of ssu rrna,1,52,998,0.001,0.0035,0.285,0.973703920498497,0.9999998599426523,UTP23,False
C5_all,GO_BP,GOBP_POSITIVE_REGULATION_OF_EPITHELIAL_TO_MESENCHYMAL_TRANSITION,Positive regulation of epithelial to mesenchymal transition,1,52,998,0.001,0.0035,0.285,0.973703920498497,0.9999998599426523,GCNT2,False
C5_all,GO_BP,GOBP_RIBOSOME_ASSEMBLY,Ribosome assembly,1,52,998,0.001,0.0035,0.285,0.973703920498497,0.9999998599426523,MDN1,False
C5_all,GO_BP,GOBP_MITOTIC_G2_M_TRANSITION_CHECKPOINT,Mitotic g2 m transition checkpoint,1,52,998,0.001,0.0035,0.285,0.973703920498497,0.9999998599426523,CDC14B,False
C5_all,GO_BP,GOBP_POSITIVE_REGULATION_OF_BLOOD_VESSEL_ENDOTHELIAL_CELL_MIGRATION,Positive regulation of blood vessel endothelial cell migration,1,52,998,0.001,0.0035,0.285,0.973703920498497,0.9999998599426523,PLG,False
C5_all,GO_BP,GOBP_REGULATION_OF_OXIDOREDUCTASE_ACTIVITY,Regulation of oxidoreductase activity,1,52,998,0.001,0.0035,0.285,0.973703920498497,0.9999998599426523,NOS1AP,False
C5_all,GO_BP,GOBP_ESTABLISHMENT_OF_ENDOTHELIAL_BARRIER,Establishment of endothelial barrier,1,52,998,0.001,0.0035,0.285,0.973703920498497,0.9999998599426523,RAPGEF2,False
C5_all,GO_BP,GOBP_CORTICAL_CYTOSKELETON_ORGANIZATION,Cortical cytoskeleton organization,1,52,998,0.001,0.0035,0.285,0.973703920498497,0.9999998599426523,IQGAP2,False
C5_all,GO_BP,GOBP_POSITIVE_CHEMOTAXIS,Positive chemotaxis,1,52,998,0.001,0.0035,0.285,0.973703920498497,0.9999998599426523,COLEC10,False
C5_all,GO_BP,GOBP_IMMUNOGLOBULIN_PRODUCTION_INVOLVED_IN_IMMUNOGLOBULIN_MEDIATED_IMMUNE_RESPONSE,Immunoglobulin production involved in immunoglobulin mediated immune response,1,52,998,0.001,0.0035,0.285,0.973703920498497,0.9999998599426523,NDFIP1,False
C5_all,GO_BP,GOBP_STRESS_ACTIVATED_PROTEIN_KINASE_SIGNALING_CASCADE,Stress activated protein kinase signaling cascade,1,52,998,0.001,0.0035,0.285,0.973703920498497,0.9999998599426523,KLHDC10,False
C5_all,GO_BP,GOBP_REGULATION_OF_CELL_SHAPE,Regulation of cell shape,4,126,998,0.004,0.0085,0.471,0.9741446903193338,0.9999998599426523,"SLC26A5, ARHGAP35, DIAPH1, FGD4",False
C5_all,GO_BP,GOBP_MYELOID_LEUKOCYTE_MIGRATION,Myeloid leukocyte migration,7,189,998,0.007,0.0128,0.549,0.9746276681445569,0.9999998599426523,"IL6R, C5, IL17RC, CD99L2, PIK3R1, DDT, SRP54",False
C5_all,GO_BP,GOBP_ERAD_PATHWAY,Erad pathway,3,104,998,0.003,0.007,0.428,0.9747530356994774,0.9999998599426523,"AQP11, FAM8A1, EDEM1",False
C5_all,GO_BP,GOBP_T_CELL_ACTIVATION_INVOLVED_IN_IMMUNE_RESPONSE,T cell activation involved in immune response,3,104,998,0.003,0.007,0.428,0.9747530356994774,0.9999998599426523,"IL6R, RORA, IL27",False
C5_all,GO_BP,GOBP_NUCLEOTIDE_EXCISION_REPAIR,Nucleotide excision repair,2,80,998,0.002,0.0054,0.371,0.9748529403303178,0.9999998599426523,"FAN1, SMARCA2",False
C5_all,GO_BP,GOBP_ENDOTHELIUM_DEVELOPMENT,Endothelium development,4,127,998,0.004,0.0086,0.467,0.9753860108033835,0.9999998599426523,"PROX1, RAPGEF2, ACVR2B, XDH",False
C5_all,GO_BP,GOBP_NEGATIVE_REGULATION_OF_PROTEIN_CONTAINING_COMPLEX_ASSEMBLY,Negative regulation of protein containing complex assembly,4,127,998,0.004,0.0086,0.467,0.9753860108033835,0.9999998599426523,"SORL1, KANK4, PEX5, PFN2",False
C5_all,GO_BP,GOBP_REGULATION_OF_SMAD_PROTEIN_SIGNAL_TRANSDUCTION,Regulation of smad protein signal transduction,1,53,998,0.001,0.0036,0.28,0.9754841055034149,0.9999998599426523,BMPER,False
C5_all,GO_BP,GOBP_VESICLE_CYTOSKELETAL_TRAFFICKING,Vesicle cytoskeletal trafficking,1,53,998,0.001,0.0036,0.28,0.9754841055034149,0.9999998599426523,HAP1,False
C5_all,GO_BP,GOBP_CELL_MIGRATION_INVOLVED_IN_SPROUTING_ANGIOGENESIS,Cell migration involved in sprouting angiogenesis,1,53,998,0.001,0.0036,0.28,0.9754841055034149,0.9999998599426523,GPLD1,False
C5_all,GO_BP,GOBP_RNA_POLYMERASE_II_PREINITIATION_COMPLEX_ASSEMBLY,Rna polymerase ii preinitiation complex assembly,1,53,998,0.001,0.0036,0.28,0.9754841055034149,0.9999998599426523,ESR1,False
C5_all,GO_BP,GOBP_ANATOMICAL_STRUCTURE_MATURATION,Anatomical structure maturation,8,210,998,0.008,0.0142,0.565,0.9757098569017164,0.9999998599426523,"ROPN1, NTN4, L3MBTL3, PLD6, REN, ROPN1B, TUT7, ALDH1A2",False
C5_all,GO_BP,GOBP_SYNAPSE_ASSEMBLY,Synapse assembly,6,170,998,0.006,0.0115,0.523,0.9760277689540228,0.9999998599426523,"CDH2, IL1RAP, RELN, DRD1, SLITRK3, CUX2",False
C5_all,GO_BP,GOBP_REGULATION_OF_CHROMOSOME_ORGANIZATION,Regulation of chromosome organization,9,230,998,0.009,0.0155,0.58,0.97606204516993,0.9999998599426523,"ATF7IP2, TENT4B, FBXO4, SETDB2, SMG1, SMARCA2, CUL3, TEX14, SMC6",False
C5_all,GO_BP,GOBP_POSITIVE_REGULATION_OF_ENDOTHELIAL_CELL_PROLIFERATION,Positive regulation of endothelial cell proliferation,2,81,998,0.002,0.0055,0.366,0.9763070456387921,0.9999998599426523,"PROX1, ARNT",False
C5_all,GO_BP,GOBP_T_CELL_PROLIFERATION,T cell proliferation,7,191,998,0.007,0.0129,0.543,0.9766486672137109,0.9999998599426523,"CTPS1, ITCH, CLEC4G, NDFIP1, ARG1, GPAM, IL27",False
C5_all,GO_BP,GOBP_REGULATION_OF_ACTIN_FILAMENT_BASED_PROCESS,Regulation of actin filament based process,15,344,998,0.015,0.0233,0.646,0.9766996135235259,0.9999998599426523,"ARHGAP35, IQGAP2, PROX1, PHLDB2, GRHL3, PIK3R1, CARMIL3, KANK4, MTSS1, PKP2, PPM1E, DIXDC1, CTNNA3, ADCY10, PFN2",False
C5_all,GO_BP,GOBP_REGULATION_OF_B_CELL_PROLIFERATION,Regulation of b cell proliferation,1,54,998,0.001,0.0037,0.275,0.9771438886054834,0.9999998599426523,PRLR,False
C5_all,GO_BP,GOBP_REGULATION_OF_MITOTIC_SISTER_CHROMATID_SEGREGATION,Regulation of mitotic sister chromatid segregation,1,54,998,0.001,0.0037,0.275,0.9771438886054834,0.9999998599426523,TEX14,False
C5_all,GO_BP,GOBP_PHOTORECEPTOR_CELL_DIFFERENTIATION,Photoreceptor cell differentiation,1,54,998,0.001,0.0037,0.275,0.9771438886054834,0.9999998599426523,THRB,False
C5_all,GO_BP,GOBP_POSITIVE_REGULATION_OF_CELL_MATRIX_ADHESION,Positive regulation of cell matrix adhesion,1,54,998,0.001,0.0037,0.275,0.9771438886054834,0.9999998599426523,EPB41L5,False
C5_all,GO_BP,GOBP_NEGATIVE_REGULATION_OF_CATALYTIC_ACTIVITY,Negative regulation of catalytic activity,16,363,998,0.016,0.0245,0.653,0.9771828297525168,0.9999998599426523,"LRP6, PRKAG2, CEP43, CAAP1, SERPINA5, PLIN5, FNIP1, ERRFI1, SERPINA10, PPP4R4, CRY2, PPM1E, DUSP19, ADGRV1, SERPINF1, ARL6IP1",False
C5_all,GO_BP,GOBP_REGULATION_OF_MITOTIC_NUCLEAR_DIVISION,Regulation of mitotic nuclear division,3,106,998,0.003,0.0072,0.42,0.9773174530355146,0.9999998599426523,"TOM1L1, CUL3, TEX14",False
C5_all,GO_BP,GOBP_POSITIVE_REGULATION_OF_MACROAUTOPHAGY,Positive regulation of macroautophagy,2,82,998,0.002,0.0055,0.362,0.9776796608122984,0.9999998599426523,"EPM2A, BNIP3",False
C5_all,GO_BP,GOBP_NEGATIVE_REGULATION_OF_PROTEIN_SERINE_THREONINE_KINASE_ACTIVITY,Negative regulation of protein serine threonine kinase activity,2,82,998,0.002,0.0055,0.362,0.9776796608122984,0.9999998599426523,"DUSP19, LRP6",False
C5_all,GO_BP,GOBP_NUCLEUS_ORGANIZATION,Nucleus organization,4,129,998,0.004,0.0087,0.46,0.9777025829740895,0.9999998599426523,"RTN4, FXR1, SYCP1, HIPK2",False
C5_all,GO_BP,GOBP_DNA_INTEGRITY_CHECKPOINT_SIGNALING,Dna integrity checkpoint signaling,4,129,998,0.004,0.0087,0.46,0.9777025829740895,0.9999998599426523,"FBXO4, CRADD, CDC14B, ATF2",False
C5_all,GO_BP,GOBP_INTERLEUKIN_6_PRODUCTION,Interleukin 6 production,4,129,998,0.004,0.0087,0.46,0.9777025829740895,0.9999998599426523,"IL1RAP, IL6R, ZBTB20, IL17RC",False
C5_all,GO_BP,GOBP_CELL_SUBSTRATE_ADHESION,Cell substrate adhesion,14,327,998,0.014,0.0221,0.635,0.977796936771996,0.9999998599426523,"GCNT2, NDNF, NTN4, TRPM7, LYVE1, PHLDB2, PIK3R1, POSTN, PTPRK, PKP2, EPB41L5, EDA, EGFLAM, PLG",False
C5_all,GO_BP,GOBP_REGULATION_OF_KINASE_ACTIVITY,Regulation of kinase activity,21,455,998,0.021,0.0308,0.684,0.978341989287974,0.9999998599426523,"SOD1, NEK10, STRADB, EGFR, PPM1E, RELN, CCNYL1, PROX1, ERRFI1, PRLR, DUSP19, PRKAG2, CEP43, RAPGEF2, ERBB3, RBL2, PIBF1, LRP6, IL6R, TOM1L1, GHR",False
C5_all,GO_BP,GOBP_VASCULAR_ASSOCIATED_SMOOTH_MUSCLE_CELL_PROLIFERATION,Vascular associated smooth muscle cell proliferation,1,55,998,0.001,0.0037,0.27,0.9786914055099425,0.9999998599426523,NDRG2,False
C5_all,GO_BP,GOBP_REGULATION_OF_CD4_POSITIVE_ALPHA_BETA_T_CELL_DIFFERENTIATION,Regulation of cd4 positive alpha beta t cell differentiation,1,55,998,0.001,0.0037,0.27,0.9786914055099425,0.9999998599426523,IL27,False
C5_all,GO_BP,GOBP_POSITIVE_REGULATION_OF_LEUKOCYTE_MIGRATION,Positive regulation of leukocyte migration,4,130,998,0.004,0.0088,0.456,0.9787823900935597,0.9999998599426523,"CD99L2, IL6R, PIK3R1, LYVE1",False
C5_all,GO_BP,GOBP_POSITIVE_REGULATION_OF_CYTOKINE_PRODUCTION,Positive regulation of cytokine production,19,420,998,0.019,0.0284,0.671,0.9788873517148813,0.9999998599426523,"SOD1, C5, TOMM70, SORL1, POSTN, DDT, IL1RAP, ZBTB20, PIK3R1, POLR3G, UAP1, HTR2A, ATF2, ARNT, IL17RC, PIBF1, IL6R, RORA, IL27",False
C5_all,GO_BP,GOBP_PROTEIN_ACYLATION,Protein acylation,2,83,998,0.002,0.0056,0.357,0.9789751487964287,0.9999998599426523,"KLF15, PPM1B",False
C5_all,GO_BP,GOBP_TUMOR_NECROSIS_FACTOR_SUPERFAMILY_CYTOKINE_PRODUCTION,Tumor necrosis factor superfamily cytokine production,5,152,998,0.005,0.0103,0.488,0.9790321650801541,0.9999998599426523,"FXR1, ZBTB20, PIK3R1, ILRUN, DDT",False
C5_all,GO_BP,GOBP_REGULATION_OF_ANATOMICAL_STRUCTURE_SIZE,Regulation of anatomical structure size,20,439,998,0.02,0.0297,0.675,0.9795049436204869,0.9999998599426523,"SOD1, GCLC, EGFR, KCNMA1, ADCY10, AVPR1A, CBS, WNK3, KANK4, SLC26A5, RTN4, HTR2A, ADRA1A, PFN2, ARHGAP35, PEX11A, CPS1, AQP11, DRD1, TRPC5",False
C5_all,GO_BP,GOBP_DOUBLE_STRAND_BREAK_REPAIR,Double strand break repair,12,292,998,0.012,0.0197,0.609,0.9796189098364775,0.9999998599426523,"FAN1, TEX15, DCLRE1A, NUCKS1, RADX, SMARCA2, SKP2, MAJIN, TERB2, SMC6, MGMT, MBTD1",False
C5_all,GO_BP,GOBP_INTERLEUKIN_10_PRODUCTION,Interleukin 10 production,1,56,998,0.001,0.0038,0.265,0.9801342426970704,0.9999998599426523,PIBF1,False
C5_all,GO_BP,GOBP_T_CELL_SELECTION,T cell selection,1,56,998,0.001,0.0038,0.265,0.9801342426970704,0.9999998599426523,IL6R,False
C5_all,GO_BP,GOBP_REGULATION_OF_PROTEIN_IMPORT_INTO_NUCLEUS,Regulation of protein import into nucleus,1,56,998,0.001,0.0038,0.265,0.9801342426970704,0.9999998599426523,PIK3R1,False
C5_all,GO_BP,GOBP_MITOTIC_CYTOKINESIS,Mitotic cytokinesis,2,84,998,0.002,0.0057,0.353,0.9801976554898559,0.9999998599426523,"DCDC1, IQGAP2",False
C5_all,GO_BP,GOBP_INTEGRIN_MEDIATED_SIGNALING_PATHWAY,Integrin mediated signaling pathway,3,109,998,0.003,0.0074,0.408,0.9807041538227332,0.9999998599426523,"PHACTR4, CUL3, TEC",False
C5_all,GO_BP,GOBP_IMMUNE_SYSTEM_DEVELOPMENT,Immune system development,6,175,998,0.006,0.0118,0.508,0.9807612504472272,0.9999998599426523,"SOD1, PHLPP1, NDFIP1, CITED2, ITCH, RAG1",False
C5_all,GO_BP,GOBP_REGULATION_OF_LYMPHOCYTE_MIGRATION,Regulation of lymphocyte migration,1,57,998,0.001,0.0039,0.26,0.9814794744644963,0.9999998599426523,CD99L2,False
C5_all,GO_BP,GOBP_MEMBRANE_PROTEIN_PROTEOLYSIS,Membrane protein proteolysis,1,57,998,0.001,0.0039,0.26,0.9814794744644963,0.9999998599426523,GPLD1,False
C5_all,GO_BP,GOBP_CELLULAR_PIGMENTATION,Cellular pigmentation,1,57,998,0.001,0.0039,0.26,0.9814794744644963,0.9999998599426523,SHROOM2,False
C5_all,GO_BP,GOBP_ORGANELLE_DISASSEMBLY,Organelle disassembly,6,176,998,0.006,0.0119,0.505,0.981596866313909,0.9999998599426523,"USP30, BNIP3, ZFAND1, ADCY10, KLHDC10, ATG2B",False
C5_all,GO_BP,GOBP_NEGATIVE_REGULATION_OF_MITOTIC_CELL_CYCLE,Negative regulation of mitotic cell cycle,8,217,998,0.008,0.0147,0.546,0.9816671690885059,0.9999998599426523,"CRADD, TOM1L1, RBL2, EGFR, ATF2, TEX14, CDC14B, MYO16",False
C5_all,GO_BP,GOBP_CELL_CYCLE_G1_S_PHASE_TRANSITION,Cell cycle g1 s phase transition,8,217,998,0.008,0.0147,0.546,0.9816671690885059,0.9999998599426523,"CRADD, RPS6KB1, RBL2, SMARCA2, SKP2, EGFR, CUL3, MYO16",False
C5_all,GO_BP,GOBP_REGULATION_OF_PROTEIN_LOCALIZATION_TO_NUCLEUS,Regulation of protein localization to nucleus,4,133,998,0.004,0.009,0.446,0.9817335538999994,0.9999998599426523,"ILRUN, FBXO4, PIK3R1, NMD3",False
C5_all,GO_BP,GOBP_ADAPTIVE_IMMUNE_RESPONSE,Adaptive immune response,18,407,998,0.018,0.0275,0.656,0.981929330003113,0.9999998599426523,"IL6R, C5, TEC, IL27, RAPGEF4, C6, C1S, ADGRE1, MASP2, CLEC4M, CLEC4G, C4BPB, C8A, ARG1, RORA, NDFIP1, C8B, RAG1",False
C5_all,GO_BP,GOBP_REGULATION_OF_ENDOCYTOSIS,Regulation of endocytosis,10,257,998,0.01,0.0174,0.577,0.982012176823333,0.9999998599426523,"ABCA13, SOD1, TFR2, NR1H3, FMR1, NEU3, COLEC10, FCN2, NUMB, APOA5",False
C5_all,GO_BP,GOBP_REGULATION_OF_DNA_METABOLIC_PROCESS,Regulation of dna metabolic process,21,462,998,0.021,0.0312,0.674,0.9823165391352424,0.9999998599426523,"TEX15, A1CF, SKP2, EGFR, FBXO4, NUCKS1, ZRANB3, HTR2A, TADA1, SMARCA2, MGMT, MBTD1, TENT4B, TOM1L1, JADE3, RGN, RADX, SMG1, SMC6, NDFIP1, PDS5A",False
C5_all,GO_BP,GOBP_SIGNAL_TRANSDUCTION_IN_RESPONSE_TO_DNA_DAMAGE,Signal transduction in response to dna damage,6,177,998,0.006,0.012,0.502,0.9823985511375923,0.9999998599426523,"CRADD, RPS6KA6, FBXO4, ATF2, HIPK2, CDC14B",False
C5_all,GO_BP,GOBP_MYELOID_CELL_ACTIVATION_INVOLVED_IN_IMMUNE_RESPONSE,Myeloid cell activation involved in immune response,2,86,998,0.002,0.0058,0.345,0.9824392794424421,0.9999998599426523,"ENPP3, DNASE1L3",False
C5_all,GO_BP,GOBP_MICROTUBULE_CYTOSKELETON_ORGANIZATION_INVOLVED_IN_MITOSIS,Microtubule cytoskeleton organization involved in mitosis,5,156,998,0.005,0.0105,0.475,0.982616703047419,0.9999998599426523,"FSD1, GNAI1, MAP10, RMDN1, PIBF1",False
C5_all,GO_BP,GOBP_OXIDATIVE_PHOSPHORYLATION,Oxidative phosphorylation,3,111,998,0.003,0.0075,0.401,0.9826877144625614,0.9999998599426523,"NUPR1, TMEM135, COX7A2L",False
C5_all,GO_BP,GOBP_INTERLEUKIN_12_PRODUCTION,Interleukin 12 production,1,58,998,0.001,0.0039,0.256,0.9827336974735505,0.9999998599426523,PIBF1,False
C5_all,GO_BP,GOBP_REGULATION_OF_ENDOTHELIAL_CELL_MIGRATION,Regulation of endothelial cell migration,5,157,998,0.005,0.0106,0.472,0.9834183308563286,0.9999998599426523,"GPLD1, PROX1, BMPER, SERPINF1, PLG",False
C5_all,GO_BP,GOBP_REGULATION_OF_RNA_SPLICING,Regulation of rna splicing,5,157,998,0.005,0.0106,0.472,0.9834183308563286,0.9999998599426523,"SLC39A5, PRDX6, FMR1, PIK3R1, TADA1",False
C5_all,GO_BP,GOBP_NEGATIVE_REGULATION_OF_CHROMOSOME_ORGANIZATION,Negative regulation of chromosome organization,2,87,998,0.002,0.0059,0.341,0.9834656864025164,0.9999998599426523,"TENT4B, TEX14",False
C5_all,GO_BP,GOBP_REGULATION_OF_AUTOPHAGY,Regulation of autophagy,14,336,998,0.014,0.0227,0.618,0.9835854051097748,0.9999998599426523,"EPM2A, USP33, ADRA1A, MFSD8, MTMR4, NEDD4, USP30, TBC1D14, BNIP3, NUPR1, MTM1, PIK3R4, SNX5, ADCY10",False
C5_all,GO_BP,GOBP_REGULATION_OF_MRNA_PROCESSING,Regulation of mrna processing,3,112,998,0.003,0.0076,0.397,0.9836048627535333,0.9999998599426523,"FMR1, PRDX6, SLC39A5",False
C5_all,GO_BP,GOBP_REGULATION_OF_OSTEOCLAST_DIFFERENTIATION,Regulation of osteoclast differentiation,1,59,998,0.001,0.004,0.251,0.9839030629676736,0.9999998599426523,PIK3R1,False
C5_all,GO_BP,GOBP_PROTEIN_EXPORT_FROM_NUCLEUS,Protein export from nucleus,1,59,998,0.001,0.004,0.251,0.9839030629676736,0.9999998599426523,STRADB,False
C5_all,GO_BP,GOBP_VESICLE_LOCALIZATION,Vesicle localization,7,200,998,0.007,0.0135,0.519,0.9840334749755197,0.9999998599426523,"CDH2, SAR1B, USO1, SHROOM2, SYN3, HAP1, CUL3",False
C5_all,GO_BP,GOBP_REGULATION_OF_INTRACELLULAR_TRANSPORT,Regulation of intracellular transport,9,241,998,0.009,0.0163,0.554,0.9844034633345922,0.9999998599426523,"NEDD4, SAR1B, EDEM1, SCP2, SORL1, PIK3R1, HAP1, ZFAND1, SEC24B",False
C5_all,GO_BP,GOBP_POSITIVE_REGULATION_OF_MYELOID_CELL_DIFFERENTIATION,Positive regulation of myeloid cell differentiation,2,88,998,0.002,0.0059,0.337,0.9844337088496451,0.9999998599426523,"ARNT, FAXDC2",False
C5_all,GO_BP,GOBP_POSITIVE_REGULATION_OF_PROTEIN_LOCALIZATION_TO_NUCLEUS,Positive regulation of protein localization to nucleus,2,88,998,0.002,0.0059,0.337,0.9844337088496451,0.9999998599426523,"PIK3R1, NMD3",False
C5_all,GO_BP,GOBP_B_CELL_RECEPTOR_SIGNALING_PATHWAY,B cell receptor signaling pathway,1,60,998,0.001,0.0041,0.247,0.9849933068196085,0.9999998599426523,TEC,False
C5_all,GO_BP,GOBP_NEUTROPHIL_MIGRATION,Neutrophil migration,2,89,998,0.002,0.006,0.333,0.9853465427090066,0.9999998599426523,"CD99L2, SRP54",False
C5_all,GO_BP,GOBP_CELL_MATRIX_ADHESION,Cell matrix adhesion,8,223,998,0.008,0.0151,0.532,0.9856667832205807,0.9999998599426523,"TRPM7, LYVE1, PHLDB2, PIK3R1, POSTN, PTPRK, EPB41L5, EDA",False
C5_all,GO_BP,GOBP_CELLULAR_RESPONSE_TO_HEAT,Cellular response to heat,1,61,998,0.001,0.0041,0.243,0.9860097775535593,0.9999998599426523,ZFAND1,False
C5_all,GO_BP,GOBP_SMOOTH_MUSCLE_CELL_DIFFERENTIATION,Smooth muscle cell differentiation,1,61,998,0.001,0.0041,0.243,0.9860097775535593,0.9999998599426523,TBX3,False
C5_all,GO_BP,GOBP_MAST_CELL_ACTIVATION,Mast cell activation,1,61,998,0.001,0.0041,0.243,0.9860097775535593,0.9999998599426523,ENPP3,False
C5_all,GO_BP,GOBP_SOMATIC_DIVERSIFICATION_OF_IMMUNOGLOBULINS,Somatic diversification of immunoglobulins,1,61,998,0.001,0.0041,0.243,0.9860097775535593,0.9999998599426523,NDFIP1,False
C5_all,GO_BP,GOBP_GLYCOLIPID_BIOSYNTHETIC_PROCESS,Glycolipid biosynthetic process,1,61,998,0.001,0.0041,0.243,0.9860097775535593,0.9999998599426523,ST3GAL6,False
C5_all,GO_BP,GOBP_POSITIVE_REGULATION_OF_CELL_SUBSTRATE_ADHESION,Positive regulation of cell substrate adhesion,3,115,998,0.003,0.0078,0.387,0.9860854780928358,0.9999998599426523,"NDNF, EGFLAM, EPB41L5",False
C5_all,GO_BP,GOBP_REGULATION_OF_T_CELL_MEDIATED_IMMUNITY,Regulation of t cell mediated immunity,2,90,998,0.002,0.0061,0.329,0.9862072189668043,0.9999998599426523,"ARG1, CLEC4G",False
C5_all,GO_BP,GOBP_REGULATION_OF_MICROTUBULE_POLYMERIZATION_OR_DEPOLYMERIZATION,Regulation of microtubule polymerization or depolymerization,2,90,998,0.002,0.0061,0.329,0.9862072189668043,0.9999998599426523,"HAUS4, PDE4DIP",False
C5_all,GO_BP,GOBP_MITOTIC_CELL_CYCLE_CHECKPOINT_SIGNALING,Mitotic cell cycle checkpoint signaling,4,139,998,0.004,0.0094,0.427,0.986511016533308,0.9999998599426523,"CRADD, CDC14B, ATF2, TEX14",False
C5_all,GO_BP,GOBP_GRANULOCYTE_MIGRATION,Granulocyte migration,3,116,998,0.003,0.0078,0.383,0.986829191951852,0.9999998599426523,"CD99L2, SRP54, IL17RC",False
C5_all,GO_BP,GOBP_T_CELL_MIGRATION,T cell migration,1,62,998,0.001,0.0042,0.239,0.9869574624786627,0.9999998599426523,CD99L2,False
C5_all,GO_BP,GOBP_RIBOSOMAL_LARGE_SUBUNIT_BIOGENESIS,Ribosomal large subunit biogenesis,1,62,998,0.001,0.0042,0.239,0.9869574624786627,0.9999998599426523,MDN1,False
C5_all,GO_BP,GOBP_ALTERNATIVE_MRNA_SPLICING_VIA_SPLICEOSOME,Alternative mrna splicing via spliceosome,1,62,998,0.001,0.0042,0.239,0.9869574624786627,0.9999998599426523,FMR1,False
C5_all,GO_BP,GOBP_VESICLE_ORGANIZATION,Vesicle organization,13,324,998,0.013,0.0219,0.595,0.9871169520719296,0.9999998599426523,"PI4K2B, SAR1B, GOSR1, ABCA1, HOOK1, USO1, AQP11, SHROOM2, CCDC38, SYT1, CUL3, SEC24B, STX17",False
C5_all,GO_BP,GOBP_NEGATIVE_REGULATION_OF_TRANSFERASE_ACTIVITY,Negative regulation of transferase activity,6,184,998,0.006,0.0124,0.483,0.9871602595410123,0.9999998599426523,"LRP6, PRKAG2, CEP43, ERRFI1, PPM1E, DUSP19",False
C5_all,GO_BP,GOBP_MYELOID_CELL_DIFFERENTIATION,Myeloid cell differentiation,16,381,998,0.016,0.0258,0.623,0.9872540904986207,0.9999998599426523,"ARID4A, SFXN1, ARNT, L3MBTL3, PIK3R1, DHRS2, SH3PXD2A, MAF, SRP54, NDFIP1, HIPK2, MT1G, CLEC1B, CITED2, TUBB1, FAXDC2",False
C5_all,GO_BP,GOBP_CELL_CYCLE_CHECKPOINT_SIGNALING,Cell cycle checkpoint signaling,6,185,998,0.006,0.0125,0.481,0.9877322463960716,0.9999998599426523,"CRADD, PROX1, FBXO4, ATF2, TEX14, CDC14B",False
C5_all,GO_BP,GOBP_REGULATION_OF_EPITHELIAL_TO_MESENCHYMAL_TRANSITION,Regulation of epithelial to mesenchymal transition,2,92,998,0.002,0.0062,0.322,0.9877834437313701,0.9999998599426523,"GCNT2, PHLDB2",False
C5_all,GO_BP,GOBP_DORSAL_VENTRAL_PATTERN_FORMATION,Dorsal ventral pattern formation,1,63,998,0.001,0.0043,0.235,0.9878410120609525,0.9999998599426523,CXXC4,False
C5_all,GO_BP,GOBP_GOLGI_TO_PLASMA_MEMBRANE_TRANSPORT,Golgi to plasma membrane transport,1,63,998,0.001,0.0043,0.235,0.9878410120609525,0.9999998599426523,CNST,False
C5_all,GO_BP,GOBP_INTERLEUKIN_2_PRODUCTION,Interleukin 2 production,1,63,998,0.001,0.0043,0.235,0.9878410120609525,0.9999998599426523,HOMER2,False
C5_all,GO_BP,GOBP_REGULATION_OF_DNA_BINDING,Regulation of dna binding,1,63,998,0.001,0.0043,0.235,0.9878410120609525,0.9999998599426523,ILRUN,False
C5_all,GO_BP,GOBP_NEGATIVE_REGULATION_OF_CELL_CYCLE,Negative regulation of cell cycle,14,345,998,0.014,0.0233,0.602,0.9879647493617401,0.9999998599426523,"NUDT6, CRADD, TOM1L1, PROX1, RBL2, FBXO4, EGFR, NUPR1, ATF2, TEX14, CCP110, PTPRK, CDC14B, MYO16",False
C5_all,GO_BP,GOBP_REGULATION_OF_VESICLE_MEDIATED_TRANSPORT,Regulation of vesicle mediated transport,20,457,998,0.02,0.0309,0.649,0.9880846079676793,0.9999998599426523,"SYT10, SOD1, SORL1, SYT1, VSNL1, NR1H3, NEU3, FCN2, CNST, APOA5, RAB33B, FMR1, RAPGEF4, COLEC10, PFN2, TFR2, ABCA13, EXPH5, NUMB, HAP1",False
C5_all,GO_BP,GOBP_REGULATION_OF_LEUKOCYTE_PROLIFERATION,Regulation of leukocyte proliferation,8,228,998,0.008,0.0154,0.52,0.9883633992983768,0.9999998599426523,"ITCH, ENPP3, PRLR, CLEC4G, NDFIP1, ARG1, GPAM, IL27",False
C5_all,GO_BP,GOBP_KERATINOCYTE_DIFFERENTIATION,Keratinocyte differentiation,2,93,998,0.002,0.0063,0.319,0.9885042972288269,0.9999998599426523,"ERRFI1, EXPH5",False
C5_all,GO_BP,GOBP_NEGATIVE_REGULATION_OF_HEMOPOIESIS,Negative regulation of hemopoiesis,2,93,998,0.002,0.0063,0.319,0.9885042972288269,0.9999998599426523,"PIK3R1, CLEC4G",False
C5_all,GO_BP,GOBP_MACROPHAGE_ACTIVATION,Macrophage activation,2,93,998,0.002,0.0063,0.319,0.9885042972288269,0.9999998599426523,"NR1H3, RORA",False
C5_all,GO_BP,GOBP_LAMELLIPODIUM_ASSEMBLY,Lamellipodium assembly,1,64,998,0.001,0.0043,0.232,0.9886647626524379,0.9999998599426523,PIK3R1,False
C5_all,GO_BP,GOBP_NEGATIVE_REGULATION_OF_NF_KAPPAB_TRANSCRIPTION_FACTOR_ACTIVITY,Negative regulation of nf kappab transcription factor activity,1,64,998,0.001,0.0043,0.232,0.9886647626524379,0.9999998599426523,ITCH,False
C5_all,GO_BP,GOBP_ENDOTHELIAL_CELL_DEVELOPMENT,Endothelial cell development,1,64,998,0.001,0.0043,0.232,0.9886647626524379,0.9999998599426523,RAPGEF2,False
C5_all,GO_BP,GOBP_RESPONSE_TO_TYPE_I_INTERFERON,Response to type i interferon,1,64,998,0.001,0.0043,0.232,0.9886647626524379,0.9999998599426523,CNOT7,False
C5_all,GO_BP,GOBP_POSITIVE_REGULATION_OF_DNA_TEMPLATED_TRANSCRIPTION_INITIATION,Positive regulation of dna templated transcription initiation,1,64,998,0.001,0.0043,0.232,0.9886647626524379,0.9999998599426523,MED13,False
C5_all,GO_BP,GOBP_FIBROBLAST_GROWTH_FACTOR_RECEPTOR_SIGNALING_PATHWAY,Fibroblast growth factor receptor signaling pathway,1,64,998,0.001,0.0043,0.232,0.9886647626524379,0.9999998599426523,NDST1,False
C5_all,GO_BP,GOBP_DEVELOPMENTAL_MATURATION,Developmental maturation,10,269,998,0.01,0.0182,0.551,0.9886716431189022,0.9999998599426523,"ROPN1, NTN4, RELN, L3MBTL3, PLD6, REN, ROPN1B, NFIA, TUT7, ALDH1A2",False
C5_all,GO_BP,GOBP_TELOMERE_MAINTENANCE,Telomere maintenance,4,143,998,0.004,0.0097,0.415,0.9890079620413987,0.9999998599426523,"FBXO4, TENT4B, SMG1, SMC6",False
C5_all,GO_BP,GOBP_TRANSCRIPTION_PREINITIATION_COMPLEX_ASSEMBLY,Transcription preinitiation complex assembly,1,65,998,0.001,0.0044,0.228,0.9894327576879346,0.9999998599426523,ESR1,False
C5_all,GO_BP,GOBP_POSITIVE_REGULATION_OF_TELOMERE_MAINTENANCE,Positive regulation of telomere maintenance,1,65,998,0.001,0.0044,0.228,0.9894327576879346,0.9999998599426523,FBXO4,False
C5_all,GO_BP,GOBP_POSITIVE_REGULATION_OF_CELL_KILLING,Positive regulation of cell killing,1,65,998,0.001,0.0044,0.228,0.9894327576879346,0.9999998599426523,ARG1,False
C5_all,GO_BP,GOBP_NEGATIVE_REGULATION_OF_CYTOSKELETON_ORGANIZATION,Negative regulation of cytoskeleton organization,4,144,998,0.004,0.0097,0.412,0.989559550361411,0.9999998599426523,"PHLDB2, KANK4, PIK3R1, PFN2",False
C5_all,GO_BP,GOBP_POSITIVE_REGULATION_OF_CYTOSKELETON_ORGANIZATION,Positive regulation of cytoskeleton organization,5,167,998,0.005,0.0113,0.444,0.9897320125508436,0.9999998599426523,"PDE4DIP, PROX1, MTSS1, PPM1E, PFN2",False
C5_all,GO_BP,GOBP_POSITIVE_REGULATION_OF_EPITHELIAL_CELL_PROLIFERATION,Positive regulation of epithelial cell proliferation,5,167,998,0.005,0.0113,0.444,0.9897320125508436,0.9999998599426523,"ARNT, PROX1, AR, RTN4, EGFR",False
C5_all,GO_BP,GOBP_REGULATION_OF_CELL_CYCLE_G1_S_PHASE_TRANSITION,Regulation of cell cycle g1 s phase transition,5,167,998,0.005,0.0113,0.444,0.9897320125508436,0.9999998599426523,"CRADD, RBL2, SMARCA2, EGFR, MYO16",False
C5_all,GO_BP,GOBP_NEURON_PROJECTION_GUIDANCE,Neuron projection guidance,6,189,998,0.006,0.0128,0.471,0.9897890215160673,0.9999998599426523,"USP33, NTN4, RELN, ARHGAP35, ARK2C, CRPPA",False
C5_all,GO_BP,GOBP_REGULATION_OF_MONONUCLEAR_CELL_MIGRATION,Regulation of mononuclear cell migration,3,121,998,0.003,0.0082,0.368,0.9900100218311123,0.9999998599426523,"CD99L2, DDT, C5",False
C5_all,GO_BP,GOBP_REGULATION_OF_IMMUNOGLOBULIN_PRODUCTION,Regulation of immunoglobulin production,1,66,998,0.001,0.0045,0.225,0.9901487674528501,0.9999998599426523,NDFIP1,False
C5_all,GO_BP,GOBP_HEART_VALVE_DEVELOPMENT,Heart valve development,1,66,998,0.001,0.0045,0.225,0.9901487674528501,0.9999998599426523,HECTD1,False
C5_all,GO_BP,GOBP_POSITIVE_REGULATION_OF_ORGANELLE_ORGANIZATION,Positive regulation of organelle organization,20,464,998,0.02,0.0314,0.639,0.9904217302186823,0.9999998599426523,"SETDB2, SYT1, PLD6, PPM1E, LMAN1, PIWIL2, TAPT1, PROX1, FBXO4, MTSS1, CCP110, TNFSF10, ATF7IP2, BNIP3, CUL3, MICU1, PFN2, ARHGAP35, PDE4DIP, HAP1",False
C5_all,GO_BP,GOBP_REGULATION_OF_CELL_KILLING,Regulation of cell killing,2,96,998,0.002,0.0065,0.309,0.990426796197778,0.9999998599426523,"ARG1, DNASE1L3",False
C5_all,GO_BP,GOBP_OSTEOCLAST_DIFFERENTIATION,Osteoclast differentiation,2,96,998,0.002,0.0065,0.309,0.990426796197778,0.9999998599426523,"PIK3R1, SH3PXD2A",False
C5_all,GO_BP,GOBP_RESPONSE_TO_MOLECULE_OF_BACTERIAL_ORIGIN,Response to molecule of bacterial origin,11,294,998,0.011,0.0199,0.555,0.9907333185106018,0.9999998599426523,"RPS6KB1, ABCA1, HMGCS2, CPS1, NR1H3, CDK19, MAOB, PPM1E, REN, PCK2, ALAD",False
C5_all,GO_BP,GOBP_NEGATIVE_REGULATION_OF_CELL_CYCLE_G2_M_PHASE_TRANSITION,Negative regulation of cell cycle g2 m phase transition,1,67,998,0.001,0.0045,0.221,0.9908163075181716,0.9999998599426523,CDC14B,False
C5_all,GO_BP,GOBP_POSITIVE_REGULATION_OF_TYPE_II_INTERFERON_PRODUCTION,Positive regulation of type ii interferon production,1,67,998,0.001,0.0045,0.221,0.9908163075181716,0.9999998599426523,IL27,False
C5_all,GO_BP,GOBP_B_CELL_ACTIVATION,B cell activation,8,234,998,0.008,0.0158,0.507,0.9909730947110542,0.9999998599426523,"CTPS1, FNIP1, TPD52, PIK3R1, PRLR, NDFIP1, CHRNA4, RAG1",False
C5_all,GO_BP,GOBP_VIRAL_GENE_EXPRESSION,Viral gene expression,2,97,998,0.002,0.0066,0.306,0.9909949241810514,0.9999998599426523,"NUCKS1, MAN2A1",False
C5_all,GO_BP,GOBP_TRANSCRIPTION_INITIATION_AT_RNA_POLYMERASE_II_PROMOTER,Transcription initiation at rna polymerase ii promoter,4,147,998,0.004,0.0099,0.403,0.9910601366960626,0.9999998599426523,"ESR1, MED13, ATF2, ASH2L",False
C5_all,GO_BP,GOBP_SPROUTING_ANGIOGENESIS,Sprouting angiogenesis,3,123,998,0.003,0.0083,0.362,0.9910628336102141,0.9999998599426523,"GPLD1, RSPO3, BMPER",False
C5_all,GO_BP,GOBP_NEGATIVE_REGULATION_OF_CELL_CYCLE_PROCESS,Negative regulation of cell cycle process,10,275,998,0.01,0.0186,0.539,0.9910635441765553,0.9999998599426523,"CRADD, TOM1L1, PROX1, FBXO4, RBL2, CCP110, ATF2, TEX14, CDC14B, MYO16",False
C5_all,GO_BP,GOBP_SKIN_DEVELOPMENT,Skin development,7,214,998,0.007,0.0145,0.485,0.9913379513624797,0.9999998599426523,"ARRDC3, EXPH5, LGR4, GRHL3, ERRFI1, EGFR, EDA",False
C5_all,GO_BP,GOBP_PROTEIN_CONTAINING_COMPLEX_DISASSEMBLY,Protein containing complex disassembly,8,235,998,0.008,0.0159,0.505,0.9913506018511248,0.9999998599426523,"MFSD8, PEX5, BNIP3, NCKAP5, PIK3R4, ZFAND1, STX17, PEX14",False
C5_all,GO_BP,GOBP_ACTIVATION_OF_INNATE_IMMUNE_RESPONSE,Activation of innate immune response,10,276,998,0.01,0.0187,0.537,0.9914131003835305,0.9999998599426523,"LRRC19, TOMM70, NR1H3, LGR4, PIK3R1, COLEC10, RTN4, FCN2, ESR1, ITCH",False
C5_all,GO_BP,GOBP_CHAPERONE_MEDIATED_PROTEIN_FOLDING,Chaperone mediated protein folding,1,68,998,0.001,0.0046,0.218,0.9914386559324356,0.9999998599426523,ST13,False
C5_all,GO_BP,GOBP_NEGATIVE_REGULATION_OF_MYELOID_CELL_DIFFERENTIATION,Negative regulation of myeloid cell differentiation,1,68,998,0.001,0.0046,0.218,0.9914386559324356,0.9999998599426523,PIK3R1,False
C5_all,GO_BP,GOBP_TELOMERE_ORGANIZATION,Telomere organization,4,148,998,0.004,0.01,0.401,0.9915127635788655,0.9999998599426523,"FBXO4, TENT4B, SMG1, SMC6",False
C5_all,GO_BP,GOBP_NEGATIVE_REGULATION_OF_SUPRAMOLECULAR_FIBER_ORGANIZATION,Negative regulation of supramolecular fiber organization,4,148,998,0.004,0.01,0.401,0.9915127635788655,0.9999998599426523,"PHLDB2, KANK4, PIK3R1, PFN2",False
C5_all,GO_BP,GOBP_POSITIVE_REGULATION_OF_CELL_CYCLE_PHASE_TRANSITION,Positive regulation of cell cycle phase transition,2,98,998,0.002,0.0066,0.303,0.9915300676807073,0.9999998599426523,"EGFR, CUL3",False
C5_all,GO_BP,GOBP_GRANULOCYTE_CHEMOTAXIS,Granulocyte chemotaxis,2,98,998,0.002,0.0066,0.303,0.9915300676807073,0.9999998599426523,"SRP54, IL17RC",False
C5_all,GO_BP,GOBP_PLATELET_ACTIVATION,Platelet activation,3,124,998,0.003,0.0084,0.359,0.9915482600283406,0.9999998599426523,"HTR2A, TUBB1, TEC",False
C5_all,GO_BP,GOBP_LEUKOCYTE_MEDIATED_CYTOTOXICITY,Leukocyte mediated cytotoxicity,3,124,998,0.003,0.0084,0.359,0.9915482600283406,0.9999998599426523,"ARG1, DNASE1L3, PIK3R1",False
C5_all,GO_BP,GOBP_REGULATION_OF_CELL_JUNCTION_ASSEMBLY,Regulation of cell junction assembly,6,194,998,0.006,0.0131,0.458,0.9919038121890787,0.9999998599426523,"IL1RAP, RAPGEF2, PHLDB2, SLITRK3, EPB41L5, CUX2",False
C5_all,GO_BP,GOBP_REGULATION_OF_STEM_CELL_PROLIFERATION,Regulation of stem cell proliferation,1,69,998,0.001,0.0047,0.215,0.9920188692544123,0.9999998599426523,TBX3,False
C5_all,GO_BP,GOBP_DOUBLE_STRAND_BREAK_REPAIR_VIA_NONHOMOLOGOUS_END_JOINING,Double strand break repair via nonhomologous end joining,1,69,998,0.001,0.0047,0.215,0.9920188692544123,0.9999998599426523,DCLRE1A,False
C5_all,GO_BP,GOBP_NATURAL_KILLER_CELL_MEDIATED_IMMUNITY,Natural killer cell mediated immunity,1,69,998,0.001,0.0047,0.215,0.9920188692544123,0.9999998599426523,PIK3R1,False
C5_all,GO_BP,GOBP_NATURAL_KILLER_CELL_ACTIVATION,Natural killer cell activation,1,69,998,0.001,0.0047,0.215,0.9920188692544123,0.9999998599426523,PIBF1,False
C5_all,GO_BP,GOBP_MYELOID_LEUKOCYTE_MEDIATED_IMMUNITY,Myeloid leukocyte mediated immunity,2,99,998,0.002,0.0067,0.299,0.9920340856494356,0.9999998599426523,"ARG1, DNASE1L3",False
C5_all,GO_BP,GOBP_REGULATION_OF_LEUKOCYTE_MIGRATION,Regulation of leukocyte migration,6,195,998,0.006,0.0132,0.456,0.9922736862605457,0.9999998599426523,"IL6R, C5, LYVE1, CD99L2, PIK3R1, DDT",False
C5_all,GO_BP,GOBP_NEGATIVE_REGULATION_OF_MITOTIC_CELL_CYCLE_PHASE_TRANSITION,Negative regulation of mitotic cell cycle phase transition,5,173,998,0.005,0.0117,0.428,0.99234331844284,0.9999998599426523,"CRADD, RBL2, TEX14, CDC14B, MYO16",False
C5_all,GO_BP,GOBP_POSITIVE_REGULATION_OF_CELL_CYCLE_PROCESS,Positive regulation of cell cycle process,7,217,998,0.007,0.0147,0.478,0.9924244781325802,0.9999998599426523,"PIWIL2, EGFR, CUL3, MAP10, SMC6, NUDT16, CDC14B",False
C5_all,GO_BP,GOBP_EXOCYTIC_PROCESS,Exocytic process,1,70,998,0.001,0.0047,0.212,0.9925597975046057,0.9999998599426523,SYT1,False
C5_all,GO_BP,GOBP_REGULATION_OF_LYMPHOCYTE_DIFFERENTIATION,Regulation of lymphocyte differentiation,6,196,998,0.006,0.0132,0.454,0.9926274995771167,0.9999998599426523,"SOD1, SMARCA2, RAG1, CLEC4G, NDFIP1, IL27",False
C5_all,GO_BP,GOBP_RESPONSE_TO_IONIZING_RADIATION,Response to ionizing radiation,3,127,998,0.003,0.0086,0.35,0.9928565653686143,0.9999998599426523,"FBXO4, NUCKS1, ALAD",False
C5_all,GO_BP,GOBP_REGULATION_OF_ACTIN_FILAMENT_ORGANIZATION,Regulation of actin filament organization,8,240,998,0.008,0.0162,0.494,0.9930256314791976,0.9999998599426523,"ARHGAP35, PHLDB2, CARMIL3, KANK4, PIK3R1, MTSS1, PPM1E, PFN2",False
C5_all,GO_BP,GOBP_ACTIN_POLYMERIZATION_OR_DEPOLYMERIZATION,Actin polymerization or depolymerization,5,175,998,0.005,0.0118,0.424,0.9930632326778617,0.9999998599426523,"ARHGAP35, KANK4, COBL, DIAPH1, PFN2",False
C5_all,GO_BP,GOBP_ENDODERM_DEVELOPMENT,Endoderm development,1,71,998,0.001,0.0048,0.209,0.9930640981084092,0.9999998599426523,EPB41L5,False
C5_all,GO_BP,GOBP_INTERLEUKIN_8_PRODUCTION,Interleukin 8 production,1,71,998,0.001,0.0048,0.209,0.9930640981084092,0.9999998599426523,LRRC19,False
C5_all,GO_BP,GOBP_REGULATION_OF_CYTOPLASMIC_PATTERN_RECOGNITION_RECEPTOR_SIGNALING_PATHWAY,Regulation of cytoplasmic pattern recognition receptor signaling pathway,2,102,998,0.002,0.0069,0.291,0.9933765004315016,0.9999998599426523,"ITCH, RTN4",False
C5_all,GO_BP,GOBP_POSITIVE_REGULATION_OF_B_CELL_ACTIVATION,Positive regulation of b cell activation,1,72,998,0.001,0.0049,0.206,0.99353424889886,0.9999998599426523,PRLR,False
C5_all,GO_BP,GOBP_PROTEIN_POLYMERIZATION,Protein polymerization,9,263,998,0.009,0.0178,0.507,0.9936522574788579,0.9999998599426523,"TUBB1, HAUS4, PDE4DIP, COBL, KANK4, DIAPH1, TUBGCP4, TPPP2, PFN2",False
C5_all,GO_BP,GOBP_REGULATION_OF_ALPHA_BETA_T_CELL_DIFFERENTIATION,Regulation of alpha beta t cell differentiation,1,73,998,0.001,0.0049,0.203,0.9939725602423554,0.9999998599426523,IL27,False
C5_all,GO_BP,GOBP_ANTIGEN_PROCESSING_AND_PRESENTATION,Antigen processing and presentation,2,104,998,0.002,0.007,0.285,0.99414560699136,0.9999998599426523,"SAR1B, CLEC4M",False
C5_all,GO_BP,GOBP_PROTEIN_LOCALIZATION_TO_NUCLEUS,Protein localization to nucleus,10,286,998,0.01,0.0193,0.518,0.994270928733843,0.9999998599426523,"IPO8, DRD1, FBXO4, NUP88, PIK3R1, ILRUN, STK3, CRY2, ATF2, NMD3",False
C5_all,GO_BP,GOBP_NEUTROPHIL_CHEMOTAXIS,Neutrophil chemotaxis,1,74,998,0.001,0.005,0.2,0.9943811863464331,0.9999998599426523,SRP54,False
C5_all,GO_BP,GOBP_ATP_SYNTHESIS_COUPLED_ELECTRON_TRANSPORT,Atp synthesis coupled electron transport,1,74,998,0.001,0.005,0.2,0.9943811863464331,0.9999998599426523,COX7A2L,False
C5_all,GO_BP,GOBP_DEFENSE_RESPONSE_TO_BACTERIUM,Defense response to bacterium,6,202,998,0.006,0.0137,0.44,0.9944479006729667,0.9999998599426523,"GBP7, STAB2, IL6R, SLC30A1, FCN2, ZG16",False
C5_all,GO_BP,GOBP_CELL_JUNCTION_ASSEMBLY,Cell junction assembly,15,386,998,0.015,0.0261,0.576,0.9944573438738304,0.9999998599426523,"IL1RAP, CDH2, RAPGEF2, RELN, MPDZ, DSG1, DRD1, PHLDB2, CLDN12, GJB1, PKP2, SLITRK3, EPB41L5, PTPRK, CUX2",False
C5_all,GO_BP,GOBP_MITOTIC_SISTER_CHROMATID_SEGREGATION,Mitotic sister chromatid segregation,5,180,998,0.005,0.0122,0.412,0.9945911479957609,0.9999998599426523,"CUL3, TEX14, MAP10, RMDN1, PIBF1",False
C5_all,GO_BP,GOBP_CELLULAR_RESPONSE_TO_MOLECULE_OF_BACTERIAL_ORIGIN,Cellular response to molecule of bacterial origin,5,182,998,0.005,0.0123,0.407,0.9951072130860359,0.9999998599426523,"ABCA1, HMGCS2, NR1H3, CDK19, PPM1E",False
C5_all,GO_BP,GOBP_POSITIVE_REGULATION_OF_CYTOKINE_PRODUCTION_INVOLVED_IN_IMMUNE_RESPONSE,Positive regulation of cytokine production involved in immune response,1,76,998,0.001,0.0051,0.195,0.9951172814305878,0.9999998599426523,HTR2A,False
C5_all,GO_BP,GOBP_REGULATION_OF_MYELOID_LEUKOCYTE_DIFFERENTIATION,Regulation of myeloid leukocyte differentiation,2,107,998,0.002,0.0072,0.277,0.9951378990611717,0.9999998599426523,"PIK3R1, NDFIP1",False
C5_all,GO_BP,GOBP_TISSUE_MIGRATION,Tissue migration,10,290,998,0.01,0.0196,0.511,0.9951407966089347,0.9999998599426523,"GPLD1, MCC, PLG, PROX1, BMPER, RTN4, EPB41L5, SERPINF1, EPB41L4B, PFN2",False
C5_all,GO_BP,GOBP_REGULATION_OF_INTRINSIC_APOPTOTIC_SIGNALING_PATHWAY,Regulation of intrinsic apoptotic signaling pathway,4,159,998,0.004,0.0107,0.373,0.9952425170660617,0.9999998599426523,"ADCY10, SOD1, NUPR1, SGMS1",False
C5_all,GO_BP,GOBP_RESPONSE_TO_ENDOPLASMIC_RETICULUM_STRESS,Response to endoplasmic reticulum stress,8,249,998,0.008,0.0168,0.476,0.9952974595367449,0.9999998599426523,"EDEM1, TMTC4, AQP11, FAM8A1, NR1H3, PIK3R1, NUPR1, LPCAT3",False
C5_all,GO_BP,GOBP_ACTIN_FILAMENT_ORGANIZATION,Actin filament organization,16,410,998,0.016,0.0277,0.578,0.9953154149833922,0.9999998599426523,"ARHGAP35, IQGAP2, PROX1, SHROOM2, PHLDB2, PIK3R1, CARMIL3, COBL, MTSS1, KANK4, MYO1B, ESPNL, PPM1E, CUL3, DIAPH1, PFN2",False
C5_all,GO_BP,GOBP_REGULATION_OF_CELL_CYCLE_G2_M_PHASE_TRANSITION,Regulation of cell cycle g2 m phase transition,2,108,998,0.002,0.0073,0.275,0.9954304488663975,0.9999998599426523,"NEK10, CDC14B",False
C5_all,GO_BP,GOBP_REGULATION_OF_DNA_TEMPLATED_TRANSCRIPTION_INITIATION,Regulation of dna templated transcription initiation,1,77,998,0.001,0.0052,0.193,0.9954483694270733,0.9999998599426523,MED13,False
C5_all,GO_BP,GOBP_REGULATION_OF_PROTEIN_POLYMERIZATION,Regulation of protein polymerization,5,184,998,0.005,0.0124,0.403,0.9955758969553284,0.9999998599426523,"HAUS4, PDE4DIP, KANK4, TPPP2, PFN2",False
C5_all,GO_BP,GOBP_REGULATION_OF_NUCLEOCYTOPLASMIC_TRANSPORT,Regulation of nucleocytoplasmic transport,2,109,998,0.002,0.0074,0.272,0.995705706717681,0.9999998599426523,"NEDD4, PIK3R1",False
C5_all,GO_BP,GOBP_B_CELL_ACTIVATION_INVOLVED_IN_IMMUNE_RESPONSE,B cell activation involved in immune response,1,78,998,0.001,0.0053,0.19,0.9957570279384398,0.9999998599426523,NDFIP1,False
C5_all,GO_BP,GOBP_MONONUCLEAR_CELL_MIGRATION,Mononuclear cell migration,5,185,998,0.005,0.0125,0.401,0.99579377613753,0.9999998599426523,"IL6R, C5, CD99L2, DDT, PLG",False
C5_all,GO_BP,GOBP_CYTOKINE_PRODUCTION_INVOLVED_IN_IMMUNE_RESPONSE,Cytokine production involved in immune response,2,110,998,0.002,0.0074,0.27,0.9959646712160718,0.9999998599426523,"ARG1, HTR2A",False
C5_all,GO_BP,GOBP_REGULATION_OF_ACTIN_FILAMENT_LENGTH,Regulation of actin filament length,3,138,998,0.003,0.0093,0.322,0.9961739227335988,0.9999998599426523,"KANK4, ARHGAP35, PFN2",False
C5_all,GO_BP,GOBP_POSITIVE_REGULATION_OF_LEUKOCYTE_CHEMOTAXIS,Positive regulation of leukocyte chemotaxis,1,80,998,0.001,0.0054,0.185,0.9963130260965077,0.9999998599426523,IL6R,False
C5_all,GO_BP,GOBP_REGULATION_OF_PROTEIN_SERINE_THREONINE_KINASE_ACTIVITY,Regulation of protein serine threonine kinase activity,7,233,998,0.007,0.0157,0.445,0.9963535978667627,0.9999998599426523,"LRP6, RAPGEF2, PROX1, NEK10, EGFR, GHR, DUSP19",False
C5_all,GO_BP,GOBP_GASTRULATION,Gastrulation,4,164,998,0.004,0.0111,0.362,0.99635835833178,0.9999998599426523,"PHLDB2, EPB41L5, CUL3, ACVR2B",False
C5_all,GO_BP,GOBP_REGULATION_OF_LYMPHOCYTE_MEDIATED_IMMUNITY,Regulation of lymphocyte mediated immunity,4,164,998,0.004,0.0111,0.362,0.99635835833178,0.9999998599426523,"ARG1, C4BPB, CLEC4G, NDFIP1",False
C5_all,GO_BP,GOBP_REGULATION_OF_CELLULAR_RESPONSE_TO_STRESS,Regulation of cellular response to stress,19,476,998,0.019,0.0322,0.592,0.9965239058958074,0.9999998599426523,"TEX15, SKP2, EGFR, NR1H3, FBXO4, PIK3R1, TADA1, PTPRF, SMARCA2, NUPR1, LPCAT3, KLHDC10, MGMT, MBTD1, MICU1, CERS2, AQP11, RADX, EFHD1",False
C5_all,GO_BP,GOBP_MITOTIC_NUCLEAR_DIVISION,Mitotic nuclear division,8,256,998,0.008,0.0173,0.463,0.9965586129508657,0.9999998599426523,"TOM1L1, CUL3, MAP10, TEX14, NFIA, RMDN1, CDC14B, PIBF1",False
C5_all,GO_BP,GOBP_POSITIVE_REGULATION_OF_MONONUCLEAR_CELL_MIGRATION,Positive regulation of mononuclear cell migration,1,81,998,0.001,0.0055,0.183,0.9965631008522291,0.9999998599426523,CD99L2,False
C5_all,GO_BP,GOBP_REGULATION_OF_ADAPTIVE_IMMUNE_RESPONSE,Regulation of adaptive immune response,5,189,998,0.005,0.0128,0.392,0.9965666224436376,0.9999998599426523,"CLEC4G, C4BPB, NDFIP1, ARG1, IL27",False
C5_all,GO_BP,GOBP_LEUKOCYTE_CHEMOTAXIS,Leukocyte chemotaxis,5,189,998,0.005,0.0128,0.392,0.9965666224436376,0.9999998599426523,"IL6R, C5, IL17RC, DDT, SRP54",False
C5_all,GO_BP,GOBP_MYELOID_LEUKOCYTE_ACTIVATION,Myeloid leukocyte activation,6,212,998,0.006,0.0143,0.42,0.9965682697524456,0.9999998599426523,"NR1H3, DNASE1L3, DHRS2, ENPP3, RORA, MT1G",False
C5_all,GO_BP,GOBP_BLOOD_VESSEL_ENDOTHELIAL_CELL_MIGRATION,Blood vessel endothelial cell migration,2,113,998,0.002,0.0076,0.262,0.9966529704342434,0.9999998599426523,"GPLD1, PLG",False
C5_all,GO_BP,GOBP_NEGATIVE_REGULATION_OF_VIRAL_PROCESS,Negative regulation of viral process,1,82,998,0.001,0.0055,0.181,0.996796229741611,0.9999998599426523,PROX1,False
C5_all,GO_BP,GOBP_CANONICAL_NF_KAPPAB_SIGNAL_TRANSDUCTION,Canonical nf kappab signal transduction,9,279,998,0.009,0.0189,0.478,0.9968019666223681,0.9999998599426523,"LRRC19, GBP7, PPM1B, SLC39A8, ESR1, RORA, NDFIP1, EDA, TNFSF10",False
C5_all,GO_BP,GOBP_LAMELLIPODIUM_ORGANIZATION,Lamellipodium organization,1,83,998,0.001,0.0056,0.179,0.99701355999704,0.9999998599426523,PIK3R1,False
C5_all,GO_BP,GOBP_REGULATION_OF_B_CELL_ACTIVATION,Regulation of b cell activation,2,115,998,0.002,0.0078,0.258,0.9970462971053862,0.9999998599426523,"PRLR, NDFIP1",False
C5_all,GO_BP,GOBP_SISTER_CHROMATID_SEGREGATION,Sister chromatid segregation,6,216,998,0.006,0.0146,0.412,0.9971769755530013,0.9999998599426523,"SMARCA2, CUL3, TEX14, MAP10, RMDN1, PIBF1",False
C5_all,GO_BP,GOBP_REGULATED_EXOCYTOSIS,Regulated exocytosis,5,193,998,0.005,0.013,0.384,0.9972018806933817,0.9999998599426523,"SYT10, FMR1, RAPGEF4, SYT1, PFN2",False
C5_all,GO_BP,GOBP_REGULATION_OF_CELLULAR_COMPONENT_SIZE,Regulation of cellular component size,11,324,998,0.011,0.0219,0.503,0.9972115750662566,0.9999998599426523,"ADCY10, WNK3, ARHGAP35, PEX11A, AQP11, KANK4, SLC26A5, RTN4, KCNMA1, TRPC5, PFN2",False
C5_all,GO_BP,GOBP_CELL_ADHESION_MEDIATED_BY_INTEGRIN,Cell adhesion mediated by integrin,1,84,998,0.001,0.0057,0.176,0.9972161612561627,0.9999998599426523,PDE3B,False
C5_all,GO_BP,GOBP_T_CELL_MEDIATED_IMMUNITY,T cell mediated immunity,2,116,998,0.002,0.0078,0.256,0.9972255445642202,0.9999998599426523,"ARG1, CLEC4G",False
C5_all,GO_BP,GOBP_POSITIVE_REGULATION_OF_RESPONSE_TO_BIOTIC_STIMULUS,Positive regulation of response to biotic stimulus,12,347,998,0.012,0.0235,0.513,0.997480521443273,0.9999998599426523,"LRRC19, TOMM70, NR1H3, LGR4, PIK3R1, COLEC10, POLR3G, FCN2, RTN4, ESR1, ARG1, ITCH",False
C5_all,GO_BP,GOBP_T_CELL_DIFFERENTIATION,T cell differentiation,9,285,998,0.009,0.0193,0.468,0.9975424879477005,0.9999998599426523,"SOD1, IL6R, IL27, PIK3R1, SMARCA2, ATF2, CLEC4G, RORA, RAG1",False
C5_all,GO_BP,GOBP_EXOCYTOSIS,Exocytosis,10,307,998,0.01,0.0208,0.483,0.9976270927317247,0.9999998599426523,"SYT10, RAB33B, EXPH5, FMR1, RAPGEF4, SYT1, HAP1, STX17, VSNL1, PFN2",False
C5_all,GO_BP,GOBP_REGULATION_OF_MYELOID_CELL_DIFFERENTIATION,Regulation of myeloid cell differentiation,4,172,998,0.004,0.0116,0.345,0.9976373330470878,0.9999998599426523,"ARNT, PIK3R1, FAXDC2, NDFIP1",False
C5_all,GO_BP,GOBP_LEUKOCYTE_MEDIATED_IMMUNITY,Leukocyte mediated immunity,12,349,998,0.012,0.0236,0.51,0.9976772925597193,0.9999998599426523,"C5, DNASE1L3, PIK3R1, C6, C1S, MASP2, CLEC4G, C4BPB, C8A, ARG1, NDFIP1, C8B",False
C5_all,GO_BP,GOBP_DNA_CONFORMATION_CHANGE,Dna conformation change,1,87,998,0.001,0.0059,0.17,0.9977452311667313,0.9999998599426523,ZRANB3,False
C5_all,GO_BP,GOBP_LYMPHOCYTE_MIGRATION,Lymphocyte migration,1,87,998,0.001,0.0059,0.17,0.9977452311667313,0.9999998599426523,CD99L2,False
C5_all,GO_BP,GOBP_REGULATION_OF_PROTEIN_CONTAINING_COMPLEX_ASSEMBLY,Regulation of protein containing complex assembly,13,371,998,0.013,0.0251,0.519,0.997824313183406,0.9999998599426523,"SAR1B, ABCA1, HAUS4, PDE4DIP, SORL1, FNIP1, KANK4, PEX5, TRABD2B, FNIP2, LCAT, TPPP2, PFN2",False
C5_all,GO_BP,GOBP_MITOCHONDRIAL_TRANSLATION,Mitochondrial translation,2,120,998,0.002,0.0081,0.247,0.9978415289826511,0.9999998599426523,"RPUSD4, MRPL14",False
C5_all,GO_BP,GOBP_MITOCHONDRIAL_RESPIRATORY_CHAIN_COMPLEX_ASSEMBLY,Mitochondrial respiratory chain complex assembly,1,88,998,0.001,0.0059,0.168,0.997898237170376,0.9999998599426523,LYRM7,False
C5_all,GO_BP,GOBP_POSITIVE_REGULATION_OF_DEFENSE_RESPONSE,Positive regulation of defense response,16,432,998,0.016,0.0292,0.549,0.9979087640339315,0.9999998599426523,"LRRC19, TOMM70, NR1H3, LGR4, PIK3R1, COLEC10, POLR3G, FCN2, NAPEPLD, RTN4, DDT, ESR1, HTR2A, NUPR1, ARG1, ITCH",False
C5_all,GO_BP,GOBP_NOTCH_SIGNALING_PATHWAY,Notch signaling pathway,3,149,998,0.003,0.0101,0.298,0.9979729672746346,0.9999998599426523,"MAML3, POFUT1, POSTN",False
C5_all,GO_BP,GOBP_POSITIVE_REGULATION_OF_NF_KAPPAB_TRANSCRIPTION_FACTOR_ACTIVITY,Positive regulation of nf kappab transcription factor activity,2,121,998,0.002,0.0082,0.245,0.9979731509515846,0.9999998599426523,"IL1RAP, AR",False
C5_all,GO_BP,GOBP_CYTOPLASMIC_TRANSLATION,Cytoplasmic translation,3,150,998,0.003,0.0101,0.296,0.998087659320896,0.9999998599426523,"FMR1, PIWIL2, CPEB2",False
C5_all,GO_BP,GOBP_REGULATION_OF_RESPONSE_TO_CYTOKINE_STIMULUS,Regulation of response to cytokine stimulus,3,152,998,0.003,0.0103,0.293,0.9982983403083991,0.9999998599426523,"ARG1, CNOT7, NR1H3",False
C5_all,GO_BP,GOBP_POSITIVE_REGULATION_OF_DNA_METABOLIC_PROCESS,Positive regulation of dna metabolic process,8,272,998,0.008,0.0184,0.436,0.9983433290746703,0.9999998599426523,"A1CF, FBXO4, SMARCA2, SKP2, EGFR, HTR2A, MGMT, MBTD1",False
C5_all,GO_BP,GOBP_LEUKOCYTE_PROLIFERATION,Leukocyte proliferation,9,294,998,0.009,0.0199,0.454,0.9983545577833216,0.9999998599426523,"CTPS1, ITCH, ENPP3, PRLR, CLEC4G, NDFIP1, ARG1, GPAM, IL27",False
C5_all,GO_BP,GOBP_POSITIVE_REGULATION_OF_T_CELL_PROLIFERATION,Positive regulation of t cell proliferation,1,92,998,0.001,0.0062,0.161,0.9984133214842394,0.9999998599426523,GPAM,False
C5_all,GO_BP,GOBP_RESPONSE_TO_TUMOR_NECROSIS_FACTOR,Response to tumor necrosis factor,5,204,998,0.005,0.0138,0.363,0.9984181208801773,0.9999998599426523,"RPS6KB1, GPD1, POSTN, RORA, PCK2",False
C5_all,GO_BP,GOBP_ENDOTHELIAL_CELL_MIGRATION,Endothelial cell migration,5,205,998,0.005,0.0139,0.362,0.9984988516812641,0.9999998599426523,"GPLD1, PROX1, BMPER, SERPINF1, PLG",False
C5_all,GO_BP,GOBP_POSITIVE_REGULATION_OF_LYMPHOCYTE_DIFFERENTIATION,Positive regulation of lymphocyte differentiation,2,127,998,0.002,0.0086,0.233,0.9986121658991164,0.9999998599426523,"RAG1, SMARCA2",False
C5_all,GO_BP,GOBP_STEM_CELL_PROLIFERATION,Stem cell proliferation,1,94,998,0.001,0.0064,0.158,0.9986214305406885,0.9999998599426523,TBX3,False
C5_all,GO_BP,GOBP_CELLULAR_RESPONSE_TO_BIOTIC_STIMULUS,Cellular response to biotic stimulus,5,207,998,0.005,0.014,0.358,0.9986485107079143,0.9999998599426523,"ABCA1, HMGCS2, NR1H3, CDK19, PPM1E",False
C5_all,GO_BP,GOBP_MITOCHONDRIAL_GENE_EXPRESSION,Mitochondrial gene expression,3,156,998,0.003,0.0105,0.285,0.9986538554416334,0.9999998599426523,"RPUSD4, HSD17B10, MRPL14",False
C5_all,GO_BP,GOBP_LYMPHOCYTE_ACTIVATION_INVOLVED_IN_IMMUNE_RESPONSE,Lymphocyte activation involved in immune response,4,183,998,0.004,0.0124,0.324,0.9987087083528096,0.9999998599426523,"IL6R, RORA, NDFIP1, IL27",False
C5_all,GO_BP,GOBP_DNA_TEMPLATED_TRANSCRIPTION_INITIATION,Dna templated transcription initiation,4,183,998,0.004,0.0124,0.324,0.9987087083528096,0.9999998599426523,"ESR1, MED13, ATF2, ASH2L",False
C5_all,GO_BP,GOBP_REGULATION_OF_VASCULATURE_DEVELOPMENT,Regulation of vasculature development,7,255,998,0.007,0.0172,0.407,0.9987190895453404,0.9999998599426523,"OR10J5, PDE3B, BMPER, ATF2, HIPK2, SERPINF1, TSPAN12",False
C5_all,GO_BP,GOBP_DNA_TEMPLATED_TRANSCRIPTION_ELONGATION,Dna templated transcription elongation,2,129,998,0.002,0.0087,0.23,0.9987773174075749,0.9999998599426523,"TCEA1, TCEA3",False
C5_all,GO_BP,GOBP_IMMUNOGLOBULIN_PRODUCTION,Immunoglobulin production,1,96,998,0.001,0.0065,0.154,0.9988022677104691,0.9999998599426523,NDFIP1,False
C5_all,GO_BP,GOBP_CELLULAR_COMPONENT_DISASSEMBLY,Cellular component disassembly,18,487,998,0.018,0.0329,0.548,0.9988316291714361,0.9999998599426523,"KLHDC10, CECR2, MFSD8, ADCY10, USP30, DNASE1L3, PIK3R1, PEX5, BNIP3, NCKAP5, PIK3R4, ACVR1C, ZFAND1, WDR72, STX17, ATG2B, PEX14, PLG",False
C5_all,GO_BP,GOBP_PROTEIN_RNA_COMPLEX_ORGANIZATION,Protein rna complex organization,4,186,998,0.004,0.0126,0.319,0.9989067657105676,0.9999998599426523,"GCFC2, GEMIN6, MDN1, ZFAND1",False
C5_all,GO_BP,GOBP_REGULATION_OF_CYTOSKELETON_ORGANIZATION,Regulation of cytoskeleton organization,17,469,998,0.017,0.0317,0.537,0.9989081152483336,0.9999998599426523,"FSD1, ARHGAP35, HAUS4, GNAI1, PDE4DIP, PROX1, PHLDB2, GRHL3, PIK3R1, CARMIL3, IQGAP2, MTSS1, KANK4, PPM1E, DIXDC1, DIAPH1, PFN2",False
C5_all,GO_BP,GOBP_RIBOSOMAL_SMALL_SUBUNIT_BIOGENESIS,Ribosomal small subunit biogenesis,1,98,998,0.001,0.0066,0.151,0.9989594037573698,0.9999998599426523,UTP23,False
C5_all,GO_BP,GOBP_AMEBOIDAL_TYPE_CELL_MIGRATION,Ameboidal type cell migration,13,391,998,0.013,0.0264,0.493,0.9990361170336786,0.9999998599426523,"GPLD1, MCC, CDH2, PROX1, BMPER, RTN4, PHACTR4, EPB41L5, ACVR1C, SERPINF1, EPB41L4B, PFN2, PLG",False
C5_all,GO_BP,GOBP_REGULATION_OF_SUPRAMOLECULAR_FIBER_ORGANIZATION,Regulation of supramolecular fiber organization,11,350,998,0.011,0.0237,0.466,0.9990769219523659,0.9999998599426523,"ARHGAP35, HAUS4, PDE4DIP, PROX1, PHLDB2, CARMIL3, PIK3R1, KANK4, MTSS1, PPM1E, PFN2",False
C5_all,GO_BP,GOBP_REGULATION_OF_PRODUCTION_OF_MOLECULAR_MEDIATOR_OF_IMMUNE_RESPONSE,Regulation of production of molecular mediator of immune response,3,163,998,0.003,0.011,0.273,0.9991092360401874,0.9999998599426523,"ARG1, HTR2A, NDFIP1",False
C5_all,GO_BP,GOBP_REGULATION_OF_LEUKOCYTE_MEDIATED_IMMUNITY,Regulation of leukocyte mediated immunity,5,216,998,0.005,0.0146,0.343,0.9991609651119968,0.9999998599426523,"DNASE1L3, CLEC4G, C4BPB, NDFIP1, ARG1",False
C5_all,GO_BP,GOBP_TYPE_II_INTERFERON_PRODUCTION,Type ii interferon production,1,102,998,0.001,0.0069,0.145,0.9992145809925398,0.9999998599426523,IL27,False
C5_all,GO_BP,GOBP_REGULATION_OF_INNATE_IMMUNE_RESPONSE,Regulation of innate immune response,13,398,998,0.013,0.0269,0.484,0.9992803324945267,0.9999998599426523,"LRRC19, TOMM70, NR1H3, CNOT7, LGR4, PIK3R1, COLEC10, POLR3G, FCN2, RTN4, ESR1, ARG1, ITCH",False
C5_all,GO_BP,GOBP_LYMPHOCYTE_DIFFERENTIATION,Lymphocyte differentiation,12,380,998,0.012,0.0257,0.468,0.9993680624046387,0.9999998599426523,"SOD1, IL6R, IL27, FNIP1, TPD52, PIK3R1, SMARCA2, ATF2, CLEC4G, RORA, NDFIP1, RAG1",False
C5_all,GO_BP,GOBP_POSITIVE_REGULATION_OF_CANONICAL_NF_KAPPAB_SIGNAL_TRANSDUCTION,Positive regulation of canonical nf kappab signal transduction,4,196,998,0.004,0.0132,0.303,0.9993755332385169,0.9999998599426523,"EDA, LRRC19, TNFSF10, NDFIP1",False
C5_all,GO_BP,GOBP_POSITIVE_REGULATION_OF_LEUKOCYTE_PROLIFERATION,Positive regulation of leukocyte proliferation,2,140,998,0.002,0.0095,0.212,0.9993931706985024,0.9999998599426523,"PRLR, GPAM",False
C5_all,GO_BP,GOBP_PROTEIN_LOCALIZATION_TO_CHROMOSOME,Protein localization to chromosome,1,106,998,0.001,0.0072,0.14,0.9994072301654312,0.9999998599426523,ESR1,False
C5_all,GO_BP,GOBP_FORMATION_OF_PRIMARY_GERM_LAYER,Formation of primary germ layer,1,106,998,0.001,0.0072,0.14,0.9994072301654312,0.9999998599426523,EPB41L5,False
C5_all,GO_BP,GOBP_REGULATION_OF_IMMUNE_EFFECTOR_PROCESS,Regulation of immune effector process,10,339,998,0.01,0.0229,0.437,0.9994244923953278,0.9999998599426523,"DNASE1L3, COLEC10, FCN2, ENPP3, HTR2A, CLEC4G, C4BPB, NDFIP1, ARG1, IL27",False
C5_all,GO_BP,GOBP_POSITIVE_REGULATION_OF_PROGRAMMED_CELL_DEATH,Positive regulation of programmed cell death,16,466,998,0.016,0.0315,0.509,0.9994404380031233,0.9999998599426523,"GPLD1, CRADD, SOD1, RAPGEF2, KCNMA1, CDK19, FNIP1, STK3, BNIP3, HTR2A, NUPR1, ACVR1C, ARG1, ADCY10, TNFSF10, ALDH1A2",False
C5_all,GO_BP,GOBP_MITOTIC_CELL_CYCLE_PHASE_TRANSITION,Mitotic cell cycle phase transition,13,404,998,0.013,0.0273,0.477,0.9994413633283289,0.9999998599426523,"CRADD, RPS6KB1, RBL2, SMARCA2, SKP2, KDM8, EGFR, CDK14, CUL3, TEX14, NFIA, CDC14B, MYO16",False
C5_all,GO_BP,GOBP_POSITIVE_REGULATION_OF_IMMUNE_EFFECTOR_PROCESS,Positive regulation of immune effector process,5,224,998,0.005,0.0151,0.331,0.9994537125731957,0.9999998599426523,"COLEC10, FCN2, ENPP3, HTR2A, ARG1",False
C5_all,GO_BP,GOBP_ESTABLISHMENT_OF_ORGANELLE_LOCALIZATION,Establishment of organelle localization,14,426,998,0.014,0.0288,0.487,0.9994663615256174,0.9999998599426523,"SAR1B, NUP88, SHROOM2, MDN1, HAP1, MAJIN, TERB2, TEX14, CUL3, RHOT1, RMDN1, PIBF1, PEX14, NMD3",False
C5_all,GO_BP,GOBP_REGULATION_OF_RESPONSE_TO_BIOTIC_STIMULUS,Regulation of response to biotic stimulus,16,468,998,0.016,0.0316,0.507,0.999483501736883,0.9999998599426523,"LRRC19, TOMM70, NR1H3, CNOT7, LGR4, PIK3R1, COLEC10, PPM1B, FCN2, ILRUN, POLR3G, RTN4, ESR1, ARG1, ITCH, IL27",False
C5_all,GO_BP,GOBP_PROTEIN_DEPOLYMERIZATION,Protein depolymerization,1,109,998,0.001,0.0074,0.136,0.9995200433865569,0.9999998599426523,NCKAP5,False
C5_all,GO_BP,GOBP_CELL_CYCLE_PHASE_TRANSITION,Cell cycle phase transition,17,491,998,0.017,0.0332,0.513,0.9995353927116526,0.9999998599426523,"CRADD, RPS6KB1, PROX1, RBL2, FBXO4, NEK10, SMARCA2, SKP2, KDM8, EGFR, CDK14, ATF2, TEX14, CUL3, NFIA, CDC14B, MYO16",False
C5_all,GO_BP,GOBP_REGULATION_OF_CHEMOTAXIS,Regulation of chemotaxis,3,174,998,0.003,0.0118,0.256,0.9995375439945744,0.9999998599426523,"DDT, IL6R, C5",False
C5_all,GO_BP,GOBP_POSITIVE_REGULATION_OF_AUTOPHAGY,Positive regulation of autophagy,2,145,998,0.002,0.0098,0.204,0.9995595148689407,0.9999998599426523,"EPM2A, BNIP3",False
C5_all,GO_BP,GOBP_POSITIVE_REGULATION_OF_VASCULATURE_DEVELOPMENT,Positive regulation of vasculature development,2,147,998,0.002,0.0099,0.202,0.9996126175642921,0.9999998599426523,"BMPER, HIPK2",False
C5_all,GO_BP,GOBP_REGULATION_OF_CELL_CELL_ADHESION,Regulation of cell cell adhesion,14,434,998,0.014,0.0293,0.478,0.9996183511793276,0.9999998599426523,"GCNT2, PPARA, ITCH, SMARCA2, RAG1, HTR2A, EPB41L5, MEGF10, CLEC4G, NDFIP1, ARG1, CITED2, GPAM, PLG",False
C5_all,GO_BP,GOBP_MONONUCLEAR_CELL_DIFFERENTIATION,Mononuclear cell differentiation,15,457,998,0.015,0.0309,0.487,0.9996508259825518,0.9999998599426523,"SOD1, IL6R, IL27, FNIP1, TPD52, PIK3R1, DHRS2, L3MBTL3, SMARCA2, ATF2, CLEC4G, RORA, MT1G, NDFIP1, RAG1",False
C5_all,GO_BP,GOBP_REGULATION_OF_CELL_CYCLE_PHASE_TRANSITION,Regulation of cell cycle phase transition,12,394,998,0.012,0.0266,0.451,0.9996571669678552,0.9999998599426523,"CRADD, PROX1, RBL2, FBXO4, NEK10, SMARCA2, EGFR, ATF2, TEX14, CUL3, CDC14B, MYO16",False
C5_all,GO_BP,GOBP_RRNA_PROCESSING,Rrna processing,4,207,998,0.004,0.014,0.286,0.9996655019059899,0.9999998599426523,"NUDT16, RPUSD4, TENT4B, UTP23",False
C5_all,GO_BP,GOBP_DNA_REPLICATION,Dna replication,6,259,998,0.006,0.0175,0.343,0.9996831364514505,0.9999998599426523,"NFIA, JADE3, NUCKS1, ZRANB3, EGFR, PDS5A",False
C5_all,GO_BP,GOBP_LEUKOCYTE_MIGRATION,Leukocyte migration,9,330,998,0.009,0.0223,0.404,0.9996904776772862,0.9999998599426523,"IL6R, C5, IL17RC, CD99L2, LYVE1, PIK3R1, DDT, SRP54, PLG",False
C5_all,GO_BP,GOBP_POSITIVE_REGULATION_OF_PRODUCTION_OF_MOLECULAR_MEDIATOR_OF_IMMUNE_RESPONSE,Positive regulation of production of molecular mediator of immune response,1,116,998,0.001,0.0078,0.128,0.9997067777671754,0.9999998599426523,HTR2A,False
C5_all,GO_BP,GOBP_REGULATION_OF_PROTEIN_CONTAINING_COMPLEX_DISASSEMBLY,Regulation of protein containing complex disassembly,1,117,998,0.001,0.0079,0.127,0.9997267148014007,0.9999998599426523,BNIP3,False
C5_all,GO_BP,GOBP_NEGATIVE_REGULATION_OF_IMMUNE_SYSTEM_PROCESS,Negative regulation of immune system process,14,442,998,0.014,0.0299,0.47,0.999728229513441,0.9999998599426523,"C5, ITCH, NR1H3, CNOT7, LGR4, PIK3R1, ENPP3, DDT, CLEC4G, C4BPB, NDFIP1, ARG1, GPAM, PIBF1",False
C5_all,GO_BP,GOBP_DNA_TEMPLATED_DNA_REPLICATION,Dna templated dna replication,2,153,998,0.002,0.0103,0.194,0.9997367808324051,0.9999998599426523,"NUCKS1, ZRANB3",False
C5_all,GO_BP,GOBP_REGULATION_OF_MITOTIC_CELL_CYCLE_PHASE_TRANSITION,Regulation of mitotic cell cycle phase transition,8,312,998,0.008,0.0211,0.38,0.9997573426453624,0.9999998599426523,"CRADD, RBL2, SMARCA2, EGFR, CUL3, TEX14, CDC14B, MYO16",False
C5_all,GO_BP,GOBP_CELL_ACTIVATION_INVOLVED_IN_IMMUNE_RESPONSE,Cell activation involved in immune response,6,265,998,0.006,0.0179,0.336,0.9997690980553222,0.9999998599426523,"IL6R, DNASE1L3, ENPP3, RORA, NDFIP1, IL27",False
C5_all,GO_BP,GOBP_ESTABLISHMENT_OR_MAINTENANCE_OF_CELL_POLARITY,Establishment or maintenance of cell polarity,4,214,998,0.004,0.0145,0.277,0.999776099584752,0.9999998599426523,"PHLDB2, DLG2, PALS1, ARHGAP35",False
C5_all,GO_BP,GOBP_REGULATION_OF_LEUKOCYTE_DIFFERENTIATION,Regulation of leukocyte differentiation,7,290,998,0.007,0.0196,0.358,0.9997767566630736,0.9999998599426523,"SOD1, IL27, PIK3R1, SMARCA2, CLEC4G, NDFIP1, RAG1",False
C5_all,GO_BP,GOBP_CYTOKINE_MEDIATED_SIGNALING_PATHWAY,Cytokine mediated signaling pathway,12,405,998,0.012,0.0274,0.439,0.9997899765663883,0.9999998599426523,"IL1RAP, SLC1A1, IL6R, IL17RC, NR1H3, CNOT7, PIK3R1, EDA, PRLR, GHR, ARG1, ACSL1",False
C5_all,GO_BP,GOBP_CYTOPLASMIC_PATTERN_RECOGNITION_RECEPTOR_SIGNALING_PATHWAY,Cytoplasmic pattern recognition receptor signaling pathway,2,158,998,0.002,0.0107,0.188,0.9998094649504902,0.9999998599426523,"ITCH, RTN4",False
C5_all,GO_BP,GOBP_RIBOSOME_BIOGENESIS,Ribosome biogenesis,7,294,998,0.007,0.0199,0.353,0.9998181981100372,0.9999998599426523,"TENT4B, NUP88, MDN1, NUDT16, RPUSD4, UTP23, NMD3",False
C5_all,GO_BP,GOBP_REGULATION_OF_T_CELL_ACTIVATION,Regulation of t cell activation,9,342,998,0.009,0.0231,0.39,0.9998263791314974,0.9999998599426523,"SOD1, ITCH, IL27, SMARCA2, CLEC4G, NDFIP1, ARG1, GPAM, RAG1",False
C5_all,GO_BP,GOBP_POSITIVE_REGULATION_OF_CELL_CELL_ADHESION,Positive regulation of cell cell adhesion,7,295,998,0.007,0.0199,0.352,0.9998273246069853,0.9999998599426523,"GCNT2, SMARCA2, HTR2A, MEGF10, CITED2, GPAM, RAG1",False
C5_all,GO_BP,GOBP_LEUKOCYTE_CELL_CELL_ADHESION,Leukocyte cell cell adhesion,10,366,998,0.01,0.0247,0.405,0.999836009232776,0.9999998599426523,"PPARA, SMARCA2, SLC39A8, CLEC4M, GPAM, CLEC4G, NDFIP1, ARG1, ITCH, RAG1",False
C5_all,GO_BP,GOBP_POSITIVE_REGULATION_OF_CHEMOTAXIS,Positive regulation of chemotaxis,1,125,998,0.001,0.0084,0.119,0.999844442095639,0.9999998599426523,IL6R,False
C5_all,GO_BP,GOBP_RNA_SPLICING_VIA_TRANSESTERIFICATION_REACTIONS,Rna splicing via transesterification reactions,6,275,998,0.006,0.0186,0.323,0.9998644757617831,0.9999998599426523,"SLC39A5, PRDX6, FMR1, GEMIN6, FRA10AC1, GCFC2",False
C5_all,GO_BP,GOBP_PRODUCTION_OF_MOLECULAR_MEDIATOR_OF_IMMUNE_RESPONSE,Production of molecular mediator of immune response,3,197,998,0.003,0.0133,0.226,0.9998852380538268,0.9999998599426523,"ARG1, HTR2A, NDFIP1",False
C5_all,GO_BP,GOBP_CELL_CHEMOTAXIS,Cell chemotaxis,5,253,998,0.005,0.0171,0.293,0.999888961932241,0.9999998599426523,"IL6R, C5, IL17RC, DDT, SRP54",False
C5_all,GO_BP,GOBP_RNA_SPLICING,Rna splicing,11,399,998,0.011,0.027,0.409,0.999899880143725,0.9999998599426523,"SLC39A5, PRDX6, RBM48, FRA10AC1, GEMIN6, FMR1, PIK3R1, SNRNP48, GCFC2, RPUSD4, TADA1",False
C5_all,GO_BP,GOBP_POSITIVE_REGULATION_OF_LEUKOCYTE_MEDIATED_IMMUNITY,Positive regulation of leukocyte mediated immunity,1,132,998,0.001,0.0089,0.112,0.999905017169866,0.9999998599426523,ARG1,False
C5_all,GO_BP,GOBP_T_CELL_RECEPTOR_SIGNALING_PATHWAY,T cell receptor signaling pathway,1,132,998,0.001,0.0089,0.112,0.999905017169866,0.9999998599426523,TEC,False
C5_all,GO_BP,GOBP_REGULATION_OF_HEMOPOIESIS,Regulation of hemopoiesis,9,361,998,0.009,0.0244,0.37,0.999931824351294,0.9999998599426523,"SOD1, ARNT, IL27, PIK3R1, SMARCA2, CLEC4G, NDFIP1, FAXDC2, RAG1",False
C5_all,GO_BP,GOBP_POSITIVE_REGULATION_OF_HEMOPOIESIS,Positive regulation of hemopoiesis,2,176,998,0.002,0.0119,0.168,0.9999409270219699,0.9999998599426523,"RAG1, SMARCA2",False
C5_all,GO_BP,GOBP_MRNA_PROCESSING,Mrna processing,12,433,998,0.012,0.0293,0.411,0.999941750526283,0.9999998599426523,"SLC39A5, PRDX6, TENT4B, A1CF, RBM48, PAPOLA, FRA10AC1, GEMIN6, FMR1, SNRNP48, GCFC2, RPUSD4",False
C5_all,GO_BP,GOBP_REGULATION_OF_MITOTIC_CELL_CYCLE,Regulation of mitotic cell cycle,13,457,998,0.013,0.0309,0.422,0.9999462982343705,0.9999998599426523,"ANAPC16, CRADD, RPS6KB1, DYNLT3, TOM1L1, RBL2, SMARCA2, EGFR, ATF2, TEX14, CUL3, CDC14B, MYO16",False
C5_all,GO_BP,GOBP_RRNA_METABOLIC_PROCESS,Rrna metabolic process,4,245,998,0.004,0.0166,0.242,0.9999634350179216,0.9999998599426523,"NUDT16, RPUSD4, TENT4B, UTP23",False
C5_all,GO_BP,GOBP_ESTABLISHMENT_OF_CELL_POLARITY,Establishment of cell polarity,1,148,998,0.001,0.01,0.1,0.9999692716306294,0.9999998599426523,PHLDB2,False
C5_all,GO_BP,GOBP_TAXIS,Taxis,9,382,998,0.009,0.0258,0.349,0.9999763476375066,0.9999998599426523,"IL6R, C5, IL17RC, OR10J5, CMTM8, COLEC10, DDT, SRP54, PIK3C2G",False
C5_all,GO_BP,GOBP_IMMUNE_RESPONSE_REGULATING_CELL_SURFACE_RECEPTOR_SIGNALING_PATHWAY,Immune response regulating cell surface receptor signaling pathway,6,307,998,0.006,0.0208,0.29,0.9999763576748061,0.9999998599426523,"GPLD1, TEC, NR1H3, PIK3R1, COLEC10, FCN2",False
C5_all,GO_BP,GOBP_T_CELL_ACTIVATION,T cell activation,14,499,998,0.014,0.0337,0.416,0.9999784331072495,0.9999998599426523,"SOD1, IL6R, CTPS1, ITCH, IL27, PIK3R1, SMARCA2, ATF2, CLEC4G, RORA, ARG1, NDFIP1, GPAM, RAG1",False
C5_all,GO_BP,GOBP_POSITIVE_REGULATION_OF_CELL_ADHESION,Positive regulation of cell adhesion,11,434,998,0.011,0.0293,0.376,0.999981346709772,0.9999998599426523,"GCNT2, NDNF, EPB41L4B, SMARCA2, HTR2A, EPB41L5, MEGF10, EGFLAM, CITED2, GPAM, RAG1",False
C5_all,GO_BP,GOBP_REGULATION_OF_LYMPHOCYTE_ACTIVATION,Regulation of lymphocyte activation,11,446,998,0.011,0.0301,0.366,0.9999896788737871,0.9999998599426523,"SOD1, ITCH, IL27, SMARCA2, PRLR, CLEC4G, NDFIP1, ARG1, GPAM, PIBF1, RAG1",False
C5_all,GO_BP,GOBP_PROTEIN_DNA_COMPLEX_ASSEMBLY,Protein dna complex assembly,1,164,998,0.001,0.0111,0.09,0.9999900716090946,0.9999998599426523,ESR1,False
C5_all,GO_BP,GOBP_ANTIGEN_RECEPTOR_MEDIATED_SIGNALING_PATHWAY,Antigen receptor mediated signaling pathway,1,177,998,0.001,0.012,0.084,0.9999960389755715,0.9999998599426523,TEC,False
C5_all,GO_BP,GOBP_POSITIVE_REGULATION_OF_LEUKOCYTE_CELL_CELL_ADHESION,Positive regulation of leukocyte cell cell adhesion,3,253,998,0.003,0.0171,0.176,0.9999965173256762,0.9999998599426523,"RAG1, GPAM, SMARCA2",False
C5_all,GO_BP,GOBP_RIBONUCLEOPROTEIN_COMPLEX_BIOGENESIS,Ribonucleoprotein complex biogenesis,9,425,998,0.009,0.0287,0.314,0.9999974854608952,0.9999998599426523,"TENT4B, NUDT16, NUP88, GEMIN6, MDN1, GCFC2, RPUSD4, UTP23, NMD3",False
C5_all,GO_BP,GOBP_IMMUNE_RESPONSE_REGULATING_SIGNALING_PATHWAY,Immune response regulating signaling pathway,11,481,998,0.011,0.0325,0.339,0.9999982374799526,0.9999998599426523,"GPLD1, LRRC19, TEC, NR1H3, LGR4, PIK3R1, COLEC10, FCN2, RTN4, ESR1, ITCH",False
C5_all,GO_BP,GOBP_POSITIVE_REGULATION_OF_CELL_ACTIVATION,Positive regulation of cell activation,4,336,998,0.004,0.0227,0.176,0.9999998599426523,0.9999998599426523,"PRLR, RAG1, GPAM, SMARCA2",False
