group,database,term,term_label,overlap,set_size,n_group_genes,gene_ratio,bg_ratio,fold_enrichment,p_value,q_value,genes,significant
fibrosis_only_up,Reactome,REACTOME_RAC1_GTPASE_CYCLE,Rac1 gtpase cycle,33,173,1040,0.0317,0.0117,2.713,1.1999620459713778e-07,9.628329849986512e-05,"NHS, PIK3R3, ARHGAP4, PREX1, ARAP3, WIPF1, EPHA2, CYBA, GMIP, PAK5, ARHGAP45, DOCK8, ARHGAP39, ARHGAP31, ARHGAP9, DEF6, ARHGAP44, ARHGAP25, ARHGAP15, DOCK11, NCF2, IQGAP1, MCAM, ARHGAP27, CIT, DOCK2, TAGAP, NCF4, FMNL1, ARHGDIB, GIT1, PLEKHG2, SLC1A5",True
fibrosis_only_up,Reactome,REACTOME_RHO_GTPASE_CYCLE,Rho gtpase cycle,59,418,1040,0.0567,0.0283,2.008,1.989324349170767e-07,9.628329849986512e-05,"NHS, PIK3R3, ARHGEF3, UBXN11, FGD3, RAC2, PLXNA1, ACTN1, FMNL3, ARHGAP4, PREX1, ARAP3, WIPF1, EPHA2, CYBA, ARHGAP45, GMIP, PAK5, DOCK8, ARHGAP39, OBSCN, SRC, ARHGAP31, FGD1, SHKBP1, FMNL2, ARHGAP9, BAIAP2L2, SLC4A7, PLXND1, DEF6, ARHGAP44, ARHGAP25, ARHGAP15, TPM4, DOCK11, NCF2, IQGAP1, STK10, MCAM, ZAP70, SYDE1, ARHGAP27, NCK2, MUC13, CIT, DOCK2, TAGAP, NCF4, FMNL1, ARHGDIB, RHOG, GIT1, ARHGEF17, RHPN1, ARHGEF2, CKB, PLEKHG2, SLC1A5",True
fibrosis_only_up,Reactome,REACTOME_NEUTROPHIL_DEGRANULATION,Neutrophil degranulation,58,428,1040,0.0558,0.0289,1.928,9.92517475031035e-07,0.00032025230527668065,"NBEAL2, TLR2, ACP3, CTSG, TCIRG1, ADA2, TIMP2, PTPN6, CTSC, FCGR2A, S100A11, CNN2, DNAJC5, ARHGAP45, CD44, CYBA, PTGES2, TSPAN14, ITGB2, PTAFR, C3AR1, CD93, GRN, TMC6, ARHGAP9, MAN2B1, PIGR, FCN1, GMFG, PYCARD, CD53, RAB31, RAB9B, DPP7, SERPINB6, STK10, IQGAP1, PTPRC, TNFRSF1B, CLEC4D, PTPRN2, COTL1, ADGRE5, DOCK2, ITGAM, BIN2, UNC13D, CRISPLD2, ALOX5, LPCAT1, ITGAL, PTX3, MMP25, HPSE, RHOG, SLC2A3, NME2, CANT1",True
fibrosis_only_up,Reactome,REACTOME_CDC42_GTPASE_CYCLE,Cdc42 gtpase cycle,27,146,1040,0.026,0.0099,2.631,3.0899129411639827e-06,0.0007477589317616838,"FGD3, FMNL3, ARHGAP4, PREX1, ARAP3, WIPF1, DOCK8, ARHGAP45, GMIP, PAK5, ARHGAP39, ARHGAP31, FGD1, SHKBP1, FMNL2, ARHGAP9, DEF6, ARHGAP44, DOCK11, IQGAP1, SYDE1, ARHGAP27, TAGAP, FMNL1, ARHGDIB, GIT1, PLEKHG2",True
fibrosis_only_up,Reactome,REACTOME_SIGNALING_BY_GPCR,Signaling by gpcr,61,478,1040,0.0587,0.0323,1.815,3.893346504623538e-06,0.0007537518832951169,"HTR2B, PIK3R3, DGKZ, ARHGEF3, FGD3, NBEA, AKT3, GPR15, ADGRE2, PREX1, GPBAR1, WNT10B, ADCY3, PTGER4, FZD8, OBSCN, SRC, PTAFR, CXCL5, C3AR1, GNA15, P2RY11, FGD1, RGS19, MAPK7, DAGLA, PTGDR, GPSM1, GRK3, PLCB3, PLA2G4A, CCR4, P2RY10, ARRB1, PIK3CG, GABBR1, CASR, BTK, PLCB4, GRK6, GRK2, LPAR1, ADGRE5, CXCR3, LPAR5, RGS1, GRK5, PIK3R5, HBEGF, P2RY14, PLCB2, ADCY7, PDE4D, GABBR2, CXCL12, ARHGEF17, GPR132, GPR55, ARHGEF2, PLEKHG2, CXCR6",True
fibrosis_only_up,Reactome,REACTOME_TRANSCRIPTIONAL_REGULATION_OF_GRANULOPOIESIS,Transcriptional regulation of granulopoiesis,12,37,1040,0.0115,0.0025,4.614,4.879660663796498e-06,0.000787251920425835,"KLF5, SPI1, MYC, STAT3, TAL1, CBFB, CSF3R, PML, FLI1, CDK4, GATA2, GFI1",True
fibrosis_only_up,Reactome,REACTOME_EXTRACELLULAR_MATRIX_ORGANIZATION,Extracellular matrix organization,39,263,1040,0.0375,0.0178,2.109,7.21219660191558e-06,0.0009973437586648973,"TPSAB1, CTSG, ACTN1, TIMP2, VWF, ITGAE, ITGA2, CD44, LAMC1, DDR1, ITGB2, ADAMTS9, DAG1, TNXB, CAPN11, P4HA2, HSPG2, TGFB3, TGFB1, COL23A1, ITGAM, AGRN, COL6A2, ICAM2, MUSK, ITGB8, DDR2, A2M, ITGB5, ITGAL, MMP25, LOXL3, PXDN, BGN, SPARC, ITGA4, ITGA9, ICAM1, LTBP4",True
fibrosis_only_up,Reactome,REACTOME_INTERLEUKIN_2_FAMILY_SIGNALING,Interleukin 2 family signaling,11,35,1040,0.0106,0.0024,4.471,1.7053135429086274e-05,0.002063429386919439,"IL15RA, PIK3R3, IL2RA, STAT3, INPP5D, SYK, LGALS9, PTPN6, STAT5A, PIK3CD, HAVCR2",True
fibrosis_only_up,Reactome,REACTOME_INTEGRIN_CELL_SURFACE_INTERACTIONS,Integrin cell surface interactions,17,79,1040,0.0163,0.0053,3.061,2.7397503736990274e-05,0.002946753735267398,"ICAM1, ITGB2, ITGB5, HSPG2, ITGAL, VWF, COL23A1, ITGAM, ITGAE, ITGA2, ITGA4, ITGA9, CD44, AGRN, COL6A2, ICAM2, ITGB8",True
fibrosis_only_up,Reactome,REACTOME_RHOA_GTPASE_CYCLE,Rhoa gtpase cycle,23,139,1040,0.0221,0.0094,2.354,0.00010008863537223449,0.009688579904032298,"ARHGEF3, FMNL3, ARHGAP4, PREX1, ARAP3, ARHGAP45, GMIP, ARHGAP39, OBSCN, ARHGAP31, ARHGAP9, DEF6, ARHGAP44, IQGAP1, STK10, MCAM, CIT, DOCK2, TAGAP, ARHGDIB, ARHGEF17, RHPN1, ARHGEF2",True
fibrosis_only_up,Reactome,REACTOME_NEGATIVE_REGULATION_OF_THE_PI3K_AKT_NETWORK,Negative regulation of the pi3k akt network,18,99,1040,0.0173,0.0067,2.586,0.00016542678978333193,0.014557557500933209,"PIK3R3, SRC, HBEGF, PDGFRA, RAC2, NRG3, TRIB3, FGF17, NRG2, AKT3, RHOG, PIP5K1C, HGF, CD19, KIT, TRAT1, PIP4K2A, PIK3CD",True
fibrosis_only_up,Reactome,REACTOME_CONSTITUTIVE_SIGNALING_BY_ABERRANT_PI3K_IN_CANCER,Constitutive signaling by aberrant pi3k in cancer,14,68,1040,0.0135,0.0046,2.929,0.00022607879852531106,0.016834175151730853,"PDGFRA, PIK3R3, SRC, NRG3, RAC2, HBEGF, FGF17, NRG2, RHOG, CD19, HGF, TRAT1, KIT, PIK3CD",True
fibrosis_only_up,Reactome,REACTOME_ECM_PROTEOGLYCANS,Ecm proteoglycans,14,68,1040,0.0135,0.0046,2.929,0.00022607879852531106,0.016834175151730853,"ITGB5, DAG1, MUSK, TNXB, ITGA2, BGN, SPARC, ITGA9, LAMC1, AGRN, COL6A2, TGFB3, HSPG2, TGFB1",True
fibrosis_only_up,Reactome,REACTOME_SEMAPHORIN_INTERACTIONS,Semaphorin interactions,13,62,1040,0.0125,0.0042,2.983,0.0003106086956340564,0.021476372669554756,"LIMK1, MYL9, TLN1, PTPRC, PLXNA1, SEMA3E, PIP5K1C, SEMA4A, NRP1, CD72, PLXNA3, MYH9, PLXND1",True
fibrosis_only_up,Reactome,REACTOME_RAC2_GTPASE_CYCLE,Rac2 gtpase cycle,15,82,1040,0.0144,0.0055,2.602,0.0005284754658712707,0.033589908883739965,"IQGAP1, NHS, ARHGAP39, PIK3R3, MCAM, RAC2, SYDE1, GIT1, DOCK2, PREX1, DEF6, EPHA2, CYBA, NCF4, NCF2",True
fibrosis_only_up,Reactome,REACTOME_ACYL_CHAIN_REMODELLING_OF_PC,Acyl chain remodelling of pc,7,22,1040,0.0067,0.0015,4.526,0.000555205105516363,0.033589908883739965,"PLB1, LPCAT1, PLA2G4A, PLA2R1, MBOAT2, LPCAT4, LPCAT2",True
fibrosis_only_up,Reactome,REACTOME_NUCLEAR_SIGNALING_BY_ERBB4,Nuclear signaling by erbb4,8,30,1040,0.0077,0.002,3.793,0.0008425655916924258,0.04797667604460401,"ADAP1, SRC, HBEGF, NRG3, NRG2, CXCL12, STAT5A, SPARC",True
fibrosis_only_up,Reactome,REACTOME_TNFS_BIND_THEIR_PHYSIOLOGICAL_RECEPTORS,Tnfs bind their physiological receptors,7,24,1040,0.0067,0.0016,4.149,0.000995336095399355,0.052631247218223626,"TNFRSF25, TNFRSF8, TNFSF8, TNFRSF14, TNFRSF1B, TNFRSF11B, LTA",False
fibrosis_only_up,Reactome,REACTOME_COSTIMULATION_BY_THE_CD28_FAMILY,Costimulation by the cd28 family,12,62,1040,0.0115,0.0042,2.753,0.0011127058191439945,0.052631247218223626,"MAP3K8, CTLA4, PIK3R3, SRC, TRIB3, HLA-DPA1, AKT3, PTPN6, HLA-DRA, TNFRSF14, CD247, CD3E",False
fibrosis_only_up,Reactome,REACTOME_G_ALPHA_Q_SIGNALLING_EVENTS,G alpha q signalling events,22,154,1040,0.0212,0.0104,2.032,0.0011316903067500597,0.052631247218223626,"DGKZ, PIK3R3, HTR2B, PTAFR, P2RY11, GNA15, RGS19, MAPK7, DAGLA, PLCB3, P2RY10, CASR, BTK, PLCB4, GRK2, LPAR1, LPAR5, RGS1, GRK5, HBEGF, PLCB2, GPR132",False
fibrosis_only_up,Reactome,REACTOME_NEUREXINS_AND_NEUROLIGINS,Neurexins and neuroligins,11,54,1040,0.0106,0.0037,2.898,0.0011417935863457605,0.052631247218223626,"NLGN3, HOMER1, DLGAP4, EPB41L1, APBA2, HOMER3, DLG3, NLGN2, STX1A, GRIN2D, STXBP1",False
fibrosis_only_up,Reactome,REACTOME_INTERFERON_GAMMA_SIGNALING,Interferon gamma signaling,15,89,1040,0.0144,0.006,2.397,0.0012767940449453844,0.05386818805160849,"IRF8, PTAFR, PTPN1, CIITA, MID1, SOCS1, HLA-DPA1, PML, TRIM17, PTPN6, HLA-DRA, TRIM8, CD44, ICAM1, IRF3",False
fibrosis_only_up,Reactome,REACTOME_SYNTHESIS_OF_IP3_AND_IP4_IN_THE_CYTOSOL,Synthesis of ip3 and ip4 in the cytosol,7,25,1040,0.0067,0.0017,3.983,0.0012994514441723606,0.05386818805160849,"PLCB2, INPP5D, ITPKA, PLCB4, ITPKB, PLCB3, PLCH1",False
fibrosis_only_up,Reactome,REACTOME_GPVI_MEDIATED_ACTIVATION_CASCADE,Gpvi mediated activation cascade,8,32,1040,0.0077,0.0022,3.556,0.0013355749103704585,0.05386818805160849,"PIK3R5, PIK3R3, LCP2, RAC2, RHOG, SYK, PTPN6, PIK3CG",False
fibrosis_only_up,Reactome,REACTOME_OTHER_SEMAPHORIN_INTERACTIONS,Other semaphorin interactions,6,19,1040,0.0058,0.0013,4.492,0.0014563637462100313,0.05634211368665225,"PTPRC, PLXNA1, SEMA3E, SEMA4A, CD72, PLXND1",False
fibrosis_only_up,Reactome,REACTOME_PLATELET_ACTIVATION_SIGNALING_AND_AGGREGATION,Platelet activation signaling and aggregation,30,240,1040,0.0288,0.0162,1.778,0.0015133212353852876,0.05634211368665225,"DGKZ, PIK3R3, PTPN1, RAC2, ACTN1, VWF, PTPN6, TOR4A, SRC, LCP2, TLN1, GNA15, SYK, DAGLA, PLA2G4A, ARRB1, PIK3CG, STXBP2, TGFB3, TGFB1, CD9, FERMT3, FLNA, WDR1, PIK3R5, A2M, RHOG, HGF, LHFPL2, SPARC",False
fibrosis_only_up,Reactome,REACTOME_SEMA3A_PLEXIN_REPULSION_SIGNALING_BY_INHIBITING_INTEGRIN_ADHESION,Sema3a plexin repulsion signaling by inhibiting integrin adhesion,5,14,1040,0.0048,0.0009,5.08,0.001991365415902576,0.0713941378738405,"TLN1, PLXNA1, PIP5K1C, NRP1, PLXNA3",False
fibrosis_only_up,Reactome,REACTOME_G_ALPHA_I_SIGNALLING_EVENTS,G alpha i signalling events,27,213,1040,0.026,0.0144,1.803,0.002075844631351328,0.0717649143981459,"NBEA, ADCY3, SRC, CXCL5, C3AR1, GNA15, RGS19, GPSM1, PLCB3, PLA2G4A, CCR4, CASR, GABBR1, PLCB4, GRK2, LPAR1, CXCR3, LPAR5, RGS1, P2RY14, PLCB2, ADCY7, PDE4D, GABBR2, CXCL12, GPR55, CXCR6",False
fibrosis_only_up,Reactome,REACTOME_PI3K_AKT_SIGNALING_IN_CANCER,Pi3k akt signaling in cancer,15,94,1040,0.0144,0.0064,2.27,0.002240081244456783,0.07477236705635056,"PIK3R3, SRC, HBEGF, PDGFRA, RAC2, NRG3, FGF17, NRG2, AKT3, RHOG, HGF, CD19, TRAT1, KIT, PIK3CD",False
fibrosis_only_up,Reactome,REACTOME_RAC3_GTPASE_CYCLE,Rac3 gtpase cycle,14,86,1040,0.0135,0.0058,2.316,0.0025602049111179697,0.08056704969388814,"NHS, ARHGAP39, MCAM, ARHGDIB, SYDE1, GIT1, PREX1, ARAP3, EPHA2, CYBA, SLC1A5, ARHGAP15, NCF4, NCF2",False
fibrosis_only_up,Reactome,REACTOME_INTERLEUKIN_7_SIGNALING,Interleukin 7 signaling,6,21,1040,0.0058,0.0014,4.064,0.00258014312036212,0.08056704969388814,"PIK3R3, IL7R, STAT3, SOCS1, STAT5A, HGF",False
fibrosis_only_up,Reactome,REACTOME_PHOSPHOLIPID_METABOLISM,Phospholipid metabolism,24,188,1040,0.0231,0.0127,1.816,0.003254164146595578,0.09843846543451623,"PIK3R3, PLA2R1, MBOAT2, LPCAT4, LPCAT2, MBOAT7, PLB1, CPNE7, PIP5K1C, PNPLA6, PIP4K2A, PITPNM1, PLA2G4A, PIK3CG, GPD2, INPP5D, GDPD3, OSBPL5, GPD1L, MBOAT1, PIK3CD, PIK3R5, LPCAT1, GPCPD1",False
fibrosis_only_up,Reactome,REACTOME_SIGNALING_BY_INTERLEUKINS,Signaling by interleukins,42,389,1040,0.0404,0.0263,1.536,0.0036017254549069577,0.10565061334393744,"PIK3R3, CTSG, NLRC5, NOD1, LGALS9, PTPN6, PTPN23, FCER2, CNN2, BCL2, IL15RA, ITGB2, PTAFR, IL2RA, IL7R, MYC, CBL, SOCS1, MAPK7, SYK, CSF3R, STAT5A, CSF1, STXBP2, TGFB1, TNIP2, IL18BP, IRAK3, INPP5D, TNFRSF1B, LCP1, ITGAM, STX1A, PIK3CD, DUSP7, MAP3K8, ALOX5, PTPN14, STAT3, HGF, ICAM1, HAVCR2",False
fibrosis_only_up,Reactome,REACTOME_REGULATION_OF_KIT_SIGNALING,Regulation of kit signaling,5,16,1040,0.0048,0.0011,4.445,0.003860999146337484,0.1099249168721966,"SRC, CBL, SOCS1, PTPN6, KIT",False
fibrosis_only_up,Reactome,REACTOME_GLYCOSAMINOGLYCAN_METABOLISM,Glycosaminoglycan metabolism,16,113,1040,0.0154,0.0076,2.014,0.005535039023055622,0.15308336498050978,"HS6ST2, B3GNT7, SLC9A1, HPSE, CD44, CHST3, CHST11, B3GAT3, CHST1, CHST15, BGN, B4GALT5, AGRN, ABCC5, HSPG2, XYLT1",False
fibrosis_only_up,Reactome,REACTOME_GENERATION_OF_SECOND_MESSENGER_MOLECULES,Generation of second messenger molecules,7,32,1040,0.0067,0.0022,3.112,0.005912982711284813,0.1589935351256583,"ENAH, LCP2, ZAP70, HLA-DPA1, HLA-DRA, CD247, CD3E",False
fibrosis_only_up,Reactome,REACTOME_NON_INTEGRIN_MEMBRANE_ECM_INTERACTIONS,Non integrin membrane ecm interactions,10,58,1040,0.0096,0.0039,2.453,0.006686802284750949,0.17152493413140532,"DDR1, DDR2, ITGB5, DAG1, ACTN1, ITGA2, LAMC1, AGRN, HSPG2, TGFB1",False
fibrosis_only_up,Reactome,REACTOME_ACYL_CHAIN_REMODELLING_OF_PS,Acyl chain remodelling of ps,5,18,1040,0.0048,0.0012,3.951,0.006733416835736986,0.17152493413140532,"PLA2R1, OSBPL5, LPCAT4, PLA2G4A, MBOAT1",False
fibrosis_only_up,Reactome,REACTOME_G_PROTEIN_MEDIATED_EVENTS,G protein mediated events,9,50,1040,0.0087,0.0034,2.56,0.007418792434931804,0.1823053859950757,"GNA15, ADCY7, PLCB2, NBEA, PLCB4, GRK2, PLCB3, PLA2G4A, ADCY3",False
fibrosis_only_up,Reactome,REACTOME_FCGR_ACTIVATION,Fcgr activation,4,12,1040,0.0038,0.0008,4.742,0.007611866794053914,0.1823053859950757,"CD247, SRC, SYK, FCGR2A",False
fibrosis_only_up,Reactome,REACTOME_SIGNALING_BY_SCF_KIT,Signaling by scf kit,8,42,1040,0.0077,0.0028,2.71,0.008034301131812126,0.1823053859950757,"PIK3R3, SRC, STAT3, CBL, SOCS1, PTPN6, STAT5A, KIT",False
fibrosis_only_up,Reactome,REACTOME_INTERLEUKIN_3_INTERLEUKIN_5_AND_GM_CSF_SIGNALING,Interleukin 3 interleukin 5 and gm csf signaling,8,42,1040,0.0077,0.0028,2.71,0.008034301131812126,0.1823053859950757,"PIK3R3, IL2RA, CBL, INPP5D, SYK, PTPN6, STAT5A, PIK3CD",False
fibrosis_only_up,Reactome,REACTOME_G_PROTEIN_BETA_GAMMA_SIGNALLING,G protein beta gamma signalling,6,26,1040,0.0058,0.0018,3.283,0.008098276443996131,0.1823053859950757,"PIK3R5, PLCB2, AKT3, BTK, PLCB3, PIK3CG",False
fibrosis_only_up,Reactome,REACTOME_SIGNALING_BY_KIT_IN_DISEASE,Signaling by kit in disease,5,19,1040,0.0048,0.0013,3.743,0.008618078653425188,0.1882112087898134,"PIK3R3, SRC, STAT3, STAT5A, KIT",False
fibrosis_only_up,Reactome,REACTOME_SIGNALING_BY_RECEPTOR_TYROSINE_KINASES,Signaling by receptor tyrosine kinases,48,481,1040,0.0462,0.0325,1.42,0.008749488011923143,0.1882112087898134,"ADAP1, PDGFRA, PIK3R3, PTPN1, TCIRG1, PAG1, NRG3, SPRED1, NRG2, AKT3, NRP1, PTPN6, ITGA2, NELFB, CYBA, RIT1, PTPRO, SRC, ALKAL1, TRIB3, MYC, FOSB, CBL, SOCS1, MAPK7, STAT5A, ID1, NCF2, SH3GL2, FGF17, NCK2, TNS3, ID4, LYL1, EGR1, ATP6V0B, KIT, COL6A2, NCF4, DUSP7, HBEGF, STAT3, CXCL12, HGF, ALKAL2, SPARC, LAMC1, SH2D2A",False
fibrosis_only_up,Reactome,REACTOME_ACYL_CHAIN_REMODELLING_OF_PG,Acyl chain remodelling of pg,4,13,1040,0.0038,0.0009,4.377,0.010391255754348818,0.20333529731933378,"LPCAT4, PLA2R1, LPCAT1, PLA2G4A",False
fibrosis_only_up,Reactome,REACTOME_DECTIN_2_FAMILY,Dectin 2 family,5,20,1040,0.0048,0.0014,3.556,0.01083808909505263,0.20333529731933378,"CLEC10A, SYK, MUC13, CLEC4D, MUC12",False
fibrosis_only_up,Reactome,REACTOME_PD_1_SIGNALING,Pd 1 signaling,5,20,1040,0.0048,0.0014,3.556,0.01083808909505263,0.20333529731933378,"HLA-DPA1, HLA-DRA, PTPN6, CD247, CD3E",False
fibrosis_only_up,Reactome,REACTOME_GROWTH_HORMONE_RECEPTOR_SIGNALING,Growth hormone receptor signaling,5,20,1040,0.0048,0.0014,3.556,0.01083808909505263,0.20333529731933378,"PTPN1, STAT3, SOCS1, PTPN6, STAT5A",False
fibrosis_only_up,Reactome,REACTOME_INFLAMMASOMES,Inflammasomes,5,20,1040,0.0048,0.0014,3.556,0.01083808909505263,0.20333529731933378,"PSTPIP1, NLRP3, NLRP1, PYCARD, BCL2",False
fibrosis_only_up,Reactome,REACTOME_INTERLEUKIN_37_SIGNALING,Interleukin 37 signaling,5,20,1040,0.0048,0.0014,3.556,0.01083808909505263,0.20333529731933378,"IL18BP, PTPN14, STAT3, PTPN6, PTPN23",False
fibrosis_only_up,Reactome,REACTOME_G_ALPHA_S_SIGNALLING_EVENTS,G alpha s signalling events,14,101,1040,0.0135,0.0068,1.972,0.010922970517154294,0.20333529731933378,"ADCY3, GRK5, SRC, P2RY11, ADCY7, PDE4D, GPR15, PTGDR, GRK6, GRK3, GRK2, GPBAR1, ARRB1, PTGER4",False
fibrosis_only_up,Reactome,REACTOME_RET_SIGNALING,Ret signaling,7,36,1040,0.0067,0.0024,2.766,0.011484570385190938,0.20713726465275686,"DOK2, PIK3R3, SRC, ARTN, MAPK7, DOK5, PIK3CD",False
fibrosis_only_up,Reactome,REACTOME_SIGNALING_BY_ALK,Signaling by alk,6,28,1040,0.0058,0.0019,3.048,0.011754880439908579,0.20713726465275686,"ALKAL1, SRC, MYC, STAT3, PTPN6, ALKAL2",False
fibrosis_only_up,Reactome,REACTOME_PROTEIN_PROTEIN_INTERACTIONS_AT_SYNAPSES,Protein protein interactions at synapses,12,82,1040,0.0115,0.0055,2.082,0.011769162764361185,0.20713726465275686,"NLGN3, LRRC4B, HOMER1, DLGAP4, EPB41L1, APBA2, HOMER3, DLG3, NLGN2, STX1A, GRIN2D, STXBP1",False
fibrosis_only_up,Reactome,REACTOME_INOSITOL_PHOSPHATE_METABOLISM,Inositol phosphate metabolism,8,45,1040,0.0077,0.003,2.529,0.012186775447602436,0.21065711845141355,"ISYNA1, PLCB2, INPP5D, ITPKA, PLCB4, ITPKB, PLCB3, PLCH1",False
fibrosis_only_up,Reactome,REACTOME_GLYCEROPHOSPHOLIPID_BIOSYNTHESIS,Glycerophospholipid biosynthesis,15,113,1040,0.0144,0.0076,1.888,0.012635534116487561,0.2145824039431572,"PLB1, LPCAT1, GPD2, PLA2G4A, CPNE7, PLA2R1, LPCAT2, PITPNM1, OSBPL5, MBOAT2, GPCPD1, LPCAT4, GPD1L, MBOAT1, MBOAT7",False
fibrosis_only_up,Reactome,REACTOME_INTERLEUKIN_RECEPTOR_SHC_SIGNALING,Interleukin receptor shc signaling,5,21,1040,0.0048,0.0014,3.387,0.013418697212143416,0.22015760849753943,"PIK3R3, IL2RA, INPP5D, PTPN6, PIK3CD",False
fibrosis_only_up,Reactome,REACTOME_RHO_GTPASES_ACTIVATE_NADPH_OXIDASES,Rho gtpases activate nadph oxidases,5,21,1040,0.0048,0.0014,3.387,0.013418697212143416,0.22015760849753943,"RAC2, CYBA, PIN1, NCF4, NCF2",False
fibrosis_only_up,Reactome,REACTOME_ANTIGEN_ACTIVATES_B_CELL_RECEPTOR_BCR_LEADING_TO_GENERATION_OF_SECOND_MESSENGERS,Antigen activates b cell receptor bcr leading to generation of second messengers,6,29,1040,0.0058,0.002,2.943,0.013961401545431195,0.2215514212455311,"TRPC1, SYK, PTPN6, CD19, BTK, PIK3CD",False
fibrosis_only_up,Reactome,REACTOME_REGULATION_OF_TP53_ACTIVITY_THROUGH_ACETYLATION,Regulation of tp53 activity through acetylation,6,29,1040,0.0058,0.002,2.943,0.013961401545431195,0.2215514212455311,"GATAD2A, PML, AKT3, CHD3, PIP4K2A, PIN1",False
fibrosis_only_up,Reactome,REACTOME_TOLL_LIKE_RECEPTOR_CASCADES,Toll like receptor cascades,19,158,1040,0.0183,0.0107,1.711,0.015113412040714211,0.23596423960340898,"TLR2, NLRC5, NOD1, LY86, IRF3, ITGB2, UNC93B1, SOCS1, MAP3K1, MAPK7, TNIP2, IRAK3, BTK, TLR8, ITGAM, DUSP7, MAP3K8, TLR5, RIPK3",False
fibrosis_only_up,Reactome,REACTOME_ACYL_CHAIN_REMODELLING_OF_PE,Acyl chain remodelling of pe,5,22,1040,0.0048,0.0015,3.233,0.01638316848750049,0.2517286840619123,"PLA2R1, MBOAT2, LPCAT4, PLA2G4A, MBOAT1",False
fibrosis_only_up,Reactome,REACTOME_CELL_SURFACE_INTERACTIONS_AT_THE_VASCULAR_WALL,Cell surface interactions at the vascular wall,15,117,1040,0.0144,0.0079,1.824,0.017010198106261296,0.25727924635720206,"ITGB2, SRC, DOK2, ITGAL, CD84, SIRPG, ESAM, INPP5D, PTPN6, ITGA4, ITGAM, CD44, CD74, SLC7A7, TGFB1",False
fibrosis_only_up,Reactome,REACTOME_SMOOTH_MUSCLE_CONTRACTION,Smooth muscle contraction,7,39,1040,0.0067,0.0026,2.553,0.01763236296494365,0.260067989848367,"ITGB5, MYL9, TLN1, GUCY1A1, CACNA1I, GUCY1B1, TPM4",False
fibrosis_only_up,Reactome,REACTOME_CHONDROITIN_SULFATE_DERMATAN_SULFATE_METABOLISM,Chondroitin sulfate dermatan sulfate metabolism,8,48,1040,0.0077,0.0032,2.371,0.017731908398752293,0.260067989848367,"HSPG2, CHST3, CHST11, B3GAT3, BGN, AGRN, CHST15, XYLT1",False
fibrosis_only_up,Reactome,REACTOME_ROS_AND_RNS_PRODUCTION_IN_PHAGOCYTES,Ros and rns production in phagocytes,6,31,1040,0.0058,0.0021,2.753,0.019207912047940767,0.27343027738833325,"TCIRG1, RAC2, ATP6V0B, CYBA, NCF4, NCF2",False
fibrosis_only_up,Reactome,REACTOME_SIGNALING_BY_CSF1_M_CSF_IN_MYELOID_CELLS,Signaling by csf1 m csf in myeloid cells,6,31,1040,0.0058,0.0021,2.753,0.019207912047940767,0.27343027738833325,"SRC, STAT3, CBL, INPP5D, CSF1, PIK3CD",False
fibrosis_only_up,Reactome,REACTOME_BACTERIAL_INFECTION_PATHWAYS,Bacterial infection pathways,10,68,1040,0.0096,0.0046,2.092,0.019835045332169666,0.2782655635005831,"TLR2, SRC, CTSG, ANTXR1, HBEGF, CD9, CBL, SH3GL2, SV2A, STX1A",False
fibrosis_only_up,Reactome,REACTOME_ACTIVATION_OF_SMO,Activation of smo,4,16,1040,0.0038,0.0011,3.556,0.022350031069618807,0.3004837510470973,"EVC, ARRB1, GRK2, EVC2",False
fibrosis_only_up,Reactome,REACTOME_SEMA3A_PAK_DEPENDENT_AXON_REPULSION,Sema3a pak dependent axon repulsion,4,16,1040,0.0038,0.0011,3.556,0.022350031069618807,0.3004837510470973,"PLXNA1, LIMK1, PLXNA3, NRP1",False
fibrosis_only_up,Reactome,REACTOME_REGULATION_OF_RUNX1_EXPRESSION_AND_ACTIVITY,Regulation of runx1 expression and activity,4,16,1040,0.0038,0.0011,3.556,0.022350031069618807,0.3004837510470973,"CCND3, SRC, CBFB, PML",False
fibrosis_only_up,Reactome,REACTOME_INACTIVATION_OF_CSF3_G_CSF_SIGNALING,Inactivation of csf3 g csf signaling,5,24,1040,0.0048,0.0016,2.964,0.02354547706988915,0.3080002946439554,"STAT3, SOCS1, SYK, CSF3R, STAT5A",False
fibrosis_only_up,Reactome,REACTOME_STRIATED_MUSCLE_CONTRACTION,Striated muscle contraction,5,24,1040,0.0048,0.0016,2.964,0.02354547706988915,0.3080002946439554,"TNNT3, TNNI2, TMOD2, MYL3, TPM4",False
fibrosis_only_up,Reactome,REACTOME_SIGNALING_BY_ERBB4,Signaling by erbb4,8,51,1040,0.0077,0.0034,2.231,0.024887244926473106,0.3212113745176795,"ADAP1, SRC, HBEGF, NRG3, NRG2, CXCL12, STAT5A, SPARC",False
fibrosis_only_up,Reactome,REACTOME_MUSCLE_CONTRACTION,Muscle contraction,19,167,1040,0.0183,0.0113,1.618,0.02557493219634299,0.32574387323763176,"TNNI2, ATP2B4, GUCY1A1, TMOD2, CACNA1C, TRPC1, TLN1, SCN4A, GUCY1B1, TPM4, TNNT3, ATP2A3, RANGRF, FXYD2, ITGB5, MYL9, MYL3, CACNA1I, CACNB1",False
fibrosis_only_up,Reactome,REACTOME_NEURONAL_SYSTEM,Neuronal system,33,331,1040,0.0317,0.0224,1.418,0.026681549090009873,0.3297063865650975,"NLGN3, ARL6IP5, KCNS3, NBEA, APBA2, SLC6A11, DNAJC5, ADCY3, SRC, HOMER1, EPB41L1, KCNA3, KCNA2, PLCB3, DLG3, KCNJ16, SLC1A7, DLGAP4, NRGN, GABBR1, GLRB, LRRC4B, STX1A, GRIN2D, STXBP1, KCNMB2, PLCB2, ADCY7, GABBR2, GIT1, HOMER3, NLGN2, CACNB1",False
fibrosis_only_up,Reactome,REACTOME_RESPONSE_TO_ELEVATED_PLATELET_CYTOSOLIC_CA2,Response to elevated platelet cytosolic ca2,15,124,1040,0.0144,0.0084,1.721,0.027342677686189833,0.3297063865650975,"A2M, TLN1, CD9, ACTN1, FERMT3, VWF, HGF, TOR4A, FLNA, LHFPL2, SPARC, WDR1, STXBP2, TGFB3, TGFB1",False
fibrosis_only_up,Reactome,REACTOME_GABA_SYNTHESIS_RELEASE_REUPTAKE_AND_DEGRADATION,Gaba synthesis release reuptake and degradation,4,17,1040,0.0038,0.0011,3.347,0.027640145828350216,0.3297063865650975,"DNAJC5, STX1A, SLC6A11, STXBP1",False
fibrosis_only_up,Reactome,REACTOME_A_TETRASACCHARIDE_LINKER_SEQUENCE_IS_REQUIRED_FOR_GAG_SYNTHESIS,A tetrasaccharide linker sequence is required for gag synthesis,5,25,1040,0.0048,0.0017,2.845,0.02777804615105304,0.3297063865650975,"B3GAT3, BGN, AGRN, HSPG2, XYLT1",False
fibrosis_only_up,Reactome,REACTOME_PURINERGIC_SIGNALING_IN_LEISHMANIASIS_INFECTION,Purinergic signaling in leishmaniasis infection,5,25,1040,0.0048,0.0017,2.845,0.02777804615105304,0.3297063865650975,"CTSG, C3AR1, PSTPIP1, NLRP3, PYCARD",False
fibrosis_only_up,Reactome,REACTOME_GP1B_IX_V_ACTIVATION_SIGNALLING,Gp1b ix v activation signalling,3,10,1040,0.0029,0.0007,4.268,0.028610884784574575,0.3297063865650975,"FLNA, SRC, VWF",False
fibrosis_only_up,Reactome,REACTOME_RUNX3_REGULATES_P14_ARF,Runx3 regulates p14 arf,3,10,1040,0.0029,0.0007,4.268,0.028610884784574575,0.3297063865650975,"CDKN2A, CBFB, TGFB1",False
fibrosis_only_up,Reactome,REACTOME_FREE_FATTY_ACIDS_REGULATE_INSULIN_SECRETION,Free fatty acids regulate insulin secretion,3,10,1040,0.0029,0.0007,4.268,0.028610884784574575,0.3297063865650975,"PLCB2, PLCB3, GNA15",False
fibrosis_only_up,Reactome,REACTOME_SYNTHESIS_OF_PA,Synthesis of pa,6,34,1040,0.0058,0.0023,2.51,0.029363687254345128,0.33060054987170806,"LPCAT1, GPD2, PLA2G4A, PLA2R1, LPCAT4, GPD1L",False
fibrosis_only_up,Reactome,REACTOME_INTERLEUKIN_4_AND_INTERLEUKIN_13_SIGNALING,Interleukin 4 and interleukin 13 signaling,12,93,1040,0.0115,0.0063,1.835,0.02937153645554431,0.33060054987170806,"ITGB2, ALOX5, MYC, STAT3, SOCS1, HGF, FCER2, TNFRSF1B, ITGAM, ICAM1, BCL2, TGFB1",False
fibrosis_only_up,Reactome,REACTOME_EPHA_MEDIATED_GROWTH_CONE_COLLAPSE,Epha mediated growth cone collapse,5,26,1040,0.0048,0.0018,2.736,0.0324637056051142,0.3612053681120752,"MYL9, SRC, EFNA5, MYH9, EPHA2",False
fibrosis_only_up,Reactome,REACTOME_ABC_TRANSPORTERS_IN_LIPID_HOMEOSTASIS,Abc transporters in lipid homeostasis,4,18,1040,0.0038,0.0012,3.161,0.03361349696909685,0.36974846666006533,"ABCA2, ABCD1, ABCD2, ABCA12",False
fibrosis_only_up,Reactome,REACTOME_ERBB2_ACTIVATES_PTK6_SIGNALING,Erbb2 activates ptk6 signaling,3,11,1040,0.0029,0.0007,3.88,0.03732613459377379,0.3891407524346631,"NRG2, HBEGF, NRG3",False
fibrosis_only_up,Reactome,REACTOME_REGULATION_OF_IFNA_IFNB_SIGNALING,Regulation of ifna ifnb signaling,3,11,1040,0.0029,0.0007,3.88,0.03732613459377379,0.3891407524346631,"SOCS1, PTPN1, PTPN6",False
fibrosis_only_up,Reactome,REACTOME_PECAM1_INTERACTIONS,Pecam1 interactions,3,11,1040,0.0029,0.0007,3.88,0.03732613459377379,0.3891407524346631,"SRC, INPP5D, PTPN6",False
fibrosis_only_up,Reactome,REACTOME_INTERLEUKIN_2_SIGNALING,Interleukin 2 signaling,3,11,1040,0.0029,0.0007,3.88,0.03732613459377379,0.3891407524346631,"STAT5A, SYK, IL2RA",False
fibrosis_only_up,Reactome,REACTOME_INTEGRIN_SIGNALING,Integrin signaling,5,27,1040,0.0048,0.0018,2.634,0.03761320634796167,0.3891407524346631,"PTPN1, SRC, TLN1, SYK, VWF",False
fibrosis_only_up,Reactome,REACTOME_FCGR3A_MEDIATED_IL10_SYNTHESIS,Fcgr3a mediated il10 synthesis,6,36,1040,0.0058,0.0024,2.371,0.03778846149675447,0.3891407524346631,"SRC, ADCY7, SYK, FCGR2A, CD247, ADCY3",False
fibrosis_only_up,Reactome,REACTOME_IMMUNOREGULATORY_INTERACTIONS_BETWEEN_A_LYMPHOID_AND_A_NON_LYMPHOID_CELL,Immunoregulatory interactions between a lymphoid and a non lymphoid cell,13,108,1040,0.0125,0.0073,1.712,0.03948438304067597,0.3938385425653651,"NCR3LG1, ITGB2, CD40LG, CD247, ITGAL, CD19, ITGA4, TREML1, ICAM1, CD3E, CD226, PILRA, ICAM2",False
fibrosis_only_up,Reactome,REACTOME_OPIOID_SIGNALLING,Opioid signalling,10,76,1040,0.0096,0.0051,1.872,0.0394997346031728,0.3938385425653651,"GNA15, ADCY7, PLCB2, NBEA, PDE4D, PLCB4, GRK2, PLCB3, PLA2G4A, ADCY3",False
fibrosis_only_up,Reactome,REACTOME_DISEASES_OF_SIGNAL_TRANSDUCTION_BY_GROWTH_FACTOR_RECEPTORS_AND_SECOND_MESSENGERS,Diseases of signal transduction by growth factor receptors and second messengers,40,428,1040,0.0385,0.0289,1.329,0.039574369947540385,0.3938385425653651,"PDGFRA, PIK3R3, NRG3, RAC2, SPRED1, NRG2, AKT3, VWF, PTPN6, CD19, MAML2, TRAT1, FZD8, KSR1, SRC, TLN1, MYC, CBL, HHAT, STAT5A, AGTRAP, ARRB1, TPM4, TGFB1, IQGAP1, DKK2, ZAP70, FGF17, KIT, DLL1, BCL11A, PIK3CD, BIN2, DUSP7, HBEGF, AXIN1, STAT3, RHOG, HGF, MYH9",False
fibrosis_only_up,Reactome,REACTOME_TGF_BETA_RECEPTOR_SIGNALING_ACTIVATES_SMADS,Tgf beta receptor signaling activates smads,7,46,1040,0.0067,0.0031,2.165,0.04021980050506021,0.3938385425653651,"ITGB5, CBL, BAMBI, LTBP4, TGFB3, ITGB8, TGFB1",False
fibrosis_only_up,Reactome,REACTOME_CHONDROITIN_SULFATE_BIOSYNTHESIS,Chondroitin sulfate biosynthesis,4,19,1040,0.0038,0.0013,2.995,0.040278941853275976,0.3938385425653651,"BGN, CHST3, CHST15, CHST11",False
fibrosis_only_up,Reactome,REACTOME_RHOU_GTPASE_CYCLE,Rhou gtpase cycle,6,37,1040,0.0058,0.0025,2.307,0.042522837624498384,0.40754561208430135,"IQGAP1, SRC, ARHGAP31, NCK2, GIT1, EPHA2",False
fibrosis_only_up,Reactome,REACTOME_NCAM1_INTERACTIONS,Ncam1 interactions,6,37,1040,0.0058,0.0025,2.307,0.042522837624498384,0.40754561208430135,"ARTN, CACNA1C, CACNA1I, AGRN, COL6A2, CACNB1",False
fibrosis_only_up,Reactome,REACTOME_DOWNSTREAM_SIGNAL_TRANSDUCTION,Downstream signal transduction,5,28,1040,0.0048,0.0019,2.54,0.0432345815453645,0.41030465623443957,"PDGFRA, SRC, STAT3, NCK2, STAT5A",False
fibrosis_only_up,Reactome,REACTOME_NRAGE_SIGNALS_DEATH_THROUGH_JNK,Nrage signals death through jnk,8,57,1040,0.0077,0.0039,1.996,0.0447773800114893,0.41544776649965026,"OBSCN, ARHGEF3, FGD1, FGD3, PREX1, ARHGEF17, ARHGEF2, PLEKHG2",False
fibrosis_only_up,Reactome,REACTOME_ERYTHROPOIETIN_ACTIVATES_PHOSPHOINOSITIDE_3_KINASE_PI3K,Erythropoietin activates phosphoinositide 3 kinase pi3k,3,12,1040,0.0029,0.0008,3.556,0.047230890527013764,0.41544776649965026,"PIK3R5, PIK3CG, PIK3CD",False
fibrosis_only_up,Reactome,REACTOME_CLASS_C_3_METABOTROPIC_GLUTAMATE_PHEROMONE_RECEPTORS,Class c 3 metabotropic glutamate pheromone receptors,3,12,1040,0.0029,0.0008,3.556,0.047230890527013764,0.41544776649965026,"GABBR1, GABBR2, CASR",False
fibrosis_only_up,Reactome,REACTOME_P2Y_RECEPTORS,P2y receptors,3,12,1040,0.0029,0.0008,3.556,0.047230890527013764,0.41544776649965026,"P2RY10, P2RY11, P2RY14",False
fibrosis_only_up,Reactome,REACTOME_INTERLEUKIN_10_SIGNALING,Interleukin 10 signaling,6,38,1040,0.0058,0.0026,2.246,0.04761339679395635,0.41544776649965026,"PTAFR, STAT3, FCER2, TNFRSF1B, CSF1, ICAM1",False
fibrosis_only_up,Reactome,REACTOME_LONG_TERM_POTENTIATION,Long term potentiation,4,20,1040,0.0038,0.0014,2.845,0.047639155042831796,0.41544776649965026,"NRGN, SRC, GRIN2D, DLG3",False
fibrosis_only_up,Reactome,REACTOME_CD28_DEPENDENT_PI3K_AKT_SIGNALING,Cd28 dependent pi3k akt signaling,4,20,1040,0.0038,0.0014,2.845,0.047639155042831796,0.41544776649965026,"MAP3K8, PIK3R3, AKT3, TRIB3",False
fibrosis_only_up,Reactome,REACTOME_NEGATIVE_REGULATION_OF_MET_ACTIVITY,Negative regulation of met activity,4,20,1040,0.0038,0.0014,2.845,0.047639155042831796,0.41544776649965026,"SH3GL2, CBL, PTPN1, HGF",False
fibrosis_only_up,Reactome,REACTOME_RHO_GTPASES_ACTIVATE_PAKS,Rho gtpases activate paks,4,20,1040,0.0038,0.0014,2.845,0.047639155042831796,0.41544776649965026,"LIMK1, FLNA, MYL9, MYH9",False
fibrosis_only_up,Reactome,REACTOME_SIGNALING_BY_CSF3_G_CSF,Signaling by csf3 g csf,5,29,1040,0.0048,0.002,2.453,0.049333160712017265,0.4226061908781656,"STAT3, SOCS1, SYK, CSF3R, STAT5A",False
fibrosis_only_up,Reactome,REACTOME_UPTAKE_AND_ACTIONS_OF_BACTERIAL_TOXINS,Uptake and actions of bacterial toxins,5,29,1040,0.0048,0.002,2.453,0.049333160712017265,0.4226061908781656,"ANTXR1, HBEGF, CD9, SV2A, STX1A",False
fibrosis_only_up,Reactome,REACTOME_TRANSMISSION_ACROSS_CHEMICAL_SYNAPSES,Transmission across chemical synapses,22,216,1040,0.0212,0.0146,1.449,0.05084412979900736,0.43172910215297483,"ARL6IP5, NBEA, SLC6A11, DNAJC5, ADCY3, SRC, EPB41L1, PLCB3, DLG3, KCNJ16, SLC1A7, NRGN, GABBR1, GLRB, STX1A, GRIN2D, STXBP1, PLCB2, ADCY7, GABBR2, GIT1, CACNB1",False
fibrosis_only_up,Reactome,REACTOME_MAP2K_AND_MAPK_ACTIVATION,Map2k and mapk activation,6,39,1040,0.0058,0.0026,2.188,0.05306449385377676,0.4424770821940248,"IQGAP1, KSR1, SRC, TLN1, VWF, ARRB1",False
fibrosis_only_up,Reactome,REACTOME_RHOF_GTPASE_CYCLE,Rhof gtpase cycle,6,39,1040,0.0058,0.0026,2.188,0.05306449385377676,0.4424770821940248,"ARHGAP39, MCAM, ACTN1, SYDE1, BAIAP2L2, SLC4A7",False
fibrosis_only_up,Reactome,REACTOME_ION_TRANSPORT_BY_P_TYPE_ATPASES,Ion transport by p type atpases,7,49,1040,0.0067,0.0033,2.032,0.053938322002990625,0.4424770821940248,"ATP13A2, ATP8B2, ATP2A3, ATP2B4, FXYD2, ATP8A2, ATP13A1",False
fibrosis_only_up,Reactome,REACTOME_SYNTHESIS_OF_PIPS_AT_THE_PLASMA_MEMBRANE,Synthesis of pips at the plasma membrane,7,49,1040,0.0067,0.0033,2.032,0.053938322002990625,0.4424770821940248,"PIK3R5, PIK3R3, PIP5K1C, INPP5D, PIP4K2A, PIK3CG, PIK3CD",False
fibrosis_only_up,Reactome,REACTOME_N_GLYCAN_ANTENNAE_ELONGATION_IN_THE_MEDIAL_TRANS_GOLGI,N glycan antennae elongation in the medial trans golgi,4,21,1040,0.0038,0.0014,2.71,0.05569102747358202,0.4436265701396639,"B4GALT5, MGAT5, CHST10, MGAT3",False
fibrosis_only_up,Reactome,REACTOME_REGULATION_OF_SIGNALING_BY_CBL,Regulation of signaling by cbl,4,21,1040,0.0038,0.0014,2.71,0.05569102747358202,0.4436265701396639,"CBL, PIK3R3, PIK3CD, SYK",False
fibrosis_only_up,Reactome,REACTOME_OTHER_INTERLEUKIN_SIGNALING,Other interleukin signaling,4,21,1040,0.0038,0.0014,2.71,0.05569102747358202,0.4436265701396639,"CSF1, STX1A, CSF3R, STXBP2",False
fibrosis_only_up,Reactome,REACTOME_CD28_CO_STIMULATION,Cd28 co stimulation,5,30,1040,0.0048,0.002,2.371,0.05591161317875929,0.4436265701396639,"MAP3K8, PIK3R3, SRC, TRIB3, AKT3",False
fibrosis_only_up,Reactome,REACTOME_TRANSPORT_OF_INORGANIC_CATIONS_ANIONS_AND_AMINO_ACIDS_OLIGOPEPTIDES,Transport of inorganic cations anions and amino acids oligopeptides,11,92,1040,0.0106,0.0062,1.701,0.057471934090596206,0.44423410998528484,"SLC20A1, SLC4A3, SLC1A7, SLC9A1, SLC9A5, SLC15A3, SLC6A6, SLC43A2, SLC4A7, SLC1A5, SLC7A7",False
fibrosis_only_up,Reactome,REACTOME_ACTIVATION_OF_RAC1,Activation of rac1,3,13,1040,0.0029,0.0009,3.283,0.0582827809588132,0.44423410998528484,"PAK5, ROBO1, NCK2",False
fibrosis_only_up,Reactome,REACTOME_SHC1_EVENTS_IN_ERBB4_SIGNALING,Shc1 events in erbb4 signaling,3,13,1040,0.0029,0.0009,3.283,0.0582827809588132,0.44423410998528484,"NRG2, HBEGF, NRG3",False
fibrosis_only_up,Reactome,REACTOME_ERBB2_REGULATES_CELL_MOTILITY,Erbb2 regulates cell motility,3,13,1040,0.0029,0.0009,3.283,0.0582827809588132,0.44423410998528484,"NRG2, HBEGF, NRG3",False
fibrosis_only_up,Reactome,REACTOME_YAP1_AND_WWTR1_TAZ_STIMULATED_GENE_EXPRESSION,Yap1 and wwtr1 taz stimulated gene expression,3,13,1040,0.0029,0.0009,3.283,0.0582827809588132,0.44423410998528484,"CCN2, TEAD4, TEAD2",False
fibrosis_only_up,Reactome,REACTOME_HEPARAN_SULFATE_HEPARIN_HS_GAG_METABOLISM,Heparan sulfate heparin hs gag metabolism,7,50,1040,0.0067,0.0034,1.992,0.05908702081384956,0.4468455949047373,"HS6ST2, HPSE, B3GAT3, BGN, AGRN, HSPG2, XYLT1",False
fibrosis_only_up,Reactome,REACTOME_NITRIC_OXIDE_STIMULATES_GUANYLATE_CYCLASE,Nitric oxide stimulates guanylate cyclase,4,22,1040,0.0038,0.0015,2.586,0.06442610724826679,0.47320455783683596,"GUCY1A1, KCNMB2, IRAG1, GUCY1B1",False
fibrosis_only_up,Reactome,REACTOME_ACTIVATION_OF_MATRIX_METALLOPROTEINASES,Activation of matrix metalloproteinases,4,22,1040,0.0038,0.0015,2.586,0.06442610724826679,0.47320455783683596,"MMP25, CTSG, TPSAB1, TIMP2",False
fibrosis_only_up,Reactome,REACTOME_NOTCH3_INTRACELLULAR_DOMAIN_REGULATES_TRANSCRIPTION,Notch3 intracellular domain regulates transcription,4,22,1040,0.0038,0.0015,2.586,0.06442610724826679,0.47320455783683596,"NOTCH3, MAML2, IKZF1, PLXND1",False
fibrosis_only_up,Reactome,REACTOME_SIGNALING_BY_PTK6,Signaling by ptk6,7,51,1040,0.0067,0.0034,1.952,0.06452789425047763,0.47320455783683596,"PTPN1, HBEGF, NRG3, STAT3, CBL, NRG2, CDK4",False
fibrosis_only_up,Reactome,REACTOME_TRANSCRIPTIONAL_REGULATION_BY_RUNX3,Transcriptional regulation by runx3,11,94,1040,0.0106,0.0064,1.665,0.06516958869338527,0.4743170064300522,"SRC, TGFB1, MYC, ITGAL, CDKN2A, CBFB, MAML2, CCN2, ITGA4, TEAD4, TEAD2",False
fibrosis_only_up,Reactome,REACTOME_RHOC_GTPASE_CYCLE,Rhoc gtpase cycle,9,73,1040,0.0087,0.0049,1.754,0.06919985234534612,0.48009905776316814,"IQGAP1, ARHGAP39, STK10, MCAM, FMNL2, CIT, FMNL3, PREX1, ARHGEF17",False
fibrosis_only_up,Reactome,REACTOME_ACYL_CHAIN_REMODELLING_OF_PI,Acyl chain remodelling of pi,3,14,1040,0.0029,0.0009,3.048,0.0704277543412912,0.48009905776316814,"MBOAT7, PLA2R1, PLA2G4A",False
fibrosis_only_up,Reactome,REACTOME_REGULATION_OF_IFNG_SIGNALING,Regulation of ifng signaling,3,14,1040,0.0029,0.0009,3.048,0.0704277543412912,0.48009905776316814,"SOCS1, PTPN1, PTPN6",False
fibrosis_only_up,Reactome,REACTOME_PI3K_EVENTS_IN_ERBB2_SIGNALING,Pi3k events in erbb2 signaling,3,14,1040,0.0029,0.0009,3.048,0.0704277543412912,0.48009905776316814,"NRG2, HBEGF, NRG3",False
fibrosis_only_up,Reactome,REACTOME_CRMPS_IN_SEMA3A_SIGNALING,Crmps in sema3a signaling,3,14,1040,0.0029,0.0009,3.048,0.0704277543412912,0.48009905776316814,"PLXNA1, PLXNA3, NRP1",False
fibrosis_only_up,Reactome,REACTOME_SIGNAL_REGULATORY_PROTEIN_FAMILY_INTERACTIONS,Signal regulatory protein family interactions,3,14,1040,0.0029,0.0009,3.048,0.0704277543412912,0.48009905776316814,"SIRPG, SRC, PTPN6",False
fibrosis_only_up,Reactome,REACTOME_GRB2_EVENTS_IN_ERBB2_SIGNALING,Grb2 events in erbb2 signaling,3,14,1040,0.0029,0.0009,3.048,0.0704277543412912,0.48009905776316814,"NRG2, HBEGF, NRG3",False
fibrosis_only_up,Reactome,REACTOME_INTERLEUKIN_15_SIGNALING,Interleukin 15 signaling,3,14,1040,0.0029,0.0009,3.048,0.0704277543412912,0.48009905776316814,"IL15RA, STAT3, STAT5A",False
fibrosis_only_up,Reactome,REACTOME_GAB1_SIGNALOSOME,Gab1 signalosome,3,14,1040,0.0029,0.0009,3.048,0.0704277543412912,0.48009905776316814,"SRC, HBEGF, PAG1",False
fibrosis_only_up,Reactome,REACTOME_ELASTIC_FIBRE_FORMATION,Elastic fibre formation,6,42,1040,0.0058,0.0028,2.032,0.07160302308120506,0.48440721565612865,"ITGB5, LOXL3, LTBP4, TGFB3, ITGB8, TGFB1",False
fibrosis_only_up,Reactome,REACTOME_INTRACELLULAR_SIGNALING_BY_SECOND_MESSENGERS,Intracellular signaling by second messengers,27,286,1040,0.026,0.0193,1.343,0.07206057753562245,0.48440721565612865,"PIK3R3, PDGFRA, NRG3, RAC2, NBEA, NRG2, AKT3, CD19, TRAT1, ADCY3, SRC, TRIB3, PIP5K1C, PIP4K2A, LAMTOR4, FGF17, PML, EGR1, GRK2, KIT, PIK3CD, HBEGF, GATAD2A, ADCY7, RHOG, HGF, CHD3",False
fibrosis_only_up,Reactome,REACTOME_GLUTAMATE_NEUROTRANSMITTER_RELEASE_CYCLE,Glutamate neurotransmitter release cycle,4,23,1040,0.0038,0.0016,2.474,0.07383106694182488,0.4914188541664209,"STXBP1, SLC1A7, STX1A, ARL6IP5",False
fibrosis_only_up,Reactome,REACTOME_G_ALPHA_12_13_SIGNALLING_EVENTS,G alpha 12 13 signalling events,9,74,1040,0.0087,0.005,1.73,0.0741189594093982,0.4914188541664209,"OBSCN, ARHGEF3, FGD1, FGD3, PREX1, BTK, ARHGEF17, ARHGEF2, PLEKHG2",False
fibrosis_only_up,Reactome,REACTOME_NUCLEOTIDE_BINDING_DOMAIN_LEUCINE_RICH_REPEAT_CONTAINING_RECEPTOR_NLR_SIGNALING_PATHWAYS,Nucleotide binding domain leucine rich repeat containing receptor nlr signaling pathways,7,53,1040,0.0067,0.0036,1.879,0.07629015402268531,0.4989788452294553,"CARD9, PSTPIP1, NLRP3, NOD1, NLRP1, PYCARD, BCL2",False
fibrosis_only_up,Reactome,REACTOME_RHOJ_GTPASE_CYCLE,Rhoj gtpase cycle,7,53,1040,0.0067,0.0036,1.879,0.07629015402268531,0.4989788452294553,"SYDE1, GIT1, FMNL3, PREX1, SLC4A7, DOCK8, SLC1A5",False
fibrosis_only_up,Reactome,REACTOME_REGULATION_OF_INSULIN_SECRETION,Regulation of insulin secretion,8,64,1040,0.0077,0.0043,1.778,0.07854693720574155,0.5080270529632455,"IQGAP1, GNA15, KCNS3, PLCB2, CACNA1C, PLCB3, STX1A, STXBP1",False
fibrosis_only_up,Reactome,REACTOME_GPCR_LIGAND_BINDING,Gpcr ligand binding,25,264,1040,0.024,0.0178,1.347,0.07878600700567998,0.5080270529632455,"HTR2B, ADGRE2, GPBAR1, WNT10B, PTGER4, FZD8, PTAFR, P2RY11, CXCL5, C3AR1, PTGDR, CCR4, P2RY10, CASR, GABBR1, LPAR1, ADGRE5, CXCR3, LPAR5, P2RY14, GABBR2, CXCL12, GPR132, GPR55, CXCR6",False
fibrosis_only_up,Reactome,REACTOME_PLATELET_HOMEOSTASIS,Platelet homeostasis,9,75,1040,0.0087,0.0051,1.707,0.07924802169158066,0.5080270529632455,"KCNMB2, ATP2A3, LRP8, IRAG1, ATP2B4, GUCY1A1, PTPN6, GUCY1B1, PLA2G4A",False
fibrosis_only_up,Reactome,REACTOME_PLATELET_SENSITIZATION_BY_LDL,Platelet sensitization by ldl,3,15,1040,0.0029,0.001,2.845,0.08360274965441437,0.509419719300439,"LRP8, PTPN6, PLA2G4A",False
fibrosis_only_up,Reactome,REACTOME_THE_NLRP3_INFLAMMASOME,The nlrp3 inflammasome,3,15,1040,0.0029,0.001,2.845,0.08360274965441437,0.509419719300439,"PYCARD, NLRP3, PSTPIP1",False
fibrosis_only_up,Reactome,REACTOME_P130CAS_LINKAGE_TO_MAPK_SIGNALING_FOR_INTEGRINS,P130cas linkage to mapk signaling for integrins,3,15,1040,0.0029,0.001,2.845,0.08360274965441437,0.509419719300439,"VWF, SRC, TLN1",False
fibrosis_only_up,Reactome,REACTOME_NUCLEOTIDE_LIKE_PURINERGIC_RECEPTORS,Nucleotide like purinergic receptors,3,15,1040,0.0029,0.001,2.845,0.08360274965441437,0.509419719300439,"P2RY10, P2RY11, P2RY14",False
fibrosis_only_up,Reactome,REACTOME_TNF_RECEPTOR_SUPERFAMILY_TNFSF_MEMBERS_MEDIATING_NON_CANONICAL_NF_KB_PATHWAY,Tnf receptor superfamily tnfsf members mediating non canonical nf kb pathway,3,15,1040,0.0029,0.001,2.845,0.08360274965441437,0.509419719300439,"CD40LG, TNFRSF11A, LTA",False
fibrosis_only_up,Reactome,REACTOME_SYNTHESIS_OF_PROSTAGLANDINS_PG_AND_THROMBOXANES_TX,Synthesis of prostaglandins pg and thromboxanes tx,3,15,1040,0.0029,0.001,2.845,0.08360274965441437,0.509419719300439,"PTGS1, PTGIS, PTGES2",False
fibrosis_only_up,Reactome,REACTOME_GRB2_SOS_PROVIDES_LINKAGE_TO_MAPK_SIGNALING_FOR_INTEGRINS,Grb2 sos provides linkage to mapk signaling for integrins,3,15,1040,0.0029,0.001,2.845,0.08360274965441437,0.509419719300439,"VWF, SRC, TLN1",False
fibrosis_only_up,Reactome,REACTOME_PI_METABOLISM,Pi metabolism,9,76,1040,0.0087,0.0051,1.685,0.08458734383778473,0.509419719300439,"PIK3R5, PIK3R3, PIP5K1C, INPP5D, GDPD3, PNPLA6, PIP4K2A, PIK3CG, PIK3CD",False
fibrosis_only_up,Reactome,REACTOME_SIGNALING_BY_MET,Signaling by met,9,76,1040,0.0087,0.0051,1.685,0.08458734383778473,0.509419719300439,"PTPN1, SRC, STAT3, SH3GL2, CBL, TNS3, HGF, ITGA2, LAMC1",False
fibrosis_only_up,Reactome,REACTOME_METABOLISM_OF_CARBOHYDRATES,Metabolism of carbohydrates,24,254,1040,0.0231,0.0172,1.344,0.08524101655684857,0.509419719300439,"B3GNT7, B3GAT3, AKR1B1, CD44, G6PC3, CHST1, MAN2B1, HSPG2, G6PD, PFKP, B4GALT5, AGRN, CHST15, SLC37A2, HK1, HS6ST2, SLC9A1, HPSE, CHST3, CHST11, HK2, BGN, ABCC5, XYLT1",False
fibrosis_only_up,Reactome,REACTOME_SIGNALING_BY_MODERATE_KINASE_ACTIVITY_BRAF_MUTANTS,Signaling by moderate kinase activity braf mutants,6,44,1040,0.0058,0.003,1.94,0.0857803866177392,0.509419719300439,"IQGAP1, KSR1, SRC, TLN1, VWF, ARRB1",False
fibrosis_only_up,Reactome,REACTOME_CYCLIN_D_ASSOCIATED_EVENTS_IN_G1,Cyclin d associated events in g1,6,44,1040,0.0058,0.003,1.94,0.0857803866177392,0.509419719300439,"CDKN2C, SRC, CDKN2A, CDK4, CDKN1C, CCND3",False
fibrosis_only_up,Reactome,REACTOME_NGF_STIMULATED_TRANSCRIPTION,Ngf stimulated transcription,5,34,1040,0.0048,0.0023,2.092,0.08698890047513312,0.5103348827874477,"FOSB, ID4, LYL1, ID1, EGR1",False
fibrosis_only_up,Reactome,REACTOME_CA_DEPENDENT_EVENTS,Ca dependent events,5,34,1040,0.0048,0.0023,2.092,0.08698890047513312,0.5103348827874477,"ADCY7, NBEA, GRK2, PLA2G4A, ADCY3",False
fibrosis_only_up,Reactome,REACTOME_NUCLEAR_EVENTS_KINASE_AND_TRANSCRIPTION_FACTOR_ACTIVATION,Nuclear events kinase and transcription factor activation,7,55,1040,0.0067,0.0037,1.81,0.08922428252747892,0.5202958161843348,"FOSB, MAPK7, ID4, LYL1, ID1, EGR1, DUSP7",False
fibrosis_only_up,Reactome,REACTOME_LEISHMANIA_INFECTION,Leishmania infection,15,147,1040,0.0144,0.0099,1.452,0.09304600010803066,0.537558958226135,"SRC, CTSG, C3AR1, PSTPIP1, ADCY7, NLRP3, SYK, FCGR2A, BTK, MYH9, WIPF1, CYBA, CD247, PYCARD, ADCY3",False
fibrosis_only_up,Reactome,REACTOME_NEUROTRANSMITTER_RELEASE_CYCLE,Neurotransmitter release cycle,6,45,1040,0.0058,0.003,1.897,0.09340660830426745,0.537558958226135,"SLC1A7, ARL6IP5, SLC6A11, DNAJC5, STX1A, STXBP1",False
fibrosis_only_up,Reactome,REACTOME_SIGNALING_BY_ERYTHROPOIETIN,Signaling by erythropoietin,4,25,1040,0.0038,0.0017,2.276,0.09457583039528988,0.537558958226135,"STAT5A, PIK3R5, PIK3CG, PIK3CD",False
fibrosis_only_up,Reactome,REACTOME_SIGNALING_BY_NTRKS,Signaling by ntrks,13,124,1040,0.0125,0.0084,1.491,0.09581813631219459,0.537558958226135,"PTPRO, SRC, FOSB, STAT3, SH3GL2, MAPK7, ID4, LYL1, ID1, EGR1, NELFB, RIT1, DUSP7",False
fibrosis_only_up,Reactome,REACTOME_RHOV_GTPASE_CYCLE,Rhov gtpase cycle,5,35,1040,0.0048,0.0024,2.032,0.0959196372801841,0.537558958226135,"IQGAP1, GIT1, NCK2, EPHA2, TPM4",False
fibrosis_only_up,Reactome,REACTOME_MOLECULES_ASSOCIATED_WITH_ELASTIC_FIBRES,Molecules associated with elastic fibres,5,35,1040,0.0048,0.0024,2.032,0.0959196372801841,0.537558958226135,"ITGB5, LTBP4, TGFB3, ITGB8, TGFB1",False
fibrosis_only_up,Reactome,REACTOME_RHOQ_GTPASE_CYCLE,Rhoq gtpase cycle,7,56,1040,0.0067,0.0038,1.778,0.09612675507053023,0.537558958226135,"IQGAP1, OBSCN, SYDE1, GIT1, PREX1, SLC4A7, SLC1A5",False
fibrosis_only_up,Reactome,REACTOME_HYALURONAN_METABOLISM,Hyaluronan metabolism,3,16,1040,0.0029,0.0011,2.667,0.09773799240475181,0.537558958226135,"CD44, SLC9A1, ABCC5",False
fibrosis_only_up,Reactome,REACTOME_FORMATION_OF_SENESCENCE_ASSOCIATED_HETEROCHROMATIN_FOCI_SAHF,Formation of senescence associated heterochromatin foci sahf,3,16,1040,0.0029,0.0011,2.667,0.09773799240475181,0.537558958226135,"H1-3, HMGA1, CABIN1",False
fibrosis_only_up,Reactome,REACTOME_ABERRANT_REGULATION_OF_MITOTIC_G1_S_TRANSITION_IN_CANCER_DUE_TO_RB1_DEFECTS,Aberrant regulation of mitotic g1 s transition in cancer due to rb1 defects,3,16,1040,0.0029,0.0011,2.667,0.09773799240475181,0.537558958226135,"CCND3, CDKN1C, CDK4",False
fibrosis_only_up,Reactome,REACTOME_RHOB_GTPASE_CYCLE,Rhob gtpase cycle,8,68,1040,0.0077,0.0046,1.674,0.10320524842116958,0.5638435923832247,"ARHGAP39, STK10, MCAM, ARHGEF3, CIT, PREX1, ARHGEF17, ARHGEF2",False
fibrosis_only_up,Reactome,REACTOME_DEGRADATION_OF_THE_EXTRACELLULAR_MATRIX,Degradation of the extracellular matrix,12,114,1040,0.0115,0.0077,1.497,0.1041627092051795,0.5638435923832247,"A2M, TPSAB1, ADAMTS9, CTSG, MMP25, TIMP2, COL23A1, CAPN11, CD44, LAMC1, COL6A2, HSPG2",False
fibrosis_only_up,Reactome,REACTOME_PLATELET_AGGREGATION_PLUG_FORMATION,Platelet aggregation plug formation,5,36,1040,0.0048,0.0024,1.976,0.10529563337428569,0.5638435923832247,"PTPN1, SRC, TLN1, SYK, VWF",False
fibrosis_only_up,Reactome,REACTOME_GABA_B_RECEPTOR_ACTIVATION,Gaba b receptor activation,5,36,1040,0.0048,0.0024,1.976,0.10529563337428569,0.5638435923832247,"KCNJ16, ADCY7, GABBR2, GABBR1, ADCY3",False
fibrosis_only_up,Reactome,REACTOME_INTEGRATION_OF_ENERGY_METABOLISM,Integration of energy metabolism,10,91,1040,0.0096,0.0062,1.563,0.10542943204686328,0.5638435923832247,"IQGAP1, GNA15, KCNS3, PLCB2, ADCY7, CACNA1C, PLCB3, ADCY3, STX1A, STXBP1",False
fibrosis_only_up,Reactome,REACTOME_ONCOGENIC_MAPK_SIGNALING,Oncogenic mapk signaling,9,80,1040,0.0087,0.0054,1.6,0.1080382310114202,0.5725191849677849,"IQGAP1, KSR1, SRC, TLN1, SPRED1, VWF, AGTRAP, ARRB1, DUSP7",False
fibrosis_only_up,Reactome,REACTOME_CLASS_A_1_RHODOPSIN_LIKE_RECEPTORS,Class a 1 rhodopsin like receptors,18,187,1040,0.0173,0.0126,1.369,0.10823451533998413,0.5725191849677849,"HTR2B, PTAFR, P2RY11, CXCL5, C3AR1, P2RY14, CXCL12, PTGDR, GPR132, GPR55, LPAR1, GPBAR1, LPAR5, CXCR6, CCR4, P2RY10, CXCR3, PTGER4",False
fibrosis_only_up,Reactome,REACTOME_NCAM_SIGNALING_FOR_NEURITE_OUT_GROWTH,Ncam signaling for neurite out growth,7,58,1040,0.0067,0.0039,1.717,0.11078713907811222,0.5796862196087169,"SRC, ARTN, CACNA1C, CACNA1I, AGRN, COL6A2, CACNB1",False
fibrosis_only_up,Reactome,REACTOME_DISEASES_ASSOCIATED_WITH_O_GLYCOSYLATION_OF_PROTEINS,Diseases associated with o glycosylation of proteins,7,58,1040,0.0067,0.0039,1.717,0.11078713907811222,0.5796862196087169,"ADAMTS9, DAG1, MUC13, ADAMTS10, MUC12, THSD1, NOTCH3",False
fibrosis_only_up,Reactome,REACTOME_SIGNALING_BY_NTRK3_TRKC,Signaling by ntrk3 trkc,3,17,1040,0.0029,0.0011,2.51,0.11275895952826637,0.5836934375580848,"PTPRO, SRC, NELFB",False
fibrosis_only_up,Reactome,REACTOME_CELL_EXTRACELLULAR_MATRIX_INTERACTIONS,Cell extracellular matrix interactions,3,17,1040,0.0029,0.0011,2.51,0.11275895952826637,0.5836934375580848,"ACTN1, FLNA, ILK",False
fibrosis_only_up,Reactome,REACTOME_RHOH_GTPASE_CYCLE,Rhoh gtpase cycle,5,37,1040,0.0048,0.0025,1.922,0.11510388271018993,0.5895267643569516,"ARHGDIB, ZAP70, SLC4A7, PAK5, SLC1A5",False
fibrosis_only_up,Reactome,REACTOME_FLT3_SIGNALING,Flt3 signaling,5,37,1040,0.0048,0.0025,1.922,0.11510388271018993,0.5895267643569516,"CBL, AKT3, SYK, SLA, STAT5A",False
fibrosis_only_up,Reactome,REACTOME_PHASE_0_RAPID_DEPOLARISATION,Phase 0 rapid depolarisation,4,27,1040,0.0038,0.0018,2.107,0.1177395070622935,0.5936033481057297,"RANGRF, CACNB1, CACNA1C, SCN4A",False
fibrosis_only_up,Reactome,REACTOME_SYNDECAN_INTERACTIONS,Syndecan interactions,4,27,1040,0.0038,0.0018,2.107,0.1177395070622935,0.5936033481057297,"ITGA2, ACTN1, ITGB5, TGFB1",False
fibrosis_only_up,Reactome,REACTOME_DOWNREGULATION_OF_ERBB2_SIGNALING,Downregulation of erbb2 signaling,4,27,1040,0.0038,0.0018,2.107,0.1177395070622935,0.5936033481057297,"HBEGF, NRG2, AKT3, NRG3",False
fibrosis_only_up,Reactome,REACTOME_RAB_GERANYLGERANYLATION,Rab geranylgeranylation,7,59,1040,0.0067,0.004,1.688,0.11853651696141931,0.5945251213401757,"RAB38, RAB19, RAB3C, RAB35, RAB33A, RAB31, RAB9B",False
fibrosis_only_up,Reactome,REACTOME_P75_NTR_RECEPTOR_MEDIATED_SIGNALLING,P75 ntr receptor mediated signalling,10,94,1040,0.0096,0.0064,1.513,0.12351315236523984,0.6162924303585163,"OBSCN, ARHGEF3, FGD3, FGD1, PREX1, ARHGEF17, ARHGEF2, PLEKHG2, LINGO1, OMG",False
fibrosis_only_up,Reactome,REACTOME_DISEASES_ASSOCIATED_WITH_GLYCOSAMINOGLYCAN_METABOLISM,Diseases associated with glycosaminoglycan metabolism,5,38,1040,0.0048,0.0026,1.872,0.12532971390961906,0.6221495541769808,"CHST3, B3GAT3, BGN, AGRN, HSPG2",False
fibrosis_only_up,Reactome,REACTOME_RHOD_GTPASE_CYCLE,Rhod gtpase cycle,6,49,1040,0.0058,0.0033,1.742,0.12735956374971705,0.6286526988627127,"ARHGAP39, MCAM, PLXNA1, ACTN1, SLC4A7, PAK5",False
fibrosis_only_up,Reactome,REACTOME_ATTACHMENT_AND_ENTRY,Attachment and entry,3,18,1040,0.0029,0.0012,2.371,0.12858805204010032,0.6286526988627127,"AGRN, HSPG2, NRP1",False
fibrosis_only_up,Reactome,REACTOME_PKA_MEDIATED_PHOSPHORYLATION_OF_CREB,Pka mediated phosphorylation of creb,3,18,1040,0.0029,0.0012,2.371,0.12858805204010032,0.6286526988627127,"ADCY7, NBEA, ADCY3",False
fibrosis_only_up,Reactome,REACTOME_THE_ROLE_OF_NEF_IN_HIV_1_REPLICATION_AND_DISEASE_PATHOGENESIS,The role of nef in hiv 1 replication and disease pathogenesis,4,28,1040,0.0038,0.0019,2.032,0.13015699464844838,0.6299598540984901,"CD247, PACS1, DOCK2, AP1M2",False
fibrosis_only_up,Reactome,REACTOME_AMINO_ACID_TRANSPORT_ACROSS_THE_PLASMA_MEMBRANE,Amino acid transport across the plasma membrane,4,28,1040,0.0038,0.0019,2.032,0.13015699464844838,0.6299598540984901,"SLC6A6, SLC7A7, SLC43A2, SLC1A5",False
fibrosis_only_up,Reactome,REACTOME_INTERFERON_SIGNALING,Interferon signaling,21,231,1040,0.0202,0.0156,1.293,0.1356388733471148,0.6507636665993037,"PTPN1, PTPN6, CD44, PIN1, IRF3, PTAFR, CIITA, SOCS1, IRF8, PML, FLNA, EGR1, STAT3, MID1, HLA-DPA1, TRIM17, FANCB, HLA-DRA, TRIM8, HSPA2, ICAM1",False
fibrosis_only_up,Reactome,REACTOME_CARGO_RECOGNITION_FOR_CLATHRIN_MEDIATED_ENDOCYTOSIS,Cargo recognition for clathrin mediated endocytosis,10,96,1040,0.0096,0.0065,1.482,0.13645306907681856,0.6507636665993037,"SYT8, HBEGF, IL7R, CBL, SH3GL2, GRK3, SYT11, DAB2, GRK2, ARRB1",False
fibrosis_only_up,Reactome,REACTOME_CELL_CELL_COMMUNICATION,Cell cell communication,13,132,1040,0.0125,0.0089,1.401,0.1365468115477788,0.6507636665993037,"IQGAP1, SRC, SIRPG, ACTN1, NCK2, PTPN6, CLDN18, FLNA, CDH24, ILK, CLDN5, ZC3H12A, PRDM8",False
fibrosis_only_up,Reactome,REACTOME_TOLL_LIKE_RECEPTOR_TLR1_TLR2_CASCADE,Toll like receptor tlr1 tlr2 cascade,11,108,1040,0.0106,0.0073,1.449,0.13714440907671277,0.6507636665993037,"TNIP2, MAP3K8, TLR2, NLRC5, SOCS1, MAP3K1, NOD1, MAPK7, IRAK3, BTK, DUSP7",False
fibrosis_only_up,Reactome,REACTOME_RAB_GEFS_EXCHANGE_GTP_FOR_GDP_ON_RABS,Rab gefs exchange gtp for gdp on rabs,9,85,1040,0.0087,0.0057,1.506,0.1419418186849285,0.653966933767554,"RAB38, GDI1, DENND3, AKT3, RINL, RIN2, RAB35, RAB31, RAB9B",False
fibrosis_only_up,Reactome,REACTOME_MET_ACTIVATES_PTK2_SIGNALING,Met activates ptk2 signaling,4,29,1040,0.0038,0.002,1.962,0.14308880807827729,0.653966933767554,"HGF, ITGA2, SRC, LAMC1",False
fibrosis_only_up,Reactome,REACTOME_DISEASES_OF_IMMUNE_SYSTEM,Diseases of immune system,4,29,1040,0.0038,0.002,1.962,0.14308880807827729,0.653966933767554,"BTK, TLR2, TLR5, UNC93B1",False
fibrosis_only_up,Reactome,REACTOME_SIGNALING_BY_PDGFR_IN_DISEASE,Signaling by pdgfr in disease,3,19,1040,0.0029,0.0013,2.246,0.14514601020012988,0.653966933767554,"STAT3, PDGFRA, BIN2",False
fibrosis_only_up,Reactome,REACTOME_DEFECTIVE_B4GALT7_CAUSES_EDS_PROGEROID_TYPE,Defective b4galt7 causes eds progeroid type,3,19,1040,0.0029,0.0013,2.246,0.14514601020012988,0.653966933767554,"AGRN, BGN, HSPG2",False
fibrosis_only_up,Reactome,REACTOME_LISTERIA_MONOCYTOGENES_ENTRY_INTO_HOST_CELLS,Listeria monocytogenes entry into host cells,3,19,1040,0.0029,0.0013,2.246,0.14514601020012988,0.653966933767554,"SH3GL2, CBL, SRC",False
fibrosis_only_up,Reactome,REACTOME_RHO_GTPASES_ACTIVATE_CIT,Rho gtpases activate cit,3,19,1040,0.0029,0.0013,2.246,0.14514601020012988,0.653966933767554,"MYL9, MYH9, CIT",False
fibrosis_only_up,Reactome,REACTOME_RHO_GTPASES_ACTIVATE_ROCKS,Rho gtpases activate rocks,3,19,1040,0.0029,0.0013,2.246,0.14514601020012988,0.653966933767554,"LIMK1, MYH9, MYL9",False
fibrosis_only_up,Reactome,REACTOME_EPHRIN_SIGNALING,Ephrin signaling,3,19,1040,0.0029,0.0013,2.246,0.14514601020012988,0.653966933767554,"GIT1, SRC, NCK2",False
fibrosis_only_up,Reactome,REACTOME_NEPHRIN_FAMILY_INTERACTIONS,Nephrin family interactions,3,19,1040,0.0029,0.0013,2.246,0.14514601020012988,0.653966933767554,"IQGAP1, ACTN1, NCK2",False
fibrosis_only_up,Reactome,REACTOME_ARACHIDONIC_ACID_METABOLISM,Arachidonic acid metabolism,6,51,1040,0.0058,0.0034,1.674,0.1462883308639468,0.653966933767554,"PTGS1, ALOX5, ABCC1, PTGIS, PLA2G4A, PTGES2",False
fibrosis_only_up,Reactome,REACTOME_MET_PROMOTES_CELL_MOTILITY,Met promotes cell motility,5,40,1040,0.0048,0.0027,1.778,0.14696808182216795,0.653966933767554,"SRC, TNS3, HGF, ITGA2, LAMC1",False
fibrosis_only_up,Reactome,REACTOME_CHEMOKINE_RECEPTORS_BIND_CHEMOKINES,Chemokine receptors bind chemokines,5,40,1040,0.0048,0.0027,1.778,0.14696808182216795,0.653966933767554,"CXCL5, CXCL12, CXCR6, CCR4, CXCR3",False
fibrosis_only_up,Reactome,REACTOME_CELL_DEATH_SIGNALLING_VIA_NRAGE_NRIF_AND_NADE,Cell death signalling via nrage nrif and nade,8,74,1040,0.0077,0.005,1.538,0.1472776772327756,0.653966933767554,"OBSCN, ARHGEF3, FGD1, FGD3, PREX1, ARHGEF17, ARHGEF2, PLEKHG2",False
fibrosis_only_up,Reactome,REACTOME_TCR_SIGNALING,Tcr signaling,11,110,1040,0.0106,0.0074,1.422,0.149966511569227,0.6571223820802857,"ENAH, LCP2, ZAP70, PAG1, PTPRC, HLA-DPA1, INPP5D, HLA-DRA, TRAT1, CD247, CD3E",False
fibrosis_only_up,Reactome,REACTOME_RIBAVIRIN_ADME,Ribavirin adme,2,10,1040,0.0019,0.0007,2.845,0.15274022310750443,0.6571223820802857,"ITPA, NME2",False
fibrosis_only_up,Reactome,REACTOME_NEF_MEDIATED_DOWNREGULATION_OF_MHC_CLASS_I_COMPLEX_CELL_SURFACE_EXPRESSION,Nef mediated downregulation of mhc class i complex cell surface expression,2,10,1040,0.0019,0.0007,2.845,0.15274022310750443,0.6571223820802857,"PACS1, AP1M2",False
fibrosis_only_up,Reactome,REACTOME_NEUROTOXICITY_OF_CLOSTRIDIUM_TOXINS,Neurotoxicity of clostridium toxins,2,10,1040,0.0019,0.0007,2.845,0.15274022310750443,0.6571223820802857,"SV2A, STX1A",False
fibrosis_only_up,Reactome,REACTOME_REDUCTION_OF_CYTOSOLIC_CA_LEVELS,Reduction of cytosolic ca levels,2,10,1040,0.0019,0.0007,2.845,0.15274022310750443,0.6571223820802857,"ATP2A3, ATP2B4",False
fibrosis_only_up,Reactome,REACTOME_REGULATION_OF_COMMISSURAL_AXON_PATHFINDING_BY_SLIT_AND_ROBO,Regulation of commissural axon pathfinding by slit and robo,2,10,1040,0.0019,0.0007,2.845,0.15274022310750443,0.6571223820802857,"SRC, ROBO1",False
fibrosis_only_up,Reactome,REACTOME_TRAFFICKING_AND_PROCESSING_OF_ENDOSOMAL_TLR,Trafficking and processing of endosomal tlr,2,10,1040,0.0019,0.0007,2.845,0.15274022310750443,0.6571223820802857,"TLR8, UNC93B1",False
fibrosis_only_up,Reactome,REACTOME_NEUROTRANSMITTER_RECEPTORS_AND_POSTSYNAPTIC_SIGNAL_TRANSMISSION,Neurotransmitter receptors and postsynaptic signal transmission,15,160,1040,0.0144,0.0108,1.334,0.15551283147706518,0.6615400101385656,"KCNJ16, SRC, EPB41L1, PLCB2, NRGN, ADCY7, NBEA, GABBR1, GIT1, GABBR2, GLRB, PLCB3, DLG3, ADCY3, GRIN2D",False
fibrosis_only_up,Reactome,REACTOME_ION_CHANNEL_TRANSPORT,Ion channel transport,15,160,1040,0.0144,0.0108,1.334,0.15551283147706518,0.6615400101385656,"ATP13A2, OSTM1, TRPC1, TCIRG1, ATP8B2, ATP2A3, TRPA1, ATP2B4, FXYD2, WNK2, ATP8A2, ANO9, ATP6V0B, ATP13A1, RIPK3",False
fibrosis_only_up,Reactome,REACTOME_FCERI_MEDIATED_CA_2_MOBILIZATION,Fceri mediated ca 2 mobilization,4,30,1040,0.0038,0.002,1.897,0.15650068421666477,0.6615400101385656,"BTK, NFATC1, LCP2, SYK",False
fibrosis_only_up,Reactome,REACTOME_KIDNEY_DEVELOPMENT,Kidney development,4,30,1040,0.0038,0.002,1.897,0.15650068421666477,0.6615400101385656,"ID4, DLL1, WT1, FOXC1",False
fibrosis_only_up,Reactome,REACTOME_SIGNALING_BY_BRAF_AND_RAF1_FUSIONS,Signaling by braf and raf1 fusions,7,64,1040,0.0067,0.0043,1.556,0.16123937538532945,0.6683780169576933,"IQGAP1, KSR1, SRC, TLN1, VWF, AGTRAP, ARRB1",False
fibrosis_only_up,Reactome,REACTOME_G_BETA_GAMMA_SIGNALLING_THROUGH_PI3KGAMMA,G beta gamma signalling through pi3kgamma,3,20,1040,0.0029,0.0014,2.134,0.16235310228671188,0.6683780169576933,"PIK3R5, PIK3CG, AKT3",False
fibrosis_only_up,Reactome,REACTOME_CTLA4_INHIBITORY_SIGNALING,Ctla4 inhibitory signaling,3,20,1040,0.0029,0.0014,2.134,0.16235310228671188,0.6683780169576933,"CTLA4, AKT3, SRC",False
fibrosis_only_up,Reactome,REACTOME_SEMA4D_INDUCED_CELL_MIGRATION_AND_GROWTH_CONE_COLLAPSE,Sema4d induced cell migration and growth cone collapse,3,20,1040,0.0029,0.0014,2.134,0.16235310228671188,0.6683780169576933,"LIMK1, MYH9, MYL9",False
fibrosis_only_up,Reactome,REACTOME_AZATHIOPRINE_ADME,Azathioprine adme,3,20,1040,0.0029,0.0014,2.134,0.16235310228671188,0.6683780169576933,"NME2, ABCC5, GUK1",False
fibrosis_only_up,Reactome,REACTOME_SHC1_EVENTS_IN_ERBB2_SIGNALING,Shc1 events in erbb2 signaling,3,20,1040,0.0029,0.0014,2.134,0.16235310228671188,0.6683780169576933,"NRG2, HBEGF, NRG3",False
fibrosis_only_up,Reactome,REACTOME_RHO_GTPASE_EFFECTORS,Rho gtpase effectors,22,250,1040,0.0212,0.0169,1.252,0.16295166529133845,0.6683780169576933,"RAC2, PPP1R14A, FMNL3, WIPF1, CYBA, PIN1, SRC, KIF2A, FMNL2, NCF2, IQGAP1, LIMK1, CIT, BTK, FLNA, NCF4, TAX1BP3, MYL9, FMNL1, RHOG, RHPN1, MYH9",False
fibrosis_only_up,Reactome,REACTOME_LYSOSOME_VESICLE_BIOGENESIS,Lysosome vesicle biogenesis,4,31,1040,0.0038,0.0021,1.835,0.1703570793239664,0.6935419081525095,"SH3GL2, ARRB1, AP4M1, AP1M2",False
fibrosis_only_up,Reactome,REACTOME_SENSORY_PROCESSING_OF_SOUND,Sensory processing of sound,7,65,1040,0.0067,0.0044,1.532,0.17051960138460462,0.6935419081525095,"CIB2, EPB41L1, MYO3A, MYH9, DNAJC5, USH1C, STX1A",False
fibrosis_only_up,Reactome,REACTOME_NOTCH2_INTRACELLULAR_DOMAIN_REGULATES_TRANSCRIPTION,Notch2 intracellular domain regulates transcription,2,11,1040,0.0019,0.0007,2.586,0.1783877983327779,0.6992259612318849,"FCER2, MAML2",False
fibrosis_only_up,Reactome,REACTOME_INTERLEUKIN_6_SIGNALING,Interleukin 6 signaling,2,11,1040,0.0019,0.0007,2.586,0.1783877983327779,0.6992259612318849,"STAT3, CBL",False
fibrosis_only_up,Reactome,REACTOME_SIGNALING_BY_PDGFRA_TRANSMEMBRANE_JUXTAMEMBRANE_AND_KINASE_DOMAIN_MUTANTS,Signaling by pdgfra transmembrane juxtamembrane and kinase domain mutants,2,11,1040,0.0019,0.0007,2.586,0.1783877983327779,0.6992259612318849,"STAT3, PDGFRA",False
fibrosis_only_up,Reactome,REACTOME_PHASE_2_PLATEAU_PHASE,Phase 2 plateau phase,2,11,1040,0.0019,0.0007,2.586,0.1783877983327779,0.6992259612318849,"CACNB1, CACNA1C",False
fibrosis_only_up,Reactome,REACTOME_FORMATION_OF_AXIAL_MESODERM,Formation of axial mesoderm,2,11,1040,0.0019,0.0007,2.586,0.1783877983327779,0.6992259612318849,"TEAD4, TEAD2",False
fibrosis_only_up,Reactome,REACTOME_LYSOSPHINGOLIPID_AND_LPA_RECEPTORS,Lysosphingolipid and lpa receptors,2,11,1040,0.0019,0.0007,2.586,0.1783877983327779,0.6992259612318849,"LPAR5, LPAR1",False
fibrosis_only_up,Reactome,REACTOME_SIGNALING_BY_LTK,Signaling by ltk,2,11,1040,0.0019,0.0007,2.586,0.1783877983327779,0.6992259612318849,"ALKAL1, ALKAL2",False
fibrosis_only_up,Reactome,REACTOME_SIGNALING_BY_LEPTIN,Signaling by leptin,2,11,1040,0.0019,0.0007,2.586,0.1783877983327779,0.6992259612318849,"STAT3, STAT5A",False
fibrosis_only_up,Reactome,REACTOME_ADP_SIGNALLING_THROUGH_P2Y_PURINOCEPTOR_1,Adp signalling through p2y purinoceptor 1,3,21,1040,0.0029,0.0014,2.032,0.18013011475556698,0.6992259612318849,"PLA2G4A, SRC, GNA15",False
fibrosis_only_up,Reactome,REACTOME_ESTROGEN_DEPENDENT_NUCLEAR_EVENTS_DOWNSTREAM_OF_ESR_MEMBRANE_SIGNALING,Estrogen dependent nuclear events downstream of esr membrane signaling,3,21,1040,0.0029,0.0014,2.032,0.18013011475556698,0.6992259612318849,"HBEGF, AKT3, BCL2",False
fibrosis_only_up,Reactome,REACTOME_PARACETAMOL_ADME,Paracetamol adme,3,21,1040,0.0029,0.0014,2.032,0.18013011475556698,0.6992259612318849,"ABCC1, ABCC5, SULT1C4",False
fibrosis_only_up,Reactome,REACTOME_TNFR2_NON_CANONICAL_NF_KB_PATHWAY,Tnfr2 non canonical nf kb pathway,9,90,1040,0.0087,0.0061,1.422,0.18058521726030083,0.6992259612318849,"TNFRSF25, TNFRSF8, TNFSF8, TNFRSF14, TNFRSF1B, CD40LG, TNFRSF11A, TNFRSF11B, LTA",False
fibrosis_only_up,Reactome,REACTOME_GAP_JUNCTION_TRAFFICKING_AND_REGULATION,Gap junction trafficking and regulation,4,32,1040,0.0038,0.0022,1.778,0.1846215261668841,0.7091811005140627,"SRC, DAB2, GJC2, GJA4",False
fibrosis_only_up,Reactome,REACTOME_ONCOGENE_INDUCED_SENESCENCE,Oncogene induced senescence,4,32,1040,0.0038,0.0022,1.778,0.1846215261668841,0.7091811005140627,"CDKN2C, CDK4, ID1, CDKN2A",False
fibrosis_only_up,Reactome,REACTOME_PARASITE_INFECTION,Parasite infection,6,55,1040,0.0058,0.0037,1.552,0.18761455604008348,0.7150035049086646,"SRC, SYK, BTK, MYH9, WIPF1, CD247",False
fibrosis_only_up,Reactome,REACTOME_SIGNALING_BY_PDGF,Signaling by pdgf,6,55,1040,0.0058,0.0037,1.552,0.18761455604008348,0.7150035049086646,"PDGFRA, SRC, STAT3, NCK2, STAT5A, COL6A2",False
fibrosis_only_up,Reactome,REACTOME_METABOLISM_OF_FAT_SOLUBLE_VITAMINS,Metabolism of fat soluble vitamins,5,44,1040,0.0048,0.003,1.616,0.1944632560634311,0.7353141869898489,"PLB1, LRP10, LRP8, AGRN, HSPG2",False
fibrosis_only_up,Reactome,REACTOME_GABA_RECEPTOR_ACTIVATION,Gaba receptor activation,5,44,1040,0.0048,0.003,1.616,0.1944632560634311,0.7353141869898489,"KCNJ16, ADCY7, GABBR2, GABBR1, ADCY3",False
fibrosis_only_up,Reactome,REACTOME_DISEASES_OF_GLYCOSYLATION,Diseases of glycosylation,12,129,1040,0.0115,0.0087,1.323,0.1957479566786639,0.737291914649598,"ADAMTS9, DAG1, CHST3, MUC13, B3GAT3, ADAMTS10, BGN, MUC12, THSD1, AGRN, NOTCH3, HSPG2",False
fibrosis_only_up,Reactome,REACTOME_NEGATIVE_REGULATION_OF_FGFR3_SIGNALING,Negative regulation of fgfr3 signaling,3,22,1040,0.0029,0.0015,1.94,0.1983991685725091,0.7405834897759578,"CBL, FGF17, SRC",False
fibrosis_only_up,Reactome,REACTOME_ATTENUATION_PHASE,Attenuation phase,3,22,1040,0.0029,0.0015,1.94,0.1983991685725091,0.7405834897759578,"HSPB2, TNFRSF21, HSPA2",False
fibrosis_only_up,Reactome,REACTOME_NUCLEAR_EVENTS_STIMULATED_BY_ALK_SIGNALING_IN_CANCER,Nuclear events stimulated by alk signaling in cancer,4,33,1040,0.0038,0.0022,1.724,0.19925696365014378,0.7405834897759578,"STAT5A, STAT3, ZAP70, PTPN6",False
fibrosis_only_up,Reactome,REACTOME_ANTI_INFLAMMATORY_RESPONSE_FAVOURING_LEISHMANIA_PARASITE_INFECTION,Anti inflammatory response favouring leishmania parasite infection,7,68,1040,0.0067,0.0046,1.464,0.19968211862760846,0.7405834897759578,"SRC, ADCY7, SYK, FCGR2A, MYH9, CD247, ADCY3",False
fibrosis_only_up,Reactome,REACTOME_ADENYLATE_CYCLASE_INHIBITORY_PATHWAY,Adenylate cyclase inhibitory pathway,2,12,1040,0.0019,0.0008,2.371,0.20461917989393075,0.7474391174993394,"ADCY7, ADCY3",False
fibrosis_only_up,Reactome,REACTOME_HYALURONAN_UPTAKE_AND_DEGRADATION,Hyaluronan uptake and degradation,2,12,1040,0.0019,0.0008,2.371,0.20461917989393075,0.7474391174993394,"CD44, SLC9A1",False
fibrosis_only_up,Reactome,REACTOME_DEFECTIVE_GALNT3_CAUSES_HFTC,Defective galnt3 causes hftc,2,12,1040,0.0019,0.0008,2.371,0.20461917989393075,0.7474391174993394,"MUC12, MUC13",False
fibrosis_only_up,Reactome,REACTOME_ERKS_ARE_INACTIVATED,Erks are inactivated,2,12,1040,0.0019,0.0008,2.371,0.20461917989393075,0.7474391174993394,"MAPK7, DUSP7",False
fibrosis_only_up,Reactome,REACTOME_SIGNALING_BY_EGFR,Signaling by egfr,5,45,1040,0.0048,0.003,1.581,0.20709533703332653,0.7508175514916108,"SRC, HBEGF, PAG1, SH3GL2, CBL",False
fibrosis_only_up,Reactome,REACTOME_SIGNALING_BY_NOTCH3,Signaling by notch3,5,45,1040,0.0048,0.003,1.581,0.20709533703332653,0.7508175514916108,"IKZF1, MAML2, PLXND1, DLL1, NOTCH3",False
fibrosis_only_up,Reactome,REACTOME_FCGAMMA_RECEPTOR_FCGR_DEPENDENT_PHAGOCYTOSIS,Fcgamma receptor fcgr dependent phagocytosis,8,81,1040,0.0077,0.0055,1.405,0.20827444912076923,0.7522748759287485,"LIMK1, SRC, SYK, FCGR2A, BTK, MYH9, WIPF1, CD247",False
fibrosis_only_up,Reactome,REACTOME_NEGATIVE_REGULATION_OF_FGFR4_SIGNALING,Negative regulation of fgfr4 signaling,3,23,1040,0.0029,0.0016,1.855,0.2170843838171115,0.7782877167961627,"CBL, FGF17, SRC",False
fibrosis_only_up,Reactome,REACTOME_HS_GAG_DEGRADATION,Hs gag degradation,3,23,1040,0.0029,0.0016,1.855,0.2170843838171115,0.7782877167961627,"AGRN, HPSE, HSPG2",False
fibrosis_only_up,Reactome,REACTOME_SENSORY_PROCESSING_OF_SOUND_BY_OUTER_HAIR_CELLS_OF_THE_COCHLEA,Sensory processing of sound by outer hair cells of the cochlea,5,46,1040,0.0048,0.0031,1.546,0.2199868867356653,0.7857834183030407,"CIB2, EPB41L1, MYO3A, MYH9, USH1C",False
fibrosis_only_up,Reactome,REACTOME_RHOG_GTPASE_CYCLE,Rhog gtpase cycle,7,71,1040,0.0067,0.0048,1.402,0.2306158141342936,0.8076212545587174,"ARHGAP39, MCAM, ARHGDIB, RHOG, PREX1, DOCK2, EPHA2",False
fibrosis_only_up,Reactome,REACTOME_SIGNALING_BY_NOTCH1,Signaling by notch1,7,71,1040,0.0067,0.0048,1.402,0.2306158141342936,0.8076212545587174,"TLE3, DTX1, MYC, NBEA, MAML2, DLL1, ARRB1",False
fibrosis_only_up,Reactome,REACTOME_DOWNREGULATION_OF_ERBB2_ERBB3_SIGNALING,Downregulation of erbb2 erbb3 signaling,2,13,1040,0.0019,0.0009,2.188,0.23122579788213396,0.8076212545587174,"NRG2, AKT3",False
fibrosis_only_up,Reactome,REACTOME_DEFECTIVE_C1GALT1C1_CAUSES_TNPS,Defective c1galt1c1 causes tnps,2,13,1040,0.0019,0.0009,2.188,0.23122579788213396,0.8076212545587174,"MUC12, MUC13",False
fibrosis_only_up,Reactome,REACTOME_NA_CL_DEPENDENT_NEUROTRANSMITTER_TRANSPORTERS,Na cl dependent neurotransmitter transporters,2,13,1040,0.0019,0.0009,2.188,0.23122579788213396,0.8076212545587174,"SLC6A6, SLC6A11",False
fibrosis_only_up,Reactome,REACTOME_CLATHRIN_MEDIATED_ENDOCYTOSIS,Clathrin mediated endocytosis,12,134,1040,0.0115,0.0091,1.274,0.23252305511689209,0.8076212545587174,"SYT8, HBEGF, IL7R, CBL, SH3GL2, PIP5K1C, GRK3, SYT11, DAB2, GRK2, HIP1R, ARRB1",False
fibrosis_only_up,Reactome,REACTOME_INTERFERON_ALPHA_BETA_SIGNALING,Interferon alpha beta signaling,6,59,1040,0.0058,0.004,1.447,0.2328523552459239,0.8076212545587174,"IRF3, PTPN1, SOCS1, PTPN6, EGR1, IRF8",False
fibrosis_only_up,Reactome,REACTOME_L1CAM_INTERACTIONS,L1cam interactions,10,109,1040,0.0096,0.0074,1.305,0.2359616645953962,0.8076212545587174,"SRC, SCN4A, SH3GL2, NRP1, LYPLA2, ITGA2, ITGA9, DLG3, LAMC1, ANK3",False
fibrosis_only_up,Reactome,REACTOME_ROLE_OF_PHOSPHOLIPIDS_IN_PHAGOCYTOSIS,Role of phospholipids in phagocytosis,3,24,1040,0.0029,0.0016,1.778,0.23611241223152585,0.8076212545587174,"FCGR2A, SYK, CD247",False
fibrosis_only_up,Reactome,REACTOME_SIGNALING_BY_ERBB2_IN_CANCER,Signaling by erbb2 in cancer,3,24,1040,0.0029,0.0016,1.778,0.23611241223152585,0.8076212545587174,"NRG2, HBEGF, NRG3",False
fibrosis_only_up,Reactome,REACTOME_KERATAN_SULFATE_BIOSYNTHESIS,Keratan sulfate biosynthesis,3,24,1040,0.0029,0.0016,1.778,0.23611241223152585,0.8076212545587174,"B3GNT7, CHST1, B4GALT5",False
fibrosis_only_up,Reactome,REACTOME_SEMA4D_IN_SEMAPHORIN_SIGNALING,Sema4d in semaphorin signaling,3,24,1040,0.0029,0.0016,1.778,0.23611241223152585,0.8076212545587174,"LIMK1, MYH9, MYL9",False
fibrosis_only_up,Reactome,REACTOME_SIGNALING_BY_ERBB2,Signaling by erbb2,5,48,1040,0.0048,0.0032,1.482,0.246457895082384,0.8353466779526029,"SRC, HBEGF, NRG3, NRG2, AKT3",False
fibrosis_only_up,Reactome,REACTOME_EPH_EPHRIN_SIGNALING,Eph ephrin signaling,8,85,1040,0.0077,0.0057,1.339,0.24692224188560213,0.8353466779526029,"LIMK1, SRC, EFNA5, MYL9, GIT1, NCK2, MYH9, EPHA2",False
fibrosis_only_up,Reactome,REACTOME_INTERLEUKIN_1_FAMILY_SIGNALING,Interleukin 1 family signaling,12,136,1040,0.0115,0.0092,1.255,0.24794941843321386,0.8353466779526029,"TNIP2, MAP3K8, IL18BP, ALOX5, CTSG, PTPN14, NLRC5, STAT3, IRAK3, NOD1, PTPN6, PTPN23",False
fibrosis_only_up,Reactome,REACTOME_C_TYPE_LECTIN_RECEPTORS_CLRS,C type lectin receptors clrs,11,124,1040,0.0106,0.0084,1.262,0.25487894365635644,0.8353466779526029,"CARD9, SRC, CLEC10A, SYK, MUC13, CLEC4D, NFATC1, CLEC7A, MUC12, PYCARD, ICAM2",False
fibrosis_only_up,Reactome,REACTOME_NEGATIVE_REGULATION_OF_FGFR2_SIGNALING,Negative regulation of fgfr2 signaling,3,25,1040,0.0029,0.0017,1.707,0.2554128552091944,0.8353466779526029,"CBL, FGF17, SRC",False
fibrosis_only_up,Reactome,REACTOME_TRP_CHANNELS,Trp channels,3,25,1040,0.0029,0.0017,1.707,0.2554128552091944,0.8353466779526029,"TRPA1, TRPC1, RIPK3",False
fibrosis_only_up,Reactome,REACTOME_INSULIN_RECEPTOR_RECYCLING,Insulin receptor recycling,3,25,1040,0.0029,0.0017,1.707,0.2554128552091944,0.8353466779526029,"PTPN1, TCIRG1, ATP6V0B",False
fibrosis_only_up,Reactome,REACTOME_REPRESSION_OF_WNT_TARGET_GENES,Repression of wnt target genes,2,14,1040,0.0019,0.0009,2.032,0.2580254718056077,0.8353466779526029,"TLE3, MYC",False
fibrosis_only_up,Reactome,REACTOME_ACTIVATION_OF_BAD_AND_TRANSLOCATION_TO_MITOCHONDRIA,Activation of bad and translocation to mitochondria,2,14,1040,0.0019,0.0009,2.032,0.2580254718056077,0.8353466779526029,"AKT3, BCL2",False
fibrosis_only_up,Reactome,REACTOME_DEFECTIVE_EXT2_CAUSES_EXOSTOSES_2,Defective ext2 causes exostoses 2,2,14,1040,0.0019,0.0009,2.032,0.2580254718056077,0.8353466779526029,"AGRN, HSPG2",False
fibrosis_only_up,Reactome,REACTOME_N_GLYCAN_ANTENNAE_ELONGATION,N glycan antennae elongation,2,14,1040,0.0019,0.0009,2.032,0.2580254718056077,0.8353466779526029,"B4GALT5, MGAT5",False
fibrosis_only_up,Reactome,REACTOME_EARLY_PHASE_OF_HIV_LIFE_CYCLE,Early phase of hiv life cycle,2,14,1040,0.0019,0.0009,2.032,0.2580254718056077,0.8353466779526029,"LIG1, HMGA1",False
fibrosis_only_up,Reactome,REACTOME_PLATELET_ADHESION_TO_EXPOSED_COLLAGEN,Platelet adhesion to exposed collagen,2,14,1040,0.0019,0.0009,2.032,0.2580254718056077,0.8353466779526029,"ITGA2, VWF",False
fibrosis_only_up,Reactome,REACTOME_NEGATIVE_REGULATION_OF_FLT3,Negative regulation of flt3,2,14,1040,0.0019,0.0009,2.032,0.2580254718056077,0.8353466779526029,"CBL, SLA",False
fibrosis_only_up,Reactome,REACTOME_EICOSANOID_LIGAND_BINDING_RECEPTORS,Eicosanoid ligand binding receptors,2,14,1040,0.0019,0.0009,2.032,0.2580254718056077,0.8353466779526029,"PTGER4, PTGDR",False
fibrosis_only_up,Reactome,REACTOME_INLB_MEDIATED_ENTRY_OF_LISTERIA_MONOCYTOGENES_INTO_HOST_CELL,Inlb mediated entry of listeria monocytogenes into host cell,2,14,1040,0.0019,0.0009,2.032,0.2580254718056077,0.8353466779526029,"SH3GL2, CBL",False
fibrosis_only_up,Reactome,REACTOME_SIGNALING_BY_VEGF,Signaling by vegf,9,100,1040,0.0087,0.0068,1.28,0.2695640697000451,0.8668018754461834,"SRC, TRIB3, AKT3, NCK2, NRP1, CYBA, SH2D2A, NCF4, NCF2",False
fibrosis_only_up,Reactome,REACTOME_NEGATIVE_REGULATION_OF_FGFR1_SIGNALING,Negative regulation of fgfr1 signaling,3,26,1040,0.0029,0.0018,1.641,0.2749185827590672,0.8668018754461834,"CBL, FGF17, SRC",False
fibrosis_only_up,Reactome,REACTOME_HS_GAG_BIOSYNTHESIS,Hs gag biosynthesis,3,26,1040,0.0029,0.0018,1.641,0.2749185827590672,0.8668018754461834,"AGRN, HS6ST2, HSPG2",False
fibrosis_only_up,Reactome,REACTOME_EGFR_DOWNREGULATION,Egfr downregulation,3,26,1040,0.0029,0.0018,1.641,0.2749185827590672,0.8668018754461834,"SH3GL2, CBL, HBEGF",False
fibrosis_only_up,Reactome,REACTOME_FGFR1_MUTANT_RECEPTOR_ACTIVATION,Fgfr1 mutant receptor activation,3,26,1040,0.0029,0.0018,1.641,0.2749185827590672,0.8668018754461834,"STAT5A, STAT3, FGF17",False
fibrosis_only_up,Reactome,REACTOME_ACTIVATION_OF_KAINATE_RECEPTORS_UPON_GLUTAMATE_BINDING,Activation of kainate receptors upon glutamate binding,3,26,1040,0.0029,0.0018,1.641,0.2749185827590672,0.8668018754461834,"PLCB2, PLCB3, DLG3",False
fibrosis_only_up,Reactome,REACTOME_SARS_COV_1_ACTIVATES_MODULATES_INNATE_IMMUNE_RESPONSES,Sars cov 1 activates modulates innate immune responses,4,38,1040,0.0038,0.0026,1.497,0.2766960532157755,0.8668018754461834,"PYCARD, RIPK3, IRF3, NLRP3",False
fibrosis_only_up,Reactome,REACTOME_RND3_GTPASE_CYCLE,Rnd3 gtpase cycle,4,38,1040,0.0038,0.0026,1.497,0.2766960532157755,0.8668018754461834,"MUC13, CKB, UBXN11, EPHA2",False
fibrosis_only_up,Reactome,REACTOME_DAG_AND_IP3_SIGNALING,Dag and ip3 signaling,4,38,1040,0.0038,0.0026,1.497,0.2766960532157755,0.8668018754461834,"ADCY7, NBEA, ADCY3, GRK2",False
fibrosis_only_up,Reactome,REACTOME_ASSOCIATION_OF_TRIC_CCT_WITH_TARGET_PROTEINS_DURING_BIOSYNTHESIS,Association of tric cct with target proteins during biosynthesis,4,38,1040,0.0038,0.0026,1.497,0.2766960532157755,0.8668018754461834,"STAT3, USP11, FBXW9, FBXO6",False
fibrosis_only_up,Reactome,REACTOME_ACETYLCHOLINE_NEUROTRANSMITTER_RELEASE_CYCLE,Acetylcholine neurotransmitter release cycle,2,15,1040,0.0019,0.001,1.897,0.2848597367519451,0.8753784926218503,"STX1A, STXBP1",False
fibrosis_only_up,Reactome,REACTOME_GASTRIN_CREB_SIGNALLING_PATHWAY_VIA_PKC_AND_MAPK,Gastrin creb signalling pathway via pkc and mapk,2,15,1040,0.0019,0.001,1.897,0.2848597367519451,0.8753784926218503,"HBEGF, MAPK7",False
fibrosis_only_up,Reactome,REACTOME_GLYCOSPHINGOLIPID_BIOSYNTHESIS,Glycosphingolipid biosynthesis,2,15,1040,0.0019,0.001,1.897,0.2848597367519451,0.8753784926218503,"B4GALT5, UGCG",False
fibrosis_only_up,Reactome,REACTOME_SPRY_REGULATION_OF_FGF_SIGNALING,Spry regulation of fgf signaling,2,15,1040,0.0019,0.001,1.897,0.2848597367519451,0.8753784926218503,"CBL, SRC",False
fibrosis_only_up,Reactome,REACTOME_PKA_ACTIVATION_IN_GLUCAGON_SIGNALLING,Pka activation in glucagon signalling,2,15,1040,0.0019,0.001,1.897,0.2848597367519451,0.8753784926218503,"ADCY7, ADCY3",False
fibrosis_only_up,Reactome,REACTOME_MAP3K8_TPL2_DEPENDENT_MAPK1_3_ACTIVATION,Map3k8 tpl2 dependent mapk1 3 activation,2,15,1040,0.0019,0.001,1.897,0.2848597367519451,0.8753784926218503,"MAP3K8, TNIP2",False
fibrosis_only_up,Reactome,REACTOME_MAPK_FAMILY_SIGNALING_CASCADES,Mapk family signaling cascades,23,287,1040,0.0221,0.0194,1.14,0.2862021307684834,0.8767204512148478,"PDGFRA, NRG3, SYNGAP1, NRG2, SPRED1, VWF, KSR1, SRC, TLN1, IL2RA, MYC, DLG3, CCND3, ARRB1, IQGAP1, FGF17, KIT, GRIN2D, DUSP7, HBEGF, ARTN, RASA3, HGF",False
fibrosis_only_up,Reactome,REACTOME_RND1_GTPASE_CYCLE,Rnd1 gtpase cycle,4,39,1040,0.0038,0.0026,1.459,0.29278052190865,0.8855275039443686,"PLXNA1, MUC13, UBXN11, EPHA2",False
fibrosis_only_up,Reactome,REACTOME_TRANSCRIPTIONAL_AND_POST_TRANSLATIONAL_REGULATION_OF_MITF_M_EXPRESSION_AND_ACTIVITY,Transcriptional and post translational regulation of mitf m expression and activity,4,39,1040,0.0038,0.0026,1.459,0.29278052190865,0.8855275039443686,"ID1, TFEC, AKT3, KIT",False
fibrosis_only_up,Reactome,REACTOME_RND2_GTPASE_CYCLE,Rnd2 gtpase cycle,4,39,1040,0.0038,0.0026,1.459,0.29278052190865,0.8855275039443686,"MUC13, PLXND1, UBXN11, EPHA2",False
fibrosis_only_up,Reactome,REACTOME_DAP12_SIGNALING,Dap12 signaling,3,27,1040,0.0029,0.0018,1.581,0.29456596722116396,0.8855275039443686,"BTK, LCP2, SYK",False
fibrosis_only_up,Reactome,REACTOME_TRANSFERRIN_ENDOCYTOSIS_AND_RECYCLING,Transferrin endocytosis and recycling,3,27,1040,0.0029,0.0018,1.581,0.29456596722116396,0.8855275039443686,"STEAP4, TCIRG1, ATP6V0B",False
fibrosis_only_up,Reactome,REACTOME_SIGNALING_BY_WNT_IN_CANCER,Signaling by wnt in cancer,3,27,1040,0.0029,0.0018,1.581,0.29456596722116396,0.8855275039443686,"DKK2, AXIN1, FZD8",False
fibrosis_only_up,Reactome,REACTOME_RAB_REGULATION_OF_TRAFFICKING,Rab regulation of trafficking,10,116,1040,0.0096,0.0078,1.226,0.2982504320303802,0.8938279201405821,"RAB38, GDI1, DENND3, AKT3, RINL, RIN2, RAB35, RAB33A, RAB31, RAB9B",False
fibrosis_only_up,Reactome,REACTOME_TRANSCRIPTIONAL_REGULATION_BY_RUNX1,Transcriptional regulation by runx1,14,169,1040,0.0135,0.0114,1.178,0.30079012802920596,0.8986569257168869,"MYL9, CTLA4, SRC, SPI1, IL2RA, AXIN1, TAL1, CBFB, PML, FOXP3, GATA2, CLDN5, CCND3, TCF3",False
fibrosis_only_up,Reactome,REACTOME_SENSORY_PERCEPTION,Sensory perception,15,183,1040,0.0144,0.0124,1.166,0.306047965550015,0.9027822033357064,"PLB1, CIB2, OR51E1, LRP10, EPB41L1, PLCB2, LRP8, MYO3A, MYH9, DNAJC5, AGRN, USH1C, ADCY3, STX1A, HSPG2",False
fibrosis_only_up,Reactome,REACTOME_SLC_MEDIATED_TRANSMEMBRANE_TRANSPORT,Slc mediated transmembrane transport,17,210,1040,0.0163,0.0142,1.152,0.3080025065861734,0.9027822033357064,"SLC20A1, SLC4A3, SLC1A7, SLC9A1, SLC9A5, SLC39A10, SLC15A3, SLC2A3, SLC6A6, SLC43A2, EMB, SLC4A7, SLC6A11, SLC5A10, SLC1A5, SLC7A7, SLC41A1",False
fibrosis_only_up,Reactome,REACTOME_POTASSIUM_CHANNELS,Potassium channels,7,78,1040,0.0067,0.0053,1.277,0.3080072091326626,0.9027822033357064,"KCNJ16, KCNMB2, KCNS3, GABBR1, GABBR2, KCNA3, KCNA2",False
fibrosis_only_up,Reactome,REACTOME_SIGNALING_BY_TGF_BETA_RECEPTOR_COMPLEX,Signaling by tgf beta receptor complex,8,91,1040,0.0077,0.0062,1.251,0.30864779083992866,0.9027822033357064,"ITGB5, MYC, CBL, BAMBI, ITGB8, LTBP4, TGFB3, TGFB1",False
fibrosis_only_up,Reactome,REACTOME_SYNTHESIS_OF_LEUKOTRIENES_LT_AND_EOXINS_EX,Synthesis of leukotrienes lt and eoxins ex,2,16,1040,0.0019,0.0011,1.778,0.31159141451582983,0.9027822033357064,"ABCC1, ALOX5",False
fibrosis_only_up,Reactome,REACTOME_SUMOYLATION_OF_TRANSCRIPTION_FACTORS,Sumoylation of transcription factors,2,16,1040,0.0019,0.0011,1.778,0.31159141451582983,0.9027822033357064,"HIC1, CDKN2A",False
fibrosis_only_up,Reactome,REACTOME_IRAK4_DEFICIENCY_TLR2_4,Irak4 deficiency tlr2 4,2,16,1040,0.0019,0.0011,1.778,0.31159141451582983,0.9027822033357064,"BTK, TLR2",False
fibrosis_only_up,Reactome,REACTOME_MECP2_REGULATES_NEURONAL_RECEPTORS_AND_CHANNELS,Mecp2 regulates neuronal receptors and channels,2,16,1040,0.0019,0.0011,1.778,0.31159141451582983,0.9027822033357064,"SLC2A3, PTPN1",False
fibrosis_only_up,Reactome,REACTOME_CGMP_EFFECTS,Cgmp effects,2,16,1040,0.0019,0.0011,1.778,0.31159141451582983,0.9027822033357064,"KCNMB2, IRAG1",False
fibrosis_only_up,Reactome,REACTOME_TRANSCRIPTIONAL_REGULATION_BY_THE_AP_2_TFAP2_FAMILY_OF_TRANSCRIPTION_FACTORS,Transcriptional regulation by the ap 2 tfap2 family of transcription factors,3,28,1040,0.0029,0.0019,1.524,0.3142950439298895,0.9027822033357064,"CITED4, KIT, MYC",False
fibrosis_only_up,Reactome,REACTOME_ANTIMICROBIAL_PEPTIDES,Antimicrobial peptides,3,28,1040,0.0029,0.0019,1.524,0.3142950439298895,0.9027822033357064,"TLR2, CTSG, DEFB1",False
fibrosis_only_up,Reactome,REACTOME_SIGNAL_AMPLIFICATION,Signal amplification,3,28,1040,0.0029,0.0019,1.524,0.3142950439298895,0.9027822033357064,"PLA2G4A, SRC, GNA15",False
fibrosis_only_up,Reactome,REACTOME_THROMBIN_SIGNALLING_THROUGH_PROTEINASE_ACTIVATED_RECEPTORS_PARS,Thrombin signalling through proteinase activated receptors pars,3,28,1040,0.0029,0.0019,1.524,0.3142950439298895,0.9027822033357064,"ARRB1, SRC, GNA15",False
fibrosis_only_up,Reactome,REACTOME_SIGNALING_BY_TGFB_FAMILY_MEMBERS,Signaling by tgfb family members,12,145,1040,0.0115,0.0098,1.177,0.32137480891750675,0.920387026722327,"ITGB5, MYC, ACVRL1, CBL, TIMP2, BAMBI, TCF3, LTBP4, ARRB1, TGFB3, ITGB8, TGFB1",False
fibrosis_only_up,Reactome,REACTOME_DNA_DAMAGE_TELOMERE_STRESS_INDUCED_SENESCENCE,Dna damage telomere stress induced senescence,4,41,1040,0.0038,0.0028,1.388,0.32526703883276903,0.9260543929121189,"ACD, H1-3, HMGA1, CABIN1",False
fibrosis_only_up,Reactome,REACTOME_SIGNALING_BY_TGFBR3,Signaling by tgfbr3,4,41,1040,0.0038,0.0028,1.388,0.32526703883276903,0.9260543929121189,"ARRB1, TIMP2, TCF3, TGFB1",False
fibrosis_only_up,Reactome,REACTOME_INWARDLY_RECTIFYING_K_CHANNELS,Inwardly rectifying k channels,3,29,1040,0.0029,0.002,1.472,0.33404960960507574,0.9454971406365886,"KCNJ16, GABBR2, GABBR1",False
fibrosis_only_up,Reactome,REACTOME_ACTIVATED_NOTCH1_TRANSMITS_SIGNAL_TO_THE_NUCLEUS,Activated notch1 transmits signal to the nucleus,3,29,1040,0.0029,0.002,1.472,0.33404960960507574,0.9454971406365886,"DLL1, ARRB1, DTX1",False
fibrosis_only_up,Reactome,REACTOME_PRESYNAPTIC_FUNCTION_OF_KAINATE_RECEPTORS,Presynaptic function of kainate receptors,2,17,1040,0.0019,0.0011,1.674,0.33810240851417184,0.9459050041668161,"PLCB3, PLCB2",False
fibrosis_only_up,Reactome,REACTOME_COBALAMIN_CBL_VITAMIN_B12_TRANSPORT_AND_METABOLISM,Cobalamin cbl vitamin b12 transport and metabolism,2,17,1040,0.0019,0.0011,1.674,0.33810240851417184,0.9459050041668161,"ABCC1, CD320",False
fibrosis_only_up,Reactome,REACTOME_SEROTONIN_NEUROTRANSMITTER_RELEASE_CYCLE,Serotonin neurotransmitter release cycle,2,17,1040,0.0019,0.0011,1.674,0.33810240851417184,0.9459050041668161,"STX1A, STXBP1",False
fibrosis_only_up,Reactome,REACTOME_METABOLISM_OF_ANGIOTENSINOGEN_TO_ANGIOTENSINS,Metabolism of angiotensinogen to angiotensins,2,17,1040,0.0019,0.0011,1.674,0.33810240851417184,0.9459050041668161,"CTSG, CPA3",False
fibrosis_only_up,Reactome,REACTOME_O_LINKED_GLYCOSYLATION,O linked glycosylation,8,95,1040,0.0077,0.0064,1.198,0.35145697025611683,0.9756592461713834,"ADAMTS9, DAG1, B3GNT7, MUC13, ADAMTS10, MUC12, THSD1, B4GALT5",False
fibrosis_only_up,Reactome,REACTOME_REGULATION_OF_HOMOTYPIC_CELL_CELL_ADHESION,Regulation of homotypic cell cell adhesion,3,30,1040,0.0029,0.002,1.422,0.35377726798156567,0.9756592461713834,"ZC3H12A, CDH24, PRDM8",False
fibrosis_only_up,Reactome,REACTOME_DETOXIFICATION_OF_REACTIVE_OXYGEN_SPECIES,Detoxification of reactive oxygen species,3,30,1040,0.0029,0.002,1.422,0.35377726798156567,0.9756592461713834,"CYBA, NCF4, NCF2",False
fibrosis_only_up,Reactome,REACTOME_LAMININ_INTERACTIONS,Laminin interactions,3,30,1040,0.0029,0.002,1.422,0.35377726798156567,0.9756592461713834,"ITGA2, HSPG2, LAMC1",False
fibrosis_only_up,Reactome,REACTOME_VOLTAGE_GATED_POTASSIUM_CHANNELS,Voltage gated potassium channels,3,30,1040,0.0029,0.002,1.422,0.35377726798156567,0.9756592461713834,"KCNS3, KCNA2, KCNA3",False
fibrosis_only_up,Reactome,REACTOME_SIGNALING_BY_CYTOSOLIC_FGFR1_FUSION_MUTANTS,Signaling by cytosolic fgfr1 fusion mutants,2,18,1040,0.0019,0.0012,1.581,0.36429170307343034,0.9822684361422857,"STAT3, STAT5A",False
fibrosis_only_up,Reactome,REACTOME_NICOTINAMIDE_SALVAGING,Nicotinamide salvaging,2,18,1040,0.0019,0.0012,1.581,0.36429170307343034,0.9822684361422857,"PARP8, PTGIS",False
fibrosis_only_up,Reactome,REACTOME_INTERLEUKIN_20_FAMILY_SIGNALING,Interleukin 20 family signaling,2,18,1040,0.0019,0.0012,1.581,0.36429170307343034,0.9822684361422857,"STAT3, STAT5A",False
fibrosis_only_up,Reactome,REACTOME_RAS_ACTIVATION_UPON_CA2_INFLUX_THROUGH_NMDA_RECEPTOR,Ras activation upon ca2 influx through nmda receptor,2,18,1040,0.0019,0.0012,1.581,0.36429170307343034,0.9822684361422857,"GRIN2D, DLG3",False
fibrosis_only_up,Reactome,REACTOME_PRE_NOTCH_PROCESSING_IN_GOLGI,Pre notch processing in golgi,2,18,1040,0.0019,0.0012,1.581,0.36429170307343034,0.9822684361422857,"ATP2A3, NOTCH3",False
fibrosis_only_up,Reactome,REACTOME_CROSSLINKING_OF_COLLAGEN_FIBRILS,Crosslinking of collagen fibrils,2,18,1040,0.0019,0.0012,1.581,0.36429170307343034,0.9822684361422857,"LOXL3, PXDN",False
fibrosis_only_up,Reactome,REACTOME_UNBLOCKING_OF_NMDA_RECEPTORS_GLUTAMATE_BINDING_AND_ACTIVATION,Unblocking of nmda receptors glutamate binding and activation,2,18,1040,0.0019,0.0012,1.581,0.36429170307343034,0.9822684361422857,"GRIN2D, DLG3",False
fibrosis_only_up,Reactome,REACTOME_NOREPINEPHRINE_NEUROTRANSMITTER_RELEASE_CYCLE,Norepinephrine neurotransmitter release cycle,2,18,1040,0.0019,0.0012,1.581,0.36429170307343034,0.9822684361422857,"STX1A, STXBP1",False
fibrosis_only_up,Reactome,REACTOME_SIGNALING_BY_FGFR1,Signaling by fgfr1,4,44,1040,0.0038,0.003,1.293,0.3743118992159002,0.9999997563479469,"CBL, SPRED1, SRC, FGF17",False
fibrosis_only_up,Reactome,REACTOME_PROCESSIVE_SYNTHESIS_ON_THE_C_STRAND_OF_THE_TELOMERE,Processive synthesis on the c strand of the telomere,2,19,1040,0.0019,0.0013,1.497,0.39007354929381866,0.9999997563479469,"LIG1, ACD",False
fibrosis_only_up,Reactome,REACTOME_CELLULAR_HEXOSE_TRANSPORT,Cellular hexose transport,2,19,1040,0.0019,0.0013,1.497,0.39007354929381866,0.9999997563479469,"SLC2A3, SLC5A10",False
fibrosis_only_up,Reactome,REACTOME_ZBP1_DAI_MEDIATED_INDUCTION_OF_TYPE_I_IFNS,Zbp1 dai mediated induction of type i ifns,2,19,1040,0.0019,0.0013,1.497,0.39007354929381866,0.9999997563479469,"RIPK3, IRF3",False
fibrosis_only_up,Reactome,REACTOME_SYNAPTIC_ADHESION_LIKE_MOLECULES,Synaptic adhesion like molecules,2,19,1040,0.0019,0.0013,1.497,0.39007354929381866,0.9999997563479469,"GRIN2D, DLG3",False
fibrosis_only_up,Reactome,REACTOME_TP53_REGULATES_TRANSCRIPTION_OF_ADDITIONAL_CELL_CYCLE_GENES_WHOSE_EXACT_ROLE_IN_THE_P53_PATHWAY_REMAIN_UNCERTAIN,Tp53 regulates transcription of additional cell cycle genes whose exact role in the p53 pathway remain uncertain,2,19,1040,0.0019,0.0013,1.497,0.39007354929381866,0.9999997563479469,"PLAGL1, PLK3",False
fibrosis_only_up,Reactome,REACTOME_TERMINATION_OF_O_GLYCAN_BIOSYNTHESIS,Termination of o glycan biosynthesis,2,19,1040,0.0019,0.0013,1.497,0.39007354929381866,0.9999997563479469,"MUC12, MUC13",False
fibrosis_only_up,Reactome,REACTOME_NEGATIVE_REGULATION_OF_NMDA_RECEPTOR_MEDIATED_NEURONAL_TRANSMISSION,Negative regulation of nmda receptor mediated neuronal transmission,2,19,1040,0.0019,0.0013,1.497,0.39007354929381866,0.9999997563479469,"GRIN2D, DLG3",False
fibrosis_only_up,Reactome,REACTOME_COPI_INDEPENDENT_GOLGI_TO_ER_RETROGRADE_TRAFFIC,Copi independent golgi to er retrograde traffic,4,45,1040,0.0038,0.003,1.264,0.39062571016054165,0.9999997563479469,"PLA2G4A, BICD2, BICD1, PAFAH1B3",False
fibrosis_only_up,Reactome,REACTOME_HSF1_DEPENDENT_TRANSACTIVATION,Hsf1 dependent transactivation,3,32,1040,0.0029,0.0022,1.334,0.39296128328151986,0.9999997563479469,"HSPB2, TNFRSF21, HSPA2",False
fibrosis_only_up,Reactome,REACTOME_KERATAN_SULFATE_KERATIN_METABOLISM,Keratan sulfate keratin metabolism,3,32,1040,0.0029,0.0022,1.334,0.39296128328151986,0.9999997563479469,"B3GNT7, CHST1, B4GALT5",False
fibrosis_only_up,Reactome,REACTOME_FCERI_MEDIATED_MAPK_ACTIVATION,Fceri mediated mapk activation,3,32,1040,0.0029,0.0022,1.334,0.39296128328151986,0.9999997563479469,"MAP3K1, LCP2, SYK",False
fibrosis_only_up,Reactome,REACTOME_NUCLEOTIDE_CATABOLISM,Nucleotide catabolism,3,32,1040,0.0029,0.0022,1.334,0.39296128328151986,0.9999997563479469,"ITPA, ENTPD6, ENTPD4",False
fibrosis_only_up,Reactome,REACTOME_SIGNALING_BY_NOTCH2,Signaling by notch2,3,32,1040,0.0029,0.0022,1.334,0.39296128328151986,0.9999997563479469,"FCER2, DLL1, MAML2",False
fibrosis_only_up,Reactome,REACTOME_CELLULAR_SENESCENCE,Cellular senescence,11,140,1040,0.0106,0.0095,1.118,0.39624789995487386,0.9999997563479469,"CDKN2C, STAT3, ACD, CDKN2A, MAPK7, MINK1, CDK4, ID1, HMGA1, CABIN1, H1-3",False
fibrosis_only_up,Reactome,REACTOME_PROTEIN_FOLDING,Protein folding,7,86,1040,0.0067,0.0058,1.158,0.40122578504115936,0.9999997563479469,"TBCD, USP11, PFDN1, GNA15, STAT3, FBXO6, FBXW9",False
fibrosis_only_up,Reactome,REACTOME_CELL_JUNCTION_ORGANIZATION,Cell junction organization,8,100,1040,0.0077,0.0068,1.138,0.4058156368139143,0.9999997563479469,"ACTN1, CLDN18, FLNA, CDH24, ILK, CLDN5, ZC3H12A, PRDM8",False
fibrosis_only_up,Reactome,REACTOME_SIGNALING_BY_FGFR3,Signaling by fgfr3,3,33,1040,0.0029,0.0022,1.293,0.4123317152446576,0.9999997563479469,"CBL, FGF17, SRC",False
fibrosis_only_up,Reactome,REACTOME_SIGNALING_BY_FGFR1_IN_DISEASE,Signaling by fgfr1 in disease,3,33,1040,0.0029,0.0022,1.293,0.4123317152446576,0.9999997563479469,"STAT5A, STAT3, FGF17",False
fibrosis_only_up,Reactome,REACTOME_SIGNALING_BY_FGFR4,Signaling by fgfr4,3,33,1040,0.0029,0.0022,1.293,0.4123317152446576,0.9999997563479469,"CBL, FGF17, SRC",False
fibrosis_only_up,Reactome,REACTOME_SENESCENCE_ASSOCIATED_SECRETORY_PHENOTYPE_SASP,Senescence associated secretory phenotype sasp,5,60,1040,0.0048,0.0041,1.185,0.41520614795073757,0.9999997563479469,"CDKN2C, STAT3, CDKN2A, MAPK7, CDK4",False
fibrosis_only_up,Reactome,REACTOME_VITAMIN_B5_PANTOTHENATE_METABOLISM,Vitamin b5 pantothenate metabolism,2,20,1040,0.0019,0.0014,1.422,0.4153758211834975,0.9999997563479469,"ENPP2, VNN2",False
fibrosis_only_up,Reactome,REACTOME_CLASS_I_PEROXISOMAL_MEMBRANE_PROTEIN_IMPORT,Class i peroxisomal membrane protein import,2,20,1040,0.0019,0.0014,1.422,0.4153758211834975,0.9999997563479469,"ABCD1, ABCD2",False
fibrosis_only_up,Reactome,REACTOME_SIGNALING_BY_HIPPO,Signaling by hippo,2,20,1040,0.0019,0.0014,1.422,0.4153758211834975,0.9999997563479469,"LATS2, AMOTL2",False
fibrosis_only_up,Reactome,REACTOME_GAP_JUNCTION_ASSEMBLY,Gap junction assembly,2,20,1040,0.0019,0.0014,1.422,0.4153758211834975,0.9999997563479469,"GJC2, GJA4",False
fibrosis_only_up,Reactome,REACTOME_NOTCH1_INTRACELLULAR_DOMAIN_REGULATES_TRANSCRIPTION,Notch1 intracellular domain regulates transcription,4,47,1040,0.0038,0.0032,1.211,0.423040906045172,0.9999997563479469,"TLE3, NBEA, MAML2, MYC",False
fibrosis_only_up,Reactome,REACTOME_SIGNALING_BY_ALK_IN_CANCER,Signaling by alk in cancer,7,88,1040,0.0067,0.0059,1.132,0.42468731099882223,0.9999997563479469,"ZAP70, STAT3, PTPN6, STAT5A, TPM4, MYH9, BCL11A",False
fibrosis_only_up,Reactome,REACTOME_NEGATIVE_REGULATORS_OF_DDX58_IFIH1_SIGNALING,Negative regulators of ddx58 ifih1 signaling,3,34,1040,0.0029,0.0023,1.255,0.4315032323257395,0.9999997563479469,"PIN1, IRF3, NLRC5",False
fibrosis_only_up,Reactome,REACTOME_O_GLYCOSYLATION_OF_TSR_DOMAIN_CONTAINING_PROTEINS,O glycosylation of tsr domain containing proteins,3,34,1040,0.0029,0.0023,1.255,0.4315032323257395,0.9999997563479469,"ADAMTS10, ADAMTS9, THSD1",False
fibrosis_only_up,Reactome,REACTOME_MYD88_INDEPENDENT_TLR4_CASCADE,Myd88 independent tlr4 cascade,8,103,1040,0.0077,0.007,1.105,0.4384671610205351,0.9999997563479469,"TNIP2, MAP3K8, NLRC5, NOD1, MAPK7, RIPK3, IRF3, DUSP7",False
fibrosis_only_up,Reactome,REACTOME_ION_HOMEOSTASIS,Ion homeostasis,4,48,1040,0.0038,0.0032,1.185,0.43909390704178886,0.9999997563479469,"ATP2A3, TRPC1, ATP2B4, FXYD2",False
fibrosis_only_up,Reactome,REACTOME_ERK_MAPK_TARGETS,Erk mapk targets,2,21,1040,0.0019,0.0014,1.355,0.44013852712327983,0.9999997563479469,"MAPK7, DUSP7",False
fibrosis_only_up,Reactome,REACTOME_NEF_MEDIATES_DOWN_MODULATION_OF_CELL_SURFACE_RECEPTORS_BY_RECRUITING_THEM_TO_CLATHRIN_ADAPTERS,Nef mediates down modulation of cell surface receptors by recruiting them to clathrin adapters,2,21,1040,0.0019,0.0014,1.355,0.44013852712327983,0.9999997563479469,"PACS1, AP1M2",False
fibrosis_only_up,Reactome,REACTOME_OLFACTORY_SIGNALING_PATHWAY,Olfactory signaling pathway,2,21,1040,0.0019,0.0014,1.355,0.44013852712327983,0.9999997563479469,"ADCY3, OR51E1",False
fibrosis_only_up,Reactome,REACTOME_METAL_ION_SLC_TRANSPORTERS,Metal ion slc transporters,2,21,1040,0.0019,0.0014,1.355,0.44013852712327983,0.9999997563479469,"SLC39A10, SLC41A1",False
fibrosis_only_up,Reactome,REACTOME_RESPIRATORY_SYNCYTIAL_VIRUS_RSV_ATTACHMENT_AND_ENTRY,Respiratory syncytial virus rsv attachment and entry,2,21,1040,0.0019,0.0014,1.355,0.44013852712327983,0.9999997563479469,"AGRN, HSPG2",False
fibrosis_only_up,Reactome,REACTOME_INTRINSIC_PATHWAY_OF_FIBRIN_CLOT_FORMATION,Intrinsic pathway of fibrin clot formation,2,21,1040,0.0019,0.0014,1.355,0.44013852712327983,0.9999997563479469,"A2M, VWF",False
fibrosis_only_up,Reactome,REACTOME_GLUCONEOGENESIS,Gluconeogenesis,2,21,1040,0.0019,0.0014,1.355,0.44013852712327983,0.9999997563479469,"G6PC3, SLC37A2",False
fibrosis_only_up,Reactome,REACTOME_INTERLEUKIN_6_FAMILY_SIGNALING,Interleukin 6 family signaling,2,21,1040,0.0019,0.0014,1.355,0.44013852712327983,0.9999997563479469,"STAT3, CBL",False
fibrosis_only_up,Reactome,REACTOME_SIGNAL_TRANSDUCTION_BY_L1,Signal transduction by l1,2,21,1040,0.0019,0.0014,1.355,0.44013852712327983,0.9999997563479469,"ITGA9, NRP1",False
fibrosis_only_up,Reactome,REACTOME_WNT_LIGAND_BIOGENESIS_AND_TRAFFICKING,Wnt ligand biogenesis and trafficking,2,21,1040,0.0019,0.0014,1.355,0.44013852712327983,0.9999997563479469,"WNT10B, WLS",False
fibrosis_only_up,Reactome,REACTOME_REGULATION_OF_TP53_EXPRESSION_AND_DEGRADATION,Regulation of tp53 expression and degradation,3,35,1040,0.0029,0.0024,1.219,0.45044184340027643,0.9999997563479469,"CDKN2A, AKT3, CHEK2",False
fibrosis_only_up,Reactome,REACTOME_ASSEMBLY_AND_CELL_SURFACE_PRESENTATION_OF_NMDA_RECEPTORS,Assembly and cell surface presentation of nmda receptors,3,35,1040,0.0029,0.0024,1.219,0.45044184340027643,0.9999997563479469,"NBEA, GRIN2D, DLG3",False
fibrosis_only_up,Reactome,REACTOME_EARLY_SARS_COV_2_INFECTION_EVENTS,Early sars cov 2 infection events,3,35,1040,0.0029,0.0024,1.219,0.45044184340027643,0.9999997563479469,"AGRN, HSPG2, NRP1",False
fibrosis_only_up,Reactome,REACTOME_DAP12_INTERACTIONS,Dap12 interactions,3,35,1040,0.0029,0.0024,1.219,0.45044184340027643,0.9999997563479469,"BTK, LCP2, SYK",False
fibrosis_only_up,Reactome,REACTOME_DEATH_RECEPTOR_SIGNALING,Death receptor signaling,11,147,1040,0.0106,0.0099,1.064,0.4603185412046857,0.9999997563479469,"OBSCN, ARHGEF3, FGD3, FGD1, CLIP3, PREX1, ARHGEF17, ARHGEF2, PLEKHG2, LINGO1, OMG",False
fibrosis_only_up,Reactome,REACTOME_DOPAMINE_NEUROTRANSMITTER_RELEASE_CYCLE,Dopamine neurotransmitter release cycle,2,22,1040,0.0019,0.0015,1.293,0.4643124629783564,0.9999997563479469,"STX1A, STXBP1",False
fibrosis_only_up,Reactome,REACTOME_RUNX2_REGULATES_OSTEOBLAST_DIFFERENTIATION,Runx2 regulates osteoblast differentiation,2,22,1040,0.0019,0.0015,1.293,0.4643124629783564,0.9999997563479469,"SRC, CBFB",False
fibrosis_only_up,Reactome,REACTOME_SURFACTANT_METABOLISM,Surfactant metabolism,2,22,1040,0.0019,0.0015,1.293,0.4643124629783564,0.9999997563479469,"GATA6, ADA2",False
fibrosis_only_up,Reactome,REACTOME_SIGNALING_BY_EGFR_IN_CANCER,Signaling by egfr in cancer,2,22,1040,0.0019,0.0015,1.293,0.4643124629783564,0.9999997563479469,"CBL, HBEGF",False
fibrosis_only_up,Reactome,REACTOME_INTERLEUKIN_17_SIGNALING,Interleukin 17 signaling,5,64,1040,0.0048,0.0043,1.111,0.47134935578156767,0.9999997563479469,"TNIP2, MAP3K8, NOD1, MAPK7, DUSP7",False
fibrosis_only_up,Reactome,REACTOME_POTENTIAL_THERAPEUTICS_FOR_SARS,Potential therapeutics for sars,7,93,1040,0.0067,0.0063,1.071,0.48272483652636994,0.9999997563479469,"GATAD2A, BRMS1, SYK, FXYD2, BTK, CHD3, ITGA4",False
fibrosis_only_up,Reactome,REACTOME_EXTRA_NUCLEAR_ESTROGEN_SIGNALING,Extra nuclear estrogen signaling,5,65,1040,0.0048,0.0044,1.094,0.48513323442075384,0.9999997563479469,"PIK3R3, HBEGF, SRC, AKT3, BCL2",False
fibrosis_only_up,Reactome,REACTOME_SIGNALING_BY_INSULIN_RECEPTOR,Signaling by insulin receptor,5,65,1040,0.0048,0.0044,1.094,0.48513323442075384,0.9999997563479469,"PTPN1, TCIRG1, TRIB3, FGF17, ATP6V0B",False
fibrosis_only_up,Reactome,REACTOME_GPER1_SIGNALING,Gper1 signaling,3,37,1040,0.0029,0.0025,1.153,0.48750112607579354,0.9999997563479469,"ADCY7, ADCY3, SRC",False
fibrosis_only_up,Reactome,REACTOME_DISEASES_OF_MITOTIC_CELL_CYCLE,Diseases of mitotic cell cycle,3,37,1040,0.0029,0.0025,1.153,0.48750112607579354,0.9999997563479469,"CDK4, CCND3, CDKN1C",False
fibrosis_only_up,Reactome,REACTOME_TRANSCRIPTIONAL_REGULATION_OF_PLURIPOTENT_STEM_CELLS,Transcriptional regulation of pluripotent stem cells,2,23,1040,0.0019,0.0016,1.237,0.48785799432704685,0.9999997563479469,"STAT3, GATA6",False
fibrosis_only_up,Reactome,REACTOME_TIGHT_JUNCTION_INTERACTIONS,Tight junction interactions,2,23,1040,0.0019,0.0016,1.237,0.48785799432704685,0.9999997563479469,"CLDN5, CLDN18",False
fibrosis_only_up,Reactome,REACTOME_PLATELET_CALCIUM_HOMEOSTASIS,Platelet calcium homeostasis,2,23,1040,0.0019,0.0016,1.237,0.48785799432704685,0.9999997563479469,"ATP2A3, ATP2B4",False
fibrosis_only_up,Reactome,REACTOME_GOLGI_TO_ER_RETROGRADE_TRANSPORT,Golgi to er retrograde transport,9,122,1040,0.0087,0.0082,1.049,0.490548764683742,0.9999997563479469,"KIF21B, KIF2A, PAFAH1B3, COPE, KIF26B, BICD2, BICD1, PLA2G4A, KIF3C",False
fibrosis_only_up,Reactome,REACTOME_KINESINS,Kinesins,4,52,1040,0.0038,0.0035,1.094,0.5017808583986623,0.9999997563479469,"KIF3C, KIF2A, KIF21B, KIF26B",False
fibrosis_only_up,Reactome,REACTOME_GOLGI_ASSOCIATED_VESICLE_BIOGENESIS,Golgi associated vesicle biogenesis,4,52,1040,0.0038,0.0035,1.094,0.5017808583986623,0.9999997563479469,"HIP1R, SH3GL2, ARRB1, AP1M2",False
fibrosis_only_up,Reactome,REACTOME_CARDIAC_CONDUCTION,Cardiac conduction,8,109,1040,0.0077,0.0074,1.044,0.5028562377791025,0.9999997563479469,"TRPC1, SCN4A, ATP2A3, RANGRF, ATP2B4, FXYD2, CACNA1C, CACNB1",False
fibrosis_only_up,Reactome,REACTOME_NOTCH3_ACTIVATION_AND_TRANSMISSION_OF_SIGNAL_TO_THE_NUCLEUS,Notch3 activation and transmission of signal to the nucleus,2,24,1040,0.0019,0.0016,1.185,0.5107439563357303,0.9999997563479469,"DLL1, NOTCH3",False
fibrosis_only_up,Reactome,REACTOME_TRANSPORT_OF_BILE_SALTS_AND_ORGANIC_ACIDS_METAL_IONS_AND_AMINE_COMPOUNDS,Transport of bile salts and organic acids metal ions and amine compounds,5,67,1040,0.0048,0.0045,1.062,0.512303968296005,0.9999997563479469,"SLC39A10, SLC6A6, EMB, SLC6A11, SLC41A1",False
fibrosis_only_up,Reactome,REACTOME_TRANS_GOLGI_NETWORK_VESICLE_BUDDING,Trans golgi network vesicle budding,5,67,1040,0.0048,0.0045,1.062,0.512303968296005,0.9999997563479469,"AP4M1, SH3GL2, AP1M2, HIP1R, ARRB1",False
fibrosis_only_up,Reactome,REACTOME_REGULATION_OF_TP53_ACTIVITY,Regulation of tp53 activity,11,153,1040,0.0106,0.0103,1.023,0.5144578155738027,0.9999997563479469,"TAF4B, GATAD2A, CDKN2A, PML, AKT3, PIP4K2A, CHD3, DYRK2, PLK3, PIN1, CHEK2",False
fibrosis_only_up,Reactome,REACTOME_REGULATION_OF_RUNX3_EXPRESSION_AND_ACTIVITY,Regulation of runx3 expression and activity,4,53,1040,0.0038,0.0036,1.074,0.5169802225292137,0.9999997563479469,"SRC, CBFB, CDKN2A, TGFB1",False
fibrosis_only_up,Reactome,REACTOME_INTRINSIC_PATHWAY_FOR_APOPTOSIS,Intrinsic pathway for apoptosis,4,53,1040,0.0038,0.0036,1.074,0.5169802225292137,0.9999997563479469,"STAT3, CDKN2A, AKT3, BCL2",False
fibrosis_only_up,Reactome,REACTOME_VITAMIN_D_CALCIFEROL_METABOLISM,Vitamin d calciferol metabolism,1,10,1040,0.001,0.0007,1.422,0.5176812742436383,0.9999997563479469,CYP27B1,False
fibrosis_only_up,Reactome,REACTOME_EICOSANOIDS,Eicosanoids,1,10,1040,0.001,0.0007,1.422,0.5176812742436383,0.9999997563479469,PTGIS,False
fibrosis_only_up,Reactome,REACTOME_IONOTROPIC_ACTIVITY_OF_KAINATE_RECEPTORS,Ionotropic activity of kainate receptors,1,10,1040,0.001,0.0007,1.422,0.5176812742436383,0.9999997563479469,DLG3,False
fibrosis_only_up,Reactome,REACTOME_RHOBTB3_ATPASE_CYCLE,Rhobtb3 atpase cycle,1,10,1040,0.001,0.0007,1.422,0.5176812742436383,0.9999997563479469,RAB9B,False
fibrosis_only_up,Reactome,REACTOME_PHOSPHOLIPASE_C_MEDIATED_CASCADE_FGFR2,Phospholipase c mediated cascade fgfr2,1,10,1040,0.001,0.0007,1.422,0.5176812742436383,0.9999997563479469,FGF17,False
fibrosis_only_up,Reactome,REACTOME_PHOSPHOLIPASE_C_MEDIATED_CASCADE_FGFR1,Phospholipase c mediated cascade fgfr1,1,10,1040,0.001,0.0007,1.422,0.5176812742436383,0.9999997563479469,FGF17,False
fibrosis_only_up,Reactome,REACTOME_STAT5_ACTIVATION_DOWNSTREAM_OF_FLT3_ITD_MUTANTS,Stat5 activation downstream of flt3 itd mutants,1,10,1040,0.001,0.0007,1.422,0.5176812742436383,0.9999997563479469,STAT5A,False
fibrosis_only_up,Reactome,REACTOME_REGULATION_OF_GENE_EXPRESSION_BY_HYPOXIA_INDUCIBLE_FACTOR,Regulation of gene expression by hypoxia inducible factor,1,10,1040,0.001,0.0007,1.422,0.5176812742436383,0.9999997563479469,CA9,False
fibrosis_only_up,Reactome,REACTOME_LGI_ADAM_INTERACTIONS,Lgi adam interactions,1,10,1040,0.001,0.0007,1.422,0.5176812742436383,0.9999997563479469,STX1A,False
fibrosis_only_up,Reactome,REACTOME_POU5F1_OCT4_SOX2_NANOG_ACTIVATE_GENES_RELATED_TO_PROLIFERATION,Pou5f1 oct4 sox2 nanog activate genes related to proliferation,1,10,1040,0.001,0.0007,1.422,0.5176812742436383,0.9999997563479469,STAT3,False
fibrosis_only_up,Reactome,REACTOME_CLEC7A_DECTIN_1_INDUCES_NFAT_ACTIVATION,Clec7a dectin 1 induces nfat activation,1,10,1040,0.001,0.0007,1.422,0.5176812742436383,0.9999997563479469,NFATC1,False
fibrosis_only_up,Reactome,REACTOME_IRF3_MEDIATED_INDUCTION_OF_TYPE_I_IFN,Irf3 mediated induction of type i ifn,1,10,1040,0.001,0.0007,1.422,0.5176812742436383,0.9999997563479469,IRF3,False
fibrosis_only_up,Reactome,REACTOME_REVERSIBLE_HYDRATION_OF_CARBON_DIOXIDE,Reversible hydration of carbon dioxide,1,10,1040,0.001,0.0007,1.422,0.5176812742436383,0.9999997563479469,CA9,False
fibrosis_only_up,Reactome,REACTOME_FACTORS_INVOLVED_IN_MEGAKARYOCYTE_DEVELOPMENT_AND_PLATELET_PRODUCTION,Factors involved in megakaryocyte development and platelet production,9,125,1040,0.0087,0.0084,1.024,0.5203143052960467,0.9999997563479469,"DOCK8, KIF2A, KIF21B, KIF26B, GATA6, GATA2, DOCK2, KIF3C, DOCK11",False
fibrosis_only_up,Reactome,REACTOME_ACTIVATION_OF_NMDA_RECEPTORS_AND_POSTSYNAPTIC_EVENTS,Activation of nmda receptors and postsynaptic events,6,82,1040,0.0058,0.0055,1.041,0.5207710593726068,0.9999997563479469,"SRC, NRGN, NBEA, GIT1, DLG3, GRIN2D",False
fibrosis_only_up,Reactome,REACTOME_FORMATION_OF_THE_BETA_CATENIN_TCF_TRANSACTIVATING_COMPLEX,Formation of the beta catenin tcf transactivating complex,3,39,1040,0.0029,0.0026,1.094,0.5233025998552949,0.9999997563479469,"PYGO1, TLE3, MYC",False
fibrosis_only_up,Reactome,REACTOME_HDACS_DEACETYLATE_HISTONES,Hdacs deacetylate histones,3,39,1040,0.0029,0.0026,1.094,0.5233025998552949,0.9999997563479469,"GATAD2A, CHD3, BRMS1",False
fibrosis_only_up,Reactome,REACTOME_ESTROGEN_DEPENDENT_GENE_EXPRESSION,Estrogen dependent gene expression,7,97,1040,0.0067,0.0066,1.027,0.5279412135453088,0.9999997563479469,"TLE3, AXIN1, MYC, FOSB, CBFB, CXCL12, BCL2",False
fibrosis_only_up,Reactome,REACTOME_O_LINKED_GLYCOSYLATION_OF_MUCINS,O linked glycosylation of mucins,4,54,1040,0.0038,0.0037,1.054,0.5319592417635779,0.9999997563479469,"B3GNT7, B4GALT5, MUC12, MUC13",False
fibrosis_only_up,Reactome,REACTOME_HSF1_ACTIVATION,Hsf1 activation,2,25,1040,0.0019,0.0017,1.138,0.5329466607815158,0.9999997563479469,"HSPB2, TNFRSF21",False
fibrosis_only_up,Reactome,REACTOME_ERCC6_CSB_AND_EHMT2_G9A_POSITIVELY_REGULATE_RRNA_EXPRESSION,Ercc6 csb and ehmt2 g9a positively regulate rrna expression,2,25,1040,0.0019,0.0017,1.138,0.5329466607815158,0.9999997563479469,"GATAD2A, CHD3",False
fibrosis_only_up,Reactome,REACTOME_INFECTION_WITH_MYCOBACTERIUM_TUBERCULOSIS,Infection with mycobacterium tuberculosis,2,25,1040,0.0019,0.0017,1.138,0.5329466607815158,0.9999997563479469,"TLR2, CTSG",False
fibrosis_only_up,Reactome,REACTOME_EFFECTS_OF_PIP2_HYDROLYSIS,Effects of pip2 hydrolysis,2,25,1040,0.0019,0.0017,1.138,0.5329466607815158,0.9999997563479469,"DGKZ, DAGLA",False
fibrosis_only_up,Reactome,REACTOME_EGR2_AND_SOX10_MEDIATED_INITIATION_OF_SCHWANN_CELL_MYELINATION,Egr2 and sox10 mediated initiation of schwann cell myelination,2,25,1040,0.0019,0.0017,1.138,0.5329466607815158,0.9999997563479469,"LAMC1, DAG1",False
fibrosis_only_up,Reactome,REACTOME_METABOLISM_OF_VITAMINS_AND_COFACTORS,Metabolism of vitamins and cofactors,13,184,1040,0.0125,0.0124,1.005,0.5341315353586037,0.9999997563479469,"PLB1, ENPP2, ACP5, LRP10, VNN2, ABCC1, LRP8, PTGIS, SLC2A3, CD320, AGRN, PARP8, HSPG2",False
fibrosis_only_up,Reactome,REACTOME_MHC_CLASS_II_ANTIGEN_PRESENTATION,Mhc class ii antigen presentation,8,112,1040,0.0077,0.0076,1.016,0.5342166535686889,0.9999997563479469,"KIF2A, SH3GL2, HLA-DPA1, AP1M2, CTSC, HLA-DRA, CD74, KIF3C",False
fibrosis_only_up,Reactome,REACTOME_G_ALPHA_Z_SIGNALLING_EVENTS,G alpha z signalling events,3,40,1040,0.0029,0.0027,1.067,0.5406799535619022,0.9999997563479469,"ADCY7, ADCY3, RGS19",False
fibrosis_only_up,Reactome,REACTOME_NETRIN_1_SIGNALING,Netrin 1 signaling,3,40,1040,0.0029,0.0027,1.067,0.5406799535619022,0.9999997563479469,"TRPC1, SRC, ROBO1",False
fibrosis_only_up,Reactome,REACTOME_GASTRULATION,Gastrulation,7,99,1040,0.0067,0.0067,1.006,0.5499758621699393,0.9999997563479469,"TEAD4, GATA6, MAML2, DLL1, MSX1, FOXC1, TEAD2",False
fibrosis_only_up,Reactome,REACTOME_SHC1_EVENTS_IN_EGFR_SIGNALING,Shc1 events in egfr signaling,1,11,1040,0.001,0.0007,1.293,0.5516106218347244,0.9999997563479469,HBEGF,False
fibrosis_only_up,Reactome,REACTOME_INTERLEUKIN_35_SIGNALLING,Interleukin 35 signalling,1,11,1040,0.001,0.0007,1.293,0.5516106218347244,0.9999997563479469,STAT3,False
fibrosis_only_up,Reactome,REACTOME_BETA_OXIDATION_OF_VERY_LONG_CHAIN_FATTY_ACIDS,Beta oxidation of very long chain fatty acids,1,11,1040,0.001,0.0007,1.293,0.5516106218347244,0.9999997563479469,ABCD1,False
fibrosis_only_up,Reactome,REACTOME_STAT3_NUCLEAR_EVENTS_DOWNSTREAM_OF_ALK_SIGNALING,Stat3 nuclear events downstream of alk signaling,1,11,1040,0.001,0.0007,1.293,0.5516106218347244,0.9999997563479469,STAT3,False
fibrosis_only_up,Reactome,REACTOME_UPTAKE_AND_FUNCTION_OF_ANTHRAX_TOXINS,Uptake and function of anthrax toxins,1,11,1040,0.001,0.0007,1.293,0.5516106218347244,0.9999997563479469,ANTXR1,False
fibrosis_only_up,Reactome,REACTOME_FGFR2_LIGAND_BINDING_AND_ACTIVATION,Fgfr2 ligand binding and activation,1,11,1040,0.001,0.0007,1.293,0.5516106218347244,0.9999997563479469,FGF17,False
fibrosis_only_up,Reactome,REACTOME_MET_ACTIVATES_RAP1_AND_RAC1,Met activates rap1 and rac1,1,11,1040,0.001,0.0007,1.293,0.5516106218347244,0.9999997563479469,HGF,False
fibrosis_only_up,Reactome,REACTOME_TGFBR3_PTM_REGULATION,Tgfbr3 ptm regulation,1,11,1040,0.001,0.0007,1.293,0.5516106218347244,0.9999997563479469,TIMP2,False
fibrosis_only_up,Reactome,REACTOME_MET_ACTIVATES_RAS_SIGNALING,Met activates ras signaling,1,11,1040,0.001,0.0007,1.293,0.5516106218347244,0.9999997563479469,HGF,False
fibrosis_only_up,Reactome,REACTOME_REGULATION_OF_CDH11_FUNCTION,Regulation of cdh11 function,1,11,1040,0.001,0.0007,1.293,0.5516106218347244,0.9999997563479469,CDH24,False
fibrosis_only_up,Reactome,REACTOME_TELOMERE_C_STRAND_SYNTHESIS_INITIATION,Telomere c strand synthesis initiation,1,11,1040,0.001,0.0007,1.293,0.5516106218347244,0.9999997563479469,ACD,False
fibrosis_only_up,Reactome,REACTOME_PREGNENOLONE_BIOSYNTHESIS,Pregnenolone biosynthesis,1,11,1040,0.001,0.0007,1.293,0.5516106218347244,0.9999997563479469,AKR1B1,False
fibrosis_only_up,Reactome,REACTOME_RECEPTOR_MEDIATED_MITOPHAGY,Receptor mediated mitophagy,1,11,1040,0.001,0.0007,1.293,0.5516106218347244,0.9999997563479469,SRC,False
fibrosis_only_up,Reactome,REACTOME_REGULATION_OF_LOCALIZATION_OF_FOXO_TRANSCRIPTION_FACTORS,Regulation of localization of foxo transcription factors,1,11,1040,0.001,0.0007,1.293,0.5516106218347244,0.9999997563479469,AKT3,False
fibrosis_only_up,Reactome,REACTOME_MATURATION_OF_SARS_COV_1_NUCLEOPROTEIN,Maturation of sars cov 1 nucleoprotein,1,11,1040,0.001,0.0007,1.293,0.5516106218347244,0.9999997563479469,PARP8,False
fibrosis_only_up,Reactome,REACTOME_GAP_JUNCTION_DEGRADATION,Gap junction degradation,1,11,1040,0.001,0.0007,1.293,0.5516106218347244,0.9999997563479469,DAB2,False
fibrosis_only_up,Reactome,REACTOME_KILLING_MECHANISMS,Killing mechanisms,1,11,1040,0.001,0.0007,1.293,0.5516106218347244,0.9999997563479469,CYBA,False
fibrosis_only_up,Reactome,REACTOME_JOSEPHIN_DOMAIN_DUBS,Josephin domain dubs,1,11,1040,0.001,0.0007,1.293,0.5516106218347244,0.9999997563479469,JOSD2,False
fibrosis_only_up,Reactome,REACTOME_INTERLEUKIN_27_SIGNALING,Interleukin 27 signaling,1,11,1040,0.001,0.0007,1.293,0.5516106218347244,0.9999997563479469,STAT3,False
fibrosis_only_up,Reactome,REACTOME_PROLACTIN_RECEPTOR_SIGNALING,Prolactin receptor signaling,1,11,1040,0.001,0.0007,1.293,0.5516106218347244,0.9999997563479469,STAT5A,False
fibrosis_only_up,Reactome,REACTOME_CREB1_PHOSPHORYLATION_THROUGH_NMDA_RECEPTOR_MEDIATED_ACTIVATION_OF_RAS_SIGNALING,Creb1 phosphorylation through nmda receptor mediated activation of ras signaling,2,26,1040,0.0019,0.0018,1.094,0.5544490006167204,0.9999997563479469,"GRIN2D, DLG3",False
fibrosis_only_up,Reactome,REACTOME_DOWNREGULATION_OF_TGF_BETA_RECEPTOR_SIGNALING,Downregulation of tgf beta receptor signaling,2,26,1040,0.0019,0.0018,1.094,0.5544490006167204,0.9999997563479469,"BAMBI, TGFB1",False
fibrosis_only_up,Reactome,REACTOME_INTERCONVERSION_OF_NUCLEOTIDE_DI_AND_TRIPHOSPHATES,Interconversion of nucleotide di and triphosphates,2,26,1040,0.0019,0.0018,1.094,0.5544490006167204,0.9999997563479469,"NME2, GUK1",False
fibrosis_only_up,Reactome,REACTOME_RHO_GTPASES_ACTIVATE_PKNS,Rho gtpases activate pkns,3,41,1040,0.0029,0.0028,1.041,0.5576862363036756,0.9999997563479469,"PPP1R14A, MYL9, MYH9",False
fibrosis_only_up,Reactome,REACTOME_ESR_MEDIATED_SIGNALING,Esr mediated signaling,11,158,1040,0.0106,0.0107,0.99,0.5583241242418606,0.9999997563479469,"TLE3, PIK3R3, SRC, HBEGF, AXIN1, MYC, FOSB, CBFB, CXCL12, AKT3, BCL2",False
fibrosis_only_up,Reactome,REACTOME_DISEASES_OF_METABOLISM,Diseases of metabolism,15,217,1040,0.0144,0.0147,0.983,0.5657549967212601,0.9999997563479469,"G6PC3, ADAMTS9, DAG1, CHST3, MUC13, B3GAT3, CYP27B1, ADAMTS10, BGN, CD320, MUC12, THSD1, AGRN, NOTCH3, HSPG2",False
fibrosis_only_up,Reactome,REACTOME_TRANSCRIPTIONAL_REGULATION_OF_BROWN_AND_BEIGE_ADIPOCYTE_DIFFERENTIATION,Transcriptional regulation of brown and beige adipocyte differentiation,2,27,1040,0.0019,0.0018,1.054,0.5752396432883649,0.9999997563479469,"GATAD2A, CHD3",False
fibrosis_only_up,Reactome,REACTOME_GLUCAGON_SIGNALING_IN_METABOLIC_REGULATION,Glucagon signaling in metabolic regulation,2,27,1040,0.0019,0.0018,1.054,0.5752396432883649,0.9999997563479469,"ADCY7, ADCY3",False
fibrosis_only_up,Reactome,REACTOME_FLT3_SIGNALING_IN_DISEASE,Flt3 signaling in disease,2,27,1040,0.0019,0.0018,1.054,0.5752396432883649,0.9999997563479469,"STAT5A, CBL",False
fibrosis_only_up,Reactome,REACTOME_VEGFR2_MEDIATED_VASCULAR_PERMEABILITY,Vegfr2 mediated vascular permeability,2,27,1040,0.0019,0.0018,1.054,0.5752396432883649,0.9999997563479469,"AKT3, TRIB3",False
fibrosis_only_up,Reactome,REACTOME_CA2_PATHWAY,Ca2 pathway,4,57,1040,0.0038,0.0039,0.998,0.575448163982721,0.9999997563479469,"NFATC1, PLCB2, PLCB3, MYC",False
fibrosis_only_up,Reactome,REACTOME_SIGNALING_BY_THE_B_CELL_RECEPTOR_BCR,Signaling by the b cell receptor bcr,7,102,1040,0.0067,0.0069,0.976,0.5821659977907787,0.9999997563479469,"TRPC1, SYK, PTPN6, CD19, BTK, NFATC1, PIK3CD",False
fibrosis_only_up,Reactome,REACTOME_ADIPOGENESIS,Adipogenesis,7,102,1040,0.0067,0.0069,0.976,0.5821659977907787,0.9999997563479469,"CCND3, KLF5, GATAD2A, CDK4, CHD3, WNT10B, TGFB1",False
fibrosis_only_up,Reactome,REACTOME_ALPHA_LINOLENIC_OMEGA3_AND_LINOLEIC_OMEGA6_ACID_METABOLISM,Alpha linolenic omega3 and linoleic omega6 acid metabolism,1,12,1040,0.001,0.0008,1.185,0.5831552983747966,0.9999997563479469,ABCD1,False
fibrosis_only_up,Reactome,REACTOME_ALK_MUTANTS_BIND_TKIS,Alk mutants bind tkis,1,12,1040,0.001,0.0008,1.185,0.5831552983747966,0.9999997563479469,BCL11A,False
fibrosis_only_up,Reactome,REACTOME_TICAM1_DEPENDENT_ACTIVATION_OF_IRF3_IRF7,Ticam1 dependent activation of irf3 irf7,1,12,1040,0.001,0.0008,1.185,0.5831552983747966,0.9999997563479469,IRF3,False
fibrosis_only_up,Reactome,REACTOME_FGFR1_LIGAND_BINDING_AND_ACTIVATION,Fgfr1 ligand binding and activation,1,12,1040,0.001,0.0008,1.185,0.5831552983747966,0.9999997563479469,FGF17,False
fibrosis_only_up,Reactome,REACTOME_ZINC_TRANSPORTERS,Zinc transporters,1,12,1040,0.001,0.0008,1.185,0.5831552983747966,0.9999997563479469,SLC39A10,False
fibrosis_only_up,Reactome,REACTOME_SARS_COV_2_TARGETS_HOST_INTRACELLULAR_SIGNALLING_AND_REGULATORY_PATHWAYS,Sars cov 2 targets host intracellular signalling and regulatory pathways,1,12,1040,0.001,0.0008,1.185,0.5831552983747966,0.9999997563479469,AKT3,False
fibrosis_only_up,Reactome,REACTOME_APOPTOSIS_INDUCED_DNA_FRAGMENTATION,Apoptosis induced dna fragmentation,1,12,1040,0.001,0.0008,1.185,0.5831552983747966,0.9999997563479469,H1-3,False
fibrosis_only_up,Reactome,REACTOME_SHC_MEDIATED_CASCADE_FGFR3,Shc mediated cascade fgfr3,1,12,1040,0.001,0.0008,1.185,0.5831552983747966,0.9999997563479469,FGF17,False
fibrosis_only_up,Reactome,REACTOME_REGULATION_OF_TP53_ACTIVITY_THROUGH_ASSOCIATION_WITH_CO_FACTORS,Regulation of tp53 activity through association with co factors,1,12,1040,0.001,0.0008,1.185,0.5831552983747966,0.9999997563479469,AKT3,False
fibrosis_only_up,Reactome,REACTOME_UNWINDING_OF_DNA,Unwinding of dna,1,12,1040,0.001,0.0008,1.185,0.5831552983747966,0.9999997563479469,MCM7,False
fibrosis_only_up,Reactome,REACTOME_PURINE_SALVAGE,Purine salvage,1,12,1040,0.001,0.0008,1.185,0.5831552983747966,0.9999997563479469,DGUOK,False
fibrosis_only_up,Reactome,REACTOME_PI_3K_CASCADE_FGFR3,Pi 3k cascade fgfr3,1,12,1040,0.001,0.0008,1.185,0.5831552983747966,0.9999997563479469,FGF17,False
fibrosis_only_up,Reactome,REACTOME_DISSOLUTION_OF_FIBRIN_CLOT,Dissolution of fibrin clot,1,12,1040,0.001,0.0008,1.185,0.5831552983747966,0.9999997563479469,SERPINB6,False
fibrosis_only_up,Reactome,REACTOME_METABOLISM_OF_WATER_SOLUBLE_VITAMINS_AND_COFACTORS,Metabolism of water soluble vitamins and cofactors,8,117,1040,0.0077,0.0079,0.973,0.5846946062592524,0.9999997563479469,"ENPP2, ACP5, VNN2, ABCC1, PTGIS, SLC2A3, CD320, PARP8",False
fibrosis_only_up,Reactome,REACTOME_RUNX1_REGULATES_TRANSCRIPTION_OF_GENES_INVOLVED_IN_DIFFERENTIATION_OF_HSCS,Runx1 regulates transcription of genes involved in differentiation of hscs,5,73,1040,0.0048,0.0049,0.974,0.5898555275870826,0.9999997563479469,"SPI1, TAL1, CBFB, GATA2, TCF3",False
fibrosis_only_up,Reactome,REACTOME_TOLL_LIKE_RECEPTOR_9_TLR9_CASCADE,Toll like receptor 9 tlr9 cascade,7,103,1040,0.0067,0.007,0.967,0.5926440379719419,0.9999997563479469,"TNIP2, MAP3K8, NLRC5, MAP3K1, NOD1, MAPK7, DUSP7",False
fibrosis_only_up,Reactome,REACTOME_MITF_M_REGULATED_MELANOCYTE_DEVELOPMENT,Mitf m regulated melanocyte development,8,118,1040,0.0077,0.008,0.964,0.5944771857578754,0.9999997563479469,"CDKN2A, AKT3, ID1, ATP6V0B, KIT, LIG1, TFEC, BCL2",False
fibrosis_only_up,Reactome,REACTOME_SIGNALING_BY_NOTCH,Signaling by notch,12,177,1040,0.0115,0.012,0.964,0.5947423407752102,0.9999997563479469,"TLE3, DTX1, IKZF1, MYC, ATP2A3, NBEA, FCER2, MAML2, PLXND1, DLL1, ARRB1, NOTCH3",False
fibrosis_only_up,Reactome,REACTOME_INTERACTION_BETWEEN_L1_AND_ANKYRINS,Interaction between l1 and ankyrins,2,28,1040,0.0019,0.0019,1.016,0.5953123047774787,0.9999997563479469,"ANK3, SCN4A",False
fibrosis_only_up,Reactome,REACTOME_CARGO_CONCENTRATION_IN_THE_ER,Cargo concentration in the er,2,28,1040,0.0019,0.0019,1.016,0.5953123047774787,0.9999997563479469,"CTSC, FOLR1",False
fibrosis_only_up,Reactome,REACTOME_NOTCH_HLH_TRANSCRIPTION_PATHWAY,Notch hlh transcription pathway,2,28,1040,0.0019,0.0019,1.016,0.5953123047774787,0.9999997563479469,"MAML2, NOTCH3",False
fibrosis_only_up,Reactome,REACTOME_NICOTINATE_METABOLISM,Nicotinate metabolism,2,28,1040,0.0019,0.0019,1.016,0.5953123047774787,0.9999997563479469,"PARP8, PTGIS",False
fibrosis_only_up,Reactome,REACTOME_METABOLISM_OF_NUCLEOTIDES,Metabolism of nucleotides,6,89,1040,0.0058,0.006,0.959,0.6022245793544783,0.9999997563479469,"ITPA, ENTPD4, ENTPD6, GUK1, DGUOK, NME2",False
fibrosis_only_up,Reactome,REACTOME_DRUG_ADME,Drug adme,6,89,1040,0.0058,0.006,0.959,0.6022245793544783,0.9999997563479469,"ITPA, ABCC1, SULT1C4, GUK1, NME2, ABCC5",False
fibrosis_only_up,Reactome,REACTOME_FERTILIZATION,Fertilization,1,13,1040,0.001,0.0009,1.094,0.6124827567491853,0.9999997563479469,CD9,False
fibrosis_only_up,Reactome,REACTOME_FORMATION_OF_DEFINITIVE_ENDODERM,Formation of definitive endoderm,1,13,1040,0.001,0.0009,1.094,0.6124827567491853,0.9999997563479469,GATA6,False
fibrosis_only_up,Reactome,REACTOME_P38MAPK_EVENTS,P38mapk events,1,13,1040,0.001,0.0009,1.094,0.6124827567491853,0.9999997563479469,SRC,False
fibrosis_only_up,Reactome,REACTOME_DEFECTS_IN_COBALAMIN_B12_METABOLISM,Defects in cobalamin b12 metabolism,1,13,1040,0.001,0.0009,1.094,0.6124827567491853,0.9999997563479469,CD320,False
fibrosis_only_up,Reactome,REACTOME_SHC_MEDIATED_CASCADE_FGFR4,Shc mediated cascade fgfr4,1,13,1040,0.001,0.0009,1.094,0.6124827567491853,0.9999997563479469,FGF17,False
fibrosis_only_up,Reactome,REACTOME_PI_3K_CASCADE_FGFR4,Pi 3k cascade fgfr4,1,13,1040,0.001,0.0009,1.094,0.6124827567491853,0.9999997563479469,FGF17,False
fibrosis_only_up,Reactome,REACTOME_PENTOSE_PHOSPHATE_PATHWAY,Pentose phosphate pathway,1,13,1040,0.001,0.0009,1.094,0.6124827567491853,0.9999997563479469,G6PD,False
fibrosis_only_up,Reactome,REACTOME_DCC_MEDIATED_ATTRACTIVE_SIGNALING,Dcc mediated attractive signaling,1,13,1040,0.001,0.0009,1.094,0.6124827567491853,0.9999997563479469,SRC,False
fibrosis_only_up,Reactome,REACTOME_FORMATION_OF_THE_NEPHRIC_DUCT,Formation of the nephric duct,1,13,1040,0.001,0.0009,1.094,0.6124827567491853,0.9999997563479469,ID4,False
fibrosis_only_up,Reactome,REACTOME_CS_DS_DEGRADATION,Cs ds degradation,1,13,1040,0.001,0.0009,1.094,0.6124827567491853,0.9999997563479469,BGN,False
fibrosis_only_up,Reactome,REACTOME_STING_MEDIATED_INDUCTION_OF_HOST_IMMUNE_RESPONSES,Sting mediated induction of host immune responses,1,13,1040,0.001,0.0009,1.094,0.6124827567491853,0.9999997563479469,IRF3,False
fibrosis_only_up,Reactome,REACTOME_CHK1_CHK2_CDS1_MEDIATED_INACTIVATION_OF_CYCLIN_B_CDK1_COMPLEX,Chk1 chk2 cds1 mediated inactivation of cyclin b cdk1 complex,1,13,1040,0.001,0.0009,1.094,0.6124827567491853,0.9999997563479469,CHEK2,False
fibrosis_only_up,Reactome,REACTOME_REGULATION_OF_INNATE_IMMUNE_RESPONSES_TO_CYTOSOLIC_DNA,Regulation of innate immune responses to cytosolic dna,1,13,1040,0.001,0.0009,1.094,0.6124827567491853,0.9999997563479469,IRF3,False
fibrosis_only_up,Reactome,REACTOME_RETROGRADE_NEUROTROPHIN_SIGNALLING,Retrograde neurotrophin signalling,1,13,1040,0.001,0.0009,1.094,0.6124827567491853,0.9999997563479469,SH3GL2,False
fibrosis_only_up,Reactome,REACTOME_TRAF3_DEPENDENT_IRF_ACTIVATION_PATHWAY,Traf3 dependent irf activation pathway,1,13,1040,0.001,0.0009,1.094,0.6124827567491853,0.9999997563479469,IRF3,False
fibrosis_only_up,Reactome,REACTOME_REGULATION_OF_GENE_EXPRESSION_IN_LATE_STAGE_BRANCHING_MORPHOGENESIS_PANCREATIC_BUD_PRECURSOR_CELLS,Regulation of gene expression in late stage branching morphogenesis pancreatic bud precursor cells,1,13,1040,0.001,0.0009,1.094,0.6124827567491853,0.9999997563479469,MAML2,False
fibrosis_only_up,Reactome,REACTOME_GLUTAMATE_AND_GLUTAMINE_METABOLISM,Glutamate and glutamine metabolism,1,13,1040,0.001,0.0009,1.094,0.6124827567491853,0.9999997563479469,RIMKLB,False
fibrosis_only_up,Reactome,REACTOME_SYNTHESIS_OF_IP2_IP_AND_INS_IN_THE_CYTOSOL,Synthesis of ip2 ip and ins in the cytosol,1,13,1040,0.001,0.0009,1.094,0.6124827567491853,0.9999997563479469,ISYNA1,False
fibrosis_only_up,Reactome,REACTOME_HEME_DEGRADATION,Heme degradation,1,13,1040,0.001,0.0009,1.094,0.6124827567491853,0.9999997563479469,ABCC1,False
fibrosis_only_up,Reactome,REACTOME_INDUCTION_OF_CELL_CELL_FUSION,Induction of cell cell fusion,1,13,1040,0.001,0.0009,1.094,0.6124827567491853,0.9999997563479469,ANO9,False
fibrosis_only_up,Reactome,REACTOME_CELL_CELL_JUNCTION_ORGANIZATION,Cell cell junction organization,5,75,1040,0.0048,0.0051,0.948,0.6141527192080949,0.9999997563479469,"CDH24, CLDN18, CLDN5, ZC3H12A, PRDM8",False
fibrosis_only_up,Reactome,REACTOME_RUNX2_REGULATES_BONE_DEVELOPMENT,Runx2 regulates bone development,2,29,1040,0.0019,0.002,0.981,0.6146650970124714,0.9999997563479469,"SRC, CBFB",False
fibrosis_only_up,Reactome,REACTOME_GENE_AND_PROTEIN_EXPRESSION_BY_JAK_STAT_SIGNALING_AFTER_INTERLEUKIN_12_STIMULATION,Gene and protein expression by jak stat signaling after interleukin 12 stimulation,2,29,1040,0.0019,0.002,0.981,0.6146650970124714,0.9999997563479469,"LCP1, CNN2",False
fibrosis_only_up,Reactome,REACTOME_ACTIVATION_OF_BH3_ONLY_PROTEINS,Activation of bh3 only proteins,2,29,1040,0.0019,0.002,0.981,0.6146650970124714,0.9999997563479469,"AKT3, BCL2",False
fibrosis_only_up,Reactome,REACTOME_ANTIGEN_PROCESSING_CROSS_PRESENTATION,Antigen processing cross presentation,6,91,1040,0.0058,0.0062,0.938,0.6240780042420306,0.9999997563479469,"TLR2, ITGB5, BTK, CYBA, NCF4, NCF2",False
fibrosis_only_up,Reactome,REACTOME_CLEC7A_DECTIN_1_SIGNALING,Clec7a dectin 1 signaling,6,91,1040,0.0058,0.0062,0.938,0.6240780042420306,0.9999997563479469,"CARD9, SRC, SYK, NFATC1, CLEC7A, PYCARD",False
fibrosis_only_up,Reactome,REACTOME_GLUCOSE_METABOLISM,Glucose metabolism,5,76,1040,0.0048,0.0051,0.936,0.6259799419792225,0.9999997563479469,"G6PC3, HK1, PFKP, HK2, SLC37A2",False
fibrosis_only_up,Reactome,REACTOME_REGULATION_OF_PTEN_GENE_TRANSCRIPTION,Regulation of pten gene transcription,4,61,1040,0.0038,0.0041,0.933,0.6296896164648746,0.9999997563479469,"GATAD2A, LAMTOR4, EGR1, CHD3",False
fibrosis_only_up,Reactome,REACTOME_MAPK_TARGETS_NUCLEAR_EVENTS_MEDIATED_BY_MAP_KINASES,Mapk targets nuclear events mediated by map kinases,2,30,1040,0.0019,0.002,0.948,0.6332999419432501,0.9999997563479469,"MAPK7, DUSP7",False
fibrosis_only_up,Reactome,REACTOME_REGULATION_OF_BETA_CELL_DEVELOPMENT,Regulation of beta cell development,2,30,1040,0.0019,0.002,0.948,0.6332999419432501,0.9999997563479469,"MAML2, AKT3",False
fibrosis_only_up,Reactome,REACTOME_INTERLEUKIN_12_FAMILY_SIGNALING,Interleukin 12 family signaling,3,46,1040,0.0029,0.0031,0.928,0.636756383397456,0.9999997563479469,"STAT3, LCP1, CNN2",False
fibrosis_only_up,Reactome,REACTOME_FORMATION_OF_THE_URETERIC_BUD,Formation of the ureteric bud,1,14,1040,0.001,0.0009,1.016,0.6397487017448451,0.9999997563479469,FOXC1,False
fibrosis_only_up,Reactome,REACTOME_CREATION_OF_C4_AND_C2_ACTIVATORS,Creation of c4 and c2 activators,1,14,1040,0.001,0.0009,1.016,0.6397487017448451,0.9999997563479469,FCN1,False
fibrosis_only_up,Reactome,REACTOME_CONSTITUTIVE_SIGNALING_BY_EGFRVIII,Constitutive signaling by egfrviii,1,14,1040,0.001,0.0009,1.016,0.6397487017448451,0.9999997563479469,CBL,False
fibrosis_only_up,Reactome,REACTOME_AKT_PHOSPHORYLATES_TARGETS_IN_THE_CYTOSOL,Akt phosphorylates targets in the cytosol,1,14,1040,0.001,0.0009,1.016,0.6397487017448451,0.9999997563479469,AKT3,False
fibrosis_only_up,Reactome,REACTOME_PURINE_CATABOLISM,Purine catabolism,1,14,1040,0.001,0.0009,1.016,0.6397487017448451,0.9999997563479469,ITPA,False
fibrosis_only_up,Reactome,REACTOME_MRNA_DECAY_BY_5_TO_3_EXORIBONUCLEASE,Mrna decay by 5 to 3 exoribonuclease,1,14,1040,0.001,0.0009,1.016,0.6397487017448451,0.9999997563479469,LSM4,False
fibrosis_only_up,Reactome,REACTOME_PROCESSIVE_SYNTHESIS_ON_THE_LAGGING_STRAND,Processive synthesis on the lagging strand,1,14,1040,0.001,0.0009,1.016,0.6397487017448451,0.9999997563479469,LIG1,False
fibrosis_only_up,Reactome,REACTOME_FRS_MEDIATED_FGFR3_SIGNALING,Frs mediated fgfr3 signaling,1,14,1040,0.001,0.0009,1.016,0.6397487017448451,0.9999997563479469,FGF17,False
fibrosis_only_up,Reactome,REACTOME_SIGNALING_BY_CTNNB1_PHOSPHO_SITE_MUTANTS,Signaling by ctnnb1 phospho site mutants,1,14,1040,0.001,0.0009,1.016,0.6397487017448451,0.9999997563479469,AXIN1,False
fibrosis_only_up,Reactome,REACTOME_RESPONSE_OF_EIF2AK1_HRI_TO_HEME_DEFICIENCY,Response of eif2ak1 hri to heme deficiency,1,14,1040,0.001,0.0009,1.016,0.6397487017448451,0.9999997563479469,TRIB3,False
fibrosis_only_up,Reactome,REACTOME_RUNX3_REGULATES_NOTCH_SIGNALING,Runx3 regulates notch signaling,1,14,1040,0.001,0.0009,1.016,0.6397487017448451,0.9999997563479469,MAML2,False
fibrosis_only_up,Reactome,REACTOME_TGF_BETA_RECEPTOR_SIGNALING_IN_EMT_EPITHELIAL_TO_MESENCHYMAL_TRANSITION,Tgf beta receptor signaling in emt epithelial to mesenchymal transition,1,14,1040,0.001,0.0009,1.016,0.6397487017448451,0.9999997563479469,TGFB1,False
fibrosis_only_up,Reactome,REACTOME_DEFECTS_OF_CONTACT_ACTIVATION_SYSTEM_CAS_AND_KALLIKREIN_KININ_SYSTEM_KKS,Defects of contact activation system cas and kallikrein kinin system kks,1,14,1040,0.001,0.0009,1.016,0.6397487017448451,0.9999997563479469,VWF,False
fibrosis_only_up,Reactome,REACTOME_STIMULI_SENSING_CHANNELS,Stimuli sensing channels,6,93,1040,0.0058,0.0063,0.918,0.6452261549366203,0.9999997563479469,"OSTM1, TRPC1, TRPA1, WNK2, ANO9, RIPK3",False
fibrosis_only_up,Reactome,REACTOME_DNA_STRAND_ELONGATION,Dna strand elongation,2,31,1040,0.0019,0.0021,0.918,0.6512220461426453,0.9999997563479469,"LIG1, MCM7",False
fibrosis_only_up,Reactome,REACTOME_IRE1ALPHA_ACTIVATES_CHAPERONES,Ire1alpha activates chaperones,3,47,1040,0.0029,0.0032,0.908,0.65132789321693,0.9999997563479469,"TSPYL2, EXTL1, TLN1",False
fibrosis_only_up,Reactome,REACTOME_EPH_EPHRIN_MEDIATED_REPULSION_OF_CELLS,Eph ephrin mediated repulsion of cells,3,47,1040,0.0029,0.0032,0.908,0.65132789321693,0.9999997563479469,"SRC, EFNA5, EPHA2",False
fibrosis_only_up,Reactome,REACTOME_MITOTIC_G1_PHASE_AND_G1_S_TRANSITION,Mitotic g1 phase and g1 s transition,9,140,1040,0.0087,0.0095,0.914,0.657936461399666,0.9999997563479469,"CDKN2C, SRC, MYC, MCM7, CDKN2A, AKT3, CDKN1C, CDK4, CCND3",False
fibrosis_only_up,Reactome,REACTOME_SIGNALING_BY_HEDGEHOG,Signaling by hedgehog,9,140,1040,0.0087,0.0095,0.914,0.657936461399666,0.9999997563479469,"TULP3, EVC, ADCY7, ARRB1, HHAT, GRK2, EVC2, ADCY3, GPR161",False
fibrosis_only_up,Reactome,REACTOME_TRAF6_MEDIATED_IRF7_ACTIVATION,Traf6 mediated irf7 activation,1,15,1040,0.001,0.001,0.948,0.6650979135300521,0.9999997563479469,IRF3,False
fibrosis_only_up,Reactome,REACTOME_FRS_MEDIATED_FGFR4_SIGNALING,Frs mediated fgfr4 signaling,1,15,1040,0.001,0.001,0.948,0.6650979135300521,0.9999997563479469,FGF17,False
fibrosis_only_up,Reactome,REACTOME_ACTIVATION_OF_IRF3_IRF7_MEDIATED_BY_TBK1_IKK_IKBKE,Activation of irf3 irf7 mediated by tbk1 ikk ikbke,1,15,1040,0.001,0.001,0.948,0.6650979135300521,0.9999997563479469,IRF3,False
fibrosis_only_up,Reactome,REACTOME_REGULATION_OF_GENE_EXPRESSION_IN_BETA_CELLS,Regulation of gene expression in beta cells,1,15,1040,0.001,0.001,0.948,0.6650979135300521,0.9999997563479469,AKT3,False
fibrosis_only_up,Reactome,REACTOME_PI_3K_CASCADE_FGFR1,Pi 3k cascade fgfr1,1,15,1040,0.001,0.001,0.948,0.6650979135300521,0.9999997563479469,FGF17,False
fibrosis_only_up,Reactome,REACTOME_PI_3K_CASCADE_FGFR2,Pi 3k cascade fgfr2,1,15,1040,0.001,0.001,0.948,0.6650979135300521,0.9999997563479469,FGF17,False
fibrosis_only_up,Reactome,REACTOME_SYNTHESIS_SECRETION_AND_DEACYLATION_OF_GHRELIN,Synthesis secretion and deacylation of ghrelin,1,15,1040,0.001,0.001,0.948,0.6650979135300521,0.9999997563479469,MBOAT4,False
fibrosis_only_up,Reactome,REACTOME_MISMATCH_REPAIR,Mismatch repair,1,15,1040,0.001,0.001,0.948,0.6650979135300521,0.9999997563479469,LIG1,False
fibrosis_only_up,Reactome,REACTOME_SIGNALING_BY_NOTCH1_HD_DOMAIN_MUTANTS_IN_CANCER,Signaling by notch1 hd domain mutants in cancer,1,15,1040,0.001,0.001,0.948,0.6650979135300521,0.9999997563479469,DLL1,False
fibrosis_only_up,Reactome,REACTOME_SHC_MEDIATED_CASCADE_FGFR1,Shc mediated cascade fgfr1,1,15,1040,0.001,0.001,0.948,0.6650979135300521,0.9999997563479469,FGF17,False
fibrosis_only_up,Reactome,REACTOME_RAP1_SIGNALLING,Rap1 signalling,1,15,1040,0.001,0.001,0.948,0.6650979135300521,0.9999997563479469,RAP1GAP2,False
fibrosis_only_up,Reactome,REACTOME_MATURATION_OF_SARS_COV_2_NUCLEOPROTEIN,Maturation of sars cov 2 nucleoprotein,1,15,1040,0.001,0.001,0.948,0.6650979135300521,0.9999997563479469,PARP8,False
fibrosis_only_up,Reactome,REACTOME_ROLE_OF_LAT2_NTAL_LAB_ON_CALCIUM_MOBILIZATION,Role of lat2 ntal lab on calcium mobilization,1,15,1040,0.001,0.001,0.948,0.6650979135300521,0.9999997563479469,SYK,False
fibrosis_only_up,Reactome,REACTOME_RHO_GTPASES_ACTIVATE_WASPS_AND_WAVES,Rho gtpases activate wasps and waves,2,32,1040,0.0019,0.0022,0.889,0.6684394303333869,0.9999997563479469,"BTK, WIPF1",False
fibrosis_only_up,Reactome,REACTOME_TELOMERE_C_STRAND_LAGGING_STRAND_SYNTHESIS,Telomere c strand lagging strand synthesis,2,32,1040,0.0019,0.0022,0.889,0.6684394303333869,0.9999997563479469,"LIG1, ACD",False
fibrosis_only_up,Reactome,REACTOME_TRANSCRIPTIONAL_REGULATION_OF_WHITE_ADIPOCYTE_DIFFERENTIATION,Transcriptional regulation of white adipocyte differentiation,5,80,1040,0.0048,0.0054,0.889,0.6710418943956173,0.9999997563479469,"WNT10B, KLF5, CDK4, CCND3, TGFB1",False
fibrosis_only_up,Reactome,REACTOME_HEDGEHOG_ON_STATE,Hedgehog on state,5,80,1040,0.0048,0.0054,0.889,0.6710418943956173,0.9999997563479469,"ARRB1, GRK2, EVC2, EVC, GPR161",False
fibrosis_only_up,Reactome,REACTOME_INTRA_GOLGI_AND_RETROGRADE_GOLGI_TO_ER_TRAFFIC,Intra golgi and retrograde golgi to er traffic,12,188,1040,0.0115,0.0127,0.908,0.6777496791264132,0.9999997563479469,"CYTH4, KIF21B, KIF2A, PAFAH1B3, COPE, KIF26B, BICD2, BICD1, PLA2G4A, KIF3C, CYTH3, RAB9B",False
fibrosis_only_up,Reactome,REACTOME_AMINO_ACIDS_REGULATE_MTORC1,Amino acids regulate mtorc1,3,49,1040,0.0029,0.0033,0.871,0.67920265590936,0.9999997563479469,"LAMTOR4, TCIRG1, ATP6V0B",False
fibrosis_only_up,Reactome,REACTOME_POST_TRANSLATIONAL_MODIFICATION_SYNTHESIS_OF_GPI_ANCHORED_PROTEINS,Post translational modification synthesis of gpi anchored proteins,4,65,1040,0.0038,0.0044,0.875,0.6792779305332635,0.9999997563479469,"RECK, NTNG2, VNN2, LYPD1",False
fibrosis_only_up,Reactome,REACTOME_CLASS_B_2_SECRETIN_FAMILY_RECEPTORS,Class b 2 secretin family receptors,4,65,1040,0.0038,0.0044,0.875,0.6792779305332635,0.9999997563479469,"ADGRE2, WNT10B, FZD8, ADGRE5",False
fibrosis_only_up,Reactome,REACTOME_VISUAL_PHOTOTRANSDUCTION,Visual phototransduction,5,81,1040,0.0048,0.0055,0.878,0.6817294198134076,0.9999997563479469,"PLB1, LRP10, LRP8, AGRN, HSPG2",False
fibrosis_only_up,Reactome,REACTOME_COLLAGEN_FORMATION,Collagen formation,5,81,1040,0.0048,0.0055,0.878,0.6817294198134076,0.9999997563479469,"PXDN, COL23A1, LOXL3, P4HA2, COL6A2",False
fibrosis_only_up,Reactome,REACTOME_SYNTHESIS_OF_BILE_ACIDS_AND_BILE_SALTS,Synthesis of bile acids and bile salts,2,33,1040,0.0019,0.0022,0.862,0.6849625087262083,0.9999997563479469,"OSBPL7, OSBPL3",False
fibrosis_only_up,Reactome,REACTOME_GLUCAGON_LIKE_PEPTIDE_1_GLP1_REGULATES_INSULIN_SECRETION,Glucagon like peptide 1 glp1 regulates insulin secretion,2,33,1040,0.0019,0.0022,0.862,0.6849625087262083,0.9999997563479469,"KCNS3, IQGAP1",False
fibrosis_only_up,Reactome,REACTOME_RAF_ACTIVATION,Raf activation,2,33,1040,0.0019,0.0022,0.862,0.6849625087262083,0.9999997563479469,"KSR1, SRC",False
fibrosis_only_up,Reactome,REACTOME_FORMATION_OF_FIBRIN_CLOT_CLOTTING_CASCADE,Formation of fibrin clot clotting cascade,2,33,1040,0.0019,0.0022,0.862,0.6849625087262083,0.9999997563479469,"A2M, VWF",False
fibrosis_only_up,Reactome,REACTOME_PLASMA_LIPOPROTEIN_ASSEMBLY,Plasma lipoprotein assembly,1,16,1040,0.001,0.0011,0.889,0.6886650134643335,0.9999997563479469,A2M,False
fibrosis_only_up,Reactome,REACTOME_FOXO_MEDIATED_TRANSCRIPTION_OF_CELL_CYCLE_GENES,Foxo mediated transcription of cell cycle genes,1,16,1040,0.001,0.0011,0.889,0.6886650134643335,0.9999997563479469,BTG1,False
fibrosis_only_up,Reactome,REACTOME_TIE2_SIGNALING,Tie2 signaling,1,16,1040,0.001,0.0011,0.889,0.6886650134643335,0.9999997563479469,DOK2,False
fibrosis_only_up,Reactome,REACTOME_SIGNALING_BY_FLT3_ITD_AND_TKD_MUTANTS,Signaling by flt3 itd and tkd mutants,1,16,1040,0.001,0.0011,0.889,0.6886650134643335,0.9999997563479469,STAT5A,False
fibrosis_only_up,Reactome,REACTOME_GLYCOGEN_STORAGE_DISEASES,Glycogen storage diseases,1,16,1040,0.001,0.0011,0.889,0.6886650134643335,0.9999997563479469,G6PC3,False
fibrosis_only_up,Reactome,REACTOME_RIP_MEDIATED_NFKB_ACTIVATION_VIA_ZBP1,Rip mediated nfkb activation via zbp1,1,16,1040,0.001,0.0011,0.889,0.6886650134643335,0.9999997563479469,RIPK3,False
fibrosis_only_up,Reactome,REACTOME_BETA_CATENIN_PHOSPHORYLATION_CASCADE,Beta catenin phosphorylation cascade,1,16,1040,0.001,0.0011,0.889,0.6886650134643335,0.9999997563479469,AXIN1,False
fibrosis_only_up,Reactome,REACTOME_REGULATION_OF_MITF_M_DEPENDENT_GENES_INVOLVED_IN_LYSOSOME_BIOGENESIS_AND_AUTOPHAGY,Regulation of mitf m dependent genes involved in lysosome biogenesis and autophagy,1,16,1040,0.001,0.0011,0.889,0.6886650134643335,0.9999997563479469,ATP6V0B,False
fibrosis_only_up,Reactome,REACTOME_REGULATION_OF_MITF_M_DEPENDENT_GENES_INVOLVED_IN_APOPTOSIS,Regulation of mitf m dependent genes involved in apoptosis,1,16,1040,0.001,0.0011,0.889,0.6886650134643335,0.9999997563479469,BCL2,False
fibrosis_only_up,Reactome,REACTOME_DDX58_IFIH1_MEDIATED_INDUCTION_OF_INTERFERON_ALPHA_BETA,Ddx58 ifih1 mediated induction of interferon alpha beta,4,66,1040,0.0038,0.0045,0.862,0.6909223858381092,0.9999997563479469,"IRF3, MAP3K1, PIN1, NLRC5",False
fibrosis_only_up,Reactome,REACTOME_PEPTIDE_HORMONE_METABOLISM,Peptide hormone metabolism,4,66,1040,0.0038,0.0045,0.862,0.6909223858381092,0.9999997563479469,"CTSG, STX1A, MBOAT4, CPA3",False
fibrosis_only_up,Reactome,REACTOME_ADHERENS_JUNCTIONS_INTERACTIONS,Adherens junctions interactions,3,50,1040,0.0029,0.0034,0.854,0.6925061636154562,0.9999997563479469,"ZC3H12A, CDH24, PRDM8",False
fibrosis_only_up,Reactome,REACTOME_CYTOPROTECTION_BY_HMOX1,Cytoprotection by hmox1,3,50,1040,0.0029,0.0034,0.854,0.6925061636154562,0.9999997563479469,"STAT3, ABCC1, NLRP3",False
fibrosis_only_up,Reactome,REACTOME_SIGNALLING_TO_ERKS,Signalling to erks,2,34,1040,0.0019,0.0023,0.837,0.7008037135012375,0.9999997563479469,"RIT1, SRC",False
fibrosis_only_up,Reactome,REACTOME_NR1H3_NR1H2_REGULATE_GENE_EXPRESSION_LINKED_TO_CHOLESTEROL_TRANSPORT_AND_EFFLUX,Nr1h3 nr1h2 regulate gene expression linked to cholesterol transport and efflux,2,34,1040,0.0019,0.0023,0.837,0.7008037135012375,0.9999997563479469,"PLTP, ARL4C",False
fibrosis_only_up,Reactome,REACTOME_NOD1_2_SIGNALING_PATHWAY,Nod1 2 signaling pathway,2,34,1040,0.0019,0.0023,0.837,0.7008037135012375,0.9999997563479469,"CARD9, NOD1",False
fibrosis_only_up,Reactome,REACTOME_VASOPRESSIN_REGULATES_RENAL_WATER_HOMEOSTASIS_VIA_AQUAPORINS,Vasopressin regulates renal water homeostasis via aquaporins,2,34,1040,0.0019,0.0023,0.837,0.7008037135012375,0.9999997563479469,"ADCY7, ADCY3",False
fibrosis_only_up,Reactome,REACTOME_ABC_FAMILY_PROTEINS_MEDIATED_TRANSPORT,Abc family proteins mediated transport,6,99,1040,0.0058,0.0067,0.862,0.7041848176954847,0.9999997563479469,"ABCA2, ABCC1, ABCD2, ABCD1, ABCC5, ABCA12",False
fibrosis_only_up,Reactome,REACTOME_SIGNALING_BY_NUCLEAR_RECEPTORS,Signaling by nuclear receptors,14,223,1040,0.0135,0.0151,0.893,0.7085889168659738,0.9999997563479469,"TLE3, ARL4C, PIK3R3, SRC, HBEGF, PLTP, MYC, FOSB, AXIN1, CBFB, CXCL12, AKT3, RARB, BCL2",False
fibrosis_only_up,Reactome,REACTOME_TICAM1_RIP1_MEDIATED_IKK_COMPLEX_RECRUITMENT,Ticam1 rip1 mediated ikk complex recruitment,1,17,1040,0.001,0.0011,0.837,0.7105751762737187,0.9999997563479469,RIPK3,False
fibrosis_only_up,Reactome,REACTOME_POST_CHAPERONIN_TUBULIN_FOLDING_PATHWAY,Post chaperonin tubulin folding pathway,1,17,1040,0.001,0.0011,0.837,0.7105751762737187,0.9999997563479469,TBCD,False
fibrosis_only_up,Reactome,REACTOME_DISEASES_OF_HEMOSTASIS,Diseases of hemostasis,1,17,1040,0.001,0.0011,0.837,0.7105751762737187,0.9999997563479469,VWF,False
fibrosis_only_up,Reactome,REACTOME_FRS_MEDIATED_FGFR2_SIGNALING,Frs mediated fgfr2 signaling,1,17,1040,0.001,0.0011,0.837,0.7105751762737187,0.9999997563479469,FGF17,False
fibrosis_only_up,Reactome,REACTOME_REGULATION_OF_NF_KAPPA_B_SIGNALING,Regulation of nf kappa b signaling,1,17,1040,0.001,0.0011,0.837,0.7105751762737187,0.9999997563479469,NLRC5,False
fibrosis_only_up,Reactome,REACTOME_REGULATION_OF_MITF_M_DEPENDENT_GENES_INVOLVED_IN_CELL_CYCLE_AND_PROLIFERATION,Regulation of mitf m dependent genes involved in cell cycle and proliferation,1,17,1040,0.001,0.0011,0.837,0.7105751762737187,0.9999997563479469,CDKN2A,False
fibrosis_only_up,Reactome,REACTOME_BIOSYNTHESIS_OF_SPECIALIZED_PRORESOLVING_MEDIATORS_SPMS,Biosynthesis of specialized proresolving mediators spms,1,17,1040,0.001,0.0011,0.837,0.7105751762737187,0.9999997563479469,ALOX5,False
fibrosis_only_up,Reactome,REACTOME_TRANSLESION_SYNTHESIS_BY_POLK,Translesion synthesis by polk,1,17,1040,0.001,0.0011,0.837,0.7105751762737187,0.9999997563479469,MAD2L2,False
fibrosis_only_up,Reactome,REACTOME_FRS_MEDIATED_FGFR1_SIGNALING,Frs mediated fgfr1 signaling,1,17,1040,0.001,0.0011,0.837,0.7105751762737187,0.9999997563479469,FGF17,False
fibrosis_only_up,Reactome,REACTOME_G_PROTEIN_ACTIVATION,G protein activation,1,17,1040,0.001,0.0011,0.837,0.7105751762737187,0.9999997563479469,GNA15,False
fibrosis_only_up,Reactome,REACTOME_CARBOXYTERMINAL_POST_TRANSLATIONAL_MODIFICATIONS_OF_TUBULIN,Carboxyterminal post translational modifications of tubulin,2,35,1040,0.0019,0.0024,0.813,0.715977160174023,0.9999997563479469,"VASH1, TTLL3",False
fibrosis_only_up,Reactome,REACTOME_FANCONI_ANEMIA_PATHWAY,Fanconi anemia pathway,2,35,1040,0.0019,0.0024,0.813,0.715977160174023,0.9999997563479469,"FANCB, MUS81",False
fibrosis_only_up,Reactome,REACTOME_TRANSCRIPTIONAL_REGULATION_BY_MECP2,Transcriptional regulation by mecp2,3,52,1040,0.0029,0.0035,0.821,0.7178551361350101,0.9999997563479469,"SLC2A3, DLL1, PTPN1",False
fibrosis_only_up,Reactome,REACTOME_PEPTIDE_LIGAND_BINDING_RECEPTORS,Peptide ligand binding receptors,6,101,1040,0.0058,0.0068,0.845,0.7222896672336327,0.9999997563479469,"CXCL5, C3AR1, CXCL12, CXCR6, CCR4, CXCR3",False
fibrosis_only_up,Reactome,REACTOME_IRON_UPTAKE_AND_TRANSPORT,Iron uptake and transport,3,53,1040,0.0029,0.0036,0.805,0.7299076309513577,0.9999997563479469,"STEAP4, TCIRG1, ATP6V0B",False
fibrosis_only_up,Reactome,REACTOME_COMPLEMENT_CASCADE,Complement cascade,3,53,1040,0.0029,0.0036,0.805,0.7299076309513577,0.9999997563479469,"CD19, FCN1, C3AR1",False
fibrosis_only_up,Reactome,REACTOME_ADORA2B_MEDIATED_ANTI_INFLAMMATORY_CYTOKINES_PRODUCTION,Adora2b mediated anti inflammatory cytokines production,2,36,1040,0.0019,0.0024,0.79,0.7304983499623178,0.9999997563479469,"ADCY7, ADCY3",False
fibrosis_only_up,Reactome,REACTOME_IRS_MEDIATED_SIGNALLING,Irs mediated signalling,2,36,1040,0.0019,0.0024,0.79,0.7304983499623178,0.9999997563479469,"FGF17, TRIB3",False
fibrosis_only_up,Reactome,REACTOME_INTERLEUKIN_12_SIGNALING,Interleukin 12 signaling,2,36,1040,0.0019,0.0024,0.79,0.7304983499623178,0.9999997563479469,"LCP1, CNN2",False
fibrosis_only_up,Reactome,REACTOME_REGULATION_OF_TLR_BY_ENDOGENOUS_LIGAND,Regulation of tlr by endogenous ligand,1,18,1040,0.001,0.0012,0.79,0.730944792344324,0.9999997563479469,TLR2,False
fibrosis_only_up,Reactome,REACTOME_REGULATION_OF_FZD_BY_UBIQUITINATION,Regulation of fzd by ubiquitination,1,18,1040,0.001,0.0012,0.79,0.730944792344324,0.9999997563479469,FZD8,False
fibrosis_only_up,Reactome,REACTOME_RECEPTOR_TYPE_TYROSINE_PROTEIN_PHOSPHATASES,Receptor type tyrosine protein phosphatases,1,18,1040,0.001,0.0012,0.79,0.730944792344324,0.9999997563479469,LRRC4B,False
fibrosis_only_up,Reactome,REACTOME_CONSTITUTIVE_SIGNALING_BY_LIGAND_RESPONSIVE_EGFR_CANCER_VARIANTS,Constitutive signaling by ligand responsive egfr cancer variants,1,18,1040,0.001,0.0012,0.79,0.730944792344324,0.9999997563479469,CBL,False
fibrosis_only_up,Reactome,REACTOME_TRIGLYCERIDE_CATABOLISM,Triglyceride catabolism,1,18,1040,0.001,0.0012,0.79,0.730944792344324,0.9999997563479469,GPD2,False
fibrosis_only_up,Reactome,REACTOME_TRANSCRIPTION_OF_E2F_TARGETS_UNDER_NEGATIVE_CONTROL_BY_DREAM_COMPLEX,Transcription of e2f targets under negative control by dream complex,1,18,1040,0.001,0.0012,0.79,0.730944792344324,0.9999997563479469,MYC,False
fibrosis_only_up,Reactome,REACTOME_SARS_COV_2_ACTIVATES_MODULATES_INNATE_AND_ADAPTIVE_IMMUNE_RESPONSES,Sars cov 2 activates modulates innate and adaptive immune responses,6,103,1040,0.0058,0.007,0.829,0.7396084290646483,0.9999997563479469,"TLR2, NLRP3, NOD1, PTPN6, TLR8, IRF3",False
fibrosis_only_up,Reactome,REACTOME_BASE_EXCISION_REPAIR,Base excision repair,3,54,1040,0.0029,0.0037,0.79,0.7415516538447566,0.9999997563479469,"LIG1, ACD, PNKP",False
fibrosis_only_up,Reactome,REACTOME_ASSEMBLY_OF_COLLAGEN_FIBRILS_AND_OTHER_MULTIMERIC_STRUCTURES,Assembly of collagen fibrils and other multimeric structures,3,54,1040,0.0029,0.0037,0.79,0.7415516538447566,0.9999997563479469,"COL6A2, LOXL3, PXDN",False
fibrosis_only_up,Reactome,REACTOME_SIGNALING_BY_ROBO_RECEPTORS,Signaling by robo receptors,12,198,1040,0.0115,0.0134,0.862,0.743916018884729,0.9999997563479469,"ARHGAP39, ENAH, SRC, DAG1, CXCL12, RPL22L1, NRP1, NCK2, RPS19, ROBO1, PAK5, MSI1",False
fibrosis_only_up,Reactome,REACTOME_OVARIAN_TUMOR_DOMAIN_PROTEASES,Ovarian tumor domain proteases,2,37,1040,0.0019,0.0025,0.769,0.7443839056129764,0.9999997563479469,"TNIP2, NOD1",False
fibrosis_only_up,Reactome,REACTOME_APOPTOTIC_FACTOR_MEDIATED_RESPONSE,Apoptotic factor mediated response,1,19,1040,0.001,0.0013,0.749,0.7498820836249074,0.9999997563479469,CDKN2A,False
fibrosis_only_up,Reactome,REACTOME_VEGFR2_MEDIATED_CELL_PROLIFERATION,Vegfr2 mediated cell proliferation,1,19,1040,0.001,0.0013,0.749,0.7498820836249074,0.9999997563479469,SRC,False
fibrosis_only_up,Reactome,REACTOME_DOWNSTREAM_SIGNALING_OF_ACTIVATED_FGFR3,Downstream signaling of activated fgfr3,1,19,1040,0.001,0.0013,0.749,0.7498820836249074,0.9999997563479469,FGF17,False
fibrosis_only_up,Reactome,REACTOME_VXPX_CARGO_TARGETING_TO_CILIUM,Vxpx cargo targeting to cilium,1,19,1040,0.001,0.0013,0.749,0.7498820836249074,0.9999997563479469,ASAP1,False
fibrosis_only_up,Reactome,REACTOME_RECOGNITION_AND_ASSOCIATION_OF_DNA_GLYCOSYLASE_WITH_SITE_CONTAINING_AN_AFFECTED_PURINE,Recognition and association of dna glycosylase with site containing an affected purine,1,19,1040,0.001,0.0013,0.749,0.7498820836249074,0.9999997563479469,ACD,False
fibrosis_only_up,Reactome,REACTOME_LAGGING_STRAND_SYNTHESIS,Lagging strand synthesis,1,19,1040,0.001,0.0013,0.749,0.7498820836249074,0.9999997563479469,LIG1,False
fibrosis_only_up,Reactome,REACTOME_NOTCH4_INTRACELLULAR_DOMAIN_REGULATES_TRANSCRIPTION,Notch4 intracellular domain regulates transcription,1,19,1040,0.001,0.0013,0.749,0.7498820836249074,0.9999997563479469,MAML2,False
fibrosis_only_up,Reactome,REACTOME_LDL_CLEARANCE,Ldl clearance,1,19,1040,0.001,0.0013,0.749,0.7498820836249074,0.9999997563479469,NCEH1,False
fibrosis_only_up,Reactome,REACTOME_INITIAL_TRIGGERING_OF_COMPLEMENT,Initial triggering of complement,1,19,1040,0.001,0.0013,0.749,0.7498820836249074,0.9999997563479469,FCN1,False
fibrosis_only_up,Reactome,REACTOME_IKK_COMPLEX_RECRUITMENT_MEDIATED_BY_RIP1,Ikk complex recruitment mediated by rip1,1,19,1040,0.001,0.0013,0.749,0.7498820836249074,0.9999997563479469,RIPK3,False
fibrosis_only_up,Reactome,REACTOME_REGULATION_OF_TP53_ACTIVITY_THROUGH_METHYLATION,Regulation of tp53 activity through methylation,1,19,1040,0.001,0.0013,0.749,0.7498820836249074,0.9999997563479469,CHEK2,False
fibrosis_only_up,Reactome,REACTOME_SIGNALING_BY_FLT3_FUSION_PROTEINS,Signaling by flt3 fusion proteins,1,19,1040,0.001,0.0013,0.749,0.7498820836249074,0.9999997563479469,STAT5A,False
fibrosis_only_up,Reactome,REACTOME_PHASE_I_FUNCTIONALIZATION_OF_COMPOUNDS,Phase i functionalization of compounds,5,88,1040,0.0048,0.0059,0.808,0.7499011814620132,0.9999997563479469,"PTGS1, FMO2, PTGIS, SMOX, CYP27B1",False
fibrosis_only_up,Reactome,REACTOME_SIGNALING_BY_FGFR_IN_DISEASE,Signaling by fgfr in disease,3,55,1040,0.0029,0.0037,0.776,0.7527928270889965,0.9999997563479469,"STAT5A, STAT3, FGF17",False
fibrosis_only_up,Reactome,REACTOME_AMYLOID_FIBER_FORMATION,Amyloid fiber formation,3,55,1040,0.0029,0.0037,0.776,0.7527928270889965,0.9999997563479469,"TSPAN14, TSPAN15, HSPG2",False
fibrosis_only_up,Reactome,REACTOME_OXIDATIVE_STRESS_INDUCED_SENESCENCE,Oxidative stress induced senescence,4,72,1040,0.0038,0.0049,0.79,0.7544359674055173,0.9999997563479469,"CDKN2C, CDK4, MINK1, CDKN2A",False
fibrosis_only_up,Reactome,REACTOME_REGULATION_OF_INSULIN_LIKE_GROWTH_FACTOR_IGF_TRANSPORT_AND_UPTAKE_BY_INSULIN_LIKE_GROWTH_FACTOR_BINDING_PROTEINS_IGFBPS,Regulation of insulin like growth factor igf transport and uptake by insulin like growth factor binding proteins igfbps,6,105,1040,0.0058,0.0071,0.813,0.7561414305374619,0.9999997563479469,"CTSG, VWA1, CSF1, LAMC1, PAPPA2, TMEM132A",False
fibrosis_only_up,Reactome,REACTOME_RESOLUTION_OF_ABASIC_SITES_AP_SITES,Resolution of abasic sites ap sites,2,38,1040,0.0019,0.0026,0.749,0.757651337462534,0.9999997563479469,"LIG1, PNKP",False
fibrosis_only_up,Reactome,REACTOME_EPHB_MEDIATED_FORWARD_SIGNALING,Ephb mediated forward signaling,2,38,1040,0.0019,0.0026,0.749,0.757651337462534,0.9999997563479469,"LIMK1, SRC",False
fibrosis_only_up,Reactome,REACTOME_REGULATION_OF_TP53_ACTIVITY_THROUGH_PHOSPHORYLATION,Regulation of tp53 activity through phosphorylation,5,89,1040,0.0048,0.006,0.799,0.7586914553969853,0.9999997563479469,"TAF4B, DYRK2, PLK3, PIN1, CHEK2",False
fibrosis_only_up,Reactome,REACTOME_COPI_DEPENDENT_GOLGI_TO_ER_RETROGRADE_TRAFFIC,Copi dependent golgi to er retrograde traffic,5,89,1040,0.0048,0.006,0.799,0.7586914553969853,0.9999997563479469,"KIF2A, KIF21B, COPE, KIF26B, KIF3C",False
fibrosis_only_up,Reactome,REACTOME_CELLULAR_RESPONSE_TO_CHEMICAL_STRESS,Cellular response to chemical stress,11,185,1040,0.0106,0.0125,0.846,0.7597867889864729,0.9999997563479469,"G6PD, MYC, STAT3, ABCC1, NLRP3, AKT3, CDKN2A, CYBA, BCL2, NCF4, NCF2",False
fibrosis_only_up,Reactome,REACTOME_REGULATION_OF_HSF1_MEDIATED_HEAT_SHOCK_RESPONSE,Regulation of hsf1 mediated heat shock response,4,73,1040,0.0038,0.0049,0.779,0.7639768624674557,0.9999997563479469,"HSPB2, HSPA12B, TNFRSF21, HSPA2",False
fibrosis_only_up,Reactome,REACTOME_NUCLEAR_EVENTS_MEDIATED_BY_NFE2L2,Nuclear events mediated by nfe2l2,5,90,1040,0.0048,0.0061,0.79,0.7672475775463186,0.9999997563479469,"G6PD, MYC, ABCC1, CDKN2A, BCL2",False
fibrosis_only_up,Reactome,REACTOME_SARS_COV_1_HOST_INTERACTIONS,Sars cov 1 host interactions,5,90,1040,0.0048,0.0061,0.79,0.7672475775463186,0.9999997563479469,"NLRP3, RPS19, PYCARD, RIPK3, IRF3",False
fibrosis_only_up,Reactome,REACTOME_INSERTION_OF_TAIL_ANCHORED_PROTEINS_INTO_THE_ENDOPLASMIC_RETICULUM_MEMBRANE,Insertion of tail anchored proteins into the endoplasmic reticulum membrane,1,20,1040,0.001,0.0014,0.711,0.7674876763849817,0.9999997563479469,STX1A,False
fibrosis_only_up,Reactome,REACTOME_CYTOSOLIC_SULFONATION_OF_SMALL_MOLECULES,Cytosolic sulfonation of small molecules,1,20,1040,0.001,0.0014,0.711,0.7674876763849817,0.9999997563479469,SULT1C4,False
fibrosis_only_up,Reactome,REACTOME_TGFBR3_EXPRESSION,Tgfbr3 expression,1,20,1040,0.001,0.0014,0.711,0.7674876763849817,0.9999997563479469,TCF3,False
fibrosis_only_up,Reactome,REACTOME_SIGNALLING_TO_RAS,Signalling to ras,1,20,1040,0.001,0.0014,0.711,0.7674876763849817,0.9999997563479469,SRC,False
fibrosis_only_up,Reactome,REACTOME_JNK_C_JUN_KINASES_PHOSPHORYLATION_AND_ACTIVATION_MEDIATED_BY_ACTIVATED_HUMAN_TAK1,Jnk c jun kinases phosphorylation and activation mediated by activated human tak1,1,20,1040,0.001,0.0014,0.711,0.7674876763849817,0.9999997563479469,NOD1,False
fibrosis_only_up,Reactome,REACTOME_CD209_DC_SIGN_SIGNALING,Cd209 dc sign signaling,1,20,1040,0.001,0.0014,0.711,0.7674876763849817,0.9999997563479469,ICAM2,False
fibrosis_only_up,Reactome,REACTOME_RHOBTB2_GTPASE_CYCLE,Rhobtb2 gtpase cycle,1,20,1040,0.001,0.0014,0.711,0.7674876763849817,0.9999997563479469,ACTN1,False
fibrosis_only_up,Reactome,REACTOME_THROMBOXANE_SIGNALLING_THROUGH_TP_RECEPTOR,Thromboxane signalling through tp receptor,1,20,1040,0.001,0.0014,0.711,0.7674876763849817,0.9999997563479469,GNA15,False
fibrosis_only_up,Reactome,REACTOME_DEFECTS_IN_VITAMIN_AND_COFACTOR_METABOLISM,Defects in vitamin and cofactor metabolism,1,20,1040,0.001,0.0014,0.711,0.7674876763849817,0.9999997563479469,CD320,False
fibrosis_only_up,Reactome,REACTOME_SENSORY_PERCEPTION_OF_TASTE,Sensory perception of taste,1,20,1040,0.001,0.0014,0.711,0.7674876763849817,0.9999997563479469,PLCB2,False
fibrosis_only_up,Reactome,REACTOME_EVASION_BY_RSV_OF_HOST_INTERFERON_RESPONSES,Evasion by rsv of host interferon responses,1,20,1040,0.001,0.0014,0.711,0.7674876763849817,0.9999997563479469,IRF3,False
fibrosis_only_up,Reactome,REACTOME_DOWNSTREAM_SIGNALING_OF_ACTIVATED_FGFR4,Downstream signaling of activated fgfr4,1,20,1040,0.001,0.0014,0.711,0.7674876763849817,0.9999997563479469,FGF17,False
fibrosis_only_up,Reactome,REACTOME_DARPP_32_EVENTS,Darpp 32 events,1,20,1040,0.001,0.0014,0.711,0.7674876763849817,0.9999997563479469,PDE4D,False
fibrosis_only_up,Reactome,REACTOME_DEACTIVATION_OF_THE_BETA_CATENIN_TRANSACTIVATING_COMPLEX,Deactivation of the beta catenin transactivating complex,2,39,1040,0.0019,0.0026,0.729,0.7703188367926551,0.9999997563479469,"PYGO1, TLE3",False
fibrosis_only_up,Reactome,REACTOME_MEIOTIC_SYNAPSIS,Meiotic synapsis,2,39,1040,0.0019,0.0026,0.729,0.7703188367926551,0.9999997563479469,"ACD, HSPA2",False
fibrosis_only_up,Reactome,REACTOME_AQUAPORIN_MEDIATED_TRANSPORT,Aquaporin mediated transport,2,39,1040,0.0019,0.0026,0.729,0.7703188367926551,0.9999997563479469,"ADCY7, ADCY3",False
fibrosis_only_up,Reactome,REACTOME_SIGNALING_BY_NOTCH1_PEST_DOMAIN_MUTANTS_IN_CANCER,Signaling by notch1 pest domain mutants in cancer,3,57,1040,0.0029,0.0039,0.749,0.7740924090142147,0.9999997563479469,"DLL1, MAML2, MYC",False
fibrosis_only_up,Reactome,REACTOME_SIGNALING_BY_TYPE_1_INSULIN_LIKE_GROWTH_FACTOR_1_RECEPTOR_IGF1R,Signaling by type 1 insulin like growth factor 1 receptor igf1r,2,40,1040,0.0019,0.0027,0.711,0.7824050938048002,0.9999997563479469,"FGF17, TRIB3",False
fibrosis_only_up,Reactome,REACTOME_CARDIOGENESIS,Cardiogenesis,1,21,1040,0.001,0.0014,0.677,0.7838551338480667,0.9999997563479469,GATA6,False
fibrosis_only_up,Reactome,REACTOME_ACTIVATED_TAK1_MEDIATES_P38_MAPK_ACTIVATION,Activated tak1 mediates p38 mapk activation,1,21,1040,0.001,0.0014,0.677,0.7838551338480667,0.9999997563479469,NOD1,False
fibrosis_only_up,Reactome,REACTOME_AMINE_LIGAND_BINDING_RECEPTORS,Amine ligand binding receptors,1,21,1040,0.001,0.0014,0.677,0.7838551338480667,0.9999997563479469,HTR2B,False
fibrosis_only_up,Reactome,REACTOME_METALLOPROTEASE_DUBS,Metalloprotease dubs,1,21,1040,0.001,0.0014,0.677,0.7838551338480667,0.9999997563479469,NLRP3,False
fibrosis_only_up,Reactome,REACTOME_PCNA_DEPENDENT_LONG_PATCH_BASE_EXCISION_REPAIR,Pcna dependent long patch base excision repair,1,21,1040,0.001,0.0014,0.677,0.7838551338480667,0.9999997563479469,LIG1,False
fibrosis_only_up,Reactome,REACTOME_TELOMERE_EXTENSION_BY_TELOMERASE,Telomere extension by telomerase,1,21,1040,0.001,0.0014,0.677,0.7838551338480667,0.9999997563479469,ACD,False
fibrosis_only_up,Reactome,REACTOME_HDMS_DEMETHYLATE_HISTONES,Hdms demethylate histones,1,21,1040,0.001,0.0014,0.677,0.7838551338480667,0.9999997563479469,ARID5B,False
fibrosis_only_up,Reactome,REACTOME_PRE_NOTCH_EXPRESSION_AND_PROCESSING,Pre notch expression and processing,3,58,1040,0.0029,0.0039,0.736,0.7841651121927257,0.9999997563479469,"ATP2A3, MAML2, NOTCH3",False
fibrosis_only_up,Reactome,REACTOME_SARS_COV_INFECTIONS,Sars cov infections,23,376,1040,0.0221,0.0254,0.87,0.7863642206863655,0.9999997563479469,"TLR2, MGAT5, BRMS1, AKT3, NOD1, NRP1, PTPN6, PARP8, IRF3, SYK, PYCARD, HSPG2, NLRP3, FXYD2, BTK, ANO9, TLR8, AGRN, GATAD2A, RPS19, CHD3, ITGA4, RIPK3",False
fibrosis_only_up,Reactome,REACTOME_SIGNALING_BY_FGFR,Signaling by fgfr,4,76,1040,0.0038,0.0051,0.749,0.7908665729514172,0.9999997563479469,"CBL, SPRED1, SRC, FGF17",False
fibrosis_only_up,Reactome,REACTOME_COLLAGEN_CHAIN_TRIMERIZATION,Collagen chain trimerization,2,41,1040,0.0019,0.0028,0.694,0.7939291377792167,0.9999997563479469,"COL6A2, COL23A1",False
fibrosis_only_up,Reactome,REACTOME_INSULIN_RECEPTOR_SIGNALLING_CASCADE,Insulin receptor signalling cascade,2,41,1040,0.0019,0.0028,0.694,0.7939291377792167,0.9999997563479469,"FGF17, TRIB3",False
fibrosis_only_up,Reactome,REACTOME_RECYCLING_PATHWAY_OF_L1,Recycling pathway of l1,2,41,1040,0.0019,0.0028,0.694,0.7939291377792167,0.9999997563479469,"SH3GL2, SRC",False
fibrosis_only_up,Reactome,REACTOME_INTRA_GOLGI_TRAFFIC,Intra golgi traffic,2,41,1040,0.0019,0.0028,0.694,0.7939291377792167,0.9999997563479469,"CYTH4, CYTH3",False
fibrosis_only_up,Reactome,REACTOME_NEGATIVE_REGULATION_OF_MAPK_PATHWAY,Negative regulation of mapk pathway,2,41,1040,0.0019,0.0028,0.694,0.7939291377792167,0.9999997563479469,"KSR1, DUSP7",False
fibrosis_only_up,Reactome,REACTOME_DEFECTIVE_INTRINSIC_PATHWAY_FOR_APOPTOSIS,Defective intrinsic pathway for apoptosis,1,22,1040,0.001,0.0015,0.647,0.7990714515085291,0.9999997563479469,CDKN2A,False
fibrosis_only_up,Reactome,REACTOME_MISCELLANEOUS_TRANSPORT_AND_BINDING_EVENTS,Miscellaneous transport and binding events,1,22,1040,0.001,0.0015,0.647,0.7990714515085291,0.9999997563479469,MMGT1,False
fibrosis_only_up,Reactome,REACTOME_DIFFERENTIATION_OF_KERATINOCYTES_IN_INTERFOLLICULAR_EPIDERMIS_IN_MAMMALIAN_SKIN,Differentiation of keratinocytes in interfollicular epidermis in mammalian skin,1,22,1040,0.001,0.0015,0.647,0.7990714515085291,0.9999997563479469,DLL1,False
fibrosis_only_up,Reactome,REACTOME_NUCLEOTIDE_SALVAGE,Nucleotide salvage,1,22,1040,0.001,0.0015,0.647,0.7990714515085291,0.9999997563479469,DGUOK,False
fibrosis_only_up,Reactome,REACTOME_CYTOSOLIC_TRNA_AMINOACYLATION,Cytosolic trna aminoacylation,1,22,1040,0.001,0.0015,0.647,0.7990714515085291,0.9999997563479469,WARS1,False
fibrosis_only_up,Reactome,REACTOME_NOTCH2_ACTIVATION_AND_TRANSMISSION_OF_SIGNAL_TO_THE_NUCLEUS,Notch2 activation and transmission of signal to the nucleus,1,22,1040,0.001,0.0015,0.647,0.7990714515085291,0.9999997563479469,DLL1,False
fibrosis_only_up,Reactome,REACTOME_DOWNSTREAM_SIGNALING_OF_ACTIVATED_FGFR2,Downstream signaling of activated fgfr2,1,22,1040,0.001,0.0015,0.647,0.7990714515085291,0.9999997563479469,FGF17,False
fibrosis_only_up,Reactome,REACTOME_SYNTHESIS_OF_VERY_LONG_CHAIN_FATTY_ACYL_COAS,Synthesis of very long chain fatty acyl coas,1,22,1040,0.001,0.0015,0.647,0.7990714515085291,0.9999997563479469,HACD4,False
fibrosis_only_up,Reactome,REACTOME_INSULIN_PROCESSING,Insulin processing,1,22,1040,0.001,0.0015,0.647,0.7990714515085291,0.9999997563479469,STX1A,False
fibrosis_only_up,Reactome,REACTOME_RESPONSE_OF_MTB_TO_PHAGOCYTOSIS,Response of mtb to phagocytosis,1,22,1040,0.001,0.0015,0.647,0.7990714515085291,0.9999997563479469,CTSG,False
fibrosis_only_up,Reactome,REACTOME_RAF_INDEPENDENT_MAPK1_3_ACTIVATION,Raf independent mapk1 3 activation,1,22,1040,0.001,0.0015,0.647,0.7990714515085291,0.9999997563479469,DUSP7,False
fibrosis_only_up,Reactome,REACTOME_BILE_ACID_AND_BILE_SALT_METABOLISM,Bile acid and bile salt metabolism,2,42,1040,0.0019,0.0028,0.677,0.8049101972035271,0.9999997563479469,"OSBPL7, OSBPL3",False
fibrosis_only_up,Reactome,REACTOME_TAK1_DEPENDENT_IKK_AND_NF_KAPPA_B_ACTIVATION,Tak1 dependent ikk and nf kappa b activation,2,42,1040,0.0019,0.0028,0.677,0.8049101972035271,0.9999997563479469,"NOD1, NLRC5",False
fibrosis_only_up,Reactome,REACTOME_TBC_RABGAPS,Tbc rabgaps,2,42,1040,0.0019,0.0028,0.677,0.8049101972035271,0.9999997563479469,"RAB35, RAB33A",False
fibrosis_only_up,Reactome,REACTOME_NR1H2_AND_NR1H3_MEDIATED_SIGNALING,Nr1h2 and nr1h3 mediated signaling,2,42,1040,0.0019,0.0028,0.677,0.8049101972035271,0.9999997563479469,"PLTP, ARL4C",False
fibrosis_only_up,Reactome,REACTOME_SIGNALING_BY_FGFR2,Signaling by fgfr2,3,61,1040,0.0029,0.0041,0.7,0.8121699477774105,0.9999997563479469,"CBL, FGF17, SRC",False
fibrosis_only_up,Reactome,REACTOME_BASIGIN_INTERACTIONS,Basigin interactions,1,23,1040,0.001,0.0016,0.618,0.813217517744051,0.9999997563479469,SLC7A7,False
fibrosis_only_up,Reactome,REACTOME_MTORC1_MEDIATED_SIGNALLING,Mtorc1 mediated signalling,1,23,1040,0.001,0.0016,0.618,0.813217517744051,0.9999997563479469,LAMTOR4,False
fibrosis_only_up,Reactome,REACTOME_MYOGENESIS,Myogenesis,1,23,1040,0.001,0.0016,0.618,0.813217517744051,0.9999997563479469,TCF3,False
fibrosis_only_up,Reactome,REACTOME_ABORTIVE_ELONGATION_OF_HIV_1_TRANSCRIPT_IN_THE_ABSENCE_OF_TAT,Abortive elongation of hiv 1 transcript in the absence of tat,1,23,1040,0.001,0.0016,0.618,0.813217517744051,0.9999997563479469,NELFB,False
fibrosis_only_up,Reactome,REACTOME_RHO_GTPASES_ACTIVATE_IQGAPS,Rho gtpases activate iqgaps,1,23,1040,0.001,0.0016,0.618,0.813217517744051,0.9999997563479469,IQGAP1,False
fibrosis_only_up,Reactome,REACTOME_RUNX1_REGULATES_GENES_INVOLVED_IN_MEGAKARYOCYTE_DIFFERENTIATION_AND_PLATELET_FUNCTION,Runx1 regulates genes involved in megakaryocyte differentiation and platelet function,2,43,1040,0.0019,0.0029,0.662,0.8153675778574769,0.9999997563479469,"MYL9, CBFB",False
fibrosis_only_up,Reactome,REACTOME_PKR_MEDIATED_SIGNALING,Pkr mediated signaling,3,62,1040,0.0029,0.0042,0.688,0.8207955189360909,0.9999997563479469,"STAT3, FANCB, HSPA2",False
fibrosis_only_up,Reactome,REACTOME_RSV_HOST_INTERACTIONS,Rsv host interactions,4,80,1040,0.0038,0.0054,0.711,0.8228336405320726,0.9999997563479469,"AGRN, TLR2, IRF3, HSPG2",False
fibrosis_only_up,Reactome,REACTOME_SIGNALING_BY_NTRK2_TRKB,Signaling by ntrk2 trkb,1,24,1040,0.001,0.0016,0.593,0.8263685421531085,0.9999997563479469,SRC,False
fibrosis_only_up,Reactome,REACTOME_POLYMERASE_SWITCHING_ON_THE_C_STRAND_OF_THE_TELOMERE,Polymerase switching on the c strand of the telomere,1,24,1040,0.001,0.0016,0.593,0.8263685421531085,0.9999997563479469,ACD,False
fibrosis_only_up,Reactome,REACTOME_TRAF6_MEDIATED_NF_KB_ACTIVATION,Traf6 mediated nf kb activation,1,24,1040,0.001,0.0016,0.593,0.8263685421531085,0.9999997563479469,MAP3K1,False
fibrosis_only_up,Reactome,REACTOME_METABOLISM_OF_PORPHYRINS,Metabolism of porphyrins,1,24,1040,0.001,0.0016,0.593,0.8263685421531085,0.9999997563479469,ABCC1,False
fibrosis_only_up,Reactome,REACTOME_ADRENALINE_NORADRENALINE_INHIBITS_INSULIN_SECRETION,Adrenaline noradrenaline inhibits insulin secretion,1,24,1040,0.001,0.0016,0.593,0.8263685421531085,0.9999997563479469,CACNA1C,False
fibrosis_only_up,Reactome,REACTOME_COLLAGEN_BIOSYNTHESIS_AND_MODIFYING_ENZYMES,Collagen biosynthesis and modifying enzymes,3,63,1040,0.0029,0.0043,0.677,0.8290812079295788,0.9999997563479469,"P4HA2, COL6A2, COL23A1",False
fibrosis_only_up,Reactome,REACTOME_REGULATION_OF_RAS_BY_GAPS,Regulation of ras by gaps,3,63,1040,0.0029,0.0043,0.677,0.8290812079295788,0.9999997563479469,"RASA3, SPRED1, SYNGAP1",False
fibrosis_only_up,Reactome,REACTOME_REGULATION_OF_ENDOGENOUS_RETROELEMENTS_BY_PIWI_INTERACTING_RNAS_PIRNAS,Regulation of endogenous retroelements by piwi interacting rnas pirnas,2,45,1040,0.0019,0.003,0.632,0.8347882921679686,0.9999997563479469,"GATAD2A, CHD3",False
fibrosis_only_up,Reactome,REACTOME_MEIOSIS,Meiosis,3,64,1040,0.0029,0.0043,0.667,0.8370361576006085,0.9999997563479469,"CDK4, ACD, HSPA2",False
fibrosis_only_up,Reactome,REACTOME_DOWNSTREAM_SIGNALING_OF_ACTIVATED_FGFR1,Downstream signaling of activated fgfr1,1,25,1040,0.001,0.0017,0.569,0.8385944538769249,0.9999997563479469,FGF17,False
fibrosis_only_up,Reactome,REACTOME_FGFR2_MUTANT_RECEPTOR_ACTIVATION,Fgfr2 mutant receptor activation,1,25,1040,0.001,0.0017,0.569,0.8385944538769249,0.9999997563479469,FGF17,False
fibrosis_only_up,Reactome,REACTOME_RESOLUTION_OF_AP_SITES_VIA_THE_MULTIPLE_NUCLEOTIDE_PATCH_REPLACEMENT_PATHWAY,Resolution of ap sites via the multiple nucleotide patch replacement pathway,1,25,1040,0.001,0.0017,0.569,0.8385944538769249,0.9999997563479469,LIG1,False
fibrosis_only_up,Reactome,REACTOME_G0_AND_EARLY_G1,G0 and early g1,1,25,1040,0.001,0.0017,0.569,0.8385944538769249,0.9999997563479469,MYC,False
fibrosis_only_up,Reactome,REACTOME_TRAFFICKING_OF_AMPA_RECEPTORS,Trafficking of ampa receptors,1,25,1040,0.001,0.0017,0.569,0.8385944538769249,0.9999997563479469,EPB41L1,False
fibrosis_only_up,Reactome,REACTOME_M_DECAY_DEGRADATION_OF_MATERNAL_MRNAS_BY_MATERNALLY_STORED_FACTORS,M decay degradation of maternal mrnas by maternally stored factors,1,25,1040,0.001,0.0017,0.569,0.8385944538769249,0.9999997563479469,ZFP36L2,False
fibrosis_only_up,Reactome,REACTOME_CONSTITUTIVE_SIGNALING_BY_AKT1_E17K_IN_CANCER,Constitutive signaling by akt1 e17k in cancer,1,25,1040,0.001,0.0017,0.569,0.8385944538769249,0.9999997563479469,AKT3,False
fibrosis_only_up,Reactome,REACTOME_GAP_FILLING_DNA_REPAIR_SYNTHESIS_AND_LIGATION_IN_GG_NER,Gap filling dna repair synthesis and ligation in gg ner,1,25,1040,0.001,0.0017,0.569,0.8385944538769249,0.9999997563479469,LIG1,False
fibrosis_only_up,Reactome,REACTOME_KEAP1_NFE2L2_PATHWAY,Keap1 nfe2l2 pathway,6,117,1040,0.0058,0.0079,0.729,0.8393476902121724,0.9999997563479469,"G6PD, MYC, ABCC1, CDKN2A, AKT3, BCL2",False
fibrosis_only_up,Reactome,REACTOME_TP53_REGULATES_TRANSCRIPTION_OF_CELL_CYCLE_GENES,Tp53 regulates transcription of cell cycle genes,2,46,1040,0.0019,0.0031,0.618,0.8437897425666283,0.9999997563479469,"PLAGL1, PLK3",False
fibrosis_only_up,Reactome,REACTOME_BETA_CATENIN_INDEPENDENT_WNT_SIGNALING,Beta catenin independent wnt signaling,7,135,1040,0.0067,0.0091,0.738,0.8451729308545707,0.9999997563479469,"RAC2, MYC, PLCB2, PRICKLE1, NFATC1, PLCB3, FZD8",False
fibrosis_only_up,Reactome,REACTOME_PIWI_INTERACTING_RNA_PIRNA_BIOGENESIS,Piwi interacting rna pirna biogenesis,1,26,1040,0.001,0.0018,0.547,0.8499602720073329,0.9999997563479469,HENMT1,False
fibrosis_only_up,Reactome,REACTOME_SYNTHESIS_OF_PC,Synthesis of pc,1,26,1040,0.001,0.0018,0.547,0.8499602720073329,0.9999997563479469,LPCAT1,False
fibrosis_only_up,Reactome,REACTOME_BASE_EXCISION_REPAIR_AP_SITE_FORMATION,Base excision repair ap site formation,1,26,1040,0.001,0.0018,0.547,0.8499602720073329,0.9999997563479469,ACD,False
fibrosis_only_up,Reactome,REACTOME_POSTMITOTIC_NUCLEAR_PORE_COMPLEX_NPC_REFORMATION,Postmitotic nuclear pore complex npc reformation,1,26,1040,0.001,0.0018,0.547,0.8499602720073329,0.9999997563479469,RCC1,False
fibrosis_only_up,Reactome,REACTOME_METABOLIC_DISORDERS_OF_BIOLOGICAL_OXIDATION_ENZYMES,Metabolic disorders of biological oxidation enzymes,1,26,1040,0.001,0.0018,0.547,0.8499602720073329,0.9999997563479469,CYP27B1,False
fibrosis_only_up,Reactome,REACTOME_EXTENSION_OF_TELOMERES,Extension of telomeres,2,47,1040,0.0019,0.0032,0.605,0.852343602537726,0.9999997563479469,"LIG1, ACD",False
fibrosis_only_up,Reactome,REACTOME_RNA_POLYMERASE_I_TRANSCRIPTION_INITIATION,Rna polymerase i transcription initiation,2,47,1040,0.0019,0.0032,0.605,0.852343602537726,0.9999997563479469,"GATAD2A, CHD3",False
fibrosis_only_up,Reactome,REACTOME_HSP90_CHAPERONE_CYCLE_FOR_STEROID_HORMONE_RECEPTORS_SHR_IN_THE_PRESENCE_OF_LIGAND,Hsp90 chaperone cycle for steroid hormone receptors shr in the presence of ligand,2,48,1040,0.0019,0.0032,0.593,0.8604682450120356,0.9999997563479469,"DNAJA4, HSPA2",False
fibrosis_only_up,Reactome,REACTOME_SIGNALING_BY_BMP,Signaling by bmp,1,27,1040,0.001,0.0018,0.527,0.8605264500349856,0.9999997563479469,ACVRL1,False
fibrosis_only_up,Reactome,REACTOME_METABOLISM_OF_STEROID_HORMONES,Metabolism of steroid hormones,1,27,1040,0.001,0.0018,0.527,0.8605264500349856,0.9999997563479469,AKR1B1,False
fibrosis_only_up,Reactome,REACTOME_DISASSEMBLY_OF_THE_DESTRUCTION_COMPLEX_AND_RECRUITMENT_OF_AXIN_TO_THE_MEMBRANE,Disassembly of the destruction complex and recruitment of axin to the membrane,1,27,1040,0.001,0.0018,0.527,0.8605264500349856,0.9999997563479469,AXIN1,False
fibrosis_only_up,Reactome,REACTOME_MITF_M_DEPENDENT_GENE_EXPRESSION,Mitf m dependent gene expression,4,87,1040,0.0038,0.0059,0.654,0.8690072335084223,0.9999997563479469,"LIG1, CDKN2A, BCL2, ATP6V0B",False
fibrosis_only_up,Reactome,REACTOME_REPRODUCTION,Reproduction,4,87,1040,0.0038,0.0059,0.654,0.8690072335084223,0.9999997563479469,"HSPA2, CDK4, ACD, CD9",False
fibrosis_only_up,Reactome,REACTOME_COOPERATION_OF_PREFOLDIN_AND_TRIC_CCT_IN_ACTIN_AND_TUBULIN_FOLDING,Cooperation of prefoldin and tric cct in actin and tubulin folding,1,28,1040,0.001,0.0019,0.508,0.870349196155634,0.9999997563479469,PFDN1,False
fibrosis_only_up,Reactome,REACTOME_RNA_POLYMERASE_III_TRANSCRIPTION_INITIATION_FROM_TYPE_3_PROMOTER,Rna polymerase iii transcription initiation from type 3 promoter,1,28,1040,0.001,0.0019,0.508,0.870349196155634,0.9999997563479469,SNAPC2,False
fibrosis_only_up,Reactome,REACTOME_LATE_SARS_COV_2_INFECTION_EVENTS,Late sars cov 2 infection events,3,69,1040,0.0029,0.0047,0.618,0.8721753183137979,0.9999997563479469,"PARP8, MGAT5, ANO9",False
fibrosis_only_up,Reactome,REACTOME_NUCLEAR_RECEPTOR_TRANSCRIPTION_PATHWAY,Nuclear receptor transcription pathway,2,50,1040,0.0019,0.0034,0.569,0.8755014872822242,0.9999997563479469,"RARB, ESRRG",False
fibrosis_only_up,Reactome,REACTOME_DISEASES_OF_PROGRAMMED_CELL_DEATH,Diseases of programmed cell death,2,50,1040,0.0019,0.0034,0.569,0.8755014872822242,0.9999997563479469,"CDKN2A, RIPK3",False
fibrosis_only_up,Reactome,REACTOME_HOST_INTERACTIONS_OF_HIV_FACTORS,Host interactions of hiv factors,6,124,1040,0.0058,0.0084,0.688,0.876222049508334,0.9999997563479469,"RCC1, AP1M2, HMGA1, DOCK2, CD247, PACS1",False
fibrosis_only_up,Reactome,REACTOME_AURKA_ACTIVATION_BY_TPX2,Aurka activation by tpx2,3,70,1040,0.0029,0.0047,0.61,0.8783413374343828,0.9999997563479469,"HAUS7, CEP131, CEP135",False
fibrosis_only_up,Reactome,REACTOME_INHIBITION_OF_DNA_RECOMBINATION_AT_TELOMERE,Inhibition of dna recombination at telomere,1,29,1040,0.001,0.002,0.491,0.8794807711250326,0.9999997563479469,ACD,False
fibrosis_only_up,Reactome,REACTOME_PEROXISOMAL_LIPID_METABOLISM,Peroxisomal lipid metabolism,1,29,1040,0.001,0.002,0.491,0.8794807711250326,0.9999997563479469,ABCD1,False
fibrosis_only_up,Reactome,REACTOME_ENERGY_DEPENDENT_REGULATION_OF_MTOR_BY_LKB1_AMPK,Energy dependent regulation of mtor by lkb1 ampk,1,29,1040,0.001,0.002,0.491,0.8794807711250326,0.9999997563479469,LAMTOR4,False
fibrosis_only_up,Reactome,REACTOME_TRANSLATION_OF_SARS_COV_1_STRUCTURAL_PROTEINS,Translation of sars cov 1 structural proteins,1,29,1040,0.001,0.002,0.491,0.8794807711250326,0.9999997563479469,PARP8,False
fibrosis_only_up,Reactome,REACTOME_COLLAGEN_DEGRADATION,Collagen degradation,2,51,1040,0.0019,0.0034,0.558,0.8824448413582558,0.9999997563479469,"COL6A2, COL23A1",False
fibrosis_only_up,Reactome,REACTOME_GLYCOSPHINGOLIPID_METABOLISM,Glycosphingolipid metabolism,2,51,1040,0.0019,0.0034,0.558,0.8824448413582558,0.9999997563479469,"B4GALT5, UGCG",False
fibrosis_only_up,Reactome,REACTOME_PLASMA_LIPOPROTEIN_ASSEMBLY_REMODELING_AND_CLEARANCE,Plasma lipoprotein assembly remodeling and clearance,3,71,1040,0.0029,0.0048,0.601,0.8842416694845382,0.9999997563479469,"PLTP, A2M, NCEH1",False
fibrosis_only_up,Reactome,REACTOME_INTERLEUKIN_1_SIGNALING,Interleukin 1 signaling,5,108,1040,0.0048,0.0073,0.659,0.8843927769675051,0.9999997563479469,"TNIP2, MAP3K8, NLRC5, IRAK3, NOD1",False
fibrosis_only_up,Reactome,REACTOME_TRIGLYCERIDE_METABOLISM,Triglyceride metabolism,1,30,1040,0.001,0.002,0.474,0.8879697652347492,0.9999997563479469,GPD2,False
fibrosis_only_up,Reactome,REACTOME_REGULATION_OF_ENDOGENOUS_RETROELEMENTS_BY_KRAB_ZFP_PROTEINS,Regulation of endogenous retroelements by krab zfp proteins,2,52,1040,0.0019,0.0035,0.547,0.8890284295671858,0.9999997563479469,"GATAD2A, CHD3",False
fibrosis_only_up,Reactome,REACTOME_CYTOCHROME_P450_ARRANGED_BY_SUBSTRATE_TYPE,Cytochrome p450 arranged by substrate type,2,52,1040,0.0019,0.0035,0.547,0.8890284295671858,0.9999997563479469,"CYP27B1, PTGIS",False
fibrosis_only_up,Reactome,REACTOME_FATTY_ACID_METABOLISM,Fatty acid metabolism,8,163,1040,0.0077,0.011,0.698,0.8940105582046601,0.9999997563479469,"PTGS1, ALOX5, HACD4, ABCC1, PTGIS, PLA2G4A, ABCD1, PTGES2",False
fibrosis_only_up,Reactome,REACTOME_STABILIZATION_OF_P53,Stabilization of p53,2,53,1040,0.0019,0.0036,0.537,0.8952684608854534,0.9999997563479469,"CDKN2A, CHEK2",False
fibrosis_only_up,Reactome,REACTOME_TP53_REGULATES_METABOLIC_GENES,Tp53 regulates metabolic genes,3,73,1040,0.0029,0.0049,0.585,0.8952814756559339,0.9999997563479469,"LAMTOR4, G6PD, AKT3",False
fibrosis_only_up,Reactome,REACTOME_CELLULAR_RESPONSE_TO_HEAT_STRESS,Cellular response to heat stress,4,92,1040,0.0038,0.0062,0.618,0.8952901651937131,0.9999997563479469,"HSPB2, HSPA12B, TNFRSF21, HSPA2",False
fibrosis_only_up,Reactome,REACTOME_ACTIVATION_OF_THE_PRE_REPLICATIVE_COMPLEX,Activation of the pre replicative complex,1,31,1040,0.001,0.0021,0.459,0.8958613558711527,0.9999997563479469,MCM7,False
fibrosis_only_up,Reactome,REACTOME_CITRIC_ACID_CYCLE_TCA_CYCLE,Citric acid cycle tca cycle,1,31,1040,0.001,0.0021,0.459,0.8958613558711527,0.9999997563479469,IDH3G,False
fibrosis_only_up,Reactome,REACTOME_SARS_COV_2_INFECTION,Sars cov 2 infection,14,266,1040,0.0135,0.018,0.749,0.9002345984072514,0.9999997563479469,"TLR2, MGAT5, NLRP3, AKT3, NOD1, RPS19, NRP1, PTPN6, ANO9, TLR8, AGRN, PARP8, IRF3, HSPG2",False
fibrosis_only_up,Reactome,REACTOME_METABOLISM_OF_POLYAMINES,Metabolism of polyamines,2,54,1040,0.0019,0.0037,0.527,0.9011806457716341,0.9999997563479469,"SMOX, SRM",False
fibrosis_only_up,Reactome,REACTOME_SIGNALING_BY_WNT,Signaling by wnt,13,250,1040,0.0125,0.0169,0.74,0.9019102306339142,0.9999997563479469,"TLE3, DKK2, AXIN1, WLS, MYC, RAC2, PLCB2, PRICKLE1, NFATC1, PLCB3, PYGO1, WNT10B, FZD8",False
fibrosis_only_up,Reactome,REACTOME_SARS_COV_1_MODULATES_HOST_TRANSLATION_MACHINERY,Sars cov 1 modulates host translation machinery,1,32,1040,0.001,0.0022,0.445,0.9031975470175322,0.9999997563479469,RPS19,False
fibrosis_only_up,Reactome,REACTOME_RHOBTB_GTPASE_CYCLE,Rhobtb gtpase cycle,1,32,1040,0.001,0.0022,0.445,0.9031975470175322,0.9999997563479469,ACTN1,False
fibrosis_only_up,Reactome,REACTOME_RIPK1_MEDIATED_REGULATED_NECROSIS,Ripk1 mediated regulated necrosis,1,32,1040,0.001,0.0022,0.445,0.9031975470175322,0.9999997563479469,RIPK3,False
fibrosis_only_up,Reactome,REACTOME_PLASMA_LIPOPROTEIN_REMODELING,Plasma lipoprotein remodeling,1,32,1040,0.001,0.0022,0.445,0.9031975470175322,0.9999997563479469,PLTP,False
fibrosis_only_up,Reactome,REACTOME_NUCLEAR_IMPORT_OF_REV_PROTEIN,Nuclear import of rev protein,1,32,1040,0.001,0.0022,0.445,0.9031975470175322,0.9999997563479469,RCC1,False
fibrosis_only_up,Reactome,REACTOME_FATTY_ACYL_COA_BIOSYNTHESIS,Fatty acyl coa biosynthesis,1,32,1040,0.001,0.0022,0.445,0.9031975470175322,0.9999997563479469,HACD4,False
fibrosis_only_up,Reactome,REACTOME_POSITIVE_EPIGENETIC_REGULATION_OF_RRNA_EXPRESSION,Positive epigenetic regulation of rrna expression,2,55,1040,0.0019,0.0037,0.517,0.9067801860992808,0.9999997563479469,"GATAD2A, CHD3",False
fibrosis_only_up,Reactome,REACTOME_RMTS_METHYLATE_HISTONE_ARGININES,Rmts methylate histone arginines,1,33,1040,0.001,0.0022,0.431,0.9100173919641361,0.9999997563479469,CDK4,False
fibrosis_only_up,Reactome,REACTOME_HIV_ELONGATION_ARREST_AND_RECOVERY,Hiv elongation arrest and recovery,1,33,1040,0.001,0.0022,0.431,0.9100173919641361,0.9999997563479469,NELFB,False
fibrosis_only_up,Reactome,REACTOME_FORMATION_OF_THE_EARLY_ELONGATION_COMPLEX,Formation of the early elongation complex,1,33,1040,0.001,0.0022,0.431,0.9100173919641361,0.9999997563479469,NELFB,False
fibrosis_only_up,Reactome,REACTOME_COOPERATION_OF_PDCL_PHLP1_AND_TRIC_CCT_IN_G_PROTEIN_BETA_FOLDING,Cooperation of pdcl phlp1 and tric cct in g protein beta folding,1,33,1040,0.001,0.0022,0.431,0.9100173919641361,0.9999997563479469,GNA15,False
fibrosis_only_up,Reactome,REACTOME_DISEASES_OF_CARBOHYDRATE_METABOLISM,Diseases of carbohydrate metabolism,1,33,1040,0.001,0.0022,0.431,0.9100173919641361,0.9999997563479469,G6PC3,False
fibrosis_only_up,Reactome,REACTOME_RECRUITMENT_OF_MITOTIC_CENTROSOME_PROTEINS_AND_COMPLEXES,Recruitment of mitotic centrosome proteins and complexes,3,76,1040,0.0029,0.0051,0.562,0.9100712801527262,0.9999997563479469,"HAUS7, CEP131, CEP135",False
fibrosis_only_up,Reactome,REACTOME_TRANSPORT_TO_THE_GOLGI_AND_SUBSEQUENT_MODIFICATION,Transport to the golgi and subsequent modification,8,168,1040,0.0077,0.0114,0.677,0.9112175024748087,0.9999997563479469,"MGAT5, CHST10, MGAT3, COPE, CTSC, B4GALT5, FOLR1, ANK3",False
fibrosis_only_up,Reactome,REACTOME_TRANSLATION_OF_SARS_COV_2_STRUCTURAL_PROTEINS,Translation of sars cov 2 structural proteins,2,56,1040,0.0019,0.0038,0.508,0.9120817689640913,0.9999997563479469,"PARP8, MGAT5",False
fibrosis_only_up,Reactome,REACTOME_MATERNAL_TO_ZYGOTIC_TRANSITION_MZT,Maternal to zygotic transition mzt,2,56,1040,0.0019,0.0038,0.508,0.9120817689640913,0.9999997563479469,"ZFP36L2, TEAD4",False
fibrosis_only_up,Reactome,REACTOME_SARS_COV_1_INFECTION,Sars cov 1 infection,6,133,1040,0.0058,0.009,0.642,0.9129525356019335,0.9999997563479469,"PYCARD, NLRP3, RPS19, PARP8, RIPK3, IRF3",False
fibrosis_only_up,Reactome,REACTOME_RESOLUTION_OF_D_LOOP_STRUCTURES,Resolution of d loop structures,1,34,1040,0.001,0.0023,0.418,0.9163572004024058,0.9999997563479469,MUS81,False
fibrosis_only_up,Reactome,REACTOME_INTERACTIONS_OF_VPR_WITH_HOST_CELLULAR_PROTEINS,Interactions of vpr with host cellular proteins,1,34,1040,0.001,0.0023,0.418,0.9163572004024058,0.9999997563479469,HMGA1,False
fibrosis_only_up,Reactome,REACTOME_SPHINGOLIPID_DE_NOVO_BIOSYNTHESIS,Sphingolipid de novo biosynthesis,1,34,1040,0.001,0.0023,0.418,0.9163572004024058,0.9999997563479469,ABCC1,False
fibrosis_only_up,Reactome,REACTOME_ANTIVIRAL_MECHANISM_BY_IFN_STIMULATED_GENES,Antiviral mechanism by ifn stimulated genes,6,134,1040,0.0058,0.0091,0.637,0.9163830043874372,0.9999997563479469,"IRF3, STAT3, FANCB, FLNA, HSPA2, PIN1",False
fibrosis_only_up,Reactome,REACTOME_FOXO_MEDIATED_TRANSCRIPTION,Foxo mediated transcription,2,57,1040,0.0019,0.0039,0.499,0.9170995638713595,0.9999997563479469,"BTG1, AKT3",False
fibrosis_only_up,Reactome,REACTOME_PTEN_REGULATION,Pten regulation,6,135,1040,0.0058,0.0091,0.632,0.9196951008308265,0.9999997563479469,"LAMTOR4, GATAD2A, PML, AKT3, CHD3, EGR1",False
fibrosis_only_up,Reactome,REACTOME_MITOCHONDRIAL_PROTEIN_IMPORT,Mitochondrial protein import,2,58,1040,0.0019,0.0039,0.491,0.9218472228598822,0.9999997563479469,"SLC25A12, IDH3G",False
fibrosis_only_up,Reactome,REACTOME_FORMATION_OF_RNA_POL_II_ELONGATION_COMPLEX,Formation of rna pol ii elongation complex,2,58,1040,0.0019,0.0039,0.491,0.9218472228598822,0.9999997563479469,"NELFB, MLLT3",False
fibrosis_only_up,Reactome,REACTOME_RUNX1_INTERACTS_WITH_CO_FACTORS_WHOSE_PRECISE_EFFECT_ON_RUNX1_TARGETS_IS_NOT_KNOWN,Runx1 interacts with co factors whose precise effect on runx1 targets is not known,1,35,1040,0.001,0.0024,0.406,0.9222507309973582,0.9999997563479469,CBFB,False
fibrosis_only_up,Reactome,REACTOME_MEIOTIC_RECOMBINATION,Meiotic recombination,1,35,1040,0.001,0.0024,0.406,0.9222507309973582,0.9999997563479469,CDK4,False
fibrosis_only_up,Reactome,REACTOME_INTERACTIONS_OF_REV_WITH_HOST_CELLULAR_PROTEINS,Interactions of rev with host cellular proteins,1,35,1040,0.001,0.0024,0.406,0.9222507309973582,0.9999997563479469,RCC1,False
fibrosis_only_up,Reactome,REACTOME_SIGNALING_BY_FGFR2_IN_DISEASE,Signaling by fgfr2 in disease,1,35,1040,0.001,0.0024,0.406,0.9222507309973582,0.9999997563479469,FGF17,False
fibrosis_only_up,Reactome,REACTOME_RNA_POLYMERASE_II_PRE_TRANSCRIPTION_EVENTS,Rna polymerase ii pre transcription events,3,79,1040,0.0029,0.0053,0.54,0.9229400775453048,0.9999997563479469,"TAF4B, NELFB, MLLT3",False
fibrosis_only_up,Reactome,REACTOME_FORMATION_OF_PARAXIAL_MESODERM,Formation of paraxial mesoderm,2,59,1040,0.0019,0.004,0.482,0.9263378831640869,0.9999997563479469,"DLL1, MAML2",False
fibrosis_only_up,Reactome,REACTOME_DEGRADATION_OF_BETA_CATENIN_BY_THE_DESTRUCTION_COMPLEX,Degradation of beta catenin by the destruction complex,3,80,1040,0.0029,0.0054,0.533,0.9268403283380282,0.9999997563479469,"TLE3, AXIN1, MYC",False
fibrosis_only_up,Reactome,REACTOME_PLASMA_LIPOPROTEIN_CLEARANCE,Plasma lipoprotein clearance,1,36,1040,0.001,0.0024,0.395,0.9277293704555022,0.9999997563479469,NCEH1,False
fibrosis_only_up,Reactome,REACTOME_DNA_DAMAGE_RECOGNITION_IN_GG_NER,Dna damage recognition in gg ner,1,36,1040,0.001,0.0024,0.395,0.9277293704555022,0.9999997563479469,TFPT,False
fibrosis_only_up,Reactome,REACTOME_SMAD2_SMAD3_SMAD4_HETEROTRIMER_REGULATES_TRANSCRIPTION,Smad2 smad3 smad4 heterotrimer regulates transcription,1,36,1040,0.001,0.0024,0.395,0.9277293704555022,0.9999997563479469,MYC,False
fibrosis_only_up,Reactome,REACTOME_MITOPHAGY,Mitophagy,1,36,1040,0.001,0.0024,0.395,0.9277293704555022,0.9999997563479469,SRC,False
fibrosis_only_up,Reactome,REACTOME_MATURATION_OF_SPIKE_PROTEIN,Maturation of spike protein,1,36,1040,0.001,0.0024,0.395,0.9277293704555022,0.9999997563479469,MGAT5,False
fibrosis_only_up,Reactome,REACTOME_SARS_COV_2_HOST_INTERACTIONS,Sars cov 2 host interactions,8,174,1040,0.0077,0.0118,0.654,0.9286679270934326,0.9999997563479469,"TLR2, NLRP3, AKT3, NOD1, RPS19, PTPN6, TLR8, IRF3",False
fibrosis_only_up,Reactome,REACTOME_CYCLIN_A_CDK2_ASSOCIATED_EVENTS_AT_S_PHASE_ENTRY,Cyclin a cdk2 associated events at s phase entry,3,81,1040,0.0029,0.0055,0.527,0.9305586590464119,0.9999997563479469,"CDK4, AKT3, MYC",False
fibrosis_only_up,Reactome,REACTOME_ASYMMETRIC_LOCALIZATION_OF_PCP_PROTEINS,Asymmetric localization of pcp proteins,2,60,1040,0.0019,0.0041,0.474,0.9305841720575435,0.9999997563479469,"PRICKLE1, FZD8",False
fibrosis_only_up,Reactome,REACTOME_CYTOSOLIC_SENSORS_OF_PATHOGEN_ASSOCIATED_DNA,Cytosolic sensors of pathogen associated dna,2,60,1040,0.0019,0.0041,0.474,0.9305841720575435,0.9999997563479469,"RIPK3, IRF3",False
fibrosis_only_up,Reactome,REACTOME_RNA_POLYMERASE_I_TRANSCRIPTION,Rna polymerase i transcription,2,60,1040,0.0019,0.0041,0.474,0.9305841720575435,0.9999997563479469,"GATAD2A, CHD3",False
fibrosis_only_up,Reactome,REACTOME_RESPIRATORY_SYNCYTIAL_VIRUS_INFECTION_PATHWAY,Respiratory syncytial virus infection pathway,4,101,1040,0.0038,0.0068,0.563,0.9311020682000776,0.9999997563479469,"AGRN, TLR2, IRF3, HSPG2",False
fibrosis_only_up,Reactome,REACTOME_SIGNALING_BY_RETINOIC_ACID,Signaling by retinoic acid,1,37,1040,0.001,0.0025,0.384,0.9328223000344613,0.9999997563479469,RARB,False
fibrosis_only_up,Reactome,REACTOME_FORMATION_OF_THE_CORNIFIED_ENVELOPE,Formation of the cornified envelope,1,37,1040,0.001,0.0025,0.384,0.9328223000344613,0.9999997563479469,KRT86,False
fibrosis_only_up,Reactome,REACTOME_SUMOYLATION_OF_UBIQUITINYLATION_PROTEINS,Sumoylation of ubiquitinylation proteins,1,37,1040,0.001,0.0025,0.384,0.9328223000344613,0.9999997563479469,PML,False
fibrosis_only_up,Reactome,REACTOME_ACTIVATION_OF_ATR_IN_RESPONSE_TO_REPLICATION_STRESS,Activation of atr in response to replication stress,1,37,1040,0.001,0.0025,0.384,0.9328223000344613,0.9999997563479469,MCM7,False
fibrosis_only_up,Reactome,REACTOME_CELLULAR_RESPONSE_TO_STARVATION,Cellular response to starvation,6,141,1040,0.0058,0.0095,0.605,0.9372559808820875,0.9999997563479469,"LAMTOR4, TCIRG1, TRIB3, RPL22L1, RPS19, ATP6V0B",False
fibrosis_only_up,Reactome,REACTOME_KERATINIZATION,Keratinization,1,38,1040,0.001,0.0026,0.374,0.9375566503742431,0.9999997563479469,KRT86,False
fibrosis_only_up,Reactome,REACTOME_FC_EPSILON_RECEPTOR_FCERI_SIGNALING,Fc epsilon receptor fceri signaling,5,123,1040,0.0048,0.0083,0.578,0.9393440829013401,0.9999997563479469,"LCP2, MAP3K1, SYK, BTK, NFATC1",False
fibrosis_only_up,Reactome,REACTOME_RECRUITMENT_OF_NUMA_TO_MITOTIC_CENTROSOMES,Recruitment of numa to mitotic centrosomes,3,84,1040,0.0029,0.0057,0.508,0.9406945376749516,0.9999997563479469,"HAUS7, CEP131, CEP135",False
fibrosis_only_up,Reactome,REACTOME_TRNA_AMINOACYLATION,Trna aminoacylation,1,39,1040,0.001,0.0026,0.365,0.9419576454684955,0.9999997563479469,WARS1,False
fibrosis_only_up,Reactome,REACTOME_TRANSCRIPTIONAL_REGULATION_BY_VENTX,Transcriptional regulation by ventx,1,39,1040,0.001,0.0026,0.365,0.9419576454684955,0.9999997563479469,CDKN2A,False
fibrosis_only_up,Reactome,REACTOME_TRANSLESION_SYNTHESIS_BY_Y_FAMILY_DNA_POLYMERASES_BYPASSES_LESIONS_ON_DNA_TEMPLATE,Translesion synthesis by y family dna polymerases bypasses lesions on dna template,1,39,1040,0.001,0.0026,0.365,0.9419576454684955,0.9999997563479469,MAD2L2,False
fibrosis_only_up,Reactome,REACTOME_G1_S_DNA_DAMAGE_CHECKPOINTS,G1 s dna damage checkpoints,2,63,1040,0.0019,0.0043,0.452,0.9419755851973384,0.9999997563479469,"CDKN2A, CHEK2",False
fibrosis_only_up,Reactome,REACTOME_HEDGEHOG_OFF_STATE,Hedgehog off state,4,105,1040,0.0038,0.0071,0.542,0.9431281190834577,0.9999997563479469,"TULP3, ADCY3, ADCY7, GPR161",False
fibrosis_only_up,Reactome,REACTOME_REGULATION_OF_PLK1_ACTIVITY_AT_G2_M_TRANSITION,Regulation of plk1 activity at g2 m transition,3,85,1040,0.0029,0.0057,0.502,0.9437565456010594,0.9999997563479469,"HAUS7, CEP131, CEP135",False
fibrosis_only_up,Reactome,REACTOME_RHO_GTPASES_ACTIVATE_FORMINS,Rho gtpases activate formins,5,125,1040,0.0048,0.0084,0.569,0.9445435069799953,0.9999997563479469,"SRC, FMNL1, KIF2A, FMNL2, FMNL3",False
fibrosis_only_up,Reactome,REACTOME_ACTIVATION_OF_ANTERIOR_HOX_GENES_IN_HINDBRAIN_DEVELOPMENT_DURING_EARLY_EMBRYOGENESIS,Activation of anterior hox genes in hindbrain development during early embryogenesis,2,64,1040,0.0019,0.0043,0.445,0.9453607280230393,0.9999997563479469,"RARB, HOXA1",False
fibrosis_only_up,Reactome,REACTOME_COPII_MEDIATED_VESICLE_TRANSPORT,Copii mediated vesicle transport,2,64,1040,0.0019,0.0043,0.445,0.9453607280230393,0.9999997563479469,"CTSC, FOLR1",False
fibrosis_only_up,Reactome,REACTOME_TRANSCRIPTIONAL_REGULATION_BY_RUNX2,Transcriptional regulation by runx2,4,106,1040,0.0038,0.0072,0.537,0.9458191966034635,0.9999997563479469,"CDK4, SRC, CBFB, AKT3",False
fibrosis_only_up,Reactome,REACTOME_FORMATION_OF_WDR5_CONTAINING_HISTONE_MODIFYING_COMPLEXES,Formation of wdr5 containing histone modifying complexes,1,40,1040,0.001,0.0027,0.356,0.9460487365367953,0.9999997563479469,YEATS2,False
fibrosis_only_up,Reactome,REACTOME_MTOR_SIGNALLING,Mtor signalling,1,40,1040,0.001,0.0027,0.356,0.9460487365367953,0.9999997563479469,LAMTOR4,False
fibrosis_only_up,Reactome,REACTOME_TRNA_MODIFICATION_IN_THE_NUCLEUS_AND_CYTOSOL,Trna modification in the nucleus and cytosol,1,40,1040,0.001,0.0027,0.356,0.9460487365367953,0.9999997563479469,TRMT1,False
fibrosis_only_up,Reactome,REACTOME_PCP_CE_PATHWAY,Pcp ce pathway,3,86,1040,0.0029,0.0058,0.496,0.9466712602631656,0.9999997563479469,"PRICKLE1, FZD8, RAC2",False
fibrosis_only_up,Reactome,REACTOME_RNA_POLYMERASE_III_TRANSCRIPTION,Rna polymerase iii transcription,1,41,1040,0.001,0.0028,0.347,0.9498517265057348,0.9999997563479469,SNAPC2,False
fibrosis_only_up,Reactome,REACTOME_BINDING_AND_UPTAKE_OF_LIGANDS_BY_SCAVENGER_RECEPTORS,Binding and uptake of ligands by scavenger receptors,1,41,1040,0.001,0.0028,0.347,0.9498517265057348,0.9999997563479469,SPARC,False
fibrosis_only_up,Reactome,REACTOME_UNFOLDED_PROTEIN_RESPONSE_UPR,Unfolded protein response upr,3,88,1040,0.0029,0.0059,0.485,0.952083776394943,0.9999997563479469,"TSPYL2, EXTL1, TLN1",False
fibrosis_only_up,Reactome,REACTOME_HIV_TRANSCRIPTION_ELONGATION,Hiv transcription elongation,1,43,1040,0.001,0.0029,0.331,0.956673059754616,0.9999997563479469,NELFB,False
fibrosis_only_up,Reactome,REACTOME_TRANSCRIPTION_OF_THE_HIV_GENOME,Transcription of the hiv genome,2,68,1040,0.0019,0.0046,0.418,0.9571106777549055,0.9999997563479469,"TAF4B, NELFB",False
fibrosis_only_up,Reactome,REACTOME_CLASS_I_MHC_MEDIATED_ANTIGEN_PROCESSING_PRESENTATION,Class i mhc mediated antigen processing presentation,17,348,1040,0.0163,0.0235,0.695,0.9604001058389183,0.9999997563479469,"TLR2, ITGB5, KLHL3, SOCS1, FBXO6, RNF19B, TRIM69, ASB6, BTK, ASB2, FBXW9, FBXL7, FBXO41, CYBA, CBLB, NCF4, NCF2",False
fibrosis_only_up,Reactome,REACTOME_RESPONSE_OF_EIF2AK4_GCN2_TO_AMINO_ACID_DEFICIENCY,Response of eif2ak4 gcn2 to amino acid deficiency,3,92,1040,0.0029,0.0062,0.464,0.9614043542275689,0.9999997563479469,"TRIB3, RPL22L1, RPS19",False
fibrosis_only_up,Reactome,REACTOME_COPI_MEDIATED_ANTEROGRADE_TRANSPORT,Copi mediated anterograde transport,3,92,1040,0.0029,0.0062,0.464,0.9614043542275689,0.9999997563479469,"FOLR1, ANK3, COPE",False
fibrosis_only_up,Reactome,REACTOME_TELOMERE_MAINTENANCE,Telomere maintenance,2,70,1040,0.0019,0.0047,0.406,0.9620373770360084,0.9999997563479469,"LIG1, ACD",False
fibrosis_only_up,Reactome,REACTOME_HIV_TRANSCRIPTION_INITIATION,Hiv transcription initiation,1,45,1040,0.001,0.003,0.316,0.9625673026875368,0.9999997563479469,TAF4B,False
fibrosis_only_up,Reactome,REACTOME_SARS_COV_2_MODULATES_HOST_TRANSLATION_MACHINERY,Sars cov 2 modulates host translation machinery,1,45,1040,0.001,0.003,0.316,0.9625673026875368,0.9999997563479469,RPS19,False
fibrosis_only_up,Reactome,REACTOME_ISG15_ANTIVIRAL_MECHANISM,Isg15 antiviral mechanism,2,71,1040,0.0019,0.0048,0.401,0.9642923250809786,0.9999997563479469,"PIN1, IRF3",False
fibrosis_only_up,Reactome,REACTOME_SUMOYLATION_OF_DNA_DAMAGE_RESPONSE_AND_REPAIR_PROTEINS,Sumoylation of dna damage response and repair proteins,2,71,1040,0.0019,0.0048,0.401,0.9642923250809786,0.9999997563479469,"CDKN2A, PML",False
fibrosis_only_up,Reactome,REACTOME_ANCHORING_OF_THE_BASAL_BODY_TO_THE_PLASMA_MEMBRANE,Anchoring of the basal body to the plasma membrane,3,94,1040,0.0029,0.0064,0.454,0.965398430631164,0.9999997563479469,"HAUS7, CEP131, CEP135",False
fibrosis_only_up,Reactome,REACTOME_PROTEIN_LOCALIZATION,Protein localization,6,155,1040,0.0058,0.0105,0.551,0.9656410964092508,0.9999997563479469,"IDH3G, MPV17, ABCD2, SLC25A12, ABCD1, STX1A",False
fibrosis_only_up,Reactome,REACTOME_CARGO_TRAFFICKING_TO_THE_PERICILIARY_MEMBRANE,Cargo trafficking to the periciliary membrane,1,47,1040,0.001,0.0032,0.303,0.9676603518819445,0.9999997563479469,ASAP1,False
fibrosis_only_up,Reactome,REACTOME_ABC_TRANSPORTER_DISORDERS,Abc transporter disorders,2,73,1040,0.0019,0.0049,0.39,0.9684220897921847,0.9999997563479469,"ABCD1, ABCA12",False
fibrosis_only_up,Reactome,REACTOME_SPHINGOLIPID_METABOLISM,Sphingolipid metabolism,3,96,1040,0.0029,0.0065,0.445,0.9690005460087825,0.9999997563479469,"B4GALT5, ABCC1, UGCG",False
fibrosis_only_up,Reactome,REACTOME_DEUBIQUITINATION,Deubiquitination,10,233,1040,0.0096,0.0157,0.611,0.9697337848113383,0.9999997563479469,"TNIP2, USP11, AXIN1, MYC, NLRP3, NOD1, TFPT, JOSD2, ARRB1, TGFB1",False
fibrosis_only_up,Reactome,REACTOME_SOMITOGENESIS,Somitogenesis,1,48,1040,0.001,0.0032,0.296,0.9699410350068363,0.9999997563479469,DLL1,False
fibrosis_only_up,Reactome,REACTOME_DNA_DAMAGE_BYPASS,Dna damage bypass,1,48,1040,0.001,0.0032,0.296,0.9699410350068363,0.9999997563479469,MAD2L2,False
fibrosis_only_up,Reactome,REACTOME_DNA_DOUBLE_STRAND_BREAK_RESPONSE,Dna double strand break response,1,48,1040,0.001,0.0032,0.296,0.9699410350068363,0.9999997563479469,CHEK2,False
fibrosis_only_up,Reactome,REACTOME_INTRAFLAGELLAR_TRANSPORT,Intraflagellar transport,1,48,1040,0.001,0.0032,0.296,0.9699410350068363,0.9999997563479469,KIF3C,False
fibrosis_only_up,Reactome,REACTOME_BIOLOGICAL_OXIDATIONS,Biological oxidations,7,178,1040,0.0067,0.012,0.559,0.9708341582139474,0.9999997563479469,"PTGS1, ACSM1, PTGIS, SULT1C4, FMO2, SMOX, CYP27B1",False
fibrosis_only_up,Reactome,REACTOME_RETROGRADE_TRANSPORT_AT_THE_TRANS_GOLGI_NETWORK,Retrograde transport at the trans golgi network,1,49,1040,0.001,0.0033,0.29,0.972061021687488,0.9999997563479469,RAB9B,False
fibrosis_only_up,Reactome,REACTOME_TCF_DEPENDENT_SIGNALING_IN_RESPONSE_TO_WNT,Tcf dependent signaling in response to wnt,6,161,1040,0.0058,0.0109,0.53,0.9737295856056808,0.9999997563479469,"TLE3, DKK2, AXIN1, MYC, PYGO1, FZD8",False
fibrosis_only_up,Reactome,REACTOME_TRANSCRIPTIONAL_ACTIVITY_OF_SMAD2_SMAD3_SMAD4_HETEROTRIMER,Transcriptional activity of smad2 smad3 smad4 heterotrimer,1,50,1040,0.001,0.0034,0.284,0.9740316244304525,0.9999997563479469,MYC,False
fibrosis_only_up,Reactome,REACTOME_APOPTOTIC_EXECUTION_PHASE,Apoptotic execution phase,1,50,1040,0.001,0.0034,0.284,0.9740316244304525,0.9999997563479469,H1-3,False
fibrosis_only_up,Reactome,REACTOME_DEGRADATION_OF_AXIN,Degradation of axin,1,51,1040,0.001,0.0034,0.279,0.9758633600918964,0.9999997563479469,AXIN1,False
fibrosis_only_up,Reactome,REACTOME_HIV_INFECTION,Hiv infection,9,221,1040,0.0087,0.0149,0.579,0.976456197122531,0.9999997563479469,"TAF4B, RCC1, AP1M2, NELFB, HMGA1, DOCK2, CD247, LIG1, PACS1",False
fibrosis_only_up,Reactome,REACTOME_HIV_LIFE_CYCLE,Hiv life cycle,5,144,1040,0.0048,0.0097,0.494,0.97718012012156,0.9999997563479469,"TAF4B, RCC1, NELFB, HMGA1, LIG1",False
fibrosis_only_up,Reactome,REACTOME_DEADENYLATION_DEPENDENT_MRNA_DECAY,Deadenylation dependent mrna decay,1,52,1040,0.001,0.0035,0.274,0.9775660057884594,0.9999997563479469,LSM4,False
fibrosis_only_up,Reactome,REACTOME_SUMOYLATION_OF_CHROMATIN_ORGANIZATION_PROTEINS,Sumoylation of chromatin organization proteins,1,52,1040,0.001,0.0035,0.274,0.9775660057884594,0.9999997563479469,CHD3,False
fibrosis_only_up,Reactome,REACTOME_TNF_SIGNALING,Tnf signaling,1,53,1040,0.001,0.0036,0.268,0.979148650882748,0.9999997563479469,CLIP3,False
fibrosis_only_up,Reactome,REACTOME_ACTIVATION_OF_THE_MRNA_UPON_BINDING_OF_THE_CAP_BINDING_COMPLEX_AND_EIFS_AND_SUBSEQUENT_BINDING_TO_43S,Activation of the mrna upon binding of the cap binding complex and eifs and subsequent binding to 43s,1,54,1040,0.001,0.0037,0.263,0.9806197453188068,0.9999997563479469,RPS19,False
fibrosis_only_up,Reactome,REACTOME_GLOBAL_GENOME_NUCLEOTIDE_EXCISION_REPAIR_GG_NER,Global genome nucleotide excision repair gg ner,2,81,1040,0.0019,0.0055,0.351,0.9807891796702521,0.9999997563479469,"LIG1, TFPT",False
fibrosis_only_up,Reactome,REACTOME_MAPK6_MAPK4_SIGNALING,Mapk6 mapk4 signaling,2,81,1040,0.0019,0.0055,0.351,0.9807891796702521,0.9999997563479469,"CCND3, MYC",False
fibrosis_only_up,Reactome,REACTOME_UCH_PROTEINASES,Uch proteinases,2,81,1040,0.0019,0.0055,0.351,0.9807891796702521,0.9999997563479469,"TFPT, TGFB1",False
fibrosis_only_up,Reactome,REACTOME_EUKARYOTIC_TRANSLATION_ELONGATION,Eukaryotic translation elongation,2,83,1040,0.0019,0.0056,0.343,0.983054561537574,0.9999997563479469,"RPL22L1, RPS19",False
fibrosis_only_up,Reactome,REACTOME_TRANSCRIPTIONAL_REGULATION_BY_TP53,Transcriptional regulation by tp53,15,340,1040,0.0144,0.023,0.628,0.9834429202658608,0.9999997563479469,"PLAGL1, LAMTOR4, G6PD, TAF4B, GATAD2A, PLK3, PML, AKT3, CDKN2A, CHD3, DYRK2, NELFB, PIP4K2A, PIN1, CHEK2",False
fibrosis_only_up,Reactome,REACTOME_SLC_TRANSPORTER_DISORDERS,Slc transporter disorders,2,84,1040,0.0019,0.0057,0.339,0.9840877328512965,0.9999997563479469,"SLC7A7, HK1",False
fibrosis_only_up,Reactome,REACTOME_SCF_SKP2_MEDIATED_DEGRADATION_OF_P27_P21,Scf skp2 mediated degradation of p27 p21,1,57,1040,0.001,0.0039,0.25,0.9844395547412903,0.9999997563479469,CDK4,False
fibrosis_only_up,Reactome,REACTOME_SYNTHESIS_OF_SUBSTRATES_IN_N_GLYCAN_BIOSYTHESIS,Synthesis of substrates in n glycan biosythesis,1,57,1040,0.001,0.0039,0.25,0.9844395547412903,0.9999997563479469,HK1,False
fibrosis_only_up,Reactome,REACTOME_REGULATED_NECROSIS,Regulated necrosis,1,57,1040,0.001,0.0039,0.25,0.9844395547412903,0.9999997563479469,RIPK3,False
fibrosis_only_up,Reactome,REACTOME_REGULATION_OF_ENDOGENOUS_RETROELEMENTS,Regulation of endogenous retroelements,2,85,1040,0.0019,0.0057,0.335,0.9850595686886516,0.9999997563479469,"GATAD2A, CHD3",False
fibrosis_only_up,Reactome,REACTOME_RRNA_MODIFICATION_IN_THE_NUCLEUS_AND_CYTOSOL,Rrna modification in the nucleus and cytosol,1,58,1040,0.001,0.0039,0.245,0.985537665826929,0.9999997563479469,DHX37,False
fibrosis_only_up,Reactome,REACTOME_PHASE_II_CONJUGATION_OF_COMPOUNDS,Phase ii conjugation of compounds,2,86,1040,0.0019,0.0058,0.331,0.9859735760321156,0.9999997563479469,"ACSM1, SULT1C4",False
fibrosis_only_up,Reactome,REACTOME_REGULATION_OF_EXPRESSION_OF_SLITS_AND_ROBOS,Regulation of expression of slits and robos,5,155,1040,0.0048,0.0105,0.459,0.9867126365180069,0.9999997563479469,"DAG1, RPS19, RPL22L1, ROBO1, MSI1",False
fibrosis_only_up,Reactome,REACTOME_S_PHASE,S phase,5,156,1040,0.0048,0.0105,0.456,0.9873610388209352,0.9999997563479469,"MYC, MCM7, AKT3, CDK4, LIG1",False
fibrosis_only_up,Reactome,REACTOME_HEDGEHOG_LIGAND_BIOGENESIS,Hedgehog ligand biogenesis,1,60,1040,0.001,0.0041,0.237,0.9875070666446949,0.9999997563479469,HHAT,False
fibrosis_only_up,Reactome,REACTOME_TP53_REGULATES_TRANSCRIPTION_OF_DNA_REPAIR_GENES,Tp53 regulates transcription of dna repair genes,1,62,1040,0.001,0.0042,0.229,0.9892085078160782,0.9999997563479469,NELFB,False
fibrosis_only_up,Reactome,REACTOME_METABOLISM_OF_STEROIDS,Metabolism of steroids,4,138,1040,0.0038,0.0093,0.412,0.9895259340000552,0.9999997563479469,"CYP27B1, AKR1B1, OSBPL7, OSBPL3",False
fibrosis_only_up,Reactome,REACTOME_PEROXISOMAL_PROTEIN_IMPORT,Peroxisomal protein import,1,63,1040,0.001,0.0043,0.226,0.9899703291486386,0.9999997563479469,MPV17,False
fibrosis_only_up,Reactome,REACTOME_REGULATION_OF_RUNX2_EXPRESSION_AND_ACTIVITY,Regulation of runx2 expression and activity,1,63,1040,0.001,0.0043,0.226,0.9899703291486386,0.9999997563479469,CBFB,False
fibrosis_only_up,Reactome,REACTOME_RNA_POLYMERASE_II_TRANSCRIPTION_TERMINATION,Rna polymerase ii transcription termination,1,63,1040,0.001,0.0043,0.226,0.9899703291486386,0.9999997563479469,THOC6,False
fibrosis_only_up,Reactome,REACTOME_TRANSLOCATION_OF_SLC2A4_GLUT4_TO_THE_PLASMA_MEMBRANE,Translocation of slc2a4 glut4 to the plasma membrane,1,64,1040,0.001,0.0043,0.222,0.990678418055394,0.9999997563479469,MYH9,False
fibrosis_only_up,Reactome,REACTOME_REGULATION_OF_PTEN_STABILITY_AND_ACTIVITY,Regulation of pten stability and activity,1,65,1040,0.001,0.0044,0.219,0.9913365609761267,0.9999997563479469,AKT3,False
fibrosis_only_up,Reactome,REACTOME_G2_M_DNA_DAMAGE_CHECKPOINT,G2 m dna damage checkpoint,1,65,1040,0.001,0.0044,0.219,0.9913365609761267,0.9999997563479469,CHEK2,False
fibrosis_only_up,Reactome,REACTOME_ER_TO_GOLGI_ANTEROGRADE_TRANSPORT,Er to golgi anterograde transport,4,142,1040,0.0038,0.0096,0.401,0.991561542281595,0.9999997563479469,"CTSC, FOLR1, ANK3, COPE",False
fibrosis_only_up,Reactome,REACTOME_CHROMOSOME_MAINTENANCE,Chromosome maintenance,2,94,1040,0.0019,0.0064,0.303,0.9915662727680672,0.9999997563479469,"LIG1, ACD",False
fibrosis_only_up,Reactome,REACTOME_PROCESSING_OF_DNA_DOUBLE_STRAND_BREAK_ENDS,Processing of dna double strand break ends,1,66,1040,0.001,0.0045,0.216,0.9919482777651026,0.9999997563479469,PPP4C,False
fibrosis_only_up,Reactome,REACTOME_ORC1_REMOVAL_FROM_CHROMATIN,Orc1 removal from chromatin,1,66,1040,0.001,0.0045,0.216,0.9919482777651026,0.9999997563479469,MCM7,False
fibrosis_only_up,Reactome,REACTOME_NUCLEAR_ENVELOPE_NE_REASSEMBLY,Nuclear envelope ne reassembly,1,66,1040,0.001,0.0045,0.216,0.9919482777651026,0.9999997563479469,RCC1,False
fibrosis_only_up,Reactome,REACTOME_ANTIGEN_PROCESSING_UBIQUITINATION_PROTEASOME_DEGRADATION,Antigen processing ubiquitination proteasome degradation,11,286,1040,0.0106,0.0193,0.547,0.9921261241491547,0.9999997563479469,"KLHL3, SOCS1, FBXO6, RNF19B, TRIM69, ASB6, ASB2, FBXW9, FBXL7, FBXO41, CBLB",False
fibrosis_only_up,Reactome,REACTOME_HDR_THROUGH_HOMOLOGOUS_RECOMBINATION_HRR,Hdr through homologous recombination hrr,1,67,1040,0.001,0.0045,0.212,0.9925168404432866,0.9999997563479469,MUS81,False
fibrosis_only_up,Reactome,REACTOME_APOPTOSIS,Apoptosis,5,167,1040,0.0048,0.0113,0.426,0.9927738903491732,0.9999997563479469,"STAT3, CDKN2A, AKT3, H1-3, BCL2",False
fibrosis_only_up,Reactome,REACTOME_NEDDYLATION,Neddylation,8,230,1040,0.0077,0.0155,0.495,0.9929768821102712,0.9999997563479469,"KLHL3, COMMD8, FBXO6, ASB6, ASB2, FBXW9, FBXL7, FBXO41",False
fibrosis_only_up,Reactome,REACTOME_CELLULAR_RESPONSE_TO_HYPOXIA,Cellular response to hypoxia,1,69,1040,0.001,0.0047,0.206,0.993536455765222,0.9999997563479469,CA9,False
fibrosis_only_up,Reactome,REACTOME_BIOSYNTHESIS_OF_THE_N_GLYCAN_PRECURSOR_DOLICHOL_LIPID_LINKED_OLIGOSACCHARIDE_LLO_AND_TRANSFER_TO_A_NASCENT_PROTEIN,Biosynthesis of the n glycan precursor dolichol lipid linked oligosaccharide llo and transfer to a nascent protein,1,71,1040,0.001,0.0048,0.2,0.9944172589964823,0.9999997563479469,HK1,False
fibrosis_only_up,Reactome,REACTOME_RNA_POLYMERASE_II_TRANSCRIBES_SNRNA_GENES,Rna polymerase ii transcribes snrna genes,1,73,1040,0.001,0.0049,0.195,0.9951781325476738,0.9999997563479469,SNAPC2,False
fibrosis_only_up,Reactome,REACTOME_NONSENSE_MEDIATED_DECAY_NMD,Nonsense mediated decay nmd,2,103,1040,0.0019,0.007,0.276,0.9952747559642842,0.9999997563479469,"RPL22L1, RPS19",False
fibrosis_only_up,Reactome,REACTOME_PROGRAMMED_CELL_DEATH,Programmed cell death,6,197,1040,0.0058,0.0133,0.433,0.9952917780558981,0.9999997563479469,"STAT3, CDKN2A, AKT3, RIPK3, H1-3, BCL2",False
fibrosis_only_up,Reactome,REACTOME_HCMV_EARLY_EVENTS,Hcmv early events,1,74,1040,0.001,0.005,0.192,0.995518784823363,0.9999997563479469,PML,False
fibrosis_only_up,Reactome,REACTOME_DOWNSTREAM_SIGNALING_EVENTS_OF_B_CELL_RECEPTOR_BCR,Downstream signaling events of b cell receptor bcr,1,74,1040,0.001,0.005,0.192,0.995518784823363,0.9999997563479469,NFATC1,False
fibrosis_only_up,Reactome,REACTOME_SRP_DEPENDENT_COTRANSLATIONAL_PROTEIN_TARGETING_TO_MEMBRANE,Srp dependent cotranslational protein targeting to membrane,2,104,1040,0.0019,0.007,0.274,0.9955711658862921,0.9999997563479469,"RPL22L1, RPS19",False
fibrosis_only_up,Reactome,REACTOME_NUCLEOTIDE_EXCISION_REPAIR,Nucleotide excision repair,2,105,1040,0.0019,0.0071,0.271,0.9958493058127637,0.9999997563479469,"LIG1, TFPT",False
fibrosis_only_up,Reactome,REACTOME_HOMOLOGY_DIRECTED_REPAIR,Homology directed repair,2,106,1040,0.0019,0.0072,0.268,0.9961102763809462,0.9999997563479469,"PPP4C, MUS81",False
fibrosis_only_up,Reactome,REACTOME_SELENOAMINO_ACID_METABOLISM,Selenoamino acid metabolism,2,106,1040,0.0019,0.0072,0.268,0.9961102763809462,0.9999997563479469,"RPL22L1, RPS19",False
fibrosis_only_up,Reactome,REACTOME_TRANSPORT_OF_MATURE_TRANSCRIPT_TO_CYTOPLASM,Transport of mature transcript to cytoplasm,1,76,1040,0.001,0.0051,0.187,0.9961296509869644,0.9999997563479469,THOC6,False
fibrosis_only_up,Reactome,REACTOME_TRANSCRIPTION_COUPLED_NUCLEOTIDE_EXCISION_REPAIR_TC_NER,Transcription coupled nucleotide excision repair tc ner,1,76,1040,0.001,0.0051,0.187,0.9961296509869644,0.9999997563479469,LIG1,False
fibrosis_only_up,Reactome,REACTOME_DISORDERS_OF_TRANSMEMBRANE_TRANSPORTERS,Disorders of transmembrane transporters,4,157,1040,0.0038,0.0106,0.362,0.9963110773849578,0.9999997563479469,"HK1, SLC7A7, ABCD1, ABCA12",False
fibrosis_only_up,Reactome,REACTOME_SUMOYLATION,Sumoylation,4,159,1040,0.0038,0.0107,0.358,0.9967026375030666,0.9999997563479469,"HIC1, CHD3, PML, CDKN2A",False
fibrosis_only_up,Reactome,REACTOME_DNA_DOUBLE_STRAND_BREAK_REPAIR,Dna double strand break repair,3,135,1040,0.0029,0.0091,0.316,0.9967470521920578,0.9999997563479469,"PPP4C, CHEK2, MUS81",False
fibrosis_only_up,Reactome,REACTOME_EUKARYOTIC_TRANSLATION_INITIATION,Eukaryotic translation initiation,2,109,1040,0.0019,0.0074,0.261,0.9968002356795359,0.9999997563479469,"RPL22L1, RPS19",False
fibrosis_only_up,Reactome,REACTOME_UB_SPECIFIC_PROCESSING_PROTEASES,Ub specific processing proteases,4,160,1040,0.0038,0.0108,0.356,0.9968830291645372,0.9999997563479469,"USP11, ARRB1, AXIN1, MYC",False
fibrosis_only_up,Reactome,REACTOME_SIGNALING_BY_NOTCH4,Signaling by notch4,1,79,1040,0.001,0.0053,0.18,0.9968935469043038,0.9999997563479469,MAML2,False
fibrosis_only_up,Reactome,REACTOME_SELECTIVE_AUTOPHAGY,Selective autophagy,1,79,1040,0.001,0.0053,0.18,0.9968935469043038,0.9999997563479469,SRC,False
fibrosis_only_up,Reactome,REACTOME_CILIUM_ASSEMBLY,Cilium assembly,5,184,1040,0.0048,0.0124,0.387,0.9970406741683149,0.9999997563479469,"HAUS7, CEP135, ASAP1, CEP131, KIF3C",False
fibrosis_only_up,Reactome,REACTOME_CHROMATIN_MODIFYING_ENZYMES,Chromatin modifying enzymes,6,207,1040,0.0058,0.014,0.412,0.9971606702389755,0.9999997563479469,"GATAD2A, BRMS1, YEATS2, CDK4, ARID5B, CHD3",False
fibrosis_only_up,Reactome,REACTOME_GENE_SILENCING_BY_RNA,Gene silencing by rna,1,81,1040,0.001,0.0055,0.176,0.9973171481382747,0.9999997563479469,HENMT1,False
fibrosis_only_up,Reactome,REACTOME_SYNTHESIS_OF_DNA,Synthesis of dna,2,115,1040,0.0019,0.0078,0.247,0.9978388590698136,0.9999997563479469,"LIG1, MCM7",False
fibrosis_only_up,Reactome,REACTOME_HATS_ACETYLATE_HISTONES,Hats acetylate histones,1,84,1040,0.001,0.0057,0.169,0.9978468331087496,0.9999997563479469,YEATS2,False
fibrosis_only_up,Reactome,REACTOME_ASPARAGINE_N_LINKED_GLYCOSYLATION,Asparagine n linked glycosylation,9,277,1040,0.0087,0.0187,0.462,0.9979277621021714,0.9999997563479469,"MGAT5, HK1, CHST10, MGAT3, COPE, CTSC, B4GALT5, FOLR1, ANK3",False
fibrosis_only_up,Reactome,REACTOME_REGULATION_OF_LIPID_METABOLISM_BY_PPARALPHA,Regulation of lipid metabolism by pparalpha,2,116,1040,0.0019,0.0078,0.245,0.9979761679803516,0.9999997563479469,"TNFRSF21, TRIB3",False
fibrosis_only_up,Reactome,REACTOME_INFLUENZA_INFECTION,Influenza infection,3,145,1040,0.0029,0.0098,0.294,0.9982231414649659,0.9999997563479469,"TGFB1, RPL22L1, RPS19",False
fibrosis_only_up,Reactome,REACTOME_AUTOPHAGY,Autophagy,3,145,1040,0.0029,0.0098,0.294,0.9982231414649659,0.9999997563479469,"ATG101, LAMTOR4, SRC",False
fibrosis_only_up,Reactome,REACTOME_SWITCHING_OF_ORIGINS_TO_A_POST_REPLICATIVE_STATE,Switching of origins to a post replicative state,1,87,1040,0.001,0.0059,0.164,0.9982720209234615,0.9999997563479469,MCM7,False
fibrosis_only_up,Reactome,REACTOME_DNA_REPAIR,Dna repair,9,285,1040,0.0087,0.0193,0.449,0.9985749859520755,0.9999997563479469,"MAD2L2, FANCB, MUS81, PPP4C, PNKP, LIG1, ACD, CHEK2, TFPT",False
fibrosis_only_up,Reactome,REACTOME_MITOTIC_G2_G2_M_PHASES,Mitotic g2 g2 m phases,4,179,1040,0.0038,0.0121,0.318,0.9989491310692797,0.9999997563479469,"HAUS7, CEP131, CEP135, FBXL7",False
fibrosis_only_up,Reactome,REACTOME_HCMV_INFECTION,Hcmv infection,1,97,1040,0.001,0.0066,0.147,0.9991702861584267,0.9999997563479469,PML,False
fibrosis_only_up,Reactome,REACTOME_DNA_REPLICATION,Dna replication,2,130,1040,0.0019,0.0088,0.219,0.9991978491336752,0.9999997563479469,"LIG1, MCM7",False
fibrosis_only_up,Reactome,REACTOME_TRNA_PROCESSING,Trna processing,1,100,1040,0.001,0.0068,0.142,0.9993342649396172,0.9999997563479469,TRMT1,False
fibrosis_only_up,Reactome,REACTOME_MITOTIC_PROMETAPHASE,Mitotic prometaphase,4,188,1040,0.0038,0.0127,0.303,0.9993789963650902,0.9999997563479469,"HAUS7, CEP131, KIF2A, CEP135",False
fibrosis_only_up,Reactome,REACTOME_G2_M_CHECKPOINTS,G2 m checkpoints,2,134,1040,0.0019,0.0091,0.212,0.9993854738840234,0.9999997563479469,"MCM7, CHEK2",False
fibrosis_only_up,Reactome,REACTOME_DNA_REPLICATION_PRE_INITIATION,Dna replication pre initiation,1,105,1040,0.001,0.0071,0.135,0.9995388117569738,0.9999997563479469,MCM7,False
fibrosis_only_up,Reactome,REACTOME_MITOTIC_SPINDLE_CHECKPOINT,Mitotic spindle checkpoint,1,106,1040,0.001,0.0072,0.134,0.9995714644748407,0.9999997563479469,KIF2A,False
fibrosis_only_up,Reactome,REACTOME_RESOLUTION_OF_SISTER_CHROMATID_COHESION,Resolution of sister chromatid cohesion,1,115,1040,0.001,0.0078,0.124,0.9997787604151326,0.9999997563479469,KIF2A,False
fibrosis_only_up,Reactome,REACTOME_METABOLISM_OF_AMINO_ACIDS_AND_DERIVATIVES,Metabolism of amino acids and derivatives,9,326,1040,0.0087,0.022,0.393,0.9998081993804042,0.9999997563479469,"SRM, HDC, RPL22L1, RPS19, SMOX, RIMKLB, SLC6A11, CKB, SLC25A12",False
fibrosis_only_up,Reactome,REACTOME_CELL_CYCLE_MITOTIC,Cell cycle mitotic,16,479,1040,0.0154,0.0324,0.475,0.9998579021366882,0.9999997563479469,"CDKN2C, HAUS7, SRC, KIF2A, RCC1, MYC, MCM7, CDKN2A, AKT3, CEP135, LIG1, CDK4, CDKN1C, FBXL7, CEP131, CCND3",False
fibrosis_only_up,Reactome,REACTOME_RRNA_PROCESSING,Rrna processing,3,187,1040,0.0029,0.0126,0.228,0.9998708884059867,0.9999997563479469,"DHX37, RPL22L1, RPS19",False
fibrosis_only_up,Reactome,REACTOME_EPIGENETIC_REGULATION_OF_GENE_EXPRESSION,Epigenetic regulation of gene expression,3,194,1040,0.0029,0.0131,0.22,0.9999174706892358,0.9999997563479469,"GATAD2A, CHD3, YEATS2",False
fibrosis_only_up,Reactome,REACTOME_RESPIRATORY_ELECTRON_TRANSPORT,Respiratory electron transport,1,131,1040,0.001,0.0089,0.109,0.9999317710230121,0.9999997563479469,SLC25A12,False
fibrosis_only_up,Reactome,REACTOME_ORGANELLE_BIOGENESIS_AND_MAINTENANCE,Organelle biogenesis and maintenance,5,275,1040,0.0048,0.0186,0.259,0.9999837526875691,0.9999997563479469,"HAUS7, CEP135, ASAP1, CEP131, KIF3C",False
fibrosis_only_up,Reactome,REACTOME_CELL_CYCLE_CHECKPOINTS,Cell cycle checkpoints,4,252,1040,0.0038,0.017,0.226,0.9999874058867192,0.9999997563479469,"CHEK2, CDKN2A, MCM7, KIF2A",False
fibrosis_only_up,Reactome,REACTOME_MRNA_SPLICING,Mrna splicing,2,200,1040,0.0019,0.0135,0.142,0.9999931218169098,0.9999997563479469,"LSM4, DHX8",False
fibrosis_only_up,Reactome,REACTOME_SEPARATION_OF_SISTER_CHROMATIDS,Separation of sister chromatids,1,175,1040,0.001,0.0118,0.081,0.9999973330061407,0.9999997563479469,KIF2A,False
fibrosis_only_up,Reactome,REACTOME_MITOTIC_METAPHASE_AND_ANAPHASE,Mitotic metaphase and anaphase,2,218,1040,0.0019,0.0147,0.131,0.9999980277035957,0.9999997563479469,"KIF2A, RCC1",False
fibrosis_only_up,Reactome,REACTOME_AEROBIC_RESPIRATION_AND_RESPIRATORY_ELECTRON_TRANSPORT,Aerobic respiration and respiratory electron transport,2,222,1040,0.0019,0.015,0.128,0.9999985074015424,0.9999997563479469,"SLC25A12, IDH3G",False
fibrosis_only_up,Reactome,REACTOME_PROCESSING_OF_CAPPED_INTRON_CONTAINING_PRE_MRNA,Processing of capped intron containing pre mrna,3,266,1040,0.0029,0.018,0.16,0.9999992699299313,0.9999997563479469,"LSM4, THOC6, DHX8",False
fibrosis_only_up,Reactome,REACTOME_TRANSLATION,Translation,3,268,1040,0.0029,0.0181,0.159,0.9999993614872457,0.9999997563479469,"WARS1, RPL22L1, RPS19",False
fibrosis_only_up,Reactome,REACTOME_M_PHASE,M phase,5,343,1040,0.0048,0.0232,0.207,0.9999997563479469,0.9999997563479469,"HAUS7, RCC1, KIF2A, CEP135, CEP131",False
