ensembl_id,symbol,rel,disease_id,rho,q,n_studies,direction
ENSG00000102452,NALCN,TRACKS_FIBROSIS,EFO_0003095,0.583158641945115,1.2858240783112494e-39,5,rises
ENSG00000102287,GABRE,TRACKS_FIBROSIS,EFO_0003095,0.574420323535694,3.09028183615898e-34,5,rises
ENSG00000104435,STMN2,TRACKS_FIBROSIS,EFO_0003095,0.5741182109038109,6.910746606492738e-52,5,rises
ENSG00000134769,DTNA,TRACKS_FIBROSIS,EFO_0003095,0.5640012284726714,2.0160400578661293e-46,5,rises
ENSG00000050555,LAMC3,TRACKS_FIBROSIS,EFO_0003095,0.5585367795328905,6.76939836681045e-41,5,rises
ENSG00000174348,PODN,TRACKS_FIBROSIS,EFO_0003095,0.5423296848160156,7.719713869837273e-39,5,rises
ENSG00000203805,PLPP4,TRACKS_FIBROSIS,EFO_0003095,0.5328116528113829,1.2892869749381845e-30,5,rises
ENSG00000163531,NFASC,TRACKS_FIBROSIS,EFO_0003095,0.5323224196063131,8.155405108639787e-35,5,rises
ENSG00000187144,SPATA21,TRACKS_FIBROSIS,EFO_0003095,0.5315490929323395,3.3298445580213896e-31,5,rises
ENSG00000119681,LTBP2,TRACKS_FIBROSIS,EFO_0003095,0.5306144544353507,4.6967496990511034e-42,5,rises
ENSG00000115009,CCL20,TRACKS_FIBROSIS,EFO_0003095,0.52567025720983,3.9413092778859065e-33,5,rises
ENSG00000008517,IL32,TRACKS_FIBROSIS,EFO_0003095,0.5218844120702578,3.0590609815341026e-33,5,rises
ENSG00000044524,EPHA3,TRACKS_FIBROSIS,EFO_0003095,0.5210339982991488,2.506176761187477e-29,5,rises
ENSG00000197859,ADAMTSL2,TRACKS_FIBROSIS,EFO_0003095,0.5151079520989461,1.0112716107279417e-34,5,rises
ENSG00000186340,THBS2,TRACKS_FIBROSIS,EFO_0003095,0.5141632036101985,1.728238326449826e-39,5,rises
ENSG00000162909,CAPN2,TRACKS_FIBROSIS,EFO_0003095,0.5132864691190191,9.318453217260038e-33,5,rises
ENSG00000148180,GSN,TRACKS_FIBROSIS,EFO_0003095,0.512744803626446,2.7739181973615897e-38,5,rises
ENSG00000140092,FBLN5,TRACKS_FIBROSIS,EFO_0003095,0.5090432684569165,1.4872776791482463e-37,5,rises
ENSG00000138131,LOXL4,TRACKS_FIBROSIS,EFO_0003095,0.5088256944742998,9.96388864043735e-45,5,rises
ENSG00000154096,THY1,TRACKS_FIBROSIS,EFO_0003095,0.5079055050895206,4.032200796569404e-37,5,rises
ENSG00000198542,ITGBL1,TRACKS_FIBROSIS,EFO_0003095,0.507391874052783,3.045784748928138e-48,5,rises
ENSG00000169429,CXCL8,TRACKS_FIBROSIS,EFO_0003095,0.4985166404942525,1.6773744850856483e-32,5,rises
ENSG00000163739,CXCL1,TRACKS_FIBROSIS,EFO_0003095,0.4982820937468837,2.738479423443411e-31,5,rises
ENSG00000129038,LOXL1,TRACKS_FIBROSIS,EFO_0003095,0.49730843000482083,3.86256616533144e-35,5,rises
ENSG00000183496,MEX3B,TRACKS_FIBROSIS,EFO_0003095,0.4964943643792608,1.4539388746218314e-35,5,rises
ENSG00000119280,C1orf198,TRACKS_FIBROSIS,EFO_0003095,0.49339353838197386,8.268098437751077e-32,5,rises
ENSG00000006327,TNFRSF12A,TRACKS_FIBROSIS,EFO_0003095,0.49146487348366374,4.990330792223144e-37,5,rises
ENSG00000176890,TYMS,TRACKS_FIBROSIS,EFO_0003095,0.48857675765038666,1.103024320584738e-22,5,rises
ENSG00000139329,LUM,TRACKS_FIBROSIS,EFO_0003095,0.4877226686308193,1.8753560431884712e-30,5,rises
ENSG00000187634,SAMD11,TRACKS_FIBROSIS,EFO_0003095,0.48742950859610046,1.904591646588319e-33,5,rises
ENSG00000090382,LYZ,TRACKS_FIBROSIS,EFO_0003095,0.4869759638561869,1.1689300239795584e-18,5,rises
ENSG00000181026,AEN,TRACKS_FIBROSIS,EFO_0003095,0.4867957673239443,2.0700667678550254e-23,5,rises
ENSG00000240583,AQP1,TRACKS_FIBROSIS,EFO_0003095,0.4825761598685299,3.1183350166638237e-25,5,rises
ENSG00000172667,ZMAT3,TRACKS_FIBROSIS,EFO_0003095,0.4824540196104006,6.28847523046427e-26,5,rises
ENSG00000099994,SUSD2,TRACKS_FIBROSIS,EFO_0003095,0.48063248532466424,2.506176761187477e-29,5,rises
ENSG00000115380,EFEMP1,TRACKS_FIBROSIS,EFO_0003095,0.4797191399175073,8.441508041079507e-26,5,rises
ENSG00000113361,CDH6,TRACKS_FIBROSIS,EFO_0003095,0.4780144867497039,5.70183804975569e-26,5,rises
ENSG00000131080,EDA2R,TRACKS_FIBROSIS,EFO_0003095,0.4771650927894871,8.437918853503033e-31,5,rises
ENSG00000198074,AKR1B10,TRACKS_FIBROSIS,EFO_0003095,0.476086519226129,2.1578016977603736e-34,5,rises
ENSG00000076716,GPC4,TRACKS_FIBROSIS,EFO_0003095,0.47462347848339453,4.805162843866254e-31,5,rises
ENSG00000149418,ST14,TRACKS_FIBROSIS,EFO_0003095,0.4735855747810185,5.939868583860109e-26,5,rises
ENSG00000084636,COL16A1,TRACKS_FIBROSIS,EFO_0003095,0.4727191382326603,7.073899988762464e-30,5,rises
ENSG00000148680,HTR7,TRACKS_FIBROSIS,EFO_0003095,0.4725554618606597,2.2284692750775342e-20,5,rises
ENSG00000100767,PAPLN,TRACKS_FIBROSIS,EFO_0003095,0.4699256166317119,1.4730667730397729e-30,5,rises
ENSG00000080709,KCNN2,TRACKS_FIBROSIS,EFO_0003095,-0.46943516034362937,3.1183350166638237e-25,5,falls
ENSG00000112394,SLC16A10,TRACKS_FIBROSIS,EFO_0003095,-0.4694332275036196,2.9595106607028197e-22,5,falls
ENSG00000121966,CXCR4,TRACKS_FIBROSIS,EFO_0003095,0.4693593357421755,4.820491493149254e-20,5,rises
ENSG00000124766,SOX4,TRACKS_FIBROSIS,EFO_0003095,0.46931415924424097,7.34241694865898e-30,5,rises
ENSG00000095970,TREM2,TRACKS_FIBROSIS,EFO_0003095,0.468599749687969,7.909810297499484e-30,5,rises
ENSG00000130635,COL5A1,TRACKS_FIBROSIS,EFO_0003095,0.46720241868226564,1.6462804954339982e-32,5,rises
ENSG00000182718,ANXA2,TRACKS_FIBROSIS,EFO_0003095,0.46682695560388693,6.712590078476231e-28,5,rises
ENSG00000124875,CXCL6,TRACKS_FIBROSIS,EFO_0003095,0.4662112866207057,2.931241914600975e-29,5,rises
ENSG00000107731,UNC5B,TRACKS_FIBROSIS,EFO_0003095,0.466028810115024,2.9892533198979947e-22,5,rises
ENSG00000128342,LIF,TRACKS_FIBROSIS,EFO_0003095,0.46578409592912995,8.268098437751077e-32,5,rises
ENSG00000150594,ADRA2A,TRACKS_FIBROSIS,EFO_0003095,0.4656545702260633,2.8220662576851606e-21,5,rises
ENSG00000070404,FSTL3,TRACKS_FIBROSIS,EFO_0003095,0.4652375536601868,3.818973799078545e-37,5,rises
ENSG00000182836,PLCXD3,TRACKS_FIBROSIS,EFO_0003095,0.46495378418519,3.557610639044487e-24,5,rises
ENSG00000135127,BICDL1,TRACKS_FIBROSIS,EFO_0003095,0.464657787814392,2.804345259292795e-18,5,rises
ENSG00000213886,UBD,TRACKS_FIBROSIS,EFO_0003095,0.46465589281988,7.381205221026838e-29,5,rises
ENSG00000164687,FABP5,TRACKS_FIBROSIS,EFO_0003095,0.46383701931282306,4.051876434246951e-19,5,rises
ENSG00000038427,VCAN,TRACKS_FIBROSIS,EFO_0003095,0.46359004662605807,2.5692311152711645e-26,5,rises
ENSG00000154080,CHST9,TRACKS_FIBROSIS,EFO_0003095,0.4625540953143228,3.4419424922922175e-22,5,rises
ENSG00000106624,AEBP1,TRACKS_FIBROSIS,EFO_0003095,0.46160987522853814,2.1445320166447133e-31,5,rises
ENSG00000112936,C7,TRACKS_FIBROSIS,EFO_0003095,0.4612148194154443,1.8560953176588667e-22,5,rises
ENSG00000087088,BAX,TRACKS_FIBROSIS,EFO_0003095,0.4611007162218104,2.7732646125437707e-30,5,rises
ENSG00000108821,COL1A1,TRACKS_FIBROSIS,EFO_0003095,0.4599966287348205,2.2127596261603105e-32,5,rises
ENSG00000103064,SLC7A6,TRACKS_FIBROSIS,EFO_0003095,0.4589606064815463,4.071885713879786e-24,5,rises
ENSG00000146038,DCDC2,TRACKS_FIBROSIS,EFO_0003095,0.4585145290170744,9.801691039940119e-31,5,rises
ENSG00000082438,COBLL1,TRACKS_FIBROSIS,EFO_0003095,-0.4581448628356527,4.7785016010505964e-18,5,falls
ENSG00000174307,PHLDA3,TRACKS_FIBROSIS,EFO_0003095,0.45782956624740045,4.925982126084594e-29,5,rises
ENSG00000156510,HKDC1,TRACKS_FIBROSIS,EFO_0003095,0.4573234859256469,9.488985091203414e-25,5,rises
ENSG00000101384,JAG1,TRACKS_FIBROSIS,EFO_0003095,0.456428895586849,3.58931269827982e-24,5,rises
ENSG00000169442,CD52,TRACKS_FIBROSIS,EFO_0003095,0.45602790343947686,2.946402264796309e-17,5,rises
ENSG00000164949,GEM,TRACKS_FIBROSIS,EFO_0003095,0.4539940432041881,1.7591697981170264e-26,5,rises
ENSG00000078098,FAP,TRACKS_FIBROSIS,EFO_0003095,0.4536500682326498,4.7240399320175985e-35,5,rises
ENSG00000197461,PDGFA,TRACKS_FIBROSIS,EFO_0003095,0.453574064869363,4.7240399320175985e-35,5,rises
ENSG00000165124,SVEP1,TRACKS_FIBROSIS,EFO_0003095,0.45233279057740217,1.445366108878232e-25,5,rises
ENSG00000138135,CH25H,TRACKS_FIBROSIS,EFO_0003095,0.45122949404239104,7.925887769357948e-22,5,rises
ENSG00000083857,FAT1,TRACKS_FIBROSIS,EFO_0003095,0.4499986416117046,1.2770354935674675e-25,5,rises
ENSG00000162366,PDZK1IP1,TRACKS_FIBROSIS,EFO_0003095,0.4495488281873854,1.3391773425924938e-32,5,rises
ENSG00000124762,CDKN1A,TRACKS_FIBROSIS,EFO_0003095,0.44810364075038933,1.0997069805973912e-24,5,rises
ENSG00000007384,RHBDF1,TRACKS_FIBROSIS,EFO_0003095,0.44793612057388327,6.76587327311157e-24,5,rises
ENSG00000140263,SORD,TRACKS_FIBROSIS,EFO_0003095,-0.44722038222620286,6.099798452997256e-19,5,falls
ENSG00000142303,ADAMTS10,TRACKS_FIBROSIS,EFO_0003095,0.4470686412908512,4.794098400429774e-33,5,rises
ENSG00000151067,CACNA1C,TRACKS_FIBROSIS,EFO_0003095,0.4465955209782518,2.4746208170913597e-21,5,rises
ENSG00000105472,CLEC11A,TRACKS_FIBROSIS,EFO_0003095,0.44559367431831925,1.2748859172158503e-23,5,rises
ENSG00000079931,MOXD1,TRACKS_FIBROSIS,EFO_0003095,0.44555459066337627,8.81639096681254e-35,5,rises
ENSG00000042493,CAPG,TRACKS_FIBROSIS,EFO_0003095,0.4438335517372102,4.982368589629707e-27,5,rises
ENSG00000123342,MMP19,TRACKS_FIBROSIS,EFO_0003095,0.4420946299677034,1.4730124641079126e-23,5,rises
ENSG00000102265,TIMP1,TRACKS_FIBROSIS,EFO_0003095,0.440100855227058,4.969566472704724e-22,5,rises
ENSG00000165841,CYP2C19,TRACKS_FIBROSIS,EFO_0003095,-0.4387927640930928,3.6486261011476673e-29,5,falls
ENSG00000166482,MFAP4,TRACKS_FIBROSIS,EFO_0003095,0.43780745671888005,2.1644930248299866e-26,5,rises
ENSG00000137507,LRRC32,TRACKS_FIBROSIS,EFO_0003095,0.4376816916693133,8.922044890424956e-21,5,rises
ENSG00000164484,TMEM200A,TRACKS_FIBROSIS,EFO_0003095,0.436802896188825,3.6558950312150656e-26,5,rises
ENSG00000050165,DKK3,TRACKS_FIBROSIS,EFO_0003095,0.4363454812029531,1.2560265659599119e-27,5,rises
ENSG00000166145,SPINT1,TRACKS_FIBROSIS,EFO_0003095,0.43538823100470797,1.1240936793645904e-32,5,rises
ENSG00000164694,FNDC1,TRACKS_FIBROSIS,EFO_0003095,0.4350621899629832,5.227633687252337e-20,5,rises
ENSG00000196177,ACADSB,TRACKS_FIBROSIS,EFO_0003095,-0.43461752199179315,8.13448601631789e-25,5,falls
ENSG00000169071,ROR2,TRACKS_FIBROSIS,EFO_0003095,0.43361490716367995,4.071885713879786e-24,5,rises
ENSG00000125398,SOX9,TRACKS_FIBROSIS,EFO_0003095,0.43344815355807254,1.685027477993835e-35,5,rises
ENSG00000198670,LPA,TRACKS_FIBROSIS,EFO_0003095,-0.43246669078670386,1.9719854985832995e-13,5,falls
ENSG00000181577,LINC03040,TRACKS_FIBROSIS,EFO_0003095,0.431425633655581,5.786049289528754e-19,5,rises
ENSG00000137801,THBS1,TRACKS_FIBROSIS,EFO_0003095,0.4304709020830113,5.869944869522632e-26,5,rises
ENSG00000139209,SLC38A4,TRACKS_FIBROSIS,EFO_0003095,-0.4291796252820402,1.5666022959699508e-13,5,falls
ENSG00000180828,BHLHE22,TRACKS_FIBROSIS,EFO_0003095,0.42856961390352516,8.460494138512471e-20,5,rises
ENSG00000168542,COL3A1,TRACKS_FIBROSIS,EFO_0003095,0.4279900853767818,1.7308356937186846e-24,5,rises
ENSG00000109511,ANXA10,TRACKS_FIBROSIS,EFO_0003095,-0.42690675439163567,1.3037496249379467e-12,5,falls
ENSG00000087116,ADAMTS2,TRACKS_FIBROSIS,EFO_0003095,0.4268009326878225,6.719564555275222e-25,5,rises
ENSG00000166592,RRAD,TRACKS_FIBROSIS,EFO_0003095,0.42674104891932035,1.3553515041393295e-21,5,rises
ENSG00000131981,LGALS3,TRACKS_FIBROSIS,EFO_0003095,0.4265951137405015,4.1279925322496315e-24,5,rises
ENSG00000184292,TACSTD2,TRACKS_FIBROSIS,EFO_0003095,0.4265596536795605,5.473583710422859e-23,5,rises
ENSG00000053747,LAMA3,TRACKS_FIBROSIS,EFO_0003095,0.42607804112504427,5.534063020768953e-16,5,rises
ENSG00000133048,CHI3L1,TRACKS_FIBROSIS,EFO_0003095,0.42552614471550193,3.926531010145719e-23,5,rises
ENSG00000171621,SPSB1,TRACKS_FIBROSIS,EFO_0003095,0.4250092027233978,2.162723350365299e-20,5,rises
ENSG00000196569,LAMA2,TRACKS_FIBROSIS,EFO_0003095,0.4248250595574335,3.065705615988154e-23,5,rises
ENSG00000005102,MEOX1,TRACKS_FIBROSIS,EFO_0003095,0.4241146816468184,1.0469335169399296e-22,5,rises
ENSG00000164692,COL1A2,TRACKS_FIBROSIS,EFO_0003095,0.42384226615894366,1.2891235622320423e-32,5,rises
ENSG00000134871,COL4A2,TRACKS_FIBROSIS,EFO_0003095,0.4235240002860571,1.2748859172158503e-23,5,rises
ENSG00000162458,FBLIM1,TRACKS_FIBROSIS,EFO_0003095,0.42267425060305874,3.1110924709990824e-19,5,rises
ENSG00000113657,DPYSL3,TRACKS_FIBROSIS,EFO_0003095,0.4225702885469814,8.997449191303738e-21,5,rises
ENSG00000117152,RGS4,TRACKS_FIBROSIS,EFO_0003095,0.4217000852993793,2.8012586564684687e-20,5,rises
ENSG00000170323,FABP4,TRACKS_FIBROSIS,EFO_0003095,0.4216213016430735,5.483902455036469e-17,5,rises
ENSG00000138623,SEMA7A,TRACKS_FIBROSIS,EFO_0003095,0.4211024369074951,3.385092255714211e-22,5,rises
ENSG00000170542,SERPINB9,TRACKS_FIBROSIS,EFO_0003095,0.42001379547634343,2.053231487475863e-14,5,rises
ENSG00000107317,PTGDS,TRACKS_FIBROSIS,EFO_0003095,0.4199182074482424,3.658042842171068e-18,5,rises
ENSG00000162383,SLC1A7,TRACKS_FIBROSIS,EFO_0003095,0.4197082742973232,3.925175522653763e-23,5,rises
ENSG00000058085,LAMC2,TRACKS_FIBROSIS,EFO_0003095,0.41926846366699444,2.0482875603822453e-20,5,rises
ENSG00000164251,F2RL1,TRACKS_FIBROSIS,EFO_0003095,0.4186065272848546,1.704667008982586e-17,5,rises
ENSG00000135447,PPP1R1A,TRACKS_FIBROSIS,EFO_0003095,-0.4185573531823965,6.6937734317749045e-25,5,falls
ENSG00000162552,WNT4,TRACKS_FIBROSIS,EFO_0003095,0.4184036358842259,6.712590078476231e-28,5,rises
ENSG00000166963,MAP1A,TRACKS_FIBROSIS,EFO_0003095,0.41716226163639303,3.0149300762370766e-21,5,rises
ENSG00000134853,PDGFRA,TRACKS_FIBROSIS,EFO_0003095,0.4168844356978427,1.104474327943212e-20,5,rises
ENSG00000014914,MTMR11,TRACKS_FIBROSIS,EFO_0003095,0.41645579665257937,1.1428235614054895e-24,5,rises
ENSG00000074047,GLI2,TRACKS_FIBROSIS,EFO_0003095,0.41553577541165115,3.8023384689738964e-23,5,rises
ENSG00000196562,SULF2,TRACKS_FIBROSIS,EFO_0003095,0.41515133103355356,2.010211979692106e-29,5,rises
ENSG00000162882,HAAO,TRACKS_FIBROSIS,EFO_0003095,-0.415140059244984,2.1766107587853977e-18,5,falls
ENSG00000164078,MST1R,TRACKS_FIBROSIS,EFO_0003095,0.4141880124207023,1.9057523174549283e-16,5,rises
ENSG00000163453,IGFBP7,TRACKS_FIBROSIS,EFO_0003095,0.4141076159025721,1.6277423296390014e-22,5,rises
ENSG00000173846,PLK3,TRACKS_FIBROSIS,EFO_0003095,0.4139374830950442,2.31800387639666e-20,5,rises
ENSG00000143164,DCAF6,TRACKS_FIBROSIS,EFO_0003095,-0.4139120930158884,6.149238642441522e-18,5,falls
ENSG00000124067,SLC12A4,TRACKS_FIBROSIS,EFO_0003095,0.41370538287111686,1.6277423296390014e-22,5,rises
ENSG00000197457,STMN3,TRACKS_FIBROSIS,EFO_0003095,0.41363256311338026,1.5536294504033978e-20,5,rises
ENSG00000108176,DNAJC12,TRACKS_FIBROSIS,EFO_0003095,-0.4136246593922803,7.770308976469569e-23,5,falls
ENSG00000069431,ABCC9,TRACKS_FIBROSIS,EFO_0003095,-0.4136124858088691,1.2557743645085262e-14,5,falls
ENSG00000108691,CCL2,TRACKS_FIBROSIS,EFO_0003095,0.41349906393718383,2.066768028554419e-21,5,rises
ENSG00000164171,ITGA2,TRACKS_FIBROSIS,EFO_0003095,0.4118507163814379,5.5253467538976584e-14,5,rises
ENSG00000176170,SPHK1,TRACKS_FIBROSIS,EFO_0003095,0.41133028408403005,3.749831898719718e-24,5,rises
ENSG00000116824,CD2,TRACKS_FIBROSIS,EFO_0003095,0.4108031132948187,4.9160653523453266e-20,5,rises
ENSG00000185477,GPRIN3,TRACKS_FIBROSIS,EFO_0003095,0.4106896914231336,3.930272861504757e-14,5,rises
ENSG00000130513,GDF15,TRACKS_FIBROSIS,EFO_0003095,0.4093186672944029,4.78411106940722e-15,5,rises
ENSG00000122861,PLAU,TRACKS_FIBROSIS,EFO_0003095,0.40913450306714133,1.342199636577569e-23,5,rises
ENSG00000101311,FERMT1,TRACKS_FIBROSIS,EFO_0003095,0.40897175324235946,6.935709277667032e-20,5,rises
ENSG00000137077,CCL21,TRACKS_FIBROSIS,EFO_0003095,0.4084305892819587,1.2895923136609704e-15,5,rises
ENSG00000117525,F3,TRACKS_FIBROSIS,EFO_0003095,0.40824584712789397,1.5452318847168826e-27,5,rises
ENSG00000213977,TAX1BP3,TRACKS_FIBROSIS,EFO_0003095,0.40800723547083473,1.4442949579255523e-15,5,rises
ENSG00000162783,IER5,TRACKS_FIBROSIS,EFO_0003095,0.4070017701694149,7.192014215517987e-29,5,rises
ENSG00000163600,ICOS,TRACKS_FIBROSIS,EFO_0003095,0.40640968362592983,3.773669236750299e-18,5,rises
ENSG00000141431,ASXL3,TRACKS_FIBROSIS,EFO_0003095,-0.4063940735937587,2.2750956993099022e-14,5,falls
ENSG00000134532,SOX5,TRACKS_FIBROSIS,EFO_0003095,-0.4057184789294452,8.272614618380189e-11,5,falls
ENSG00000106236,NPTX2,TRACKS_FIBROSIS,EFO_0003095,0.4055313482349611,9.90361649139873e-16,5,rises
ENSG00000092148,HECTD1,TRACKS_FIBROSIS,EFO_0003095,-0.40520251647213756,5.983901065398447e-12,5,falls
ENSG00000102007,PLP2,TRACKS_FIBROSIS,EFO_0003095,0.4050458566395611,3.897536438512669e-18,5,rises
ENSG00000122176,FMOD,TRACKS_FIBROSIS,EFO_0003095,0.40423114994764664,2.865164752537238e-20,5,rises
ENSG00000151612,ZNF827,TRACKS_FIBROSIS,EFO_0003095,0.40408950422547,9.899814302106628e-16,5,rises
ENSG00000129538,RNASE1,TRACKS_FIBROSIS,EFO_0003095,0.4034345830468039,5.711456616431558e-18,5,rises
ENSG00000112149,CD83,TRACKS_FIBROSIS,EFO_0003095,0.4033635733550674,2.032066144152621e-12,5,rises
ENSG00000154654,NCAM2,TRACKS_FIBROSIS,EFO_0003095,-0.40319983650227514,1.787550918984757e-19,5,falls
ENSG00000167460,TPM4,TRACKS_FIBROSIS,EFO_0003095,0.40281777729020823,4.196726555353832e-12,5,rises
ENSG00000152137,HSPB8,TRACKS_FIBROSIS,EFO_0003095,0.40260489982346076,8.238420826963764e-17,5,rises
ENSG00000110092,CCND1,TRACKS_FIBROSIS,EFO_0003095,0.4023099184420288,6.086984595346806e-18,5,rises
ENSG00000136997,MYC,TRACKS_FIBROSIS,EFO_0003095,0.4022528491216221,6.592054620528247e-18,5,rises
ENSG00000144857,BOC,TRACKS_FIBROSIS,EFO_0003095,0.4021813177894781,1.5171693987598745e-14,5,rises
ENSG00000178726,THBD,TRACKS_FIBROSIS,EFO_0003095,0.401969294442409,1.356938460261972e-16,5,rises
ENSG00000122870,BICC1,TRACKS_FIBROSIS,EFO_0003095,0.4019582790572421,1.6473890525572272e-21,5,rises
ENSG00000159167,STC1,TRACKS_FIBROSIS,EFO_0003095,0.40184282729006066,3.534979794455741e-18,5,rises
ENSG00000158186,MRAS,TRACKS_FIBROSIS,EFO_0003095,0.4013314520318891,2.467795997030254e-20,5,rises
ENSG00000019102,VSIG2,TRACKS_FIBROSIS,EFO_0003095,0.40111644921492934,2.801878084823007e-26,5,rises
ENSG00000154930,ACSS1,TRACKS_FIBROSIS,EFO_0003095,0.40074804143484344,1.2868053441471207e-17,5,rises
ENSG00000125775,SDCBP2,TRACKS_FIBROSIS,EFO_0003095,0.4005863697910612,5.920158768906696e-17,5,rises
ENSG00000093009,CDC45,TRACKS_FIBROSIS,EFO_0003095,0.4005853139695656,8.926212153982352e-17,5,rises
ENSG00000164318,EGFLAM,TRACKS_FIBROSIS,EFO_0003095,-0.40035521396073404,1.847443975350997e-21,5,falls
ENSG00000112559,MDFI,TRACKS_FIBROSIS,EFO_0003095,0.4001914394914278,1.7591697981170264e-26,5,rises
ENSG00000105643,ARRDC2,TRACKS_FIBROSIS,EFO_0003095,0.4001242690983794,1.73435673570028e-20,5,rises
ENSG00000112242,E2F3,TRACKS_FIBROSIS,EFO_0003095,0.39958307275733823,2.4798505341210466e-16,5,rises
ENSG00000126603,GLIS2,TRACKS_FIBROSIS,EFO_0003095,0.3995004698285602,3.84236824016196e-26,5,rises
ENSG00000158258,CLSTN2,TRACKS_FIBROSIS,EFO_0003095,0.3994540196074338,9.983979098546411e-19,5,rises
ENSG00000140937,CDH11,TRACKS_FIBROSIS,EFO_0003095,0.3991212711849665,5.4879808358600694e-18,5,rises
ENSG00000149124,GLYAT,TRACKS_FIBROSIS,EFO_0003095,-0.39849586826157907,8.626987579417802e-17,5,falls
ENSG00000132639,SNAP25,TRACKS_FIBROSIS,EFO_0003095,0.3976674386847027,2.401779954081923e-17,5,rises
ENSG00000182541,LIMK2,TRACKS_FIBROSIS,EFO_0003095,0.39763026556266334,3.408161027538933e-15,5,rises
ENSG00000065154,OAT,TRACKS_FIBROSIS,EFO_0003095,-0.39757880889323577,6.935709277667032e-20,5,falls
ENSG00000136859,ANGPTL2,TRACKS_FIBROSIS,EFO_0003095,0.39687087178386,1.3161869265840283e-17,5,rises
ENSG00000104938,CLEC4M,TRACKS_FIBROSIS,EFO_0003095,-0.3965406358712432,1.2380930836697909e-17,5,falls
ENSG00000177459,ERICH5,TRACKS_FIBROSIS,EFO_0003095,0.39636940424946876,1.271291867509352e-13,5,rises
ENSG00000161791,FMNL3,TRACKS_FIBROSIS,EFO_0003095,0.39624831903121405,6.60187462292146e-21,5,rises
ENSG00000122952,ZWINT,TRACKS_FIBROSIS,EFO_0003095,0.39611363933956756,3.074159175274748e-17,5,rises
ENSG00000137673,MMP7,TRACKS_FIBROSIS,EFO_0003095,0.3957949827180724,1.1152701117559968e-22,5,rises
ENSG00000164659,ELAPOR2,TRACKS_FIBROSIS,EFO_0003095,0.3953897147563165,1.1002758804750993e-15,5,rises
ENSG00000159388,BTG2,TRACKS_FIBROSIS,EFO_0003095,0.3942614664158996,2.565322855373179e-22,5,rises
ENSG00000116260,QSOX1,TRACKS_FIBROSIS,EFO_0003095,0.39399687028394703,3.621415648116563e-26,5,rises
ENSG00000162073,PAQR4,TRACKS_FIBROSIS,EFO_0003095,0.3932824607276752,3.900329083759851e-23,5,rises
ENSG00000118785,SPP1,TRACKS_FIBROSIS,EFO_0003095,0.3932427713078822,5.0523759393404286e-20,5,rises
ENSG00000133985,TTC9,TRACKS_FIBROSIS,EFO_0003095,0.39280618769016057,1.8216197204836384e-22,5,rises
ENSG00000121858,TNFSF10,TRACKS_FIBROSIS,EFO_0003095,-0.39259454050965403,2.4742314916679468e-17,5,falls
ENSG00000076003,MCM6,TRACKS_FIBROSIS,EFO_0003095,0.39251099561324754,2.639683880695601e-13,5,rises
ENSG00000162522,NHSL3,TRACKS_FIBROSIS,EFO_0003095,0.39242602847715774,4.190664430688284e-17,5,rises
ENSG00000213626,LBH,TRACKS_FIBROSIS,EFO_0003095,0.39198816973410583,1.1537570214295322e-17,5,rises
ENSG00000089472,HEPH,TRACKS_FIBROSIS,EFO_0003095,0.3916813270618875,1.7601658731826956e-18,5,rises
ENSG00000019991,HGF,TRACKS_FIBROSIS,EFO_0003095,0.3915562941457658,1.9413398346951918e-15,5,rises
ENSG00000147257,GPC3,TRACKS_FIBROSIS,EFO_0003095,0.39119215128525,1.359581919046767e-18,5,rises
ENSG00000164742,ADCY1,TRACKS_FIBROSIS,EFO_0003095,-0.3910995426390666,7.634319661428405e-17,5,falls
ENSG00000139289,PHLDA1,TRACKS_FIBROSIS,EFO_0003095,0.3902660648234161,7.651397548155492e-12,5,rises
ENSG00000115109,EPB41L5,TRACKS_FIBROSIS,EFO_0003095,-0.3902593665068655,7.312111669651486e-14,5,falls
ENSG00000081052,COL4A4,TRACKS_FIBROSIS,EFO_0003095,0.3898982561784834,1.0304455390186048e-18,5,rises
ENSG00000169604,ANTXR1,TRACKS_FIBROSIS,EFO_0003095,0.3894458168143632,2.5209837834632375e-18,5,rises
ENSG00000122694,GLIPR2,TRACKS_FIBROSIS,EFO_0003095,0.38937510430566463,5.287710007086222e-21,5,rises
ENSG00000145632,PLK2,TRACKS_FIBROSIS,EFO_0003095,0.38848004093273636,3.3033936040604834e-19,5,rises
ENSG00000160183,TMPRSS3,TRACKS_FIBROSIS,EFO_0003095,0.3880034043681188,8.162612177184309e-22,5,rises
ENSG00000087245,MMP2,TRACKS_FIBROSIS,EFO_0003095,0.3878696658043374,8.517535840608321e-26,5,rises
ENSG00000187498,COL4A1,TRACKS_FIBROSIS,EFO_0003095,0.38767302273028104,2.376430676684411e-22,5,rises
ENSG00000005884,ITGA3,TRACKS_FIBROSIS,EFO_0003095,0.38760356829763076,6.935709277667032e-20,5,rises
ENSG00000183914,DNAH2,TRACKS_FIBROSIS,EFO_0003095,0.3868562645768866,2.7154339078534776e-19,5,rises
ENSG00000110799,VWF,TRACKS_FIBROSIS,EFO_0003095,0.38659515876298894,3.377574271231186e-17,5,rises
ENSG00000101057,MYBL2,TRACKS_FIBROSIS,EFO_0003095,0.38637823727374776,9.813850679649244e-14,5,rises
ENSG00000100380,ST13,TRACKS_FIBROSIS,EFO_0003095,-0.38604818282441045,4.127530634631613e-15,5,falls
ENSG00000173715,TOP6BL,TRACKS_FIBROSIS,EFO_0003095,0.3855861740219216,5.991518043240706e-16,5,rises
ENSG00000119403,PHF19,TRACKS_FIBROSIS,EFO_0003095,0.385288272154638,3.0357017092586415e-22,5,rises
ENSG00000119771,KLHL29,TRACKS_FIBROSIS,EFO_0003095,0.38522550850972,1.3587543169213705e-23,5,rises
ENSG00000125746,EML2,TRACKS_FIBROSIS,EFO_0003095,0.38490667025468356,1.0878239487292861e-16,5,rises
ENSG00000163191,S100A11,TRACKS_FIBROSIS,EFO_0003095,0.38488153353818166,1.8768767842675707e-15,5,rises
ENSG00000169245,CXCL10,TRACKS_FIBROSIS,EFO_0003095,0.3846037415108823,5.1156514295262654e-18,5,rises
ENSG00000071282,LMCD1,TRACKS_FIBROSIS,EFO_0003095,0.38415325111887605,2.2988302625859034e-17,5,rises
ENSG00000011028,MRC2,TRACKS_FIBROSIS,EFO_0003095,0.3841128893794578,5.553671978667064e-25,5,rises
ENSG00000128045,RASL11B,TRACKS_FIBROSIS,EFO_0003095,0.38292436513774825,1.1061866322460029e-20,5,rises
ENSG00000013364,MVP,TRACKS_FIBROSIS,EFO_0003095,0.38287757553665663,1.419649216600841e-14,5,rises
ENSG00000106852,LHX6,TRACKS_FIBROSIS,EFO_0003095,0.3826216558544485,9.080665036818949e-18,5,rises
ENSG00000069424,KCNAB2,TRACKS_FIBROSIS,EFO_0003095,0.3825950433607288,7.904265021059787e-21,5,rises
ENSG00000034510,TMSB10,TRACKS_FIBROSIS,EFO_0003095,0.3820238953130941,1.322524041430606e-11,5,rises
ENSG00000163075,CFAP221,TRACKS_FIBROSIS,EFO_0003095,0.38192196627804514,3.2562729297807517e-37,5,rises
ENSG00000004776,HSPB6,TRACKS_FIBROSIS,EFO_0003095,0.38180156798825904,1.1602150041041242e-16,5,rises
ENSG00000150656,CNDP1,TRACKS_FIBROSIS,EFO_0003095,-0.3815661398372269,4.1868749650292776e-20,5,falls
ENSG00000085063,CD59,TRACKS_FIBROSIS,EFO_0003095,0.38126922137498975,3.773850083919182e-11,5,rises
ENSG00000119969,HELLS,TRACKS_FIBROSIS,EFO_0003095,0.3811771876908459,3.736802537806404e-14,5,rises
ENSG00000112379,ARFGEF3,TRACKS_FIBROSIS,EFO_0003095,0.38112349749674806,1.4098660386748795e-12,5,rises
ENSG00000077150,NFKB2,TRACKS_FIBROSIS,EFO_0003095,0.3809927917501557,3.714939826319278e-15,5,rises
ENSG00000137819,PAQR5,TRACKS_FIBROSIS,EFO_0003095,0.380992638227062,7.608883124129904e-32,5,rises
ENSG00000100401,RANGAP1,TRACKS_FIBROSIS,EFO_0003095,0.38087049796893274,1.6178536840594099e-16,5,rises
ENSG00000174145,NWD2,TRACKS_FIBROSIS,EFO_0003095,-0.3808596723325029,8.650371363382412e-16,5,falls
ENSG00000054938,CHRDL2,TRACKS_FIBROSIS,EFO_0003095,0.38082891149042686,1.1327390562983472e-14,5,rises
ENSG00000196154,S100A4,TRACKS_FIBROSIS,EFO_0003095,0.3803833992949883,1.3919413506360592e-13,5,rises
ENSG00000183856,IQGAP3,TRACKS_FIBROSIS,EFO_0003095,0.3797482952570622,1.258908154842248e-23,5,rises
ENSG00000124181,PLCG1,TRACKS_FIBROSIS,EFO_0003095,0.37966086721332276,5.991518043240706e-16,5,rises
ENSG00000109113,RAB34,TRACKS_FIBROSIS,EFO_0003095,0.37965440583364624,6.276995233691584e-14,5,rises
ENSG00000116833,NR5A2,TRACKS_FIBROSIS,EFO_0003095,-0.3796230045305722,1.0123538677849239e-10,5,falls
ENSG00000184584,STING1,TRACKS_FIBROSIS,EFO_0003095,0.3793575426261795,2.066768028554419e-21,5,rises
ENSG00000188732,FAM221A,TRACKS_FIBROSIS,EFO_0003095,-0.37935689937007994,5.1973255089766e-08,5,falls
ENSG00000184545,DUSP8,TRACKS_FIBROSIS,EFO_0003095,0.3793527624579604,1.1339196861500751e-23,5,rises
ENSG00000134574,DDB2,TRACKS_FIBROSIS,EFO_0003095,0.37935147438037337,9.021690856225569e-19,5,rises
ENSG00000146072,TNFRSF21,TRACKS_FIBROSIS,EFO_0003095,0.3790013654261433,4.469214772111406e-16,5,rises
ENSG00000138795,LEF1,TRACKS_FIBROSIS,EFO_0003095,0.378714313702308,2.220391335371342e-16,5,rises
ENSG00000127914,AKAP9,TRACKS_FIBROSIS,EFO_0003095,-0.37862183839396574,3.0919082077485304e-10,5,falls
ENSG00000198780,FAM169A,TRACKS_FIBROSIS,EFO_0003095,0.3783186530061916,4.905468070602172e-17,5,rises
ENSG00000121900,TMEM54,TRACKS_FIBROSIS,EFO_0003095,0.3781343321733916,1.7367561961390154e-16,5,rises
ENSG00000067057,PFKP,TRACKS_FIBROSIS,EFO_0003095,0.3778678275167419,3.99739002905359e-23,5,rises
ENSG00000196549,MME,TRACKS_FIBROSIS,EFO_0003095,-0.3777851288396687,1.623166023144446e-14,5,falls
ENSG00000166401,SERPINB8,TRACKS_FIBROSIS,EFO_0003095,0.3774642101225594,8.460066136240356e-16,5,rises
ENSG00000171812,COL8A2,TRACKS_FIBROSIS,EFO_0003095,0.3772343828164061,9.972301884229597e-20,5,rises
ENSG00000211445,GPX3,TRACKS_FIBROSIS,EFO_0003095,0.3770230284191909,6.863938039799526e-16,5,rises
ENSG00000020181,ADGRA2,TRACKS_FIBROSIS,EFO_0003095,0.3763483082827119,4.8862386147943196e-21,5,rises
ENSG00000155254,MARVELD1,TRACKS_FIBROSIS,EFO_0003095,0.37600844634831493,1.1857431735246043e-18,5,rises
ENSG00000112186,CAP2,TRACKS_FIBROSIS,EFO_0003095,0.3757791778338247,1.1366719417456614e-12,5,rises
ENSG00000134780,DAGLA,TRACKS_FIBROSIS,EFO_0003095,0.37553881017929236,9.745563521941245e-23,5,rises
ENSG00000135480,KRT7,TRACKS_FIBROSIS,EFO_0003095,0.37547508482722486,1.2769700224592764e-30,5,rises
ENSG00000198832,SELENOM,TRACKS_FIBROSIS,EFO_0003095,0.3753560727878898,4.858889735684162e-17,5,rises
ENSG00000140416,TPM1,TRACKS_FIBROSIS,EFO_0003095,0.37510335360683156,1.1252719555717472e-14,5,rises
ENSG00000151572,ANO4,TRACKS_FIBROSIS,EFO_0003095,0.3747417649274643,3.2273584335665354e-14,5,rises
ENSG00000148584,A1CF,TRACKS_FIBROSIS,EFO_0003095,-0.3746785179263822,2.0541094832772244e-14,5,falls
ENSG00000126803,HSPA2,TRACKS_FIBROSIS,EFO_0003095,0.3745554116753992,2.6355875538346294e-14,5,rises
ENSG00000087076,HSD17B14,TRACKS_FIBROSIS,EFO_0003095,-0.3745364698234562,2.8992172911207017e-16,5,falls
ENSG00000121691,CAT,TRACKS_FIBROSIS,EFO_0003095,-0.3745358247788369,1.4880944294456217e-12,5,falls
ENSG00000081913,PHLPP1,TRACKS_FIBROSIS,EFO_0003095,-0.3741678487404791,3.1889827449420353e-10,5,falls
ENSG00000187688,TRPV2,TRACKS_FIBROSIS,EFO_0003095,0.37416539019410333,1.2613811066737747e-17,5,rises
ENSG00000114529,C3orf52,TRACKS_FIBROSIS,EFO_0003095,0.37402678955906504,5.477761109689659e-14,5,rises
ENSG00000124212,PTGIS,TRACKS_FIBROSIS,EFO_0003095,0.3737288065763815,2.2653751790598385e-20,5,rises
ENSG00000135596,MICAL1,TRACKS_FIBROSIS,EFO_0003095,0.3736814434061365,7.504898421167463e-24,5,rises
ENSG00000145506,NKD2,TRACKS_FIBROSIS,EFO_0003095,0.373609738317003,4.0178090809043093e-22,5,rises
ENSG00000026025,VIM,TRACKS_FIBROSIS,EFO_0003095,0.3735700488972101,3.3147624101545247e-19,5,rises
ENSG00000119888,EPCAM,TRACKS_FIBROSIS,EFO_0003095,0.3735192566479092,6.712590078476231e-28,5,rises
ENSG00000119699,TGFB3,TRACKS_FIBROSIS,EFO_0003095,0.3732727046381239,5.868091291407106e-14,5,rises
ENSG00000125257,ABCC4,TRACKS_FIBROSIS,EFO_0003095,0.37314910947676405,3.317563974704812e-15,5,rises
ENSG00000172183,ISG20,TRACKS_FIBROSIS,EFO_0003095,0.3730537727788552,1.1912310562745732e-14,5,rises
ENSG00000170962,PDGFD,TRACKS_FIBROSIS,EFO_0003095,0.3727039710372303,7.22244407251355e-17,5,rises
ENSG00000151746,BICD1,TRACKS_FIBROSIS,EFO_0003095,0.3724852047562046,1.5137213748307888e-10,5,rises
ENSG00000206190,ATP10A,TRACKS_FIBROSIS,EFO_0003095,0.37247770067988556,3.3864273261695116e-17,5,rises
ENSG00000181467,RAP2B,TRACKS_FIBROSIS,EFO_0003095,0.37220385008776413,3.4253456159038784e-14,5,rises
ENSG00000182481,KPNA2,TRACKS_FIBROSIS,EFO_0003095,0.3719811289767397,3.5390921292819336e-14,5,rises
ENSG00000131634,TMEM204,TRACKS_FIBROSIS,EFO_0003095,0.3710431558370632,3.823731007383223e-18,5,rises
ENSG00000166855,CLPX,TRACKS_FIBROSIS,EFO_0003095,-0.37047795513593823,3.0270183142455255e-10,5,falls
ENSG00000110906,KCTD10,TRACKS_FIBROSIS,EFO_0003095,0.37037174621582586,4.381830426681748e-13,5,rises
ENSG00000165152,PGAP4,TRACKS_FIBROSIS,EFO_0003095,0.3702625972478032,3.8714476779578313e-13,5,rises
ENSG00000161249,DMKN,TRACKS_FIBROSIS,EFO_0003095,0.3700112309224483,3.3293077764139855e-20,5,rises
ENSG00000132164,SLC6A11,TRACKS_FIBROSIS,EFO_0003095,0.36999060979344617,6.905290457939169e-14,5,rises
ENSG00000143278,F13B,TRACKS_FIBROSIS,EFO_0003095,-0.3696724164800305,7.527918057221128e-11,5,falls
ENSG00000183853,KIRREL1,TRACKS_FIBROSIS,EFO_0003095,0.369477478049795,2.609043636155474e-21,5,rises
ENSG00000131389,SLC6A6,TRACKS_FIBROSIS,EFO_0003095,0.3693452380040154,1.397929231019031e-20,5,rises
ENSG00000163393,SLC22A15,TRACKS_FIBROSIS,EFO_0003095,0.36926186300065167,4.3477783761974e-15,5,rises
ENSG00000176903,PNMA1,TRACKS_FIBROSIS,EFO_0003095,0.36905868484741905,1.3880183351685616e-15,5,rises
ENSG00000143199,ADCY10,TRACKS_FIBROSIS,EFO_0003095,-0.36850303297031867,4.3977412257983615e-10,5,falls
ENSG00000176678,FOXL1,TRACKS_FIBROSIS,EFO_0003095,0.36848800107388624,9.700721371593661e-14,5,rises
ENSG00000109339,MAPK10,TRACKS_FIBROSIS,EFO_0003095,0.3683008721916022,1.5963509508064856e-13,5,rises
ENSG00000140678,ITGAX,TRACKS_FIBROSIS,EFO_0003095,0.36826880959760117,2.7852388668392734e-20,5,rises
ENSG00000163520,FBLN2,TRACKS_FIBROSIS,EFO_0003095,0.3679498473669646,1.5010943418377662e-18,5,rises
ENSG00000100884,CPNE6,TRACKS_FIBROSIS,EFO_0003095,-0.3677299701555661,6.521361034961839e-13,5,falls
ENSG00000067225,PKM,TRACKS_FIBROSIS,EFO_0003095,0.36759438295488767,7.581780665683951e-20,5,rises
ENSG00000173905,GOLIM4,TRACKS_FIBROSIS,EFO_0003095,-0.3675861671121622,6.291860928729605e-13,5,falls
ENSG00000152518,ZFP36L2,TRACKS_FIBROSIS,EFO_0003095,0.3674049590227157,8.847651264459136e-14,5,rises
ENSG00000183943,PRKX,TRACKS_FIBROSIS,EFO_0003095,0.3672534769473583,1.5891907056902502e-18,5,rises
ENSG00000150337,FCGR1A,TRACKS_FIBROSIS,EFO_0003095,0.3668813096868292,1.3964650419107464e-15,5,rises
ENSG00000134258,VTCN1,TRACKS_FIBROSIS,EFO_0003095,0.3665856630292752,1.1161652112139163e-23,5,rises
ENSG00000104856,RELB,TRACKS_FIBROSIS,EFO_0003095,0.36658539821382025,2.003580658402808e-18,5,rises
ENSG00000111057,KRT18,TRACKS_FIBROSIS,EFO_0003095,0.3665450215938698,9.766912458841184e-14,5,rises
ENSG00000151025,GPR158,TRACKS_FIBROSIS,EFO_0003095,-0.36649509995449997,7.987697275181911e-20,5,falls
ENSG00000003436,TFPI,TRACKS_FIBROSIS,EFO_0003095,-0.36643116837764017,1.2050578147460175e-13,5,falls
ENSG00000177707,NECTIN3,TRACKS_FIBROSIS,EFO_0003095,-0.366341739594196,8.448395883464676e-10,5,falls
ENSG00000145623,OSMR,TRACKS_FIBROSIS,EFO_0003095,0.36627911597165125,1.484136115856089e-14,5,rises
ENSG00000111341,MGP,TRACKS_FIBROSIS,EFO_0003095,0.36626677145348313,2.316218714882581e-14,5,rises
ENSG00000163435,ELF3,TRACKS_FIBROSIS,EFO_0003095,0.36561540337744236,2.606043234588229e-13,5,rises
ENSG00000127152,BCL11B,TRACKS_FIBROSIS,EFO_0003095,0.3653807986132786,2.6942782019551614e-16,5,rises
ENSG00000122122,SASH3,TRACKS_FIBROSIS,EFO_0003095,0.36532151206448304,3.1630860584543805e-11,5,rises
ENSG00000166033,HTRA1,TRACKS_FIBROSIS,EFO_0003095,0.3652352707407047,2.8598527929626763e-13,5,rises
ENSG00000162430,SELENON,TRACKS_FIBROSIS,EFO_0003095,0.36501036402854503,6.58613614353448e-20,5,rises
ENSG00000041515,MYO16,TRACKS_FIBROSIS,EFO_0003095,-0.3650003078425338,2.8264141142746625e-10,5,falls
ENSG00000053328,METTL24,TRACKS_FIBROSIS,EFO_0003095,0.364970829028233,8.817441272982858e-16,5,rises
ENSG00000154065,ANKRD29,TRACKS_FIBROSIS,EFO_0003095,0.3648912957691664,1.0124391266709722e-21,5,rises
ENSG00000137331,IER3,TRACKS_FIBROSIS,EFO_0003095,0.3647171273521015,1.0795450536855815e-13,5,rises
ENSG00000179051,RCC2,TRACKS_FIBROSIS,EFO_0003095,0.36437110647187904,2.152160946360783e-21,5,rises
ENSG00000162511,LAPTM5,TRACKS_FIBROSIS,EFO_0003095,0.3643110518530618,2.8568663482646967e-12,5,rises
ENSG00000115165,CYTIP,TRACKS_FIBROSIS,EFO_0003095,0.36381115964040883,1.6789362905216416e-09,5,rises
ENSG00000163874,ZC3H12A,TRACKS_FIBROSIS,EFO_0003095,0.3637192032261236,3.7089219237140944e-23,5,rises
ENSG00000169439,SDC2,TRACKS_FIBROSIS,EFO_0003095,-0.3636741535621847,6.652094107611398e-12,5,falls
ENSG00000105327,BBC3,TRACKS_FIBROSIS,EFO_0003095,0.363555085302806,5.0523759393404286e-20,5,rises
ENSG00000072840,EVC,TRACKS_FIBROSIS,EFO_0003095,0.3635039406158929,9.790708636723106e-17,5,rises
ENSG00000197415,VEPH1,TRACKS_FIBROSIS,EFO_0003095,0.363335405258382,6.81000834928435e-15,5,rises
ENSG00000187955,COL14A1,TRACKS_FIBROSIS,EFO_0003095,0.36298620361910805,3.897536438512669e-18,5,rises
ENSG00000172724,CCL19,TRACKS_FIBROSIS,EFO_0003095,0.36298168416948084,2.626115174299255e-15,5,rises
ENSG00000055957,ITIH1,TRACKS_FIBROSIS,EFO_0003095,-0.36293328439271755,2.290798095005884e-13,5,falls
ENSG00000183230,CTNNA3,TRACKS_FIBROSIS,EFO_0003095,-0.36275332787634607,7.7119170944207e-14,5,falls
ENSG00000109576,AADAT,TRACKS_FIBROSIS,EFO_0003095,-0.36268191806736255,7.644911033321837e-14,5,falls
ENSG00000129474,AJUBA,TRACKS_FIBROSIS,EFO_0003095,0.36256539058756726,6.756053706502702e-13,5,rises
ENSG00000115252,PDE1A,TRACKS_FIBROSIS,EFO_0003095,0.36249670077499585,4.687647465504162e-15,5,rises
ENSG00000101412,E2F1,TRACKS_FIBROSIS,EFO_0003095,0.3624508661419802,2.1661614268965303e-19,5,rises
ENSG00000182240,BACE2,TRACKS_FIBROSIS,EFO_0003095,0.36236359363935383,9.021690856225569e-19,5,rises
ENSG00000171747,LGALS4,TRACKS_FIBROSIS,EFO_0003095,0.3622453344496409,3.500288800077937e-17,5,rises
ENSG00000138080,EMILIN1,TRACKS_FIBROSIS,EFO_0003095,0.36212626619026217,2.5598086503270214e-16,5,rises
ENSG00000187474,FPR3,TRACKS_FIBROSIS,EFO_0003095,0.3620733469638717,4.299166909317723e-11,5,rises
ENSG00000139174,PRICKLE1,TRACKS_FIBROSIS,EFO_0003095,0.3619017018692893,6.397984437810767e-13,5,rises
ENSG00000186648,CARMIL3,TRACKS_FIBROSIS,EFO_0003095,-0.36175737807379377,3.863832672801987e-13,5,falls
ENSG00000138448,ITGAV,TRACKS_FIBROSIS,EFO_0003095,0.36153092489336897,5.80149860506636e-14,5,rises
ENSG00000115232,ITGA4,TRACKS_FIBROSIS,EFO_0003095,0.36123777908616284,5.048451568647904e-08,5,rises
ENSG00000129009,ISLR,TRACKS_FIBROSIS,EFO_0003095,0.361173720115233,2.882479107462529e-19,5,rises
ENSG00000183742,MACC1,TRACKS_FIBROSIS,EFO_0003095,0.3609333376626758,1.556055657153375e-13,5,rises
ENSG00000123095,BHLHE41,TRACKS_FIBROSIS,EFO_0003095,0.3608422142281082,3.594227530019929e-16,5,rises
ENSG00000151224,MAT1A,TRACKS_FIBROSIS,EFO_0003095,-0.3608156041540344,3.8818070036954087e-20,5,falls
ENSG00000214357,NEURL1B,TRACKS_FIBROSIS,EFO_0003095,0.36074833458833727,3.811979929962008e-18,5,rises
ENSG00000080618,CPB2,TRACKS_FIBROSIS,EFO_0003095,-0.36049431664537634,2.4280563628103046e-12,5,falls
ENSG00000160593,JAML,TRACKS_FIBROSIS,EFO_0003095,0.36037748683325266,7.990526518720381e-17,5,rises
ENSG00000139211,AMIGO2,TRACKS_FIBROSIS,EFO_0003095,0.36016825481381337,1.430064781845958e-07,5,rises
ENSG00000103966,EHD4,TRACKS_FIBROSIS,EFO_0003095,0.3601597585470224,7.34619505433052e-15,5,rises
ENSG00000049759,NEDD4L,TRACKS_FIBROSIS,EFO_0003095,0.36011911936583674,1.977036063863494e-20,5,rises
ENSG00000070882,OSBPL3,TRACKS_FIBROSIS,EFO_0003095,0.3600621850182269,1.099205853873975e-14,5,rises
ENSG00000085662,AKR1B1,TRACKS_FIBROSIS,EFO_0003095,0.3598494759749972,3.995513510355542e-12,5,rises
ENSG00000154760,SLFN13,TRACKS_FIBROSIS,EFO_0003095,0.35979782022907975,4.738105287239381e-15,5,rises
ENSG00000082014,SMARCD3,TRACKS_FIBROSIS,EFO_0003095,0.359614536635588,1.3470581206334876e-17,5,rises
ENSG00000140931,CMTM3,TRACKS_FIBROSIS,EFO_0003095,0.35948030487073673,1.8343360101003338e-14,5,rises
ENSG00000106804,C5,TRACKS_FIBROSIS,EFO_0003095,-0.3594513608893164,6.480848815320434e-09,5,falls
ENSG00000137731,FXYD2,TRACKS_FIBROSIS,EFO_0003095,0.35944061545094386,7.058905090059856e-16,5,rises
ENSG00000161513,FDXR,TRACKS_FIBROSIS,EFO_0003095,0.35938974387620776,3.110646107195526e-13,5,rises
ENSG00000070018,LRP6,TRACKS_FIBROSIS,EFO_0003095,-0.35932703306843056,1.3896816038818722e-08,5,falls
ENSG00000204616,TRIM31,TRACKS_FIBROSIS,EFO_0003095,0.3592950875783699,4.9919577571268116e-11,5,rises
ENSG00000100985,MMP9,TRACKS_FIBROSIS,EFO_0003095,0.3589926471589497,2.731524112848089e-14,5,rises
ENSG00000172638,EFEMP2,TRACKS_FIBROSIS,EFO_0003095,0.35882320192638767,1.9094490618375236e-22,5,rises
ENSG00000121152,NCAPH,TRACKS_FIBROSIS,EFO_0003095,0.3588055847342577,3.408161027538933e-15,5,rises
ENSG00000145882,PCYOX1L,TRACKS_FIBROSIS,EFO_0003095,0.35851253884116835,7.544490897459395e-19,5,rises
ENSG00000115204,MPV17,TRACKS_FIBROSIS,EFO_0003095,0.35835720729855863,1.1578132322781562e-13,5,rises
ENSG00000100100,PIK3IP1,TRACKS_FIBROSIS,EFO_0003095,0.3581731836430171,8.778694956123635e-16,5,rises
ENSG00000102760,RGCC,TRACKS_FIBROSIS,EFO_0003095,0.3577868896262404,1.8307864582315765e-16,5,rises
ENSG00000115419,GLS,TRACKS_FIBROSIS,EFO_0003095,0.357732211879082,1.8712754348422888e-17,5,rises
ENSG00000149256,TENM4,TRACKS_FIBROSIS,EFO_0003095,0.35750053500657186,9.787974328139626e-12,5,rises
ENSG00000065485,PDIA5,TRACKS_FIBROSIS,EFO_0003095,-0.35745614446129964,6.340483135548982e-15,5,falls
ENSG00000151468,CCDC3,TRACKS_FIBROSIS,EFO_0003095,0.3573116136561771,2.4823277390245726e-19,5,rises
ENSG00000151320,AKAP6,TRACKS_FIBROSIS,EFO_0003095,-0.35709785705184716,4.6429636389407134e-10,5,falls
ENSG00000185267,CDNF,TRACKS_FIBROSIS,EFO_0003095,-0.3570724800699685,4.4029494235707365e-14,5,falls
ENSG00000109193,SULT1E1,TRACKS_FIBROSIS,EFO_0003095,-0.3570265954037077,1.164301635125175e-13,5,falls
ENSG00000136830,NIBAN2,TRACKS_FIBROSIS,EFO_0003095,0.35695310800000835,4.544638808433439e-22,5,rises
ENSG00000170624,SGCD,TRACKS_FIBROSIS,EFO_0003095,0.35684757335780887,7.679306012854678e-14,5,rises
ENSG00000079257,LXN,TRACKS_FIBROSIS,EFO_0003095,0.3568078839380159,1.3750610819466933e-17,5,rises
ENSG00000115641,FHL2,TRACKS_FIBROSIS,EFO_0003095,0.3567185895353818,2.865164752537238e-20,5,rises
ENSG00000175445,LPL,TRACKS_FIBROSIS,EFO_0003095,0.35661405857526246,5.819806520016449e-15,5,rises
ENSG00000137269,LRRC1,TRACKS_FIBROSIS,EFO_0003095,0.3565469375192533,1.6145346440993215e-20,5,rises
ENSG00000077152,UBE2T,TRACKS_FIBROSIS,EFO_0003095,0.35628632173569624,1.1206224612370057e-15,5,rises
ENSG00000139880,CDH24,TRACKS_FIBROSIS,EFO_0003095,0.35610211327232083,3.9773452736851584e-17,5,rises
ENSG00000082458,DLG3,TRACKS_FIBROSIS,EFO_0003095,0.3560272341594138,2.6370881291263614e-15,5,rises
ENSG00000108389,MTMR4,TRACKS_FIBROSIS,EFO_0003095,-0.3555766653201555,4.68671377912387e-08,5,falls
ENSG00000163875,MEAF6,TRACKS_FIBROSIS,EFO_0003095,0.3554878545508244,4.398446394357497e-15,5,rises
ENSG00000180801,ARSJ,TRACKS_FIBROSIS,EFO_0003095,0.3553545385024428,7.366202755258103e-13,5,rises
ENSG00000132965,ALOX5AP,TRACKS_FIBROSIS,EFO_0003095,0.3550218600473362,2.6487223559466384e-14,5,rises
ENSG00000178695,KCTD12,TRACKS_FIBROSIS,EFO_0003095,0.35499540043414096,3.6844641063936e-13,5,rises
ENSG00000170421,KRT8,TRACKS_FIBROSIS,EFO_0003095,0.354857966799297,2.725197411659825e-10,5,rises
ENSG00000153563,CD8A,TRACKS_FIBROSIS,EFO_0003095,0.3548555938962231,7.51907214546669e-11,5,rises
ENSG00000163683,SMIM14,TRACKS_FIBROSIS,EFO_0003095,-0.35485070234481825,1.1942151297355215e-09,5,falls
ENSG00000169026,SLC49A3,TRACKS_FIBROSIS,EFO_0003095,0.3548420667201323,2.220391335371342e-16,5,rises
ENSG00000178498,DTX3,TRACKS_FIBROSIS,EFO_0003095,0.35479436648263785,1.3939346670470344e-20,5,rises
ENSG00000185101,ANO9,TRACKS_FIBROSIS,EFO_0003095,0.3547809125694985,3.439792954647765e-21,5,rises
ENSG00000127249,ATP13A4,TRACKS_FIBROSIS,EFO_0003095,0.3547348578242727,1.7168875976605844e-11,5,rises
ENSG00000242574,HLA-DMB,TRACKS_FIBROSIS,EFO_0003095,0.35458527642961446,2.305939502094246e-12,5,rises
ENSG00000244694,PTCHD4,TRACKS_FIBROSIS,EFO_0003095,0.3543943827603206,1.4434551816520556e-17,5,rises
ENSG00000023171,GRAMD1B,TRACKS_FIBROSIS,EFO_0003095,0.3541430232226571,2.1649547770437497e-16,5,rises
ENSG00000100968,NFATC4,TRACKS_FIBROSIS,EFO_0003095,0.3540446165958685,1.117277339797717e-19,5,rises
ENSG00000174938,SEZ6L2,TRACKS_FIBROSIS,EFO_0003095,0.3539725544423736,2.355648371069189e-14,5,rises
ENSG00000168743,NPNT,TRACKS_FIBROSIS,EFO_0003095,0.3539518471664548,1.627213253504469e-13,5,rises
ENSG00000099958,DERL3,TRACKS_FIBROSIS,EFO_0003095,0.35382568473659975,2.0065565534722734e-16,5,rises
ENSG00000164904,ALDH7A1,TRACKS_FIBROSIS,EFO_0003095,-0.35368916158427877,2.2294852555966885e-13,5,falls
ENSG00000143061,IGSF3,TRACKS_FIBROSIS,EFO_0003095,0.35358898928871674,6.95182701825164e-24,5,rises
ENSG00000105464,GRIN2D,TRACKS_FIBROSIS,EFO_0003095,0.35337036851672904,2.3891465245313397e-15,5,rises
ENSG00000115295,CLIP4,TRACKS_FIBROSIS,EFO_0003095,0.35326229576985174,4.687809835057747e-12,5,rises
ENSG00000011465,DCN,TRACKS_FIBROSIS,EFO_0003095,0.3532243160636852,5.920158768906696e-17,5,rises
ENSG00000121807,CCR2,TRACKS_FIBROSIS,EFO_0003095,0.3531383120834767,8.687098074772807e-14,5,rises
ENSG00000078018,MAP2,TRACKS_FIBROSIS,EFO_0003095,0.35266620204058435,3.6567893414489567e-10,5,rises
ENSG00000173040,EVC2,TRACKS_FIBROSIS,EFO_0003095,0.35253044552667523,3.371528176903444e-20,5,rises
ENSG00000167191,GPRC5B,TRACKS_FIBROSIS,EFO_0003095,0.35240650737882,1.4751729353949896e-24,5,rises
ENSG00000119943,PYROXD2,TRACKS_FIBROSIS,EFO_0003095,0.35225035381627495,1.9574206889382798e-09,5,rises
ENSG00000074410,CA12,TRACKS_FIBROSIS,EFO_0003095,0.3522381660881017,4.3562787199496916e-16,5,rises
ENSG00000175336,APOF,TRACKS_FIBROSIS,EFO_0003095,-0.35212682243199495,2.0357780362761444e-12,5,falls
ENSG00000176092,CRYBG2,TRACKS_FIBROSIS,EFO_0003095,0.35211193352709447,1.6631811278517236e-18,5,rises
ENSG00000143196,DPT,TRACKS_FIBROSIS,EFO_0003095,0.3520716131760652,1.8783858303865848e-25,5,rises
ENSG00000173391,OLR1,TRACKS_FIBROSIS,EFO_0003095,0.352012423730266,2.166875450926644e-14,5,rises
ENSG00000148677,ANKRD1,TRACKS_FIBROSIS,EFO_0003095,0.3519531235007883,7.293095529034237e-24,5,rises
ENSG00000042781,USH2A,TRACKS_FIBROSIS,EFO_0003095,-0.35178055743091746,1.3829526916100468e-14,5,falls
ENSG00000163710,PCOLCE2,TRACKS_FIBROSIS,EFO_0003095,-0.35166015078047486,7.276161466106619e-11,5,falls
ENSG00000158714,SLAMF8,TRACKS_FIBROSIS,EFO_0003095,0.3515292793900687,5.2088296230018954e-18,5,rises
ENSG00000162878,PKDCC,TRACKS_FIBROSIS,EFO_0003095,0.35149693468046755,2.0680009422235318e-20,5,rises
ENSG00000105329,TGFB1,TRACKS_FIBROSIS,EFO_0003095,0.3511719863274266,1.2037215382704808e-17,5,rises
ENSG00000118520,ARG1,TRACKS_FIBROSIS,EFO_0003095,-0.35109643667236023,4.612807842214116e-10,5,falls
ENSG00000235162,C12orf75,TRACKS_FIBROSIS,EFO_0003095,0.35096737651129745,1.5624201326296944e-16,5,rises
ENSG00000198554,WDHD1,TRACKS_FIBROSIS,EFO_0003095,0.35057789168997655,9.650160318216113e-10,5,rises
ENSG00000166147,FBN1,TRACKS_FIBROSIS,EFO_0003095,0.3505053677088088,1.3082629614693514e-15,5,rises
ENSG00000204397,CARD16,TRACKS_FIBROSIS,EFO_0003095,0.3503814829729084,1.8597981504801375e-12,5,rises
ENSG00000127472,PLA2G5,TRACKS_FIBROSIS,EFO_0003095,0.3501637741966523,1.1440270196905108e-13,5,rises
ENSG00000198879,SFMBT2,TRACKS_FIBROSIS,EFO_0003095,0.3501532912194093,4.622105265750886e-11,5,rises
ENSG00000105852,PON3,TRACKS_FIBROSIS,EFO_0003095,-0.34993489591182075,4.201486371343888e-14,5,falls
ENSG00000241644,INMT,TRACKS_FIBROSIS,EFO_0003095,0.3498959190168766,2.4471205261696934e-14,5,rises
ENSG00000172348,RCAN2,TRACKS_FIBROSIS,EFO_0003095,0.34976504913452044,2.1329274078830186e-11,5,rises
ENSG00000124225,PMEPA1,TRACKS_FIBROSIS,EFO_0003095,0.34972642104281404,5.499443962198259e-19,5,rises
ENSG00000171860,C3AR1,TRACKS_FIBROSIS,EFO_0003095,0.349706736119572,1.7913204162198558e-11,5,rises
ENSG00000156463,SH3RF2,TRACKS_FIBROSIS,EFO_0003095,-0.3495615435245044,8.545660005110279e-09,5,falls
ENSG00000124713,GNMT,TRACKS_FIBROSIS,EFO_0003095,-0.34921466177881694,1.096401919925185e-14,5,falls
ENSG00000163565,IFI16,TRACKS_FIBROSIS,EFO_0003095,0.34900229804541566,1.8761612455339855e-13,5,rises
ENSG00000089639,GMIP,TRACKS_FIBROSIS,EFO_0003095,0.34889099212310076,5.1235505360568685e-12,5,rises
ENSG00000118515,SGK1,TRACKS_FIBROSIS,EFO_0003095,0.348806024987011,1.7802396786080896e-11,5,rises
ENSG00000162576,MXRA8,TRACKS_FIBROSIS,EFO_0003095,0.34877924422630485,4.144258946846061e-23,5,rises
ENSG00000206052,DOK6,TRACKS_FIBROSIS,EFO_0003095,-0.3483818224508028,1.7630001989767001e-15,5,falls
ENSG00000108602,ALDH3A1,TRACKS_FIBROSIS,EFO_0003095,0.3482209465773277,2.5806557427153612e-14,5,rises
ENSG00000166025,AMOTL1,TRACKS_FIBROSIS,EFO_0003095,-0.34820850964955796,2.8448490571662903e-11,5,falls
ENSG00000138744,NAAA,TRACKS_FIBROSIS,EFO_0003095,-0.3477984905843999,7.138641633912587e-18,5,falls
ENSG00000157227,MMP14,TRACKS_FIBROSIS,EFO_0003095,0.3476209846133021,7.546710829575448e-18,5,rises
ENSG00000109265,CRACD,TRACKS_FIBROSIS,EFO_0003095,0.34756477001850533,1.0782587510438683e-16,5,rises
ENSG00000129465,RIPK3,TRACKS_FIBROSIS,EFO_0003095,0.34738370650884326,8.795671494227669e-14,5,rises
ENSG00000090097,PCBP4,TRACKS_FIBROSIS,EFO_0003095,0.34734456785243767,2.6393056846268195e-16,5,rises
ENSG00000138172,CALHM2,TRACKS_FIBROSIS,EFO_0003095,0.34725596357452876,3.2006288152504325e-16,5,rises
ENSG00000149970,CNKSR2,TRACKS_FIBROSIS,EFO_0003095,-0.3471844473323359,1.1808189466941645e-15,5,falls
ENSG00000253368,TRNP1,TRACKS_FIBROSIS,EFO_0003095,0.3471501251217478,1.1582715065633306e-14,5,rises
ENSG00000176928,GCNT4,TRACKS_FIBROSIS,EFO_0003095,0.34692733501399525,3.773949144617078e-16,5,rises
ENSG00000137310,TCF19,TRACKS_FIBROSIS,EFO_0003095,0.3468528884813426,9.233500758135677e-15,5,rises
ENSG00000147883,CDKN2B,TRACKS_FIBROSIS,EFO_0003095,0.34656781352815225,4.8722179139302605e-14,5,rises
ENSG00000184916,JAG2,TRACKS_FIBROSIS,EFO_0003095,0.3458890990673551,5.873251935992242e-14,5,rises
ENSG00000167613,LAIR1,TRACKS_FIBROSIS,EFO_0003095,0.34587931440325365,8.580577100858875e-15,5,rises
ENSG00000099998,GGT5,TRACKS_FIBROSIS,EFO_0003095,0.34545670987725147,1.2306664051496272e-22,5,rises
ENSG00000141338,ABCA8,TRACKS_FIBROSIS,EFO_0003095,-0.34536305571210274,3.575624180914104e-07,5,falls
ENSG00000197956,S100A6,TRACKS_FIBROSIS,EFO_0003095,0.34535087142447046,2.295123459969434e-13,5,rises
ENSG00000161011,SQSTM1,TRACKS_FIBROSIS,EFO_0003095,0.34532403471549944,3.4895863701973876e-11,5,rises
ENSG00000189221,MAOA,TRACKS_FIBROSIS,EFO_0003095,-0.3451524243255061,4.4330963093392565e-15,5,falls
ENSG00000100897,DCAF11,TRACKS_FIBROSIS,EFO_0003095,-0.34503538712450826,1.759219349109595e-17,5,falls
ENSG00000162734,PEA15,TRACKS_FIBROSIS,EFO_0003095,0.3449539772265416,8.790915984522124e-11,5,rises
ENSG00000168502,MTCL1,TRACKS_FIBROSIS,EFO_0003095,0.34453111595248836,3.101132707289589e-14,5,rises
ENSG00000109610,SOD3,TRACKS_FIBROSIS,EFO_0003095,0.3444247849626365,8.645578426135954e-17,5,rises
ENSG00000159842,ABR,TRACKS_FIBROSIS,EFO_0003095,0.344314991230043,1.104474327943212e-20,5,rises
ENSG00000085491,SLC25A24,TRACKS_FIBROSIS,EFO_0003095,0.3441677636797273,1.7259846606569645e-11,5,rises
ENSG00000188517,COL25A1,TRACKS_FIBROSIS,EFO_0003095,-0.3439977035941396,1.3981177480606567e-12,5,falls
ENSG00000086205,FOLH1,TRACKS_FIBROSIS,EFO_0003095,-0.34398199951405584,2.0463811141029252e-12,5,falls
ENSG00000064199,SPA17,TRACKS_FIBROSIS,EFO_0003095,0.34387984662083393,6.069984061262204e-15,5,rises
ENSG00000153086,ACMSD,TRACKS_FIBROSIS,EFO_0003095,-0.34329752013730935,4.281837144185033e-09,5,falls
ENSG00000100714,MTHFD1,TRACKS_FIBROSIS,EFO_0003095,-0.3431938111408325,8.506033329018816e-11,5,falls
ENSG00000172955,ADH6,TRACKS_FIBROSIS,EFO_0003095,-0.34317306934153724,2.1292325846475115e-13,5,falls
ENSG00000117090,SLAMF1,TRACKS_FIBROSIS,EFO_0003095,0.3428636677841164,1.8597981504801375e-12,5,rises
ENSG00000091490,SEL1L3,TRACKS_FIBROSIS,EFO_0003095,0.3427975187511283,1.3571988651043452e-15,5,rises
ENSG00000128245,YWHAH,TRACKS_FIBROSIS,EFO_0003095,0.3427181399115426,4.587423644490002e-17,5,rises
ENSG00000189292,ALKAL2,TRACKS_FIBROSIS,EFO_0003095,0.342422868888258,7.436880255736617e-13,5,rises
ENSG00000161544,CYGB,TRACKS_FIBROSIS,EFO_0003095,0.34231157112580124,1.3307032667707568e-15,5,rises
ENSG00000110660,SLC35F2,TRACKS_FIBROSIS,EFO_0003095,0.34230801590701604,2.7665628547442607e-17,5,rises
ENSG00000135052,GOLM1,TRACKS_FIBROSIS,EFO_0003095,0.34225509668062554,1.2540483890794347e-14,5,rises
ENSG00000170873,MTSS1,TRACKS_FIBROSIS,EFO_0003095,-0.3421959680642758,4.4639729228033233e-07,5,falls
ENSG00000114770,ABCC5,TRACKS_FIBROSIS,EFO_0003095,0.34197004498240696,9.993862127364475e-10,5,rises
ENSG00000169991,IFFO2,TRACKS_FIBROSIS,EFO_0003095,0.3419661705317748,7.108829421799567e-15,5,rises
ENSG00000143036,SLC44A3,TRACKS_FIBROSIS,EFO_0003095,0.3418394712123899,1.2232149903055974e-12,5,rises
ENSG00000167105,TMEM92,TRACKS_FIBROSIS,EFO_0003095,0.3417507302386214,9.631386227199828e-14,5,rises
ENSG00000054793,ATP9A,TRACKS_FIBROSIS,EFO_0003095,0.3412621760304075,7.829209451071594e-11,5,rises
ENSG00000185070,FLRT2,TRACKS_FIBROSIS,EFO_0003095,0.34124505286823004,3.092406913305095e-09,5,rises
ENSG00000175161,CADM2,TRACKS_FIBROSIS,EFO_0003095,-0.34119915953560326,6.940451278038803e-14,5,falls
ENSG00000100365,NCF4,TRACKS_FIBROSIS,EFO_0003095,0.3411380909918267,1.5815370141770313e-09,5,rises
ENSG00000172738,TMEM217,TRACKS_FIBROSIS,EFO_0003095,0.3410879236255044,3.2273584335665354e-14,5,rises
ENSG00000128284,APOL3,TRACKS_FIBROSIS,EFO_0003095,0.34050264147953657,2.570877303456218e-10,5,rises
ENSG00000133216,EPHB2,TRACKS_FIBROSIS,EFO_0003095,0.34040292375695774,1.6550350111220007e-15,5,rises
ENSG00000117122,MFAP2,TRACKS_FIBROSIS,EFO_0003095,0.34032241928881646,1.9565950149952526e-18,5,rises
ENSG00000159840,ZYX,TRACKS_FIBROSIS,EFO_0003095,0.34015155743160286,1.1857431735246043e-18,5,rises
ENSG00000186529,CYP4F3,TRACKS_FIBROSIS,EFO_0003095,-0.340072178592017,1.0557961083026529e-10,5,falls
ENSG00000073712,FERMT2,TRACKS_FIBROSIS,EFO_0003095,-0.3399927997524313,1.4133054550678201e-10,5,falls
ENSG00000140367,UBE2Q2,TRACKS_FIBROSIS,EFO_0003095,0.3397678930402716,8.889301072126932e-11,5,rises
ENSG00000123352,SPATS2,TRACKS_FIBROSIS,EFO_0003095,0.33886248715954026,2.329538766653448e-11,5,rises
ENSG00000123191,ATP7B,TRACKS_FIBROSIS,EFO_0003095,-0.3388380332888094,7.65321450921772e-07,5,falls
ENSG00000100196,KDELR3,TRACKS_FIBROSIS,EFO_0003095,0.3386098734965605,3.3851126937641798e-15,5,rises
ENSG00000127528,KLF2,TRACKS_FIBROSIS,EFO_0003095,0.3385375210266922,1.3772673515091173e-08,5,rises
ENSG00000131711,MAP1B,TRACKS_FIBROSIS,EFO_0003095,0.3383709985859714,5.328274071485301e-16,5,rises
ENSG00000124374,PAIP2B,TRACKS_FIBROSIS,EFO_0003095,-0.33811416721556814,3.320846733598908e-16,5,falls
ENSG00000105851,PIK3CG,TRACKS_FIBROSIS,EFO_0003095,0.3380233519001622,8.162530970675287e-11,5,rises
ENSG00000130300,PLVAP,TRACKS_FIBROSIS,EFO_0003095,0.33773107246158873,5.4415505850553435e-12,5,rises
ENSG00000165125,TRPV6,TRACKS_FIBROSIS,EFO_0003095,0.3377031049955492,1.0510740569401426e-10,5,rises
ENSG00000188483,IER5L,TRACKS_FIBROSIS,EFO_0003095,0.33739735041605323,1.3436144555749647e-16,5,rises
ENSG00000168306,ACOX2,TRACKS_FIBROSIS,EFO_0003095,-0.33733360862630807,2.637385295886586e-12,5,falls
ENSG00000204287,HLA-DRA,TRACKS_FIBROSIS,EFO_0003095,0.337323881940249,1.951097072224624e-07,5,rises
ENSG00000035862,TIMP2,TRACKS_FIBROSIS,EFO_0003095,0.33693711935979187,9.63101449021631e-13,5,rises
ENSG00000122194,PLG,TRACKS_FIBROSIS,EFO_0003095,-0.3369297877536374,1.2860518292559754e-09,5,falls
ENSG00000104415,CCN4,TRACKS_FIBROSIS,EFO_0003095,0.33678334629621176,1.0273497349719037e-12,5,rises
ENSG00000136828,RALGPS1,TRACKS_FIBROSIS,EFO_0003095,0.3364738060357869,3.1841367717666366e-12,5,rises
ENSG00000187288,CIDEC,TRACKS_FIBROSIS,EFO_0003095,0.3363959709054393,3.2229085854315143e-13,5,rises
ENSG00000023445,BIRC3,TRACKS_FIBROSIS,EFO_0003095,0.33636346643184517,6.2432580619993585e-12,5,rises
ENSG00000123130,ACOT9,TRACKS_FIBROSIS,EFO_0003095,0.3363441592364434,2.1663675662772043e-12,5,rises
ENSG00000121068,TBX2,TRACKS_FIBROSIS,EFO_0003095,0.33599739815994784,4.93209184799325e-14,5,rises
ENSG00000085265,FCN1,TRACKS_FIBROSIS,EFO_0003095,0.33597957701998743,2.9281932495380113e-12,5,rises
ENSG00000133800,LYVE1,TRACKS_FIBROSIS,EFO_0003095,-0.335918019320362,1.0635731154239247e-14,5,falls
ENSG00000082497,SERTAD4,TRACKS_FIBROSIS,EFO_0003095,0.3356470241577239,5.811256709861473e-11,5,rises
ENSG00000197622,CDC42SE1,TRACKS_FIBROSIS,EFO_0003095,0.3354927368509265,9.06978030090675e-11,5,rises
ENSG00000139515,PDX1,TRACKS_FIBROSIS,EFO_0003095,0.33539700513956955,6.201249480304542e-16,5,rises
ENSG00000130592,LSP1,TRACKS_FIBROSIS,EFO_0003095,0.33537538743427936,4.063416551399793e-22,5,rises
ENSG00000101265,RASSF2,TRACKS_FIBROSIS,EFO_0003095,0.33525760318291387,8.326632270397593e-12,5,rises
ENSG00000185022,MAFF,TRACKS_FIBROSIS,EFO_0003095,0.33525472655142163,8.474573432204412e-12,5,rises
ENSG00000204219,TCEA3,TRACKS_FIBROSIS,EFO_0003095,-0.33491783322198865,6.1923520069231914e-12,5,falls
ENSG00000143499,SMYD2,TRACKS_FIBROSIS,EFO_0003095,0.33462744803185374,6.3679178056644276e-09,5,rises
ENSG00000035115,SH3YL1,TRACKS_FIBROSIS,EFO_0003095,0.3345401117927485,4.3993643813771754e-11,5,rises
ENSG00000169679,BUB1,TRACKS_FIBROSIS,EFO_0003095,0.33441696440591284,2.053193298058537e-11,5,rises
ENSG00000107099,DOCK8,TRACKS_FIBROSIS,EFO_0003095,0.3344047579554344,1.2795507979365785e-10,5,rises
ENSG00000261701,HPR,TRACKS_FIBROSIS,EFO_0003095,-0.3342221102094532,1.8706407515291044e-13,5,falls
ENSG00000132688,NES,TRACKS_FIBROSIS,EFO_0003095,0.3341756330549716,1.6215012496352258e-14,5,rises
ENSG00000124523,SIRT5,TRACKS_FIBROSIS,EFO_0003095,-0.33396371045440265,4.923500504950366e-07,5,falls
ENSG00000008294,SPAG9,TRACKS_FIBROSIS,EFO_0003095,-0.33395543284837353,5.6223950718857175e-09,5,falls
ENSG00000106261,ZKSCAN1,TRACKS_FIBROSIS,EFO_0003095,-0.3338392596586306,8.652312963026025e-12,5,falls
ENSG00000179913,B3GNT3,TRACKS_FIBROSIS,EFO_0003095,0.3337561866888974,1.241445922834682e-19,5,rises
ENSG00000112562,SMOC2,TRACKS_FIBROSIS,EFO_0003095,0.33368218200536287,5.483902455036469e-17,5,rises
ENSG00000010379,SLC6A13,TRACKS_FIBROSIS,EFO_0003095,-0.33354887446849557,2.453185192348592e-09,5,falls
ENSG00000204178,MACO1,TRACKS_FIBROSIS,EFO_0003095,-0.33353665413278905,9.388142314279847e-10,5,falls
ENSG00000066294,CD84,TRACKS_FIBROSIS,EFO_0003095,0.3333829400741328,8.080124855905986e-09,5,rises
ENSG00000120057,SFRP5,TRACKS_FIBROSIS,EFO_0003095,0.33308630212758833,1.5166232932313245e-15,5,rises
ENSG00000042980,ADAM28,TRACKS_FIBROSIS,EFO_0003095,0.33285470340128315,6.541553892626642e-15,5,rises
ENSG00000187554,TLR5,TRACKS_FIBROSIS,EFO_0003095,0.332738510515079,6.2605608010677145e-15,5,rises
ENSG00000171310,CHST11,TRACKS_FIBROSIS,EFO_0003095,0.332704752697977,3.251842121446251e-11,5,rises
ENSG00000122877,EGR2,TRACKS_FIBROSIS,EFO_0003095,0.3325409519146871,1.130957043940525e-11,5,rises
ENSG00000176542,USF3,TRACKS_FIBROSIS,EFO_0003095,-0.33221484335597273,1.0949412537032014e-06,5,falls
ENSG00000134627,PIWIL4,TRACKS_FIBROSIS,EFO_0003095,0.33217370809741514,1.7903937607874803e-13,5,rises
ENSG00000105967,TFEC,TRACKS_FIBROSIS,EFO_0003095,0.331876758930757,2.0762849001474926e-08,5,rises
ENSG00000103490,PYCARD,TRACKS_FIBROSIS,EFO_0003095,0.3317655182489119,1.9769432856057915e-10,5,rises
ENSG00000115468,EFHD1,TRACKS_FIBROSIS,EFO_0003095,-0.3317309732799404,7.549162743748916e-13,5,falls
ENSG00000258227,CLEC5A,TRACKS_FIBROSIS,EFO_0003095,0.33168448120912114,2.779378285459206e-12,5,rises
ENSG00000121797,CCRL2,TRACKS_FIBROSIS,EFO_0003095,0.33166467971911245,3.7038630792166407e-09,5,rises
ENSG00000079215,SLC1A3,TRACKS_FIBROSIS,EFO_0003095,0.33126112739799707,1.3144985883557976e-10,5,rises
ENSG00000116171,SCP2,TRACKS_FIBROSIS,EFO_0003095,-0.33122844870841517,5.074027220322134e-07,5,falls
ENSG00000143119,CD53,TRACKS_FIBROSIS,EFO_0003095,0.33107975622025787,9.62322639810018e-10,5,rises
ENSG00000135919,SERPINE2,TRACKS_FIBROSIS,EFO_0003095,0.3309454708184983,1.7505529261512207e-15,5,rises
ENSG00000157131,C8A,TRACKS_FIBROSIS,EFO_0003095,-0.33088326971805,1.2386677701025336e-11,5,falls
ENSG00000143390,RFX5,TRACKS_FIBROSIS,EFO_0003095,0.3308072624380661,3.370342521737184e-12,5,rises
ENSG00000189334,S100A14,TRACKS_FIBROSIS,EFO_0003095,0.33074516494068956,6.91959795055257e-14,5,rises
ENSG00000188549,CCDC9B,TRACKS_FIBROSIS,EFO_0003095,0.3306422054812598,1.0530651029687836e-21,5,rises
ENSG00000124575,H1-3,TRACKS_FIBROSIS,EFO_0003095,0.33047057678503555,1.306994905972521e-07,5,rises
ENSG00000130762,ARHGEF16,TRACKS_FIBROSIS,EFO_0003095,0.3303693987195286,2.0973771160122678e-14,5,rises
ENSG00000134247,PTGFRN,TRACKS_FIBROSIS,EFO_0003095,0.33018229084530837,1.0604883233466539e-12,5,rises
ENSG00000125538,IL1B,TRACKS_FIBROSIS,EFO_0003095,0.32971738098905684,5.00016615361684e-09,5,rises
ENSG00000109184,DCUN1D4,TRACKS_FIBROSIS,EFO_0003095,-0.329700010219477,5.989029489566774e-09,5,falls
ENSG00000145703,IQGAP2,TRACKS_FIBROSIS,EFO_0003095,-0.3296937298127915,8.517807011941149e-11,5,falls
ENSG00000198825,INPP5F,TRACKS_FIBROSIS,EFO_0003095,0.32966001057217736,3.298632068733045e-10,5,rises
ENSG00000142168,SOD1,TRACKS_FIBROSIS,EFO_0003095,-0.3296565566907522,1.0097508751581279e-15,5,falls
ENSG00000117091,CD48,TRACKS_FIBROSIS,EFO_0003095,0.32953197985264826,1.404088168611863e-11,5,rises
ENSG00000168461,RAB31,TRACKS_FIBROSIS,EFO_0003095,0.32943541408752447,9.841167052175447e-09,5,rises
ENSG00000171759,PAH,TRACKS_FIBROSIS,EFO_0003095,-0.3292742045783477,1.1842923848013484e-07,5,falls
ENSG00000138356,AOX1,TRACKS_FIBROSIS,EFO_0003095,-0.329242341902314,6.290580676165168e-11,5,falls
ENSG00000170430,MGMT,TRACKS_FIBROSIS,EFO_0003095,-0.3290979230744681,1.2475777173751658e-06,5,falls
ENSG00000153029,MR1,TRACKS_FIBROSIS,EFO_0003095,0.32872100453125264,3.204617519868876e-09,5,rises
ENSG00000110448,CD5,TRACKS_FIBROSIS,EFO_0003095,0.3287009465235697,3.526698924045593e-17,5,rises
ENSG00000084207,GSTP1,TRACKS_FIBROSIS,EFO_0003095,0.32858870646527627,7.474881298223074e-16,5,rises
ENSG00000108244,KRT23,TRACKS_FIBROSIS,EFO_0003095,0.32858062827222434,1.4938662615738915e-19,5,rises
ENSG00000173530,TNFRSF10D,TRACKS_FIBROSIS,EFO_0003095,0.32854700503064366,4.529654759404827e-09,5,rises
ENSG00000143387,CTSK,TRACKS_FIBROSIS,EFO_0003095,0.32848825856951624,5.637518880943167e-13,5,rises
ENSG00000174807,CD248,TRACKS_FIBROSIS,EFO_0003095,0.32836080786538147,1.2284606868812187e-14,5,rises
ENSG00000162852,CNST,TRACKS_FIBROSIS,EFO_0003095,-0.3283241103333238,1.899099597192177e-10,5,falls
ENSG00000123096,SSPN,TRACKS_FIBROSIS,EFO_0003095,0.3281975687717008,4.762393174296557e-14,5,rises
ENSG00000164116,GUCY1A1,TRACKS_FIBROSIS,EFO_0003095,0.32813245868713986,3.940065681263229e-13,5,rises
ENSG00000136153,LMO7,TRACKS_FIBROSIS,EFO_0003095,-0.3281272935956231,1.2294579917463318e-06,5,falls
ENSG00000006611,USH1C,TRACKS_FIBROSIS,EFO_0003095,0.32810059601110614,6.216231401023231e-13,5,rises
ENSG00000100300,TSPO,TRACKS_FIBROSIS,EFO_0003095,0.32799336516838307,1.921996301105304e-13,5,rises
ENSG00000163517,HDAC11,TRACKS_FIBROSIS,EFO_0003095,0.327987247649813,3.381670438686643e-15,5,rises
ENSG00000160255,ITGB2,TRACKS_FIBROSIS,EFO_0003095,0.3278081478760163,1.1790787601972458e-14,5,rises
ENSG00000120915,EPHX2,TRACKS_FIBROSIS,EFO_0003095,-0.3277419988430281,1.0862121642376022e-13,5,falls
ENSG00000197965,MPZL1,TRACKS_FIBROSIS,EFO_0003095,0.32772042886650277,1.4968343383906753e-12,5,rises
ENSG00000106483,SFRP4,TRACKS_FIBROSIS,EFO_0003095,0.327678945267912,4.119689856482294e-17,5,rises
ENSG00000136040,PLXNC1,TRACKS_FIBROSIS,EFO_0003095,0.32764920810062864,1.690625749860603e-12,5,rises
ENSG00000087237,CETP,TRACKS_FIBROSIS,EFO_0003095,-0.3274739633824432,6.756053706502702e-13,5,falls
ENSG00000158806,NPM2,TRACKS_FIBROSIS,EFO_0003095,0.32721572700787044,4.5658407685791305e-15,5,rises
ENSG00000196839,ADA,TRACKS_FIBROSIS,EFO_0003095,0.3269376083358757,7.003220977565046e-14,5,rises
ENSG00000103479,RBL2,TRACKS_FIBROSIS,EFO_0003095,-0.32684475396964363,4.741830634211813e-08,5,falls
ENSG00000146232,NFKBIE,TRACKS_FIBROSIS,EFO_0003095,0.3268159123811942,7.686849657261948e-18,5,rises
ENSG00000143257,NR1I3,TRACKS_FIBROSIS,EFO_0003095,-0.3268077896975074,1.2780780981497723e-09,5,falls
ENSG00000153179,RASSF3,TRACKS_FIBROSIS,EFO_0003095,0.3267422380471589,5.460316998253341e-13,5,rises
ENSG00000105173,CCNE1,TRACKS_FIBROSIS,EFO_0003095,0.32673653354160836,1.115418998446116e-09,5,rises
ENSG00000122787,AKR1D1,TRACKS_FIBROSIS,EFO_0003095,-0.3267248225003261,2.358221381740768e-14,5,falls
ENSG00000160862,AZGP1,TRACKS_FIBROSIS,EFO_0003095,-0.32648977940332524,4.661878874908649e-18,5,falls
ENSG00000160791,CCR5,TRACKS_FIBROSIS,EFO_0003095,0.32629504436919604,3.0680627757951554e-13,5,rises
ENSG00000072609,CHFR,TRACKS_FIBROSIS,EFO_0003095,0.3260641465149145,4.118558840808006e-15,5,rises
ENSG00000179855,GIPC3,TRACKS_FIBROSIS,EFO_0003095,0.3259214789497802,1.3440857563985823e-06,5,rises
ENSG00000181007,ZFP82,TRACKS_FIBROSIS,EFO_0003095,0.3257718296748852,1.5200732950192363e-10,5,rises
ENSG00000167642,SPINT2,TRACKS_FIBROSIS,EFO_0003095,0.32574275798461166,1.9881129599981382e-17,5,rises
ENSG00000080910,CFHR2,TRACKS_FIBROSIS,EFO_0003095,-0.32566691145598897,1.2247219763597722e-13,5,falls
ENSG00000159212,CLIC6,TRACKS_FIBROSIS,EFO_0003095,0.3255851073930159,7.122720535204125e-29,5,rises
ENSG00000198648,STK39,TRACKS_FIBROSIS,EFO_0003095,0.32542043700405754,1.4032321307038038e-12,5,rises
ENSG00000116704,SLC35D1,TRACKS_FIBROSIS,EFO_0003095,-0.32540819988625785,1.3529660383880943e-07,5,falls
ENSG00000079739,PGM1,TRACKS_FIBROSIS,EFO_0003095,-0.3253143801482423,3.2006288152504325e-16,5,falls
ENSG00000197122,SRC,TRACKS_FIBROSIS,EFO_0003095,0.32508280771690495,3.039061807306294e-19,5,rises
ENSG00000126264,HCST,TRACKS_FIBROSIS,EFO_0003095,0.3250539971109206,1.1661528128541585e-08,5,rises
ENSG00000187735,TCEA1,TRACKS_FIBROSIS,EFO_0003095,-0.324877155285696,2.018282271434199e-06,5,falls
ENSG00000101955,SRPX,TRACKS_FIBROSIS,EFO_0003095,0.32483739425320196,2.058318136816791e-11,5,rises
ENSG00000060138,YBX3,TRACKS_FIBROSIS,EFO_0003095,0.32474426815362617,5.43747912611688e-09,5,rises
ENSG00000052795,FNIP2,TRACKS_FIBROSIS,EFO_0003095,-0.32460915897220055,3.2677452420868454e-10,5,falls
ENSG00000166900,STX3,TRACKS_FIBROSIS,EFO_0003095,0.32452666584932516,4.027418217271262e-17,5,rises
ENSG00000118473,SGIP1,TRACKS_FIBROSIS,EFO_0003095,0.3245207123606309,6.8811852058401e-13,5,rises
ENSG00000061455,PRDM6,TRACKS_FIBROSIS,EFO_0003095,0.32451327725484314,1.658440085628187e-11,5,rises
ENSG00000134240,HMGCS2,TRACKS_FIBROSIS,EFO_0003095,-0.32449480317329144,4.4775408060339523e-10,5,falls
ENSG00000128298,BAIAP2L2,TRACKS_FIBROSIS,EFO_0003095,0.32448585448439266,1.279198016292547e-09,5,rises
ENSG00000103335,PIEZO1,TRACKS_FIBROSIS,EFO_0003095,0.32448147709651365,4.116955394466412e-16,5,rises
ENSG00000165025,SYK,TRACKS_FIBROSIS,EFO_0003095,0.3244083649182506,3.111607224508072e-09,5,rises
ENSG00000147065,MSN,TRACKS_FIBROSIS,EFO_0003095,0.32433837638403074,7.655710529933494e-11,5,rises
ENSG00000142227,EMP3,TRACKS_FIBROSIS,EFO_0003095,0.32428901932104737,2.387468013005772e-16,5,rises
ENSG00000157368,IL34,TRACKS_FIBROSIS,EFO_0003095,0.32409009053245785,6.581929051187887e-17,5,rises
ENSG00000155926,SLA,TRACKS_FIBROSIS,EFO_0003095,0.32371474654909843,3.694355409718911e-08,5,rises
ENSG00000073737,DHRS9,TRACKS_FIBROSIS,EFO_0003095,0.32365711914597106,8.112394114805666e-13,5,rises
ENSG00000108187,PBLD,TRACKS_FIBROSIS,EFO_0003095,-0.32364075879776355,7.806667102760332e-14,5,falls
ENSG00000111275,ALDH2,TRACKS_FIBROSIS,EFO_0003095,-0.3234433348641791,7.989728115146568e-13,5,falls
ENSG00000165912,PACSIN3,TRACKS_FIBROSIS,EFO_0003095,-0.3233966024642714,4.384180488547552e-12,5,falls
ENSG00000105290,APLP1,TRACKS_FIBROSIS,EFO_0003095,0.3233718809078602,2.765242709901688e-10,5,rises
ENSG00000144554,FANCD2,TRACKS_FIBROSIS,EFO_0003095,0.3232155861783956,5.917360827474994e-13,5,rises
ENSG00000124491,F13A1,TRACKS_FIBROSIS,EFO_0003095,0.3231886783521167,5.903535686325027e-13,5,rises
ENSG00000163827,LRRC2,TRACKS_FIBROSIS,EFO_0003095,-0.3231868986077939,2.3410503441479036e-08,5,falls
ENSG00000171223,JUNB,TRACKS_FIBROSIS,EFO_0003095,0.3229498150285727,2.445058468500918e-08,5,rises
ENSG00000155099,PIP4P2,TRACKS_FIBROSIS,EFO_0003095,0.322901669371606,1.1499636436933857e-09,5,rises
ENSG00000172264,MACROD2,TRACKS_FIBROSIS,EFO_0003095,-0.3228902567895401,2.795275433833804e-07,5,falls
ENSG00000123329,ARHGAP9,TRACKS_FIBROSIS,EFO_0003095,0.32274113194912485,7.254151868706745e-13,5,rises
ENSG00000197142,ACSL5,TRACKS_FIBROSIS,EFO_0003095,-0.32234938298702176,3.8988738023196885e-11,5,falls
ENSG00000138755,CXCL9,TRACKS_FIBROSIS,EFO_0003095,0.3223325202432446,1.0197133520181917e-11,5,rises
ENSG00000249992,TMEM158,TRACKS_FIBROSIS,EFO_0003095,0.3221407949926085,1.529589694919469e-08,5,rises
ENSG00000100077,GRK3,TRACKS_FIBROSIS,EFO_0003095,0.3221157233627746,2.808856099248181e-08,5,rises
ENSG00000108961,RANGRF,TRACKS_FIBROSIS,EFO_0003095,0.3217621262609005,5.5721455061706306e-08,5,rises
ENSG00000170004,CHD3,TRACKS_FIBROSIS,EFO_0003095,0.32175522506126225,1.2510750499427978e-13,5,rises
ENSG00000138606,SHF,TRACKS_FIBROSIS,EFO_0003095,-0.32173566664770525,1.3742339595941481e-11,5,falls
ENSG00000169403,PTAFR,TRACKS_FIBROSIS,EFO_0003095,0.3216775152384439,3.837606056796367e-07,5,rises
ENSG00000133477,SACK1F,TRACKS_FIBROSIS,EFO_0003095,0.32160234862299214,4.743886343227328e-11,5,rises
ENSG00000103942,HOMER2,TRACKS_FIBROSIS,EFO_0003095,-0.3214788083003978,2.1687182178398527e-14,5,falls
ENSG00000113369,ARRDC3,TRACKS_FIBROSIS,EFO_0003095,-0.32144461090255744,2.1977127740567487e-11,5,falls
ENSG00000120708,TGFBI,TRACKS_FIBROSIS,EFO_0003095,0.32143566368001225,2.806753406048401e-10,5,rises
ENSG00000135740,SLC9A5,TRACKS_FIBROSIS,EFO_0003095,0.32128926379558176,1.8480886480451108e-17,5,rises
ENSG00000061656,SPAG4,TRACKS_FIBROSIS,EFO_0003095,0.32110063593101906,1.0197133520181917e-11,5,rises
ENSG00000168386,FILIP1L,TRACKS_FIBROSIS,EFO_0003095,0.321034829166797,1.0597191780661194e-09,5,rises
ENSG00000096717,SIRT1,TRACKS_FIBROSIS,EFO_0003095,-0.3209551080584451,2.2922884280057804e-09,5,falls
ENSG00000177469,CAVIN1,TRACKS_FIBROSIS,EFO_0003095,0.3209308671107196,4.230207254402251e-16,5,rises
ENSG00000166557,TMED3,TRACKS_FIBROSIS,EFO_0003095,0.3208094016820836,1.2557743645085262e-14,5,rises
ENSG00000140379,BCL2A1,TRACKS_FIBROSIS,EFO_0003095,0.3207225001659259,3.1522399359939383e-13,5,rises
ENSG00000108370,RGS9,TRACKS_FIBROSIS,EFO_0003095,0.3206741679119974,5.788460771446247e-17,5,rises
ENSG00000162391,FAM151A,TRACKS_FIBROSIS,EFO_0003095,-0.32059790328030924,5.023826511125364e-11,5,falls
ENSG00000197506,SLC28A3,TRACKS_FIBROSIS,EFO_0003095,0.320467599997706,6.88874434358758e-10,5,rises
ENSG00000167767,KRT80,TRACKS_FIBROSIS,EFO_0003095,0.32037997046350924,1.8509527205848016e-24,5,rises
ENSG00000168303,MPLKIP,TRACKS_FIBROSIS,EFO_0003095,-0.3202422923236573,1.7044053410687767e-08,5,falls
ENSG00000064547,LPAR2,TRACKS_FIBROSIS,EFO_0003095,0.3202412374949136,2.0042612567725008e-17,5,rises
ENSG00000248905,FMN1,TRACKS_FIBROSIS,EFO_0003095,0.3202108525152019,2.541694268536372e-13,5,rises
ENSG00000140968,IRF8,TRACKS_FIBROSIS,EFO_0003095,0.3201441387808527,5.504732021515976e-09,5,rises
ENSG00000101443,WFDC2,TRACKS_FIBROSIS,EFO_0003095,0.3201188949745839,1.2739479096871205e-15,5,rises
ENSG00000213719,CLIC1,TRACKS_FIBROSIS,EFO_0003095,0.3201030643266453,3.240362384019257e-09,5,rises
ENSG00000102057,KCND1,TRACKS_FIBROSIS,EFO_0003095,0.32003434726242924,1.3933877860465814e-11,5,rises
ENSG00000114019,AMOTL2,TRACKS_FIBROSIS,EFO_0003095,0.3199854239419223,1.1626735638904506e-13,5,rises
ENSG00000164294,GPX8,TRACKS_FIBROSIS,EFO_0003095,0.31997296092860533,1.4071868223406272e-12,5,rises
ENSG00000110848,CD69,TRACKS_FIBROSIS,EFO_0003095,0.31988533604041497,6.181306837712716e-11,5,rises
ENSG00000165244,ZNF367,TRACKS_FIBROSIS,EFO_0003095,0.3198800287328611,4.05583717891939e-08,5,rises
ENSG00000144488,ESPNL,TRACKS_FIBROSIS,EFO_0003095,-0.3197848383278437,2.1079082435589427e-10,5,falls
ENSG00000108852,MPP2,TRACKS_FIBROSIS,EFO_0003095,0.3197382556341453,9.542536993173808e-10,5,rises
ENSG00000148908,RGS10,TRACKS_FIBROSIS,EFO_0003095,0.3196490761134368,5.692864375974813e-17,5,rises
ENSG00000137992,DBT,TRACKS_FIBROSIS,EFO_0003095,-0.31956394228338575,2.108482509767075e-09,5,falls
ENSG00000100271,TTLL1,TRACKS_FIBROSIS,EFO_0003095,0.3195438909743468,7.634319661428405e-17,5,rises
ENSG00000097046,CDC7,TRACKS_FIBROSIS,EFO_0003095,0.3195082943740161,4.953980957777673e-11,5,rises
ENSG00000163909,HEYL,TRACKS_FIBROSIS,EFO_0003095,0.3194423750842948,1.1515861500939114e-19,5,rises
ENSG00000153822,KCNJ16,TRACKS_FIBROSIS,EFO_0003095,0.31942123540133405,1.401722262497634e-11,5,rises
ENSG00000244509,APOBEC3C,TRACKS_FIBROSIS,EFO_0003095,0.3193751055185977,9.666149060244568e-11,5,rises
ENSG00000174640,SLCO2A1,TRACKS_FIBROSIS,EFO_0003095,0.3192725414148797,1.4316433647190674e-13,5,rises
ENSG00000043462,LCP2,TRACKS_FIBROSIS,EFO_0003095,0.31880488821903064,1.0036043405688616e-08,5,rises
ENSG00000168938,PPIC,TRACKS_FIBROSIS,EFO_0003095,0.3187904718385393,1.6297075056414215e-08,5,rises
ENSG00000140835,CHST4,TRACKS_FIBROSIS,EFO_0003095,0.3187457303566414,3.9773452736851584e-17,5,rises
ENSG00000115977,AAK1,TRACKS_FIBROSIS,EFO_0003095,0.31838661918359595,1.126542548216362e-08,5,rises
ENSG00000108830,RND2,TRACKS_FIBROSIS,EFO_0003095,-0.3183526081200018,2.393051525053587e-10,5,falls
ENSG00000196924,FLNA,TRACKS_FIBROSIS,EFO_0003095,0.31825843072802595,2.486676635653331e-19,5,rises
ENSG00000177606,JUN,TRACKS_FIBROSIS,EFO_0003095,0.31819605349437946,2.676970353634874e-13,5,rises
ENSG00000125835,SNRPB,TRACKS_FIBROSIS,EFO_0003095,0.3181792011906425,1.1798017542402584e-05,5,rises
ENSG00000023902,PLEKHO1,TRACKS_FIBROSIS,EFO_0003095,0.31785933331460026,1.3669375342174305e-12,5,rises
ENSG00000187048,CYP4A11,TRACKS_FIBROSIS,EFO_0003095,-0.3177399158541453,1.3248895141887035e-08,5,falls
ENSG00000157653,C9orf43,TRACKS_FIBROSIS,EFO_0003095,-0.31762119679584305,1.3248895141887035e-08,5,falls
ENSG00000154589,LY96,TRACKS_FIBROSIS,EFO_0003095,0.31759473718264775,2.068825004970649e-05,5,rises
ENSG00000144357,UBR3,TRACKS_FIBROSIS,EFO_0003095,-0.31751798621337096,4.968352367351618e-08,5,falls
ENSG00000065911,MTHFD2,TRACKS_FIBROSIS,EFO_0003095,0.317515358343062,1.9508203118096152e-14,5,rises
ENSG00000147889,CDKN2A,TRACKS_FIBROSIS,EFO_0003095,0.3171713833715237,3.362013863675373e-14,5,rises
ENSG00000163132,MSX1,TRACKS_FIBROSIS,EFO_0003095,0.3170146115930792,3.7981574733802017e-10,5,rises
ENSG00000117676,RPS6KA1,TRACKS_FIBROSIS,EFO_0003095,0.3169225213870233,3.1820178582131354e-11,5,rises
ENSG00000134590,RTL8C,TRACKS_FIBROSIS,EFO_0003095,0.3167083401406067,6.699028590227415e-16,5,rises
ENSG00000129667,RHBDF2,TRACKS_FIBROSIS,EFO_0003095,0.31645071403529307,6.129253611627708e-18,5,rises
ENSG00000165304,MELK,TRACKS_FIBROSIS,EFO_0003095,0.31634672068201886,2.6810517147090876e-11,5,rises
ENSG00000175643,RMI2,TRACKS_FIBROSIS,EFO_0003095,0.31627703624749326,2.231921281521497e-12,5,rises
ENSG00000141198,TOM1L1,TRACKS_FIBROSIS,EFO_0003095,-0.31595029555025206,3.210120820303946e-08,5,falls
ENSG00000067082,KLF6,TRACKS_FIBROSIS,EFO_0003095,0.31593908686674493,6.709906955693978e-10,5,rises
ENSG00000182952,HMGN4,TRACKS_FIBROSIS,EFO_0003095,0.3156102661930036,2.8337653506359782e-09,5,rises
ENSG00000115841,RMDN2,TRACKS_FIBROSIS,EFO_0003095,-0.31536614648963407,8.396024654117076e-10,5,falls
ENSG00000142871,CCN1,TRACKS_FIBROSIS,EFO_0003095,0.31533244025445345,1.6396228746357133e-12,5,rises
ENSG00000154262,ABCA6,TRACKS_FIBROSIS,EFO_0003095,-0.31533244025445345,1.1004903041461636e-08,5,falls
ENSG00000136854,STXBP1,TRACKS_FIBROSIS,EFO_0003095,0.31512186597337555,1.1107004324936535e-14,5,rises
ENSG00000100997,ABHD12,TRACKS_FIBROSIS,EFO_0003095,0.3150857533931483,6.940451278038803e-14,5,rises
ENSG00000114999,TTL,TRACKS_FIBROSIS,EFO_0003095,0.3150687615133194,1.138133912504198e-13,5,rises
ENSG00000058091,CDK14,TRACKS_FIBROSIS,EFO_0003095,-0.3149921683785337,4.21856711987108e-09,5,falls
ENSG00000166582,CENPV,TRACKS_FIBROSIS,EFO_0003095,-0.3149884652829152,8.268631654446139e-14,5,falls
ENSG00000135373,EHF,TRACKS_FIBROSIS,EFO_0003095,0.31496956050694425,1.556335187792827e-11,5,rises
ENSG00000064225,ST3GAL6,TRACKS_FIBROSIS,EFO_0003095,-0.31486939702353656,2.5118282766169496e-11,5,falls
ENSG00000003249,DBNDD1,TRACKS_FIBROSIS,EFO_0003095,0.31464384716753385,3.1552683607894025e-15,5,rises
ENSG00000172201,ID4,TRACKS_FIBROSIS,EFO_0003095,0.31460112598552226,8.698820369582702e-12,5,rises
ENSG00000198075,SULT1C4,TRACKS_FIBROSIS,EFO_0003095,0.3145121922454006,1.334644928092361e-12,5,rises
ENSG00000138615,CILP,TRACKS_FIBROSIS,EFO_0003095,0.31441958359921723,9.800234664450464e-10,5,rises
ENSG00000150636,CCDC102B,TRACKS_FIBROSIS,EFO_0003095,0.314353434566229,7.552162439041868e-10,5,rises
ENSG00000196975,ANXA4,TRACKS_FIBROSIS,EFO_0003095,0.31434334200445485,6.380902171564646e-09,5,rises
ENSG00000164929,BAALC,TRACKS_FIBROSIS,EFO_0003095,-0.31434196832100314,5.425310279705826e-07,5,falls
ENSG00000171503,ETFDH,TRACKS_FIBROSIS,EFO_0003095,-0.313948257406134,1.5609237383707716e-08,5,falls
ENSG00000130755,GMFG,TRACKS_FIBROSIS,EFO_0003095,0.313930080755105,3.4390234796741984e-11,5,rises
ENSG00000062282,DGAT2,TRACKS_FIBROSIS,EFO_0003095,-0.31384735893202725,2.6359405305323664e-09,5,falls
ENSG00000255833,TIFAB,TRACKS_FIBROSIS,EFO_0003095,0.313760077115041,8.455357706125633e-06,5,rises
ENSG00000102468,HTR2A,TRACKS_FIBROSIS,EFO_0003095,-0.31371971434214263,2.059675914170091e-09,5,falls
ENSG00000091986,CCDC80,TRACKS_FIBROSIS,EFO_0003095,0.31357121573973523,2.748251334086428e-13,5,rises
ENSG00000088992,TESC,TRACKS_FIBROSIS,EFO_0003095,0.3135329523755061,9.578924570062632e-18,5,rises
ENSG00000134873,CLDN10,TRACKS_FIBROSIS,EFO_0003095,0.31350672694398085,1.195826552218911e-13,5,rises
ENSG00000062598,ELMO2,TRACKS_FIBROSIS,EFO_0003095,0.31345438592761155,1.7123443235911126e-08,5,rises
ENSG00000094963,FMO2,TRACKS_FIBROSIS,EFO_0003095,0.3134065919135609,6.338562027276121e-13,5,rises
ENSG00000196126,HLA-DRB1,TRACKS_FIBROSIS,EFO_0003095,0.3133628195679782,5.159907171008448e-07,5,rises
ENSG00000163995,ABLIM2,TRACKS_FIBROSIS,EFO_0003095,0.31316918231228746,1.6263307538598647e-12,5,rises
ENSG00000157168,NRG1,TRACKS_FIBROSIS,EFO_0003095,0.31304368371306385,2.950419532879353e-10,5,rises
ENSG00000102900,NUP93,TRACKS_FIBROSIS,EFO_0003095,0.31298938910942425,8.884068588201998e-10,5,rises
ENSG00000185088,RPS27L,TRACKS_FIBROSIS,EFO_0003095,0.3129025885117167,1.3037496249379467e-12,5,rises
ENSG00000186198,SLC51B,TRACKS_FIBROSIS,EFO_0003095,0.31287418211992474,1.3524239503575432e-10,5,rises
ENSG00000113721,PDGFRB,TRACKS_FIBROSIS,EFO_0003095,0.312738657091826,1.7869686340101738e-19,5,rises
ENSG00000095739,BAMBI,TRACKS_FIBROSIS,EFO_0003095,0.3126114564585079,1.9983373183745475e-09,5,rises
ENSG00000128591,FLNC,TRACKS_FIBROSIS,EFO_0003095,0.3124752063844217,2.1341111726697727e-08,5,rises
ENSG00000156515,HK1,TRACKS_FIBROSIS,EFO_0003095,0.3122860878063756,2.483285440679674e-12,5,rises
ENSG00000164344,KLKB1,TRACKS_FIBROSIS,EFO_0003095,-0.31226312512380383,8.347249184073793e-13,5,falls
ENSG00000129596,CDO1,TRACKS_FIBROSIS,EFO_0003095,-0.31203118639810584,2.6545073512773524e-11,5,falls
ENSG00000077274,CAPN6,TRACKS_FIBROSIS,EFO_0003095,0.31196173459068516,3.0659130112163493e-12,5,rises
ENSG00000088882,CPXM1,TRACKS_FIBROSIS,EFO_0003095,0.3119575667026552,4.54230807819684e-16,5,rises
ENSG00000151725,CENPU,TRACKS_FIBROSIS,EFO_0003095,0.311894436004152,1.044270958757295e-10,5,rises
ENSG00000182752,PAPPA,TRACKS_FIBROSIS,EFO_0003095,0.3118834852956726,4.8259921944746755e-11,5,rises
ENSG00000150867,PIP4K2A,TRACKS_FIBROSIS,EFO_0003095,0.3117814569339048,3.9352754186198253e-07,5,rises
ENSG00000105639,JAK3,TRACKS_FIBROSIS,EFO_0003095,0.3117378331371027,1.4442409683553456e-17,5,rises
ENSG00000173706,HEG1,TRACKS_FIBROSIS,EFO_0003095,0.31172070305330113,6.394504724709123e-13,5,rises
ENSG00000113889,KNG1,TRACKS_FIBROSIS,EFO_0003095,-0.31167675982157994,8.657692350748378e-06,5,falls
ENSG00000149218,ENDOD1,TRACKS_FIBROSIS,EFO_0003095,0.3115718358977346,1.0505132270834355e-12,5,rises
ENSG00000158079,PTPDC1,TRACKS_FIBROSIS,EFO_0003095,0.3112575035634772,3.573093700230255e-08,5,rises
ENSG00000125869,LAMP5,TRACKS_FIBROSIS,EFO_0003095,0.3112202195601507,4.545077422465667e-08,5,rises
ENSG00000130520,LSM4,TRACKS_FIBROSIS,EFO_0003095,0.31119151078939605,5.7416262133254276e-12,5,rises
ENSG00000019582,CD74,TRACKS_FIBROSIS,EFO_0003095,0.31112536175640787,1.3149976736263888e-09,5,rises
ENSG00000143375,CGN,TRACKS_FIBROSIS,EFO_0003095,-0.31105293952731106,2.236789553175667e-10,5,falls
ENSG00000074527,NTN4,TRACKS_FIBROSIS,EFO_0003095,-0.3109700790554986,4.5635319570903466e-11,5,falls
ENSG00000115935,WIPF1,TRACKS_FIBROSIS,EFO_0003095,0.3109533742706388,5.5018693536726896e-08,5,rises
ENSG00000160957,RECQL4,TRACKS_FIBROSIS,EFO_0003095,0.3107352471170652,8.889301072126932e-11,5,rises
ENSG00000137960,GIPC2,TRACKS_FIBROSIS,EFO_0003095,-0.3106908620138542,1.3333380287762678e-08,5,falls
ENSG00000095303,PTGS1,TRACKS_FIBROSIS,EFO_0003095,0.31036098371518683,8.807833228415654e-12,5,rises
ENSG00000175899,A2M,TRACKS_FIBROSIS,EFO_0003095,0.3103180592577055,2.282920679919514e-09,5,rises
ENSG00000213654,GPSM3,TRACKS_FIBROSIS,EFO_0003095,0.31030511374735503,4.818325780529324e-10,5,rises
ENSG00000132837,DMGDH,TRACKS_FIBROSIS,EFO_0003095,-0.3100450795920047,1.247498920830495e-09,5,falls
ENSG00000198252,STYX,TRACKS_FIBROSIS,EFO_0003095,-0.3100430486313441,2.085868760850681e-10,5,falls
ENSG00000177054,ZDHHC13,TRACKS_FIBROSIS,EFO_0003095,0.3100291482539878,4.025676788497831e-09,5,rises
ENSG00000186714,CCDC73,TRACKS_FIBROSIS,EFO_0003095,-0.3099928812650217,6.856737707965068e-11,5,falls
ENSG00000196664,TLR7,TRACKS_FIBROSIS,EFO_0003095,0.3099214493560237,1.6127679490249472e-08,5,rises
ENSG00000136295,TTYH3,TRACKS_FIBROSIS,EFO_0003095,0.3096373473210853,9.779071039617322e-17,5,rises
ENSG00000158571,PFKFB1,TRACKS_FIBROSIS,EFO_0003095,-0.30950429474083907,5.544816141413887e-07,5,falls
ENSG00000114923,SLC4A3,TRACKS_FIBROSIS,EFO_0003095,0.30947900415886453,2.875921180277789e-17,5,rises
ENSG00000139835,GRTP1,TRACKS_FIBROSIS,EFO_0003095,-0.30921874389505205,1.2574614691555819e-12,5,falls
ENSG00000198690,FAN1,TRACKS_FIBROSIS,EFO_0003095,-0.3091805801865566,8.656163580531538e-06,5,falls
ENSG00000167014,TERB2,TRACKS_FIBROSIS,EFO_0003095,-0.3091144311535685,3.7673234659663947e-11,5,falls
ENSG00000065361,ERBB3,TRACKS_FIBROSIS,EFO_0003095,-0.30891101110433156,5.258776612096831e-07,5,falls
ENSG00000162897,FCAMR,TRACKS_FIBROSIS,EFO_0003095,0.30884539150773577,1.1662302194527732e-12,5,rises
ENSG00000165272,AQP3,TRACKS_FIBROSIS,EFO_0003095,-0.3087831661098498,9.250621378194583e-11,5,falls
ENSG00000119632,IFI27L2,TRACKS_FIBROSIS,EFO_0003095,0.3087517842460042,8.08577894177297e-11,5,rises
ENSG00000185215,TNFAIP2,TRACKS_FIBROSIS,EFO_0003095,0.30850434370194696,1.4329871717877014e-12,5,rises
ENSG00000147138,GPR174,TRACKS_FIBROSIS,EFO_0003095,0.3084288257417902,8.796905881648714e-11,5,rises
ENSG00000122574,WIPF3,TRACKS_FIBROSIS,EFO_0003095,0.3081024394301336,2.461326855810285e-15,5,rises
ENSG00000183044,ABAT,TRACKS_FIBROSIS,EFO_0003095,-0.3080779449338079,7.436880255736617e-13,5,falls
ENSG00000198203,SULT1C2,TRACKS_FIBROSIS,EFO_0003095,0.3080499056190369,1.4081231362569933e-11,5,rises
ENSG00000120254,MTHFD1L,TRACKS_FIBROSIS,EFO_0003095,0.30783113991359856,4.919338599133671e-13,5,rises
ENSG00000135502,SLC26A10P,TRACKS_FIBROSIS,EFO_0003095,0.3075597908613755,6.37242748127201e-11,5,rises
ENSG00000137101,CD72,TRACKS_FIBROSIS,EFO_0003095,0.3075119968473249,4.921914883034953e-10,5,rises
ENSG00000105717,PBX4,TRACKS_FIBROSIS,EFO_0003095,0.30744580649769665,2.4786067154251038e-15,5,rises
ENSG00000165929,TC2N,TRACKS_FIBROSIS,EFO_0003095,0.3071420661440096,3.7124914617942145e-14,5,rises
ENSG00000143476,DTL,TRACKS_FIBROSIS,EFO_0003095,0.30710308036692663,1.0442332221660193e-11,5,rises
ENSG00000171509,RXFP1,TRACKS_FIBROSIS,EFO_0003095,-0.30709027074413153,7.644770367893532e-11,5,falls
ENSG00000133110,POSTN,TRACKS_FIBROSIS,EFO_0003095,-0.3070537672489151,1.8966577531650603e-10,5,falls
ENSG00000103187,COTL1,TRACKS_FIBROSIS,EFO_0003095,0.30701089190454567,1.2190575018830135e-09,5,rises
ENSG00000104044,OCA2,TRACKS_FIBROSIS,EFO_0003095,0.3068290806176774,4.744142302802159e-08,5,rises
ENSG00000180210,F2,TRACKS_FIBROSIS,EFO_0003095,-0.3066687479487076,9.801128157965514e-10,5,falls
ENSG00000134531,EMP1,TRACKS_FIBROSIS,EFO_0003095,0.30662079586242824,2.2999039711630296e-12,5,rises
ENSG00000090924,PLEKHG2,TRACKS_FIBROSIS,EFO_0003095,0.30660978811531414,2.902952571807625e-18,5,rises
ENSG00000100298,APOBEC3H,TRACKS_FIBROSIS,EFO_0003095,0.306579344415125,7.623222900972871e-10,5,rises
ENSG00000135378,PRRG4,TRACKS_FIBROSIS,EFO_0003095,-0.3065213890604334,1.0668271795870332e-09,5,falls
ENSG00000166669,ATF7IP2,TRACKS_FIBROSIS,EFO_0003095,-0.3064684698340429,3.2833811268575816e-07,5,falls
ENSG00000092964,DPYSL2,TRACKS_FIBROSIS,EFO_0003095,0.30606455836299945,1.9786929018468524e-10,5,rises
ENSG00000136235,GPNMB,TRACKS_FIBROSIS,EFO_0003095,0.3059392775701379,2.1737869018523025e-18,5,rises
ENSG00000047346,ATOSA,TRACKS_FIBROSIS,EFO_0003095,-0.3058731285371497,2.870990786309658e-10,5,falls
ENSG00000171729,TMEM51,TRACKS_FIBROSIS,EFO_0003095,0.3056424536654951,3.530939079636921e-13,5,rises
ENSG00000054967,RELT,TRACKS_FIBROSIS,EFO_0003095,0.30560214611689807,3.656925218644139e-10,5,rises
ENSG00000106348,IMPDH1,TRACKS_FIBROSIS,EFO_0003095,0.3055956025473778,5.635698024287675e-14,5,rises
ENSG00000111846,GCNT2,TRACKS_FIBROSIS,EFO_0003095,-0.30556506588961635,3.1025884837237435e-07,5,falls
ENSG00000091622,PITPNM3,TRACKS_FIBROSIS,EFO_0003095,-0.3055616059734522,3.49672318203644e-09,5,falls
ENSG00000136193,SCRN1,TRACKS_FIBROSIS,EFO_0003095,0.30547843632859034,1.5255237536414394e-15,5,rises
ENSG00000145386,CCNA2,TRACKS_FIBROSIS,EFO_0003095,0.3049843107914698,5.2113856911484776e-08,5,rises
ENSG00000226479,TMEM185B,TRACKS_FIBROSIS,EFO_0003095,0.30498422454865065,4.401018127587023e-10,5,rises
ENSG00000116661,FBXO2,TRACKS_FIBROSIS,EFO_0003095,0.3049463952180769,6.196812746387355e-11,5,rises
ENSG00000169116,PARM1,TRACKS_FIBROSIS,EFO_0003095,0.30484692088787724,2.5126678975143637e-11,5,rises
ENSG00000170476,MZB1,TRACKS_FIBROSIS,EFO_0003095,0.304806963754632,2.493582041601078e-10,5,rises
ENSG00000178860,MSC,TRACKS_FIBROSIS,EFO_0003095,0.304716455611694,3.1382212366467275e-15,5,rises
ENSG00000148773,MKI67,TRACKS_FIBROSIS,EFO_0003095,0.30448961365571275,5.709990348739407e-10,5,rises
ENSG00000159216,RUNX1,TRACKS_FIBROSIS,EFO_0003095,0.3043522814739822,1.4790747887057872e-09,5,rises
ENSG00000066322,ELOVL1,TRACKS_FIBROSIS,EFO_0003095,0.3043042766364228,8.036799674243661e-15,5,rises
ENSG00000102763,VWA8,TRACKS_FIBROSIS,EFO_0003095,-0.30427232193883674,1.6433664497366443e-07,5,falls
ENSG00000196616,ADH1B,TRACKS_FIBROSIS,EFO_0003095,-0.30402834426763947,4.1299522948444094e-10,5,falls
ENSG00000134389,CFHR5,TRACKS_FIBROSIS,EFO_0003095,-0.30394880421810133,2.2451333648777655e-13,5,falls
ENSG00000128573,FOXP2,TRACKS_FIBROSIS,EFO_0003095,-0.3039283469672985,3.03830580422433e-08,5,falls
ENSG00000139914,FITM1,TRACKS_FIBROSIS,EFO_0003095,-0.3038724625736978,4.922408047139737e-09,5,falls
ENSG00000152990,ADGRA3,TRACKS_FIBROSIS,EFO_0003095,-0.3038489681277127,4.581894077627919e-07,5,falls
ENSG00000069493,CLEC2D,TRACKS_FIBROSIS,EFO_0003095,0.30383705892558105,3.4724618347406946e-11,5,rises
ENSG00000104894,CD37,TRACKS_FIBROSIS,EFO_0003095,0.3036892426271293,9.924568269695273e-13,5,rises
ENSG00000145794,MEGF10,TRACKS_FIBROSIS,EFO_0003095,-0.30353145276936966,2.2372788463934425e-09,5,falls
ENSG00000026103,FAS,TRACKS_FIBROSIS,EFO_0003095,0.3034525236909453,2.3914209940400107e-12,5,rises
ENSG00000139597,N4BP2L1,TRACKS_FIBROSIS,EFO_0003095,-0.3032800864440147,2.1043837034912975e-05,5,falls
ENSG00000057657,PRDM1,TRACKS_FIBROSIS,EFO_0003095,0.30313958278742387,7.851285517931689e-07,5,rises
ENSG00000106991,ENG,TRACKS_FIBROSIS,EFO_0003095,0.3031080989582456,1.4764448343626607e-10,5,rises
ENSG00000204681,GABBR1,TRACKS_FIBROSIS,EFO_0003095,0.3030224856391399,1.3880183351685616e-15,5,rises
ENSG00000092853,CLSPN,TRACKS_FIBROSIS,EFO_0003095,0.30281704321309777,3.1234422429331293e-09,5,rises
ENSG00000102359,SRPX2,TRACKS_FIBROSIS,EFO_0003095,0.3027644581183024,7.447021735177382e-21,5,rises
ENSG00000119471,HSDL2,TRACKS_FIBROSIS,EFO_0003095,-0.3026182784156396,2.0882880095463284e-08,5,falls
ENSG00000006025,OSBPL7,TRACKS_FIBROSIS,EFO_0003095,0.302609083580856,2.3891465245313397e-15,5,rises
ENSG00000146021,KLHL3,TRACKS_FIBROSIS,EFO_0003095,0.3024776591240638,5.7121761712507175e-08,5,rises
ENSG00000183018,SPNS2,TRACKS_FIBROSIS,EFO_0003095,0.30247306824155945,2.9548373439689584e-09,5,rises
ENSG00000198948,MFAP3L,TRACKS_FIBROSIS,EFO_0003095,-0.30229182842380237,4.614249024886043e-09,5,falls
ENSG00000186074,CD300LF,TRACKS_FIBROSIS,EFO_0003095,0.30228237518026413,2.5750132949563885e-13,5,rises
ENSG00000068028,RASSF1,TRACKS_FIBROSIS,EFO_0003095,0.3022758316107438,1.5666022959699508e-13,5,rises
ENSG00000189171,S100A13,TRACKS_FIBROSIS,EFO_0003095,0.3022060335358605,7.944800885377587e-10,5,rises
ENSG00000172116,CD8B,TRACKS_FIBROSIS,EFO_0003095,0.3021963677660317,8.474895212149742e-09,5,rises
ENSG00000148702,HABP2,TRACKS_FIBROSIS,EFO_0003095,-0.3021872739339289,1.6834268522983388e-05,5,falls
ENSG00000213096,ZNF254,TRACKS_FIBROSIS,EFO_0003095,-0.3020894038502282,7.497976702169307e-08,5,falls
ENSG00000166173,LARP6,TRACKS_FIBROSIS,EFO_0003095,0.30198531124439193,1.9061638275658494e-11,5,rises
ENSG00000007062,PROM1,TRACKS_FIBROSIS,EFO_0003095,0.30195351108606244,1.872955448215105e-09,5,rises
ENSG00000196935,SRGAP1,TRACKS_FIBROSIS,EFO_0003095,0.3017724379480221,1.2311919309169132e-08,5,rises
ENSG00000176454,LPCAT4,TRACKS_FIBROSIS,EFO_0003095,0.30174681005692044,3.1110924709990824e-19,5,rises
ENSG00000115129,TP53I3,TRACKS_FIBROSIS,EFO_0003095,0.30162801822823376,8.209777705039771e-14,5,rises
ENSG00000142235,LMTK3,TRACKS_FIBROSIS,EFO_0003095,0.3015772633960009,2.7256431803526386e-16,5,rises
ENSG00000145321,GC,TRACKS_FIBROSIS,EFO_0003095,-0.30139436304885286,3.0742975786010035e-08,5,falls
ENSG00000163040,CCDC74A,TRACKS_FIBROSIS,EFO_0003095,0.3013684116118014,1.0333088333552483e-11,5,rises
ENSG00000071575,TRIB2,TRACKS_FIBROSIS,EFO_0003095,0.3013353048741635,1.1301196103710585e-11,5,rises
ENSG00000126458,RRAS,TRACKS_FIBROSIS,EFO_0003095,0.30124269622798017,2.682143781139691e-14,5,rises
ENSG00000116157,GPX7,TRACKS_FIBROSIS,EFO_0003095,0.3009310136874666,5.123368678218335e-11,5,rises
ENSG00000164825,DEFB1,TRACKS_FIBROSIS,EFO_0003095,0.30089921352913707,2.1791170482725327e-09,5,rises
ENSG00000116675,DNAJC6,TRACKS_FIBROSIS,EFO_0003095,0.30089872125644174,1.5189107490492894e-09,5,rises
ENSG00000109099,PMP22,TRACKS_FIBROSIS,EFO_0003095,0.3008698595368329,1.646324651746183e-12,5,rises
ENSG00000095713,CRTAC1,TRACKS_FIBROSIS,EFO_0003095,0.30084062851857435,2.2734246423620437e-11,5,rises
ENSG00000117410,ATP6V0B,TRACKS_FIBROSIS,EFO_0003095,0.3007146259601338,4.427372808503825e-07,5,rises
ENSG00000179674,ARL14,TRACKS_FIBROSIS,EFO_0003095,0.30070696394471436,1.4346680284630042e-09,5,rises
ENSG00000103196,CRISPLD2,TRACKS_FIBROSIS,EFO_0003095,0.3005606230259709,9.010829233388987e-17,5,rises
ENSG00000214402,LCNL1,TRACKS_FIBROSIS,EFO_0003095,0.30038732657842615,9.691305821729698e-10,5,rises
ENSG00000136167,LCP1,TRACKS_FIBROSIS,EFO_0003095,0.3003562991859391,8.130510038661999e-08,5,rises
ENSG00000009724,MASP2,TRACKS_FIBROSIS,EFO_0003095,-0.30014462228037697,1.5857428880985977e-06,5,falls
ENSG00000087085,ACHE,TRACKS_FIBROSIS,EFO_0003095,0.3000519742956212,1.0101621039888806e-09,5,rises
ENSG00000085999,RAD54L,TRACKS_FIBROSIS,EFO_0003095,0.2999468973263667,8.584095060909762e-09,5,rises
ENSG00000143845,ETNK2,TRACKS_FIBROSIS,EFO_0003095,-0.29993420103213686,1.7539855832263836e-11,5,falls
ENSG00000157111,TMEM171,TRACKS_FIBROSIS,EFO_0003095,0.2998269562937779,4.686583926627342e-10,5,rises
ENSG00000160339,FCN2,TRACKS_FIBROSIS,EFO_0003095,-0.2997604834163733,2.6360614953303917e-10,5,falls
ENSG00000185043,CIB1,TRACKS_FIBROSIS,EFO_0003095,0.2996567744198966,9.721151077358158e-05,5,rises
ENSG00000163466,ARPC2,TRACKS_FIBROSIS,EFO_0003095,0.29958897040327664,1.7878528289142967e-09,5,rises
ENSG00000143867,OSR1,TRACKS_FIBROSIS,EFO_0003095,0.2995444585297521,1.4449911386251377e-14,5,rises
ENSG00000183077,AFMID,TRACKS_FIBROSIS,EFO_0003095,-0.2995228213702884,8.657692350748378e-06,5,falls
ENSG00000146592,CREB5,TRACKS_FIBROSIS,EFO_0003095,0.299479914846157,2.209522170440729e-11,5,rises
ENSG00000145147,SLIT2,TRACKS_FIBROSIS,EFO_0003095,0.2994351831629657,2.7319913503201075e-12,5,rises
ENSG00000168070,MAJIN,TRACKS_FIBROSIS,EFO_0003095,-0.2994302127241051,1.7373771569940492e-11,5,falls
ENSG00000076864,RAP1GAP,TRACKS_FIBROSIS,EFO_0003095,0.29924560529600114,1.1021021728547889e-10,5,rises
ENSG00000164172,MOCS2,TRACKS_FIBROSIS,EFO_0003095,-0.2991852175105158,3.3428547181965096e-08,5,falls
ENSG00000136840,ST6GALNAC4,TRACKS_FIBROSIS,EFO_0003095,0.2991529378079983,2.531320496427097e-13,5,rises
ENSG00000213088,ACKR1,TRACKS_FIBROSIS,EFO_0003095,0.29915061996957165,1.8270872163157755e-11,5,rises
ENSG00000127564,PKMYT1,TRACKS_FIBROSIS,EFO_0003095,0.2990951660854422,5.176603277833118e-11,5,rises
ENSG00000139514,SLC7A1,TRACKS_FIBROSIS,EFO_0003095,0.2990368141862745,9.149297319528339e-14,5,rises
ENSG00000171791,BCL2,TRACKS_FIBROSIS,EFO_0003095,0.2989985425274409,5.282775709898706e-13,5,rises
ENSG00000112679,DUSP22,TRACKS_FIBROSIS,EFO_0003095,0.2989948732784029,9.503914416715534e-10,5,rises
ENSG00000105011,ASF1B,TRACKS_FIBROSIS,EFO_0003095,0.2987859169095488,6.739178070408968e-09,5,rises
ENSG00000056558,TRAF1,TRACKS_FIBROSIS,EFO_0003095,0.2985031939073078,8.907752818467379e-16,5,rises
ENSG00000032219,ARID4A,TRACKS_FIBROSIS,EFO_0003095,-0.2984470655157349,2.418422117423683e-07,5,falls
ENSG00000198286,CARD11,TRACKS_FIBROSIS,EFO_0003095,0.2984115176160878,3.189171364902221e-10,5,rises
ENSG00000164877,MICALL2,TRACKS_FIBROSIS,EFO_0003095,0.2984090165153318,3.557610639044487e-24,5,rises
ENSG00000153395,LPCAT1,TRACKS_FIBROSIS,EFO_0003095,0.2983758641766428,4.624680143067814e-15,5,rises
ENSG00000163638,ADAMTS9,TRACKS_FIBROSIS,EFO_0003095,0.2983500410642896,1.0554182057144327e-16,5,rises
ENSG00000196954,CASP4,TRACKS_FIBROSIS,EFO_0003095,0.29812046187093993,9.063674392772982e-13,5,rises
ENSG00000065989,PDE4A,TRACKS_FIBROSIS,EFO_0003095,0.29806613521934855,9.354427238945199e-15,5,rises
ENSG00000134365,CFHR4,TRACKS_FIBROSIS,EFO_0003095,-0.298000988051263,4.014676085025552e-10,5,falls
ENSG00000116748,AMPD1,TRACKS_FIBROSIS,EFO_0003095,0.29783476191014163,6.5934589297624446e-09,5,rises
ENSG00000126860,EVI2A,TRACKS_FIBROSIS,EFO_0003095,0.2978149080778354,1.5392950856290456e-08,5,rises
ENSG00000054598,FOXC1,TRACKS_FIBROSIS,EFO_0003095,0.297731359026647,2.5856588923614643e-10,5,rises
ENSG00000089327,FXYD5,TRACKS_FIBROSIS,EFO_0003095,0.2977142239669596,7.567861362048012e-13,5,rises
ENSG00000158234,FAIM,TRACKS_FIBROSIS,EFO_0003095,0.2975912696070349,6.310767437774976e-11,5,rises
ENSG00000090339,ICAM1,TRACKS_FIBROSIS,EFO_0003095,0.2975448308475643,3.324972833031115e-07,5,rises
ENSG00000169826,CSGALNACT2,TRACKS_FIBROSIS,EFO_0003095,0.2975389792487742,3.2518373402437967e-06,5,rises
ENSG00000102879,CORO1A,TRACKS_FIBROSIS,EFO_0003095,0.29743251192786335,2.8399150736988138e-14,5,rises
ENSG00000156218,ADAMTSL3,TRACKS_FIBROSIS,EFO_0003095,-0.29739591829670353,3.916075411539974e-05,5,falls
ENSG00000100994,PYGB,TRACKS_FIBROSIS,EFO_0003095,0.29725320306835445,3.003005344170431e-13,5,rises
ENSG00000109089,CDR2L,TRACKS_FIBROSIS,EFO_0003095,0.2972416454597902,3.67092504689782e-14,5,rises
ENSG00000138119,MYOF,TRACKS_FIBROSIS,EFO_0003095,0.29709297919369404,1.264816914306467e-13,5,rises
ENSG00000010319,SEMA3G,TRACKS_FIBROSIS,EFO_0003095,0.29693627888217605,6.43469176682848e-15,5,rises
ENSG00000089248,ERP29,TRACKS_FIBROSIS,EFO_0003095,-0.2969176570661169,3.1084643868247555e-08,5,falls
ENSG00000154845,PPP4R1,TRACKS_FIBROSIS,EFO_0003095,0.2968433108220382,4.597110045307148e-07,5,rises
ENSG00000076555,ACACB,TRACKS_FIBROSIS,EFO_0003095,-0.29675292251854773,9.45670703821722e-08,5,falls
ENSG00000112304,ACOT13,TRACKS_FIBROSIS,EFO_0003095,-0.2966746848033594,2.570877303456218e-10,5,falls
ENSG00000117054,ACADM,TRACKS_FIBROSIS,EFO_0003095,-0.2965436647109578,3.749307536615694e-09,5,falls
ENSG00000231389,HLA-DPA1,TRACKS_FIBROSIS,EFO_0003095,0.29650658448367606,1.6021310179349597e-07,5,rises
ENSG00000123243,ITIH5,TRACKS_FIBROSIS,EFO_0003095,0.2964520836950526,1.4433449939541545e-09,5,rises
ENSG00000067191,CACNB1,TRACKS_FIBROSIS,EFO_0003095,0.2963701371332035,3.6844641063936e-13,5,rises
ENSG00000131473,ACLY,TRACKS_FIBROSIS,EFO_0003095,0.29630797836706496,2.506390932557405e-12,5,rises
ENSG00000169896,ITGAM,TRACKS_FIBROSIS,EFO_0003095,0.296266653601265,2.6545073512773524e-11,5,rises
ENSG00000090316,MAEA,TRACKS_FIBROSIS,EFO_0003095,0.29620991325854307,1.5904555657547547e-11,5,rises
ENSG00000100170,SLC5A1,TRACKS_FIBROSIS,EFO_0003095,0.29608922748924044,6.3324125273564396e-12,5,rises
ENSG00000099954,CECR2,TRACKS_FIBROSIS,EFO_0003095,-0.2960036928153196,1.1519097330564959e-08,5,falls
ENSG00000171903,CYP4F11,TRACKS_FIBROSIS,EFO_0003095,-0.2959507735889291,6.48737395878815e-09,5,falls
ENSG00000172673,THEMIS,TRACKS_FIBROSIS,EFO_0003095,0.29588743054102695,2.2022443584986963e-10,5,rises
ENSG00000197217,ENTPD4,TRACKS_FIBROSIS,EFO_0003095,0.2957793880380817,3.804434505461715e-09,5,rises
ENSG00000124216,SNAI1,TRACKS_FIBROSIS,EFO_0003095,0.2957258668767693,5.868091291407106e-14,5,rises
ENSG00000241553,ARPC4,TRACKS_FIBROSIS,EFO_0003095,0.2956325291327573,7.415560747763789e-06,5,rises
ENSG00000133107,TRPC4,TRACKS_FIBROSIS,EFO_0003095,0.29557442833161374,9.87649669526279e-13,5,rises
ENSG00000154265,ABCA5,TRACKS_FIBROSIS,EFO_0003095,-0.29547450055141444,6.208933864943051e-10,5,falls
ENSG00000163814,CDCP1,TRACKS_FIBROSIS,EFO_0003095,0.2954312578925062,4.906091852806417e-13,5,rises
ENSG00000161405,IKZF3,TRACKS_FIBROSIS,EFO_0003095,0.29531574287224294,6.030920128518472e-08,5,rises
ENSG00000155324,GRAMD2B,TRACKS_FIBROSIS,EFO_0003095,-0.2951966746128643,3.240813016975002e-07,5,falls
ENSG00000164574,GALNT10,TRACKS_FIBROSIS,EFO_0003095,0.2951702926977698,4.391018079685019e-11,5,rises
ENSG00000141526,SLC16A3,TRACKS_FIBROSIS,EFO_0003095,0.29516515273201394,9.041035174740073e-14,5,rises
ENSG00000160190,SLC37A1,TRACKS_FIBROSIS,EFO_0003095,0.29513360020738955,1.8242867072553886e-10,5,rises
ENSG00000134594,RAB33A,TRACKS_FIBROSIS,EFO_0003095,0.2948245258677355,1.669160547511152e-06,5,rises
ENSG00000179636,TPPP2,TRACKS_FIBROSIS,EFO_0003095,-0.294678742589013,2.308226398213736e-11,5,falls
ENSG00000122707,RECK,TRACKS_FIBROSIS,EFO_0003095,0.29457575037763933,2.5959610109942486e-06,5,rises
ENSG00000196872,CRACDL,TRACKS_FIBROSIS,EFO_0003095,0.29448592682595076,6.142152603555164e-11,5,rises
ENSG00000186810,CXCR3,TRACKS_FIBROSIS,EFO_0003095,0.29445531920608203,4.53764422789549e-12,5,rises
ENSG00000154639,CXADR,TRACKS_FIBROSIS,EFO_0003095,-0.294358022091409,5.613788645542504e-08,5,falls
ENSG00000156140,ADAMTS3,TRACKS_FIBROSIS,EFO_0003095,0.29431027757082323,6.952665374593834e-10,5,rises
ENSG00000116882,HAO2,TRACKS_FIBROSIS,EFO_0003095,-0.2942441285378351,3.346748982551417e-11,5,falls
ENSG00000198099,ADH4,TRACKS_FIBROSIS,EFO_0003095,-0.29399691176302695,1.0718520756817313e-08,5,falls
ENSG00000121310,ECHDC2,TRACKS_FIBROSIS,EFO_0003095,-0.2938905542157898,3.095080166223826e-05,5,falls
ENSG00000133636,NTS,TRACKS_FIBROSIS,EFO_0003095,0.2936620170475395,1.4445913684727203e-08,5,rises
ENSG00000184207,PGP,TRACKS_FIBROSIS,EFO_0003095,0.29358034475539,6.574126755942613e-13,5,rises
ENSG00000124429,POF1B,TRACKS_FIBROSIS,EFO_0003095,0.29344227176796817,1.8590825986504166e-06,5,rises
ENSG00000105976,MET,TRACKS_FIBROSIS,EFO_0003095,-0.2933709613023917,4.399781864268612e-09,5,falls
ENSG00000135469,COQ10A,TRACKS_FIBROSIS,EFO_0003095,-0.2933097838355199,3.7083341185237974e-08,5,falls
ENSG00000162772,ATF3,TRACKS_FIBROSIS,EFO_0003095,0.2932915824628059,1.7519506410525464e-10,5,rises
ENSG00000156110,ADK,TRACKS_FIBROSIS,EFO_0003095,-0.29323916210320455,5.3431981418042115e-09,5,falls
ENSG00000106003,LFNG,TRACKS_FIBROSIS,EFO_0003095,0.2932122036232202,6.43469176682848e-15,5,rises
ENSG00000079246,XRCC5,TRACKS_FIBROSIS,EFO_0003095,-0.29316317174014495,2.005976196268924e-09,5,falls
ENSG00000167552,TUBA1A,TRACKS_FIBROSIS,EFO_0003095,0.29305344594404864,4.443506554045673e-13,5,rises
ENSG00000172716,SLFN11,TRACKS_FIBROSIS,EFO_0003095,0.29301978969799325,7.612676901503064e-11,5,rises
ENSG00000141485,SLC13A5,TRACKS_FIBROSIS,EFO_0003095,-0.2930137565242557,4.9823634446307926e-08,5,falls
ENSG00000135931,ARMC9,TRACKS_FIBROSIS,EFO_0003095,0.292689880348066,1.3485137302230326e-13,5,rises
ENSG00000182326,C1S,TRACKS_FIBROSIS,EFO_0003095,-0.29254233726159207,4.163931245986957e-08,5,falls
ENSG00000198331,HYLS1,TRACKS_FIBROSIS,EFO_0003095,-0.29236549600097195,7.303213521831068e-06,5,falls
ENSG00000178301,AQP11,TRACKS_FIBROSIS,EFO_0003095,-0.29207444025582424,7.2587087362127526e-09,5,falls
ENSG00000104361,NIPAL2,TRACKS_FIBROSIS,EFO_0003095,0.2920612104492265,3.2586607540953605e-14,5,rises
ENSG00000113645,WWC1,TRACKS_FIBROSIS,EFO_0003095,0.29191521692882466,4.8001631396833545e-09,5,rises
ENSG00000172425,TTC36,TRACKS_FIBROSIS,EFO_0003095,-0.2917983871167011,1.3854667906356763e-16,5,falls
ENSG00000152127,MGAT5,TRACKS_FIBROSIS,EFO_0003095,0.29169796002478693,1.3075000220788393e-08,5,rises
ENSG00000102034,ELF4,TRACKS_FIBROSIS,EFO_0003095,0.29169077586449293,9.136898626468487e-10,5,rises
ENSG00000154493,C10orf90,TRACKS_FIBROSIS,EFO_0003095,0.2916591443044547,4.2750326026470637e-13,5,rises
ENSG00000128016,ZFP36,TRACKS_FIBROSIS,EFO_0003095,0.29163785663810243,4.84655459876503e-08,5,rises
ENSG00000223865,HLA-DPB1,TRACKS_FIBROSIS,EFO_0003095,0.29162462683150486,6.079777588274873e-08,5,rises
ENSG00000153956,CACNA2D1,TRACKS_FIBROSIS,EFO_0003095,0.2915476076060602,2.0000239582473627e-12,5,rises
ENSG00000066813,ACSM2B,TRACKS_FIBROSIS,EFO_0003095,-0.2913807965010526,2.891863062616071e-07,5,falls
ENSG00000140284,SLC27A2,TRACKS_FIBROSIS,EFO_0003095,-0.29136988241023776,8.745729643510367e-10,5,falls
ENSG00000161281,COX7A1,TRACKS_FIBROSIS,EFO_0003095,0.29128065185996654,2.551889442203995e-06,5,rises
ENSG00000145649,GZMA,TRACKS_FIBROSIS,EFO_0003095,0.2911234079583063,5.1024679684868015e-08,5,rises
ENSG00000154553,PDLIM3,TRACKS_FIBROSIS,EFO_0003095,0.2911167281528262,7.774403968046414e-11,5,rises
ENSG00000112378,PERP,TRACKS_FIBROSIS,EFO_0003095,0.2910655455679258,2.721356592680838e-10,5,rises
ENSG00000116031,CD207,TRACKS_FIBROSIS,EFO_0003095,0.2910028259214163,1.284988951443342e-09,5,rises
ENSG00000019505,SYT13,TRACKS_FIBROSIS,EFO_0003095,0.2909378557564701,3.952250737118506e-12,5,rises
ENSG00000087077,TRIP6,TRACKS_FIBROSIS,EFO_0003095,0.29091763306270063,1.522810950319926e-11,5,rises
ENSG00000162688,AGL,TRACKS_FIBROSIS,EFO_0003095,-0.2909062321877572,2.734568518205729e-08,5,falls
ENSG00000134028,ADAMDEC1,TRACKS_FIBROSIS,EFO_0003095,0.2908568573181558,1.261700736524201e-11,5,rises
ENSG00000139970,RTN1,TRACKS_FIBROSIS,EFO_0003095,0.29061916153008516,1.6371585685530268e-10,5,rises
ENSG00000242220,TCP10L,TRACKS_FIBROSIS,EFO_0003095,-0.2905678313210757,2.3678589277550067e-09,5,falls
ENSG00000240771,ARHGEF25,TRACKS_FIBROSIS,EFO_0003095,0.2904868634641089,3.7165802274480644e-13,5,rises
ENSG00000172432,GTPBP2,TRACKS_FIBROSIS,EFO_0003095,0.2903097608054014,1.2372178399927669e-08,5,rises
ENSG00000148154,UGCG,TRACKS_FIBROSIS,EFO_0003095,0.2902105637610213,5.4290530032682484e-08,5,rises
ENSG00000164543,STK17A,TRACKS_FIBROSIS,EFO_0003095,0.29005169028972716,8.038192311941306e-09,5,rises
ENSG00000160606,TLCD1,TRACKS_FIBROSIS,EFO_0003095,0.290037013293575,2.928886198945109e-07,5,rises
ENSG00000147168,IL2RG,TRACKS_FIBROSIS,EFO_0003095,0.2898910356986492,5.064444868232747e-08,5,rises
ENSG00000131196,NFATC1,TRACKS_FIBROSIS,EFO_0003095,0.28989024333205404,1.8875591817155374e-15,5,rises
ENSG00000157240,FZD1,TRACKS_FIBROSIS,EFO_0003095,0.28987829236061796,7.138041955158306e-13,5,rises
ENSG00000113758,DBN1,TRACKS_FIBROSIS,EFO_0003095,0.28969014005247073,1.9894932755629697e-14,5,rises
ENSG00000184845,DRD1,TRACKS_FIBROSIS,EFO_0003095,-0.289617743560948,1.9035564098933721e-07,5,falls
ENSG00000171612,SLC25A33,TRACKS_FIBROSIS,EFO_0003095,0.2895573136531137,1.7408769978952998e-07,5,rises
ENSG00000174059,CD34,TRACKS_FIBROSIS,EFO_0003095,0.2895202057802909,3.132524758031329e-13,5,rises
ENSG00000184216,IRAK1,TRACKS_FIBROSIS,EFO_0003095,0.28945493854949395,4.789133206193968e-06,5,rises
ENSG00000123104,ITPR2,TRACKS_FIBROSIS,EFO_0003095,-0.2893623299033105,9.924401158547496e-07,5,falls
ENSG00000133874,RNF122,TRACKS_FIBROSIS,EFO_0003095,0.2893195639605427,4.422113514652801e-07,5,rises
ENSG00000118523,CCN2,TRACKS_FIBROSIS,EFO_0003095,0.2891014449765326,5.475358898164541e-11,5,rises
ENSG00000121064,SCPEP1,TRACKS_FIBROSIS,EFO_0003095,0.2889422181182051,8.057031210088601e-12,5,rises
ENSG00000111859,NEDD9,TRACKS_FIBROSIS,EFO_0003095,0.2888353398160402,1.4671697638183332e-07,5,rises
ENSG00000101916,TLR8,TRACKS_FIBROSIS,EFO_0003095,0.2887764476903575,5.53093097874073e-06,5,rises
ENSG00000123453,SARDH,TRACKS_FIBROSIS,EFO_0003095,-0.28875032996424144,7.646716048149017e-10,5,falls
ENSG00000163795,ZNF513,TRACKS_FIBROSIS,EFO_0003095,0.2886378063270754,6.085632431762094e-12,5,rises
ENSG00000021852,C8B,TRACKS_FIBROSIS,EFO_0003095,-0.2884952897012067,1.395142168457917e-11,5,falls
ENSG00000159164,SV2A,TRACKS_FIBROSIS,EFO_0003095,0.28833040498869555,1.177874488980232e-14,5,rises
ENSG00000196876,SCN8A,TRACKS_FIBROSIS,EFO_0003095,-0.2882907155689026,1.0020624024926764e-06,5,falls
ENSG00000180891,CUEDC1,TRACKS_FIBROSIS,EFO_0003095,0.2881497962050183,1.4511682709319995e-13,5,rises
ENSG00000146285,SCML4,TRACKS_FIBROSIS,EFO_0003095,0.28813517787736775,1.9820971024542363e-08,5,rises
ENSG00000112337,SLC17A2,TRACKS_FIBROSIS,EFO_0003095,-0.2880790386633406,4.515301282665293e-12,5,falls
ENSG00000163931,TKT,TRACKS_FIBROSIS,EFO_0003095,0.28795997040396204,8.193109700006798e-08,5,rises
ENSG00000060718,COL11A1,TRACKS_FIBROSIS,EFO_0003095,0.2875399731082872,3.276195179623904e-11,5,rises
ENSG00000168961,LGALS9,TRACKS_FIBROSIS,EFO_0003095,0.2873646291070687,1.5200732950192363e-10,5,rises
ENSG00000107438,PDLIM1,TRACKS_FIBROSIS,EFO_0003095,0.2873474537487038,4.639927132439061e-07,5,rises
ENSG00000205542,TMSB4X,TRACKS_FIBROSIS,EFO_0003095,0.2872531784412783,1.0460200491537261e-07,5,rises
ENSG00000083807,SLC27A5,TRACKS_FIBROSIS,EFO_0003095,-0.28719579145513224,3.1996138353890473e-10,5,falls
ENSG00000004799,PDK4,TRACKS_FIBROSIS,EFO_0003095,-0.2871863602969237,2.167278504927844e-07,5,falls
ENSG00000198853,RUSC2,TRACKS_FIBROSIS,EFO_0003095,0.28715665279872665,1.091701764896833e-10,5,rises
ENSG00000163359,COL6A3,TRACKS_FIBROSIS,EFO_0003095,0.2868984432380304,8.060193888128029e-15,5,rises
ENSG00000107745,MICU1,TRACKS_FIBROSIS,EFO_0003095,-0.28689684545351557,1.3507303711503503e-09,5,falls
ENSG00000151388,ADAMTS12,TRACKS_FIBROSIS,EFO_0003095,0.2868410973814566,1.0926801911405142e-14,5,rises
ENSG00000179178,TMEM125,TRACKS_FIBROSIS,EFO_0003095,0.28683543684316365,1.0269806040821091e-15,5,rises
ENSG00000075234,TTC38,TRACKS_FIBROSIS,EFO_0003095,-0.2867761170574852,4.9150508839001866e-11,5,falls
ENSG00000165023,DIRAS2,TRACKS_FIBROSIS,EFO_0003095,0.286701603590882,7.170051294583203e-10,5,rises
ENSG00000135723,FHOD1,TRACKS_FIBROSIS,EFO_0003095,0.28667353500872017,4.4292057911006664e-20,5,rises
ENSG00000110492,MDK,TRACKS_FIBROSIS,EFO_0003095,0.28661053013100396,1.7222921015885425e-11,5,rises
ENSG00000168772,CXXC4,TRACKS_FIBROSIS,EFO_0003095,-0.2866053836424194,1.5137440133513927e-12,5,falls
ENSG00000116701,NCF2,TRACKS_FIBROSIS,EFO_0003095,0.286599460477201,2.1482401642548092e-08,5,rises
ENSG00000105270,CLIP3,TRACKS_FIBROSIS,EFO_0003095,0.28659892694494704,7.415328868175814e-12,5,rises
ENSG00000109805,NCAPG,TRACKS_FIBROSIS,EFO_0003095,0.28659730032440633,1.6127679490249472e-08,5,rises
ENSG00000178789,CD300LB,TRACKS_FIBROSIS,EFO_0003095,0.28655410923917435,1.3406032934295982e-08,5,rises
ENSG00000164691,TAGAP,TRACKS_FIBROSIS,EFO_0003095,0.2865363657245736,3.029384540167675e-08,5,rises
ENSG00000142627,EPHA2,TRACKS_FIBROSIS,EFO_0003095,0.2865101914464923,7.530413809585777e-14,5,rises
ENSG00000117399,CDC20,TRACKS_FIBROSIS,EFO_0003095,0.2863679572322551,4.1512835917006425e-08,5,rises
ENSG00000213398,LCAT,TRACKS_FIBROSIS,EFO_0003095,-0.2863194743858561,6.0064463813311235e-09,5,falls
ENSG00000204381,LAYN,TRACKS_FIBROSIS,EFO_0003095,0.286173304970332,2.5024615974426943e-11,5,rises
ENSG00000132698,RAB25,TRACKS_FIBROSIS,EFO_0003095,0.28612102728689176,7.461880847545338e-19,5,rises
ENSG00000153283,CD96,TRACKS_FIBROSIS,EFO_0003095,0.28596226960772025,1.6696026114430047e-10,5,rises
ENSG00000039537,C6,TRACKS_FIBROSIS,EFO_0003095,-0.28591972338848193,1.4796029141498374e-08,5,falls
ENSG00000105855,ITGB8,TRACKS_FIBROSIS,EFO_0003095,0.28591826027857287,5.391233286260754e-10,5,rises
ENSG00000132141,CCT6B,TRACKS_FIBROSIS,EFO_0003095,-0.28584320134834157,2.913645299514682e-08,5,falls
ENSG00000155368,DBI,TRACKS_FIBROSIS,EFO_0003095,-0.28579227268434704,6.925717502098792e-08,5,falls
ENSG00000103569,AQP9,TRACKS_FIBROSIS,EFO_0003095,-0.28577705231535344,7.96339693338723e-06,5,falls
ENSG00000164114,MAP9,TRACKS_FIBROSIS,EFO_0003095,0.28566674273496273,1.0251968334843772e-09,5,rises
ENSG00000004399,PLXND1,TRACKS_FIBROSIS,EFO_0003095,0.28551245618340093,4.802821166047031e-13,5,rises
ENSG00000139926,FRMD6,TRACKS_FIBROSIS,EFO_0003095,0.28538015811742456,1.8966577531650603e-10,5,rises
ENSG00000104290,FZD3,TRACKS_FIBROSIS,EFO_0003095,0.28529840120582456,8.755143332040295e-08,5,rises
ENSG00000158710,TAGLN2,TRACKS_FIBROSIS,EFO_0003095,0.2852559817970305,5.915982226744211e-13,5,rises
ENSG00000124508,BTN2A2,TRACKS_FIBROSIS,EFO_0003095,0.28523396630280234,1.417293864364066e-10,5,rises
ENSG00000172985,SH3RF3,TRACKS_FIBROSIS,EFO_0003095,0.2852134340697347,9.631675031509237e-14,5,rises
ENSG00000165480,SKA3,TRACKS_FIBROSIS,EFO_0003095,0.2851420215986673,3.0267783671680703e-06,5,rises
ENSG00000150782,IL18,TRACKS_FIBROSIS,EFO_0003095,0.28510722514962233,1.3208867124933512e-07,5,rises
ENSG00000128567,PODXL,TRACKS_FIBROSIS,EFO_0003095,0.28501163712152117,1.846233665951393e-11,5,rises
ENSG00000112799,LY86,TRACKS_FIBROSIS,EFO_0003095,0.2849375535717794,4.2022368386335487e-05,5,rises
ENSG00000136274,NACAD,TRACKS_FIBROSIS,EFO_0003095,0.2848558997623128,2.9313548058160936e-11,5,rises
ENSG00000127954,STEAP4,TRACKS_FIBROSIS,EFO_0003095,0.2848471297230179,5.390437736620149e-06,5,rises
ENSG00000166428,PLD4,TRACKS_FIBROSIS,EFO_0003095,0.2845069908819812,7.302902770423769e-10,5,rises
ENSG00000148541,FAM13C,TRACKS_FIBROSIS,EFO_0003095,0.2843423387865626,3.4747099199350568e-09,5,rises
ENSG00000121440,PDZRN3,TRACKS_FIBROSIS,EFO_0003095,0.28432658958679646,3.969516347786275e-10,5,rises
ENSG00000159921,GNE,TRACKS_FIBROSIS,EFO_0003095,-0.28430784294133876,2.949980903409361e-11,5,falls
ENSG00000104537,ANXA13,TRACKS_FIBROSIS,EFO_0003095,0.28426635934274813,5.823860503525749e-09,5,rises
ENSG00000161298,ZNF382,TRACKS_FIBROSIS,EFO_0003095,0.2839777986180761,3.0855150237653813e-10,5,rises
ENSG00000121570,DPPA4,TRACKS_FIBROSIS,EFO_0003095,-0.28391164958508797,3.181817725229115e-19,5,falls
ENSG00000080224,EPHA6,TRACKS_FIBROSIS,EFO_0003095,0.2836157073890795,1.7479121608609893e-10,5,rises
ENSG00000128052,KDR,TRACKS_FIBROSIS,EFO_0003095,-0.28355126446997625,1.689572985410107e-08,5,falls
ENSG00000133835,HSD17B4,TRACKS_FIBROSIS,EFO_0003095,-0.28344343853131004,1.3311287497572497e-07,5,falls
ENSG00000103742,IGDCC4,TRACKS_FIBROSIS,EFO_0003095,0.28341118456050496,1.0058410594339724e-08,5,rises
ENSG00000197019,SERTAD1,TRACKS_FIBROSIS,EFO_0003095,0.28320350764889896,5.026465199525037e-08,5,rises
ENSG00000176463,SLCO3A1,TRACKS_FIBROSIS,EFO_0003095,0.2831522790152303,1.947580543220641e-12,5,rises
ENSG00000088926,F11,TRACKS_FIBROSIS,EFO_0003095,-0.2830892556674875,9.38713975520834e-13,5,falls
ENSG00000166206,GABRB3,TRACKS_FIBROSIS,EFO_0003095,0.2830867977113321,4.768243722628957e-12,5,rises
ENSG00000148841,ITPRIP,TRACKS_FIBROSIS,EFO_0003095,0.2828929544770707,1.7108628827075439e-07,5,rises
ENSG00000169762,TAPT1,TRACKS_FIBROSIS,EFO_0003095,-0.28269450737810625,3.575624180914104e-07,5,falls
ENSG00000076706,MCAM,TRACKS_FIBROSIS,EFO_0003095,0.28265448422907186,7.971878546989928e-09,5,rises
ENSG00000205364,MT1M,TRACKS_FIBROSIS,EFO_0003095,-0.2825688684181846,6.389940083217e-08,5,falls
ENSG00000124496,TRERF1,TRACKS_FIBROSIS,EFO_0003095,0.28256220931212994,2.1141934253443475e-10,5,rises
ENSG00000151929,BAG3,TRACKS_FIBROSIS,EFO_0003095,0.28243432928679046,3.472900592332518e-08,5,rises
ENSG00000118369,USP35,TRACKS_FIBROSIS,EFO_0003095,0.2823756213021821,1.8557144569005107e-07,5,rises
ENSG00000168918,INPP5D,TRACKS_FIBROSIS,EFO_0003095,0.2823240727933726,1.978642638525182e-09,5,rises
ENSG00000000938,FGR,TRACKS_FIBROSIS,EFO_0003095,0.28206056417268593,4.2310232638619716e-10,5,rises
ENSG00000051523,CYBA,TRACKS_FIBROSIS,EFO_0003095,0.28204624685482255,5.443047696136632e-14,5,rises
ENSG00000007171,NOS2,TRACKS_FIBROSIS,EFO_0003095,0.28199332762843193,1.1132288126565295e-07,5,rises
ENSG00000188641,DPYD,TRACKS_FIBROSIS,EFO_0003095,-0.281953638208639,6.493243025248548e-12,5,falls
ENSG00000173821,RNF213,TRACKS_FIBROSIS,EFO_0003095,0.28187171110096015,4.188576210268548e-07,5,rises
ENSG00000004864,SLC25A13,TRACKS_FIBROSIS,EFO_0003095,-0.2818081103360652,6.667265567032431e-08,5,falls
ENSG00000198846,TOX,TRACKS_FIBROSIS,EFO_0003095,0.2817988172881223,7.333711501464381e-06,5,rises
ENSG00000137752,CASP1,TRACKS_FIBROSIS,EFO_0003095,0.2817486540255514,2.2151729788308493e-10,5,rises
ENSG00000137642,SORL1,TRACKS_FIBROSIS,EFO_0003095,-0.2816221450148255,1.2084854322149447e-07,5,falls
ENSG00000160213,CSTB,TRACKS_FIBROSIS,EFO_0003095,0.281428955050372,5.504732021515976e-09,5,rises
ENSG00000183779,ZNF703,TRACKS_FIBROSIS,EFO_0003095,0.28139798633153873,7.655159997321424e-14,5,rises
ENSG00000169031,COL4A3,TRACKS_FIBROSIS,EFO_0003095,0.28138460249968406,1.425145623941299e-14,5,rises
ENSG00000106086,PLEKHA8,TRACKS_FIBROSIS,EFO_0003095,0.2812380566456273,1.864255030709796e-06,5,rises
ENSG00000131747,TOP2A,TRACKS_FIBROSIS,EFO_0003095,0.2812273496537673,6.743547704478353e-10,5,rises
ENSG00000108039,XPNPEP1,TRACKS_FIBROSIS,EFO_0003095,0.2811195150481654,2.4410457644415977e-06,5,rises
ENSG00000162409,PRKAA2,TRACKS_FIBROSIS,EFO_0003095,0.2810606652933413,3.2207614150049723e-09,5,rises
ENSG00000171885,AQP4,TRACKS_FIBROSIS,EFO_0003095,0.28071194139953765,2.020898154552835e-10,5,rises
ENSG00000145779,TNFAIP8,TRACKS_FIBROSIS,EFO_0003095,0.28067300273493123,6.632325003358046e-09,5,rises
ENSG00000092820,EZR,TRACKS_FIBROSIS,EFO_0003095,0.28054555203079645,7.701015941998385e-12,5,rises
ENSG00000075239,ACAT1,TRACKS_FIBROSIS,EFO_0003095,-0.2805380489026929,7.305686672698247e-09,5,falls
ENSG00000160013,PTGIR,TRACKS_FIBROSIS,EFO_0003095,0.28035998049729455,2.0048126895455736e-21,5,rises
ENSG00000137078,SIT1,TRACKS_FIBROSIS,EFO_0003095,0.280303438801771,1.3903977355049134e-12,5,rises
ENSG00000150630,VEGFC,TRACKS_FIBROSIS,EFO_0003095,0.2803000494296735,1.749076796421267e-08,5,rises
ENSG00000155850,SLC26A2,TRACKS_FIBROSIS,EFO_0003095,0.2802631920787459,4.6868782365040326e-05,5,rises
ENSG00000068796,KIF2A,TRACKS_FIBROSIS,EFO_0003095,0.2802375461624706,1.2442408236703344e-07,5,rises
ENSG00000181192,DHTKD1,TRACKS_FIBROSIS,EFO_0003095,-0.28023376335094746,1.0109341358839276e-10,5,falls
ENSG00000134291,TMEM106C,TRACKS_FIBROSIS,EFO_0003095,0.28023033369795103,2.6489891455247753e-08,5,rises
ENSG00000197747,S100A10,TRACKS_FIBROSIS,EFO_0003095,0.2798690978921343,2.6583195765011142e-11,5,rises
ENSG00000110446,SLC15A3,TRACKS_FIBROSIS,EFO_0003095,0.27979717973322576,1.7997006401770472e-08,5,rises
ENSG00000112964,GHR,TRACKS_FIBROSIS,EFO_0003095,-0.27970269795553654,3.2301677368881148e-09,5,falls
ENSG00000135631,RAB11FIP5,TRACKS_FIBROSIS,EFO_0003095,0.2796579308480194,3.797745007198153e-10,5,rises
ENSG00000176597,B3GNT5,TRACKS_FIBROSIS,EFO_0003095,0.2796201963005901,3.908489390157487e-12,5,rises
ENSG00000112118,MCM3,TRACKS_FIBROSIS,EFO_0003095,0.2795808766182209,2.2814621063525465e-07,5,rises
ENSG00000182795,C1orf116,TRACKS_FIBROSIS,EFO_0003095,0.2794312586295844,1.3437908662027338e-10,5,rises
ENSG00000171234,UGT2B7,TRACKS_FIBROSIS,EFO_0003095,-0.27929917783511776,4.807558262214793e-07,5,falls
ENSG00000157870,PRXL2B,TRACKS_FIBROSIS,EFO_0003095,0.27926798746932074,5.647391427727801e-12,5,rises
ENSG00000142149,HUNK,TRACKS_FIBROSIS,EFO_0003095,0.27896207965900977,1.104044209610989e-09,5,rises
ENSG00000111371,SLC38A1,TRACKS_FIBROSIS,EFO_0003095,0.2789069578782372,2.5858846833955734e-09,5,rises
ENSG00000121871,SLITRK3,TRACKS_FIBROSIS,EFO_0003095,-0.27888462131230596,8.05477224906573e-11,5,falls
ENSG00000197451,HNRNPAB,TRACKS_FIBROSIS,EFO_0003095,0.27877186306491997,1.7108628827075439e-07,5,rises
ENSG00000105220,GPI,TRACKS_FIBROSIS,EFO_0003095,0.27876263408274166,2.1321111242623438e-08,5,rises
ENSG00000135046,ANXA1,TRACKS_FIBROSIS,EFO_0003095,0.27864399503051224,8.981995946760796e-12,5,rises
ENSG00000198721,ECI2,TRACKS_FIBROSIS,EFO_0003095,-0.2782620602483806,1.1892927766319241e-08,5,falls
ENSG00000177272,KCNA3,TRACKS_FIBROSIS,EFO_0003095,0.27823606255470573,2.902276586666479e-13,5,rises
ENSG00000143226,FCGR2A,TRACKS_FIBROSIS,EFO_0003095,0.27804433196215034,1.322029890083535e-07,5,rises
ENSG00000184613,NELL2,TRACKS_FIBROSIS,EFO_0003095,0.27786632988409826,1.962777465918298e-10,5,rises
ENSG00000012779,ALOX5,TRACKS_FIBROSIS,EFO_0003095,0.2777636201876865,3.3516011555031543e-11,5,rises
ENSG00000185811,IKZF1,TRACKS_FIBROSIS,EFO_0003095,0.27768041067760535,2.7180426588730566e-11,5,rises
ENSG00000140332,TLE3,TRACKS_FIBROSIS,EFO_0003095,0.2776802056165248,1.3524239503575432e-10,5,rises
ENSG00000008952,SEC62,TRACKS_FIBROSIS,EFO_0003095,-0.2775258704951155,4.024609854254301e-08,5,falls
ENSG00000081320,STK17B,TRACKS_FIBROSIS,EFO_0003095,0.27749519338523865,8.622264798843707e-08,5,rises
ENSG00000120738,EGR1,TRACKS_FIBROSIS,EFO_0003095,0.27744230737457853,8.697638061725722e-07,5,rises
ENSG00000179593,ALOX15B,TRACKS_FIBROSIS,EFO_0003095,0.27731817722006713,4.0629979100443545e-07,5,rises
ENSG00000049089,COL9A2,TRACKS_FIBROSIS,EFO_0003095,0.2771812702624203,8.749388349186966e-14,5,rises
ENSG00000022567,SLC45A4,TRACKS_FIBROSIS,EFO_0003095,0.2770300367750772,1.2298667747759247e-14,5,rises
ENSG00000088320,REM1,TRACKS_FIBROSIS,EFO_0003095,0.27681000238994447,1.3528795717513872e-07,5,rises
ENSG00000141068,KSR1,TRACKS_FIBROSIS,EFO_0003095,0.2767628933570189,4.570496643053445e-10,5,rises
ENSG00000165238,WNK2,TRACKS_FIBROSIS,EFO_0003095,0.27664458372613104,4.003513807907448e-14,5,rises
ENSG00000021355,SERPINB1,TRACKS_FIBROSIS,EFO_0003095,0.27636373381122037,2.5584098438532144e-07,5,rises
ENSG00000135426,TESPA1,TRACKS_FIBROSIS,EFO_0003095,0.27632502963848143,3.6090179720656653e-10,5,rises
ENSG00000239713,APOBEC3G,TRACKS_FIBROSIS,EFO_0003095,0.27625471165825705,6.126012498732049e-11,5,rises
ENSG00000198513,ATL1,TRACKS_FIBROSIS,EFO_0003095,0.27606884604806037,1.327328584755414e-05,5,rises
ENSG00000141506,PIK3R5,TRACKS_FIBROSIS,EFO_0003095,0.27601345504630426,1.3908768085021085e-08,5,rises
ENSG00000140285,FGF7,TRACKS_FIBROSIS,EFO_0003095,0.2759272182946785,1.8085629108005351e-06,5,rises
ENSG00000123136,DDX39A,TRACKS_FIBROSIS,EFO_0003095,0.27580032702604407,3.5962297453846417e-14,5,rises
ENSG00000101333,PLCB4,TRACKS_FIBROSIS,EFO_0003095,0.27579605283253134,1.036939680567648e-07,5,rises
ENSG00000151690,MFSD6,TRACKS_FIBROSIS,EFO_0003095,0.27566211864561185,7.077459872276728e-10,5,rises
ENSG00000162636,EEIG2,TRACKS_FIBROSIS,EFO_0003095,0.27565222842246856,3.6220715318290784e-08,5,rises
ENSG00000128266,GNAZ,TRACKS_FIBROSIS,EFO_0003095,0.2756033310417778,3.2142587527374175e-11,5,rises
ENSG00000167641,PPP1R14A,TRACKS_FIBROSIS,EFO_0003095,0.27556181989684325,4.454412382147311e-10,5,rises
ENSG00000198483,ANKRD35,TRACKS_FIBROSIS,EFO_0003095,-0.2753784243296182,2.2211119061996476e-10,5,falls
ENSG00000182050,MGAT4C,TRACKS_FIBROSIS,EFO_0003095,0.2753173683191292,1.3920600219979212e-10,5,rises
ENSG00000176014,TUBB6,TRACKS_FIBROSIS,EFO_0003095,0.2752450473382899,1.8356851853672744e-10,5,rises
ENSG00000241058,NSUN6,TRACKS_FIBROSIS,EFO_0003095,-0.2751270580042633,8.495723827498043e-06,5,falls
ENSG00000186806,VSIG10L,TRACKS_FIBROSIS,EFO_0003095,0.2747830830327249,9.112962909245345e-07,5,rises
ENSG00000128791,TWSG1,TRACKS_FIBROSIS,EFO_0003095,0.2747830830327249,0.00040381548751208416,5,rises
ENSG00000169251,NMD3,TRACKS_FIBROSIS,EFO_0003095,-0.2747465449926615,2.623048523968173e-06,5,falls
ENSG00000109445,NOAZFP,TRACKS_FIBROSIS,EFO_0003095,-0.2746510622858621,1.7871259719688974e-05,5,falls
ENSG00000091409,ITGA6,TRACKS_FIBROSIS,EFO_0003095,0.27461271342073723,2.2582783489087354e-08,5,rises
ENSG00000131037,EPS8L1,TRACKS_FIBROSIS,EFO_0003095,0.2746023519422783,5.68793820573902e-17,5,rises
ENSG00000102302,FGD1,TRACKS_FIBROSIS,EFO_0003095,0.2744597809083581,1.9616600256060862e-07,5,rises
ENSG00000119711,ALDH6A1,TRACKS_FIBROSIS,EFO_0003095,-0.27428955388168563,6.6490385826770795e-12,5,falls
ENSG00000166920,COXFA4L3,TRACKS_FIBROSIS,EFO_0003095,0.27428004851776544,1.2490668791631e-07,5,rises
ENSG00000198610,AKR1C4,TRACKS_FIBROSIS,EFO_0003095,-0.2742671728740043,9.796281886424143e-06,5,falls
ENSG00000145675,PIK3R1,TRACKS_FIBROSIS,EFO_0003095,-0.2742273284837995,3.832657859592637e-06,5,falls
ENSG00000073756,PTGS2,TRACKS_FIBROSIS,EFO_0003095,0.2739814370049511,3.6797272062601356e-08,5,rises
ENSG00000232810,TNF,TRACKS_FIBROSIS,EFO_0003095,0.27398078433992473,2.0000269394294735e-09,5,rises
ENSG00000135074,ADAM19,TRACKS_FIBROSIS,EFO_0003095,0.27365259311550416,6.366492303911033e-07,5,rises
ENSG00000164611,PTTG1,TRACKS_FIBROSIS,EFO_0003095,0.27352416953945685,4.3384631574048126e-09,5,rises
ENSG00000078747,ITCH,TRACKS_FIBROSIS,EFO_0003095,-0.27350157524012886,1.4083582537775967e-08,5,falls
ENSG00000198431,TXNRD1,TRACKS_FIBROSIS,EFO_0003095,0.27338072353337634,3.956886015600276e-06,5,rises
ENSG00000102081,FMR1,TRACKS_FIBROSIS,EFO_0003095,-0.2733542639201811,5.848210952816894e-05,5,falls
ENSG00000146648,EGFR,TRACKS_FIBROSIS,EFO_0003095,-0.27334103411358346,6.783040600409173e-07,5,falls
ENSG00000064601,CTSA,TRACKS_FIBROSIS,EFO_0003095,0.2731955062410096,1.2404756508305952e-10,5,rises
ENSG00000083223,TUT7,TRACKS_FIBROSIS,EFO_0003095,-0.2731280131211461,1.078466094304323e-06,5,falls
ENSG00000154734,ADAMTS1,TRACKS_FIBROSIS,EFO_0003095,0.27312154851494236,2.0759788352879706e-07,5,rises
ENSG00000027697,IFNGR1,TRACKS_FIBROSIS,EFO_0003095,0.2730737545008918,5.716169725120151e-07,5,rises
ENSG00000101361,NOP56,TRACKS_FIBROSIS,EFO_0003095,0.2730243041246693,3.837388740211953e-06,5,rises
ENSG00000243955,GSTA1,TRACKS_FIBROSIS,EFO_0003095,-0.2728454053226502,1.78241869922115e-07,5,falls
ENSG00000111412,SPRING1,TRACKS_FIBROSIS,EFO_0003095,0.27283557380332113,4.300106066013724e-08,5,rises
ENSG00000163013,FBXO41,TRACKS_FIBROSIS,EFO_0003095,0.27282089680716903,1.1661431989018783e-09,5,rises
ENSG00000175857,GAPT,TRACKS_FIBROSIS,EFO_0003095,0.27280744289402964,2.019947450531652e-08,5,rises
ENSG00000122863,CHST3,TRACKS_FIBROSIS,EFO_0003095,0.2727324630100927,2.750143727563493e-13,5,rises
ENSG00000134538,SLCO1B1,TRACKS_FIBROSIS,EFO_0003095,-0.272707622138332,3.362128694015742e-05,5,falls
ENSG00000172819,RARG,TRACKS_FIBROSIS,EFO_0003095,0.27265308417050693,1.569085181760247e-12,5,rises
ENSG00000124003,MOGAT1,TRACKS_FIBROSIS,EFO_0003095,-0.27260946813876247,1.5359243045391137e-07,5,falls
ENSG00000197594,ENPP1,TRACKS_FIBROSIS,EFO_0003095,-0.27259581436038616,7.626128787230417e-13,5,falls
ENSG00000146425,DYNLT1,TRACKS_FIBROSIS,EFO_0003095,0.27255793395944405,8.480151857410175e-10,5,rises
ENSG00000119509,INVS,TRACKS_FIBROSIS,EFO_0003095,-0.272526500941581,2.3919867429178145e-06,5,falls
ENSG00000069849,ATP1B3,TRACKS_FIBROSIS,EFO_0003095,0.2724282871601006,8.66083179384406e-09,5,rises
ENSG00000163687,DNASE1L3,TRACKS_FIBROSIS,EFO_0003095,-0.27231908294862756,1.1061950006920628e-07,5,falls
ENSG00000120158,RCL1,TRACKS_FIBROSIS,EFO_0003095,-0.2722958793923709,6.133717308829153e-10,5,falls
ENSG00000059804,SLC2A3,TRACKS_FIBROSIS,EFO_0003095,0.2722648406007914,1.1410501098540594e-06,5,rises
ENSG00000116830,TTF2,TRACKS_FIBROSIS,EFO_0003095,0.2721738903535601,1.2511706202464443e-07,5,rises
ENSG00000125810,CD93,TRACKS_FIBROSIS,EFO_0003095,0.2720842024868089,3.085649709347021e-07,5,rises
ENSG00000198417,MT1F,TRACKS_FIBROSIS,EFO_0003095,-0.2720701813570834,6.856737707965068e-11,5,falls
ENSG00000104951,IL4I1,TRACKS_FIBROSIS,EFO_0003095,0.2720189508379762,4.721479772529316e-11,5,rises
ENSG00000100003,SEC14L2,TRACKS_FIBROSIS,EFO_0003095,-0.27170896987744797,5.902193191323573e-13,5,falls
ENSG00000164654,MIOS,TRACKS_FIBROSIS,EFO_0003095,-0.2716138617725856,5.538769950393131e-07,5,falls
ENSG00000039139,DNAH5,TRACKS_FIBROSIS,EFO_0003095,0.2714222057931446,3.704124269737311e-11,5,rises
ENSG00000146085,MMUT,TRACKS_FIBROSIS,EFO_0003095,-0.2713433333173418,2.060651901924038e-08,5,falls
ENSG00000071246,VASH1,TRACKS_FIBROSIS,EFO_0003095,0.2713425491030603,2.5548570120196973e-15,5,rises
ENSG00000139865,TTC6,TRACKS_FIBROSIS,EFO_0003095,-0.2713168737041465,1.127111556712945e-05,5,falls
ENSG00000171552,BCL2L1,TRACKS_FIBROSIS,EFO_0003095,0.27123088889069225,1.849396891982225e-09,5,rises
ENSG00000184517,ZFP1,TRACKS_FIBROSIS,EFO_0003095,-0.271219767585974,5.3282525236216565e-11,5,falls
ENSG00000165795,NDRG2,TRACKS_FIBROSIS,EFO_0003095,-0.27116606549102046,1.4212138857304773e-09,5,falls
ENSG00000019995,ZRANB1,TRACKS_FIBROSIS,EFO_0003095,-0.2711407521548468,1.569451040953698e-07,5,falls
ENSG00000183844,FAM3B,TRACKS_FIBROSIS,EFO_0003095,0.27111842660518204,2.2872396226658903e-13,5,rises
ENSG00000090376,IRAK3,TRACKS_FIBROSIS,EFO_0003095,0.27096048907641096,7.137845219794658e-07,5,rises
ENSG00000172757,CFL1,TRACKS_FIBROSIS,EFO_0003095,0.27095202596380247,5.231274181602949e-09,5,rises
ENSG00000085840,ORC1,TRACKS_FIBROSIS,EFO_0003095,0.27091166422438423,9.609086513291847e-08,5,rises
ENSG00000150893,FREM2,TRACKS_FIBROSIS,EFO_0003095,0.27088789879724856,2.120307429810162e-06,5,rises
ENSG00000155252,PI4K2A,TRACKS_FIBROSIS,EFO_0003095,0.27084641519865776,7.152918847277185e-08,5,rises
ENSG00000112175,BMP5,TRACKS_FIBROSIS,EFO_0003095,0.2708273708600342,1.7817370777156583e-06,5,rises
ENSG00000099256,PRTFDC1,TRACKS_FIBROSIS,EFO_0003095,0.270800911246839,3.162345960103886e-10,5,rises
ENSG00000146540,CHLSN,TRACKS_FIBROSIS,EFO_0003095,0.27080088361048726,1.8124988666884152e-11,5,rises
ENSG00000128340,RAC2,TRACKS_FIBROSIS,EFO_0003095,0.2707347622138509,1.55349120402877e-12,5,rises
ENSG00000135269,TES,TRACKS_FIBROSIS,EFO_0003095,0.2706311294105556,1.109990114417742e-06,5,rises
ENSG00000167741,GGT6,TRACKS_FIBROSIS,EFO_0003095,0.2705460630067917,2.8065380865734817e-15,5,rises
ENSG00000213694,S1PR3,TRACKS_FIBROSIS,EFO_0003095,0.2705092699132143,1.2418080443683228e-06,5,rises
ENSG00000124126,PREX1,TRACKS_FIBROSIS,EFO_0003095,0.2704833958884959,4.0801477634121297e-10,5,rises
ENSG00000172594,SMPDL3A,TRACKS_FIBROSIS,EFO_0003095,-0.27043918470462674,6.002253962506348e-10,5,falls
ENSG00000176595,KBTBD11,TRACKS_FIBROSIS,EFO_0003095,-0.2703486120155694,2.3009651353088798e-15,5,falls
ENSG00000100379,KCTD17,TRACKS_FIBROSIS,EFO_0003095,0.2703392613744526,1.3828944139398043e-15,5,rises
ENSG00000163507,CIP2A,TRACKS_FIBROSIS,EFO_0003095,0.27032787021627414,1.0960405703448242e-05,5,rises
ENSG00000130522,JUND,TRACKS_FIBROSIS,EFO_0003095,0.2701658805301529,4.338626453778567e-11,5,rises
ENSG00000104783,KCNN4,TRACKS_FIBROSIS,EFO_0003095,0.2700504334359499,7.436880255736617e-13,5,rises
ENSG00000180611,MB21D2,TRACKS_FIBROSIS,EFO_0003095,0.2699167589110975,2.066132252206361e-08,5,rises
ENSG00000169855,ROBO1,TRACKS_FIBROSIS,EFO_0003095,0.26988805459160276,2.2165219634106358e-08,5,rises
ENSG00000117592,PRDX6,TRACKS_FIBROSIS,EFO_0003095,-0.26974709983600437,2.4245793906497743e-06,5,falls
ENSG00000081026,MAGI3,TRACKS_FIBROSIS,EFO_0003095,-0.26968960749263826,1.4460066474332021e-09,5,falls
ENSG00000184985,SORCS2,TRACKS_FIBROSIS,EFO_0003095,0.26965800413639285,2.282946312310102e-06,5,rises
ENSG00000140451,PIF1,TRACKS_FIBROSIS,EFO_0003095,0.26961527649366873,4.775631794186061e-09,5,rises
ENSG00000008311,AASS,TRACKS_FIBROSIS,EFO_0003095,-0.26957053923325963,5.365628015438513e-08,5,falls
ENSG00000179388,EGR3,TRACKS_FIBROSIS,EFO_0003095,0.26933410566318117,6.701718216290272e-12,5,rises
ENSG00000125675,GRIA3,TRACKS_FIBROSIS,EFO_0003095,0.2693322638500974,2.000787420185783e-07,5,rises
ENSG00000050405,LIMA1,TRACKS_FIBROSIS,EFO_0003095,0.26930575622874264,2.21416263762992e-07,5,rises
ENSG00000101981,F9,TRACKS_FIBROSIS,EFO_0003095,-0.2692714751608693,9.707345479564822e-07,5,falls
ENSG00000097096,SYDE2,TRACKS_FIBROSIS,EFO_0003095,-0.26923979406831894,9.085322837228844e-07,5,falls
ENSG00000083123,BCKDHB,TRACKS_FIBROSIS,EFO_0003095,-0.2692265642617213,1.4138811624995598e-12,5,falls
ENSG00000170006,TMEM154,TRACKS_FIBROSIS,EFO_0003095,0.26913340356472315,1.8637899232335344e-05,5,rises
ENSG00000115325,DOK1,TRACKS_FIBROSIS,EFO_0003095,0.26902444713582746,2.68533160298969e-10,5,rises
ENSG00000166265,CYYR1,TRACKS_FIBROSIS,EFO_0003095,0.26901099322268807,2.3030785994446865e-07,5,rises
ENSG00000113070,HBEGF,TRACKS_FIBROSIS,EFO_0003095,0.2688067383595715,1.78241869922115e-07,5,rises
ENSG00000196711,ALKAL1,TRACKS_FIBROSIS,EFO_0003095,0.26877301664384423,7.45593547007912e-11,5,rises
ENSG00000031081,ARHGAP31,TRACKS_FIBROSIS,EFO_0003095,0.2686841421912186,2.2833146120066186e-06,5,rises
ENSG00000011426,ANLN,TRACKS_FIBROSIS,EFO_0003095,0.26867472679977034,1.4173807435473289e-06,5,rises
ENSG00000109944,JHY,TRACKS_FIBROSIS,EFO_0003095,0.2686620010890816,1.5189107490492894e-09,5,rises
ENSG00000173068,BNC2,TRACKS_FIBROSIS,EFO_0003095,0.26845407351057193,6.083333975385729e-13,5,rises
ENSG00000186854,TRABD2A,TRACKS_FIBROSIS,EFO_0003095,0.2683817969081876,3.721291803256054e-09,5,rises
ENSG00000067715,SYT1,TRACKS_FIBROSIS,EFO_0003095,-0.26826017605436564,3.152589974542937e-13,5,falls
ENSG00000167208,SNX20,TRACKS_FIBROSIS,EFO_0003095,0.2681946393471064,7.640430347319008e-11,5,rises
ENSG00000102393,GLA,TRACKS_FIBROSIS,EFO_0003095,0.26814675418268036,8.879677106657845e-13,5,rises
ENSG00000149591,TAGLN,TRACKS_FIBROSIS,EFO_0003095,0.26813802942332,1.3751452466141877e-08,5,rises
ENSG00000115828,QPCT,TRACKS_FIBROSIS,EFO_0003095,0.2681152605075206,8.644976610620362e-05,5,rises
ENSG00000153707,PTPRD,TRACKS_FIBROSIS,EFO_0003095,-0.2680755710877277,6.371763141708211e-08,5,falls
ENSG00000125875,TBC1D20,TRACKS_FIBROSIS,EFO_0003095,0.2680394516875659,2.6929122107268325e-09,5,rises
ENSG00000026751,SLAMF7,TRACKS_FIBROSIS,EFO_0003095,0.2677912202387439,3.8988738023196885e-11,5,rises
ENSG00000158163,DZIP1L,TRACKS_FIBROSIS,EFO_0003095,0.2677353176404686,1.2711575247328544e-12,5,rises
ENSG00000020633,RUNX3,TRACKS_FIBROSIS,EFO_0003095,0.26753820221729213,8.960470992704347e-11,5,rises
ENSG00000132334,PTPRE,TRACKS_FIBROSIS,EFO_0003095,0.2674095120167262,2.3761667831681743e-07,5,rises
ENSG00000164199,ADGRV1,TRACKS_FIBROSIS,EFO_0003095,-0.26733470191826053,6.2111531460630865e-15,5,falls
ENSG00000128607,KLHDC10,TRACKS_FIBROSIS,EFO_0003095,-0.26729067880077373,2.253917530134239e-07,5,falls
ENSG00000167315,ACAA2,TRACKS_FIBROSIS,EFO_0003095,-0.26716291479053694,5.647391427727801e-12,5,falls
ENSG00000148672,GLUD1,TRACKS_FIBROSIS,EFO_0003095,-0.26715431280543434,1.542411882523614e-06,5,falls
ENSG00000044459,CNTLN,TRACKS_FIBROSIS,EFO_0003095,-0.2671097952061009,5.9035733556917166e-08,5,falls
ENSG00000183087,GAS6,TRACKS_FIBROSIS,EFO_0003095,0.26707852206266236,1.749076796421267e-08,5,rises
ENSG00000125845,BMP2,TRACKS_FIBROSIS,EFO_0003095,0.26696426733352707,4.5359322846183607e-07,5,rises
ENSG00000131015,ULBP2,TRACKS_FIBROSIS,EFO_0003095,0.26694138120577376,1.1331495347641984e-05,5,rises
ENSG00000139193,CD27,TRACKS_FIBROSIS,EFO_0003095,0.2669113481071365,1.8247033883219884e-08,5,rises
ENSG00000104998,IL27RA,TRACKS_FIBROSIS,EFO_0003095,0.266858428880746,1.5182222258741048e-12,5,rises
ENSG00000135093,USP30,TRACKS_FIBROSIS,EFO_0003095,-0.2668017643360649,8.93643288352712e-08,5,falls
ENSG00000164483,SAMD3,TRACKS_FIBROSIS,EFO_0003095,0.2667702550922232,1.468488710080694e-06,5,rises
ENSG00000139144,PIK3C2G,TRACKS_FIBROSIS,EFO_0003095,-0.26676582023456263,1.39355513175446e-07,5,falls
ENSG00000170961,HAS2,TRACKS_FIBROSIS,EFO_0003095,0.26670869920666646,2.6810517147090876e-11,5,rises
ENSG00000178075,GRAMD1C,TRACKS_FIBROSIS,EFO_0003095,-0.2666335221685864,8.889999730840033e-07,5,falls
ENSG00000184956,MUC6,TRACKS_FIBROSIS,EFO_0003095,0.266587203447008,2.026198341342774e-17,5,rises
ENSG00000213859,KCTD11,TRACKS_FIBROSIS,EFO_0003095,0.26649021913356596,1.2272847049373406e-10,5,rises
ENSG00000163563,MNDA,TRACKS_FIBROSIS,EFO_0003095,0.26645693877789167,2.1782751321062725e-06,5,rises
ENSG00000138792,ENPEP,TRACKS_FIBROSIS,EFO_0003095,-0.26643670134804104,6.637898152363742e-09,5,falls
ENSG00000151702,FLI1,TRACKS_FIBROSIS,EFO_0003095,0.26632764185603597,5.115024661742476e-08,5,rises
ENSG00000176153,GPX2,TRACKS_FIBROSIS,EFO_0003095,0.2662763173904504,4.87282762182856e-10,5,rises
ENSG00000137265,IRF4,TRACKS_FIBROSIS,EFO_0003095,0.26620279462558744,2.7959079843764493e-13,5,rises
ENSG00000170315,UBB,TRACKS_FIBROSIS,EFO_0003095,-0.2661795103572044,9.810662860341508e-07,5,falls
ENSG00000175505,CLCF1,TRACKS_FIBROSIS,EFO_0003095,0.2660347837647381,6.194063811699963e-16,5,rises
ENSG00000114648,KLHL18,TRACKS_FIBROSIS,EFO_0003095,0.26601321675862294,6.85216749992487e-07,5,rises
ENSG00000203950,RTL8A,TRACKS_FIBROSIS,EFO_0003095,0.26598961952939737,6.081537094341171e-11,5,rises
ENSG00000121210,TMEM131L,TRACKS_FIBROSIS,EFO_0003095,-0.26597209236425096,0.00019487817528087353,5,falls
ENSG00000102317,RBM3,TRACKS_FIBROSIS,EFO_0003095,0.2658143748112119,9.834888790169675e-07,5,rises
ENSG00000140545,MFGE8,TRACKS_FIBROSIS,EFO_0003095,0.2658017682735036,5.1402711516657475e-11,5,rises
ENSG00000108828,VAT1,TRACKS_FIBROSIS,EFO_0003095,0.26555768184248024,1.775492392298178e-07,5,rises
ENSG00000166073,GPR176,TRACKS_FIBROSIS,EFO_0003095,0.26552714518471887,3.6881703588895377e-13,5,rises
ENSG00000072071,ADGRL1,TRACKS_FIBROSIS,EFO_0003095,0.2655154219724644,2.2382412686018825e-14,5,rises
ENSG00000120594,PLXDC2,TRACKS_FIBROSIS,EFO_0003095,0.26541637996160455,2.358072250139562e-09,5,rises
ENSG00000110002,VWA5A,TRACKS_FIBROSIS,EFO_0003095,0.265142420392437,3.4525321346113684e-11,5,rises
ENSG00000064651,SLC12A2,TRACKS_FIBROSIS,EFO_0003095,0.26513871240456066,1.0419921469615772e-13,5,rises
ENSG00000106034,CPED1,TRACKS_FIBROSIS,EFO_0003095,-0.26513453101350065,1.5624541938260872e-08,5,falls
ENSG00000182168,UNC5C,TRACKS_FIBROSIS,EFO_0003095,0.2651253242164568,1.7622344706338386e-07,5,rises
ENSG00000179954,SSC5D,TRACKS_FIBROSIS,EFO_0003095,0.26504594537687104,1.712501209200592e-23,5,rises
ENSG00000100889,PCK2,TRACKS_FIBROSIS,EFO_0003095,-0.26496656653728523,1.3033448497940788e-11,5,falls
ENSG00000138772,ANXA3,TRACKS_FIBROSIS,EFO_0003095,0.2649142308396504,1.3979273283779987e-10,5,rises
ENSG00000165617,DACT1,TRACKS_FIBROSIS,EFO_0003095,0.2648466139546073,1.3880183351685616e-15,5,rises
ENSG00000151150,ANK3,TRACKS_FIBROSIS,EFO_0003095,0.26480481074210055,1.2611613890090033e-14,5,rises
ENSG00000153317,ASAP1,TRACKS_FIBROSIS,EFO_0003095,0.2647945790515161,3.2930329291029005e-06,5,rises
ENSG00000133789,SWAP70,TRACKS_FIBROSIS,EFO_0003095,0.26470449159603776,4.1219123786966886e-08,5,rises
ENSG00000175203,DCTN2,TRACKS_FIBROSIS,EFO_0003095,0.2645039323209826,3.0078979789902714e-09,5,rises
ENSG00000130038,CRACR2A,TRACKS_FIBROSIS,EFO_0003095,0.26438651635176585,7.3559665251151505e-09,5,rises
ENSG00000187546,AGMO,TRACKS_FIBROSIS,EFO_0003095,-0.26425215698101334,2.7687437259993376e-09,5,falls
ENSG00000147475,ERLIN2,TRACKS_FIBROSIS,EFO_0003095,-0.2642124675612204,2.6489599906175917e-08,5,falls
ENSG00000197355,UAP1L1,TRACKS_FIBROSIS,EFO_0003095,0.26414645201593484,2.094003614520522e-12,5,rises
ENSG00000106819,ASPN,TRACKS_FIBROSIS,EFO_0003095,0.26404829847313027,4.8465771368159276e-09,5,rises
ENSG00000066336,SPI1,TRACKS_FIBROSIS,EFO_0003095,0.2639214118160727,1.1892379662466839e-07,5,rises
ENSG00000204262,COL5A2,TRACKS_FIBROSIS,EFO_0003095,0.2638149452375348,5.0588757799965314e-08,5,rises
ENSG00000196455,PIK3R4,TRACKS_FIBROSIS,EFO_0003095,-0.263802343556694,9.037308253941455e-07,5,falls
ENSG00000139278,GLIPR1,TRACKS_FIBROSIS,EFO_0003095,0.2637582002243967,6.261655993937642e-06,5,rises
ENSG00000158481,CD1C,TRACKS_FIBROSIS,EFO_0003095,0.26370973491051064,0.00011679886453099931,5,rises
ENSG00000167608,TMC4,TRACKS_FIBROSIS,EFO_0003095,0.2636766164288476,3.9697748914891915e-12,5,rises
ENSG00000153936,HS2ST1,TRACKS_FIBROSIS,EFO_0003095,-0.26363169121367086,1.906417947880213e-05,5,falls
ENSG00000196482,ESRRG,TRACKS_FIBROSIS,EFO_0003095,0.26332044083093376,1.9932883276293905e-08,5,rises
ENSG00000080546,SESN1,TRACKS_FIBROSIS,EFO_0003095,0.2632731512927889,4.452268008103365e-07,5,rises
ENSG00000183549,ACSM5,TRACKS_FIBROSIS,EFO_0003095,-0.26323512625898005,7.625070059947441e-14,5,falls
ENSG00000196923,PDLIM7,TRACKS_FIBROSIS,EFO_0003095,0.26312184851666043,2.751144655642861e-15,5,rises
ENSG00000160469,BRSK1,TRACKS_FIBROSIS,EFO_0003095,0.2630877702175374,2.870990786309658e-10,5,rises
ENSG00000150403,SLC9D1,TRACKS_FIBROSIS,EFO_0003095,0.26305335586795064,2.2205165187519575e-13,5,rises
ENSG00000111087,GLI1,TRACKS_FIBROSIS,EFO_0003095,0.2630191095435958,1.9931771863148916e-08,5,rises
ENSG00000181004,BBS12,TRACKS_FIBROSIS,EFO_0003095,0.2629467339681782,1.576072635841741e-05,5,rises
ENSG00000073111,MCM2,TRACKS_FIBROSIS,EFO_0003095,0.26294240612784825,3.150520811362087e-07,5,rises
ENSG00000148943,LIN7C,TRACKS_FIBROSIS,EFO_0003095,-0.2629095608461388,8.99123219046183e-05,5,falls
ENSG00000105971,CAV2,TRACKS_FIBROSIS,EFO_0003095,0.26279411431507205,3.250382917504599e-07,5,rises
ENSG00000118514,ALDH8A1,TRACKS_FIBROSIS,EFO_0003095,-0.26278742058800963,1.024544821429995e-08,5,falls
ENSG00000157600,TMEM164,TRACKS_FIBROSIS,EFO_0003095,0.26266563855293285,8.629498374081057e-09,5,rises
ENSG00000151715,TMEM45B,TRACKS_FIBROSIS,EFO_0003095,0.26260326131928646,2.6972747674923613e-05,5,rises
ENSG00000144843,ADPRH,TRACKS_FIBROSIS,EFO_0003095,0.2625719715431146,4.1893103919331716e-08,5,rises
ENSG00000013297,CLDN11,TRACKS_FIBROSIS,EFO_0003095,0.2625389151037802,7.054599080771623e-15,5,rises
ENSG00000060558,GNA15,TRACKS_FIBROSIS,EFO_0003095,0.2625139225854818,1.6168059956923414e-08,5,rises
ENSG00000160360,GPSM1,TRACKS_FIBROSIS,EFO_0003095,0.26247972993500635,1.464935959257773e-14,5,rises
ENSG00000141756,FKBP10,TRACKS_FIBROSIS,EFO_0003095,0.26244555794337315,1.096401919925185e-14,5,rises
ENSG00000138613,APH1B,TRACKS_FIBROSIS,EFO_0003095,0.2622404446494309,3.092321531129092e-06,5,rises
ENSG00000086289,EPDR1,TRACKS_FIBROSIS,EFO_0003095,0.2622385684910883,1.0763714306306483e-06,5,rises
ENSG00000196865,NHLRC2,TRACKS_FIBROSIS,EFO_0003095,-0.2621659316411229,4.343403552240273e-05,5,falls
ENSG00000205268,PDE7A,TRACKS_FIBROSIS,EFO_0003095,0.2621384897744702,4.013567890267606e-07,5,rises
ENSG00000137142,IGFBPL1,TRACKS_FIBROSIS,EFO_0003095,0.26206665475521596,2.6489891455247753e-08,5,rises
ENSG00000198053,SIRPA,TRACKS_FIBROSIS,EFO_0003095,0.26204160382023717,2.725269792427474e-05,5,rises
ENSG00000214456,PLIN5,TRACKS_FIBROSIS,EFO_0003095,-0.2620197919218361,0.00021395408301110619,5,falls
ENSG00000130816,DNMT1,TRACKS_FIBROSIS,EFO_0003095,0.2619232271642395,1.1772520253793698e-12,5,rises
ENSG00000101367,MAPRE1,TRACKS_FIBROSIS,EFO_0003095,0.2615879163334961,2.1415267119240295e-05,5,rises
ENSG00000035403,VCL,TRACKS_FIBROSIS,EFO_0003095,0.26157587158863993,1.1748236019018166e-09,5,rises
ENSG00000166106,ADAMTS15,TRACKS_FIBROSIS,EFO_0003095,0.2614090861750044,4.5485940840518733e-10,5,rises
ENSG00000166035,LIPC,TRACKS_FIBROSIS,EFO_0003095,-0.2613674129206836,6.260932007202386e-07,5,falls
ENSG00000178718,RPP25,TRACKS_FIBROSIS,EFO_0003095,0.2613654349698058,2.6724088209573495e-12,5,rises
ENSG00000179133,C10orf67,TRACKS_FIBROSIS,EFO_0003095,-0.2613259293220929,3.0088731032496433e-05,5,falls
ENSG00000009790,TRAF3IP3,TRACKS_FIBROSIS,EFO_0003095,0.2612622206899495,5.667868942271497e-10,5,rises
ENSG00000139194,RBP5,TRACKS_FIBROSIS,EFO_0003095,-0.2612429621249115,8.15415749713499e-12,5,falls
ENSG00000131831,RAI2,TRACKS_FIBROSIS,EFO_0003095,0.26122253127015665,7.382787623841471e-07,5,rises
ENSG00000142494,SLC47A1,TRACKS_FIBROSIS,EFO_0003095,-0.26111851132913944,3.1961709980059387e-11,5,falls
ENSG00000047849,MAP4,TRACKS_FIBROSIS,EFO_0003095,0.26107214652819505,7.77951672971054e-08,5,rises
ENSG00000103222,ABCC1,TRACKS_FIBROSIS,EFO_0003095,0.2610523920592152,8.807833228415654e-12,5,rises
ENSG00000184155,OR10J5,TRACKS_FIBROSIS,EFO_0003095,-0.26093792176114594,2.2237356852330386e-07,5,falls
ENSG00000035681,NSMAF,TRACKS_FIBROSIS,EFO_0003095,0.2608860527694915,3.018673559425428e-07,5,rises
ENSG00000167286,CD3D,TRACKS_FIBROSIS,EFO_0003095,0.2607747615518804,1.349570272139247e-09,5,rises
ENSG00000138944,SHISAL1,TRACKS_FIBROSIS,EFO_0003095,0.2607733790327404,2.290798095005884e-13,5,rises
ENSG00000128482,RNF112,TRACKS_FIBROSIS,EFO_0003095,0.26057208811889093,3.800983473317919e-14,5,rises
ENSG00000119698,PPP4R4,TRACKS_FIBROSIS,EFO_0003095,-0.26055834408862416,2.2212499007017644e-07,5,falls
ENSG00000114200,BCHE,TRACKS_FIBROSIS,EFO_0003095,-0.2605313586958159,6.176683780188986e-11,5,falls
ENSG00000204147,ASAH2B,TRACKS_FIBROSIS,EFO_0003095,-0.260496257350279,7.662200273876412e-07,5,falls
ENSG00000168005,SPINDOC,TRACKS_FIBROSIS,EFO_0003095,0.26048268702157135,4.429384394363716e-10,5,rises
ENSG00000136960,ENPP2,TRACKS_FIBROSIS,EFO_0003095,0.26041896166950396,1.867640287117033e-06,5,rises
ENSG00000069667,RORA,TRACKS_FIBROSIS,EFO_0003095,-0.26039254835380216,1.175650130642925e-06,5,falls
ENSG00000103550,KNOP1,TRACKS_FIBROSIS,EFO_0003095,0.2603493640347132,1.3896121194462612e-06,5,rises
ENSG00000090889,KIF4A,TRACKS_FIBROSIS,EFO_0003095,0.260307442303386,4.0983070544709035e-06,5,rises
ENSG00000166165,CKB,TRACKS_FIBROSIS,EFO_0003095,0.26024212220215365,1.952240484293755e-09,5,rises
ENSG00000135709,KIAA0513,TRACKS_FIBROSIS,EFO_0003095,0.26000538906317494,8.380434472147546e-11,5,rises
ENSG00000110880,CORO1C,TRACKS_FIBROSIS,EFO_0003095,0.2599921592565773,8.88747795306865e-07,5,rises
ENSG00000215018,COL28A1,TRACKS_FIBROSIS,EFO_0003095,-0.2599777123678952,4.498275955215938e-08,5,falls
ENSG00000136732,GYPC,TRACKS_FIBROSIS,EFO_0003095,0.25996511109246084,1.7447257656043486e-12,5,rises
ENSG00000119729,RHOQ,TRACKS_FIBROSIS,EFO_0003095,0.2597491732982908,9.324410955059368e-09,5,rises
ENSG00000183114,FAM43B,TRACKS_FIBROSIS,EFO_0003095,0.25973491409603594,5.297029360772148e-09,5,rises
ENSG00000174946,GPR171,TRACKS_FIBROSIS,EFO_0003095,0.2595214962945545,1.6978843662230747e-06,5,rises
ENSG00000136868,SLC31A1,TRACKS_FIBROSIS,EFO_0003095,-0.2594629669926722,1.8411625843671898e-07,5,falls
ENSG00000197013,ZNF429,TRACKS_FIBROSIS,EFO_0003095,-0.25940890768323505,1.2616956651281428e-05,5,falls
ENSG00000084234,APLP2,TRACKS_FIBROSIS,EFO_0003095,-0.25915588966178327,1.3708816418426655e-05,5,falls
ENSG00000102245,CD40LG,TRACKS_FIBROSIS,EFO_0003095,0.2590131535683528,4.5414098510703395e-10,5,rises
ENSG00000090020,SLC9A1,TRACKS_FIBROSIS,EFO_0003095,0.25899027409984604,3.2840384092168567e-18,5,rises
ENSG00000080503,SMARCA2,TRACKS_FIBROSIS,EFO_0003095,-0.25898210600171856,1.6722126253035343e-05,5,falls
ENSG00000188290,HES4,TRACKS_FIBROSIS,EFO_0003095,0.25887522673656904,8.380434472147546e-11,5,rises
ENSG00000160211,G6PD,TRACKS_FIBROSIS,EFO_0003095,0.2588657914130498,1.2038664703076305e-10,5,rises
ENSG00000176171,BNIP3,TRACKS_FIBROSIS,EFO_0003095,-0.2588576552059465,2.9554997098984164e-05,5,falls
ENSG00000158286,RNF207,TRACKS_FIBROSIS,EFO_0003095,0.2588202655610843,2.7201879097044848e-08,5,rises
ENSG00000006118,TMEM132A,TRACKS_FIBROSIS,EFO_0003095,0.2588045860837961,7.645453873619187e-13,5,rises
ENSG00000114416,FXR1,TRACKS_FIBROSIS,EFO_0003095,-0.25879163095848634,5.0329593877767525e-05,5,falls
ENSG00000113790,EHHADH,TRACKS_FIBROSIS,EFO_0003095,-0.2585709264595489,0.000373365422183357,5,falls
ENSG00000147324,MFHAS1,TRACKS_FIBROSIS,EFO_0003095,0.25852794872105506,6.41827483055047e-08,5,rises
ENSG00000101608,MYL12A,TRACKS_FIBROSIS,EFO_0003095,0.25850960247586496,5.608813162037492e-08,5,rises
ENSG00000138796,HADH,TRACKS_FIBROSIS,EFO_0003095,-0.25837975040334665,3.131877788193987e-08,5,falls
ENSG00000108960,MMD,TRACKS_FIBROSIS,EFO_0003095,0.2582976266249721,3.856437719418816e-05,5,rises
ENSG00000086102,NFX1,TRACKS_FIBROSIS,EFO_0003095,-0.25816644594610466,2.468708022981037e-05,5,falls
ENSG00000143851,PTPN7,TRACKS_FIBROSIS,EFO_0003095,0.25814267757206266,1.2240449146894986e-13,5,rises
ENSG00000167779,IGFBP6,TRACKS_FIBROSIS,EFO_0003095,0.2581267565263118,1.951420334699838e-10,5,rises
ENSG00000135063,ENTREP1,TRACKS_FIBROSIS,EFO_0003095,0.25808736500123225,2.366214688805568e-11,5,rises
ENSG00000072952,IRAG1,TRACKS_FIBROSIS,EFO_0003095,0.25807173875732753,7.21046195814956e-08,5,rises
ENSG00000149636,DSN1,TRACKS_FIBROSIS,EFO_0003095,0.25797389211631355,2.1838124025495872e-06,5,rises
ENSG00000204022,LIPJ,TRACKS_FIBROSIS,EFO_0003095,-0.2579453293005271,1.5822853450315109e-06,5,falls
ENSG00000115415,STAT1,TRACKS_FIBROSIS,EFO_0003095,0.2578753902009569,1.310830079452922e-05,5,rises
ENSG00000116774,OLFML3,TRACKS_FIBROSIS,EFO_0003095,0.2578433953567792,2.479180112880094e-08,5,rises
ENSG00000136371,MTHFS,TRACKS_FIBROSIS,EFO_0003095,-0.25779982344188374,1.3037773381775801e-06,5,falls
ENSG00000110243,APOA5,TRACKS_FIBROSIS,EFO_0003095,-0.2574371120677835,2.0166125508805015e-08,5,falls
ENSG00000180340,FZD2,TRACKS_FIBROSIS,EFO_0003095,0.25735352980439374,4.591465626257342e-07,5,rises
ENSG00000011422,PLAUR,TRACKS_FIBROSIS,EFO_0003095,0.2573085349574186,2.0699753402261025e-10,5,rises
ENSG00000163833,FBXO40,TRACKS_FIBROSIS,EFO_0003095,-0.25717421045128264,2.546008274883749e-06,5,falls
ENSG00000175471,MCTP1,TRACKS_FIBROSIS,EFO_0003095,0.25713608586443254,5.651876356144989e-05,5,rises
ENSG00000196735,HLA-DQA1,TRACKS_FIBROSIS,EFO_0003095,0.25695725030296124,1.9711194427938865e-05,5,rises
ENSG00000205358,MT1H,TRACKS_FIBROSIS,EFO_0003095,-0.2568871842728883,2.145941997783947e-07,5,falls
ENSG00000163599,CTLA4,TRACKS_FIBROSIS,EFO_0003095,0.25681434571025197,6.919619190584255e-06,5,rises
ENSG00000152104,PTPN14,TRACKS_FIBROSIS,EFO_0003095,0.2567175808035882,1.1708670696902276e-11,5,rises
ENSG00000225614,ZNF469,TRACKS_FIBROSIS,EFO_0003095,0.25663178838077993,3.121709288244441e-13,5,rises
ENSG00000172243,CLEC7A,TRACKS_FIBROSIS,EFO_0003095,0.25634584958319495,1.6673855104376726e-05,5,rises
ENSG00000111424,VDR,TRACKS_FIBROSIS,EFO_0003095,0.2563239531322157,7.615741067616842e-11,5,rises
ENSG00000040633,PHF23,TRACKS_FIBROSIS,EFO_0003095,0.25630438380401294,8.400602801626108e-07,5,rises
ENSG00000008256,CYTH3,TRACKS_FIBROSIS,EFO_0003095,0.2562897068078608,3.1197358382002443e-09,5,rises
ENSG00000146070,PLA2G7,TRACKS_FIBROSIS,EFO_0003095,0.25626135379604636,2.2913994561591823e-09,5,rises
ENSG00000159314,ARHGAP27,TRACKS_FIBROSIS,EFO_0003095,0.25624812398944863,9.908637039089411e-15,5,rises
ENSG00000183780,SLC35F3,TRACKS_FIBROSIS,EFO_0003095,0.2561830683521266,3.7012484728135775e-10,5,rises
ENSG00000153814,JAZF1,TRACKS_FIBROSIS,EFO_0003095,0.25614047949825586,8.361718082688218e-06,5,rises
ENSG00000136826,KLF4,TRACKS_FIBROSIS,EFO_0003095,0.25612905573007,9.929291982861847e-06,5,rises
ENSG00000174996,KLC2,TRACKS_FIBROSIS,EFO_0003095,0.2560989058578836,5.180318859271779e-12,5,rises
ENSG00000196660,SLC30A10,TRACKS_FIBROSIS,EFO_0003095,-0.2557850807585317,1.887490680875724e-07,5,falls
ENSG00000135205,CCDC146,TRACKS_FIBROSIS,EFO_0003095,0.2557453913387388,6.937942876400745e-13,5,rises
ENSG00000161813,LARP4,TRACKS_FIBROSIS,EFO_0003095,-0.25560238714240835,7.097549878818013e-07,5,falls
ENSG00000165821,SALL2,TRACKS_FIBROSIS,EFO_0003095,0.25553182281267783,2.5720622396520537e-12,5,rises
ENSG00000113389,NPR3,TRACKS_FIBROSIS,EFO_0003095,0.2554483842082455,7.040568597487305e-08,5,rises
ENSG00000107819,SFXN3,TRACKS_FIBROSIS,EFO_0003095,0.25538996930218366,4.3741929498822225e-11,5,rises
ENSG00000155366,RHOC,TRACKS_FIBROSIS,EFO_0003095,0.25536016371822823,3.1068167734244807e-09,5,rises
ENSG00000154978,VOPP1,TRACKS_FIBROSIS,EFO_0003095,0.2552586478281762,2.6225072668493382e-08,5,rises
ENSG00000135111,TBX3,TRACKS_FIBROSIS,EFO_0003095,-0.2552094141379927,8.100768566850836e-06,5,falls
ENSG00000163519,TRAT1,TRACKS_FIBROSIS,EFO_0003095,0.25510542012871534,9.397562034848966e-08,5,rises
ENSG00000140403,DNAJA4,TRACKS_FIBROSIS,EFO_0003095,0.2550849700403765,2.3402494479731213e-05,5,rises
ENSG00000185989,RASA3,TRACKS_FIBROSIS,EFO_0003095,0.25508390100885747,5.645110542426893e-17,5,rises
ENSG00000176435,CLEC14A,TRACKS_FIBROSIS,EFO_0003095,0.25504652800303257,2.914935250468488e-10,5,rises
ENSG00000146535,GNA12,TRACKS_FIBROSIS,EFO_0003095,0.25498834648237517,4.741311726288809e-11,5,rises
ENSG00000175711,QTGAL,TRACKS_FIBROSIS,EFO_0003095,0.25494431549391894,7.42550994744673e-10,5,rises
ENSG00000189067,LITAF,TRACKS_FIBROSIS,EFO_0003095,0.254904750663426,5.809304024739641e-10,5,rises
ENSG00000138646,HERC5,TRACKS_FIBROSIS,EFO_0003095,-0.254804884030474,8.446450619043441e-09,5,falls
ENSG00000196123,MATCAP1,TRACKS_FIBROSIS,EFO_0003095,0.2546948065593333,7.003280704671544e-07,5,rises
ENSG00000177791,MYOZ1,TRACKS_FIBROSIS,EFO_0003095,0.25459885017618444,5.088584853364935e-06,5,rises
ENSG00000197905,TEAD4,TRACKS_FIBROSIS,EFO_0003095,0.25459329066928127,4.8085377251636613e-11,5,rises
ENSG00000099991,CABIN1,TRACKS_FIBROSIS,EFO_0003095,0.2545076748583941,4.6029918701457476e-07,5,rises
ENSG00000141934,PLPP2,TRACKS_FIBROSIS,EFO_0003095,0.25447941864460627,2.4823277390245726e-19,5,rises
ENSG00000139146,SINHCAF,TRACKS_FIBROSIS,EFO_0003095,0.254335220153607,1.5284352842357826e-10,5,rises
ENSG00000157110,RBPMS,TRACKS_FIBROSIS,EFO_0003095,0.25432788010106006,0.00017434013867221118,5,rises
ENSG00000111700,SLCO1B3,TRACKS_FIBROSIS,EFO_0003095,-0.2542737175616745,1.020001468304125e-07,5,falls
ENSG00000187187,ZNF546,TRACKS_FIBROSIS,EFO_0003095,-0.25411297875146927,6.335481020820353e-08,5,falls
ENSG00000153790,SPMIP4,TRACKS_FIBROSIS,EFO_0003095,0.2540300935375454,8.628693595895636e-08,5,rises
ENSG00000163545,NUAK2,TRACKS_FIBROSIS,EFO_0003095,0.2540122866744496,3.500159400069938e-09,5,rises
ENSG00000139537,DRC2,TRACKS_FIBROSIS,EFO_0003095,0.25396676977267807,1.565961686528838e-06,5,rises
ENSG00000159128,IFNGR2,TRACKS_FIBROSIS,EFO_0003095,0.2539572875026906,1.5240092488293876e-08,5,rises
ENSG00000122966,CIT,TRACKS_FIBROSIS,EFO_0003095,0.2539329078348639,1.4605420507543613e-14,5,rises
ENSG00000164088,PPM1M,TRACKS_FIBROSIS,EFO_0003095,0.25393160275942445,7.548039824796235e-12,5,rises
ENSG00000116785,CFHR3,TRACKS_FIBROSIS,EFO_0003095,-0.2538340086225375,1.0274446149793685e-06,5,falls
ENSG00000113205,PCDHB3,TRACKS_FIBROSIS,EFO_0003095,0.25377260357949954,0.00047676888821131426,5,rises
ENSG00000027869,SH2D2A,TRACKS_FIBROSIS,EFO_0003095,0.2537299624643149,1.4474280571579718e-11,5,rises
ENSG00000117266,CDK18,TRACKS_FIBROSIS,EFO_0003095,0.2537261248132951,1.660575952688852e-11,5,rises
ENSG00000197658,SLC22A24,TRACKS_FIBROSIS,EFO_0003095,-0.25356247325013026,9.027380911003605e-05,5,falls
ENSG00000164111,ANXA5,TRACKS_FIBROSIS,EFO_0003095,0.25350474678800106,5.430432890095444e-07,5,rises
ENSG00000206432,TMEM200C,TRACKS_FIBROSIS,EFO_0003095,0.2534608029892791,1.0065700448663217e-10,5,rises
ENSG00000115318,LOXL3,TRACKS_FIBROSIS,EFO_0003095,0.2532711013459421,8.902203610971671e-11,5,rises
ENSG00000113494,PRLR,TRACKS_FIBROSIS,EFO_0003095,-0.2532295968662283,3.848560851960799e-05,5,falls
ENSG00000139832,RAB20,TRACKS_FIBROSIS,EFO_0003095,0.2530856383367816,1.0001008950604334e-05,5,rises
ENSG00000184384,MAML2,TRACKS_FIBROSIS,EFO_0003095,0.2529274425334442,2.5765512857685885e-09,5,rises
ENSG00000197948,FCHSD1,TRACKS_FIBROSIS,EFO_0003095,0.25291032844384126,3.869046987676585e-10,5,rises
ENSG00000126878,AIF1L,TRACKS_FIBROSIS,EFO_0003095,0.25272184805730824,1.0181481247797692e-12,5,rises
ENSG00000173262,SLC2A14,TRACKS_FIBROSIS,EFO_0003095,0.2526959568172535,2.6803571698106874e-12,5,rises
ENSG00000175040,CHST2,TRACKS_FIBROSIS,EFO_0003095,0.25262315698169874,6.600304843862003e-07,5,rises
ENSG00000197279,ZNF165,TRACKS_FIBROSIS,EFO_0003095,0.252606522949294,8.501424481001009e-07,5,rises
ENSG00000175664,TEX26,TRACKS_FIBROSIS,EFO_0003095,0.2525664729000718,1.2215411680151732e-06,5,rises
ENSG00000091592,NLRP1,TRACKS_FIBROSIS,EFO_0003095,0.25248347247241787,6.791114209583174e-08,5,rises
ENSG00000110395,CBL,TRACKS_FIBROSIS,EFO_0003095,0.25245116949592955,1.366031691593472e-05,5,rises
ENSG00000137496,IL18BP,TRACKS_FIBROSIS,EFO_0003095,0.2524247644878095,1.0511682890941692e-08,5,rises
ENSG00000159399,HK2,TRACKS_FIBROSIS,EFO_0003095,0.252361483309868,6.075353871233597e-07,5,rises
ENSG00000121211,MND1,TRACKS_FIBROSIS,EFO_0003095,0.25217334355737936,1.321458906525841e-09,5,rises
ENSG00000095777,MYO3A,TRACKS_FIBROSIS,EFO_0003095,0.2521647862560298,5.6265939172726336e-08,5,rises
ENSG00000030110,BAK1,TRACKS_FIBROSIS,EFO_0003095,0.25216299503441886,4.320465981190286e-11,5,rises
ENSG00000108654,DDX5,TRACKS_FIBROSIS,EFO_0003095,0.2521580540335489,3.2786174990041676e-12,5,rises
ENSG00000198851,CD3E,TRACKS_FIBROSIS,EFO_0003095,0.25206750510459836,5.623303206931704e-10,5,rises
ENSG00000105443,CYTH2,TRACKS_FIBROSIS,EFO_0003095,0.2520178360886162,7.848429713185204e-14,5,rises
ENSG00000082512,TRAF5,TRACKS_FIBROSIS,EFO_0003095,0.25195632369395515,3.773850083919182e-11,5,rises
ENSG00000177674,AGTRAP,TRACKS_FIBROSIS,EFO_0003095,0.25173675993965766,3.806975484713418e-05,5,rises
ENSG00000254709,IGLL5,TRACKS_FIBROSIS,EFO_0003095,0.25166734665224544,1.2675156206510138e-09,5,rises
ENSG00000087074,PPP1R15A,TRACKS_FIBROSIS,EFO_0003095,0.25166734665224544,2.948717372752574e-08,5,rises
ENSG00000118298,CA14,TRACKS_FIBROSIS,EFO_0003095,-0.25157716796002605,3.2256524016551733e-07,5,falls
ENSG00000185432,TMT1A,TRACKS_FIBROSIS,EFO_0003095,-0.25145283285750714,3.5663469686557536e-06,5,falls
ENSG00000159713,TPPP3,TRACKS_FIBROSIS,EFO_0003095,0.25135377360374134,2.5379783936016e-09,5,rises
ENSG00000143839,REN,TRACKS_FIBROSIS,EFO_0003095,-0.2513236441907696,0.0001843042069154524,5,falls
ENSG00000188559,RALGAPA2,TRACKS_FIBROSIS,EFO_0003095,-0.2512883379085383,2.6899139381792638e-05,5,falls
ENSG00000095203,EPB41L4B,TRACKS_FIBROSIS,EFO_0003095,-0.25125343887109663,5.0860677096287523e-05,5,falls
ENSG00000103522,IL21R,TRACKS_FIBROSIS,EFO_0003095,0.2512056498534784,2.1268015792223795e-10,5,rises
ENSG00000101335,MYL9,TRACKS_FIBROSIS,EFO_0003095,0.25112256748069056,4.652662110759744e-09,5,rises
ENSG00000154269,ENPP3,TRACKS_FIBROSIS,EFO_0003095,-0.25106469617771543,3.298632068733045e-10,5,falls
ENSG00000162745,OLFML2B,TRACKS_FIBROSIS,EFO_0003095,0.2510203090974777,8.363725938894583e-07,5,rises
ENSG00000160796,NBEAL2,TRACKS_FIBROSIS,EFO_0003095,0.25096440337067616,1.4764972299820416e-17,5,rises
ENSG00000155465,SLC7A7,TRACKS_FIBROSIS,EFO_0003095,0.25092189801540127,7.450971299127412e-05,5,rises
ENSG00000203780,FANK1,TRACKS_FIBROSIS,EFO_0003095,0.25091568647081963,1.6228350123653037e-07,5,rises
ENSG00000113140,SPARC,TRACKS_FIBROSIS,EFO_0003095,0.250837133091019,6.914489279340062e-07,5,rises
ENSG00000254858,MPV17L2,TRACKS_FIBROSIS,EFO_0003095,0.25073129463823796,3.059327559034585e-05,5,rises
ENSG00000106992,AK1,TRACKS_FIBROSIS,EFO_0003095,0.25066514560524983,3.601923425391994e-07,5,rises
ENSG00000183484,GPR132,TRACKS_FIBROSIS,EFO_0003095,0.250581578387709,2.1530392773054762e-12,5,rises
ENSG00000108219,TSPAN14,TRACKS_FIBROSIS,EFO_0003095,0.2505196177326759,6.636842847360699e-06,5,rises
ENSG00000166928,MS4A14,TRACKS_FIBROSIS,EFO_0003095,0.2504299160941374,1.5762857238194684e-06,5,rises
ENSG00000152700,SAR1B,TRACKS_FIBROSIS,EFO_0003095,-0.25035035604285216,1.4123716560656218e-05,5,falls
ENSG00000002834,LASP1,TRACKS_FIBROSIS,EFO_0003095,0.25026825140732095,1.6533951070628843e-10,5,rises
ENSG00000140044,JDP2,TRACKS_FIBROSIS,EFO_0003095,0.2502550216007234,1.115362018648328e-07,5,rises
ENSG00000131477,RAMP2,TRACKS_FIBROSIS,EFO_0003095,0.25024400747621084,8.100768566850836e-06,5,rises
ENSG00000116711,PLA2G4A,TRACKS_FIBROSIS,EFO_0003095,0.25022906669908157,4.780662975817543e-05,5,rises
ENSG00000101298,SNPH,TRACKS_FIBROSIS,EFO_0003095,0.25020210237433294,3.299463154101378e-08,5,rises
ENSG00000198246,SLC29A3,TRACKS_FIBROSIS,EFO_0003095,0.24992945663815516,2.679373888941543e-09,5,rises
ENSG00000169413,RNASE6,TRACKS_FIBROSIS,EFO_0003095,0.24974412608867885,9.889916118388539e-09,5,rises
ENSG00000153487,ING1,TRACKS_FIBROSIS,EFO_0003095,-0.2496483660490384,2.047796445901182e-06,5,falls
ENSG00000132768,DPH2,TRACKS_FIBROSIS,EFO_0003095,0.24961999088403727,3.103753659403906e-05,5,rises
ENSG00000163884,KLF15,TRACKS_FIBROSIS,EFO_0003095,-0.2494612332048657,2.1712693110578546e-05,5,falls
ENSG00000112159,MDN1,TRACKS_FIBROSIS,EFO_0003095,-0.24943477359167054,4.219848189370614e-07,5,falls
ENSG00000150551,LYPD1,TRACKS_FIBROSIS,EFO_0003095,0.24935984932884786,6.9612180815856855e-12,5,rises
ENSG00000205220,PSMB10,TRACKS_FIBROSIS,EFO_0003095,0.24935539475208465,0.002399801114426756,5,rises
ENSG00000163735,CXCL5,TRACKS_FIBROSIS,EFO_0003095,0.24926664305276797,1.2650454027407244e-07,5,rises
ENSG00000072786,STK10,TRACKS_FIBROSIS,EFO_0003095,0.24925546897756395,4.772501604599803e-11,5,rises
ENSG00000150347,ARID5B,TRACKS_FIBROSIS,EFO_0003095,0.24911369163795738,2.489335434296486e-09,5,rises
ENSG00000132514,CLEC10A,TRACKS_FIBROSIS,EFO_0003095,0.2490378793937416,3.25556362850718e-07,5,rises
ENSG00000173950,XXYLT1,TRACKS_FIBROSIS,EFO_0003095,0.24894527074755826,1.5136643089504606e-07,5,rises
ENSG00000145860,RNF145,TRACKS_FIBROSIS,EFO_0003095,0.2488923515211677,1.4027496056618894e-05,5,rises
ENSG00000164181,ELOVL7,TRACKS_FIBROSIS,EFO_0003095,0.24887655982781953,1.5501649878931494e-11,5,rises
ENSG00000107281,NPDC1,TRACKS_FIBROSIS,EFO_0003095,0.2488658919079725,1.1026806669896015e-09,5,rises
ENSG00000148057,IDNK,TRACKS_FIBROSIS,EFO_0003095,-0.24886589190797245,6.418628259738655e-10,5,falls
ENSG00000183508,TENT5C,TRACKS_FIBROSIS,EFO_0003095,0.24872036403539857,5.1008547556539854e-05,5,rises
ENSG00000131781,FMO5,TRACKS_FIBROSIS,EFO_0003095,-0.24871453389721887,9.085322837228844e-07,5,falls
ENSG00000106927,AMBP,TRACKS_FIBROSIS,EFO_0003095,-0.24866000415121634,2.659921811074315e-06,5,falls
ENSG00000213614,HEXA,TRACKS_FIBROSIS,EFO_0003095,0.24861119165429046,2.1179921658009037e-06,5,rises
ENSG00000116514,RNF19B,TRACKS_FIBROSIS,EFO_0003095,0.24852887306292518,1.4995868608493682e-05,5,rises
ENSG00000078246,TULP3,TRACKS_FIBROSIS,EFO_0003095,0.24850749735756764,6.558793672083393e-06,5,rises
ENSG00000131171,SH3BGRL,TRACKS_FIBROSIS,EFO_0003095,0.2484244356484854,8.924746296562144e-05,5,rises
ENSG00000184922,FMNL1,TRACKS_FIBROSIS,EFO_0003095,0.2483568187634423,6.409565986114284e-17,5,rises
ENSG00000070190,DAPP1,TRACKS_FIBROSIS,EFO_0003095,0.24833669964406738,6.789533381330104e-07,5,rises
ENSG00000106952,TNFSF8,TRACKS_FIBROSIS,EFO_0003095,0.2483153761564803,7.658304852993601e-06,5,rises
ENSG00000171766,GATM,TRACKS_FIBROSIS,EFO_0003095,-0.24822086719459927,2.7442394739958446e-06,5,falls
ENSG00000130224,LRCH2,TRACKS_FIBROSIS,EFO_0003095,0.2479850093535657,2.3714923269341203e-09,5,rises
ENSG00000139445,FOXN4,TRACKS_FIBROSIS,EFO_0003095,0.24788692393827946,3.7047681567095333e-09,5,rises
ENSG00000143514,TP53BP2,TRACKS_FIBROSIS,EFO_0003095,0.24782301798082115,4.766286758181525e-07,5,rises
ENSG00000117115,PADI2,TRACKS_FIBROSIS,EFO_0003095,0.24779424596856406,2.031351602616141e-06,5,rises
ENSG00000181690,PLAG1,TRACKS_FIBROSIS,EFO_0003095,-0.24776079258293515,5.993149568612938e-06,5,falls
ENSG00000001084,GCLC,TRACKS_FIBROSIS,EFO_0003095,-0.24771106437805998,2.6020391721685155e-06,5,falls
ENSG00000154358,OBSCN,TRACKS_FIBROSIS,EFO_0003095,0.2474871783656426,6.726123420322897e-09,5,rises
ENSG00000111199,TRPV4,TRACKS_FIBROSIS,EFO_0003095,0.24745293204128774,2.0290269591704027e-05,5,rises
ENSG00000113088,GZMK,TRACKS_FIBROSIS,EFO_0003095,0.24745030260202627,2.420300441936484e-06,5,rises
ENSG00000074181,NOTCH3,TRACKS_FIBROSIS,EFO_0003095,0.24744192429417364,3.937176958652614e-10,5,rises
ENSG00000142230,SAE1,TRACKS_FIBROSIS,EFO_0003095,0.2473973833756358,2.7127289453897835e-06,5,rises
ENSG00000151726,ACSL1,TRACKS_FIBROSIS,EFO_0003095,-0.2473446436036723,4.0087122698097094e-11,5,falls
ENSG00000113108,APBB3,TRACKS_FIBROSIS,EFO_0003095,0.24730447299843747,4.329126185776431e-09,5,rises
ENSG00000175352,NRIP3,TRACKS_FIBROSIS,EFO_0003095,0.24730330407067336,2.3020413877530346e-07,5,rises
ENSG00000110237,ARHGEF17,TRACKS_FIBROSIS,EFO_0003095,0.24719119227657538,1.918317200559193e-10,5,rises
ENSG00000142185,TRPM2,TRACKS_FIBROSIS,EFO_0003095,0.24700772982467423,9.80150983295139e-12,5,rises
ENSG00000117632,STMN1,TRACKS_FIBROSIS,EFO_0003095,0.2468801532416937,5.343835254538035e-09,5,rises
ENSG00000174705,SH3PXD2B,TRACKS_FIBROSIS,EFO_0003095,0.24682421989512177,1.300619908408981e-07,5,rises
ENSG00000182022,CHST15,TRACKS_FIBROSIS,EFO_0003095,0.2467498736510431,4.8465771368159276e-09,5,rises
ENSG00000162704,ARPC5,TRACKS_FIBROSIS,EFO_0003095,0.24670296081887244,6.014970910779136e-06,5,rises
ENSG00000173559,NABP1,TRACKS_FIBROSIS,EFO_0003095,0.24657042428439935,5.741392402449396e-07,5,rises
ENSG00000177138,FAM9B,TRACKS_FIBROSIS,EFO_0003095,-0.24648452672039958,2.022207773788246e-05,5,falls
ENSG00000108947,EFNB3,TRACKS_FIBROSIS,EFO_0003095,0.2464722707415949,2.9112478283568026e-10,5,rises
ENSG00000162849,KIF26B,TRACKS_FIBROSIS,EFO_0003095,0.24646842001274535,0.00011423170163927748,5,rises
ENSG00000177311,ZBTB38,TRACKS_FIBROSIS,EFO_0003095,0.24641837768741134,6.905207284159188e-06,5,rises
ENSG00000133639,BTG1,TRACKS_FIBROSIS,EFO_0003095,0.24641837768741134,0.0033196861375743196,5,rises
ENSG00000237649,KIFC1,TRACKS_FIBROSIS,EFO_0003095,0.24635359231914933,1.9859477504135997e-07,5,rises
ENSG00000196507,TCEAL3,TRACKS_FIBROSIS,EFO_0003095,0.24627724395654307,9.655945327547132e-05,5,rises
ENSG00000079156,OSBPL6,TRACKS_FIBROSIS,EFO_0003095,-0.24621993058844702,1.7995592275137308e-09,5,falls
ENSG00000171428,NAT1,TRACKS_FIBROSIS,EFO_0003095,-0.24602148348948255,1.0203935194737638e-11,5,falls
ENSG00000158639,PAGE5,TRACKS_FIBROSIS,EFO_0003095,-0.2459510593197589,3.1262356107337217e-07,5,falls
ENSG00000206560,ANKRD28,TRACKS_FIBROSIS,EFO_0003095,-0.24593787923076996,4.051563127950124e-06,5,falls
ENSG00000184937,WT1,TRACKS_FIBROSIS,EFO_0003095,0.2457658122045015,2.446832008048412e-06,5,rises
ENSG00000177494,ZBED2,TRACKS_FIBROSIS,EFO_0003095,0.24575182629661177,0.0001846186029623483,5,rises
ENSG00000169994,MYO7B,TRACKS_FIBROSIS,EFO_0003095,0.245728096251991,2.06878776925594e-07,5,rises
ENSG00000168280,KIF5C,TRACKS_FIBROSIS,EFO_0003095,0.24569576715851885,1.1627699788550469e-08,5,rises
ENSG00000168071,CCDC88B,TRACKS_FIBROSIS,EFO_0003095,0.24561463827323796,2.2988302625859034e-17,5,rises
ENSG00000133138,TBC1D8B,TRACKS_FIBROSIS,EFO_0003095,-0.24560197599539443,0.000445926261966349,5,falls
ENSG00000175463,TBC1D10C,TRACKS_FIBROSIS,EFO_0003095,0.24557549961683234,4.78411106940722e-15,5,rises
ENSG00000164620,RELL2,TRACKS_FIBROSIS,EFO_0003095,0.24545563748159027,4.336360732017934e-08,5,rises
ENSG00000261115,TMEM178B,TRACKS_FIBROSIS,EFO_0003095,0.24537771771481462,9.404138457056111e-12,5,rises
ENSG00000197894,ADH5,TRACKS_FIBROSIS,EFO_0003095,-0.2452806143200154,2.230000329474963e-05,5,falls
ENSG00000101349,PAK5,TRACKS_FIBROSIS,EFO_0003095,0.24527004864670163,1.6444958872158527e-06,5,rises
ENSG00000120949,TNFRSF8,TRACKS_FIBROSIS,EFO_0003095,0.24513284257030965,8.41957903830359e-07,5,rises
ENSG00000164124,TMEM144,TRACKS_FIBROSIS,EFO_0003095,0.24508239360527903,1.3982202457709465e-08,5,rises
ENSG00000136011,STAB2,TRACKS_FIBROSIS,EFO_0003095,-0.24492237328806418,2.3773243695969603e-08,5,falls
ENSG00000182551,ADI1,TRACKS_FIBROSIS,EFO_0003095,-0.2449150347899882,3.0793590373594155e-10,5,falls
ENSG00000164237,CMBL,TRACKS_FIBROSIS,EFO_0003095,-0.24489842428017713,5.027081132290495e-06,5,falls
ENSG00000205593,DENND6B,TRACKS_FIBROSIS,EFO_0003095,0.24463494878008574,1.0765461546952913e-12,5,rises
ENSG00000109846,CRYAB,TRACKS_FIBROSIS,EFO_0003095,0.24454649800923015,5.18396467592935e-06,5,rises
ENSG00000128641,MYO1B,TRACKS_FIBROSIS,EFO_0003095,-0.24443982963859923,0.00016454576157271878,5,falls
ENSG00000187097,ENTPD5,TRACKS_FIBROSIS,EFO_0003095,-0.24442920874658794,5.22878202786541e-05,5,falls
ENSG00000168394,TAP1,TRACKS_FIBROSIS,EFO_0003095,0.2443914156341383,6.113558563849289e-10,5,rises
ENSG00000169860,P2RY1,TRACKS_FIBROSIS,EFO_0003095,0.2443565165966967,2.71035970110627e-06,5,rises
ENSG00000135679,MDM2,TRACKS_FIBROSIS,EFO_0003095,0.24427520581242507,4.262041040222501e-06,5,rises
ENSG00000134851,TMEM165,TRACKS_FIBROSIS,EFO_0003095,0.24406347211303364,4.4606631668279644e-07,5,rises
ENSG00000182492,BGN,TRACKS_FIBROSIS,EFO_0003095,0.24404154618817792,1.9558081661281762e-14,5,rises
ENSG00000134716,CYP2J2,TRACKS_FIBROSIS,EFO_0003095,-0.24403563810387524,1.165769190403744e-10,5,falls
ENSG00000188042,ARL4C,TRACKS_FIBROSIS,EFO_0003095,0.24390347459203182,4.391018079685019e-11,5,rises
ENSG00000139160,ETFBKMT,TRACKS_FIBROSIS,EFO_0003095,-0.24385179520747158,1.2442408236703344e-07,5,falls
ENSG00000136059,VILL,TRACKS_FIBROSIS,EFO_0003095,0.24356842039303359,6.478238022893728e-13,5,rises
ENSG00000102445,RUBCNL,TRACKS_FIBROSIS,EFO_0003095,0.24353427984912857,0.0015104952707809623,5,rises
ENSG00000198732,SMOC1,TRACKS_FIBROSIS,EFO_0003095,-0.24350782023593331,2.019908014475872e-06,5,falls
ENSG00000138115,CYP2C8,TRACKS_FIBROSIS,EFO_0003095,-0.24349136616323508,3.6173275555858817e-12,5,falls
ENSG00000111816,FRK,TRACKS_FIBROSIS,EFO_0003095,-0.24336353113232131,0.0015493463765729098,5,falls
ENSG00000173208,ABCD2,TRACKS_FIBROSIS,EFO_0003095,0.24336229236335938,6.781543612640801e-07,5,rises
ENSG00000127191,TRAF2,TRACKS_FIBROSIS,EFO_0003095,0.24335193469979016,6.970283701229624e-10,5,rises
ENSG00000164109,MAD2L1,TRACKS_FIBROSIS,EFO_0003095,0.24332013454146062,2.15854568488863e-05,5,rises
ENSG00000155265,GOLGA7B,TRACKS_FIBROSIS,EFO_0003095,0.24317707507099257,4.4885905282891753e-14,5,rises
ENSG00000105372,RPS19,TRACKS_FIBROSIS,EFO_0003095,0.2431706330432565,1.7308152721696289e-06,5,rises
ENSG00000047644,WWC3,TRACKS_FIBROSIS,EFO_0003095,0.24316384526439505,4.037844134113797e-08,5,rises
ENSG00000151892,GFRA1,TRACKS_FIBROSIS,EFO_0003095,-0.24315061545779734,1.3317548577277488e-06,5,falls
ENSG00000124920,MYRF,TRACKS_FIBROSIS,EFO_0003095,0.24313055667449615,1.5103523888261384e-08,5,rises
ENSG00000116852,KIF21B,TRACKS_FIBROSIS,EFO_0003095,0.24302537153540613,3.9769515392773627e-14,5,rises
ENSG00000185862,EVI2B,TRACKS_FIBROSIS,EFO_0003095,0.24296491747871213,4.807169712305922e-05,5,rises
ENSG00000162711,NLRP3,TRACKS_FIBROSIS,EFO_0003095,0.242962736288872,2.8127847110944793e-07,5,rises
ENSG00000171988,JMJD1C,TRACKS_FIBROSIS,EFO_0003095,-0.24279341067966143,1.963451856694063e-05,5,falls
ENSG00000079101,CLUL1,TRACKS_FIBROSIS,EFO_0003095,0.24278051268579337,0.00013052656180161587,5,rises
ENSG00000176635,HORMAD2,TRACKS_FIBROSIS,EFO_0003095,-0.24268902370692058,2.842261236313411e-08,5,falls
ENSG00000182199,SHMT2,TRACKS_FIBROSIS,EFO_0003095,-0.24247633095452942,1.7390267777525856e-06,5,falls
ENSG00000147251,DOCK11,TRACKS_FIBROSIS,EFO_0003095,0.24247196857484918,9.088464453588736e-06,5,rises
ENSG00000118271,TTR,TRACKS_FIBROSIS,EFO_0003095,-0.24241016078003083,3.6225598505130964e-08,5,falls
ENSG00000166503,HDGFL3,TRACKS_FIBROSIS,EFO_0003095,0.24234656046337177,2.8991960378507243e-08,5,rises
ENSG00000170312,CDK1,TRACKS_FIBROSIS,EFO_0003095,0.2423441864416392,2.9740663092751887e-05,5,rises
ENSG00000133958,UNC79,TRACKS_FIBROSIS,EFO_0003095,-0.24232801004540253,1.3508684710367855e-05,5,falls
ENSG00000171848,RRM2,TRACKS_FIBROSIS,EFO_0003095,0.24226421841575635,1.3384573279870924e-07,5,rises
ENSG00000189056,RELN,TRACKS_FIBROSIS,EFO_0003095,-0.24193860956995317,3.848559024746422e-07,5,falls
ENSG00000165359,INTS6L,TRACKS_FIBROSIS,EFO_0003095,0.24183832030718455,1.7975749478663814e-11,5,rises
ENSG00000108559,NUP88,TRACKS_FIBROSIS,EFO_0003095,-0.24180117518483932,5.934969690139236e-09,5,falls
ENSG00000187193,MT1X,TRACKS_FIBROSIS,EFO_0003095,-0.24168210692546074,2.0989781302051088e-07,5,falls
ENSG00000112796,ENPP5,TRACKS_FIBROSIS,EFO_0003095,0.2415361504997841,3.2028921905668685e-13,5,rises
ENSG00000025423,HSD17B6,TRACKS_FIBROSIS,EFO_0003095,-0.2415084634434981,2.755018584615524e-06,5,falls
ENSG00000101323,HAO1,TRACKS_FIBROSIS,EFO_0003095,-0.24135136176052002,5.302825454041349e-09,5,falls
ENSG00000107897,ACBD5,TRACKS_FIBROSIS,EFO_0003095,-0.24132490214732477,3.1261878343789527e-06,5,falls
ENSG00000215788,TNFRSF25,TRACKS_FIBROSIS,EFO_0003095,0.24128981674042096,3.608050467766647e-09,5,rises
ENSG00000117602,RCAN3,TRACKS_FIBROSIS,EFO_0003095,0.24116328445313284,9.779420073513459e-12,5,rises
ENSG00000132465,JCHAIN,TRACKS_FIBROSIS,EFO_0003095,0.2410941234583931,1.5551483360447744e-08,5,rises
ENSG00000136404,TM6SF1,TRACKS_FIBROSIS,EFO_0003095,0.24102061659557938,2.725110092544811e-08,5,rises
ENSG00000064787,BCAS1,TRACKS_FIBROSIS,EFO_0003095,0.24101484271889373,2.934935387941809e-05,5,rises
ENSG00000024526,DEPDC1,TRACKS_FIBROSIS,EFO_0003095,0.24083539930321257,4.628005297617907e-06,5,rises
ENSG00000080200,CRYBG3,TRACKS_FIBROSIS,EFO_0003095,0.24083303161828887,1.147438019591925e-06,5,rises
ENSG00000175287,PHYHD1,TRACKS_FIBROSIS,EFO_0003095,-0.24080217412475086,3.759388576823646e-05,5,falls
ENSG00000112578,BYSL,TRACKS_FIBROSIS,EFO_0003095,0.24078590653919912,0.00010693181257278352,5,rises
ENSG00000110675,ELMOD1,TRACKS_FIBROSIS,EFO_0003095,-0.240772995249389,2.5642569088738735e-07,5,falls
ENSG00000237172,B3GNT9,TRACKS_FIBROSIS,EFO_0003095,0.24076925027022442,3.3301251299538547e-12,5,rises
ENSG00000144445,KANSL1L,TRACKS_FIBROSIS,EFO_0003095,-0.2407500644211075,3.725296888736001e-06,5,falls
ENSG00000163947,ARHGEF3,TRACKS_FIBROSIS,EFO_0003095,0.2404781945250766,5.560104187815548e-08,5,rises
ENSG00000111907,TPD52L1,TRACKS_FIBROSIS,EFO_0003095,-0.24033266665250266,1.593330726753535e-05,5,falls
ENSG00000133731,IMPA1,TRACKS_FIBROSIS,EFO_0003095,-0.2402665176195145,1.2989738868809467e-07,5,falls
ENSG00000180398,MCFD2,TRACKS_FIBROSIS,EFO_0003095,-0.24026581907818342,9.44958622387161e-07,5,falls
ENSG00000115526,CHST10,TRACKS_FIBROSIS,EFO_0003095,0.24013662396800567,4.66375374652509e-06,5,rises
ENSG00000143515,ATP8B2,TRACKS_FIBROSIS,EFO_0003095,0.240031264320379,3.932280843938762e-13,5,rises
ENSG00000215045,GRID2IP,TRACKS_FIBROSIS,EFO_0003095,0.24001904540612892,6.137244978097047e-05,5,rises
ENSG00000135604,STX11,TRACKS_FIBROSIS,EFO_0003095,0.2400177000141221,5.976339096728945e-08,5,rises
ENSG00000143507,DUSP10,TRACKS_FIBROSIS,EFO_0003095,-0.24000940524537498,2.096225917793612e-06,5,falls
ENSG00000145332,KLHL8,TRACKS_FIBROSIS,EFO_0003095,-0.23994900226117144,7.878395737145997e-08,5,falls
ENSG00000113083,LOX,TRACKS_FIBROSIS,EFO_0003095,0.23993577245457387,1.1845924581160626e-06,5,rises
ENSG00000174099,MSRB3,TRACKS_FIBROSIS,EFO_0003095,0.23992064008781827,1.2584134094615686e-07,5,rises
ENSG00000138709,LARP1B,TRACKS_FIBROSIS,EFO_0003095,-0.23982993400179284,1.1414269636895861e-09,5,falls
ENSG00000146416,AIG1,TRACKS_FIBROSIS,EFO_0003095,-0.2398034743885976,4.885998293554079e-13,5,falls
ENSG00000138180,CEP55,TRACKS_FIBROSIS,EFO_0003095,0.23979024458199993,6.178310821280037e-06,5,rises
ENSG00000198758,EPS8L3,TRACKS_FIBROSIS,EFO_0003095,0.23978381210085187,4.108729063358291e-06,5,rises
ENSG00000101000,PROCR,TRACKS_FIBROSIS,EFO_0003095,0.23976729317312376,3.4818750508885243e-07,5,rises
ENSG00000077549,CAPZB,TRACKS_FIBROSIS,EFO_0003095,0.23966477725063898,2.7090579020502126e-07,5,rises
ENSG00000172986,GXYLT2,TRACKS_FIBROSIS,EFO_0003095,0.23948804810855198,1.4272125111091392e-07,5,rises
ENSG00000078589,P2RY10,TRACKS_FIBROSIS,EFO_0003095,0.23948595903025455,1.2383180570008727e-06,5,rises
ENSG00000213923,CSNK1E,TRACKS_FIBROSIS,EFO_0003095,0.23939770731981358,5.301863900881444e-11,5,rises
ENSG00000138835,RGS3,TRACKS_FIBROSIS,EFO_0003095,0.23916124630901492,4.194744964404072e-06,5,rises
ENSG00000072110,ACTN1,TRACKS_FIBROSIS,EFO_0003095,0.2391129362210934,1.348804021149341e-10,5,rises
ENSG00000218336,TENM3,TRACKS_FIBROSIS,EFO_0003095,-0.23906286490055942,4.354432730186536e-08,5,falls
ENSG00000163644,PPM1K,TRACKS_FIBROSIS,EFO_0003095,-0.23904545941216335,1.241823741057339e-09,5,falls
ENSG00000196104,SPOCK3,TRACKS_FIBROSIS,EFO_0003095,-0.2390380349872711,3.962379341595595e-06,5,falls
ENSG00000029153,BMAL2,TRACKS_FIBROSIS,EFO_0003095,0.23898322637954467,1.2404756508305952e-10,5,rises
ENSG00000132646,PCNA,TRACKS_FIBROSIS,EFO_0003095,0.23896962826537752,1.1304506448389135e-08,5,rises
ENSG00000123080,CDKN2C,TRACKS_FIBROSIS,EFO_0003095,0.2388503367411894,0.00016860417945469637,5,rises
ENSG00000136379,ABHD17C,TRACKS_FIBROSIS,EFO_0003095,0.23881123889377556,6.176788134046836e-06,5,rises
ENSG00000169258,GPRIN1,TRACKS_FIBROSIS,EFO_0003095,0.23880320726379897,1.8374828756454067e-06,5,rises
ENSG00000107957,SH3PXD2A,TRACKS_FIBROSIS,EFO_0003095,-0.2387847792805802,4.531890707343823e-09,5,falls
ENSG00000132356,PRKAA1,TRACKS_FIBROSIS,EFO_0003095,-0.23873186005418973,0.00021636091356438313,5,falls
ENSG00000160447,PKN3,TRACKS_FIBROSIS,EFO_0003095,0.23862716502182868,5.25733264921931e-07,5,rises
ENSG00000069869,NEDD4,TRACKS_FIBROSIS,EFO_0003095,-0.23858633218161585,0.001184783523347869,5,falls
ENSG00000160789,LMNA,TRACKS_FIBROSIS,EFO_0003095,0.2385720011407483,5.637794445822816e-11,5,rises
ENSG00000173041,ZNF680,TRACKS_FIBROSIS,EFO_0003095,-0.2385306918965052,5.348101078261573e-09,5,falls
ENSG00000094804,CDC6,TRACKS_FIBROSIS,EFO_0003095,0.23830671727250796,1.3995080315485964e-08,5,rises
ENSG00000244486,SCARF2,TRACKS_FIBROSIS,EFO_0003095,0.23826881682327278,4.7391121984024236e-15,5,rises
ENSG00000163032,VSNL1,TRACKS_FIBROSIS,EFO_0003095,-0.23826881682327275,1.5551483360447744e-08,5,falls
ENSG00000100351,GRAP2,TRACKS_FIBROSIS,EFO_0003095,0.23821589759688225,5.492409250153672e-11,5,rises
ENSG00000186998,EMID1,TRACKS_FIBROSIS,EFO_0003095,0.23814771648086028,2.079635765012866e-06,5,rises
ENSG00000179630,LACC1,TRACKS_FIBROSIS,EFO_0003095,0.23806821608503645,1.643363935347504e-06,5,rises
ENSG00000140368,PSTPIP1,TRACKS_FIBROSIS,EFO_0003095,0.23806596509784483,2.7000802677549318e-14,5,rises
ENSG00000138031,ADCY3,TRACKS_FIBROSIS,EFO_0003095,0.23802907742863083,1.2738704787553202e-12,5,rises
ENSG00000175115,PACS1,TRACKS_FIBROSIS,EFO_0003095,0.23796547711197177,1.9992714616183504e-13,5,rises
ENSG00000039560,RAI14,TRACKS_FIBROSIS,EFO_0003095,-0.23791161204513683,1.5964633114331414e-06,5,falls
ENSG00000182197,EXT1,TRACKS_FIBROSIS,EFO_0003095,0.2378719226253439,4.361418832136016e-06,5,rises
ENSG00000124203,ZNF831,TRACKS_FIBROSIS,EFO_0003095,0.23781770346959358,2.6780831244970742e-08,5,rises
ENSG00000117560,FASLG,TRACKS_FIBROSIS,EFO_0003095,0.23779767874751237,4.977531856182198e-08,5,rises
ENSG00000126952,NXF5,TRACKS_FIBROSIS,EFO_0003095,-0.23771316494617245,7.631722240876379e-06,5,falls
ENSG00000176209,SMIM19,TRACKS_FIBROSIS,EFO_0003095,-0.23770388758438799,2.4882819932699973e-05,5,falls
ENSG00000100577,GSTZ1,TRACKS_FIBROSIS,EFO_0003095,-0.23757342295333508,4.0912297802342444e-10,5,falls
ENSG00000117411,B4GALT2,TRACKS_FIBROSIS,EFO_0003095,0.2373769364511272,8.278208533051977e-06,5,rises
ENSG00000100626,GALNT16,TRACKS_FIBROSIS,EFO_0003095,0.23734170477550778,3.38360977338898e-08,5,rises
ENSG00000148346,LCN2,TRACKS_FIBROSIS,EFO_0003095,0.2372109386805252,2.659921811074315e-06,5,rises
ENSG00000144136,SLC20A1,TRACKS_FIBROSIS,EFO_0003095,0.2371575130690721,1.818174951115065e-06,5,rises
ENSG00000198873,GRK5,TRACKS_FIBROSIS,EFO_0003095,0.23709751680883986,1.140978310101759e-08,5,rises
ENSG00000174175,SELP,TRACKS_FIBROSIS,EFO_0003095,0.23707262651271943,1.079631458096851e-07,5,rises
ENSG00000121594,CD80,TRACKS_FIBROSIS,EFO_0003095,0.23697229577670528,8.526881626733291e-05,5,rises
ENSG00000082781,ITGB5,TRACKS_FIBROSIS,EFO_0003095,0.2367778635066649,9.766619684527041e-12,5,rises
ENSG00000138207,RBP4,TRACKS_FIBROSIS,EFO_0003095,-0.2367419828649034,4.082356777802094e-06,5,falls
ENSG00000175920,DOK7,TRACKS_FIBROSIS,EFO_0003095,0.2366592244544354,8.088768419218495e-09,5,rises
ENSG00000169169,CPT1C,TRACKS_FIBROSIS,EFO_0003095,0.23664210129225804,2.690269651581936e-07,5,rises
ENSG00000101445,PPP1R16B,TRACKS_FIBROSIS,EFO_0003095,0.236628320805167,1.6316590801340597e-06,5,rises
ENSG00000130787,HIP1R,TRACKS_FIBROSIS,EFO_0003095,0.23650071286020022,2.280530631031034e-08,5,rises
ENSG00000113648,MACROH2A1,TRACKS_FIBROSIS,EFO_0003095,0.23649009196818901,6.064521735094362e-08,5,rises
ENSG00000087299,L2HGDH,TRACKS_FIBROSIS,EFO_0003095,-0.23639018428640968,1.4581291695773904e-07,5,falls
ENSG00000120054,CPN1,TRACKS_FIBROSIS,EFO_0003095,-0.2363864489209669,0.00018062622401833188,5,falls
ENSG00000104375,STK3,TRACKS_FIBROSIS,EFO_0003095,-0.23633726506001915,0.000301272454500719,5,falls
ENSG00000196693,ZNF33B,TRACKS_FIBROSIS,EFO_0003095,-0.23617146520785193,0.0001983413402916418,5,falls
ENSG00000081237,PTPRC,TRACKS_FIBROSIS,EFO_0003095,0.2360919882925532,8.192396886458429e-05,5,rises
ENSG00000166508,MCM7,TRACKS_FIBROSIS,EFO_0003095,0.23605012911412354,4.894131997908574e-08,5,rises
ENSG00000106327,TFR2,TRACKS_FIBROSIS,EFO_0003095,-0.23602093418176803,8.804501819862873e-06,5,falls
ENSG00000197324,LRP10,TRACKS_FIBROSIS,EFO_0003095,0.23590222477646441,6.922917436376635e-08,5,rises
ENSG00000147231,RADX,TRACKS_FIBROSIS,EFO_0003095,-0.23586099202250457,2.0626642873270173e-07,5,falls
ENSG00000156127,BATF,TRACKS_FIBROSIS,EFO_0003095,0.23567418253243336,8.211022563571544e-09,5,rises
ENSG00000166986,MARS1,TRACKS_FIBROSIS,EFO_0003095,0.23565874255006775,6.52780517276989e-09,5,rises
ENSG00000105122,RASAL3,TRACKS_FIBROSIS,EFO_0003095,0.23562327314270015,2.7019849802202027e-15,5,rises
ENSG00000196632,WNK3,TRACKS_FIBROSIS,EFO_0003095,-0.23548164740008898,0.0008852593982587343,5,falls
ENSG00000074370,ATP2A3,TRACKS_FIBROSIS,EFO_0003095,0.23542635677765955,1.3964650419107464e-15,5,rises
ENSG00000105355,PLIN3,TRACKS_FIBROSIS,EFO_0003095,0.2354014505370373,1.74144873391757e-06,5,rises
ENSG00000009765,IYD,TRACKS_FIBROSIS,EFO_0003095,-0.23527422940713547,0.0003779822515716418,5,falls
ENSG00000111799,COL12A1,TRACKS_FIBROSIS,EFO_0003095,0.2351890786732007,2.284167938476214e-09,5,rises
ENSG00000117594,HSD11B1,TRACKS_FIBROSIS,EFO_0003095,-0.2350537419286651,2.6955797255152275e-08,5,falls
ENSG00000067560,RHOA,TRACKS_FIBROSIS,EFO_0003095,0.2350137879786272,2.8162838008401325e-05,5,rises
ENSG00000100867,DHRS2,TRACKS_FIBROSIS,EFO_0003095,-0.23492618576147778,2.1406244258561275e-05,5,falls
ENSG00000174306,ZHX3,TRACKS_FIBROSIS,EFO_0003095,-0.23490087701981915,0.0003848862346823309,5,falls
ENSG00000127324,TSPAN8,TRACKS_FIBROSIS,EFO_0003095,0.23487719250496872,2.788252275597869e-05,5,rises
ENSG00000129219,PLD2,TRACKS_FIBROSIS,EFO_0003095,0.23484216651417522,3.6220715318290784e-08,5,rises
ENSG00000124615,MOCS1,TRACKS_FIBROSIS,EFO_0003095,-0.23483683076555043,1.688567236667603e-07,5,falls
ENSG00000105281,SLC1A5,TRACKS_FIBROSIS,EFO_0003095,0.23478545557833266,3.761293382976423e-09,5,rises
ENSG00000160310,PRMT2,TRACKS_FIBROSIS,EFO_0003095,0.23477323044889142,5.589197394269674e-10,5,rises
ENSG00000214021,TTLL3,TRACKS_FIBROSIS,EFO_0003095,0.234707183966207,2.439099136619124e-07,5,rises
ENSG00000176845,METRNL,TRACKS_FIBROSIS,EFO_0003095,0.23460877920128442,5.374983439172596e-11,5,rises
ENSG00000125144,MT1G,TRACKS_FIBROSIS,EFO_0003095,-0.2345995526610916,1.1764861834432014e-07,5,falls
ENSG00000188211,NCR3LG1,TRACKS_FIBROSIS,EFO_0003095,0.23446011497017866,3.8699666414695374e-07,5,rises
ENSG00000107742,SPOCK2,TRACKS_FIBROSIS,EFO_0003095,0.23441901568519563,2.6024593395710226e-09,5,rises
ENSG00000016402,IL20RA,TRACKS_FIBROSIS,EFO_0003095,0.23389441867995558,3.870328486008036e-06,5,rises
ENSG00000068366,ACSL4,TRACKS_FIBROSIS,EFO_0003095,0.23382230345646113,1.1338362642398374e-05,5,rises
ENSG00000147180,ZNF711,TRACKS_FIBROSIS,EFO_0003095,0.23378648084466463,6.523291706373653e-06,5,rises
ENSG00000182866,LCK,TRACKS_FIBROSIS,EFO_0003095,0.23378131012561237,1.9132732520595223e-10,5,rises
ENSG00000162639,HENMT1,TRACKS_FIBROSIS,EFO_0003095,0.2336425121021196,6.923979626502731e-06,5,rises
ENSG00000100266,PACSIN2,TRACKS_FIBROSIS,EFO_0003095,0.2335758321794831,2.640744498499801e-06,5,rises
ENSG00000176273,SLC35G1,TRACKS_FIBROSIS,EFO_0003095,0.23356237826634366,0.0002918499411731305,5,rises
ENSG00000170927,PKHD1,TRACKS_FIBROSIS,EFO_0003095,0.2335171241948747,2.569461031529975e-07,5,rises
ENSG00000145692,BHMT,TRACKS_FIBROSIS,EFO_0003095,-0.2333994123929193,3.7709672881070074e-07,5,falls
ENSG00000158825,CDA,TRACKS_FIBROSIS,EFO_0003095,-0.23330186158464403,3.2323225056147246e-08,5,falls
ENSG00000088854,DNAAF9,TRACKS_FIBROSIS,EFO_0003095,0.23320890727568072,2.2109777047490795e-09,5,rises
ENSG00000147443,DOK2,TRACKS_FIBROSIS,EFO_0003095,0.23309596244360042,1.7660181918372592e-08,5,rises
ENSG00000205213,LGR4,TRACKS_FIBROSIS,EFO_0003095,-0.23306485429456536,4.6064245087086346e-06,5,falls
ENSG00000184557,SOCS3,TRACKS_FIBROSIS,EFO_0003095,0.2330601344148126,5.821267592915882e-07,5,rises
ENSG00000163082,SGPP2,TRACKS_FIBROSIS,EFO_0003095,0.23292845628073244,9.132373270283247e-09,5,rises
ENSG00000162599,NFIA,TRACKS_FIBROSIS,EFO_0003095,-0.23289751534463604,1.190122260908779e-06,5,falls
ENSG00000160712,IL6R,TRACKS_FIBROSIS,EFO_0003095,-0.2328474388895797,7.1781470310927865e-09,5,falls
ENSG00000129151,BBOX1,TRACKS_FIBROSIS,EFO_0003095,-0.23248601567995303,7.365493542823477e-08,5,falls
ENSG00000005187,ACSM3,TRACKS_FIBROSIS,EFO_0003095,-0.2324689420530127,9.554502219754692e-12,5,falls
ENSG00000007237,GAS7,TRACKS_FIBROSIS,EFO_0003095,0.23245426505686057,6.542596406707929e-09,5,rises
ENSG00000143801,PSEN2,TRACKS_FIBROSIS,EFO_0003095,0.23235152608379595,1.2698014207595636e-06,5,rises
ENSG00000144619,CNTN4,TRACKS_FIBROSIS,EFO_0003095,0.23215664617516885,0.00035272759875533535,5,rises
ENSG00000116005,PCYOX1,TRACKS_FIBROSIS,EFO_0003095,-0.2321422177135379,9.578154544947666e-06,5,falls
ENSG00000133134,BEX2,TRACKS_FIBROSIS,EFO_0003095,0.232085349670712,3.741315427418417e-09,5,rises
ENSG00000125841,NRSN2,TRACKS_FIBROSIS,EFO_0003095,0.23206403752898544,3.410180399457518e-15,5,rises
ENSG00000153561,RMND5A,TRACKS_FIBROSIS,EFO_0003095,-0.23203757791579016,6.128829791916385e-06,5,falls
ENSG00000171303,KCNK3,TRACKS_FIBROSIS,EFO_0003095,-0.23203497518996508,8.670030081073223e-09,5,falls
ENSG00000163904,SENP2,TRACKS_FIBROSIS,EFO_0003095,-0.2319581990762044,0.0004818463256983862,5,falls
ENSG00000107562,CXCL12,TRACKS_FIBROSIS,EFO_0003095,0.2319496606333856,7.718506540037437e-11,5,rises
ENSG00000168078,PBK,TRACKS_FIBROSIS,EFO_0003095,0.231928554137447,3.912691345335403e-08,5,rises
ENSG00000118495,PLAGL1,TRACKS_FIBROSIS,EFO_0003095,0.23180603106014314,1.4349382806093541e-08,5,rises
ENSG00000168159,RNF187,TRACKS_FIBROSIS,EFO_0003095,0.2317862115904353,1.7603542893066623e-05,5,rises
ENSG00000145545,SRD5A1,TRACKS_FIBROSIS,EFO_0003095,-0.23177056165277551,1.4441147668488107e-06,5,falls
ENSG00000119782,FKBP1B,TRACKS_FIBROSIS,EFO_0003095,0.23175975197723994,6.231522778248972e-06,5,rises
ENSG00000132718,SYT11,TRACKS_FIBROSIS,EFO_0003095,0.23156913981829305,1.5537485403796788e-09,5,rises
ENSG00000162896,PIGR,TRACKS_FIBROSIS,EFO_0003095,0.23150838565188508,2.95790661799685e-05,5,rises
ENSG00000092969,TGFB2,TRACKS_FIBROSIS,EFO_0003095,0.23142471286483723,8.380434472147546e-11,5,rises
ENSG00000028277,POU2F2,TRACKS_FIBROSIS,EFO_0003095,0.23137608758590886,1.6026806530783615e-05,5,rises
ENSG00000103710,RASL12,TRACKS_FIBROSIS,EFO_0003095,0.23136285777931115,2.322514650334203e-06,5,rises
ENSG00000196557,CACNA1H,TRACKS_FIBROSIS,EFO_0003095,-0.23132316835951827,1.621101512597561e-05,5,falls
ENSG00000165495,PKNOX2,TRACKS_FIBROSIS,EFO_0003095,0.23131829638603615,1.9456924532528523e-09,5,rises
ENSG00000153551,CMTM7,TRACKS_FIBROSIS,EFO_0003095,0.23128377461373115,7.631966944130902e-09,5,rises
ENSG00000066468,FGFR2,TRACKS_FIBROSIS,EFO_0003095,0.23106973508651307,1.6592317419206345e-12,5,rises
ENSG00000130487,KLHDC7B,TRACKS_FIBROSIS,EFO_0003095,0.23105314331293816,9.359584956596968e-08,5,rises
ENSG00000166851,PLK1,TRACKS_FIBROSIS,EFO_0003095,0.23100001935479064,2.1823572932782795e-07,5,rises
ENSG00000125968,ID1,TRACKS_FIBROSIS,EFO_0003095,0.23085058910679007,0.00039934084551418187,5,rises
ENSG00000023228,NDUFS1,TRACKS_FIBROSIS,EFO_0003095,-0.23083366551540613,0.0018153954859960223,5,falls
ENSG00000123179,EBPL,TRACKS_FIBROSIS,EFO_0003095,-0.23069547168463472,2.1427020725808645e-07,5,falls
ENSG00000196189,SEMA4A,TRACKS_FIBROSIS,EFO_0003095,0.23067490783623454,7.033914310482323e-10,5,rises
ENSG00000048740,CELF2,TRACKS_FIBROSIS,EFO_0003095,0.23067490783623454,5.313185900048944e-08,5,rises
ENSG00000078177,N4BP2,TRACKS_FIBROSIS,EFO_0003095,-0.23063521841644166,9.714688056547878e-05,5,falls
ENSG00000118849,RARRES1,TRACKS_FIBROSIS,EFO_0003095,0.23057425511793045,2.1204474135459026e-07,5,rises
ENSG00000170381,SEMA3E,TRACKS_FIBROSIS,EFO_0003095,0.23056961826596656,2.1445127195491197e-10,5,rises
ENSG00000181544,FANCB,TRACKS_FIBROSIS,EFO_0003095,0.23055636502225846,0.0002972911365092426,5,rises
ENSG00000114739,ACVR2B,TRACKS_FIBROSIS,EFO_0003095,-0.2304621319706147,5.7416262133254276e-12,5,falls
ENSG00000149781,FERMT3,TRACKS_FIBROSIS,EFO_0003095,0.23044706898637132,4.5147613757451583e-13,5,rises
ENSG00000196517,SLC6A9,TRACKS_FIBROSIS,EFO_0003095,0.23034416267129387,1.9989084558211415e-07,5,rises
ENSG00000100503,NIN,TRACKS_FIBROSIS,EFO_0003095,0.23034077761095909,5.140102673231561e-07,5,rises
ENSG00000119927,GPAM,TRACKS_FIBROSIS,EFO_0003095,-0.2302791173686836,0.001943585186885188,5,falls
ENSG00000080166,DCT,TRACKS_FIBROSIS,EFO_0003095,-0.23026478383170812,7.131966940063627e-05,5,falls
ENSG00000171302,CANT1,TRACKS_FIBROSIS,EFO_0003095,0.23022509441191522,1.5075844446675768e-06,5,rises
ENSG00000157502,PWWP3B,TRACKS_FIBROSIS,EFO_0003095,0.23013248576573184,1.834619869464391e-05,5,rises
ENSG00000102316,MAGED2,TRACKS_FIBROSIS,EFO_0003095,0.2301255150007284,6.452411326208869e-06,5,rises
ENSG00000152270,PDE3B,TRACKS_FIBROSIS,EFO_0003095,-0.23010602615253653,9.800402487605131e-05,5,falls
ENSG00000165891,E2F7,TRACKS_FIBROSIS,EFO_0003095,0.23007823597816635,2.641549678863734e-07,5,rises
ENSG00000138964,PARVG,TRACKS_FIBROSIS,EFO_0003095,0.22985888290396536,2.6707784981990662e-12,5,rises
ENSG00000186577,SMIM29,TRACKS_FIBROSIS,EFO_0003095,0.22985154440588929,1.4876595839116323e-07,5,rises
ENSG00000149260,CAPN5,TRACKS_FIBROSIS,EFO_0003095,-0.22984141356915513,1.6590914566550712e-07,5,falls
ENSG00000153721,CNKSR3,TRACKS_FIBROSIS,EFO_0003095,-0.2297091319546078,1.0492771298754392e-05,5,falls
ENSG00000104368,PLAT,TRACKS_FIBROSIS,EFO_0003095,0.22968210018898666,2.2530653350388543e-08,5,rises
ENSG00000152147,GEMIN6,TRACKS_FIBROSIS,EFO_0003095,-0.22963245999880075,1.3760730447224847e-05,5,falls
ENSG00000136108,CKAP2,TRACKS_FIBROSIS,EFO_0003095,0.229597143139253,0.001148239815007369,5,rises
ENSG00000149735,GPHA2,TRACKS_FIBROSIS,EFO_0003095,-0.22957688574250093,0.0027319648750640043,5,falls
ENSG00000100364,KIAA0930,TRACKS_FIBROSIS,EFO_0003095,0.22931285026951875,1.4994019806728713e-13,5,rises
ENSG00000165757,JCAD,TRACKS_FIBROSIS,EFO_0003095,0.2292192104883366,1.5341986349937746e-06,5,rises
ENSG00000204161,TMEM273,TRACKS_FIBROSIS,EFO_0003095,0.2292094704944867,9.784426477309788e-05,5,rises
ENSG00000148948,LRRC4C,TRACKS_FIBROSIS,EFO_0003095,0.22919474882808313,1.0799037180385564e-09,5,rises
ENSG00000065675,PRKCQ,TRACKS_FIBROSIS,EFO_0003095,0.22904020153950608,5.1024679684868015e-08,5,rises
ENSG00000164125,GASK1B,TRACKS_FIBROSIS,EFO_0003095,0.22894180317194532,4.257920772008109e-06,5,rises
ENSG00000102466,FGF14,TRACKS_FIBROSIS,EFO_0003095,0.2288722499218183,1.8116223742483032e-08,5,rises
ENSG00000114956,DGUOK,TRACKS_FIBROSIS,EFO_0003095,0.2288235298262822,0.0008241894195425127,5,rises
ENSG00000135898,GPR55,TRACKS_FIBROSIS,EFO_0003095,0.2288199044559518,0.0002057307359238366,5,rises
ENSG00000198182,ZNF607,TRACKS_FIBROSIS,EFO_0003095,0.2287899452600428,1.5548051930813056e-21,5,rises
ENSG00000102886,GDPD3,TRACKS_FIBROSIS,EFO_0003095,0.22874710044544425,2.672080187112599e-08,5,rises
ENSG00000082074,FYB1,TRACKS_FIBROSIS,EFO_0003095,0.2286575954319194,0.0004442280473152452,5,rises
ENSG00000159256,MORC3,TRACKS_FIBROSIS,EFO_0003095,-0.22863751762019993,5.819298718594067e-05,5,falls
ENSG00000137462,TLR2,TRACKS_FIBROSIS,EFO_0003095,0.2286242878136023,0.0008355365086468641,5,rises
ENSG00000131409,LRRC4B,TRACKS_FIBROSIS,EFO_0003095,0.2284957769764985,1.429688915723627e-09,5,rises
ENSG00000102409,BEX4,TRACKS_FIBROSIS,EFO_0003095,0.22845230032783315,5.6604211760549405e-05,5,rises
ENSG00000166780,BMERB1,TRACKS_FIBROSIS,EFO_0003095,-0.22830498484389844,1.5223267523854814e-07,5,falls
ENSG00000198113,TOR4A,TRACKS_FIBROSIS,EFO_0003095,0.22825385322886868,3.358957711081025e-08,5,rises
ENSG00000171659,GPR34,TRACKS_FIBROSIS,EFO_0003095,0.22812613950934058,0.00033744880595960153,5,rises
ENSG00000185942,NKAIN3,TRACKS_FIBROSIS,EFO_0003095,-0.22812613950934055,2.6465654288874597e-08,5,falls
ENSG00000170345,FOS,TRACKS_FIBROSIS,EFO_0003095,0.22807175325050116,1.5413159451899392e-06,5,rises
ENSG00000160271,RALGDS,TRACKS_FIBROSIS,EFO_0003095,0.22807175325050114,2.6024593395710226e-09,5,rises
ENSG00000117154,IGSF21,TRACKS_FIBROSIS,EFO_0003095,0.22794785501914813,0.0007070735945070815,5,rises
ENSG00000111879,FAM184A,TRACKS_FIBROSIS,EFO_0003095,-0.2277242144636287,2.3873879662266548e-05,5,falls
ENSG00000080031,PTPRH,TRACKS_FIBROSIS,EFO_0003095,0.22757226077711798,3.0463556493390228e-05,5,rises
ENSG00000087263,OGFOD1,TRACKS_FIBROSIS,EFO_0003095,0.2274960546713799,1.1292194987813655e-05,5,rises
ENSG00000125851,PCSK2,TRACKS_FIBROSIS,EFO_0003095,-0.22742294974457,1.7099820954131933e-09,5,falls
ENSG00000163754,GYG1,TRACKS_FIBROSIS,EFO_0003095,0.2274071456066205,1.4488937251952426e-06,5,rises
ENSG00000106617,PRKAG2,TRACKS_FIBROSIS,EFO_0003095,-0.22726161773404668,4.250489868291956e-08,5,falls
ENSG00000149925,ALDOA,TRACKS_FIBROSIS,EFO_0003095,0.2271968114583574,2.755018584615524e-06,5,rises
ENSG00000137804,NUSAP1,TRACKS_FIBROSIS,EFO_0003095,0.22718223889446088,8.477178348848126e-06,5,rises
ENSG00000120820,GLT8D2,TRACKS_FIBROSIS,EFO_0003095,0.22707467120022815,2.591477125428054e-06,5,rises
ENSG00000102225,CDK16,TRACKS_FIBROSIS,EFO_0003095,0.22698708399020565,3.337167085409637e-08,5,rises
ENSG00000155760,FZD7,TRACKS_FIBROSIS,EFO_0003095,0.22690838371888955,5.003535198896151e-10,5,rises
ENSG00000163491,NEK10,TRACKS_FIBROSIS,EFO_0003095,-0.22677211488993437,5.724359020506986e-05,5,falls
ENSG00000170571,EMB,TRACKS_FIBROSIS,EFO_0003095,0.22673904625819932,1.320454025065537e-06,5,rises
ENSG00000078081,LAMP3,TRACKS_FIBROSIS,EFO_0003095,0.22673137586259776,2.771522646127188e-07,5,rises
ENSG00000169562,GJB1,TRACKS_FIBROSIS,EFO_0003095,-0.226728608097452,7.152597740921067e-09,5,falls
ENSG00000127616,SMARCA4,TRACKS_FIBROSIS,EFO_0003095,0.22668253632004973,7.61469397639935e-15,5,rises
ENSG00000148331,ASB6,TRACKS_FIBROSIS,EFO_0003095,0.22668009015402435,2.807528551672165e-06,5,rises
ENSG00000110975,SYT10,TRACKS_FIBROSIS,EFO_0003095,-0.22666638269956588,1.434048564223277e-12,5,falls
ENSG00000204610,TRIM15,TRACKS_FIBROSIS,EFO_0003095,0.22665112951191063,8.261934472734756e-11,5,rises
ENSG00000127084,FGD3,TRACKS_FIBROSIS,EFO_0003095,0.22658079972170578,1.3651091242777575e-07,5,rises
ENSG00000205362,MT1A,TRACKS_FIBROSIS,EFO_0003095,-0.22646482754379368,6.341010035902518e-06,5,falls
ENSG00000162738,VANGL2,TRACKS_FIBROSIS,EFO_0003095,0.2263264152235857,1.8712754348422888e-17,5,rises
ENSG00000182809,CRIP2,TRACKS_FIBROSIS,EFO_0003095,0.22632230146561505,1.0537524645760558e-14,5,rises
ENSG00000115652,UXS1,TRACKS_FIBROSIS,EFO_0003095,0.22628992667298123,4.550575741187397e-06,5,rises
ENSG00000203879,GDI1,TRACKS_FIBROSIS,EFO_0003095,0.22627280351080378,1.4568587120453582e-12,5,rises
ENSG00000132359,RAP1GAP2,TRACKS_FIBROSIS,EFO_0003095,0.2262556803486263,2.1319066249043484e-10,5,rises
ENSG00000110723,EXPH5,TRACKS_FIBROSIS,EFO_0003095,-0.22617677359304117,1.3286625555877802e-07,5,falls
ENSG00000130429,ARPC1B,TRACKS_FIBROSIS,EFO_0003095,0.22616539333025273,1.0170504562415374e-08,5,rises
ENSG00000121898,CPXM2,TRACKS_FIBROSIS,EFO_0003095,0.2260816177971776,1.2268387478842355e-13,5,rises
ENSG00000140511,HAPLN3,TRACKS_FIBROSIS,EFO_0003095,0.22605001847413467,1.4216111739674413e-11,5,rises
ENSG00000108405,P2RX1,TRACKS_FIBROSIS,EFO_0003095,0.22599155630067436,3.6219825769800742e-12,5,rises
ENSG00000145730,PAM,TRACKS_FIBROSIS,EFO_0003095,0.22584257723391774,3.760007176568652e-05,5,rises
ENSG00000143228,NUF2,TRACKS_FIBROSIS,EFO_0003095,0.22579408349298874,6.485007799283604e-05,5,rises
ENSG00000173848,NET1,TRACKS_FIBROSIS,EFO_0003095,-0.22577987939511232,5.956240932282894e-07,5,falls
ENSG00000149639,MTCL2,TRACKS_FIBROSIS,EFO_0003095,0.22575910864548054,5.857073892913125e-10,5,rises
ENSG00000072832,CRMP1,TRACKS_FIBROSIS,EFO_0003095,0.2257401899753195,9.297852925358184e-08,5,rises
ENSG00000173805,HAP1,TRACKS_FIBROSIS,EFO_0003095,-0.2256724444263898,3.324972833031115e-07,5,falls
ENSG00000188783,PRELP,TRACKS_FIBROSIS,EFO_0003095,0.2256211217159408,2.964893588209534e-10,5,rises
ENSG00000183580,FBXL7,TRACKS_FIBROSIS,EFO_0003095,0.22558665394069344,1.0312647038092785e-05,5,rises
ENSG00000144589,STK11IP,TRACKS_FIBROSIS,EFO_0003095,0.22554629220127514,1.3408278659766557e-08,5,rises
ENSG00000116815,CD58,TRACKS_FIBROSIS,EFO_0003095,0.22553995230460458,2.7968590503194562e-09,5,rises
ENSG00000109436,TBC1D9,TRACKS_FIBROSIS,EFO_0003095,0.22552305362403427,1.1424236066631605e-07,5,rises
ENSG00000083457,ITGAE,TRACKS_FIBROSIS,EFO_0003095,0.22546029561452033,1.8911893702471548e-11,5,rises
ENSG00000136052,SLC41A2,TRACKS_FIBROSIS,EFO_0003095,-0.22539621500378113,2.2964341322573968e-07,5,falls
ENSG00000103381,CPPED1,TRACKS_FIBROSIS,EFO_0003095,-0.22539125981644725,6.057024544684568e-06,5,falls
ENSG00000170959,DCDC1,TRACKS_FIBROSIS,EFO_0003095,-0.22535652558398825,9.473917801028856e-10,5,falls
ENSG00000040531,CTNS,TRACKS_FIBROSIS,EFO_0003095,0.22535059891924722,5.687318229806717e-08,5,rises
ENSG00000166979,EVA1C,TRACKS_FIBROSIS,EFO_0003095,0.2253224680099557,5.999723593289997e-07,5,rises
ENSG00000136636,KCTD3,TRACKS_FIBROSIS,EFO_0003095,-0.22531683616419537,3.2324328789004576e-06,5,falls
ENSG00000168421,RHOH,TRACKS_FIBROSIS,EFO_0003095,0.2251732518824094,2.532281705086382e-07,5,rises
ENSG00000117318,ID3,TRACKS_FIBROSIS,EFO_0003095,0.22498536962675797,4.8260233561180174e-08,5,rises
ENSG00000139354,GAS2L3,TRACKS_FIBROSIS,EFO_0003095,0.22483704871763108,6.55422967828477e-09,5,rises
ENSG00000166912,MTMR10,TRACKS_FIBROSIS,EFO_0003095,-0.22482733332008314,1.8445580214398508e-06,5,falls
ENSG00000157106,SMG1,TRACKS_FIBROSIS,EFO_0003095,-0.2246887278085042,5.829297973273204e-06,5,falls
ENSG00000154079,SDHAF4,TRACKS_FIBROSIS,EFO_0003095,-0.2246053138076158,2.057784159675782e-06,5,falls
ENSG00000172932,ANKRD13D,TRACKS_FIBROSIS,EFO_0003095,0.2246032951985031,3.6912246624489787e-09,5,rises
ENSG00000183765,CHEK2,TRACKS_FIBROSIS,EFO_0003095,0.22457596699472823,1.402835007086525e-07,5,rises
ENSG00000169714,CNBP,TRACKS_FIBROSIS,EFO_0003095,-0.22444366892875195,1.115362018648328e-07,5,falls
ENSG00000177697,CD151,TRACKS_FIBROSIS,EFO_0003095,0.22443450974275408,5.703350718801879e-05,5,rises
ENSG00000135324,MRAP2,TRACKS_FIBROSIS,EFO_0003095,0.22436046525731143,2.5064829874662874e-05,5,rises
ENSG00000120907,ADRA1A,TRACKS_FIBROSIS,EFO_0003095,-0.22432460066937332,2.2163216761734627e-06,5,falls
ENSG00000139644,TMBIM6,TRACKS_FIBROSIS,EFO_0003095,-0.22430181757989626,3.637267332023889e-05,5,falls
ENSG00000122254,HS3ST2,TRACKS_FIBROSIS,EFO_0003095,0.22411289369071746,1.604592266280713e-09,5,rises
ENSG00000162591,MEGF6,TRACKS_FIBROSIS,EFO_0003095,0.22408348491811644,2.1631728747343813e-15,5,rises
ENSG00000141570,CBX8,TRACKS_FIBROSIS,EFO_0003095,0.22407426920705395,6.761162527313125e-08,5,rises
ENSG00000116141,MARK1,TRACKS_FIBROSIS,EFO_0003095,0.22397224895031528,2.5723319003540895e-07,5,rises
ENSG00000130649,CYP2E1,TRACKS_FIBROSIS,EFO_0003095,-0.2238352991368011,1.8663597993102546e-07,5,falls
ENSG00000140575,IQGAP1,TRACKS_FIBROSIS,EFO_0003095,0.22379880235374291,0.0014593516489193098,5,rises
ENSG00000154188,ANGPT1,TRACKS_FIBROSIS,EFO_0003095,0.2237093303733315,7.278076382062914e-08,5,rises
ENSG00000181634,TNFSF15,TRACKS_FIBROSIS,EFO_0003095,0.22362342091969906,7.984082025420814e-08,5,rises
ENSG00000137809,ITGA11,TRACKS_FIBROSIS,EFO_0003095,0.22359696130650383,5.022661490402795e-11,5,rises
ENSG00000002587,HS3ST1,TRACKS_FIBROSIS,EFO_0003095,0.2235314018253699,2.8327088318206443e-07,5,rises
ENSG00000102038,SMARCA1,TRACKS_FIBROSIS,EFO_0003095,-0.2234423261323854,1.5796343516692162e-06,5,falls
ENSG00000138660,AP1AR,TRACKS_FIBROSIS,EFO_0003095,-0.2232273306156364,1.1585932951955153e-05,5,falls
ENSG00000164070,HSPA4L,TRACKS_FIBROSIS,EFO_0003095,0.22320769990707548,1.4005647771289675e-06,5,rises
ENSG00000168509,HJV,TRACKS_FIBROSIS,EFO_0003095,-0.22287018656954338,1.3468069049330304e-07,5,falls
ENSG00000010278,CD9,TRACKS_FIBROSIS,EFO_0003095,0.22273702387765795,3.6441690664679574e-05,5,rises
ENSG00000132854,KANK4,TRACKS_FIBROSIS,EFO_0003095,-0.22270948458361015,1.1846632648467108e-05,5,falls
ENSG00000150687,PRSS23,TRACKS_FIBROSIS,EFO_0003095,0.2226645836368903,2.857150943114444e-10,5,rises
ENSG00000150995,ITPR1,TRACKS_FIBROSIS,EFO_0003095,0.22265764503807225,6.448469195327212e-08,5,rises
ENSG00000106701,FSD1L,TRACKS_FIBROSIS,EFO_0003095,0.22265638012355393,0.002016139312774528,5,rises
ENSG00000010030,ETV7,TRACKS_FIBROSIS,EFO_0003095,0.22263714184636593,2.8203042549461636e-07,5,rises
ENSG00000118960,HS1BP3,TRACKS_FIBROSIS,EFO_0003095,0.2225782661984865,3.064684614626096e-06,5,rises
ENSG00000166333,ILK,TRACKS_FIBROSIS,EFO_0003095,0.2225778697295142,5.79995833793024e-06,5,rises
ENSG00000131459,GFPT2,TRACKS_FIBROSIS,EFO_0003095,0.22256563889938744,7.987545769096864e-09,5,rises
ENSG00000116117,PARD3B,TRACKS_FIBROSIS,EFO_0003095,0.2224062787127173,0.00027829987452714067,5,rises
ENSG00000122971,ACADS,TRACKS_FIBROSIS,EFO_0003095,-0.2223882918625496,2.076293315604818e-05,5,falls
ENSG00000139132,FGD4,TRACKS_FIBROSIS,EFO_0003095,-0.22238539133735732,9.69622652137047e-05,5,falls
ENSG00000004961,HCCS,TRACKS_FIBROSIS,EFO_0003095,0.2221518877530202,0.00020355810511207492,5,rises
ENSG00000132541,RIDA,TRACKS_FIBROSIS,EFO_0003095,-0.22214657730701465,2.4096839471121314e-05,5,falls
ENSG00000185658,BRWD1,TRACKS_FIBROSIS,EFO_0003095,-0.2219167758686051,0.0006852038913133296,5,falls
ENSG00000187824,TMEM220,TRACKS_FIBROSIS,EFO_0003095,-0.22183423525780815,9.147996384947608e-07,5,falls
ENSG00000110697,PITPNM1,TRACKS_FIBROSIS,EFO_0003095,0.2218095572195706,1.7815073408651347e-10,5,rises
ENSG00000116183,PAPPA2,TRACKS_FIBROSIS,EFO_0003095,0.22177131806586378,2.022227429142711e-06,5,rises
ENSG00000162676,GFI1,TRACKS_FIBROSIS,EFO_0003095,0.221745914219458,6.856737707965068e-11,5,rises
ENSG00000121690,DEPDC7,TRACKS_FIBROSIS,EFO_0003095,-0.22171832876964073,1.8952573033478284e-05,5,falls
ENSG00000090104,RGS1,TRACKS_FIBROSIS,EFO_0003095,0.22171167032170744,4.229479121860951e-08,5,rises
ENSG00000169884,WNT10B,TRACKS_FIBROSIS,EFO_0003095,0.22169386573997757,1.0277358336010884e-07,5,rises
ENSG00000133112,TPT1,TRACKS_FIBROSIS,EFO_0003095,-0.22169235762833786,2.4431225939804328e-05,5,falls
ENSG00000093072,ADA2,TRACKS_FIBROSIS,EFO_0003095,0.2216918691564454,6.969604548047366e-08,5,rises
ENSG00000157326,DHRS4,TRACKS_FIBROSIS,EFO_0003095,-0.2216654095432502,2.6676853577470865e-05,5,falls
ENSG00000144959,NCEH1,TRACKS_FIBROSIS,EFO_0003095,0.22163288084252242,2.6348192290694746e-05,5,rises
ENSG00000198805,PNP,TRACKS_FIBROSIS,EFO_0003095,-0.22162615359846408,0.0006339802152431408,5,falls
ENSG00000105784,RUNDC3B,TRACKS_FIBROSIS,EFO_0003095,-0.2215889804764247,1.467478803406936e-11,5,falls
ENSG00000145293,ENOPH1,TRACKS_FIBROSIS,EFO_0003095,0.22154118646237417,0.00046693687560353596,5,rises
ENSG00000127922,SEM1,TRACKS_FIBROSIS,EFO_0003095,-0.22147147279435492,0.0031682069399938386,5,falls
ENSG00000117601,SERPINC1,TRACKS_FIBROSIS,EFO_0003095,-0.22146019107643353,8.074601367953725e-07,5,falls
ENSG00000171700,RGS19,TRACKS_FIBROSIS,EFO_0003095,0.22132143457171183,2.725197411659825e-10,5,rises
ENSG00000137449,CPEB2,TRACKS_FIBROSIS,EFO_0003095,-0.22129497495851666,3.8127132817398165e-06,5,falls
ENSG00000139734,DIAPH3,TRACKS_FIBROSIS,EFO_0003095,0.2212023663123332,3.060275941278049e-06,5,rises
ENSG00000179029,TMEM107,TRACKS_FIBROSIS,EFO_0003095,0.22116267689254032,0.0003193510179098956,5,rises
ENSG00000050767,COL23A1,TRACKS_FIBROSIS,EFO_0003095,0.22107006824635692,5.863148841574958e-06,5,rises
ENSG00000197283,SYNGAP1,TRACKS_FIBROSIS,EFO_0003095,0.22096951556784725,4.801637077820702e-16,5,rises
ENSG00000120318,ARAP3,TRACKS_FIBROSIS,EFO_0003095,0.2209095845002262,1.66590923539371e-05,5,rises
ENSG00000126247,CAPNS1,TRACKS_FIBROSIS,EFO_0003095,0.2207615914556926,6.260932007202386e-07,5,rises
ENSG00000186417,GLDN,TRACKS_FIBROSIS,EFO_0003095,0.22060335923799465,1.7367058713221536e-09,5,rises
ENSG00000172007,RAB33B,TRACKS_FIBROSIS,EFO_0003095,-0.22055973544119267,8.290106200461559e-05,5,falls
ENSG00000160753,RUSC1,TRACKS_FIBROSIS,EFO_0003095,0.2205438826794365,4.548762166715696e-12,5,rises
ENSG00000113600,C9,TRACKS_FIBROSIS,EFO_0003095,-0.22054282261331803,1.4488337695327879e-05,5,falls
ENSG00000164674,SYTL3,TRACKS_FIBROSIS,EFO_0003095,0.22046316592323367,5.219604936955793e-08,5,rises
ENSG00000162669,HFM1,TRACKS_FIBROSIS,EFO_0003095,0.22044689794446934,3.518212403111661e-05,5,rises
ENSG00000141497,ZMYND15,TRACKS_FIBROSIS,EFO_0003095,0.22035906597590332,9.346855036137952e-07,5,rises
ENSG00000214193,MNMIP1,TRACKS_FIBROSIS,EFO_0003095,0.2203420739823453,1.372465129711408e-07,5,rises
ENSG00000142945,KIF2C,TRACKS_FIBROSIS,EFO_0003095,0.22033262492811773,8.114189152250175e-06,5,rises
ENSG00000087053,MTMR2,TRACKS_FIBROSIS,EFO_0003095,0.2203027394636945,0.00022348246753701152,5,rises
ENSG00000099284,MACROH2A2,TRACKS_FIBROSIS,EFO_0003095,0.2202932316510539,1.9552683462890827e-12,5,rises
ENSG00000121486,TRMT1L,TRACKS_FIBROSIS,EFO_0003095,-0.22024012719099773,7.532801187569947e-05,5,falls
ENSG00000145850,TIMD4,TRACKS_FIBROSIS,EFO_0003095,-0.22021013081751115,1.898885553158938e-06,5,falls
ENSG00000109991,P2RX3,TRACKS_FIBROSIS,EFO_0003095,-0.22007783275153484,0.00010640745889487398,5,falls
ENSG00000113356,POLR3G,TRACKS_FIBROSIS,EFO_0003095,-0.22007550336482354,0.0008745243314667877,5,falls
ENSG00000120889,TNFRSF10B,TRACKS_FIBROSIS,EFO_0003095,0.22001168371854674,1.0777099252804543e-06,5,rises
ENSG00000119787,ATL2,TRACKS_FIBROSIS,EFO_0003095,-0.21997953894372568,1.6569772964384367e-05,5,falls
ENSG00000123146,ADGRE5,TRACKS_FIBROSIS,EFO_0003095,0.21996427061484494,5.1804762365682164e-11,5,rises
ENSG00000134013,LOXL2,TRACKS_FIBROSIS,EFO_0003095,0.21994805266068876,9.457015656076955e-10,5,rises
ENSG00000006016,CRLF1,TRACKS_FIBROSIS,EFO_0003095,0.21994414916678498,0.0004280927736047813,5,rises
ENSG00000180061,TMEM150B,TRACKS_FIBROSIS,EFO_0003095,0.21977582926523898,1.0895210796667498e-09,5,rises
ENSG00000112414,ADGRG6,TRACKS_FIBROSIS,EFO_0003095,-0.21968093855360601,2.2696837736341016e-08,5,falls
ENSG00000169188,APEX2,TRACKS_FIBROSIS,EFO_0003095,0.21963635508403204,3.633947489162019e-05,5,rises
ENSG00000166326,TRIM44,TRACKS_FIBROSIS,EFO_0003095,-0.21960437429122834,0.000610006535756284,5,falls
ENSG00000182013,PNMA8A,TRACKS_FIBROSIS,EFO_0003095,0.2195096576837356,3.681293320864903e-05,5,rises
ENSG00000139044,B4GALNT3,TRACKS_FIBROSIS,EFO_0003095,0.21948681522672042,4.979961481563697e-09,5,rises
ENSG00000174574,AKIRIN1,TRACKS_FIBROSIS,EFO_0003095,0.21935137674207894,1.9056125273954359e-06,5,rises
ENSG00000135916,ITM2C,TRACKS_FIBROSIS,EFO_0003095,0.21900810371769433,3.38950913061445e-09,5,rises
ENSG00000169242,EFNA1,TRACKS_FIBROSIS,EFO_0003095,-0.21899217237967752,2.5531199751599036e-07,5,falls
ENSG00000074935,TUBE1,TRACKS_FIBROSIS,EFO_0003095,-0.21887392035115077,0.0003068060514671946,5,falls
ENSG00000196636,SDHAF3,TRACKS_FIBROSIS,EFO_0003095,-0.21886276974559388,2.762312619753428e-06,5,falls
ENSG00000067177,PHKA1,TRACKS_FIBROSIS,EFO_0003095,-0.21876897858246958,6.342979028697609e-07,5,falls
ENSG00000105369,CD79A,TRACKS_FIBROSIS,EFO_0003095,0.21862959916348645,0.0003455194231922461,5,rises
ENSG00000168476,REEP4,TRACKS_FIBROSIS,EFO_0003095,0.21861508076844885,4.0170613188052764e-08,5,rises
ENSG00000125753,VASP,TRACKS_FIBROSIS,EFO_0003095,0.2185991993752617,8.270319925982965e-08,5,rises
ENSG00000136881,BAAT,TRACKS_FIBROSIS,EFO_0003095,-0.21853016357718869,7.391585454420573e-05,5,falls
ENSG00000118503,TNFAIP3,TRACKS_FIBROSIS,EFO_0003095,0.21850069223213714,3.1120381747838415e-06,5,rises
ENSG00000164176,EDIL3,TRACKS_FIBROSIS,EFO_0003095,0.218464380023188,2.5949093850423914e-06,5,rises
ENSG00000140749,IGSF6,TRACKS_FIBROSIS,EFO_0003095,0.21839764731363617,0.0033741873148812147,5,rises
ENSG00000101421,CHMP4B,TRACKS_FIBROSIS,EFO_0003095,0.21837085019702018,7.765524543999917e-06,5,rises
ENSG00000163577,EIF5A2,TRACKS_FIBROSIS,EFO_0003095,0.21829952535117883,0.001261465552198713,5,rises
ENSG00000160588,MPZL3,TRACKS_FIBROSIS,EFO_0003095,0.2182244703863592,1.18962985703631e-05,5,rises
ENSG00000156738,MS4A1,TRACKS_FIBROSIS,EFO_0003095,0.2181916944279766,0.0013499580165454719,5,rises
ENSG00000212747,RTL8B,TRACKS_FIBROSIS,EFO_0003095,0.21812217831434105,2.3198827816658904e-08,5,rises
ENSG00000167703,SLC43A2,TRACKS_FIBROSIS,EFO_0003095,0.2180819037828377,1.2078045948210765e-08,5,rises
ENSG00000152642,GPD1L,TRACKS_FIBROSIS,EFO_0003095,0.2180769242428721,5.699280836919024e-07,5,rises
ENSG00000169895,SYAP1,TRACKS_FIBROSIS,EFO_0003095,-0.2178877778870687,1.987636436046084e-05,5,falls
ENSG00000100297,MCM5,TRACKS_FIBROSIS,EFO_0003095,0.21777584640354766,1.225892618821485e-11,5,rises
ENSG00000111254,AKAP3,TRACKS_FIBROSIS,EFO_0003095,-0.21772292717715713,8.448108536333238e-05,5,falls
ENSG00000103005,USB1,TRACKS_FIBROSIS,EFO_0003095,0.21756897285017185,1.1549824429415479e-10,5,rises
ENSG00000114487,MORC1,TRACKS_FIBROSIS,EFO_0003095,-0.2175580809660424,2.1732116015717577e-06,5,falls
ENSG00000121964,QTMAN,TRACKS_FIBROSIS,EFO_0003095,0.2175377098847904,0.0015062029454422368,5,rises
ENSG00000168899,VAMP5,TRACKS_FIBROSIS,EFO_0003095,0.21752653688716858,4.1502508783015846e-07,5,rises
ENSG00000116670,MAD2L2,TRACKS_FIBROSIS,EFO_0003095,0.21735285909936886,1.465353460550022e-06,5,rises
ENSG00000171522,PTGER4,TRACKS_FIBROSIS,EFO_0003095,0.21732284971848242,0.00012546740055641232,5,rises
ENSG00000184160,ADRA2C,TRACKS_FIBROSIS,EFO_0003095,0.21732243947140084,7.555864437141398e-07,5,rises
ENSG00000149257,SERPINH1,TRACKS_FIBROSIS,EFO_0003095,0.21731194376928192,1.2541362305385042e-09,5,rises
ENSG00000107738,VSIR,TRACKS_FIBROSIS,EFO_0003095,0.21731127427693786,8.298593281439316e-08,5,rises
ENSG00000112339,HBS1L,TRACKS_FIBROSIS,EFO_0003095,-0.21730345054989092,2.439208758488687e-06,5,falls
ENSG00000146670,CDCA5,TRACKS_FIBROSIS,EFO_0003095,0.2172201945264473,5.809993097076063e-06,5,rises
ENSG00000197982,C1orf122,TRACKS_FIBROSIS,EFO_0003095,0.2171759998457561,0.003748129386613278,5,rises
ENSG00000135423,GLS2,TRACKS_FIBROSIS,EFO_0003095,-0.21712289538569993,3.499233740547452e-06,5,falls
ENSG00000116584,ARHGEF2,TRACKS_FIBROSIS,EFO_0003095,0.21707277308946635,3.0447809853027524e-13,5,rises
ENSG00000168209,DDIT4,TRACKS_FIBROSIS,EFO_0003095,0.21706143684727577,0.0025790015398039403,5,rises
ENSG00000080573,COL5A3,TRACKS_FIBROSIS,EFO_0003095,0.21683082085539093,8.27838708195403e-06,5,rises
ENSG00000026508,CD44,TRACKS_FIBROSIS,EFO_0003095,0.21680426862536287,2.0618118990515098e-05,5,rises
ENSG00000052749,RRP12,TRACKS_FIBROSIS,EFO_0003095,0.21676010273973634,3.212574698249106e-08,5,rises
ENSG00000227507,LTB,TRACKS_FIBROSIS,EFO_0003095,0.21675721767219633,2.570877303456218e-10,5,rises
ENSG00000183307,TMEM121B,TRACKS_FIBROSIS,EFO_0003095,0.21673890586182992,6.616317658613583e-06,5,rises
ENSG00000108819,PPP1R9B,TRACKS_FIBROSIS,EFO_0003095,0.21662634778984013,1.0275184576808258e-14,5,rises
ENSG00000213066,CEP43,TRACKS_FIBROSIS,EFO_0003095,-0.21661690528191418,0.0009212863855185411,5,falls
ENSG00000132109,TRIM21,TRACKS_FIBROSIS,EFO_0003095,0.21655870419656592,0.00026293817928066567,5,rises
ENSG00000110060,PUS3,TRACKS_FIBROSIS,EFO_0003095,-0.216496262757037,0.0021002495705859108,5,falls
ENSG00000184293,CLECL1,TRACKS_FIBROSIS,EFO_0003095,0.21641993384766392,0.00530656633187187,5,rises
ENSG00000182318,ZSCAN22,TRACKS_FIBROSIS,EFO_0003095,-0.21620149941842998,0.000509065999490343,5,falls
ENSG00000151461,UPF2,TRACKS_FIBROSIS,EFO_0003095,-0.21616180999863707,0.0001432142129814344,5,falls
ENSG00000161835,TAMALIN,TRACKS_FIBROSIS,EFO_0003095,0.21608243115905132,6.713749051819567e-06,5,rises
ENSG00000177602,HASPIN,TRACKS_FIBROSIS,EFO_0003095,0.21606920135245375,9.014376684446996e-06,5,rises
ENSG00000130598,TNNI2,TRACKS_FIBROSIS,EFO_0003095,0.21598269567947492,7.309847527531171e-06,5,rises
ENSG00000178700,DHFR2,TRACKS_FIBROSIS,EFO_0003095,-0.21595459726446398,2.593632250948137e-05,5,falls
ENSG00000155093,PTPRN2,TRACKS_FIBROSIS,EFO_0003095,0.21587075425348928,1.694986173412342e-08,5,rises
ENSG00000144452,ABCA12,TRACKS_FIBROSIS,EFO_0003095,0.21587017925979038,8.848289328653696e-05,5,rises
ENSG00000181191,PJA1,TRACKS_FIBROSIS,EFO_0003095,0.21585369879035726,2.0787506743997962e-07,5,rises
ENSG00000125826,RBCK1,TRACKS_FIBROSIS,EFO_0003095,0.21579342825820885,4.3796370452067455e-06,5,rises
ENSG00000143147,GPR161,TRACKS_FIBROSIS,EFO_0003095,0.21567103169687152,3.1220982378767305e-05,5,rises
ENSG00000175536,LIPT2,TRACKS_FIBROSIS,EFO_0003095,-0.2156099658063077,9.807300806382115e-06,5,falls
ENSG00000146386,ABRACL,TRACKS_FIBROSIS,EFO_0003095,0.21543612050679492,1.5046307782072892e-05,5,rises
ENSG00000177105,RHOG,TRACKS_FIBROSIS,EFO_0003095,0.2153052491163889,3.147112526139463e-07,5,rises
ENSG00000072415,PALS1,TRACKS_FIBROSIS,EFO_0003095,-0.21523572353680315,2.6332457731119714e-06,5,falls
ENSG00000123685,BATF3,TRACKS_FIBROSIS,EFO_0003095,0.2152066309346568,0.00013311488148538112,5,rises
ENSG00000187109,NAP1L1,TRACKS_FIBROSIS,EFO_0003095,0.21518989303965502,1.6513544532452402e-06,5,rises
ENSG00000161981,SNRNP25,TRACKS_FIBROSIS,EFO_0003095,-0.21495789759825298,1.1704044843710388e-05,5,falls
ENSG00000159753,CARMIL2,TRACKS_FIBROSIS,EFO_0003095,0.21486464876868838,6.472090804872396e-10,5,rises
ENSG00000069535,MAOB,TRACKS_FIBROSIS,EFO_0003095,-0.21486064538730668,3.5682377155192576e-09,5,falls
ENSG00000119950,MXI1,TRACKS_FIBROSIS,EFO_0003095,-0.21482474651217065,1.9500081615322947e-10,5,falls
ENSG00000107736,CDH23,TRACKS_FIBROSIS,EFO_0003095,-0.2145946555096733,1.2838446861364475e-05,5,falls
ENSG00000067208,EVI5,TRACKS_FIBROSIS,EFO_0003095,-0.2145742332069218,7.702241004242216e-05,5,falls
ENSG00000163751,CPA3,TRACKS_FIBROSIS,EFO_0003095,0.21452824895688527,7.745765616785847e-06,5,rises
ENSG00000183784,DOCK8-AS1,TRACKS_FIBROSIS,EFO_0003095,0.21452403197768474,0.00010494772974052512,5,rises
ENSG00000151883,PARP8,TRACKS_FIBROSIS,EFO_0003095,0.21452131398053126,2.7943660843859283e-05,5,rises
ENSG00000197299,BLM,TRACKS_FIBROSIS,EFO_0003095,0.21450808417393366,4.331242657079139e-05,5,rises
ENSG00000049130,KITLG,TRACKS_FIBROSIS,EFO_0003095,0.2144851217365108,0.00011401742550795564,5,rises
ENSG00000159884,CCDC107,TRACKS_FIBROSIS,EFO_0003095,0.21448350635163446,9.69021065866922e-08,5,rises
ENSG00000189409,MMP23B,TRACKS_FIBROSIS,EFO_0003095,0.21444564660734877,9.376004534844546e-08,5,rises
ENSG00000163293,NIPAL1,TRACKS_FIBROSIS,EFO_0003095,-0.2144419351409455,2.5804679243577e-06,5,falls
ENSG00000155970,MICU3,TRACKS_FIBROSIS,EFO_0003095,-0.21442870533434785,0.0004505129499277748,5,falls
ENSG00000154380,ENAH,TRACKS_FIBROSIS,EFO_0003095,0.21427435915646717,6.231522778248972e-06,5,rises
ENSG00000162004,CCDC78,TRACKS_FIBROSIS,EFO_0003095,0.21416410920239534,0.0010538013102201476,5,rises
ENSG00000163395,IGFN1,TRACKS_FIBROSIS,EFO_0003095,0.21411187250051453,1.799600230176252e-07,5,rises
ENSG00000100450,GZMH,TRACKS_FIBROSIS,EFO_0003095,0.21410777589417324,0.004361836771363123,5,rises
ENSG00000174744,BRMS1,TRACKS_FIBROSIS,EFO_0003095,0.21394193822833468,2.4888809012488633e-05,5,rises
ENSG00000105655,ISYNA1,TRACKS_FIBROSIS,EFO_0003095,0.2138267107738283,1.4492349382450553e-09,5,rises
ENSG00000081377,CDC14B,TRACKS_FIBROSIS,EFO_0003095,-0.2138251084162111,5.57011886822475e-07,5,falls
ENSG00000163110,PDLIM5,TRACKS_FIBROSIS,EFO_0003095,-0.21380690442425937,5.623292557801722e-06,5,falls
ENSG00000180353,HCLS1,TRACKS_FIBROSIS,EFO_0003095,0.21369765771207624,0.0009863550252179707,5,rises
ENSG00000128313,APOL5,TRACKS_FIBROSIS,EFO_0003095,-0.2136848659712828,9.891173002128361e-07,5,falls
ENSG00000164107,HAND2,TRACKS_FIBROSIS,EFO_0003095,0.21363882007855153,3.872267203377899e-15,5,rises
ENSG00000106868,SUSD1,TRACKS_FIBROSIS,EFO_0003095,0.21363491693849027,6.791114209583174e-08,5,rises
ENSG00000167900,TK1,TRACKS_FIBROSIS,EFO_0003095,0.2134761592593187,0.00010363239548045736,5,rises
ENSG00000139344,AMDHD1,TRACKS_FIBROSIS,EFO_0003095,-0.21347459834772448,5.914774261034462e-05,5,falls
ENSG00000164761,TNFRSF11B,TRACKS_FIBROSIS,EFO_0003095,0.21345868764182346,6.556666254101507e-05,5,rises
ENSG00000197694,SPTAN1,TRACKS_FIBROSIS,EFO_0003095,0.21334872182981804,1.3799207657949842e-09,5,rises
ENSG00000138134,STAMBPL1,TRACKS_FIBROSIS,EFO_0003095,0.21330417177354954,9.014376684446996e-06,5,rises
ENSG00000137880,GCHFR,TRACKS_FIBROSIS,EFO_0003095,-0.21328764851429524,9.284655628276494e-05,5,falls
ENSG00000126777,KTN1,TRACKS_FIBROSIS,EFO_0003095,-0.2132777121603543,5.187563807714714e-05,5,falls
ENSG00000143248,RGS5,TRACKS_FIBROSIS,EFO_0003095,-0.21317723400352578,2.8233994529620947e-07,5,falls
ENSG00000173020,GRK2,TRACKS_FIBROSIS,EFO_0003095,0.21314805236452877,5.694993335505876e-11,5,rises
ENSG00000134470,IL15RA,TRACKS_FIBROSIS,EFO_0003095,0.21298228193668112,2.07752273511357e-08,5,rises
ENSG00000153246,PLA2R1,TRACKS_FIBROSIS,EFO_0003095,0.21282789873603492,1.4063929393610417e-08,5,rises
ENSG00000142731,PLK4,TRACKS_FIBROSIS,EFO_0003095,0.21278957144511557,4.373217399116211e-05,5,rises
ENSG00000146242,TPBG,TRACKS_FIBROSIS,EFO_0003095,0.21256815835378623,6.267898988451847e-06,5,rises
ENSG00000196329,GIMAP5,TRACKS_FIBROSIS,EFO_0003095,0.21255694991786137,2.1165363253996705e-05,5,rises
ENSG00000144820,ADGRG7,TRACKS_FIBROSIS,EFO_0003095,-0.2125559118208684,1.1564849836195682e-07,5,falls
ENSG00000177409,SAMD9L,TRACKS_FIBROSIS,EFO_0003095,0.21253513511244404,0.00017989863829092178,5,rises
ENSG00000170745,KCNS3,TRACKS_FIBROSIS,EFO_0003095,0.2125118965352032,2.4159315048820232e-08,5,rises
ENSG00000137309,HMGA1,TRACKS_FIBROSIS,EFO_0003095,0.2124284611167336,2.0678773968741717e-11,5,rises
ENSG00000177096,PHETA2,TRACKS_FIBROSIS,EFO_0003095,0.21233821874740347,1.181671330179858e-06,5,rises
ENSG00000066697,MSANTD3,TRACKS_FIBROSIS,EFO_0003095,0.21228929542689648,3.5394732624587212e-06,5,rises
ENSG00000104738,MCM4,TRACKS_FIBROSIS,EFO_0003095,0.21223255743914174,4.201382348858471e-05,5,rises
ENSG00000169715,MT1E,TRACKS_FIBROSIS,EFO_0003095,-0.21222691819325007,6.456124496176959e-09,5,falls
ENSG00000188921,HACD4,TRACKS_FIBROSIS,EFO_0003095,0.21220609782594643,2.6355978272521148e-06,5,rises
ENSG00000110583,NAA40,TRACKS_FIBROSIS,EFO_0003095,0.2121804410387684,1.1808822838412117e-08,5,rises
ENSG00000150938,CRIM1,TRACKS_FIBROSIS,EFO_0003095,0.21216651693648325,3.9678386711455814e-10,5,rises
ENSG00000141556,TBCD,TRACKS_FIBROSIS,EFO_0003095,0.21208993289583056,1.6463283200576547e-11,5,rises
ENSG00000136874,STX17,TRACKS_FIBROSIS,EFO_0003095,-0.21187205630806957,0.0001508730717362171,5,falls
ENSG00000197586,ENTPD6,TRACKS_FIBROSIS,EFO_0003095,0.21181473921797878,5.6457925107417966e-08,5,rises
ENSG00000138764,CCNG2,TRACKS_FIBROSIS,EFO_0003095,0.21180880180270667,7.597567031201145e-05,5,rises
ENSG00000136114,THSD1,TRACKS_FIBROSIS,EFO_0003095,0.21180182848807064,1.031620808069287e-05,5,rises
ENSG00000143333,RGS16,TRACKS_FIBROSIS,EFO_0003095,0.21179926141743077,5.510702278616488e-09,5,rises
ENSG00000114790,ARHGEF26,TRACKS_FIBROSIS,EFO_0003095,-0.21177377080550588,4.202090732494484e-05,5,falls
ENSG00000168792,ABHD15,TRACKS_FIBROSIS,EFO_0003095,-0.21176459281445917,8.868015275915864e-10,5,falls
ENSG00000066855,MTFR1,TRACKS_FIBROSIS,EFO_0003095,-0.21171937301926247,2.9831880012123257e-05,5,falls
ENSG00000187446,CHP1,TRACKS_FIBROSIS,EFO_0003095,-0.2116908036083245,3.653809055426657e-07,5,falls
ENSG00000162769,FLVCR1,TRACKS_FIBROSIS,EFO_0003095,0.21148338561537097,9.717732354762312e-05,5,rises
ENSG00000130827,PLXNA3,TRACKS_FIBROSIS,EFO_0003095,0.21137168236161555,1.4216111739674413e-11,5,rises
ENSG00000119900,OGFRL1,TRACKS_FIBROSIS,EFO_0003095,0.21135939020369826,0.00010960348554537475,5,rises
ENSG00000114796,KLHL24,TRACKS_FIBROSIS,EFO_0003095,-0.2112962221902829,0.00012432741934676527,5,falls
ENSG00000064490,RFXANK,TRACKS_FIBROSIS,EFO_0003095,0.21127659148172198,3.6199276243160345e-06,5,rises
ENSG00000256162,SMLR1,TRACKS_FIBROSIS,EFO_0003095,-0.2112495421034864,1.0936033162703379e-07,5,falls
ENSG00000197302,KRABD5,TRACKS_FIBROSIS,EFO_0003095,0.21122709213772198,6.258331214968572e-06,5,rises
ENSG00000163581,SLC2A2,TRACKS_FIBROSIS,EFO_0003095,-0.21118740271792916,2.0914497360671807e-06,5,falls
ENSG00000148730,EIF4EBP2,TRACKS_FIBROSIS,EFO_0003095,-0.21111003322805477,8.535067423813522e-09,5,falls
ENSG00000168264,IRF2BP2,TRACKS_FIBROSIS,EFO_0003095,0.21099038126743613,6.093727841561772e-07,5,rises
ENSG00000136002,ARHGEF4,TRACKS_FIBROSIS,EFO_0003095,-0.2109864932329885,0.0033648700543943344,5,falls
ENSG00000167604,NFKBID,TRACKS_FIBROSIS,EFO_0003095,0.2108925346264222,1.107603590077791e-11,5,rises
ENSG00000115073,ACTR1B,TRACKS_FIBROSIS,EFO_0003095,0.21065821045402408,4.04268574906176e-06,5,rises
ENSG00000205413,SAMD9,TRACKS_FIBROSIS,EFO_0003095,0.21050852104848963,0.004298302542257238,5,rises
ENSG00000159231,CBR3,TRACKS_FIBROSIS,EFO_0003095,0.21050793768578405,5.0592855937235944e-05,5,rises
ENSG00000100979,PLTP,TRACKS_FIBROSIS,EFO_0003095,0.21046955124088454,0.001641031208069985,5,rises
ENSG00000099937,SERPIND1,TRACKS_FIBROSIS,EFO_0003095,-0.21045297520264367,0.00030663869640677884,5,falls
ENSG00000122547,EEPD1,TRACKS_FIBROSIS,EFO_0003095,0.210436833393283,0.00013171147188525693,5,rises
ENSG00000188554,NBR1,TRACKS_FIBROSIS,EFO_0003095,-0.21040481205201295,0.0011145855801368597,5,falls
ENSG00000164291,ARSK,TRACKS_FIBROSIS,EFO_0003095,-0.21026131625609518,0.0018972771013239232,5,falls
ENSG00000077984,CST7,TRACKS_FIBROSIS,EFO_0003095,0.21017072823279068,4.38163174902575e-07,5,rises
ENSG00000133065,SLC41A1,TRACKS_FIBROSIS,EFO_0003095,0.21006286915713077,8.478139219644711e-06,5,rises
ENSG00000131153,GINS2,TRACKS_FIBROSIS,EFO_0003095,0.20998378394800507,1.0297454526514643e-05,5,rises
ENSG00000182636,NDN,TRACKS_FIBROSIS,EFO_0003095,0.2099516949326959,0.00039734259916563195,5,rises
ENSG00000172915,NBEA,TRACKS_FIBROSIS,EFO_0003095,0.20991529129929531,2.3876014859942426e-06,5,rises
ENSG00000123124,WWP1,TRACKS_FIBROSIS,EFO_0003095,-0.2098908816713616,1.5063543375926868e-05,5,falls
ENSG00000090006,LTBP4,TRACKS_FIBROSIS,EFO_0003095,0.209877651864764,4.1987560990288386e-24,5,rises
ENSG00000186265,BTLA,TRACKS_FIBROSIS,EFO_0003095,0.20985119225156879,0.0002929186206929934,5,rises
ENSG00000170145,SIK2,TRACKS_FIBROSIS,EFO_0003095,-0.2097982730251782,4.841967877953487e-05,5,falls
ENSG00000113492,AGXT2,TRACKS_FIBROSIS,EFO_0003095,-0.20959982592621382,9.845795469094902e-07,5,falls
ENSG00000156374,PCGF6,TRACKS_FIBROSIS,EFO_0003095,-0.20942994748513155,0.0002014056843575597,5,falls
ENSG00000141441,GAREM1,TRACKS_FIBROSIS,EFO_0003095,-0.20934698028795012,0.0005612684297813365,5,falls
ENSG00000101940,WDR13,TRACKS_FIBROSIS,EFO_0003095,0.20934309198746948,1.4741508771253915e-10,5,rises
ENSG00000171345,KRT19,TRACKS_FIBROSIS,EFO_0003095,0.2092621649705271,7.647080698023863e-05,5,rises
ENSG00000127666,TICAM1,TRACKS_FIBROSIS,EFO_0003095,0.20916324230849212,4.273308317648427e-05,5,rises
ENSG00000147010,SH3KBP1,TRACKS_FIBROSIS,EFO_0003095,0.2091359845932504,0.00024014452406374666,5,rises
ENSG00000166292,TMEM100,TRACKS_FIBROSIS,EFO_0003095,0.2091188204957013,1.3708816418426655e-05,5,rises
ENSG00000068001,HYAL2,TRACKS_FIBROSIS,EFO_0003095,0.20908667688226037,1.6042569792459468e-06,5,rises
ENSG00000204248,COL11A2,TRACKS_FIBROSIS,EFO_0003095,-0.2090495966549787,1.3462781944147691e-05,5,falls
ENSG00000163564,PYHIN1,TRACKS_FIBROSIS,EFO_0003095,0.20894708073249388,7.201978068573456e-06,5,rises
ENSG00000161911,TREML1,TRACKS_FIBROSIS,EFO_0003095,0.20891555345849935,1.6915562644566791e-10,5,rises
ENSG00000134874,DZIP1,TRACKS_FIBROSIS,EFO_0003095,0.20878760876160943,1.420989848157215e-08,5,rises
ENSG00000196588,MRTFA,TRACKS_FIBROSIS,EFO_0003095,0.20876634811056333,0.00025918114698301504,5,rises
ENSG00000104774,MAN2B1,TRACKS_FIBROSIS,EFO_0003095,0.20852611109335434,7.06913080097344e-09,5,rises
ENSG00000023892,DEF6,TRACKS_FIBROSIS,EFO_0003095,0.208357083541148,1.2505739548651002e-09,5,rises
ENSG00000139915,MDGA2,TRACKS_FIBROSIS,EFO_0003095,-0.20827948359591814,0.0005503846566614316,5,falls
ENSG00000158062,UBXN11,TRACKS_FIBROSIS,EFO_0003095,0.20820419816456376,5.0275673178877805e-08,5,rises
ENSG00000166750,SLFN5,TRACKS_FIBROSIS,EFO_0003095,0.20817930190877826,5.4861531448414226e-06,5,rises
ENSG00000137106,GRHPR,TRACKS_FIBROSIS,EFO_0003095,-0.20817729033828486,1.2726154097524407e-06,5,falls
ENSG00000205795,CYS1,TRACKS_FIBROSIS,EFO_0003095,0.20814182093091732,9.236758625653265e-11,5,rises
ENSG00000161677,JOSD2,TRACKS_FIBROSIS,EFO_0003095,0.20809162797408431,1.1286987545874049e-05,5,rises
ENSG00000181826,RELL1,TRACKS_FIBROSIS,EFO_0003095,0.20803098099965137,0.00041449223901215553,5,rises
ENSG00000174939,ASPHD1,TRACKS_FIBROSIS,EFO_0003095,0.20800069433656698,3.916629097305448e-08,5,rises
ENSG00000156869,FRRS1,TRACKS_FIBROSIS,EFO_0003095,-0.20799954914804816,1.850843686980683e-09,5,falls
ENSG00000073464,CLCN4,TRACKS_FIBROSIS,EFO_0003095,-0.20797802153445719,0.00908184577367736,5,falls
ENSG00000117984,CTSD,TRACKS_FIBROSIS,EFO_0003095,0.20796336411460825,0.00015021413404491356,5,rises
ENSG00000167711,SERPINF2,TRACKS_FIBROSIS,EFO_0003095,-0.20792778140369922,1.6451933100497838e-05,5,falls
ENSG00000174282,ZBTB4,TRACKS_FIBROSIS,EFO_0003095,0.20787995106852222,6.318642526569486e-16,5,rises
ENSG00000130775,THEMIS2,TRACKS_FIBROSIS,EFO_0003095,0.20780849963596104,0.0001347673093123087,5,rises
ENSG00000168060,NAALADL1,TRACKS_FIBROSIS,EFO_0003095,0.20780291146924623,2.147293595830427e-09,5,rises
ENSG00000139567,ACVRL1,TRACKS_FIBROSIS,EFO_0003095,0.20771470847283666,7.2656462917727675e-06,5,rises
ENSG00000135446,CDK4,TRACKS_FIBROSIS,EFO_0003095,0.2076876363443223,0.0011728694864043645,5,rises
ENSG00000179431,FJX1,TRACKS_FIBROSIS,EFO_0003095,0.20767980943539505,1.6522697590602584e-07,5,rises
ENSG00000123612,ACVR1C,TRACKS_FIBROSIS,EFO_0003095,-0.20766604163898694,3.0387027914281688e-09,5,falls
ENSG00000203685,STUM,TRACKS_FIBROSIS,EFO_0003095,0.20751568824703118,0.0027226964504669477,5,rises
ENSG00000065833,ME1,TRACKS_FIBROSIS,EFO_0003095,0.20737662404762097,2.631472138578365e-05,5,rises
ENSG00000112425,EPM2A,TRACKS_FIBROSIS,EFO_0003095,-0.20727280035841533,0.0035319022593318546,5,falls
ENSG00000144331,ZNF385B,TRACKS_FIBROSIS,EFO_0003095,-0.20727137996503137,2.1586198908580636e-05,5,falls
ENSG00000187513,GJA4,TRACKS_FIBROSIS,EFO_0003095,0.20725815015843374,0.00014514935587566,5,rises
ENSG00000068971,PPP2R5B,TRACKS_FIBROSIS,EFO_0003095,0.20725508574672832,1.0320905199198107e-06,5,rises
ENSG00000160654,CD3G,TRACKS_FIBROSIS,EFO_0003095,0.20714892419230146,1.4199033415690157e-06,5,rises
ENSG00000162078,ZG16B,TRACKS_FIBROSIS,EFO_0003095,0.20710710603400034,4.493512656294686e-06,5,rises
ENSG00000107175,CREB3,TRACKS_FIBROSIS,EFO_0003095,0.20697994351496946,4.2078666779062823e-05,5,rises
ENSG00000158485,CD1B,TRACKS_FIBROSIS,EFO_0003095,0.20693257645114585,1.8992752641693347e-05,5,rises
ENSG00000113448,PDE4D,TRACKS_FIBROSIS,EFO_0003095,0.20691417518689542,1.191383433362341e-06,5,rises
ENSG00000167895,TMC8,TRACKS_FIBROSIS,EFO_0003095,0.2068902187132784,1.667267986299324e-15,5,rises
ENSG00000175600,SUGCT,TRACKS_FIBROSIS,EFO_0003095,-0.20683479634730967,1.3730620279487643e-07,5,falls
ENSG00000107338,SHB,TRACKS_FIBROSIS,EFO_0003095,0.20678187712091914,5.8464416070523705e-08,5,rises
ENSG00000168229,PTGDR,TRACKS_FIBROSIS,EFO_0003095,0.2067686473143216,1.0940053042381037e-07,5,rises
ENSG00000144824,PHLDB2,TRACKS_FIBROSIS,EFO_0003095,-0.20657020021535713,9.48431714630244e-06,5,falls
ENSG00000165516,KLHDC2,TRACKS_FIBROSIS,EFO_0003095,-0.20637175311639266,3.977741168922075e-08,5,falls
ENSG00000072315,TRPC5,TRACKS_FIBROSIS,EFO_0003095,-0.20635331088630654,8.775569932297615e-09,5,falls
ENSG00000112742,TTK,TRACKS_FIBROSIS,EFO_0003095,0.2062585100141872,0.0003621196806508342,5,rises
ENSG00000150672,DLG2,TRACKS_FIBROSIS,EFO_0003095,-0.20611125959787582,0.0001011463637437565,5,falls
ENSG00000196152,ZNF79,TRACKS_FIBROSIS,EFO_0003095,0.20604100795145205,1.3528795717513872e-07,5,rises
ENSG00000122779,TRIM24,TRACKS_FIBROSIS,EFO_0003095,-0.20601454833825672,3.8812929375573333e-07,5,falls
ENSG00000129103,SUMF2,TRACKS_FIBROSIS,EFO_0003095,0.20597329474944548,3.4830557121452985e-05,5,rises
ENSG00000130733,YIPF2,TRACKS_FIBROSIS,EFO_0003095,0.20586902046568284,0.0007656213205465465,5,rises
ENSG00000182534,MXRA7,TRACKS_FIBROSIS,EFO_0003095,0.2057426095956604,1.6635830492012348e-07,5,rises
ENSG00000142733,MAP3K6,TRACKS_FIBROSIS,EFO_0003095,0.2056573435601208,5.575044513652684e-07,5,rises
ENSG00000266964,FXYD1,TRACKS_FIBROSIS,EFO_0003095,-0.20560767908729896,0.0011985685300213154,5,falls
ENSG00000118777,ABCG2,TRACKS_FIBROSIS,EFO_0003095,-0.20558557743442765,0.0004812743948261341,5,falls
ENSG00000132357,CARD6,TRACKS_FIBROSIS,EFO_0003095,0.20546646640336835,0.0005523772374985101,5,rises
ENSG00000164100,NDST3,TRACKS_FIBROSIS,EFO_0003095,-0.2053617530510426,9.537032420783408e-07,5,falls
ENSG00000141040,ZNF287,TRACKS_FIBROSIS,EFO_0003095,0.2052651287275053,1.372069250576748e-07,5,rises
ENSG00000141665,FBXO15,TRACKS_FIBROSIS,EFO_0003095,-0.20524721955559436,0.0006125325604399573,5,falls
ENSG00000179104,TMTC2,TRACKS_FIBROSIS,EFO_0003095,0.20521009094953657,6.105868952430771e-06,5,rises
ENSG00000179715,PCED1B,TRACKS_FIBROSIS,EFO_0003095,0.20507523206982514,5.83229786401902e-07,5,rises
ENSG00000106605,BLVRA,TRACKS_FIBROSIS,EFO_0003095,0.2050310098309076,3.70226873791513e-07,5,rises
ENSG00000102931,ARL2BP,TRACKS_FIBROSIS,EFO_0003095,0.20500445760087954,0.0011600678051090988,5,rises
ENSG00000132004,FBXW9,TRACKS_FIBROSIS,EFO_0003095,0.20494293400384891,0.00021125811737720174,5,rises
ENSG00000146112,PPP1R18,TRACKS_FIBROSIS,EFO_0003095,0.20485516859246403,2.6750449248375393e-10,5,rises
ENSG00000144354,CDCA7,TRACKS_FIBROSIS,EFO_0003095,0.2048493624449495,2.5337615756061352e-05,5,rises
ENSG00000140526,ABHD2,TRACKS_FIBROSIS,EFO_0003095,-0.2048464438331036,0.00047426785898845936,5,falls
ENSG00000101974,ATP11C,TRACKS_FIBROSIS,EFO_0003095,-0.2048028200363016,0.00014166722010778147,5,falls
ENSG00000213889,PPM1N,TRACKS_FIBROSIS,EFO_0003095,0.20457930832932872,9.155594452133246e-06,5,rises
ENSG00000177989,CIMAP1B,TRACKS_FIBROSIS,EFO_0003095,0.20457249941911532,0.008158279804183223,5,rises
ENSG00000137825,ITPKA,TRACKS_FIBROSIS,EFO_0003095,0.20457041853390784,0.00039464276223007827,5,rises
ENSG00000167775,CD320,TRACKS_FIBROSIS,EFO_0003095,0.20454603980592007,5.575044513652684e-07,5,rises
ENSG00000170500,LONRF2,TRACKS_FIBROSIS,EFO_0003095,0.20445343115973666,1.1224053252898356e-06,5,rises
ENSG00000144935,TRPC1,TRACKS_FIBROSIS,EFO_0003095,0.204441994817577,7.813579965968361e-05,5,rises
ENSG00000197147,LRRC8B,TRACKS_FIBROSIS,EFO_0003095,0.20443117385495263,0.02299369933853348,5,rises
ENSG00000105251,SHD,TRACKS_FIBROSIS,EFO_0003095,-0.2044167494346037,9.268000417144745e-06,5,falls
ENSG00000157873,TNFRSF14,TRACKS_FIBROSIS,EFO_0003095,0.20436616367079122,1.2970374463358612e-08,5,rises
ENSG00000188869,TMC3,TRACKS_FIBROSIS,EFO_0003095,-0.20433561952752144,4.666167981827123e-05,5,falls
ENSG00000106123,EPHB6,TRACKS_FIBROSIS,EFO_0003095,0.2043172403502842,1.1781102618239663e-08,5,rises
ENSG00000178343,SHISA3,TRACKS_FIBROSIS,EFO_0003095,0.20421672431383206,0.00016863665603154403,5,rises
ENSG00000154174,TOMM70,TRACKS_FIBROSIS,EFO_0003095,-0.20409930506622703,0.0011106792479424084,5,falls
ENSG00000170854,RIOX2,TRACKS_FIBROSIS,EFO_0003095,0.2040408235894198,2.5168675229795763e-05,5,rises
ENSG00000183655,KLHL25,TRACKS_FIBROSIS,EFO_0003095,0.2040220250898402,9.017210465561152e-05,5,rises
ENSG00000239697,TNFSF12,TRACKS_FIBROSIS,EFO_0003095,0.20400450455482458,4.875548159187175e-05,5,rises
ENSG00000147202,DIAPH2,TRACKS_FIBROSIS,EFO_0003095,-0.2039903879288197,0.0008170895522862948,5,falls
ENSG00000145569,OTULINL,TRACKS_FIBROSIS,EFO_0003095,0.20388926393969975,9.105792590884425e-07,5,rises
ENSG00000036828,CASR,TRACKS_FIBROSIS,EFO_0003095,0.20384352393024333,0.00028934439039348216,5,rises
ENSG00000182566,CLEC4G,TRACKS_FIBROSIS,EFO_0003095,-0.20378817807679683,1.8314991012888125e-08,5,falls
ENSG00000102575,ACP5,TRACKS_FIBROSIS,EFO_0003095,0.20371932966751996,0.00048445231662353166,5,rises
ENSG00000176619,LMNB2,TRACKS_FIBROSIS,EFO_0003095,0.20367022943657942,1.3184357241501785e-14,5,rises
ENSG00000107551,RASSF4,TRACKS_FIBROSIS,EFO_0003095,0.20366622520746375,1.6524922151334178e-09,5,rises
ENSG00000167566,NCKAP5L,TRACKS_FIBROSIS,EFO_0003095,0.20362986769716118,3.383531286891609e-13,5,rises
ENSG00000137338,PGBD1,TRACKS_FIBROSIS,EFO_0003095,0.20341132379919413,4.485699354216715e-08,5,rises
ENSG00000147570,DNAJC5B,TRACKS_FIBROSIS,EFO_0003095,0.2033018014396373,1.0279526194811549e-05,5,rises
ENSG00000135404,CD63,TRACKS_FIBROSIS,EFO_0003095,0.20323607908100869,0.0014335927330972576,5,rises
ENSG00000128596,CCDC136,TRACKS_FIBROSIS,EFO_0003095,0.2031985632522052,3.495146135613185e-06,5,rises
ENSG00000102048,ASB9,TRACKS_FIBROSIS,EFO_0003095,-0.2031974643139871,0.0001866405020884816,5,falls
ENSG00000021300,PLEKHB1,TRACKS_FIBROSIS,EFO_0003095,0.20294523320760713,1.0895897730188083e-10,5,rises
ENSG00000005059,MCUB,TRACKS_FIBROSIS,EFO_0003095,0.20264650895497086,3.7894689741718105e-08,5,rises
ENSG00000134516,DOCK2,TRACKS_FIBROSIS,EFO_0003095,0.20264094765586171,1.43830550667651e-05,5,rises
ENSG00000145331,TRMT10A,TRACKS_FIBROSIS,EFO_0003095,-0.2025988255603345,8.863635948195356e-05,5,falls
ENSG00000160563,MED27,TRACKS_FIBROSIS,EFO_0003095,0.20258802842947118,8.496629812828935e-05,5,rises
ENSG00000060982,BCAT1,TRACKS_FIBROSIS,EFO_0003095,0.20258493554489834,4.66375374652509e-06,5,rises
ENSG00000182518,VCF2,TRACKS_FIBROSIS,EFO_0003095,-0.20250218652048518,1.1215093636475175e-06,5,falls
ENSG00000183726,TMEM50A,TRACKS_FIBROSIS,EFO_0003095,0.20247894658223448,2.781026285629316e-05,5,rises
ENSG00000131482,G6PC1,TRACKS_FIBROSIS,EFO_0003095,-0.20215482958387573,0.0012418816011571037,5,falls
ENSG00000114978,MOB1A,TRACKS_FIBROSIS,EFO_0003095,0.2021514448117495,0.03249407420845876,5,rises
ENSG00000160185,UBASH3A,TRACKS_FIBROSIS,EFO_0003095,0.20211123177361673,3.027787958612929e-11,5,rises
ENSG00000135956,TMEM127,TRACKS_FIBROSIS,EFO_0003095,0.2020129519544055,1.3612562348588497e-06,5,rises
ENSG00000163430,FSTL1,TRACKS_FIBROSIS,EFO_0003095,0.20198690395273097,1.0307993616551343e-08,5,rises
ENSG00000140105,WARS1,TRACKS_FIBROSIS,EFO_0003095,0.20194033025563793,0.00039127183181777623,5,rises
ENSG00000104695,PPP2CB,TRACKS_FIBROSIS,EFO_0003095,0.2019000784863946,4.5771016729788866e-05,5,rises
ENSG00000102226,USP11,TRACKS_FIBROSIS,EFO_0003095,0.2017545506138207,4.188847460627439e-06,5,rises
ENSG00000196914,ARHGEF12,TRACKS_FIBROSIS,EFO_0003095,-0.20167517177423488,0.00020218183577116254,5,falls
ENSG00000116729,WLS,TRACKS_FIBROSIS,EFO_0003095,0.20160902274124676,0.0003805679075906522,5,rises
ENSG00000075884,ARHGAP15,TRACKS_FIBROSIS,EFO_0003095,0.20152964390166098,0.00035071962102738754,5,rises
ENSG00000100221,JOSD1,TRACKS_FIBROSIS,EFO_0003095,0.20150049861838842,5.525697154741077e-05,5,rises
ENSG00000264424,MYH4,TRACKS_FIBROSIS,EFO_0003095,0.201493655350608,0.00014751586920678503,5,rises
ENSG00000134287,ARF3,TRACKS_FIBROSIS,EFO_0003095,0.20148458009293013,0.0003886189668555206,5,rises
ENSG00000145685,LHFPL2,TRACKS_FIBROSIS,EFO_0003095,0.20146349486867285,0.0004683798929820892,5,rises
ENSG00000173621,LRFN4,TRACKS_FIBROSIS,EFO_0003095,0.20138273342504803,9.74658673865013e-14,5,rises
ENSG00000125898,FAM110A,TRACKS_FIBROSIS,EFO_0003095,0.20122039416219248,7.024911918417751e-06,5,rises
ENSG00000172732,MUS81,TRACKS_FIBROSIS,EFO_0003095,0.20119348633591358,1.1152422964391632e-07,5,rises
ENSG00000144681,STAC,TRACKS_FIBROSIS,EFO_0003095,0.2011558706236524,0.0007705993213930457,5,rises
ENSG00000166349,RAG1,TRACKS_FIBROSIS,EFO_0003095,-0.20106644184020828,0.005458674308748929,5,falls
ENSG00000100346,CACNA1I,TRACKS_FIBROSIS,EFO_0003095,0.2010584244626829,1.785629875361706e-05,5,rises
ENSG00000144746,ARL6IP5,TRACKS_FIBROSIS,EFO_0003095,0.20088886194652555,0.005796339163175227,5,rises
ENSG00000060971,ACAA1,TRACKS_FIBROSIS,EFO_0003095,-0.20086815357177965,1.56035865693224e-06,5,falls
ENSG00000166743,ACSM1,TRACKS_FIBROSIS,EFO_0003095,0.20057023518618844,4.2881171473993314e-05,5,rises
ENSG00000089351,GRAMD1A,TRACKS_FIBROSIS,EFO_0003095,0.2005660447504116,1.5606839219907635e-09,5,rises
ENSG00000010671,BTK,TRACKS_FIBROSIS,EFO_0003095,0.2005524573867225,5.43641866902912e-06,5,rises
ENSG00000161940,BCL6B,TRACKS_FIBROSIS,EFO_0003095,0.2005036948614622,1.8922433949649204e-05,5,rises
ENSG00000147647,DPYS,TRACKS_FIBROSIS,EFO_0003095,-0.20027281227488633,5.2504980096344236e-05,5,falls
ENSG00000076641,PAG1,TRACKS_FIBROSIS,EFO_0003095,0.20025503921969062,3.1017886219721404e-06,5,rises
ENSG00000206579,XKR4,TRACKS_FIBROSIS,EFO_0003095,-0.2002209037009968,2.5608765825575253e-08,5,falls
ENSG00000187608,ISG15,TRACKS_FIBROSIS,EFO_0003095,0.19986024385863232,0.0001333197681251284,5,rises
ENSG00000136286,MYO1G,TRACKS_FIBROSIS,EFO_0003095,0.19980789530246984,4.950517020445046e-11,5,rises
ENSG00000096092,TMEM14A,TRACKS_FIBROSIS,EFO_0003095,-0.1998077332825534,4.57996049397976e-06,5,falls
ENSG00000058668,ATP2B4,TRACKS_FIBROSIS,EFO_0003095,0.19977953983454855,0.00011068365556999607,5,rises
ENSG00000203760,CENPW,TRACKS_FIBROSIS,EFO_0003095,0.1996748427222237,5.627160716508975e-05,5,rises
ENSG00000064393,HIPK2,TRACKS_FIBROSIS,EFO_0003095,-0.1994922536856263,0.0010429887471905743,5,falls
ENSG00000168496,FEN1,TRACKS_FIBROSIS,EFO_0003095,0.19946893928804257,0.00019805485877197364,5,rises
ENSG00000122644,ARL4A,TRACKS_FIBROSIS,EFO_0003095,0.19943709302965268,0.00010571271950299526,5,rises
ENSG00000147526,TACC1,TRACKS_FIBROSIS,EFO_0003095,0.19943379974098618,7.975034149255285e-06,5,rises
ENSG00000071051,NCK2,TRACKS_FIBROSIS,EFO_0003095,0.19943054946013236,1.4923430473930866e-07,5,rises
ENSG00000180785,OR51E1,TRACKS_FIBROSIS,EFO_0003095,0.19932931141904522,2.7926614182902748e-05,5,rises
ENSG00000179869,ABCA13,TRACKS_FIBROSIS,EFO_0003095,-0.19932759082087384,0.005348238469894287,5,falls
ENSG00000214960,CRPPA,TRACKS_FIBROSIS,EFO_0003095,-0.1991842087787221,1.7565620341432694e-06,5,falls
ENSG00000121297,TSHZ3,TRACKS_FIBROSIS,EFO_0003095,0.19906522520586228,4.802297358565535e-07,5,rises
ENSG00000188157,AGRN,TRACKS_FIBROSIS,EFO_0003095,0.1990506448977079,5.758172520819445e-09,5,rises
ENSG00000107719,PALD1,TRACKS_FIBROSIS,EFO_0003095,0.199009060075277,5.608813162037492e-08,5,rises
ENSG00000156966,B3GNT7,TRACKS_FIBROSIS,EFO_0003095,0.19898952103491646,3.668244257780737e-08,5,rises
ENSG00000124772,CPNE5,TRACKS_FIBROSIS,EFO_0003095,0.19887029123639408,7.629753967102936e-08,5,rises
ENSG00000185753,CXorf38,TRACKS_FIBROSIS,EFO_0003095,0.19884399316234258,0.0009091672547560931,5,rises
ENSG00000100345,MYH9,TRACKS_FIBROSIS,EFO_0003095,0.19879800440650303,7.771340095771545e-10,5,rises
ENSG00000111252,SH2B3,TRACKS_FIBROSIS,EFO_0003095,0.19863231625678054,1.0099186969587335e-07,5,rises
ENSG00000143079,CTTNBP2NL,TRACKS_FIBROSIS,EFO_0003095,0.19863231625678054,2.4974213215535327e-07,5,rises
ENSG00000028137,TNFRSF1B,TRACKS_FIBROSIS,EFO_0003095,0.19861908645018292,1.0823271898439797e-06,5,rises
ENSG00000138107,ACTR1A,TRACKS_FIBROSIS,EFO_0003095,0.19843543589193008,9.158874776420314e-11,5,rises
ENSG00000185262,UBALD2,TRACKS_FIBROSIS,EFO_0003095,0.19825319477344416,1.0742959950366597e-12,5,rises
ENSG00000165233,CARD19,TRACKS_FIBROSIS,EFO_0003095,0.19807666437968022,3.862590769958266e-08,5,rises
ENSG00000108175,ZMIZ1,TRACKS_FIBROSIS,EFO_0003095,0.1979311365071063,5.523617941289718e-06,5,rises
ENSG00000167491,GATAD2A,TRACKS_FIBROSIS,EFO_0003095,0.19783367730009682,4.8994139335566445e-08,5,rises
ENSG00000156136,DCK,TRACKS_FIBROSIS,EFO_0003095,0.19777066399181534,0.0009823627168623363,5,rises
ENSG00000164588,HCN1,TRACKS_FIBROSIS,EFO_0003095,0.19764025496291213,0.004638619484497273,5,rises
ENSG00000111696,NT5DC3,TRACKS_FIBROSIS,EFO_0003095,-0.19762786368607838,0.0009747654925956873,5,falls
ENSG00000156675,RAB11FIP1,TRACKS_FIBROSIS,EFO_0003095,0.19756704520333376,3.1678182455711375e-07,5,rises
ENSG00000150637,CD226,TRACKS_FIBROSIS,EFO_0003095,0.19754747211577509,0.009531198586765047,5,rises
ENSG00000109738,GLRB,TRACKS_FIBROSIS,EFO_0003095,0.1975120532335575,0.006268007928606348,5,rises
ENSG00000005844,ITGAL,TRACKS_FIBROSIS,EFO_0003095,0.1974680932761893,2.4791352449768086e-08,5,rises
ENSG00000122188,LAX1,TRACKS_FIBROSIS,EFO_0003095,0.1974337879297106,5.371995003051998e-08,5,rises
ENSG00000112303,VNN2,TRACKS_FIBROSIS,EFO_0003095,0.19734148401477264,0.004574496373332162,5,rises
ENSG00000138802,SEC24B,TRACKS_FIBROSIS,EFO_0003095,-0.19730897468765946,1.939577758145139e-06,5,falls
ENSG00000114120,SLC25A36,TRACKS_FIBROSIS,EFO_0003095,0.19728862103715303,1.4123716560656218e-05,5,rises
ENSG00000125534,PPDPF,TRACKS_FIBROSIS,EFO_0003095,0.19728573611041864,1.0172015582079659e-05,5,rises
ENSG00000095015,MAP3K1,TRACKS_FIBROSIS,EFO_0003095,0.19725641637062724,3.370369127713736e-08,5,rises
ENSG00000124570,SERPINB6,TRACKS_FIBROSIS,EFO_0003095,0.19713437662055355,9.925380269392397e-06,5,rises
ENSG00000108622,ICAM2,TRACKS_FIBROSIS,EFO_0003095,0.19704473946506523,0.00023550002790447518,5,rises
ENSG00000179761,PIPOX,TRACKS_FIBROSIS,EFO_0003095,-0.19696444234837376,1.3054471583097299e-05,5,falls
ENSG00000185338,SOCS1,TRACKS_FIBROSIS,EFO_0003095,0.1968203333150184,7.619601315642506e-05,5,rises
ENSG00000109736,SLC75A1,TRACKS_FIBROSIS,EFO_0003095,0.19680139523739956,8.898035867313473e-09,5,rises
ENSG00000164074,ABHD18,TRACKS_FIBROSIS,EFO_0003095,-0.19675368371991742,2.0368571192177374e-06,5,falls
ENSG00000158106,RHPN1,TRACKS_FIBROSIS,EFO_0003095,0.19663307792632492,1.3874793823776601e-09,5,rises
ENSG00000171813,PWWP2B,TRACKS_FIBROSIS,EFO_0003095,0.19662138565394122,2.446941671035634e-13,5,rises
ENSG00000113552,GNPDA1,TRACKS_FIBROSIS,EFO_0003095,0.19658209023596931,1.4646808540828455e-05,5,rises
ENSG00000198765,SYCP1,TRACKS_FIBROSIS,EFO_0003095,-0.1964444392790337,0.0009252923168820584,5,falls
ENSG00000170802,FOXN2,TRACKS_FIBROSIS,EFO_0003095,-0.19638324913518385,0.00013068348872471197,5,falls
ENSG00000172803,SNX32,TRACKS_FIBROSIS,EFO_0003095,0.19636840613616788,2.627700971879984e-05,5,rises
ENSG00000196743,GM2A,TRACKS_FIBROSIS,EFO_0003095,0.19630594704367713,3.148253278426626e-05,5,rises
ENSG00000089820,ARHGAP4,TRACKS_FIBROSIS,EFO_0003095,0.19616661515382153,2.3565001748994763e-11,5,rises
ENSG00000160007,ARHGAP35,TRACKS_FIBROSIS,EFO_0003095,-0.1961344541368133,7.64671442832975e-06,5,falls
ENSG00000087253,LPCAT2,TRACKS_FIBROSIS,EFO_0003095,0.19609114781493747,0.00019514161111933485,5,rises
ENSG00000139572,GPR84,TRACKS_FIBROSIS,EFO_0003095,0.19608206712006163,0.0010469427965771794,5,rises
ENSG00000114520,SNX4,TRACKS_FIBROSIS,EFO_0003095,-0.19605148693963187,1.2200383932489023e-05,5,falls
ENSG00000163219,ARHGAP25,TRACKS_FIBROSIS,EFO_0003095,0.1960453428282953,2.887795309844216e-06,5,rises
ENSG00000189403,HMGB1,TRACKS_FIBROSIS,EFO_0003095,-0.1960366180689349,0.002017391754495895,5,falls
ENSG00000177732,SOX12,TRACKS_FIBROSIS,EFO_0003095,0.19592020590426687,1.7753290050678345e-07,5,rises
ENSG00000071127,WDR1,TRACKS_FIBROSIS,EFO_0003095,0.19583515965738668,8.408661935889228e-09,5,rises
ENSG00000172717,GARIN2,TRACKS_FIBROSIS,EFO_0003095,-0.19580258534808775,0.007906347554504966,5,falls
ENSG00000254535,PABPC4L,TRACKS_FIBROSIS,EFO_0003095,0.19567890293515833,9.241674279967114e-05,5,rises
ENSG00000179348,GATA2,TRACKS_FIBROSIS,EFO_0003095,0.1956636346062776,2.4063696213610833e-09,5,rises
ENSG00000135318,NT5E,TRACKS_FIBROSIS,EFO_0003095,-0.19561558906294685,3.6668899585836715e-06,5,falls
ENSG00000141655,TNFRSF11A,TRACKS_FIBROSIS,EFO_0003095,0.19561346723995526,2.5571645244154586e-06,5,rises
ENSG00000198121,LPAR1,TRACKS_FIBROSIS,EFO_0003095,0.19549685209314285,6.7821044479454035e-06,5,rises
ENSG00000090971,NAT14,TRACKS_FIBROSIS,EFO_0003095,0.19537405736160843,2.733873041628962e-05,5,rises
ENSG00000036549,ZZZ3,TRACKS_FIBROSIS,EFO_0003095,-0.19532486460737367,0.00020993836090570022,5,falls
ENSG00000102181,CD99L2,TRACKS_FIBROSIS,EFO_0003095,-0.19531163480077599,0.00011158601740273495,5,falls
ENSG00000114554,PLXNA1,TRACKS_FIBROSIS,EFO_0003095,0.19528477230168323,7.312111669651486e-14,5,rises
ENSG00000104723,TUSC3,TRACKS_FIBROSIS,EFO_0003095,0.19521730561252548,2.7098614477581245e-05,5,rises
ENSG00000164379,FOXQ1,TRACKS_FIBROSIS,EFO_0003095,0.1951970822075287,2.045161080865618e-06,5,rises
ENSG00000102172,SMS,TRACKS_FIBROSIS,EFO_0003095,0.19515889070646367,0.011906869976756284,5,rises
ENSG00000241106,HLA-DOB,TRACKS_FIBROSIS,EFO_0003095,0.1951053896757127,0.001043169149934568,5,rises
ENSG00000101331,CCM2L,TRACKS_FIBROSIS,EFO_0003095,0.19497288613345118,0.00022681915002038694,5,rises
ENSG00000099953,MMP11,TRACKS_FIBROSIS,EFO_0003095,0.19478232375478546,0.00028591113769357347,5,rises
ENSG00000130956,HABP4,TRACKS_FIBROSIS,EFO_0003095,0.1946633742774923,2.891432563602211e-07,5,rises
ENSG00000169783,LINGO1,TRACKS_FIBROSIS,EFO_0003095,0.19466337427749225,0.0001346641650226761,5,rises
ENSG00000123159,GIPC1,TRACKS_FIBROSIS,EFO_0003095,0.194571714905294,6.111240333582195e-10,5,rises
ENSG00000179862,CITED4,TRACKS_FIBROSIS,EFO_0003095,0.19454969941106584,5.802974510102164e-08,5,rises
ENSG00000168765,GSTM4,TRACKS_FIBROSIS,EFO_0003095,-0.19443667004969958,0.00040036126451471526,5,falls
ENSG00000183421,RIPK4,TRACKS_FIBROSIS,EFO_0003095,0.19433262911255159,2.5207368449362387e-06,5,rises
ENSG00000174775,HRAS,TRACKS_FIBROSIS,EFO_0003095,0.19421356085317296,0.00027712216250105984,5,rises
ENSG00000166391,MOGAT2,TRACKS_FIBROSIS,EFO_0003095,-0.19421356085317293,7.0850664956824395e-06,5,falls
ENSG00000054179,ENTPD2,TRACKS_FIBROSIS,EFO_0003095,0.194072143268635,7.157522900520418e-05,5,rises
ENSG00000187823,RTL4,TRACKS_FIBROSIS,EFO_0003095,-0.1939886541410132,0.0009994727264549146,5,falls
ENSG00000171603,CLSTN1,TRACKS_FIBROSIS,EFO_0003095,0.193947038202118,2.2058610277132793e-10,5,rises
ENSG00000086544,ITPKC,TRACKS_FIBROSIS,EFO_0003095,0.19389905202563576,4.427372808503825e-07,5,rises
ENSG00000170759,KIF5B,TRACKS_FIBROSIS,EFO_0003095,0.1938896941111209,0.01246754100473387,5,rises
ENSG00000141448,GATA6,TRACKS_FIBROSIS,EFO_0003095,0.19386958588163464,2.6050683414198785e-08,5,rises
ENSG00000131669,NINJ1,TRACKS_FIBROSIS,EFO_0003095,0.19382065831304793,0.0017536375087120156,5,rises
ENSG00000170390,DCLK2,TRACKS_FIBROSIS,EFO_0003095,0.19371188754738386,2.1782751321062725e-06,5,rises
ENSG00000150457,LATS2,TRACKS_FIBROSIS,EFO_0003095,0.19369759839586548,0.002752591513526761,5,rises
ENSG00000140386,SCAPER,TRACKS_FIBROSIS,EFO_0003095,-0.19365790897607257,0.006450630282380336,5,falls
ENSG00000050820,BCAR1,TRACKS_FIBROSIS,EFO_0003095,0.19360792549130648,2.7560211171768315e-06,5,rises
ENSG00000033627,ATP6V0A1,TRACKS_FIBROSIS,EFO_0003095,0.19352720201246998,7.368040856795857e-06,5,rises
ENSG00000126218,F10,TRACKS_FIBROSIS,EFO_0003095,-0.19345876202771334,0.001771082563477079,5,falls
ENSG00000121892,PDS5A,TRACKS_FIBROSIS,EFO_0003095,-0.19340654265071766,0.0003175050755445207,5,falls
ENSG00000066279,ASPM,TRACKS_FIBROSIS,EFO_0003095,0.193375794830532,5.509130482950804e-06,5,rises
ENSG00000115226,FNDC4,TRACKS_FIBROSIS,EFO_0003095,0.19332678683452542,0.0008593721714915075,5,rises
ENSG00000034239,CLXN,TRACKS_FIBROSIS,EFO_0003095,-0.19329282763335054,0.00030845324385705026,5,falls
ENSG00000105486,LIG1,TRACKS_FIBROSIS,EFO_0003095,0.19307833054681842,2.9376687256057254e-07,5,rises
ENSG00000167987,VPS37C,TRACKS_FIBROSIS,EFO_0003095,0.192956022245551,2.668698657006825e-08,5,rises
ENSG00000243678,NME2,TRACKS_FIBROSIS,EFO_0003095,0.19295505561413218,0.0052365003779061845,5,rises
ENSG00000189159,JPT1,TRACKS_FIBROSIS,EFO_0003095,0.19282759852922016,7.659087025858805e-06,5,rises
ENSG00000141384,TAF4B,TRACKS_FIBROSIS,EFO_0003095,0.19262598406145764,3.845227914943009e-08,5,rises
ENSG00000184489,PTP4A3,TRACKS_FIBROSIS,EFO_0003095,0.19248391220265865,2.621902789919453e-09,5,rises
ENSG00000178104,PDE4DIP,TRACKS_FIBROSIS,EFO_0003095,-0.1920682111311939,0.000252300270161406,5,falls
ENSG00000130511,SSBP4,TRACKS_FIBROSIS,EFO_0003095,0.19205710237775966,2.6740144721913283e-11,5,rises
ENSG00000024048,UBR2,TRACKS_FIBROSIS,EFO_0003095,-0.19201741295796676,0.0008208310967598914,5,falls
ENSG00000077585,GPR137B,TRACKS_FIBROSIS,EFO_0003095,0.19192480431178333,0.025825841409491967,5,rises
ENSG00000134955,SLC37A2,TRACKS_FIBROSIS,EFO_0003095,0.19190358730501977,0.006119063784904029,5,rises
ENSG00000130830,MPP1,TRACKS_FIBROSIS,EFO_0003095,0.19176020526286808,3.0137883922211233e-05,5,rises
ENSG00000132819,RBM38,TRACKS_FIBROSIS,EFO_0003095,0.19175494241281624,3.520733433226467e-07,5,rises
ENSG00000170442,KRT86,TRACKS_FIBROSIS,EFO_0003095,0.19149975475923356,7.033914310482323e-10,5,rises
ENSG00000103489,XYLT1,TRACKS_FIBROSIS,EFO_0003095,0.1914552993889994,4.281800724368903e-09,5,rises
ENSG00000179639,FCER1A,TRACKS_FIBROSIS,EFO_0003095,0.19110060531532375,0.0004787173993802722,5,rises
ENSG00000071967,CYBRD1,TRACKS_FIBROSIS,EFO_0003095,0.19095138918777754,4.331338685169574e-09,5,rises
ENSG00000171016,PYGO1,TRACKS_FIBROSIS,EFO_0003095,0.1909430079467532,1.0168207267169487e-07,5,rises
ENSG00000118946,PCDH17,TRACKS_FIBROSIS,EFO_0003095,0.19091933901036365,0.0006117996793284988,5,rises
ENSG00000035720,STAP1,TRACKS_FIBROSIS,EFO_0003095,0.1908011118023148,0.00040475260037277946,5,rises
ENSG00000160813,PPP1R35,TRACKS_FIBROSIS,EFO_0003095,0.19080027075098505,0.0003710832310082568,5,rises
ENSG00000164403,SHROOM1,TRACKS_FIBROSIS,EFO_0003095,0.1907018802531919,3.324295912547555e-05,5,rises
ENSG00000188396,DYNLT4,TRACKS_FIBROSIS,EFO_0003095,0.19069270296068697,0.013918525262664301,5,rises
ENSG00000169908,TM4SF1,TRACKS_FIBROSIS,EFO_0003095,0.1905812862496209,4.409089566765016e-05,5,rises
ENSG00000175063,UBE2C,TRACKS_FIBROSIS,EFO_0003095,0.19057417325781742,1.8142363937172329e-06,5,rises
ENSG00000105963,ADAP1,TRACKS_FIBROSIS,EFO_0003095,0.19042877899003474,2.0809862178284325e-07,5,rises
ENSG00000119655,NPC2,TRACKS_FIBROSIS,EFO_0003095,0.19042659780019464,0.0009747485531431813,5,rises
ENSG00000184785,SMIM10,TRACKS_FIBROSIS,EFO_0003095,0.1903895175729129,0.0007299059508573516,5,rises
ENSG00000183287,CCBE1,TRACKS_FIBROSIS,EFO_0003095,0.19037691693986095,3.768614373877023e-08,5,rises
ENSG00000132703,APCS,TRACKS_FIBROSIS,EFO_0003095,-0.19022592833490534,5.952211023976581e-06,5,falls
ENSG00000100448,CTSG,TRACKS_FIBROSIS,EFO_0003095,0.19020540606156142,0.0004542455924967643,5,rises
ENSG00000157404,KIT,TRACKS_FIBROSIS,EFO_0003095,0.19003294196832263,2.0765123052444836e-05,5,rises
ENSG00000123505,AMD1,TRACKS_FIBROSIS,EFO_0003095,0.18985906559285684,0.004025194006551784,5,rises
ENSG00000137693,YAP1,TRACKS_FIBROSIS,EFO_0003095,0.18980536040490156,0.0020528373598903585,5,rises
ENSG00000142669,SH3BGRL3,TRACKS_FIBROSIS,EFO_0003095,0.18977224084816427,6.17058425907877e-08,5,rises
ENSG00000072657,TRHDE,TRACKS_FIBROSIS,EFO_0003095,-0.1897683458363701,0.00027089693611936027,5,falls
ENSG00000198719,DLL1,TRACKS_FIBROSIS,EFO_0003095,0.18974188622317487,1.0126640627387552e-07,5,rises
ENSG00000099282,TSPAN15,TRACKS_FIBROSIS,EFO_0003095,0.18971552991232166,5.935812773697236e-07,5,rises
ENSG00000228278,ORM2,TRACKS_FIBROSIS,EFO_0003095,-0.18953016672704978,6.040306530379977e-05,5,falls
ENSG00000197165,SULT1A2,TRACKS_FIBROSIS,EFO_0003095,-0.18950374970441752,2.4761638272994745e-05,5,falls
ENSG00000186517,ARHGAP30,TRACKS_FIBROSIS,EFO_0003095,0.1894905198978199,6.26056817250684e-09,5,rises
ENSG00000164430,CGAS,TRACKS_FIBROSIS,EFO_0003095,0.18942437086483177,0.0001998162871257198,5,rises
ENSG00000104412,EMC2,TRACKS_FIBROSIS,EFO_0003095,-0.18929456027318212,0.004662193727016819,5,falls
ENSG00000173442,EHBP1L1,TRACKS_FIBROSIS,EFO_0003095,0.18924885763413465,6.563570820395442e-11,5,rises
ENSG00000125510,OPRL1,TRACKS_FIBROSIS,EFO_0003095,0.18920060217892637,8.684771473713187e-09,5,rises
ENSG00000143797,MBOAT2,TRACKS_FIBROSIS,EFO_0003095,0.18912008531308633,6.441995537860702e-05,5,rises
ENSG00000156535,CD109,TRACKS_FIBROSIS,EFO_0003095,0.18902001697850887,2.986395076908822e-08,5,rises
ENSG00000197619,ZNF615,TRACKS_FIBROSIS,EFO_0003095,-0.18901536797364918,0.0016221041156188891,5,falls
ENSG00000158458,NRG2,TRACKS_FIBROSIS,EFO_0003095,0.18900481733509347,0.00047473138351702623,5,rises
ENSG00000147679,UTP23,TRACKS_FIBROSIS,EFO_0003095,-0.18899573726508823,0.004866444324205032,5,falls
ENSG00000144668,ITGA9,TRACKS_FIBROSIS,EFO_0003095,0.18898778724711007,2.1302971822121456e-08,5,rises
ENSG00000176714,CCDC121,TRACKS_FIBROSIS,EFO_0003095,-0.18894930580995967,0.00016018652596668285,5,falls
ENSG00000102871,TRADD,TRACKS_FIBROSIS,EFO_0003095,0.18878934014814558,1.2140583792067688e-10,5,rises
ENSG00000103591,AAGAB,TRACKS_FIBROSIS,EFO_0003095,0.1887503735876693,1.239831423545173e-05,5,rises
ENSG00000123892,RAB38,TRACKS_FIBROSIS,EFO_0003095,0.188664280118209,0.002384693592051828,5,rises
ENSG00000169967,MAP3K2,TRACKS_FIBROSIS,EFO_0003095,-0.1884850545964002,0.0014483824667150588,5,falls
ENSG00000100116,GCAT,TRACKS_FIBROSIS,EFO_0003095,-0.18828506822014718,5.7378150161360754e-05,5,falls
ENSG00000112137,PHACTR1,TRACKS_FIBROSIS,EFO_0003095,0.18827594461785488,0.0004014516525914444,5,rises
ENSG00000130770,ATP5IF1,TRACKS_FIBROSIS,EFO_0003095,-0.18823182860528562,1.6590914566550712e-07,5,falls
ENSG00000140450,ARRDC4,TRACKS_FIBROSIS,EFO_0003095,0.18818215345473052,0.0021813495265785654,5,rises
ENSG00000130558,OLFM1,TRACKS_FIBROSIS,EFO_0003095,0.18799699337383208,8.844421275596672e-07,5,rises
ENSG00000152661,GJA1,TRACKS_FIBROSIS,EFO_0003095,0.18799555175228796,8.403645925466414e-06,5,rises
ENSG00000143622,RIT1,TRACKS_FIBROSIS,EFO_0003095,0.18793786019263917,2.4051280340383907e-05,5,rises
ENSG00000206535,LNP1,TRACKS_FIBROSIS,EFO_0003095,-0.1879014043825401,3.556469648207538e-07,5,falls
ENSG00000174238,PITPNA,TRACKS_FIBROSIS,EFO_0003095,0.18787826923276127,4.505999644146977e-05,5,rises
ENSG00000188807,TMEM201,TRACKS_FIBROSIS,EFO_0003095,0.18786921999583786,3.9735039014634507e-08,5,rises
ENSG00000102910,LONP2,TRACKS_FIBROSIS,EFO_0003095,-0.18775741523353068,2.962862228143656e-05,5,falls
ENSG00000272636,DOC2B,TRACKS_FIBROSIS,EFO_0003095,0.18775320260275566,2.1755757430794543e-07,5,rises
ENSG00000004700,RECQL,TRACKS_FIBROSIS,EFO_0003095,0.1876718000243112,0.000671778163640402,5,rises
ENSG00000111348,ARHGDIB,TRACKS_FIBROSIS,EFO_0003095,0.18762595004550472,0.000136077844654505,5,rises
ENSG00000163485,ADORA1,TRACKS_FIBROSIS,EFO_0003095,0.18761737261902903,5.812538173697321e-10,5,rises
ENSG00000066557,LRRC40,TRACKS_FIBROSIS,EFO_0003095,-0.1874398998751876,9.050720862585378e-06,5,falls
ENSG00000067840,PDZD4,TRACKS_FIBROSIS,EFO_0003095,0.1874340053395758,5.408140138481655e-09,5,rises
ENSG00000253598,SLC10A5,TRACKS_FIBROSIS,EFO_0003095,-0.1874313562773004,1.0104122885014485e-09,5,falls
ENSG00000134330,IAH1,TRACKS_FIBROSIS,EFO_0003095,0.18737908730823327,0.019847092329630608,5,rises
ENSG00000187758,ADH1A,TRACKS_FIBROSIS,EFO_0003095,-0.18733129329418263,0.000373365422183357,5,falls
ENSG00000269113,TRABD2B,TRACKS_FIBROSIS,EFO_0003095,-0.18724145277622323,4.781793136142616e-07,5,falls
ENSG00000213585,VDAC1,TRACKS_FIBROSIS,EFO_0003095,0.18722098599912038,0.021471838811437275,5,rises
ENSG00000048392,RRM2B,TRACKS_FIBROSIS,EFO_0003095,0.18719473864051817,0.003926066807632065,5,rises
ENSG00000221838,AP4M1,TRACKS_FIBROSIS,EFO_0003095,0.18716666946800845,2.7095288955523975e-05,5,rises
ENSG00000147912,FBXO10,TRACKS_FIBROSIS,EFO_0003095,0.18713781635425855,0.004176712685181152,5,rises
ENSG00000107331,ABCA2,TRACKS_FIBROSIS,EFO_0003095,0.1870326312151685,1.9508203118096152e-14,5,rises
ENSG00000129354,AP1M2,TRACKS_FIBROSIS,EFO_0003095,0.18701204010465472,3.132524758031329e-13,5,rises
ENSG00000135597,REPS1,TRACKS_FIBROSIS,EFO_0003095,-0.18696657884826934,0.00033906414732037257,5,falls
ENSG00000174992,ZG16,TRACKS_FIBROSIS,EFO_0003095,-0.1868668959811495,0.00013088779552911103,5,falls
ENSG00000184999,SLC22A10,TRACKS_FIBROSIS,EFO_0003095,-0.18680486915850147,3.211178462604458e-05,5,falls
ENSG00000106683,LIMK1,TRACKS_FIBROSIS,EFO_0003095,0.18675866062032942,4.2770891770898925e-10,5,rises
ENSG00000146410,MTFR2,TRACKS_FIBROSIS,EFO_0003095,0.18672569331973835,0.0027012247496209832,5,rises
ENSG00000134686,PHC2,TRACKS_FIBROSIS,EFO_0003095,0.18664611147932997,2.100787170698511e-05,5,rises
ENSG00000205726,ITSN1,TRACKS_FIBROSIS,EFO_0003095,-0.18660733439017746,0.0054666281113696395,5,falls
ENSG00000116663,FBXO6,TRACKS_FIBROSIS,EFO_0003095,0.18660642205953712,0.0017209466411268436,5,rises
ENSG00000164032,H2AZ1,TRACKS_FIBROSIS,EFO_0003095,0.18655174286236242,2.2430727556212722e-05,5,rises
ENSG00000002919,SNX11,TRACKS_FIBROSIS,EFO_0003095,0.18644310520305943,8.829937799089857e-05,5,rises
ENSG00000135077,HAVCR2,TRACKS_FIBROSIS,EFO_0003095,0.1863858084679996,4.240808346944312e-05,5,rises
ENSG00000064932,SBNO2,TRACKS_FIBROSIS,EFO_0003095,0.1863259609008044,5.20146179220168e-08,5,rises
ENSG00000184162,NR2C2AP,TRACKS_FIBROSIS,EFO_0003095,0.18627567689459637,0.0003068060514671946,5,rises
ENSG00000141524,TMC6,TRACKS_FIBROSIS,EFO_0003095,0.18618418356119779,5.7416262133254276e-12,5,rises
ENSG00000152413,HOMER1,TRACKS_FIBROSIS,EFO_0003095,0.18609340780475422,6.132617288462073e-06,5,rises
ENSG00000068323,TFE3,TRACKS_FIBROSIS,EFO_0003095,0.18605147580682865,1.6156805482387885e-06,5,rises
ENSG00000140505,CYP1A2,TRACKS_FIBROSIS,EFO_0003095,-0.18601624923163598,9.48431714630244e-06,5,falls
ENSG00000121057,AKAP1,TRACKS_FIBROSIS,EFO_0003095,-0.185991714281388,2.2069894853672205e-05,5,falls
ENSG00000164048,ZNF589,TRACKS_FIBROSIS,EFO_0003095,0.1859665086707388,0.0004187282752025452,5,rises
ENSG00000166128,RAB8B,TRACKS_FIBROSIS,EFO_0003095,0.18589201250326515,0.0041713781263133555,5,rises
ENSG00000104903,LYL1,TRACKS_FIBROSIS,EFO_0003095,0.18582586347027702,4.348762940805034e-10,5,rises
ENSG00000140464,PML,TRACKS_FIBROSIS,EFO_0003095,0.18572002501749604,1.0587260510165521e-07,5,rises
ENSG00000166813,KIF7,TRACKS_FIBROSIS,EFO_0003095,0.18568357065218855,1.0012137977298e-09,5,rises
ENSG00000226979,LTA,TRACKS_FIBROSIS,EFO_0003095,0.18567632516163654,0.0011312747352735482,5,rises
ENSG00000188803,SHISA6,TRACKS_FIBROSIS,EFO_0003095,0.18566670858260784,0.0015900748140717682,5,rises
ENSG00000111885,MAN1A1,TRACKS_FIBROSIS,EFO_0003095,-0.1856664474900111,2.8110879243376677e-05,5,falls
ENSG00000139055,ERP27,TRACKS_FIBROSIS,EFO_0003095,0.18560095675811736,2.199031870768918e-05,5,rises
ENSG00000171159,BBLN,TRACKS_FIBROSIS,EFO_0003095,0.18546439091396447,7.382787623841471e-07,5,rises
ENSG00000198142,SOWAHC,TRACKS_FIBROSIS,EFO_0003095,-0.1854620163002051,0.0007281541663607748,5,falls
ENSG00000145723,GIN1,TRACKS_FIBROSIS,EFO_0003095,-0.18538927985255532,0.0020613904756593814,5,falls
ENSG00000140280,LYSMD2,TRACKS_FIBROSIS,EFO_0003095,0.18524209943160666,1.2347908253836046e-05,5,rises
ENSG00000162944,RFTN2,TRACKS_FIBROSIS,EFO_0003095,0.18522835667595788,3.293761111366628e-07,5,rises
ENSG00000173535,TNFRSF10C,TRACKS_FIBROSIS,EFO_0003095,0.1851620423095741,3.247424760162718e-05,5,rises
ENSG00000164292,RHOBTB3,TRACKS_FIBROSIS,EFO_0003095,-0.185151143333798,0.00039553680643556176,5,falls
ENSG00000163071,SPATA18,TRACKS_FIBROSIS,EFO_0003095,0.18513721243794926,1.4460066474332021e-09,5,rises
ENSG00000132792,CTNNBL1,TRACKS_FIBROSIS,EFO_0003095,-0.1850320750744194,0.0056429529195071906,5,falls
ENSG00000074276,CDHR2,TRACKS_FIBROSIS,EFO_0003095,0.18501209807823024,3.191499971837305e-05,5,rises
ENSG00000185737,NRG3,TRACKS_FIBROSIS,EFO_0003095,0.18496592604143125,2.2715608394370495e-05,5,rises
ENSG00000100665,SERPINA4,TRACKS_FIBROSIS,EFO_0003095,-0.1849343617828198,0.018108275765131764,5,falls
ENSG00000104907,TRMT1,TRACKS_FIBROSIS,EFO_0003095,0.18469531957794758,4.100308202445996e-06,5,rises
ENSG00000155330,HDIP1,TRACKS_FIBROSIS,EFO_0003095,-0.18439811040586765,4.493184690725283e-05,5,falls
ENSG00000130768,SMPDL3B,TRACKS_FIBROSIS,EFO_0003095,0.1843594325318963,1.8106561262479991e-06,5,rises
ENSG00000081087,OSTM1,TRACKS_FIBROSIS,EFO_0003095,0.1842912059049523,0.005922681720010623,5,rises
ENSG00000116761,CTH,TRACKS_FIBROSIS,EFO_0003095,-0.18428654840030975,1.4377188190307567e-05,5,falls
ENSG00000180628,PCGF5,TRACKS_FIBROSIS,EFO_0003095,-0.18427014493987404,0.0003422837020184134,5,falls
ENSG00000131899,LLGL1,TRACKS_FIBROSIS,EFO_0003095,0.1841324482257807,2.579321262153526e-11,5,rises
ENSG00000109943,CRTAM,TRACKS_FIBROSIS,EFO_0003095,0.1840266097729997,2.2028769813986755e-06,5,rises
ENSG00000151365,THRSP,TRACKS_FIBROSIS,EFO_0003095,-0.18401337996640207,0.001034352498726678,5,falls
ENSG00000184867,ARMCX2,TRACKS_FIBROSIS,EFO_0003095,0.18400299372109663,9.016808429957742e-05,5,rises
ENSG00000092096,SLC22A17,TRACKS_FIBROSIS,EFO_0003095,0.18393700811008942,1.284988951443342e-09,5,rises
ENSG00000123219,CENPK,TRACKS_FIBROSIS,EFO_0003095,0.18393260785058707,1.564703232427799e-06,5,rises
ENSG00000107282,APBA1,TRACKS_FIBROSIS,EFO_0003095,-0.1837652440285256,0.005051224218118591,5,falls
ENSG00000163661,PTX3,TRACKS_FIBROSIS,EFO_0003095,0.18374745082279176,0.0067394737566713716,5,rises
ENSG00000072682,P4HA2,TRACKS_FIBROSIS,EFO_0003095,0.18368832733432866,9.51789024647716e-07,5,rises
ENSG00000181790,ADGRB1,TRACKS_FIBROSIS,EFO_0003095,0.1835513311610534,4.894131997908574e-08,5,rises
ENSG00000198960,ARMCX6,TRACKS_FIBROSIS,EFO_0003095,0.18349425205950123,0.0006784132770273057,5,rises
ENSG00000128585,MKLN1,TRACKS_FIBROSIS,EFO_0003095,-0.1833518896365207,0.007648134615850852,5,falls
ENSG00000108551,RASD1,TRACKS_FIBROSIS,EFO_0003095,0.18331220021672778,9.241674279967114e-05,5,rises
ENSG00000184611,KCNH7,TRACKS_FIBROSIS,EFO_0003095,-0.18328386220241588,4.127425880462309e-07,5,falls
ENSG00000183722,LHFPL6,TRACKS_FIBROSIS,EFO_0003095,0.1832814356152959,0.0004127538884610921,5,rises
ENSG00000179583,CIITA,TRACKS_FIBROSIS,EFO_0003095,0.18327654328324522,2.287451567464629e-12,5,rises
ENSG00000154277,UCHL1,TRACKS_FIBROSIS,EFO_0003095,0.18326227414080767,7.459694089823251e-08,5,rises
ENSG00000099968,BCL2L13,TRACKS_FIBROSIS,EFO_0003095,-0.18323282137714206,0.0005900311348760633,5,falls
ENSG00000153993,SEMA3D,TRACKS_FIBROSIS,EFO_0003095,0.1831071411527258,0.00016157853555258592,5,rises
ENSG00000139531,SUOX,TRACKS_FIBROSIS,EFO_0003095,-0.18306712058074387,0.0267160161078633,5,falls
ENSG00000136872,ALDOB,TRACKS_FIBROSIS,EFO_0003095,-0.18299265890759273,0.0015947473401197163,5,falls
ENSG00000197601,FAR1,TRACKS_FIBROSIS,EFO_0003095,0.18288622452296482,0.00017493193913102278,5,rises
ENSG00000064666,CNN2,TRACKS_FIBROSIS,EFO_0003095,0.18283605715664245,4.8259921944746755e-11,5,rises
ENSG00000142623,PADI1,TRACKS_FIBROSIS,EFO_0003095,0.18283041377263767,3.172561212516072e-07,5,rises
ENSG00000126759,CFP,TRACKS_FIBROSIS,EFO_0003095,-0.18271685891983452,3.4129296213845395e-07,5,falls
ENSG00000112576,CCND3,TRACKS_FIBROSIS,EFO_0003095,0.18265279036323306,1.7798264442376343e-05,5,rises
ENSG00000173610,UGT2A1,TRACKS_FIBROSIS,EFO_0003095,-0.18247429920640984,3.0941953918503138e-06,5,falls
ENSG00000065413,ANKRD44,TRACKS_FIBROSIS,EFO_0003095,0.18234642433510098,2.471243700023433e-05,5,rises
ENSG00000135097,MSI1,TRACKS_FIBROSIS,EFO_0003095,0.18232449688618746,0.00015234858512958008,5,rises
ENSG00000124253,PCK1,TRACKS_FIBROSIS,EFO_0003095,-0.18228027530211285,0.00037744664478797635,5,falls
ENSG00000102221,JADE3,TRACKS_FIBROSIS,EFO_0003095,-0.18226512780482299,4.746271259870928e-07,5,falls
ENSG00000137171,KLC4,TRACKS_FIBROSIS,EFO_0003095,-0.1820092888166811,1.7855076220139664e-05,5,falls
ENSG00000173702,MUC13,TRACKS_FIBROSIS,EFO_0003095,0.18196470640921872,4.611293975739518e-12,5,rises
ENSG00000175348,TMEM9B,TRACKS_FIBROSIS,EFO_0003095,0.18195194438051873,0.0005711760921091276,5,rises
ENSG00000196083,IL1RAP,TRACKS_FIBROSIS,EFO_0003095,-0.18193359813532867,1.7148279576743767e-05,5,falls
ENSG00000072422,RHOBTB1,TRACKS_FIBROSIS,EFO_0003095,0.18192525926046343,1.4162969332491694e-05,5,rises
ENSG00000132669,RIN2,TRACKS_FIBROSIS,EFO_0003095,0.18175108303820772,2.6497576371491865e-05,5,rises
ENSG00000112893,MAN2A1,TRACKS_FIBROSIS,EFO_0003095,-0.18171284142023872,9.559559843509589e-06,5,falls
ENSG00000129173,E2F8,TRACKS_FIBROSIS,EFO_0003095,0.18170307112645978,4.3318104614215585e-06,5,rises
ENSG00000111647,BLTP3B,TRACKS_FIBROSIS,EFO_0003095,-0.1813806484534742,8.55652270634989e-05,5,falls
ENSG00000167470,MIDN,TRACKS_FIBROSIS,EFO_0003095,0.18134630449585332,0.0003708557402174641,5,rises
ENSG00000197584,KCNMB2,TRACKS_FIBROSIS,EFO_0003095,0.1812641597745141,0.011862694714954214,5,rises
ENSG00000171772,SYCE1,TRACKS_FIBROSIS,EFO_0003095,-0.18126008792954718,0.00590583714584386,5,falls
ENSG00000142655,PEX14,TRACKS_FIBROSIS,EFO_0003095,-0.18084192827531737,0.027623473333518146,5,falls
ENSG00000074219,TEAD2,TRACKS_FIBROSIS,EFO_0003095,0.18056107615341696,1.5396939786131723e-11,5,rises
ENSG00000013016,EHD3,TRACKS_FIBROSIS,EFO_0003095,-0.18056040044442126,2.5380729409032412e-05,5,falls
ENSG00000170558,CDH2,TRACKS_FIBROSIS,EFO_0003095,-0.1805392328529971,0.003570344865101317,5,falls
ENSG00000205111,CDKL4,TRACKS_FIBROSIS,EFO_0003095,0.1805002738251515,0.0046266591962646824,5,rises
ENSG00000159720,ATP6V0D1,TRACKS_FIBROSIS,EFO_0003095,0.18036193646404186,1.6077014935921157e-06,5,rises
ENSG00000092439,TRPM7,TRACKS_FIBROSIS,EFO_0003095,-0.18028257450587115,0.004012297851640827,5,falls
ENSG00000179820,MYADM,TRACKS_FIBROSIS,EFO_0003095,0.18028257450587107,2.9786073743472714e-07,5,rises
ENSG00000169302,STK32A,TRACKS_FIBROSIS,EFO_0003095,0.18021426696884085,8.277864507986445e-06,5,rises
ENSG00000128524,ATP6V1F,TRACKS_FIBROSIS,EFO_0003095,0.18019936430863756,0.00014299381224126633,5,rises
ENSG00000137094,DNAJB5,TRACKS_FIBROSIS,EFO_0003095,0.1801781225246151,0.0022466488486330123,5,rises
ENSG00000172236,TPSAB1,TRACKS_FIBROSIS,EFO_0003095,0.18013157066789676,3.074057523652208e-05,5,rises
ENSG00000119514,GALNT12,TRACKS_FIBROSIS,EFO_0003095,0.18006249553978146,2.046264745419819e-06,5,rises
ENSG00000167874,TMEM88,TRACKS_FIBROSIS,EFO_0003095,0.180054962237534,4.497883592721869e-06,5,rises
ENSG00000129925,PGAP6,TRACKS_FIBROSIS,EFO_0003095,0.18003120818051618,0.00040784238158409446,5,rises
ENSG00000141449,GREB1L,TRACKS_FIBROSIS,EFO_0003095,-0.17992536972773515,1.369687437561828e-06,5,falls
ENSG00000137710,RDX,TRACKS_FIBROSIS,EFO_0003095,-0.17991544396074696,0.0007708422743079367,5,falls
ENSG00000101134,DOK5,TRACKS_FIBROSIS,EFO_0003095,0.17988883366633218,0.0008142246996696527,5,rises
ENSG00000075151,EIF4G3,TRACKS_FIBROSIS,EFO_0003095,0.17987025709294674,0.0005569204774977766,5,rises
ENSG00000162378,ZYG11B,TRACKS_FIBROSIS,EFO_0003095,-0.17984599088814937,0.0022791002337421134,5,falls
ENSG00000164221,CCDC112,TRACKS_FIBROSIS,EFO_0003095,0.1797639077361769,9.32527289570905e-06,5,rises
ENSG00000204710,SPDYC,TRACKS_FIBROSIS,EFO_0003095,-0.17974305645962854,0.00010571271950299526,5,falls
ENSG00000173406,DAB1,TRACKS_FIBROSIS,EFO_0003095,-0.17972769089419285,2.3402073907718545e-06,5,falls
ENSG00000116691,MIIP,TRACKS_FIBROSIS,EFO_0003095,0.17970046301557546,1.0049268148606706e-07,5,rises
ENSG00000171533,MAP6,TRACKS_FIBROSIS,EFO_0003095,0.17967284587148813,8.21089619566024e-05,5,rises
ENSG00000136560,TANK,TRACKS_FIBROSIS,EFO_0003095,-0.17954101470053466,0.0010118244591367084,5,falls
ENSG00000149091,DGKZ,TRACKS_FIBROSIS,EFO_0003095,0.17953146309843596,1.260369186550717e-12,5,rises
ENSG00000165895,ARHGAP42,TRACKS_FIBROSIS,EFO_0003095,-0.1795284755298063,0.010627647814658765,5,falls
ENSG00000168477,TNXB,TRACKS_FIBROSIS,EFO_0003095,0.17952657076638523,3.2535286414022223e-09,5,rises
ENSG00000127080,IPPK,TRACKS_FIBROSIS,EFO_0003095,0.17946786278177687,0.00011580348462718059,5,rises
ENSG00000179933,C14orf119,TRACKS_FIBROSIS,EFO_0003095,0.17945804750335329,0.0020437431277489084,5,rises
ENSG00000187796,CARD9,TRACKS_FIBROSIS,EFO_0003095,0.17939617746383008,3.0591251114254835e-09,5,rises
ENSG00000178623,GPR35,TRACKS_FIBROSIS,EFO_0003095,0.1793650462260325,7.101511898952777e-06,5,rises
ENSG00000102804,TSC22D1,TRACKS_FIBROSIS,EFO_0003095,0.17935705936168106,1.6963987783949346e-06,5,rises
ENSG00000177614,PGBD5,TRACKS_FIBROSIS,EFO_0003095,-0.17932845116371623,0.006400595718013902,5,falls
ENSG00000005001,PRSS22,TRACKS_FIBROSIS,EFO_0003095,0.17930178750679865,5.498746887899097e-12,5,rises
ENSG00000243279,PRAF2,TRACKS_FIBROSIS,EFO_0003095,0.1791869265541532,1.0612344042023124e-05,5,rises
ENSG00000108924,HLF,TRACKS_FIBROSIS,EFO_0003095,-0.17893172734286136,0.000892144891260423,5,falls
ENSG00000152256,PDK1,TRACKS_FIBROSIS,EFO_0003095,0.17887706325323866,0.04838514108377168,5,rises
ENSG00000109320,NFKB1,TRACKS_FIBROSIS,EFO_0003095,0.17885653532378823,0.00019069342630172875,5,rises
ENSG00000198858,R3HDM4,TRACKS_FIBROSIS,EFO_0003095,0.1786985435668046,3.3698428412330106e-09,5,rises
ENSG00000112200,ZNF451,TRACKS_FIBROSIS,EFO_0003095,-0.1786288486811676,0.004226246451333452,5,falls
ENSG00000047578,KATNIP,TRACKS_FIBROSIS,EFO_0003095,0.17861685139896338,5.865991399442314e-07,5,rises
ENSG00000123416,TUBA1B,TRACKS_FIBROSIS,EFO_0003095,0.1786132736262066,0.0005267593457419558,5,rises
ENSG00000111247,RAD51AP1,TRACKS_FIBROSIS,EFO_0003095,0.1785868323054219,2.1828105841884677e-05,5,rises
ENSG00000080845,DLGAP4,TRACKS_FIBROSIS,EFO_0003095,0.17854810435624563,4.2270760406990573e-07,5,rises
ENSG00000165948,IFI27L1,TRACKS_FIBROSIS,EFO_0003095,0.178509780421789,5.269001211345838e-05,5,rises
ENSG00000214063,TSPAN4,TRACKS_FIBROSIS,EFO_0003095,0.1783566395446881,5.510702278616488e-09,5,rises
ENSG00000181656,GPR88,TRACKS_FIBROSIS,EFO_0003095,-0.17833779293601984,3.844418729404324e-05,5,falls
ENSG00000101150,TPD52L2,TRACKS_FIBROSIS,EFO_0003095,0.17802584790983364,1.46151306863785e-05,5,rises
ENSG00000148840,PPRC1,TRACKS_FIBROSIS,EFO_0003095,0.17802027757767683,4.926992551887683e-09,5,rises
ENSG00000003989,SLC7A2,TRACKS_FIBROSIS,EFO_0003095,-0.17802027757767677,0.0006891820262748321,5,falls
ENSG00000131238,PPT1,TRACKS_FIBROSIS,EFO_0003095,0.17780966360610945,0.00012401972679380348,5,rises
ENSG00000010270,STARD3NL,TRACKS_FIBROSIS,EFO_0003095,0.1777556814457242,0.0034412912961000234,5,rises
ENSG00000109861,CTSC,TRACKS_FIBROSIS,EFO_0003095,0.1776949945632487,0.00020668127242700143,5,rises
ENSG00000175556,LONRF3,TRACKS_FIBROSIS,EFO_0003095,-0.17763610057784124,0.0294882535012512,5,falls
ENSG00000167780,SOAT2,TRACKS_FIBROSIS,EFO_0003095,-0.17763323826276511,0.00108315828849005,5,falls
ENSG00000163734,CXCL3,TRACKS_FIBROSIS,EFO_0003095,0.1775879386395221,0.004990341953469506,5,rises
ENSG00000065371,ROPN1,TRACKS_FIBROSIS,EFO_0003095,-0.17741666053451405,0.001994435955778101,5,falls
ENSG00000164080,RAD54L2,TRACKS_FIBROSIS,EFO_0003095,-0.17734238397522772,0.00010049430508734688,5,falls
ENSG00000142173,COL6A2,TRACKS_FIBROSIS,EFO_0003095,0.17733232763460013,2.5305962685573186e-13,5,rises
ENSG00000132622,HSPA12B,TRACKS_FIBROSIS,EFO_0003095,0.17726875952498813,8.031052857743289e-07,5,rises
ENSG00000127083,OMD,TRACKS_FIBROSIS,EFO_0003095,0.1771299265173904,1.1184620114406725e-09,5,rises
ENSG00000123485,HJURP,TRACKS_FIBROSIS,EFO_0003095,0.17703433848928918,1.4047304311244203e-08,5,rises
ENSG00000115919,KYNU,TRACKS_FIBROSIS,EFO_0003095,-0.1770280420828547,6.605873529060692e-08,5,falls
ENSG00000137700,SLC37A4,TRACKS_FIBROSIS,EFO_0003095,-0.17701051518650224,0.00045813829497871937,5,falls
ENSG00000006534,ALDH3B1,TRACKS_FIBROSIS,EFO_0003095,0.17690917311926183,2.1311158834583333e-07,5,rises
ENSG00000094975,SUCO,TRACKS_FIBROSIS,EFO_0003095,0.17690688778515434,0.004361009239343418,5,rises
ENSG00000155011,DKK2,TRACKS_FIBROSIS,EFO_0003095,0.17689516670586805,0.00022531262549340599,5,rises
ENSG00000154025,SLC5A10,TRACKS_FIBROSIS,EFO_0003095,0.17687452470363785,0.00869925625727529,5,rises
ENSG00000185963,BICD2,TRACKS_FIBROSIS,EFO_0003095,0.17672102217495778,2.6805447390213738e-05,5,rises
ENSG00000198478,SH3BGRL2,TRACKS_FIBROSIS,EFO_0003095,-0.17671040128294652,1.3091454095081387e-05,5,falls
ENSG00000142039,CCDC97,TRACKS_FIBROSIS,EFO_0003095,0.17668510180755714,9.786584240110633e-10,5,rises
ENSG00000150977,RILPL2,TRACKS_FIBROSIS,EFO_0003095,0.17668510180755714,0.0014142258440778739,5,rises
ENSG00000135940,COX5B,TRACKS_FIBROSIS,EFO_0003095,-0.17663275635839742,0.00024318245178065004,5,falls
ENSG00000134760,DSG1,TRACKS_FIBROSIS,EFO_0003095,-0.17661642099989056,7.0635354826465055e-06,5,falls
ENSG00000112763,BTN2A1,TRACKS_FIBROSIS,EFO_0003095,0.17660950280883977,0.002162601374973399,5,rises
ENSG00000113068,PFDN1,TRACKS_FIBROSIS,EFO_0003095,0.1765838330378904,0.007525390877059228,5,rises
ENSG00000165972,CCDC38,TRACKS_FIBROSIS,EFO_0003095,-0.1764919702041185,1.4550334705039754e-06,5,falls
ENSG00000206384,COL6A6,TRACKS_FIBROSIS,EFO_0003095,-0.17635332194637568,0.0002649726840000669,5,falls
ENSG00000146955,RAB19,TRACKS_FIBROSIS,EFO_0003095,0.17634945943958738,0.00043825723403394267,5,rises
ENSG00000142798,HSPG2,TRACKS_FIBROSIS,EFO_0003095,0.1763077559652196,7.191593872019227e-15,5,rises
ENSG00000184254,ALDH1A3,TRACKS_FIBROSIS,EFO_0003095,0.1762968500160191,1.870490714646096e-05,5,rises
ENSG00000113269,RNF130,TRACKS_FIBROSIS,EFO_0003095,-0.17624308203445213,0.00011262469851131049,5,falls
ENSG00000065150,IPO5,TRACKS_FIBROSIS,EFO_0003095,-0.1762430686125743,0.00015397215388127266,5,falls
ENSG00000184226,PCDH9,TRACKS_FIBROSIS,EFO_0003095,0.17619244647383459,0.005659412981082197,5,rises
ENSG00000172578,KLHL6,TRACKS_FIBROSIS,EFO_0003095,0.1761789925606952,3.385658474520034e-07,5,rises
ENSG00000173083,HPSE,TRACKS_FIBROSIS,EFO_0003095,0.1761747033849734,0.0006533033907077168,5,rises
ENSG00000131724,IL13RA1,TRACKS_FIBROSIS,EFO_0003095,-0.17610272412025008,0.0027596484692234114,5,falls
ENSG00000172037,LAMB2,TRACKS_FIBROSIS,EFO_0003095,0.17599186085975602,1.8053054756900464e-06,5,rises
ENSG00000160877,NACC1,TRACKS_FIBROSIS,EFO_0003095,0.1759564277484469,1.814058784090822e-08,5,rises
ENSG00000095370,SH2D3C,TRACKS_FIBROSIS,EFO_0003095,0.1759245912940589,6.031768239937509e-09,5,rises
ENSG00000137414,FAM8A1,TRACKS_FIBROSIS,EFO_0003095,-0.17575983144794083,2.296776018627836e-05,5,falls
ENSG00000114126,TFDP2,TRACKS_FIBROSIS,EFO_0003095,-0.17565214219670144,0.001621816063990276,5,falls
ENSG00000117461,PIK3R3,TRACKS_FIBROSIS,EFO_0003095,0.17553997714150396,2.546008274883749e-06,5,rises
ENSG00000089057,SLC23A2,TRACKS_FIBROSIS,EFO_0003095,-0.17553784743653247,0.003449939362703995,5,falls
ENSG00000014123,UFL1,TRACKS_FIBROSIS,EFO_0003095,-0.17546244647162626,0.0007074656986094007,5,falls
ENSG00000239961,LILRA4,TRACKS_FIBROSIS,EFO_0003095,0.17543227251510413,0.007597896312935575,5,rises
ENSG00000115963,RND3,TRACKS_FIBROSIS,EFO_0003095,0.17527823436069184,0.00024251282877709858,5,rises
ENSG00000047634,SCML1,TRACKS_FIBROSIS,EFO_0003095,-0.1752684778053702,0.008774843065248103,5,falls
ENSG00000145476,CYP4V2,TRACKS_FIBROSIS,EFO_0003095,-0.17524201819217497,2.5471558639561433e-05,5,falls
ENSG00000157827,FMNL2,TRACKS_FIBROSIS,EFO_0003095,0.17523461056388984,0.0002838935517840902,5,rises
ENSG00000169992,NLGN2,TRACKS_FIBROSIS,EFO_0003095,0.17517586915918684,3.500125547046375e-09,5,rises
ENSG00000072864,NDE1,TRACKS_FIBROSIS,EFO_0003095,0.17517037194131724,3.10826771151482e-07,5,rises
ENSG00000178965,ERICH3,TRACKS_FIBROSIS,EFO_0003095,-0.1750106776191377,2.4386958961102888e-06,5,falls
ENSG00000158717,RNF166,TRACKS_FIBROSIS,EFO_0003095,0.17495713263103332,2.952669445515092e-10,5,rises
ENSG00000138413,IDH1,TRACKS_FIBROSIS,EFO_0003095,-0.17484512399424612,7.583770874108972e-06,5,falls
ENSG00000244414,CFHR1,TRACKS_FIBROSIS,EFO_0003095,-0.17481892425060117,2.2227399614678376e-05,5,falls
ENSG00000163584,RPL22L1,TRACKS_FIBROSIS,EFO_0003095,0.174798640720924,3.8340797273073416e-05,5,rises
ENSG00000143384,MCL1,TRACKS_FIBROSIS,EFO_0003095,0.17478100867720822,0.00023853130614155774,5,rises
ENSG00000131323,TRAF3,TRACKS_FIBROSIS,EFO_0003095,0.17470395444740974,3.612678165342031e-06,5,rises
ENSG00000109016,DHRS7B,TRACKS_FIBROSIS,EFO_0003095,0.1746995961216722,6.604889635332775e-08,5,rises
ENSG00000132932,ATP8A2,TRACKS_FIBROSIS,EFO_0003095,0.17457481558363525,0.000329576313969768,5,rises
ENSG00000176105,YES1,TRACKS_FIBROSIS,EFO_0003095,-0.17456729805569596,0.0022144605584726506,5,falls
ENSG00000118508,RAB32,TRACKS_FIBROSIS,EFO_0003095,0.1745518981439382,0.0002228656947156961,5,rises
ENSG00000127507,ADGRE2,TRACKS_FIBROSIS,EFO_0003095,0.17454984598781279,2.328188925218931e-06,5,rises
ENSG00000127445,PIN1,TRACKS_FIBROSIS,EFO_0003095,0.17447468940951258,6.614405999845311e-08,5,rises
ENSG00000159403,C1R,TRACKS_FIBROSIS,EFO_0003095,-0.1742762423105482,0.00021344943090300877,5,falls
ENSG00000115163,CENPA,TRACKS_FIBROSIS,EFO_0003095,0.17421009327756004,0.00035698690491342344,5,rises
ENSG00000136003,ISCU,TRACKS_FIBROSIS,EFO_0003095,0.17411809768433867,0.0006123303688640798,5,rises
ENSG00000120280,TASL,TRACKS_FIBROSIS,EFO_0003095,0.17411748463137663,0.0003201185077274249,5,rises
ENSG00000198774,RASSF9,TRACKS_FIBROSIS,EFO_0003095,0.17410097452216125,0.0016162993473991204,5,rises
ENSG00000148484,RSU1,TRACKS_FIBROSIS,EFO_0003095,0.17395909689269098,0.0037721864295792522,5,rises
ENSG00000162998,FRZB,TRACKS_FIBROSIS,EFO_0003095,0.17392371546998897,0.00019671416093290826,5,rises
ENSG00000153339,TRAPPC8,TRACKS_FIBROSIS,EFO_0003095,-0.1738844540528672,0.0061990449240217965,5,falls
ENSG00000110195,FOLR1,TRACKS_FIBROSIS,EFO_0003095,0.1738667091849239,0.00011933344999790293,5,rises
ENSG00000104205,SGK3,TRACKS_FIBROSIS,EFO_0003095,-0.17375140147262103,0.000497101919850429,5,falls
ENSG00000213145,CRIP1,TRACKS_FIBROSIS,EFO_0003095,0.17361169050139513,0.0009145923631044725,5,rises
ENSG00000011009,LYPLA2,TRACKS_FIBROSIS,EFO_0003095,0.173561306801615,0.00023500272954774483,5,rises
ENSG00000111249,CUX2,TRACKS_FIBROSIS,EFO_0003095,-0.17355291319717178,0.0003658390867467555,5,falls
ENSG00000157150,TIMP4,TRACKS_FIBROSIS,EFO_0003095,0.1733641701974436,0.0015849783700194573,5,rises
ENSG00000118292,C1orf54,TRACKS_FIBROSIS,EFO_0003095,0.1733184749119302,0.0021982300431590647,5,rises
ENSG00000168685,IL7R,TRACKS_FIBROSIS,EFO_0003095,0.1732117931719469,1.7128047895171793e-05,5,rises
ENSG00000154122,ANKH,TRACKS_FIBROSIS,EFO_0003095,0.17320323159085818,7.4229825415270425e-06,5,rises
ENSG00000204310,AGPAT1,TRACKS_FIBROSIS,EFO_0003095,0.17312128502900898,0.002167331643920486,5,rises
ENSG00000197702,PARVA,TRACKS_FIBROSIS,EFO_0003095,0.17311761577997095,2.504028960446161e-07,5,rises
ENSG00000157193,LRP8,TRACKS_FIBROSIS,EFO_0003095,0.17311510221034065,1.7293856623913185e-10,5,rises
ENSG00000133619,KRABD3,TRACKS_FIBROSIS,EFO_0003095,0.17302588455402038,7.834360772439923e-12,5,rises
ENSG00000090013,BLVRB,TRACKS_FIBROSIS,EFO_0003095,-0.1727680443584186,0.0028451369585384694,5,falls
ENSG00000128609,NDUFA5,TRACKS_FIBROSIS,EFO_0003095,-0.17271315510873284,0.0018151928090361278,5,falls
ENSG00000089220,PEBP1,TRACKS_FIBROSIS,EFO_0003095,-0.1727063249947105,5.649742530164259e-05,5,falls
ENSG00000152784,PRDM8,TRACKS_FIBROSIS,EFO_0003095,0.1726128423588207,1.6801679017131982e-07,5,rises
ENSG00000110628,SLC67A1,TRACKS_FIBROSIS,EFO_0003095,0.17260928667924708,7.453810073031348e-05,5,rises
ENSG00000172164,SNTB1,TRACKS_FIBROSIS,EFO_0003095,-0.17259605687264942,1.6248332071305415e-08,5,falls
ENSG00000186687,LYRM7,TRACKS_FIBROSIS,EFO_0003095,-0.1724265775422302,0.010754050833324601,5,falls
ENSG00000169641,LUZP1,TRACKS_FIBROSIS,EFO_0003095,0.17239831912638465,0.00013668281018711862,5,rises
ENSG00000143028,SYPL2,TRACKS_FIBROSIS,EFO_0003095,-0.17235052511233412,0.0010548471868228918,5,falls
ENSG00000107159,CA9,TRACKS_FIBROSIS,EFO_0003095,0.17234314102582687,2.9412548852222377e-05,5,rises
ENSG00000177374,HIC1,TRACKS_FIBROSIS,EFO_0003095,0.1722703735711923,1.0490654015945155e-08,5,rises
ENSG00000166484,MAPK7,TRACKS_FIBROSIS,EFO_0003095,0.17219403192678873,3.000347165968902e-13,5,rises
ENSG00000131462,TUBG1,TRACKS_FIBROSIS,EFO_0003095,0.1721197838351349,0.005682882572434688,5,rises
ENSG00000138778,CENPE,TRACKS_FIBROSIS,EFO_0003095,0.1720074777705127,0.009253420105638333,5,rises
ENSG00000067829,IDH3G,TRACKS_FIBROSIS,EFO_0003095,0.17200071557575625,1.3286625555877802e-07,5,rises
ENSG00000144827,ABHD10,TRACKS_FIBROSIS,EFO_0003095,-0.17194779634936572,7.049319122407425e-06,5,falls
ENSG00000184574,LPAR5,TRACKS_FIBROSIS,EFO_0003095,0.17194779634936572,0.00022445182875081873,5,rises
ENSG00000167207,NOD2,TRACKS_FIBROSIS,EFO_0003095,0.17193228914597658,9.708121205895454e-11,5,rises
ENSG00000106012,IQCE,TRACKS_FIBROSIS,EFO_0003095,0.171851343187806,7.364206061987669e-12,5,rises
ENSG00000183813,CCR4,TRACKS_FIBROSIS,EFO_0003095,0.17178833061652993,3.3703238523571926e-05,5,rises
ENSG00000116285,ERRFI1,TRACKS_FIBROSIS,EFO_0003095,-0.17164351079762033,0.0001487026106042485,5,falls
ENSG00000185947,ZNF267,TRACKS_FIBROSIS,EFO_0003095,0.1715876611512406,0.004104613651016314,5,rises
ENSG00000103540,CCP110,TRACKS_FIBROSIS,EFO_0003095,-0.17156413195803452,0.020146977083988722,5,falls
ENSG00000165966,PDZRN4,TRACKS_FIBROSIS,EFO_0003095,0.171552762113799,8.042681087516879e-05,5,rises
ENSG00000162407,PLPP3,TRACKS_FIBROSIS,EFO_0003095,-0.17154228485964626,5.452681477157902e-05,5,falls
ENSG00000116212,LRRC42,TRACKS_FIBROSIS,EFO_0003095,0.17151147464344643,0.007336585412152434,5,rises
ENSG00000167508,MVD,TRACKS_FIBROSIS,EFO_0003095,0.171487326418596,0.003236666770735661,5,rises
ENSG00000117407,ARTN,TRACKS_FIBROSIS,EFO_0003095,0.17144076562135996,0.004399425950380536,5,rises
ENSG00000156171,DRAM2,TRACKS_FIBROSIS,EFO_0003095,0.17141022937675812,0.00010379871383335596,5,rises
ENSG00000189280,GJB5,TRACKS_FIBROSIS,EFO_0003095,-0.17129175564233862,0.00012516178343177257,5,falls
ENSG00000149043,SYT8,TRACKS_FIBROSIS,EFO_0003095,0.17126813782249414,1.2835951904346192e-06,5,rises
ENSG00000092929,UNC13D,TRACKS_FIBROSIS,EFO_0003095,0.17114478288052706,3.008526614123646e-05,5,rises
ENSG00000205581,HMGN1,TRACKS_FIBROSIS,EFO_0003095,0.1710493824055384,0.004200518572604866,5,rises
ENSG00000197879,MYO1C,TRACKS_FIBROSIS,EFO_0003095,0.17104693623951306,6.007864915888906e-11,5,rises
ENSG00000178773,CPNE7,TRACKS_FIBROSIS,EFO_0003095,0.17095239741635718,0.017655030415026956,5,rises
ENSG00000100055,CYTH4,TRACKS_FIBROSIS,EFO_0003095,0.1709478665154864,3.5012752613106596e-07,5,rises
ENSG00000123094,RASSF8,TRACKS_FIBROSIS,EFO_0003095,0.17090264162815316,0.0036604759043097177,5,rises
ENSG00000135605,TEC,TRACKS_FIBROSIS,EFO_0003095,-0.1709005863516088,0.017962923028823203,5,falls
ENSG00000196950,SLC39A10,TRACKS_FIBROSIS,EFO_0003095,0.17080518532469924,0.012307673234003726,5,rises
ENSG00000106536,POU6F2,TRACKS_FIBROSIS,EFO_0003095,-0.17079258581672205,6.248032478490577e-06,5,falls
ENSG00000118564,FBXL5,TRACKS_FIBROSIS,EFO_0003095,-0.17077189615104277,0.0025494019315614835,5,falls
ENSG00000111229,ARPC3,TRACKS_FIBROSIS,EFO_0003095,0.1707448347353825,0.00015622806867257965,5,rises
ENSG00000186111,PIP5K1C,TRACKS_FIBROSIS,EFO_0003095,0.17068246736759862,2.88775885567611e-12,5,rises
ENSG00000131943,C19orf12,TRACKS_FIBROSIS,EFO_0003095,0.17058055740494424,2.261514201803872e-06,5,rises
ENSG00000153976,HS3ST3A1,TRACKS_FIBROSIS,EFO_0003095,-0.17055866665661484,6.319715262852744e-05,5,falls
ENSG00000114805,PLCH1,TRACKS_FIBROSIS,EFO_0003095,0.17054364353268298,0.0032976118722545943,5,rises
ENSG00000172197,MBOAT1,TRACKS_FIBROSIS,EFO_0003095,0.17052760288895144,7.583770874108972e-06,5,rises
ENSG00000136383,ALPK3,TRACKS_FIBROSIS,EFO_0003095,0.17050797218039057,5.626094125697292e-06,5,rises
ENSG00000254087,LYN,TRACKS_FIBROSIS,EFO_0003095,0.1704768484084675,0.02263403791706468,5,rises
ENSG00000188112,C6orf132,TRACKS_FIBROSIS,EFO_0003095,0.17045359505684332,1.2886956991087638e-11,5,rises
ENSG00000121281,ADCY7,TRACKS_FIBROSIS,EFO_0003095,0.17045129481234056,1.5970742281701966e-11,5,rises
ENSG00000198088,NUP62CL,TRACKS_FIBROSIS,EFO_0003095,-0.1703035045608933,1.244466035228446e-06,5,falls
ENSG00000078369,GNB1,TRACKS_FIBROSIS,EFO_0003095,0.17028084071806468,4.619857989598425e-06,5,rises
ENSG00000168610,STAT3,TRACKS_FIBROSIS,EFO_0003095,0.17025315536428737,5.797531874561465e-05,5,rises
ENSG00000179241,LDLRAD3,TRACKS_FIBROSIS,EFO_0003095,0.17015073578808104,2.764498701822999e-06,5,rises
ENSG00000072518,MARK2,TRACKS_FIBROSIS,EFO_0003095,0.17013329322904525,1.6022847302937454e-07,5,rises
ENSG00000126231,PROZ,TRACKS_FIBROSIS,EFO_0003095,-0.17004127062326516,0.018122638176895627,5,falls
ENSG00000118655,DCLRE1B,TRACKS_FIBROSIS,EFO_0003095,0.16987585727371607,3.3758787622481176e-05,5,rises
ENSG00000172500,FIBP,TRACKS_FIBROSIS,EFO_0003095,0.1698287455588893,0.0005861745570505283,5,rises
ENSG00000090273,NUDC,TRACKS_FIBROSIS,EFO_0003095,-0.1697094018345396,2.7062340009724048e-08,5,falls
ENSG00000142694,EVA1B,TRACKS_FIBROSIS,EFO_0003095,0.16961935038818327,5.70775056596546e-06,5,rises
ENSG00000171798,KNDC1,TRACKS_FIBROSIS,EFO_0003095,0.16932829464303542,0.03789265854928232,5,rises
ENSG00000140459,CYP11A1,TRACKS_FIBROSIS,EFO_0003095,0.1691908097389914,1.0881400758531966e-05,5,rises
ENSG00000119314,PTBP3,TRACKS_FIBROSIS,EFO_0003095,0.1690664060563838,0.0036718670524775515,5,rises
ENSG00000110328,GALNT18,TRACKS_FIBROSIS,EFO_0003095,0.16902151077052416,0.0007648322000048913,5,rises
ENSG00000128872,TMOD2,TRACKS_FIBROSIS,EFO_0003095,0.16889873520868237,0.00037313470875704194,5,rises
ENSG00000170917,NUDT6,TRACKS_FIBROSIS,EFO_0003095,-0.16889171102531372,1.7798264442376343e-05,5,falls
ENSG00000249751,ECSCR,TRACKS_FIBROSIS,EFO_0003095,0.16871395561788702,0.0013308204705157437,5,rises
ENSG00000158008,EXTL1,TRACKS_FIBROSIS,EFO_0003095,0.16852211921196428,1.8661574493007165e-06,5,rises
ENSG00000196072,BLOC1S2,TRACKS_FIBROSIS,EFO_0003095,0.16851637748628956,0.0007974255935302766,5,rises
ENSG00000172270,BSG,TRACKS_FIBROSIS,EFO_0003095,0.16846378491674457,1.1651565016851048e-06,5,rises
ENSG00000150093,ITGB1,TRACKS_FIBROSIS,EFO_0003095,0.16840266847893268,0.004397059386431833,5,rises
ENSG00000177731,FLII,TRACKS_FIBROSIS,EFO_0003095,0.16838306143790807,1.0547157320638065e-06,5,rises
ENSG00000155189,AGPAT5,TRACKS_FIBROSIS,EFO_0003095,-0.16828643787990674,0.00022010263145458067,5,falls
ENSG00000091262,ABCC6,TRACKS_FIBROSIS,EFO_0003095,-0.16825747588386522,0.0006762674423733142,5,falls
ENSG00000253304,TMEM200B,TRACKS_FIBROSIS,EFO_0003095,0.16803937511134653,2.045231111649222e-11,5,rises
ENSG00000162976,SLC66A3,TRACKS_FIBROSIS,EFO_0003095,0.16793916495028455,0.0008606699966613857,5,rises
ENSG00000166840,GLYATL1,TRACKS_FIBROSIS,EFO_0003095,-0.16783332649750354,5.708335765655823e-08,5,falls
ENSG00000103642,LACTB,TRACKS_FIBROSIS,EFO_0003095,0.16769744730289077,0.011357571909002299,5,rises
ENSG00000125148,MT2A,TRACKS_FIBROSIS,EFO_0003095,-0.16767670550359545,0.00015136179955405648,5,falls
ENSG00000119185,ITGB1BP1,TRACKS_FIBROSIS,EFO_0003095,0.16752904094575805,1.8119920845126187e-06,5,rises
ENSG00000063046,EIF4B,TRACKS_FIBROSIS,EFO_0003095,-0.1675286401392329,0.0005212924326003159,5,falls
ENSG00000158077,NLRP14,TRACKS_FIBROSIS,EFO_0003095,-0.16742780391205128,0.0008170895522862948,5,falls
ENSG00000092841,MYL6,TRACKS_FIBROSIS,EFO_0003095,0.16737034870341358,0.00040438875842577855,5,rises
ENSG00000090512,FETUB,TRACKS_FIBROSIS,EFO_0003095,-0.16725121500720794,0.0022175193732549467,5,falls
ENSG00000079263,SP140,TRACKS_FIBROSIS,EFO_0003095,0.16721152558741503,3.3297057609721264e-05,5,rises
ENSG00000197006,METTL9,TRACKS_FIBROSIS,EFO_0003095,0.1671794764843961,0.0008677126306904625,5,rises
ENSG00000138801,PAPSS1,TRACKS_FIBROSIS,EFO_0003095,0.1671489398266347,9.071189683384226e-06,5,rises
ENSG00000135144,DTX1,TRACKS_FIBROSIS,EFO_0003095,0.16714537655442688,8.178213873302916e-05,5,rises
ENSG00000157445,CACNA2D3,TRACKS_FIBROSIS,EFO_0003095,0.1671321467478293,0.007255901630153324,5,rises
ENSG00000170619,COMMD5,TRACKS_FIBROSIS,EFO_0003095,0.16711973579680026,2.1582397345120275e-05,5,rises
ENSG00000121039,RDH10,TRACKS_FIBROSIS,EFO_0003095,-0.1669204698422672,0.000437469647843964,5,falls
ENSG00000102977,ACD,TRACKS_FIBROSIS,EFO_0003095,0.16679549968745658,6.850475885602402e-05,5,rises
ENSG00000167778,SPRYD3,TRACKS_FIBROSIS,EFO_0003095,0.16657275985822162,0.001513579426530577,5,rises
ENSG00000189320,FAM180A,TRACKS_FIBROSIS,EFO_0003095,0.16645229683651294,3.04290425046051e-05,5,rises
ENSG00000121274,TENT4B,TRACKS_FIBROSIS,EFO_0003095,-0.16639127757836214,0.008299422526778295,5,falls
ENSG00000116191,RALGPS2,TRACKS_FIBROSIS,EFO_0003095,-0.16635158815856924,0.0001831438450995533,5,falls
ENSG00000172081,MOB3A,TRACKS_FIBROSIS,EFO_0003095,0.1663179064975562,7.239077553934427e-13,5,rises
ENSG00000176399,DMRTA1,TRACKS_FIBROSIS,EFO_0003095,-0.16627220931898348,3.5207623984279473e-10,5,falls
ENSG00000241399,CD302,TRACKS_FIBROSIS,EFO_0003095,-0.16625000466380374,9.437251885334802e-05,5,falls
ENSG00000171643,S100Z,TRACKS_FIBROSIS,EFO_0003095,0.16622562635395366,0.00011735142650880445,5,rises
ENSG00000152128,TMEM163,TRACKS_FIBROSIS,EFO_0003095,0.1660651110572194,0.007509832146332708,5,rises
ENSG00000172995,ARPP21,TRACKS_FIBROSIS,EFO_0003095,0.16602780824882268,0.0008311089028849682,5,rises
ENSG00000010932,FMO1,TRACKS_FIBROSIS,EFO_0003095,0.1659943833804333,0.00010199109850884497,5,rises
ENSG00000146530,VWDE,TRACKS_FIBROSIS,EFO_0003095,-0.16593453935137173,0.0013296861362742977,5,falls
ENSG00000143653,SCCPDH,TRACKS_FIBROSIS,EFO_0003095,-0.16572040971931573,2.620605783510278e-06,5,falls
ENSG00000105669,COPE,TRACKS_FIBROSIS,EFO_0003095,0.1657165574418831,0.0014397035716143215,5,rises
ENSG00000196396,PTPN1,TRACKS_FIBROSIS,EFO_0003095,0.16569839422508756,0.0011105815168300829,5,rises
ENSG00000188522,SACK1G,TRACKS_FIBROSIS,EFO_0003095,0.1656962673931273,2.036908606725293e-05,5,rises
ENSG00000051128,HOMER3,TRACKS_FIBROSIS,EFO_0003095,0.16567637873085947,3.2992153767664744e-05,5,rises
ENSG00000123353,ORMDL2,TRACKS_FIBROSIS,EFO_0003095,0.16556507817670607,0.0005231558375891177,5,rises
ENSG00000267534,S1PR2,TRACKS_FIBROSIS,EFO_0003095,0.16554368542842254,3.856437719418816e-05,5,rises
ENSG00000128268,MGAT3,TRACKS_FIBROSIS,EFO_0003095,0.16551394942257747,1.0865342489734084e-06,5,rises
ENSG00000130479,MAP1S,TRACKS_FIBROSIS,EFO_0003095,0.1654519613099306,1.1115342870782525e-07,5,rises
ENSG00000255974,CYP2A6,TRACKS_FIBROSIS,EFO_0003095,-0.16529139858463038,0.0014713597631185653,5,falls
ENSG00000171649,ZIK1,TRACKS_FIBROSIS,EFO_0003095,0.16520059498457565,7.959005411816938e-06,5,rises
ENSG00000136425,CIB2,TRACKS_FIBROSIS,EFO_0003095,0.1651884096330917,0.0007216782372076353,5,rises
ENSG00000089012,SIRPG,TRACKS_FIBROSIS,EFO_0003095,0.16512843754118126,0.0003256517910130813,5,rises
ENSG00000117016,RIMS3,TRACKS_FIBROSIS,EFO_0003095,0.16484835153127883,2.4337607071606835e-07,5,rises
ENSG00000172782,FADS6,TRACKS_FIBROSIS,EFO_0003095,-0.16479359540154204,0.010864881527536408,5,falls
ENSG00000106100,NOD1,TRACKS_FIBROSIS,EFO_0003095,0.16464165050213683,1.3930137373520391e-05,5,rises
ENSG00000131236,CAP1,TRACKS_FIBROSIS,EFO_0003095,0.16450699636203617,0.002232935663104202,5,rises
ENSG00000112320,SOBP,TRACKS_FIBROSIS,EFO_0003095,0.16450588828772997,0.01471682687133417,5,rises
ENSG00000178821,TMEM52,TRACKS_FIBROSIS,EFO_0003095,-0.16442003639531558,0.008453912095769704,5,falls
ENSG00000100842,EFS,TRACKS_FIBROSIS,EFO_0003095,0.16433832591499353,3.636180773539103e-06,5,rises
ENSG00000111642,CHD4,TRACKS_FIBROSIS,EFO_0003095,0.16425740539977216,1.9112748902572117e-06,5,rises
ENSG00000131504,DIAPH1,TRACKS_FIBROSIS,EFO_0003095,-0.16417243826368227,0.005783492639212548,5,falls
ENSG00000118985,ELL2,TRACKS_FIBROSIS,EFO_0003095,-0.16416943450505647,2.750079163356957e-05,5,falls
ENSG00000105991,HOXA1,TRACKS_FIBROSIS,EFO_0003095,0.16413005416782095,0.0052104852243807795,5,rises
ENSG00000115520,COQ10B,TRACKS_FIBROSIS,EFO_0003095,0.16409309286065293,0.0003724520199288853,5,rises
ENSG00000077092,RARB,TRACKS_FIBROSIS,EFO_0003095,0.16408837422550016,0.003668013214976854,5,rises
ENSG00000158470,B4GALT5,TRACKS_FIBROSIS,EFO_0003095,0.16395699316439866,3.3758787622481176e-05,5,rises
ENSG00000204899,MZT1,TRACKS_FIBROSIS,EFO_0003095,0.16381873083466064,0.0019445020282394248,5,rises
ENSG00000162989,KCNJ3,TRACKS_FIBROSIS,EFO_0003095,-0.16370599199744085,0.00010434363172397105,5,falls
ENSG00000112033,PPARD,TRACKS_FIBROSIS,EFO_0003095,0.1636917539300743,0.0002235686997362613,5,rises
ENSG00000126787,DLGAP5,TRACKS_FIBROSIS,EFO_0003095,0.16361777452671952,0.00023230468184480898,5,rises
ENSG00000198535,C2CD4A,TRACKS_FIBROSIS,EFO_0003095,0.16356257657757667,8.523616659803426e-06,5,rises
ENSG00000173641,HSPB7,TRACKS_FIBROSIS,EFO_0003095,0.16346196193427864,0.0004663117399162184,5,rises
ENSG00000136169,SETDB2,TRACKS_FIBROSIS,EFO_0003095,-0.16341457109389596,0.024229748337562706,5,falls
ENSG00000198885,ITPRIPL1,TRACKS_FIBROSIS,EFO_0003095,0.16339511211182053,5.458493304357975e-05,5,rises
ENSG00000144290,SLC4A10,TRACKS_FIBROSIS,EFO_0003095,-0.16307317594051934,0.0029521723492925912,5,falls
ENSG00000107020,PLGRKT,TRACKS_FIBROSIS,EFO_0003095,0.16291832653727847,0.006521168704956323,5,rises
ENSG00000182771,GRID1,TRACKS_FIBROSIS,EFO_0003095,0.16288902103597958,0.004952582010671712,5,rises
ENSG00000170088,TMEM192,TRACKS_FIBROSIS,EFO_0003095,-0.16288199988431712,0.0011362127034115377,5,falls
ENSG00000160808,MYL3,TRACKS_FIBROSIS,EFO_0003095,0.16277175040022235,1.0259400935609823e-07,5,rises
ENSG00000067955,CBFB,TRACKS_FIBROSIS,EFO_0003095,0.16263401250463586,0.0029079001932355865,5,rises
ENSG00000147224,PRPS1,TRACKS_FIBROSIS,EFO_0003095,-0.16250171443865963,0.0062362589776189204,5,falls
ENSG00000180263,FGD6,TRACKS_FIBROSIS,EFO_0003095,0.16249636289790584,0.009752765319776329,5,rises
ENSG00000149480,MTA2,TRACKS_FIBROSIS,EFO_0003095,0.162473124320665,3.3868230230364885e-05,5,rises
ENSG00000166825,ANPEP,TRACKS_FIBROSIS,EFO_0003095,-0.1624730955418845,0.0010133190326771524,5,falls
ENSG00000184361,SPATA32,TRACKS_FIBROSIS,EFO_0003095,0.16236941637268343,0.018216789838394632,5,rises
ENSG00000147955,SIGMAR1,TRACKS_FIBROSIS,EFO_0003095,-0.16232532128539562,0.000837049563254,5,falls
ENSG00000149547,EI24,TRACKS_FIBROSIS,EFO_0003095,-0.1622503481133047,0.00030321047947612974,5,falls
ENSG00000227051,C14orf132,TRACKS_FIBROSIS,EFO_0003095,-0.1622456308803075,0.0009893430519901697,5,falls
ENSG00000100079,LGALS2,TRACKS_FIBROSIS,EFO_0003095,0.16222350457962048,0.013325543173562038,5,rises
ENSG00000140853,NLRC5,TRACKS_FIBROSIS,EFO_0003095,0.16216368431845835,7.964642761588976e-06,5,rises
ENSG00000110427,KIAA1549L,TRACKS_FIBROSIS,EFO_0003095,0.16208053487518673,0.015626562254467048,5,rises
ENSG00000181830,SLC35C1,TRACKS_FIBROSIS,EFO_0003095,0.16201419429596542,6.505418702035e-07,5,rises
ENSG00000106089,STX1A,TRACKS_FIBROSIS,EFO_0003095,0.16190734924874603,1.9096270682009106e-11,5,rises
ENSG00000168495,POLR3D,TRACKS_FIBROSIS,EFO_0003095,0.16183222882202355,0.001286072616314323,5,rises
ENSG00000124313,IQSEC2,TRACKS_FIBROSIS,EFO_0003095,0.1616981464162217,2.5018443119542507e-05,5,rises
ENSG00000167114,SLC27A4,TRACKS_FIBROSIS,EFO_0003095,0.16142494217880296,3.7084780738731484e-06,5,rises
ENSG00000008853,RHOBTB2,TRACKS_FIBROSIS,EFO_0003095,0.16139803435252414,5.965707731026559e-08,5,rises
ENSG00000157778,PSMG3,TRACKS_FIBROSIS,EFO_0003095,0.16133321095285236,5.472192925271997e-05,5,rises
ENSG00000156113,KCNMA1,TRACKS_FIBROSIS,EFO_0003095,-0.1612713424250802,1.0845695870081371e-07,5,falls
ENSG00000166532,RIMKLB,TRACKS_FIBROSIS,EFO_0003095,0.1612586028890792,0.00031205217965242195,5,rises
ENSG00000103042,SLC38A7,TRACKS_FIBROSIS,EFO_0003095,0.16121451983855303,0.0003307150936946377,5,rises
ENSG00000131183,SLC34A1,TRACKS_FIBROSIS,EFO_0003095,-0.16119500257242014,0.00039431377042421404,5,falls
ENSG00000115085,ZAP70,TRACKS_FIBROSIS,EFO_0003095,0.16114848657651623,3.490725372460443e-12,5,rises
ENSG00000126709,IFI6,TRACKS_FIBROSIS,EFO_0003095,0.1611222969262654,0.006710070649894843,5,rises
ENSG00000084110,HAL,TRACKS_FIBROSIS,EFO_0003095,-0.16109177564067365,0.021646921001563388,5,falls
ENSG00000099977,DDT,TRACKS_FIBROSIS,EFO_0003095,-0.16105687660323204,0.0001895265343487759,5,falls
ENSG00000078596,ITM2A,TRACKS_FIBROSIS,EFO_0003095,0.1610464357129206,4.827282982181161e-05,5,rises
ENSG00000101052,IFT52,TRACKS_FIBROSIS,EFO_0003095,0.1610199760997253,7.595912441996443e-05,5,rises
ENSG00000107295,SH3GL2,TRACKS_FIBROSIS,EFO_0003095,0.1609799479453822,0.007302696935901939,5,rises
ENSG00000116473,RAP1A,TRACKS_FIBROSIS,EFO_0003095,0.16095961843028336,2.4882745962833364e-05,5,rises
ENSG00000121671,CRY2,TRACKS_FIBROSIS,EFO_0003095,-0.16095636253190257,0.0018292029728344341,5,falls
ENSG00000197776,KLHDC1,TRACKS_FIBROSIS,EFO_0003095,-0.16060375194388168,0.013661282317208617,5,falls
ENSG00000132016,BRME1,TRACKS_FIBROSIS,EFO_0003095,0.1604868375080816,7.380436078080986e-05,5,rises
ENSG00000138823,MTTP,TRACKS_FIBROSIS,EFO_0003095,-0.1604710573977665,1.5803474155936044e-06,5,falls
ENSG00000055483,USP36,TRACKS_FIBROSIS,EFO_0003095,0.16045748351577746,3.0901083297342176e-05,5,rises
ENSG00000126456,IRF3,TRACKS_FIBROSIS,EFO_0003095,0.1602581209847115,2.1393007794882056e-08,5,rises
ENSG00000092621,PHGDH,TRACKS_FIBROSIS,EFO_0003095,-0.16021615598949682,1.962685294297863e-05,5,falls
ENSG00000162643,DNAI3,TRACKS_FIBROSIS,EFO_0003095,0.1598074997217776,5.2476153931901904e-05,5,rises
ENSG00000143185,XCL2,TRACKS_FIBROSIS,EFO_0003095,0.15970399623496412,0.04719604105771467,5,rises
ENSG00000115677,HDLBP,TRACKS_FIBROSIS,EFO_0003095,-0.1596496291762957,4.919487080580028e-05,5,falls
ENSG00000165915,SLC39A13,TRACKS_FIBROSIS,EFO_0003095,0.15959115698718154,1.2644681499286452e-09,5,rises
ENSG00000128918,ALDH1A2,TRACKS_FIBROSIS,EFO_0003095,-0.1595779271805839,0.0394690772291441,5,falls
ENSG00000187801,ZFP69B,TRACKS_FIBROSIS,EFO_0003095,0.1595098666707496,0.0052888421492191875,5,rises
ENSG00000005020,SKAP2,TRACKS_FIBROSIS,EFO_0003095,0.1595044365812283,0.012536190890144714,5,rises
ENSG00000134243,SORT1,TRACKS_FIBROSIS,EFO_0003095,0.15950443658122823,0.006112875529503108,5,rises
ENSG00000167850,CD300C,TRACKS_FIBROSIS,EFO_0003095,0.1594720887278029,0.0022151312945150226,5,rises
ENSG00000179403,VWA1,TRACKS_FIBROSIS,EFO_0003095,0.1594624268301181,0.00099628000051433,5,rises
ENSG00000126522,ASL,TRACKS_FIBROSIS,EFO_0003095,-0.15937998578545612,0.001936108753095945,5,falls
ENSG00000166183,ASPG,TRACKS_FIBROSIS,EFO_0003095,-0.15922903951722728,7.724889415961602e-05,5,falls
ENSG00000104142,VPS18,TRACKS_FIBROSIS,EFO_0003095,0.1591965503564182,7.676948671261519e-07,5,rises
ENSG00000198826,ARHGAP11A,TRACKS_FIBROSIS,EFO_0003095,0.15912799228100027,0.003564668800372436,5,rises
ENSG00000158856,DMTN,TRACKS_FIBROSIS,EFO_0003095,0.15912432303196228,0.0004208279147846737,5,rises
ENSG00000066933,MYO9A,TRACKS_FIBROSIS,EFO_0003095,-0.15891517583679493,0.0017870844154409527,5,falls
ENSG00000250565,ATP6V1E2,TRACKS_FIBROSIS,EFO_0003095,0.15879105780494804,0.0014986389043980762,5,rises
ENSG00000250722,SELENOP,TRACKS_FIBROSIS,EFO_0003095,-0.15875767917153102,0.002556809647609135,5,falls
ENSG00000163605,PPP4R2,TRACKS_FIBROSIS,EFO_0003095,-0.15861176279247863,0.0024973703718015865,5,falls
ENSG00000134709,HOOK1,TRACKS_FIBROSIS,EFO_0003095,-0.15854632709727562,0.0008142246996696527,5,falls
ENSG00000171100,MTM1,TRACKS_FIBROSIS,EFO_0003095,-0.1585061923756878,0.00245656859011625,5,falls
ENSG00000137486,ARRB1,TRACKS_FIBROSIS,EFO_0003095,0.15849397854111313,0.004065285400871927,5,rises
ENSG00000068438,FTSJ1,TRACKS_FIBROSIS,EFO_0003095,0.15849198911440954,1.9541859885048156e-05,5,rises
ENSG00000106384,MOGAT3,TRACKS_FIBROSIS,EFO_0003095,0.15846662342638324,7.664207441495521e-07,5,rises
ENSG00000125772,GPCPD1,TRACKS_FIBROSIS,EFO_0003095,0.15842586301787012,0.002519674861534469,5,rises
ENSG00000174358,SLC6A19,TRACKS_FIBROSIS,EFO_0003095,0.15825926452972316,1.2490668791631e-07,5,rises
ENSG00000096401,CDC5L,TRACKS_FIBROSIS,EFO_0003095,-0.15825494652082112,0.00163855280818272,5,falls
ENSG00000154240,CEP112,TRACKS_FIBROSIS,EFO_0003095,0.15793266420708107,0.0001566477953562723,5,rises
ENSG00000088367,EPB41L1,TRACKS_FIBROSIS,EFO_0003095,0.15790611197705298,0.0002353785296433308,5,rises
ENSG00000172572,PDE3A,TRACKS_FIBROSIS,EFO_0003095,0.1578718860269836,4.648257891230247e-05,5,rises
ENSG00000114268,PFKFB4,TRACKS_FIBROSIS,EFO_0003095,0.15764985807299398,5.4145121367398564e-05,5,rises
ENSG00000169122,FAM110B,TRACKS_FIBROSIS,EFO_0003095,-0.15763767464464684,0.0006100527446340463,5,falls
ENSG00000087470,DNM1L,TRACKS_FIBROSIS,EFO_0003095,0.15762237709239799,0.010663788191338362,5,rises
ENSG00000205707,ETFRF1,TRACKS_FIBROSIS,EFO_0003095,-0.15761934789274964,0.002579451750550104,5,falls
ENSG00000151287,TEX30,TRACKS_FIBROSIS,EFO_0003095,-0.1575975095168316,0.030178863357600557,5,falls
ENSG00000150667,FSIP1,TRACKS_FIBROSIS,EFO_0003095,0.15748761773815873,0.007430504005736007,5,rises
ENSG00000205302,SNX2,TRACKS_FIBROSIS,EFO_0003095,-0.15741865194994328,0.013568015605354616,5,falls
ENSG00000179088,C12orf42,TRACKS_FIBROSIS,EFO_0003095,0.15718806265081395,0.02046312349573084,5,rises
ENSG00000166707,ZCCHC18,TRACKS_FIBROSIS,EFO_0003095,0.1571672464245177,2.439208758488687e-06,5,rises
ENSG00000108262,GIT1,TRACKS_FIBROSIS,EFO_0003095,0.15715760554758168,5.25733264921931e-07,5,rises
ENSG00000143776,CDC42BPA,TRACKS_FIBROSIS,EFO_0003095,-0.15715687257321803,0.0015058027373661715,5,falls
ENSG00000135736,CCDC102A,TRACKS_FIBROSIS,EFO_0003095,0.15708269051360205,6.338589034058802e-13,5,rises
ENSG00000116863,ADPRS,TRACKS_FIBROSIS,EFO_0003095,0.15706093681616667,0.00046543392205566355,5,rises
ENSG00000009307,CSDE1,TRACKS_FIBROSIS,EFO_0003095,-0.15697165528085127,0.00017607457218254917,5,falls
ENSG00000180008,SOCS4,TRACKS_FIBROSIS,EFO_0003095,0.15693245346860502,0.02071855016964135,5,rises
ENSG00000077943,ITGA8,TRACKS_FIBROSIS,EFO_0003095,0.15677793511075003,6.375472543023315e-05,5,rises
ENSG00000152782,PANK1,TRACKS_FIBROSIS,EFO_0003095,-0.1565944318136653,2.017177754636476e-06,5,falls
ENSG00000189129,PLAC9,TRACKS_FIBROSIS,EFO_0003095,0.1565240485470163,1.498585844775165e-07,5,rises
ENSG00000171224,FAM241B,TRACKS_FIBROSIS,EFO_0003095,0.15647610737577444,5.227751277517984e-05,5,rises
ENSG00000106397,PLOD3,TRACKS_FIBROSIS,EFO_0003095,0.15644246301694617,6.789797907176032e-08,5,rises
ENSG00000167565,SERTAD3,TRACKS_FIBROSIS,EFO_0003095,0.1563517267566556,5.491269404463766e-08,5,rises
ENSG00000143157,POGK,TRACKS_FIBROSIS,EFO_0003095,0.1560617231682254,0.00017246998521554512,5,rises
ENSG00000145214,DGKQ,TRACKS_FIBROSIS,EFO_0003095,0.15598344585541415,1.7974913849369519e-06,5,rises
ENSG00000151490,PTPRO,TRACKS_FIBROSIS,EFO_0003095,0.15590004094644347,0.014509074525817924,5,rises
ENSG00000234511,C5orf58,TRACKS_FIBROSIS,EFO_0003095,0.1558491033481207,0.0011248443440633321,5,rises
ENSG00000165071,TMEM71,TRACKS_FIBROSIS,EFO_0003095,0.1557766231288001,0.00029335082273365134,5,rises
ENSG00000184205,TSPYL2,TRACKS_FIBROSIS,EFO_0003095,0.15556929578150275,3.844418729404324e-05,5,rises
ENSG00000122035,RASL11A,TRACKS_FIBROSIS,EFO_0003095,0.1555560659749051,0.0009039183566069022,5,rises
ENSG00000169738,DCXR,TRACKS_FIBROSIS,EFO_0003095,-0.1554991049823951,9.016808429957742e-05,5,falls
ENSG00000104976,SNAPC2,TRACKS_FIBROSIS,EFO_0003095,0.1554978818993824,9.48431714630244e-06,5,rises
ENSG00000104660,LEPROTL1,TRACKS_FIBROSIS,EFO_0003095,0.15543183541669803,0.0072202007509260405,5,rises
ENSG00000169372,CRADD,TRACKS_FIBROSIS,EFO_0003095,-0.1553804659301657,1.228476752191109e-07,5,falls
ENSG00000155666,KDM8,TRACKS_FIBROSIS,EFO_0003095,-0.15535355810388685,0.0032758254691830357,5,falls
ENSG00000124839,RAB17,TRACKS_FIBROSIS,EFO_0003095,-0.15531459312356793,0.0020666788455834992,5,falls
ENSG00000136436,CALCOCO2,TRACKS_FIBROSIS,EFO_0003095,-0.15531459312356788,0.0003848862346823309,5,falls
ENSG00000106688,SLC1A1,TRACKS_FIBROSIS,EFO_0003095,-0.15506491051289567,0.0017387487255635537,5,falls
ENSG00000172159,FRMD3,TRACKS_FIBROSIS,EFO_0003095,0.15502687371100005,0.0004026515748533512,5,rises
ENSG00000112343,TRIM38,TRACKS_FIBROSIS,EFO_0003095,0.1550136439044024,0.0007216845484241341,5,rises
ENSG00000162542,TMCO4,TRACKS_FIBROSIS,EFO_0003095,0.15496198253554697,0.014777263016769585,5,rises
ENSG00000170276,HSPB2,TRACKS_FIBROSIS,EFO_0003095,0.15485488622523086,0.02898323828723914,5,rises
ENSG00000188158,NHS,TRACKS_FIBROSIS,EFO_0003095,0.15479723966173997,4.6608135936676205e-07,5,rises
ENSG00000139579,NABP2,TRACKS_FIBROSIS,EFO_0003095,0.15460832500756413,0.017014206159759137,5,rises
ENSG00000181350,LRRC75A,TRACKS_FIBROSIS,EFO_0003095,0.1546047287162241,0.00013611524638884102,5,rises
ENSG00000180198,RCC1,TRACKS_FIBROSIS,EFO_0003095,0.15451804742546865,0.009897681833067419,5,rises
ENSG00000153071,DAB2,TRACKS_FIBROSIS,EFO_0003095,0.15443153241410681,1.0494425631005652e-05,5,rises
ENSG00000125821,DTD1,TRACKS_FIBROSIS,EFO_0003095,0.15440652805935062,0.0016845953067537117,5,rises
ENSG00000067596,DHX8,TRACKS_FIBROSIS,EFO_0003095,0.15426990655465728,0.00028135804224013684,5,rises
ENSG00000158966,CACHD1,TRACKS_FIBROSIS,EFO_0003095,0.1542246524831883,2.3250961281442988e-06,5,rises
ENSG00000213397,HAUS7,TRACKS_FIBROSIS,EFO_0003095,0.15420473111113717,4.362140897625954e-09,5,rises
ENSG00000147687,TATDN1,TRACKS_FIBROSIS,EFO_0003095,-0.15417379416232374,0.000596529389703133,5,falls
ENSG00000143337,TOR1AIP1,TRACKS_FIBROSIS,EFO_0003095,-0.15390787398290562,0.0009211284955704655,5,falls
ENSG00000176978,DPP7,TRACKS_FIBROSIS,EFO_0003095,0.1538758805370064,0.001933425663146538,5,rises
ENSG00000102096,PIM2,TRACKS_FIBROSIS,EFO_0003095,0.15380635809285365,4.387717538041302e-08,5,rises
ENSG00000163029,SMC6,TRACKS_FIBROSIS,EFO_0003095,-0.1536168380586469,0.027831880171027713,5,falls
ENSG00000168143,SACK1B,TRACKS_FIBROSIS,EFO_0003095,0.15361310608960596,1.5152956145439047e-06,5,rises
ENSG00000179921,GPBAR1,TRACKS_FIBROSIS,EFO_0003095,0.15349313134638434,0.00022458638913956124,5,rises
ENSG00000173960,UBXN2A,TRACKS_FIBROSIS,EFO_0003095,0.15346575653248,0.002051107479665003,5,rises
ENSG00000064205,CCN5,TRACKS_FIBROSIS,EFO_0003095,0.15334137411518842,1.455528619652792e-06,5,rises
ENSG00000061337,LZTS1,TRACKS_FIBROSIS,EFO_0003095,0.15333345846650373,1.568840648902306e-05,5,rises
ENSG00000101439,CST3,TRACKS_FIBROSIS,EFO_0003095,0.15330263859191914,0.03274833485376165,5,rises
ENSG00000174953,DHX36,TRACKS_FIBROSIS,EFO_0003095,-0.1532329194921091,0.014675069140306142,5,falls
ENSG00000184371,CSF1,TRACKS_FIBROSIS,EFO_0003095,0.15302917291475823,0.00015753259075947866,5,rises
ENSG00000198870,STKLD1,TRACKS_FIBROSIS,EFO_0003095,-0.15294721277773582,0.03357082824959791,5,falls
ENSG00000196209,SIRPB2,TRACKS_FIBROSIS,EFO_0003095,0.15290752375425645,0.004536666849005284,5,rises
ENSG00000123395,ATG101,TRACKS_FIBROSIS,EFO_0003095,0.15280343002246058,0.011179680826908914,5,rises
ENSG00000163053,SLC16A14,TRACKS_FIBROSIS,EFO_0003095,0.15271818784452518,0.01668905761444511,5,rises
ENSG00000162927,PUS10,TRACKS_FIBROSIS,EFO_0003095,-0.15242060181126738,6.02371890416913e-05,5,falls
ENSG00000141577,CEP131,TRACKS_FIBROSIS,EFO_0003095,0.152403481877316,1.0026960408125536e-06,5,rises
ENSG00000182704,TSKU,TRACKS_FIBROSIS,EFO_0003095,-0.1523676825848769,0.045906256068308345,5,falls
ENSG00000100030,MAPK1,TRACKS_FIBROSIS,EFO_0003095,0.15236768258487687,0.004041441147256546,5,rises
ENSG00000171793,CTPS1,TRACKS_FIBROSIS,EFO_0003095,-0.152222154712303,0.001687007753793672,5,falls
ENSG00000115183,TANC1,TRACKS_FIBROSIS,EFO_0003095,0.15217725276418015,7.82266263641063e-06,5,rises
ENSG00000151466,SCLT1,TRACKS_FIBROSIS,EFO_0003095,0.15216183963067498,0.009797141219659806,5,rises
ENSG00000180817,PPA1,TRACKS_FIBROSIS,EFO_0003095,0.1521548989529686,5.692441021378968e-06,5,rises
ENSG00000100092,SH3BP1,TRACKS_FIBROSIS,EFO_0003095,0.15210091111977656,0.040882428266969494,5,rises
ENSG00000162739,SLAMF6,TRACKS_FIBROSIS,EFO_0003095,0.15204420018393391,0.0001599185842501566,5,rises
ENSG00000105176,URI1,TRACKS_FIBROSIS,EFO_0003095,-0.15201664703560752,2.451532704724282e-05,5,falls
ENSG00000138434,ITPRID2,TRACKS_FIBROSIS,EFO_0003095,-0.15183627219263152,0.00012551808812059066,5,falls
ENSG00000166913,YWHAB,TRACKS_FIBROSIS,EFO_0003095,0.15165862432259725,0.008354547369298845,5,rises
ENSG00000101871,MID1,TRACKS_FIBROSIS,EFO_0003095,0.15161886816511422,4.266090579987314e-07,5,rises
ENSG00000100664,EIF5,TRACKS_FIBROSIS,EFO_0003095,-0.15160181104970055,2.7940105373019564e-07,5,falls
ENSG00000104915,STX10,TRACKS_FIBROSIS,EFO_0003095,0.1516003538022145,0.014234754879724709,5,rises
ENSG00000130717,UCK1,TRACKS_FIBROSIS,EFO_0003095,-0.1513919922258342,0.0046187949173899364,5,falls
ENSG00000135914,HTR2B,TRACKS_FIBROSIS,EFO_0003095,0.1512077168630889,0.00014303078914634944,5,rises
ENSG00000054148,PHPT1,TRACKS_FIBROSIS,EFO_0003095,0.15118044900725386,0.001724634663947089,5,rises
ENSG00000160326,SLC2A6,TRACKS_FIBROSIS,EFO_0003095,0.15111506574417968,1.5779899075405752e-10,5,rises
ENSG00000085514,PILRA,TRACKS_FIBROSIS,EFO_0003095,0.15108439134490703,0.00045401913549280063,5,rises
ENSG00000164830,OXR1,TRACKS_FIBROSIS,EFO_0003095,-0.15095881527154476,0.0007276621335814717,5,falls
ENSG00000197780,TAF13,TRACKS_FIBROSIS,EFO_0003095,0.15065204273337868,0.021072894818795297,5,rises
ENSG00000146278,PNRC1,TRACKS_FIBROSIS,EFO_0003095,0.1504229010150256,4.993307901554481e-07,5,rises
ENSG00000026297,RNASET2,TRACKS_FIBROSIS,EFO_0003095,0.1503581404375357,0.015625066237535363,5,rises
ENSG00000185880,TRIM69,TRACKS_FIBROSIS,EFO_0003095,0.15019136869761684,7.174513009358476e-05,5,rises
ENSG00000168528,SERINC2,TRACKS_FIBROSIS,EFO_0003095,0.15016401454176673,0.0008170250882792258,5,rises
ENSG00000166086,JAM3,TRACKS_FIBROSIS,EFO_0003095,0.15015286080885057,4.273207672894867e-09,5,rises
ENSG00000166016,ABTB2,TRACKS_FIBROSIS,EFO_0003095,-0.1499333981709134,0.014634131176958665,5,falls
ENSG00000135363,LMO2,TRACKS_FIBROSIS,EFO_0003095,0.14989264895457535,0.02396027348024414,5,rises
ENSG00000168040,FADD,TRACKS_FIBROSIS,EFO_0003095,0.14987903853915588,0.00023324508033768058,5,rises
ENSG00000121446,RGSL1,TRACKS_FIBROSIS,EFO_0003095,-0.14982737673147797,0.00875806972300498,5,falls
ENSG00000203485,INF2,TRACKS_FIBROSIS,EFO_0003095,0.149690683755204,4.102733413685098e-06,5,rises
ENSG00000182463,TSHZ2,TRACKS_FIBROSIS,EFO_0003095,0.14966880203896088,3.5916833894378212e-06,5,rises
ENSG00000185112,FAM43A,TRACKS_FIBROSIS,EFO_0003095,0.14954269071067042,3.374001466217085e-07,5,rises
ENSG00000072506,HSD17B10,TRACKS_FIBROSIS,EFO_0003095,-0.14946540572227968,0.00012995729327489134,5,falls
ENSG00000176896,TCEANC,TRACKS_FIBROSIS,EFO_0003095,-0.14946540572227965,0.002054367268859084,5,falls
ENSG00000172828,CES3,TRACKS_FIBROSIS,EFO_0003095,-0.14911279513425876,0.008059032565842663,5,falls
ENSG00000152932,RAB3C,TRACKS_FIBROSIS,EFO_0003095,0.14909992035526287,0.0010504661555761853,5,rises
ENSG00000139547,RDH16,TRACKS_FIBROSIS,EFO_0003095,-0.1488882434497008,0.0009944550611806781,5,falls
ENSG00000177301,KCNA2,TRACKS_FIBROSIS,EFO_0003095,0.14868156731753546,3.930160914824673e-05,5,rises
ENSG00000120694,HSPH1,TRACKS_FIBROSIS,EFO_0003095,0.14843227630303035,0.008904644184293658,5,rises
ENSG00000173402,DAG1,TRACKS_FIBROSIS,EFO_0003095,0.1484119704121862,0.0001338179552279162,5,rises
ENSG00000079462,PAFAH1B3,TRACKS_FIBROSIS,EFO_0003095,0.14840635165193009,0.001149377158982471,5,rises
ENSG00000069122,ADGRF5,TRACKS_FIBROSIS,EFO_0003095,-0.1483897927349854,0.011363604970876424,5,falls
ENSG00000198133,TMEM229B,TRACKS_FIBROSIS,EFO_0003095,0.14837586951657897,6.375265525273812e-07,5,rises
ENSG00000152240,HAUS1,TRACKS_FIBROSIS,EFO_0003095,0.14836609035962625,0.011956210927152152,5,rises
ENSG00000079950,STX7,TRACKS_FIBROSIS,EFO_0003095,0.14824163956385414,0.0019853144168592756,5,rises
ENSG00000171004,HS6ST2,TRACKS_FIBROSIS,EFO_0003095,0.14801012334849964,0.0021046008465722865,5,rises
ENSG00000061918,GUCY1B1,TRACKS_FIBROSIS,EFO_0003095,0.1479596466085303,0.0033448583726585,5,rises
ENSG00000162367,TAL1,TRACKS_FIBROSIS,EFO_0003095,0.14794901354515558,0.0013452138120847094,5,rises
ENSG00000166922,SCG5,TRACKS_FIBROSIS,EFO_0003095,-0.14782985892189063,2.662296334074504e-06,5,falls
ENSG00000160200,CBS,TRACKS_FIBROSIS,EFO_0003095,-0.14766421103799318,8.419281699786426e-07,5,falls
ENSG00000164796,CSMD3,TRACKS_FIBROSIS,EFO_0003095,-0.14764012738428905,0.012091916107798263,5,falls
ENSG00000151276,MAGI1,TRACKS_FIBROSIS,EFO_0003095,-0.14751567658851691,0.000119745464915378,5,falls
ENSG00000205189,ZBTB10,TRACKS_FIBROSIS,EFO_0003095,-0.14749493478922163,0.0026421411057119377,5,falls
ENSG00000039523,RIPOR1,TRACKS_FIBROSIS,EFO_0003095,0.14743531867983228,1.5253625407125469e-12,5,rises
ENSG00000254726,MEX3A,TRACKS_FIBROSIS,EFO_0003095,-0.14735358588437603,9.494411523726235e-06,5,falls
ENSG00000164056,SPRY1,TRACKS_FIBROSIS,EFO_0003095,0.14729793109187372,5.811256709861473e-11,5,rises
ENSG00000170153,RNF150,TRACKS_FIBROSIS,EFO_0003095,0.1470891861872454,3.0464362575652267e-05,5,rises
ENSG00000136908,DPM2,TRACKS_FIBROSIS,EFO_0003095,0.14707206302506798,0.028176524456624132,5,rises
ENSG00000185924,RTN4RL1,TRACKS_FIBROSIS,EFO_0003095,0.14701702428949762,0.001524766369992992,5,rises
ENSG00000038210,PI4K2B,TRACKS_FIBROSIS,EFO_0003095,-0.14679793400727567,0.0034772987644358343,5,falls
ENSG00000185561,TLCD2,TRACKS_FIBROSIS,EFO_0003095,0.1467966172893843,0.0007543762492354331,5,rises
ENSG00000165682,CLEC1B,TRACKS_FIBROSIS,EFO_0003095,-0.14678072759528318,0.0004033865830876661,5,falls
ENSG00000151655,ITIH2,TRACKS_FIBROSIS,EFO_0003095,-0.1466030374195216,0.0005610569995387415,5,falls
ENSG00000125740,FOSB,TRACKS_FIBROSIS,EFO_0003095,0.1465529499248269,0.0007745354367081063,5,rises
ENSG00000101255,TRIB3,TRACKS_FIBROSIS,EFO_0003095,0.14637612879085615,0.020467585121250402,5,rises
ENSG00000124357,NAGK,TRACKS_FIBROSIS,EFO_0003095,0.14634812058295635,4.220302046940984e-05,5,rises
ENSG00000108679,LGALS3BP,TRACKS_FIBROSIS,EFO_0003095,0.14624437254871572,2.913271925081757e-06,5,rises
ENSG00000141503,MINK1,TRACKS_FIBROSIS,EFO_0003095,0.14624036657644932,3.828823599417927e-05,5,rises
ENSG00000021762,OSBPL5,TRACKS_FIBROSIS,EFO_0003095,0.14621345875017044,1.9839234448311064e-11,5,rises
ENSG00000213185,FAM24B,TRACKS_FIBROSIS,EFO_0003095,0.14621210326273237,0.012178161504294226,5,rises
ENSG00000186479,RGS7BP,TRACKS_FIBROSIS,EFO_0003095,0.14613963618695758,0.017205842358976937,5,rises
ENSG00000174944,P2RY14,TRACKS_FIBROSIS,EFO_0003095,0.14592476677183225,0.002719189950340971,5,rises
ENSG00000231672,DIRC3,TRACKS_FIBROSIS,EFO_0003095,0.14591153696523462,4.144901596791855e-05,5,rises
ENSG00000172115,CYCS,TRACKS_FIBROSIS,EFO_0003095,0.14590981445036177,0.00041836947141088286,5,rises
ENSG00000163702,IL17RC,TRACKS_FIBROSIS,EFO_0003095,-0.14575235645439216,3.1790159725779754e-05,5,falls
ENSG00000169019,COMMD8,TRACKS_FIBROSIS,EFO_0003095,0.14540902069034614,0.00035961075861204786,5,rises
ENSG00000082146,STRADB,TRACKS_FIBROSIS,EFO_0003095,-0.14538939074181123,0.004948288162879616,5,falls
ENSG00000107968,MAP3K8,TRACKS_FIBROSIS,EFO_0003095,0.14537320072046309,0.00267208776685062,5,rises
ENSG00000049768,FOXP3,TRACKS_FIBROSIS,EFO_0003095,0.14512310041353163,0.011505989900384097,5,rises
ENSG00000126391,FRMD8,TRACKS_FIBROSIS,EFO_0003095,0.14492432925481158,9.30429796291671e-09,5,rises
ENSG00000101574,METTL4,TRACKS_FIBROSIS,EFO_0003095,0.14492295167659838,0.015777420488146246,5,rises
ENSG00000204442,NALF1,TRACKS_FIBROSIS,EFO_0003095,0.14491210203124827,0.00011666556954629222,5,rises
ENSG00000176658,MYO1D,TRACKS_FIBROSIS,EFO_0003095,0.14470417431253016,6.007598786503838e-05,5,rises
ENSG00000231925,TAPBP,TRACKS_FIBROSIS,EFO_0003095,0.1447017281465048,0.0012460392160532547,5,rises
ENSG00000134057,CCNB1,TRACKS_FIBROSIS,EFO_0003095,0.14464996662599092,0.0007745354367081063,5,rises
ENSG00000033100,CHPF2,TRACKS_FIBROSIS,EFO_0003095,0.14460634282918883,1.0889458167913225e-08,5,rises
ENSG00000010610,CD4,TRACKS_FIBROSIS,EFO_0003095,-0.14457798736126753,0.00024113635616136587,5,falls
ENSG00000106049,HIBADH,TRACKS_FIBROSIS,EFO_0003095,-0.14448661492085615,2.2390857143427567e-07,5,falls
ENSG00000115758,ODC1,TRACKS_FIBROSIS,EFO_0003095,0.14437687939990987,0.0018048538677056434,5,rises
ENSG00000111737,RAB35,TRACKS_FIBROSIS,EFO_0003095,0.14420064151893003,4.605956776667252e-11,5,rises
ENSG00000164818,DNAAF5,TRACKS_FIBROSIS,EFO_0003095,0.14404493256869863,0.006730004030718497,5,rises
ENSG00000032444,PNPLA6,TRACKS_FIBROSIS,EFO_0003095,0.14392629351646918,3.485030648369467e-08,5,rises
ENSG00000162733,DDR2,TRACKS_FIBROSIS,EFO_0003095,0.14376973889084685,0.00020661238271701157,5,rises
ENSG00000114127,XRN1,TRACKS_FIBROSIS,EFO_0003095,-0.14372861887662608,3.3545206819265135e-05,5,falls
ENSG00000122224,LY9,TRACKS_FIBROSIS,EFO_0003095,0.1437208155703399,3.7436085911152953e-07,5,rises
ENSG00000054392,HHAT,TRACKS_FIBROSIS,EFO_0003095,0.14367844371887753,0.003597694756215321,5,rises
ENSG00000119865,CNRIP1,TRACKS_FIBROSIS,EFO_0003095,0.14366406881826513,0.0003026668717100359,5,rises
ENSG00000254004,ZNF260,TRACKS_FIBROSIS,EFO_0003095,0.14365770191958216,0.04878383894190269,5,rises
ENSG00000143368,SF3B4,TRACKS_FIBROSIS,EFO_0003095,0.14364498442355408,0.003972447375995171,5,rises
ENSG00000103249,CLCN7,TRACKS_FIBROSIS,EFO_0003095,0.1436117202621027,7.68547410591478e-08,5,rises
ENSG00000147642,SYBU,TRACKS_FIBROSIS,EFO_0003095,-0.14350555296010917,0.03681990125877202,5,falls
ENSG00000166123,GPT2,TRACKS_FIBROSIS,EFO_0003095,-0.14347212411233626,0.02396027348024414,5,falls
ENSG00000173930,SLCO4C1,TRACKS_FIBROSIS,EFO_0003095,-0.143164312799573,1.3269495986507952e-05,5,falls
ENSG00000164924,YWHAZ,TRACKS_FIBROSIS,EFO_0003095,0.14304748405333362,0.00043177760294926695,5,rises
ENSG00000111328,CDK2AP1,TRACKS_FIBROSIS,EFO_0003095,0.1428068612111054,0.00020175351764593064,5,rises
ENSG00000014257,ACP3,TRACKS_FIBROSIS,EFO_0003095,0.14280585064024984,0.0010833582861350989,5,rises
ENSG00000145050,MANF,TRACKS_FIBROSIS,EFO_0003095,0.14253764475763336,0.017048942282867494,5,rises
ENSG00000142657,PGD,TRACKS_FIBROSIS,EFO_0003095,0.14239243514148617,0.013275805385577693,5,rises
ENSG00000188488,SERPINA5,TRACKS_FIBROSIS,EFO_0003095,-0.1423350625169797,9.3928278075122e-06,5,falls
ENSG00000041982,TNC,TRACKS_FIBROSIS,EFO_0003095,0.1423118239397389,0.0037211696424029896,5,rises
ENSG00000213512,GBP7,TRACKS_FIBROSIS,EFO_0003095,-0.1422668484905078,8.329460371599216e-05,5,falls
ENSG00000104321,TRPA1,TRACKS_FIBROSIS,EFO_0003095,0.1419134124478047,0.000760346876936023,5,rises
ENSG00000162931,TRIM17,TRACKS_FIBROSIS,EFO_0003095,0.1418764459529582,7.600350055511482e-06,5,rises
ENSG00000135862,LAMC1,TRACKS_FIBROSIS,EFO_0003095,0.1416508367538561,3.9310742748451876e-05,5,rises
ENSG00000141026,MED9,TRACKS_FIBROSIS,EFO_0003095,0.14150601136822466,0.0004709995331278892,5,rises
ENSG00000138698,RAP1GDS1,TRACKS_FIBROSIS,EFO_0003095,-0.14137371330224838,0.00506266249236387,5,falls
ENSG00000254470,AP5B1,TRACKS_FIBROSIS,EFO_0003095,0.1413476452080777,1.643363935347504e-06,5,rises
ENSG00000130590,SAMD10,TRACKS_FIBROSIS,EFO_0003095,0.14130756426926022,3.8141196465935083e-06,5,rises
ENSG00000241186,CRIPTO,TRACKS_FIBROSIS,EFO_0003095,-0.1412722033789656,0.027678875333440073,5,falls
ENSG00000025708,TYMP,TRACKS_FIBROSIS,EFO_0003095,0.14125385713377547,7.122958174177822e-06,5,rises
ENSG00000162946,DISC1,TRACKS_FIBROSIS,EFO_0003095,0.14116203639668634,1.1704044843710388e-05,5,rises
ENSG00000164035,EMCN,TRACKS_FIBROSIS,EFO_0003095,0.1410613772472325,0.0009928919347089145,5,rises
ENSG00000130508,PXDN,TRACKS_FIBROSIS,EFO_0003095,0.14095503103685947,3.7436085911152953e-07,5,rises
ENSG00000184434,LRRC19,TRACKS_FIBROSIS,EFO_0003095,-0.14085087040175703,0.0005362667740569854,5,falls
ENSG00000146094,DOK3,TRACKS_FIBROSIS,EFO_0003095,0.14081806142514802,2.077568586757647e-06,5,rises
ENSG00000179152,TCAIM,TRACKS_FIBROSIS,EFO_0003095,-0.1407958549469516,0.0002516139144334421,5,falls
ENSG00000176293,ZNF135,TRACKS_FIBROSIS,EFO_0003095,0.14047722818661448,4.982746776135938e-10,5,rises
ENSG00000184374,COLEC10,TRACKS_FIBROSIS,EFO_0003095,-0.14044295309637228,0.04672632923473841,5,falls
ENSG00000187994,RINL,TRACKS_FIBROSIS,EFO_0003095,0.14040793742062155,8.89970440098173e-05,5,rises
ENSG00000196878,LAMB3,TRACKS_FIBROSIS,EFO_0003095,0.140363928590192,0.003674617273276857,5,rises
ENSG00000163376,KBTBD8,TRACKS_FIBROSIS,EFO_0003095,0.14030817321395242,0.017435638079959685,5,rises
ENSG00000115760,BIRC6,TRACKS_FIBROSIS,EFO_0003095,-0.1401168816754737,0.0002118978446451952,5,falls
ENSG00000131437,KIF3A,TRACKS_FIBROSIS,EFO_0003095,0.14007480510955725,0.00537312404789785,5,rises
ENSG00000109065,NAT9,TRACKS_FIBROSIS,EFO_0003095,0.1400311507221426,4.768560706748049e-06,5,rises
ENSG00000147799,ARHGAP39,TRACKS_FIBROSIS,EFO_0003095,0.1400045984921145,0.0008244317101639045,5,rises
ENSG00000160888,IER2,TRACKS_FIBROSIS,EFO_0003095,0.13982582593032594,0.048998674503300955,5,rises
ENSG00000110104,CCDC86,TRACKS_FIBROSIS,EFO_0003095,0.13968708779453942,0.004303263157246639,5,rises
ENSG00000178074,C2orf69,TRACKS_FIBROSIS,EFO_0003095,0.13966472994775495,0.0038677409849441203,5,rises
ENSG00000187398,LUZP2,TRACKS_FIBROSIS,EFO_0003095,-0.13957651905791552,0.03246209009911556,5,falls
ENSG00000100629,CEP128,TRACKS_FIBROSIS,EFO_0003095,0.13954799999177578,0.0019248096994938784,5,rises
ENSG00000033867,SLC4A7,TRACKS_FIBROSIS,EFO_0003095,0.13952635169159322,0.0005608275173941286,5,rises
ENSG00000205277,MUC12,TRACKS_FIBROSIS,EFO_0003095,0.13952171825128457,0.0021844422576506786,5,rises
ENSG00000149564,ESAM,TRACKS_FIBROSIS,EFO_0003095,0.13927769604982163,0.00302919331661867,5,rises
ENSG00000087589,CASS4,TRACKS_FIBROSIS,EFO_0003095,0.13922927337529428,0.0013391183186414516,5,rises
ENSG00000100628,ASB2,TRACKS_FIBROSIS,EFO_0003095,0.1392263999672807,0.00010618295318666597,5,rises
ENSG00000162302,RPS6KA4,TRACKS_FIBROSIS,EFO_0003095,0.1392247624157485,1.0004575254006542e-07,5,rises
ENSG00000138821,SLC39A8,TRACKS_FIBROSIS,EFO_0003095,-0.13920402502023746,8.413014191711983e-05,5,falls
ENSG00000118680,MYL12B,TRACKS_FIBROSIS,EFO_0003095,0.1391926296460577,7.726603664173402e-06,5,rises
ENSG00000099250,NRP1,TRACKS_FIBROSIS,EFO_0003095,0.1391378759872493,1.8740601676256225e-05,5,rises
ENSG00000153214,TMEM87B,TRACKS_FIBROSIS,EFO_0003095,0.1390902232843543,0.0008043646093302811,5,rises
ENSG00000143314,MRPL24,TRACKS_FIBROSIS,EFO_0003095,-0.13901154508906388,0.0006069671872949652,5,falls
ENSG00000164142,FHIP1A,TRACKS_FIBROSIS,EFO_0003095,-0.13892857168024275,3.753328840916818e-05,5,falls
ENSG00000132603,NIP7,TRACKS_FIBROSIS,EFO_0003095,0.13882036062890624,0.009330054848577752,5,rises
ENSG00000168002,POLR2G,TRACKS_FIBROSIS,EFO_0003095,0.13881310261388008,0.0018316524249796517,5,rises
ENSG00000170955,CAVIN3,TRACKS_FIBROSIS,EFO_0003095,0.13880891419143918,2.3586020933050436e-05,5,rises
ENSG00000084731,KIF3C,TRACKS_FIBROSIS,EFO_0003095,0.13863860742667206,3.5530119242678654e-06,5,rises
ENSG00000110057,UNC93B1,TRACKS_FIBROSIS,EFO_0003095,0.13855576449695364,3.2150641884997476e-08,5,rises
ENSG00000244165,P2RY11,TRACKS_FIBROSIS,EFO_0003095,0.1384603355328269,0.008652117457865137,5,rises
ENSG00000106484,MEST,TRACKS_FIBROSIS,EFO_0003095,-0.13845151029644975,0.006199222770707898,5,falls
ENSG00000069275,NUCKS1,TRACKS_FIBROSIS,EFO_0003095,-0.13832705950067764,0.006189404789433467,5,falls
ENSG00000133704,IPO8,TRACKS_FIBROSIS,EFO_0003095,-0.1382382491386106,0.04342027457390598,5,falls
ENSG00000111012,CYP27B1,TRACKS_FIBROSIS,EFO_0003095,0.13820260870490558,0.000916557785605939,5,rises
ENSG00000132906,CASP9,TRACKS_FIBROSIS,EFO_0003095,0.13814038330701953,0.002948026967213722,5,rises
ENSG00000130988,RGN,TRACKS_FIBROSIS,EFO_0003095,-0.13805741610983815,0.013320418937832854,5,falls
ENSG00000050327,ARHGEF5,TRACKS_FIBROSIS,EFO_0003095,0.13802657223304854,2.5982305895476854e-06,5,rises
ENSG00000102978,POLR2C,TRACKS_FIBROSIS,EFO_0003095,-0.1378545847472794,0.00363103667030294,5,falls
ENSG00000197712,FAM114A1,TRACKS_FIBROSIS,EFO_0003095,-0.13785386785983916,0.004071107068608259,5,falls
ENSG00000184113,CLDN5,TRACKS_FIBROSIS,EFO_0003095,0.13784247313503506,0.001362096750167632,5,rises
ENSG00000115762,PLEKHB2,TRACKS_FIBROSIS,EFO_0003095,0.1378292563175893,0.00038602012609610973,5,rises
ENSG00000184012,TMPRSS2,TRACKS_FIBROSIS,EFO_0003095,0.1378292563175893,0.00434096444457774,5,rises
ENSG00000147419,CCDC25,TRACKS_FIBROSIS,EFO_0003095,-0.13780851451829393,0.016021819638974276,5,falls
ENSG00000106392,C1GALT1,TRACKS_FIBROSIS,EFO_0003095,-0.13761644822852212,0.00022751866456078359,5,falls
ENSG00000140093,SERPINA10,TRACKS_FIBROSIS,EFO_0003095,-0.13758998861532687,0.00015156273533919041,5,falls
ENSG00000118855,MFSD1,TRACKS_FIBROSIS,EFO_0003095,0.13755961292674976,0.010823374437030474,5,rises
ENSG00000144908,ALDH1L1,TRACKS_FIBROSIS,EFO_0003095,-0.13755961292674973,0.005396852616596448,5,falls
ENSG00000100647,SUSD6,TRACKS_FIBROSIS,EFO_0003095,0.13735833773840725,0.008113105686396652,5,rises
ENSG00000133063,CHIT1,TRACKS_FIBROSIS,EFO_0003095,0.13734908567138324,0.010195545877143612,5,rises
ENSG00000126861,OMG,TRACKS_FIBROSIS,EFO_0003095,0.13707402615801942,0.0002146108812931672,5,rises
ENSG00000102554,KLF5,TRACKS_FIBROSIS,EFO_0003095,0.13705942598243875,0.0013245393079475724,5,rises
ENSG00000089737,DDX24,TRACKS_FIBROSIS,EFO_0003095,0.13679216635282188,0.008329843250920245,5,rises
ENSG00000185666,SYN3,TRACKS_FIBROSIS,EFO_0003095,-0.13674328099307873,0.009890192438067246,5,falls
ENSG00000162520,SYNC,TRACKS_FIBROSIS,EFO_0003095,0.13668845735634516,0.00901384439122034,5,rises
ENSG00000128606,LRRC17,TRACKS_FIBROSIS,EFO_0003095,0.13663744254029767,0.0007389917875498707,5,rises
ENSG00000108587,GOSR1,TRACKS_FIBROSIS,EFO_0003095,-0.13660549015916373,0.011888219167253524,5,falls
ENSG00000179344,HLA-DQB1,TRACKS_FIBROSIS,EFO_0003095,0.13659483254649715,0.007772335811936642,5,rises
ENSG00000165175,MID1IP1,TRACKS_FIBROSIS,EFO_0003095,0.13657083945825607,0.010339078781671465,5,rises
ENSG00000095574,IKZF5,TRACKS_FIBROSIS,EFO_0003095,-0.1363872098263437,8.695698697111845e-05,5,falls
ENSG00000172575,RASGRP1,TRACKS_FIBROSIS,EFO_0003095,0.13629425551738045,1.5521868871267167e-05,5,rises
ENSG00000247596,TWF2,TRACKS_FIBROSIS,EFO_0003095,0.13629346756875935,3.239742322310619e-05,5,rises
ENSG00000109181,UGT2B10,TRACKS_FIBROSIS,EFO_0003095,-0.13628946596888303,0.0039907114810852,5,falls
ENSG00000171033,PKIA,TRACKS_FIBROSIS,EFO_0003095,0.1361761838098583,0.0043874754306252525,5,rises
ENSG00000176641,RNF152,TRACKS_FIBROSIS,EFO_0003095,-0.13615859457847693,0.0018336311274417276,5,falls
ENSG00000163803,PLB1,TRACKS_FIBROSIS,EFO_0003095,0.13603644794743125,0.011109911284771361,5,rises
ENSG00000184281,TSSC4,TRACKS_FIBROSIS,EFO_0003095,0.13598603859818648,0.00020111717496296372,5,rises
ENSG00000119866,BCL11A,TRACKS_FIBROSIS,EFO_0003095,0.1358171945312448,1.5413159451899392e-06,5,rises
ENSG00000146731,CCT6A,TRACKS_FIBROSIS,EFO_0003095,0.13577581818734985,0.00019552990488494245,5,rises
ENSG00000110841,PPFIBP1,TRACKS_FIBROSIS,EFO_0003095,-0.1357349999035976,0.0137670297471271,5,falls
ENSG00000147588,PMP2,TRACKS_FIBROSIS,EFO_0003095,-0.13561360318912602,7.493015902707844e-05,5,falls
ENSG00000197557,IFT70A,TRACKS_FIBROSIS,EFO_0003095,-0.13551290897949936,0.019895423307018857,5,falls
ENSG00000148795,CYP17A1,TRACKS_FIBROSIS,EFO_0003095,-0.13538305867293796,0.00015721703304207404,5,falls
ENSG00000138071,ACTR2,TRACKS_FIBROSIS,EFO_0003095,0.1352729911011088,0.0017117343900152286,5,rises
ENSG00000119121,TRPM6,TRACKS_FIBROSIS,EFO_0003095,-0.13520862342775392,0.0329291910776117,5,falls
ENSG00000148362,PAXX,TRACKS_FIBROSIS,EFO_0003095,0.13518216381455866,0.0009435457165042832,5,rises
ENSG00000110435,PDHX,TRACKS_FIBROSIS,EFO_0003095,-0.13510278497497288,0.0066573722918386365,5,falls
ENSG00000243649,CFB,TRACKS_FIBROSIS,EFO_0003095,-0.13502527862160885,0.004593190409486971,5,falls
ENSG00000123570,RAB9B,TRACKS_FIBROSIS,EFO_0003095,0.13499694652219188,0.01149670249261865,5,rises
ENSG00000124228,DDX27,TRACKS_FIBROSIS,EFO_0003095,0.1349393094578604,0.005585657178816154,5,rises
ENSG00000109756,RAPGEF2,TRACKS_FIBROSIS,EFO_0003095,-0.13479849942322744,0.0009419234668879954,5,falls
ENSG00000171055,FEZ2,TRACKS_FIBROSIS,EFO_0003095,0.1347959788268542,0.006642816231868127,5,rises
ENSG00000073008,PVR,TRACKS_FIBROSIS,EFO_0003095,0.1347720398100322,0.0009931309014505009,5,rises
ENSG00000145088,EAF2,TRACKS_FIBROSIS,EFO_0003095,0.1347684987305751,0.026242310069346016,5,rises
ENSG00000049246,PER3,TRACKS_FIBROSIS,EFO_0003095,-0.13476173250249932,0.00591573721600779,5,falls
ENSG00000091831,ESR1,TRACKS_FIBROSIS,EFO_0003095,-0.13469201677077688,7.5514421697186916e-06,5,falls
ENSG00000144118,RALB,TRACKS_FIBROSIS,EFO_0003095,0.1344659912625584,0.020706394310399712,5,rises
ENSG00000166925,TSC22D4,TRACKS_FIBROSIS,EFO_0003095,0.13437438128927412,4.816000027633368e-09,5,rises
ENSG00000139433,GLTP,TRACKS_FIBROSIS,EFO_0003095,0.13436191580550572,0.00032629498280864136,5,rises
ENSG00000164105,SAP30,TRACKS_FIBROSIS,EFO_0003095,0.13434868599890815,0.0026596489741156117,5,rises
ENSG00000198835,GJC2,TRACKS_FIBROSIS,EFO_0003095,0.13389027747400695,2.0425251798019932e-09,5,rises
ENSG00000167930,FAM234A,TRACKS_FIBROSIS,EFO_0003095,0.13384564332600618,0.0015207514054605836,5,rises
ENSG00000151176,PLBD2,TRACKS_FIBROSIS,EFO_0003095,0.133823627831778,5.629076341294283e-05,5,rises
ENSG00000052344,PRSS8,TRACKS_FIBROSIS,EFO_0003095,0.13362675283936723,0.006322257865958409,5,rises
ENSG00000168884,TNIP2,TRACKS_FIBROSIS,EFO_0003095,0.13360551105534474,1.0196057901734067e-06,5,rises
ENSG00000005436,GCFC2,TRACKS_FIBROSIS,EFO_0003095,-0.13344088722917058,5.543383498580678e-05,5,falls
ENSG00000135049,AGTPBP1,TRACKS_FIBROSIS,EFO_0003095,0.1330958934392367,0.04321603930618964,5,rises
ENSG00000204131,NHSL2,TRACKS_FIBROSIS,EFO_0003095,0.13309185437213347,0.007375838086481432,5,rises
ENSG00000167210,LOXHD1,TRACKS_FIBROSIS,EFO_0003095,0.1329803925677182,0.0015127833517537275,5,rises
ENSG00000154146,NRGN,TRACKS_FIBROSIS,EFO_0003095,0.13294365918062395,3.2022753028777216e-06,5,rises
ENSG00000171206,TRIM8,TRACKS_FIBROSIS,EFO_0003095,0.13276688410882725,2.561668415864412e-07,5,rises
ENSG00000073861,TBX21,TRACKS_FIBROSIS,EFO_0003095,0.132324062839579,0.0013044658716550516,5,rises
ENSG00000071564,TCF3,TRACKS_FIBROSIS,EFO_0003095,0.1322716063630806,2.0000269394294735e-09,5,rises
ENSG00000088986,DYNLL1,TRACKS_FIBROSIS,EFO_0003095,0.13219319144917294,0.0006571127986293628,5,rises
ENSG00000140941,MAP1LC3B,TRACKS_FIBROSIS,EFO_0003095,0.13218748690925455,0.016082368036466538,5,rises
ENSG00000198933,TBKBP1,TRACKS_FIBROSIS,EFO_0003095,0.132099080783907,4.284295795003299e-10,5,rises
ENSG00000135655,USP15,TRACKS_FIBROSIS,EFO_0003095,-0.1320495503756987,0.0029768901311710227,5,falls
ENSG00000136144,RCBTB1,TRACKS_FIBROSIS,EFO_0003095,0.13200979572398175,0.013212781016971618,5,rises
ENSG00000204580,DDR1,TRACKS_FIBROSIS,EFO_0003095,0.13200124674324407,1.0422087463882565e-05,5,rises
ENSG00000257017,HP,TRACKS_FIBROSIS,EFO_0003095,-0.13194889818708164,0.029380950954242906,5,falls
ENSG00000130940,CASZ1,TRACKS_FIBROSIS,EFO_0003095,0.1318312256041313,3.958789364300232e-09,5,rises
ENSG00000170801,HTRA3,TRACKS_FIBROSIS,EFO_0003095,0.13177740995157358,1.9164254463552505e-05,5,rises
ENSG00000100883,SRP54,TRACKS_FIBROSIS,EFO_0003095,-0.13176887371237073,0.0001542793303557132,5,falls
ENSG00000108826,MRPL27,TRACKS_FIBROSIS,EFO_0003095,0.1315474703451908,0.002559245232206979,5,rises
ENSG00000174799,CEP135,TRACKS_FIBROSIS,EFO_0003095,0.13151322402083587,0.0013228502641862445,5,rises
ENSG00000078967,UBE2D4,TRACKS_FIBROSIS,EFO_0003095,-0.13143127745898672,0.012945226765667209,5,falls
ENSG00000134363,FST,TRACKS_FIBROSIS,EFO_0003095,-0.1312423625828447,0.00777671584605791,5,falls
ENSG00000142621,FHAD1,TRACKS_FIBROSIS,EFO_0003095,0.13107806895349666,0.0002814070539668544,5,rises
ENSG00000138629,UBL7,TRACKS_FIBROSIS,EFO_0003095,0.13092247492571416,0.0014862855321139102,5,rises
ENSG00000147144,CCDC120,TRACKS_FIBROSIS,EFO_0003095,0.13078803297607103,0.0011811348601445594,5,rises
ENSG00000154153,RETREG1,TRACKS_FIBROSIS,EFO_0003095,-0.13078196162262745,0.004281816712987716,5,falls
ENSG00000185905,C16orf54,TRACKS_FIBROSIS,EFO_0003095,0.13075578734454626,1.0325306424409838e-06,5,rises
ENSG00000128815,WDFY4,TRACKS_FIBROSIS,EFO_0003095,0.13064434015157234,4.4701985795721115e-06,5,rises
ENSG00000118972,FGF23,TRACKS_FIBROSIS,EFO_0003095,0.1305374612213373,0.0009682334742509888,5,rises
ENSG00000171723,GPHN,TRACKS_FIBROSIS,EFO_0003095,-0.13046871112801192,0.00022993855475346501,5,falls
ENSG00000175264,CHST1,TRACKS_FIBROSIS,EFO_0003095,0.13041000314340354,0.0010505554552746107,5,rises
ENSG00000122862,SRGN,TRACKS_FIBROSIS,EFO_0003095,0.13036220857126393,6.784052749158027e-06,5,rises
ENSG00000143772,ITPKB,TRACKS_FIBROSIS,EFO_0003095,0.13016250370803872,5.9233804457284603e-08,5,rises
ENSG00000189184,PCDH18,TRACKS_FIBROSIS,EFO_0003095,0.1300357690480815,5.707358606362533e-05,5,rises
ENSG00000205269,TMEM170B,TRACKS_FIBROSIS,EFO_0003095,-0.1299299305953005,0.0040117439042339975,5,falls
ENSG00000129355,CDKN2D,TRACKS_FIBROSIS,EFO_0003095,0.12977644614283815,5.345376178514551e-06,5,rises
ENSG00000030582,GRN,TRACKS_FIBROSIS,EFO_0003095,0.12936104891160255,0.001377613764270775,5,rises
ENSG00000114646,CSPG5,TRACKS_FIBROSIS,EFO_0003095,0.12931727924662054,0.024007637536579075,5,rises
ENSG00000196344,ADH7,TRACKS_FIBROSIS,EFO_0003095,-0.12919914374013877,0.0003354979768013824,5,falls
ENSG00000104267,CA2,TRACKS_FIBROSIS,EFO_0003095,-0.12904137325222084,4.682586885214131e-05,5,falls
ENSG00000198794,SCAMP5,TRACKS_FIBROSIS,EFO_0003095,0.12899061432686898,0.005574193803866684,5,rises
ENSG00000164466,SFXN1,TRACKS_FIBROSIS,EFO_0003095,-0.12895092490707602,8.977433583644675e-07,5,falls
ENSG00000181588,MEX3D,TRACKS_FIBROSIS,EFO_0003095,0.12885378980397805,1.6488706493414927e-06,5,rises
ENSG00000076944,STXBP2,TRACKS_FIBROSIS,EFO_0003095,0.12884690305320556,5.425715122654724e-07,5,rises
ENSG00000128283,CDC42EP1,TRACKS_FIBROSIS,EFO_0003095,0.1286730989685259,1.2650235164191476e-06,5,rises
ENSG00000112249,ASCC3,TRACKS_FIBROSIS,EFO_0003095,0.12857170937535384,0.0001229029943492385,5,rises
ENSG00000105726,ATP13A1,TRACKS_FIBROSIS,EFO_0003095,0.12853868613401162,3.3560832321864367e-06,5,rises
ENSG00000213214,ARHGEF35,TRACKS_FIBROSIS,EFO_0003095,0.1284349624497686,0.008403571070609262,5,rises
ENSG00000084112,SSH1,TRACKS_FIBROSIS,EFO_0003095,0.12834421593499631,2.5136277836172118e-06,5,rises
ENSG00000197272,IL27,TRACKS_FIBROSIS,EFO_0003095,-0.12830507727859078,0.00010076953604643575,5,falls
ENSG00000180938,ZNF572,TRACKS_FIBROSIS,EFO_0003095,-0.12809098747823025,0.003989667818730649,5,falls
ENSG00000167695,TLCD3A,TRACKS_FIBROSIS,EFO_0003095,0.1280116086386445,8.342233552171344e-07,5,rises
ENSG00000174010,KLHL15,TRACKS_FIBROSIS,EFO_0003095,-0.1277064839480848,0.002715124644836788,5,falls
ENSG00000185803,SLC52A2,TRACKS_FIBROSIS,EFO_0003095,0.12760148463411805,0.00045401913549280063,5,rises
ENSG00000224531,SMIM13,TRACKS_FIBROSIS,EFO_0003095,0.12758877573097946,0.027095083061211767,5,rises
ENSG00000175274,TP53I11,TRACKS_FIBROSIS,EFO_0003095,0.12736334811536074,0.0010133690486582873,5,rises
ENSG00000132386,SERPINF1,TRACKS_FIBROSIS,EFO_0003095,-0.12729719908237264,0.026990806573215998,5,falls
ENSG00000013275,PSMC4,TRACKS_FIBROSIS,EFO_0003095,0.127271680476257,0.01943479126224736,5,rises
ENSG00000078124,ACER3,TRACKS_FIBROSIS,EFO_0003095,0.12726483852463677,0.001153120091350173,5,rises
ENSG00000126561,STAT5A,TRACKS_FIBROSIS,EFO_0003095,0.12714070225052468,4.2106932510470226e-06,5,rises
ENSG00000167553,TUBA1C,TRACKS_FIBROSIS,EFO_0003095,0.12707229237021297,2.6234109611007767e-05,5,rises
ENSG00000111452,ADGRD1,TRACKS_FIBROSIS,EFO_0003095,0.1269780744403334,0.046286399460696535,5,rises
ENSG00000139645,ANKRD52,TRACKS_FIBROSIS,EFO_0003095,0.12687407015376162,5.943391676064244e-07,5,rises
ENSG00000166148,AVPR1A,TRACKS_FIBROSIS,EFO_0003095,-0.12681001492380323,0.0026126917995228966,5,falls
ENSG00000186310,NAP1L3,TRACKS_FIBROSIS,EFO_0003095,0.12678455098222233,0.0027626391488179305,5,rises
ENSG00000221963,APOL6,TRACKS_FIBROSIS,EFO_0003095,-0.1267116518952826,0.02766965038250324,5,falls
ENSG00000148218,ALAD,TRACKS_FIBROSIS,EFO_0003095,-0.12666475812600195,4.2342627270258836e-05,5,falls
ENSG00000166415,WDR72,TRACKS_FIBROSIS,EFO_0003095,-0.1266621683656865,0.0002026915395750453,5,falls
ENSG00000109832,DDX25,TRACKS_FIBROSIS,EFO_0003095,-0.12654310010630787,0.010448103612358055,5,falls
ENSG00000092871,RFFL,TRACKS_FIBROSIS,EFO_0003095,0.12648512975573112,0.028157110490825994,5,rises
ENSG00000160404,TOR2A,TRACKS_FIBROSIS,EFO_0003095,0.12629799805479194,2.485479352457084e-05,5,rises
ENSG00000242110,AMACR,TRACKS_FIBROSIS,EFO_0003095,-0.12622558474796478,0.009020789457455262,5,falls
ENSG00000131652,THOC6,TRACKS_FIBROSIS,EFO_0003095,0.12619770524775265,0.012859965221042562,5,rises
ENSG00000076662,ICAM3,TRACKS_FIBROSIS,EFO_0003095,-0.12611974629518372,2.0626642873270173e-07,5,falls
ENSG00000184730,APOBR,TRACKS_FIBROSIS,EFO_0003095,0.1260335113407272,1.177494523394616e-11,5,rises
ENSG00000198055,GRK6,TRACKS_FIBROSIS,EFO_0003095,0.12602219415932214,2.5846039958929108e-11,5,rises
ENSG00000076067,RBMS2,TRACKS_FIBROSIS,EFO_0003095,0.1259983427166867,0.001898547060292343,5,rises
ENSG00000089006,SNX5,TRACKS_FIBROSIS,EFO_0003095,-0.12590049607567272,0.04109824620550685,5,falls
ENSG00000136237,RAPGEF5,TRACKS_FIBROSIS,EFO_0003095,0.12586123812417335,0.0014314269658780563,5,rises
ENSG00000184349,EFNA5,TRACKS_FIBROSIS,EFO_0003095,0.12579546073062126,0.0053132786810401265,5,rises
ENSG00000135547,HEY2,TRACKS_FIBROSIS,EFO_0003095,-0.12571949873700192,0.006193463400544143,5,falls
ENSG00000163378,EOGT,TRACKS_FIBROSIS,EFO_0003095,0.12571214129172087,0.005693593784760462,5,rises
ENSG00000114446,IFT57,TRACKS_FIBROSIS,EFO_0003095,0.1255861637414154,0.03706029259970565,5,rises
ENSG00000163131,CTSS,TRACKS_FIBROSIS,EFO_0003095,0.1255086275361524,1.6124132554160692e-05,5,rises
ENSG00000130234,ACE2,TRACKS_FIBROSIS,EFO_0003095,0.12548471557849764,0.0007511231210622956,5,rises
ENSG00000134864,GGACT,TRACKS_FIBROSIS,EFO_0003095,-0.12547148577189998,0.024236492383834737,5,falls
ENSG00000179889,PDXDC1,TRACKS_FIBROSIS,EFO_0003095,-0.1254317963521071,0.0001895265343487759,5,falls
ENSG00000204228,HSD17B8,TRACKS_FIBROSIS,EFO_0003095,-0.12531272809272848,0.040868054797219736,5,falls
ENSG00000128513,POT1,TRACKS_FIBROSIS,EFO_0003095,-0.12528039298824678,0.00042896705991909767,5,falls
ENSG00000125355,TMEM255A,TRACKS_FIBROSIS,EFO_0003095,0.12495358562925482,0.015777420488146246,5,rises
ENSG00000148690,FRA10AC1,TRACKS_FIBROSIS,EFO_0003095,-0.12488937428160438,0.01146385010516381,5,falls
ENSG00000197057,DTHD1,TRACKS_FIBROSIS,EFO_0003095,0.12481640740995074,0.0009315686599138298,5,rises
ENSG00000137076,TLN1,TRACKS_FIBROSIS,EFO_0003095,0.12477030602222576,0.004455243034662039,5,rises
ENSG00000108381,ASPA,TRACKS_FIBROSIS,EFO_0003095,-0.12475813654183478,7.964642761588976e-06,5,falls
ENSG00000152422,XRCC4,TRACKS_FIBROSIS,EFO_0003095,0.12439121163803245,0.0261821498259166,5,rises
ENSG00000091482,SMPX,TRACKS_FIBROSIS,EFO_0003095,0.12428364462568418,0.002107359366821653,5,rises
ENSG00000141480,ARRB2,TRACKS_FIBROSIS,EFO_0003095,0.12423184853280357,0.031074794791674066,5,rises
ENSG00000197183,NOL4L,TRACKS_FIBROSIS,EFO_0003095,0.12407321005473708,3.9677742601471616e-06,5,rises
ENSG00000247077,PGAM5,TRACKS_FIBROSIS,EFO_0003095,0.12405589646595387,0.02563196543752893,5,rises
ENSG00000173598,NUDT4,TRACKS_FIBROSIS,EFO_0003095,-0.12389708610091195,0.0003892544015876164,5,falls
ENSG00000141232,TOB1,TRACKS_FIBROSIS,EFO_0003095,-0.12387002539181988,0.017834005530263985,5,falls
ENSG00000021826,CPS1,TRACKS_FIBROSIS,EFO_0003095,-0.12372515130101316,0.0001047716490105136,5,falls
ENSG00000142949,PTPRF,TRACKS_FIBROSIS,EFO_0003095,-0.12353260736313497,0.008150267172183123,5,falls
ENSG00000196581,AJAP1,TRACKS_FIBROSIS,EFO_0003095,0.1233128620318672,5.98891450884399e-07,5,rises
ENSG00000137727,ARHGAP20,TRACKS_FIBROSIS,EFO_0003095,-0.12299886982141525,0.010585873925629641,5,falls
ENSG00000092036,HAUS4,TRACKS_FIBROSIS,EFO_0003095,-0.12284921214998348,0.0009137343278893009,5,falls
ENSG00000143473,KCNH1,TRACKS_FIBROSIS,EFO_0003095,-0.12282848076577507,0.03471872943222706,5,falls
ENSG00000111713,GYS2,TRACKS_FIBROSIS,EFO_0003095,-0.12267999657980055,0.00017654413590615633,5,falls
ENSG00000116649,SRM,TRACKS_FIBROSIS,EFO_0003095,0.1226022669317041,0.01426684764326831,5,rises
ENSG00000007314,SCN4A,TRACKS_FIBROSIS,EFO_0003095,0.12259159377304749,0.03282121748186958,5,rises
ENSG00000150764,DIXDC1,TRACKS_FIBROSIS,EFO_0003095,-0.12258403383550831,0.040255492987497504,5,falls
ENSG00000152583,SPARCL1,TRACKS_FIBROSIS,EFO_0003095,0.1225344687072267,0.0004885946160595927,5,rises
ENSG00000121316,PLBD1,TRACKS_FIBROSIS,EFO_0003095,0.12252397688800436,0.006982561938734117,5,rises
ENSG00000110934,BIN2,TRACKS_FIBROSIS,EFO_0003095,0.12252123890062908,0.0004907391803882922,5,rises
ENSG00000144369,FAM171B,TRACKS_FIBROSIS,EFO_0003095,0.12249980913375891,0.010372136556423774,5,rises
ENSG00000165475,CRYL1,TRACKS_FIBROSIS,EFO_0003095,-0.12234377067481536,2.2730592750847786e-05,5,falls
ENSG00000137841,PLCB2,TRACKS_FIBROSIS,EFO_0003095,0.12224837019982678,1.1978787856935493e-06,5,rises
ENSG00000110719,TCIRG1,TRACKS_FIBROSIS,EFO_0003095,0.12198296118607638,0.00012860898465652862,5,rises
ENSG00000125319,HROB,TRACKS_FIBROSIS,EFO_0003095,0.12191266779713818,0.008611344140937335,5,rises
ENSG00000140743,CDR2,TRACKS_FIBROSIS,EFO_0003095,0.12111887940128054,0.031452415693170276,5,rises
ENSG00000130803,ZNF317,TRACKS_FIBROSIS,EFO_0003095,0.12107285848208613,0.012825096137788579,5,rises
ENSG00000180448,ARHGAP45,TRACKS_FIBROSIS,EFO_0003095,0.1209567945384425,6.0435013498354406e-12,5,rises
ENSG00000083535,PIBF1,TRACKS_FIBROSIS,EFO_0003095,-0.1208145938495351,0.005572872994538155,5,falls
ENSG00000184602,SNN,TRACKS_FIBROSIS,EFO_0003095,0.12061614675057068,0.00022164310940871122,5,rises
ENSG00000174567,GOLT1A,TRACKS_FIBROSIS,EFO_0003095,0.12048892676718995,0.004282298141289863,5,rises
ENSG00000103160,HSDL1,TRACKS_FIBROSIS,EFO_0003095,0.1204528843372206,0.0029737919229606232,5,rises
ENSG00000105137,SYDE1,TRACKS_FIBROSIS,EFO_0003095,0.12022718398637783,6.346722720064249e-09,5,rises
ENSG00000115685,PPP1R7,TRACKS_FIBROSIS,EFO_0003095,0.12018380607443221,0.029088995521404842,5,rises
ENSG00000155876,RRAGA,TRACKS_FIBROSIS,EFO_0003095,0.12015415132311419,0.012385369018659168,5,rises
ENSG00000164045,CDC25A,TRACKS_FIBROSIS,EFO_0003095,0.12008814068193661,0.019790759056771256,5,rises
ENSG00000166796,LDHC,TRACKS_FIBROSIS,EFO_0003095,-0.11999711123269713,0.001481867367934932,5,falls
ENSG00000138386,NAB1,TRACKS_FIBROSIS,EFO_0003095,-0.11972166553275024,0.015348243066491431,5,falls
ENSG00000130595,TNNT3,TRACKS_FIBROSIS,EFO_0003095,0.11967429156326863,0.001968775772044545,5,rises
ENSG00000182400,TRAPPC6B,TRACKS_FIBROSIS,EFO_0003095,-0.11949161318977232,0.003735426795599158,5,falls
ENSG00000151651,ADAM8,TRACKS_FIBROSIS,EFO_0003095,0.11939980986330789,0.028767859451189075,5,rises
ENSG00000145911,N4BP3,TRACKS_FIBROSIS,EFO_0003095,0.1192432627035313,6.936784749438496e-08,5,rises
ENSG00000165591,FAAH2,TRACKS_FIBROSIS,EFO_0003095,-0.1192407546101479,0.004778767168646537,5,falls
ENSG00000141522,ARHGDIA,TRACKS_FIBROSIS,EFO_0003095,0.11923544416414224,4.087569064422175e-05,5,rises
ENSG00000163749,CCDC158,TRACKS_FIBROSIS,EFO_0003095,-0.11919296059609732,0.0025979012445074908,5,falls
ENSG00000213190,MLLT11,TRACKS_FIBROSIS,EFO_0003095,0.1191038712187257,0.015435440680116581,5,rises
ENSG00000111711,GOLT1B,TRACKS_FIBROSIS,EFO_0003095,0.11887266509567498,0.021433793576266423,5,rises
ENSG00000129521,EGLN3,TRACKS_FIBROSIS,EFO_0003095,0.11881273001722413,0.030368065814384382,5,rises
ENSG00000034053,APBA2,TRACKS_FIBROSIS,EFO_0003095,0.11880172227011006,4.52750595637168e-06,5,rises
ENSG00000109519,GRPEL1,TRACKS_FIBROSIS,EFO_0003095,-0.11868457556798281,0.0003134645376689091,5,falls
ENSG00000169446,MMGT1,TRACKS_FIBROSIS,EFO_0003095,0.11846042021589587,0.0017403551752273572,5,rises
ENSG00000105948,IFT56,TRACKS_FIBROSIS,EFO_0003095,0.11844951426669534,0.020125796040554592,5,rises
ENSG00000013306,SLC25A39,TRACKS_FIBROSIS,EFO_0003095,0.11844645846855975,0.01989423163216202,5,rises
ENSG00000147654,EBAG9,TRACKS_FIBROSIS,EFO_0003095,-0.11828487432913666,0.0012217720878644,5,falls
ENSG00000104427,ZC2HC1A,TRACKS_FIBROSIS,EFO_0003095,0.11828183375978342,0.0015934656630291783,5,rises
ENSG00000149541,B3GAT3,TRACKS_FIBROSIS,EFO_0003095,0.11823478156299774,1.1559488718642853e-06,5,rises
ENSG00000133135,RNF128,TRACKS_FIBROSIS,EFO_0003095,-0.11776445062058608,0.00041014031814198365,5,falls
ENSG00000198924,DCLRE1A,TRACKS_FIBROSIS,EFO_0003095,-0.11749361787429953,0.0028541969804272145,5,falls
ENSG00000166068,SPRED1,TRACKS_FIBROSIS,EFO_0003095,0.11743307980120818,0.00011597989084175209,5,rises
ENSG00000103254,ANTKMT,TRACKS_FIBROSIS,EFO_0003095,0.11741465373717005,0.0217066803819353,5,rises
ENSG00000100302,RASD2,TRACKS_FIBROSIS,EFO_0003095,0.11713558753704935,0.004103536762120948,5,rises
ENSG00000088451,TGDS,TRACKS_FIBROSIS,EFO_0003095,-0.11702955968078949,1.2616956651281428e-05,5,falls
ENSG00000158402,CDC25C,TRACKS_FIBROSIS,EFO_0003095,0.1169525205352791,0.019446759379486346,5,rises
ENSG00000111679,PTPN6,TRACKS_FIBROSIS,EFO_0003095,0.11688822702965906,2.3773990705013026e-05,5,rises
ENSG00000100362,PVALB,TRACKS_FIBROSIS,EFO_0003095,-0.11647595374096897,5.398566603317999e-10,5,falls
ENSG00000171443,ZNF524,TRACKS_FIBROSIS,EFO_0003095,0.11642229805912271,0.018143718093480067,5,rises
ENSG00000156298,TSPAN7,TRACKS_FIBROSIS,EFO_0003095,-0.1164209077811647,0.0044086559750614535,5,falls
ENSG00000169330,MINAR1,TRACKS_FIBROSIS,EFO_0003095,0.11618156075144724,0.006151011857165667,5,rises
ENSG00000125844,RRBP1,TRACKS_FIBROSIS,EFO_0003095,0.11610727039318822,0.011543232537066597,5,rises
ENSG00000101447,SACK1D,TRACKS_FIBROSIS,EFO_0003095,-0.11558623702978889,0.022036892225273608,5,falls
ENSG00000130147,SH3BP4,TRACKS_FIBROSIS,EFO_0003095,0.11540360295110538,0.016216139199783063,5,rises
ENSG00000168807,SNTB2,TRACKS_FIBROSIS,EFO_0003095,0.11534568112423134,0.019477859918223796,5,rises
ENSG00000150540,HNMT,TRACKS_FIBROSIS,EFO_0003095,-0.11508608759276236,0.006739595037524351,5,falls
ENSG00000120868,APAF1,TRACKS_FIBROSIS,EFO_0003095,0.11504249573645726,0.0015576519543571397,5,rises
ENSG00000006634,DBF4,TRACKS_FIBROSIS,EFO_0003095,0.11499181868562908,0.0455550873342351,5,rises
ENSG00000181915,ADO,TRACKS_FIBROSIS,EFO_0003095,0.11497762502575741,8.99123219046183e-05,5,rises
ENSG00000036448,MYOM2,TRACKS_FIBROSIS,EFO_0003095,-0.11495638302769251,0.004168830389888339,5,falls
ENSG00000113163,CERT1,TRACKS_FIBROSIS,EFO_0003095,-0.11483308442548491,0.002612924930675965,5,falls
ENSG00000043591,ADRB1,TRACKS_FIBROSIS,EFO_0003095,0.11459711972207559,0.046804098533901765,5,rises
ENSG00000188186,LAMTOR4,TRACKS_FIBROSIS,EFO_0003095,0.11450397610246672,4.423174862247811e-06,5,rises
ENSG00000107937,GTPBP4,TRACKS_FIBROSIS,EFO_0003095,0.11443480097506356,0.0018845469810628462,5,rises
ENSG00000170881,RNF139,TRACKS_FIBROSIS,EFO_0003095,-0.11404093287154979,0.02747631975020372,5,falls
ENSG00000063854,HAGH,TRACKS_FIBROSIS,EFO_0003095,-0.11378218958609401,0.041123364423252554,5,falls
ENSG00000152454,ZNF256,TRACKS_FIBROSIS,EFO_0003095,0.11371789076430511,0.003926442607816303,5,rises
ENSG00000167701,GPT,TRACKS_FIBROSIS,EFO_0003095,-0.11359995021720551,0.00011107523808063336,5,falls
ENSG00000123472,ATPAF1,TRACKS_FIBROSIS,EFO_0003095,-0.11322948235330627,0.00047274417351721463,5,falls
ENSG00000138768,USO1,TRACKS_FIBROSIS,EFO_0003095,-0.11295608873054433,0.01053645376684013,5,falls
ENSG00000115514,TXNDC9,TRACKS_FIBROSIS,EFO_0003095,0.11284897724742338,0.000547864217853253,5,rises
ENSG00000034677,RNF19A,TRACKS_FIBROSIS,EFO_0003095,0.11284163874934734,0.026830005547752195,5,rises
ENSG00000145192,AHSG,TRACKS_FIBROSIS,EFO_0003095,-0.11279733105137275,0.006458187845746011,5,falls
ENSG00000173898,SPTBN2,TRACKS_FIBROSIS,EFO_0003095,-0.1127939045681039,0.01230535603833007,5,falls
ENSG00000260916,CCPG1,TRACKS_FIBROSIS,EFO_0003095,-0.11258648657515044,0.013014879483897814,5,falls
ENSG00000184743,ATL3,TRACKS_FIBROSIS,EFO_0003095,0.112558120508582,0.011416471811093468,5,rises
ENSG00000222009,BTBD19,TRACKS_FIBROSIS,EFO_0003095,0.11249304549962737,1.3658739853396317e-11,5,rises
ENSG00000101082,SLA2,TRACKS_FIBROSIS,EFO_0003095,0.11227674701920895,3.3560832321864367e-06,5,rises
ENSG00000151617,EDNRA,TRACKS_FIBROSIS,EFO_0003095,0.11206375795328637,0.004821817706354891,5,rises
ENSG00000143502,SUSD4,TRACKS_FIBROSIS,EFO_0003095,0.11204323207530802,0.015890198692958372,5,rises
ENSG00000166262,FAM227B,TRACKS_FIBROSIS,EFO_0003095,-0.11191093400933173,0.00783694748850333,5,falls
ENSG00000248333,CDK11B,TRACKS_FIBROSIS,EFO_0003095,0.11189640778437811,0.0005057309359407748,5,rises
ENSG00000173376,NDNF,TRACKS_FIBROSIS,EFO_0003095,-0.11185359619022933,0.029542362200583632,5,falls
ENSG00000166295,ANAPC16,TRACKS_FIBROSIS,EFO_0003095,-0.11167604063826857,0.0013057836454073671,5,falls
ENSG00000261221,ZNF865,TRACKS_FIBROSIS,EFO_0003095,0.11165956768397678,1.331850844971518e-09,5,rises
ENSG00000175155,YPEL2,TRACKS_FIBROSIS,EFO_0003095,-0.11158840191605227,0.0022919764344440665,5,falls
ENSG00000140682,TGFB1I1,TRACKS_FIBROSIS,EFO_0003095,0.11146811652611391,1.6159347396128994e-09,5,rises
ENSG00000121895,TMEM156,TRACKS_FIBROSIS,EFO_0003095,0.11141919320560693,0.010246326246919105,5,rises
ENSG00000105339,DENND3,TRACKS_FIBROSIS,EFO_0003095,0.11118925359922414,0.0016693295986666941,5,rises
ENSG00000170540,ARL6IP1,TRACKS_FIBROSIS,EFO_0003095,-0.11085254948152148,1.2543050110680996e-05,5,falls
ENSG00000161048,NAPEPLD,TRACKS_FIBROSIS,EFO_0003095,-0.11083962902926014,0.000566251105379255,5,falls
ENSG00000126464,PRR12,TRACKS_FIBROSIS,EFO_0003095,0.11062776750009246,2.1498450932125758e-06,5,rises
ENSG00000227124,ZNF717,TRACKS_FIBROSIS,EFO_0003095,-0.11032335721761641,0.01672232687209115,5,falls
ENSG00000071539,TRIP13,TRACKS_FIBROSIS,EFO_0003095,0.11028095831551633,0.000323384902650414,5,rises
ENSG00000114423,CBLB,TRACKS_FIBROSIS,EFO_0003095,0.10988677359989474,0.0001571772546100734,5,rises
ENSG00000101972,STAG2,TRACKS_FIBROSIS,EFO_0003095,-0.10978093514711368,0.037337616676817856,5,falls
ENSG00000176974,SHMT1,TRACKS_FIBROSIS,EFO_0003095,-0.10956925824155167,0.007786776179079322,5,falls
ENSG00000177669,MBOAT4,TRACKS_FIBROSIS,EFO_0003095,0.10935991613303879,0.0006343659579195391,5,rises
ENSG00000146083,RNF44,TRACKS_FIBROSIS,EFO_0003095,0.109341175167073,1.0120463538202375e-08,5,rises
ENSG00000137575,SDCBP,TRACKS_FIBROSIS,EFO_0003095,0.10920557329000867,0.005491061794983969,5,rises
ENSG00000143416,SELENBP1,TRACKS_FIBROSIS,EFO_0003095,-0.10889444630057843,3.690748525384124e-05,5,falls
ENSG00000177455,CD19,TRACKS_FIBROSIS,EFO_0003095,0.10864161124816903,0.0013936921006839024,5,rises
ENSG00000134775,FHOD3,TRACKS_FIBROSIS,EFO_0003095,0.10848365788727296,0.0001705309106997969,5,rises
ENSG00000132122,SPATA6,TRACKS_FIBROSIS,EFO_0003095,0.1081536689356055,0.0020864225181511306,5,rises
ENSG00000182628,SKA2,TRACKS_FIBROSIS,EFO_0003095,0.1081217614034365,0.005685464087399471,5,rises
ENSG00000108639,SYNGR2,TRACKS_FIBROSIS,EFO_0003095,0.108046334430305,3.651401373477806e-05,5,rises
ENSG00000137168,PPIL1,TRACKS_FIBROSIS,EFO_0003095,0.10794032353299246,0.008698145507573096,5,rises
ENSG00000177807,KCNJ10,TRACKS_FIBROSIS,EFO_0003095,-0.10778349594860052,0.015994709067069953,5,falls
ENSG00000125877,ITPA,TRACKS_FIBROSIS,EFO_0003095,0.10775677473767668,1.7972971197219936e-05,5,rises
ENSG00000163686,ABHD6,TRACKS_FIBROSIS,EFO_0003095,-0.1076586718718949,0.016847855612947684,5,falls
ENSG00000173597,SULT1B1,TRACKS_FIBROSIS,EFO_0003095,-0.10761124686510277,0.03108850558373297,5,falls
ENSG00000187783,TMEM72,TRACKS_FIBROSIS,EFO_0003095,0.10741213553950384,1.344043205756924e-07,5,rises
ENSG00000162139,NEU3,TRACKS_FIBROSIS,EFO_0003095,-0.10740103675131334,0.004903487917261501,5,falls
ENSG00000181652,ATG9B,TRACKS_FIBROSIS,EFO_0003095,0.10724375574260757,0.041364520837242354,5,rises
ENSG00000091483,FH,TRACKS_FIBROSIS,EFO_0003095,-0.10715948994736685,0.008409298003364912,5,falls
ENSG00000156030,MIDEAS,TRACKS_FIBROSIS,EFO_0003095,0.10705279735216656,4.536351142409981e-05,5,rises
ENSG00000136928,GABBR2,TRACKS_FIBROSIS,EFO_0003095,0.10683785376475802,7.236347702846942e-05,5,rises
ENSG00000173227,SYT12,TRACKS_FIBROSIS,EFO_0003095,0.10680422866264745,0.030368065814384382,5,rises
ENSG00000104921,FCER2,TRACKS_FIBROSIS,EFO_0003095,0.10676723954482387,0.004847681592152251,5,rises
ENSG00000106665,CLIP2,TRACKS_FIBROSIS,EFO_0003095,0.1067421237651397,5.425715122654724e-07,5,rises
ENSG00000183908,LRRC55,TRACKS_FIBROSIS,EFO_0003095,-0.10673723143308901,0.0004645158572615681,5,falls
ENSG00000154319,FAM167A,TRACKS_FIBROSIS,EFO_0003095,0.10671162001646411,0.005032596229832301,5,rises
ENSG00000114757,PEX5L,TRACKS_FIBROSIS,EFO_0003095,-0.10667591901799099,0.00027388736064648,5,falls
ENSG00000103126,AXIN1,TRACKS_FIBROSIS,EFO_0003095,0.1065464304831118,4.933401629319845e-07,5,rises
ENSG00000152056,AP1S3,TRACKS_FIBROSIS,EFO_0003095,0.10653149298038243,0.0008516416709099887,5,rises
ENSG00000125505,MBOAT7,TRACKS_FIBROSIS,EFO_0003095,0.10640733446471863,0.0017822980375335892,5,rises
ENSG00000066405,CLDN18,TRACKS_FIBROSIS,EFO_0003095,0.10635441523832817,0.008642358795767087,5,rises
ENSG00000059573,ALDH18A1,TRACKS_FIBROSIS,EFO_0003095,0.10603028945176317,0.015582281891562091,5,rises
ENSG00000162076,FLYWCH2,TRACKS_FIBROSIS,EFO_0003095,0.10581199316782544,0.028870466730783056,5,rises
ENSG00000213949,ITGA1,TRACKS_FIBROSIS,EFO_0003095,-0.10574584413483727,0.048626583239458405,5,falls
ENSG00000106025,TSPAN12,TRACKS_FIBROSIS,EFO_0003095,-0.10562422589155525,0.0013242586983057058,5,falls
ENSG00000165775,FUNDC2,TRACKS_FIBROSIS,EFO_0003095,-0.10561724201191341,0.043701651038689,5,falls
ENSG00000088826,SMOX,TRACKS_FIBROSIS,EFO_0003095,0.10556551790694689,0.0014052715539369814,5,rises
ENSG00000023697,DERA,TRACKS_FIBROSIS,EFO_0003095,-0.1053147858893486,0.0002398933692749585,5,falls
ENSG00000115840,SLC25A12,TRACKS_FIBROSIS,EFO_0003095,0.10519019225773689,0.0006939124148118072,5,rises
ENSG00000105708,ZNF14,TRACKS_FIBROSIS,EFO_0003095,0.10491236631918674,3.357930314367817e-05,5,rises
ENSG00000111615,KRR1,TRACKS_FIBROSIS,EFO_0003095,-0.10484621728619857,0.00733300484852417,5,falls
ENSG00000134460,IL2RA,TRACKS_FIBROSIS,EFO_0003095,0.10483452728478368,0.013419229623283298,5,rises
ENSG00000148090,AUH,TRACKS_FIBROSIS,EFO_0003095,-0.10462163564573672,0.0007760472040876878,5,falls
ENSG00000118096,IFT46,TRACKS_FIBROSIS,EFO_0003095,-0.10452019828257463,0.00016014902299828118,5,falls
ENSG00000177283,FZD8,TRACKS_FIBROSIS,EFO_0003095,0.10439258129779203,3.442841218704382e-05,5,rises
ENSG00000007129,CEACAM21,TRACKS_FIBROSIS,EFO_0003095,0.1041212782070706,0.0016938173402506463,5,rises
ENSG00000101236,RNF24,TRACKS_FIBROSIS,EFO_0003095,0.10412047442549481,0.010704382278898075,5,rises
ENSG00000198585,NUDT16,TRACKS_FIBROSIS,EFO_0003095,-0.10393604922195664,4.52667269623463e-06,5,falls
ENSG00000198673,TAFA2,TRACKS_FIBROSIS,EFO_0003095,-0.10376239089908121,0.0002663603031833295,5,falls
ENSG00000167645,YIF1B,TRACKS_FIBROSIS,EFO_0003095,0.10356292604622873,0.0003612091925468431,5,rises
ENSG00000165192,ASB11,TRACKS_FIBROSIS,EFO_0003095,-0.10353023473242194,0.02447210350066906,5,falls
ENSG00000127955,GNAI1,TRACKS_FIBROSIS,EFO_0003095,-0.10352323662643584,0.010689392919249556,5,falls
ENSG00000166575,TMEM135,TRACKS_FIBROSIS,EFO_0003095,-0.10348994603443826,0.03184700821438146,5,falls
ENSG00000143774,GUK1,TRACKS_FIBROSIS,EFO_0003095,0.10335568057319508,3.546634268997757e-06,5,rises
ENSG00000147027,TMEM47,TRACKS_FIBROSIS,EFO_0003095,0.10310761964508021,0.047721362327413225,5,rises
ENSG00000008300,CELSR3,TRACKS_FIBROSIS,EFO_0003095,0.10261037997119953,0.0048670592127547894,5,rises
ENSG00000170634,ACYP2,TRACKS_FIBROSIS,EFO_0003095,-0.10251284969245102,0.006602370594515371,5,falls
ENSG00000117036,ETV3,TRACKS_FIBROSIS,EFO_0003095,0.10234269416854963,0.030915439322240158,5,rises
ENSG00000120658,ENOX1,TRACKS_FIBROSIS,EFO_0003095,0.10227963480625887,0.0012378600936858127,5,rises
ENSG00000204568,MRPS18B,TRACKS_FIBROSIS,EFO_0003095,-0.10219484512818097,0.025439448632640978,5,falls
ENSG00000030304,MUSK,TRACKS_FIBROSIS,EFO_0003095,0.10195245893292763,0.02260078739998406,5,rises
ENSG00000127334,DYRK2,TRACKS_FIBROSIS,EFO_0003095,0.10187547645770796,4.3956443800204105e-06,5,rises
ENSG00000212916,MAP10,TRACKS_FIBROSIS,EFO_0003095,-0.101748145467642,0.0016542440781848247,5,falls
ENSG00000144229,THSD7B,TRACKS_FIBROSIS,EFO_0003095,0.1015255358301941,0.03100654138482709,5,rises
ENSG00000183032,SLC25A21,TRACKS_FIBROSIS,EFO_0003095,-0.10142739855425305,0.04359226679274075,5,falls
ENSG00000106565,TMEM176B,TRACKS_FIBROSIS,EFO_0003095,-0.10121623471387643,0.005588733272859751,5,falls
ENSG00000154165,GPR15,TRACKS_FIBROSIS,EFO_0003095,0.1010670142873094,0.022627049056738673,5,rises
ENSG00000254521,SIGLEC12,TRACKS_FIBROSIS,EFO_0003095,0.10093876696668307,0.04116415331481508,5,rises
ENSG00000079689,SCGN,TRACKS_FIBROSIS,EFO_0003095,0.10022437419512285,0.001228343066815203,5,rises
ENSG00000172380,GNG12,TRACKS_FIBROSIS,EFO_0003095,0.09985616640378242,0.008332542056590009,5,rises
ENSG00000167646,DNAAF3,TRACKS_FIBROSIS,EFO_0003095,0.09965551865035319,0.0011512565528734645,5,rises
ENSG00000143110,C1orf162,TRACKS_FIBROSIS,EFO_0003095,0.09931173502612758,0.04136930784283715,5,rises
ENSG00000178982,EIF3K,TRACKS_FIBROSIS,EFO_0003095,0.09930302985028705,0.00019469689535270437,5,rises
ENSG00000165752,STK32C,TRACKS_FIBROSIS,EFO_0003095,0.09928969851519498,1.145990700477541e-06,5,rises
ENSG00000105568,PPP2R1A,TRACKS_FIBROSIS,EFO_0003095,0.09919570157693819,0.0004607117857874001,5,rises
ENSG00000162616,DNAJB4,TRACKS_FIBROSIS,EFO_0003095,0.09899878521189757,0.01758667651481504,5,rises
ENSG00000169217,CD2BP2,TRACKS_FIBROSIS,EFO_0003095,0.09899202399072621,9.094154199168967e-05,5,rises
ENSG00000122420,PTGFR,TRACKS_FIBROSIS,EFO_0003095,0.09891236730064194,0.006679503705325919,5,rises
ENSG00000176771,NCKAP5,TRACKS_FIBROSIS,EFO_0003095,-0.09890603412386381,0.0454217073791741,5,falls
ENSG00000159214,CCDC24,TRACKS_FIBROSIS,EFO_0003095,0.09890169091970842,8.526881626733291e-05,5,rises
ENSG00000125347,IRF1,TRACKS_FIBROSIS,EFO_0003095,0.0988531148974733,0.00034285965022665555,5,rises
ENSG00000141505,ASGR1,TRACKS_FIBROSIS,EFO_0003095,-0.09883467364233453,0.014279821755106016,5,falls
ENSG00000163848,ZNF148,TRACKS_FIBROSIS,EFO_0003095,-0.09879319004374384,0.04074243802433923,5,falls
ENSG00000168374,ARF4,TRACKS_FIBROSIS,EFO_0003095,0.09872283335282014,0.010266485991499975,5,rises
ENSG00000101460,MAP1LC3A,TRACKS_FIBROSIS,EFO_0003095,0.09864409113822202,0.021720071306645935,5,rises
ENSG00000166341,DCHS1,TRACKS_FIBROSIS,EFO_0003095,0.09861497837871604,0.0007967903179372134,5,rises
ENSG00000047457,CP,TRACKS_FIBROSIS,EFO_0003095,-0.09860984481386713,0.0018605333036246208,5,falls
ENSG00000112984,KIF20A,TRACKS_FIBROSIS,EFO_0003095,0.09860174857211837,0.0008336870728978787,5,rises
ENSG00000148848,ADAM12,TRACKS_FIBROSIS,EFO_0003095,0.09852187617438149,0.03557704404091115,5,rises
ENSG00000161653,NAGS,TRACKS_FIBROSIS,EFO_0003095,-0.09833687045924619,4.1124794034869654e-07,5,falls
ENSG00000142178,SIK1,TRACKS_FIBROSIS,EFO_0003095,0.09790869300558011,0.0375489905139427,5,rises
ENSG00000168615,ADAM9,TRACKS_FIBROSIS,EFO_0003095,0.09788733901584648,0.0059641587003799994,5,rises
ENSG00000183137,CEP57L1,TRACKS_FIBROSIS,EFO_0003095,-0.09773344828739472,0.015182193373996082,5,falls
ENSG00000137225,CAPN11,TRACKS_FIBROSIS,EFO_0003095,0.0976492024970892,0.0005712549875125008,5,rises
ENSG00000186994,KANK3,TRACKS_FIBROSIS,EFO_0003095,0.09761478891404873,0.01397088076915714,5,rises
ENSG00000131873,CHSY1,TRACKS_FIBROSIS,EFO_0003095,0.0975209977509244,0.00029038704051181344,5,rises
ENSG00000185955,SPACDR,TRACKS_FIBROSIS,EFO_0003095,0.09736711682163969,0.002767205944127771,5,rises
ENSG00000106258,CYP3A5,TRACKS_FIBROSIS,EFO_0003095,-0.09732052229377411,0.0006699916726734326,5,falls
ENSG00000090060,PAPOLA,TRACKS_FIBROSIS,EFO_0003095,-0.09712274699674864,0.012775245039796969,5,falls
ENSG00000184454,NCMAP,TRACKS_FIBROSIS,EFO_0003095,-0.0969660212448326,0.02019800870421942,5,falls
ENSG00000124469,CEACAM8,TRACKS_FIBROSIS,EFO_0003095,-0.09688886806295567,0.04044435098407712,5,falls
ENSG00000100139,MICALL1,TRACKS_FIBROSIS,EFO_0003095,0.09670988622865763,2.4051280340383907e-05,5,rises
ENSG00000159363,ATP13A2,TRACKS_FIBROSIS,EFO_0003095,0.09667370440480344,8.325411237141808e-08,5,rises
ENSG00000085465,OVGP1,TRACKS_FIBROSIS,EFO_0003095,-0.09665696700226714,0.011452768036574952,5,falls
ENSG00000196338,NLGN3,TRACKS_FIBROSIS,EFO_0003095,0.09661078877728614,0.0020605457356396416,5,rises
ENSG00000163631,ALB,TRACKS_FIBROSIS,EFO_0003095,-0.096555065352574,0.00020349337134990535,5,falls
ENSG00000172456,FGGY,TRACKS_FIBROSIS,EFO_0003095,-0.09655112854948611,2.454280115405094e-05,5,falls
ENSG00000147471,PLPBP,TRACKS_FIBROSIS,EFO_0003095,-0.09637914106371696,0.030216210218335288,5,falls
ENSG00000166823,MESP1,TRACKS_FIBROSIS,EFO_0003095,0.09575511777479179,0.031212878463794787,5,rises
ENSG00000130589,HELZ2,TRACKS_FIBROSIS,EFO_0003095,0.0956997042344399,0.001455665960968942,5,rises
ENSG00000112782,CLIC5,TRACKS_FIBROSIS,EFO_0003095,0.09557755760339424,6.455476960380907e-06,5,rises
ENSG00000136205,TNS3,TRACKS_FIBROSIS,EFO_0003095,0.0955680373613457,9.79316121588141e-06,5,rises
ENSG00000196968,POFUT4,TRACKS_FIBROSIS,EFO_0003095,0.09552520904723175,8.631635964152166e-05,5,rises
ENSG00000133641,RLIG1,TRACKS_FIBROSIS,EFO_0003095,-0.09548609079949649,0.0010523194092929018,5,falls
ENSG00000126460,PRRG2,TRACKS_FIBROSIS,EFO_0003095,0.09520478170658138,0.000668768049067654,5,rises
ENSG00000103275,UBE2I,TRACKS_FIBROSIS,EFO_0003095,0.0951884584699305,5.699476088960634e-07,5,rises
ENSG00000104765,BNIP3L,TRACKS_FIBROSIS,EFO_0003095,0.09507152156049072,0.0010418899837335784,5,rises
ENSG00000198822,GRM3,TRACKS_FIBROSIS,EFO_0003095,0.09499655770569175,0.02108009832267101,5,rises
ENSG00000167536,DHRS13,TRACKS_FIBROSIS,EFO_0003095,0.09463092121279029,8.853727247177863e-07,5,rises
ENSG00000006740,ARHGAP44,TRACKS_FIBROSIS,EFO_0003095,0.09460634697963487,7.758812304587441e-06,5,rises
ENSG00000111335,OAS2,TRACKS_FIBROSIS,EFO_0003095,0.09431296139594864,0.0014429658162473321,5,rises
ENSG00000070495,JMJD6,TRACKS_FIBROSIS,EFO_0003095,0.09422268258830367,0.03306543356265073,5,rises
ENSG00000172215,CXCR6,TRACKS_FIBROSIS,EFO_0003095,0.09421408446631505,0.0046266591962646824,5,rises
ENSG00000140287,HDC,TRACKS_FIBROSIS,EFO_0003095,0.09396457553172945,0.027615580418295305,5,rises
ENSG00000235750,KIAA0040,TRACKS_FIBROSIS,EFO_0003095,0.09368026051780089,0.02937159881352394,5,rises
ENSG00000172889,EGFL7,TRACKS_FIBROSIS,EFO_0003095,0.09343999156009505,0.036532923210117384,5,rises
ENSG00000142347,MYO1F,TRACKS_FIBROSIS,EFO_0003095,0.09303429024983627,1.015849222707297e-08,5,rises
ENSG00000104369,JPH1,TRACKS_FIBROSIS,EFO_0003095,0.0929467327153753,0.0030900989511402515,5,rises
ENSG00000205129,CFAP96,TRACKS_FIBROSIS,EFO_0003095,0.09277011897758175,0.03482749332506129,5,rises
ENSG00000171608,PIK3CD,TRACKS_FIBROSIS,EFO_0003095,0.0924497313726891,1.3922727679029928e-06,5,rises
ENSG00000101152,DNAJC5,TRACKS_FIBROSIS,EFO_0003095,0.092328090460771,6.769787458049137e-05,5,rises
ENSG00000163872,YEATS2,TRACKS_FIBROSIS,EFO_0003095,0.09174223369769992,0.0032206382160436114,5,rises
ENSG00000143549,TPM3,TRACKS_FIBROSIS,EFO_0003095,0.09163396637249126,0.032227381030704785,5,rises
ENSG00000180964,TCEAL8,TRACKS_FIBROSIS,EFO_0003095,0.0915314504500065,0.026093167687059597,5,rises
ENSG00000160691,SHC1,TRACKS_FIBROSIS,EFO_0003095,0.09149734242919234,8.701917370331677e-07,5,rises
ENSG00000182287,AP1S2,TRACKS_FIBROSIS,EFO_0003095,0.09111367803786115,0.04949241591100741,5,rises
ENSG00000114115,RBP1,TRACKS_FIBROSIS,EFO_0003095,0.0911060116723834,0.010377263653968447,5,rises
ENSG00000170836,PPM1D,TRACKS_FIBROSIS,EFO_0003095,0.09103773788239942,0.002821099870408876,5,rises
ENSG00000120370,GORAB,TRACKS_FIBROSIS,EFO_0003095,0.09091130631151151,0.001764372331378871,5,rises
ENSG00000107833,NPM3,TRACKS_FIBROSIS,EFO_0003095,0.09067055509992274,0.008763976716195993,5,rises
ENSG00000131507,NDFIP1,TRACKS_FIBROSIS,EFO_0003095,-0.0905607355074564,0.0032373838307774116,5,falls
ENSG00000213186,TRIM59,TRACKS_FIBROSIS,EFO_0003095,0.09029265575102034,0.026075117922982546,5,rises
ENSG00000162702,ZNF281,TRACKS_FIBROSIS,EFO_0003095,-0.09026697041561298,0.0026953733437162066,5,falls
ENSG00000101986,ABCD1,TRACKS_FIBROSIS,EFO_0003095,0.08999104470631424,0.016811590772643076,5,rises
ENSG00000117305,HMGCL,TRACKS_FIBROSIS,EFO_0003095,-0.0899759146704652,0.0002668047603610681,5,falls
ENSG00000115310,RTN4,TRACKS_FIBROSIS,EFO_0003095,-0.08964516950552448,0.004175719309205943,5,falls
ENSG00000147119,CHST7,TRACKS_FIBROSIS,EFO_0003095,-0.08949163608667553,0.00014318858461542344,5,falls
ENSG00000131148,EMC8,TRACKS_FIBROSIS,EFO_0003095,0.08936734356697433,5.7226942040166615e-05,5,rises
ENSG00000198821,CD247,TRACKS_FIBROSIS,EFO_0003095,0.0891358362042991,0.0009364533947083259,5,rises
ENSG00000153310,CYRIB,TRACKS_FIBROSIS,EFO_0003095,0.08906888712053222,0.022167864144752924,5,rises
ENSG00000169193,CCDC126,TRACKS_FIBROSIS,EFO_0003095,-0.08857355517111669,0.008156913434308098,5,falls
ENSG00000129911,KLF16,TRACKS_FIBROSIS,EFO_0003095,0.08837644242549574,0.0005676850512574172,5,rises
ENSG00000130164,LDLR,TRACKS_FIBROSIS,EFO_0003095,0.08836006499818365,0.021716004461741465,5,rises
ENSG00000196990,FAM163B,TRACKS_FIBROSIS,EFO_0003095,0.08830895903916412,0.0004461194720917158,5,rises
ENSG00000137491,SLCO2B1,TRACKS_FIBROSIS,EFO_0003095,-0.08806843655716988,0.04724295392737134,5,falls
ENSG00000141429,GALNT1,TRACKS_FIBROSIS,EFO_0003095,0.08799409031309124,0.008308542550261458,5,rises
ENSG00000180745,CLRN3,TRACKS_FIBROSIS,EFO_0003095,-0.08751036647384625,0.00029313461981602464,5,falls
ENSG00000122008,POLK,TRACKS_FIBROSIS,EFO_0003095,-0.08723734470475628,0.01574945601727572,5,falls
ENSG00000104823,ECH1,TRACKS_FIBROSIS,EFO_0003095,-0.08717119567176813,0.007565179252901633,5,falls
ENSG00000213639,PPP1CB,TRACKS_FIBROSIS,EFO_0003095,0.0870927291254006,0.04823142591686074,5,rises
ENSG00000106733,NMRK1,TRACKS_FIBROSIS,EFO_0003095,-0.08664200340786303,4.365312187107265e-05,5,falls
ENSG00000177045,SIX5,TRACKS_FIBROSIS,EFO_0003095,0.08662930568964738,0.02957835480697846,5,rises
ENSG00000040608,RTN4R,TRACKS_FIBROSIS,EFO_0003095,0.08632886828360269,0.026333697322289608,5,rises
ENSG00000070761,CFAP20,TRACKS_FIBROSIS,EFO_0003095,-0.0862377027080809,0.0026779151018541153,5,falls
ENSG00000149923,PPP4C,TRACKS_FIBROSIS,EFO_0003095,0.08621864959673897,1.1000691755628324e-07,5,rises
ENSG00000182359,KBTBD3,TRACKS_FIBROSIS,EFO_0003095,-0.08556190604251813,0.00699689253127,5,falls
ENSG00000198435,NRARP,TRACKS_FIBROSIS,EFO_0003095,0.0854084917295749,0.0023218395038146055,5,rises
ENSG00000154727,GABPA,TRACKS_FIBROSIS,EFO_0003095,-0.08512657768214368,0.01625603449406283,5,falls
ENSG00000125970,RALY,TRACKS_FIBROSIS,EFO_0003095,0.08492232281902705,0.0008606699966613857,5,rises
ENSG00000188986,NELFB,TRACKS_FIBROSIS,EFO_0003095,0.08484404550621585,0.00013719865722116665,5,rises
ENSG00000091181,IL5RA,TRACKS_FIBROSIS,EFO_0003095,0.08448554493244972,0.022663094478889305,5,rises
ENSG00000122729,ACO1,TRACKS_FIBROSIS,EFO_0003095,-0.08446264371935522,0.009006061280534449,5,falls
ENSG00000008516,MMP25,TRACKS_FIBROSIS,EFO_0003095,0.08442077157127661,0.0037065039388858552,5,rises
ENSG00000109466,KLHL2,TRACKS_FIBROSIS,EFO_0003095,-0.08427408882230958,0.002242846068999407,5,falls
ENSG00000182325,FBXL6,TRACKS_FIBROSIS,EFO_0003095,0.08401210234665756,0.010332114754276029,5,rises
ENSG00000164086,DUSP7,TRACKS_FIBROSIS,EFO_0003095,0.08386374402236124,6.087687141038137e-07,5,rises
ENSG00000133863,TEX15,TRACKS_FIBROSIS,EFO_0003095,-0.08355702039459656,0.01250363143002039,5,falls
ENSG00000103653,CSK,TRACKS_FIBROSIS,EFO_0003095,0.08337161925818795,1.9430818896934545e-07,5,rises
ENSG00000014216,CAPN1,TRACKS_FIBROSIS,EFO_0003095,0.08334778156505382,1.7603542893066623e-05,5,rises
ENSG00000116771,AGMAT,TRACKS_FIBROSIS,EFO_0003095,-0.08300868077998384,0.006415732966077052,5,falls
ENSG00000103121,CMC2,TRACKS_FIBROSIS,EFO_0003095,-0.08290497178350704,0.0014812619218836154,5,falls
ENSG00000177303,CASKIN2,TRACKS_FIBROSIS,EFO_0003095,0.08263882683436377,0.001040124501673869,5,rises
ENSG00000203883,SOX18,TRACKS_FIBROSIS,EFO_0003095,0.08260691239558667,0.005287805930081205,5,rises
ENSG00000198108,CHSY3,TRACKS_FIBROSIS,EFO_0003095,0.08215326287833201,0.017230789593982103,5,rises
ENSG00000132481,TRIM47,TRACKS_FIBROSIS,EFO_0003095,0.0821447012972433,0.007404388926367141,5,rises
ENSG00000171843,MLLT3,TRACKS_FIBROSIS,EFO_0003095,0.0817734345799361,0.0066136615560419216,5,rises
ENSG00000139197,PEX5,TRACKS_FIBROSIS,EFO_0003095,-0.08168528045841701,0.0001795750194339236,5,falls
ENSG00000178772,CPN2,TRACKS_FIBROSIS,EFO_0003095,-0.08160654477166653,0.04141017627386697,5,falls
ENSG00000129757,CDKN1C,TRACKS_FIBROSIS,EFO_0003095,0.08154779833030326,0.008612034024661184,5,rises
ENSG00000151876,FBXO4,TRACKS_FIBROSIS,EFO_0003095,-0.08145304583283267,0.017081863483310557,5,falls
ENSG00000173267,SNCG,TRACKS_FIBROSIS,EFO_0003095,0.08128986692698126,0.0012927412782165984,5,rises
ENSG00000117020,AKT3,TRACKS_FIBROSIS,EFO_0003095,0.08110972539400303,0.0032193435155429295,5,rises
ENSG00000196358,NTNG2,TRACKS_FIBROSIS,EFO_0003095,0.0810061057972737,0.0006934641793652096,5,rises
ENSG00000099974,DDTL,TRACKS_FIBROSIS,EFO_0003095,-0.08013463022477649,0.011783572946120733,5,falls
ENSG00000105619,TFPT,TRACKS_FIBROSIS,EFO_0003095,0.08002131166379253,0.0010720490565491682,5,rises
ENSG00000143340,FAM163A,TRACKS_FIBROSIS,EFO_0003095,-0.07991815268497693,0.008544897316650665,5,falls
ENSG00000115159,GPD2,TRACKS_FIBROSIS,EFO_0003095,0.07919218970963973,5.945251570332209e-06,5,rises
ENSG00000188931,CFAP126,TRACKS_FIBROSIS,EFO_0003095,-0.07885897092760967,0.024731455240934855,5,falls
ENSG00000075415,SLC25A3,TRACKS_FIBROSIS,EFO_0003095,0.07867425757323153,0.011364145283744204,5,rises
ENSG00000034152,MAP2K3,TRACKS_FIBROSIS,EFO_0003095,0.07819414316630474,0.04642158229699197,5,rises
ENSG00000142864,SERBP1,TRACKS_FIBROSIS,EFO_0003095,-0.07818802775124134,0.033251755002670066,5,falls
ENSG00000179115,FARSA,TRACKS_FIBROSIS,EFO_0003095,0.07745540102664933,0.04553244797612185,5,rises
ENSG00000104231,ZFAND1,TRACKS_FIBROSIS,EFO_0003095,-0.07741626237024377,0.001307051225125072,5,falls
ENSG00000166527,CLEC4D,TRACKS_FIBROSIS,EFO_0003095,0.07726812042478909,0.01683402454411239,5,rises
ENSG00000196465,MYL6B,TRACKS_FIBROSIS,EFO_0003095,0.07689525816134947,0.014181414560079481,5,rises
ENSG00000112874,NUDT12,TRACKS_FIBROSIS,EFO_0003095,-0.07655888117835895,0.00042405159178120954,5,falls
ENSG00000103546,SLC6A2,TRACKS_FIBROSIS,EFO_0003095,0.07595810775950851,0.0012932716051196889,5,rises
ENSG00000100258,LMF2,TRACKS_FIBROSIS,EFO_0003095,0.07580679180440605,0.00590093844497271,5,rises
ENSG00000168621,GDNF,TRACKS_FIBROSIS,EFO_0003095,0.07571418315822265,0.00845008482939141,5,rises
ENSG00000076201,PTPN23,TRACKS_FIBROSIS,EFO_0003095,0.07525759305301148,4.0668783044238736e-08,5,rises
ENSG00000115421,PAPOLG,TRACKS_FIBROSIS,EFO_0003095,0.07486246503977945,0.016816043707728903,5,rises
ENSG00000178397,FAM220A,TRACKS_FIBROSIS,EFO_0003095,0.07437797269186226,0.004397059386431833,5,rises
ENSG00000114062,UBE3A,TRACKS_FIBROSIS,EFO_0003095,-0.07427213423908126,0.01042791177215015,5,falls
ENSG00000130202,NECTIN2,TRACKS_FIBROSIS,EFO_0003095,0.07420817248250673,0.023644786588460545,5,rises
ENSG00000023572,GLRX2,TRACKS_FIBROSIS,EFO_0003095,0.07406896528368868,0.012722537587179814,5,rises
ENSG00000135226,UGT2B28,TRACKS_FIBROSIS,EFO_0003095,-0.07346511603662599,0.029182915658161435,5,falls
ENSG00000115306,SPTBN1,TRACKS_FIBROSIS,EFO_0003095,0.07344938667556758,0.015688645179180307,5,rises
ENSG00000131653,TRAF7,TRACKS_FIBROSIS,EFO_0003095,0.07297157870218471,0.008899940151030877,5,rises
ENSG00000150990,DHX37,TRACKS_FIBROSIS,EFO_0003095,0.07292153873426309,0.0003029653532506779,5,rises
ENSG00000160410,SHKBP1,TRACKS_FIBROSIS,EFO_0003095,0.07207261268786896,8.268593375604146e-06,5,rises
ENSG00000063660,GPC1,TRACKS_FIBROSIS,EFO_0003095,0.07191382902813637,0.000619209773643876,5,rises
ENSG00000135409,AMHR2,TRACKS_FIBROSIS,EFO_0003095,-0.07166291656542828,0.04791504352692993,5,falls
ENSG00000187912,CLEC17A,TRACKS_FIBROSIS,EFO_0003095,0.0709382229764791,0.04995916113987842,5,rises
ENSG00000007216,SLC13A2,TRACKS_FIBROSIS,EFO_0003095,-0.07031137314961772,5.4440530688281446e-05,5,falls
ENSG00000141349,G6PC3,TRACKS_FIBROSIS,EFO_0003095,0.06767359597897961,0.00031774879515593575,5,rises
ENSG00000183955,KMT5A,TRACKS_FIBROSIS,EFO_0003095,0.06687975699475386,0.0037901055582047,5,rises
ENSG00000198586,TLK1,TRACKS_FIBROSIS,EFO_0003095,-0.0668060172352927,0.00020864528479852518,5,falls
ENSG00000105793,GTPBP10,TRACKS_FIBROSIS,EFO_0003095,-0.06632656869432427,0.007687008171297228,5,falls
ENSG00000010626,LRRC23,TRACKS_FIBROSIS,EFO_0003095,0.06625511618746628,0.008514654404014634,5,rises
ENSG00000197705,KLHL14,TRACKS_FIBROSIS,EFO_0003095,0.06624995872114182,0.0028324254101033367,5,rises
ENSG00000158815,FGF17,TRACKS_FIBROSIS,EFO_0003095,0.06612344841245235,8.775569932297615e-09,5,rises
ENSG00000113387,SUB1,TRACKS_FIBROSIS,EFO_0003095,0.06585812790046994,0.000835578721033822,5,rises
ENSG00000148334,PTGES2,TRACKS_FIBROSIS,EFO_0003095,0.06494326180698942,2.947508464642644e-05,5,rises
ENSG00000171865,RNASEH1,TRACKS_FIBROSIS,EFO_0003095,0.06463382180478279,0.027720288775945283,5,rises
ENSG00000163673,DCLK3,TRACKS_FIBROSIS,EFO_0003095,-0.06407195335231038,0.0012865183133962436,5,falls
ENSG00000136754,ABI1,TRACKS_FIBROSIS,EFO_0003095,0.06394696722755874,0.027755707854511,5,rises
ENSG00000106009,BRAT1,TRACKS_FIBROSIS,EFO_0003095,0.06388284883500064,0.0228293323257009,5,rises
ENSG00000067113,PLPP1,TRACKS_FIBROSIS,EFO_0003095,0.06383392551449371,0.030935221287605952,5,rises
ENSG00000124107,SLPI,TRACKS_FIBROSIS,EFO_0003095,0.06230836508322621,0.017077567423009154,5,rises
ENSG00000170852,KBTBD2,TRACKS_FIBROSIS,EFO_0003095,0.061675323918701355,0.0025418466246090437,5,rises
ENSG00000100280,AP1B1,TRACKS_FIBROSIS,EFO_0003095,0.06159797951855403,0.0014331596538121095,5,rises
ENSG00000149782,PLCB3,TRACKS_FIBROSIS,EFO_0003095,0.059576373547373836,0.0008074549997004692,5,rises
ENSG00000137962,ARHGAP29,TRACKS_FIBROSIS,EFO_0003095,-0.05915305805657956,0.01841906208785257,5,falls
ENSG00000186487,MYT1L,TRACKS_FIBROSIS,EFO_0003095,-0.05861511457303937,0.007545248697688082,5,falls
ENSG00000034693,PEX3,TRACKS_FIBROSIS,EFO_0003095,-0.05295337903374153,0.04607084523352026,5,falls
ENSG00000131203,IDO1,TRACKS_FIBROSIS,EFO_0003095,0.05103925411890597,0.04838514108377168,5,rises
ENSG00000039650,PNKP,TRACKS_FIBROSIS,EFO_0003095,0.05003387988248754,1.5223267523854814e-07,5,rises
ENSG00000119535,CSF3R,TRACKS_FIBROSIS,EFO_0003095,0.0492413220902745,0.010737466821280576,5,rises
ENSG00000018408,WWTR1,TRACKS_FIBROSIS,EFO_0003095,0.04876506711885529,0.0015944248919190927,5,rises
ENSG00000125912,NCLN,TRACKS_FIBROSIS,EFO_0003095,0.048383940898389675,0.008091256323471286,5,rises
ENSG00000213347,MXD3,TRACKS_FIBROSIS,EFO_0003095,0.04804070622822883,0.0054788055659900125,5,rises
ENSG00000227057,WDR46,TRACKS_FIBROSIS,EFO_0003095,0.04329606628380404,0.039733734931237066,5,rises
ENSG00000117899,MESD,TRACKS_FIBROSIS,EFO_0003095,-0.040550217622405876,0.015238088597020695,5,falls
ENSG00000176046,NUPR1,TRACKS_FIBROSIS,EFO_0003095,-0.0362338342504814,0.03342505976988315,5,falls
ENSG00000090581,GNPTG,TRACKS_FIBROSIS,EFO_0003095,0.0341992722761803,0.0001267292309080896,5,rises
ENSG00000157191,NECAP2,TRACKS_FIBROSIS,EFO_0003095,0.03378766822513247,1.677327789325228e-05,5,rises
ENSG00000173662,TAS1R1,TRACKS_FIBROSIS,EFO_0003095,-0.03109924274898936,0.0018114267402379652,5,falls
ENSG00000129968,ABHD17A,TRACKS_FIBROSIS,EFO_0003095,0.019816109697319353,0.010656655341902828,5,rises
ENSG00000144893,MED12L,TRACKS_FIBROSIS,EFO_0003095,0.019016611780165112,0.006167161437162794,5,rises
ENSG00000164692,COL1A2,TRACKS_INFLAMMATION,EFO_1001249,0.7462143948403216,3.362648058267714e-25,3,rises
ENSG00000162909,CAPN2,TRACKS_INFLAMMATION,EFO_1001249,0.7340246637712813,1.24175560782042e-22,3,rises
ENSG00000182718,ANXA2,TRACKS_INFLAMMATION,EFO_1001249,0.7296077851825303,1.1500800470130386e-22,3,rises
ENSG00000168542,COL3A1,TRACKS_INFLAMMATION,EFO_1001249,0.7194994140864834,1.24175560782042e-22,3,rises
ENSG00000166401,SERPINB8,TRACKS_INFLAMMATION,EFO_1001249,0.7032713927696279,2.79278395862297e-22,3,rises
ENSG00000150991,UBC,TRACKS_INFLAMMATION,EFO_1001249,0.6955830750192145,2.1124164870983624e-17,3,rises
ENSG00000143390,RFX5,TRACKS_INFLAMMATION,EFO_1001249,0.6924378541213182,5.3200185312962953e-20,3,rises
ENSG00000042493,CAPG,TRACKS_INFLAMMATION,EFO_1001249,0.6898963273052032,1.3381453565239456e-22,3,rises
ENSG00000100220,RTCB,TRACKS_INFLAMMATION,EFO_1001249,0.6891743007983427,2.086132699023448e-18,3,rises
ENSG00000138131,LOXL4,TRACKS_INFLAMMATION,EFO_1001249,0.6819540357297376,7.787020571626877e-20,3,rises
ENSG00000162897,FCAMR,TRACKS_INFLAMMATION,EFO_1001249,0.6768998501817142,7.638659719682087e-19,3,rises
ENSG00000060982,BCAT1,TRACKS_INFLAMMATION,EFO_1001249,0.6730772721498228,7.346219199653084e-16,3,rises
ENSG00000083857,FAT1,TRACKS_INFLAMMATION,EFO_1001249,0.668953538083692,6.483770511646598e-21,3,rises
ENSG00000184545,DUSP8,TRACKS_INFLAMMATION,EFO_1001249,0.6639033730582252,2.745683552314327e-19,3,rises
ENSG00000134769,DTNA,TRACKS_INFLAMMATION,EFO_1001249,0.6624677673025801,2.9630198648392958e-24,3,rises
ENSG00000121064,SCPEP1,TRACKS_INFLAMMATION,EFO_1001249,0.6608458575468923,1.195791566493735e-19,3,rises
ENSG00000104738,MCM4,TRACKS_INFLAMMATION,EFO_1001249,0.6593780877945408,4.317699552531109e-16,3,rises
ENSG00000128245,YWHAH,TRACKS_INFLAMMATION,EFO_1001249,0.6523509489484574,4.979184438836682e-17,3,rises
ENSG00000108821,COL1A1,TRACKS_INFLAMMATION,EFO_1001249,0.6469369917984172,2.086132699023448e-18,3,rises
ENSG00000102316,MAGED2,TRACKS_INFLAMMATION,EFO_1001249,0.645852710386713,1.238218799726378e-16,3,rises
ENSG00000143061,IGSF3,TRACKS_INFLAMMATION,EFO_1001249,0.6433724081141349,9.466536616467493e-16,3,rises
ENSG00000176890,TYMS,TRACKS_INFLAMMATION,EFO_1001249,0.6429646043592708,3.571095259177306e-17,3,rises
ENSG00000074410,CA12,TRACKS_INFLAMMATION,EFO_1001249,0.6405117064734915,2.1043663995180834e-17,3,rises
ENSG00000105664,COMP,TRACKS_INFLAMMATION,EFO_1001249,0.6376373031425921,5.970802272802168e-14,3,rises
ENSG00000131981,LGALS3,TRACKS_INFLAMMATION,EFO_1001249,0.6371883923043871,7.346219199653084e-16,3,rises
ENSG00000008517,IL32,TRACKS_INFLAMMATION,EFO_1001249,0.6343002862769449,1.2415662343726845e-18,3,rises
ENSG00000155252,PI4K2A,TRACKS_INFLAMMATION,EFO_1001249,0.6343002862769449,5.191342812254346e-16,3,rises
ENSG00000156510,HKDC1,TRACKS_INFLAMMATION,EFO_1001249,0.6321342067563636,2.762207498056437e-13,3,rises
ENSG00000102452,NALCN,TRACKS_INFLAMMATION,EFO_1001249,0.6286248167928874,4.580704382197856e-15,3,rises
ENSG00000006327,TNFRSF12A,TRACKS_INFLAMMATION,EFO_1001249,0.628524074222061,6.392961670163283e-19,3,rises
ENSG00000113648,MACROH2A1,TRACKS_INFLAMMATION,EFO_1001249,0.6278020477152005,1.8698915189613173e-17,3,rises
ENSG00000106624,AEBP1,TRACKS_INFLAMMATION,EFO_1001249,0.6278020477152005,1.0206075891151157e-16,3,rises
ENSG00000119771,KLHL29,TRACKS_INFLAMMATION,EFO_1001249,0.6263579947014796,3.080704577755694e-16,3,rises
ENSG00000108176,DNAJC12,TRACKS_INFLAMMATION,EFO_1001249,-0.6249139416877586,1.4674570211790658e-15,3,falls
ENSG00000113645,WWC1,TRACKS_INFLAMMATION,EFO_1001249,0.6241919151808981,8.881284131744122e-15,3,rises
ENSG00000099139,PCSK5,TRACKS_INFLAMMATION,EFO_1001249,0.624191915180898,2.8683145081523895e-14,3,rises
ENSG00000112149,CD83,TRACKS_INFLAMMATION,EFO_1001249,0.6237322509517154,3.883778218635288e-15,3,rises
ENSG00000146535,GNA12,TRACKS_INFLAMMATION,EFO_1001249,0.6223343749970947,3.859141383181957e-15,3,rises
ENSG00000118515,SGK1,TRACKS_INFLAMMATION,EFO_1001249,0.6219849060084395,2.980519125335162e-17,3,rises
ENSG00000013364,MVP,TRACKS_INFLAMMATION,EFO_1001249,0.6202375610651637,9.165398110694195e-17,3,rises
ENSG00000138744,NAAA,TRACKS_INFLAMMATION,EFO_1001249,-0.6191377296328746,2.846431340358775e-16,3,falls
ENSG00000226742,HSBP1L1,TRACKS_INFLAMMATION,EFO_1001249,-0.6180708533355017,1.108260634388426e-14,3,falls
ENSG00000100985,MMP9,TRACKS_INFLAMMATION,EFO_1001249,0.617713368272089,5.784649340875635e-17,3,rises
ENSG00000118785,SPP1,TRACKS_INFLAMMATION,EFO_1001249,0.6176936766191536,9.310976729113625e-16,3,rises
ENSG00000076003,MCM6,TRACKS_INFLAMMATION,EFO_1001249,0.6146460572466812,9.950561947986998e-14,3,rises
ENSG00000136830,NIBAN2,TRACKS_INFLAMMATION,EFO_1001249,0.6126394910711301,1.9668902820087048e-14,3,rises
ENSG00000162882,HAAO,TRACKS_INFLAMMATION,EFO_1001249,-0.61263949107113,3.571095259177306e-17,3,falls
ENSG00000139970,RTN1,TRACKS_INFLAMMATION,EFO_1001249,0.609473916214585,2.450979520730988e-16,3,rises
ENSG00000154096,THY1,TRACKS_INFLAMMATION,EFO_1001249,0.6090293585368276,1.2956076608232149e-19,3,rises
ENSG00000158186,MRAS,TRACKS_INFLAMMATION,EFO_1001249,0.6090293585368276,1.1631084444885951e-17,3,rises
ENSG00000175445,LPL,TRACKS_INFLAMMATION,EFO_1001249,0.6083150887764834,9.378823276628414e-18,3,rises
ENSG00000124067,SLC12A4,TRACKS_INFLAMMATION,EFO_1001249,0.6083073320299671,3.859141383181957e-15,3,rises
ENSG00000124762,CDKN1A,TRACKS_INFLAMMATION,EFO_1001249,0.6075853055231066,2.959835326375143e-20,3,rises
ENSG00000135127,BICDL1,TRACKS_INFLAMMATION,EFO_1001249,0.6068632790162461,1.431282117064983e-16,3,rises
ENSG00000198074,AKR1B10,TRACKS_INFLAMMATION,EFO_1001249,0.6061431847631805,1.997651417864613e-19,3,rises
ENSG00000131747,TOP2A,TRACKS_INFLAMMATION,EFO_1001249,0.6059792263280335,3.39954555396418e-14,3,rises
ENSG00000053747,LAMA3,TRACKS_INFLAMMATION,EFO_1001249,0.6054192260025252,8.66929692638028e-14,3,rises
ENSG00000173391,OLR1,TRACKS_INFLAMMATION,EFO_1001249,0.6044126149737246,2.2505275167661185e-12,3,rises
ENSG00000086289,EPDR1,TRACKS_INFLAMMATION,EFO_1001249,0.6025311199750831,5.603915298880476e-14,3,rises
ENSG00000120457,KCNJ5,TRACKS_INFLAMMATION,EFO_1001249,0.601816767353352,7.19140933856481e-15,3,rises
ENSG00000164111,ANXA5,TRACKS_INFLAMMATION,EFO_1001249,0.5982909085776201,9.173519972921453e-15,3,rises
ENSG00000130429,ARPC1B,TRACKS_INFLAMMATION,EFO_1001249,0.597801651993503,2.6099065207654585e-13,3,rises
ENSG00000137310,TCF19,TRACKS_INFLAMMATION,EFO_1001249,0.59759197060031,3.16463143710892e-13,3,rises
ENSG00000136628,EPRS1,TRACKS_INFLAMMATION,EFO_1001249,0.5972425016116548,9.353337356503077e-14,3,rises
ENSG00000177606,JUN,TRACKS_INFLAMMATION,EFO_1001249,0.5957747318593031,1.842272970093375e-17,3,rises
ENSG00000139329,LUM,TRACKS_INFLAMMATION,EFO_1001249,0.5953108549064783,1.238218799726378e-16,3,rises
ENSG00000170421,KRT8,TRACKS_INFLAMMATION,EFO_1001249,0.5945888283996177,5.613807175168047e-16,3,rises
ENSG00000165912,PACSIN3,TRACKS_INFLAMMATION,EFO_1001249,-0.5945865372978756,3.3083424337810337e-19,3,falls
ENSG00000102393,GLA,TRACKS_INFLAMMATION,EFO_1001249,0.5938668018927573,2.437677574301159e-14,3,rises
ENSG00000176894,PXMP2,TRACKS_INFLAMMATION,EFO_1001249,-0.593258555140986,1.4956597284415335e-13,3,falls
ENSG00000095970,TREM2,TRACKS_INFLAMMATION,EFO_1001249,0.5924227488790362,2.7405715059352557e-19,3,rises
ENSG00000133985,TTC9,TRACKS_INFLAMMATION,EFO_1001249,0.5917007223721757,4.317699552531109e-16,3,rises
ENSG00000182481,KPNA2,TRACKS_INFLAMMATION,EFO_1001249,0.5909786958653153,1.238218799726378e-16,3,rises
ENSG00000070404,FSTL3,TRACKS_INFLAMMATION,EFO_1001249,0.5902566693584547,3.319511585960698e-13,3,rises
ENSG00000119681,LTBP2,TRACKS_INFLAMMATION,EFO_1001249,0.5888126163447337,5.8795477189897345e-15,3,rises
ENSG00000115009,CCL20,TRACKS_INFLAMMATION,EFO_1001249,0.5877569478645593,1.3589333560281832e-19,3,rises
ENSG00000118298,CA14,TRACKS_INFLAMMATION,EFO_1001249,-0.5873685633310128,8.173791737599224e-13,3,falls
ENSG00000196177,ACADSB,TRACKS_INFLAMMATION,EFO_1001249,-0.5873685633310127,6.160870833142698e-14,3,falls
ENSG00000166582,CENPV,TRACKS_INFLAMMATION,EFO_1001249,-0.5852024838104313,2.1337849337365744e-12,3,falls
ENSG00000125257,ABCC4,TRACKS_INFLAMMATION,EFO_1001249,0.5831938482677177,7.021876173713351e-14,3,rises
ENSG00000148773,MKI67,TRACKS_INFLAMMATION,EFO_1001249,0.5823143777829893,1.2191473354137689e-12,3,rises
ENSG00000158714,SLAMF8,TRACKS_INFLAMMATION,EFO_1001249,0.5807475653471315,2.529102963158815e-15,3,rises
ENSG00000117984,CTSD,TRACKS_INFLAMMATION,EFO_1001249,0.5806776715494005,1.5266787944630267e-15,3,rises
ENSG00000166033,HTRA1,TRACKS_INFLAMMATION,EFO_1001249,0.5787042452486869,3.2679911125011465e-16,3,rises
ENSG00000181026,AEN,TRACKS_INFLAMMATION,EFO_1001249,0.577043194067387,2.923216482455536e-14,3,rises
ENSG00000172667,ZMAT3,TRACKS_INFLAMMATION,EFO_1001249,0.5765381657281053,8.013202781143651e-13,3,rises
ENSG00000167105,TMEM92,TRACKS_INFLAMMATION,EFO_1001249,0.5764871198332521,3.319511585960698e-13,3,rises
ENSG00000123130,ACOT9,TRACKS_INFLAMMATION,EFO_1001249,0.5737581855740287,1.4080932344754045e-11,3,rises
ENSG00000115380,EFEMP1,TRACKS_INFLAMMATION,EFO_1001249,0.5736500597006634,2.029240719313406e-12,3,rises
ENSG00000145632,PLK2,TRACKS_INFLAMMATION,EFO_1001249,0.5722060066869424,1.9232380214449577e-12,3,rises
ENSG00000137804,NUSAP1,TRACKS_INFLAMMATION,EFO_1001249,0.5722060066869424,1.8156378968662733e-11,3,rises
ENSG00000150753,CCT5,TRACKS_INFLAMMATION,EFO_1001249,0.5722060066869423,6.952848288240525e-15,3,rises
ENSG00000079931,MOXD1,TRACKS_INFLAMMATION,EFO_1001249,0.5714912673787379,2.259736299378062e-13,3,rises
ENSG00000161057,PSMC2,TRACKS_INFLAMMATION,EFO_1001249,0.571483980180082,3.201505264771953e-13,3,rises
ENSG00000104856,RELB,TRACKS_INFLAMMATION,EFO_1001249,0.5707619536732214,8.085659125132147e-12,3,rises
ENSG00000123416,TUBA1B,TRACKS_INFLAMMATION,EFO_1001249,0.5691451949237805,5.3626333225493664e-11,3,rises
ENSG00000166557,TMED3,TRACKS_INFLAMMATION,EFO_1001249,0.5685958741526399,1.1280280717511895e-12,3,rises
ENSG00000162552,WNT4,TRACKS_INFLAMMATION,EFO_1001249,0.5642709102419251,4.217862451491444e-14,3,rises
ENSG00000133048,CHI3L1,TRACKS_INFLAMMATION,EFO_1001249,0.5629246469257188,2.806997005265737e-12,3,rises
ENSG00000078098,FAP,TRACKS_INFLAMMATION,EFO_1001249,0.5626278644490522,5.455369958239368e-16,3,rises
ENSG00000164251,F2RL1,TRACKS_INFLAMMATION,EFO_1001249,0.5620976355908954,6.571637675342558e-14,3,rises
ENSG00000131467,PSME3,TRACKS_INFLAMMATION,EFO_1001249,0.5613756090840349,4.31200079251624e-12,3,rises
ENSG00000047249,ATP6V1H,TRACKS_INFLAMMATION,EFO_1001249,0.5613170895779053,1.6245998371472763e-10,3,rises
ENSG00000164687,FABP5,TRACKS_INFLAMMATION,EFO_1001249,0.5606535825771745,8.194083815049601e-18,3,rises
ENSG00000023445,BIRC3,TRACKS_INFLAMMATION,EFO_1001249,0.5606535825771745,1.9229497633774252e-13,3,rises
ENSG00000126581,BECN1,TRACKS_INFLAMMATION,EFO_1001249,0.5606535825771745,5.151100563145064e-13,3,rises
ENSG00000078124,ACER3,TRACKS_INFLAMMATION,EFO_1001249,0.5606535825771745,6.57929405366551e-13,3,rises
ENSG00000091409,ITGA6,TRACKS_INFLAMMATION,EFO_1001249,0.559931556070314,1.666451934492428e-12,3,rises
ENSG00000084636,COL16A1,TRACKS_INFLAMMATION,EFO_1001249,0.558487503056593,8.476390776488157e-11,3,rises
ENSG00000137055,PLAA,TRACKS_INFLAMMATION,EFO_1001249,0.5584875030565929,4.7284780988629825e-11,3,rises
ENSG00000107521,HPS1,TRACKS_INFLAMMATION,EFO_1001249,0.5577654765497325,1.8664824217690653e-11,3,rises
ENSG00000128284,APOL3,TRACKS_INFLAMMATION,EFO_1001249,0.557043450042872,1.7263180445849526e-14,3,rises
ENSG00000117682,DHDDS,TRACKS_INFLAMMATION,EFO_1001249,0.5569836741185813,4.1467189407138445e-11,3,rises
ENSG00000111667,USP5,TRACKS_INFLAMMATION,EFO_1001249,0.555599397029151,1.4914590244219559e-12,3,rises
ENSG00000170006,TMEM154,TRACKS_INFLAMMATION,EFO_1001249,0.5548773705222906,9.137368807866835e-13,3,rises
ENSG00000138107,ACTR1A,TRACKS_INFLAMMATION,EFO_1001249,0.5527112910017091,7.915530391814275e-13,3,rises
ENSG00000122952,ZWINT,TRACKS_INFLAMMATION,EFO_1001249,0.5519892644948485,5.756380307494366e-13,3,rises
ENSG00000147065,MSN,TRACKS_INFLAMMATION,EFO_1001249,0.54943514396363,5.3200185312962953e-20,3,rises
ENSG00000103966,EHD4,TRACKS_INFLAMMATION,EFO_1001249,0.5487362059863197,6.038916686288477e-20,3,rises
ENSG00000161011,SQSTM1,TRACKS_INFLAMMATION,EFO_1001249,0.5485265245931267,1.6550524291708396e-12,3,rises
ENSG00000126247,CAPNS1,TRACKS_INFLAMMATION,EFO_1001249,0.5483791319605462,2.941382016569128e-10,3,rises
ENSG00000197461,PDGFA,TRACKS_INFLAMMATION,EFO_1001249,0.548379131960546,1.2965569418169554e-12,3,rises
ENSG00000118705,RPN2,TRACKS_INFLAMMATION,EFO_1001249,0.5476571054536856,5.490139305352616e-12,3,rises
ENSG00000162734,PEA15,TRACKS_INFLAMMATION,EFO_1001249,0.547338330031699,1.4610687171463386e-14,3,rises
ENSG00000114999,TTL,TRACKS_INFLAMMATION,EFO_1001249,0.5469350789468251,7.384664924318009e-13,3,rises
ENSG00000119969,HELLS,TRACKS_INFLAMMATION,EFO_1001249,0.5462147936549686,1.273150167775098e-12,3,rises
ENSG00000132646,PCNA,TRACKS_INFLAMMATION,EFO_1001249,0.5462130524399647,1.085943137350702e-17,3,rises
ENSG00000127564,PKMYT1,TRACKS_INFLAMMATION,EFO_1001249,0.5454979816862116,9.182710759772626e-10,3,rises
ENSG00000085063,CD59,TRACKS_INFLAMMATION,EFO_1001249,0.5454910259331041,1.8698915189613173e-17,3,rises
ENSG00000064225,ST3GAL6,TRACKS_INFLAMMATION,EFO_1001249,-0.5454511974929612,5.251983652446011e-15,3,falls
ENSG00000121966,CXCR4,TRACKS_INFLAMMATION,EFO_1001249,0.5447689994262435,6.421096069513565e-13,3,rises
ENSG00000171848,RRM2,TRACKS_INFLAMMATION,EFO_1001249,0.5447689994262435,5.0446302399097496e-11,3,rises
ENSG00000143476,DTL,TRACKS_INFLAMMATION,EFO_1001249,0.5433249464125226,1.666451934492428e-12,3,rises
ENSG00000166226,CCT2,TRACKS_INFLAMMATION,EFO_1001249,0.5433249464125225,1.356010762294338e-11,3,rises
ENSG00000102144,PGK1,TRACKS_INFLAMMATION,EFO_1001249,0.542725339381451,1.63092270134308e-12,3,rises
ENSG00000049860,HEXB,TRACKS_INFLAMMATION,EFO_1001249,0.5426029199056621,1.2965569418169554e-12,3,rises
ENSG00000124713,GNMT,TRACKS_INFLAMMATION,EFO_1001249,-0.541158866891941,1.1525413023482161e-14,3,falls
ENSG00000174307,PHLDA3,TRACKS_INFLAMMATION,EFO_1001249,0.541158866891941,1.326434222971117e-13,3,rises
ENSG00000146731,CCT6A,TRACKS_INFLAMMATION,EFO_1001249,0.5404368403850807,1.274825220146532e-13,3,rises
ENSG00000100266,PACSIN2,TRACKS_INFLAMMATION,EFO_1001249,0.540279056460865,2.1203881039287356e-12,3,rises
ENSG00000157227,MMP14,TRACKS_INFLAMMATION,EFO_1001249,0.5399295874722098,2.352636186427301e-14,3,rises
ENSG00000100994,PYGB,TRACKS_INFLAMMATION,EFO_1001249,0.5392306494948995,6.8222569247409275e-18,3,rises
ENSG00000112118,MCM3,TRACKS_INFLAMMATION,EFO_1001249,0.5389510743039754,6.5935946198169225e-12,3,rises
ENSG00000148180,GSN,TRACKS_INFLAMMATION,EFO_1001249,0.5384618177198581,1.8814777342789452e-15,3,rises
ENSG00000163075,CFAP221,TRACKS_INFLAMMATION,EFO_1001249,0.5383668763531211,1.0506966388531896e-13,3,rises
ENSG00000169245,CXCL10,TRACKS_INFLAMMATION,EFO_1001249,0.5382707608644991,3.856804227004124e-14,3,rises
ENSG00000102100,SLC35A2,TRACKS_INFLAMMATION,EFO_1001249,0.5375487343576386,3.2215811801997074e-10,3,rises
ENSG00000168394,TAP1,TRACKS_INFLAMMATION,EFO_1001249,0.5368542603720444,2.569315088025042e-11,3,rises
ENSG00000117408,IPO13,TRACKS_INFLAMMATION,EFO_1001249,0.5368267078507781,1.3209409904296092e-10,3,rises
ENSG00000129009,ISLR,TRACKS_INFLAMMATION,EFO_1001249,0.5361046813439176,8.181479553430838e-13,3,rises
ENSG00000154845,PPP4R1,TRACKS_INFLAMMATION,EFO_1001249,0.5361046813439175,2.3991108578460203e-10,3,rises
ENSG00000005893,LAMP2,TRACKS_INFLAMMATION,EFO_1001249,0.5358058534060791,1.017113379922619e-14,3,rises
ENSG00000187288,CIDEC,TRACKS_INFLAMMATION,EFO_1001249,0.534523487034847,2.795238351284678e-14,3,rises
ENSG00000129474,AJUBA,TRACKS_INFLAMMATION,EFO_1001249,0.5339386018233361,1.4674570211790658e-15,3,rises
ENSG00000186340,THBS2,TRACKS_INFLAMMATION,EFO_1001249,0.5338488270696102,9.717325513674139e-19,3,rises
ENSG00000143851,PTPN7,TRACKS_INFLAMMATION,EFO_1001249,0.5332165753164757,2.0740672839900235e-09,3,rises
ENSG00000146859,TMEM140,TRACKS_INFLAMMATION,EFO_1001249,0.5324945488096152,5.976213223991634e-12,3,rises
ENSG00000081923,ATP8B1,TRACKS_INFLAMMATION,EFO_1001249,0.5324509511149896,3.853059509304765e-09,3,rises
ENSG00000196954,CASP4,TRACKS_INFLAMMATION,EFO_1001249,0.5317725223027547,6.792440545241842e-14,3,rises
ENSG00000108691,CCL2,TRACKS_INFLAMMATION,EFO_1001249,0.5310504957958941,5.207271725978954e-10,3,rises
ENSG00000181830,SLC35C1,TRACKS_INFLAMMATION,EFO_1001249,0.5310504957958941,2.368080175042534e-09,3,rises
ENSG00000187955,COL14A1,TRACKS_INFLAMMATION,EFO_1001249,0.5299347743966726,1.0180609300221186e-12,3,rises
ENSG00000149257,SERPINH1,TRACKS_INFLAMMATION,EFO_1001249,0.5296064427821732,6.648907753463451e-11,3,rises
ENSG00000213398,LCAT,TRACKS_INFLAMMATION,EFO_1001249,-0.5296064427821732,1.1522488175528436e-09,3,falls
ENSG00000196664,TLR7,TRACKS_INFLAMMATION,EFO_1001249,0.5293756240148242,6.2785912121464e-12,3,rises
ENSG00000159720,ATP6V0D1,TRACKS_INFLAMMATION,EFO_1001249,0.5281623897684521,7.885235084540054e-14,3,rises
ENSG00000130592,LSP1,TRACKS_INFLAMMATION,EFO_1001249,0.5280476418579347,9.958653739470482e-14,3,rises
ENSG00000179163,FUCA1,TRACKS_INFLAMMATION,EFO_1001249,0.5274884914760863,4.1582906844195837e-10,3,rises
ENSG00000172757,CFL1,TRACKS_INFLAMMATION,EFO_1001249,0.5274403632615917,4.943597598695339e-12,3,rises
ENSG00000167552,TUBA1A,TRACKS_INFLAMMATION,EFO_1001249,0.5274403632615917,6.026724473733419e-10,3,rises
ENSG00000154080,CHST9,TRACKS_INFLAMMATION,EFO_1001249,0.5267183367547312,3.047587909221424e-14,3,rises
ENSG00000214517,PPME1,TRACKS_INFLAMMATION,EFO_1001249,0.5267183367547312,1.1200257196625184e-09,3,rises
ENSG00000102007,PLP2,TRACKS_INFLAMMATION,EFO_1001249,0.5267183367547311,3.664333470706187e-12,3,rises
ENSG00000171017,LRRC8E,TRACKS_INFLAMMATION,EFO_1001249,0.5252742837410103,7.252751788458366e-09,3,rises
ENSG00000104435,STMN2,TRACKS_INFLAMMATION,EFO_1001249,0.524804142469284,1.0222308581037214e-14,3,rises
ENSG00000008853,RHOBTB2,TRACKS_INFLAMMATION,EFO_1001249,0.5244131643759211,2.8840495260422106e-12,3,rises
ENSG00000102900,NUP93,TRACKS_INFLAMMATION,EFO_1001249,0.5238302307272892,1.1795369329721913e-09,3,rises
ENSG00000101444,AHCY,TRACKS_INFLAMMATION,EFO_1001249,-0.5238302307272891,2.8683145081523895e-14,3,falls
ENSG00000184432,COPB2,TRACKS_INFLAMMATION,EFO_1001249,0.5231550760167625,1.2828522762006246e-09,3,rises
ENSG00000066322,ELOVL1,TRACKS_INFLAMMATION,EFO_1001249,0.5209421246998472,9.67570780803721e-11,3,rises
ENSG00000176597,B3GNT5,TRACKS_INFLAMMATION,EFO_1001249,0.5209421246998472,3.665995477632153e-10,3,rises
ENSG00000132205,EMILIN2,TRACKS_INFLAMMATION,EFO_1001249,0.5203593241075213,1.3321591102531114e-12,3,rises
ENSG00000147872,PLIN2,TRACKS_INFLAMMATION,EFO_1001249,0.5202200981929868,2.48319510029126e-11,3,rises
ENSG00000135046,ANXA1,TRACKS_INFLAMMATION,EFO_1001249,0.5202200981929866,1.4706650997842715e-11,3,rises
ENSG00000080546,SESN1,TRACKS_INFLAMMATION,EFO_1001249,0.5202200981929866,1.0671248070959055e-10,3,rises
ENSG00000187634,SAMD11,TRACKS_INFLAMMATION,EFO_1001249,0.5194980716861263,1.3271998694555184e-11,3,rises
ENSG00000136631,VPS45,TRACKS_INFLAMMATION,EFO_1001249,0.5194980716861263,1.3044172050667402e-09,3,rises
ENSG00000050165,DKK3,TRACKS_INFLAMMATION,EFO_1001249,0.5191012357483628,1.4870289803800008e-13,3,rises
ENSG00000135919,SERPINE2,TRACKS_INFLAMMATION,EFO_1001249,0.5189614481529007,9.603036037737493e-11,3,rises
ENSG00000149124,GLYAT,TRACKS_INFLAMMATION,EFO_1001249,-0.5187760451792658,2.622524957663575e-09,3,falls
ENSG00000087088,BAX,TRACKS_INFLAMMATION,EFO_1001249,0.5187760451792657,2.795238351284678e-14,3,rises
ENSG00000099958,DERL3,TRACKS_INFLAMMATION,EFO_1001249,0.5166099656586843,5.402485323493379e-10,3,rises
ENSG00000160746,ANO10,TRACKS_INFLAMMATION,EFO_1001249,0.5162355900413905,1.8640823847723714e-11,3,rises
ENSG00000120254,MTHFD1L,TRACKS_INFLAMMATION,EFO_1001249,0.5158879391518238,1.1980695824729865e-12,3,rises
ENSG00000159202,UBE2Z,TRACKS_INFLAMMATION,EFO_1001249,0.5151659126449634,3.1354214406434915e-10,3,rises
ENSG00000160593,JAML,TRACKS_INFLAMMATION,EFO_1001249,0.5144438861381028,4.390024075192492e-14,3,rises
ENSG00000142623,PADI1,TRACKS_INFLAMMATION,EFO_1001249,0.5143169152455079,5.1938904012332e-13,3,rises
ENSG00000122574,WIPF3,TRACKS_INFLAMMATION,EFO_1001249,0.5137218596312424,7.389847443460015e-10,3,rises
ENSG00000008311,AASS,TRACKS_INFLAMMATION,EFO_1001249,-0.5135725206865438,9.212262666329419e-14,3,falls
ENSG00000137161,CNPY3,TRACKS_INFLAMMATION,EFO_1001249,-0.5129998331243818,8.432662355856565e-11,3,falls
ENSG00000158710,TAGLN2,TRACKS_INFLAMMATION,EFO_1001249,0.5122778066175213,2.9322479431305633e-13,3,rises
ENSG00000146670,CDCA5,TRACKS_INFLAMMATION,EFO_1001249,0.5122778066175212,5.186896561868849e-10,3,rises
ENSG00000129038,LOXL1,TRACKS_INFLAMMATION,EFO_1001249,0.5121118559752597,3.034027913836369e-11,3,rises
ENSG00000168496,FEN1,TRACKS_INFLAMMATION,EFO_1001249,0.5115557801106608,9.813769497668696e-13,3,rises
ENSG00000146038,DCDC2,TRACKS_INFLAMMATION,EFO_1001249,0.5115527055934115,1.0676767262626932e-08,3,rises
ENSG00000118960,HS1BP3,TRACKS_INFLAMMATION,EFO_1001249,0.5108337536038003,3.6721845772932638e-09,3,rises
ENSG00000163435,ELF3,TRACKS_INFLAMMATION,EFO_1001249,0.5101117270969399,3.1238871776547876e-08,3,rises
ENSG00000099998,GGT5,TRACKS_INFLAMMATION,EFO_1001249,0.5096655730546736,1.1170701407720766e-11,3,rises
ENSG00000161800,RACGAP1,TRACKS_INFLAMMATION,EFO_1001249,0.5093897005900794,4.625567133543653e-09,3,rises
ENSG00000075945,KIFAP3,TRACKS_INFLAMMATION,EFO_1001249,0.5093897005900793,2.1005904486410108e-08,3,rises
ENSG00000155254,MARVELD1,TRACKS_INFLAMMATION,EFO_1001249,0.5085472722909772,1.792035327595015e-12,3,rises
ENSG00000175203,DCTN2,TRACKS_INFLAMMATION,EFO_1001249,0.5072236210694978,8.72398919544742e-12,3,rises
ENSG00000173692,PSMD1,TRACKS_INFLAMMATION,EFO_1001249,0.5065015945626373,4.3218619517402214e-11,3,rises
ENSG00000123240,OPTN,TRACKS_INFLAMMATION,EFO_1001249,0.5065015945626372,1.0742178196155485e-11,3,rises
ENSG00000013297,CLDN11,TRACKS_INFLAMMATION,EFO_1001249,0.5057795680557768,8.643997108428453e-09,3,rises
ENSG00000141756,FKBP10,TRACKS_INFLAMMATION,EFO_1001249,0.5051923699998877,2.305963751415346e-14,3,rises
ENSG00000165731,RET,TRACKS_INFLAMMATION,EFO_1001249,0.5050591515686059,4.138118808712532e-10,3,rises
ENSG00000083807,SLC27A5,TRACKS_INFLAMMATION,EFO_1001249,-0.5050575415489164,1.8640823847723714e-11,3,falls
ENSG00000073737,DHRS9,TRACKS_INFLAMMATION,EFO_1001249,0.5048091800557815,1.1838634570476628e-12,3,rises
ENSG00000108774,RAB5C,TRACKS_INFLAMMATION,EFO_1001249,0.5046332196180395,9.938888027649509e-09,3,rises
ENSG00000100897,DCAF11,TRACKS_INFLAMMATION,EFO_1001249,-0.5045633258203084,4.722024782566003e-12,3,falls
ENSG00000157870,PRXL2B,TRACKS_INFLAMMATION,EFO_1001249,0.5043355150420558,5.071578925248568e-09,3,rises
ENSG00000108679,LGALS3BP,TRACKS_INFLAMMATION,EFO_1001249,0.5036134885351954,4.734011434389871e-09,3,rises
ENSG00000187193,MT1X,TRACKS_INFLAMMATION,EFO_1001249,-0.5021694355214743,1.484332951969287e-14,3,falls
ENSG00000104299,INTS9,TRACKS_INFLAMMATION,EFO_1001249,0.5016277863156051,1.7250527879126456e-11,3,rises
ENSG00000106483,SFRP4,TRACKS_INFLAMMATION,EFO_1001249,0.5011643162319288,2.0083071165220908e-10,3,rises
ENSG00000146223,RPL7L1,TRACKS_INFLAMMATION,EFO_1001249,0.5007253825077534,3.664333470706187e-12,3,rises
ENSG00000138207,RBP4,TRACKS_INFLAMMATION,EFO_1001249,-0.5005094855519086,9.135636738803354e-08,3,falls
ENSG00000137819,PAQR5,TRACKS_INFLAMMATION,EFO_1001249,0.5000033560008929,1.7321663111536406e-09,3,rises
ENSG00000134697,GNL2,TRACKS_INFLAMMATION,EFO_1001249,0.4992813294940324,1.2686437870230317e-12,3,rises
ENSG00000094804,CDC6,TRACKS_INFLAMMATION,EFO_1001249,0.4992813294940324,3.869163285030715e-11,3,rises
ENSG00000254986,DPP3,TRACKS_INFLAMMATION,EFO_1001249,0.4992813294940324,6.690335598639433e-10,3,rises
ENSG00000122254,HS3ST2,TRACKS_INFLAMMATION,EFO_1001249,0.49856566029692806,3.326489249522361e-12,3,rises
ENSG00000176170,SPHK1,TRACKS_INFLAMMATION,EFO_1001249,0.49834277782224673,2.050277012975806e-09,3,rises
ENSG00000149418,ST14,TRACKS_INFLAMMATION,EFO_1001249,0.4978372764803114,1.0324430263704215e-08,3,rises
ENSG00000117399,CDC20,TRACKS_INFLAMMATION,EFO_1001249,0.49749212243070645,3.082419960637332e-09,3,rises
ENSG00000101412,E2F1,TRACKS_INFLAMMATION,EFO_1001249,0.49711524997345097,1.5731494048164e-10,3,rises
ENSG00000168078,PBK,TRACKS_INFLAMMATION,EFO_1001249,0.4970157276244387,4.363374849607277e-09,3,rises
ENSG00000123500,COL10A1,TRACKS_INFLAMMATION,EFO_1001249,0.49587098122917694,2.337812271316309e-09,3,rises
ENSG00000113657,DPYSL3,TRACKS_INFLAMMATION,EFO_1001249,0.49575670730619853,9.76732666051913e-11,3,rises
ENSG00000008513,ST3GAL1,TRACKS_INFLAMMATION,EFO_1001249,-0.4957401414960388,1.6770620348951754e-09,3,falls
ENSG00000059573,ALDH18A1,TRACKS_INFLAMMATION,EFO_1001249,0.49567119695973,7.174725661410902e-11,3,rises
ENSG00000100401,RANGAP1,TRACKS_INFLAMMATION,EFO_1001249,0.4956711969597299,2.8424086271053243e-09,3,rises
ENSG00000074416,MGLL,TRACKS_INFLAMMATION,EFO_1001249,0.49567119695972983,2.9069943062634647e-10,3,rises
ENSG00000119950,MXI1,TRACKS_INFLAMMATION,EFO_1001249,-0.49494917045286946,1.8057778830082136e-13,3,falls
ENSG00000142230,SAE1,TRACKS_INFLAMMATION,EFO_1001249,0.4949491704528694,3.6413056935595854e-11,3,rises
ENSG00000167106,EEIG1,TRACKS_INFLAMMATION,EFO_1001249,0.4949491704528694,4.9668667810925676e-08,3,rises
ENSG00000138778,CENPE,TRACKS_INFLAMMATION,EFO_1001249,0.49470830034023305,5.96161361890449e-10,3,rises
ENSG00000198542,ITGBL1,TRACKS_INFLAMMATION,EFO_1001249,0.49435883135157793,7.06682425168993e-12,3,rises
ENSG00000112578,BYSL,TRACKS_INFLAMMATION,EFO_1001249,0.49422714394600886,3.966995303484725e-10,3,rises
ENSG00000140937,CDH11,TRACKS_INFLAMMATION,EFO_1001249,0.4941491499583849,3.244720514625682e-09,3,rises
ENSG00000154065,ANKRD29,TRACKS_INFLAMMATION,EFO_1001249,0.49350511743914843,1.7510666878792804e-10,3,rises
ENSG00000093009,CDC45,TRACKS_INFLAMMATION,EFO_1001249,0.49340369472019135,9.03736137880297e-09,3,rises
ENSG00000160691,SHC1,TRACKS_INFLAMMATION,EFO_1001249,0.4932405305878816,1.2439273258729493e-08,3,rises
ENSG00000198901,PRC1,TRACKS_INFLAMMATION,EFO_1001249,0.492783090932288,1.509863162951235e-09,3,rises
ENSG00000125746,EML2,TRACKS_INFLAMMATION,EFO_1001249,0.492783090932288,6.555816818843767e-09,3,rises
ENSG00000132688,NES,TRACKS_INFLAMMATION,EFO_1001249,0.492783090932288,9.215757056252945e-09,3,rises
ENSG00000136048,DRAM1,TRACKS_INFLAMMATION,EFO_1001249,0.4923319112173782,8.927325579095774e-08,3,rises
ENSG00000167325,RRM1,TRACKS_INFLAMMATION,EFO_1001249,0.49226201741964704,6.780356409721916e-09,3,rises
ENSG00000010932,FMO1,TRACKS_INFLAMMATION,EFO_1001249,0.49206263301501785,5.801104853227215e-11,3,rises
ENSG00000170854,RIOX2,TRACKS_INFLAMMATION,EFO_1001249,0.49206106442542746,1.713580314945727e-09,3,rises
ENSG00000149742,SLC22A9,TRACKS_INFLAMMATION,EFO_1001249,0.49206106442542746,8.866494514166664e-09,3,rises
ENSG00000135052,GOLM1,TRACKS_INFLAMMATION,EFO_1001249,0.49061701141170644,5.966320903397519e-10,3,rises
ENSG00000033627,ATP6V0A1,TRACKS_INFLAMMATION,EFO_1001249,0.48989498490484595,2.8248195751665847e-07,3,rises
ENSG00000108602,ALDH3A1,TRACKS_INFLAMMATION,EFO_1001249,0.48988562829679205,5.525611730992063e-13,3,rises
ENSG00000166913,YWHAB,TRACKS_INFLAMMATION,EFO_1001249,0.48960605310586786,2.2487737411818485e-10,3,rises
ENSG00000198722,UNC13B,TRACKS_INFLAMMATION,EFO_1001249,0.4894662655104059,7.148668732889504e-11,3,rises
ENSG00000087365,SF3B2,TRACKS_INFLAMMATION,EFO_1001249,0.48917295839798547,2.120256825298357e-08,3,rises
ENSG00000116954,RRAGC,TRACKS_INFLAMMATION,EFO_1001249,0.48845093189112493,2.3786292137916404e-12,3,rises
ENSG00000166002,SMCO4,TRACKS_INFLAMMATION,EFO_1001249,0.48822870666967105,1.7531996193664667e-06,3,rises
ENSG00000183431,SF3A3,TRACKS_INFLAMMATION,EFO_1001249,0.48772890538426433,2.1785623096039083e-10,3,rises
ENSG00000065911,MTHFD2,TRACKS_INFLAMMATION,EFO_1001249,0.48757913297166816,5.109540741429645e-10,3,rises
ENSG00000164543,STK17A,TRACKS_INFLAMMATION,EFO_1001249,0.48700687887740396,1.9317561106340335e-10,3,rises
ENSG00000096384,HSP90AB1,TRACKS_INFLAMMATION,EFO_1001249,0.4870068788774039,1.2663382033236645e-09,3,rises
ENSG00000162772,ATF3,TRACKS_INFLAMMATION,EFO_1001249,0.48628485237054353,2.1379628536867447e-12,3,rises
ENSG00000178105,DDX10,TRACKS_INFLAMMATION,EFO_1001249,0.48628485237054336,6.475882401496261e-09,3,rises
ENSG00000142871,CCN1,TRACKS_INFLAMMATION,EFO_1001249,0.4856920004329303,1.2078730345340707e-09,3,rises
ENSG00000113643,RARS1,TRACKS_INFLAMMATION,EFO_1001249,0.485562825863683,2.0438116144459515e-08,3,rises
ENSG00000140694,PARN,TRACKS_INFLAMMATION,EFO_1001249,0.4854823190397371,2.4118535452046425e-11,3,rises
ENSG00000109805,NCAPG,TRACKS_INFLAMMATION,EFO_1001249,0.4848562557506812,1.0585946535580686e-07,3,rises
ENSG00000102760,RGCC,TRACKS_INFLAMMATION,EFO_1001249,0.48484079935682256,9.137124640849076e-10,3,rises
ENSG00000116661,FBXO2,TRACKS_INFLAMMATION,EFO_1001249,0.48472045900851857,1.2155509744447088e-09,3,rises
ENSG00000159674,SPON2,TRACKS_INFLAMMATION,EFO_1001249,0.48450380587150266,1.967195936790939e-09,3,rises
ENSG00000067248,DHX29,TRACKS_INFLAMMATION,EFO_1001249,0.48411877284996196,1.2192351415085892e-08,3,rises
ENSG00000177697,CD151,TRACKS_INFLAMMATION,EFO_1001249,0.4841187728499619,2.058321759370768e-10,3,rises
ENSG00000147257,GPC3,TRACKS_INFLAMMATION,EFO_1001249,0.48375930171689213,3.1816416000483595e-08,3,rises
ENSG00000166986,MARS1,TRACKS_INFLAMMATION,EFO_1001249,0.4837349740964614,6.9117144071205445e-09,3,rises
ENSG00000069849,ATP1B3,TRACKS_INFLAMMATION,EFO_1001249,0.4829661423214201,1.538582393876221e-10,3,rises
ENSG00000129083,COPB1,TRACKS_INFLAMMATION,EFO_1001249,0.4826747198362411,2.2161433672412755e-10,3,rises
ENSG00000065054,NHERF2,TRACKS_INFLAMMATION,EFO_1001249,-0.48267471983624094,3.524182374247957e-07,3,falls
ENSG00000165704,HPRT1,TRACKS_INFLAMMATION,EFO_1001249,-0.4826166733327649,4.237842661388964e-07,3,falls
ENSG00000176986,SEC24C,TRACKS_INFLAMMATION,EFO_1001249,0.4819526933293805,4.660852664284118e-12,3,rises
ENSG00000162073,PAQR4,TRACKS_INFLAMMATION,EFO_1001249,0.4814983725690685,2.033849664933095e-12,3,rises
ENSG00000143801,PSEN2,TRACKS_INFLAMMATION,EFO_1001249,0.48123066682252014,3.874322178267172e-11,3,rises
ENSG00000198492,YTHDF2,TRACKS_INFLAMMATION,EFO_1001249,0.48123066682251997,2.8001061923182443e-09,3,rises
ENSG00000111412,SPRING1,TRACKS_INFLAMMATION,EFO_1001249,0.48086932838948915,1.2472809068360875e-09,3,rises
ENSG00000100014,SPECC1L,TRACKS_INFLAMMATION,EFO_1001249,0.48050864031565954,4.742146446910417e-08,3,rises
ENSG00000143493,INTS7,TRACKS_INFLAMMATION,EFO_1001249,0.4790645873019386,6.050994455309056e-08,3,rises
ENSG00000102054,RBBP7,TRACKS_INFLAMMATION,EFO_1001249,0.47906458730193846,4.871812374009296e-10,3,rises
ENSG00000100196,KDELR3,TRACKS_INFLAMMATION,EFO_1001249,0.4788424082552893,3.854774222034333e-12,3,rises
ENSG00000173715,TOP6BL,TRACKS_INFLAMMATION,EFO_1001249,0.4783531516711721,6.494153324392294e-08,3,rises
ENSG00000134531,EMP1,TRACKS_INFLAMMATION,EFO_1001249,0.47834256079507803,7.196987021181949e-11,3,rises
ENSG00000073111,MCM2,TRACKS_INFLAMMATION,EFO_1001249,0.47828325787344095,2.953960761209627e-11,3,rises
ENSG00000168237,GLYCTK,TRACKS_INFLAMMATION,EFO_1001249,-0.47814347027797893,7.389847443460015e-10,3,falls
ENSG00000135387,CAPRIN1,TRACKS_INFLAMMATION,EFO_1001249,0.47765421369386174,8.173791737599224e-13,3,rises
ENSG00000137752,CASP1,TRACKS_INFLAMMATION,EFO_1001249,0.4776542136938617,4.305978419638121e-08,3,rises
ENSG00000162409,PRKAA2,TRACKS_INFLAMMATION,EFO_1001249,0.4776205342882176,1.2043055861504426e-09,3,rises
ENSG00000105643,ARRDC2,TRACKS_INFLAMMATION,EFO_1001249,0.47762053428821755,3.1354214406434915e-10,3,rises
ENSG00000138755,CXCL9,TRACKS_INFLAMMATION,EFO_1001249,0.47762053428821755,5.160959912952344e-10,3,rises
ENSG00000139445,FOXN4,TRACKS_INFLAMMATION,EFO_1001249,0.4770288137796951,9.90921048000203e-10,3,rises
ENSG00000122870,BICC1,TRACKS_INFLAMMATION,EFO_1001249,0.47702516951428253,4.382020936670487e-09,3,rises
ENSG00000112559,MDFI,TRACKS_INFLAMMATION,EFO_1001249,0.4769299538531597,1.3312479221874913e-08,3,rises
ENSG00000111057,KRT18,TRACKS_INFLAMMATION,EFO_1001249,0.47689850778135706,2.0788109377051113e-13,3,rises
ENSG00000160293,VAV2,TRACKS_INFLAMMATION,EFO_1001249,0.47689850778135706,3.239663046341557e-09,3,rises
ENSG00000170323,FABP4,TRACKS_INFLAMMATION,EFO_1001249,0.47643750083758196,4.616626468914947e-15,3,rises
ENSG00000180801,ARSJ,TRACKS_INFLAMMATION,EFO_1001249,0.47618644394151016,2.8597450161751515e-08,3,rises
ENSG00000118849,RARRES1,TRACKS_INFLAMMATION,EFO_1001249,0.4761764812744966,2.197109152872213e-09,3,rises
ENSG00000138279,ANXA7,TRACKS_INFLAMMATION,EFO_1001249,0.4761764812744966,5.4009583272023944e-08,3,rises
ENSG00000173848,NET1,TRACKS_INFLAMMATION,EFO_1001249,-0.4761764812744966,5.577997544088213e-07,3,falls
ENSG00000165280,VCP,TRACKS_INFLAMMATION,EFO_1001249,0.47583697495285493,4.722024782566003e-12,3,rises
ENSG00000156535,CD109,TRACKS_INFLAMMATION,EFO_1001249,0.4752778245710067,4.531829029486009e-09,3,rises
ENSG00000122359,ANXA11,TRACKS_INFLAMMATION,EFO_1001249,0.47492835558235164,2.0740672839900235e-09,3,rises
ENSG00000065135,GNAI3,TRACKS_INFLAMMATION,EFO_1001249,0.4747324282607755,5.0203629751058716e-08,3,rises
ENSG00000237649,KIFC1,TRACKS_INFLAMMATION,EFO_1001249,0.47449057211649287,3.411162952019884e-09,3,rises
ENSG00000064012,CASP8,TRACKS_INFLAMMATION,EFO_1001249,0.4739498424141171,1.926806316703849e-08,3,rises
ENSG00000171812,COL8A2,TRACKS_INFLAMMATION,EFO_1001249,0.4735460775815084,5.201625262156712e-10,3,rises
ENSG00000198189,HSD17B11,TRACKS_INFLAMMATION,EFO_1001249,-0.47328837524705464,1.117069005872691e-10,3,falls
ENSG00000164924,YWHAZ,TRACKS_INFLAMMATION,EFO_1001249,0.4731810106390759,1.1519994335407687e-10,3,rises
ENSG00000159388,BTG2,TRACKS_INFLAMMATION,EFO_1001249,0.47262186025722747,3.571095259177306e-17,3,rises
ENSG00000115129,TP53I3,TRACKS_INFLAMMATION,EFO_1001249,0.4725663487401941,6.790408059088432e-16,3,rises
ENSG00000005884,ITGA3,TRACKS_INFLAMMATION,EFO_1001249,0.4725663487401941,3.041974571956581e-08,3,rises
ENSG00000164484,TMEM200A,TRACKS_INFLAMMATION,EFO_1001249,0.4716699166055861,7.059233308315956e-09,3,rises
ENSG00000112186,CAP2,TRACKS_INFLAMMATION,EFO_1001249,0.47150355949353107,6.201274908940297e-10,3,rises
ENSG00000101003,GINS1,TRACKS_INFLAMMATION,EFO_1001249,0.4711222957264731,1.0347573163172438e-09,3,rises
ENSG00000139835,GRTP1,TRACKS_INFLAMMATION,EFO_1001249,-0.4710143029094139,2.887615055958133e-14,3,falls
ENSG00000163754,GYG1,TRACKS_INFLAMMATION,EFO_1001249,0.4708745153139518,1.284690769180798e-13,3,rises
ENSG00000117676,RPS6KA1,TRACKS_INFLAMMATION,EFO_1001249,0.4708046215162208,3.5688750590530814e-09,3,rises
ENSG00000241935,HOGA1,TRACKS_INFLAMMATION,EFO_1001249,-0.47040026921961253,3.3324905360419123e-10,3,falls
ENSG00000130821,SLC6A8,TRACKS_INFLAMMATION,EFO_1001249,0.47040026921961253,2.219110079880834e-07,3,rises
ENSG00000122877,EGR2,TRACKS_INFLAMMATION,EFO_1001249,0.4687573919921943,4.921214273811019e-11,3,rises
ENSG00000166183,ASPG,TRACKS_INFLAMMATION,EFO_1001249,-0.46870780758428976,7.737102240097148e-11,3,falls
ENSG00000089327,FXYD5,TRACKS_INFLAMMATION,EFO_1001249,0.4684165694629141,2.644850445975238e-08,3,rises
ENSG00000105607,GCDH,TRACKS_INFLAMMATION,EFO_1001249,-0.4682341896990311,6.7992185941864985e-12,3,falls
ENSG00000179630,LACC1,TRACKS_INFLAMMATION,EFO_1001249,0.467324791145128,4.898307358007586e-14,3,rises
ENSG00000090382,LYZ,TRACKS_INFLAMMATION,EFO_1001249,0.4671701440342071,3.3504598330015124e-09,3,rises
ENSG00000163909,HEYL,TRACKS_INFLAMMATION,EFO_1001249,0.4670303564387451,1.3195471069558855e-08,3,rises
ENSG00000007168,PAFAH1B1,TRACKS_INFLAMMATION,EFO_1001249,0.4667901366853101,1.7868932781235747e-07,3,rises
ENSG00000182752,PAPPA,TRACKS_INFLAMMATION,EFO_1001249,0.46662504119937503,1.526016369799556e-06,3,rises
ENSG00000106397,PLOD3,TRACKS_INFLAMMATION,EFO_1001249,0.4664712060568969,6.478034656329236e-10,3,rises
ENSG00000120694,HSPH1,TRACKS_INFLAMMATION,EFO_1001249,0.4653460836715891,6.444694888737749e-10,3,rises
ENSG00000123561,SERPINA7,TRACKS_INFLAMMATION,EFO_1001249,0.465346083671589,7.714740780142102e-07,3,rises
ENSG00000005102,MEOX1,TRACKS_INFLAMMATION,EFO_1001249,0.46520548985336824,9.449781553393375e-09,3,rises
ENSG00000122861,PLAU,TRACKS_INFLAMMATION,EFO_1001249,0.46444428592269704,4.386417256719862e-09,3,rises
ENSG00000102359,SRPX2,TRACKS_INFLAMMATION,EFO_1001249,0.46416471073177284,5.133569256832182e-09,3,rises
ENSG00000030110,BAK1,TRACKS_INFLAMMATION,EFO_1001249,0.46390203065786817,1.4368581548344346e-08,3,rises
ENSG00000186792,HYAL3,TRACKS_INFLAMMATION,EFO_1001249,0.4639020306578681,5.38563479757707e-09,3,rises
ENSG00000175224,ATG13,TRACKS_INFLAMMATION,EFO_1001249,0.463902030657868,5.888461734537434e-10,3,rises
ENSG00000065328,MCM10,TRACKS_INFLAMMATION,EFO_1001249,0.46374766503779735,8.905775052461125e-08,3,rises
ENSG00000204209,DAXX,TRACKS_INFLAMMATION,EFO_1001249,0.46318000415100763,5.559205628072308e-09,3,rises
ENSG00000176435,CLEC14A,TRACKS_INFLAMMATION,EFO_1001249,0.46318000415100763,5.987385615799166e-08,3,rises
ENSG00000165271,NOL6,TRACKS_INFLAMMATION,EFO_1001249,0.4629765161703453,3.818899136667959e-08,3,rises
ENSG00000101608,MYL12A,TRACKS_INFLAMMATION,EFO_1001249,0.46245797764414714,1.197667342664013e-11,3,rises
ENSG00000198431,TXNRD1,TRACKS_INFLAMMATION,EFO_1001249,0.46227757819303505,1.9624085473078146e-11,3,rises
ENSG00000127948,POR,TRACKS_INFLAMMATION,EFO_1001249,0.4617359511372867,4.203793968579255e-07,3,rises
ENSG00000044524,EPHA3,TRACKS_INFLAMMATION,EFO_1001249,0.4615019734502691,1.2556686899425803e-10,3,rises
ENSG00000119711,ALDH6A1,TRACKS_INFLAMMATION,EFO_1001249,-0.4614437452733207,1.1805182844564648e-08,3,falls
ENSG00000129103,SUMF2,TRACKS_INFLAMMATION,EFO_1001249,0.4610139246304262,8.933191361990633e-15,3,rises
ENSG00000177459,ERICH5,TRACKS_INFLAMMATION,EFO_1001249,0.4610139246304261,1.2502378405681455e-10,3,rises
ENSG00000164406,LEAP2,TRACKS_INFLAMMATION,EFO_1001249,0.4597551281418116,1.6034389364517748e-13,3,rises
ENSG00000112320,SOBP,TRACKS_INFLAMMATION,EFO_1001249,0.45956987161670515,1.3684307843113977e-07,3,rises
ENSG00000165244,ZNF367,TRACKS_INFLAMMATION,EFO_1001249,0.45956987161670515,2.5573847655534055e-07,3,rises
ENSG00000135480,KRT7,TRACKS_INFLAMMATION,EFO_1001249,0.45956987161670515,1.175326379833479e-06,3,rises
ENSG00000140450,ARRDC4,TRACKS_INFLAMMATION,EFO_1001249,0.45949310134554294,2.8683291969512018e-11,3,rises
ENSG00000116237,ICMT,TRACKS_INFLAMMATION,EFO_1001249,0.4589925696996765,1.603073563068986e-08,3,rises
ENSG00000103642,LACTB,TRACKS_INFLAMMATION,EFO_1001249,0.45884784510984467,3.1860588058301804e-10,3,rises
ENSG00000167553,TUBA1C,TRACKS_INFLAMMATION,EFO_1001249,0.45884784510984467,2.7845545992155773e-09,3,rises
ENSG00000171621,SPSB1,TRACKS_INFLAMMATION,EFO_1001249,0.4581538441269043,5.869324642985136e-10,3,rises
ENSG00000129493,HEATR5A,TRACKS_INFLAMMATION,EFO_1001249,0.4581258186029842,1.0817517792225561e-08,3,rises
ENSG00000160791,CCR5,TRACKS_INFLAMMATION,EFO_1001249,0.4580839503291733,2.1352281391277925e-09,3,rises
ENSG00000119508,NR4A3,TRACKS_INFLAMMATION,EFO_1001249,0.4577341560327305,5.436053703789381e-08,3,rises
ENSG00000099840,IZUMO4,TRACKS_INFLAMMATION,EFO_1001249,-0.45740379209612364,6.312200049210391e-09,3,falls
ENSG00000070540,WIPI1,TRACKS_INFLAMMATION,EFO_1001249,0.45740379209612364,5.354987518672095e-07,3,rises
ENSG00000174173,TRMT10C,TRACKS_INFLAMMATION,EFO_1001249,0.4568437192943823,2.7124145555530915e-10,3,rises
ENSG00000103042,SLC38A7,TRACKS_INFLAMMATION,EFO_1001249,0.4566817655892632,8.323013923115597e-10,3,rises
ENSG00000026103,FAS,TRACKS_INFLAMMATION,EFO_1001249,0.4566817655892632,1.9091806270210813e-08,3,rises
ENSG00000111530,CAND1,TRACKS_INFLAMMATION,EFO_1001249,0.4566817655892632,1.892476001138875e-07,3,rises
ENSG00000143387,CTSK,TRACKS_INFLAMMATION,EFO_1001249,0.45668176558926316,3.550678180581941e-12,3,rises
ENSG00000119888,EPCAM,TRACKS_INFLAMMATION,EFO_1001249,0.4566161805768215,9.915302439369869e-07,3,rises
ENSG00000213886,UBD,TRACKS_INFLAMMATION,EFO_1001249,0.4563787163198335,3.571095259177306e-17,3,rises
ENSG00000076716,GPC4,TRACKS_INFLAMMATION,EFO_1001249,0.45598485368439046,1.0233935543481952e-13,3,rises
ENSG00000123352,SPATS2,TRACKS_INFLAMMATION,EFO_1001249,0.45595973908240267,1.9873868416672494e-07,3,rises
ENSG00000041515,MYO16,TRACKS_INFLAMMATION,EFO_1001249,-0.4558975114189677,6.205887265386425e-08,3,falls
ENSG00000146232,NFKBIE,TRACKS_INFLAMMATION,EFO_1001249,0.45535809221766294,2.35550546360308e-09,3,rises
ENSG00000091986,CCDC80,TRACKS_INFLAMMATION,EFO_1001249,0.4552377125755422,9.24201769910235e-09,3,rises
ENSG00000184661,CDCA2,TRACKS_INFLAMMATION,EFO_1001249,0.4540917573203805,4.773730279056644e-07,3,rises
ENSG00000139344,AMDHD1,TRACKS_INFLAMMATION,EFO_1001249,-0.45404876680084993,3.684405045931319e-12,3,falls
ENSG00000175643,RMI2,TRACKS_INFLAMMATION,EFO_1001249,0.4537994460486884,3.7617292571008116e-08,3,rises
ENSG00000188522,SACK1G,TRACKS_INFLAMMATION,EFO_1001249,0.4537936595618212,5.379605112452614e-10,3,rises
ENSG00000108829,LRRC59,TRACKS_INFLAMMATION,EFO_1001249,0.4537936595618211,3.968694976948056e-12,3,rises
ENSG00000142731,PLK4,TRACKS_INFLAMMATION,EFO_1001249,0.453600620341708,7.38708848151705e-07,3,rises
ENSG00000164070,HSPA4L,TRACKS_INFLAMMATION,EFO_1001249,0.45307163305496073,3.2818456060032146e-08,3,rises
ENSG00000065833,ME1,TRACKS_INFLAMMATION,EFO_1001249,0.4530716330549606,3.9402542871470504e-10,3,rises
ENSG00000075151,EIF4G3,TRACKS_INFLAMMATION,EFO_1001249,0.4529118092970769,1.6445423438036966e-08,3,rises
ENSG00000167642,SPINT2,TRACKS_INFLAMMATION,EFO_1001249,0.4523496065481003,5.828017625085939e-08,3,rises
ENSG00000112305,SMAP1,TRACKS_INFLAMMATION,EFO_1001249,0.45234960654810014,1.784322439845883e-07,3,rises
ENSG00000012963,UBR7,TRACKS_INFLAMMATION,EFO_1001249,0.45234960654810014,2.2050664258281534e-07,3,rises
ENSG00000137807,KIF23,TRACKS_INFLAMMATION,EFO_1001249,0.4519773526040032,1.0899118332694838e-08,3,rises
ENSG00000100983,GSS,TRACKS_INFLAMMATION,EFO_1001249,0.45162758004123976,6.297918728653632e-11,3,rises
ENSG00000005471,ABCB4,TRACKS_INFLAMMATION,EFO_1001249,0.45162758004123965,1.3066526235117213e-08,3,rises
ENSG00000140497,SCAMP2,TRACKS_INFLAMMATION,EFO_1001249,0.4515139333424564,7.537961311422167e-07,3,rises
ENSG00000176928,GCNT4,TRACKS_INFLAMMATION,EFO_1001249,0.45090699092865544,2.5352560622903e-07,3,rises
ENSG00000101557,USP14,TRACKS_INFLAMMATION,EFO_1001249,0.4509055535343793,4.6080093633429025e-08,3,rises
ENSG00000107651,SEC23IP,TRACKS_INFLAMMATION,EFO_1001249,0.4509055535343793,7.919698808460816e-07,3,rises
ENSG00000162522,NHSL3,TRACKS_INFLAMMATION,EFO_1001249,0.45074510156741504,7.104794043110934e-09,3,rises
ENSG00000169439,SDC2,TRACKS_INFLAMMATION,EFO_1001249,-0.45032573878102883,8.601563769595372e-09,3,falls
ENSG00000183049,CAMK1D,TRACKS_INFLAMMATION,EFO_1001249,0.45018352702751885,2.6618047860578763e-08,3,rises
ENSG00000106105,GARS1,TRACKS_INFLAMMATION,EFO_1001249,0.45018352702751874,5.2342855420722646e-08,3,rises
ENSG00000167900,TK1,TRACKS_INFLAMMATION,EFO_1001249,0.4501835270275187,1.3855392689806551e-08,3,rises
ENSG00000164088,PPM1M,TRACKS_INFLAMMATION,EFO_1001249,0.4496966946014496,1.204322531007868e-07,3,rises
ENSG00000111247,RAD51AP1,TRACKS_INFLAMMATION,EFO_1001249,0.4494615005206583,4.3245618391349655e-10,3,rises
ENSG00000106384,MOGAT3,TRACKS_INFLAMMATION,EFO_1001249,0.44946150052065825,1.0424464291068834e-09,3,rises
ENSG00000038002,AGA,TRACKS_INFLAMMATION,EFO_1001249,0.44946150052065825,1.437745362631966e-07,3,rises
ENSG00000160200,CBS,TRACKS_INFLAMMATION,EFO_1001249,-0.4488373449639514,4.5201289630230644e-11,3,falls
ENSG00000180425,C11orf71,TRACKS_INFLAMMATION,EFO_1001249,-0.44794934965817385,1.4410173179379893e-08,3,falls
ENSG00000122644,ARL4A,TRACKS_INFLAMMATION,EFO_1001249,0.4478911370885369,6.0855069326315024e-09,3,rises
ENSG00000112655,PTK7,TRACKS_INFLAMMATION,EFO_1001249,0.44732030547859464,1.1110562027003662e-08,3,rises
ENSG00000203805,PLPP4,TRACKS_INFLAMMATION,EFO_1001249,0.4473011246255567,8.845532272874083e-11,3,rises
ENSG00000171747,LGALS4,TRACKS_INFLAMMATION,EFO_1001249,0.44729542100007674,7.17003768842988e-10,3,rises
ENSG00000138190,EXOC6,TRACKS_INFLAMMATION,EFO_1001249,0.44729542100007674,4.3417426748900926e-08,3,rises
ENSG00000184730,APOBR,TRACKS_INFLAMMATION,EFO_1001249,0.4472954210000767,2.6871078017598687e-07,3,rises
ENSG00000125753,VASP,TRACKS_INFLAMMATION,EFO_1001249,0.4469009426922084,7.196022753887036e-08,3,rises
ENSG00000165124,SVEP1,TRACKS_INFLAMMATION,EFO_1001249,0.4464815799058221,6.314313385731484e-12,3,rises
ENSG00000170476,MZB1,TRACKS_INFLAMMATION,EFO_1001249,0.445922429523974,2.267603234480508e-06,3,rises
ENSG00000140598,EFL1,TRACKS_INFLAMMATION,EFO_1001249,0.4458513679863558,5.174425250900611e-07,3,rises
ENSG00000206503,HLA-A,TRACKS_INFLAMMATION,EFO_1001249,0.4457127481307808,1.7707896394782888e-07,3,rises
ENSG00000168710,AHCYL1,TRACKS_INFLAMMATION,EFO_1001249,0.4455030667375877,2.1156153148126831e-10,3,rises
ENSG00000120942,UBIAD1,TRACKS_INFLAMMATION,EFO_1001249,0.44512934147949534,5.107173944237455e-07,3,rises
ENSG00000142657,PGD,TRACKS_INFLAMMATION,EFO_1001249,0.4451293414794953,5.219788339859728e-09,3,rises
ENSG00000119812,TSLIG3A,TRACKS_INFLAMMATION,EFO_1001249,0.4451293414794953,3.086196422533869e-08,3,rises
ENSG00000188229,TUBB4B,TRACKS_INFLAMMATION,EFO_1001249,0.4451293414794952,2.4412920420424684e-08,3,rises
ENSG00000122694,GLIPR2,TRACKS_INFLAMMATION,EFO_1001249,0.4446594732678902,4.164323235570487e-08,3,rises
ENSG00000184517,ZFP1,TRACKS_INFLAMMATION,EFO_1001249,-0.4444556746485701,3.6780439429715456e-10,3,falls
ENSG00000197859,ADAMTSL2,TRACKS_INFLAMMATION,EFO_1001249,0.44398984923298146,1.3637693346760613e-16,3,rises
ENSG00000163069,SGCB,TRACKS_INFLAMMATION,EFO_1001249,0.4436852884657742,2.022148274268701e-11,3,rises
ENSG00000113119,TMCO6,TRACKS_INFLAMMATION,EFO_1001249,-0.4436852884657742,1.0984697658026619e-10,3,falls
ENSG00000162704,ARPC5,TRACKS_INFLAMMATION,EFO_1001249,0.44321832588841265,1.3133414457163978e-13,3,rises
ENSG00000110756,HPS5,TRACKS_INFLAMMATION,EFO_1001249,0.4429169962215396,2.739349215784273e-09,3,rises
ENSG00000136859,ANGPTL2,TRACKS_INFLAMMATION,EFO_1001249,0.4428398427382469,2.6224689176672113e-13,3,rises
ENSG00000074800,ENO1,TRACKS_INFLAMMATION,EFO_1001249,0.44224123545205324,3.126355912067691e-09,3,rises
ENSG00000153560,UBP1,TRACKS_INFLAMMATION,EFO_1001249,0.44224123545205324,3.270175746715568e-08,3,rises
ENSG00000142227,EMP3,TRACKS_INFLAMMATION,EFO_1001249,0.4422412354520532,7.202667109165447e-09,3,rises
ENSG00000066279,ASPM,TRACKS_INFLAMMATION,EFO_1001249,0.4415192089451928,2.838092840145292e-07,3,rises
ENSG00000109099,PMP22,TRACKS_INFLAMMATION,EFO_1001249,0.44151920894519275,2.011503098643676e-06,3,rises
ENSG00000165152,PGAP4,TRACKS_INFLAMMATION,EFO_1001249,0.44077274245657205,4.0702755588166737e-07,3,rises
ENSG00000149925,ALDOA,TRACKS_INFLAMMATION,EFO_1001249,0.4407502884918776,4.5166858133277725e-13,3,rises
ENSG00000126603,GLIS2,TRACKS_INFLAMMATION,EFO_1001249,0.44061050089641557,1.4340893296350492e-12,3,rises
ENSG00000169715,MT1E,TRACKS_INFLAMMATION,EFO_1001249,-0.44033092570549154,2.9191697217085264e-08,3,falls
ENSG00000166592,RRAD,TRACKS_INFLAMMATION,EFO_1001249,0.44026103190776045,1.6998465739618154e-09,3,rises
ENSG00000179222,MAGED1,TRACKS_INFLAMMATION,EFO_1001249,0.4401911381100294,7.529160539415545e-07,3,rises
ENSG00000165972,CCDC38,TRACKS_INFLAMMATION,EFO_1001249,-0.4401031184216633,3.6721845772932638e-09,3,falls
ENSG00000166106,ADAMTS15,TRACKS_INFLAMMATION,EFO_1001249,0.43960207355521236,3.948505083974942e-07,3,rises
ENSG00000147570,DNAJC5B,TRACKS_INFLAMMATION,EFO_1001249,0.4393623677683974,4.090571269702663e-06,3,rises
ENSG00000136021,SCYL2,TRACKS_INFLAMMATION,EFO_1001249,0.43935312942461135,1.6604233315968645e-07,3,rises
ENSG00000114030,KPNA1,TRACKS_INFLAMMATION,EFO_1001249,0.43865347455994685,2.107821235370588e-08,3,rises
ENSG00000097046,CDC7,TRACKS_INFLAMMATION,EFO_1001249,0.4386311029177508,4.09893050990563e-08,3,rises
ENSG00000156697,UTP14A,TRACKS_INFLAMMATION,EFO_1001249,0.4386311029177508,2.0259290948183196e-06,3,rises
ENSG00000126787,DLGAP5,TRACKS_INFLAMMATION,EFO_1001249,0.4380766874925302,3.4378220633128703e-06,3,rises
ENSG00000101057,MYBL2,TRACKS_INFLAMMATION,EFO_1001249,0.4379579431018586,9.219800116585187e-07,3,rises
ENSG00000010704,HFE,TRACKS_INFLAMMATION,EFO_1001249,0.4379090764108904,5.600718542843088e-09,3,rises
ENSG00000134057,CCNB1,TRACKS_INFLAMMATION,EFO_1001249,0.43718704990402985,1.4698051235880728e-09,3,rises
ENSG00000172115,CYCS,TRACKS_INFLAMMATION,EFO_1001249,0.43698791095491385,2.638001419968987e-12,3,rises
ENSG00000121858,TNFSF10,TRACKS_INFLAMMATION,EFO_1001249,-0.43683623581894004,3.948759359627277e-07,3,falls
ENSG00000148680,HTR7,TRACKS_INFLAMMATION,EFO_1001249,0.43682778346830514,5.942934316136978e-08,3,rises
ENSG00000198855,FICD,TRACKS_INFLAMMATION,EFO_1001249,0.4364650233971693,1.8124639928534062e-07,3,rises
ENSG00000112242,E2F3,TRACKS_INFLAMMATION,EFO_1001249,0.43606740404389865,4.620857556230194e-10,3,rises
ENSG00000165732,DDX21,TRACKS_INFLAMMATION,EFO_1001249,0.43599751024616756,1.5097000653991265e-07,3,rises
ENSG00000011426,ANLN,TRACKS_INFLAMMATION,EFO_1001249,0.4357954335506023,3.723346037874462e-08,3,rises
ENSG00000135596,MICAL1,TRACKS_INFLAMMATION,EFO_1001249,0.4357429968903089,4.606899443477837e-08,3,rises
ENSG00000080608,PUM3,TRACKS_INFLAMMATION,EFO_1001249,0.4357429968903088,1.2276727250809773e-07,3,rises
ENSG00000261701,HPR,TRACKS_INFLAMMATION,EFO_1001249,-0.43574299689030876,8.243907464788984e-09,3,falls
ENSG00000196116,TDRD7,TRACKS_INFLAMMATION,EFO_1001249,0.4350189970779333,3.836406496072906e-13,3,rises
ENSG00000104361,NIPAL2,TRACKS_INFLAMMATION,EFO_1001249,0.43466952808927817,4.335628997520364e-08,3,rises
ENSG00000214357,NEURL1B,TRACKS_INFLAMMATION,EFO_1001249,0.4345996342915469,2.259736299378062e-13,3,rises
ENSG00000137124,ALDH1B1,TRACKS_INFLAMMATION,EFO_1001249,0.4343200591006229,2.7369074543235348e-08,3,rises
ENSG00000007384,RHBDF1,TRACKS_INFLAMMATION,EFO_1001249,0.43425016530289184,3.8621670864613346e-11,3,rises
ENSG00000136040,PLXNC1,TRACKS_INFLAMMATION,EFO_1001249,0.4341802715051608,3.543143438373356e-11,3,rises
ENSG00000169679,BUB1,TRACKS_INFLAMMATION,EFO_1001249,0.4340469363850165,1.7119618683752897e-10,3,rises
ENSG00000092964,DPYSL2,TRACKS_INFLAMMATION,EFO_1001249,0.4338308025165057,1.7547513361716735e-12,3,rises
ENSG00000175336,APOF,TRACKS_INFLAMMATION,EFO_1001249,-0.4335769173697273,4.356709798643203e-13,3,falls
ENSG00000173638,SLC19A1,TRACKS_INFLAMMATION,EFO_1001249,0.4335769173697273,1.5410616023824974e-06,3,rises
ENSG00000137106,GRHPR,TRACKS_INFLAMMATION,EFO_1001249,-0.4329221831460022,6.989429989593445e-07,3,falls
ENSG00000151224,MAT1A,TRACKS_INFLAMMATION,EFO_1001249,-0.43285489086286694,7.57212102953358e-09,3,falls
ENSG00000181191,PJA1,TRACKS_INFLAMMATION,EFO_1001249,0.4328548908628668,7.527051517878095e-09,3,rises
ENSG00000099284,MACROH2A2,TRACKS_INFLAMMATION,EFO_1001249,0.4328548908628667,2.215119906381165e-12,3,rises
ENSG00000163875,MEAF6,TRACKS_INFLAMMATION,EFO_1001249,0.4321328643560063,1.8397457736537402e-12,3,rises
ENSG00000123975,CKS2,TRACKS_INFLAMMATION,EFO_1001249,0.4319220595603866,6.102181306722147e-12,3,rises
ENSG00000140092,FBLN5,TRACKS_INFLAMMATION,EFO_1001249,0.43187377618003686,2.1931029478980768e-13,3,rises
ENSG00000166073,GPR176,TRACKS_INFLAMMATION,EFO_1001249,0.43166409478684376,5.373409912354573e-09,3,rises
ENSG00000170312,CDK1,TRACKS_INFLAMMATION,EFO_1001249,0.43141083784914586,1.5211927647295864e-09,3,rises
ENSG00000113721,PDGFRB,TRACKS_INFLAMMATION,EFO_1001249,0.43141083784914586,5.3421993033909304e-08,3,rises
ENSG00000117479,SLC19A2,TRACKS_INFLAMMATION,EFO_1001249,-0.43128154961395226,9.859108781810352e-13,3,falls
ENSG00000240583,AQP1,TRACKS_INFLAMMATION,EFO_1001249,0.4306888113422853,1.8124639928534062e-07,3,rises
ENSG00000077150,NFKB2,TRACKS_INFLAMMATION,EFO_1001249,0.43068558161860926,3.734745170892634e-08,3,rises
ENSG00000050555,LAMC3,TRACKS_INFLAMMATION,EFO_1001249,0.4301963250344921,1.4011795852216984e-15,3,rises
ENSG00000038427,VCAN,TRACKS_INFLAMMATION,EFO_1001249,0.4301264312367611,2.9544115511322655e-12,3,rises
ENSG00000174348,PODN,TRACKS_INFLAMMATION,EFO_1001249,0.4298468560458369,5.355945836954893e-13,3,rises
ENSG00000141378,PTRH2,TRACKS_INFLAMMATION,EFO_1001249,0.42933090568617444,1.8739035388942066e-08,3,rises
ENSG00000143951,WDPCP,TRACKS_INFLAMMATION,EFO_1001249,0.42924475832856446,1.2141657256221505e-09,3,rises
ENSG00000033011,ALG1,TRACKS_INFLAMMATION,EFO_1001249,0.42924475832856435,2.1784619416969182e-07,3,rises
ENSG00000117475,BLZF1,TRACKS_INFLAMMATION,EFO_1001249,0.42852273182170386,2.0675533922826922e-07,3,rises
ENSG00000167286,CD3D,TRACKS_INFLAMMATION,EFO_1001249,0.42852273182170375,1.91531280285966e-06,3,rises
ENSG00000198730,CTR9,TRACKS_INFLAMMATION,EFO_1001249,0.42844898009121635,2.0375975193426414e-08,3,rises
ENSG00000197548,ATG7,TRACKS_INFLAMMATION,EFO_1001249,0.42837908629348537,3.915013673906479e-08,3,rises
ENSG00000185753,CXorf38,TRACKS_INFLAMMATION,EFO_1001249,0.4278898297093681,2.1144818568460365e-06,3,rises
ENSG00000139734,DIAPH3,TRACKS_INFLAMMATION,EFO_1001249,0.427813320537025,5.2342855420722646e-08,3,rises
ENSG00000196510,ANAPC7,TRACKS_INFLAMMATION,EFO_1001249,0.4278007053148434,9.878549148767647e-10,3,rises
ENSG00000086061,DNAJA1,TRACKS_INFLAMMATION,EFO_1001249,0.4278007053148433,2.8299684677113367e-09,3,rises
ENSG00000166963,MAP1A,TRACKS_INFLAMMATION,EFO_1001249,0.4275751044784739,3.798195802267658e-08,3,rises
ENSG00000166145,SPINT1,TRACKS_INFLAMMATION,EFO_1001249,0.4271209979343268,3.351214583390139e-07,3,rises
ENSG00000171954,CYP4F22,TRACKS_INFLAMMATION,EFO_1001249,0.4270786788079829,1.9179463204016557e-10,3,rises
ENSG00000196975,ANXA4,TRACKS_INFLAMMATION,EFO_1001249,0.4270786788079829,1.3598887486532222e-06,3,rises
ENSG00000143196,DPT,TRACKS_INFLAMMATION,EFO_1001249,0.4263566523011224,1.6696346570835502e-07,3,rises
ENSG00000196562,SULF2,TRACKS_INFLAMMATION,EFO_1001249,0.42569164462688763,3.2910520555011913e-13,3,rises
ENSG00000139641,ESYT1,TRACKS_INFLAMMATION,EFO_1001249,0.425233865395589,1.4887621639696317e-09,3,rises
ENSG00000158828,PINK1,TRACKS_INFLAMMATION,EFO_1001249,0.4250940778001268,2.080244824204359e-06,3,rises
ENSG00000172738,TMEM217,TRACKS_INFLAMMATION,EFO_1001249,0.4249356531095302,5.219250765170007e-08,3,rises
ENSG00000204616,TRIM31,TRACKS_INFLAMMATION,EFO_1001249,0.4245744012315753,1.5589702558625664e-07,3,rises
ENSG00000172432,GTPBP2,TRACKS_INFLAMMATION,EFO_1001249,0.42404567083416134,1.6256848794320614e-06,3,rises
ENSG00000141551,CSNK1D,TRACKS_INFLAMMATION,EFO_1001249,0.42397577703643036,2.449953459405557e-07,3,rises
ENSG00000104472,CHRAC1,TRACKS_INFLAMMATION,EFO_1001249,-0.4234685462736804,2.4178159348665176e-07,3,falls
ENSG00000106052,TAX1BP1,TRACKS_INFLAMMATION,EFO_1001249,0.42327683905912006,6.921943048080018e-08,3,rises
ENSG00000115267,IFIH1,TRACKS_INFLAMMATION,EFO_1001249,0.42306715766592706,3.97241933674984e-07,3,rises
ENSG00000178789,CD300LB,TRACKS_INFLAMMATION,EFO_1001249,0.4225327660274269,1.1547403040623333e-08,3,rises
ENSG00000120705,ETF1,TRACKS_INFLAMMATION,EFO_1001249,0.42202449325995944,9.813769497668696e-13,3,rises
ENSG00000124508,BTN2A2,TRACKS_INFLAMMATION,EFO_1001249,0.4220244932599594,2.2910800532289922e-08,3,rises
ENSG00000118508,RAB32,TRACKS_INFLAMMATION,EFO_1001249,0.42202326947912683,3.6864385030686112e-09,3,rises
ENSG00000048392,RRM2B,TRACKS_INFLAMMATION,EFO_1001249,0.4219488569022305,5.096931269213625e-09,3,rises
ENSG00000153487,ING1,TRACKS_INFLAMMATION,EFO_1001249,-0.4214596003181133,1.6610104477017504e-05,3,falls
ENSG00000171885,AQP4,TRACKS_INFLAMMATION,EFO_1001249,0.42130246675309896,7.994039824068923e-07,3,rises
ENSG00000140379,BCL2A1,TRACKS_INFLAMMATION,EFO_1001249,0.42130246675309885,3.51622750679121e-08,3,rises
ENSG00000092853,CLSPN,TRACKS_INFLAMMATION,EFO_1001249,0.4211080573596817,2.101637647674141e-06,3,rises
ENSG00000168374,ARF4,TRACKS_INFLAMMATION,EFO_1001249,0.4209460482055778,8.615348574366804e-14,3,rises
ENSG00000147416,ATP6V1B2,TRACKS_INFLAMMATION,EFO_1001249,0.42069076854307197,5.91677986151661e-11,3,rises
ENSG00000105613,MAST1,TRACKS_INFLAMMATION,EFO_1001249,-0.4205804402462385,2.8213837385198254e-09,3,falls
ENSG00000134574,DDB2,TRACKS_INFLAMMATION,EFO_1001249,0.4205804402462385,2.428749101424876e-05,3,rises
ENSG00000135679,MDM2,TRACKS_INFLAMMATION,EFO_1001249,0.4205804402462384,4.1230616156971586e-07,3,rises
ENSG00000108654,DDX5,TRACKS_INFLAMMATION,EFO_1001249,0.4205804402462384,1.321582293653494e-06,3,rises
ENSG00000004897,CDC27,TRACKS_INFLAMMATION,EFO_1001249,0.4205804402462384,1.8630520411410803e-06,3,rises
ENSG00000136732,GYPC,TRACKS_INFLAMMATION,EFO_1001249,0.4205804402462384,1.986595482616038e-06,3,rises
ENSG00000072571,HMMR,TRACKS_INFLAMMATION,EFO_1001249,0.41985841373937793,3.835076624457152e-12,3,rises
ENSG00000101311,FERMT1,TRACKS_INFLAMMATION,EFO_1001249,0.4197122553748376,2.080110428465625e-06,3,rises
ENSG00000011465,DCN,TRACKS_INFLAMMATION,EFO_1001249,0.4189226190566143,9.847937673268971e-15,3,rises
ENSG00000117724,CENPF,TRACKS_INFLAMMATION,EFO_1001249,0.4188036360043341,4.3051266962218694e-07,3,rises
ENSG00000068366,ACSL4,TRACKS_INFLAMMATION,EFO_1001249,0.418454167015679,9.135567723092445e-09,3,rises
ENSG00000182156,ENPP7,TRACKS_INFLAMMATION,EFO_1001249,0.418454167015679,2.2835230031586143e-07,3,rises
ENSG00000113810,SMC4,TRACKS_INFLAMMATION,EFO_1001249,0.418414360725657,9.357886278374443e-07,3,rises
ENSG00000164611,PTTG1,TRACKS_INFLAMMATION,EFO_1001249,0.41841436072565696,3.125204294245053e-10,3,rises
ENSG00000079785,DDX1,TRACKS_INFLAMMATION,EFO_1001249,0.41841436072565685,3.4458946454205244e-09,3,rises
ENSG00000136828,RALGPS1,TRACKS_INFLAMMATION,EFO_1001249,0.41841436072565685,1.0676767262626932e-08,3,rises
ENSG00000197965,MPZL1,TRACKS_INFLAMMATION,EFO_1001249,0.41797641118119994,2.7012711969734466e-10,3,rises
ENSG00000136108,CKAP2,TRACKS_INFLAMMATION,EFO_1001249,0.4176923342187964,5.577805903430217e-07,3,rises
ENSG00000137207,YIPF3,TRACKS_INFLAMMATION,EFO_1001249,0.4175455476451756,1.5397374606125634e-06,3,rises
ENSG00000204257,HLA-DMA,TRACKS_INFLAMMATION,EFO_1001249,0.4172659724542515,5.165373944369621e-11,3,rises
ENSG00000081052,COL4A4,TRACKS_INFLAMMATION,EFO_1001249,0.4171960786565204,5.96161361890449e-10,3,rises
ENSG00000142669,SH3BGRL3,TRACKS_INFLAMMATION,EFO_1001249,0.4169703077119359,1.0293775491265912e-06,3,rises
ENSG00000104415,CCN4,TRACKS_INFLAMMATION,EFO_1001249,0.41633611972166124,1.341018965340937e-09,3,rises
ENSG00000130635,COL5A1,TRACKS_INFLAMMATION,EFO_1001249,0.416287459286017,1.1416397549150002e-15,3,rises
ENSG00000169429,CXCL8,TRACKS_INFLAMMATION,EFO_1001249,0.4162669537277906,9.038563910631424e-09,3,rises
ENSG00000104537,ANXA13,TRACKS_INFLAMMATION,EFO_1001249,0.4162482812050755,1.4490179611536519e-05,3,rises
ENSG00000060642,PIGV,TRACKS_INFLAMMATION,EFO_1001249,-0.41624828120507545,2.3242989837682916e-10,3,falls
ENSG00000134684,YARS1,TRACKS_INFLAMMATION,EFO_1001249,0.41624828120507545,3.4856449917875353e-09,3,rises
ENSG00000083799,CYLD,TRACKS_INFLAMMATION,EFO_1001249,0.41624828120507545,1.4399642252155425e-06,3,rises
ENSG00000185222,TCEAL9,TRACKS_INFLAMMATION,EFO_1001249,0.41592386794376224,4.030846525288595e-05,3,rises
ENSG00000105327,BBC3,TRACKS_INFLAMMATION,EFO_1001249,0.415526254698215,4.069016768836871e-07,3,rises
ENSG00000253368,TRNP1,TRACKS_INFLAMMATION,EFO_1001249,0.4155262546982149,7.127986126153555e-06,3,rises
ENSG00000103353,UBFD1,TRACKS_INFLAMMATION,EFO_1001249,0.4155262546982149,3.857952760700947e-05,3,rises
ENSG00000009724,MASP2,TRACKS_INFLAMMATION,EFO_1001249,-0.41552625469821486,1.666670358792363e-05,3,falls
ENSG00000135018,UBQLN1,TRACKS_INFLAMMATION,EFO_1001249,0.4155186275109757,1.0693210456298414e-09,3,rises
ENSG00000163071,SPATA18,TRACKS_INFLAMMATION,EFO_1001249,0.41480422819135443,1.1298491677633549e-07,3,rises
ENSG00000213512,GBP7,TRACKS_INFLAMMATION,EFO_1001249,0.41480422819135443,2.3694107864250243e-06,3,rises
ENSG00000104324,CPQ,TRACKS_INFLAMMATION,EFO_1001249,0.41480422819135443,4.3004996792745225e-05,3,rises
ENSG00000183087,GAS6,TRACKS_INFLAMMATION,EFO_1001249,0.414082201684494,8.003988483571418e-06,3,rises
ENSG00000127191,TRAF2,TRACKS_INFLAMMATION,EFO_1001249,0.4140822016844939,2.123548460228257e-05,3,rises
ENSG00000125775,SDCBP2,TRACKS_INFLAMMATION,EFO_1001249,0.41392955288327304,7.911828755059909e-07,3,rises
ENSG00000167721,TSR1,TRACKS_INFLAMMATION,EFO_1001249,0.4134917073767759,1.1027496185994662e-05,3,rises
ENSG00000131778,CHD1L,TRACKS_INFLAMMATION,EFO_1001249,0.4133601751776335,1.5662371375856007e-07,3,rises
ENSG00000159461,AMFR,TRACKS_INFLAMMATION,EFO_1001249,0.41293255699492765,3.2590306428003945e-06,3,rises
ENSG00000143845,ETNK2,TRACKS_INFLAMMATION,EFO_1001249,-0.4126381486707731,3.919507435667262e-10,3,falls
ENSG00000104626,ERI1,TRACKS_INFLAMMATION,EFO_1001249,0.4126381486707729,1.330469029690394e-05,3,rises
ENSG00000066117,SMARCD1,TRACKS_INFLAMMATION,EFO_1001249,0.4123734066130793,3.320973639936381e-05,3,rises
ENSG00000188786,MTF1,TRACKS_INFLAMMATION,EFO_1001249,0.4121637252198863,1.1670313254079211e-07,3,rises
ENSG00000204574,ABCF1,TRACKS_INFLAMMATION,EFO_1001249,0.4118142562312311,4.889764375536412e-05,3,rises
ENSG00000114739,ACVR2B,TRACKS_INFLAMMATION,EFO_1001249,-0.41155675467261815,6.523497700159565e-07,3,falls
ENSG00000102265,TIMP1,TRACKS_INFLAMMATION,EFO_1001249,0.41125510584938285,2.042104201450759e-11,3,rises
ENSG00000084453,SLCO1A2,TRACKS_INFLAMMATION,EFO_1001249,-0.41119409565705206,2.108282101393829e-08,3,falls
ENSG00000112378,PERP,TRACKS_INFLAMMATION,EFO_1001249,0.41119409565705206,1.5715097100221904e-07,3,rises
ENSG00000106976,DNM1,TRACKS_INFLAMMATION,EFO_1001249,-0.41119409565705206,2.0468306672592307e-07,3,falls
ENSG00000135926,TMBIM1,TRACKS_INFLAMMATION,EFO_1001249,0.4111940956570519,1.1775605145829989e-08,3,rises
ENSG00000164124,TMEM144,TRACKS_INFLAMMATION,EFO_1001249,0.4108357430629967,2.7661650412369008e-08,3,rises
ENSG00000161653,NAGS,TRACKS_INFLAMMATION,EFO_1001249,-0.4106260616698036,3.486855591788213e-08,3,falls
ENSG00000134291,TMEM106C,TRACKS_INFLAMMATION,EFO_1001249,0.4104720691501916,2.1530961285829653e-05,3,rises
ENSG00000131462,TUBG1,TRACKS_INFLAMMATION,EFO_1001249,0.41034648647887956,2.564727550070847e-06,3,rises
ENSG00000197451,HNRNPAB,TRACKS_INFLAMMATION,EFO_1001249,0.41013016433737765,2.219110079880834e-07,3,rises
ENSG00000153707,PTPRD,TRACKS_INFLAMMATION,EFO_1001249,-0.4099700368507691,0.00017781300448543912,3,falls
ENSG00000254858,MPV17L2,TRACKS_INFLAMMATION,EFO_1001249,0.40982446640839754,5.640436142067504e-09,3,rises
ENSG00000138496,PARP9,TRACKS_INFLAMMATION,EFO_1001249,0.4097500426433311,3.2737989171662883e-06,3,rises
ENSG00000107957,SH3PXD2A,TRACKS_INFLAMMATION,EFO_1001249,-0.409750042643331,2.8597450161751515e-08,3,falls
ENSG00000172765,TMCC1,TRACKS_INFLAMMATION,EFO_1001249,0.409750042643331,1.5721059202221526e-05,3,rises
ENSG00000103671,TRIP4,TRACKS_INFLAMMATION,EFO_1001249,0.4097174422993002,1.7030709763981886e-07,3,rises
ENSG00000165475,CRYL1,TRACKS_INFLAMMATION,EFO_1001249,-0.4094378671083761,5.5988535614295964e-05,3,falls
ENSG00000131183,SLC34A1,TRACKS_INFLAMMATION,EFO_1001249,-0.4090280161364705,6.235848530706703e-06,3,falls
ENSG00000102962,CCL22,TRACKS_INFLAMMATION,EFO_1001249,0.4087126064231689,3.1260196910676096e-07,3,rises
ENSG00000110002,VWA5A,TRACKS_INFLAMMATION,EFO_1001249,0.4086690353333348,7.83308258036777e-12,3,rises
ENSG00000084207,GSTP1,TRACKS_INFLAMMATION,EFO_1001249,0.40852924773787264,7.38708848151705e-07,3,rises
ENSG00000119280,C1orf198,TRACKS_INFLAMMATION,EFO_1001249,0.4083894601424107,2.1523019863569795e-11,3,rises
ENSG00000168671,UGT3A2,TRACKS_INFLAMMATION,EFO_1001249,0.40830598962961007,3.392285632595545e-07,3,rises
ENSG00000008282,SYPL1,TRACKS_INFLAMMATION,EFO_1001249,0.4079466077018057,1.2043055861504426e-09,3,rises
ENSG00000151929,BAG3,TRACKS_INFLAMMATION,EFO_1001249,0.40762062836736934,5.0780894479554364e-11,3,rises
ENSG00000132467,UTP3,TRACKS_INFLAMMATION,EFO_1001249,0.4075839631227495,3.530477321346405e-08,3,rises
ENSG00000155760,FZD7,TRACKS_INFLAMMATION,EFO_1001249,0.4069915841877901,1.1753708142615504e-06,3,rises
ENSG00000117481,NSUN4,TRACKS_INFLAMMATION,EFO_1001249,0.40699158418778997,1.0759364893560036e-05,3,rises
ENSG00000090889,KIF4A,TRACKS_INFLAMMATION,EFO_1001249,0.4069741229231848,4.1977684656878705e-05,3,rises
ENSG00000104142,VPS18,TRACKS_INFLAMMATION,EFO_1001249,0.40692169039005904,5.028786269067605e-08,3,rises
ENSG00000100991,TRPC4AP,TRACKS_INFLAMMATION,EFO_1001249,0.406921690390059,2.4632382273052248e-06,3,rises
ENSG00000121152,NCAPH,TRACKS_INFLAMMATION,EFO_1001249,0.4066257988176476,5.879712155745923e-09,3,rises
ENSG00000130943,PKDREJ,TRACKS_INFLAMMATION,EFO_1001249,-0.40632203986903415,2.836274814627184e-05,3,falls
ENSG00000115233,PSMD14,TRACKS_INFLAMMATION,EFO_1001249,0.4061399101090285,8.045867240522509e-13,3,rises
ENSG00000152234,ATP5F1A,TRACKS_INFLAMMATION,EFO_1001249,0.4061399101090284,1.1249278962318242e-06,3,rises
ENSG00000164949,GEM,TRACKS_INFLAMMATION,EFO_1001249,0.4054539206377073,1.5531669821808716e-08,3,rises
ENSG00000074319,TSG101,TRACKS_INFLAMMATION,EFO_1001249,0.405417883602168,2.847964868510597e-10,3,rises
ENSG00000025772,TOMM34,TRACKS_INFLAMMATION,EFO_1001249,0.405417883602168,1.9683553573084207e-08,3,rises
ENSG00000103855,CD276,TRACKS_INFLAMMATION,EFO_1001249,0.405417883602168,1.1107917803709073e-07,3,rises
ENSG00000162144,CYB561A3,TRACKS_INFLAMMATION,EFO_1001249,0.405417883602168,8.399961992323153e-06,3,rises
ENSG00000179913,B3GNT3,TRACKS_INFLAMMATION,EFO_1001249,0.40538402683997643,4.86745530495997e-05,3,rises
ENSG00000198203,SULT1C2,TRACKS_INFLAMMATION,EFO_1001249,0.4047410174914951,3.964448497662501e-06,3,rises
ENSG00000159212,CLIC6,TRACKS_INFLAMMATION,EFO_1001249,0.4047410174914951,1.7931819789631078e-05,3,rises
ENSG00000013374,NUB1,TRACKS_INFLAMMATION,EFO_1001249,0.4044754074694729,4.63253357012545e-09,3,rises
ENSG00000196569,LAMA2,TRACKS_INFLAMMATION,EFO_1001249,0.40370657569443164,2.0877949277043578e-14,3,rises
ENSG00000088205,DDX18,TRACKS_INFLAMMATION,EFO_1001249,0.40325180408158656,8.917887231783658e-05,3,rises
ENSG00000107317,PTGDS,TRACKS_INFLAMMATION,EFO_1001249,0.4032518040815865,2.0327209928715085e-08,3,rises
ENSG00000076662,ICAM3,TRACKS_INFLAMMATION,EFO_1001249,-0.4032518040815865,8.927325579095774e-08,3,falls
ENSG00000197157,SND1,TRACKS_INFLAMMATION,EFO_1001249,0.4032518040815865,1.281547491675856e-05,3,rises
ENSG00000059769,DNAJC25,TRACKS_INFLAMMATION,EFO_1001249,-0.40300763771712117,8.751059524398868e-14,3,falls
ENSG00000160703,NLRX1,TRACKS_INFLAMMATION,EFO_1001249,0.4027280625261971,6.646154756350615e-05,3,rises
ENSG00000100417,PMM1,TRACKS_INFLAMMATION,EFO_1001249,-0.40223880594208,1.0322423904845585e-12,3,falls
ENSG00000106852,LHX6,TRACKS_INFLAMMATION,EFO_1001249,0.40188933695342494,1.9873868416672494e-07,3,rises
ENSG00000157014,TATDN2,TRACKS_INFLAMMATION,EFO_1001249,0.4018077510678656,1.555378787353132e-10,3,rises
ENSG00000170903,MSANTD4,TRACKS_INFLAMMATION,EFO_1001249,0.40174530685678106,9.885463462904215e-07,3,rises
ENSG00000138069,RAB1A,TRACKS_INFLAMMATION,EFO_1001249,0.4011775821315323,2.405729083232422e-10,3,rises
ENSG00000108556,CHRNE,TRACKS_INFLAMMATION,EFO_1001249,-0.401085724561005,1.098175092837431e-07,3,falls
ENSG00000100934,SEC23A,TRACKS_INFLAMMATION,EFO_1001249,0.401085724561005,5.614136413668899e-06,3,rises
ENSG00000081913,PHLPP1,TRACKS_INFLAMMATION,EFO_1001249,-0.4005079580966235,2.378838394665515e-09,3,falls
ENSG00000130707,ASS1,TRACKS_INFLAMMATION,EFO_1001249,-0.40036369805414457,2.2128888673695243e-11,3,falls
ENSG00000213719,CLIC1,TRACKS_INFLAMMATION,EFO_1001249,0.40036369805414457,1.0428228395093637e-08,3,rises
ENSG00000164244,PRRC1,TRACKS_INFLAMMATION,EFO_1001249,0.40036369805414457,6.388115416728817e-05,3,rises
ENSG00000116830,TTF2,TRACKS_INFLAMMATION,EFO_1001249,0.39979252302149393,3.38050034808127e-07,3,rises
ENSG00000072042,RDH11,TRACKS_INFLAMMATION,EFO_1001249,0.3996416715472841,1.0833213361608206e-08,3,rises
ENSG00000198863,RUNDC1,TRACKS_INFLAMMATION,EFO_1001249,0.3996416715472841,5.7213773157329306e-05,3,rises
ENSG00000153814,JAZF1,TRACKS_INFLAMMATION,EFO_1001249,0.3989196450404236,2.2250608678717093e-06,3,rises
ENSG00000137812,KNL1,TRACKS_INFLAMMATION,EFO_1001249,0.39891964504042354,5.9163425078857126e-05,3,rises
ENSG00000162543,UBXN10,TRACKS_INFLAMMATION,EFO_1001249,0.39891964504042354,8.479555189520666e-05,3,rises
ENSG00000143621,ILF2,TRACKS_INFLAMMATION,EFO_1001249,0.39889212618630027,2.2632540764402538e-11,3,rises
ENSG00000119729,RHOQ,TRACKS_INFLAMMATION,EFO_1001249,0.39874411605552845,1.1715544381730018e-08,3,rises
ENSG00000027697,IFNGR1,TRACKS_INFLAMMATION,EFO_1001249,0.3983946470668732,1.9414484225209686e-08,3,rises
ENSG00000131100,ATP6V1E1,TRACKS_INFLAMMATION,EFO_1001249,0.39819761853356306,7.052595016416929e-13,3,rises
ENSG00000145386,CCNA2,TRACKS_INFLAMMATION,EFO_1001249,0.39819761853356306,1.5960805065151005e-08,3,rises
ENSG00000163517,HDAC11,TRACKS_INFLAMMATION,EFO_1001249,0.39819761853356306,6.486364641236071e-08,3,rises
ENSG00000131943,C19orf12,TRACKS_INFLAMMATION,EFO_1001249,0.39819761853356306,1.2830771744475953e-05,3,rises
ENSG00000077549,CAPZB,TRACKS_INFLAMMATION,EFO_1001249,0.3978440190012257,1.3248014370449277e-08,3,rises
ENSG00000183230,CTNNA3,TRACKS_INFLAMMATION,EFO_1001249,-0.3968250259046254,3.1146046229073415e-06,3,falls
ENSG00000123096,SSPN,TRACKS_INFLAMMATION,EFO_1001249,0.3967548302887048,3.879944574408964e-06,3,rises
ENSG00000135624,CCT7,TRACKS_INFLAMMATION,EFO_1001249,0.3960315390129816,1.337384625723093e-07,3,rises
ENSG00000175166,PSMD2,TRACKS_INFLAMMATION,EFO_1001249,0.39573868275309415,7.6255607792862e-12,3,rises
ENSG00000112685,EXOC2,TRACKS_INFLAMMATION,EFO_1001249,0.3955988951576321,6.090083454745744e-11,3,rises
ENSG00000132313,MRPL35,TRACKS_INFLAMMATION,EFO_1001249,0.39542754965785926,0.00023643187036766227,3,rises
ENSG00000131043,AAR2,TRACKS_INFLAMMATION,EFO_1001249,0.39530951250612106,1.895055454629729e-06,3,rises
ENSG00000082014,SMARCD3,TRACKS_INFLAMMATION,EFO_1001249,0.39530951250612106,8.085064365831197e-06,3,rises
ENSG00000118680,MYL12B,TRACKS_INFLAMMATION,EFO_1001249,0.3952819792154878,1.8373807559352456e-11,3,rises
ENSG00000167613,LAIR1,TRACKS_INFLAMMATION,EFO_1001249,0.39518007990582776,7.532697590241969e-14,3,rises
ENSG00000198796,ALPK2,TRACKS_INFLAMMATION,EFO_1001249,0.39499083833074483,1.7007017364382332e-07,3,rises
ENSG00000130762,ARHGEF16,TRACKS_INFLAMMATION,EFO_1001249,0.3947601695848597,9.051302213793553e-08,3,rises
ENSG00000026751,SLAMF7,TRACKS_INFLAMMATION,EFO_1001249,0.3946203819893977,3.6721845772932638e-09,3,rises
ENSG00000052749,RRP12,TRACKS_INFLAMMATION,EFO_1001249,0.3945874859992605,4.46936124047691e-07,3,rises
ENSG00000058085,LAMC2,TRACKS_INFLAMMATION,EFO_1001249,0.39454067611484095,3.596529334785809e-05,3,rises
ENSG00000140678,ITGAX,TRACKS_INFLAMMATION,EFO_1001249,0.3945395699593933,1.496256166084649e-10,3,rises
ENSG00000166900,STX3,TRACKS_INFLAMMATION,EFO_1001249,0.3938654594924001,2.093119809126108e-08,3,rises
ENSG00000164144,ARFIP1,TRACKS_INFLAMMATION,EFO_1001249,0.3938654594924001,6.690203756004537e-05,3,rises
ENSG00000101846,STS,TRACKS_INFLAMMATION,EFO_1001249,0.3936418688211632,8.702334572795071e-06,3,rises
ENSG00000198900,TOP1,TRACKS_INFLAMMATION,EFO_1001249,0.393502081225701,8.054790220698418e-07,3,rises
ENSG00000119777,TMEM214,TRACKS_INFLAMMATION,EFO_1001249,0.39314343298553966,6.65626456933288e-06,3,rises
ENSG00000198380,GFPT1,TRACKS_INFLAMMATION,EFO_1001249,0.39314343298553966,1.6006352241460645e-05,3,rises
ENSG00000129173,E2F8,TRACKS_INFLAMMATION,EFO_1001249,0.39306378187936,3.1238871776547876e-08,3,rises
ENSG00000143434,SEMA6C,TRACKS_INFLAMMATION,EFO_1001249,-0.39266335565292876,1.9195295114257577e-06,3,falls
ENSG00000013375,PGM3,TRACKS_INFLAMMATION,EFO_1001249,0.3924214064786791,4.714179947740898e-06,3,rises
ENSG00000116117,PARD3B,TRACKS_INFLAMMATION,EFO_1001249,0.3917547362824253,5.955702048118648e-08,3,rises
ENSG00000105698,USF2,TRACKS_INFLAMMATION,EFO_1001249,-0.39169937997181864,2.311009853759631e-07,3,falls
ENSG00000124225,PMEPA1,TRACKS_INFLAMMATION,EFO_1001249,0.39169937997181864,8.979709956675609e-06,3,rises
ENSG00000167930,FAM234A,TRACKS_INFLAMMATION,EFO_1001249,0.39140526729377034,1.6976270819950427e-05,3,rises
ENSG00000106636,YKT6,TRACKS_INFLAMMATION,EFO_1001249,0.39139524840416956,1.5425180381856423e-10,3,rises
ENSG00000164109,MAD2L1,TRACKS_INFLAMMATION,EFO_1001249,0.39135157727145814,8.111516223702526e-11,3,rises
ENSG00000145819,ARHGAP26,TRACKS_INFLAMMATION,EFO_1001249,0.39112569210284615,3.02996606188034e-05,3,rises
ENSG00000123485,HJURP,TRACKS_INFLAMMATION,EFO_1001249,0.3910875542120877,4.82175917055638e-05,3,rises
ENSG00000033100,CHPF2,TRACKS_INFLAMMATION,EFO_1001249,0.3909773534649581,1.3013945353674894e-06,3,rises
ENSG00000183856,IQGAP3,TRACKS_INFLAMMATION,EFO_1001249,0.3906458904848072,3.1892716322430562e-06,3,rises
ENSG00000077152,UBE2T,TRACKS_INFLAMMATION,EFO_1001249,0.3900268862458777,3.265137464745272e-08,3,rises
ENSG00000105852,PON3,TRACKS_INFLAMMATION,EFO_1001249,-0.3898958728477434,9.456600333068112e-10,3,falls
ENSG00000102317,RBM3,TRACKS_INFLAMMATION,EFO_1001249,0.3896338460514748,3.091402655914737e-09,3,rises
ENSG00000135220,UGT2A3,TRACKS_INFLAMMATION,EFO_1001249,0.38953330045123713,2.621116852499818e-08,3,rises
ENSG00000137267,TUBB2A,TRACKS_INFLAMMATION,EFO_1001249,0.38953330045123713,2.966053716694349e-07,3,rises
ENSG00000143443,C1orf56,TRACKS_INFLAMMATION,EFO_1001249,-0.38953330045123713,2.062929431136704e-05,3,falls
ENSG00000242574,HLA-DMB,TRACKS_INFLAMMATION,EFO_1001249,0.3893084533618393,2.568453055920543e-09,3,rises
ENSG00000115415,STAT1,TRACKS_INFLAMMATION,EFO_1001249,0.3890288781709152,1.956027199424204e-09,3,rises
ENSG00000100242,SUN2,TRACKS_INFLAMMATION,EFO_1001249,-0.388862322706906,1.1938679267968242e-05,3,falls
ENSG00000067066,SP100,TRACKS_INFLAMMATION,EFO_1001249,0.3888112739443767,1.7283992644494688e-06,3,rises
ENSG00000132436,FIGNL1,TRACKS_INFLAMMATION,EFO_1001249,0.3888112739443767,7.163766726223823e-06,3,rises
ENSG00000163531,NFASC,TRACKS_INFLAMMATION,EFO_1001249,0.3885857388664002,1.2606331313446283e-10,3,rises
ENSG00000138795,LEF1,TRACKS_INFLAMMATION,EFO_1001249,0.38854073928765537,4.09988924638613e-07,3,rises
ENSG00000167191,GPRC5B,TRACKS_INFLAMMATION,EFO_1001249,0.38853962158679795,2.11018299901034e-11,3,rises
ENSG00000134760,DSG1,TRACKS_INFLAMMATION,EFO_1001249,-0.38842561137979154,4.513553634629093e-06,3,falls
ENSG00000011347,SYT7,TRACKS_INFLAMMATION,EFO_1001249,0.38808924743751616,4.84357638055289e-07,3,rises
ENSG00000155636,RBM45,TRACKS_INFLAMMATION,EFO_1001249,0.38808924743751616,2.837165021065132e-06,3,rises
ENSG00000121211,MND1,TRACKS_INFLAMMATION,EFO_1001249,0.3880605892233608,6.763190245777047e-06,3,rises
ENSG00000197747,S100A10,TRACKS_INFLAMMATION,EFO_1001249,0.38803257118538864,4.422975805049864e-10,3,rises
ENSG00000173262,SLC2A14,TRACKS_INFLAMMATION,EFO_1001249,0.387302564626108,3.950696223505092e-05,3,rises
ENSG00000140525,FANCI,TRACKS_INFLAMMATION,EFO_1001249,0.38708460186662635,4.01801532481974e-12,3,rises
ENSG00000010165,METTL13,TRACKS_INFLAMMATION,EFO_1001249,0.38700195803671533,0.00017915600690543277,3,rises
ENSG00000128342,LIF,TRACKS_INFLAMMATION,EFO_1001249,0.3869940451905441,7.033721380730839e-07,3,rises
ENSG00000139354,GAS2L3,TRACKS_INFLAMMATION,EFO_1001249,0.3868621704412532,7.486422744221085e-07,3,rises
ENSG00000115641,FHL2,TRACKS_INFLAMMATION,EFO_1001249,0.3867223828457912,1.8237884598877655e-06,3,rises
ENSG00000106537,TSPAN13,TRACKS_INFLAMMATION,EFO_1001249,-0.38664519442379514,2.5814088081531568e-05,3,falls
ENSG00000140263,SORD,TRACKS_INFLAMMATION,EFO_1001249,-0.3865127014525981,3.5700557315126484e-09,3,falls
ENSG00000117318,ID3,TRACKS_INFLAMMATION,EFO_1001249,0.38634395405387967,5.543983121880712e-06,3,rises
ENSG00000164253,WDR41,TRACKS_INFLAMMATION,EFO_1001249,0.3859231679169347,2.2545817316757492e-06,3,rises
ENSG00000101955,SRPX,TRACKS_INFLAMMATION,EFO_1001249,0.3853245068911706,2.8860134563242237e-07,3,rises
ENSG00000106819,ASPN,TRACKS_INFLAMMATION,EFO_1001249,0.3852812898245679,3.802427225769893e-10,3,rises
ENSG00000151715,TMEM45B,TRACKS_INFLAMMATION,EFO_1001249,0.38520114141007417,1.2105291683068619e-06,3,rises
ENSG00000110328,GALNT18,TRACKS_INFLAMMATION,EFO_1001249,0.38465533692237047,6.649059195117048e-08,3,rises
ENSG00000163170,BOLA3,TRACKS_INFLAMMATION,EFO_1001249,0.3845556751161293,0.00027874361918939607,3,rises
ENSG00000100380,ST13,TRACKS_INFLAMMATION,EFO_1001249,-0.38447911490321374,6.923066702580047e-09,3,falls
ENSG00000147457,CHMP7,TRACKS_INFLAMMATION,EFO_1001249,0.3844791149032136,1.598220787653811e-06,3,rises
ENSG00000105011,ASF1B,TRACKS_INFLAMMATION,EFO_1001249,0.3844791149032136,2.253292357303148e-05,3,rises
ENSG00000162377,COA7,TRACKS_INFLAMMATION,EFO_1001249,0.3841458403740704,1.2786442514894352e-06,3,rises
ENSG00000183044,ABAT,TRACKS_INFLAMMATION,EFO_1001249,-0.3838401424450903,5.5218607711892455e-06,3,falls
ENSG00000125675,GRIA3,TRACKS_INFLAMMATION,EFO_1001249,0.3837570883963532,1.1707518389481861e-08,3,rises
ENSG00000120708,TGFBI,TRACKS_INFLAMMATION,EFO_1001249,0.3837570883963532,1.6473676595111791e-07,3,rises
ENSG00000145545,SRD5A1,TRACKS_INFLAMMATION,EFO_1001249,-0.3837570883963532,0.00016793787062732563,3,falls
ENSG00000104695,PPP2CB,TRACKS_INFLAMMATION,EFO_1001249,0.38375708839635314,1.8006433624824682e-07,3,rises
ENSG00000179041,RRS1,TRACKS_INFLAMMATION,EFO_1001249,0.38375708839635314,5.269292007059641e-05,3,rises
ENSG00000138135,CH25H,TRACKS_INFLAMMATION,EFO_1001249,0.3837101102692178,4.652596893306378e-08,3,rises
ENSG00000118503,TNFAIP3,TRACKS_INFLAMMATION,EFO_1001249,0.38364705574562585,2.0920449118092596e-05,3,rises
ENSG00000111252,SH2B3,TRACKS_INFLAMMATION,EFO_1001249,0.3834762163391616,2.9400451015476884e-11,3,rises
ENSG00000117650,NEK2,TRACKS_INFLAMMATION,EFO_1001249,0.38318166976881646,1.732080228072945e-05,3,rises
ENSG00000079215,SLC1A3,TRACKS_INFLAMMATION,EFO_1001249,0.38314140432170735,8.173791737599224e-13,3,rises
ENSG00000143499,SMYD2,TRACKS_INFLAMMATION,EFO_1001249,0.3831414043217073,6.009726606841632e-09,3,rises
ENSG00000197798,SIRAL1,TRACKS_INFLAMMATION,EFO_1001249,0.38303506188949266,2.902279657566867e-07,3,rises
ENSG00000168872,DDX19A,TRACKS_INFLAMMATION,EFO_1001249,0.3830350618894926,0.00014383688020720521,3,rises
ENSG00000006530,AGK,TRACKS_INFLAMMATION,EFO_1001249,0.38273843637512245,1.400467671825725e-06,3,rises
ENSG00000119899,SLC17A5,TRACKS_INFLAMMATION,EFO_1001249,0.38258823664069563,6.3415819835418816e-09,3,rises
ENSG00000172995,ARPP21,TRACKS_INFLAMMATION,EFO_1001249,0.3825791639898548,2.748687755642259e-08,3,rises
ENSG00000141568,FOXK2,TRACKS_INFLAMMATION,EFO_1001249,0.38231303538263217,5.4312650289549555e-05,3,rises
ENSG00000117122,MFAP2,TRACKS_INFLAMMATION,EFO_1001249,0.38229545740277165,4.841426038097897e-07,3,rises
ENSG00000135316,SYNCRIP,TRACKS_INFLAMMATION,EFO_1001249,0.38159100887577174,1.7877920966919306e-05,3,rises
ENSG00000160058,BSDC1,TRACKS_INFLAMMATION,EFO_1001249,0.38159100887577163,4.84090705175345e-06,3,rises
ENSG00000121957,GPSM2,TRACKS_INFLAMMATION,EFO_1001249,0.381069471398098,1.8635654159248807e-05,3,rises
ENSG00000116791,CRYZ,TRACKS_INFLAMMATION,EFO_1001249,0.38089961950918666,4.3425604119990034e-05,3,rises
ENSG00000138442,WDR12,TRACKS_INFLAMMATION,EFO_1001249,0.38086898236891126,0.0002965117946230146,3,rises
ENSG00000087263,OGFOD1,TRACKS_INFLAMMATION,EFO_1001249,0.3808689823689112,5.237750155430236e-07,3,rises
ENSG00000013275,PSMC4,TRACKS_INFLAMMATION,EFO_1001249,0.3808689823689112,1.4566909969570535e-06,3,rises
ENSG00000176903,PNMA1,TRACKS_INFLAMMATION,EFO_1001249,0.3807814100386536,6.188474645432646e-10,3,rises
ENSG00000099219,ERMP1,TRACKS_INFLAMMATION,EFO_1001249,0.3802921534545364,7.136131379512821e-08,3,rises
ENSG00000152056,AP1S3,TRACKS_INFLAMMATION,EFO_1001249,0.38014695586205066,9.87732885304086e-05,3,rises
ENSG00000112562,SMOC2,TRACKS_INFLAMMATION,EFO_1001249,0.3801469558620506,3.860053694182995e-06,3,rises
ENSG00000164117,FBXO8,TRACKS_INFLAMMATION,EFO_1001249,0.379851512324112,7.748128019565321e-10,3,rises
ENSG00000108947,EFNB3,TRACKS_INFLAMMATION,EFO_1001249,0.37980784119140065,5.237750155430236e-07,3,rises
ENSG00000101843,PSMD10,TRACKS_INFLAMMATION,EFO_1001249,0.3796185996163176,1.0308440021468654e-07,3,rises
ENSG00000100116,GCAT,TRACKS_INFLAMMATION,EFO_1001249,-0.37957492848360624,1.7174364565547307e-09,3,falls
ENSG00000165495,PKNOX2,TRACKS_INFLAMMATION,EFO_1001249,0.37942613888392057,8.719788933210463e-06,3,rises
ENSG00000160870,CYP3A7,TRACKS_INFLAMMATION,EFO_1001249,0.37942492935519023,1.3031713991428597e-05,3,rises
ENSG00000211445,GPX3,TRACKS_INFLAMMATION,EFO_1001249,0.3794249293551902,5.415981987774829e-08,3,rises
ENSG00000095383,TBC1D2,TRACKS_INFLAMMATION,EFO_1001249,-0.3794249293551902,8.440714434531277e-06,3,falls
ENSG00000067334,DNTTIP2,TRACKS_INFLAMMATION,EFO_1001249,0.37903406509537785,0.00038202522195040253,3,rises
ENSG00000124766,SOX4,TRACKS_INFLAMMATION,EFO_1001249,0.37900720375835756,1.6483876784496623e-12,3,rises
ENSG00000115758,ODC1,TRACKS_INFLAMMATION,EFO_1001249,0.37893441853717175,4.612978497459475e-09,3,rises
ENSG00000168781,PPIP5K1,TRACKS_INFLAMMATION,EFO_1001249,0.37882438370218474,9.823291252749954e-07,3,rises
ENSG00000185567,AHNAK2,TRACKS_INFLAMMATION,EFO_1001249,0.37880435018549585,0.00019851674661039968,3,rises
ENSG00000198208,RPS6KL1,TRACKS_INFLAMMATION,EFO_1001249,0.3787029028483297,1.0577624034399385e-07,3,rises
ENSG00000005175,RPAP3,TRACKS_INFLAMMATION,EFO_1001249,0.3787029028483297,0.0001682088272416127,3,rises
ENSG00000134779,TPGS2,TRACKS_INFLAMMATION,EFO_1001249,0.37870290284832964,2.043317051028885e-06,3,rises
ENSG00000162366,PDZK1IP1,TRACKS_INFLAMMATION,EFO_1001249,0.37866212181517667,2.0754133802909676e-06,3,rises
ENSG00000120280,TASL,TRACKS_INFLAMMATION,EFO_1001249,0.37861470230899164,4.538922770112388e-05,3,rises
ENSG00000129538,RNASE1,TRACKS_INFLAMMATION,EFO_1001249,0.37843947903310887,3.126390482615091e-13,3,rises
ENSG00000116459,ATP5PB,TRACKS_INFLAMMATION,EFO_1001249,0.37827935154650016,3.107719150004909e-10,3,rises
ENSG00000054938,CHRDL2,TRACKS_INFLAMMATION,EFO_1001249,0.3779856961121533,8.395992227761563e-05,3,rises
ENSG00000150961,SEC24D,TRACKS_INFLAMMATION,EFO_1001249,0.37798087634146926,2.4256168184072883e-05,3,rises
ENSG00000168256,NKIRAS2,TRACKS_INFLAMMATION,EFO_1001249,0.37798087634146926,5.26560636531866e-05,3,rises
ENSG00000166780,BMERB1,TRACKS_INFLAMMATION,EFO_1001249,-0.3779808763414692,1.332437874022141e-05,3,falls
ENSG00000146122,DAAM2,TRACKS_INFLAMMATION,EFO_1001249,-0.3777261838654887,0.00011323740888277947,3,falls
ENSG00000137809,ITGA11,TRACKS_INFLAMMATION,EFO_1001249,0.3774964015452952,4.137889645353338e-06,3,rises
ENSG00000113924,HGD,TRACKS_INFLAMMATION,EFO_1001249,-0.37742650774756414,0.0006784094936118502,3,falls
ENSG00000134001,EIF2S1,TRACKS_INFLAMMATION,EFO_1001249,0.3772588498346088,5.214923042943326e-05,3,rises
ENSG00000065457,ADAT1,TRACKS_INFLAMMATION,EFO_1001249,0.3765368233277482,8.772980805695824e-07,3,rises
ENSG00000138356,AOX1,TRACKS_INFLAMMATION,EFO_1001249,-0.3763578217071968,2.3464898255405433e-09,3,falls
ENSG00000139352,ASCL1,TRACKS_INFLAMMATION,EFO_1001249,0.3761654686137527,0.00012203325228980292,3,rises
ENSG00000183726,TMEM50A,TRACKS_INFLAMMATION,EFO_1001249,0.3758147968208878,6.566649833531417e-06,3,rises
ENSG00000112299,VNN1,TRACKS_INFLAMMATION,EFO_1001249,0.3758147968208877,3.494641628302218e-05,3,rises
ENSG00000140835,CHST4,TRACKS_INFLAMMATION,EFO_1001249,0.37581479682088764,0.0003374606047748338,3,rises
ENSG00000118985,ELL2,TRACKS_INFLAMMATION,EFO_1001249,-0.3757490566020195,4.405676142337206e-06,3,falls
ENSG00000196419,XRCC6,TRACKS_INFLAMMATION,EFO_1001249,0.3754694814110953,6.3415819835418816e-09,3,rises
ENSG00000104951,IL4I1,TRACKS_INFLAMMATION,EFO_1001249,0.3754694814110953,5.7340072637181995e-06,3,rises
ENSG00000196305,IARS1,TRACKS_INFLAMMATION,EFO_1001249,0.3751899062201712,1.2104784482637068e-09,3,rises
ENSG00000146425,DYNLT1,TRACKS_INFLAMMATION,EFO_1001249,0.37514958703551354,7.134477582067898e-13,3,rises
ENSG00000073910,FRY,TRACKS_INFLAMMATION,EFO_1001249,0.37509277031402727,1.8388750472809495e-06,3,rises
ENSG00000197457,STMN3,TRACKS_INFLAMMATION,EFO_1001249,0.3750927703140272,5.600983230557884e-06,3,rises
ENSG00000112936,C7,TRACKS_INFLAMMATION,EFO_1001249,0.3749603454604306,2.2395969160901685e-10,3,rises
ENSG00000122176,FMOD,TRACKS_INFLAMMATION,EFO_1001249,0.37470064963605393,8.80341328371933e-15,3,rises
ENSG00000139291,TMEM19,TRACKS_INFLAMMATION,EFO_1001249,0.37462553344297633,1.966418717479949e-11,3,rises
ENSG00000082898,XPO1,TRACKS_INFLAMMATION,EFO_1001249,0.37437074380716673,3.419376672744909e-05,3,rises
ENSG00000204381,LAYN,TRACKS_INFLAMMATION,EFO_1001249,0.3742586675144187,4.585073172347777e-05,3,rises
ENSG00000163053,SLC16A14,TRACKS_INFLAMMATION,EFO_1001249,0.37413059393891335,3.0116699807725194e-05,3,rises
ENSG00000137801,THBS1,TRACKS_INFLAMMATION,EFO_1001249,0.37407160545647467,3.702446015060617e-14,3,rises
ENSG00000184999,SLC22A10,TRACKS_INFLAMMATION,EFO_1001249,-0.3740432516734904,5.51172050259713e-05,3,falls
ENSG00000160013,PTGIR,TRACKS_INFLAMMATION,EFO_1001249,0.3739318178610126,4.548084223084053e-06,3,rises
ENSG00000164626,KCNK5,TRACKS_INFLAMMATION,EFO_1001249,-0.37386192406328156,0.0003059466150759897,3,falls
ENSG00000139793,MBNL2,TRACKS_INFLAMMATION,EFO_1001249,0.37365224267008845,7.734803661259822e-08,3,rises
ENSG00000099194,SCD,TRACKS_INFLAMMATION,EFO_1001249,0.37364871730030624,4.933901382870072e-05,3,rises
ENSG00000166189,HPS6,TRACKS_INFLAMMATION,EFO_1001249,0.37358234887235753,8.624665305319324e-05,3,rises
ENSG00000151466,SCLT1,TRACKS_INFLAMMATION,EFO_1001249,0.37344256127689535,2.509288188426639e-07,3,rises
ENSG00000114850,SSR3,TRACKS_INFLAMMATION,EFO_1001249,0.37327172832892164,5.660200848258713e-08,3,rises
ENSG00000135447,PPP1R1A,TRACKS_INFLAMMATION,EFO_1001249,-0.3731698290192616,3.126390482615091e-13,3,falls
ENSG00000160213,CSTB,TRACKS_INFLAMMATION,EFO_1001249,0.37298058744417867,6.74891794732189e-11,3,rises
ENSG00000083123,BCKDHB,TRACKS_INFLAMMATION,EFO_1001249,-0.3729266907934457,4.318659489786329e-05,3,falls
ENSG00000163507,CIP2A,TRACKS_INFLAMMATION,EFO_1001249,0.3728257974641721,2.2096280292977793e-05,3,rises
ENSG00000182220,ATP6AP2,TRACKS_INFLAMMATION,EFO_1001249,0.3727185606479101,2.0409143056889573e-07,3,rises
ENSG00000000938,FGR,TRACKS_INFLAMMATION,EFO_1001249,0.37267372950185407,2.15492949779008e-06,3,rises
ENSG00000126522,ASL,TRACKS_INFLAMMATION,EFO_1001249,-0.37236919158621856,1.0399769598768373e-05,3,falls
ENSG00000167881,SRP68,TRACKS_INFLAMMATION,EFO_1001249,0.3722046642865852,1.194094210785603e-05,3,rises
ENSG00000196154,S100A4,TRACKS_INFLAMMATION,EFO_1001249,0.3719033661706298,1.189645152628283e-12,3,rises
ENSG00000198732,SMOC1,TRACKS_INFLAMMATION,EFO_1001249,-0.37177235277249554,2.365377288883487e-09,3,falls
ENSG00000114648,KLHL18,TRACKS_INFLAMMATION,EFO_1001249,0.3715554287381576,6.783593167918841e-07,3,rises
ENSG00000142892,PIGK,TRACKS_INFLAMMATION,EFO_1001249,0.37152488302046394,1.4511968363822025e-05,3,rises
ENSG00000184992,BRI3BP,TRACKS_INFLAMMATION,EFO_1001249,0.3714826377797247,6.002110483683669e-06,3,rises
ENSG00000064703,DDX20,TRACKS_INFLAMMATION,EFO_1001249,0.37113606595177145,4.227106847822512e-06,3,rises
ENSG00000171612,SLC25A33,TRACKS_INFLAMMATION,EFO_1001249,0.3708843730740296,9.333948294526829e-11,3,rises
ENSG00000124875,CXCL6,TRACKS_INFLAMMATION,EFO_1001249,0.37077243086816797,3.41460014762608e-05,3,rises
ENSG00000169442,CD52,TRACKS_INFLAMMATION,EFO_1001249,0.3707606112728643,1.9482028399316275e-10,3,rises
ENSG00000163466,ARPC2,TRACKS_INFLAMMATION,EFO_1001249,0.3707606112728643,7.934846317685073e-08,3,rises
ENSG00000145860,RNF145,TRACKS_INFLAMMATION,EFO_1001249,0.37071670316538513,3.4358638049576186e-06,3,rises
ENSG00000140519,RHCG,TRACKS_INFLAMMATION,EFO_1001249,0.37049882105845455,7.718037054460043e-05,3,rises
ENSG00000152240,HAUS1,TRACKS_INFLAMMATION,EFO_1001249,0.37033120539301795,1.6458022719156533e-07,3,rises
ENSG00000161048,NAPEPLD,TRACKS_INFLAMMATION,EFO_1001249,-0.370087658985806,1.4216954548054204e-06,3,falls
ENSG00000131153,GINS2,TRACKS_INFLAMMATION,EFO_1001249,0.37003858476600376,2.7161663639059337e-12,3,rises
ENSG00000111206,FOXM1,TRACKS_INFLAMMATION,EFO_1001249,0.37003858476600376,1.2271480221682469e-08,3,rises
ENSG00000130818,ZNF426,TRACKS_INFLAMMATION,EFO_1001249,0.37003858476600376,6.166059558245525e-06,3,rises
ENSG00000119203,CPSF3,TRACKS_INFLAMMATION,EFO_1001249,0.3700385847660037,1.1633835666820759e-06,3,rises
ENSG00000143036,SLC44A3,TRACKS_INFLAMMATION,EFO_1001249,0.3700385847660037,4.061080073784393e-05,3,rises
ENSG00000107937,GTPBP4,TRACKS_INFLAMMATION,EFO_1001249,0.3700385847660037,0.00012131220407185599,3,rises
ENSG00000128524,ATP6V1F,TRACKS_INFLAMMATION,EFO_1001249,0.36998183633132636,8.153291976646719e-06,3,rises
ENSG00000128335,APOL2,TRACKS_INFLAMMATION,EFO_1001249,0.3698944940659035,1.1469508478348423e-08,3,rises
ENSG00000112984,KIF20A,TRACKS_INFLAMMATION,EFO_1001249,0.3697784308300486,6.22202083287698e-08,3,rises
ENSG00000066468,FGFR2,TRACKS_INFLAMMATION,EFO_1001249,0.3693188272107646,1.0466994339128438e-05,3,rises
ENSG00000178301,AQP11,TRACKS_INFLAMMATION,EFO_1001249,-0.36931655825914333,2.9657762537374808e-08,3,falls
ENSG00000183098,GPC6,TRACKS_INFLAMMATION,EFO_1001249,0.36931655825914317,1.5450690165696347e-07,3,rises
ENSG00000143537,ADAM15,TRACKS_INFLAMMATION,EFO_1001249,0.36931655825914317,0.0001675813373972391,3,rises
ENSG00000137672,TRPC6,TRACKS_INFLAMMATION,EFO_1001249,0.36926671728137217,0.00030747418720438976,3,rises
ENSG00000239713,APOBEC3G,TRACKS_INFLAMMATION,EFO_1001249,0.36868978303118544,1.3340211516288275e-07,3,rises
ENSG00000118655,DCLRE1B,TRACKS_INFLAMMATION,EFO_1001249,0.3685945317522828,3.8355939792950067e-07,3,rises
ENSG00000025708,TYMP,TRACKS_INFLAMMATION,EFO_1001249,0.3685945317522828,1.7443093031185687e-06,3,rises
ENSG00000125347,IRF1,TRACKS_INFLAMMATION,EFO_1001249,0.3685945317522828,5.198212543851817e-05,3,rises
ENSG00000128708,HAT1,TRACKS_INFLAMMATION,EFO_1001249,0.3685945317522827,1.1902173137649015e-09,3,rises
ENSG00000138071,ACTR2,TRACKS_INFLAMMATION,EFO_1001249,0.3685552459960861,1.2936899942161649e-08,3,rises
ENSG00000149050,ZNF214,TRACKS_INFLAMMATION,EFO_1001249,-0.3679875212708373,0.00047564237051406965,3,falls
ENSG00000140416,TPM1,TRACKS_INFLAMMATION,EFO_1001249,0.36787250524542237,4.048960609213492e-07,3,rises
ENSG00000168806,LCMT2,TRACKS_INFLAMMATION,EFO_1001249,0.3678725052454223,1.6117163694625655e-06,3,rises
ENSG00000163644,PPM1K,TRACKS_INFLAMMATION,EFO_1001249,-0.36771126986295094,2.462427559621236e-07,3,falls
ENSG00000024526,DEPDC1,TRACKS_INFLAMMATION,EFO_1001249,0.3676099413620924,1.3326910289532416e-06,3,rises
ENSG00000173805,HAP1,TRACKS_INFLAMMATION,EFO_1001249,-0.3676099413620922,4.007561312772487e-06,3,falls
ENSG00000188352,FOCAD,TRACKS_INFLAMMATION,EFO_1001249,0.36757148226748887,5.207271725978954e-10,3,rises
ENSG00000123453,SARDH,TRACKS_INFLAMMATION,EFO_1001249,-0.36750713881101144,1.5088522227500957e-09,3,falls
ENSG00000205542,TMSB4X,TRACKS_INFLAMMATION,EFO_1001249,0.36747802472253716,7.38708848151705e-07,3,rises
ENSG00000197780,TAF13,TRACKS_INFLAMMATION,EFO_1001249,0.3673761254128771,1.2189093769529688e-06,3,rises
ENSG00000063761,ADCK1,TRACKS_INFLAMMATION,EFO_1001249,0.3671504787385617,1.3058695420118732e-06,3,rises
ENSG00000005100,DHX33,TRACKS_INFLAMMATION,EFO_1001249,0.3670822256833716,1.1757524221295832e-05,3,rises
ENSG00000122420,PTGFR,TRACKS_INFLAMMATION,EFO_1001249,0.36705587043965987,2.0522212416651112e-07,3,rises
ENSG00000075234,TTC38,TRACKS_INFLAMMATION,EFO_1001249,-0.3670121993069485,0.00014288148179874695,3,falls
ENSG00000189334,S100A14,TRACKS_INFLAMMATION,EFO_1001249,0.3667501725106798,1.9195595681869493e-11,3,rises
ENSG00000184207,PGP,TRACKS_INFLAMMATION,EFO_1001249,0.36645903162593674,5.758455665538373e-05,3,rises
ENSG00000171262,TSLIG3B,TRACKS_INFLAMMATION,EFO_1001249,0.36642845223170134,3.95435609835685e-09,3,rises
ENSG00000267534,S1PR2,TRACKS_INFLAMMATION,EFO_1001249,0.3664284522317013,1.748093712178004e-05,3,rises
ENSG00000165841,CYP2C19,TRACKS_INFLAMMATION,EFO_1001249,-0.3660514343872968,1.739955640679145e-07,3,falls
ENSG00000010539,ZNF200,TRACKS_INFLAMMATION,EFO_1001249,0.3657064257248408,1.7026453274013972e-09,3,rises
ENSG00000114354,TFG,TRACKS_INFLAMMATION,EFO_1001249,0.3657064257248408,5.3486934200342516e-08,3,rises
ENSG00000115073,ACTR1B,TRACKS_INFLAMMATION,EFO_1001249,0.3657064257248408,0.00010336332850823184,3,rises
ENSG00000002834,LASP1,TRACKS_INFLAMMATION,EFO_1001249,0.36570642572484074,5.591852171269539e-08,3,rises
ENSG00000141576,RNF157,TRACKS_INFLAMMATION,EFO_1001249,0.36570642572484074,7.777389842048966e-05,3,rises
ENSG00000137575,SDCBP,TRACKS_INFLAMMATION,EFO_1001249,0.36527991104272794,6.478034656329236e-10,3,rises
ENSG00000187498,COL4A1,TRACKS_INFLAMMATION,EFO_1001249,0.3652362399100165,5.191342812254346e-16,3,rises
ENSG00000144554,FANCD2,TRACKS_INFLAMMATION,EFO_1001249,0.3649854117514408,2.8453726571940733e-08,3,rises
ENSG00000155366,RHOC,TRACKS_INFLAMMATION,EFO_1001249,0.3649843992179803,3.9915967975724294e-07,3,rises
ENSG00000163600,ICOS,TRACKS_INFLAMMATION,EFO_1001249,0.3648577567598507,1.5984018442650046e-06,3,rises
ENSG00000187164,SHTN1,TRACKS_INFLAMMATION,EFO_1001249,0.36477573035824756,1.1785380803980059e-09,3,rises
ENSG00000125538,IL1B,TRACKS_INFLAMMATION,EFO_1001249,0.36477041449442776,1.1703082085216505e-06,3,rises
ENSG00000176485,PLAAT3,TRACKS_INFLAMMATION,EFO_1001249,-0.3646830722290049,1.9249961172762666e-06,3,falls
ENSG00000189221,MAOA,TRACKS_INFLAMMATION,EFO_1001249,-0.3645957299635821,4.6247610044225436e-07,3,falls
ENSG00000166920,COXFA4L3,TRACKS_INFLAMMATION,EFO_1001249,0.3643922774305683,1.168770170073977e-05,3,rises
ENSG00000133636,NTS,TRACKS_INFLAMMATION,EFO_1001249,0.3643599517036848,0.00018663661699366306,3,rises
ENSG00000150551,LYPD1,TRACKS_INFLAMMATION,EFO_1001249,0.3642768777965265,2.721866873846735e-05,3,rises
ENSG00000114302,PRKAR2A,TRACKS_INFLAMMATION,EFO_1001249,0.36426237271111983,0.00037331968502943465,3,rises
ENSG00000120438,TCP1,TRACKS_INFLAMMATION,EFO_1001249,0.3642623727111198,5.971013010137168e-08,3,rises
ENSG00000167701,GPT,TRACKS_INFLAMMATION,EFO_1001249,-0.3642623727111198,7.74453673957466e-07,3,falls
ENSG00000176971,FIBIN,TRACKS_INFLAMMATION,EFO_1001249,0.3642623727111198,0.00010370965496079627,3,rises
ENSG00000186074,CD300LF,TRACKS_INFLAMMATION,EFO_1001249,0.3641444615922306,2.7615400585627018e-06,3,rises
ENSG00000102218,RP2,TRACKS_INFLAMMATION,EFO_1001249,0.36393700478547536,5.771979212590843e-05,3,rises
ENSG00000114480,GBE1,TRACKS_INFLAMMATION,EFO_1001249,0.3638671109877442,0.00043755105621863874,3,rises
ENSG00000181915,ADO,TRACKS_INFLAMMATION,EFO_1001249,0.36382420661901327,5.153973638031446e-07,3,rises
ENSG00000154813,DPH3,TRACKS_INFLAMMATION,EFO_1001249,0.36380964957477613,8.70130854847675e-08,3,rises
ENSG00000107731,UNC5B,TRACKS_INFLAMMATION,EFO_1001249,0.3636495220881675,7.06682425168993e-12,3,rises
ENSG00000105550,FGF21,TRACKS_INFLAMMATION,EFO_1001249,0.3636204079996932,4.027477231181074e-07,3,rises
ENSG00000113088,GZMK,TRACKS_INFLAMMATION,EFO_1001249,0.36354034620425935,1.3559449108573086e-05,3,rises
ENSG00000140262,TCF12,TRACKS_INFLAMMATION,EFO_1001249,0.36354034620425935,0.0005941765156349463,3,rises
ENSG00000087470,DNM1L,TRACKS_INFLAMMATION,EFO_1001249,0.36354034620425923,8.152747170785561e-07,3,rises
ENSG00000131477,RAMP2,TRACKS_INFLAMMATION,EFO_1001249,0.36354034620425923,0.0002149820297305382,3,rises
ENSG00000134153,EMC7,TRACKS_INFLAMMATION,EFO_1001249,0.36347483755732174,4.2688079363126565e-08,3,rises
ENSG00000090013,BLVRB,TRACKS_INFLAMMATION,EFO_1001249,-0.3634477482013581,1.732080228072945e-05,3,falls
ENSG00000139719,VPS33A,TRACKS_INFLAMMATION,EFO_1001249,0.3631681730104339,2.7053727974280344e-06,3,rises
ENSG00000232810,TNF,TRACKS_INFLAMMATION,EFO_1001249,0.36309635440715593,3.550941649826484e-05,3,rises
ENSG00000106366,SERPINE1,TRACKS_INFLAMMATION,EFO_1001249,0.36281831969739875,1.78684290564965e-10,3,rises
ENSG00000140941,MAP1LC3B,TRACKS_INFLAMMATION,EFO_1001249,0.36281831969739875,4.556972406934656e-07,3,rises
ENSG00000163900,TMEM41A,TRACKS_INFLAMMATION,EFO_1001249,0.36281831969739875,3.8073218152899093e-06,3,rises
ENSG00000014914,MTMR11,TRACKS_INFLAMMATION,EFO_1001249,0.36281831969739875,7.54214033717327e-05,3,rises
ENSG00000065154,OAT,TRACKS_INFLAMMATION,EFO_1001249,-0.36273242830122726,2.0397415822953553e-06,3,falls
ENSG00000163453,IGFBP7,TRACKS_INFLAMMATION,EFO_1001249,0.3622374887971643,3.718693194662336e-09,3,rises
ENSG00000160862,AZGP1,TRACKS_INFLAMMATION,EFO_1001249,-0.3621647035759785,1.6921264891001522e-16,3,falls
ENSG00000134851,TMEM165,TRACKS_INFLAMMATION,EFO_1001249,0.36209629319053827,7.219780544366162e-07,3,rises
ENSG00000108518,PFN1,TRACKS_INFLAMMATION,EFO_1001249,0.3615533077180183,0.0008561193036027862,3,rises
ENSG00000164342,TLR3,TRACKS_INFLAMMATION,EFO_1001249,0.3615387506737812,1.1416107496963307e-10,3,rises
ENSG00000100129,EIF3L,TRACKS_INFLAMMATION,EFO_1001249,-0.36137426668367784,2.4695748879654686e-06,3,falls
ENSG00000174371,EXO1,TRACKS_INFLAMMATION,EFO_1001249,0.36107145340151775,4.806928961133016e-06,3,rises
ENSG00000061656,SPAG4,TRACKS_INFLAMMATION,EFO_1001249,0.3609127977715839,0.00022386915475265968,3,rises
ENSG00000180071,ANKRD18A,TRACKS_INFLAMMATION,EFO_1001249,0.36090543610815695,7.767002650622413e-08,3,rises
ENSG00000105928,GSDME,TRACKS_INFLAMMATION,EFO_1001249,0.36065224017681735,1.0166923669628323e-08,3,rises
ENSG00000175283,DOLK,TRACKS_INFLAMMATION,EFO_1001249,0.36065224017681735,7.709253912844201e-06,3,rises
ENSG00000160563,MED27,TRACKS_INFLAMMATION,EFO_1001249,0.36065224017681735,1.1757524221295832e-05,3,rises
ENSG00000163877,SNIP1,TRACKS_INFLAMMATION,EFO_1001249,0.3605821024943859,4.328423487917863e-05,3,rises
ENSG00000180817,PPA1,TRACKS_INFLAMMATION,EFO_1001249,0.36041785826752093,2.2641686532295426e-10,3,rises
ENSG00000170962,PDGFD,TRACKS_INFLAMMATION,EFO_1001249,0.3602326335057306,4.549448707612606e-05,3,rises
ENSG00000180891,CUEDC1,TRACKS_INFLAMMATION,EFO_1001249,0.3600229521125376,2.421421936287598e-05,3,rises
ENSG00000044574,HSPA5,TRACKS_INFLAMMATION,EFO_1001249,0.3599302136699568,2.5850793819316848e-11,3,rises
ENSG00000149483,TMEM138,TRACKS_INFLAMMATION,EFO_1001249,0.3599302136699568,1.0992007645221288e-10,3,rises
ENSG00000182771,GRID1,TRACKS_INFLAMMATION,EFO_1001249,0.35993021366995676,3.4069952259619144e-06,3,rises
ENSG00000168209,DDIT4,TRACKS_INFLAMMATION,EFO_1001249,0.3594425363036321,1.8467213075745873e-07,3,rises
ENSG00000198960,ARMCX6,TRACKS_INFLAMMATION,EFO_1001249,0.3593939079329582,0.00017479791050241923,3,rises
ENSG00000167208,SNX20,TRACKS_INFLAMMATION,EFO_1001249,0.3591513954188891,5.371528219091673e-06,3,rises
ENSG00000009790,TRAF3IP3,TRACKS_INFLAMMATION,EFO_1001249,0.35904443894430316,0.0001131415899428102,3,rises
ENSG00000204178,MACO1,TRACKS_INFLAMMATION,EFO_1001249,-0.3588165834014348,2.1455887223599799e-07,3,falls
ENSG00000131238,PPT1,TRACKS_INFLAMMATION,EFO_1001249,0.3585545566051661,6.063279085553908e-12,3,rises
ENSG00000110619,CARS1,TRACKS_INFLAMMATION,EFO_1001249,0.35848616065623584,1.314616021789685e-08,3,rises
ENSG00000185379,RAD51D,TRACKS_INFLAMMATION,EFO_1001249,0.3584861606562358,1.0464372767473639e-05,3,rises
ENSG00000138768,USO1,TRACKS_INFLAMMATION,EFO_1001249,0.35841539476472384,0.0006583196953734369,3,rises
ENSG00000166173,LARP6,TRACKS_INFLAMMATION,EFO_1001249,0.35830708685313456,0.00016242271646026087,3,rises
ENSG00000174938,SEZ6L2,TRACKS_INFLAMMATION,EFO_1001249,0.3581803882740801,5.214656053711578e-08,3,rises
ENSG00000136514,RTP4,TRACKS_INFLAMMATION,EFO_1001249,0.35795771779144303,1.165858233091333e-07,3,rises
ENSG00000100767,PAPLN,TRACKS_INFLAMMATION,EFO_1001249,0.3579261381806066,1.908929021106534e-06,3,rises
ENSG00000168439,STIP1,TRACKS_INFLAMMATION,EFO_1001249,0.3575067753942205,1.1897905723403026e-06,3,rises
ENSG00000080709,KCNN2,TRACKS_INFLAMMATION,EFO_1001249,-0.35743688159648945,1.1003810014187001e-05,3,falls
ENSG00000261115,TMEM178B,TRACKS_INFLAMMATION,EFO_1001249,0.3570824582693731,5.104952183450324e-05,3,rises
ENSG00000118894,EEF2KMT,TRACKS_INFLAMMATION,EFO_1001249,0.35704210764251487,7.903121542291163e-05,3,rises
ENSG00000109016,DHRS7B,TRACKS_INFLAMMATION,EFO_1001249,0.3570421076425148,4.26262875925335e-13,3,rises
ENSG00000269113,TRABD2B,TRACKS_INFLAMMATION,EFO_1001249,-0.3570421076425148,4.621089871067695e-10,3,falls
ENSG00000137338,PGBD1,TRACKS_INFLAMMATION,EFO_1001249,0.3570421076425148,1.7668376230782597e-07,3,rises
ENSG00000148346,LCN2,TRACKS_INFLAMMATION,EFO_1001249,0.3570421076425148,4.320426901390497e-07,3,rises
ENSG00000240038,AMY2B,TRACKS_INFLAMMATION,EFO_1001249,-0.3570421076425148,2.2056739928337985e-05,3,falls
ENSG00000125148,MT2A,TRACKS_INFLAMMATION,EFO_1001249,-0.3570421076425148,0.0004743909004824965,3,falls
ENSG00000183208,GDPGP1,TRACKS_INFLAMMATION,EFO_1001249,0.3569476250123723,5.198212543851817e-05,3,rises
ENSG00000169299,PGM2,TRACKS_INFLAMMATION,EFO_1001249,0.3566680498214481,9.33604502260977e-05,3,rises
ENSG00000111711,GOLT1B,TRACKS_INFLAMMATION,EFO_1001249,0.35654568450043983,1.0600763359339077e-08,3,rises
ENSG00000148541,FAM13C,TRACKS_INFLAMMATION,EFO_1001249,0.356470110061357,3.839584962039257e-08,3,rises
ENSG00000145293,ENOPH1,TRACKS_INFLAMMATION,EFO_1001249,0.3563564429253569,8.089880448565475e-07,3,rises
ENSG00000178623,GPR35,TRACKS_INFLAMMATION,EFO_1001249,0.3563246247017147,0.00023668067978183156,3,rises
ENSG00000106123,EPHB6,TRACKS_INFLAMMATION,EFO_1001249,0.3563200811356544,6.271288138976176e-06,3,rises
ENSG00000131828,PDHA1,TRACKS_INFLAMMATION,EFO_1001249,0.3563200811356544,3.163333905513478e-05,3,rises
ENSG00000196504,PRPF40A,TRACKS_INFLAMMATION,EFO_1001249,0.3563200811356544,0.00013273978433974386,3,rises
ENSG00000156026,MCU,TRACKS_INFLAMMATION,EFO_1001249,0.3563200811356543,1.4757397909361635e-06,3,rises
ENSG00000151023,ENKUR,TRACKS_INFLAMMATION,EFO_1001249,0.35612137759896206,0.00012674183535176043,3,rises
ENSG00000173950,XXYLT1,TRACKS_INFLAMMATION,EFO_1001249,0.35610889943959995,1.61881947236808e-05,3,rises
ENSG00000004961,HCCS,TRACKS_INFLAMMATION,EFO_1001249,0.3559925168194283,0.000217737199105297,3,rises
ENSG00000106012,IQCE,TRACKS_INFLAMMATION,EFO_1001249,0.3549207048781724,1.4729679130824459e-05,3,rises
ENSG00000010030,ETV7,TRACKS_INFLAMMATION,EFO_1001249,0.3548760281219334,5.643383614739409e-09,3,rises
ENSG00000144580,CNOT9,TRACKS_INFLAMMATION,EFO_1001249,0.3548760281219334,0.00027468135627277006,3,rises
ENSG00000023734,STRAP,TRACKS_INFLAMMATION,EFO_1001249,0.3542602285552077,0.0003317737833562585,3,rises
ENSG00000068001,HYAL2,TRACKS_INFLAMMATION,EFO_1001249,0.35422176690086205,1.7512492195523625e-11,3,rises
ENSG00000138835,RGS3,TRACKS_INFLAMMATION,EFO_1001249,0.35415400161507293,0.0001916926220019217,3,rises
ENSG00000171617,ENC1,TRACKS_INFLAMMATION,EFO_1001249,0.35415400161507293,0.00023150038895962798,3,rises
ENSG00000165272,AQP3,TRACKS_INFLAMMATION,EFO_1001249,-0.3541540016150729,5.626531514369339e-05,3,falls
ENSG00000198252,STYX,TRACKS_INFLAMMATION,EFO_1001249,-0.3541540016150728,3.596529334785809e-05,3,falls
ENSG00000163755,HPS3,TRACKS_INFLAMMATION,EFO_1001249,0.3541540016150728,0.0006515944264607954,3,rises
ENSG00000123609,NMI,TRACKS_INFLAMMATION,EFO_1001249,0.3540273158474133,2.0777245250522955e-09,3,rises
ENSG00000166482,MFAP4,TRACKS_INFLAMMATION,EFO_1001249,0.35383807427233055,4.7570295470985525e-11,3,rises
ENSG00000107438,PDLIM1,TRACKS_INFLAMMATION,EFO_1001249,0.3538024041144759,0.00026729528888026137,3,rises
ENSG00000109113,RAB34,TRACKS_INFLAMMATION,EFO_1001249,0.35361971860877334,2.311009853759631e-07,3,rises
ENSG00000175305,CCNE2,TRACKS_INFLAMMATION,EFO_1001249,0.35343197510821234,0.00011433248461375348,3,rises
ENSG00000136270,TBRG4,TRACKS_INFLAMMATION,EFO_1001249,0.35343197510821234,0.001053186862157627,3,rises
ENSG00000138430,OLA1,TRACKS_INFLAMMATION,EFO_1001249,0.35327034954708175,5.640436142067504e-09,3,rises
ENSG00000138615,CILP,TRACKS_INFLAMMATION,EFO_1001249,0.3531034661371655,4.312525146061629e-12,3,rises
ENSG00000164574,GALNT10,TRACKS_INFLAMMATION,EFO_1001249,0.3528937847439725,6.137531526771546e-06,3,rises
ENSG00000163468,CCT3,TRACKS_INFLAMMATION,EFO_1001249,0.35270994860135196,2.5485307601754434e-10,3,rises
ENSG00000124299,PEPD,TRACKS_INFLAMMATION,EFO_1001249,0.35270994860135185,6.683280163195205e-05,3,rises
ENSG00000181019,NQO1,TRACKS_INFLAMMATION,EFO_1001249,0.35270994860135185,0.00013298440153500804,3,rises
ENSG00000242498,ARPIN,TRACKS_INFLAMMATION,EFO_1001249,0.35270994860135185,0.0002522442266883518,3,rises
ENSG00000096063,SRPK1,TRACKS_INFLAMMATION,EFO_1001249,0.3525443157553173,6.199807510898832e-05,3,rises
ENSG00000184613,NELL2,TRACKS_INFLAMMATION,EFO_1001249,0.3523678128043786,1.475556422878714e-06,3,rises
ENSG00000197858,GPAA1,TRACKS_INFLAMMATION,EFO_1001249,0.3522647405643932,8.833954549094374e-05,3,rises
ENSG00000130649,CYP2E1,TRACKS_INFLAMMATION,EFO_1001249,-0.35198792209449137,8.564588441290046e-08,3,falls
ENSG00000104765,BNIP3L,TRACKS_INFLAMMATION,EFO_1001249,0.35198792209449137,3.589430122681476e-05,3,rises
ENSG00000120820,GLT8D2,TRACKS_INFLAMMATION,EFO_1001249,0.35184537777800706,0.00014075801386081313,3,rises
ENSG00000154978,VOPP1,TRACKS_INFLAMMATION,EFO_1001249,0.351775483980276,8.592118700182408e-06,3,rises
ENSG00000115355,CCDC88A,TRACKS_INFLAMMATION,EFO_1001249,0.35177548398027597,7.781979780062913e-05,3,rises
ENSG00000163655,GMPS,TRACKS_INFLAMMATION,EFO_1001249,0.3516356963848139,0.00020124308049561705,3,rises
ENSG00000185267,CDNF,TRACKS_INFLAMMATION,EFO_1001249,-0.3513488197077784,5.8195199671591116e-08,3,falls
ENSG00000160957,RECQL4,TRACKS_INFLAMMATION,EFO_1001249,0.35126589558763094,0.00013953141439121435,3,rises
ENSG00000068394,GPKOW,TRACKS_INFLAMMATION,EFO_1001249,0.35126589558763094,0.00027938482034548147,3,rises
ENSG00000059588,TARBP1,TRACKS_INFLAMMATION,EFO_1001249,0.3512658955876309,4.731285533465437e-08,3,rises
ENSG00000143157,POGK,TRACKS_INFLAMMATION,EFO_1001249,0.3512658955876309,0.0003373998336815943,3,rises
ENSG00000137880,GCHFR,TRACKS_INFLAMMATION,EFO_1001249,-0.3510285647345612,1.9254838867801002e-11,3,falls
ENSG00000197279,ZNF165,TRACKS_INFLAMMATION,EFO_1001249,0.35086843724795247,6.805073385746237e-06,3,rises
ENSG00000151725,CENPU,TRACKS_INFLAMMATION,EFO_1001249,0.35054386908077045,1.179846152485737e-09,3,rises
ENSG00000155393,HEATR3,TRACKS_INFLAMMATION,EFO_1001249,0.35054386908077034,1.2422199554137697e-08,3,rises
ENSG00000102287,GABRE,TRACKS_INFLAMMATION,EFO_1001249,0.35054386908077034,5.185605783427854e-07,3,rises
ENSG00000020181,ADGRA2,TRACKS_INFLAMMATION,EFO_1001249,0.34993678641677495,1.1796631790894591e-11,3,rises
ENSG00000167977,KCTD5,TRACKS_INFLAMMATION,EFO_1001249,0.3498218425739099,0.0002750044842745458,3,rises
ENSG00000123562,MORF4L2,TRACKS_INFLAMMATION,EFO_1001249,0.3497184307532179,1.2039445746091841e-09,3,rises
ENSG00000123342,MMP19,TRACKS_INFLAMMATION,EFO_1001249,0.34946898865515197,1.290113885458495e-10,3,rises
ENSG00000162302,RPS6KA4,TRACKS_INFLAMMATION,EFO_1001249,0.34946898865515197,3.926565396829038e-09,3,rises
ENSG00000187474,FPR3,TRACKS_INFLAMMATION,EFO_1001249,0.3494127328242378,1.63092270134308e-12,3,rises
ENSG00000154262,ABCA6,TRACKS_INFLAMMATION,EFO_1001249,-0.34926716238186634,3.125547825507642e-06,3,falls
ENSG00000135678,CPM,TRACKS_INFLAMMATION,EFO_1001249,0.34918941346422794,3.741715727709864e-05,3,rises
ENSG00000089486,CDIP1,TRACKS_INFLAMMATION,EFO_1001249,0.3490998160670494,1.1224988019041333e-05,3,rises
ENSG00000139269,INHBE,TRACKS_INFLAMMATION,EFO_1001249,0.34901969262983484,2.135627221227765e-08,3,rises
ENSG00000070061,ELP1,TRACKS_INFLAMMATION,EFO_1001249,0.3488399444755727,3.801619459314878e-05,3,rises
ENSG00000085840,ORC1,TRACKS_INFLAMMATION,EFO_1001249,0.3487451519512364,3.910833031303076e-08,3,rises
ENSG00000094975,SUCO,TRACKS_INFLAMMATION,EFO_1001249,0.3485538672142462,1.0145482135742665e-05,3,rises
ENSG00000132768,DPH2,TRACKS_INFLAMMATION,EFO_1001249,0.3483777895601889,2.932446832257949e-07,3,rises
ENSG00000164332,UBLCP1,TRACKS_INFLAMMATION,EFO_1001249,0.3483777895601889,1.3588917386948943e-05,3,rises
ENSG00000176153,GPX2,TRACKS_INFLAMMATION,EFO_1001249,0.3483506878914555,0.00024199807801264067,3,rises
ENSG00000183779,ZNF703,TRACKS_INFLAMMATION,EFO_1001249,0.3483500685949261,0.00012767719753259288,3,rises
ENSG00000175606,TMEM70,TRACKS_INFLAMMATION,EFO_1001249,0.3482190551967918,9.067809187414482e-08,3,rises
ENSG00000115514,TXNDC9,TRACKS_INFLAMMATION,EFO_1001249,0.3482044981525546,3.1929902843066953e-09,3,rises
ENSG00000162783,IER5,TRACKS_INFLAMMATION,EFO_1001249,0.34807111270053137,1.2623897430809457e-12,3,rises
ENSG00000175161,CADM2,TRACKS_INFLAMMATION,EFO_1001249,-0.3479570284005231,0.0005408931645934138,3,falls
ENSG00000131966,ACTR10,TRACKS_INFLAMMATION,EFO_1001249,0.3478988002235745,9.137124640849076e-10,3,rises
ENSG00000134690,CDCA8,TRACKS_INFLAMMATION,EFO_1001249,0.34786143130733826,9.4224946078993e-05,3,rises
ENSG00000060718,COL11A1,TRACKS_INFLAMMATION,EFO_1001249,0.34783870846301684,4.84690780167888e-05,3,rises
ENSG00000197150,ABCB8,TRACKS_INFLAMMATION,EFO_1001249,0.34779153750960723,8.551425363567753e-07,3,rises
ENSG00000176595,KBTBD11,TRACKS_INFLAMMATION,EFO_1001249,-0.34765576305332835,3.3330489347990273e-07,3,falls
ENSG00000100364,KIAA0930,TRACKS_INFLAMMATION,EFO_1001249,0.34765576305332835,0.000336020858853806,3,rises
ENSG00000178878,APOLD1,TRACKS_INFLAMMATION,EFO_1001249,0.34765576305332835,0.000455918054616702,3,rises
ENSG00000065183,WDR3,TRACKS_INFLAMMATION,EFO_1001249,0.3475119623186831,0.0008867440173239995,3,rises
ENSG00000062598,ELMO2,TRACKS_INFLAMMATION,EFO_1001249,0.34744206852095205,6.968865472310239e-08,3,rises
ENSG00000104312,RIPK2,TRACKS_INFLAMMATION,EFO_1001249,0.34730228092549004,0.00024528526859913066,3,rises
ENSG00000116824,CD2,TRACKS_INFLAMMATION,EFO_1001249,0.3469337365464679,1.3921893220717835e-05,3,rises
ENSG00000185624,P4HB,TRACKS_INFLAMMATION,EFO_1001249,0.3469337365464679,8.575040293694328e-05,3,rises
ENSG00000157184,CPT2,TRACKS_INFLAMMATION,EFO_1001249,0.34632376775725565,2.7938530555176397e-06,3,rises
ENSG00000117528,ABCD3,TRACKS_INFLAMMATION,EFO_1001249,0.34621171003960743,2.5459937486873397e-06,3,rises
ENSG00000118473,SGIP1,TRACKS_INFLAMMATION,EFO_1001249,0.34621171003960743,7.892266469605297e-05,3,rises
ENSG00000083814,ZNF671,TRACKS_INFLAMMATION,EFO_1001249,0.34621171003960743,0.0005037731619796104,3,rises
ENSG00000128655,PDE11A,TRACKS_INFLAMMATION,EFO_1001249,0.3462117100396074,1.1980982046785855e-05,3,rises
ENSG00000006715,VPS41,TRACKS_INFLAMMATION,EFO_1001249,0.3460209415169826,1.5220107816316298e-08,3,rises
ENSG00000157456,CCNB2,TRACKS_INFLAMMATION,EFO_1001249,0.34585179928715126,0.0002196152868350115,3,rises
ENSG00000117226,GBP3,TRACKS_INFLAMMATION,EFO_1001249,0.34576461737540737,0.00016981482953538305,3,rises
ENSG00000102879,CORO1A,TRACKS_INFLAMMATION,EFO_1001249,0.34570068654376535,2.734114957938532e-09,3,rises
ENSG00000204262,COL5A2,TRACKS_INFLAMMATION,EFO_1001249,0.34562482977994535,5.417894692970153e-13,3,rises
ENSG00000165480,SKA3,TRACKS_INFLAMMATION,EFO_1001249,0.34562192079995985,5.258209148735515e-06,3,rises
ENSG00000153037,SRP19,TRACKS_INFLAMMATION,EFO_1001249,0.3454968879244452,1.2098909099630504e-08,3,rises
ENSG00000133106,EPSTI1,TRACKS_INFLAMMATION,EFO_1001249,0.34548968353274695,3.0413398492741813e-07,3,rises
ENSG00000139496,NUP58,TRACKS_INFLAMMATION,EFO_1001249,0.3454850421844833,0.0003772270383424921,3,rises
ENSG00000141736,ERBB2,TRACKS_INFLAMMATION,EFO_1001249,0.3451355731958281,0.0005981263385146543,3,rises
ENSG00000171819,ANGPTL7,TRACKS_INFLAMMATION,EFO_1001249,0.34505473813106846,0.00010390663764925206,3,rises
ENSG00000175348,TMEM9B,TRACKS_INFLAMMATION,EFO_1001249,0.3449258918026351,0.0007785165327936401,3,rises
ENSG00000163884,KLF15,TRACKS_INFLAMMATION,EFO_1001249,-0.3447676570258864,6.447166225224612e-05,3,falls
ENSG00000172497,ACOT12,TRACKS_INFLAMMATION,EFO_1001249,0.3446089082259793,1.102268477031901e-09,3,rises
ENSG00000157326,DHRS4,TRACKS_INFLAMMATION,EFO_1001249,-0.3445065290162489,5.555286411659804e-05,3,falls
ENSG00000154553,PDLIM3,TRACKS_INFLAMMATION,EFO_1001249,0.34436674142078677,3.494283006576162e-05,3,rises
ENSG00000130717,UCK1,TRACKS_INFLAMMATION,EFO_1001249,-0.3440871662298627,0.0006424800202218099,3,falls
ENSG00000183114,FAM43B,TRACKS_INFLAMMATION,EFO_1001249,0.34395679165203064,6.241358343260483e-05,3,rises
ENSG00000132341,RAN,TRACKS_INFLAMMATION,EFO_1001249,0.34395384123530764,3.046555476928225e-05,3,rises
ENSG00000177576,C18orf32,TRACKS_INFLAMMATION,EFO_1001249,0.34377915670446196,0.002081319041051851,3,rises
ENSG00000144445,KANSL1L,TRACKS_INFLAMMATION,EFO_1001249,-0.34370637148327615,0.00043291659514707056,3,falls
ENSG00000067560,RHOA,TRACKS_INFLAMMATION,EFO_1001249,0.34363358626209045,9.293249155937815e-06,3,rises
ENSG00000115109,EPB41L5,TRACKS_INFLAMMATION,EFO_1001249,-0.34338822825255233,5.107838789663349e-06,3,falls
ENSG00000013619,MAMLD1,TRACKS_INFLAMMATION,EFO_1001249,-0.34332360401216544,5.971074483509302e-06,3,falls
ENSG00000089195,TRMT6,TRACKS_INFLAMMATION,EFO_1001249,0.3433236040121654,4.072626161731318e-06,3,rises
ENSG00000138448,ITGAV,TRACKS_INFLAMMATION,EFO_1001249,0.3432987742446361,5.177392742529959e-11,3,rises
ENSG00000179388,EGR3,TRACKS_INFLAMMATION,EFO_1001249,0.3430389164186435,9.957704085966395e-07,3,rises
ENSG00000137168,PPIL1,TRACKS_INFLAMMATION,EFO_1001249,0.3428475058732846,7.605545282846387e-07,3,rises
ENSG00000104320,NBN,TRACKS_INFLAMMATION,EFO_1001249,0.34268929027524203,1.7443093031185687e-06,3,rises
ENSG00000123219,CENPK,TRACKS_INFLAMMATION,EFO_1001249,0.3426234223589625,5.69591949021833e-05,3,rises
ENSG00000137693,YAP1,TRACKS_INFLAMMATION,EFO_1001249,0.342601577505305,0.0008932380028741099,3,rises
ENSG00000063046,EIF4B,TRACKS_INFLAMMATION,EFO_1001249,-0.34260157750530496,1.1805182844564648e-08,3,falls
ENSG00000164045,CDC25A,TRACKS_INFLAMMATION,EFO_1001249,0.34260157750530496,3.1235154290348663e-07,3,rises
ENSG00000118762,PKD2,TRACKS_INFLAMMATION,EFO_1001249,-0.34260157750530496,1.8418216724096462e-06,3,falls
ENSG00000148356,LRSAM1,TRACKS_INFLAMMATION,EFO_1001249,0.34260157750530496,3.521510444634545e-05,3,rises
ENSG00000168092,PAFAH1B2,TRACKS_INFLAMMATION,EFO_1001249,0.34260157750530496,8.838168961572645e-05,3,rises
ENSG00000198876,DCAF12,TRACKS_INFLAMMATION,EFO_1001249,0.34260157750530496,0.0010178032027639253,3,rises
ENSG00000157653,C9orf43,TRACKS_INFLAMMATION,EFO_1001249,-0.34260157750530484,0.00010089763414604735,3,falls
ENSG00000145050,MANF,TRACKS_INFLAMMATION,EFO_1001249,0.3425563649885416,2.0734340764389002e-10,3,rises
ENSG00000198954,KIFBP,TRACKS_INFLAMMATION,EFO_1001249,0.3424097150843179,6.391927209073421e-07,3,rises
ENSG00000105784,RUNDC3B,TRACKS_INFLAMMATION,EFO_1001249,-0.34190129799787006,5.028252724223118e-05,3,falls
ENSG00000114248,LRRC31,TRACKS_INFLAMMATION,EFO_1001249,0.34190129799787,3.271218324294423e-07,3,rises
ENSG00000168621,GDNF,TRACKS_INFLAMMATION,EFO_1001249,0.3418904498852533,0.001714533000426348,3,rises
ENSG00000164221,CCDC112,TRACKS_INFLAMMATION,EFO_1001249,0.34187955099844447,8.944804933578214e-05,3,rises
ENSG00000058262,SEC61A1,TRACKS_INFLAMMATION,EFO_1001249,0.3418795509984444,2.4978627079671775e-07,3,rises
ENSG00000179954,SSC5D,TRACKS_INFLAMMATION,EFO_1001249,0.3417806709047386,9.173357055312798e-09,3,rises
ENSG00000135917,SLC19A3,TRACKS_INFLAMMATION,EFO_1001249,0.341157524491584,5.367408442381495e-10,3,rises
ENSG00000166130,IKBIP,TRACKS_INFLAMMATION,EFO_1001249,0.341157524491584,2.1839763726796012e-07,3,rises
ENSG00000205581,HMGN1,TRACKS_INFLAMMATION,EFO_1001249,0.3410278753436412,1.856153519859217e-08,3,rises
ENSG00000198792,TMEM184B,TRACKS_INFLAMMATION,EFO_1001249,0.3405924763433112,6.655021950725183e-08,3,rises
ENSG00000128185,DGCR6L,TRACKS_INFLAMMATION,EFO_1001249,-0.3405225825455801,0.000520845253669406,3,falls
ENSG00000012660,ELOVL5,TRACKS_INFLAMMATION,EFO_1001249,0.34043549798472345,1.640335407240628e-06,3,rises
ENSG00000073169,SELENOO,TRACKS_INFLAMMATION,EFO_1001249,-0.34043549798472345,0.00021113045124780572,3,falls
ENSG00000101224,CDC25B,TRACKS_INFLAMMATION,EFO_1001249,0.340312901152387,3.0031137124394506e-05,3,rises
ENSG00000139116,KIF21A,TRACKS_INFLAMMATION,EFO_1001249,0.340312901152387,3.6726302596970146e-05,3,rises
ENSG00000163393,SLC22A15,TRACKS_INFLAMMATION,EFO_1001249,0.34011243396698326,0.0006921619194040779,3,rises
ENSG00000185088,RPS27L,TRACKS_INFLAMMATION,EFO_1001249,0.34003799633551524,5.0377234302416554e-08,3,rises
ENSG00000175727,MLXIP,TRACKS_INFLAMMATION,EFO_1001249,0.34003332596146285,0.0001750993404281305,3,rises
ENSG00000084110,HAL,TRACKS_INFLAMMATION,EFO_1001249,-0.33986331180466944,1.6234281864179597e-05,3,falls
ENSG00000173281,PPP1R3B,TRACKS_INFLAMMATION,EFO_1001249,0.339713471477863,1.538670692643777e-05,3,rises
ENSG00000121774,KHDRBS1,TRACKS_INFLAMMATION,EFO_1001249,0.339713471477863,3.508006993651565e-05,3,rises
ENSG00000108639,SYNGR2,TRACKS_INFLAMMATION,EFO_1001249,0.33971347147786296,2.8268542414018794e-06,3,rises
ENSG00000156136,DCK,TRACKS_INFLAMMATION,EFO_1001249,0.33971347147786296,8.380398598477432e-06,3,rises
ENSG00000126860,EVI2A,TRACKS_INFLAMMATION,EFO_1001249,0.33971347147786296,1.538618634445919e-05,3,rises
ENSG00000158481,CD1C,TRACKS_INFLAMMATION,EFO_1001249,0.3393247011678949,0.00022911180278121387,3,rises
ENSG00000188549,CCDC9B,TRACKS_INFLAMMATION,EFO_1001249,0.3389914449710024,2.081284147219815e-05,3,rises
ENSG00000121797,CCRL2,TRACKS_INFLAMMATION,EFO_1001249,0.33898491899549743,2.351585054271032e-06,3,rises
ENSG00000123095,BHLHE41,TRACKS_INFLAMMATION,EFO_1001249,0.33898491899549743,3.0392599426917553e-06,3,rises
ENSG00000142185,TRPM2,TRACKS_INFLAMMATION,EFO_1001249,0.3387752376023043,3.4700832081287456e-08,3,rises
ENSG00000105708,ZNF14,TRACKS_INFLAMMATION,EFO_1001249,0.33863545000684225,0.0006842750738172171,3,rises
ENSG00000198826,ARHGAP11A,TRACKS_INFLAMMATION,EFO_1001249,0.338269418464142,1.1902457982102285e-05,3,rises
ENSG00000148908,RGS10,TRACKS_INFLAMMATION,EFO_1001249,0.338269418464142,3.6691626220222146e-05,3,rises
ENSG00000148584,A1CF,TRACKS_INFLAMMATION,EFO_1001249,-0.338269418464142,9.412873232887971e-05,3,falls
ENSG00000136986,DERL1,TRACKS_INFLAMMATION,EFO_1001249,0.3382694184641419,5.487444989207608e-08,3,rises
ENSG00000128595,CALU,TRACKS_INFLAMMATION,EFO_1001249,0.33824747989434617,3.0142698518074686e-06,3,rises
ENSG00000179636,TPPP2,TRACKS_INFLAMMATION,EFO_1001249,-0.3382329228501089,1.3044602166316679e-08,3,falls
ENSG00000120440,TTLL2,TRACKS_INFLAMMATION,EFO_1001249,-0.3381873004421802,4.0306406089699475e-05,3,falls
ENSG00000123353,ORMDL2,TRACKS_INFLAMMATION,EFO_1001249,0.33813102354044894,8.967239091690666e-08,3,rises
ENSG00000117133,RPF1,TRACKS_INFLAMMATION,EFO_1001249,0.3380291242307889,1.6379756660338496e-06,3,rises
ENSG00000112249,ASCC3,TRACKS_INFLAMMATION,EFO_1001249,0.3378981108326546,4.131289790838247e-09,3,rises
ENSG00000183844,FAM3B,TRACKS_INFLAMMATION,EFO_1001249,0.3377014327124042,0.001588600404436141,3,rises
ENSG00000162458,FBLIM1,TRACKS_INFLAMMATION,EFO_1001249,0.33765693683860787,0.00022914972246367574,3,rises
ENSG00000143248,RGS5,TRACKS_INFLAMMATION,EFO_1001249,-0.33754739195728145,5.318661623915257e-06,3,falls
ENSG00000156261,CCT8,TRACKS_INFLAMMATION,EFO_1001249,0.33754739195728145,0.0007727960092186998,3,rises
ENSG00000188342,GTF2F2,TRACKS_INFLAMMATION,EFO_1001249,0.3373595001958801,7.933360177006885e-09,3,rises
ENSG00000157445,CACNA2D3,TRACKS_INFLAMMATION,EFO_1001249,0.33724304384198295,6.913709958219126e-05,3,rises
ENSG00000139684,ESD,TRACKS_INFLAMMATION,EFO_1001249,0.3371848156650344,6.672770085732429e-06,3,rises
ENSG00000162517,PEF1,TRACKS_INFLAMMATION,EFO_1001249,0.33705380226690007,1.5753014327391138e-08,3,rises
ENSG00000136002,ARHGEF4,TRACKS_INFLAMMATION,EFO_1001249,-0.3370319889377532,8.039121948540997e-05,3,falls
ENSG00000111341,MGP,TRACKS_INFLAMMATION,EFO_1001249,0.336825365450421,3.3469541637208815e-06,3,rises
ENSG00000116774,OLFML3,TRACKS_INFLAMMATION,EFO_1001249,0.3366784236703734,1.904070482359842e-09,3,rises
ENSG00000034510,TMSB10,TRACKS_INFLAMMATION,EFO_1001249,0.33651519163012567,6.65366994432648e-09,3,rises
ENSG00000075415,SLC25A3,TRACKS_INFLAMMATION,EFO_1001249,0.3365006345858885,1.116184774858733e-09,3,rises
ENSG00000117152,RGS4,TRACKS_INFLAMMATION,EFO_1001249,0.33636962118775415,1.8818975620900962e-07,3,rises
ENSG00000088882,CPXM1,TRACKS_INFLAMMATION,EFO_1001249,0.33626997850804,2.203958063311505e-06,3,rises
ENSG00000134258,VTCN1,TRACKS_INFLAMMATION,EFO_1001249,0.33623198355774564,0.0017039677222818125,3,rises
ENSG00000119686,FLVCR2,TRACKS_INFLAMMATION,EFO_1001249,0.3361891670862562,2.822385274919258e-05,3,rises
ENSG00000185924,RTN4RL1,TRACKS_INFLAMMATION,EFO_1001249,0.336165822568434,4.760043579898295e-07,3,rises
ENSG00000101230,ISM1,TRACKS_INFLAMMATION,EFO_1001249,0.3361033389435605,1.2579079585532327e-08,3,rises
ENSG00000065485,PDIA5,TRACKS_INFLAMMATION,EFO_1001249,-0.3361033389435605,2.6991879922211153e-07,3,falls
ENSG00000073008,PVR,TRACKS_INFLAMMATION,EFO_1001249,0.3361033389435605,0.0007080458841445984,3,rises
ENSG00000179593,ALOX15B,TRACKS_INFLAMMATION,EFO_1001249,0.33607836210771375,3.1769600858950296e-05,3,rises
ENSG00000073969,NSF,TRACKS_INFLAMMATION,EFO_1001249,0.33597948569306313,1.255641141208259e-07,3,rises
ENSG00000147010,SH3KBP1,TRACKS_INFLAMMATION,EFO_1001249,0.335630016704408,8.468867968110423e-05,3,rises
ENSG00000120370,GORAB,TRACKS_INFLAMMATION,EFO_1001249,0.3353813124367,2.736757724765156e-08,3,rises
ENSG00000068400,GRIPAP1,TRACKS_INFLAMMATION,EFO_1001249,0.3353813124367,0.0002495167582172315,3,rises
ENSG00000131473,ACLY,TRACKS_INFLAMMATION,EFO_1001249,0.33521961469301953,1.4847054672241595e-14,3,rises
ENSG00000005059,MCUB,TRACKS_INFLAMMATION,EFO_1001249,0.3350708663225597,0.0001705340610632689,3,rises
ENSG00000011028,MRC2,TRACKS_INFLAMMATION,EFO_1001249,0.33500097252482874,9.870652536362143e-15,3,rises
ENSG00000121807,CCR2,TRACKS_INFLAMMATION,EFO_1001249,0.33489935971980234,2.8597450161751515e-08,3,rises
ENSG00000101000,PROCR,TRACKS_INFLAMMATION,EFO_1001249,0.3346592859298395,4.8830390692005815e-06,3,rises
ENSG00000100968,NFATC4,TRACKS_INFLAMMATION,EFO_1001249,0.3346592859298395,8.763816918891334e-06,3,rises
ENSG00000162415,ZSWIM5,TRACKS_INFLAMMATION,EFO_1001249,-0.33453543361387367,0.0006879540390501846,3,falls
ENSG00000107175,CREB3,TRACKS_INFLAMMATION,EFO_1001249,0.33441897725997644,3.9545313240953343e-07,3,rises
ENSG00000103342,GSPT1,TRACKS_INFLAMMATION,EFO_1001249,0.3343020345475184,6.98474845674416e-05,3,rises
ENSG00000124253,PCK1,TRACKS_INFLAMMATION,EFO_1001249,-0.33415695046370775,6.3615770976635e-06,3,falls
ENSG00000153179,RASSF3,TRACKS_INFLAMMATION,EFO_1001249,0.3341423934194707,1.156974058499323e-06,3,rises
ENSG00000158109,TPRG1L,TRACKS_INFLAMMATION,EFO_1001249,0.3340259370655735,5.890901701725192e-05,3,rises
ENSG00000106330,MOSPD3,TRACKS_INFLAMMATION,EFO_1001249,-0.33402245935659436,0.00012769521352825515,3,falls
ENSG00000111087,GLI1,TRACKS_INFLAMMATION,EFO_1001249,0.33395855182512163,2.052531649046566e-06,3,rises
ENSG00000132639,SNAP25,TRACKS_INFLAMMATION,EFO_1001249,0.3339415175775948,1.2399393862057096e-07,3,rises
ENSG00000160310,PRMT2,TRACKS_INFLAMMATION,EFO_1001249,0.3337428841656701,0.0002237485855902764,3,rises
ENSG00000197982,C1orf122,TRACKS_INFLAMMATION,EFO_1001249,0.333574668694222,4.7165750018165135e-05,3,rises
ENSG00000119718,EIF2B2,TRACKS_INFLAMMATION,EFO_1001249,0.33346330897474596,0.00011433248461375348,3,rises
ENSG00000136235,GPNMB,TRACKS_INFLAMMATION,EFO_1001249,0.33332719894219054,1.3462004581126385e-11,3,rises
ENSG00000115252,PDE1A,TRACKS_INFLAMMATION,EFO_1001249,0.3332152329161185,5.515255542287116e-05,3,rises
ENSG00000111801,BTN3A3,TRACKS_INFLAMMATION,EFO_1001249,0.3332152329161185,0.00027486039005469816,3,rises
ENSG00000179023,KLHDC7A,TRACKS_INFLAMMATION,EFO_1001249,0.3332152329161185,0.0011753134849067455,3,rises
ENSG00000182463,TSHZ2,TRACKS_INFLAMMATION,EFO_1001249,0.333183733783822,2.8331089568570438e-08,3,rises
ENSG00000105355,PLIN3,TRACKS_INFLAMMATION,EFO_1001249,0.33313795736710755,2.229552403444189e-09,3,rises
ENSG00000204386,NEU1,TRACKS_INFLAMMATION,EFO_1001249,0.33258478968609595,5.69362951251251e-08,3,rises
ENSG00000109072,VTN,TRACKS_INFLAMMATION,EFO_1001249,0.3324932064092581,0.00012297777637786334,3,rises
ENSG00000117228,GBP1,TRACKS_INFLAMMATION,EFO_1001249,0.33249320640925795,0.0010891336315327614,3,rises
ENSG00000021300,PLEKHB1,TRACKS_INFLAMMATION,EFO_1001249,0.33249320640925795,0.0018716708518609388,3,rises
ENSG00000082212,ME2,TRACKS_INFLAMMATION,EFO_1001249,0.3324828903764359,7.789124090167078e-09,3,rises
ENSG00000162627,SNX7,TRACKS_INFLAMMATION,EFO_1001249,0.33229364880135304,1.5262126091354067e-08,3,rises
ENSG00000105971,CAV2,TRACKS_INFLAMMATION,EFO_1001249,0.3320654330201255,5.459200590365698e-05,3,rises
ENSG00000173744,AGFG1,TRACKS_INFLAMMATION,EFO_1001249,0.3320607360935587,8.383973407048665e-11,3,rises
ENSG00000161896,IP6K3,TRACKS_INFLAMMATION,EFO_1001249,0.3317711799023976,8.866494514166664e-09,3,rises
ENSG00000132964,CDK8,TRACKS_INFLAMMATION,EFO_1001249,0.3317711799023975,0.0005382743876278746,3,rises
ENSG00000151572,ANO4,TRACKS_INFLAMMATION,EFO_1001249,0.33170823678634603,0.000295846812708505,3,rises
ENSG00000167769,ACER1,TRACKS_INFLAMMATION,EFO_1001249,-0.33164329500899825,1.8990014137153287e-06,3,falls
ENSG00000171056,SOX7,TRACKS_INFLAMMATION,EFO_1001249,0.3313664950428151,0.001296921180636001,3,rises
ENSG00000140511,HAPLN3,TRACKS_INFLAMMATION,EFO_1001249,0.3311402833119823,0.0013055320890082282,3,rises
ENSG00000166710,B2M,TRACKS_INFLAMMATION,EFO_1001249,0.33111452821814413,7.218706263451902e-06,3,rises
ENSG00000079257,LXN,TRACKS_INFLAMMATION,EFO_1001249,0.3310869198518909,2.4416800450138447e-10,3,rises
ENSG00000135205,CCDC146,TRACKS_INFLAMMATION,EFO_1001249,0.3310491533955371,5.602347357411463e-07,3,rises
ENSG00000041802,LSG1,TRACKS_INFLAMMATION,EFO_1001249,0.3308772384586979,0.00033039948035665505,3,rises
ENSG00000134871,COL4A2,TRACKS_INFLAMMATION,EFO_1001249,0.3307360450679783,2.8712087803673006e-17,3,rises
ENSG00000116260,QSOX1,TRACKS_INFLAMMATION,EFO_1001249,0.3306778168910297,1.3665193361467121e-14,3,rises
ENSG00000134108,ARL8B,TRACKS_INFLAMMATION,EFO_1001249,0.33054680349289545,0.0009653756386804965,3,rises
ENSG00000113552,GNPDA1,TRACKS_INFLAMMATION,EFO_1001249,0.330415790094761,3.372164764903224e-08,3,rises
ENSG00000116675,DNAJC6,TRACKS_INFLAMMATION,EFO_1001249,0.33038611124286094,2.11221103950859e-05,3,rises
ENSG00000185728,YTHDF3,TRACKS_INFLAMMATION,EFO_1001249,0.33032712688867655,0.0009933171268879646,3,rises
ENSG00000163251,FZD5,TRACKS_INFLAMMATION,EFO_1001249,-0.3303271268886765,8.339128504977846e-06,3,falls
ENSG00000211584,SLC48A1,TRACKS_INFLAMMATION,EFO_1001249,0.3303271268886765,0.0010384088384045368,3,rises
ENSG00000116120,FARSB,TRACKS_INFLAMMATION,EFO_1001249,0.33032712688867644,4.472930510379557e-08,3,rises
ENSG00000132677,RHBG,TRACKS_INFLAMMATION,EFO_1001249,-0.3301246492100182,0.00011553480354013746,3,falls
ENSG00000099994,SUSD2,TRACKS_INFLAMMATION,EFO_1001249,0.3301084066836566,3.284584977505644e-11,3,rises
ENSG00000182446,NPLOC4,TRACKS_INFLAMMATION,EFO_1001249,0.3299686190881945,4.924222660271708e-07,3,rises
ENSG00000145832,SLC25A48,TRACKS_INFLAMMATION,EFO_1001249,-0.32986262241374953,1.0821934100521101e-06,3,falls
ENSG00000135709,KIAA0513,TRACKS_INFLAMMATION,EFO_1001249,0.32968793788290374,1.1485362408858541e-07,3,rises
ENSG00000047579,DTNBP1,TRACKS_INFLAMMATION,EFO_1001249,0.3296051003818161,0.000455742165034153,3,rises
ENSG00000140367,UBE2Q2,TRACKS_INFLAMMATION,EFO_1001249,0.32936768290968643,9.212610286235515e-05,3,rises
ENSG00000184743,ATL3,TRACKS_INFLAMMATION,EFO_1001249,0.3293531258654493,2.3601378927993106e-08,3,rises
ENSG00000131873,CHSY1,TRACKS_INFLAMMATION,EFO_1001249,0.32919978731315314,7.886617684346859e-07,3,rises
ENSG00000118271,TTR,TRACKS_INFLAMMATION,EFO_1001249,-0.3289901059199601,7.095424799191862e-10,3,falls
ENSG00000198554,WDHD1,TRACKS_INFLAMMATION,EFO_1001249,0.3289901059199601,3.856285705564828e-06,3,rises
ENSG00000111058,ACSS3,TRACKS_INFLAMMATION,EFO_1001249,0.32892021212222905,3.617505852310787e-08,3,rises
ENSG00000187109,NAP1L1,TRACKS_INFLAMMATION,EFO_1001249,0.3288830738749555,1.8140200807407528e-08,3,rises
ENSG00000132434,LANCL2,TRACKS_INFLAMMATION,EFO_1001249,0.3288830738749555,1.8528351669028343e-08,3,rises
ENSG00000091622,PITPNM3,TRACKS_INFLAMMATION,EFO_1001249,-0.3288830738749555,9.615347171660962e-08,3,falls
ENSG00000186998,EMID1,TRACKS_INFLAMMATION,EFO_1001249,0.3288830738749555,1.168770170073977e-05,3,rises
ENSG00000163710,PCOLCE2,TRACKS_INFLAMMATION,EFO_1001249,-0.3288830738749555,4.7418715726656685e-05,3,falls
ENSG00000170633,RNF34,TRACKS_INFLAMMATION,EFO_1001249,0.3288830738749555,7.718171566240871e-05,3,rises
ENSG00000156171,DRAM2,TRACKS_INFLAMMATION,EFO_1001249,0.328710530729036,0.0004319638342303067,3,rises
ENSG00000109184,DCUN1D4,TRACKS_INFLAMMATION,EFO_1001249,-0.32868350183054057,2.5707220096660982e-05,3,falls
ENSG00000136925,TSTD2,TRACKS_INFLAMMATION,EFO_1001249,0.328640636931305,1.1298491677633549e-07,3,rises
ENSG00000150337,FCGR1A,TRACKS_INFLAMMATION,EFO_1001249,0.32861071660935487,1.7504339570640676e-07,3,rises
ENSG00000196126,HLA-DRB1,TRACKS_INFLAMMATION,EFO_1001249,0.3285707431335739,4.2091782578654956e-05,3,rises
ENSG00000136897,MRPL50,TRACKS_INFLAMMATION,EFO_1001249,0.3282759045919004,0.001651215153673366,3,rises
ENSG00000204397,CARD16,TRACKS_INFLAMMATION,EFO_1001249,0.32817400528224044,0.0004558659247728846,3,rises
ENSG00000136758,YME1L1,TRACKS_INFLAMMATION,EFO_1001249,0.328161047368095,0.00017567243742797845,3,rises
ENSG00000125845,BMP2,TRACKS_INFLAMMATION,EFO_1001249,0.3281012200610547,5.377976940052859e-06,3,rises
ENSG00000144843,ADPRH,TRACKS_INFLAMMATION,EFO_1001249,0.3275771664685175,5.514601600365351e-07,3,rises
ENSG00000146070,PLA2G7,TRACKS_INFLAMMATION,EFO_1001249,0.3275771664685174,3.0345256556874784e-08,3,rises
ENSG00000121900,TMEM54,TRACKS_INFLAMMATION,EFO_1001249,0.32743902086123455,3.656765128893658e-05,3,rises
ENSG00000174953,DHX36,TRACKS_INFLAMMATION,EFO_1001249,0.32743902086123455,0.0012586073285788084,3,rises
ENSG00000084733,RAB10,TRACKS_INFLAMMATION,EFO_1001249,0.3273126547744154,9.284568248849863e-05,3,rises
ENSG00000079739,PGM1,TRACKS_INFLAMMATION,EFO_1001249,-0.32724235445106303,1.8911956461202919e-06,3,falls
ENSG00000145882,PCYOX1L,TRACKS_INFLAMMATION,EFO_1001249,0.327140455141403,5.261720925182334e-06,3,rises
ENSG00000013810,TACC3,TRACKS_INFLAMMATION,EFO_1001249,0.32710297338122224,3.850356443494759e-05,3,rises
ENSG00000124491,F13A1,TRACKS_INFLAMMATION,EFO_1001249,0.32689329198802924,2.445311280567075e-07,3,rises
ENSG00000132109,TRIM21,TRACKS_INFLAMMATION,EFO_1001249,0.32675350439256706,0.00010885534655415981,3,rises
ENSG00000140259,MFAP1,TRACKS_INFLAMMATION,EFO_1001249,0.32671699435437396,0.000456812325461609,3,rises
ENSG00000037042,TUBG2,TRACKS_INFLAMMATION,EFO_1001249,0.3266836105948361,0.0007624836118327544,3,rises
ENSG00000160972,PPP1R16A,TRACKS_INFLAMMATION,EFO_1001249,-0.32647392920164303,4.848682852302869e-07,3,falls
ENSG00000167670,CHAF1A,TRACKS_INFLAMMATION,EFO_1001249,0.326473929201643,0.0002551676214921245,3,rises
ENSG00000176641,RNF152,TRACKS_INFLAMMATION,EFO_1001249,-0.32647083110649433,5.97137604142743e-06,3,falls
ENSG00000168065,SLC22A11,TRACKS_INFLAMMATION,EFO_1001249,0.3260822957268854,0.0029097436014942743,3,rises
ENSG00000164114,MAP9,TRACKS_INFLAMMATION,EFO_1001249,0.3260545664152569,4.496384880746898e-05,3,rises
ENSG00000092931,MFSD11,TRACKS_INFLAMMATION,EFO_1001249,0.32599496784751353,2.8721576864498864e-07,3,rises
ENSG00000132635,PCED1A,TRACKS_INFLAMMATION,EFO_1001249,-0.32599496784751353,8.153291976646719e-06,3,falls
ENSG00000144909,OSBPL11,TRACKS_INFLAMMATION,EFO_1001249,0.32599496784751353,0.0005362887084393026,3,rises
ENSG00000136295,TTYH3,TRACKS_INFLAMMATION,EFO_1001249,0.3259613345581941,5.196777977948811e-15,3,rises
ENSG00000089048,ESF1,TRACKS_INFLAMMATION,EFO_1001249,0.32527294134065315,0.00046859607947683814,3,rises
ENSG00000100003,SEC14L2,TRACKS_INFLAMMATION,EFO_1001249,-0.325272941340653,9.053141785213913e-06,3,falls
ENSG00000205143,ARID3C,TRACKS_INFLAMMATION,EFO_1001249,-0.325272941340653,7.622817245810524e-05,3,falls
ENSG00000120889,TNFRSF10B,TRACKS_INFLAMMATION,EFO_1001249,0.32486637185382927,0.00017933686677198393,3,rises
ENSG00000188643,S100A16,TRACKS_INFLAMMATION,EFO_1001249,0.3248404421519338,3.0405688570785317e-07,3,rises
ENSG00000176871,WSB2,TRACKS_INFLAMMATION,EFO_1001249,0.32476765693074805,1.5735891901574493e-06,3,rises
ENSG00000104356,POP1,TRACKS_INFLAMMATION,EFO_1001249,0.32458679666290524,0.0003912621886255445,3,rises
ENSG00000105443,CYTH2,TRACKS_INFLAMMATION,EFO_1001249,0.32455091483379256,8.77764793359091e-09,3,rises
ENSG00000014641,MDH1,TRACKS_INFLAMMATION,EFO_1001249,0.32436005969210796,8.509141137853157e-08,3,rises
ENSG00000165409,TSHR,TRACKS_INFLAMMATION,EFO_1001249,-0.32416281736248637,0.0005186802412521949,3,falls
ENSG00000066697,MSANTD3,TRACKS_INFLAMMATION,EFO_1001249,0.32396701949770496,4.2022728812859454e-05,3,rises
ENSG00000203972,GLYATL3,TRACKS_INFLAMMATION,EFO_1001249,-0.3238427837600435,0.0005365321449153664,3,falls
ENSG00000085831,TTC39A,TRACKS_INFLAMMATION,EFO_1001249,0.3238392117709315,0.0010910827358841767,3,rises
ENSG00000137942,FNBP1L,TRACKS_INFLAMMATION,EFO_1001249,0.3238288883269321,0.0003632977168849009,3,rises
ENSG00000185085,INTS5,TRACKS_INFLAMMATION,EFO_1001249,0.3238288883269321,0.0010901672353864009,3,rises
ENSG00000104044,OCA2,TRACKS_INFLAMMATION,EFO_1001249,0.323494298939865,4.1759366547642944e-05,3,rises
ENSG00000115484,CCT4,TRACKS_INFLAMMATION,EFO_1001249,0.32345752294940483,2.8492408787004557e-12,3,rises
ENSG00000159128,IFNGR2,TRACKS_INFLAMMATION,EFO_1001249,0.32334106659550765,1.2301899872556922e-06,3,rises
ENSG00000131096,PYY,TRACKS_INFLAMMATION,EFO_1001249,-0.3232159330676045,6.833917085808961e-05,3,falls
ENSG00000242247,ARFGAP3,TRACKS_INFLAMMATION,EFO_1001249,0.3231068618200716,2.0923039303542027e-09,3,rises
ENSG00000176624,MEX3C,TRACKS_INFLAMMATION,EFO_1001249,0.3231068618200716,1.8796594257121e-05,3,rises
ENSG00000110921,MVK,TRACKS_INFLAMMATION,EFO_1001249,0.3231068618200716,4.82175917055638e-05,3,rises
ENSG00000165752,STK32C,TRACKS_INFLAMMATION,EFO_1001249,0.32310686182007153,0.0015250319356579283,3,rises
ENSG00000161513,FDXR,TRACKS_INFLAMMATION,EFO_1001249,0.32302081162229046,3.411162952019884e-09,3,rises
ENSG00000164694,FNDC1,TRACKS_INFLAMMATION,EFO_1001249,0.3229792393150914,7.155640611051002e-12,3,rises
ENSG00000083223,TUT7,TRACKS_INFLAMMATION,EFO_1001249,-0.3229480264011047,4.917142186130619e-08,3,falls
ENSG00000136630,HLX,TRACKS_INFLAMMATION,EFO_1001249,-0.32290934551736045,2.410690108479428e-05,3,falls
ENSG00000136824,SMC2,TRACKS_INFLAMMATION,EFO_1001249,0.32283945171962936,5.2809228432591455e-05,3,rises
ENSG00000111642,CHD4,TRACKS_INFLAMMATION,EFO_1001249,0.32269966412416734,0.000798439274477085,3,rises
ENSG00000131323,TRAF3,TRACKS_INFLAMMATION,EFO_1001249,0.32242008893324325,4.2049825126744176e-05,3,rises
ENSG00000171132,PRKCE,TRACKS_INFLAMMATION,EFO_1001249,0.3223948587200931,1.6173298819891888e-07,3,rises
ENSG00000116266,STXBP3,TRACKS_INFLAMMATION,EFO_1001249,0.32238483531321105,1.6414214040928508e-05,3,rises
ENSG00000157191,NECAP2,TRACKS_INFLAMMATION,EFO_1001249,0.32238483531321105,0.0002610025322835255,3,rises
ENSG00000065665,SEC61A2,TRACKS_INFLAMMATION,EFO_1001249,-0.3222803013377811,0.00042287637358537995,3,falls
ENSG00000101844,ATG4A,TRACKS_INFLAMMATION,EFO_1001249,0.3216628088063506,3.719756012397173e-11,3,rises
ENSG00000077721,UBE2A,TRACKS_INFLAMMATION,EFO_1001249,0.32166280880635056,1.1057808751841949e-08,3,rises
ENSG00000172977,KAT5,TRACKS_INFLAMMATION,EFO_1001249,0.32166280880635056,0.00025716408101496226,3,rises
ENSG00000168679,SLC16A4,TRACKS_INFLAMMATION,EFO_1001249,-0.3215651071985757,0.00011135046366971391,3,falls
ENSG00000198108,CHSY3,TRACKS_INFLAMMATION,EFO_1001249,0.3213473198053114,4.184075101677913e-05,3,rises
ENSG00000168772,CXXC4,TRACKS_INFLAMMATION,EFO_1001249,-0.3209537113406156,4.9956986061808866e-05,3,falls
ENSG00000063660,GPC1,TRACKS_INFLAMMATION,EFO_1001249,0.32095231918089157,1.0588380903078823e-06,3,rises
ENSG00000196187,TMEM63A,TRACKS_INFLAMMATION,EFO_1001249,0.3209407822994902,1.1192215325646706e-05,3,rises
ENSG00000079557,AFM,TRACKS_INFLAMMATION,EFO_1001249,0.3209407822994901,2.4734448633796696e-08,3,rises
ENSG00000160867,FGFR4,TRACKS_INFLAMMATION,EFO_1001249,-0.3209407822994901,3.964448497662501e-06,3,falls
ENSG00000102753,KPNA3,TRACKS_INFLAMMATION,EFO_1001249,0.32094078229949,2.388431288558359e-05,3,rises
ENSG00000102804,TSC22D1,TRACKS_INFLAMMATION,EFO_1001249,0.32077902680976983,7.395773693746392e-10,3,rises
ENSG00000189241,TSPYL1,TRACKS_INFLAMMATION,EFO_1001249,0.32053295639450546,1.419956996260629e-09,3,rises
ENSG00000153767,GTF2E1,TRACKS_INFLAMMATION,EFO_1001249,0.32046306259677443,1.9061867576274354e-05,3,rises
ENSG00000160183,TMPRSS3,TRACKS_INFLAMMATION,EFO_1001249,0.32043538968198326,0.0012850607214406205,3,rises
ENSG00000089472,HEPH,TRACKS_INFLAMMATION,EFO_1001249,0.3203277584384182,8.132913083991288e-08,3,rises
ENSG00000197165,SULT1A2,TRACKS_INFLAMMATION,EFO_1001249,-0.3202187557926296,0.00036773005431946037,3,falls
ENSG00000112159,MDN1,TRACKS_INFLAMMATION,EFO_1001249,-0.32021875579262954,0.00012103885383899796,3,falls
ENSG00000137601,NEK1,TRACKS_INFLAMMATION,EFO_1001249,0.3202187557926295,4.841612366630767e-05,3,rises
ENSG00000117091,CD48,TRACKS_INFLAMMATION,EFO_1001249,0.3199201611997781,6.0829657056196123e-05,3,rises
ENSG00000197594,ENPP1,TRACKS_INFLAMMATION,EFO_1001249,-0.3197454766689324,4.2839090515783875e-07,3,falls
ENSG00000141385,AFG3L2,TRACKS_INFLAMMATION,EFO_1001249,0.31969423082173304,0.0005600221069391527,3,rises
ENSG00000247077,PGAM5,TRACKS_INFLAMMATION,EFO_1001249,0.3194967292857691,1.96372646170471e-08,3,rises
ENSG00000151445,VIPAS39,TRACKS_INFLAMMATION,EFO_1001249,0.3194967292857691,3.0092450368448995e-06,3,rises
ENSG00000162645,GBP2,TRACKS_INFLAMMATION,EFO_1001249,0.31949672928576905,0.001760204979483027,3,rises
ENSG00000115652,UXS1,TRACKS_INFLAMMATION,EFO_1001249,0.319308765341818,5.123296562556437e-07,3,rises
ENSG00000095002,MSH2,TRACKS_INFLAMMATION,EFO_1001249,0.31927486803534694,5.3842279315050834e-08,3,rises
ENSG00000065150,IPO5,TRACKS_INFLAMMATION,EFO_1001249,-0.31919230898792084,0.00039920376015276186,3,falls
ENSG00000168899,VAMP5,TRACKS_INFLAMMATION,EFO_1001249,0.3191340808109722,9.74316253350477e-05,3,rises
ENSG00000042980,ADAM28,TRACKS_INFLAMMATION,EFO_1001249,0.3190058004549084,0.0007025106497660688,3,rises
ENSG00000080573,COL5A3,TRACKS_INFLAMMATION,EFO_1001249,0.31900306741283785,2.4931316639031014e-05,3,rises
ENSG00000124228,DDX27,TRACKS_INFLAMMATION,EFO_1001249,0.31892539904669176,2.1497635541508954e-05,3,rises
ENSG00000125249,RAP2A,TRACKS_INFLAMMATION,EFO_1001249,0.31884293992622925,0.0005196263959952143,3,rises
ENSG00000165934,CPSF2,TRACKS_INFLAMMATION,EFO_1001249,0.3187856114512296,1.3922741903518371e-05,3,rises
ENSG00000168159,RNF187,TRACKS_INFLAMMATION,EFO_1001249,0.31878471174928064,0.0005680902703930953,3,rises
ENSG00000064601,CTSA,TRACKS_INFLAMMATION,EFO_1001249,0.3186682553953834,1.6882163410784197e-15,3,rises
ENSG00000035681,NSMAF,TRACKS_INFLAMMATION,EFO_1001249,0.31829635486711244,3.940870633539511e-06,3,rises
ENSG00000112473,SLC39A7,TRACKS_INFLAMMATION,EFO_1001249,0.3180526762720481,6.600221250266031e-09,3,rises
ENSG00000087077,TRIP6,TRACKS_INFLAMMATION,EFO_1001249,0.3180526762720481,5.758455665538373e-05,3,rises
ENSG00000087085,ACHE,TRACKS_INFLAMMATION,EFO_1001249,0.3180526762720481,0.00012078232999185833,3,rises
ENSG00000108384,RAD51C,TRACKS_INFLAMMATION,EFO_1001249,0.3179986313604747,1.9678552232451794e-05,3,rises
ENSG00000065600,PACC1,TRACKS_INFLAMMATION,EFO_1001249,0.31787699208072623,8.611028750154536e-05,3,rises
ENSG00000075223,SEMA3C,TRACKS_INFLAMMATION,EFO_1001249,0.3173344173111143,1.085465933519643e-07,3,rises
ENSG00000120063,GNA13,TRACKS_INFLAMMATION,EFO_1001249,0.31733064976518766,0.0002767761363237192,3,rises
ENSG00000134193,REG4,TRACKS_INFLAMMATION,EFO_1001249,-0.3172969453327061,9.976676959587297e-05,3,falls
ENSG00000179051,RCC2,TRACKS_INFLAMMATION,EFO_1001249,0.3172707791486174,9.02736815909125e-09,3,rises
ENSG00000184831,APOO,TRACKS_INFLAMMATION,EFO_1001249,0.31696508121963735,0.00022930091407873747,3,rises
ENSG00000086544,ITPKC,TRACKS_INFLAMMATION,EFO_1001249,0.3166086232583271,2.139174487792221e-08,3,rises
ENSG00000204642,HLA-F,TRACKS_INFLAMMATION,EFO_1001249,0.31654900992383667,8.014285022136096e-05,3,rises
ENSG00000140553,UNC45A,TRACKS_INFLAMMATION,EFO_1001249,0.31647911612610563,1.8943290031954737e-07,3,rises
ENSG00000203760,CENPW,TRACKS_INFLAMMATION,EFO_1001249,0.3160625444769341,1.353498254976653e-05,3,rises
ENSG00000183878,UTY,TRACKS_INFLAMMATION,EFO_1001249,-0.31594114155506176,0.0003132904300156442,3,falls
ENSG00000107362,ABHD17B,TRACKS_INFLAMMATION,EFO_1001249,-0.31588659675146663,0.0016945012365590212,3,falls
ENSG00000197956,S100A6,TRACKS_INFLAMMATION,EFO_1001249,0.3158865967514666,3.400142948945814e-08,3,rises
ENSG00000163536,SERPINI1,TRACKS_INFLAMMATION,EFO_1001249,0.3154307091601402,5.2072723684251365e-05,3,rises
ENSG00000112972,HMGCS1,TRACKS_INFLAMMATION,EFO_1001249,0.31516457024460615,1.8014156979086028e-05,3,rises
ENSG00000053770,AP5M1,TRACKS_INFLAMMATION,EFO_1001249,0.31516457024460615,0.00010129252339748663,3,rises
ENSG00000089876,DHX32,TRACKS_INFLAMMATION,EFO_1001249,0.31516457024460615,0.0003194619170916933,3,rises
ENSG00000167207,NOD2,TRACKS_INFLAMMATION,EFO_1001249,0.31516457024460615,0.0017977607094862465,3,rises
ENSG00000001460,STPG1,TRACKS_INFLAMMATION,EFO_1001249,0.31515113396921607,0.0001385680191229341,3,rises
ENSG00000111640,GAPDH,TRACKS_INFLAMMATION,EFO_1001249,0.3150872225130453,1.4706024218703523e-05,3,rises
ENSG00000023902,PLEKHO1,TRACKS_INFLAMMATION,EFO_1001249,0.31504355138033385,1.5029722419744956e-05,3,rises
ENSG00000109971,HSPA8,TRACKS_INFLAMMATION,EFO_1001249,0.3149998802476225,2.328257270912849e-07,3,rises
ENSG00000178718,RPP25,TRACKS_INFLAMMATION,EFO_1001249,0.3146796252744053,5.754062197804258e-05,3,rises
ENSG00000178695,KCTD12,TRACKS_INFLAMMATION,EFO_1001249,0.31465051118593096,2.515114846277676e-07,3,rises
ENSG00000052344,PRSS8,TRACKS_INFLAMMATION,EFO_1001249,0.3146068400532195,0.0019161798204746553,3,rises
ENSG00000033122,LRRC7,TRACKS_INFLAMMATION,EFO_1001249,0.31448332784502286,0.0030255266779729228,3,rises
ENSG00000163739,CXCL1,TRACKS_INFLAMMATION,EFO_1001249,0.314461269610848,0.00041572337038914254,3,rises
ENSG00000074047,GLI2,TRACKS_INFLAMMATION,EFO_1001249,0.3144497302589484,4.793522392559316e-08,3,rises
ENSG00000172071,EIF2AK3,TRACKS_INFLAMMATION,EFO_1001249,0.31444254373774566,0.00038422337678454703,3,rises
ENSG00000107338,SHB,TRACKS_INFLAMMATION,EFO_1001249,0.3144425437377456,0.0011976667200664865,3,rises
ENSG00000172183,ISG20,TRACKS_INFLAMMATION,EFO_1001249,0.3144425437377456,0.0016663953604146742,3,rises
ENSG00000147400,CETN2,TRACKS_INFLAMMATION,EFO_1001249,0.3142429139472908,1.1254692087099445e-07,3,rises
ENSG00000145817,YIPF5,TRACKS_INFLAMMATION,EFO_1001249,0.3137205172308852,2.5066271384164937e-05,3,rises
ENSG00000143398,PIP5K1A,TRACKS_INFLAMMATION,EFO_1001249,0.3137205172308851,9.15231878886423e-06,3,rises
ENSG00000126264,HCST,TRACKS_INFLAMMATION,EFO_1001249,0.3137205172308851,0.00023926936467439053,3,rises
ENSG00000213088,ACKR1,TRACKS_INFLAMMATION,EFO_1001249,0.31360891717332756,4.836166326470518e-05,3,rises
ENSG00000183943,PRKX,TRACKS_INFLAMMATION,EFO_1001249,0.3135878469566192,0.00015170137059810948,3,rises
ENSG00000054793,ATP9A,TRACKS_INFLAMMATION,EFO_1001249,0.3133549342488249,7.101665902130328e-11,3,rises
ENSG00000109066,SLC38A12,TRACKS_INFLAMMATION,EFO_1001249,0.31334037720458774,1.2093098310603566e-07,3,rises
ENSG00000157992,KRTCAP3,TRACKS_INFLAMMATION,EFO_1001249,-0.31333389522820926,0.0001874678842969016,3,falls
ENSG00000149357,LAMTOR1,TRACKS_INFLAMMATION,EFO_1001249,0.3132821490276391,0.002892660586088592,3,rises
ENSG00000184292,TACSTD2,TRACKS_INFLAMMATION,EFO_1001249,0.31305432003728517,0.0001716636346837803,3,rises
ENSG00000102466,FGF14,TRACKS_INFLAMMATION,EFO_1001249,0.31299849072402464,3.924738493822991e-05,3,rises
ENSG00000174840,PDE12,TRACKS_INFLAMMATION,EFO_1001249,0.31299849072402464,0.0004761377265445514,3,rises
ENSG00000168993,CPLX1,TRACKS_INFLAMMATION,EFO_1001249,-0.31299849072402464,0.003936793406655085,3,falls
ENSG00000144635,DYNC1LI1,TRACKS_INFLAMMATION,EFO_1001249,0.31284463864409207,0.00170492229484743,3,rises
ENSG00000187837,H1-2,TRACKS_INFLAMMATION,EFO_1001249,0.3128017665678132,0.004665370429007457,3,rises
ENSG00000125966,MMP24,TRACKS_INFLAMMATION,EFO_1001249,0.31274605877774714,0.0016916925510007304,3,rises
ENSG00000153283,CD96,TRACKS_INFLAMMATION,EFO_1001249,0.31270485104862994,4.48628845086128e-05,3,rises
ENSG00000101413,RPRD1B,TRACKS_INFLAMMATION,EFO_1001249,0.3123553820599749,0.0013619196123788964,3,rises
ENSG00000127774,EMC6,TRACKS_INFLAMMATION,EFO_1001249,0.3123553820599749,0.003942653396385128,3,rises
ENSG00000087074,PPP1R15A,TRACKS_INFLAMMATION,EFO_1001249,0.31227646421716415,0.0004743465426542232,3,rises
ENSG00000174574,AKIRIN1,TRACKS_INFLAMMATION,EFO_1001249,0.3117682164269758,2.3608841847836486e-06,3,rises
ENSG00000163565,IFI16,TRACKS_INFLAMMATION,EFO_1001249,0.31163720302884157,6.961165007128722e-11,3,rises
ENSG00000189067,LITAF,TRACKS_INFLAMMATION,EFO_1001249,0.31155443771030367,0.00019721656382343057,3,rises
ENSG00000140545,MFGE8,TRACKS_INFLAMMATION,EFO_1001249,0.31155443771030367,0.0009481919652487645,3,rises
ENSG00000176273,SLC35G1,TRACKS_INFLAMMATION,EFO_1001249,0.31155443771030367,0.0010400397033495672,3,rises
ENSG00000117632,STMN1,TRACKS_INFLAMMATION,EFO_1001249,0.3115544377103036,1.7566006497553437e-06,3,rises
ENSG00000146263,MMS22L,TRACKS_INFLAMMATION,EFO_1001249,0.31155443771030356,0.00010929686304336,3,rises
ENSG00000149218,ENDOD1,TRACKS_INFLAMMATION,EFO_1001249,0.3115498607634187,8.857555913084585e-08,3,rises
ENSG00000092820,EZR,TRACKS_INFLAMMATION,EFO_1001249,0.31125871987867576,6.910059255190215e-07,3,rises
ENSG00000138764,CCNG2,TRACKS_INFLAMMATION,EFO_1001249,0.31117137761325275,0.00026486366304246387,3,rises
ENSG00000164889,SLC4A2,TRACKS_INFLAMMATION,EFO_1001249,0.3110273999030853,0.00017360617161177704,3,rises
ENSG00000069509,FUNDC1,TRACKS_INFLAMMATION,EFO_1001249,0.31088023672850984,2.778165839786037e-05,3,rises
ENSG00000175063,UBE2C,TRACKS_INFLAMMATION,EFO_1001249,0.3108522304015455,7.327739259834137e-06,3,rises
ENSG00000136531,SCN2A,TRACKS_INFLAMMATION,EFO_1001249,-0.31083637473979364,5.292774039680892e-05,3,falls
ENSG00000149636,DSN1,TRACKS_INFLAMMATION,EFO_1001249,0.3108324112034432,1.9007431348016384e-10,3,rises
ENSG00000179029,TMEM107,TRACKS_INFLAMMATION,EFO_1001249,0.3108324112034431,7.48028552061864e-06,3,rises
ENSG00000177096,PHETA2,TRACKS_INFLAMMATION,EFO_1001249,0.3106764381091898,6.821444381131469e-06,3,rises
ENSG00000167780,SOAT2,TRACKS_INFLAMMATION,EFO_1001249,-0.310468249521237,1.840201352089312e-05,3,falls
ENSG00000104687,GSR,TRACKS_INFLAMMATION,EFO_1001249,0.310258568128044,1.613063651485917e-05,3,rises
ENSG00000089050,RBBP9,TRACKS_INFLAMMATION,EFO_1001249,0.3101103846965827,7.0064550533562935e-06,3,rises
ENSG00000067113,PLPP1,TRACKS_INFLAMMATION,EFO_1001249,0.30990909913938886,0.000198306796089276,3,rises
ENSG00000115963,RND3,TRACKS_INFLAMMATION,EFO_1001249,0.3097693115439268,4.09988924638613e-07,3,rises
ENSG00000183018,SPNS2,TRACKS_INFLAMMATION,EFO_1001249,0.3097693115439268,0.0014443729872326123,3,rises
ENSG00000170624,SGCD,TRACKS_INFLAMMATION,EFO_1001249,0.30943908934903236,4.1474658224846295e-05,3,rises
ENSG00000162616,DNAJB4,TRACKS_INFLAMMATION,EFO_1001249,0.30938835818972216,8.105076366305948e-07,3,rises
ENSG00000168938,PPIC,TRACKS_INFLAMMATION,EFO_1001249,0.30920617664123795,7.0101912423129396e-09,3,rises
ENSG00000128590,DNAJB9,TRACKS_INFLAMMATION,EFO_1001249,0.3090606061988665,0.0004559563889274393,3,rises
ENSG00000105472,CLEC11A,TRACKS_INFLAMMATION,EFO_1001249,0.30892959280073223,1.5450690165696347e-07,3,rises
ENSG00000105220,GPI,TRACKS_INFLAMMATION,EFO_1001249,0.3087549082698865,1.1775605145829989e-08,3,rises
ENSG00000126602,TRAP1,TRACKS_INFLAMMATION,EFO_1001249,-0.30874035122564936,3.264916203163559e-05,3,falls
ENSG00000017427,IGF1,TRACKS_INFLAMMATION,EFO_1001249,-0.30866633168286167,4.895355560150193e-06,3,falls
ENSG00000170185,USP38,TRACKS_INFLAMMATION,EFO_1001249,0.30866633168286167,0.0001816490665527792,3,rises
ENSG00000077232,DNAJC10,TRACKS_INFLAMMATION,EFO_1001249,0.30866633168286167,0.0002505471336008243,3,rises
ENSG00000101443,WFDC2,TRACKS_INFLAMMATION,EFO_1001249,0.30844258139822806,0.003471649783110106,3,rises
ENSG00000157368,IL34,TRACKS_INFLAMMATION,EFO_1001249,0.30844132938703717,4.5226265115026676e-05,3,rises
ENSG00000071967,CYBRD1,TRACKS_INFLAMMATION,EFO_1001249,0.308091860398382,7.387096051441687e-06,3,rises
ENSG00000141429,GALNT1,TRACKS_INFLAMMATION,EFO_1001249,0.3080124990137919,5.2571784723947666e-06,3,rises
ENSG00000183621,ZNF438,TRACKS_INFLAMMATION,EFO_1001249,0.3079520728029199,0.0009432481619594649,3,rises
ENSG00000100612,DHRS7,TRACKS_INFLAMMATION,EFO_1001249,0.3079443051760012,1.433561449396832e-08,3,rises
ENSG00000089280,FUS,TRACKS_INFLAMMATION,EFO_1001249,0.30794430517600113,6.023829088995717e-05,3,rises
ENSG00000127481,UBR4,TRACKS_INFLAMMATION,EFO_1001249,-0.3078378144829461,1.8146254745077198e-05,3,falls
ENSG00000133216,EPHB2,TRACKS_INFLAMMATION,EFO_1001249,0.3078087003944719,1.7677693988444082e-06,3,rises
ENSG00000116863,ADPRS,TRACKS_INFLAMMATION,EFO_1001249,0.3077068010848119,1.820728176399595e-06,3,rises
ENSG00000144857,BOC,TRACKS_INFLAMMATION,EFO_1001249,0.30770397228095264,2.5124688057003848e-06,3,rises
ENSG00000113389,NPR3,TRACKS_INFLAMMATION,EFO_1001249,0.3073929224210717,1.6379756660338496e-06,3,rises
ENSG00000115091,ACTR3,TRACKS_INFLAMMATION,EFO_1001249,0.30732302862334065,0.0008090111028327913,3,rises
ENSG00000177051,FBXO46,TRACKS_INFLAMMATION,EFO_1001249,-0.3072222786691407,6.346658506062503e-05,3,falls
ENSG00000162999,DUSP19,TRACKS_INFLAMMATION,EFO_1001249,-0.3072222786691407,0.0004751896101145244,3,falls
ENSG00000173588,CEP83,TRACKS_INFLAMMATION,EFO_1001249,0.3072222786691407,0.002812213829631768,3,rises
ENSG00000182580,EPHB3,TRACKS_INFLAMMATION,EFO_1001249,0.3071133472301476,4.503109041602273e-08,3,rises
ENSG00000063127,SLC6A16,TRACKS_INFLAMMATION,EFO_1001249,-0.30692072069600596,7.513594724091618e-06,3,falls
ENSG00000164904,ALDH7A1,TRACKS_INFLAMMATION,EFO_1001249,-0.30680426434210883,5.198212543851817e-05,3,falls
ENSG00000171813,PWWP2B,TRACKS_INFLAMMATION,EFO_1001249,0.3067751502536344,1.7131250416658657e-05,3,rises
ENSG00000184226,PCDH9,TRACKS_INFLAMMATION,EFO_1001249,0.3067023650324487,0.00027273867335156994,3,rises
ENSG00000122224,LY9,TRACKS_INFLAMMATION,EFO_1001249,0.30669398444376134,0.002482572335511047,3,rises
ENSG00000108187,PBLD,TRACKS_INFLAMMATION,EFO_1001249,-0.3065002521622802,0.00042356465030347033,3,falls
ENSG00000182979,MTA1,TRACKS_INFLAMMATION,EFO_1001249,-0.30650025216228016,0.0003488052653769662,3,falls
ENSG00000056558,TRAF1,TRACKS_INFLAMMATION,EFO_1001249,0.30650025216228016,0.00038414558818469584,3,rises
ENSG00000172893,DHCR7,TRACKS_INFLAMMATION,EFO_1001249,0.30648430305056834,0.003920118291089829,3,rises
ENSG00000174775,HRAS,TRACKS_INFLAMMATION,EFO_1001249,0.3064694523246544,0.0007174343243439665,3,rises
ENSG00000159147,DONSON,TRACKS_INFLAMMATION,EFO_1001249,0.3058143853339827,3.633238704215361e-08,3,rises
ENSG00000168306,ACOX2,TRACKS_INFLAMMATION,EFO_1001249,-0.30577822565541973,1.6873102640208678e-06,3,falls
ENSG00000187626,ZKSCAN4,TRACKS_INFLAMMATION,EFO_1001249,0.30577822565541973,0.003143993096439662,3,rises
ENSG00000162521,RBBP4,TRACKS_INFLAMMATION,EFO_1001249,0.3055669155819513,0.0001009335031110307,3,rises
ENSG00000120915,EPHX2,TRACKS_INFLAMMATION,EFO_1001249,-0.3052903317414455,3.19839403831173e-05,3,falls
ENSG00000142327,RNPEPL1,TRACKS_INFLAMMATION,EFO_1001249,0.30505619914855925,0.001112388617010674,3,rises
ENSG00000157538,VPS26C,TRACKS_INFLAMMATION,EFO_1001249,0.3050561991485592,0.00015274817263343903,3,rises
ENSG00000112343,TRIM38,TRACKS_INFLAMMATION,EFO_1001249,0.3050561991485592,0.00015975986267937215,3,rises
ENSG00000119698,PPP4R4,TRACKS_INFLAMMATION,EFO_1001249,-0.3050561991485592,0.0042734212476049005,3,falls
ENSG00000097033,SH3GLB1,TRACKS_INFLAMMATION,EFO_1001249,0.3050283049451768,0.0002787503329818927,3,rises
ENSG00000177889,UBE2N,TRACKS_INFLAMMATION,EFO_1001249,0.30494096267975396,6.74891794732189e-11,3,rises
ENSG00000118939,UCHL3,TRACKS_INFLAMMATION,EFO_1001249,0.30491184859127957,8.336921239827886e-09,3,rises
ENSG00000026025,VIM,TRACKS_INFLAMMATION,EFO_1001249,0.304751721104671,8.173791737599224e-13,3,rises
ENSG00000148344,PTGES,TRACKS_INFLAMMATION,EFO_1001249,0.30470410309827833,0.0032414645706653725,3,rises
ENSG00000132698,RAB25,TRACKS_INFLAMMATION,EFO_1001249,0.3045926733110588,0.00449637694343886,3,rises
ENSG00000008226,DLEC1,TRACKS_INFLAMMATION,EFO_1001249,-0.3045188083968768,1.1308329715209823e-06,3,falls
ENSG00000137507,LRRC32,TRACKS_INFLAMMATION,EFO_1001249,0.30440235204297955,2.1934690660041764e-10,3,rises
ENSG00000134873,CLDN10,TRACKS_INFLAMMATION,EFO_1001249,0.3043351427965224,0.0006396868146591756,3,rises
ENSG00000011114,BTBD7,TRACKS_INFLAMMATION,EFO_1001249,0.3043341726416987,0.005753317765258237,3,rises
ENSG00000155876,RRAGA,TRACKS_INFLAMMATION,EFO_1001249,0.30433417264169865,1.1401240305381476e-07,3,rises
ENSG00000104549,SQLE,TRACKS_INFLAMMATION,EFO_1001249,0.30433417264169865,2.893833022556396e-06,3,rises
ENSG00000196646,ZNF136,TRACKS_INFLAMMATION,EFO_1001249,0.30433417264169865,0.0012289956726400742,3,rises
ENSG00000151468,CCDC3,TRACKS_INFLAMMATION,EFO_1001249,0.3042858956890824,8.931262673319733e-13,3,rises
ENSG00000103194,USP10,TRACKS_INFLAMMATION,EFO_1001249,0.3042477015231754,0.0002383815862660635,3,rises
ENSG00000131871,SELENOS,TRACKS_INFLAMMATION,EFO_1001249,0.3042131104678966,1.2254863360767665e-08,3,rises
ENSG00000205981,DNAJC19,TRACKS_INFLAMMATION,EFO_1001249,-0.3041079139277133,8.881284131744122e-15,3,falls
ENSG00000160789,LMNA,TRACKS_INFLAMMATION,EFO_1001249,0.3040380201299822,8.459559748677049e-10,3,rises
ENSG00000178814,OPLAH,TRACKS_INFLAMMATION,EFO_1001249,-0.3038782984504423,0.004174275964918522,3,falls
ENSG00000129636,ITFG1,TRACKS_INFLAMMATION,EFO_1001249,0.3038283387367891,0.0004196490534172819,3,rises
ENSG00000198246,SLC29A3,TRACKS_INFLAMMATION,EFO_1001249,0.3036885511413271,2.748687755642259e-08,3,rises
ENSG00000205476,CCDC85C,TRACKS_INFLAMMATION,EFO_1001249,0.3036885511413271,0.0009654647102640766,3,rises
ENSG00000100526,CDKN3,TRACKS_INFLAMMATION,EFO_1001249,0.30362182508289126,1.156974058499323e-06,3,rises
ENSG00000136026,CKAP4,TRACKS_INFLAMMATION,EFO_1001249,0.3036121461348382,7.709999914949345e-08,3,rises
ENSG00000139832,RAB20,TRACKS_INFLAMMATION,EFO_1001249,0.3036121461348382,0.000250775429592988,3,rises
ENSG00000182836,PLCXD3,TRACKS_INFLAMMATION,EFO_1001249,0.30332513076943063,3.8068346009861305e-07,3,rises
ENSG00000147883,CDKN2B,TRACKS_INFLAMMATION,EFO_1001249,0.3032086744155335,2.957698968153778e-07,3,rises
ENSG00000149428,HYOU1,TRACKS_INFLAMMATION,EFO_1001249,0.30305950696174777,0.0001794428094116872,3,rises
ENSG00000137331,IER3,TRACKS_INFLAMMATION,EFO_1001249,0.3030194328404506,0.00013200080090234117,3,rises
ENSG00000164032,H2AZ1,TRACKS_INFLAMMATION,EFO_1001249,0.3029320905750277,2.321115093985354e-09,3,rises
ENSG00000115520,COQ10B,TRACKS_INFLAMMATION,EFO_1001249,0.30289011962797774,7.842205004591105e-05,3,rises
ENSG00000126458,RRAS,TRACKS_INFLAMMATION,EFO_1001249,0.30289011962797774,0.00034566688514491034,3,rises
ENSG00000009950,MLXIPL,TRACKS_INFLAMMATION,EFO_1001249,-0.3028593053538419,6.670162691360201e-06,3,falls
ENSG00000162777,DENND2D,TRACKS_INFLAMMATION,EFO_1001249,0.30250035657989954,0.00017009686915424104,3,rises
ENSG00000142867,BCL10,TRACKS_INFLAMMATION,EFO_1001249,0.3024517081152018,0.0007001788096080211,3,rises
ENSG00000164929,BAALC,TRACKS_INFLAMMATION,EFO_1001249,-0.3023789228940161,1.4418608683123639e-05,3,falls
ENSG00000110321,EIF4G2,TRACKS_INFLAMMATION,EFO_1001249,0.30236056898443747,0.0011274819009944933,3,rises
ENSG00000040275,SPDL1,TRACKS_INFLAMMATION,EFO_1001249,0.30226568450202707,5.22921328443547e-05,3,rises
ENSG00000139946,PELI2,TRACKS_INFLAMMATION,EFO_1001249,-0.3022333524516446,6.29591034391046e-05,3,falls
ENSG00000121542,SEC22A,TRACKS_INFLAMMATION,EFO_1001249,0.3022042383631704,2.2091275275105234e-08,3,rises
ENSG00000109576,AADAT,TRACKS_INFLAMMATION,EFO_1001249,-0.3021680931211172,0.0005468863168214126,3,falls
ENSG00000076770,MBNL3,TRACKS_INFLAMMATION,EFO_1001249,-0.3021680931211172,0.0007376884172162948,3,falls
ENSG00000136169,SETDB2,TRACKS_INFLAMMATION,EFO_1001249,-0.30215088759124437,0.003586047350689865,3,falls
ENSG00000165806,CASP7,TRACKS_INFLAMMATION,EFO_1001249,0.30185486930147887,4.9034724917159215e-08,3,rises
ENSG00000197415,VEPH1,TRACKS_INFLAMMATION,EFO_1001249,0.3016561664181254,0.007238307933942035,3,rises
ENSG00000107020,PLGRKT,TRACKS_INFLAMMATION,EFO_1001249,0.3015928425052101,2.093119809126108e-08,3,rises
ENSG00000102931,ARL2BP,TRACKS_INFLAMMATION,EFO_1001249,0.30144727206283867,2.137496903451344e-06,3,rises
ENSG00000108784,NAGLU,TRACKS_INFLAMMATION,EFO_1001249,0.30144606661425677,1.7510261302646706e-05,3,rises
ENSG00000113361,CDH6,TRACKS_INFLAMMATION,EFO_1001249,0.30144606661425677,9.9145377461521e-05,3,rises
ENSG00000143333,RGS16,TRACKS_INFLAMMATION,EFO_1001249,0.3014460666142567,8.586642887464272e-07,3,rises
ENSG00000162576,MXRA8,TRACKS_INFLAMMATION,EFO_1001249,0.3014460666142567,9.984500610989721e-06,3,rises
ENSG00000157131,C8A,TRACKS_INFLAMMATION,EFO_1001249,-0.30144606661425666,3.8104525620130467e-06,3,falls
ENSG00000165259,HDX,TRACKS_INFLAMMATION,EFO_1001249,0.30144606661425666,0.00011789150878440453,3,rises
ENSG00000166292,TMEM100,TRACKS_INFLAMMATION,EFO_1001249,0.30144606661425666,0.0003295969535096118,3,rises
ENSG00000134243,SORT1,TRACKS_INFLAMMATION,EFO_1001249,0.30124226822074096,4.688943968285854e-06,3,rises
ENSG00000068078,FGFR3,TRACKS_INFLAMMATION,EFO_1001249,-0.3011706882223329,0.000824714690299261,3,falls
ENSG00000106605,BLVRA,TRACKS_INFLAMMATION,EFO_1001249,0.3008504332491156,2.5966162766624166e-06,3,rises
ENSG00000161281,COX7A1,TRACKS_INFLAMMATION,EFO_1001249,0.30077764802792983,6.638334967757048e-08,3,rises
ENSG00000198515,CNGA1,TRACKS_INFLAMMATION,EFO_1001249,-0.3007530116366238,0.0008992291731558827,3,falls
ENSG00000141431,ASXL3,TRACKS_INFLAMMATION,EFO_1001249,-0.3007485339394556,0.00042168107155111456,3,falls
ENSG00000150893,FREM2,TRACKS_INFLAMMATION,EFO_1001249,0.30072404010739623,6.751462266820578e-05,3,rises
ENSG00000111229,ARPC3,TRACKS_INFLAMMATION,EFO_1001249,0.30066119167403277,3.608887561825383e-08,3,rises
ENSG00000185721,DRG1,TRACKS_INFLAMMATION,EFO_1001249,0.30044283601047556,0.0024480446676312705,3,rises
ENSG00000184160,ADRA2C,TRACKS_INFLAMMATION,EFO_1001249,0.3003507285051663,0.0017691322626079101,3,rises
ENSG00000144455,SUMF1,TRACKS_INFLAMMATION,EFO_1001249,0.3002637550525066,0.007945776932472374,3,rises
ENSG00000048140,TSPAN17,TRACKS_INFLAMMATION,EFO_1001249,0.300093466948784,3.052992176358818e-07,3,rises
ENSG00000127870,RNF6,TRACKS_INFLAMMATION,EFO_1001249,0.30000201360053574,0.0009449608563534158,3,rises
ENSG00000178498,DTX3,TRACKS_INFLAMMATION,EFO_1001249,0.3000020136005357,0.001936978857356204,3,rises
ENSG00000078596,ITM2A,TRACKS_INFLAMMATION,EFO_1001249,0.3000020136005357,0.00477745770076756,3,rises
ENSG00000119900,OGFRL1,TRACKS_INFLAMMATION,EFO_1001249,0.2999624535506497,0.0003584225178216396,3,rises
ENSG00000104783,KCNN4,TRACKS_INFLAMMATION,EFO_1001249,0.29991455867540473,0.0047048877110297295,3,rises
ENSG00000169071,ROR2,TRACKS_INFLAMMATION,EFO_1001249,0.29984599719675253,1.165858233091333e-07,3,rises
ENSG00000116688,MFN2,TRACKS_INFLAMMATION,EFO_1001249,0.29984439226612036,9.632699209376774e-08,3,rises
ENSG00000125826,RBCK1,TRACKS_INFLAMMATION,EFO_1001249,0.2998168831082782,0.01003121278931618,3,rises
ENSG00000128829,EIF2AK4,TRACKS_INFLAMMATION,EFO_1001249,0.2996347108729273,9.51148895551448e-06,3,rises
ENSG00000105088,OLFM2,TRACKS_INFLAMMATION,EFO_1001249,0.299598527444721,6.279438334916162e-06,3,rises
ENSG00000108055,SMC3,TRACKS_INFLAMMATION,EFO_1001249,0.2994250294797342,0.0026964437943463957,3,rises
ENSG00000198670,LPA,TRACKS_INFLAMMATION,EFO_1001249,-0.29938017178116383,2.5029294009330313e-05,3,falls
ENSG00000123737,EXOSC9,TRACKS_INFLAMMATION,EFO_1001249,0.29927998709367526,3.74498469466044e-08,3,rises
ENSG00000128918,ALDH1A2,TRACKS_INFLAMMATION,EFO_1001249,0.2992799870936752,5.1317113893330514e-05,3,rises
ENSG00000165501,LRR1,TRACKS_INFLAMMATION,EFO_1001249,0.29922004429455523,1.9002279995202386e-07,3,rises
ENSG00000072736,NFATC3,TRACKS_INFLAMMATION,EFO_1001249,-0.29879789001167784,0.00011433248461375348,3,falls
ENSG00000087245,MMP2,TRACKS_INFLAMMATION,EFO_1001249,0.29878333296744086,2.8347923179760375e-10,3,rises
ENSG00000138180,CEP55,TRACKS_INFLAMMATION,EFO_1001249,0.2986112721287935,0.000930755893632403,3,rises
ENSG00000169258,GPRIN1,TRACKS_INFLAMMATION,EFO_1001249,0.2985617676072118,0.0006896279554752016,3,rises
ENSG00000118193,KIF14,TRACKS_INFLAMMATION,EFO_1001249,0.29856176760721176,0.0004868133902587948,3,rises
ENSG00000114670,NEK11,TRACKS_INFLAMMATION,EFO_1001249,0.2985579605868148,0.0030758140488387088,3,rises
ENSG00000198131,ZNF544,TRACKS_INFLAMMATION,EFO_1001249,0.2985579605868147,5.11092014629661e-07,3,rises
ENSG00000133313,CNDP2,TRACKS_INFLAMMATION,EFO_1001249,0.2985579605868147,3.4433566705379394e-05,3,rises
ENSG00000068971,PPP2R5B,TRACKS_INFLAMMATION,EFO_1001249,0.2985579605868147,0.0002959071433993661,3,rises
ENSG00000069424,KCNAB2,TRACKS_INFLAMMATION,EFO_1001249,0.2985213061711722,6.977499081791923e-06,3,rises
ENSG00000144566,RAB5A,TRACKS_INFLAMMATION,EFO_1001249,0.2985164101092309,0.0005876503581047236,3,rises
ENSG00000112796,ENPP5,TRACKS_INFLAMMATION,EFO_1001249,0.29840631149354946,0.00011994475973491108,3,rises
ENSG00000136856,SLC2A8,TRACKS_INFLAMMATION,EFO_1001249,0.29827383641914057,0.004497511695573121,3,rises
ENSG00000067167,TRAM1,TRACKS_INFLAMMATION,EFO_1001249,0.2980991518882949,0.010605748024892997,3,rises
ENSG00000126067,PSMB2,TRACKS_INFLAMMATION,EFO_1001249,0.2979535814459234,5.824538923551679e-08,3,rises
ENSG00000128045,RASL11B,TRACKS_INFLAMMATION,EFO_1001249,0.29791648990122804,2.9558189638550933e-06,3,rises
ENSG00000170876,TMEM43,TRACKS_INFLAMMATION,EFO_1001249,0.2978359340799543,0.0003757993584448344,3,rises
ENSG00000100867,DHRS2,TRACKS_INFLAMMATION,EFO_1001249,-0.2978359340799543,0.0020368921875236023,3,falls
ENSG00000146039,SLC17A4,TRACKS_INFLAMMATION,EFO_1001249,0.2978359340799543,0.002739066949241878,3,rises
ENSG00000181007,ZFP82,TRACKS_INFLAMMATION,EFO_1001249,0.29783593407995423,0.000152072738246526,3,rises
ENSG00000106086,PLEKHA8,TRACKS_INFLAMMATION,EFO_1001249,0.29783593407995423,0.0003568393041108351,3,rises
ENSG00000148730,EIF4EBP2,TRACKS_INFLAMMATION,EFO_1001249,-0.29783593407995423,0.0005751665403958687,3,falls
ENSG00000163902,RPN1,TRACKS_INFLAMMATION,EFO_1001249,0.29783593407995423,0.0032793185480114546,3,rises
ENSG00000131459,GFPT2,TRACKS_INFLAMMATION,EFO_1001249,0.29767699760541766,0.0007687920016948593,3,rises
ENSG00000167987,VPS37C,TRACKS_INFLAMMATION,EFO_1001249,0.29760779073872745,0.0001570773086015932,3,rises
ENSG00000174373,RALGAPA1,TRACKS_INFLAMMATION,EFO_1001249,-0.29760779073872745,0.0010822417329797351,3,falls
ENSG00000135900,MRPL44,TRACKS_INFLAMMATION,EFO_1001249,0.2975605412515204,1.0693210456298414e-09,3,rises
ENSG00000087008,ACOX3,TRACKS_INFLAMMATION,EFO_1001249,0.29718842795234124,0.0002675722018637867,3,rises
ENSG00000219607,PPP1R3G,TRACKS_INFLAMMATION,EFO_1001249,-0.29711390757309375,0.00011135046366971391,3,falls
ENSG00000164754,RAD21,TRACKS_INFLAMMATION,EFO_1001249,0.296629277570493,5.461282536849645e-05,3,rises
ENSG00000107821,KAZALD1,TRACKS_INFLAMMATION,EFO_1001249,0.2963918810662333,1.4115532700944861e-05,3,rises
ENSG00000147912,FBXO10,TRACKS_INFLAMMATION,EFO_1001249,0.29639188106623326,0.00015532108966554662,3,rises
ENSG00000143384,MCL1,TRACKS_INFLAMMATION,EFO_1001249,0.29639188106623326,0.0008432401243936124,3,rises
ENSG00000140505,CYP1A2,TRACKS_INFLAMMATION,EFO_1001249,-0.2963918810662332,2.258268305826998e-08,3,falls
ENSG00000137504,CREBZF,TRACKS_INFLAMMATION,EFO_1001249,-0.29627980858183783,3.4384872156074786e-05,3,falls
ENSG00000116157,GPX7,TRACKS_INFLAMMATION,EFO_1001249,0.29627980858183783,0.0024006443056275016,3,rises
ENSG00000132383,RPA1,TRACKS_INFLAMMATION,EFO_1001249,0.2957905519977207,7.663203529972663e-07,3,rises
ENSG00000124615,MOCS1,TRACKS_INFLAMMATION,EFO_1001249,-0.29566985455937284,2.395829992300592e-07,3,falls
ENSG00000147852,VLDLR,TRACKS_INFLAMMATION,EFO_1001249,0.2956698545593728,1.3251039358271866e-05,3,rises
ENSG00000205808,PLPP6,TRACKS_INFLAMMATION,EFO_1001249,0.2956698545593727,2.0863014382055895e-06,3,rises
ENSG00000001561,ENPP4,TRACKS_INFLAMMATION,EFO_1001249,0.2954060987044227,0.002495096880252185,3,rises
ENSG00000169991,IFFO2,TRACKS_INFLAMMATION,EFO_1001249,0.29530129541360345,0.0009939700099528216,3,rises
ENSG00000136861,CDK5RAP2,TRACKS_INFLAMMATION,EFO_1001249,0.2953012954136034,3.3064246366524947e-06,3,rises
ENSG00000180745,CLRN3,TRACKS_INFLAMMATION,EFO_1001249,-0.2953012954136034,0.0036426906194512595,3,falls
ENSG00000114200,BCHE,TRACKS_INFLAMMATION,EFO_1001249,-0.29523140161587236,0.00021928457177117832,3,falls
ENSG00000185787,MORF4L1,TRACKS_INFLAMMATION,EFO_1001249,0.29521685712933976,0.010788243589376904,3,rises
ENSG00000204099,NEU4,TRACKS_INFLAMMATION,EFO_1001249,-0.2952023000851026,7.1982289321686336e-06,3,falls
ENSG00000141485,SLC13A5,TRACKS_INFLAMMATION,EFO_1001249,-0.2951004007754427,0.0009591572923045023,3,falls
ENSG00000094880,CDC23,TRACKS_INFLAMMATION,EFO_1001249,0.2950916140204104,9.046068440320564e-08,3,rises
ENSG00000163958,ZDHHC19,TRACKS_INFLAMMATION,EFO_1001249,-0.2949839444215454,2.852834503111584e-05,3,falls
ENSG00000119383,PTPA,TRACKS_INFLAMMATION,EFO_1001249,0.29494782805251224,1.6582843759790316e-07,3,rises
ENSG00000123612,ACVR1C,TRACKS_INFLAMMATION,EFO_1001249,-0.29494782805251224,4.3326565786698245e-05,3,falls
ENSG00000198018,ENTPD7,TRACKS_INFLAMMATION,EFO_1001249,0.29494782805251224,0.002429895332991242,3,rises
ENSG00000116489,CAPZA1,TRACKS_INFLAMMATION,EFO_1001249,0.29492571624459685,0.002860763550809617,3,rises
ENSG00000117751,PPP1R8,TRACKS_INFLAMMATION,EFO_1001249,0.2948820451118854,2.109576954363928e-06,3,rises
ENSG00000169564,PCBP1,TRACKS_INFLAMMATION,EFO_1001249,0.29467824649256535,0.00016692457618677748,3,rises
ENSG00000161298,ZNF382,TRACKS_INFLAMMATION,EFO_1001249,0.29450356196171956,0.0001829110727057337,3,rises
ENSG00000146540,CHLSN,TRACKS_INFLAMMATION,EFO_1001249,0.2943143203866366,0.001862322789382004,3,rises
ENSG00000138663,COPS4,TRACKS_INFLAMMATION,EFO_1001249,0.29422580154565176,1.137761941411232e-08,3,rises
ENSG00000169413,RNASE6,TRACKS_INFLAMMATION,EFO_1001249,0.29422580154565176,0.0013697642123750068,3,rises
ENSG00000164305,CASP3,TRACKS_INFLAMMATION,EFO_1001249,0.2941250788115538,0.002090666866604538,3,rises
ENSG00000175426,PCSK1,TRACKS_INFLAMMATION,EFO_1001249,-0.2940760483543145,0.01958930293806915,3,falls
ENSG00000117601,SERPINC1,TRACKS_INFLAMMATION,EFO_1001249,-0.2939358372364709,1.1095102014829127e-08,3,falls
ENSG00000197019,SERTAD1,TRACKS_INFLAMMATION,EFO_1001249,0.2938630520152851,1.5860389705953907e-06,3,rises
ENSG00000052795,FNIP2,TRACKS_INFLAMMATION,EFO_1001249,-0.29383393792681084,9.878636376371933e-06,3,falls
ENSG00000187688,TRPV2,TRACKS_INFLAMMATION,EFO_1001249,0.2937902667940995,2.920498607685488e-13,3,rises
ENSG00000175137,SH3BP5L,TRACKS_INFLAMMATION,EFO_1001249,0.2937636318635208,2.53143550977507e-05,3,rises
ENSG00000108244,KRT23,TRACKS_INFLAMMATION,EFO_1001249,0.29369882617979143,0.0003927912274081609,3,rises
ENSG00000066739,ATG2B,TRACKS_INFLAMMATION,EFO_1001249,-0.2936738104402023,0.00298431214515961,3,falls
ENSG00000120451,SNX19,TRACKS_INFLAMMATION,EFO_1001249,0.29350377503879127,0.004003410022426526,3,rises
ENSG00000092036,HAUS4,TRACKS_INFLAMMATION,EFO_1001249,-0.29348405667259664,0.001088475478088199,3,falls
ENSG00000132965,ALOX5AP,TRACKS_INFLAMMATION,EFO_1001249,0.2934263406881707,3.6726302596970146e-05,3,rises
ENSG00000104290,FZD3,TRACKS_INFLAMMATION,EFO_1001249,0.2933826695554594,0.0011076654960549253,3,rises
ENSG00000165995,CACNB2,TRACKS_INFLAMMATION,EFO_1001249,-0.2933826695554592,0.001961637143584462,3,falls
ENSG00000096717,SIRT1,TRACKS_INFLAMMATION,EFO_1001249,-0.29334426907713457,0.006077050569064205,3,falls
ENSG00000170759,KIF5B,TRACKS_INFLAMMATION,EFO_1001249,0.29319342798037634,3.3729579746230924e-07,3,rises
ENSG00000181467,RAP2B,TRACKS_INFLAMMATION,EFO_1001249,0.29316431389190206,0.00012327092619427094,3,rises
ENSG00000143257,NR1I3,TRACKS_INFLAMMATION,EFO_1001249,-0.2930769716264792,2.557906245433818e-06,3,falls
ENSG00000146090,RASGEF1C,TRACKS_INFLAMMATION,EFO_1001249,-0.2928586053989015,0.01154991842534684,3,falls
ENSG00000083937,CHMP2B,TRACKS_INFLAMMATION,EFO_1001249,0.29281494483021053,1.6601436680122055e-06,3,rises
ENSG00000144488,ESPNL,TRACKS_INFLAMMATION,EFO_1001249,-0.2927817485319308,0.00013313596558546046,3,falls
ENSG00000090432,MUL1,TRACKS_INFLAMMATION,EFO_1001249,0.2927817485319308,0.00015619673526583413,3,rises
ENSG00000074696,HACD3,TRACKS_INFLAMMATION,EFO_1001249,0.29278174853193073,3.521995367538509e-05,3,rises
ENSG00000188112,C6orf132,TRACKS_INFLAMMATION,EFO_1001249,0.2927701557087828,0.002039831929561595,3,rises
ENSG00000151470,C4orf33,TRACKS_INFLAMMATION,EFO_1001249,0.292756716653262,0.0010028696590893068,3,rises
ENSG00000049130,KITLG,TRACKS_INFLAMMATION,EFO_1001249,0.2925820321224162,0.000744409608994995,3,rises
ENSG00000136783,NIPSNAP3A,TRACKS_INFLAMMATION,EFO_1001249,0.29246557576851895,6.291462373455549e-05,3,rises
ENSG00000124783,SSR1,TRACKS_INFLAMMATION,EFO_1001249,0.29245101872428186,0.000456812325461609,3,rises
ENSG00000183155,RABIF,TRACKS_INFLAMMATION,EFO_1001249,0.292261777149199,3.9254134712495574e-07,3,rises
ENSG00000133028,SCO1,TRACKS_INFLAMMATION,EFO_1001249,0.2922326630607246,0.00023113247528002115,3,rises
ENSG00000111335,OAS2,TRACKS_INFLAMMATION,EFO_1001249,0.29215987783953895,3.9556149808183496e-05,3,rises
ENSG00000120896,SORBS3,TRACKS_INFLAMMATION,EFO_1001249,-0.29205972202507036,6.751462266820578e-05,3,falls
ENSG00000106462,EZH2,TRACKS_INFLAMMATION,EFO_1001249,0.2920597220250703,5.437832662917293e-05,3,rises
ENSG00000172795,DCP2,TRACKS_INFLAMMATION,EFO_1001249,0.2920597220250703,0.007184349462608555,3,rises
ENSG00000080824,HSP90AA1,TRACKS_INFLAMMATION,EFO_1001249,0.29205972202507025,8.051738260495161e-06,3,rises
ENSG00000163235,TGFA,TRACKS_INFLAMMATION,EFO_1001249,0.29205972202507025,0.0006574123373829907,3,rises
ENSG00000176533,GNG7,TRACKS_INFLAMMATION,EFO_1001249,-0.29205972202507025,0.0007294134387104149,3,falls
ENSG00000171241,SHCBP1,TRACKS_INFLAMMATION,EFO_1001249,0.2919844710449582,0.00014182895769990707,3,rises
ENSG00000107736,CDH23,TRACKS_INFLAMMATION,EFO_1001249,-0.2919560792202188,7.63807613652909e-08,3,falls
ENSG00000162878,PKDCC,TRACKS_INFLAMMATION,EFO_1001249,0.2918105087778474,1.144518806531958e-05,3,rises
ENSG00000169031,COL4A3,TRACKS_INFLAMMATION,EFO_1001249,0.29152600942961837,0.00018363239648010234,3,rises
ENSG00000112782,CLIC5,TRACKS_INFLAMMATION,EFO_1001249,0.2913469831651525,0.004221375229050592,3,rises
ENSG00000204604,ZNF468,TRACKS_INFLAMMATION,EFO_1001249,0.2913376955182098,1.9250829117306662e-06,3,rises
ENSG00000182952,HMGN4,TRACKS_INFLAMMATION,EFO_1001249,0.29133769551820976,3.048626039685843e-06,3,rises
ENSG00000106554,CHCHD3,TRACKS_INFLAMMATION,EFO_1001249,0.2912864551853102,5.182935572890682e-07,3,rises
ENSG00000165684,SNAPC4,TRACKS_INFLAMMATION,EFO_1001249,-0.2912136699641244,0.009588870518619112,3,falls
ENSG00000234745,HLA-B,TRACKS_INFLAMMATION,EFO_1001249,0.29121366996412434,0.002597931424161731,3,rises
ENSG00000130147,SH3BP4,TRACKS_INFLAMMATION,EFO_1001249,0.29117756134747264,1.0807579682559622e-06,3,rises
ENSG00000107551,RASSF4,TRACKS_INFLAMMATION,EFO_1001249,0.29116999883141287,0.000999903471598178,3,rises
ENSG00000187801,ZFP69B,TRACKS_INFLAMMATION,EFO_1001249,0.2910535424775158,0.0002573626869074696,3,rises
ENSG00000185515,BRCC3,TRACKS_INFLAMMATION,EFO_1001249,0.2910377737520106,0.000425828523555179,3,rises
ENSG00000118620,ZNF430,TRACKS_INFLAMMATION,EFO_1001249,0.29068830476335544,4.087559807046023e-06,3,rises
ENSG00000162341,TPCN2,TRACKS_INFLAMMATION,EFO_1001249,-0.2906156690113493,3.799732329150125e-05,3,falls
ENSG00000126353,CCR7,TRACKS_INFLAMMATION,EFO_1001249,0.2906156690113493,0.0008310840085346092,3,rises
ENSG00000118946,PCDH17,TRACKS_INFLAMMATION,EFO_1001249,0.2906156690113492,0.002436285630486315,3,rises
ENSG00000169188,APEX2,TRACKS_INFLAMMATION,EFO_1001249,0.29054851716789337,0.002997353647138243,3,rises
ENSG00000197506,SLC28A3,TRACKS_INFLAMMATION,EFO_1001249,0.29051470227155723,0.007240047345817897,3,rises
ENSG00000111052,LIN7A,TRACKS_INFLAMMATION,EFO_1001249,0.29040872957243125,0.0012425727322851767,3,rises
ENSG00000160326,SLC2A6,TRACKS_INFLAMMATION,EFO_1001249,0.2900592605837761,1.5624352773718273e-08,3,rises
ENSG00000168246,UBTD2,TRACKS_INFLAMMATION,EFO_1001249,0.29001999233667836,3.10882998348026e-07,3,rises
ENSG00000165678,GHITM,TRACKS_INFLAMMATION,EFO_1001249,0.28998936678604514,0.00659072604911189,3,rises
ENSG00000164176,EDIL3,TRACKS_INFLAMMATION,EFO_1001249,0.28995349472209014,0.002329322354720313,3,rises
ENSG00000140465,CYP1A1,TRACKS_INFLAMMATION,EFO_1001249,-0.2898936425044888,2.1400179689282437e-05,3,falls
ENSG00000102048,ASB9,TRACKS_INFLAMMATION,EFO_1001249,-0.2898936425044888,0.00016322506796733296,3,falls
ENSG00000118855,MFSD1,TRACKS_INFLAMMATION,EFO_1001249,0.2898936425044888,0.0006917553926019029,3,rises
ENSG00000132294,EFR3A,TRACKS_INFLAMMATION,EFO_1001249,0.2898936425044888,0.004120427500425837,3,rises
ENSG00000118276,B4GALT6,TRACKS_INFLAMMATION,EFO_1001249,0.28977252258464675,0.0004670956053944773,3,rises
ENSG00000148082,SHC3,TRACKS_INFLAMMATION,EFO_1001249,0.2895531145331542,0.005500640276240465,3,rises
ENSG00000104998,IL27RA,TRACKS_INFLAMMATION,EFO_1001249,0.2893212542132953,1.3304547660848998e-09,3,rises
ENSG00000165637,VDAC2,TRACKS_INFLAMMATION,EFO_1001249,0.28930669716905805,0.0009923768201909719,3,rises
ENSG00000111249,CUX2,TRACKS_INFLAMMATION,EFO_1001249,-0.2891716159976283,6.47909753380983e-06,3,falls
ENSG00000104723,TUSC3,TRACKS_INFLAMMATION,EFO_1001249,0.2891716159976283,0.00012194059516930701,3,rises
ENSG00000065491,TBC1D22B,TRACKS_INFLAMMATION,EFO_1001249,0.2891716159976283,0.0014035836675785453,3,rises
ENSG00000168646,AXIN2,TRACKS_INFLAMMATION,EFO_1001249,0.28917161599762825,0.0032119072678062606,3,rises
ENSG00000176678,FOXL1,TRACKS_INFLAMMATION,EFO_1001249,0.28871915230600886,0.0001407144005080393,3,rises
ENSG00000092108,SCFD1,TRACKS_INFLAMMATION,EFO_1001249,0.2884495894907678,4.1187462755871854e-05,3,rises
ENSG00000111665,CDCA3,TRACKS_INFLAMMATION,EFO_1001249,0.2884495894907678,0.0036848484751324097,3,rises
ENSG00000165795,NDRG2,TRACKS_INFLAMMATION,EFO_1001249,-0.288302261116695,1.820864751601245e-05,3,falls
ENSG00000178397,FAM220A,TRACKS_INFLAMMATION,EFO_1001249,0.28795289205500346,4.5466772207466045e-06,3,rises
ENSG00000100227,POLDIP3,TRACKS_INFLAMMATION,EFO_1001249,0.2878925528541142,6.195083808907542e-05,3,rises
ENSG00000137673,MMP7,TRACKS_INFLAMMATION,EFO_1001249,0.28772756298390734,0.0005122173968644451,3,rises
ENSG00000120334,CENPL,TRACKS_INFLAMMATION,EFO_1001249,0.28772756298390734,0.0014159444307852618,3,rises
ENSG00000111845,PAK1IP1,TRACKS_INFLAMMATION,EFO_1001249,0.2877275629839073,1.5037967771408471e-07,3,rises
ENSG00000136122,BORA,TRACKS_INFLAMMATION,EFO_1001249,0.2877275629839073,0.003563744028544755,3,rises
ENSG00000128487,SPECC1,TRACKS_INFLAMMATION,EFO_1001249,0.2876129776631901,1.0998743672196603e-06,3,rises
ENSG00000166321,NUDT13,TRACKS_INFLAMMATION,EFO_1001249,-0.287403296269997,0.012515411103886539,3,falls
ENSG00000167779,IGFBP6,TRACKS_INFLAMMATION,EFO_1001249,0.28731238210856913,4.0617755946895695e-06,3,rises
ENSG00000117500,TMED5,TRACKS_INFLAMMATION,EFO_1001249,0.2872250398431461,7.495514669762198e-05,3,rises
ENSG00000164938,TP53INP1,TRACKS_INFLAMMATION,EFO_1001249,0.2871959257546718,1.8496250617340493e-05,3,rises
ENSG00000117525,F3,TRACKS_INFLAMMATION,EFO_1001249,0.2871522546219604,0.00022956790071089508,3,rises
ENSG00000189171,S100A13,TRACKS_INFLAMMATION,EFO_1001249,0.2870055364770468,0.00010242445661329658,3,rises
ENSG00000138600,SPPL2A,TRACKS_INFLAMMATION,EFO_1001249,0.2870055364770468,0.0007376884172162948,3,rises
ENSG00000169710,FASN,TRACKS_INFLAMMATION,EFO_1001249,0.28677425209041774,0.00036879354594888275,3,rises
ENSG00000101654,RNMT,TRACKS_INFLAMMATION,EFO_1001249,0.2864247831017626,0.0006201128865145296,3,rises
ENSG00000169047,IRS1,TRACKS_INFLAMMATION,EFO_1001249,-0.2862835099701863,4.895355560150193e-06,3,falls
ENSG00000186115,CYP4F2,TRACKS_INFLAMMATION,EFO_1001249,0.2862835099701863,0.00010292377080822083,3,rises
ENSG00000181004,BBS12,TRACKS_INFLAMMATION,EFO_1001249,0.2862835099701863,0.0001290334938274193,3,rises
ENSG00000137094,DNAJB5,TRACKS_INFLAMMATION,EFO_1001249,0.2862835099701863,0.0007560552900021473,3,rises
ENSG00000172794,RAB37,TRACKS_INFLAMMATION,EFO_1001249,-0.2862835099701863,0.0007642095492140561,3,falls
ENSG00000188060,RAB42,TRACKS_INFLAMMATION,EFO_1001249,0.28618958149926,0.008450809543891314,3,rises
ENSG00000196872,CRACDL,TRACKS_INFLAMMATION,EFO_1001249,0.28604426912271336,0.00042914164312180106,3,rises
ENSG00000073712,FERMT2,TRACKS_INFLAMMATION,EFO_1001249,-0.286016805171463,0.0009338389540053171,3,falls
ENSG00000170619,COMMD5,TRACKS_INFLAMMATION,EFO_1001249,0.28594401995027713,0.0005765316917347203,3,rises
ENSG00000160447,PKN3,TRACKS_INFLAMMATION,EFO_1001249,0.28593552651764537,0.001387742046074036,3,rises
ENSG00000173085,COQ2,TRACKS_INFLAMMATION,EFO_1001249,0.2859149058618029,0.003050583116988341,3,rises
ENSG00000170961,HAS2,TRACKS_INFLAMMATION,EFO_1001249,0.28588026000926,0.005809974497075868,3,rises
ENSG00000146410,MTFR2,TRACKS_INFLAMMATION,EFO_1001249,0.28571096977351973,0.003332912010259687,3,rises
ENSG00000065717,TLE2,TRACKS_INFLAMMATION,EFO_1001249,-0.2855614834633258,0.00010257569192771926,3,falls
ENSG00000167004,PDIA3,TRACKS_INFLAMMATION,EFO_1001249,0.2855614834633258,0.00019781191744610291,3,rises
ENSG00000130164,LDLR,TRACKS_INFLAMMATION,EFO_1001249,0.2855614834633258,0.0004158811964233542,3,rises
ENSG00000077264,PAK3,TRACKS_INFLAMMATION,EFO_1001249,0.2853729326462095,0.0013402672895161485,3,rises
ENSG00000204219,TCEA3,TRACKS_INFLAMMATION,EFO_1001249,-0.28516669474260403,1.4627725718626223e-14,3,falls
ENSG00000092978,GPATCH2,TRACKS_INFLAMMATION,EFO_1001249,0.28483945695646534,0.013203618870485427,3,rises
ENSG00000168389,MFSD2A,TRACKS_INFLAMMATION,EFO_1001249,0.2848394569564653,0.002541318360012129,3,rises
ENSG00000150403,SLC9D1,TRACKS_INFLAMMATION,EFO_1001249,0.28481722575394885,6.884051202444777e-07,3,rises
ENSG00000135272,MDFIC,TRACKS_INFLAMMATION,EFO_1001249,0.2847648993670683,0.0024679227854149106,3,rises
ENSG00000166262,FAM227B,TRACKS_INFLAMMATION,EFO_1001249,-0.284735785278594,0.01352337345937646,3,falls
ENSG00000140534,TICRR,TRACKS_INFLAMMATION,EFO_1001249,0.28468667563343725,9.299019414068979e-05,3,rises
ENSG00000102024,PLS3,TRACKS_INFLAMMATION,EFO_1001249,0.2846774381584868,8.978398413102607e-06,3,rises
ENSG00000163359,COL6A3,TRACKS_INFLAMMATION,EFO_1001249,0.28460754436075575,4.116720668367699e-08,3,rises
ENSG00000172500,FIBP,TRACKS_INFLAMMATION,EFO_1001249,0.28453198665927387,0.000199515685408702,3,rises
ENSG00000078668,VDAC3,TRACKS_INFLAMMATION,EFO_1001249,0.28451742961503684,2.5290377087650446e-06,3,rises
ENSG00000047849,MAP4,TRACKS_INFLAMMATION,EFO_1001249,0.28439786296756264,3.0367780610418763e-16,3,rises
ENSG00000182541,LIMK2,TRACKS_INFLAMMATION,EFO_1001249,0.2841881815743696,7.736369594514243e-09,3,rises
ENSG00000085117,CD82,TRACKS_INFLAMMATION,EFO_1001249,-0.2841182877766385,0.03240802755044523,3,falls
ENSG00000205189,ZBTB10,TRACKS_INFLAMMATION,EFO_1001249,-0.2841174304496048,0.0004161502894559356,3,falls
ENSG00000213853,EMP2,TRACKS_INFLAMMATION,EFO_1001249,-0.2841174304496048,0.0007664970076221448,3,falls
ENSG00000172936,MYD88,TRACKS_INFLAMMATION,EFO_1001249,0.28386236262436526,0.0012509373365769264,3,rises
ENSG00000059378,PARP12,TRACKS_INFLAMMATION,EFO_1001249,0.28383871258571447,0.001293231461210802,3,rises
ENSG00000101558,VAPA,TRACKS_INFLAMMATION,EFO_1001249,0.28376046331470517,0.0021874542357870857,3,rises
ENSG00000124207,CSE1L,TRACKS_INFLAMMATION,EFO_1001249,0.2836290311925213,7.209097800274013e-07,3,rises
ENSG00000130830,MPP1,TRACKS_INFLAMMATION,EFO_1001249,0.2836003358280966,1.7644754320669341e-12,3,rises
ENSG00000156970,BUB1B,TRACKS_INFLAMMATION,EFO_1001249,0.283566808556891,1.711650261910112e-05,3,rises
ENSG00000139211,AMIGO2,TRACKS_INFLAMMATION,EFO_1001249,0.28352755060691076,2.525759152178439e-07,3,rises
ENSG00000187741,FANCA,TRACKS_INFLAMMATION,EFO_1001249,0.2834892435970593,0.0033961647986180087,3,rises
ENSG00000174807,CD248,TRACKS_INFLAMMATION,EFO_1001249,0.2834693224299623,6.647666210974335e-09,3,rises
ENSG00000102057,KCND1,TRACKS_INFLAMMATION,EFO_1001249,0.28345669833342974,0.002383849649049915,3,rises
ENSG00000095713,CRTAC1,TRACKS_INFLAMMATION,EFO_1001249,0.2834473771463942,0.004158740373447361,3,rises
ENSG00000164934,DCAF13,TRACKS_INFLAMMATION,EFO_1001249,0.2833954039427444,2.1671419268235683e-10,3,rises
ENSG00000198689,SLC9A6,TRACKS_INFLAMMATION,EFO_1001249,0.2833954039427444,0.0014818723733454279,3,rises
ENSG00000103591,AAGAB,TRACKS_INFLAMMATION,EFO_1001249,0.2833954039427443,7.757348251116672e-11,3,rises
ENSG00000113312,TTC1,TRACKS_INFLAMMATION,EFO_1001249,0.2833954039427443,6.026724473733419e-10,3,rises
ENSG00000159261,CLDN14,TRACKS_INFLAMMATION,EFO_1001249,-0.2833954039427443,0.0001337498077496518,3,falls
ENSG00000181852,RNF41,TRACKS_INFLAMMATION,EFO_1001249,0.2833954039427443,0.006586364304665505,3,rises
ENSG00000134375,TIMM17A,TRACKS_INFLAMMATION,EFO_1001249,0.2833237519875908,3.878936987230457e-09,3,rises
ENSG00000158488,CD1E,TRACKS_INFLAMMATION,EFO_1001249,0.28317818154521934,0.00014759647950639713,3,rises
ENSG00000152137,HSPB8,TRACKS_INFLAMMATION,EFO_1001249,0.28274147021810486,2.6525367917678234e-05,3,rises
ENSG00000099769,IGFALS,TRACKS_INFLAMMATION,EFO_1001249,-0.28267337743588383,0.003082652549007014,3,falls
ENSG00000026652,AGPAT4,TRACKS_INFLAMMATION,EFO_1001249,0.28267337743588383,0.00637891450260965,3,rises
ENSG00000004700,RECQL,TRACKS_INFLAMMATION,EFO_1001249,0.28256678568725907,2.2221974145087852e-11,3,rises
ENSG00000155850,SLC26A2,TRACKS_INFLAMMATION,EFO_1001249,0.2824940004660733,4.1504280278836545e-08,3,rises
ENSG00000138172,CALHM2,TRACKS_INFLAMMATION,EFO_1001249,0.2824066582006504,2.991004557283617e-07,3,rises
ENSG00000170606,HSPA4,TRACKS_INFLAMMATION,EFO_1001249,0.2822174166255676,2.4031095576417735e-10,3,rises
ENSG00000153086,ACMSD,TRACKS_INFLAMMATION,EFO_1001249,-0.28211551731590756,0.0003079239631947791,3,falls
ENSG00000122687,MRM2,TRACKS_INFLAMMATION,EFO_1001249,0.28201361800624747,0.0007435853503080647,3,rises
ENSG00000139083,ETV6,TRACKS_INFLAMMATION,EFO_1001249,0.2819515800469767,3.741715727709864e-05,3,rises
ENSG00000167778,SPRYD3,TRACKS_INFLAMMATION,EFO_1001249,0.28195135092902335,2.2342139463111922e-07,3,rises
ENSG00000170515,PA2G4,TRACKS_INFLAMMATION,EFO_1001249,0.28195135092902335,3.088931026248202e-05,3,rises
ENSG00000198848,CES1,TRACKS_INFLAMMATION,EFO_1001249,0.28195135092902335,6.162589591309196e-05,3,rises
ENSG00000148123,PLPPR1,TRACKS_INFLAMMATION,EFO_1001249,-0.28195135092902335,0.010537986714808425,3,falls
ENSG00000101811,CSTF2,TRACKS_INFLAMMATION,EFO_1001249,0.2815322172605905,1.9402698163767614e-05,3,rises
ENSG00000184378,ACTRT3,TRACKS_INFLAMMATION,EFO_1001249,0.28147500736947306,0.0037018930837301543,3,rises
ENSG00000147168,IL2RG,TRACKS_INFLAMMATION,EFO_1001249,0.2814623234628594,2.386099558507475e-07,3,rises
ENSG00000025293,PHF20,TRACKS_INFLAMMATION,EFO_1001249,0.28125264206966627,0.0007118909145540852,3,rises
ENSG00000162851,TFB2M,TRACKS_INFLAMMATION,EFO_1001249,0.28122932442216286,0.00018082584002237782,3,rises
ENSG00000204516,MICB,TRACKS_INFLAMMATION,EFO_1001249,0.28122932442216286,0.007125021164854402,3,rises
ENSG00000155959,VBP1,TRACKS_INFLAMMATION,EFO_1001249,0.2811547523962558,4.1258130226185996e-06,3,rises
ENSG00000198053,SIRPA,TRACKS_INFLAMMATION,EFO_1001249,0.28106741013083303,2.6059292329389024e-05,3,rises
ENSG00000241644,INMT,TRACKS_INFLAMMATION,EFO_1001249,0.2808636115115129,2.2480390567854745e-05,3,rises
ENSG00000213281,NRAS,TRACKS_INFLAMMATION,EFO_1001249,0.28062359789008706,0.005502222575325377,3,rises
ENSG00000106003,LFNG,TRACKS_INFLAMMATION,EFO_1001249,0.2806161417594814,3.6596298859497025e-07,3,rises
ENSG00000119509,INVS,TRACKS_INFLAMMATION,EFO_1001249,-0.2806015847152442,0.00021581603643379836,3,falls
ENSG00000128039,SRD5A3,TRACKS_INFLAMMATION,EFO_1001249,0.2805072979153024,0.0002589495750483837,3,rises
ENSG00000123684,LPGAT1,TRACKS_INFLAMMATION,EFO_1001249,0.2805072979153024,0.00042170968343861005,3,rises
ENSG00000170445,HARS1,TRACKS_INFLAMMATION,EFO_1001249,0.2805072979153024,0.001245092911788917,3,rises
ENSG00000103852,TTC23,TRACKS_INFLAMMATION,EFO_1001249,0.2805072979153024,0.001478683249689557,3,rises
ENSG00000180901,KCTD2,TRACKS_INFLAMMATION,EFO_1001249,0.2805072979153024,0.0021266927455893636,3,rises
ENSG00000165526,RPUSD4,TRACKS_INFLAMMATION,EFO_1001249,-0.2805072979153024,0.006084473793242475,3,falls
ENSG00000101911,PRPS2,TRACKS_INFLAMMATION,EFO_1001249,0.28050729791530227,0.0066275843058153225,3,rises
ENSG00000101150,TPD52L2,TRACKS_INFLAMMATION,EFO_1001249,0.2800644475082388,9.470591150106087e-06,3,rises
ENSG00000172270,BSG,TRACKS_INFLAMMATION,EFO_1001249,0.279975631813047,2.445850547804515e-06,3,rises
ENSG00000206190,ATP10A,TRACKS_INFLAMMATION,EFO_1001249,0.27992465991277676,1.132977509799699e-06,3,rises
ENSG00000101193,GID8,TRACKS_INFLAMMATION,EFO_1001249,-0.2797852714084419,0.00010948324212028694,3,falls
ENSG00000115649,CNPPD1,TRACKS_INFLAMMATION,EFO_1001249,0.2797852714084419,0.0006550475781219301,3,rises
ENSG00000133302,SLF1,TRACKS_INFLAMMATION,EFO_1001249,0.2797852714084419,0.0012223251371947727,3,rises
ENSG00000241058,NSUN6,TRACKS_INFLAMMATION,EFO_1001249,-0.2797852714084419,0.002598345952349951,3,falls
ENSG00000109846,CRYAB,TRACKS_INFLAMMATION,EFO_1001249,0.2797852714084419,0.0030207841525697592,3,rises
ENSG00000163376,KBTBD8,TRACKS_INFLAMMATION,EFO_1001249,0.2797852714084419,0.005841748900960737,3,rises
ENSG00000117335,CD46,TRACKS_INFLAMMATION,EFO_1001249,0.2797852714084419,0.012549811777617262,3,rises
ENSG00000223547,ZNF844,TRACKS_INFLAMMATION,EFO_1001249,0.27978527140844184,0.005523116650321315,3,rises
ENSG00000124357,NAGK,TRACKS_INFLAMMATION,EFO_1001249,0.2790632449015814,7.039647347974615e-05,3,rises
ENSG00000163563,MNDA,TRACKS_INFLAMMATION,EFO_1001249,0.2790632449015814,0.0006184533347038082,3,rises
ENSG00000157502,PWWP3B,TRACKS_INFLAMMATION,EFO_1001249,0.2790632449015814,0.0011211309667216135,3,rises
ENSG00000168802,CHTF8,TRACKS_INFLAMMATION,EFO_1001249,0.27906324490158135,2.07084263313153e-05,3,rises
ENSG00000123983,ACSL3,TRACKS_INFLAMMATION,EFO_1001249,0.27906324490158135,0.0003329001664053357,3,rises
ENSG00000133318,RTN3,TRACKS_INFLAMMATION,EFO_1001249,0.27906324490158135,0.0005483915500755373,3,rises
ENSG00000152683,SLC30A6,TRACKS_INFLAMMATION,EFO_1001249,0.27906324490158135,0.012661444656441687,3,rises
ENSG00000125977,EIF2S2,TRACKS_INFLAMMATION,EFO_1001249,0.27904398098186955,1.137761941411232e-08,3,rises
ENSG00000066455,GOLGA5,TRACKS_INFLAMMATION,EFO_1001249,0.27902942393763236,0.0007333385110501817,3,rises
ENSG00000168175,MAPK1IP1L,TRACKS_INFLAMMATION,EFO_1001249,0.27894614674454227,0.0008212462412189298,3,rises
ENSG00000053108,FSTL4,TRACKS_INFLAMMATION,EFO_1001249,0.27889998847025144,0.023774159601263268,3,rises
ENSG00000067082,KLF6,TRACKS_INFLAMMATION,EFO_1001249,0.27887625294681134,4.5236414870762247e-11,3,rises
ENSG00000143155,TIPRL,TRACKS_INFLAMMATION,EFO_1001249,0.2787673971413637,4.1871511470263345e-06,3,rises
ENSG00000146147,MLIP,TRACKS_INFLAMMATION,EFO_1001249,0.27875284009712675,0.0003980629550026565,3,rises
ENSG00000188732,FAM221A,TRACKS_INFLAMMATION,EFO_1001249,-0.2787364653513492,0.0009946957641762853,3,falls
ENSG00000139508,SLC46A3,TRACKS_INFLAMMATION,EFO_1001249,0.2787091689644152,0.002778656925367104,3,rises
ENSG00000130513,GDF15,TRACKS_INFLAMMATION,EFO_1001249,0.27870916896441517,2.603278468739745e-09,3,rises
ENSG00000223865,HLA-DPB1,TRACKS_INFLAMMATION,EFO_1001249,0.27866657155361824,6.793417836781395e-07,3,rises
ENSG00000138613,APH1B,TRACKS_INFLAMMATION,EFO_1001249,0.27851992738933223,0.00170526321025123,3,rises
ENSG00000157796,WDR19,TRACKS_INFLAMMATION,EFO_1001249,-0.27851992738933223,0.005603069990792019,3,falls
ENSG00000100997,ABHD12,TRACKS_INFLAMMATION,EFO_1001249,0.2783412183947209,0.001448688425596051,3,rises
ENSG00000155975,VPS37A,TRACKS_INFLAMMATION,EFO_1001249,0.27834121839472087,0.0002711576489220954,3,rises
ENSG00000124374,PAIP2B,TRACKS_INFLAMMATION,EFO_1001249,-0.2783412183947208,1.641148728778771e-05,3,falls
ENSG00000127083,OMD,TRACKS_INFLAMMATION,EFO_1001249,0.27823081655689963,0.0019772060163833712,3,rises
ENSG00000128266,GNAZ,TRACKS_INFLAMMATION,EFO_1001249,0.2780941944438738,0.0009066269758244001,3,rises
ENSG00000152284,TCF7L1,TRACKS_INFLAMMATION,EFO_1001249,-0.27798131675255777,5.106944338355292e-07,3,falls
ENSG00000150687,PRSS23,TRACKS_INFLAMMATION,EFO_1001249,0.27789773977857685,6.222695537042949e-05,3,rises
ENSG00000139193,CD27,TRACKS_INFLAMMATION,EFO_1001249,0.2776227319104545,0.0065780138467583715,3,rises
ENSG00000089685,BIRC5,TRACKS_INFLAMMATION,EFO_1001249,0.2776191918878604,4.266418074402268e-07,3,rises
ENSG00000106305,AIMP2,TRACKS_INFLAMMATION,EFO_1001249,0.2776191918878604,4.861522524161724e-07,3,rises
ENSG00000100271,TTLL1,TRACKS_INFLAMMATION,EFO_1001249,0.2776191918878604,0.0014704435326472099,3,rises
ENSG00000118246,FASTKD2,TRACKS_INFLAMMATION,EFO_1001249,0.2776191918878604,0.015431103636943158,3,rises
ENSG00000181577,LINC03040,TRACKS_INFLAMMATION,EFO_1001249,0.27741956147610186,8.857647582595177e-05,3,rises
ENSG00000001036,FUCA2,TRACKS_INFLAMMATION,EFO_1001249,0.2774135920273091,0.0013933621735437482,3,rises
ENSG00000103942,HOMER2,TRACKS_INFLAMMATION,EFO_1001249,-0.27735536385036047,6.0628140278455663e-05,3,falls
ENSG00000108405,P2RX1,TRACKS_INFLAMMATION,EFO_1001249,0.27729138451063523,0.0007950313977366215,3,rises
ENSG00000164588,HCN1,TRACKS_INFLAMMATION,EFO_1001249,0.27711355894388345,0.00024698398896274757,3,rises
ENSG00000072274,TFRC,TRACKS_INFLAMMATION,EFO_1001249,0.2770590142058045,0.003725317973774415,3,rises
ENSG00000171055,FEZ2,TRACKS_INFLAMMATION,EFO_1001249,0.2770351088771432,0.0004108914805446924,3,rises
ENSG00000075790,BCAP29,TRACKS_INFLAMMATION,EFO_1001249,0.27702055183290614,5.443480213805393e-06,3,rises
ENSG00000198346,ZNF813,TRACKS_INFLAMMATION,EFO_1001249,0.2768971653809999,0.016732895596015988,3,rises
ENSG00000178074,C2orf69,TRACKS_INFLAMMATION,EFO_1001249,0.2768749813905346,0.016609848596569315,3,rises
ENSG00000113492,AGXT2,TRACKS_INFLAMMATION,EFO_1001249,-0.2766420686827402,1.6264530021797968e-05,3,falls
ENSG00000175175,PPM1E,TRACKS_INFLAMMATION,EFO_1001249,-0.2765110552846059,0.0012118903670983658,3,falls
ENSG00000139572,GPR84,TRACKS_INFLAMMATION,EFO_1001249,0.27644882911283825,0.00010488848296607375,3,rises
ENSG00000088930,XRN2,TRACKS_INFLAMMATION,EFO_1001249,0.2764299700262252,1.357212606367639e-07,3,rises
ENSG00000112394,SLC16A10,TRACKS_INFLAMMATION,EFO_1001249,-0.27632181370952313,4.620894829457545e-06,3,falls
ENSG00000177138,FAM9B,TRACKS_INFLAMMATION,EFO_1001249,-0.27628084578053214,7.920567398168987e-05,3,falls
ENSG00000157601,MX1,TRACKS_INFLAMMATION,EFO_1001249,0.2762202886330321,0.011538467904449737,3,rises
ENSG00000102871,TRADD,TRACKS_INFLAMMATION,EFO_1001249,0.2762053573556259,0.013769970212193445,3,rises
ENSG00000125821,DTD1,TRACKS_INFLAMMATION,EFO_1001249,0.2761762432671516,0.005205273974723218,3,rises
ENSG00000062716,VMP1,TRACKS_INFLAMMATION,EFO_1001249,0.2761751388741394,4.783969989892418e-07,3,rises
ENSG00000211456,SACM1L,TRACKS_INFLAMMATION,EFO_1001249,0.2761751388741394,0.00013991711182988052,3,rises
ENSG00000117602,RCAN3,TRACKS_INFLAMMATION,EFO_1001249,0.2761751388741394,0.00803355578846665,3,rises
ENSG00000132016,BRME1,TRACKS_INFLAMMATION,EFO_1001249,0.2761751388741394,0.009434285544573349,3,rises
ENSG00000125818,PSMF1,TRACKS_INFLAMMATION,EFO_1001249,0.2761751388741394,0.009736853670623222,3,rises
ENSG00000125457,MIF4GD,TRACKS_INFLAMMATION,EFO_1001249,0.27617513887413936,0.0008246350983722524,3,rises
ENSG00000128606,LRRC17,TRACKS_INFLAMMATION,EFO_1001249,0.27617513887413936,0.005228890671523063,3,rises
ENSG00000021355,SERPINB1,TRACKS_INFLAMMATION,EFO_1001249,0.2761503948353012,3.3697809326943187e-07,3,rises
ENSG00000137185,ZSCAN9,TRACKS_INFLAMMATION,EFO_1001249,0.2760889010017287,0.0014404400272175887,3,rises
ENSG00000145901,TNIP1,TRACKS_INFLAMMATION,EFO_1001249,0.27591421647088293,0.0009672758348363181,3,rises
ENSG00000182054,IDH2,TRACKS_INFLAMMATION,EFO_1001249,0.275870819644377,5.9499919362269826e-05,3,rises
ENSG00000007171,NOS2,TRACKS_INFLAMMATION,EFO_1001249,0.2757686460285114,0.0001392862401834073,3,rises
ENSG00000005379,TSPOAP1,TRACKS_INFLAMMATION,EFO_1001249,-0.27559124445345284,0.0007985922245428411,3,falls
ENSG00000116151,MORN1,TRACKS_INFLAMMATION,EFO_1001249,-0.2754531123672789,0.0029110140995092363,3,falls
ENSG00000150401,DCUN1D2,TRACKS_INFLAMMATION,EFO_1001249,-0.2754514568579908,0.006107266038097409,3,falls
ENSG00000186951,PPARA,TRACKS_INFLAMMATION,EFO_1001249,-0.2753028206129227,5.131730479213541e-06,3,falls
ENSG00000163950,SLBP,TRACKS_INFLAMMATION,EFO_1001249,0.27502623677241705,0.0036160508632018837,3,rises
ENSG00000101188,NTSR1,TRACKS_INFLAMMATION,EFO_1001249,-0.2749243374627569,0.0001716636346837803,3,falls
ENSG00000046604,DSG2,TRACKS_INFLAMMATION,EFO_1001249,0.2748515522415712,4.1722157926428337e-07,3,rises
ENSG00000128050,PAICS,TRACKS_INFLAMMATION,EFO_1001249,0.27473108586041844,0.00041385564748845264,3,rises
ENSG00000174780,SRP72,TRACKS_INFLAMMATION,EFO_1001249,0.2747310858604184,0.0015305639503819162,3,rises
ENSG00000127947,PTPN12,TRACKS_INFLAMMATION,EFO_1001249,0.2747310858604184,0.005192613474950854,3,rises
ENSG00000172482,AGXT,TRACKS_INFLAMMATION,EFO_1001249,-0.27473108586041833,0.0015032132039358222,3,falls
ENSG00000077942,FBLN1,TRACKS_INFLAMMATION,EFO_1001249,0.2745428374874874,3.086719439088315e-05,3,rises
ENSG00000111371,SLC38A1,TRACKS_INFLAMMATION,EFO_1001249,0.27454283748748737,1.8737937572000318e-06,3,rises
ENSG00000139438,FAM222A,TRACKS_INFLAMMATION,EFO_1001249,0.27454283748748737,0.0017208475929100203,3,rises
ENSG00000075426,FOSL2,TRACKS_INFLAMMATION,EFO_1001249,0.2741933684988322,1.4298174186362803e-07,3,rises
ENSG00000198535,C2CD4A,TRACKS_INFLAMMATION,EFO_1001249,0.27411859204970057,7.974387418891435e-06,3,rises
ENSG00000135334,AKIRIN2,TRACKS_INFLAMMATION,EFO_1001249,0.27410914298547673,0.0016091603101858307,3,rises
ENSG00000126709,IFI6,TRACKS_INFLAMMATION,EFO_1001249,0.27409458594123964,9.653135871341466e-05,3,rises
ENSG00000182197,EXT1,TRACKS_INFLAMMATION,EFO_1001249,0.27405358090337023,0.004299922816600216,3,rises
ENSG00000078081,LAMP3,TRACKS_INFLAMMATION,EFO_1001249,0.2740090593535579,0.0024575400679651693,3,rises
ENSG00000172594,SMPDL3A,TRACKS_INFLAMMATION,EFO_1001249,-0.2740090593535579,0.003433610616364356,3,falls
ENSG00000205220,PSMB10,TRACKS_INFLAMMATION,EFO_1001249,0.27400905935355785,2.012377464640379e-06,3,rises
ENSG00000153975,ZUP1,TRACKS_INFLAMMATION,EFO_1001249,0.27400905935355785,3.2725426419265406e-05,3,rises
ENSG00000115866,DARS1,TRACKS_INFLAMMATION,EFO_1001249,0.27400905935355785,0.0066840597667366265,3,rises
ENSG00000198780,FAM169A,TRACKS_INFLAMMATION,EFO_1001249,0.27387998620724485,1.7946528562398877e-05,3,rises
ENSG00000106034,CPED1,TRACKS_INFLAMMATION,EFO_1001249,-0.27358508939293935,0.00030120373033500324,3,falls
ENSG00000148229,POLE3,TRACKS_INFLAMMATION,EFO_1001249,0.27352686121599085,8.571119344514951e-06,3,rises
ENSG00000017797,RALBP1,TRACKS_INFLAMMATION,EFO_1001249,0.2734944305215219,0.00019370542191116498,3,rises
ENSG00000136826,KLF4,TRACKS_INFLAMMATION,EFO_1001249,0.273439518950568,7.568430458879313e-10,3,rises
ENSG00000179869,ABCA13,TRACKS_INFLAMMATION,EFO_1001249,-0.27327678851648707,0.0004287950181073774,3,falls
ENSG00000110400,NECTIN1,TRACKS_INFLAMMATION,EFO_1001249,0.27298825057921644,0.0004876615713028368,3,rises
ENSG00000167992,VWCE,TRACKS_INFLAMMATION,EFO_1001249,-0.2727698949156592,0.0011605243053551377,3,falls
ENSG00000169248,CXCL11,TRACKS_INFLAMMATION,EFO_1001249,0.2726256780581363,0.002536140445000219,3,rises
ENSG00000155304,HSPA13,TRACKS_INFLAMMATION,EFO_1001249,0.2725650063398369,0.00010428988854544323,3,rises
ENSG00000070367,EXOC5,TRACKS_INFLAMMATION,EFO_1001249,0.2725650063398369,0.007421158286122119,3,rises
ENSG00000099954,CECR2,TRACKS_INFLAMMATION,EFO_1001249,-0.2724460235555565,0.00017192374657377897,3,falls
ENSG00000068784,SRBD1,TRACKS_INFLAMMATION,EFO_1001249,0.27237612975782544,2.632793288893176e-06,3,rises
ENSG00000111481,COPZ1,TRACKS_INFLAMMATION,EFO_1001249,0.272347740632782,9.33604502260977e-05,3,rises
ENSG00000127666,TICAM1,TRACKS_INFLAMMATION,EFO_1001249,0.2719110293056675,0.001448236323093347,3,rises
ENSG00000155265,GOLGA7B,TRACKS_INFLAMMATION,EFO_1001249,0.271851646001685,0.002160314816706097,3,rises
ENSG00000185480,PARPBP,TRACKS_INFLAMMATION,EFO_1001249,0.27184644620100423,0.014248393736140393,3,rises
ENSG00000197170,PSMD12,TRACKS_INFLAMMATION,EFO_1001249,0.2718429798329764,0.0023145293616055316,3,rises
ENSG00000119231,SENP5,TRACKS_INFLAMMATION,EFO_1001249,0.2716072979827841,0.02273063062185546,3,rises
ENSG00000178726,THBD,TRACKS_INFLAMMATION,EFO_1001249,0.27153740418505307,9.436887651219502e-08,3,rises
ENSG00000221916,C19orf73,TRACKS_INFLAMMATION,EFO_1001249,0.27151798911126457,0.0002960905957605848,3,rises
ENSG00000156413,FUT6,TRACKS_INFLAMMATION,EFO_1001249,-0.2714675103873221,0.004843286919087896,3,falls
ENSG00000100626,GALNT16,TRACKS_INFLAMMATION,EFO_1001249,0.2710084925629644,0.00010030190824997606,3,rises
ENSG00000179965,ZNF771,TRACKS_INFLAMMATION,EFO_1001249,-0.2707685724100118,6.850254235378295e-06,3,falls
ENSG00000082068,WDR70,TRACKS_INFLAMMATION,EFO_1001249,0.27076857241001173,0.0037199580057401148,3,rises
ENSG00000204310,AGPAT1,TRACKS_INFLAMMATION,EFO_1001249,0.2707173516782215,0.00022914972246367574,3,rises
ENSG00000034239,CLXN,TRACKS_INFLAMMATION,EFO_1001249,-0.2704161679102876,9.781935581510564e-05,3,falls
ENSG00000118777,ABCG2,TRACKS_INFLAMMATION,EFO_1001249,-0.2703989268192555,0.00010083930065049665,3,falls
ENSG00000235162,C12orf75,TRACKS_INFLAMMATION,EFO_1001249,0.2703989268192554,0.004077492074989671,3,rises
ENSG00000170836,PPM1D,TRACKS_INFLAMMATION,EFO_1001249,0.2703989268192554,0.008522590665361977,3,rises
ENSG00000187048,CYP4A11,TRACKS_INFLAMMATION,EFO_1001249,-0.27039892681925537,3.094640420315106e-06,3,falls
ENSG00000005981,ASB4,TRACKS_INFLAMMATION,EFO_1001249,-0.270053758903699,0.0031871944881478073,3,falls
ENSG00000053328,METTL24,TRACKS_INFLAMMATION,EFO_1001249,0.2700040565106013,0.0028338579598356124,3,rises
ENSG00000064687,ABCA7,TRACKS_INFLAMMATION,EFO_1001249,0.2699298468372394,7.728823691976176e-06,3,rises
ENSG00000146433,TMEM181,TRACKS_INFLAMMATION,EFO_1001249,0.2698599530395083,0.003535881830289412,3,rises
ENSG00000143199,ADCY10,TRACKS_INFLAMMATION,EFO_1001249,-0.2693344324756926,0.00196566523019317,3,falls
ENSG00000174808,BTC,TRACKS_INFLAMMATION,EFO_1001249,0.26932447266568,0.007176579355211268,3,rises
ENSG00000171729,TMEM51,TRACKS_INFLAMMATION,EFO_1001249,0.2693053183872182,4.7617166123678244e-05,3,rises
ENSG00000148677,ANKRD1,TRACKS_INFLAMMATION,EFO_1001249,0.2691811129789933,1.397823573111698e-06,3,rises
ENSG00000137269,LRRC1,TRACKS_INFLAMMATION,EFO_1001249,0.2691687075906268,2.2585217904652362e-07,3,rises
ENSG00000108823,SGCA,TRACKS_INFLAMMATION,EFO_1001249,0.2690724056794239,6.589329416613211e-05,3,rises
ENSG00000113719,ERGIC1,TRACKS_INFLAMMATION,EFO_1001249,0.2689548738055344,0.00015603700579899533,3,rises
ENSG00000179218,CALR,TRACKS_INFLAMMATION,EFO_1001249,0.2689548738055344,0.0005709570266549762,3,rises
ENSG00000120910,PPP3CC,TRACKS_INFLAMMATION,EFO_1001249,0.2689548738055344,0.002599706453347312,3,rises
ENSG00000129566,TEP1,TRACKS_INFLAMMATION,EFO_1001249,0.2688115460735429,2.225588310733035e-06,3,rises
ENSG00000095539,SEMA4G,TRACKS_INFLAMMATION,EFO_1001249,-0.268781264794681,6.816038520861667e-09,3,falls
ENSG00000134247,PTGFRN,TRACKS_INFLAMMATION,EFO_1001249,0.26874165227581187,1.658910237716909e-07,3,rises
ENSG00000069667,RORA,TRACKS_INFLAMMATION,EFO_1001249,-0.2686065802638352,0.00010752215623224984,3,falls
ENSG00000182134,TDRKH,TRACKS_INFLAMMATION,EFO_1001249,0.26832999642332944,0.0011951775087317795,3,rises
ENSG00000172348,RCAN2,TRACKS_INFLAMMATION,EFO_1001249,0.26832228948942566,0.0009513467308227844,3,rises
ENSG00000143341,HMCN1,TRACKS_INFLAMMATION,EFO_1001249,0.26830088233485516,0.0006921872956287541,3,rises
ENSG00000136840,ST6GALNAC4,TRACKS_INFLAMMATION,EFO_1001249,0.26827176824638077,1.1948061779527444e-05,3,rises
ENSG00000159921,GNE,TRACKS_INFLAMMATION,EFO_1001249,-0.2682426541579065,7.767002650622413e-08,3,falls
ENSG00000157593,SLC35B2,TRACKS_INFLAMMATION,EFO_1001249,0.26823284729867397,4.460393170830837e-06,3,rises
ENSG00000160460,SPTBN4,TRACKS_INFLAMMATION,EFO_1001249,-0.26823284729867397,2.2357127074791485e-05,3,falls
ENSG00000101146,RAE1,TRACKS_INFLAMMATION,EFO_1001249,0.2682328472986739,0.0001874678842969016,3,rises
ENSG00000021852,C8B,TRACKS_INFLAMMATION,EFO_1001249,-0.2682328472986739,0.0015398781482931449,3,falls
ENSG00000166801,FAM111A,TRACKS_INFLAMMATION,EFO_1001249,0.2682328472986739,0.0020455173369154055,3,rises
ENSG00000160209,PDXK,TRACKS_INFLAMMATION,EFO_1001249,0.26804271429850157,0.0033303255248021382,3,rises
ENSG00000196616,ADH1B,TRACKS_INFLAMMATION,EFO_1001249,-0.2680388555385865,1.4114399535754315e-05,3,falls
ENSG00000106070,GRB10,TRACKS_INFLAMMATION,EFO_1001249,-0.26779138578655504,0.0001351396289570818,3,falls
ENSG00000140451,PIF1,TRACKS_INFLAMMATION,EFO_1001249,0.2677865025962341,0.009752874463121928,3,rises
ENSG00000139515,PDX1,TRACKS_INFLAMMATION,EFO_1001249,0.2675717034375562,0.0011683265159678185,3,rises
ENSG00000080371,RAB21,TRACKS_INFLAMMATION,EFO_1001249,0.2675108207918135,0.0031521297722195475,3,rises
ENSG00000173540,GMPPB,TRACKS_INFLAMMATION,EFO_1001249,0.26751082079181343,0.0001293156259116398,3,rises
ENSG00000169764,UGP2,TRACKS_INFLAMMATION,EFO_1001249,0.26751082079181343,0.0020024491900180502,3,rises
ENSG00000132329,RAMP1,TRACKS_INFLAMMATION,EFO_1001249,-0.2674711308133378,0.0018242571613178158,3,falls
ENSG00000116815,CD58,TRACKS_INFLAMMATION,EFO_1001249,0.2674136701189223,0.000637577171935791,3,rises
ENSG00000085978,ATG16L1,TRACKS_INFLAMMATION,EFO_1001249,0.2672738825234603,0.0051885891845153955,3,rises
ENSG00000140391,TSPAN3,TRACKS_INFLAMMATION,EFO_1001249,0.26726733219401766,1.2735395812714962e-08,3,rises
ENSG00000162695,SLC30A7,TRACKS_INFLAMMATION,EFO_1001249,0.2671072047074091,0.0003043208530309815,3,rises
ENSG00000162761,LMX1A,TRACKS_INFLAMMATION,EFO_1001249,-0.2670434522812215,5.735849213312461e-05,3,falls
ENSG00000241399,CD302,TRACKS_INFLAMMATION,EFO_1001249,-0.26701986244198617,0.01718207501571986,3,falls
ENSG00000100884,CPNE6,TRACKS_INFLAMMATION,EFO_1001249,-0.26678694973419187,0.0019453022293845887,3,falls
ENSG00000072803,FBXW11,TRACKS_INFLAMMATION,EFO_1001249,0.26678462593934305,0.009277127444283476,3,rises
ENSG00000090520,DNAJB11,TRACKS_INFLAMMATION,EFO_1001249,0.2667141645130061,5.07269755776061e-07,3,rises
ENSG00000182795,C1orf116,TRACKS_INFLAMMATION,EFO_1001249,0.26661867349589136,0.004065315790037633,3,rises
ENSG00000182179,UBA7,TRACKS_INFLAMMATION,EFO_1001249,0.26643515695068787,1.4412883475613796e-05,3,rises
ENSG00000148572,NRBF2,TRACKS_INFLAMMATION,EFO_1001249,0.2663502384070774,5.599622256731155e-07,3,rises
ENSG00000167711,SERPINF2,TRACKS_INFLAMMATION,EFO_1001249,-0.266204667964706,1.840201352089312e-05,3,falls
ENSG00000110925,CSRNP2,TRACKS_INFLAMMATION,EFO_1001249,0.2660667677780925,0.0010197005682081844,3,rises
ENSG00000197054,ZNF763,TRACKS_INFLAMMATION,EFO_1001249,0.26606676777809246,0.0011034340259352526,3,rises
ENSG00000157978,LDLRAP1,TRACKS_INFLAMMATION,EFO_1001249,0.26606676777809246,0.0013901124582682157,3,rises
ENSG00000173598,NUDT4,TRACKS_INFLAMMATION,EFO_1001249,-0.265811627770303,0.00037375208946523555,3,falls
ENSG00000170271,FAXDC2,TRACKS_INFLAMMATION,EFO_1001249,-0.2657825136818287,0.03717005623634539,3,falls
ENSG00000154920,EME1,TRACKS_INFLAMMATION,EFO_1001249,0.26563651838008745,0.0017415192338869478,3,rises
ENSG00000198833,UBE2J1,TRACKS_INFLAMMATION,EFO_1001249,0.2656223861952201,0.00024121269683127945,3,rises
ENSG00000112697,CDC50A,TRACKS_INFLAMMATION,EFO_1001249,0.2655350439297972,0.002653476984375314,3,rises
ENSG00000158806,NPM2,TRACKS_INFLAMMATION,EFO_1001249,0.2653518192043648,0.0018070406219812029,3,rises
ENSG00000095485,CWF19L1,TRACKS_INFLAMMATION,EFO_1001249,0.26534474127123203,0.0014318491891569382,3,rises
ENSG00000198952,SMG5,TRACKS_INFLAMMATION,EFO_1001249,0.26534474127123203,0.013590049010474755,3,rises
ENSG00000164048,ZNF589,TRACKS_INFLAMMATION,EFO_1001249,0.265344741271232,0.00909239856897793,3,rises
ENSG00000197977,ELOVL2,TRACKS_INFLAMMATION,EFO_1001249,0.2653447412712319,3.734485247623433e-06,3,rises
ENSG00000113615,SEC24A,TRACKS_INFLAMMATION,EFO_1001249,0.26531668826624,0.00012932176931967267,3,rises
ENSG00000152377,SPOCK1,TRACKS_INFLAMMATION,EFO_1001249,0.2652676190735108,0.0009807161114678926,3,rises
ENSG00000141580,WDR45B,TRACKS_INFLAMMATION,EFO_1001249,0.26521478895657996,0.02670532654894672,3,rises
ENSG00000151617,EDNRA,TRACKS_INFLAMMATION,EFO_1001249,0.26510717479379825,0.022281501199431814,3,rises
ENSG00000091140,DLD,TRACKS_INFLAMMATION,EFO_1001249,0.2650401044257343,7.424485911001828e-05,3,rises
ENSG00000146085,MMUT,TRACKS_INFLAMMATION,EFO_1001249,-0.26504010442573417,0.0012963270804557353,3,falls
ENSG00000157168,NRG1,TRACKS_INFLAMMATION,EFO_1001249,0.26503728099606727,0.00014876319239506152,3,rises
ENSG00000124920,MYRF,TRACKS_INFLAMMATION,EFO_1001249,0.2648974934006052,0.00761170994295849,3,rises
ENSG00000188611,ASAH2,TRACKS_INFLAMMATION,EFO_1001249,0.2648974934006052,0.023313579507472662,3,rises
ENSG00000182050,MGAT4C,TRACKS_INFLAMMATION,EFO_1001249,0.2648526840860067,0.002954420227513119,3,rises
ENSG00000010379,SLC6A13,TRACKS_INFLAMMATION,EFO_1001249,-0.2648508628506513,2.2839898985611653e-06,3,falls
ENSG00000171564,FGB,TRACKS_INFLAMMATION,EFO_1001249,-0.2647926346737027,0.007315324108517868,3,falls
ENSG00000165175,MID1IP1,TRACKS_INFLAMMATION,EFO_1001249,0.2647577058051431,0.0021904955015520327,3,rises
ENSG00000135423,GLS2,TRACKS_INFLAMMATION,EFO_1001249,-0.26470529240827984,3.4800363008469352e-06,3,falls
ENSG00000106348,IMPDH1,TRACKS_INFLAMMATION,EFO_1001249,0.2646907353640427,0.00022051979194375002,3,rises
ENSG00000179598,PLD6,TRACKS_INFLAMMATION,EFO_1001249,-0.26461791820968106,4.782477536387647e-05,3,falls
ENSG00000127080,IPPK,TRACKS_INFLAMMATION,EFO_1001249,0.26437048039082545,0.0011763807002848473,3,rises
ENSG00000186432,KPNA4,TRACKS_INFLAMMATION,EFO_1001249,0.2641666817715054,0.0024301422185568945,3,rises
ENSG00000165006,UBAP1,TRACKS_INFLAMMATION,EFO_1001249,0.26415212472726823,0.00042780521580329235,3,rises
ENSG00000147383,NSDHL,TRACKS_INFLAMMATION,EFO_1001249,0.26412301063879395,2.1546677976622357e-07,3,rises
ENSG00000164823,OSGIN2,TRACKS_INFLAMMATION,EFO_1001249,0.263900688257511,0.002490607415417721,3,rises
ENSG00000188958,UTS2B,TRACKS_INFLAMMATION,EFO_1001249,-0.26390068825751095,0.014033401432908682,3,falls
ENSG00000118514,ALDH8A1,TRACKS_INFLAMMATION,EFO_1001249,0.26390068825751095,0.014222274719718922,3,rises
ENSG00000177613,CSTF2T,TRACKS_INFLAMMATION,EFO_1001249,0.2637791926369087,2.861238978223161e-06,3,rises
ENSG00000185477,GPRIN3,TRACKS_INFLAMMATION,EFO_1001249,0.26371541340015386,3.3708559064743326e-06,3,rises
ENSG00000188021,UBQLN2,TRACKS_INFLAMMATION,EFO_1001249,0.26370929883917765,0.0017388963006233066,3,rises
ENSG00000144802,NFKBIZ,TRACKS_INFLAMMATION,EFO_1001249,-0.26365718522320525,0.004271306681916215,3,falls
ENSG00000087299,L2HGDH,TRACKS_INFLAMMATION,EFO_1001249,-0.26359895704625663,0.009676266048923077,3,falls
ENSG00000112742,TTK,TRACKS_INFLAMMATION,EFO_1001249,0.2635116147808338,2.863275859037375e-05,3,rises
ENSG00000065675,PRKCQ,TRACKS_INFLAMMATION,EFO_1001249,0.26340971547117376,0.001219965225842096,3,rises
ENSG00000169302,STK32A,TRACKS_INFLAMMATION,EFO_1001249,0.26328424305712167,0.013664360987029849,3,rises
ENSG00000132185,FCRLA,TRACKS_INFLAMMATION,EFO_1001249,0.2632167460544136,0.016124966951951796,3,rises
ENSG00000120805,ARL1,TRACKS_INFLAMMATION,EFO_1001249,0.2632059168518537,7.855412890688874e-07,3,rises
ENSG00000165171,METTL27,TRACKS_INFLAMMATION,EFO_1001249,-0.2632059168518537,0.0003238284834523658,3,falls
ENSG00000099260,PALMD,TRACKS_INFLAMMATION,EFO_1001249,0.26317866175065047,1.3489297776076318e-06,3,rises
ENSG00000049541,RFC2,TRACKS_INFLAMMATION,EFO_1001249,0.26317866175065047,4.404079575357024e-05,3,rises
ENSG00000148925,BTBD10,TRACKS_INFLAMMATION,EFO_1001249,0.26317866175065047,0.0003712012193285999,3,rises
ENSG00000148297,MED22,TRACKS_INFLAMMATION,EFO_1001249,0.26317866175065047,0.004701015352572775,3,rises
ENSG00000051382,PIK3CB,TRACKS_INFLAMMATION,EFO_1001249,0.2631501484573294,0.00041358177024420034,3,rises
ENSG00000082438,COBLL1,TRACKS_INFLAMMATION,EFO_1001249,-0.2630749034537194,6.93264557966683e-07,3,falls
ENSG00000143228,NUF2,TRACKS_INFLAMMATION,EFO_1001249,0.2629672114333322,1.8843178372733572e-08,3,rises
ENSG00000155974,GRIP1,TRACKS_INFLAMMATION,EFO_1001249,-0.26285654779016215,0.0005190948373287994,3,falls
ENSG00000113597,TRAPPC13,TRACKS_INFLAMMATION,EFO_1001249,0.262841990745925,1.4654352219819513e-07,3,rises
ENSG00000135269,TES,TRACKS_INFLAMMATION,EFO_1001249,0.2628274337016878,9.76007839216621e-05,3,rises
ENSG00000100320,RBFOX2,TRACKS_INFLAMMATION,EFO_1001249,-0.2627837625689764,0.006442942961412965,3,falls
ENSG00000106785,TRIM14,TRACKS_INFLAMMATION,EFO_1001249,0.26273078567094327,0.00043903639289215904,3,rises
ENSG00000103742,IGDCC4,TRACKS_INFLAMMATION,EFO_1001249,0.2626642177657959,0.00011530483321972499,3,rises
ENSG00000181072,CHRM2,TRACKS_INFLAMMATION,EFO_1001249,0.26263819212660494,0.0023107459230554592,3,rises
ENSG00000161955,TNFSF13,TRACKS_INFLAMMATION,EFO_1001249,0.26260907803813066,3.157280655477894e-07,3,rises
ENSG00000125871,MGME1,TRACKS_INFLAMMATION,EFO_1001249,0.26245663524379004,0.0009787571683607778,3,rises
ENSG00000114698,PLSCR4,TRACKS_INFLAMMATION,EFO_1001249,-0.26245663524379,1.3555329565047716e-07,3,falls
ENSG00000064309,CDON,TRACKS_INFLAMMATION,EFO_1001249,-0.26245663524379,0.014430885469449286,3,falls
ENSG00000055070,SZRD1,TRACKS_INFLAMMATION,EFO_1001249,0.2624566352437899,9.987171420608672e-05,3,rises
ENSG00000120725,SIL1,TRACKS_INFLAMMATION,EFO_1001249,0.2624566352437899,0.00017738192236240756,3,rises
ENSG00000164294,GPX8,TRACKS_INFLAMMATION,EFO_1001249,0.26244895055152206,3.982680641614723e-06,3,rises
ENSG00000130816,DNMT1,TRACKS_INFLAMMATION,EFO_1001249,0.2622415290868261,3.6721845772932638e-09,3,rises
ENSG00000003436,TFPI,TRACKS_INFLAMMATION,EFO_1001249,-0.262241529086826,0.003320484587130742,3,falls
ENSG00000132357,CARD6,TRACKS_INFLAMMATION,EFO_1001249,0.2621723667110163,0.006538540799390471,3,rises
ENSG00000110887,DAO,TRACKS_INFLAMMATION,EFO_1001249,0.2618957828705105,0.0007138546079144346,3,rises
ENSG00000172724,CCL19,TRACKS_INFLAMMATION,EFO_1001249,0.2618221663004398,5.2297922965395244e-05,3,rises
ENSG00000103546,SLC6A2,TRACKS_INFLAMMATION,EFO_1001249,0.26180472248282605,9.249245432464619e-07,3,rises
ENSG00000205795,CYS1,TRACKS_INFLAMMATION,EFO_1001249,0.26173460873692944,0.001618385125691306,3,rises
ENSG00000138741,TRPC3,TRACKS_INFLAMMATION,EFO_1001249,-0.26172275316319926,6.979282509828944e-06,3,falls
ENSG00000138160,KIF11,TRACKS_INFLAMMATION,EFO_1001249,0.2616823787049778,0.0033326250198288856,3,rises
ENSG00000177946,CENPBD1P,TRACKS_INFLAMMATION,EFO_1001249,0.26154641380881893,0.0004270960023744574,3,rises
ENSG00000141522,ARHGDIA,TRACKS_INFLAMMATION,EFO_1001249,0.26142995745492176,0.0010153504337647656,3,rises
ENSG00000171160,MORN4,TRACKS_INFLAMMATION,EFO_1001249,-0.26142995745492176,0.0023010528584338445,3,falls
ENSG00000100504,PYGL,TRACKS_INFLAMMATION,EFO_1001249,0.2613862863222104,0.003925293681092768,3,rises
ENSG00000137077,CCL21,TRACKS_INFLAMMATION,EFO_1001249,0.2610223602162816,4.777805068897203e-06,3,rises
ENSG00000138629,UBL7,TRACKS_INFLAMMATION,EFO_1001249,0.261012582230069,0.0019924591059088375,3,rises
ENSG00000137872,SEMA6D,TRACKS_INFLAMMATION,EFO_1001249,0.261012582230069,0.011436442154472504,3,rises
ENSG00000115539,PDCL3,TRACKS_INFLAMMATION,EFO_1001249,0.26101258223006896,2.2571224609774565e-09,3,rises
ENSG00000131375,CAPN7,TRACKS_INFLAMMATION,EFO_1001249,0.26101258223006896,0.005176357867498244,3,rises
ENSG00000156709,AIFM1,TRACKS_INFLAMMATION,EFO_1001249,0.2607894475084873,2.5696469897474854e-06,3,rises
ENSG00000169738,DCXR,TRACKS_INFLAMMATION,EFO_1001249,-0.2607894475084873,2.994180985297789e-06,3,falls
ENSG00000105968,H2AZ2,TRACKS_INFLAMMATION,EFO_1001249,0.2607312193315387,0.001068124216834698,3,rises
ENSG00000134504,KCTD1,TRACKS_INFLAMMATION,EFO_1001249,0.26056407794128134,5.131545989644042e-05,3,rises
ENSG00000167513,CDT1,TRACKS_INFLAMMATION,EFO_1001249,0.26055009985841987,1.1205827092680268e-07,3,rises
ENSG00000141639,MAPK4,TRACKS_INFLAMMATION,EFO_1001249,0.26047329272670794,0.019388623379726588,3,rises
ENSG00000198642,KLHL9,TRACKS_INFLAMMATION,EFO_1001249,0.2604109643583215,0.013943453558239026,3,rises
ENSG00000055211,GINM1,TRACKS_INFLAMMATION,EFO_1001249,0.2603818502698472,0.0029212620804739175,3,rises
ENSG00000138623,SEMA7A,TRACKS_INFLAMMATION,EFO_1001249,0.2603527361813729,8.864398563518324e-07,3,rises
ENSG00000243709,LEFTY1,TRACKS_INFLAMMATION,EFO_1001249,0.26030715228747303,0.0006554630584041692,3,rises
ENSG00000179950,PUF60,TRACKS_INFLAMMATION,EFO_1001249,0.2602905557232085,0.030027628468356094,3,rises
ENSG00000141338,ABCA8,TRACKS_INFLAMMATION,EFO_1001249,-0.26028450275035725,0.0007762330708431433,3,falls
ENSG00000103479,RBL2,TRACKS_INFLAMMATION,EFO_1001249,-0.26014893756205276,0.0002099462496039488,3,falls
ENSG00000213654,GPSM3,TRACKS_INFLAMMATION,EFO_1001249,0.2601198234735785,1.3764686809757738e-05,3,rises
ENSG00000137216,TMEM63B,TRACKS_INFLAMMATION,EFO_1001249,0.259865139963971,0.024929274551819484,3,rises
ENSG00000177432,NAP1L5,TRACKS_INFLAMMATION,EFO_1001249,0.25979956850036123,0.0050617706352396,3,rises
ENSG00000119632,IFI27L2,TRACKS_INFLAMMATION,EFO_1001249,0.25972678327917553,6.276022319347681e-07,3,rises
ENSG00000140650,PMM2,TRACKS_INFLAMMATION,EFO_1001249,0.25965545857077793,0.014724552881129255,3,rises
ENSG00000163918,RFC4,TRACKS_INFLAMMATION,EFO_1001249,0.2596103269252784,6.684147550478365e-11,3,rises
ENSG00000135318,NT5E,TRACKS_INFLAMMATION,EFO_1001249,-0.25959576988104127,1.3053133586787327e-05,3,falls
ENSG00000170748,RBMXL2,TRACKS_INFLAMMATION,EFO_1001249,-0.2595927420891977,0.013708129711077452,3,falls
ENSG00000139505,MTMR6,TRACKS_INFLAMMATION,EFO_1001249,0.25945019943866987,0.0008445667587901788,3,rises
ENSG00000158485,CD1B,TRACKS_INFLAMMATION,EFO_1001249,0.2593944286303609,0.00023278769414596554,3,rises
ENSG00000125304,TM9SF2,TRACKS_INFLAMMATION,EFO_1001249,0.2593059895821228,8.504535607055746e-06,3,rises
ENSG00000167566,NCKAP5L,TRACKS_INFLAMMATION,EFO_1001249,0.25930598958212275,0.03638297893330046,3,rises
ENSG00000186198,SLC51B,TRACKS_INFLAMMATION,EFO_1001249,0.25922276273782874,1.0739250281023633e-05,3,rises
ENSG00000143164,DCAF6,TRACKS_INFLAMMATION,EFO_1001249,-0.25920272968663827,0.001532391833376706,3,falls
ENSG00000141367,CLTC,TRACKS_INFLAMMATION,EFO_1001249,0.2591881726424011,8.866494514166664e-09,3,rises
ENSG00000174327,SLC16A13,TRACKS_INFLAMMATION,EFO_1001249,0.2588465027094875,2.7662305838680628e-05,3,rises
ENSG00000113384,GOLPH3,TRACKS_INFLAMMATION,EFO_1001249,0.2588465027094875,0.0038893789847895084,3,rises
ENSG00000168280,KIF5C,TRACKS_INFLAMMATION,EFO_1001249,0.25876219073206214,0.009251043741510772,3,rises
ENSG00000137142,IGFBPL1,TRACKS_INFLAMMATION,EFO_1001249,0.258685782976493,1.8799351623786742e-05,3,rises
ENSG00000160190,SLC37A1,TRACKS_INFLAMMATION,EFO_1001249,0.2586769454025435,7.903121542291163e-05,3,rises
ENSG00000162236,STX5,TRACKS_INFLAMMATION,EFO_1001249,0.2586350049613896,5.417745532852225e-07,3,rises
ENSG00000107130,NCS1,TRACKS_INFLAMMATION,EFO_1001249,-0.2585913338286781,0.004126499006319204,3,falls
ENSG00000125510,OPRL1,TRACKS_INFLAMMATION,EFO_1001249,0.2585331056517296,0.01332355776157828,3,rises
ENSG00000025800,KPNA6,TRACKS_INFLAMMATION,EFO_1001249,0.258285635899698,1.4016267324644183e-06,3,rises
ENSG00000088833,NSFL1C,TRACKS_INFLAMMATION,EFO_1001249,0.25824196476698663,0.00036483390215536697,3,rises
ENSG00000113758,DBN1,TRACKS_INFLAMMATION,EFO_1001249,0.2581255084130894,5.782884922531728e-05,3,rises
ENSG00000158435,CNOT11,TRACKS_INFLAMMATION,EFO_1001249,0.258124476202627,8.285691620086852e-05,3,rises
ENSG00000169718,DUS1L,TRACKS_INFLAMMATION,EFO_1001249,-0.25811779502069526,0.017553150075656988,3,falls
ENSG00000152778,IFIT5,TRACKS_INFLAMMATION,EFO_1001249,0.257994495014955,0.0020556873600098523,3,rises
ENSG00000214160,ALG3,TRACKS_INFLAMMATION,EFO_1001249,0.257979937970718,0.0033021832734328347,3,rises
ENSG00000134160,TRPM1,TRACKS_INFLAMMATION,EFO_1001249,-0.25784665257206246,0.004670368090726096,3,falls
ENSG00000168040,FADD,TRACKS_INFLAMMATION,EFO_1001249,0.25764512595326355,0.00045340987319858147,3,rises
ENSG00000002587,HS3ST1,TRACKS_INFLAMMATION,EFO_1001249,0.25753218049432736,4.126370875271332e-05,3,rises
ENSG00000135457,TFCP2,TRACKS_INFLAMMATION,EFO_1001249,0.257488750841116,0.0054298935230757,3,rises
ENSG00000087448,KLHL42,TRACKS_INFLAMMATION,EFO_1001249,0.25740244969576653,0.018388989114334484,3,rises
ENSG00000142494,SLC47A1,TRACKS_INFLAMMATION,EFO_1001249,-0.2574024496957665,0.00020214980951238743,3,falls
ENSG00000144747,TMF1,TRACKS_INFLAMMATION,EFO_1001249,0.2570693880547298,0.005337096655037579,3,rises
ENSG00000198612,COPS8,TRACKS_INFLAMMATION,EFO_1001249,0.25704828713954053,0.0006374404709780217,3,rises
ENSG00000179933,C14orf119,TRACKS_INFLAMMATION,EFO_1001249,0.2569463878298805,9.075049694588797e-05,3,rises
ENSG00000114439,BBX,TRACKS_INFLAMMATION,EFO_1001249,0.2569296004592678,5.51837439495999e-06,3,rises
ENSG00000109919,MTCH2,TRACKS_INFLAMMATION,EFO_1001249,0.25678626034327184,4.538922770112388e-05,3,rises
ENSG00000126091,ST3GAL3,TRACKS_INFLAMMATION,EFO_1001249,-0.25668042318890605,0.00035950076181367677,3,falls
ENSG00000102225,CDK16,TRACKS_INFLAMMATION,EFO_1001249,0.25668042318890605,0.00216325940871213,3,rises
ENSG00000135317,SNX14,TRACKS_INFLAMMATION,EFO_1001249,0.256680423188906,0.00010605374398341392,3,rises
ENSG00000073614,KDM5A,TRACKS_INFLAMMATION,EFO_1001249,0.25651023767288156,5.983262945887257e-05,3,rises
ENSG00000153250,RBMS1,TRACKS_INFLAMMATION,EFO_1001249,-0.2563704500774195,0.0014936617885661575,3,falls
ENSG00000179431,FJX1,TRACKS_INFLAMMATION,EFO_1001249,0.2563005562796885,0.0037002727226008907,3,rises
ENSG00000158042,MRPL17,TRACKS_INFLAMMATION,EFO_1001249,0.25623309266226035,0.0005571103864212506,3,rises
ENSG00000089597,GANAB,TRACKS_INFLAMMATION,EFO_1001249,0.2562306624819574,7.182368363909587e-06,3,rises
ENSG00000158856,DMTN,TRACKS_INFLAMMATION,EFO_1001249,0.25614575039683746,0.0013942733994308713,3,rises
ENSG00000167183,PRR15L,TRACKS_INFLAMMATION,EFO_1001249,0.25595839668204556,0.0004459446816153308,3,rises
ENSG00000196544,BORCS6,TRACKS_INFLAMMATION,EFO_1001249,0.2559583966820455,0.00831420451979955,3,rises
ENSG00000177666,PNPLA2,TRACKS_INFLAMMATION,EFO_1001249,-0.2559583966820455,0.00869796792814611,3,falls
ENSG00000143870,PDIA6,TRACKS_INFLAMMATION,EFO_1001249,0.2559583966820455,0.015811602440831855,3,rises
ENSG00000178409,BEND3,TRACKS_INFLAMMATION,EFO_1001249,0.2559510872910333,0.007283827964805068,3,rises
ENSG00000143942,CHAC2,TRACKS_INFLAMMATION,EFO_1001249,0.25581093837938307,6.404903075431967e-05,3,rises
ENSG00000182809,CRIP2,TRACKS_INFLAMMATION,EFO_1001249,0.2556944820254859,0.0068856285372251615,3,rises
ENSG00000186472,PCLO,TRACKS_INFLAMMATION,EFO_1001249,0.25528688478684575,0.0004627269477766986,3,rises
ENSG00000110318,CEP126,TRACKS_INFLAMMATION,EFO_1001249,0.2552526444760659,0.0005373120424396996,3,rises
ENSG00000167741,GGT6,TRACKS_INFLAMMATION,EFO_1001249,0.25523962478633466,0.025183399348652456,3,rises
ENSG00000078114,NEBL,TRACKS_INFLAMMATION,EFO_1001249,0.255236370175185,1.4688052643556976e-05,3,rises
ENSG00000167114,SLC27A4,TRACKS_INFLAMMATION,EFO_1001249,0.255236370175185,0.0012571617809416947,3,rises
ENSG00000260001,TGFBR3L,TRACKS_INFLAMMATION,EFO_1001249,-0.255236370175185,0.02338797408573988,3,falls
ENSG00000088926,F11,TRACKS_INFLAMMATION,EFO_1001249,-0.25523637017518497,0.0009524059327740308,3,falls
ENSG00000150768,DLAT,TRACKS_INFLAMMATION,EFO_1001249,0.25519954252142285,0.004220345476271375,3,rises
ENSG00000111199,TRPV4,TRACKS_INFLAMMATION,EFO_1001249,0.255182255515992,0.00045275246165185575,3,rises
ENSG00000120509,PDZD11,TRACKS_INFLAMMATION,EFO_1001249,0.25512675730023704,0.001462382690305321,3,rises
ENSG00000067064,IDI1,TRACKS_INFLAMMATION,EFO_1001249,0.2550830861675257,9.857132937290722e-07,3,rises
ENSG00000104219,ZDHHC2,TRACKS_INFLAMMATION,EFO_1001249,0.25498118685786564,0.00017685898057269474,3,rises
ENSG00000176399,DMRTA1,TRACKS_INFLAMMATION,EFO_1001249,-0.2548327865273368,0.019818815273754814,3,falls
ENSG00000180340,FZD2,TRACKS_INFLAMMATION,EFO_1001249,0.2547773882385456,6.098433500056071e-07,3,rises
ENSG00000037637,FBXO42,TRACKS_INFLAMMATION,EFO_1001249,0.2547628927296058,0.0037309745817889293,3,rises
ENSG00000196652,ZKSCAN5,TRACKS_INFLAMMATION,EFO_1001249,0.2546929989318747,0.022791378355670487,3,rises
ENSG00000196262,PPIA,TRACKS_INFLAMMATION,EFO_1001249,0.25462310513414377,0.0073188379796968045,3,rises
ENSG00000020633,RUNX3,TRACKS_INFLAMMATION,EFO_1001249,0.2545444755307512,1.179526739235371e-05,3,rises
ENSG00000050327,ARHGEF5,TRACKS_INFLAMMATION,EFO_1001249,0.25451434366832454,0.00035540821016247226,3,rises
ENSG00000094841,UPRT,TRACKS_INFLAMMATION,EFO_1001249,0.25451434366832454,0.004172119768811575,3,rises
ENSG00000154639,CXADR,TRACKS_INFLAMMATION,EFO_1001249,-0.25451434366832454,0.00421755926670341,3,falls
ENSG00000102908,NFAT5,TRACKS_INFLAMMATION,EFO_1001249,-0.2545143436683245,0.011132836550803119,3,falls
ENSG00000119318,RAD23B,TRACKS_INFLAMMATION,EFO_1001249,0.2544134237409507,0.018838153367077556,3,rises
ENSG00000197299,BLM,TRACKS_INFLAMMATION,EFO_1001249,0.25410776420363684,3.339263190334271e-07,3,rises
ENSG00000132305,IMMT,TRACKS_INFLAMMATION,EFO_1001249,0.25397675080550247,1.7259347087387073e-08,3,rises
ENSG00000106723,SPIN1,TRACKS_INFLAMMATION,EFO_1001249,0.25396219376126533,0.0033974219333081277,3,rises
ENSG00000158019,BABAM2,TRACKS_INFLAMMATION,EFO_1001249,0.2539185226285539,1.3591041528111627e-05,3,rises
ENSG00000158571,PFKFB1,TRACKS_INFLAMMATION,EFO_1001249,-0.2538542733591024,0.0012579851308410993,3,falls
ENSG00000138035,PNPT1,TRACKS_INFLAMMATION,EFO_1001249,0.25379231716146405,0.0010760527048714534,3,rises
ENSG00000134874,DZIP1,TRACKS_INFLAMMATION,EFO_1001249,0.25379231716146405,0.002306721257632161,3,rises
ENSG00000174827,PDZK1,TRACKS_INFLAMMATION,EFO_1001249,0.25379231716146405,0.00436909635422638,3,rises
ENSG00000140995,DEF8,TRACKS_INFLAMMATION,EFO_1001249,0.25379231716146405,0.029959210620294274,3,rises
ENSG00000198951,NAGA,TRACKS_INFLAMMATION,EFO_1001249,-0.253792317161464,0.0034575692426074794,3,falls
ENSG00000004939,SLC4A1,TRACKS_INFLAMMATION,EFO_1001249,0.2537831345489463,0.004662460904642864,3,rises
ENSG00000186564,FOXD2,TRACKS_INFLAMMATION,EFO_1001249,0.25374383809770823,0.005622650714730844,3,rises
ENSG00000120868,APAF1,TRACKS_INFLAMMATION,EFO_1001249,0.25364459196590927,0.0016601021398685838,3,rises
ENSG00000060138,YBX3,TRACKS_INFLAMMATION,EFO_1001249,0.25350480437044726,0.0008628268313206919,3,rises
ENSG00000173898,SPTBN2,TRACKS_INFLAMMATION,EFO_1001249,-0.2534381401687281,0.00011266238307643715,3,falls
ENSG00000132591,ERAL1,TRACKS_INFLAMMATION,EFO_1001249,0.2534235831244909,3.34608646321246e-05,3,rises
ENSG00000106992,AK1,TRACKS_INFLAMMATION,EFO_1001249,0.25340902608025384,7.219780544366162e-07,3,rises
ENSG00000137040,RANBP6,TRACKS_INFLAMMATION,EFO_1001249,0.2533362408590681,0.00012471265319233453,3,rises
ENSG00000141542,RAB40B,TRACKS_INFLAMMATION,EFO_1001249,-0.25329512297725415,0.0008344581396915091,3,falls
ENSG00000119782,FKBP1B,TRACKS_INFLAMMATION,EFO_1001249,0.2532052274609337,0.0160951701384636,3,rises
ENSG00000138660,AP1AR,TRACKS_INFLAMMATION,EFO_1001249,-0.2531553353817921,0.0011041170870446637,3,falls
ENSG00000113083,LOX,TRACKS_INFLAMMATION,EFO_1001249,0.2531469992839852,0.0014912665699233266,3,rises
ENSG00000132623,ANKEF1,TRACKS_INFLAMMATION,EFO_1001249,0.2530854415840611,0.00014837779575093527,3,rises
ENSG00000008086,CDKL5,TRACKS_INFLAMMATION,EFO_1001249,0.25307109739070244,0.0186469439912658,3,rises
ENSG00000100422,CERK,TRACKS_INFLAMMATION,EFO_1001249,0.25307029065460357,2.3536647146011898e-05,3,rises
ENSG00000042781,USH2A,TRACKS_INFLAMMATION,EFO_1001249,-0.25307029065460357,0.00011925069216658659,3,falls
ENSG00000164053,ATRIP,TRACKS_INFLAMMATION,EFO_1001249,0.25307029065460357,0.033650354832203924,3,rises
ENSG00000138385,SSB,TRACKS_INFLAMMATION,EFO_1001249,0.2530702906546035,0.0004960603973521915,3,rises
ENSG00000148396,SEC16A,TRACKS_INFLAMMATION,EFO_1001249,0.25301554778633,1.4170963128083216e-07,3,rises
ENSG00000068323,TFE3,TRACKS_INFLAMMATION,EFO_1001249,0.2529723147531394,3.6261526353360874e-06,3,rises
ENSG00000136238,RAC1,TRACKS_INFLAMMATION,EFO_1001249,0.2528995295319537,0.009340097493851413,3,rises
ENSG00000124155,PIGT,TRACKS_INFLAMMATION,EFO_1001249,0.2528058663931369,1.8640823847723714e-11,3,rises
ENSG00000134627,PIWIL4,TRACKS_INFLAMMATION,EFO_1001249,0.2527830731780565,0.003062094042699149,3,rises
ENSG00000055332,EIF2AK2,TRACKS_INFLAMMATION,EFO_1001249,0.25273597259540587,0.017968343945566463,3,rises
ENSG00000092203,TOX4,TRACKS_INFLAMMATION,EFO_1001249,0.2526660787976749,0.00022023952058185072,3,rises
ENSG00000183853,KIRREL1,TRACKS_INFLAMMATION,EFO_1001249,0.25259618499994385,1.3085455414142404e-11,3,rises
ENSG00000162813,BPNT1,TRACKS_INFLAMMATION,EFO_1001249,0.2523482641477431,1.0676767262626932e-08,3,rises
ENSG00000182973,CNOT10,TRACKS_INFLAMMATION,EFO_1001249,0.25231660980901977,0.0002194257431832074,3,rises
ENSG00000125398,SOX9,TRACKS_INFLAMMATION,EFO_1001249,0.25211344914314776,4.604427537648466e-05,3,rises
ENSG00000169598,DFFB,TRACKS_INFLAMMATION,EFO_1001249,-0.25210692841582666,0.008875392843939426,3,falls
ENSG00000130653,PNPLA7,TRACKS_INFLAMMATION,EFO_1001249,-0.25198243574501333,0.005500640276240465,3,falls
ENSG00000187608,ISG15,TRACKS_INFLAMMATION,EFO_1001249,0.25196787870077625,0.002484556892586467,3,rises
ENSG00000158077,NLRP14,TRACKS_INFLAMMATION,EFO_1001249,-0.25188053643535335,0.0073670876174984435,3,falls
ENSG00000173621,LRFN4,TRACKS_INFLAMMATION,EFO_1001249,0.2517910899663617,0.020876257510495797,3,rises
ENSG00000197579,TOPORS,TRACKS_INFLAMMATION,EFO_1001249,0.2517574594271715,0.017029775829585564,3,rises
ENSG00000066136,NFYC,TRACKS_INFLAMMATION,EFO_1001249,-0.2516912948602705,4.996585188006565e-06,3,falls
ENSG00000161249,DMKN,TRACKS_INFLAMMATION,EFO_1001249,0.25164228175363207,0.001603622375042343,3,rises
ENSG00000104522,GFUS,TRACKS_INFLAMMATION,EFO_1001249,0.25162623764088254,4.4369221211690094e-05,3,rises
ENSG00000240771,ARHGEF25,TRACKS_INFLAMMATION,EFO_1001249,0.2516262376408825,0.0014474535949668165,3,rises
ENSG00000128591,FLNC,TRACKS_INFLAMMATION,EFO_1001249,0.2513974901356173,0.025818473055136928,3,rises
ENSG00000160785,SLC25A44,TRACKS_INFLAMMATION,EFO_1001249,0.25135648284281603,0.003552706134181312,3,rises
ENSG00000148019,CEP78,TRACKS_INFLAMMATION,EFO_1001249,0.2513128117101046,1.5022716034821464e-06,3,rises
ENSG00000131711,MAP1B,TRACKS_INFLAMMATION,EFO_1001249,0.25128369762163033,0.00071259341091461,3,rises
ENSG00000164061,BSN,TRACKS_INFLAMMATION,EFO_1001249,-0.25107989900231026,3.5994633844478756e-05,3,falls
ENSG00000172296,SPTLC3,TRACKS_INFLAMMATION,EFO_1001249,0.25090421113402206,0.016599309280873147,3,rises
ENSG00000078747,ITCH,TRACKS_INFLAMMATION,EFO_1001249,-0.2508615433387531,0.003029993280713247,3,falls
ENSG00000172943,PHF8,TRACKS_INFLAMMATION,EFO_1001249,-0.2506723017636702,7.492005259733249e-07,3,falls
ENSG00000204264,PSMB8,TRACKS_INFLAMMATION,EFO_1001249,0.25051217427706146,3.225134810248957e-05,3,rises
ENSG00000157335,CLEC18C,TRACKS_INFLAMMATION,EFO_1001249,-0.25046856272533297,0.016072091030846055,3,falls
ENSG00000143867,OSR1,TRACKS_INFLAMMATION,EFO_1001249,0.2504026054974153,4.242572486743957e-05,3,rises
ENSG00000100503,NIN,TRACKS_INFLAMMATION,EFO_1001249,0.2503595834725509,5.373409912354573e-09,3,rises
ENSG00000089127,OAS1,TRACKS_INFLAMMATION,EFO_1001249,0.2501821846271616,7.229743683486174e-05,3,rises
ENSG00000149591,TAGLN,TRACKS_INFLAMMATION,EFO_1001249,0.2501821846271616,0.003195576309173136,3,rises
ENSG00000130159,ECSIT,TRACKS_INFLAMMATION,EFO_1001249,-0.2501499020793579,5.219759155024884e-07,3,falls
ENSG00000116191,RALGPS2,TRACKS_INFLAMMATION,EFO_1001249,-0.25008000828162685,0.0056490566839633395,3,falls
ENSG00000103160,HSDL1,TRACKS_INFLAMMATION,EFO_1001249,0.25006090590570995,8.197993079616842e-05,3,rises
ENSG00000106049,HIBADH,TRACKS_INFLAMMATION,EFO_1001249,-0.25003179181723567,0.0012954761503941698,3,falls
ENSG00000158966,CACHD1,TRACKS_INFLAMMATION,EFO_1001249,0.25001011448389576,0.004178135124552441,3,rises
ENSG00000101746,NOL4,TRACKS_INFLAMMATION,EFO_1001249,0.2496969797997813,0.0038922459586880676,3,rises
ENSG00000127152,BCL11B,TRACKS_INFLAMMATION,EFO_1001249,0.24968242275554423,0.003433610616364356,3,rises
ENSG00000124701,APOBEC2,TRACKS_INFLAMMATION,EFO_1001249,-0.24958052344588416,0.0033136436853482315,3,falls
ENSG00000109133,TMEM33,TRACKS_INFLAMMATION,EFO_1001249,0.249565966401647,0.0003762625016019002,3,rises
ENSG00000196935,SRGAP1,TRACKS_INFLAMMATION,EFO_1001249,0.24952085789977857,1.3038050155675343e-05,3,rises
ENSG00000123136,DDX39A,TRACKS_INFLAMMATION,EFO_1001249,0.2494601581203011,3.0092450368448995e-06,3,rises
ENSG00000123159,GIPC1,TRACKS_INFLAMMATION,EFO_1001249,0.2494601581203011,4.568794497923011e-05,3,rises
ENSG00000132792,CTNNBL1,TRACKS_INFLAMMATION,EFO_1001249,-0.2494601581203011,0.020507770482180887,3,falls
ENSG00000151014,NOCT,TRACKS_INFLAMMATION,EFO_1001249,0.2494601581203011,0.022247034839729108,3,rises
ENSG00000136643,RPS6KC1,TRACKS_INFLAMMATION,EFO_1001249,0.24946015812030103,0.0085375634163776,3,rises
ENSG00000170802,FOXN2,TRACKS_INFLAMMATION,EFO_1001249,-0.24946015812030103,0.038787885923850865,3,falls
ENSG00000108039,XPNPEP1,TRACKS_INFLAMMATION,EFO_1001249,0.24943495300351268,9.182710759772626e-10,3,rises
ENSG00000125812,GZF1,TRACKS_INFLAMMATION,EFO_1001249,0.2493810703043165,0.0022350754282845723,3,rises
ENSG00000179119,SPTY2D1,TRACKS_INFLAMMATION,EFO_1001249,0.24931117650658546,3.7093600186877024e-05,3,rises
ENSG00000067225,PKM,TRACKS_INFLAMMATION,EFO_1001249,0.24930393960537836,1.8438809177098035e-13,3,rises
ENSG00000130985,UBA1,TRACKS_INFLAMMATION,EFO_1001249,0.24924128270885432,3.3365887434129196e-09,3,rises
ENSG00000100300,TSPO,TRACKS_INFLAMMATION,EFO_1001249,0.24910149511339236,0.0033795387498545882,3,rises
ENSG00000151465,CDC123,TRACKS_INFLAMMATION,EFO_1001249,0.2489108994109754,0.004221375229050592,3,rises
ENSG00000108828,VAT1,TRACKS_INFLAMMATION,EFO_1001249,0.2487798860128411,4.95559251162284e-07,3,rises
ENSG00000136573,BLK,TRACKS_INFLAMMATION,EFO_1001249,-0.2487653289686039,0.001051989151621756,3,falls
ENSG00000158234,FAIM,TRACKS_INFLAMMATION,EFO_1001249,0.24873813161344055,3.3504598330015124e-09,3,rises
ENSG00000164609,SLU7,TRACKS_INFLAMMATION,EFO_1001249,0.24873813161344055,0.0012564295390591574,3,rises
ENSG00000005187,ACSM3,TRACKS_INFLAMMATION,EFO_1001249,-0.24873813161344052,0.0007117081226800657,3,falls
ENSG00000119977,TCTN3,TRACKS_INFLAMMATION,EFO_1001249,0.24861975852623244,5.414988469857551e-07,3,rises
ENSG00000077279,DCX,TRACKS_INFLAMMATION,EFO_1001249,0.2485813148836027,0.009548246466196066,3,rises
ENSG00000100890,PRORP,TRACKS_INFLAMMATION,EFO_1001249,0.24840255713608203,0.0016458809273298483,3,rises
ENSG00000121390,PSPC1,TRACKS_INFLAMMATION,EFO_1001249,0.24833266333835102,0.010737140029258362,3,rises
ENSG00000169903,TM4SF4,TRACKS_INFLAMMATION,EFO_1001249,0.24821216128759233,1.2142292894602921e-09,3,rises
ENSG00000105171,POP4,TRACKS_INFLAMMATION,EFO_1001249,0.24813937606640657,8.478121556876107e-07,3,rises
ENSG00000128482,RNF112,TRACKS_INFLAMMATION,EFO_1001249,0.24801610510658006,5.578978767911217e-05,3,rises
ENSG00000163166,IWS1,TRACKS_INFLAMMATION,EFO_1001249,0.24801610510658006,0.016598937854553367,3,rises
ENSG00000119125,GDA,TRACKS_INFLAMMATION,EFO_1001249,0.24801610510658006,0.017549183416169,3,rises
ENSG00000173786,CNP,TRACKS_INFLAMMATION,EFO_1001249,0.24801610510658006,0.01903108928542536,3,rises
ENSG00000101474,APMAP,TRACKS_INFLAMMATION,EFO_1001249,0.24801610510658006,0.021065126618508706,3,rises
ENSG00000116132,PRRX1,TRACKS_INFLAMMATION,EFO_1001249,0.2477335571724988,0.02141944439801248,3,rises
ENSG00000183682,BMP8A,TRACKS_INFLAMMATION,EFO_1001249,-0.24771722178352937,0.004346089764415326,3,falls
ENSG00000140743,CDR2,TRACKS_INFLAMMATION,EFO_1001249,0.2477036191587717,0.022425674665734283,3,rises
ENSG00000091583,APOH,TRACKS_INFLAMMATION,EFO_1001249,-0.2475638315633097,0.008787683006211166,3,falls
ENSG00000086598,TMED2,TRACKS_INFLAMMATION,EFO_1001249,0.24748430907573502,0.010176230188854071,3,rises
ENSG00000213759,UGT2B11,TRACKS_INFLAMMATION,EFO_1001249,0.24745519498726073,2.4820666221968765e-06,3,rises
ENSG00000175505,CLCF1,TRACKS_INFLAMMATION,EFO_1001249,0.24744563482985107,0.017541562181786253,3,rises
ENSG00000174358,SLC6A19,TRACKS_INFLAMMATION,EFO_1001249,0.24738873118910396,0.025687519864990023,3,rises
ENSG00000181744,DIPK2A,TRACKS_INFLAMMATION,EFO_1001249,-0.24729407859971958,0.01688229406082154,3,falls
ENSG00000178295,GEN1,TRACKS_INFLAMMATION,EFO_1001249,0.24729407859971958,0.03857872250920616,3,rises
ENSG00000170113,NIPA1,TRACKS_INFLAMMATION,EFO_1001249,0.24728051045641494,1.4410461314807125e-05,3,rises
ENSG00000101421,CHMP4B,TRACKS_INFLAMMATION,EFO_1001249,0.24722228227946638,5.24779084508256e-06,3,rises
ENSG00000196517,SLC6A9,TRACKS_INFLAMMATION,EFO_1001249,0.24722228227946635,0.006735725694714572,3,rises
ENSG00000151532,VTI1A,TRACKS_INFLAMMATION,EFO_1001249,0.24707457497919247,0.002557648614243987,3,rises
ENSG00000100473,COCH,TRACKS_INFLAMMATION,EFO_1001249,0.24706590849996518,0.0022120032990290877,3,rises
ENSG00000120306,CYSTM1,TRACKS_INFLAMMATION,EFO_1001249,0.24697481252743486,4.489273635819452e-07,3,rises
ENSG00000119725,ZNF410,TRACKS_INFLAMMATION,EFO_1001249,0.24695302210629846,0.007340513291683628,3,rises
ENSG00000253797,UTP14C,TRACKS_INFLAMMATION,EFO_1001249,0.24693478738373037,0.002045525364588341,3,rises
ENSG00000134028,ADAMDEC1,TRACKS_INFLAMMATION,EFO_1001249,0.2466051671372811,0.001680624915302321,3,rises
ENSG00000167074,TEF,TRACKS_INFLAMMATION,EFO_1001249,-0.24657205209285915,0.0007950493798416185,3,falls
ENSG00000163032,VSNL1,TRACKS_INFLAMMATION,EFO_1001249,-0.2465720520928591,0.000612078952966907,3,falls
ENSG00000112996,MRPS30,TRACKS_INFLAMMATION,EFO_1001249,0.2465720520928591,0.027539172039992735,3,rises
ENSG00000185825,BCAP31,TRACKS_INFLAMMATION,EFO_1001249,0.24657205209285907,6.648202325753884e-07,3,rises
ENSG00000165527,ARF6,TRACKS_INFLAMMATION,EFO_1001249,0.24657205209285907,0.00025498436119958867,3,rises
ENSG00000077713,SLC25A43,TRACKS_INFLAMMATION,EFO_1001249,0.2465381012003205,0.0003545304554219961,3,rises
ENSG00000149970,CNKSR2,TRACKS_INFLAMMATION,EFO_1001249,-0.2465235441560833,0.0003235336881922577,3,falls
ENSG00000090316,MAEA,TRACKS_INFLAMMATION,EFO_1001249,0.24630574320415113,0.0004015507930329712,3,rises
ENSG00000109610,SOD3,TRACKS_INFLAMMATION,EFO_1001249,0.24626151735981472,0.00026514729574336017,3,rises
ENSG00000134901,POGLUT2,TRACKS_INFLAMMATION,EFO_1001249,0.24623240327134033,0.0006099982502137056,3,rises
ENSG00000105866,SP4,TRACKS_INFLAMMATION,EFO_1001249,-0.24621784622710324,0.01748252439077175,3,falls
ENSG00000155111,CDK19,TRACKS_INFLAMMATION,EFO_1001249,-0.2461596180501546,0.007474631538897216,3,falls
ENSG00000049323,LTBP1,TRACKS_INFLAMMATION,EFO_1001249,0.246026168013227,3.799732329150125e-05,3,rises
ENSG00000108651,UTP6,TRACKS_INFLAMMATION,EFO_1001249,0.2458500255859986,5.479528313462717e-06,3,rises
ENSG00000125450,NUP85,TRACKS_INFLAMMATION,EFO_1001249,0.24585002558599858,0.0006048341300930362,3,rises
ENSG00000197496,SLC2A10,TRACKS_INFLAMMATION,EFO_1001249,0.24585002558599856,2.6036868634562154e-06,3,rises
ENSG00000175387,SMAD2,TRACKS_INFLAMMATION,EFO_1001249,0.24585002558599856,0.013294293849819524,3,rises
ENSG00000126970,ZC4H2,TRACKS_INFLAMMATION,EFO_1001249,0.24585002558599856,0.016121911994426377,3,rises
ENSG00000171817,ZNF540,TRACKS_INFLAMMATION,EFO_1001249,-0.24579569194422596,0.02027292965704597,3,falls
ENSG00000177885,GRB2,TRACKS_INFLAMMATION,EFO_1001249,0.2457665778557516,3.948505083974942e-07,3,rises
ENSG00000173894,CBX2,TRACKS_INFLAMMATION,EFO_1001249,0.24572290672304023,0.0003295969535096118,3,rises
ENSG00000103710,RASL12,TRACKS_INFLAMMATION,EFO_1001249,0.24550455105948302,0.0018558004185369181,3,rises
ENSG00000072694,FCGR2B,TRACKS_INFLAMMATION,EFO_1001249,0.2453444235728744,0.0001475190027378423,3,rises
ENSG00000166394,CYB5R2,TRACKS_INFLAMMATION,EFO_1001249,0.2451279990791381,0.00025743570244176006,3,rises
ENSG00000160223,ICOSLG,TRACKS_INFLAMMATION,EFO_1001249,0.2451279990791381,0.009173303055143953,3,rises
ENSG00000105053,VRK3,TRACKS_INFLAMMATION,EFO_1001249,0.24512799907913807,8.991074476788863e-05,3,rises
ENSG00000181656,GPR88,TRACKS_INFLAMMATION,EFO_1001249,-0.24512799907913807,0.0005321931391504242,3,falls
ENSG00000171827,ZNF570,TRACKS_INFLAMMATION,EFO_1001249,0.24512799907913807,0.004494071915137458,3,rises
ENSG00000167193,CRK,TRACKS_INFLAMMATION,EFO_1001249,0.24512799907913807,0.0046039097884470834,3,rises
ENSG00000069020,MAST4,TRACKS_INFLAMMATION,EFO_1001249,0.24512799907913807,0.027539172039992735,3,rises
ENSG00000182890,GLUD2,TRACKS_INFLAMMATION,EFO_1001249,0.24511754864272356,1.8110172887543196e-06,3,rises
ENSG00000150594,ADRA2A,TRACKS_INFLAMMATION,EFO_1001249,0.24501843928285155,0.0003659055560221928,3,rises
ENSG00000037897,METTL1,TRACKS_INFLAMMATION,EFO_1001249,0.24490771224576002,0.0011535464694524536,3,rises
ENSG00000172731,LRRC20,TRACKS_INFLAMMATION,EFO_1001249,0.24474758475915137,6.613860786784562e-06,3,rises
ENSG00000137965,IFI44,TRACKS_INFLAMMATION,EFO_1001249,0.24471847067067712,2.3582955226236872e-07,3,rises
ENSG00000135521,LTV1,TRACKS_INFLAMMATION,EFO_1001249,0.24467479953796564,4.385773840989073e-06,3,rises
ENSG00000141738,GRB7,TRACKS_INFLAMMATION,EFO_1001249,-0.24464568544949136,0.002306721257632161,3,falls
ENSG00000125656,CLPP,TRACKS_INFLAMMATION,EFO_1001249,-0.24455834318406844,6.137885593693074e-05,3,falls
ENSG00000181378,CFAP65,TRACKS_INFLAMMATION,EFO_1001249,-0.2445092913393421,0.011910900177900977,3,falls
ENSG00000169519,METTL15,TRACKS_INFLAMMATION,EFO_1001249,0.24440597257227764,0.0051169962392148575,3,rises
ENSG00000156463,SH3RF2,TRACKS_INFLAMMATION,EFO_1001249,-0.24440597257227759,0.004226469611680227,3,falls
ENSG00000171345,KRT19,TRACKS_INFLAMMATION,EFO_1001249,0.24440597257227759,0.023690460689639196,3,rises
ENSG00000186468,RPS23,TRACKS_INFLAMMATION,EFO_1001249,-0.24427882306995122,7.192085192692241e-06,3,falls
ENSG00000184481,FOXO4,TRACKS_INFLAMMATION,EFO_1001249,-0.24423808821085125,0.007725444729911961,3,falls
ENSG00000109079,TNFAIP1,TRACKS_INFLAMMATION,EFO_1001249,0.2440691416767581,8.562828471560218e-05,3,rises
ENSG00000138646,HERC5,TRACKS_INFLAMMATION,EFO_1001249,-0.24397606141458267,5.654457774995771e-05,3,falls
ENSG00000151612,ZNF827,TRACKS_INFLAMMATION,EFO_1001249,0.24390244099198138,0.0022894459743435067,3,rises
ENSG00000072071,ADGRL1,TRACKS_INFLAMMATION,EFO_1001249,0.2438594602835651,0.0033491829031801327,3,rises
ENSG00000135899,SP110,TRACKS_INFLAMMATION,EFO_1001249,0.243719672688103,0.001428500698133613,3,rises
ENSG00000029534,ANK1,TRACKS_INFLAMMATION,EFO_1001249,0.24368624217992402,0.011637869641020674,3,rises
ENSG00000156096,UGT2B4,TRACKS_INFLAMMATION,EFO_1001249,0.24368394606541713,1.5516582878614266e-05,3,rises
ENSG00000197635,DPP4,TRACKS_INFLAMMATION,EFO_1001249,0.24368394606541713,0.007767112945785378,3,rises
ENSG00000186638,KIF24,TRACKS_INFLAMMATION,EFO_1001249,0.2436839460654171,0.002536916014603183,3,rises
ENSG00000214842,RAD51AP2,TRACKS_INFLAMMATION,EFO_1001249,-0.2434374507778081,0.008471837165765467,3,falls
ENSG00000108510,MED13,TRACKS_INFLAMMATION,EFO_1001249,-0.24342289373357104,0.0015672454169162193,3,falls
ENSG00000188483,IER5L,TRACKS_INFLAMMATION,EFO_1001249,0.24340833668933387,8.565818876666958e-05,3,rises
ENSG00000085377,PREP,TRACKS_INFLAMMATION,EFO_1001249,0.24339377964509668,8.84103725217181e-08,3,rises
ENSG00000186300,ZNF555,TRACKS_INFLAMMATION,EFO_1001249,0.24335010851238528,0.002306721257632161,3,rises
ENSG00000166197,NOLC1,TRACKS_INFLAMMATION,EFO_1001249,0.24323041610398574,2.055811674119207e-10,3,rises
ENSG00000168291,PDHB,TRACKS_INFLAMMATION,EFO_1001249,0.24308808171611665,0.00019942420854912848,3,rises
ENSG00000009335,UBE3C,TRACKS_INFLAMMATION,EFO_1001249,0.2428110533175996,0.001762821206421633,3,rises
ENSG00000137628,DDX60,TRACKS_INFLAMMATION,EFO_1001249,0.24278238378713654,0.00013655022762372096,3,rises
ENSG00000147533,GOLGA7,TRACKS_INFLAMMATION,EFO_1001249,0.2427678267428994,0.0007623325098083936,3,rises
ENSG00000170779,CDCA4,TRACKS_INFLAMMATION,EFO_1001249,0.2426950415217136,0.005697546909716583,3,rises
ENSG00000176087,SLC35A4,TRACKS_INFLAMMATION,EFO_1001249,0.24247668585815652,0.018838691494868078,3,rises
ENSG00000184840,TMED9,TRACKS_INFLAMMATION,EFO_1001249,0.24246212881391932,1.376977816476882e-05,3,rises
ENSG00000106477,CEP41,TRACKS_INFLAMMATION,EFO_1001249,0.24246158432894444,0.011169553013055325,3,rises
ENSG00000241553,ARPC4,TRACKS_INFLAMMATION,EFO_1001249,0.24236022950425926,7.409732337807884e-05,3,rises
ENSG00000117448,AKR1A1,TRACKS_INFLAMMATION,EFO_1001249,0.2423602295042592,2.059651605814499e-06,3,rises
ENSG00000119446,RBM18,TRACKS_INFLAMMATION,EFO_1001249,0.24234567246002214,0.0012721587992982532,3,rises
ENSG00000123575,FAM199X,TRACKS_INFLAMMATION,EFO_1001249,0.24223989305169613,0.00021658662319411884,3,rises
ENSG00000158473,CD1D,TRACKS_INFLAMMATION,EFO_1001249,0.24223989305169613,0.006999095334802319,3,rises
ENSG00000136383,ALPK3,TRACKS_INFLAMMATION,EFO_1001249,0.24223989305169613,0.04105525160728071,3,rises
ENSG00000101391,CDK5RAP1,TRACKS_INFLAMMATION,EFO_1001249,0.2422398930516961,2.996312936477513e-08,3,rises
ENSG00000258366,RTEL1,TRACKS_INFLAMMATION,EFO_1001249,-0.2421287751412053,0.016134801249563208,3,falls
ENSG00000150630,VEGFC,TRACKS_INFLAMMATION,EFO_1001249,0.24197232774482724,0.03868012806122315,3,rises
ENSG00000133063,CHIT1,TRACKS_INFLAMMATION,EFO_1001249,0.24195263226561914,0.002279362900779388,3,rises
ENSG00000163527,STT3B,TRACKS_INFLAMMATION,EFO_1001249,0.24190243394709618,0.0016515608876977953,3,rises
ENSG00000006704,GTF2IRD1,TRACKS_INFLAMMATION,EFO_1001249,-0.2418070618232477,0.0033392982128877258,3,falls
ENSG00000164885,CDK5,TRACKS_INFLAMMATION,EFO_1001249,0.24180706182324757,0.0005870297734319635,3,rises
ENSG00000184860,SDR42E1,TRACKS_INFLAMMATION,EFO_1001249,0.24173427660206193,0.0054320150612906576,3,rises
ENSG00000101825,MXRA5,TRACKS_INFLAMMATION,EFO_1001249,0.24153047798274194,1.3780890160611168e-07,3,rises
ENSG00000176720,BOK,TRACKS_INFLAMMATION,EFO_1001249,-0.24151786654483565,0.01948938253703074,3,falls
ENSG00000115241,PPM1G,TRACKS_INFLAMMATION,EFO_1001249,0.24151786654483562,6.861212458354533e-05,3,rises
ENSG00000100395,L3MBTL2,TRACKS_INFLAMMATION,EFO_1001249,0.24151786654483562,0.005650692493221988,3,rises
ENSG00000164187,LMBRD2,TRACKS_INFLAMMATION,EFO_1001249,0.24151786654483562,0.02842867820719257,3,rises
ENSG00000069956,MAPK6,TRACKS_INFLAMMATION,EFO_1001249,0.24147224980579332,0.003990126583848973,3,rises
ENSG00000092330,TINF2,TRACKS_INFLAMMATION,EFO_1001249,0.24079584003797516,0.0005731261361530579,3,rises
ENSG00000173914,RBM4B,TRACKS_INFLAMMATION,EFO_1001249,-0.24079584003797516,0.02188793913791524,3,falls
ENSG00000108830,RND2,TRACKS_INFLAMMATION,EFO_1001249,-0.24079584003797513,0.007766741477802928,3,falls
ENSG00000114744,COMMD2,TRACKS_INFLAMMATION,EFO_1001249,0.2407958400379751,2.6710526099543667e-05,3,rises
ENSG00000126254,RBM42,TRACKS_INFLAMMATION,EFO_1001249,0.24078413318339972,0.025629696232927147,3,rises
ENSG00000050405,LIMA1,TRACKS_INFLAMMATION,EFO_1001249,0.24065705532851311,6.046969799093465e-09,3,rises
ENSG00000041357,PSMA4,TRACKS_INFLAMMATION,EFO_1001249,0.24054059897461585,1.0874756389982354e-06,3,rises
ENSG00000136448,NMT1,TRACKS_INFLAMMATION,EFO_1001249,0.2405045579924756,0.008906952481866334,3,rises
ENSG00000197771,MCMBP,TRACKS_INFLAMMATION,EFO_1001249,0.24043466419474457,0.0006616976676017664,3,rises
ENSG00000142168,SOD1,TRACKS_INFLAMMATION,EFO_1001249,-0.24038047148800734,6.155534157492563e-15,3,falls
ENSG00000135040,NAA35,TRACKS_INFLAMMATION,EFO_1001249,0.2403647703970135,0.026855888663175693,3,rises
ENSG00000149823,VPS51,TRACKS_INFLAMMATION,EFO_1001249,-0.24032224331105873,0.009933400539727974,3,falls
ENSG00000139842,CUL4A,TRACKS_INFLAMMATION,EFO_1001249,0.24008519520608934,2.5306889427494825e-05,3,rises
ENSG00000185090,MANEAL,TRACKS_INFLAMMATION,EFO_1001249,0.24007381353111468,0.007965080958359199,3,rises
ENSG00000165953,SERPINA12,TRACKS_INFLAMMATION,EFO_1001249,0.24007381353111462,0.014608670435742117,3,rises
ENSG00000104643,MTMR9,TRACKS_INFLAMMATION,EFO_1001249,0.24007381353111457,0.002329322354720313,3,rises
ENSG00000085999,RAD54L,TRACKS_INFLAMMATION,EFO_1001249,0.24003110242631573,0.0003568393041108351,3,rises
ENSG00000172269,DPAGT1,TRACKS_INFLAMMATION,EFO_1001249,0.2399454076106273,0.0005018484399965852,3,rises
ENSG00000123505,AMD1,TRACKS_INFLAMMATION,EFO_1001249,0.23991464607241852,0.0003690483819683946,3,rises
ENSG00000116212,LRRC42,TRACKS_INFLAMMATION,EFO_1001249,0.2398418608512329,2.464581120902794e-06,3,rises
ENSG00000159479,MED8,TRACKS_INFLAMMATION,EFO_1001249,0.23976907563004715,9.037920722066674e-07,3,rises
ENSG00000184584,STING1,TRACKS_INFLAMMATION,EFO_1001249,0.23957983405496422,5.029662248083302e-10,3,rises
ENSG00000129355,CDKN2D,TRACKS_INFLAMMATION,EFO_1001249,0.23949249178954132,0.004409634503737259,3,rises
ENSG00000157150,TIMP4,TRACKS_INFLAMMATION,EFO_1001249,0.2394522961472284,0.004402517064471922,3,rises
ENSG00000154760,SLFN13,TRACKS_INFLAMMATION,EFO_1001249,0.23942909059121142,0.00035574855568800166,3,rises
ENSG00000143368,SF3B4,TRACKS_INFLAMMATION,EFO_1001249,0.23937603543564415,0.0005009640688898377,3,rises
ENSG00000157111,TMEM171,TRACKS_INFLAMMATION,EFO_1001249,0.239361478391407,0.04207348619221018,3,rises
ENSG00000165943,MOAP1,TRACKS_INFLAMMATION,EFO_1001249,0.23935178702425416,0.0007376794737571015,3,rises
ENSG00000125454,SLC25A19,TRACKS_INFLAMMATION,EFO_1001249,0.23935178702425414,0.033848550254325,3,rises
ENSG00000121578,B4GALT4,TRACKS_INFLAMMATION,EFO_1001249,0.23935178702425414,0.03548399639408849,3,rises
ENSG00000008283,CYB561,TRACKS_INFLAMMATION,EFO_1001249,0.23935178702425408,3.6342711687096696e-07,3,rises
ENSG00000198690,FAN1,TRACKS_INFLAMMATION,EFO_1001249,-0.23933236430293275,0.011862918717593556,3,falls
ENSG00000139289,PHLDA1,TRACKS_INFLAMMATION,EFO_1001249,0.23931636343104803,6.613860786784562e-06,3,rises
ENSG00000106351,AGFG2,TRACKS_INFLAMMATION,EFO_1001249,-0.23924502203750983,0.0009392939593730784,3,falls
ENSG00000137265,IRF4,TRACKS_INFLAMMATION,EFO_1001249,0.2391381911217419,7.749129299520192e-06,3,rises
ENSG00000198832,SELENOM,TRACKS_INFLAMMATION,EFO_1001249,0.239055780462427,0.0010922223552020044,3,rises
ENSG00000139645,ANKRD52,TRACKS_INFLAMMATION,EFO_1001249,0.23903678824012395,0.011930888944246673,3,rises
ENSG00000152672,CLEC4F,TRACKS_INFLAMMATION,EFO_1001249,0.2389983926336195,0.02154373601141064,3,rises
ENSG00000100889,PCK2,TRACKS_INFLAMMATION,EFO_1001249,-0.23896843819700408,4.1819232545863426e-05,3,falls
ENSG00000001461,NIPAL3,TRACKS_INFLAMMATION,EFO_1001249,0.23896689444239286,0.0006554592953914752,3,rises
ENSG00000257365,FNTB,TRACKS_INFLAMMATION,EFO_1001249,0.23869368491192827,9.717755749466416e-05,3,rises
ENSG00000158769,F11R,TRACKS_INFLAMMATION,EFO_1001249,0.23862976051739365,5.14057044163864e-06,3,rises
ENSG00000119630,PGF,TRACKS_INFLAMMATION,EFO_1001249,0.23862976051739365,0.0002666477427069925,3,rises
ENSG00000101052,IFT52,TRACKS_INFLAMMATION,EFO_1001249,0.23862976051739362,0.0012207481382761878,3,rises
ENSG00000156052,GNAQ,TRACKS_INFLAMMATION,EFO_1001249,0.23862976051739362,0.012730346835730917,3,rises
ENSG00000154240,CEP112,TRACKS_INFLAMMATION,EFO_1001249,0.23862976051739362,0.013624831598411524,3,rises
ENSG00000175352,NRIP3,TRACKS_INFLAMMATION,EFO_1001249,0.23840071347175532,0.0014094720048004124,3,rises
ENSG00000115946,PNO1,TRACKS_INFLAMMATION,EFO_1001249,0.23838615642751818,1.845242981139885e-06,3,rises
ENSG00000150782,IL18,TRACKS_INFLAMMATION,EFO_1001249,0.2382988141620953,0.0008699178069630211,3,rises
ENSG00000116147,TNR,TRACKS_INFLAMMATION,EFO_1001249,-0.2380222303215895,0.0028122835503936548,3,falls
ENSG00000005020,SKAP2,TRACKS_INFLAMMATION,EFO_1001249,0.23800767327735237,0.00014288148179874695,3,rises
ENSG00000145331,TRMT10A,TRACKS_INFLAMMATION,EFO_1001249,-0.23797855918887797,0.0004066706595303892,3,falls
ENSG00000011260,UTP18,TRACKS_INFLAMMATION,EFO_1001249,0.23796400214464095,0.00018799511504427027,3,rises
ENSG00000099953,MMP11,TRACKS_INFLAMMATION,EFO_1001249,0.23790773401053314,0.0003009742602381609,3,rises
ENSG00000179344,HLA-DQB1,TRACKS_INFLAMMATION,EFO_1001249,0.23790773401053314,0.00948527452062945,3,rises
ENSG00000187045,TMPRSS6,TRACKS_INFLAMMATION,EFO_1001249,0.23756901848777234,0.02421863654701887,3,rises
ENSG00000108370,RGS9,TRACKS_INFLAMMATION,EFO_1001249,0.2375690184877723,0.011333483265213011,3,rises
ENSG00000130204,TOMM40,TRACKS_INFLAMMATION,EFO_1001249,0.2375418478617636,0.010112108536541728,3,rises
ENSG00000163378,EOGT,TRACKS_INFLAMMATION,EFO_1001249,0.23742539150786643,0.000667165386603955,3,rises
ENSG00000198825,INPP5F,TRACKS_INFLAMMATION,EFO_1001249,0.23721954949911717,0.0007576829469311233,3,rises
ENSG00000054803,CBLN4,TRACKS_INFLAMMATION,EFO_1001249,-0.23718570750367268,0.030211910817095317,3,falls
ENSG00000133119,RFC3,TRACKS_INFLAMMATION,EFO_1001249,0.23718570750367265,0.01936314531226976,3,rises
ENSG00000122674,CCZ1,TRACKS_INFLAMMATION,EFO_1001249,0.2371857075036726,0.0004389204994104936,3,rises
ENSG00000015133,CCDC88C,TRACKS_INFLAMMATION,EFO_1001249,-0.23703235131346348,0.0025850896444911706,3,falls
ENSG00000029993,HMGB3,TRACKS_INFLAMMATION,EFO_1001249,0.23693045200380347,0.0004978445935417449,3,rises
ENSG00000124216,SNAI1,TRACKS_INFLAMMATION,EFO_1001249,0.23687008051046202,0.0004947215050816363,3,rises
ENSG00000173641,HSPB7,TRACKS_INFLAMMATION,EFO_1001249,0.23676148884225073,0.011722712487965309,3,rises
ENSG00000114268,PFKFB4,TRACKS_INFLAMMATION,EFO_1001249,0.23663931111906053,3.225134810248957e-05,3,rises
ENSG00000162391,FAM151A,TRACKS_INFLAMMATION,EFO_1001249,-0.23662475407482342,0.0007067180167916153,3,falls
ENSG00000108551,RASD1,TRACKS_INFLAMMATION,EFO_1001249,0.2365206115218069,3.72650777576664e-06,3,rises
ENSG00000166848,TERF2IP,TRACKS_INFLAMMATION,EFO_1001249,0.23646368099681217,0.0006190870931006463,3,rises
ENSG00000108381,ASPA,TRACKS_INFLAMMATION,EFO_1001249,-0.23646368099681217,0.001362584896880084,3,falls
ENSG00000125449,ARMC7,TRACKS_INFLAMMATION,EFO_1001249,0.23646368099681214,0.0004626340539267367,3,rises
ENSG00000160712,IL6R,TRACKS_INFLAMMATION,EFO_1001249,-0.2364507177240758,0.009324988087908735,3,falls
ENSG00000114455,HHLA2,TRACKS_INFLAMMATION,EFO_1001249,-0.23623171388042044,0.009140876049977558,3,falls
ENSG00000198286,CARD11,TRACKS_INFLAMMATION,EFO_1001249,0.23620259979194613,0.0003636110119081458,3,rises
ENSG00000077147,TM9SF3,TRACKS_INFLAMMATION,EFO_1001249,0.2359988011726261,0.012469958276410797,3,rises
ENSG00000160606,TLCD1,TRACKS_INFLAMMATION,EFO_1001249,0.23598424412838886,0.00013483361326246707,3,rises
ENSG00000143195,ILDR2,TRACKS_INFLAMMATION,EFO_1001249,0.23574165448995169,0.0006893416249668088,3,rises
ENSG00000219481,NBPF1,TRACKS_INFLAMMATION,EFO_1001249,0.23574165448995166,0.005253797307501572,3,rises
ENSG00000101162,TUBB1,TRACKS_INFLAMMATION,EFO_1001249,-0.23574165448995166,0.01481357948756242,3,falls
ENSG00000154889,MPPE1,TRACKS_INFLAMMATION,EFO_1001249,0.23574165448995166,0.01916748908393018,3,rises
ENSG00000148841,ITPRIP,TRACKS_INFLAMMATION,EFO_1001249,0.2356639891551717,0.002049407821538101,3,rises
ENSG00000108395,TRIM37,TRACKS_INFLAMMATION,EFO_1001249,0.23561199215130343,0.009534229677822517,3,rises
ENSG00000136810,TXN,TRACKS_INFLAMMATION,EFO_1001249,0.23557664688974883,8.529183043211845e-05,3,rises
ENSG00000146166,LGSN,TRACKS_INFLAMMATION,EFO_1001249,-0.2355420983535724,0.047033846895868425,3,falls
ENSG00000169155,ZBTB43,TRACKS_INFLAMMATION,EFO_1001249,0.23550386166856307,0.011825165998872804,3,rises
ENSG00000087076,HSD17B14,TRACKS_INFLAMMATION,EFO_1001249,-0.23540231075811033,1.944939623935754e-06,3,falls
ENSG00000143761,ARF1,TRACKS_INFLAMMATION,EFO_1001249,0.23534373418195445,0.014826759010826572,3,rises
ENSG00000125835,SNRPB,TRACKS_INFLAMMATION,EFO_1001249,0.23532917713771737,6.146401760312159e-06,3,rises
ENSG00000068028,RASSF1,TRACKS_INFLAMMATION,EFO_1001249,0.23526252316264834,0.011594671826807715,3,rises
ENSG00000100744,GSKIP,TRACKS_INFLAMMATION,EFO_1001249,0.23518360669534588,7.921573799628416e-06,3,rises
ENSG00000240065,PSMB9,TRACKS_INFLAMMATION,EFO_1001249,0.23512537851839724,0.0003379007146377534,3,rises
ENSG00000171199,OPRPN,TRACKS_INFLAMMATION,EFO_1001249,0.23511946364451475,0.006625335643107778,3,rises
ENSG00000163734,CXCL3,TRACKS_INFLAMMATION,EFO_1001249,0.23511230804487632,0.006046199628277078,3,rises
ENSG00000137561,TTPA,TRACKS_INFLAMMATION,EFO_1001249,-0.23503803625297431,2.1960123189425786e-05,3,falls
ENSG00000105127,AKAP8,TRACKS_INFLAMMATION,EFO_1001249,-0.23502347920873726,0.003241949040907353,3,falls
ENSG00000101294,HM13,TRACKS_INFLAMMATION,EFO_1001249,0.2350196279830912,0.0003609663914760156,3,rises
ENSG00000162378,ZYG11B,TRACKS_INFLAMMATION,EFO_1001249,0.2350196279830912,0.008258494746093583,3,rises
ENSG00000063587,ZNF275,TRACKS_INFLAMMATION,EFO_1001249,-0.23501962798309117,1.559409549130021e-08,3,falls
ENSG00000110651,CD81,TRACKS_INFLAMMATION,EFO_1001249,0.23491305417399316,0.009489949975723692,3,rises
ENSG00000137492,THAP12,TRACKS_INFLAMMATION,EFO_1001249,0.23486335172212855,5.717905937396369e-07,3,rises
ENSG00000149679,CABLES2,TRACKS_INFLAMMATION,EFO_1001249,0.23480512354518,0.015602155946652112,3,rises
ENSG00000141526,SLC16A3,TRACKS_INFLAMMATION,EFO_1001249,0.23470337278080006,3.064316189708863e-10,3,rises
ENSG00000166428,PLD4,TRACKS_INFLAMMATION,EFO_1001249,0.23463347898306905,5.932003265904489e-08,3,rises
ENSG00000163636,PSMD6,TRACKS_INFLAMMATION,EFO_1001249,0.23457221083738566,0.0007197366190729081,3,rises
ENSG00000125337,KIF25,TRACKS_INFLAMMATION,EFO_1001249,-0.23456994320078575,0.007520602658054025,3,falls
ENSG00000143507,DUSP10,TRACKS_INFLAMMATION,EFO_1001249,-0.23429760147623063,8.786886444460775e-05,3,falls
ENSG00000221869,CEBPD,TRACKS_INFLAMMATION,EFO_1001249,-0.2342976014762306,0.001128371915270258,3,falls
ENSG00000213906,LTB4R2,TRACKS_INFLAMMATION,EFO_1001249,-0.23411698699029704,0.023740032995864004,3,falls
ENSG00000115806,GORASP2,TRACKS_INFLAMMATION,EFO_1001249,0.23407727133332265,0.005331472383495039,3,rises
ENSG00000185651,UBE2L3,TRACKS_INFLAMMATION,EFO_1001249,0.23407432860122082,0.01474876282472904,3,rises
ENSG00000145088,EAF2,TRACKS_INFLAMMATION,EFO_1001249,0.2340481572448484,0.025617594207209896,3,rises
ENSG00000073146,MOV10L1,TRACKS_INFLAMMATION,EFO_1001249,-0.2335785533758961,0.00039649003603134815,3,falls
ENSG00000174891,RSRC1,TRACKS_INFLAMMATION,EFO_1001249,0.2335755749693702,0.00028935336370863787,3,rises
ENSG00000130522,JUND,TRACKS_INFLAMMATION,EFO_1001249,0.2335755749693702,0.006795297419927888,3,rises
ENSG00000196620,UGT2B15,TRACKS_INFLAMMATION,EFO_1001249,0.23357557496937018,2.0277314552127244e-05,3,rises
ENSG00000144283,PKP4,TRACKS_INFLAMMATION,EFO_1001249,0.2335532177407854,3.4653452129087483e-07,3,rises
ENSG00000143850,PLEKHA6,TRACKS_INFLAMMATION,EFO_1001249,-0.23337853320993965,0.003216754625409718,3,falls
ENSG00000167034,NKX3-1,TRACKS_INFLAMMATION,EFO_1001249,0.23336397616570245,0.007485674822229775,3,rises
ENSG00000118007,STAG1,TRACKS_INFLAMMATION,EFO_1001249,0.23323560302844845,9.012162457269293e-05,3,rises
ENSG00000067048,DDX3Y,TRACKS_INFLAMMATION,EFO_1001249,-0.2330094230166297,0.000980891793007808,3,falls
ENSG00000102468,HTR2A,TRACKS_INFLAMMATION,EFO_1001249,-0.2329797302737061,0.004681655810338231,3,falls
ENSG00000111799,COL12A1,TRACKS_INFLAMMATION,EFO_1001249,0.23294182188282528,2.1493024361555564e-05,3,rises
ENSG00000133112,TPT1,TRACKS_INFLAMMATION,EFO_1001249,-0.23291270779435094,2.1030860411542186e-09,3,falls
ENSG00000116106,EPHA4,TRACKS_INFLAMMATION,EFO_1001249,0.23285429075178762,0.013294293849819524,3,rises
ENSG00000101417,PXMP4,TRACKS_INFLAMMATION,EFO_1001249,0.23285354846250964,6.029229813055947e-06,3,rises
ENSG00000071073,MGAT4A,TRACKS_INFLAMMATION,EFO_1001249,0.23279625144045374,0.024994068183009765,3,rises
ENSG00000153165,RGPD3,TRACKS_INFLAMMATION,EFO_1001249,-0.23278169439621663,0.0003730695070534898,3,falls
ENSG00000166147,FBN1,TRACKS_INFLAMMATION,EFO_1001249,0.2325051105557108,2.8532651096180042e-09,3,rises
ENSG00000100379,KCTD17,TRACKS_INFLAMMATION,EFO_1001249,0.2324667712534071,0.0001816490665527792,3,rises
ENSG00000100664,EIF5,TRACKS_INFLAMMATION,EFO_1001249,-0.23246677125340703,0.03857728367277465,3,falls
ENSG00000145979,TBC1D7,TRACKS_INFLAMMATION,EFO_1001249,0.2322867548921536,4.275659816010223e-07,3,rises
ENSG00000078369,GNB1,TRACKS_INFLAMMATION,EFO_1001249,0.23221396967096786,1.1383050763834805e-09,3,rises
ENSG00000071282,LMCD1,TRACKS_INFLAMMATION,EFO_1001249,0.2321173022647519,0.0015489090521113443,3,rises
ENSG00000049089,COL9A2,TRACKS_INFLAMMATION,EFO_1001249,0.23207798729148874,0.001903481226322626,3,rises
ENSG00000187790,FANCM,TRACKS_INFLAMMATION,EFO_1001249,0.2319775146692899,0.012157349700408271,3,rises
ENSG00000148840,PPRC1,TRACKS_INFLAMMATION,EFO_1001249,0.23190762087155883,0.0011852311267556098,3,rises
ENSG00000204420,MPIG6B,TRACKS_INFLAMMATION,EFO_1001249,-0.23184561224863362,0.04276595842063574,3,falls
ENSG00000105568,PPP2R1A,TRACKS_INFLAMMATION,EFO_1001249,0.23183772707382783,7.47358667893113e-06,3,rises
ENSG00000204252,HLA-DOA,TRACKS_INFLAMMATION,EFO_1001249,0.2317678332760968,4.024403181513945e-09,3,rises
ENSG00000196586,MYO6,TRACKS_INFLAMMATION,EFO_1001249,0.23176783327609674,3.167936359517758e-05,3,rises
ENSG00000117090,SLAMF1,TRACKS_INFLAMMATION,EFO_1001249,0.2317627012996163,0.0183020689141279,3,rises
ENSG00000106236,NPTX2,TRACKS_INFLAMMATION,EFO_1001249,0.23172830897980384,0.0009097352233497714,3,rises
ENSG00000184916,JAG2,TRACKS_INFLAMMATION,EFO_1001249,0.23169793947836578,0.01480748021552935,3,rises
ENSG00000006016,CRLF1,TRACKS_INFLAMMATION,EFO_1001249,0.23165591693506077,0.007456120186154484,3,rises
ENSG00000158079,PTPDC1,TRACKS_INFLAMMATION,EFO_1001249,0.2315443456360591,0.002892660586088592,3,rises
ENSG00000102996,MMP15,TRACKS_INFLAMMATION,EFO_1001249,0.23140949544878872,0.000986910005889622,3,rises
ENSG00000135341,MAP3K7,TRACKS_INFLAMMATION,EFO_1001249,0.23140949544878872,0.001530775216877865,3,rises
ENSG00000166349,RAG1,TRACKS_INFLAMMATION,EFO_1001249,-0.23140949544878872,0.013092276133052893,3,falls
ENSG00000141127,PRPSAP2,TRACKS_INFLAMMATION,EFO_1001249,0.23140949544878867,0.007869244476781122,3,rises
ENSG00000180530,NRIP1,TRACKS_INFLAMMATION,EFO_1001249,0.23140949544878867,0.0268376351881862,3,rises
ENSG00000028203,VEZT,TRACKS_INFLAMMATION,EFO_1001249,0.23140949544878867,0.02850506757489586,3,rises
ENSG00000100239,PPP6R2,TRACKS_INFLAMMATION,EFO_1001249,-0.23136966110521337,5.524437527805212e-05,3,falls
ENSG00000175463,TBC1D10C,TRACKS_INFLAMMATION,EFO_1001249,0.2313405470167391,0.00544395391284119,3,rises
ENSG00000034693,PEX3,TRACKS_INFLAMMATION,EFO_1001249,0.23120953361860477,0.0001351396289570818,3,rises
ENSG00000100418,DESI1,TRACKS_INFLAMMATION,EFO_1001249,0.2311513054416561,8.32926110077992e-09,3,rises
ENSG00000182985,CADM1,TRACKS_INFLAMMATION,EFO_1001249,0.23113878909651756,0.01551325158627007,3,rises
ENSG00000138080,EMILIN1,TRACKS_INFLAMMATION,EFO_1001249,0.23100573499928465,1.6907581022332386e-09,3,rises
ENSG00000042286,AIFM2,TRACKS_INFLAMMATION,EFO_1001249,0.23068746894192824,0.00043206927081996323,3,rises
ENSG00000137877,SPTBN5,TRACKS_INFLAMMATION,EFO_1001249,0.2306874689419282,4.007561312772487e-06,3,rises
ENSG00000227507,LTB,TRACKS_INFLAMMATION,EFO_1001249,0.2306874689419282,1.0647665186180904e-05,3,rises
ENSG00000105723,GSK3A,TRACKS_INFLAMMATION,EFO_1001249,0.2306874689419282,0.011334479903648706,3,rises
ENSG00000111331,OAS3,TRACKS_INFLAMMATION,EFO_1001249,0.2306495325124003,3.6546210442364454e-05,3,rises
ENSG00000079950,STX7,TRACKS_INFLAMMATION,EFO_1001249,0.23057963871466927,0.0087956091972157,3,rises
ENSG00000147164,SNX12,TRACKS_INFLAMMATION,EFO_1001249,0.23037978209708732,5.414595667117512e-06,3,rises
ENSG00000079459,FDFT1,TRACKS_INFLAMMATION,EFO_1001249,0.23010319825658157,0.0002960905957605848,3,rises
ENSG00000197622,CDC42SE1,TRACKS_INFLAMMATION,EFO_1001249,0.230044970079633,1.4302525006650673e-05,3,rises
ENSG00000118137,APOA1,TRACKS_INFLAMMATION,EFO_1001249,0.22996544243506775,0.002496825823121218,3,rises
ENSG00000163412,EIF4E3,TRACKS_INFLAMMATION,EFO_1001249,0.22996544243506775,0.008855775685283786,3,rises
ENSG00000185561,TLCD2,TRACKS_INFLAMMATION,EFO_1001249,0.22996544243506772,0.045268511332976054,3,rises
ENSG00000087586,AURKA,TRACKS_INFLAMMATION,EFO_1001249,0.22995059453508998,0.0011537867220758912,3,rises
ENSG00000149084,HSD17B12,TRACKS_INFLAMMATION,EFO_1001249,0.2299139566814987,0.028035796749494007,3,rises
ENSG00000154122,ANKH,TRACKS_INFLAMMATION,EFO_1001249,0.22985572850455008,1.1469508478348423e-08,3,rises
ENSG00000064102,INTS13,TRACKS_INFLAMMATION,EFO_1001249,0.22979750032760146,1.8263735767515205e-06,3,rises
ENSG00000158402,CDC25C,TRACKS_INFLAMMATION,EFO_1001249,0.22965375037915572,0.003195576309173136,3,rises
ENSG00000161558,TMEM143,TRACKS_INFLAMMATION,EFO_1001249,-0.22963737284099286,0.007798219408422469,3,falls
ENSG00000150636,CCDC102B,TRACKS_INFLAMMATION,EFO_1001249,0.22953123174870385,0.016132764213313503,3,rises
ENSG00000097021,ACOT7,TRACKS_INFLAMMATION,EFO_1001249,0.22949180239862144,0.011772645797781029,3,rises
ENSG00000151694,ADAM17,TRACKS_INFLAMMATION,EFO_1001249,0.2292880037793013,0.000244851776269719,3,rises
ENSG00000196743,GM2A,TRACKS_INFLAMMATION,EFO_1001249,0.2292734467350642,6.753177174861367e-11,3,rises
ENSG00000144589,STK11IP,TRACKS_INFLAMMATION,EFO_1001249,0.22924341592820718,0.0061419158561858865,3,rises
ENSG00000049540,ELN,TRACKS_INFLAMMATION,EFO_1001249,-0.22924341592820718,0.006820776877958064,3,falls
ENSG00000172409,CLP1,TRACKS_INFLAMMATION,EFO_1001249,0.22924341592820718,0.0077688381319695665,3,rises
ENSG00000184227,ACOT1,TRACKS_INFLAMMATION,EFO_1001249,0.22924341592820718,0.010264673385262688,3,rises
ENSG00000183735,TBK1,TRACKS_INFLAMMATION,EFO_1001249,0.22924341592820718,0.011376310921300328,3,rises
ENSG00000135697,BCO1,TRACKS_INFLAMMATION,EFO_1001249,0.22924341592820718,0.012236034285391727,3,rises
ENSG00000176907,TCIM,TRACKS_INFLAMMATION,EFO_1001249,0.22915699038116705,0.02029822767347302,3,rises
ENSG00000143067,ZNF697,TRACKS_INFLAMMATION,EFO_1001249,0.22904197516458658,0.00761260898672315,3,rises
ENSG00000156162,DPY19L4,TRACKS_INFLAMMATION,EFO_1001249,-0.22904197516458658,0.027341833187267656,3,falls
ENSG00000120029,ARMH3,TRACKS_INFLAMMATION,EFO_1001249,0.2289720813668556,0.00042191536120154196,3,rises
ENSG00000126500,FLRT1,TRACKS_INFLAMMATION,EFO_1001249,-0.2289437159367058,0.016989937304538762,3,falls
ENSG00000145649,GZMA,TRACKS_INFLAMMATION,EFO_1001249,0.2289095206291355,0.007371112713821813,3,rises
ENSG00000057657,PRDM1,TRACKS_INFLAMMATION,EFO_1001249,0.2285892656559183,0.00029181970730363224,3,rises
ENSG00000160180,TFF3,TRACKS_INFLAMMATION,EFO_1001249,0.2285221179005916,0.009203817838553176,3,rises
ENSG00000196141,SPATS2L,TRACKS_INFLAMMATION,EFO_1001249,0.22852138942134675,0.0012524659836259612,3,rises
ENSG00000177565,TBL1XR1,TRACKS_INFLAMMATION,EFO_1001249,-0.2285213894213467,0.002336278691532405,3,falls
ENSG00000123124,WWP1,TRACKS_INFLAMMATION,EFO_1001249,-0.2285213894213467,0.04723164875681703,3,falls
ENSG00000138785,INTS12,TRACKS_INFLAMMATION,EFO_1001249,0.2284873663462582,0.009386150147334722,3,rises
ENSG00000176293,ZNF135,TRACKS_INFLAMMATION,EFO_1001249,0.2284129309850074,0.04490506507502462,3,rises
ENSG00000182810,DDX28,TRACKS_INFLAMMATION,EFO_1001249,0.2284129309850073,0.013036084021599866,3,rises
ENSG00000047936,ROS1,TRACKS_INFLAMMATION,EFO_1001249,0.22840880672739466,0.02376481453285991,3,rises
ENSG00000247596,TWF2,TRACKS_INFLAMMATION,EFO_1001249,0.2283430371872763,0.007464832112929475,3,rises
ENSG00000119185,ITGB1BP1,TRACKS_INFLAMMATION,EFO_1001249,0.22826901068270103,0.0002044977551315537,3,rises
ENSG00000092051,JPH4,TRACKS_INFLAMMATION,EFO_1001249,0.22818166841727822,0.0010576351224835282,3,rises
ENSG00000132773,TOE1,TRACKS_INFLAMMATION,EFO_1001249,0.2281816684172781,0.025856141301040223,3,rises
ENSG00000166946,CCNDBP1,TRACKS_INFLAMMATION,EFO_1001249,0.22816711137304097,0.0007635863442657948,3,rises
ENSG00000136457,CHAD,TRACKS_INFLAMMATION,EFO_1001249,-0.22807976910761815,2.1297076947873975e-06,3,falls
ENSG00000104660,LEPROTL1,TRACKS_INFLAMMATION,EFO_1001249,0.22802154093066954,0.013630065467358376,3,rises
ENSG00000066044,ELAVL1,TRACKS_INFLAMMATION,EFO_1001249,0.22799356819862118,0.045292213422029486,3,rises
ENSG00000185803,SLC52A2,TRACKS_INFLAMMATION,EFO_1001249,0.22799356819862113,0.0001211740952026126,3,rises
ENSG00000140474,ULK3,TRACKS_INFLAMMATION,EFO_1001249,0.22794875570948384,0.006355922077912214,3,rises
ENSG00000105251,SHD,TRACKS_INFLAMMATION,EFO_1001249,-0.22794875570948378,1.728025659677447e-05,3,falls
ENSG00000010270,STARD3NL,TRACKS_INFLAMMATION,EFO_1001249,0.22786141344406088,0.011440473486515996,3,rises
ENSG00000140688,RUSF1,TRACKS_INFLAMMATION,EFO_1001249,-0.22779936291448624,5.816890876850932e-05,3,falls
ENSG00000163812,ZDHHC3,TRACKS_INFLAMMATION,EFO_1001249,0.22779936291448624,0.0002865899626867777,3,rises
ENSG00000165915,SLC39A13,TRACKS_INFLAMMATION,EFO_1001249,0.2277993629144862,0.027770343206650998,3,rises
ENSG00000088386,SLC15A1,TRACKS_INFLAMMATION,EFO_1001249,0.22779936291448616,0.015823897967525705,3,rises
ENSG00000100234,TIMP3,TRACKS_INFLAMMATION,EFO_1001249,0.2277012859574524,3.989114007442767e-06,3,rises
ENSG00000130005,GAMT,TRACKS_INFLAMMATION,EFO_1001249,-0.227574205412235,6.262170894012717e-05,3,falls
ENSG00000105219,CCNP,TRACKS_INFLAMMATION,EFO_1001249,0.22752660142660658,0.03280719267427743,3,rises
ENSG00000188486,H2AX,TRACKS_INFLAMMATION,EFO_1001249,0.22739558802847226,0.0021726950749862885,3,rises
ENSG00000177054,ZDHHC13,TRACKS_INFLAMMATION,EFO_1001249,0.22733735985152365,0.000530586663261468,3,rises
ENSG00000152689,RASGRP3,TRACKS_INFLAMMATION,EFO_1001249,0.22729463022131083,0.011641662933371617,3,rises
ENSG00000112379,ARFGEF3,TRACKS_INFLAMMATION,EFO_1001249,0.22723546054186364,0.0015494623448742133,3,rises
ENSG00000110848,CD69,TRACKS_INFLAMMATION,EFO_1001249,0.22711900418796646,0.01474876282472904,3,rises
ENSG00000064199,SPA17,TRACKS_INFLAMMATION,EFO_1001249,0.22709181524108263,9.589340387551991e-06,3,rises
ENSG00000106080,FKBP14,TRACKS_INFLAMMATION,EFO_1001249,0.2270773364076257,1.7977051379861054e-07,3,rises
ENSG00000107864,CPEB3,TRACKS_INFLAMMATION,EFO_1001249,-0.2270773364076257,2.892437758648197e-05,3,falls
ENSG00000133816,MICAL2,TRACKS_INFLAMMATION,EFO_1001249,-0.2268424203474607,0.033322578516145014,3,falls
ENSG00000140285,FGF7,TRACKS_INFLAMMATION,EFO_1001249,0.22677705616443414,0.001182476622681948,3,rises
ENSG00000156222,SLC28A1,TRACKS_INFLAMMATION,EFO_1001249,0.22676963512627493,0.004656641450589227,3,rises
ENSG00000124201,ZNFX1,TRACKS_INFLAMMATION,EFO_1001249,0.22652216537424338,5.683226498136758e-11,3,rises
ENSG00000171970,ZNF57,TRACKS_INFLAMMATION,EFO_1001249,0.22637659493187187,0.00026514729574336017,3,rises
ENSG00000155189,AGPAT5,TRACKS_INFLAMMATION,EFO_1001249,-0.22635530990076527,0.0011390072448887714,3,falls
ENSG00000141026,MED9,TRACKS_INFLAMMATION,EFO_1001249,0.22635530990076522,0.007993055035661674,3,rises
ENSG00000115942,ORC2,TRACKS_INFLAMMATION,EFO_1001249,-0.22635530990076522,0.033191970651866604,3,falls
ENSG00000112679,DUSP22,TRACKS_INFLAMMATION,EFO_1001249,0.2263553099007652,7.478687127350584e-05,3,rises
ENSG00000134590,RTL8C,TRACKS_INFLAMMATION,EFO_1001249,0.22624622325534538,0.0005018014943549845,3,rises
ENSG00000198417,MT1F,TRACKS_INFLAMMATION,EFO_1001249,-0.22617632945761434,0.00010093935419153068,3,falls
ENSG00000077463,SIRT6,TRACKS_INFLAMMATION,EFO_1001249,0.22607089700289193,0.04519625585787363,3,rises
ENSG00000126524,SBDS,TRACKS_INFLAMMATION,EFO_1001249,0.22607089700289187,7.959086679421749e-05,3,rises
ENSG00000173662,TAS1R1,TRACKS_INFLAMMATION,EFO_1001249,-0.22604178291441762,0.006736591283746219,3,falls
ENSG00000148204,CRB2,TRACKS_INFLAMMATION,EFO_1001249,0.22597917948053367,0.028141550163447188,3,rises
ENSG00000077380,DYNC1I2,TRACKS_INFLAMMATION,EFO_1001249,0.22596664806442132,2.219110079880834e-07,3,rises
ENSG00000006451,RALA,TRACKS_INFLAMMATION,EFO_1001249,0.22589621247204614,0.0021298149645536677,3,rises
ENSG00000101350,KIF3B,TRACKS_INFLAMMATION,EFO_1001249,0.22563328339390476,0.0003900865912121164,3,rises
ENSG00000174607,UGT8,TRACKS_INFLAMMATION,EFO_1001249,-0.2256332833939047,0.030027628468356094,3,falls
ENSG00000197275,RAD54B,TRACKS_INFLAMMATION,EFO_1001249,-0.2256332833939047,0.0404640595775829,3,falls
ENSG00000155380,SLC16A1,TRACKS_INFLAMMATION,EFO_1001249,-0.22563328339390468,1.200971575333963e-05,3,falls
ENSG00000104859,CLASRP,TRACKS_INFLAMMATION,EFO_1001249,-0.22545950114493168,0.0001272033943585454,3,falls
ENSG00000154027,AK5,TRACKS_INFLAMMATION,EFO_1001249,0.22545385441324994,0.039482129743556735,3,rises
ENSG00000169562,GJB1,TRACKS_INFLAMMATION,EFO_1001249,-0.22540749768257304,0.0005329733482399649,3,falls
ENSG00000167037,SGSM1,TRACKS_INFLAMMATION,EFO_1001249,-0.22535760183527168,0.0038975234244906687,3,falls
ENSG00000145626,UGT3A1,TRACKS_INFLAMMATION,EFO_1001249,0.22528481661408598,0.0013859508079585115,3,rises
ENSG00000104368,PLAT,TRACKS_INFLAMMATION,EFO_1001249,0.22526771008711097,0.003552706134181312,3,rises
ENSG00000022840,RNF10,TRACKS_INFLAMMATION,EFO_1001249,0.22519781628937996,0.00013002728031550294,3,rises
ENSG00000156127,BATF,TRACKS_INFLAMMATION,EFO_1001249,0.22519747434866305,0.00025614347715240056,3,rises
ENSG00000166813,KIF7,TRACKS_INFLAMMATION,EFO_1001249,0.22515758947767628,0.0009126286522347335,3,rises
ENSG00000110442,COMMD9,TRACKS_INFLAMMATION,EFO_1001249,0.22508101799476585,0.00018829494419153007,3,rises
ENSG00000172638,EFEMP2,TRACKS_INFLAMMATION,EFO_1001249,0.22499367572934298,7.29103667246199e-08,3,rises
ENSG00000167014,TERB2,TRACKS_INFLAMMATION,EFO_1001249,-0.22497911868510587,2.714051692918586e-05,3,falls
ENSG00000172955,ADH6,TRACKS_INFLAMMATION,EFO_1001249,-0.2249208905081573,5.9018169528714624e-05,3,falls
ENSG00000147874,HAUS6,TRACKS_INFLAMMATION,EFO_1001249,0.22491824109845585,0.009134844061694736,3,rises
ENSG00000187824,TMEM220,TRACKS_INFLAMMATION,EFO_1001249,-0.22491125688704422,0.02810129812933749,3,falls
ENSG00000115234,SNX17,TRACKS_INFLAMMATION,EFO_1001249,0.2249112568870442,1.7553858196356997e-07,3,rises
ENSG00000117411,B4GALT2,TRACKS_INFLAMMATION,EFO_1001249,0.2249112568870442,0.00013871451330636488,3,rises
ENSG00000169856,ONECUT1,TRACKS_INFLAMMATION,EFO_1001249,-0.22491125688704416,0.0021792085226076804,3,falls
ENSG00000123595,RAB9A,TRACKS_INFLAMMATION,EFO_1001249,0.22487721937544586,0.003204096555363753,3,rises
ENSG00000108578,BLMH,TRACKS_INFLAMMATION,EFO_1001249,-0.22486266233120866,0.00010951548575289354,3,falls
ENSG00000101310,SEC23B,TRACKS_INFLAMMATION,EFO_1001249,0.2248335482427344,6.37311732770913e-06,3,rises
ENSG00000170959,DCDC1,TRACKS_INFLAMMATION,EFO_1001249,-0.22476076302154865,0.0009218921515595981,3,falls
ENSG00000180573,H2AC6,TRACKS_INFLAMMATION,EFO_1001249,0.2247462059773116,0.001283076595570151,3,rises
ENSG00000143162,CREG1,TRACKS_INFLAMMATION,EFO_1001249,0.22474620597731146,4.6683680774293824e-05,3,rises
ENSG00000137171,KLC4,TRACKS_INFLAMMATION,EFO_1001249,-0.22470253484460004,0.003931125871652647,3,falls
ENSG00000171867,PRNP,TRACKS_INFLAMMATION,EFO_1001249,0.2246386659075317,0.0009894193903735356,3,rises
ENSG00000173432,SAA1,TRACKS_INFLAMMATION,EFO_1001249,0.22460063553494003,0.005385097203899251,3,rises
ENSG00000140365,COMMD4,TRACKS_INFLAMMATION,EFO_1001249,0.22457152144646578,0.00017941340439720058,3,rises
ENSG00000176083,ZNF683,TRACKS_INFLAMMATION,EFO_1001249,0.22457012094450524,0.0244081231931045,3,rises
ENSG00000147454,SLC25A37,TRACKS_INFLAMMATION,EFO_1001249,-0.22448417918104283,0.00041358177024420034,3,falls
ENSG00000121060,TRIM25,TRACKS_INFLAMMATION,EFO_1001249,0.2243590907166076,0.00020302343015857714,3,rises
ENSG00000126231,PROZ,TRACKS_INFLAMMATION,EFO_1001249,-0.2243240516944342,0.004842996085650396,3,falls
ENSG00000069493,CLEC2D,TRACKS_INFLAMMATION,EFO_1001249,0.2241917407885887,0.021848558041202167,3,rises
ENSG00000144681,STAC,TRACKS_INFLAMMATION,EFO_1001249,0.2241899450493955,0.026039182265475497,3,rises
ENSG00000072832,CRMP1,TRACKS_INFLAMMATION,EFO_1001249,0.2241892303801838,0.020162526366653624,3,rises
ENSG00000120833,SOCS2,TRACKS_INFLAMMATION,EFO_1001249,-0.22418923038018373,0.0003955423792156646,3,falls
ENSG00000134824,FADS2,TRACKS_INFLAMMATION,EFO_1001249,0.22418923038018373,0.001760299608634915,3,rises
ENSG00000100351,GRAP2,TRACKS_INFLAMMATION,EFO_1001249,0.2241892303801837,0.010012999893579604,3,rises
ENSG00000171992,SYNPO,TRACKS_INFLAMMATION,EFO_1001249,0.2240474678539284,0.04565517348279002,3,rises
ENSG00000139926,FRMD6,TRACKS_INFLAMMATION,EFO_1001249,0.2240096217279524,7.698962923452014e-06,3,rises
ENSG00000135452,TSPAN31,TRACKS_INFLAMMATION,EFO_1001249,0.2239455685442684,0.0057290112024027985,3,rises
ENSG00000141030,COPS3,TRACKS_INFLAMMATION,EFO_1001249,0.22388734036731983,2.6245542332820532e-05,3,rises
ENSG00000162723,SLAMF9,TRACKS_INFLAMMATION,EFO_1001249,0.22381455514613408,0.012188871350668573,3,rises
ENSG00000160588,MPZL3,TRACKS_INFLAMMATION,EFO_1001249,0.22379999810189694,0.0035565087259594673,3,rises
ENSG00000103035,PSMD7,TRACKS_INFLAMMATION,EFO_1001249,0.2237272128807112,9.082655241085203e-09,3,rises
ENSG00000112078,KCTD20,TRACKS_INFLAMMATION,EFO_1001249,0.2234672038733233,0.010693253632060284,3,rises
ENSG00000115685,PPP1R7,TRACKS_INFLAMMATION,EFO_1001249,0.22346720387332325,9.189365677357367e-07,3,rises
ENSG00000167676,PLIN4,TRACKS_INFLAMMATION,EFO_1001249,0.22346720387332325,1.3012639631711592e-05,3,rises
ENSG00000005194,CIAPIN1,TRACKS_INFLAMMATION,EFO_1001249,0.22346720387332322,5.826752756080156e-07,3,rises
ENSG00000186625,KATNA1,TRACKS_INFLAMMATION,EFO_1001249,0.22346720387332322,0.0004357030718334532,3,rises
ENSG00000167978,SRRM2,TRACKS_INFLAMMATION,EFO_1001249,-0.22346720387332322,0.012866229790795694,3,falls
ENSG00000173559,NABP1,TRACKS_INFLAMMATION,EFO_1001249,0.22342151495173107,0.016817989917413168,3,rises
ENSG00000165197,VEGFD,TRACKS_INFLAMMATION,EFO_1001249,0.2233924008632569,0.008920212462698649,3,rises
ENSG00000110031,LPXN,TRACKS_INFLAMMATION,EFO_1001249,0.2233106837506421,0.01556550275757466,3,rises
ENSG00000178234,GALNT11,TRACKS_INFLAMMATION,EFO_1001249,0.22286834727071955,0.017701342461987114,3,rises
ENSG00000184178,SCFD2,TRACKS_INFLAMMATION,EFO_1001249,0.22282142716652487,0.0027971959322507117,3,rises
ENSG00000158195,WASF2,TRACKS_INFLAMMATION,EFO_1001249,0.22276644796105954,1.8020311468605495e-08,3,rises
ENSG00000180828,BHLHE22,TRACKS_INFLAMMATION,EFO_1001249,0.22275227833072994,0.018475352851421066,3,rises
ENSG00000132612,VPS4A,TRACKS_INFLAMMATION,EFO_1001249,0.22274517736646274,0.0001882155006630939,3,rises
ENSG00000158055,GRHL3,TRACKS_INFLAMMATION,EFO_1001249,-0.22274517736646274,0.0005698473713255217,3,falls
ENSG00000144820,ADGRG7,TRACKS_INFLAMMATION,EFO_1001249,-0.22274517736646274,0.02915387902171975,3,falls
ENSG00000141401,IMPA2,TRACKS_INFLAMMATION,EFO_1001249,-0.22274517736646274,0.02959330082374453,3,falls
ENSG00000072756,TRNT1,TRACKS_INFLAMMATION,EFO_1001249,0.2227451773664627,1.5947827992802717e-05,3,rises
ENSG00000128973,CLN6,TRACKS_INFLAMMATION,EFO_1001249,0.2227451773664627,0.010099259001584936,3,rises
ENSG00000133169,BEX1,TRACKS_INFLAMMATION,EFO_1001249,0.22268897463833004,0.016499186769241656,3,rises
ENSG00000187627,RGPD1,TRACKS_INFLAMMATION,EFO_1001249,-0.2221696091473364,0.012042687019714135,3,falls
ENSG00000152078,TLCD4,TRACKS_INFLAMMATION,EFO_1001249,-0.22212248918921462,2.4760817010458602e-05,3,falls
ENSG00000121871,SLITRK3,TRACKS_INFLAMMATION,EFO_1001249,-0.22203730742967537,3.8018155560801046e-06,3,falls
ENSG00000120437,ACAT2,TRACKS_INFLAMMATION,EFO_1001249,0.22202315085960223,0.009031777547394364,3,rises
ENSG00000134287,ARF3,TRACKS_INFLAMMATION,EFO_1001249,0.22191280779602154,4.721229034875533e-10,3,rises
ENSG00000136271,DDX56,TRACKS_INFLAMMATION,EFO_1001249,0.2219128077960215,0.030026829492890723,3,rises
ENSG00000154153,RETREG1,TRACKS_INFLAMMATION,EFO_1001249,-0.22189302530683072,0.008870294805243017,3,falls
ENSG00000166971,AKTIP,TRACKS_INFLAMMATION,EFO_1001249,0.22186391121835639,1.6068591252302407e-05,3,rises
ENSG00000173542,MOB1B,TRACKS_INFLAMMATION,EFO_1001249,0.22171834077598496,0.01898151743681808,3,rises
ENSG00000117748,RPA2,TRACKS_INFLAMMATION,EFO_1001249,0.22130112435274177,0.007570040943228469,3,rises
ENSG00000064547,LPAR2,TRACKS_INFLAMMATION,EFO_1001249,0.22130112435274177,0.04433887725157717,3,rises
ENSG00000172890,NADSYN1,TRACKS_INFLAMMATION,EFO_1001249,0.22130112435274174,0.011329824173009501,3,rises
ENSG00000172732,MUS81,TRACKS_INFLAMMATION,EFO_1001249,0.22130112435274174,0.04548147618232493,3,rises
ENSG00000179528,LBX2,TRACKS_INFLAMMATION,EFO_1001249,-0.22121386981871125,0.003521100688450137,3,falls
ENSG00000100263,RHBDD3,TRACKS_INFLAMMATION,EFO_1001249,0.22119428718344764,0.0008467208978744504,3,rises
ENSG00000153879,CEBPG,TRACKS_INFLAMMATION,EFO_1001249,0.2210050456083647,7.4359181879803985e-06,3,rises
ENSG00000198182,ZNF607,TRACKS_INFLAMMATION,EFO_1001249,0.22097214369324034,0.002142967997788147,3,rises
ENSG00000213585,VDAC1,TRACKS_INFLAMMATION,EFO_1001249,0.22086440083005607,3.0584883102877377e-06,3,rises
ENSG00000157240,FZD1,TRACKS_INFLAMMATION,EFO_1001249,0.22065567654667317,3.0068878486016483e-06,3,rises
ENSG00000124343,XG,TRACKS_INFLAMMATION,EFO_1001249,0.22059744836972464,0.029702992852930543,3,rises
ENSG00000196876,SCN8A,TRACKS_INFLAMMATION,EFO_1001249,-0.22058482563913195,0.006776464859064508,3,falls
ENSG00000142675,CNKSR1,TRACKS_INFLAMMATION,EFO_1001249,0.22057980100673213,0.03407923004683968,3,rises
ENSG00000157106,SMG1,TRACKS_INFLAMMATION,EFO_1001249,-0.22057909784588128,0.028928259118624587,3,falls
ENSG00000101199,ARFGAP1,TRACKS_INFLAMMATION,EFO_1001249,0.22057909784588126,0.018021184332070908,3,rises
ENSG00000205937,RNPS1,TRACKS_INFLAMMATION,EFO_1001249,0.22057909784588126,0.04614692106954811,3,rises
ENSG00000149573,MPZL2,TRACKS_INFLAMMATION,EFO_1001249,0.2203936497504045,4.5555402091897e-06,3,rises
ENSG00000162779,AXDND1,TRACKS_INFLAMMATION,EFO_1001249,0.22034997861769312,0.016078946311385,3,rises
ENSG00000147642,SYBU,TRACKS_INFLAMMATION,EFO_1001249,-0.22009556905501476,0.013035226776742377,3,falls
ENSG00000099338,CATSPERG,TRACKS_INFLAMMATION,EFO_1001249,-0.22007339477718732,0.02157511227665007,3,falls
ENSG00000154719,MRPL39,TRACKS_INFLAMMATION,EFO_1001249,0.2199569384232902,0.0008777554860211389,3,rises
ENSG00000148468,FAM171A1,TRACKS_INFLAMMATION,EFO_1001249,-0.219942381379053,0.002242105784330452,3,falls
ENSG00000133195,SLC39A11,TRACKS_INFLAMMATION,EFO_1001249,0.21985707133902083,0.0021701797615728082,3,rises
ENSG00000153044,CENPH,TRACKS_INFLAMMATION,EFO_1001249,0.21985707133902077,0.00016490522001394068,3,rises
ENSG00000141499,WRAP53,TRACKS_INFLAMMATION,EFO_1001249,0.21985707133902077,0.0010216865621591573,3,rises
ENSG00000163126,ANKRD23,TRACKS_INFLAMMATION,EFO_1001249,-0.21985707133902077,0.007165075424264329,3,falls
ENSG00000100485,SOS2,TRACKS_INFLAMMATION,EFO_1001249,0.21985707133902074,0.01827050635984209,3,rises
ENSG00000002549,LAP3,TRACKS_INFLAMMATION,EFO_1001249,0.21985707133902074,0.021613014782210442,3,rises
ENSG00000146830,GIGYF1,TRACKS_INFLAMMATION,EFO_1001249,-0.21985707133902074,0.03165298013076638,3,falls
ENSG00000148053,NTRK2,TRACKS_INFLAMMATION,EFO_1001249,0.21985707133902074,0.046530930419088755,3,rises
ENSG00000188706,ZDHHC9,TRACKS_INFLAMMATION,EFO_1001249,0.2198259250251558,0.00357441617952606,3,rises
ENSG00000186517,ARHGAP30,TRACKS_INFLAMMATION,EFO_1001249,0.21975313980397013,4.982884428937653e-09,3,rises
ENSG00000196878,LAMB3,TRACKS_INFLAMMATION,EFO_1001249,0.21972402571549582,4.385773840989073e-06,3,rises
ENSG00000121440,PDZRN3,TRACKS_INFLAMMATION,EFO_1001249,0.21960631247089754,0.0009811964603416848,3,rises
ENSG00000179715,PCED1B,TRACKS_INFLAMMATION,EFO_1001249,0.21960631247089749,6.29591034391046e-05,3,rises
ENSG00000124172,ATP5F1E,TRACKS_INFLAMMATION,EFO_1001249,0.21934554256533004,0.00023711865576940346,3,rises
ENSG00000074803,SLC12A1,TRACKS_INFLAMMATION,EFO_1001249,0.21925039728781562,3.02996606188034e-05,3,rises
ENSG00000154016,GRAP,TRACKS_INFLAMMATION,EFO_1001249,0.2191869496845113,0.01950057272093099,3,rises
ENSG00000141198,TOM1L1,TRACKS_INFLAMMATION,EFO_1001249,-0.2191350448321603,0.007114993914060692,3,falls
ENSG00000119844,AFTPH,TRACKS_INFLAMMATION,EFO_1001249,0.21913504483216026,0.00010887343769663825,3,rises
ENSG00000019102,VSIG2,TRACKS_INFLAMMATION,EFO_1001249,0.2187810059455792,0.00016644031579501743,3,rises
ENSG00000075142,SRI,TRACKS_INFLAMMATION,EFO_1001249,0.21874870375160696,6.473047961106274e-05,3,rises
ENSG00000121570,DPPA4,TRACKS_INFLAMMATION,EFO_1001249,-0.2186613614861841,0.0022385059288155575,3,falls
ENSG00000081320,STK17B,TRACKS_INFLAMMATION,EFO_1001249,0.21863224739770984,0.0039354955264347775,3,rises
ENSG00000172346,CSDC2,TRACKS_INFLAMMATION,EFO_1001249,-0.21857401922076122,0.0472184237799668,3,falls
ENSG00000124257,NEURL2,TRACKS_INFLAMMATION,EFO_1001249,-0.2185740192207612,0.009843982986482376,3,falls
ENSG00000173264,GPR137,TRACKS_INFLAMMATION,EFO_1001249,0.21841389173415257,0.005389181251264248,3,rises
ENSG00000181929,PRKAG1,TRACKS_INFLAMMATION,EFO_1001249,0.21841301832529977,2.638186208258574e-06,3,rises
ENSG00000119326,CTNNAL1,TRACKS_INFLAMMATION,EFO_1001249,0.21841301832529977,1.8176716011896258e-05,3,rises
ENSG00000133193,VCF1,TRACKS_INFLAMMATION,EFO_1001249,0.21841301832529977,0.0073324595632157236,3,rises
ENSG00000135960,EDAR,TRACKS_INFLAMMATION,EFO_1001249,0.21837022060144115,0.04532779884265551,3,rises
ENSG00000107186,MPDZ,TRACKS_INFLAMMATION,EFO_1001249,-0.2183702206014411,0.042556251504701346,3,falls
ENSG00000135404,CD63,TRACKS_INFLAMMATION,EFO_1001249,0.21835566355720396,0.0012909119574550313,3,rises
ENSG00000087053,MTMR2,TRACKS_INFLAMMATION,EFO_1001249,0.21834110651296684,1.8622346783376313e-05,3,rises
ENSG00000164309,CMYA5,TRACKS_INFLAMMATION,EFO_1001249,-0.2182974353802554,0.0010199829607128613,3,falls
ENSG00000156469,MTERF3,TRACKS_INFLAMMATION,EFO_1001249,0.21784616700890383,2.1447774310384466e-08,3,rises
ENSG00000010072,SPRTN,TRACKS_INFLAMMATION,EFO_1001249,0.21778907372989076,0.022767446159694987,3,rises
ENSG00000134996,OSTF1,TRACKS_INFLAMMATION,EFO_1001249,0.21769099181843926,0.023183765964004042,3,rises
ENSG00000147324,MFHAS1,TRACKS_INFLAMMATION,EFO_1001249,0.21764928613442866,5.253279663813331e-06,3,rises
ENSG00000168495,POLR3D,TRACKS_INFLAMMATION,EFO_1001249,0.21764928613442858,0.022565424982330343,3,rises
ENSG00000142459,EVI5L,TRACKS_INFLAMMATION,EFO_1001249,0.2176423683895838,6.098433500056071e-07,3,rises
ENSG00000131378,RFTN1,TRACKS_INFLAMMATION,EFO_1001249,0.21762781134534664,0.0029610358138929004,3,rises
ENSG00000121316,PLBD1,TRACKS_INFLAMMATION,EFO_1001249,0.21761325430110956,6.961165007128722e-11,3,rises
ENSG00000186648,CARMIL3,TRACKS_INFLAMMATION,EFO_1001249,-0.21757939233669765,2.19792152156208e-06,3,falls
ENSG00000188868,ZNF563,TRACKS_INFLAMMATION,EFO_1001249,0.21754046907992375,7.088766011945345e-07,3,rises
ENSG00000167972,ABCA3,TRACKS_INFLAMMATION,EFO_1001249,0.21729981714577354,9.50244429831042e-06,3,rises
ENSG00000198793,MTOR,TRACKS_INFLAMMATION,EFO_1001249,0.21708920070857224,2.739349215784273e-09,3,rises
ENSG00000198915,RASGEF1A,TRACKS_INFLAMMATION,EFO_1001249,0.2170447167935752,0.01845507876343727,3,rises
ENSG00000065325,GLP2R,TRACKS_INFLAMMATION,EFO_1001249,-0.2169689653115788,0.0006608421004135005,3,falls
ENSG00000125817,CENPB,TRACKS_INFLAMMATION,EFO_1001249,0.2169689653115788,0.011456887261886114,3,rises
ENSG00000036054,TBC1D23,TRACKS_INFLAMMATION,EFO_1001249,0.21692907322196361,0.043115987793512035,3,rises
ENSG00000175920,DOK7,TRACKS_INFLAMMATION,EFO_1001249,0.21688540208925217,5.561211518215891e-05,3,rises
ENSG00000020129,NCDN,TRACKS_INFLAMMATION,EFO_1001249,0.2168562880007778,0.013740877051706474,3,rises
ENSG00000116741,RGS2,TRACKS_INFLAMMATION,EFO_1001249,0.21681261686806644,0.007767112945785378,3,rises
ENSG00000177943,MAMDC4,TRACKS_INFLAMMATION,EFO_1001249,0.21673983164688068,0.008699677855848412,3,rises
ENSG00000138386,NAB1,TRACKS_INFLAMMATION,EFO_1001249,-0.21643413371790055,0.0059469397916210275,3,falls
ENSG00000120262,CCDC170,TRACKS_INFLAMMATION,EFO_1001249,0.21639119777527008,0.011117180570133813,3,rises
ENSG00000151388,ADAMTS12,TRACKS_INFLAMMATION,EFO_1001249,0.21637590554095198,2.144285630191393e-11,3,rises
ENSG00000144481,TRPM8,TRACKS_INFLAMMATION,EFO_1001249,0.21634679145247773,2.852922644665087e-08,3,rises
ENSG00000131148,EMC8,TRACKS_INFLAMMATION,EFO_1001249,0.2162469388047183,5.02675944439703e-09,3,rises
ENSG00000129317,PUS7L,TRACKS_INFLAMMATION,EFO_1001249,0.2162469388047183,0.0031885866487280905,3,rises
ENSG00000110693,SOX6,TRACKS_INFLAMMATION,EFO_1001249,0.21624693880471826,0.038704192567434945,3,rises
ENSG00000153956,CACNA2D1,TRACKS_INFLAMMATION,EFO_1001249,0.2162235853872172,0.007228497197305977,3,rises
ENSG00000131080,EDA2R,TRACKS_INFLAMMATION,EFO_1001249,0.21621577805434347,0.00011028778882947317,3,rises
ENSG00000132906,CASP9,TRACKS_INFLAMMATION,EFO_1001249,0.21621577805434347,0.0009818177020186286,3,rises
ENSG00000143627,PKLR,TRACKS_INFLAMMATION,EFO_1001249,0.21609932170044624,0.04565919487225715,3,rises
ENSG00000161010,MRNIP,TRACKS_INFLAMMATION,EFO_1001249,-0.21604172878661493,0.019335772550731115,3,falls
ENSG00000184012,TMPRSS2,TRACKS_INFLAMMATION,EFO_1001249,0.21597183498888398,0.009282677970366797,3,rises
ENSG00000131236,CAP1,TRACKS_INFLAMMATION,EFO_1001249,0.2158372949041776,5.2460102587709e-16,3,rises
ENSG00000174469,CNTNAP2,TRACKS_INFLAMMATION,EFO_1001249,0.2157208385502804,0.0016180527819033026,3,rises
ENSG00000114023,FAM162A,TRACKS_INFLAMMATION,EFO_1001249,-0.21569225979795978,0.0001959615556513907,3,falls
ENSG00000176092,CRYBG2,TRACKS_INFLAMMATION,EFO_1001249,0.21564022373560962,0.0020503621716115414,3,rises
ENSG00000049759,NEDD4L,TRACKS_INFLAMMATION,EFO_1001249,0.215589825152146,4.0306406089699475e-05,3,rises
ENSG00000181885,CLDN7,TRACKS_INFLAMMATION,EFO_1001249,0.2155249122978578,6.013330166623907e-07,3,rises
ENSG00000128165,ADM2,TRACKS_INFLAMMATION,EFO_1001249,0.2155249122978578,0.0012634279267453767,3,rises
ENSG00000169026,SLC49A3,TRACKS_INFLAMMATION,EFO_1001249,0.2155249122978578,0.019917685821548136,3,rises
ENSG00000108771,DHX58,TRACKS_INFLAMMATION,EFO_1001249,0.21552491229785778,0.004926305655098817,3,rises
ENSG00000102580,DNAJC3,TRACKS_INFLAMMATION,EFO_1001249,0.21552491229785778,0.005825163559271452,3,rises
ENSG00000139178,C1RL,TRACKS_INFLAMMATION,EFO_1001249,-0.21542969766553746,0.00042424900101291834,3,falls
ENSG00000105173,CCNE1,TRACKS_INFLAMMATION,EFO_1001249,0.21542969766553746,0.018014868737005026,3,rises
ENSG00000145214,DGKQ,TRACKS_INFLAMMATION,EFO_1001249,0.21541268460703572,0.03463194117126386,3,rises
ENSG00000135114,OASL,TRACKS_INFLAMMATION,EFO_1001249,0.21528412722316603,0.00871288717715939,3,rises
ENSG00000068654,POLR1A,TRACKS_INFLAMMATION,EFO_1001249,0.21516767086926883,2.067561452180358e-05,3,rises
ENSG00000106617,PRKAG2,TRACKS_INFLAMMATION,EFO_1001249,-0.21515311382503163,0.008204273032142353,3,falls
ENSG00000184402,SS18L1,TRACKS_INFLAMMATION,EFO_1001249,-0.21513310941611155,0.0032888518419885745,3,falls
ENSG00000130487,KLHDC7B,TRACKS_INFLAMMATION,EFO_1001249,0.21512399973655738,0.049361803054492205,3,rises
ENSG00000166250,CLMP,TRACKS_INFLAMMATION,EFO_1001249,0.21511089222643215,0.0018837281306655902,3,rises
ENSG00000164674,SYTL3,TRACKS_INFLAMMATION,EFO_1001249,0.21505121451537165,0.011456572764099658,3,rises
ENSG00000163931,TKT,TRACKS_INFLAMMATION,EFO_1001249,0.21503665747113446,1.0652469763488531e-05,3,rises
ENSG00000183111,ARHGEF37,TRACKS_INFLAMMATION,EFO_1001249,0.21499298633842306,0.033763124411367286,3,rises
ENSG00000127472,PLA2G5,TRACKS_INFLAMMATION,EFO_1001249,0.21480288579099732,0.011174396843703869,3,rises
ENSG00000166825,ANPEP,TRACKS_INFLAMMATION,EFO_1001249,-0.2148028857909973,5.388805825482409e-07,3,falls
ENSG00000173114,LRRN3,TRACKS_INFLAMMATION,EFO_1001249,0.2148028857909973,0.005713855776369244,3,rises
ENSG00000119401,TRIM32,TRACKS_INFLAMMATION,EFO_1001249,0.2146581743209687,1.3136669171931621e-05,3,rises
ENSG00000143320,CRABP2,TRACKS_INFLAMMATION,EFO_1001249,0.214635590914906,0.021866497173544865,3,rises
ENSG00000160877,NACC1,TRACKS_INFLAMMATION,EFO_1001249,0.21457395903426332,3.300598899941976e-05,3,rises
ENSG00000196505,GDAP2,TRACKS_INFLAMMATION,EFO_1001249,0.2145417179670715,0.01958023321433688,3,rises
ENSG00000181634,TNFSF15,TRACKS_INFLAMMATION,EFO_1001249,0.21454171796707144,9.022446541951174e-05,3,rises
ENSG00000134480,CCNH,TRACKS_INFLAMMATION,EFO_1001249,0.21441070456893718,0.00024971800844038897,3,rises
ENSG00000060688,SNRNP40,TRACKS_INFLAMMATION,EFO_1001249,0.21433791934775143,0.005344669830326136,3,rises
ENSG00000103064,SLC7A6,TRACKS_INFLAMMATION,EFO_1001249,0.21432336230351431,0.004346686787255386,3,rises
ENSG00000164430,CGAS,TRACKS_INFLAMMATION,EFO_1001249,0.21432262320352546,0.024783035284016167,3,rises
ENSG00000060656,PTPRU,TRACKS_INFLAMMATION,EFO_1001249,0.2141195636841943,0.00031988714490931955,3,rises
ENSG00000100342,APOL1,TRACKS_INFLAMMATION,EFO_1001249,0.21408085928413684,1.2495684964120821e-05,3,rises
ENSG00000113141,IK,TRACKS_INFLAMMATION,EFO_1001249,0.21408085928413684,0.0009533285426628444,3,rises
ENSG00000132196,HSD17B7,TRACKS_INFLAMMATION,EFO_1001249,0.2140808592841368,0.0034931823040120144,3,rises
ENSG00000205208,C4orf46,TRACKS_INFLAMMATION,EFO_1001249,0.2140808592841368,0.03218342895905752,3,rises
ENSG00000087589,CASS4,TRACKS_INFLAMMATION,EFO_1001249,0.21394491485468403,0.011414922949055722,3,rises
ENSG00000120658,ENOX1,TRACKS_INFLAMMATION,EFO_1001249,0.2139066602685125,0.03140081240782947,3,rises
ENSG00000136451,VEZF1,TRACKS_INFLAMMATION,EFO_1001249,0.21387502105695302,0.03379560075228044,3,rises
ENSG00000168958,MFF,TRACKS_INFLAMMATION,EFO_1001249,0.21381386575521416,0.004742880257806777,3,rises
ENSG00000146426,TIAM2,TRACKS_INFLAMMATION,EFO_1001249,0.21377709753080415,0.028395840567616452,3,rises
ENSG00000138061,CYP1B1,TRACKS_INFLAMMATION,EFO_1001249,0.21377019462250269,0.012339178427540747,3,rises
ENSG00000104325,DECR1,TRACKS_INFLAMMATION,EFO_1001249,0.21361006713589412,0.00025484275713550953,3,rises
ENSG00000181704,YIPF6,TRACKS_INFLAMMATION,EFO_1001249,0.21359551009165692,0.003952621331463371,3,rises
ENSG00000253598,SLC10A5,TRACKS_INFLAMMATION,EFO_1001249,-0.21339171147233693,0.02727214681542728,3,falls
ENSG00000145604,SKP2,TRACKS_INFLAMMATION,EFO_1001249,-0.21335883277727632,0.004190282268040815,3,falls
ENSG00000203772,SPRN,TRACKS_INFLAMMATION,EFO_1001249,-0.2133588327772763,0.0008274939521866779,3,falls
ENSG00000119411,BSPRY,TRACKS_INFLAMMATION,EFO_1001249,0.2133588327772763,0.0009736041224824923,3,rises
ENSG00000126062,TMEM115,TRACKS_INFLAMMATION,EFO_1001249,0.2133588327772763,0.0010563762249088627,3,rises
ENSG00000006634,DBF4,TRACKS_INFLAMMATION,EFO_1001249,0.2133588327772763,0.0018070406219812029,3,rises
ENSG00000065427,KARS1,TRACKS_INFLAMMATION,EFO_1001249,0.2133588327772763,0.014938684418249313,3,rises
ENSG00000119917,IFIT3,TRACKS_INFLAMMATION,EFO_1001249,0.21331892625115115,0.0007257243291220792,3,rises
ENSG00000163932,PRKCD,TRACKS_INFLAMMATION,EFO_1001249,0.21317335580877966,1.635099533011556e-08,3,rises
ENSG00000058729,RIOK2,TRACKS_INFLAMMATION,EFO_1001249,0.2130860135433568,0.008618281561917282,3,rises
ENSG00000106799,TGFBR1,TRACKS_INFLAMMATION,EFO_1001249,0.21292588605674823,0.002383849649049915,3,rises
ENSG00000058799,YIPF1,TRACKS_INFLAMMATION,EFO_1001249,0.21276575857013955,8.641623816136786e-05,3,rises
ENSG00000072609,CHFR,TRACKS_INFLAMMATION,EFO_1001249,0.2126868264955255,0.0036307838641910215,3,rises
ENSG00000003249,DBNDD1,TRACKS_INFLAMMATION,EFO_1001249,0.2126368062704158,0.0001708910844267811,3,rises
ENSG00000196839,ADA,TRACKS_INFLAMMATION,EFO_1001249,0.2126368062704158,0.009591125511587063,3,rises
ENSG00000131165,CHMP1A,TRACKS_INFLAMMATION,EFO_1001249,0.21263680627041578,0.02058118051097956,3,rises
ENSG00000251247,ZNF345,TRACKS_INFLAMMATION,EFO_1001249,-0.21261693269779436,0.006046199628277078,3,falls
ENSG00000172819,RARG,TRACKS_INFLAMMATION,EFO_1001249,0.21260563108353098,0.0013169839615372323,3,rises
ENSG00000160801,PTH1R,TRACKS_INFLAMMATION,EFO_1001249,-0.2123727183757366,0.016214962895312064,3,falls
ENSG00000183722,LHFPL6,TRACKS_INFLAMMATION,EFO_1001249,0.212314490198788,0.006108360274881255,3,rises
ENSG00000114374,USP9Y,TRACKS_INFLAMMATION,EFO_1001249,-0.21229993315455084,0.028593736185711354,3,falls
ENSG00000168528,SERINC2,TRACKS_INFLAMMATION,EFO_1001249,0.2122708190660766,0.0067020107786828695,3,rises
ENSG00000164418,GRIK2,TRACKS_INFLAMMATION,EFO_1001249,-0.21224149592854696,0.046613660110401585,3,falls
ENSG00000100100,PIK3IP1,TRACKS_INFLAMMATION,EFO_1001249,0.2122125908891279,1.8492674772223892e-14,3,rises
ENSG00000100629,CEP128,TRACKS_INFLAMMATION,EFO_1001249,0.2120577823159462,0.012028713777616181,3,rises
ENSG00000134389,CFHR5,TRACKS_INFLAMMATION,EFO_1001249,-0.21202334931404507,0.0004478167594767982,3,falls
ENSG00000100650,SRSF5,TRACKS_INFLAMMATION,EFO_1001249,-0.21195056409285926,2.9216327758056127e-06,3,falls
ENSG00000006831,ADIPOR2,TRACKS_INFLAMMATION,EFO_1001249,0.2119360070486222,0.0017496570925194562,3,rises
ENSG00000104432,IL7,TRACKS_INFLAMMATION,EFO_1001249,0.21191477976355533,0.004513881810817899,3,rises
ENSG00000181894,ZNF329,TRACKS_INFLAMMATION,EFO_1001249,0.21191477976355533,0.011502788652696825,3,rises
ENSG00000005882,PDK2,TRACKS_INFLAMMATION,EFO_1001249,-0.21173220842930215,0.0003125893114128039,3,falls
ENSG00000243279,PRAF2,TRACKS_INFLAMMATION,EFO_1001249,0.21168853729659076,0.00019921211240633637,3,rises
ENSG00000175582,RAB6A,TRACKS_INFLAMMATION,EFO_1001249,0.21158663798693064,0.003685533677487688,3,rises
ENSG00000169946,ZFPM2,TRACKS_INFLAMMATION,EFO_1001249,0.21135884433863592,0.000931935211160225,3,rises
ENSG00000179761,PIPOX,TRACKS_INFLAMMATION,EFO_1001249,-0.2112190567431739,0.017299300750774235,3,falls
ENSG00000105373,NOP53,TRACKS_INFLAMMATION,EFO_1001249,-0.21121905674317384,1.1186526585572435e-06,3,falls
ENSG00000258102,MAP1LC3B2,TRACKS_INFLAMMATION,EFO_1001249,0.21121754115221295,0.04045836807863455,3,rises
ENSG00000112769,LAMA4,TRACKS_INFLAMMATION,EFO_1001249,0.21119275325669484,0.04203692735780471,3,rises
ENSG00000160602,NEK8,TRACKS_INFLAMMATION,EFO_1001249,0.21119275325669482,0.0005012814507421627,3,rises
ENSG00000183386,FHL3,TRACKS_INFLAMMATION,EFO_1001249,0.21119275325669482,0.002865789533939342,3,rises
ENSG00000075188,NUP37,TRACKS_INFLAMMATION,EFO_1001249,0.21119275325669482,0.005060670070292881,3,rises
ENSG00000154359,LONRF1,TRACKS_INFLAMMATION,EFO_1001249,0.21119275325669482,0.015917010897256556,3,rises
ENSG00000133059,DSTYK,TRACKS_INFLAMMATION,EFO_1001249,0.2110093753499808,0.007406141688433678,3,rises
ENSG00000182473,EXOC7,TRACKS_INFLAMMATION,EFO_1001249,0.21100937534998074,2.4866670659461084e-05,3,rises
ENSG00000140859,KIFC3,TRACKS_INFLAMMATION,EFO_1001249,0.2105900125635946,0.040819015487992695,3,rises
ENSG00000169714,CNBP,TRACKS_INFLAMMATION,EFO_1001249,-0.2105201187658636,6.684147550478365e-11,3,falls
ENSG00000175857,GAPT,TRACKS_INFLAMMATION,EFO_1001249,0.21047139768727463,0.003714858268057599,3,rises
ENSG00000133874,RNF122,TRACKS_INFLAMMATION,EFO_1001249,0.21047072674983436,0.01872334834527355,3,rises
ENSG00000181264,TLCD5,TRACKS_INFLAMMATION,EFO_1001249,0.21047072674983433,0.0003238284834523658,3,rises
ENSG00000166997,CNPY4,TRACKS_INFLAMMATION,EFO_1001249,0.21047072674983433,0.000798439274477085,3,rises
ENSG00000134107,BHLHE40,TRACKS_INFLAMMATION,EFO_1001249,0.21047072674983433,0.023927307622273533,3,rises
ENSG00000183520,UTP11,TRACKS_INFLAMMATION,EFO_1001249,0.21047072674983427,0.00030778908385373444,3,rises
ENSG00000048740,CELF2,TRACKS_INFLAMMATION,EFO_1001249,0.21040751740372174,0.0027292878501863635,3,rises
ENSG00000162804,SNED1,TRACKS_INFLAMMATION,EFO_1001249,-0.21027650400558753,0.026693724151325333,3,falls
ENSG00000153563,CD8A,TRACKS_INFLAMMATION,EFO_1001249,0.21024738991711317,0.0017490186440775458,3,rises
ENSG00000118922,KLF12,TRACKS_INFLAMMATION,EFO_1001249,-0.21021827582863886,0.004487674410786721,3,falls
ENSG00000148634,HERC4,TRACKS_INFLAMMATION,EFO_1001249,0.21017064977720834,0.009233863515493072,3,rises
ENSG00000130347,RTN4IP1,TRACKS_INFLAMMATION,EFO_1001249,0.2101454906074531,5.155715415161766e-07,3,rises
ENSG00000135622,SEMA4F,TRACKS_INFLAMMATION,EFO_1001249,0.2100727053862674,0.012042687019714135,3,rises
ENSG00000077458,FAM76B,TRACKS_INFLAMMATION,EFO_1001249,-0.20999992016508168,8.894528567294074e-05,3,falls
ENSG00000148948,LRRC4C,TRACKS_INFLAMMATION,EFO_1001249,0.20998536312084448,2.7117468201225828e-05,3,rises
ENSG00000125841,NRSN2,TRACKS_INFLAMMATION,EFO_1001249,0.20996096838401537,3.335375440413778e-07,3,rises
ENSG00000125787,GNRH2,TRACKS_INFLAMMATION,EFO_1001249,-0.2097861536962866,0.0007752739470628774,3,falls
ENSG00000100916,BRMS1L,TRACKS_INFLAMMATION,EFO_1001249,0.20974870024297387,0.017591436642513704,3,rises
ENSG00000153029,MR1,TRACKS_INFLAMMATION,EFO_1001249,0.20968139319309123,1.815769496092843e-11,3,rises
ENSG00000244242,IFITM10,TRACKS_INFLAMMATION,EFO_1001249,-0.20957906915159882,0.011653544792925663,3,falls
ENSG00000180008,SOCS4,TRACKS_INFLAMMATION,EFO_1001249,0.20956320883796728,0.017541562181786253,3,rises
ENSG00000035403,VCL,TRACKS_INFLAMMATION,EFO_1001249,0.20954160559762916,1.0288708387283413e-11,3,rises
ENSG00000073756,PTGS2,TRACKS_INFLAMMATION,EFO_1001249,0.20953409474949297,0.026127106584850412,3,rises
ENSG00000159216,RUNX1,TRACKS_INFLAMMATION,EFO_1001249,0.20951953770525583,2.9676247003691675e-05,3,rises
ENSG00000087237,CETP,TRACKS_INFLAMMATION,EFO_1001249,-0.20950498066101872,1.9877662160833807e-05,3,falls
ENSG00000177469,CAVIN1,TRACKS_INFLAMMATION,EFO_1001249,0.209331924204436,1.3326910289532416e-06,3,rises
ENSG00000158445,KCNB1,TRACKS_INFLAMMATION,EFO_1001249,0.20928662499746145,0.004711216318613971,3,rises
ENSG00000148335,NTMT1,TRACKS_INFLAMMATION,EFO_1001249,0.20927206795322428,0.04191019686202095,3,rises
ENSG00000104381,GDAP1,TRACKS_INFLAMMATION,EFO_1001249,0.209262030406705,1.4998848092382478e-05,3,rises
ENSG00000156973,PDE6D,TRACKS_INFLAMMATION,EFO_1001249,0.20924295386475,0.00838397624754839,3,rises
ENSG00000182636,NDN,TRACKS_INFLAMMATION,EFO_1001249,0.20915561159932713,0.009752874463121928,3,rises
ENSG00000198356,GET3,TRACKS_INFLAMMATION,EFO_1001249,0.20912649751085283,0.002685620544764359,3,rises
ENSG00000141040,ZNF287,TRACKS_INFLAMMATION,EFO_1001249,0.20908628245993838,0.0008860935125538022,3,rises
ENSG00000139579,NABP2,TRACKS_INFLAMMATION,EFO_1001249,0.2090537122896672,0.036401211414819674,3,rises
ENSG00000083635,NUFIP1,TRACKS_INFLAMMATION,EFO_1001249,0.2090266737361134,0.03453265634158472,3,rises
ENSG00000125843,AP5S1,TRACKS_INFLAMMATION,EFO_1001249,0.20902667373611336,6.474481883667597e-05,3,rises
ENSG00000121964,QTMAN,TRACKS_INFLAMMATION,EFO_1001249,0.20902667373611333,0.0008090773286105552,3,rises
ENSG00000182606,TRAK1,TRACKS_INFLAMMATION,EFO_1001249,0.20902667373611333,0.00798002310391867,3,rises
ENSG00000143375,CGN,TRACKS_INFLAMMATION,EFO_1001249,-0.20902667373611333,0.011210357998341906,3,falls
ENSG00000177707,NECTIN3,TRACKS_INFLAMMATION,EFO_1001249,-0.20902667373611333,0.012712740425561005,3,falls
ENSG00000125895,TMEM74B,TRACKS_INFLAMMATION,EFO_1001249,0.20902667373611333,0.020030802043321066,3,rises
ENSG00000164104,HMGB2,TRACKS_INFLAMMATION,EFO_1001249,0.20902667373611328,0.0004884739197699192,3,rises
ENSG00000125869,LAMP5,TRACKS_INFLAMMATION,EFO_1001249,0.2087054687550147,0.0018813484185516644,3,rises
ENSG00000172771,EFCAB12,TRACKS_INFLAMMATION,EFO_1001249,-0.20867231260155902,0.0021903351298754427,3,falls
ENSG00000142945,KIF2C,TRACKS_INFLAMMATION,EFO_1001249,0.2085905765294586,3.920706573185991e-06,3,rises
ENSG00000108861,DUSP3,TRACKS_INFLAMMATION,EFO_1001249,0.2085878868740784,0.0014139745297023915,3,rises
ENSG00000115365,LANCL1,TRACKS_INFLAMMATION,EFO_1001249,0.2084714305201812,9.502259332897295e-08,3,rises
ENSG00000137409,MTCH1,TRACKS_INFLAMMATION,EFO_1001249,0.2084714305201812,0.010012813635190224,3,rises
ENSG00000196735,HLA-DQA1,TRACKS_INFLAMMATION,EFO_1001249,0.20842775938746977,9.039298048956501e-05,3,rises
ENSG00000167695,TLCD3A,TRACKS_INFLAMMATION,EFO_1001249,0.2083534110362016,0.0005725941907344271,3,rises
ENSG00000164051,CCDC51,TRACKS_INFLAMMATION,EFO_1001249,0.20834041712204687,0.009086652298188513,3,rises
ENSG00000132693,CRP,TRACKS_INFLAMMATION,EFO_1001249,0.20830464722925288,0.005167226414549514,3,rises
ENSG00000086730,LAT2,TRACKS_INFLAMMATION,EFO_1001249,0.20830464722925285,5.9012942700867804e-05,3,rises
ENSG00000163293,NIPAL1,TRACKS_INFLAMMATION,EFO_1001249,-0.20830464722925285,0.00019512629691800123,3,falls
ENSG00000169981,ZNF35,TRACKS_INFLAMMATION,EFO_1001249,0.2083046472292528,0.0014214858746369177,3,rises
ENSG00000128791,TWSG1,TRACKS_INFLAMMATION,EFO_1001249,0.20826763190086117,0.02554765120498988,3,rises
ENSG00000174238,PITPNA,TRACKS_INFLAMMATION,EFO_1001249,0.20825307485662398,1.633661969759212e-06,3,rises
ENSG00000167565,SERTAD3,TRACKS_INFLAMMATION,EFO_1001249,0.20758345082171528,0.007314569264673864,3,rises
ENSG00000185522,LMNTD2,TRACKS_INFLAMMATION,EFO_1001249,-0.20758262072239242,0.01502956399658752,3,falls
ENSG00000105701,FKBP8,TRACKS_INFLAMMATION,EFO_1001249,-0.20719041062731228,0.026449163539027418,3,falls
ENSG00000175793,SFN,TRACKS_INFLAMMATION,EFO_1001249,0.20717844043948005,0.03509998419634469,3,rises
ENSG00000103091,WDR59,TRACKS_INFLAMMATION,EFO_1001249,-0.20687015565409508,0.010417108785894162,3,falls
ENSG00000015520,NPC1L1,TRACKS_INFLAMMATION,EFO_1001249,0.20687015565409508,0.027639593430655873,3,rises
ENSG00000134255,CEPT1,TRACKS_INFLAMMATION,EFO_1001249,0.20686059421553188,0.024783035284016167,3,rises
ENSG00000138772,ANXA3,TRACKS_INFLAMMATION,EFO_1001249,0.20686059421553188,0.04085053637580205,3,rises
ENSG00000178691,SUZ12,TRACKS_INFLAMMATION,EFO_1001249,0.20686059421553185,0.008508947097085261,3,rises
ENSG00000176105,YES1,TRACKS_INFLAMMATION,EFO_1001249,-0.2068605942155318,0.04363114959745603,3,falls
ENSG00000164344,KLKB1,TRACKS_INFLAMMATION,EFO_1001249,-0.2066954711232493,0.010568180620408821,3,falls
ENSG00000254709,IGLL5,TRACKS_INFLAMMATION,EFO_1001249,0.20666635703477504,7.947163790612687e-06,3,rises
ENSG00000151876,FBXO4,TRACKS_INFLAMMATION,EFO_1001249,-0.20653534363664067,0.00010171987679101764,3,falls
ENSG00000142102,PGGHG,TRACKS_INFLAMMATION,EFO_1001249,0.20638977319426927,0.017344465500319893,3,rises
ENSG00000130348,QRSL1,TRACKS_INFLAMMATION,EFO_1001249,0.2063606591057949,0.016190854150067494,3,rises
ENSG00000058272,PPP1R12A,TRACKS_INFLAMMATION,EFO_1001249,0.20632649090200175,0.04031330432928831,3,rises
ENSG00000188869,TMC3,TRACKS_INFLAMMATION,EFO_1001249,-0.20628787388460923,0.004997522096261351,3,falls
ENSG00000105854,PON2,TRACKS_INFLAMMATION,EFO_1001249,0.2061385677086714,0.002892660586088592,3,rises
ENSG00000203880,PCMTD2,TRACKS_INFLAMMATION,EFO_1001249,-0.20608407526528913,0.004226696713961983,3,falls
ENSG00000184985,SORCS2,TRACKS_INFLAMMATION,EFO_1001249,0.20588027664596906,1.8292852732514846e-10,3,rises
ENSG00000179115,FARSA,TRACKS_INFLAMMATION,EFO_1001249,0.2055576591269604,0.020257139057768717,3,rises
ENSG00000095139,ARCN1,TRACKS_INFLAMMATION,EFO_1001249,0.20554546462851475,6.920908649181888e-06,3,rises
ENSG00000139687,RB1,TRACKS_INFLAMMATION,EFO_1001249,0.2055163505400404,3.77267596046499e-05,3,rises
ENSG00000239697,TNFSF12,TRACKS_INFLAMMATION,EFO_1001249,0.20548776532922935,0.03050734392677855,3,rises
ENSG00000244694,PTCHD4,TRACKS_INFLAMMATION,EFO_1001249,0.20545812236309183,0.0009569874241566036,3,rises
ENSG00000121690,DEPDC7,TRACKS_INFLAMMATION,EFO_1001249,-0.20541654120181088,0.01708029360040397,3,falls
ENSG00000073060,SCARB1,TRACKS_INFLAMMATION,EFO_1001249,0.20541654120181083,0.012068253047556432,3,rises
ENSG00000154928,EPHB1,TRACKS_INFLAMMATION,EFO_1001249,-0.20527808393603625,0.04984844431866557,3,falls
ENSG00000128016,ZFP36,TRACKS_INFLAMMATION,EFO_1001249,0.20513829634057423,0.001293231461210802,3,rises
ENSG00000179241,LDLRAD3,TRACKS_INFLAMMATION,EFO_1001249,0.20505052512445165,5.2853499333793996e-05,3,rises
ENSG00000125970,RALY,TRACKS_INFLAMMATION,EFO_1001249,0.20478882735191906,0.0222817898693978,3,rises
ENSG00000083099,LYRM2,TRACKS_INFLAMMATION,EFO_1001249,0.2047302701512345,2.819366593638172e-07,3,rises
ENSG00000107954,NEURL1,TRACKS_INFLAMMATION,EFO_1001249,-0.20469712482864466,0.00014837779575093527,3,falls
ENSG00000159713,TPPP3,TRACKS_INFLAMMATION,EFO_1001249,0.20469712482864463,0.04165222340510088,3,rises
ENSG00000134686,PHC2,TRACKS_INFLAMMATION,EFO_1001249,0.2046945146949504,0.0001937502335829331,3,rises
ENSG00000124785,NRN1,TRACKS_INFLAMMATION,EFO_1001249,-0.2046945146949504,0.0002699431881321894,3,falls
ENSG00000140939,NOL3,TRACKS_INFLAMMATION,EFO_1001249,0.2046945146949504,0.0016859992477205052,3,rises
ENSG00000145388,METTL14,TRACKS_INFLAMMATION,EFO_1001249,0.20469451469495037,0.0016971820435578103,3,rises
ENSG00000182628,SKA2,TRACKS_INFLAMMATION,EFO_1001249,0.20464292788581157,0.04991518053955157,3,rises
ENSG00000074276,CDHR2,TRACKS_INFLAMMATION,EFO_1001249,0.2044393583632639,0.0009498408292413519,3,rises
ENSG00000169032,MAP2K1,TRACKS_INFLAMMATION,EFO_1001249,-0.2043694645655329,6.929763282192741e-06,3,falls
ENSG00000136738,STAM,TRACKS_INFLAMMATION,EFO_1001249,0.20429957076780186,0.0024152248270541995,3,rises
ENSG00000159842,ABR,TRACKS_INFLAMMATION,EFO_1001249,0.2041479883817486,3.030781898681622e-11,3,rises
ENSG00000116176,TPSG1,TRACKS_INFLAMMATION,EFO_1001249,0.20411887429327427,0.015366933105118236,3,rises
ENSG00000124541,RRP36,TRACKS_INFLAMMATION,EFO_1001249,0.20403153202785143,8.115505608098452e-06,3,rises
ENSG00000177938,CAPZA3,TRACKS_INFLAMMATION,EFO_1001249,-0.20356115470489133,0.033146578817782005,3,falls
ENSG00000169181,GSG1L,TRACKS_INFLAMMATION,EFO_1001249,0.20353602057943057,0.016193072776866223,3,rises
ENSG00000110880,CORO1C,TRACKS_INFLAMMATION,EFO_1001249,0.2032745657275198,2.0475468848915133e-06,3,rises
ENSG00000213145,CRIP1,TRACKS_INFLAMMATION,EFO_1001249,0.2032717788306626,0.017988317671932767,3,rises
ENSG00000176024,ZNF613,TRACKS_INFLAMMATION,EFO_1001249,0.2032504616812294,0.002112454951787431,3,rises
ENSG00000079999,KEAP1,TRACKS_INFLAMMATION,EFO_1001249,0.2032504616812294,0.006087093594803939,3,rises
ENSG00000165609,NUDT5,TRACKS_INFLAMMATION,EFO_1001249,0.20312899528514827,0.00034871066847407055,3,rises
ENSG00000119403,PHF19,TRACKS_INFLAMMATION,EFO_1001249,0.2030414824086433,2.562937200617213e-07,3,rises
ENSG00000108094,CUL2,TRACKS_INFLAMMATION,EFO_1001249,0.20295431075430256,0.006116674759460155,3,rises
ENSG00000153214,TMEM87B,TRACKS_INFLAMMATION,EFO_1001249,0.20290169481318124,1.4504803528039811e-05,3,rises
ENSG00000115325,DOK1,TRACKS_INFLAMMATION,EFO_1001249,0.20277962622345674,2.8395144642757986e-06,3,rises
ENSG00000196588,MRTFA,TRACKS_INFLAMMATION,EFO_1001249,0.2027213980465082,1.20575156300115e-09,3,rises
ENSG00000100591,AHSA1,TRACKS_INFLAMMATION,EFO_1001249,0.20252843517436891,9.138783021028298e-05,3,rises
ENSG00000124356,STAMBP,TRACKS_INFLAMMATION,EFO_1001249,0.20252843517436886,6.096310524788218e-06,3,rises
ENSG00000155090,KLF10,TRACKS_INFLAMMATION,EFO_1001249,0.20252843517436886,0.0028707990288897346,3,rises
ENSG00000182551,ADI1,TRACKS_INFLAMMATION,EFO_1001249,-0.20250304238295103,3.091402655914737e-09,3,falls
ENSG00000184863,RBM33,TRACKS_INFLAMMATION,EFO_1001249,-0.202272650633602,0.015264686307324861,3,falls
ENSG00000250565,ATP6V1E2,TRACKS_INFLAMMATION,EFO_1001249,0.20225557263091945,6.217632452473183e-07,3,rises
ENSG00000034152,MAP2K3,TRACKS_INFLAMMATION,EFO_1001249,0.20213286303813996,0.01611072201818356,3,rises
ENSG00000100097,LGALS1,TRACKS_INFLAMMATION,EFO_1001249,0.20209544514431088,0.00324669849156118,3,rises
ENSG00000177830,CHID1,TRACKS_INFLAMMATION,EFO_1001249,0.20206633105583657,0.0004649763105039579,3,rises
ENSG00000110107,PRPF19,TRACKS_INFLAMMATION,EFO_1001249,0.20206296924040884,0.04055211241180474,3,rises
ENSG00000168070,MAJIN,TRACKS_INFLAMMATION,EFO_1001249,-0.20199064855367613,0.005063058258187472,3,falls
ENSG00000162852,CNST,TRACKS_INFLAMMATION,EFO_1001249,-0.20197898879041376,0.01578898890817785,3,falls
ENSG00000171557,FGG,TRACKS_INFLAMMATION,EFO_1001249,-0.2018916465249908,0.0031984144938571814,3,falls
ENSG00000073584,SMARCE1,TRACKS_INFLAMMATION,EFO_1001249,0.20180640866750843,9.995871969449506e-05,3,rises
ENSG00000101997,CCDC22,TRACKS_INFLAMMATION,EFO_1001249,0.20178339404948475,0.0007653629586090979,3,rises
ENSG00000145103,ILDR1,TRACKS_INFLAMMATION,EFO_1001249,0.20170663302197667,0.004350745658868072,3,rises
ENSG00000179178,TMEM125,TRACKS_INFLAMMATION,EFO_1001249,0.20146787489763981,0.00553442380411726,3,rises
ENSG00000174842,GLMN,TRACKS_INFLAMMATION,EFO_1001249,0.20142582110940213,0.0007429715643975749,3,rises
ENSG00000134020,PEBP4,TRACKS_INFLAMMATION,EFO_1001249,0.20138724335900668,0.042723620418621225,3,rises
ENSG00000258227,CLEC5A,TRACKS_INFLAMMATION,EFO_1001249,0.20133847884397926,1.732080228072945e-05,3,rises
ENSG00000196139,AKR1C3,TRACKS_INFLAMMATION,EFO_1001249,0.20108438216064792,6.572842698864678e-05,3,rises
ENSG00000135392,DNAJC14,TRACKS_INFLAMMATION,EFO_1001249,0.20108438216064792,0.004701015352572775,3,rises
ENSG00000134765,DSC1,TRACKS_INFLAMMATION,EFO_1001249,-0.20094102347146622,0.004284127402384972,3,falls
ENSG00000185896,LAMP1,TRACKS_INFLAMMATION,EFO_1001249,0.20066885480907046,1.6582843759790316e-07,3,rises
ENSG00000135454,B4GALNT1,TRACKS_INFLAMMATION,EFO_1001249,0.20058625824755158,0.013189399108264385,3,rises
ENSG00000122547,EEPD1,TRACKS_INFLAMMATION,EFO_1001249,0.20039227096856474,0.008179795670217498,3,rises
ENSG00000114395,CYB561D2,TRACKS_INFLAMMATION,EFO_1001249,0.20039227096856468,1.0776268409831342e-07,3,rises
ENSG00000112079,STK38,TRACKS_INFLAMMATION,EFO_1001249,0.20036235565378738,3.242659210885758e-06,3,rises
ENSG00000168743,NPNT,TRACKS_INFLAMMATION,EFO_1001249,0.20036235565378735,0.0005664187412794395,3,rises
ENSG00000093217,XYLB,TRACKS_INFLAMMATION,EFO_1001249,-0.20034859983585326,0.0001898265642872909,3,falls
ENSG00000170482,SLC23A1,TRACKS_INFLAMMATION,EFO_1001249,0.20017583670167108,0.015540976135486446,3,rises
ENSG00000159214,CCDC24,TRACKS_INFLAMMATION,EFO_1001249,0.2001448012165332,0.0005240371378205409,3,rises
ENSG00000169876,MUC17,TRACKS_INFLAMMATION,EFO_1001249,-0.20007201599534744,0.03295733447857993,3,falls
ENSG00000145147,SLIT2,TRACKS_INFLAMMATION,EFO_1001249,0.19996615530847797,4.541504052220063e-07,3,rises
ENSG00000125944,HNRNPR,TRACKS_INFLAMMATION,EFO_1001249,0.19996615530847797,0.04828011823225404,3,rises
ENSG00000132394,EEFSEC,TRACKS_INFLAMMATION,EFO_1001249,0.19970808988941877,0.007636862993905724,3,rises
ENSG00000176022,B3GALT6,TRACKS_INFLAMMATION,EFO_1001249,0.19969353284518163,0.021613538781672725,3,rises
ENSG00000138606,SHF,TRACKS_INFLAMMATION,EFO_1001249,-0.1996865801175538,0.00019017739920872758,3,falls
ENSG00000164442,CITED2,TRACKS_INFLAMMATION,EFO_1001249,-0.1996403291469269,7.1368417495398e-05,3,falls
ENSG00000132170,PPARG,TRACKS_INFLAMMATION,EFO_1001249,0.1996403291469269,0.026048094349560836,3,rises
ENSG00000111269,CREBL2,TRACKS_INFLAMMATION,EFO_1001249,-0.1996166863198228,0.0007101221917018561,3,falls
ENSG00000182685,BRICD5,TRACKS_INFLAMMATION,EFO_1001249,0.1994836253949537,0.037475436410238615,3,rises
ENSG00000183287,CCBE1,TRACKS_INFLAMMATION,EFO_1001249,0.19947689872436072,1.3552590994380184e-05,3,rises
ENSG00000184203,PPP1R2,TRACKS_INFLAMMATION,EFO_1001249,0.19924226447383012,0.009346250553548279,3,rises
ENSG00000159140,SON,TRACKS_INFLAMMATION,EFO_1001249,0.19919732353343664,0.006275728347826111,3,rises
ENSG00000196172,ZNF681,TRACKS_INFLAMMATION,EFO_1001249,0.19906757994298432,0.0078854868306035,3,rises
ENSG00000152455,SUV39H2,TRACKS_INFLAMMATION,EFO_1001249,0.1989656806333243,2.15492949779008e-06,3,rises
ENSG00000176142,TMEM39A,TRACKS_INFLAMMATION,EFO_1001249,0.19891830264006646,0.042783118039683266,3,rises
ENSG00000065361,ERBB3,TRACKS_INFLAMMATION,EFO_1001249,-0.19891830264006644,0.001868121215248129,3,falls
ENSG00000185100,ADSS1,TRACKS_INFLAMMATION,EFO_1001249,0.19891830264006644,0.005227088285340034,3,rises
ENSG00000100079,LGALS2,TRACKS_INFLAMMATION,EFO_1001249,0.19891830264006644,0.03453265634158472,3,rises
ENSG00000115419,GLS,TRACKS_INFLAMMATION,EFO_1001249,0.1987327679255299,4.697712140064601e-06,3,rises
ENSG00000172354,GNB2,TRACKS_INFLAMMATION,EFO_1001249,0.19870806694931942,0.024100270885148472,3,rises
ENSG00000011422,PLAUR,TRACKS_INFLAMMATION,EFO_1001249,0.1986381731515884,4.817782151272104e-07,3,rises
ENSG00000005889,ZFX,TRACKS_INFLAMMATION,EFO_1001249,0.19849838555612634,0.003513216731267839,3,rises
ENSG00000136875,PRPF4,TRACKS_INFLAMMATION,EFO_1001249,0.19842849175839525,0.0029800169128825875,3,rises
ENSG00000106638,TBL2,TRACKS_INFLAMMATION,EFO_1001249,0.19833972773112696,6.287148699275691e-05,3,rises
ENSG00000011258,MBTD1,TRACKS_INFLAMMATION,EFO_1001249,-0.1982669425099412,0.013248064681412663,3,falls
ENSG00000205268,PDE7A,TRACKS_INFLAMMATION,EFO_1001249,0.19819627613320595,0.002405471093561628,3,rises
ENSG00000181788,SIAH2,TRACKS_INFLAMMATION,EFO_1001249,0.19819627613320587,0.00038414558818469584,3,rises
ENSG00000166908,PIP4K2C,TRACKS_INFLAMMATION,EFO_1001249,0.19815048615604405,2.215421002111571e-05,3,rises
ENSG00000156587,UBE2L6,TRACKS_INFLAMMATION,EFO_1001249,0.19813592911180694,0.02121772022295216,3,rises
ENSG00000163520,FBLN2,TRACKS_INFLAMMATION,EFO_1001249,0.19812137206756975,3.852573371515652e-12,3,rises
ENSG00000140459,CYP11A1,TRACKS_INFLAMMATION,EFO_1001249,0.19786934137654705,0.017523426107047935,3,rises
ENSG00000244476,ERVFRD-1,TRACKS_INFLAMMATION,EFO_1001249,-0.19780111709435255,0.0029182624915403198,3,falls
ENSG00000155755,TMEM237,TRACKS_INFLAMMATION,EFO_1001249,0.19747424962634547,1.225120266565095e-05,3,rises
ENSG00000166164,BRD7,TRACKS_INFLAMMATION,EFO_1001249,0.1974742496263454,9.15231878886423e-06,3,rises
ENSG00000077514,POLD3,TRACKS_INFLAMMATION,EFO_1001249,0.19731019099469888,0.0058866691379695175,3,rises
ENSG00000188315,C3orf62,TRACKS_INFLAMMATION,EFO_1001249,0.19730617759028954,0.0005252134016268504,3,rises
ENSG00000101782,RIOK3,TRACKS_INFLAMMATION,EFO_1001249,0.19726250645757815,1.1621471570653957e-06,3,rises
ENSG00000131400,NAPSA,TRACKS_INFLAMMATION,EFO_1001249,-0.19718972123639236,0.010785631058053217,3,falls
ENSG00000154589,LY96,TRACKS_INFLAMMATION,EFO_1001249,0.19711693601520663,0.006682379173966715,3,rises
ENSG00000150995,ITPR1,TRACKS_INFLAMMATION,EFO_1001249,0.19710237897096947,9.842896730842994e-06,3,rises
ENSG00000197879,MYO1C,TRACKS_INFLAMMATION,EFO_1001249,0.19703061580377473,4.064072692035936e-14,3,rises
ENSG00000204525,HLA-C,TRACKS_INFLAMMATION,EFO_1001249,0.1970004796613094,0.027929326750672057,3,rises
ENSG00000172009,THOP1,TRACKS_INFLAMMATION,EFO_1001249,-0.19694225148436087,0.002516980860009834,3,falls
ENSG00000184216,IRAK1,TRACKS_INFLAMMATION,EFO_1001249,0.19689082820831263,0.00019173980765876679,3,rises
ENSG00000165246,NLGN4Y,TRACKS_INFLAMMATION,EFO_1001249,-0.19677498487219205,0.040620668821001606,3,falls
ENSG00000183161,FANCF,TRACKS_INFLAMMATION,EFO_1001249,0.19675222311948498,0.005276592856705229,3,rises
ENSG00000198945,L3MBTL3,TRACKS_INFLAMMATION,EFO_1001249,-0.19675222311948493,0.0021326339867742523,3,falls
ENSG00000196660,SLC30A10,TRACKS_INFLAMMATION,EFO_1001249,-0.1967522231194849,0.010054830409441466,3,falls
ENSG00000149809,TM7SF2,TRACKS_INFLAMMATION,EFO_1001249,0.1967093387765665,0.001563716954215847,3,rises
ENSG00000120057,SFRP5,TRACKS_INFLAMMATION,EFO_1001249,0.19668114681511956,0.0016538413286681722,3,rises
ENSG00000132356,PRKAA1,TRACKS_INFLAMMATION,EFO_1001249,-0.19660743946690648,0.002658901032412706,3,falls
ENSG00000149313,AASDHPPT,TRACKS_INFLAMMATION,EFO_1001249,0.19638908380334927,0.01630781401349785,3,rises
ENSG00000119514,GALNT12,TRACKS_INFLAMMATION,EFO_1001249,0.19626178402873332,0.002778560976060838,3,rises
ENSG00000108963,DPH1,TRACKS_INFLAMMATION,EFO_1001249,-0.19612705700708064,0.013892029197540233,3,falls
ENSG00000082074,FYB1,TRACKS_INFLAMMATION,EFO_1001249,0.19611249996284352,0.0030795432446081945,3,rises
ENSG00000135597,REPS1,TRACKS_INFLAMMATION,EFO_1001249,-0.19603019661262447,0.00012769521352825515,3,falls
ENSG00000088325,TPX2,TRACKS_INFLAMMATION,EFO_1001249,0.1960301966126244,1.4040827344310152e-05,3,rises
ENSG00000176438,SYNE3,TRACKS_INFLAMMATION,EFO_1001249,-0.19595237247623487,0.01686417618080178,3,falls
ENSG00000174059,CD34,TRACKS_INFLAMMATION,EFO_1001249,0.1957725274446161,0.002838275371688484,3,rises
ENSG00000172986,GXYLT2,TRACKS_INFLAMMATION,EFO_1001249,0.19574857385691483,6.362223083817659e-05,3,rises
ENSG00000185947,ZNF267,TRACKS_INFLAMMATION,EFO_1001249,0.19570490272420335,0.002909110054611033,3,rises
ENSG00000198815,FOXJ3,TRACKS_INFLAMMATION,EFO_1001249,-0.19566123159149193,0.007553093306216008,3,falls
ENSG00000169826,CSGALNACT2,TRACKS_INFLAMMATION,EFO_1001249,0.19530817010576398,0.002361960882905791,3,rises
ENSG00000152359,POC5,TRACKS_INFLAMMATION,EFO_1001249,0.19530817010576393,0.026873818093877573,3,rises
ENSG00000109265,CRACD,TRACKS_INFLAMMATION,EFO_1001249,0.19500616460082032,1.3769346598028002e-06,3,rises
ENSG00000119912,IDE,TRACKS_INFLAMMATION,EFO_1001249,0.1947940142763817,1.6351502754563648e-07,3,rises
ENSG00000121073,SLC35B1,TRACKS_INFLAMMATION,EFO_1001249,0.19471502371607743,0.00013978639302101735,3,rises
ENSG00000197429,IPP,TRACKS_INFLAMMATION,EFO_1001249,0.19458614359890344,0.006727268622899792,3,rises
ENSG00000130638,ATXN10,TRACKS_INFLAMMATION,EFO_1001249,0.1945403391852316,2.121075338585225e-09,3,rises
ENSG00000174788,PCP2,TRACKS_INFLAMMATION,EFO_1001249,-0.19451983303822498,0.006752120003814461,3,falls
ENSG00000145022,TCTA,TRACKS_INFLAMMATION,EFO_1001249,0.19445299691980872,0.010752446088268494,3,rises
ENSG00000196083,IL1RAP,TRACKS_INFLAMMATION,EFO_1001249,-0.19440932578709727,0.0001741028929107541,3,falls
ENSG00000165813,CCDC186,TRACKS_INFLAMMATION,EFO_1001249,0.19430475769226455,0.02384886168104671,3,rises
ENSG00000186417,GLDN,TRACKS_INFLAMMATION,EFO_1001249,0.19428689768560628,0.023517454871526552,3,rises
ENSG00000156398,SFXN2,TRACKS_INFLAMMATION,EFO_1001249,-0.19424919830048867,0.0020134300325793802,3,falls
ENSG00000061337,LZTS1,TRACKS_INFLAMMATION,EFO_1001249,0.19420552716777723,1.3267026537916863e-05,3,rises
ENSG00000177380,PPFIA3,TRACKS_INFLAMMATION,EFO_1001249,0.19410362785811722,0.00016394890029302773,3,rises
ENSG00000162769,FLVCR1,TRACKS_INFLAMMATION,EFO_1001249,0.19395805741574573,0.00041622838448876964,3,rises
ENSG00000132465,JCHAIN,TRACKS_INFLAMMATION,EFO_1001249,0.19391438628303437,0.0056545388630036214,3,rises
ENSG00000131437,KIF3A,TRACKS_INFLAMMATION,EFO_1001249,0.19374560731041626,0.01024888537689777,3,rises
ENSG00000068438,FTSJ1,TRACKS_INFLAMMATION,EFO_1001249,0.1937105876637142,7.770999726675079e-05,3,rises
ENSG00000116882,HAO2,TRACKS_INFLAMMATION,EFO_1001249,-0.19367571351268523,0.00019359354214578848,3,falls
ENSG00000133800,LYVE1,TRACKS_INFLAMMATION,EFO_1001249,-0.193594131309817,8.814914090197572e-07,3,falls
ENSG00000106780,MEGF9,TRACKS_INFLAMMATION,EFO_1001249,0.19332624452403008,0.025825858543759347,3,rises
ENSG00000155324,GRAMD2B,TRACKS_INFLAMMATION,EFO_1001249,-0.19327387633659984,0.0004398445202716674,3,falls
ENSG00000103316,CRYM,TRACKS_INFLAMMATION,EFO_1001249,0.19314286293846555,0.0003985126634520776,3,rises
ENSG00000130714,POMT1,TRACKS_INFLAMMATION,EFO_1001249,-0.1931428629384655,0.013972127429699539,3,falls
ENSG00000102786,INTS6,TRACKS_INFLAMMATION,EFO_1001249,0.1931420905851825,0.001354872501776373,3,rises
ENSG00000162976,SLC66A3,TRACKS_INFLAMMATION,EFO_1001249,0.19314209058518245,0.0008071739926854417,3,rises
ENSG00000115828,QPCT,TRACKS_INFLAMMATION,EFO_1001249,0.19311656313083705,0.0014354676030968545,3,rises
ENSG00000122786,CALD1,TRACKS_INFLAMMATION,EFO_1001249,0.19283698793991289,0.03204437788133923,3,rises
ENSG00000165801,ARHGEF40,TRACKS_INFLAMMATION,EFO_1001249,-0.19280805092101114,0.04922931671917924,3,falls
ENSG00000103018,CYB5B,TRACKS_INFLAMMATION,EFO_1001249,0.19274982274406255,0.00016427643893662612,3,rises
ENSG00000110448,CD5,TRACKS_INFLAMMATION,EFO_1001249,0.19274982274406252,4.066155464585834e-05,3,rises
ENSG00000184867,ARMCX2,TRACKS_INFLAMMATION,EFO_1001249,0.19269720034445084,4.9424111762110605e-06,3,rises
ENSG00000196689,TRPV1,TRACKS_INFLAMMATION,EFO_1001249,-0.19263336639016543,0.023374557807711187,3,falls
ENSG00000139370,SLC15A4,TRACKS_INFLAMMATION,EFO_1001249,0.19261880934592823,4.016025717332514e-06,3,rises
ENSG00000176635,HORMAD2,TRACKS_INFLAMMATION,EFO_1001249,-0.19251691003626814,0.009514597905944909,3,falls
ENSG00000138073,PREB,TRACKS_INFLAMMATION,EFO_1001249,0.19242006407832193,1.4586972576439007e-06,3,rises
ENSG00000221829,FANCG,TRACKS_INFLAMMATION,EFO_1001249,0.19242006407832193,3.823215375589361e-05,3,rises
ENSG00000176476,SGF29,TRACKS_INFLAMMATION,EFO_1001249,-0.1924200640783219,0.012744325660336096,3,falls
ENSG00000171155,C1GALT1C1,TRACKS_INFLAMMATION,EFO_1001249,0.1923567825496596,1.7685250186139444e-07,3,rises
ENSG00000148484,RSU1,TRACKS_INFLAMMATION,EFO_1001249,0.1923131114169481,0.00021852242859856017,3,rises
ENSG00000188000,OR7D2,TRACKS_INFLAMMATION,EFO_1001249,-0.19175968275253064,0.020481306859651237,3,falls
ENSG00000182325,FBXL6,TRACKS_INFLAMMATION,EFO_1001249,0.19169803757146145,0.004173450801686638,3,rises
ENSG00000137404,NRM,TRACKS_INFLAMMATION,EFO_1001249,0.19169803757146142,0.0026876894888100858,3,rises
ENSG00000185432,TMT1A,TRACKS_INFLAMMATION,EFO_1001249,-0.19167260147051363,0.0004776772762766965,3,falls
ENSG00000122376,SHLD2,TRACKS_INFLAMMATION,EFO_1001249,0.19159981624932795,0.003786576221815336,3,rises
ENSG00000128833,MYO5C,TRACKS_INFLAMMATION,EFO_1001249,0.19158525920509079,0.0005551701755952241,3,rises
ENSG00000105552,BCAT2,TRACKS_INFLAMMATION,EFO_1001249,-0.1915415880723794,1.932830472094471e-05,3,falls
ENSG00000040633,PHF23,TRACKS_INFLAMMATION,EFO_1001249,0.19152703102814217,3.4069952259619144e-06,3,rises
ENSG00000109193,SULT1E1,TRACKS_INFLAMMATION,EFO_1001249,-0.19129411832034782,0.0007922895127658996,3,falls
ENSG00000113658,SMAD5,TRACKS_INFLAMMATION,EFO_1001249,0.19126500423187354,0.010705798213403403,3,rises
ENSG00000163516,ANKZF1,TRACKS_INFLAMMATION,EFO_1001249,-0.19108964299663714,0.029930399625141674,3,falls
ENSG00000145623,OSMR,TRACKS_INFLAMMATION,EFO_1001249,0.19104664856831638,4.168747869944229e-12,3,rises
ENSG00000130772,MED18,TRACKS_INFLAMMATION,EFO_1001249,0.19097601106460102,1.9885409744671975e-07,3,rises
ENSG00000107281,NPDC1,TRACKS_INFLAMMATION,EFO_1001249,0.19097601106460094,0.03235229148713756,3,rises
ENSG00000185942,NKAIN3,TRACKS_INFLAMMATION,EFO_1001249,-0.19089789487993952,0.0014225340256977758,3,falls
ENSG00000180537,RNF182,TRACKS_INFLAMMATION,EFO_1001249,0.19083936342809366,0.029596082285990193,3,rises
ENSG00000151240,DIP2C,TRACKS_INFLAMMATION,EFO_1001249,0.190810067805713,5.2637479972880975e-06,3,rises
ENSG00000140563,MCTP2,TRACKS_INFLAMMATION,EFO_1001249,0.19077006472781055,0.0041085156974149375,3,rises
ENSG00000186732,MPPED1,TRACKS_INFLAMMATION,EFO_1001249,0.1907555076835734,0.033606126713944195,3,rises
ENSG00000180423,HARBI1,TRACKS_INFLAMMATION,EFO_1001249,0.19074095063933624,0.009373913222162208,3,rises
ENSG00000067900,ROCK1,TRACKS_INFLAMMATION,EFO_1001249,0.1906702802102509,0.0005028148070509835,3,rises
ENSG00000122882,ECD,TRACKS_INFLAMMATION,EFO_1001249,0.1906702802102509,0.0006893121654155695,3,rises
ENSG00000114978,MOB1A,TRACKS_INFLAMMATION,EFO_1001249,0.1906536083739134,0.001330773592097041,3,rises
ENSG00000159650,UROC1,TRACKS_INFLAMMATION,EFO_1001249,-0.19063905132967626,0.00014110491692229652,3,falls
ENSG00000141570,CBX8,TRACKS_INFLAMMATION,EFO_1001249,0.19059538019696481,0.0018008783700473824,3,rises
ENSG00000188807,TMEM201,TRACKS_INFLAMMATION,EFO_1001249,0.19046059881705785,0.02524624721293989,3,rises
ENSG00000132837,DMGDH,TRACKS_INFLAMMATION,EFO_1001249,-0.19025398455774048,0.009869847061166415,3,falls
ENSG00000124019,FAM124B,TRACKS_INFLAMMATION,EFO_1001249,-0.19025398455774045,0.002067370337671657,3,falls
ENSG00000205531,NAP1L4,TRACKS_INFLAMMATION,EFO_1001249,0.19025398455774045,0.021072888655846868,3,rises
ENSG00000213614,HEXA,TRACKS_INFLAMMATION,EFO_1001249,0.19021689704679903,0.0038895755028045017,3,rises
ENSG00000113749,HRH2,TRACKS_INFLAMMATION,EFO_1001249,0.19008244398271765,0.012642466480827182,3,rises
ENSG00000182240,BACE2,TRACKS_INFLAMMATION,EFO_1001249,0.18996942729476748,5.218642314249792e-06,3,rises
ENSG00000143842,SOX13,TRACKS_INFLAMMATION,EFO_1001249,-0.1899548702505304,0.0012674495257825546,3,falls
ENSG00000103507,BCKDK,TRACKS_INFLAMMATION,EFO_1001249,0.1899403132062932,0.02719550416872712,3,rises
ENSG00000108468,CBX1,TRACKS_INFLAMMATION,EFO_1001249,0.18986752798510745,4.864071841597723e-05,3,rises
ENSG00000040531,CTNS,TRACKS_INFLAMMATION,EFO_1001249,0.18969284345426168,0.0007687920016948593,3,rises
ENSG00000153993,SEMA3D,TRACKS_INFLAMMATION,EFO_1001249,0.1896917670420165,0.00712152107039065,3,rises
ENSG00000169116,PARM1,TRACKS_INFLAMMATION,EFO_1001249,0.1893871455252816,0.004073486006442429,3,rises
ENSG00000100448,CTSG,TRACKS_INFLAMMATION,EFO_1001249,0.18931914846637854,0.047472028691481,3,rises
ENSG00000139644,TMBIM6,TRACKS_INFLAMMATION,EFO_1001249,-0.1893143603040959,0.02105568928895547,3,falls
ENSG00000119335,SET,TRACKS_INFLAMMATION,EFO_1001249,0.1892852462156216,0.010679105327020154,3,rises
ENSG00000138780,GSTCD,TRACKS_INFLAMMATION,EFO_1001249,0.18920251045789932,0.0031272356543606333,3,rises
ENSG00000089818,NECAP1,TRACKS_INFLAMMATION,EFO_1001249,0.1889213201096929,2.3378659459406104e-07,3,rises
ENSG00000159335,PTMS,TRACKS_INFLAMMATION,EFO_1001249,-0.18885304146924414,1.6087727325205554e-10,3,falls
ENSG00000163050,COQ8A,TRACKS_INFLAMMATION,EFO_1001249,-0.18880993154401948,0.03122911358224309,3,falls
ENSG00000079689,SCGN,TRACKS_INFLAMMATION,EFO_1001249,0.18880993154401945,0.006174557038611074,3,rises
ENSG00000100284,TOM1,TRACKS_INFLAMMATION,EFO_1001249,0.18852827991528998,0.02201992905224308,3,rises
ENSG00000074527,NTN4,TRACKS_INFLAMMATION,EFO_1001249,-0.18851372287105275,0.00022977148840580802,3,falls
ENSG00000101464,PIGU,TRACKS_INFLAMMATION,EFO_1001249,0.18841182356139277,0.0008121991163926098,3,rises
ENSG00000135931,ARMC9,TRACKS_INFLAMMATION,EFO_1001249,0.1883637848851269,0.0014159398362246737,3,rises
ENSG00000121594,CD80,TRACKS_INFLAMMATION,EFO_1001249,0.18833564086072327,0.0283583538861444,3,rises
ENSG00000168675,LDLRAD4,TRACKS_INFLAMMATION,EFO_1001249,0.18832448129596985,0.029627798081771895,3,rises
ENSG00000109667,SLC2A9,TRACKS_INFLAMMATION,EFO_1001249,0.18820802494207264,0.0021949364684238433,3,rises
ENSG00000113161,HMGCR,TRACKS_INFLAMMATION,EFO_1001249,0.18817891085359842,0.00012770945647950797,3,rises
ENSG00000114573,ATP6V1A,TRACKS_INFLAMMATION,EFO_1001249,0.18801878336698977,2.33873375986197e-06,3,rises
ENSG00000156042,CFAP70,TRACKS_INFLAMMATION,EFO_1001249,-0.18793144110156698,0.023921724496479838,3,falls
ENSG00000136404,TM6SF1,TRACKS_INFLAMMATION,EFO_1001249,0.18784409883614403,0.0015789125164434586,3,rises
ENSG00000204710,SPDYC,TRACKS_INFLAMMATION,EFO_1001249,-0.1878004277034326,0.00761170994295849,3,falls
ENSG00000183723,CMTM4,TRACKS_INFLAMMATION,EFO_1001249,0.18777131361495833,0.0010149391104640809,3,rises
ENSG00000100280,AP1B1,TRACKS_INFLAMMATION,EFO_1001249,0.18766941430529827,7.60479764107049e-09,3,rises
ENSG00000136144,RCBTB1,TRACKS_INFLAMMATION,EFO_1001249,0.1876648469078166,0.048494991622078105,3,rises
ENSG00000165694,FRMD7,TRACKS_INFLAMMATION,EFO_1001249,0.18746561568597822,0.008045872289807196,3,rises
ENSG00000135148,TRAFD1,TRACKS_INFLAMMATION,EFO_1001249,0.18745516551462352,6.283120588823799e-06,3,rises
ENSG00000120899,PTK2B,TRACKS_INFLAMMATION,EFO_1001249,-0.18745105864174108,0.004496098856559591,3,falls
ENSG00000147255,IGSF1,TRACKS_INFLAMMATION,EFO_1001249,0.1874050551542005,0.009975691348328824,3,rises
ENSG00000159348,CYB5R1,TRACKS_INFLAMMATION,EFO_1001249,0.18737827342055535,3.9347990445419735e-06,3,rises
ENSG00000070010,UFD1,TRACKS_INFLAMMATION,EFO_1001249,0.18736587853029849,0.0004007466902209883,3,rises
ENSG00000054179,ENTPD2,TRACKS_INFLAMMATION,EFO_1001249,0.18736587853029849,0.019047522509646555,3,rises
ENSG00000004660,CAMKK1,TRACKS_INFLAMMATION,EFO_1001249,0.18736371637631818,2.4179547368663645e-06,3,rises
ENSG00000213171,LINGO4,TRACKS_INFLAMMATION,EFO_1001249,0.18731537791916147,0.0007451692495809877,3,rises
ENSG00000059145,UNKL,TRACKS_INFLAMMATION,EFO_1001249,-0.18731537791916147,0.03349582675722268,3,falls
ENSG00000116521,SCAMP3,TRACKS_INFLAMMATION,EFO_1001249,0.1872454841214304,0.04433887725157717,3,rises
ENSG00000170801,HTRA3,TRACKS_INFLAMMATION,EFO_1001249,0.18721814593394667,0.048127360642308506,3,rises
ENSG00000005302,MSL3,TRACKS_INFLAMMATION,EFO_1001249,0.18711624662428672,1.7607273705065776e-05,3,rises
ENSG00000077420,APBB1IP,TRACKS_INFLAMMATION,EFO_1001249,0.18703580272823733,0.03847652089303655,3,rises
ENSG00000173821,RNF213,TRACKS_INFLAMMATION,EFO_1001249,0.18697067618191524,0.000920719919659277,3,rises
ENSG00000071794,HLTF,TRACKS_INFLAMMATION,EFO_1001249,0.18689601513277532,0.000512899616591017,3,rises
ENSG00000167657,DAPK3,TRACKS_INFLAMMATION,EFO_1001249,0.1868960151327753,2.1205354118044517e-05,3,rises
ENSG00000168502,MTCL1,TRACKS_INFLAMMATION,EFO_1001249,0.18670864938564652,1.0119509295756944e-05,3,rises
ENSG00000181982,CCDC149,TRACKS_INFLAMMATION,EFO_1001249,0.186643852023438,0.025178192743842087,3,rises
ENSG00000160741,CRTC2,TRACKS_INFLAMMATION,EFO_1001249,-0.18664385202343797,0.0033136436853482315,3,falls
ENSG00000215644,GCGR,TRACKS_INFLAMMATION,EFO_1001249,-0.18660675007598654,0.00709671246279942,3,falls
ENSG00000101213,PTK6,TRACKS_INFLAMMATION,EFO_1001249,0.1865921930317494,0.013389725850019147,3,rises
ENSG00000146592,CREB5,TRACKS_INFLAMMATION,EFO_1001249,0.18631560919124363,0.0024934383431620896,3,rises
ENSG00000052802,MSMO1,TRACKS_INFLAMMATION,EFO_1001249,0.18631560919124363,0.011775995225090112,3,rises
ENSG00000063180,CA11,TRACKS_INFLAMMATION,EFO_1001249,0.18626697095319603,0.02055984148830921,3,rises
ENSG00000213937,CLDN9,TRACKS_INFLAMMATION,EFO_1001249,0.18625738101429498,0.0002420610050987082,3,rises
ENSG00000120137,PANK3,TRACKS_INFLAMMATION,EFO_1001249,0.18605728956000295,0.017812351701700712,3,rises
ENSG00000087116,ADAMTS2,TRACKS_INFLAMMATION,EFO_1001249,0.1859807971737892,2.1548834093846995e-13,3,rises
ENSG00000218336,TENM3,TRACKS_INFLAMMATION,EFO_1001249,-0.18595168308531493,0.015581980438415282,3,falls
ENSG00000109320,NFKB1,TRACKS_INFLAMMATION,EFO_1001249,0.18577699855446916,3.3414534584929974e-06,3,rises
ENSG00000135451,TROAP,TRACKS_INFLAMMATION,EFO_1001249,0.18565849127831505,0.0268376351881862,3,rises
ENSG00000100170,SLC5A1,TRACKS_INFLAMMATION,EFO_1001249,0.18556803297588567,0.011692086456741963,3,rises
ENSG00000125962,ARMCX5,TRACKS_INFLAMMATION,EFO_1001249,0.18536940131582907,0.014883813240531512,3,rises
ENSG00000196290,NIF3L1,TRACKS_INFLAMMATION,EFO_1001249,0.18523838791769473,0.002347851607933944,3,rises
ENSG00000132819,RBM38,TRACKS_INFLAMMATION,EFO_1001249,0.18520927382922042,0.00017285314720423824,3,rises
ENSG00000197296,FITM2,TRACKS_INFLAMMATION,EFO_1001249,0.18519979900971698,0.00030639833073996486,3,rises
ENSG00000235169,SMIM1,TRACKS_INFLAMMATION,EFO_1001249,-0.18514867018949954,6.651528757114139e-05,3,falls
ENSG00000140323,DISP2,TRACKS_INFLAMMATION,EFO_1001249,0.18475365072632674,0.010067112497550757,3,rises
ENSG00000121621,KIF18A,TRACKS_INFLAMMATION,EFO_1001249,0.18461243501549737,0.005005253507485961,3,rises
ENSG00000116285,ERRFI1,TRACKS_INFLAMMATION,EFO_1001249,-0.1845196260099202,0.005764383539480695,3,falls
ENSG00000160868,CYP3A4,TRACKS_INFLAMMATION,EFO_1001249,-0.1844777725028565,0.048802989826664825,3,falls
ENSG00000174437,ATP2A2,TRACKS_INFLAMMATION,EFO_1001249,0.18446686457312594,9.129320737805278e-05,3,rises
ENSG00000116874,WARS2,TRACKS_INFLAMMATION,EFO_1001249,0.18395736802482582,0.019504435180474858,3,rises
ENSG00000033178,UBA6,TRACKS_INFLAMMATION,EFO_1001249,0.1838206880326099,2.016682548771037e-05,3,rises
ENSG00000142149,HUNK,TRACKS_INFLAMMATION,EFO_1001249,0.18375574599599603,0.00026738072620897187,3,rises
ENSG00000172171,TEFM,TRACKS_INFLAMMATION,EFO_1001249,0.183755745995996,0.00011061722626908667,3,rises
ENSG00000185627,PSMD13,TRACKS_INFLAMMATION,EFO_1001249,0.18372445531703144,1.3932566075147408e-06,3,rises
ENSG00000069696,DRD4,TRACKS_INFLAMMATION,EFO_1001249,-0.1837035037342535,0.007847645161661405,3,falls
ENSG00000124313,IQSEC2,TRACKS_INFLAMMATION,EFO_1001249,0.18354977078618573,0.0005876598419356987,3,rises
ENSG00000012817,KDM5D,TRACKS_INFLAMMATION,EFO_1001249,-0.18352065669771137,0.0004256918386829225,3,falls
ENSG00000112234,FBXL4,TRACKS_INFLAMMATION,EFO_1001249,-0.18347698556499997,0.036352407851582495,3,falls
ENSG00000151458,ANKRD50,TRACKS_INFLAMMATION,EFO_1001249,0.18346242852076283,0.006867910952630572,3,rises
ENSG00000167085,PHB1,TRACKS_INFLAMMATION,EFO_1001249,0.18327318694567987,0.009509944445244656,3,rises
ENSG00000169193,CCDC126,TRACKS_INFLAMMATION,EFO_1001249,-0.18312175005529968,0.044891789914517345,3,falls
ENSG00000137767,SQOR,TRACKS_INFLAMMATION,EFO_1001249,0.18303371948913555,5.4009583272023944e-08,3,rises
ENSG00000170234,PWWP2A,TRACKS_INFLAMMATION,EFO_1001249,0.1830337194891355,0.041937524196347296,3,rises
ENSG00000119042,SATB2,TRACKS_INFLAMMATION,EFO_1001249,0.18291206866210658,0.017403412976053734,3,rises
ENSG00000186204,CYP4F12,TRACKS_INFLAMMATION,EFO_1001249,-0.1828655897070398,0.013485704798931466,3,falls
ENSG00000104267,CA2,TRACKS_INFLAMMATION,EFO_1001249,-0.1827200192646683,0.010737140029258362,3,falls
ENSG00000103249,CLCN7,TRACKS_INFLAMMATION,EFO_1001249,0.1827023872689135,0.0001595158312925495,3,rises
ENSG00000169282,KCNAB1,TRACKS_INFLAMMATION,EFO_1001249,-0.1825453347338225,0.0018229240139753385,3,falls
ENSG00000165487,MICU2,TRACKS_INFLAMMATION,EFO_1001249,0.1824434354241625,3.4370858794136716e-06,3,rises
ENSG00000173905,GOLIM4,TRACKS_INFLAMMATION,EFO_1001249,-0.18235291828025824,0.023982178411014077,3,falls
ENSG00000118507,AKAP7,TRACKS_INFLAMMATION,EFO_1001249,0.18231169298227504,0.004054649254857001,3,rises
ENSG00000148153,INIP,TRACKS_INFLAMMATION,EFO_1001249,0.18231169298227504,0.008369569551696326,3,rises
ENSG00000163389,POGLUT1,TRACKS_INFLAMMATION,EFO_1001249,0.18231169298227504,0.008458362331271703,3,rises
ENSG00000133805,AMPD3,TRACKS_INFLAMMATION,EFO_1001249,0.18207334308933423,4.386417256719862e-09,3,rises
ENSG00000167065,DUSP18,TRACKS_INFLAMMATION,EFO_1001249,0.18172387410067903,0.005496265012971955,3,rises
ENSG00000185420,SMYD3,TRACKS_INFLAMMATION,EFO_1001249,0.18165398030294802,0.041892545124656885,3,rises
ENSG00000165914,TTC7B,TRACKS_INFLAMMATION,EFO_1001249,0.18158966647541452,0.025201436352547728,3,rises
ENSG00000107140,TESK1,TRACKS_INFLAMMATION,EFO_1001249,0.18158966647541452,0.02706184013622855,3,rises
ENSG00000127831,VIL1,TRACKS_INFLAMMATION,EFO_1001249,-0.18116241553129356,0.0005369800310282564,3,falls
ENSG00000171223,JUNB,TRACKS_INFLAMMATION,EFO_1001249,0.18091494577926212,1.0234327994294061e-08,3,rises
ENSG00000102390,PBDC1,TRACKS_INFLAMMATION,EFO_1001249,0.18027443583282768,2.3694107864250243e-06,3,rises
ENSG00000110104,CCDC86,TRACKS_INFLAMMATION,EFO_1001249,0.1802561043483274,0.004067824212817392,3,rises
ENSG00000151623,NR3C2,TRACKS_INFLAMMATION,EFO_1001249,-0.1801725365231676,0.04875512601052423,3,falls
ENSG00000167842,MIS12,TRACKS_INFLAMMATION,EFO_1001249,0.18014561346169353,1.2563673990411289e-05,3,rises
ENSG00000120709,FAM53C,TRACKS_INFLAMMATION,EFO_1001249,0.18004642295513434,0.021614225666123206,3,rises
ENSG00000176531,PHLDB3,TRACKS_INFLAMMATION,EFO_1001249,-0.1799396238153733,0.007630460905610095,3,falls
ENSG00000184347,SLIT3,TRACKS_INFLAMMATION,EFO_1001249,0.1797668477642102,0.010156097965775322,3,rises
ENSG00000161405,IKZF3,TRACKS_INFLAMMATION,EFO_1001249,0.17964848293063032,0.0004192740001802215,3,rises
ENSG00000136279,DBNL,TRACKS_INFLAMMATION,EFO_1001249,0.17942358695483304,0.007044338661186377,3,rises
ENSG00000170502,NUDT9,TRACKS_INFLAMMATION,EFO_1001249,-0.17940101317859883,0.021485805722122678,3,falls
ENSG00000090447,TFAP4,TRACKS_INFLAMMATION,EFO_1001249,-0.17924088569199023,0.011215314356118352,3,falls
ENSG00000105639,JAK3,TRACKS_INFLAMMATION,EFO_1001249,0.1792117716035159,0.0006907816025928944,3,rises
ENSG00000177370,TIMM22,TRACKS_INFLAMMATION,EFO_1001249,0.17905164411690733,0.02991347849939929,3,rises
ENSG00000177602,HASPIN,TRACKS_INFLAMMATION,EFO_1001249,0.17890607367453581,0.00682526859259661,3,rises
ENSG00000139514,SLC7A1,TRACKS_INFLAMMATION,EFO_1001249,0.17887695958606153,2.219110079880834e-07,3,rises
ENSG00000123297,TSFM,TRACKS_INFLAMMATION,EFO_1001249,0.17883328845335006,0.0002812111354352476,3,rises
ENSG00000116062,MSH6,TRACKS_INFLAMMATION,EFO_1001249,0.17878833459597573,1.911811885298487e-06,3,rises
ENSG00000141646,SMAD4,TRACKS_INFLAMMATION,EFO_1001249,-0.17870156044797256,0.030087494136786356,3,falls
ENSG00000160752,FDPS,TRACKS_INFLAMMATION,EFO_1001249,0.1787015604479725,0.027134438854313474,3,rises
ENSG00000090534,THPO,TRACKS_INFLAMMATION,EFO_1001249,-0.1786485470005137,0.011240133148927526,3,falls
ENSG00000258947,TUBB3,TRACKS_INFLAMMATION,EFO_1001249,0.17858190166187898,0.023469066455379616,3,rises
ENSG00000239961,LILRA4,TRACKS_INFLAMMATION,EFO_1001249,0.1785588460863939,0.00025478858653325007,3,rises
ENSG00000182827,ACBD3,TRACKS_INFLAMMATION,EFO_1001249,0.17848391939165856,0.0048416220490613655,3,rises
ENSG00000108819,PPP1R9B,TRACKS_INFLAMMATION,EFO_1001249,0.17836897180958955,7.013038892186221e-05,3,rises
ENSG00000175591,P2RY2,TRACKS_INFLAMMATION,EFO_1001249,0.1782291842141276,0.03371110499394584,3,rises
ENSG00000143179,UCK2,TRACKS_INFLAMMATION,EFO_1001249,0.1782291842141275,0.005096464368109441,3,rises
ENSG00000167535,CACNB3,TRACKS_INFLAMMATION,EFO_1001249,0.17820010698067246,0.02381663518315234,3,rises
ENSG00000135916,ITM2C,TRACKS_INFLAMMATION,EFO_1001249,0.17798897988759552,3.3434357158500824e-06,3,rises
ENSG00000089723,OTUB2,TRACKS_INFLAMMATION,EFO_1001249,0.17797953394111207,0.0015281863402007575,3,rises
ENSG00000160678,S100A1,TRACKS_INFLAMMATION,EFO_1001249,-0.17797953394111207,0.026891222454982464,3,falls
ENSG00000189159,JPT1,TRACKS_INFLAMMATION,EFO_1001249,0.17797953394111204,0.0009611245927950112,3,rises
ENSG00000155438,NIFK,TRACKS_INFLAMMATION,EFO_1001249,0.17797953394111196,2.9992088329472254e-06,3,rises
ENSG00000141527,CARD14,TRACKS_INFLAMMATION,EFO_1001249,-0.1779453087548841,0.027416565508833673,3,falls
ENSG00000151025,GPR158,TRACKS_INFLAMMATION,EFO_1001249,-0.1776241830449257,0.016528991659032155,3,falls
ENSG00000125875,TBC1D20,TRACKS_INFLAMMATION,EFO_1001249,0.17752315447200684,0.021656718946027113,3,rises
ENSG00000130950,NUTM2F,TRACKS_INFLAMMATION,EFO_1001249,-0.17746869274770086,0.013749571362180088,3,falls
ENSG00000100139,MICALL1,TRACKS_INFLAMMATION,EFO_1001249,0.17745036925082106,4.3101924575110496e-05,3,rises
ENSG00000119723,COQ6,TRACKS_INFLAMMATION,EFO_1001249,0.1773775840296354,0.04433887725157717,3,rises
ENSG00000197530,MIB2,TRACKS_INFLAMMATION,EFO_1001249,-0.17732056484362413,0.016107936052337287,3,falls
ENSG00000105939,ZC3HAV1,TRACKS_INFLAMMATION,EFO_1001249,0.17731935585268682,0.001781631738871374,3,rises
ENSG00000137078,SIT1,TRACKS_INFLAMMATION,EFO_1001249,0.1772740288467516,0.012600046297069858,3,rises
ENSG00000164077,MON1A,TRACKS_INFLAMMATION,EFO_1001249,0.1772575074342516,0.0004994373507320818,3,rises
ENSG00000151893,CACUL1,TRACKS_INFLAMMATION,EFO_1001249,0.1772575074342516,0.017066949628226278,3,rises
ENSG00000100605,ITPK1,TRACKS_INFLAMMATION,EFO_1001249,0.1772575074342516,0.03453265634158472,3,rises
ENSG00000169507,SLC38A11,TRACKS_INFLAMMATION,EFO_1001249,-0.1772575074342515,0.002805849186210368,3,falls
ENSG00000129187,DCTD,TRACKS_INFLAMMATION,EFO_1001249,-0.1772575074342515,0.0104135623248032,3,falls
ENSG00000118496,FBXO30,TRACKS_INFLAMMATION,EFO_1001249,0.17718834245455248,0.010377296348540423,3,rises
ENSG00000095574,IKZF5,TRACKS_INFLAMMATION,EFO_1001249,-0.1771301142776039,5.83726660735927e-05,3,falls
ENSG00000188257,PLA2G2A,TRACKS_INFLAMMATION,EFO_1001249,0.177042772012181,0.016337246533408227,3,rises
ENSG00000164219,PGGT1B,TRACKS_INFLAMMATION,EFO_1001249,0.17702821496794388,0.018070138623324173,3,rises
ENSG00000135049,AGTPBP1,TRACKS_INFLAMMATION,EFO_1001249,0.17690120205723794,0.03582614073904366,3,rises
ENSG00000198081,ZBTB14,TRACKS_INFLAMMATION,EFO_1001249,-0.1768244163486238,0.042723620418621225,3,falls
ENSG00000140526,ABHD2,TRACKS_INFLAMMATION,EFO_1001249,0.17678074521591233,0.0021397978068607463,3,rises
ENSG00000110108,TMEM109,TRACKS_INFLAMMATION,EFO_1001249,0.17676141446177587,0.012296587060397162,3,rises
ENSG00000157036,EXOG,TRACKS_INFLAMMATION,EFO_1001249,0.17653548092739108,0.00010216826027861848,3,rises
ENSG00000162595,DIRAS3,TRACKS_INFLAMMATION,EFO_1001249,-0.17653548092739102,0.016351629586753055,3,falls
ENSG00000164105,SAP30,TRACKS_INFLAMMATION,EFO_1001249,0.17653548092739102,0.03723912355708392,3,rises
ENSG00000229676,ZNF492,TRACKS_INFLAMMATION,EFO_1001249,-0.1764558765836623,0.04840407194135677,3,falls
ENSG00000070808,CAMK2A,TRACKS_INFLAMMATION,EFO_1001249,-0.1762858057118494,0.009128971707127065,3,falls
ENSG00000139914,FITM1,TRACKS_INFLAMMATION,EFO_1001249,-0.17611112118100364,1.1057808751841949e-08,3,falls
ENSG00000137414,FAM8A1,TRACKS_INFLAMMATION,EFO_1001249,-0.17609656413676647,0.030813860394498092,3,falls
ENSG00000029153,BMAL2,TRACKS_INFLAMMATION,EFO_1001249,0.1758134544205306,2.9249098191003767e-05,3,rises
ENSG00000007264,MATK,TRACKS_INFLAMMATION,EFO_1001249,0.1755033261026173,0.016132764213313503,3,rises
ENSG00000152492,CCDC50,TRACKS_INFLAMMATION,EFO_1001249,0.17549972532304345,0.015003139870048776,3,rises
ENSG00000166024,R3HCC1L,TRACKS_INFLAMMATION,EFO_1001249,0.17541238305762055,0.0052686902887957715,3,rises
ENSG00000115211,EIF2B4,TRACKS_INFLAMMATION,EFO_1001249,0.17517947034982617,1.267243214666735e-05,3,rises
ENSG00000070785,EIF2B3,TRACKS_INFLAMMATION,EFO_1001249,0.1750914279136701,0.0003734801920492268,3,rises
ENSG00000100029,PES1,TRACKS_INFLAMMATION,EFO_1001249,0.17509142791367008,0.00011619412314474682,3,rises
ENSG00000158006,PAFAH2,TRACKS_INFLAMMATION,EFO_1001249,0.17509142791367008,0.021065126618508706,3,rises
ENSG00000253304,TMEM200B,TRACKS_INFLAMMATION,EFO_1001249,0.17509142791367002,0.04635530891582903,3,rises
ENSG00000132603,NIP7,TRACKS_INFLAMMATION,EFO_1001249,0.17468453084576324,8.060188771238049e-05,3,rises
ENSG00000170412,GPRC5C,TRACKS_INFLAMMATION,EFO_1001249,-0.17458263153610318,0.004125749414307257,3,falls
ENSG00000130803,ZNF317,TRACKS_INFLAMMATION,EFO_1001249,0.1743850253389208,0.00719016967695135,3,rises
ENSG00000104341,LAPTM4B,TRACKS_INFLAMMATION,EFO_1001249,0.17436427587254597,0.02623361726710372,3,rises
ENSG00000169607,CKAP2L,TRACKS_INFLAMMATION,EFO_1001249,0.1742769336071231,0.0010963653484576535,3,rises
ENSG00000203797,DDO,TRACKS_INFLAMMATION,EFO_1001249,0.17426237656288593,0.0277051198602118,3,rises
ENSG00000213694,S1PR3,TRACKS_INFLAMMATION,EFO_1001249,0.17404402089932872,0.01957716623688637,3,rises
ENSG00000186487,MYT1L,TRACKS_INFLAMMATION,EFO_1001249,-0.1738301380619489,0.02133759761679148,3,falls
ENSG00000197114,ZGPAT,TRACKS_INFLAMMATION,EFO_1001249,-0.17382566523577153,2.6529044440581823e-07,3,falls
ENSG00000100297,MCM5,TRACKS_INFLAMMATION,EFO_1001249,0.17368608736161056,2.5808408015607865e-07,3,rises
ENSG00000121068,TBX2,TRACKS_INFLAMMATION,EFO_1001249,0.17364737489994905,0.045681821856240055,3,rises
ENSG00000134077,THUMPD3,TRACKS_INFLAMMATION,EFO_1001249,0.17360730957221435,0.00937965360141768,3,rises
ENSG00000157045,NTAN1,TRACKS_INFLAMMATION,EFO_1001249,0.17327249755475999,0.0005103882830919435,3,rises
ENSG00000073150,PANX2,TRACKS_INFLAMMATION,EFO_1001249,-0.17292534839308862,0.0051818331948603824,3,falls
ENSG00000168883,USP39,TRACKS_INFLAMMATION,EFO_1001249,0.1729253483930886,0.01436735296824371,3,rises
ENSG00000003987,MTMR7,TRACKS_INFLAMMATION,EFO_1001249,-0.1729253483930886,0.04991518053955157,3,falls
ENSG00000173200,PARP15,TRACKS_INFLAMMATION,EFO_1001249,-0.17280192966237018,0.04398228417731016,3,falls
ENSG00000150656,CNDP1,TRACKS_INFLAMMATION,EFO_1001249,-0.17277746799110716,0.042769906561737694,3,falls
ENSG00000198853,RUSC2,TRACKS_INFLAMMATION,EFO_1001249,0.1726376803956451,0.00021182349995253603,3,rises
ENSG00000121104,FAM117A,TRACKS_INFLAMMATION,EFO_1001249,-0.17263198760832546,0.04470011641578908,3,falls
ENSG00000065548,ZC3H15,TRACKS_INFLAMMATION,EFO_1001249,0.17241363194476828,0.0026903062485971333,3,rises
ENSG00000129667,RHBDF2,TRACKS_INFLAMMATION,EFO_1001249,0.17221831760925888,2.534576275494217e-11,3,rises
ENSG00000120129,DUSP1,TRACKS_INFLAMMATION,EFO_1001249,0.1722033218862281,8.745756116623709e-06,3,rises
ENSG00000157181,ODR4,TRACKS_INFLAMMATION,EFO_1001249,0.17220332188622806,0.01174471145373769,3,rises
ENSG00000134602,STK26,TRACKS_INFLAMMATION,EFO_1001249,0.17207853001379686,0.027279025074430033,3,rises
ENSG00000068079,IFI35,TRACKS_INFLAMMATION,EFO_1001249,0.17206426288307675,0.0004285688614658553,3,rises
ENSG00000178202,POGLUT3,TRACKS_INFLAMMATION,EFO_1001249,0.1719387424183348,0.040671943360981684,3,rises
ENSG00000049192,ADAMTS6,TRACKS_INFLAMMATION,EFO_1001249,0.171787679042571,0.03740148811358307,3,rises
ENSG00000159231,CBR3,TRACKS_INFLAMMATION,EFO_1001249,0.17175856495409667,0.021799887725507096,3,rises
ENSG00000039650,PNKP,TRACKS_INFLAMMATION,EFO_1001249,0.17155476633477665,0.04605333153969378,3,rises
ENSG00000122550,KLHL7,TRACKS_INFLAMMATION,EFO_1001249,0.17148129537936757,0.00047213666058910144,3,rises
ENSG00000152583,SPARCL1,TRACKS_INFLAMMATION,EFO_1001249,0.17148129537936757,0.03543859757966153,3,rises
ENSG00000153898,MCOLN2,TRACKS_INFLAMMATION,EFO_1001249,0.17142947915473036,0.020857956954277855,3,rises
ENSG00000101457,DNTTIP1,TRACKS_INFLAMMATION,EFO_1001249,0.17110349796342508,0.030680950041912427,3,rises
ENSG00000198399,ITSN2,TRACKS_INFLAMMATION,EFO_1001249,0.17103012304783138,0.001246059093254998,3,rises
ENSG00000152661,GJA1,TRACKS_INFLAMMATION,EFO_1001249,0.1708560282113936,2.0311940686529915e-05,3,rises
ENSG00000102241,HTATSF1,TRACKS_INFLAMMATION,EFO_1001249,0.17085602821139356,9.713622120668867e-06,3,rises
ENSG00000166452,AKIP1,TRACKS_INFLAMMATION,EFO_1001249,0.17075926887250706,0.0006551864174554887,3,rises
ENSG00000178078,STAP2,TRACKS_INFLAMMATION,EFO_1001249,0.17063767254783635,0.010043440510696198,3,rises
ENSG00000160803,UBQLN4,TRACKS_INFLAMMATION,EFO_1001249,0.17053577323817629,0.01808600237439141,3,rises
ENSG00000166263,STXBP4,TRACKS_INFLAMMATION,EFO_1001249,0.1704010788682521,0.0038587906805991395,3,rises
ENSG00000156140,ADAMTS3,TRACKS_INFLAMMATION,EFO_1001249,0.17038190492332875,0.007037615377251448,3,rises
ENSG00000137285,TUBB2B,TRACKS_INFLAMMATION,EFO_1001249,0.17015729008801045,0.005471753328241976,3,rises
ENSG00000175792,RUVBL1,TRACKS_INFLAMMATION,EFO_1001249,0.17003724236564663,0.005771674934267185,3,rises
ENSG00000174326,SLC16A11,TRACKS_INFLAMMATION,EFO_1001249,0.16986614920326756,0.010627872109193243,3,rises
ENSG00000167588,GPD1,TRACKS_INFLAMMATION,EFO_1001249,0.1693152158587861,0.0003898344199733041,3,rises
ENSG00000178401,DNAJC22,TRACKS_INFLAMMATION,EFO_1001249,0.1693152158587861,0.00139460977602235,3,rises
ENSG00000182168,UNC5C,TRACKS_INFLAMMATION,EFO_1001249,0.16929842447801882,0.00020552097804940798,3,rises
ENSG00000119616,FCF1,TRACKS_INFLAMMATION,EFO_1001249,0.16924019630107026,1.732080228072945e-05,3,rises
ENSG00000164935,DCSTAMP,TRACKS_INFLAMMATION,EFO_1001249,0.16923066774581075,0.0031554219885413536,3,rises
ENSG00000104331,BPNT2,TRACKS_INFLAMMATION,EFO_1001249,0.16921288430682457,0.028919770022165798,3,rises
ENSG00000065989,PDE4A,TRACKS_INFLAMMATION,EFO_1001249,0.1691965251683588,0.0004783888442616117,3,rises
ENSG00000168288,MMADHC,TRACKS_INFLAMMATION,EFO_1001249,0.16910918290293592,0.012070937551195562,3,rises
ENSG00000198874,TYW1,TRACKS_INFLAMMATION,EFO_1001249,0.16900320291363152,0.0024625688351846684,3,rises
ENSG00000136286,MYO1G,TRACKS_INFLAMMATION,EFO_1001249,0.1688762701951416,0.002049696895345216,3,rises
ENSG00000154040,CABYR,TRACKS_INFLAMMATION,EFO_1001249,0.16887627019514154,0.001193810579115258,3,rises
ENSG00000162607,USP1,TRACKS_INFLAMMATION,EFO_1001249,0.16883259906243017,0.001389116935124915,3,rises
ENSG00000108389,MTMR4,TRACKS_INFLAMMATION,EFO_1001249,-0.16875981384124442,0.003358934526479551,3,falls
ENSG00000172478,MAB21L4,TRACKS_INFLAMMATION,EFO_1001249,0.1687306997527701,0.0031465488994250907,3,rises
ENSG00000136930,PSMB7,TRACKS_INFLAMMATION,EFO_1001249,0.16859968635463576,0.0002544914147842915,3,rises
ENSG00000134852,CLOCK,TRACKS_INFLAMMATION,EFO_1001249,0.16859968635463576,0.03954230613346188,3,rises
ENSG00000185798,WDR53,TRACKS_INFLAMMATION,EFO_1001249,0.16859318935192558,7.538978686713024e-05,3,rises
ENSG00000243646,IL10RB,TRACKS_INFLAMMATION,EFO_1001249,0.16830854546989285,0.0015398698941112704,3,rises
ENSG00000105419,MEIS3,TRACKS_INFLAMMATION,EFO_1001249,0.1683042649363212,0.02157539313915117,3,rises
ENSG00000092199,HNRNPC,TRACKS_INFLAMMATION,EFO_1001249,0.16825031729294426,4.2165263591324e-05,3,rises
ENSG00000197694,SPTAN1,TRACKS_INFLAMMATION,EFO_1001249,0.16813386093904706,1.3145962342814033e-09,3,rises
ENSG00000163104,SMARCAD1,TRACKS_INFLAMMATION,EFO_1001249,0.1680756327620985,0.026407579591152086,3,rises
ENSG00000188760,TMEM198,TRACKS_INFLAMMATION,EFO_1001249,0.16806107571786133,0.009556455509200002,3,rises
ENSG00000117280,RAB29,TRACKS_INFLAMMATION,EFO_1001249,0.1679591764082013,0.0006246245452825933,3,rises
ENSG00000120860,WASHC3,TRACKS_INFLAMMATION,EFO_1001249,0.16794461936396418,1.7295552692364924e-05,3,rises
ENSG00000070190,DAPP1,TRACKS_INFLAMMATION,EFO_1001249,0.16794461936396418,0.0006431415384040101,3,rises
ENSG00000124209,RAB22A,TRACKS_INFLAMMATION,EFO_1001249,0.16787116284506506,0.040973769099283214,3,rises
ENSG00000169372,CRADD,TRACKS_INFLAMMATION,EFO_1001249,-0.16753543316127986,0.013665435833819916,3,falls
ENSG00000124191,TOX2,TRACKS_INFLAMMATION,EFO_1001249,-0.1675224650810869,0.003272462370831158,3,falls
ENSG00000064490,RFXANK,TRACKS_INFLAMMATION,EFO_1001249,0.1674787939483755,0.008855775685283786,3,rises
ENSG00000170909,OSCAR,TRACKS_INFLAMMATION,EFO_1001249,0.16746553936354885,0.0007396409395389722,3,rises
ENSG00000080224,EPHA6,TRACKS_INFLAMMATION,EFO_1001249,0.16730130634197346,0.01175588085622935,3,rises
ENSG00000223638,RFPL4A,TRACKS_INFLAMMATION,EFO_1001249,-0.16727067226778525,0.021251575993081435,3,falls
ENSG00000113108,APBB3,TRACKS_INFLAMMATION,EFO_1001249,0.1672167671521068,0.01578898890817785,3,rises
ENSG00000115468,EFHD1,TRACKS_INFLAMMATION,EFO_1001249,-0.1671491363382046,0.0017712222102618661,3,falls
ENSG00000196449,YRDC,TRACKS_INFLAMMATION,EFO_1001249,0.1671491363382046,0.0018929069410101955,3,rises
ENSG00000164087,POC1A,TRACKS_INFLAMMATION,EFO_1001249,0.16714913633820458,0.0004385377100343335,3,rises
ENSG00000104833,TUBB4A,TRACKS_INFLAMMATION,EFO_1001249,0.1668364951839696,0.013943453558239026,3,rises
ENSG00000104938,CLEC4M,TRACKS_INFLAMMATION,EFO_1001249,-0.1667509417365181,1.1927870320825083e-05,3,falls
ENSG00000168566,SNRNP48,TRACKS_INFLAMMATION,EFO_1001249,-0.16669271355956955,0.004924600648972967,3,falls
ENSG00000198039,ZNF273,TRACKS_INFLAMMATION,EFO_1001249,0.1666118077585799,0.035086980149021875,3,rises
ENSG00000132002,DNAJB1,TRACKS_INFLAMMATION,EFO_1001249,0.16645980085177517,0.002933851181948017,3,rises
ENSG00000138363,ATIC,TRACKS_INFLAMMATION,EFO_1001249,0.16642710983134412,0.00010129252339748663,3,rises
ENSG00000101574,METTL4,TRACKS_INFLAMMATION,EFO_1001249,0.16642710983134412,0.04834547521364817,3,rises
ENSG00000080618,CPB2,TRACKS_INFLAMMATION,EFO_1001249,-0.166139545878558,0.00047891986437698363,3,falls
ENSG00000197620,EOLA1,TRACKS_INFLAMMATION,EFO_1001249,0.16596486134771218,0.011131279905125904,3,rises
ENSG00000173212,MAB21L3,TRACKS_INFLAMMATION,EFO_1001249,-0.16593574725923796,0.02213424799311836,3,falls
ENSG00000167508,MVD,TRACKS_INFLAMMATION,EFO_1001249,0.16587751908228926,0.013630065467358376,3,rises
ENSG00000166167,BTRC,TRACKS_INFLAMMATION,EFO_1001249,0.16585798201573515,0.0003757993584448344,3,rises
ENSG00000135241,PNPLA8,TRACKS_INFLAMMATION,EFO_1001249,0.16570283455144358,0.00563980661092423,3,rises
ENSG00000115919,KYNU,TRACKS_INFLAMMATION,EFO_1001249,-0.1656483006225421,0.024230888509850987,3,falls
ENSG00000129204,USP6,TRACKS_INFLAMMATION,EFO_1001249,-0.16559070685816332,0.002446087794488626,3,falls
ENSG00000130589,HELZ2,TRACKS_INFLAMMATION,EFO_1001249,0.16550851302707997,1.9174847731093947e-06,3,rises
ENSG00000129219,PLD2,TRACKS_INFLAMMATION,EFO_1001249,0.16536872543161793,0.001365577045846821,3,rises
ENSG00000054611,TBC1D22A,TRACKS_INFLAMMATION,EFO_1001249,0.16526612322432913,0.002950666615122857,3,rises
ENSG00000111554,SAXO6,TRACKS_INFLAMMATION,EFO_1001249,0.1649830568176232,0.04617305136156793,3,rises
ENSG00000145779,TNFAIP8,TRACKS_INFLAMMATION,EFO_1001249,0.16485852598568906,0.0114961670925237,3,rises
ENSG00000174175,SELP,TRACKS_INFLAMMATION,EFO_1001249,0.16461105623365752,9.284434389479916e-05,3,rises
ENSG00000181754,AMIGO1,TRACKS_INFLAMMATION,EFO_1001249,0.1645964991894204,0.02461448884133572,3,rises
ENSG00000074266,EED,TRACKS_INFLAMMATION,EFO_1001249,0.16448004283552323,0.0004764629524204262,3,rises
ENSG00000008735,MAPK8IP2,TRACKS_INFLAMMATION,EFO_1001249,0.16426626684032758,0.026788762179104905,3,rises
ENSG00000135185,TMEM243,TRACKS_INFLAMMATION,EFO_1001249,0.16426103031076264,0.04354850527829734,3,rises
ENSG00000113048,MRPS27,TRACKS_INFLAMMATION,EFO_1001249,0.16423257308349168,0.017701342461987114,3,rises
ENSG00000007001,UPP2,TRACKS_INFLAMMATION,EFO_1001249,0.16418053087019044,0.0034580064090079274,3,rises
ENSG00000130303,BST2,TRACKS_INFLAMMATION,EFO_1001249,0.1641161167295945,0.001390208935349154,3,rises
ENSG00000136878,USP20,TRACKS_INFLAMMATION,EFO_1001249,0.16411063707245938,0.013191500816199174,3,rises
ENSG00000142875,PRKACB,TRACKS_INFLAMMATION,EFO_1001249,0.16390095567926624,0.042868931084054214,3,rises
ENSG00000197776,KLHDC1,TRACKS_INFLAMMATION,EFO_1001249,-0.16383953288908876,5.525163026819788e-06,3,falls
ENSG00000094631,HDAC6,TRACKS_INFLAMMATION,EFO_1001249,0.16355148669061115,3.3578481158180045e-07,3,rises
ENSG00000015475,BID,TRACKS_INFLAMMATION,EFO_1001249,0.16354839200434576,0.0421750258621628,3,rises
ENSG00000107625,DDX50,TRACKS_INFLAMMATION,EFO_1001249,0.16353900380390216,1.618746202948345e-06,3,rises
ENSG00000110665,C11orf21,TRACKS_INFLAMMATION,EFO_1001249,0.16353900380390213,0.04201343373799168,3,rises
ENSG00000162738,VANGL2,TRACKS_INFLAMMATION,EFO_1001249,0.16347560678316006,0.02663995444821264,3,rises
ENSG00000182158,CREB3L2,TRACKS_INFLAMMATION,EFO_1001249,0.16327180816384,0.000244807405162168,3,rises
ENSG00000099899,TRMT2A,TRACKS_INFLAMMATION,EFO_1001249,-0.16320201770195597,0.00738111649682941,3,falls
ENSG00000109339,MAPK10,TRACKS_INFLAMMATION,EFO_1001249,0.1631990229426543,0.016525811587643217,3,rises
ENSG00000130158,DOCK6,TRACKS_INFLAMMATION,EFO_1001249,0.16315535180994287,0.00042338179557847004,3,rises
ENSG00000119922,IFIT2,TRACKS_INFLAMMATION,EFO_1001249,0.16298066727909707,0.0034044715238576197,3,rises
ENSG00000064607,SUGP2,TRACKS_INFLAMMATION,EFO_1001249,0.16295155319062277,0.0316193150272777,3,rises
ENSG00000114124,GRK7,TRACKS_INFLAMMATION,EFO_1001249,-0.16283509683672562,0.02195499890659839,3,falls
ENSG00000241106,HLA-DOB,TRACKS_INFLAMMATION,EFO_1001249,0.16281749632411815,0.04663925440286801,3,rises
ENSG00000105819,PMPCB,TRACKS_INFLAMMATION,EFO_1001249,0.16281697729704167,0.00012351119887490594,3,rises
ENSG00000108179,PPIF,TRACKS_INFLAMMATION,EFO_1001249,0.16274775457130272,5.2888967679441e-05,3,rises
ENSG00000170153,RNF150,TRACKS_INFLAMMATION,EFO_1001249,0.16264286732010774,8.838168961572645e-05,3,rises
ENSG00000109689,STIM2,TRACKS_INFLAMMATION,EFO_1001249,0.16264286732010774,0.01566391987824482,3,rises
ENSG00000163347,CLDN1,TRACKS_INFLAMMATION,EFO_1001249,0.1625876270846941,0.003689331998798601,3,rises
ENSG00000184162,NR2C2AP,TRACKS_INFLAMMATION,EFO_1001249,0.16228192915571407,0.00010382919170176956,3,rises
ENSG00000135090,TAOK3,TRACKS_INFLAMMATION,EFO_1001249,0.16222350453372159,0.007025382548886438,3,rises
ENSG00000254470,AP5B1,TRACKS_INFLAMMATION,EFO_1001249,0.16222350453372153,0.0007680962176759645,3,rises
ENSG00000005238,ATOSB,TRACKS_INFLAMMATION,EFO_1001249,0.16220914393452832,0.036425715968803354,3,rises
ENSG00000003137,CYP26B1,TRACKS_INFLAMMATION,EFO_1001249,-0.16219458689029112,0.011910900177900977,3,falls
ENSG00000116031,CD207,TRACKS_INFLAMMATION,EFO_1001249,0.16215091575757964,0.00011138086717264305,3,rises
ENSG00000198125,MB,TRACKS_INFLAMMATION,EFO_1001249,0.1620949507901812,0.010744197498561581,3,rises
ENSG00000103005,USB1,TRACKS_INFLAMMATION,EFO_1001249,0.16209495079018116,9.094349758592396e-05,3,rises
ENSG00000165891,E2F7,TRACKS_INFLAMMATION,EFO_1001249,0.16191800304978538,0.0002596059639122372,3,rises
ENSG00000136710,VMA22,TRACKS_INFLAMMATION,EFO_1001249,0.1616996473862281,1.4701432540761584e-05,3,rises
ENSG00000173530,TNFRSF10D,TRACKS_INFLAMMATION,EFO_1001249,0.1615249628553824,0.00787059757044646,3,rises
ENSG00000173610,UGT2A1,TRACKS_INFLAMMATION,EFO_1001249,-0.16139394945724805,0.03279428014701891,3,falls
ENSG00000143514,TP53BP2,TRACKS_INFLAMMATION,EFO_1001249,0.1613847789609492,4.502689552448948e-05,3,rises
ENSG00000166086,JAM3,TRACKS_INFLAMMATION,EFO_1001249,0.1613847789609492,0.00025994702729450006,3,rises
ENSG00000163002,NUP35,TRACKS_INFLAMMATION,EFO_1001249,0.16137292428332067,4.335148534384969e-06,3,rises
ENSG00000132386,SERPINF1,TRACKS_INFLAMMATION,EFO_1001249,0.1610445803955565,3.203982186000318e-05,3,rises
ENSG00000164163,ABCE1,TRACKS_INFLAMMATION,EFO_1001249,0.16103002335131938,0.013895301403280144,3,rises
ENSG00000177058,SLC38A9,TRACKS_INFLAMMATION,EFO_1001249,0.1608262247319993,2.144802361809995e-08,3,rises
ENSG00000117758,STX12,TRACKS_INFLAMMATION,EFO_1001249,0.16075573478136995,0.017470298972385976,3,rises
ENSG00000153310,CYRIB,TRACKS_INFLAMMATION,EFO_1001249,0.16061594718590788,0.01334692016050675,3,rises
ENSG00000213186,TRIM59,TRACKS_INFLAMMATION,EFO_1001249,0.16057875497996782,0.004527080705997305,3,rises
ENSG00000145780,FEM1C,TRACKS_INFLAMMATION,EFO_1001249,0.16005470138743053,0.004857740413160832,3,rises
ENSG00000124784,RIOK1,TRACKS_INFLAMMATION,EFO_1001249,0.15992887126959968,0.02827629485759553,3,rises
ENSG00000173960,UBXN2A,TRACKS_INFLAMMATION,EFO_1001249,0.15990913094505907,7.91306950971335e-06,3,rises
ENSG00000130234,ACE2,TRACKS_INFLAMMATION,EFO_1001249,0.15963743401767344,0.00014288148179874695,3,rises
ENSG00000182224,CYB5D1,TRACKS_INFLAMMATION,EFO_1001249,-0.1592068447627392,0.0006327060280138128,3,falls
ENSG00000152422,XRCC4,TRACKS_INFLAMMATION,EFO_1001249,0.1592068447627392,0.008406228234087517,3,rises
ENSG00000072501,SMC1A,TRACKS_INFLAMMATION,EFO_1001249,0.15907828363582513,4.097220251560922e-07,3,rises
ENSG00000065000,AP3D1,TRACKS_INFLAMMATION,EFO_1001249,0.15890469489269593,0.0004401237119306798,3,rises
ENSG00000117115,PADI2,TRACKS_INFLAMMATION,EFO_1001249,0.15883190967151015,0.0005906329168164113,3,rises
ENSG00000149480,MTA2,TRACKS_INFLAMMATION,EFO_1001249,0.15879870844490107,0.003842707136005615,3,rises
ENSG00000153976,HS3ST3A1,TRACKS_INFLAMMATION,EFO_1001249,-0.1584848182558787,0.009526830020723681,3,falls
ENSG00000214753,HNRNPUL2,TRACKS_INFLAMMATION,EFO_1001249,0.15848481825587868,2.5603539135693617e-05,3,rises
ENSG00000162591,MEGF6,TRACKS_INFLAMMATION,EFO_1001249,0.1584492394562459,5.897741916644507e-07,3,rises
ENSG00000137947,GTF2B,TRACKS_INFLAMMATION,EFO_1001249,0.15840975538863292,0.00016225154037978595,3,rises
ENSG00000244486,SCARF2,TRACKS_INFLAMMATION,EFO_1001249,0.15840975538863292,0.0008274939521866779,3,rises
ENSG00000146530,VWDE,TRACKS_INFLAMMATION,EFO_1001249,-0.15836098739541626,0.028208440647153065,3,falls
ENSG00000083444,PLOD1,TRACKS_INFLAMMATION,EFO_1001249,0.1582395580630528,0.02787974788451505,3,rises
ENSG00000138801,PAPSS1,TRACKS_INFLAMMATION,EFO_1001249,0.1580997704675908,0.001739162784207933,3,rises
ENSG00000087842,PIR,TRACKS_INFLAMMATION,EFO_1001249,0.15800215814999277,0.0010391694561706208,3,rises
ENSG00000116679,IVNS1ABP,TRACKS_INFLAMMATION,EFO_1001249,-0.15784203066338426,0.004777394491798805,3,falls
ENSG00000100764,PSMC1,TRACKS_INFLAMMATION,EFO_1001249,0.15782747361914704,1.265573403354663e-05,3,rises
ENSG00000070019,GUCY2C,TRACKS_INFLAMMATION,EFO_1001249,-0.1577627917490182,0.03709827636768808,3,falls
ENSG00000204859,ZBTB48,TRACKS_INFLAMMATION,EFO_1001249,-0.15763823204406413,0.02176246172684932,3,falls
ENSG00000125144,MT1G,TRACKS_INFLAMMATION,EFO_1001249,-0.15762367499982702,3.0431461564292477e-05,3,falls
ENSG00000167658,EEF2,TRACKS_INFLAMMATION,EFO_1001249,-0.15741987638050697,0.004235477268688084,3,falls
ENSG00000122490,SLC66A2,TRACKS_INFLAMMATION,EFO_1001249,-0.1574053193362698,0.0004539841917177083,3,falls
ENSG00000162065,TBC1D24,TRACKS_INFLAMMATION,EFO_1001249,0.15739076229203264,0.014046910188451686,3,rises
ENSG00000072201,LNX1,TRACKS_INFLAMMATION,EFO_1001249,0.15705136350162532,0.0006335514673491919,3,rises
ENSG00000117560,FASLG,TRACKS_INFLAMMATION,EFO_1001249,0.15696860800915532,0.008945659560554032,3,rises
ENSG00000170345,FOS,TRACKS_INFLAMMATION,EFO_1001249,0.15689582278796965,3.846552343645191e-05,3,rises
ENSG00000178860,MSC,TRACKS_INFLAMMATION,EFO_1001249,0.1567211382571239,0.002384305662670854,3,rises
ENSG00000204590,GNL1,TRACKS_INFLAMMATION,EFO_1001249,0.15622619875306087,7.255086291956355e-05,3,rises
ENSG00000128309,MPST,TRACKS_INFLAMMATION,EFO_1001249,-0.15579327514246671,3.044588516902181e-09,3,falls
ENSG00000171303,KCNK3,TRACKS_INFLAMMATION,EFO_1001249,-0.15578948742594648,0.006604197474148378,3,falls
ENSG00000186265,BTLA,TRACKS_INFLAMMATION,EFO_1001249,0.155745816293235,0.04714496961659686,3,rises
ENSG00000168818,STX18,TRACKS_INFLAMMATION,EFO_1001249,0.1557312592489979,2.0463907120912625e-06,3,rises
ENSG00000176055,MBLAC2,TRACKS_INFLAMMATION,EFO_1001249,-0.1556534875470047,0.004027335089586557,3,falls
ENSG00000170315,UBB,TRACKS_INFLAMMATION,EFO_1001249,-0.15559671222843668,9.046068440320564e-08,3,falls
ENSG00000107789,MINPP1,TRACKS_INFLAMMATION,EFO_1001249,0.1553382190545949,5.267794521580902e-05,3,rises
ENSG00000205364,MT1M,TRACKS_INFLAMMATION,EFO_1001249,-0.15532366201035777,2.978416123480406e-05,3,falls
ENSG00000242220,TCP10L,TRACKS_INFLAMMATION,EFO_1001249,-0.15509074930256345,3.465425134058166e-05,3,falls
ENSG00000186854,TRABD2A,TRACKS_INFLAMMATION,EFO_1001249,0.15497065543302238,0.00015580270541833247,3,rises
ENSG00000204613,TRIM10,TRACKS_INFLAMMATION,EFO_1001249,0.15478491347664217,0.008045036918107151,3,rises
ENSG00000165474,GJB2,TRACKS_INFLAMMATION,EFO_1001249,0.15472682319663475,0.0005013765503349122,3,rises
ENSG00000058804,NDC1,TRACKS_INFLAMMATION,EFO_1001249,0.15447935344460326,0.034271870511615316,3,rises
ENSG00000177479,ARIH2,TRACKS_INFLAMMATION,EFO_1001249,0.15415265921471574,0.0011280514961852417,3,rises
ENSG00000023318,ERP44,TRACKS_INFLAMMATION,EFO_1001249,0.15415265921471571,0.011578678230435952,3,rises
ENSG00000160818,GPATCH4,TRACKS_INFLAMMATION,EFO_1001249,0.1541526592147157,3.554144397669537e-05,3,rises
ENSG00000156831,NSMCE2,TRACKS_INFLAMMATION,EFO_1001249,0.15385340054240593,0.010568180620408821,3,rises
ENSG00000006744,ELAC2,TRACKS_INFLAMMATION,EFO_1001249,0.15383624880599792,1.3074465293433936e-06,3,rises
ENSG00000164877,MICALL2,TRACKS_INFLAMMATION,EFO_1001249,0.15382428645393162,0.018434699216999424,3,rises
ENSG00000211460,TSN,TRACKS_INFLAMMATION,EFO_1001249,0.15362048783461163,0.000545141545167185,3,rises
ENSG00000197302,KRABD5,TRACKS_INFLAMMATION,EFO_1001249,0.15350403148071443,0.008517337642077459,3,rises
ENSG00000176049,JAKMIP2,TRACKS_INFLAMMATION,EFO_1001249,-0.15338757512681722,0.008030582174014228,3,falls
ENSG00000187715,KBTBD12,TRACKS_INFLAMMATION,EFO_1001249,-0.15328814349614142,0.03629320068264545,3,falls
ENSG00000164169,PRMT9,TRACKS_INFLAMMATION,EFO_1001249,0.15289263562275424,0.0003326775486644447,3,rises
ENSG00000174516,PELI3,TRACKS_INFLAMMATION,EFO_1001249,-0.15270860620099472,0.014210728682652512,3,falls
ENSG00000104689,TNFRSF10A,TRACKS_INFLAMMATION,EFO_1001249,0.15264805424457037,2.391714251671858e-05,3,rises
ENSG00000175573,C11orf68,TRACKS_INFLAMMATION,EFO_1001249,0.1525432665610627,0.00011186006649155447,3,rises
ENSG00000102934,PLLP,TRACKS_INFLAMMATION,EFO_1001249,-0.15239769611869128,0.0010519245096228074,3,falls
ENSG00000197147,LRRC8B,TRACKS_INFLAMMATION,EFO_1001249,0.1521065552339483,0.0048416220490613655,3,rises
ENSG00000145907,G3BP1,TRACKS_INFLAMMATION,EFO_1001249,0.1519027566146282,0.0015836774470320027,3,rises
ENSG00000185689,TEX56P,TRACKS_INFLAMMATION,EFO_1001249,-0.1518590854819168,0.021873102621703805,3,falls
ENSG00000070371,CLTCL1,TRACKS_INFLAMMATION,EFO_1001249,0.15184452843767968,0.03365161564532443,3,rises
ENSG00000138134,STAMBPL1,TRACKS_INFLAMMATION,EFO_1001249,0.15182933385455227,0.0026570145333289163,3,rises
ENSG00000188986,NELFB,TRACKS_INFLAMMATION,EFO_1001249,0.15180932867179803,0.04433887725157717,3,rises
ENSG00000196182,STK40,TRACKS_INFLAMMATION,EFO_1001249,-0.1517717432164939,0.00034306379806030497,3,falls
ENSG00000163082,SGPP2,TRACKS_INFLAMMATION,EFO_1001249,0.1517400076349865,0.03308217465008174,3,rises
ENSG00000143570,SLC39A1,TRACKS_INFLAMMATION,EFO_1001249,0.1516989579953082,0.0014892823151638496,3,rises
ENSG00000133243,BTBD2,TRACKS_INFLAMMATION,EFO_1001249,-0.15146604528751384,0.012179502767586892,3,falls
ENSG00000124181,PLCG1,TRACKS_INFLAMMATION,EFO_1001249,0.15145148824327667,5.475604404414307e-07,3,rises
ENSG00000050820,BCAR1,TRACKS_INFLAMMATION,EFO_1001249,0.15133503188937952,0.019103883465617363,3,rises
ENSG00000121644,DESI2,TRACKS_INFLAMMATION,EFO_1001249,0.15126455318727372,0.00516442071668381,3,rises
ENSG00000139437,TCHP,TRACKS_INFLAMMATION,EFO_1001249,0.15069102790810154,0.019765431210403035,3,rises
ENSG00000154277,UCHL1,TRACKS_INFLAMMATION,EFO_1001249,0.15063126112289452,0.003042966311367043,3,rises
ENSG00000146409,SLC18B1,TRACKS_INFLAMMATION,EFO_1001249,0.15054252668041326,0.011265697288827968,3,rises
ENSG00000180376,CCDC66,TRACKS_INFLAMMATION,EFO_1001249,0.15054252668041324,0.010264565595399169,3,rises
ENSG00000123094,RASSF8,TRACKS_INFLAMMATION,EFO_1001249,0.15054252668041324,0.041458054913475206,3,rises
ENSG00000151914,DST,TRACKS_INFLAMMATION,EFO_1001249,-0.1505425266804132,0.04506826904765102,3,falls
ENSG00000147144,CCDC120,TRACKS_INFLAMMATION,EFO_1001249,0.1503597099254907,0.00928097154221994,3,rises
ENSG00000167910,CYP7A1,TRACKS_INFLAMMATION,EFO_1001249,0.14947173022702473,0.0004033306635237794,3,rises
ENSG00000117519,CNN3,TRACKS_INFLAMMATION,EFO_1001249,0.14929315195348092,0.0022423509842225547,3,rises
ENSG00000117016,RIMS3,TRACKS_INFLAMMATION,EFO_1001249,0.14910780412109603,1.341018965340937e-09,3,rises
ENSG00000118156,ZNF541,TRACKS_INFLAMMATION,EFO_1001249,0.14909418977126018,0.010744197498561581,3,rises
ENSG00000177311,ZBTB38,TRACKS_INFLAMMATION,EFO_1001249,0.14908347056028784,9.422550602555672e-09,3,rises
ENSG00000163348,PYGO2,TRACKS_INFLAMMATION,EFO_1001249,0.14900590481143602,0.045795273621742294,3,rises
ENSG00000187601,MAGEH1,TRACKS_INFLAMMATION,EFO_1001249,0.14899134776719886,0.0024574811898787005,3,rises
ENSG00000073350,LLGL2,TRACKS_INFLAMMATION,EFO_1001249,-0.1489436829648258,0.04685342159748887,3,falls
ENSG00000157087,ATP2B2,TRACKS_INFLAMMATION,EFO_1001249,-0.14893311959025032,0.003798844314268891,3,falls
ENSG00000119487,MAPKAP1,TRACKS_INFLAMMATION,EFO_1001249,0.14883122028059026,0.03958109762919189,3,rises
ENSG00000151239,TWF1,TRACKS_INFLAMMATION,EFO_1001249,0.1488038953693637,0.04994165746954954,3,rises
ENSG00000235098,ANKRD65,TRACKS_INFLAMMATION,EFO_1001249,0.1487584350594045,0.04689131194397282,3,rises
ENSG00000161217,PCYT1A,TRACKS_INFLAMMATION,EFO_1001249,0.1485546364400845,0.011705014593907872,3,rises
ENSG00000185046,ANKS1B,TRACKS_INFLAMMATION,EFO_1001249,0.1482125784364694,0.002972797868963674,3,rises
ENSG00000124164,VAPB,TRACKS_INFLAMMATION,EFO_1001249,0.14816159624568145,0.009212608812766648,3,rises
ENSG00000138944,SHISAL1,TRACKS_INFLAMMATION,EFO_1001249,0.1481179251129701,8.968826366589025e-06,3,rises
ENSG00000110172,CHORDC1,TRACKS_INFLAMMATION,EFO_1001249,0.14803058284754714,0.011597952862724135,3,rises
ENSG00000250510,GPR162,TRACKS_INFLAMMATION,EFO_1001249,-0.14797235467059858,0.0074116724730167,3,falls
ENSG00000204248,COL11A2,TRACKS_INFLAMMATION,EFO_1001249,-0.14782678422822712,0.00929939250118418,3,falls
ENSG00000163508,EOMES,TRACKS_INFLAMMATION,EFO_1001249,0.14781222718398998,0.01538578341373265,3,rises
ENSG00000013561,RNF14,TRACKS_INFLAMMATION,EFO_1001249,0.14772488491856706,0.011494718570897865,3,rises
ENSG00000138399,FASTKD1,TRACKS_INFLAMMATION,EFO_1001249,0.14765442065297127,0.013683513818885051,3,rises
ENSG00000169217,CD2BP2,TRACKS_INFLAMMATION,EFO_1001249,0.14765209969738133,2.299312137641067e-06,3,rises
ENSG00000123933,MXD4,TRACKS_INFLAMMATION,EFO_1001249,0.1472590595029784,0.0002978521827793017,3,rises
ENSG00000213190,MLLT11,TRACKS_INFLAMMATION,EFO_1001249,0.1472590595029784,0.006809029999790705,3,rises
ENSG00000196937,FAM3C,TRACKS_INFLAMMATION,EFO_1001249,0.14721538837026693,0.0035449241102452136,3,rises
ENSG00000118900,UBN1,TRACKS_INFLAMMATION,EFO_1001249,0.147126444223819,0.0004069074733517537,3,rises
ENSG00000147044,CASK,TRACKS_INFLAMMATION,EFO_1001249,0.1470698179278955,3.0763824260158775e-06,3,rises
ENSG00000140043,PTGR2,TRACKS_INFLAMMATION,EFO_1001249,-0.14705655042608798,7.622276597238184e-06,3,falls
ENSG00000196632,WNK3,TRACKS_INFLAMMATION,EFO_1001249,-0.14693239414611073,0.022867232250750838,3,falls
ENSG00000153132,CLGN,TRACKS_INFLAMMATION,EFO_1001249,0.1467641199989154,0.008839951819711717,3,rises
ENSG00000181789,COPG1,TRACKS_INFLAMMATION,EFO_1001249,0.14670589182196678,1.3880830100145183e-05,3,rises
ENSG00000103485,QPRT,TRACKS_INFLAMMATION,EFO_1001249,0.1462109523179038,0.003714858268057599,3,rises
ENSG00000086200,IPO11,TRACKS_INFLAMMATION,EFO_1001249,0.1459382496623915,3.1592753888824e-05,3,rises
ENSG00000127616,SMARCA4,TRACKS_INFLAMMATION,EFO_1001249,0.1457285682691984,5.383381070422657e-05,3,rises
ENSG00000117308,GALE,TRACKS_INFLAMMATION,EFO_1001249,-0.1456868987253665,0.0074116724730167,3,falls
ENSG00000107771,CCSER2,TRACKS_INFLAMMATION,EFO_1001249,0.1454976571502836,0.024096810890217823,3,rises
ENSG00000182544,SLC61A1,TRACKS_INFLAMMATION,EFO_1001249,0.14548834113238973,0.00011316245484684148,3,rises
ENSG00000162520,SYNC,TRACKS_INFLAMMATION,EFO_1001249,0.14492993242503485,0.006324287976069975,3,rises
ENSG00000186480,INSIG1,TRACKS_INFLAMMATION,EFO_1001249,0.1448571472038491,0.004465767831723469,3,rises
ENSG00000077274,CAPN6,TRACKS_INFLAMMATION,EFO_1001249,0.1447872925336125,0.018881973885890836,3,rises
ENSG00000013523,ANGEL1,TRACKS_INFLAMMATION,EFO_1001249,-0.14476631462552925,0.012686533246459757,3,falls
ENSG00000114209,PDCD10,TRACKS_INFLAMMATION,EFO_1001249,0.1447115767614777,0.0003918008079192394,3,rises
ENSG00000067992,PDK3,TRACKS_INFLAMMATION,EFO_1001249,-0.14471157676147764,0.007798219408422469,3,falls
ENSG00000164403,SHROOM1,TRACKS_INFLAMMATION,EFO_1001249,0.1446533485845291,0.010788243589376904,3,rises
ENSG00000185761,ADAMTSL5,TRACKS_INFLAMMATION,EFO_1001249,0.1446102675055019,0.0012954761503941698,3,rises
ENSG00000106245,BUD31,TRACKS_INFLAMMATION,EFO_1001249,0.14423119430165185,0.00012820246970587758,3,rises
ENSG00000172878,METAP1D,TRACKS_INFLAMMATION,EFO_1001249,-0.14412929499199179,0.02040673164660396,3,falls
ENSG00000184984,CHRM5,TRACKS_INFLAMMATION,EFO_1001249,-0.14410324048701376,0.0007922895127658996,3,falls
ENSG00000058091,CDK14,TRACKS_INFLAMMATION,EFO_1001249,-0.1440442881186688,0.013191500816199174,3,falls
ENSG00000101452,DHX35,TRACKS_INFLAMMATION,EFO_1001249,-0.14404428811866876,0.004796728263774213,3,falls
ENSG00000198455,ZXDB,TRACKS_INFLAMMATION,EFO_1001249,0.14404428811866873,0.014046910188451686,3,rises
ENSG00000130038,CRACR2A,TRACKS_INFLAMMATION,EFO_1001249,0.14394005341690888,0.0005509014666679056,3,rises
ENSG00000237515,SHISA9,TRACKS_INFLAMMATION,EFO_1001249,-0.14376536888606312,0.021181108053719082,3,falls
ENSG00000123600,METTL8,TRACKS_INFLAMMATION,EFO_1001249,0.14332226161180828,0.049671111852258504,3,rises
ENSG00000163590,PPM1L,TRACKS_INFLAMMATION,EFO_1001249,0.1432995434704744,0.0006413519773579457,3,rises
ENSG00000171552,BCL2L1,TRACKS_INFLAMMATION,EFO_1001249,0.14324131529352585,0.0039540640437662365,3,rises
ENSG00000165617,DACT1,TRACKS_INFLAMMATION,EFO_1001249,0.14312485893962867,7.679768066395995e-06,3,rises
ENSG00000198133,TMEM229B,TRACKS_INFLAMMATION,EFO_1001249,0.1429356173645458,0.00042191536120154196,3,rises
ENSG00000136754,ABI1,TRACKS_INFLAMMATION,EFO_1001249,0.1427463757894628,0.010462433743685927,3,rises
ENSG00000188783,PRELP,TRACKS_INFLAMMATION,EFO_1001249,0.14220776515268835,6.782090618461927e-08,3,rises
ENSG00000137522,RNF121,TRACKS_INFLAMMATION,EFO_1001249,0.14180016791404826,0.020865979111420855,3,rises
ENSG00000061676,NCKAP1,TRACKS_INFLAMMATION,EFO_1001249,0.1417128256486254,0.00015532108966554662,3,rises
ENSG00000151665,PIGF,TRACKS_INFLAMMATION,EFO_1001249,0.14164004042743966,0.0005244533741663771,3,rises
ENSG00000100439,ABHD4,TRACKS_INFLAMMATION,EFO_1001249,0.14062632103483316,0.0006708282420150861,3,rises
ENSG00000148248,SURF4,TRACKS_INFLAMMATION,EFO_1001249,0.14043415558436634,0.0006621597165764273,3,rises
ENSG00000064419,TNPO3,TRACKS_INFLAMMATION,EFO_1001249,0.14034674584390905,0.0016045721793239973,3,rises
ENSG00000162490,DRAXIN,TRACKS_INFLAMMATION,EFO_1001249,-0.13986408103050776,0.014109323562206677,3,falls
ENSG00000146216,TTBK1,TRACKS_INFLAMMATION,EFO_1001249,0.13978759546206077,0.0032593516905377877,3,rises
ENSG00000164252,AGGF1,TRACKS_INFLAMMATION,EFO_1001249,0.13899010257064534,0.020589155802040536,3,rises
ENSG00000112130,RNF8,TRACKS_INFLAMMATION,EFO_1001249,0.1389901025706453,0.001516870390367224,3,rises
ENSG00000164136,IL15,TRACKS_INFLAMMATION,EFO_1001249,0.13887420202238174,0.010115064966879394,3,rises
ENSG00000123989,CHPF,TRACKS_INFLAMMATION,EFO_1001249,0.1383897195074402,0.0015804002789085957,3,rises
ENSG00000107819,SFXN3,TRACKS_INFLAMMATION,EFO_1001249,0.1381800381142471,6.720949651250059e-06,3,rises
ENSG00000148719,DNAJB12,TRACKS_INFLAMMATION,EFO_1001249,0.13811014431651608,0.003090609588123757,3,rises
ENSG00000108010,GLRX3,TRACKS_INFLAMMATION,EFO_1001249,0.13794255119120435,1.104144354126189e-06,3,rises
ENSG00000183638,RP1L1,TRACKS_INFLAMMATION,EFO_1001249,-0.13789014676825515,0.04220192641268868,3,falls
ENSG00000085415,SEH1L,TRACKS_INFLAMMATION,EFO_1001249,-0.13754604955692434,0.010407844401947992,3,falls
ENSG00000214226,C17orf67,TRACKS_INFLAMMATION,EFO_1001249,-0.13754604955692432,0.03204437788133923,3,falls
ENSG00000162949,CAPN13,TRACKS_INFLAMMATION,EFO_1001249,0.13741672097589258,0.0019558432042359516,3,rises
ENSG00000099910,KLHL22,TRACKS_INFLAMMATION,EFO_1001249,0.13734131254147472,0.021065126618508706,3,rises
ENSG00000162687,KCNT2,TRACKS_INFLAMMATION,EFO_1001249,-0.1371564708023984,0.0035649074362095324,3,falls
ENSG00000105771,SMG9,TRACKS_INFLAMMATION,EFO_1001249,0.13711279966968695,0.00014961828321451062,3,rises
ENSG00000227057,WDR46,TRACKS_INFLAMMATION,EFO_1001249,0.13682402305006383,5.220740398029551e-05,3,rises
ENSG00000156256,USP16,TRACKS_INFLAMMATION,EFO_1001249,0.13682402305006383,0.014318309711074477,3,rises
ENSG00000182866,LCK,TRACKS_INFLAMMATION,EFO_1001249,0.1367821621596265,0.0030472734739303347,3,rises
ENSG00000134440,NARS1,TRACKS_INFLAMMATION,EFO_1001249,0.13678216215962646,1.2786442514894352e-06,3,rises
ENSG00000100592,DAAM1,TRACKS_INFLAMMATION,EFO_1001249,0.13643269317097131,0.008805231452450334,3,rises
ENSG00000132846,ZBED3,TRACKS_INFLAMMATION,EFO_1001249,-0.13610199654320335,1.7217001150965436e-05,3,falls
ENSG00000149527,PLCH2,TRACKS_INFLAMMATION,EFO_1001249,0.13599190726342666,0.034090152789926255,3,rises
ENSG00000124140,SLC12A5,TRACKS_INFLAMMATION,EFO_1001249,-0.1358697535126414,0.03204437788133923,3,falls
ENSG00000105707,HPN,TRACKS_INFLAMMATION,EFO_1001249,-0.1357881086441066,0.00018501414929090296,3,falls
ENSG00000145349,CAMK2D,TRACKS_INFLAMMATION,EFO_1001249,-0.13551152480360082,0.020507770482180887,3,falls
ENSG00000133597,ADCK2,TRACKS_INFLAMMATION,EFO_1001249,0.13546785367088934,0.0015094780191598832,3,rises
ENSG00000125648,SLC25A23,TRACKS_INFLAMMATION,EFO_1001249,-0.13537997003634286,9.938999714986995e-05,3,falls
ENSG00000178913,TAF7,TRACKS_INFLAMMATION,EFO_1001249,0.1352640550515693,0.0014836729276540403,3,rises
ENSG00000110660,SLC35F2,TRACKS_INFLAMMATION,EFO_1001249,0.1349874712110635,0.00112973811809529,3,rises
ENSG00000001629,ANKIB1,TRACKS_INFLAMMATION,EFO_1001249,0.13497291416682636,0.04432241064710759,3,rises
ENSG00000105122,RASAL3,TRACKS_INFLAMMATION,EFO_1001249,0.1349146859898778,0.03621075119292411,3,rises
ENSG00000068912,ERLEC1,TRACKS_INFLAMMATION,EFO_1001249,0.1346672162378463,5.9003794901412614e-05,3,rises
ENSG00000144048,DUSP11,TRACKS_INFLAMMATION,EFO_1001249,0.13465794352948235,0.007032484244064719,3,rises
ENSG00000154188,ANGPT1,TRACKS_INFLAMMATION,EFO_1001249,0.13433587923904047,0.0031967568985858527,3,rises
ENSG00000248905,FMN1,TRACKS_INFLAMMATION,EFO_1001249,0.13420051202309904,0.0004472094713578074,3,rises
ENSG00000002746,HECW1,TRACKS_INFLAMMATION,EFO_1001249,0.13416015599481343,8.681293911443008e-06,3,rises
ENSG00000100523,DDHD1,TRACKS_INFLAMMATION,EFO_1001249,0.1339359170226219,0.03864734790999727,3,rises
ENSG00000164002,EXO5,TRACKS_INFLAMMATION,EFO_1001249,0.13393591702262186,0.018973140621133797,3,rises
ENSG00000103351,IFT38,TRACKS_INFLAMMATION,EFO_1001249,0.13393591702262186,0.02153560260765706,3,rises
ENSG00000148459,PDSS1,TRACKS_INFLAMMATION,EFO_1001249,0.1339359170226218,1.2000149675273075e-05,3,rises
ENSG00000068724,TTC7A,TRACKS_INFLAMMATION,EFO_1001249,0.13342725986853704,0.0369587330974835,3,rises
ENSG00000138018,SELENOI,TRACKS_INFLAMMATION,EFO_1001249,0.13265842809349568,6.404094278329415e-05,3,rises
ENSG00000179021,C3orf38,TRACKS_INFLAMMATION,EFO_1001249,0.13249186400890087,0.03985632947649284,3,rises
ENSG00000105254,TBCB,TRACKS_INFLAMMATION,EFO_1001249,0.1324918640089008,0.04750860900859691,3,rises
ENSG00000112319,EYA4,TRACKS_INFLAMMATION,EFO_1001249,-0.13229441802719133,0.042994838835226895,3,falls
ENSG00000103550,KNOP1,TRACKS_INFLAMMATION,EFO_1001249,0.1322798609829542,0.03198130805030758,3,rises
ENSG00000175215,CTDSP2,TRACKS_INFLAMMATION,EFO_1001249,-0.1321488475848199,0.00032778935418398096,3,falls
ENSG00000145911,N4BP3,TRACKS_INFLAMMATION,EFO_1001249,0.1318755990739657,0.003741882843233653,3,rises
ENSG00000109943,CRTAM,TRACKS_INFLAMMATION,EFO_1001249,0.1312317537978796,0.02157875897884728,3,rises
ENSG00000103356,EARS2,TRACKS_INFLAMMATION,EFO_1001249,0.13077129555475786,0.0005897750640505384,3,rises
ENSG00000183625,CCR3,TRACKS_INFLAMMATION,EFO_1001249,-0.13067669063333892,0.014576275635043972,3,falls
ENSG00000129757,CDKN1C,TRACKS_INFLAMMATION,EFO_1001249,-0.1305039015860223,0.03453480523506332,3,falls
ENSG00000137726,FXYD6,TRACKS_INFLAMMATION,EFO_1001249,-0.13032578448831939,0.002709330652318654,3,falls
ENSG00000186910,SERPINA11,TRACKS_INFLAMMATION,EFO_1001249,0.13014225137517862,0.00026192637222843254,3,rises
ENSG00000116171,SCP2,TRACKS_INFLAMMATION,EFO_1001249,0.13009630434738215,0.007657644273322237,3,rises
ENSG00000137275,RIPK1,TRACKS_INFLAMMATION,EFO_1001249,0.1300723575774476,2.7059572567934244e-05,3,rises
ENSG00000106392,C1GALT1,TRACKS_INFLAMMATION,EFO_1001249,-0.12993617686077355,0.003638305608613322,3,falls
ENSG00000124256,ZBP1,TRACKS_INFLAMMATION,EFO_1001249,0.12983555476612793,0.014034172041654086,3,rises
ENSG00000166575,TMEM135,TRACKS_INFLAMMATION,EFO_1001249,0.1296037579814589,9.33604502260977e-05,3,rises
ENSG00000170144,HNRNPA3,TRACKS_INFLAMMATION,EFO_1001249,0.12939756622399906,0.001100199800308858,3,rises
ENSG00000175040,CHST2,TRACKS_INFLAMMATION,EFO_1001249,0.12938300917976195,0.004120427500425837,3,rises
ENSG00000139865,TTC6,TRACKS_INFLAMMATION,EFO_1001249,-0.12926655282586477,4.237047276936797e-07,3,falls
ENSG00000237172,B3GNT9,TRACKS_INFLAMMATION,EFO_1001249,0.12913553942773043,3.3210199700645863e-10,3,rises
ENSG00000101160,CTSZ,TRACKS_INFLAMMATION,EFO_1001249,0.12903364011807042,0.02109224360261551,3,rises
ENSG00000130032,PRRG3,TRACKS_INFLAMMATION,EFO_1001249,0.1290190830738333,0.04182202521849286,3,rises
ENSG00000168297,PXK,TRACKS_INFLAMMATION,EFO_1001249,0.1289317408084104,0.006439125349866792,3,rises
ENSG00000183060,LYSMD4,TRACKS_INFLAMMATION,EFO_1001249,0.12888173147459842,0.003235028445900667,3,rises
ENSG00000168785,TSPAN5,TRACKS_INFLAMMATION,EFO_1001249,-0.12888173147459836,0.002827551847750499,3,falls
ENSG00000116353,MECR,TRACKS_INFLAMMATION,EFO_1001249,0.1281597049677379,0.012815780582873188,3,rises
ENSG00000187147,RNF220,TRACKS_INFLAMMATION,EFO_1001249,0.12815970496773788,0.0005347009037059337,3,rises
ENSG00000197362,ZNF786,TRACKS_INFLAMMATION,EFO_1001249,0.12811533124097874,0.04185340666922036,3,rises
ENSG00000161203,AP2M1,TRACKS_INFLAMMATION,EFO_1001249,0.12804376110994445,1.0152174951219085e-05,3,rises
ENSG00000100731,PCNX1,TRACKS_INFLAMMATION,EFO_1001249,-0.12762160682706716,0.008549805235592291,3,falls
ENSG00000010219,DYRK4,TRACKS_INFLAMMATION,EFO_1001249,0.12743767846087742,1.526016369799556e-06,3,rises
ENSG00000227345,PARG,TRACKS_INFLAMMATION,EFO_1001249,0.1271368180727443,6.739220587786985e-05,3,rises
ENSG00000175213,ZNF408,TRACKS_INFLAMMATION,EFO_1001249,-0.12701021096910697,0.0438072310408082,3,falls
ENSG00000122756,CNTFR,TRACKS_INFLAMMATION,EFO_1001249,-0.12671565195401693,0.015929193398711194,3,falls
ENSG00000160145,KALRN,TRACKS_INFLAMMATION,EFO_1001249,-0.12671565195401688,0.006496319570363254,3,falls
ENSG00000056736,IL17RB,TRACKS_INFLAMMATION,EFO_1001249,-0.12628235875724966,0.0004910737283424602,3,falls
ENSG00000113494,PRLR,TRACKS_INFLAMMATION,EFO_1001249,-0.12625324466877538,0.00025742906413040535,3,falls
ENSG00000162998,FRZB,TRACKS_INFLAMMATION,EFO_1001249,0.12613678831487812,0.0028281832777730374,3,rises
ENSG00000181220,ZNF746,TRACKS_INFLAMMATION,EFO_1001249,0.1259912178725067,0.017473792554873982,3,rises
ENSG00000125520,SLC2A4RG,TRACKS_INFLAMMATION,EFO_1001249,-0.12594862351131678,0.008309462556540496,3,falls
ENSG00000159593,NAE1,TRACKS_INFLAMMATION,EFO_1001249,0.12591843265132097,6.208415070953479e-05,3,rises
ENSG00000106536,POU6F2,TRACKS_INFLAMMATION,EFO_1001249,-0.1256366172756791,0.027847988960547267,3,falls
ENSG00000198363,ASPH,TRACKS_INFLAMMATION,EFO_1001249,0.12556906358962944,0.005404382926818289,3,rises
ENSG00000185745,IFIT1,TRACKS_INFLAMMATION,EFO_1001249,0.1249576677316693,0.01449958674572887,3,rises
ENSG00000178035,IMPDH2,TRACKS_INFLAMMATION,EFO_1001249,0.12469564093540066,0.0022797654002997543,3,rises
ENSG00000214706,IFRD2,TRACKS_INFLAMMATION,EFO_1001249,0.12454957243343545,0.030518567806562234,3,rises
ENSG00000182566,CLEC4G,TRACKS_INFLAMMATION,EFO_1001249,-0.12454957243343544,0.00030362024146279897,3,falls
ENSG00000198522,GPN1,TRACKS_INFLAMMATION,EFO_1001249,0.1244045000506577,4.502689552448948e-05,3,rises
ENSG00000160185,UBASH3A,TRACKS_INFLAMMATION,EFO_1001249,0.12414247325438907,0.0025042678701024863,3,rises
ENSG00000137817,PARP6,TRACKS_INFLAMMATION,EFO_1001249,0.12382754592657493,0.0025247074678049933,3,rises
ENSG00000143149,ALDH9A1,TRACKS_INFLAMMATION,EFO_1001249,0.12347284921948028,0.03251887707140049,3,rises
ENSG00000183801,OLFML1,TRACKS_INFLAMMATION,EFO_1001249,0.12345829217524311,6.553157710108248e-06,3,rises
ENSG00000155097,ATP6V1C1,TRACKS_INFLAMMATION,EFO_1001249,0.12335639286558311,0.0006232487418047707,3,rises
ENSG00000175826,CTDNEP1,TRACKS_INFLAMMATION,EFO_1001249,0.1231055194197144,0.003833665289553328,3,rises
ENSG00000198034,RPS4X,TRACKS_INFLAMMATION,EFO_1001249,0.12293423858270586,0.03288257117997797,3,rises
ENSG00000166206,GABRB3,TRACKS_INFLAMMATION,EFO_1001249,0.12253997341023487,0.007898673339679533,3,rises
ENSG00000163564,PYHIN1,TRACKS_INFLAMMATION,EFO_1001249,0.12252664134406573,0.027542477018427276,3,rises
ENSG00000104881,PPP1R13L,TRACKS_INFLAMMATION,EFO_1001249,0.12245393362476524,0.034104004277100315,3,rises
ENSG00000102158,MAGT1,TRACKS_INFLAMMATION,EFO_1001249,0.1223834929128539,0.0025546538600856026,3,rises
ENSG00000168005,SPINDOC,TRACKS_INFLAMMATION,EFO_1001249,0.12225005750355991,0.0006130706322845601,3,rises
ENSG00000106009,BRAT1,TRACKS_INFLAMMATION,EFO_1001249,0.12217435843384114,0.0028508660604519777,3,rises
ENSG00000186185,KIF18B,TRACKS_INFLAMMATION,EFO_1001249,0.12209566719793453,0.038611615826753154,3,rises
ENSG00000139620,KANSL2,TRACKS_INFLAMMATION,EFO_1001249,0.12201714479576559,0.0005995236719200305,3,rises
ENSG00000104131,EIF3J,TRACKS_INFLAMMATION,EFO_1001249,0.12182790322068268,5.583984613151779e-06,3,rises
ENSG00000165192,ASB11,TRACKS_INFLAMMATION,EFO_1001249,-0.12157982724903008,0.017572382326364353,3,falls
ENSG00000133863,TEX15,TRACKS_INFLAMMATION,EFO_1001249,-0.12140574893780541,0.012483736264400427,3,falls
ENSG00000118520,ARG1,TRACKS_INFLAMMATION,EFO_1001249,-0.12098616387241366,0.018221927058939814,3,falls
ENSG00000197093,GAL3ST4,TRACKS_INFLAMMATION,EFO_1001249,0.12086230121294696,1.4688052643556976e-05,3,rises
ENSG00000082512,TRAF5,TRACKS_INFLAMMATION,EFO_1001249,0.12073612490289669,0.0018227041924889962,3,rises
ENSG00000182534,MXRA7,TRACKS_INFLAMMATION,EFO_1001249,0.12043042697391662,0.003280165734350921,3,rises
ENSG00000163995,ABLIM2,TRACKS_INFLAMMATION,EFO_1001249,0.12028722589510334,0.01485097589215754,3,rises
ENSG00000159882,ZNF230,TRACKS_INFLAMMATION,EFO_1001249,0.12021741339227247,0.031980109511882016,3,rises
ENSG00000084093,REST,TRACKS_INFLAMMATION,EFO_1001249,0.12015384313341079,0.01015471028227264,3,rises
ENSG00000116750,UCHL5,TRACKS_INFLAMMATION,EFO_1001249,0.1200082726910393,0.014477497335736429,3,rises
ENSG00000113734,BNIP1,TRACKS_INFLAMMATION,EFO_1001249,0.11960067545239923,0.014110143489186022,3,rises
ENSG00000042088,TDP1,TRACKS_INFLAMMATION,EFO_1001249,0.11949538688541195,0.0025256392003419684,3,rises
ENSG00000116455,WDR77,TRACKS_INFLAMMATION,EFO_1001249,0.11941143387731629,4.103620014645072e-05,3,rises
ENSG00000140382,HMG20A,TRACKS_INFLAMMATION,EFO_1001249,0.11930871272686887,9.307510233589433e-05,3,rises
ENSG00000165782,PIP4P1,TRACKS_INFLAMMATION,EFO_1001249,0.11880003801935612,0.0011804317109121044,3,rises
ENSG00000103522,IL21R,TRACKS_INFLAMMATION,EFO_1001249,0.11877092393088184,0.000642408870118094,3,rises
ENSG00000170653,ATF7,TRACKS_INFLAMMATION,EFO_1001249,-0.11859623940003605,0.0024971023010099576,3,falls
ENSG00000187144,SPATA21,TRACKS_INFLAMMATION,EFO_1001249,0.11853801122308748,3.660925026489619e-08,3,rises
ENSG00000173674,EIF1AX,TRACKS_INFLAMMATION,EFO_1001249,0.11852345417885032,0.00014969279032749682,3,rises
ENSG00000170248,PDCD6IP,TRACKS_INFLAMMATION,EFO_1001249,0.11839244078071601,1.4280221228134857e-07,3,rises
ENSG00000213214,ARHGEF35,TRACKS_INFLAMMATION,EFO_1001249,0.11814497102868457,0.04714496961659686,3,rises
ENSG00000047932,GOPC,TRACKS_INFLAMMATION,EFO_1001249,0.11805133387169095,0.04802085514658295,3,rises
ENSG00000198265,HELZ,TRACKS_INFLAMMATION,EFO_1001249,-0.11797028649783875,0.04597292587096602,3,falls
ENSG00000094914,AAAS,TRACKS_INFLAMMATION,EFO_1001249,0.11778104492275587,0.02406369342841004,3,rises
ENSG00000154734,ADAMTS1,TRACKS_INFLAMMATION,EFO_1001249,0.11770825970157009,0.0014622136261414624,3,rises
ENSG00000148935,GAS2,TRACKS_INFLAMMATION,EFO_1001249,-0.11756136778359315,0.00037737529463763563,3,falls
ENSG00000064115,TM7SF3,TRACKS_INFLAMMATION,EFO_1001249,0.11740256177259,0.004297275339286304,3,rises
ENSG00000099365,STX1B,TRACKS_INFLAMMATION,EFO_1001249,-0.11732930736483045,0.0004986253360439338,3,falls
ENSG00000187815,ZFP69,TRACKS_INFLAMMATION,EFO_1001249,0.11732930736483045,0.0252198478949724,3,rises
ENSG00000197860,SGTB,TRACKS_INFLAMMATION,EFO_1001249,0.11714200499720698,0.04380023846585294,3,rises
ENSG00000119121,TRPM6,TRACKS_INFLAMMATION,EFO_1001249,-0.1171405349763214,0.014430885469449286,3,falls
ENSG00000025434,NR1H3,TRACKS_INFLAMMATION,EFO_1001249,-0.11714053497632139,0.00012139712919806,3,falls
ENSG00000151948,GLT1D1,TRACKS_INFLAMMATION,EFO_1001249,-0.11703863566666135,0.02158290518097095,3,falls
ENSG00000105993,DNAJB6,TRACKS_INFLAMMATION,EFO_1001249,0.11703863566666133,0.022168769565307618,3,rises
ENSG00000144619,CNTN4,TRACKS_INFLAMMATION,EFO_1001249,0.11693673635700129,0.006084438723112345,3,rises
ENSG00000132256,TRIM5,TRACKS_INFLAMMATION,EFO_1001249,0.11692217931276416,2.722011581587997e-05,3,rises
ENSG00000185269,NOTUM,TRACKS_INFLAMMATION,EFO_1001249,0.11686395113581557,0.04922931671917924,3,rises
ENSG00000204599,TRIM39,TRACKS_INFLAMMATION,EFO_1001249,0.11660728085796995,5.224087710722591e-05,3,rises
ENSG00000178974,FBXO34,TRACKS_INFLAMMATION,EFO_1001249,0.11657281025107266,0.00039431347054769426,3,rises
ENSG00000135929,CYP27A1,TRACKS_INFLAMMATION,EFO_1001249,-0.1165291391183612,0.01137385699982852,3,falls
ENSG00000181873,IBA57,TRACKS_INFLAMMATION,EFO_1001249,0.1165000250298869,0.000667165386603955,3,rises
ENSG00000069329,VPS35,TRACKS_INFLAMMATION,EFO_1001249,0.11616349182897254,2.735572099236835e-10,3,rises
ENSG00000072864,NDE1,TRACKS_INFLAMMATION,EFO_1001249,0.11609359803124146,0.00048304831352203627,3,rises
ENSG00000006125,AP2B1,TRACKS_INFLAMMATION,EFO_1001249,0.11599052848158678,5.496279061225921e-08,3,rises
ENSG00000143337,TOR1AIP1,TRACKS_INFLAMMATION,EFO_1001249,-0.11588525435110943,0.016565609867656077,3,falls
ENSG00000136877,FPGS,TRACKS_INFLAMMATION,EFO_1001249,-0.11572850168531815,0.005720994609994495,3,falls
ENSG00000006534,ALDH3B1,TRACKS_INFLAMMATION,EFO_1001249,0.11523356218125509,1.4382897431916257e-07,3,rises
ENSG00000189129,PLAC9,TRACKS_INFLAMMATION,EFO_1001249,0.11516322784424897,0.016080018486214504,3,rises
ENSG00000138032,PPM1B,TRACKS_INFLAMMATION,EFO_1001249,0.11516322784424897,0.02876502070348301,3,rises
ENSG00000143207,COP1,TRACKS_INFLAMMATION,EFO_1001249,0.11516322784424896,1.899346063435313e-05,3,rises
ENSG00000115457,IGFBP2,TRACKS_INFLAMMATION,EFO_1001249,-0.11494242129651219,0.0005504145249746675,3,falls
ENSG00000110066,KMT5B,TRACKS_INFLAMMATION,EFO_1001249,0.11444120133738847,0.039400428790154256,3,rises
ENSG00000163586,FABP1,TRACKS_INFLAMMATION,EFO_1001249,0.11438925361550062,0.00023647104819760688,3,rises
ENSG00000101384,JAG1,TRACKS_INFLAMMATION,EFO_1001249,0.11373418662482898,0.0021580874066695517,3,rises
ENSG00000144867,SRPRB,TRACKS_INFLAMMATION,EFO_1001249,0.11351583096127178,4.32532973739545e-09,3,rises
ENSG00000101966,XIAP,TRACKS_INFLAMMATION,EFO_1001249,0.11326836120924028,0.02411664208311132,3,rises
ENSG00000119703,ZC2HC1C,TRACKS_INFLAMMATION,EFO_1001249,0.11323924712076601,6.423326053691785e-05,3,rises
ENSG00000165949,IFI27,TRACKS_INFLAMMATION,EFO_1001249,0.11321013303229172,0.003623439882460478,3,rises
ENSG00000168936,TMEM129,TRACKS_INFLAMMATION,EFO_1001249,0.11299714832366749,0.003929139097742562,3,rises
ENSG00000108528,SLC25A11,TRACKS_INFLAMMATION,EFO_1001249,0.11278797874941443,0.017170802250244255,3,rises
ENSG00000206535,LNP1,TRACKS_INFLAMMATION,EFO_1001249,-0.11278797874941443,0.030842640566130914,3,falls
ENSG00000160271,RALGDS,TRACKS_INFLAMMATION,EFO_1001249,0.1127151935282287,0.0025224073109449984,3,rises
ENSG00000174640,SLCO2A1,TRACKS_INFLAMMATION,EFO_1001249,0.1124628249193575,0.003643517295354395,3,rises
ENSG00000177189,RPS6KA3,TRACKS_INFLAMMATION,EFO_1001249,0.11243860968772293,0.010096294451463402,3,rises
ENSG00000166912,MTMR10,TRACKS_INFLAMMATION,EFO_1001249,-0.11224936811263998,0.02862494941295761,3,falls
ENSG00000133103,COG6,TRACKS_INFLAMMATION,EFO_1001249,0.11219113993569142,0.02809526836349887,3,rises
ENSG00000205336,ADGRG1,TRACKS_INFLAMMATION,EFO_1001249,0.11169028877418657,0.00117197467563304,3,rises
ENSG00000164022,AIMP1,TRACKS_INFLAMMATION,EFO_1001249,0.11157974407773122,2.9782078731614073e-05,3,rises
ENSG00000196776,CD47,TRACKS_INFLAMMATION,EFO_1001249,0.11143417363535973,0.008683998892903496,3,rises
ENSG00000135686,KLHL36,TRACKS_INFLAMMATION,EFO_1001249,0.1112709259878004,0.003699393116771449,3,rises
ENSG00000076351,SLC46A1,TRACKS_INFLAMMATION,EFO_1001249,-0.11124493206027687,0.0351775149030011,3,falls
ENSG00000177570,SAMD12,TRACKS_INFLAMMATION,EFO_1001249,0.11112847570637968,0.021837870281559056,3,rises
ENSG00000136518,ACTL6A,TRACKS_INFLAMMATION,EFO_1001249,0.110831068803086,0.009295178260493264,3,rises
ENSG00000115163,CENPA,TRACKS_INFLAMMATION,EFO_1001249,0.11065360072318561,0.0369520572371833,3,rises
ENSG00000119682,AREL1,TRACKS_INFLAMMATION,EFO_1001249,0.11028416714062517,1.046090930822094e-07,3,rises
ENSG00000159917,ZNF235,TRACKS_INFLAMMATION,EFO_1001249,0.11010904229622548,0.02424584303797732,3,rises
ENSG00000169733,RFNG,TRACKS_INFLAMMATION,EFO_1001249,-0.10959347484225561,0.0025298088103564596,3,falls
ENSG00000198858,R3HDM4,TRACKS_INFLAMMATION,EFO_1001249,0.10952720084029352,0.002738200786523735,3,rises
ENSG00000172113,NME6,TRACKS_INFLAMMATION,EFO_1001249,0.10938701578936502,0.0001323915526591331,3,rises
ENSG00000124383,MPHOSPH10,TRACKS_INFLAMMATION,EFO_1001249,0.10926517404402489,0.01967070573097695,3,rises
ENSG00000167767,KRT80,TRACKS_INFLAMMATION,EFO_1001249,0.10898530429152384,0.010625946201976183,3,rises
ENSG00000198538,ZNF28,TRACKS_INFLAMMATION,EFO_1001249,0.10895947611504479,2.9341019712269776e-05,3,rises
ENSG00000137824,RMDN3,TRACKS_INFLAMMATION,EFO_1001249,0.10866498928250454,1.0759043532241012e-06,3,rises
ENSG00000072422,RHOBTB1,TRACKS_INFLAMMATION,EFO_1001249,0.10840528028082817,0.006792709364274283,3,rises
ENSG00000133789,SWAP70,TRACKS_INFLAMMATION,EFO_1001249,0.10792592597420736,3.3974687869587125e-09,3,rises
ENSG00000138231,DBR1,TRACKS_INFLAMMATION,EFO_1001249,0.10770634230351782,0.0051003803953570005,3,rises
ENSG00000169379,ARL13B,TRACKS_INFLAMMATION,EFO_1001249,0.1076638991779387,0.003292259386757418,3,rises
ENSG00000171453,POLR1C,TRACKS_INFLAMMATION,EFO_1001249,0.10722093626878354,0.030800570643013076,3,rises
ENSG00000160214,RRP1,TRACKS_INFLAMMATION,EFO_1001249,0.1072209362687835,0.0021214929479392735,3,rises
ENSG00000125089,SH3TC1,TRACKS_INFLAMMATION,EFO_1001249,0.10721708571940061,0.00310153958867318,3,rises
ENSG00000168763,CNNM3,TRACKS_INFLAMMATION,EFO_1001249,-0.10684870470065849,1.265245301014718e-05,3,falls
ENSG00000069431,ABCC9,TRACKS_INFLAMMATION,EFO_1001249,-0.1067904765237099,0.04834182778585027,3,falls
ENSG00000135587,SMPD2,TRACKS_INFLAMMATION,EFO_1001249,0.10649890976192303,0.015171532976850415,3,rises
ENSG00000163430,FSTL1,TRACKS_INFLAMMATION,EFO_1001249,0.1063683222408326,2.356940158751852e-08,3,rises
ENSG00000136881,BAAT,TRACKS_INFLAMMATION,EFO_1001249,-0.10577688325506257,0.008026249365688723,3,falls
ENSG00000119328,ABITRAM,TRACKS_INFLAMMATION,EFO_1001249,0.10566958411744956,0.000986089243413547,3,rises
ENSG00000160959,LRRC14,TRACKS_INFLAMMATION,EFO_1001249,0.10556768480778957,0.00047043185091468317,3,rises
ENSG00000168036,CTNNB1,TRACKS_INFLAMMATION,EFO_1001249,0.1055396345738559,6.228688564845288e-06,3,rises
ENSG00000115602,IL33R,TRACKS_INFLAMMATION,EFO_1001249,0.10533477209999521,0.018607456593528637,3,rises
ENSG00000197903,H2BC12,TRACKS_INFLAMMATION,EFO_1001249,0.10505485674820203,0.0420399745915878,3,rises
ENSG00000213923,CSNK1E,TRACKS_INFLAMMATION,EFO_1001249,0.1050290741710151,6.653695815052049e-05,3,rises
ENSG00000105186,ANKRD27,TRACKS_INFLAMMATION,EFO_1001249,0.10477080279881458,0.002950666615122857,3,rises
ENSG00000164659,ELAPOR2,TRACKS_INFLAMMATION,EFO_1001249,0.10464480330583095,1.3137299839758534e-06,3,rises
ENSG00000124092,CTCFL,TRACKS_INFLAMMATION,EFO_1001249,-0.10451957762271495,0.021062336217267066,3,falls
ENSG00000081692,JMJD4,TRACKS_INFLAMMATION,EFO_1001249,0.10433283024134155,0.041110696429163374,3,rises
ENSG00000242265,PEG10,TRACKS_INFLAMMATION,EFO_1001249,0.10433283024134153,6.228688564845288e-06,3,rises
ENSG00000170390,DCLK2,TRACKS_INFLAMMATION,EFO_1001249,0.10431992926795594,0.032776193362632294,3,rises
ENSG00000116273,PHF13,TRACKS_INFLAMMATION,EFO_1001249,0.10419932264949774,0.0020508383970389145,3,rises
ENSG00000163938,GNL3,TRACKS_INFLAMMATION,EFO_1001249,0.10367526905696045,0.019735852211154443,3,rises
ENSG00000143184,XCL1,TRACKS_INFLAMMATION,EFO_1001249,0.10361080373448102,0.04784674241548306,3,rises
ENSG00000136051,WASHC4,TRACKS_INFLAMMATION,EFO_1001249,0.10352969861458902,0.002510937305201824,3,rises
ENSG00000156983,BRPF1,TRACKS_INFLAMMATION,EFO_1001249,0.10316577250866035,0.009689842408099168,3,rises
ENSG00000144591,GMPPA,TRACKS_INFLAMMATION,EFO_1001249,0.10272906118154591,5.560331223152174e-05,3,rises
ENSG00000198959,TGM2,TRACKS_INFLAMMATION,EFO_1001249,0.10272906118154591,0.0019438492137868345,3,rises
ENSG00000166140,ZFYVE19,TRACKS_INFLAMMATION,EFO_1001249,-0.10190515709184235,0.011857356434721128,3,falls
ENSG00000144354,CDCA7,TRACKS_INFLAMMATION,EFO_1001249,0.10189930966002853,0.011494718570897865,3,rises
ENSG00000174099,MSRB3,TRACKS_INFLAMMATION,EFO_1001249,0.10185563852731712,0.035110352889700686,3,rises
ENSG00000107201,RIGI,TRACKS_INFLAMMATION,EFO_1001249,0.1017100680849456,0.04895029430125275,3,rises
ENSG00000174145,NWD2,TRACKS_INFLAMMATION,EFO_1001249,-0.10163728286375988,0.04129351120714156,3,falls
ENSG00000221886,ZBED8,TRACKS_INFLAMMATION,EFO_1001249,0.1012442426693569,0.0016621852376571425,3,rises
ENSG00000009307,CSDE1,TRACKS_INFLAMMATION,EFO_1001249,-0.10080753134224253,0.00022977148840580802,3,falls
ENSG00000163945,UVSSA,TRACKS_INFLAMMATION,EFO_1001249,-0.10072269770703907,0.02580387451295982,3,falls
ENSG00000158555,GDPD5,TRACKS_INFLAMMATION,EFO_1001249,0.10072269770703907,0.029209054137658452,3,rises
ENSG00000185442,FAM174B,TRACKS_INFLAMMATION,EFO_1001249,-0.10072269770703905,0.0023098613330186078,3,falls
ENSG00000099622,CIRBP,TRACKS_INFLAMMATION,EFO_1001249,-0.10050728113722174,0.04361918940020101,3,falls
ENSG00000116906,GNPAT,TRACKS_INFLAMMATION,EFO_1001249,0.10023980661699378,1.898223228900826e-05,3,rises
ENSG00000186283,TOR3A,TRACKS_INFLAMMATION,EFO_1001249,0.10019613548428233,3.277653939366833e-05,3,rises
ENSG00000010404,IDS,TRACKS_INFLAMMATION,EFO_1001249,-0.1000006712001786,0.0013181274089761074,3,falls
ENSG00000146285,SCML4,TRACKS_INFLAMMATION,EFO_1001249,0.09974486711293078,0.021057293236228142,3,rises
ENSG00000196923,PDLIM7,TRACKS_INFLAMMATION,EFO_1001249,0.09973844936218035,0.033961035156436926,3,rises
ENSG00000110090,CPT1A,TRACKS_INFLAMMATION,EFO_1001249,0.09959866176671832,0.018074867181977917,3,rises
ENSG00000117523,PRRC2C,TRACKS_INFLAMMATION,EFO_1001249,0.09952876796898731,0.0008506182205120722,3,rises
ENSG00000088387,DOCK9,TRACKS_INFLAMMATION,EFO_1001249,0.09952651144937355,4.499255783908551e-05,3,rises
ENSG00000047315,POLR2B,TRACKS_INFLAMMATION,EFO_1001249,0.09948284031666213,3.6325857685508257e-06,3,rises
ENSG00000118961,LDAH,TRACKS_INFLAMMATION,EFO_1001249,0.09927864469331804,0.046380726100536916,3,rises
ENSG00000133740,E2F5,TRACKS_INFLAMMATION,EFO_1001249,0.09907524307802205,0.005192613474950854,3,rises
ENSG00000205593,DENND6B,TRACKS_INFLAMMATION,EFO_1001249,0.09906068603378489,0.006589910788723415,3,rises
ENSG00000164078,MST1R,TRACKS_INFLAMMATION,EFO_1001249,0.0988442915081207,0.0023881525534567107,3,rises
ENSG00000164961,WASHC5,TRACKS_INFLAMMATION,EFO_1001249,0.09866764583938192,2.5635857550378416e-06,3,rises
ENSG00000086848,ALG9,TRACKS_INFLAMMATION,EFO_1001249,0.09808536406989603,0.012645705414911744,3,rises
ENSG00000133466,C1QTNF6,TRACKS_INFLAMMATION,EFO_1001249,0.09770688091973022,0.0360081059647224,3,rises
ENSG00000144331,ZNF385B,TRACKS_INFLAMMATION,EFO_1001249,-0.09711256517273659,0.03234431221705513,3,falls
ENSG00000070081,NUCB2,TRACKS_INFLAMMATION,EFO_1001249,0.09639053866587612,0.00784773664196547,3,rises
ENSG00000158528,PPP1R9A,TRACKS_INFLAMMATION,EFO_1001249,0.09639053866587612,0.016433422803554854,3,rises
ENSG00000172037,LAMB2,TRACKS_INFLAMMATION,EFO_1001249,0.09631365327335988,6.2285778910033885e-06,3,rises
ENSG00000170017,ALCAM,TRACKS_INFLAMMATION,EFO_1001249,0.09613472014211832,0.04473746736945099,3,rises
ENSG00000156113,KCNMA1,TRACKS_INFLAMMATION,EFO_1001249,-0.0956685121590156,0.00035094722168172,3,falls
ENSG00000086475,SEPHS1,TRACKS_INFLAMMATION,EFO_1001249,-0.09513028408975523,0.03522804023576478,3,falls
ENSG00000053900,ANAPC4,TRACKS_INFLAMMATION,EFO_1001249,0.09460623049721795,0.028581566828036784,3,rises
ENSG00000185482,STAC3,TRACKS_INFLAMMATION,EFO_1001249,0.09416951917010351,0.021613014782210442,3,rises
ENSG00000113716,HMGXB3,TRACKS_INFLAMMATION,EFO_1001249,0.09409673394891781,1.8352699185436602e-06,3,rises
ENSG00000169860,P2RY1,TRACKS_INFLAMMATION,EFO_1001249,0.09401025451618135,0.0014957178610374472,3,rises
ENSG00000176102,CSTF3,TRACKS_INFLAMMATION,EFO_1001249,0.0939802775950206,0.019479609688487033,3,rises
ENSG00000114127,XRN1,TRACKS_INFLAMMATION,EFO_1001249,-0.0937619219314634,0.013223619173828914,3,falls
ENSG00000134262,AP4B1,TRACKS_INFLAMMATION,EFO_1001249,0.09350243263843414,0.004051603524004721,3,rises
ENSG00000166847,DCTN5,TRACKS_INFLAMMATION,EFO_1001249,0.09350243263843411,0.0005527005963243041,3,rises
ENSG00000160679,CHTOP,TRACKS_INFLAMMATION,EFO_1001249,0.0935024326384341,0.0027737353242889362,3,rises
ENSG00000110092,CCND1,TRACKS_INFLAMMATION,EFO_1001249,0.09338343878129755,9.062953843542719e-05,3,rises
ENSG00000163808,KIF15,TRACKS_INFLAMMATION,EFO_1001249,0.09323786833892611,0.02489875963345147,3,rises
ENSG00000128567,PODXL,TRACKS_INFLAMMATION,EFO_1001249,0.09312141198502892,0.00021307351626279403,3,rises
ENSG00000169220,RGS14,TRACKS_INFLAMMATION,EFO_1001249,-0.09278659996757452,0.00024074503973622557,3,falls
ENSG00000141753,IGFBP4,TRACKS_INFLAMMATION,EFO_1001249,0.0927429288348631,0.004812948525295854,3,rises
ENSG00000080910,CFHR2,TRACKS_INFLAMMATION,EFO_1001249,-0.09272130806324046,0.0039043234726162408,3,falls
ENSG00000103512,NOMO1,TRACKS_INFLAMMATION,EFO_1001249,0.09260928199361528,2.1575330118762796e-05,3,rises
ENSG00000131910,NR0B2,TRACKS_INFLAMMATION,EFO_1001249,-0.09256824430401735,0.04311360190045009,3,falls
ENSG00000184445,KNTC1,TRACKS_INFLAMMATION,EFO_1001249,0.09253913021554304,0.0009973058301591502,3,rises
ENSG00000169118,CSNK1G1,TRACKS_INFLAMMATION,EFO_1001249,0.09236444568469732,0.006257078031506671,3,rises
ENSG00000123836,PFKFB2,TRACKS_INFLAMMATION,EFO_1001249,0.09221887524232579,1.876438082586447e-05,3,rises
ENSG00000197713,RPE,TRACKS_INFLAMMATION,EFO_1001249,0.09205837962471315,0.01636752003812538,3,rises
ENSG00000132821,VSTM2L,TRACKS_INFLAMMATION,EFO_1001249,0.09205837962471312,0.043740803878844464,3,rises
ENSG00000090097,PCBP4,TRACKS_INFLAMMATION,EFO_1001249,0.09175304982673711,0.0002711576489220954,3,rises
ENSG00000182934,SRPRA,TRACKS_INFLAMMATION,EFO_1001249,0.09121443918996266,0.0283877951574721,3,rises
ENSG00000176171,BNIP3,TRACKS_INFLAMMATION,EFO_1001249,-0.09100172464580157,7.298570935321002e-08,3,falls
ENSG00000182013,PNMA8A,TRACKS_INFLAMMATION,EFO_1001249,0.09095997688871592,0.011210357998341906,3,rises
ENSG00000107185,RGP1,TRACKS_INFLAMMATION,EFO_1001249,0.09057392924352821,0.0012580117232703714,3,rises
ENSG00000167671,UBXN6,TRACKS_INFLAMMATION,EFO_1001249,-0.08924923821794786,0.028892920756618517,3,falls
ENSG00000076043,REXO2,TRACKS_INFLAMMATION,EFO_1001249,0.08917027359727114,0.00013684865941005622,3,rises
ENSG00000100557,CCDC198,TRACKS_INFLAMMATION,EFO_1001249,0.0891036677755764,3.45636180465791e-05,3,rises
ENSG00000165288,BRWD3,TRACKS_INFLAMMATION,EFO_1001249,-0.08908911073133918,0.0008992163580302869,3,falls
ENSG00000136848,DAB2IP,TRACKS_INFLAMMATION,EFO_1001249,0.08904543959862779,0.0011239298816042105,3,rises
ENSG00000244734,HBB,TRACKS_INFLAMMATION,EFO_1001249,0.08875429871388482,0.00919965333459202,3,rises
ENSG00000137198,GMPR,TRACKS_INFLAMMATION,EFO_1001249,-0.08855050009456478,0.04761140866890276,3,falls
ENSG00000104081,BMF,TRACKS_INFLAMMATION,EFO_1001249,0.08844824709041069,0.000787786430102681,3,rises
ENSG00000164638,SLC29A4,TRACKS_INFLAMMATION,EFO_1001249,0.08667264138797283,0.04528771584486434,3,rises
ENSG00000162542,TMCO4,TRACKS_INFLAMMATION,EFO_1001249,0.0865561850340757,0.00945336942220206,3,rises
ENSG00000135829,DHX9,TRACKS_INFLAMMATION,EFO_1001249,0.08630871528204416,5.214923042943326e-05,3,rises
ENSG00000126759,CFP,TRACKS_INFLAMMATION,EFO_1001249,-0.08627960119356988,0.00025201479952411803,3,falls
ENSG00000095564,BTAF1,TRACKS_INFLAMMATION,EFO_1001249,-0.08600301735306408,0.008650305235048705,3,falls
ENSG00000196090,PTPRT,TRACKS_INFLAMMATION,EFO_1001249,-0.0853625074066296,0.007386828284343906,3,falls
ENSG00000103811,CTSH,TRACKS_INFLAMMATION,EFO_1001249,-0.08530427922968103,0.022973142073531096,3,falls
ENSG00000092969,TGFB2,TRACKS_INFLAMMATION,EFO_1001249,0.08527043323185711,0.012549811777617262,3,rises
ENSG00000119772,DNMT3A,TRACKS_INFLAMMATION,EFO_1001249,0.08492096424320197,0.04569680557592652,3,rises
ENSG00000137070,IL11RA,TRACKS_INFLAMMATION,EFO_1001249,0.08486756790256662,0.010740322247626137,3,rises
ENSG00000002919,SNX11,TRACKS_INFLAMMATION,EFO_1001249,0.084707440415958,2.5770101712621662e-06,3,rises
ENSG00000124104,SNX21,TRACKS_INFLAMMATION,EFO_1001249,0.08457642701782365,0.04147155860823575,3,rises
ENSG00000039068,CDH1,TRACKS_INFLAMMATION,EFO_1001249,0.0830916085056347,4.954377696916866e-06,3,rises
ENSG00000176463,SLCO3A1,TRACKS_INFLAMMATION,EFO_1001249,0.0830338317044641,0.00027895939039695495,3,rises
ENSG00000110013,SIAE,TRACKS_INFLAMMATION,EFO_1001249,0.0825384408246231,0.004248758772230513,3,rises
ENSG00000129534,MIS18BP1,TRACKS_INFLAMMATION,EFO_1001249,0.08247468132261584,0.0030708945112970076,3,rises
ENSG00000115459,ELMOD3,TRACKS_INFLAMMATION,EFO_1001249,0.08207261540903442,0.002636995292341804,3,rises
ENSG00000028839,TBPL1,TRACKS_INFLAMMATION,EFO_1001249,0.0820143872320858,5.78308661476219e-08,3,rises
ENSG00000213551,DNAJC9,TRACKS_INFLAMMATION,EFO_1001249,0.08182514565700294,6.646154756350615e-05,3,rises
ENSG00000139218,SCAF11,TRACKS_INFLAMMATION,EFO_1001249,0.08114669916572631,0.04444277377085246,3,rises
ENSG00000136141,LRCH1,TRACKS_INFLAMMATION,EFO_1001249,0.08023807979522292,0.013426263151588921,3,rises
ENSG00000180871,CXCR2,TRACKS_INFLAMMATION,EFO_1001249,-0.07978418334286057,0.028714570891275316,3,falls
ENSG00000173757,STAT5B,TRACKS_INFLAMMATION,EFO_1001249,-0.07895740794228498,0.03215487576301692,3,falls
ENSG00000124469,CEACAM8,TRACKS_INFLAMMATION,EFO_1001249,-0.07838968321703622,0.006098574262375777,3,falls
ENSG00000187068,C3orf70,TRACKS_INFLAMMATION,EFO_1001249,-0.07825866981890187,0.0016012366757429677,3,falls
ENSG00000140521,POLG,TRACKS_INFLAMMATION,EFO_1001249,0.07786562962449896,1.6469969389513552e-06,3,rises
ENSG00000184557,SOCS3,TRACKS_INFLAMMATION,EFO_1001249,0.07765200927917479,6.74956171417652e-05,3,rises
ENSG00000197714,ZNF460,TRACKS_INFLAMMATION,EFO_1001249,-0.07761784948750326,0.00024701180356021305,3,falls
ENSG00000170522,ELOVL6,TRACKS_INFLAMMATION,EFO_1001249,0.07761784948750325,0.008998044268167478,3,rises
ENSG00000080815,PSEN1,TRACKS_INFLAMMATION,EFO_1001249,0.07722511967806446,1.635284286911486e-05,3,rises
ENSG00000088881,EBF4,TRACKS_INFLAMMATION,EFO_1001249,-0.07716689150111589,0.013220780664778237,3,falls
ENSG00000168268,NT5DC2,TRACKS_INFLAMMATION,EFO_1001249,0.07702296509959548,0.005533737598750798,3,rises
ENSG00000166750,SLFN5,TRACKS_INFLAMMATION,EFO_1001249,0.07696309288179586,4.836091601196292e-05,3,rises
ENSG00000162739,SLAMF6,TRACKS_INFLAMMATION,EFO_1001249,0.07686119357213582,0.04230382702493882,3,rises
ENSG00000170190,SLC16A5,TRACKS_INFLAMMATION,EFO_1001249,0.0763939209200162,0.011653544792925663,3,rises
ENSG00000057608,GDI2,TRACKS_INFLAMMATION,EFO_1001249,0.07633713997959853,0.0006493090899956839,3,rises
ENSG00000100413,POLR3H,TRACKS_INFLAMMATION,EFO_1001249,-0.07618423952682314,0.0008144273754550004,3,falls
ENSG00000104332,SFRP1,TRACKS_INFLAMMATION,EFO_1001249,0.07534551395405079,0.0007090699147105837,3,rises
ENSG00000135932,CAB39,TRACKS_INFLAMMATION,EFO_1001249,0.07507067713096673,0.030459214308168378,3,rises
ENSG00000085998,POMGNT1,TRACKS_INFLAMMATION,EFO_1001249,0.07485232146740951,3.420047033146058e-05,3,rises
ENSG00000100519,PSMC6,TRACKS_INFLAMMATION,EFO_1001249,0.07464852284808944,1.944335690168105e-06,3,rises
ENSG00000014216,CAPN1,TRACKS_INFLAMMATION,EFO_1001249,0.07457668217900945,7.013038892186221e-05,3,rises
ENSG00000176014,TUBB6,TRACKS_INFLAMMATION,EFO_1001249,0.07390611359199498,5.2809228432591455e-05,3,rises
ENSG00000184500,PROS1,TRACKS_INFLAMMATION,EFO_1001249,-0.0738478854150464,0.046574541403695775,3,falls
ENSG00000102738,MRPS31,TRACKS_INFLAMMATION,EFO_1001249,0.07351307339759203,0.006968584458952421,3,rises
ENSG00000057252,SOAT1,TRACKS_INFLAMMATION,EFO_1001249,0.0733529459109834,0.012806848739553596,3,rises
ENSG00000173145,NOC3L,TRACKS_INFLAMMATION,EFO_1001249,0.07322193251284907,0.043271782617126955,3,rises
ENSG00000198700,IPO9,TRACKS_INFLAMMATION,EFO_1001249,0.07282889231844611,7.97945039385782e-06,3,rises
ENSG00000007202,BLTP2,TRACKS_INFLAMMATION,EFO_1001249,0.0726687648318375,0.0009290519809967818,3,rises
ENSG00000111261,MANSC1,TRACKS_INFLAMMATION,EFO_1001249,0.07206050546069234,0.0006888952441750965,3,rises
ENSG00000162869,PPP1R21,TRACKS_INFLAMMATION,EFO_1001249,0.07188268444303156,0.008258494746093583,3,rises
ENSG00000044115,CTNNA1,TRACKS_INFLAMMATION,EFO_1001249,0.0717079999121858,6.846357588197761e-13,3,rises
ENSG00000134369,NAV1,TRACKS_INFLAMMATION,EFO_1001249,0.07138774493896857,3.316810515877948e-06,3,rises
ENSG00000160654,CD3G,TRACKS_INFLAMMATION,EFO_1001249,0.07126874446927678,0.004818953347709828,3,rises
ENSG00000100372,SLC25A17,TRACKS_INFLAMMATION,EFO_1001249,0.07118394631964851,0.0001466545166378569,3,rises
ENSG00000133107,TRPC4,TRACKS_INFLAMMATION,EFO_1001249,0.0691873820978956,0.03469272990502154,3,rises
ENSG00000127990,SGCE,TRACKS_INFLAMMATION,EFO_1001249,0.06823150489831678,0.003343010908669413,3,rises
ENSG00000198648,STK39,TRACKS_INFLAMMATION,EFO_1001249,0.06680227600426725,0.0005495136549493665,3,rises
ENSG00000125823,CSTL1,TRACKS_INFLAMMATION,EFO_1001249,-0.0657541688191927,0.030944066688849286,3,falls
ENSG00000009954,BAZ1B,TRACKS_INFLAMMATION,EFO_1001249,0.06543391384597544,0.0003746631229696841,3,rises
ENSG00000161544,CYGB,TRACKS_INFLAMMATION,EFO_1001249,0.06514101948532032,0.002205728718823925,3,rises
ENSG00000234284,ZNF879,TRACKS_INFLAMMATION,EFO_1001249,0.06462137236401432,0.008522676541223347,3,rises
ENSG00000186591,UBE2H,TRACKS_INFLAMMATION,EFO_1001249,0.06458186910347206,0.000175181041302712,3,rises
ENSG00000056586,RC3H2,TRACKS_INFLAMMATION,EFO_1001249,0.06437218771027897,0.014345306571472687,3,rises
ENSG00000166272,WBP1L,TRACKS_INFLAMMATION,EFO_1001249,-0.06389934585715383,0.02649815720332279,3,falls
ENSG00000145740,SLC30A5,TRACKS_INFLAMMATION,EFO_1001249,0.06317731935029335,0.012967313018040253,3,rises
ENSG00000175287,PHYHD1,TRACKS_INFLAMMATION,EFO_1001249,-0.06287187406023761,0.019534727451329174,3,falls
ENSG00000077935,SMC1B,TRACKS_INFLAMMATION,EFO_1001249,0.06205161520552647,0.022047621042698133,3,rises
ENSG00000092096,SLC22A17,TRACKS_INFLAMMATION,EFO_1001249,0.06164632959876881,0.0006167231725256356,3,rises
ENSG00000166833,NAV2,TRACKS_INFLAMMATION,EFO_1001249,0.06150654200330672,0.030957650460172865,3,rises
ENSG00000163512,AZI2,TRACKS_INFLAMMATION,EFO_1001249,0.06101123982971185,0.002778560976060838,3,rises
ENSG00000189079,ARID2,TRACKS_INFLAMMATION,EFO_1001249,0.06065920333619126,0.03590597227849297,3,rises
ENSG00000106526,ACTR3C,TRACKS_INFLAMMATION,EFO_1001249,0.059567186815990866,0.0003149218460548687,3,rises
ENSG00000167874,TMEM88,TRACKS_INFLAMMATION,EFO_1001249,0.05782057970994762,0.02100706234320219,3,rises
ENSG00000171174,RBKS,TRACKS_INFLAMMATION,EFO_1001249,0.0571072845423274,1.5829406325899332e-06,3,rises
ENSG00000188215,DCUN1D3,TRACKS_INFLAMMATION,EFO_1001249,0.05584514438709329,0.04085053637580205,3,rises
ENSG00000104237,RP1,TRACKS_INFLAMMATION,EFO_1001249,-0.05553278688297346,0.029856310917988682,3,falls
ENSG00000164024,METAP1,TRACKS_INFLAMMATION,EFO_1001249,-0.055491452632004105,0.011061423285314684,3,falls
ENSG00000128563,PRKRIP1,TRACKS_INFLAMMATION,EFO_1001249,0.05333191654844515,0.0087433391303645,3,rises
ENSG00000166391,MOGAT2,TRACKS_INFLAMMATION,EFO_1001249,-0.05227434585559468,0.036537602463139,3,falls
ENSG00000068878,PSME4,TRACKS_INFLAMMATION,EFO_1001249,0.047048366974458876,0.003764523626137226,3,rises
ENSG00000119638,NEK9,TRACKS_INFLAMMATION,EFO_1001249,0.04699013879751028,0.04844659439248938,3,rises
ENSG00000163683,SMIM14,TRACKS_INFLAMMATION,EFO_1001249,-0.046269694097942134,0.02047065039317938,3,falls
ENSG00000126012,KDM5C,TRACKS_INFLAMMATION,EFO_1001249,0.04576734708158995,0.0015571540865033772,3,rises
ENSG00000136010,ALDH1L2,TRACKS_INFLAMMATION,EFO_1001249,0.04334941938599713,1.3880445916697047e-06,3,rises
ENSG00000156642,NPTN,TRACKS_INFLAMMATION,EFO_1001249,0.04312447320004579,0.0016742404024469209,3,rises
ENSG00000111424,VDR,TRACKS_INFLAMMATION,EFO_1001249,0.04235564142500439,3.966168158464129e-06,3,rises
ENSG00000109606,DHX15,TRACKS_INFLAMMATION,EFO_1001249,0.04214596003181132,0.0003578733521353574,3,rises
ENSG00000134256,CD101,TRACKS_INFLAMMATION,EFO_1001249,0.04129833450078585,0.007872396110983998,3,rises
ENSG00000023171,GRAMD1B,TRACKS_INFLAMMATION,EFO_1001249,0.041079978837228644,0.0076883921888129285,3,rises
ENSG00000178026,LRRC75B,TRACKS_INFLAMMATION,EFO_1001249,-0.03966794554622542,0.0010344564491837475,3,falls
ENSG00000041982,TNC,TRACKS_INFLAMMATION,EFO_1001249,0.039070632931645984,0.007425367168820852,3,rises
ENSG00000197705,KLHL14,TRACKS_INFLAMMATION,EFO_1001249,0.03899832151131662,0.008679407749481977,3,rises
ENSG00000109181,UGT2B10,TRACKS_INFLAMMATION,EFO_1001249,0.03894009333436802,0.006966735574914493,3,rises
ENSG00000137845,ADAM10,TRACKS_INFLAMMATION,EFO_1001249,0.03872173767081087,0.0011062025822047947,3,rises
ENSG00000172575,RASGRP1,TRACKS_INFLAMMATION,EFO_1001249,0.03843059678606792,0.0004518599592165553,3,rises
ENSG00000130590,SAMD10,TRACKS_INFLAMMATION,EFO_1001249,0.037906391610176,0.04711042702783694,3,rises
ENSG00000189298,ZKSCAN3,TRACKS_INFLAMMATION,EFO_1001249,0.03417806709047387,0.0025447509093672466,3,rises
ENSG00000169131,ZNF354A,TRACKS_INFLAMMATION,EFO_1001249,0.03163245712732028,0.018369261900277104,3,rises
ENSG00000132361,CLUH,TRACKS_INFLAMMATION,EFO_1001249,-0.03140815304843153,0.010236378273674903,3,falls
ENSG00000166821,PEX11A,TRACKS_INFLAMMATION,EFO_1001249,0.03126853102139161,0.00031269310439982744,3,rises
ENSG00000164162,ANAPC10,TRACKS_INFLAMMATION,EFO_1001249,0.03038055132292562,4.271155416572079e-06,3,rises
ENSG00000160908,ZNF394,TRACKS_INFLAMMATION,EFO_1001249,0.030249537924791313,0.0027340567220813356,3,rises
ENSG00000185453,ZSWIM9,TRACKS_INFLAMMATION,EFO_1001249,0.027798020514129055,0.02707666741936252,3,rises
ENSG00000134240,HMGCS2,TRACKS_INFLAMMATION,EFO_1001249,-0.02668306208669035,0.00012068366001122541,3,falls
ENSG00000197535,MYO5A,TRACKS_INFLAMMATION,EFO_1001249,0.02662953693552255,7.960101603214086e-06,3,rises
ENSG00000189283,FHIT,TRACKS_INFLAMMATION,EFO_1001249,0.024909914486687085,0.03562741462782658,3,rises
ENSG00000163539,CLASP2,TRACKS_INFLAMMATION,EFO_1001249,0.024812298194515768,0.0017856148474719212,3,rises
ENSG00000115207,GTF3C2,TRACKS_INFLAMMATION,EFO_1001249,0.02240329108096912,0.04413539354683349,3,rises
ENSG00000163374,YY1AP1,TRACKS_INFLAMMATION,EFO_1001249,-0.02115138527657446,0.005603069990792019,3,falls
ENSG00000091129,NRCAM,TRACKS_INFLAMMATION,EFO_1001249,0.01892375623964305,5.1446510981976345e-05,3,rises
ENSG00000118972,FGF23,TRACKS_INFLAMMATION,EFO_1001249,0.017285111300231203,0.04303706603714062,3,rises
ENSG00000157554,ERG,TRACKS_INFLAMMATION,EFO_1001249,-0.014455144927486915,0.014063523871938448,3,falls
ENSG00000019144,PHLDB1,TRACKS_INFLAMMATION,EFO_1001249,0.01286045878250962,0.0004616879262570129,3,rises
ENSG00000166228,PCBD1,TRACKS_INFLAMMATION,EFO_1001249,-0.012231414602930318,3.091355284331024e-11,3,falls
ENSG00000008441,NFIX,TRACKS_INFLAMMATION,EFO_1001249,-0.011913437363198182,0.00024326317612731658,3,falls
ENSG00000106993,CDC37L1,TRACKS_INFLAMMATION,EFO_1001249,0.01101968248752024,0.003919740226868002,3,rises
ENSG00000184209,SNRNP35,TRACKS_INFLAMMATION,EFO_1001249,0.003971145787732716,1.0346436498999357e-05,3,rises
