from_id,to_id
2816,4
21034,5
2243,9
2245,9
3847,9
1703,14
3832,15
24290,10910_10941_22
15508,14659_32844_24568_23
11506_19448_17704_13981,30
2612,30
3847,11231_11443_7367_24566_11891_12707_12224_12226_32_12681_12972
23603,17324_13219_9430_8660_44_24300
3847,32819_9154_26731_26732_24264_45
44331_16408_19858_18612_16410_15792_16409,32819_9154_26731_26732_24264_45
13099,50
1149,8871_8872_8873_60
12709_13376_14059_14635_12408_13783_7996_9630_21129_170_11589_24549,12409_12605_13293_12604_13377_9631_14050_13130_62
20573,65_12963_12962_12966_12969_12970_11386_12971
4069,66
15979,70_11940_10282_11941_12606_13045
20128_20129,8024_8025_14259_12080_15353_8451_13884_60585_11879_13243_75
23603,12850_12851_79_16579
5298,12850_12851_79_16579
5039,82
15572,13907_17091_17092_87
508,13907_17091_17092_87
2259,19165_88_15791_15714
21147,19165_88_15791_15714
8003_16810_5181,12238_24528_12415_20845_14898_14656_12241_13117_9783_90
15979,93
3847,104
1357_387,104
6506,105
7500,14312_11234_13845_107
15397,14312_11234_13845_107
15979,108_13723_13724
15503,110
18562,110
23603,110
15412_15415_15418_15411,110
3847,8898_8899_12759_111
3847,8942_114
3847,7316_8816_115_22715_22716
3847,118
6600_19288,118
5453,14000_60663_32913_13988_14344_119
23603,9269_13612_54722_127
19695_19696,9269_13612_54722_127
20127,9749_12411_128
4183,9749_12411_128
5066,129
6025,14828_14829_9454_13553_133
15707,14828_14829_9454_13553_133
100137,14828_14829_9454_13553_133
18855_21036,136
20162,136
6552,136
6566,136
19117,24555_13058_13490_137_11391
5560,24555_13058_13490_137_11391
9943,9594_7982_9597_9596_138
15945,13582_9759_54736_141
19040_20226,13582_9759_54736_141
21058,13582_9759_54736_141
20573,13729_13728_13727_144
21075,147
3225,13878_32865_14613_13879_14612_148
2771,13878_32865_14613_13879_14612_148
3847,13878_32865_14613_13879_14612_148
100137,13878_32865_14613_13879_14612_148
5172,20733_8509_14125_8511_151
17578,152
20285,153
19245,8602_8601_155
18234,8603_13774_156
5497,14277_7729_158
23603,14277_7729_158
3225,30015_20856_14887_32573_159
3847,30015_20856_14887_32573_159
16022,11930_14055_14167_10985_54847_54846_13322_160
20573,162_11980_11981_11982_11983
20683,166
19117,166
5560,166
21669,166
24237,167
12409_12605_13293_12604_13377_9631_14050_13130_62,7995_169
1476,12709_13376_14059_14635_12408_13783_7996_9630_21129_170_11589_24549
16764,12709_13376_14059_14635_12408_13783_7996_9630_21129_170_11589_24549
16156,11688_12138_171_18276_172_173
17745,11688_12138_171_18276_172_173
16185_16184,11688_12138_171_18276_172_173
16182,11688_12138_171_18276_172_173
20259,11688_12138_171_18276_172_173
15656_16401,11688_12138_171_18276_172_173
20247,11688_12138_171_18276_172_173
15919,11688_12138_171_18276_172_173
18132,11688_12138_171_18276_172_173
18284,11688_12138_171_18276_172_173
18296,11688_12138_171_18276_172_173
16157,11688_12138_171_18276_172_173
19117,11688_12138_171_18276_172_173
18491,9736_14466_179
15159,9736_14466_179
14992_30031_13527_15148_15146,9736_14466_179
15327,9736_14466_179
43005,9736_14466_179
17273,9736_14466_179
17272,9736_14466_179
19117,14592_9624_14516_181
4674,14592_9624_14516_181
1149,14592_9624_14516_181
14542_18940_12518_14587_14052_14983_14582_11600_14468_14586_14585_14588_14543_14590_14583_14581_14745_14939_9690_11088_44299_13620_9689_14584_11281_12157_14578_13883,182
100033,188
44975,188
19226,188
19058,188
7263,190
3847,14526_192_18348
5336,14526_192_18348
2525,11503_13842_193
16072_15860,11503_13842_193
15898,11503_13842_193
44976,11503_13842_193
2320,24526_14646_32854_200
19117,24526_14646_32854_200
15336,24526_14646_32854_200
15159,24526_14646_32854_200
43005,24526_14646_32854_200
508,24526_14646_32854_200
1149,14785_208
2320,14806_14807_209
24257,14806_14807_209
32778_8823_100218_60486_15168,14806_14807_209
19052,210
14889_10774_3122,14835_211
1566,14851_212
19052,14851_212
3847,14861_213
7179,14861_213
19052,14864_214
3847,14783_14978_218
21147,14783_14978_218
20683,222
1027,222
6504,37792_45015_224
16003,225
4805,225
5066,226
1195,227
5677,229
5677,230
1195,231
1195,232
1195,233
1195,234
20592,236
1701,236
6752,237
1112,238
308_256,239
5766,239
266,5657_240
5721,241
6873,241
4994,241
44987,242
4678_18335,242
4678_18335,243
253,244
4678_18335,244
1461,245
5358,248
1673,249
45030,250
1673,251_44762_44763
1673,252
2269,252
888,252
2917,253
24268,253
24481,253
2041,254
2051,254
254,255
2041,308_256
1673,257
20683,257
5502,259
1039,261
1040,261
254,262
24294_24295,262
4795_1051,262
5990,263
2647_1369,263
5249,265
5766,266
5087,270
3619_1173,271
6002,271
19376,273
6009_19956_20069,276
5763,276
25294,276
5650,282
100120,282
100120,283
5784,283
100120,284
5784,284
6011,5111_286
24294_24295,5111_286
43424,288
5154,288
5738,288
20067,290
2428,290
20067,291
21747,291
2428,291
5739,292
367,293
42488,294
4664,295
5656,297
5745,298
5943,299
5805,301
19136,302_45038_45039
24294_24295,303
255,303
45033_2312,304
45033_2312,306
5135,307
4892,309
17881,310
100120,310
2319,313
5113_5550_5108,314
5113_5550_5108,315
5113_5550_5108,316
18077,320
4928,320
18077,321
314,327
20590,327
2319,328
1246,330
1195,331
25294,331
24416,332
16003,332
3847,334
6869,334
4944,335
4944,336
24294_24295,337
5949,337
6547,337
24294_24295,338
4651,338
6547,338
341,339
341,340
17373,341
100120,342
5643,342
5643,343
100120,344
5643,344
21641,345
100120,345
100120,346
5784,346
19222,351
37938,351
19117,9681_14654_355
11486_12279_19950_20121_23595_18281,9681_14654_355
3847,14772_13378_10927_7335_12142_13466_10906_358_29145_11276_12022_12478_13023
44987,14772_13378_10927_7335_12142_13466_10906_358_29145_11276_12022_12478_13023
839,14772_13378_10927_7335_12142_13466_10906_358_29145_11276_12022_12478_13023
18454,7389_10180_15826_359
812,7389_10180_15826_359
4497_6718_5976_2897_2896,363
20366,365
24271,367
42488,367
18076,368
44965,369
368,369
4647,44925_3212_371
4647,372
21345,372
4647,373
3220,373
4715,374
5496,374
2806,375
4660,375
5087,376
4992,376
2149,377
6266_3124_36990,377
2696_20809,378
2149,378
5447,2479_379
2415,380
20669,380
56819,380
5221_3777_3716,4010_20654_381
5165,382
5087,382
5165,383
6054,383
4180,384
4987,384
5165,21223_385_6180
24503,386
1245,1357_387
5516,7168_7167_9727_389
23603,7168_7167_9727_389
11285_13406_12767_12540_7932_14189_3004_5150_5417_14207_12659_14266_13420_13409_12419_13416_12674_100114,24561_14508_7931_7933_14509_390
20242,24561_14508_7931_7933_14509_390
408_21720,393
2326_1423,395
408_21720,395
6497,396
6497,397
6497,400
2120,402
5814,405
24634,405
6294,407
2176,407
21041,407
592,408_21720
45013,409
21166,409
5113_5550_5108,409
24575,410
21562,410
5027,411
411,412
411,413
411,414
411,415
414,417
19239,421
5528,424
20696,424
20606,425
429,426
20606,428
3847,429
5169,430
15760_18908_15759,430
4095,432
5395,437
2427,437
100308,437
6022,440
5516,446
426,447
5154,447
19117,32767_32771_8192_7273_11544_11121_13602_448
21635,32767_32771_8192_7273_11544_11121_13602_448
2366,32767_32771_8192_7273_11544_11121_13602_448
25511,32767_32771_8192_7273_11544_11121_13602_448
5284_451_450,452
3847,12313_12314_12312_453
992,12313_12314_12312_453
20242,13129_11193_455
100033,456
15656_16401,456
4736,456
19213,456
18177,457
18177,458
18177,459
18177,460
20699,461
24298,461
2022,462
6025,463
19721_19720,463
8848,465
992,465
15110,467_468_1261_466_20744
465,467_468_1261_466_20744
5449,469
992,469
5267,470
2869,471
5385,473
5267,474
7495_7496_13928_13813_12789_10983_14019_14033_14627_3441_44807,18303_476
7495_7496_13928_13813_12789_10983_14019_14033_14627_3441_44807,477
7495_7496_13928_13813_12789_10983_14019_14033_14627_3441_44807,478
7495_7496_13928_13813_12789_10983_14019_14033_14627_3441_44807,479
477,480
20120,480
477,481
477,482
477,483
477,485
4382,485
477,486
478,487
21303,488
21375,488
5560,489
19722_19724_15163,490
44967,491
5053,491
945,492
490,494
592,495
6032,496
2654,497
21166,497
16848_8538,6649_498_499
4631,10150_4958_5096_6082_500_514
4972,502
24276,502
4660,503
5061,503
3218,503
19708,8178_507
23603,8178_507
16112,8178_507
2254,8178_507
17276,8178_507
2254,508
1071,508
1071,15802_19502_509
5559,510
631,513
17795,513
2415,10150_4958_5096_6082_500_514
2129,515
8977,515
2360,516
631,516
44967,516
21228,7959_2797_2794_517
2894,518
812,518
44965,518
2731,519
2544_16695_18744_2543_2540,519
4245,520
1952,520
4669,521
44925_3212_371,521
3113,524
15864,524
21271,525
5694,525
5484,527
24479,527
24476,530
5484,530
2806,531
5616,531
3438,532
5061,532
3184,534
3036,534
21337,535
44704,535
5517,536
10150_4958_5096_6082_500_514,536
21345,536
2728,539
5864,539
3939,539
21533,540
2995,540
3198,541
6815,541
2481,543
5191,543
6320,544
45063,545
21070,545
21144,548
18364,548
21351,549
2749,549
21072,550
5072,551
24645,551
4988,552
2447,553
6003,553
4259,554
5153,554
20380_19792_19793_19794_16163,13594_13485_14867_12246_11781_11833_33482_33479_14417_8119_14475_8120_10062_7298_11540_11694_11819_12116_7574_8457_12449_33481_13486_7296_11834_14776_14410_8458_14626_10847_11464_10848_12247_11529_11330_12450_13241_11439_32526_12103_33480_12098_16809_561
20380_19792_19793_19794_16163,563
5113_5550_5108,565
5025_6669,565
2602,568
2977,568
7179,569
5151,569
15974,572
15974,573
2280,577
9332,577
2211,583
14083_13288_12987_13287_13289_20729_14840_13290_11096_16462_15977,584
7179,586
7179,587
24623_18751,587
4335,588
7179,588
2081,589
7179,589
2977,590
3620,590
4994,591
5503,592
100038,594
5503,594
2025,595
947,596
2103,597
4750_1276,598
4681,599
12000,600
7179,601
21145,601
7179,602
5570,602
7179,603
4995,603
5046,605
18898,607
3847,14891_13128_8073_13643_608
5240,14891_13128_8073_13643_608
1531,610
831,610
5025_6669,610
5070,611
21074,611
621,612
5833,612
6116,615
6116,616
6116,618
21100,620
634,620
5046,621
4992,621
21148,624
383,624
383,625
3150,625
643_21049_2198,626
5165,627
2082,627
6130,628
648,628
5165,629
24757,629
5165,630
5046,630
19060,631
654_21581_44334,631
624,21230_632_42487
21353,21230_632_42487
648,633
5165,634
21350,634
2081,636
5165,636
2081,637
4992,637
648,638
21042,638
2129,639
5569,639
2714,640
5462,640
21211,642
16642,642
624,643_21049_2198
21230_632_42487,644
624,21092_645
624,646
21068,646
624,647
21050,647
5165,648
21248,648
5872,649
5165,6901_650
24505,651
5165,652
2051,652
2051,653
4992,653
636,654_21581_44334
19464,659
19056,660
5638,660
5638,661
5638,662
5638,663
685,664
24417,665
685,666
24422,667
5638,667
5638,668
685,669
667,670
5638,671
685,672
5638,673
5638,674
5638,675
5638,676
5638,677
5638,678
5638,679
5638,680
5638,681
5638,682
685,683
667,684
21084,685
5638,685
685,686
7082_12551_5340,687
19189,688
45022,688
3117,690
8187_2050_5618_5451_5371_100081_5383_1942_1098_3265_11924_12384,7440_10648_12685_694_12881_12319_12642_12686_12877_12882
19224,698
15953,18925_700
5292,701
5385,701
5292,702
702,703
702,704
6039,705
5113_5550_5108,705
29001,706
5292,706
5292,707
709_21207,708
5539,709_21207
5539,710
4627,710
5001_4966,710
4971,715
1082,715
599,716
5066,10209_11346_721
19530,722
11348,722
8513_11984_21651_12447,722
4750_1276,723
4730,723
19117,723
4750_1276,11710_11711_14184_724_11780_12917
19117,11710_11711_14184_724_11780_12917
5392,726_5488_100076
16830,727
5328,728
16387,30020_33570_14775_33533_32712_14781_54741_33534_30006_32679_54654_30008_20727_33631_54742_32726_30017_30007_54677_54781_33537_33569_14269_732_33566
3847,9014_733
942,9014_733
17393,734
24255,24524_14169_7483_736_12993
19289,24524_14169_7483_736_12993
4867,739
44987,739
21166,739
6858,739
4867,740
44987,740
6858,740
2102,741
21674,743
6858,743
24355,744
5227,744
5275,744
7263,745
2614,748
21166,748
2657,749
6999,750
2256,751
4701,751
1593,754
2263,755
9993_2579,756
24651,757
24461,758
24294_24295,758
21440,758
5664,758
19040_20226,761
19040_20226,762
12044_20791_7380_32904_18102_4686,763
12044_20791_7380_32904_18102_4686,764
12044_20791_7380_32904_18102_4686,766
5271,769
5271,770
5087,771
5271,771
5244,774
590,774
5271,775
4335,777
5271,777
5271,778_781_783
778_781_783,782
778_781_783,784
5271,807
1243_1242,809
2610,809
1389,811
5172,812
5267,813
21166,813
18076,813
3660,4948_872_4963_20511_4947_814
3541_870,4948_872_4963_20511_4947_814
592,815
3847,14352_32837_816
3916,14352_32837_816
2320,819
2320,20724_11305_11304_16054_820
1673,13825_824
3847,13825_824
314,827
5385,831
5381,833
5381,836
833,837
1,839
18373_18374_18384_18379,840
19708,845
833,845
2254,849
3409,858
18157,24553_13307_863_10782
9637,24553_13307_863_10782
19157_20099,24553_13307_863_10782
577,24553_13307_863_10782
5336,866
5290,866
4967,3541_870
3659,3541_870
17814,3541_870
4355,3541_870
3541_870,871
4403,871
4948_872_4963_20511_4947_814,871
3538_3537,873
15760_18908_15759,873
4403,874
873,874
3659,874
16047_17202_17203,878
20010,878
2708,878
5132,878
20950,878
2026,879
254,879
24294_24295,879
44881,881
881,882
881,883
881,884
4335,888
20579,888
6926,889
6670,889
5113_5550_5108,890
21674,890
839,890
21670,890
100120,890
2271,892
20794,892
4991,893
27772,894
4991,894
4991,895
6500_3096_2323,898
18905_17601_6117_6268_6428,901
16113_16115_16114,902
24257,902
21147,902
18329,903
17651,903
19117,13541_14171_14170_32866_14116_32578_12399_14337_14341_904
15572,13541_14171_14170_32866_14116_32578_12399_14337_14341_904
16342_17401_17402_17403,12684_908_12434_12180_12506_11459_11831_11460_11189_7152_11188_10975
19524,11822_100344_9424_909_10503_11242_15231
20605,13274_10761_10945_8378_12796_910_11272_13611_14692_10827_13175_44314_32604_33563_13469_13468_13052_14618_14687_14871_12943_54708_13402_14400_12363_10259_19200_13610_12523_14323_13780_8377_13437_44320_13425_10723_30071_11935_13413_12625_13414_13436_13314_12477_10320_13516_13395_11630_14653_14256_13407_13263_32689_11075_14093_10818_12463_10227_8379_13328_14345_32834_11137_14929_32940_13315_13447_10828_13405_13429_11974_12024_12367_15013_36482_10806_13312_32577_12813_10374_11259
7432,914_14768
43424,916
2269,916
888,916
20579,24279_4265_918
931,24279_4265_918
21321,919
921,919
920,919
21375,920
956,920
21375,921
6709,921
2263,922
44965,922
21166,922
4849,923
4849,924
4849,925
5328,926
4944,927
6325,928
21313,928
5105_5012,928
5105_5012,929
5105_5012,930
2654,931
21071_2354,933
21071_2354,934
1572,934
1825,935
21071_2354,935
7000,936
41825,936
20067,937
7000,937
1572,938
21449,938
5227,939
24619,939
2428,940
4884,941
3382,941
5328,942
2051,942
13832_13831_7851_54771_13833_13830_15486_12069_12158_12236,943
11057,944
20673,944
20674,945
4634,945
947,946
21723,946
595,947
5084,947
6733,948
6170,949
5328,950
4021,951
2586,951
24311,952
44967,953
2129,953
21082,7955_954_4551
955,7955_954_4551
6801,955
956,955
5814,956
4251,956
1854,957
6879,958
3579,958
2122,958
24633_1105,959
6846_1785_1133,959
5294,960
382,961
44335,961
2807,961
634,961
5106,961
5106,962
20664,962
21459,963
5106,963
5106,964
21440,964
5106,965
627,965
4721,965
5106,966
5106,967
5106,968
2513,968
5106,969
21457,969
5106,970
620,970
5106,971
21529,971
17127,972
21503,972
5106,972
23603,972
21474,973
5106,973
21235,973
36781,974
5106,974
24582,975
976,975
625,975
5106,976
383,976
5106,977
21385,978
965,978
7000,979
24294_24295,979
314,979
5311,980
5561,980
5904,981
18312,981
596,983
19050_4781_44348_44349,984_44210
2037,986
43786,986
5281_12365_12366,987
2409,988
5113_5550_5108,989
19050_4781_44348_44349,3674_990
5267,992
10150_4958_5096_6082_500_514,993
5159,993
6295,994
37003,994
8315,994
21102,994
16122,995
20123,995
4689,995
5062,996
8315,996
4896,997
15926,1000
15926,1001
15926,1003
15926,1004
1000,1005
9786_15011_12543_10698_14571_24569_8133_33549_3608_11536,1006
11129_9277_5041,1006
21108,1007
3382,1008
1011,1009
620,1011
5059,1014
1007,1015
3283,1016
5836,1016
4970,1017
1016,1017
1020,1019
21084,1020
1020,1021
1020,1022
4967,1023
1014,1023
19095,1024
24355,1024
5275,1024
1027,1025
4277,1027
4767,1027
20683,1028
5076_5593,1028
3847,1029
839,1029
13832_13831_7851_54771_13833_13830_15486_12069_12158_12236,1030
5975,1920_1031
20683,1920_1031
4577,1032
4577,1033
4577,1034
1036,1035
17210,1036
4577,1037
4577,1038
4867,1039
20592,1039
44986,1039
21166,1039
21166,1040
4821,1040
5276,1041
5854_3900_16663,1041
44967,1042
5172,1042
4857,1042
3749,1044
5020,1045
18916_19938_15733_15731_15732,1046
2519,1046
1849,1048
5904,1049
4795_1051,1050
20683,4795_1051
262,1052
4795_1051,1053
949,1055
5085_1054,1055
21085,1056
2516,1056
3252,1057
1056,1057
4699,1059
1056,1059
5036,1060
1056,1061
1061,1062
1056,1063
20683,1064_2170
2172,1064_2170
5468,1065
24575,1065
6019,1066
4497_6718_5976_2897_2896,1066
6019,1067
833,1068
5503,1071
5081,1072
1824_3335_4224_4372_6645,1073
5395,1074
2420,1074
5020,1075
11731,1076
2908,1076
20598,1078
2356,1079
1081,1080
21157,1080
20683,1081
2345,1081
24339,1082
612,1082
21568,14275_13247_30056_24525_1083
2254,14275_13247_30056_24525_1083
6510,14275_13247_30056_24525_1083
9786_15011_12543_10698_14571_24569_8133_33549_3608_11536,1084
1166,1085
9786_15011_12543_10698_14571_24569_8133_33549_3608_11536,1086
2028_1156,1087
19050_4781_44348_44349,1088
19050_4781_44348_44349,1089
19050_4781_44348_44349,6652_3678_1090_3672_3673_3676_3677_3679_6803
3885,1091
2278,1091
3299,1092
2278,1092
2013,1093
24479,1093
2278,1093
5338,7665_20367_1094
21089,1095
5072,1095
3098,1095
5843,1095
1095,1096
3327_3325,1096
45019,1099
1011,1099
2657,1100
2657,1101
2428,1103
24270,1103
4425,1104
1200_1134_15512_5080_100078,24633_1105
5240,24633_1105
5240,1106
1351,1108
637,1108
45043,1108
21166,1109
5246,1109
24654,1109
5300,6939_1110
19095,1112
5833,1112
4496,1113
4496,1114
3847,1115
5571,1115
2052,1116
19050_4781_44348_44349,1117
1195,1118
25294,1118
5387_19852_19851,1119
1889,1119
6031,1121_1120_1912
5961,1121_1120_1912
6031,5842_2186_1122
6031,1123_1624
5964,1123_1624
20683,21158_1125
4247,1126
4298,1126
44967,1127
4857,1127
5627,1128
4756,1128
649,1128
376,1128
1128,1129
6329,1129
1128,1130
5062,1130
595,1132
1200_1134_15512_5080_100078,6846_1785_1133
5044,1200_1134_15512_5080_100078
596,1135
2329,1136
5763,1137
100120,1137
2322,1138
5020,1138
595,1139
5441,1141
6858,1142
3432_4753_20252,1143
1309,1144_1145
7002,1146
2782,1146
2320,1147
2800,1148
2320,1149
5560,1150
1200_1134_15512_5080_100078,1646_1151
2039,1152
1500,1153
1195,1154
4247,1155
2028_1156,1157
2028_1156,8114_1158
1160,1159
2025,1160
2028_1156,1161
2025,1162
2028_1156,1163
2028_1156,1164
6858,1165
21166,1166
5240,1166
396,1167
396,1168
396,1169
6496,1170
3619_1173,1172_1171_1474
6877,1172_1171_1474
20683,3619_1173
6170,1174
5552,1174
11015_12527_14799_14673_12489_12260_12665_11104_14565_14075_13484_7279_7287_14111_13744_10544_32735_12395_13411_10948_7278_12688_14110_12336_7288_7282_7280_7283_7286_11547_12437_7290_11413_12701_7281_7285_13859_7284_11162_5129_45050_11587_11591_11808_13067_12175,1175
5328,1176
2519,1177
949,1178
942,1178
949,1179
2261,1180
6712,1180
6712,1181
6712,1182
6712,1183
5300,17236_1184
1160,1185
1160,1186
6295,1187
4987,1187
7576,1188
4699,1188
5683,1190_1857_1973
5113_5550_5108,1191_24302_24303
45070,1192
7576,1192
3649,1192
100120,1195
6927,1195
947,1196
21668,1196
2245,1197
10120_8555_14837_8556_30867_14536_12775_10743_2049_4680,1198
2409,1199
3105,1202
24625,1203
7576,1204
18078,1204
11129_9277_5041,1205
11129_9277_5041,1206
1208,1207
20683,1208
21113,1208
5113_5550_5108,1209
24666,1209
24294_24295,1209
4751,1210
2285,1211
926,1211
1309,1211
5441,21206_1212
21206_1212,1213
21203,1213
20683,1214_6668_2314_5808_4811
3799,1214_6668_2314_5808_4811
308_256,1215
3394,1216
1214_6668_2314_5808_4811,1217_20843
4867,1218
1214_6668_2314_5808_4811,1219
1223,7078_12911_12912_8749_11301_19992_16165_1220
8638,1221
3749,1221
3780,1222
5151,1223
5642,1224
1214_6668_2314_5808_4811,1224
7079_2491_4938_2046_5367_5689_4456_5186,1225
1214_6668_2314_5808_4811,1226
21204,1227
24616,1227
1214_6668_2314_5808_4811,1228
24635,1229
4235,1229
4751,1230
4934,1231
1230,1231
1230,1232
1230,1233
2409,1234
1236,1235
2033,1235
5694,1236
56798,1236
2034,1237
1235,1237
5571,1238
1240,1239
2280,1240
1475,1241
8559_8560_2305,1243_1242
24298,1244
2280,1245
100120,1246
6927,1246
3699,1247
5701,1249
5328,1250
4508,1251_1338
5076_5593,1251_1338
4425,1252
4553,43905_2572_1255_3479_43919
6500_3096_2323,1256
2311,1257
3718,1258
20673,1258
2721,1259
15254,1260
21201,1260
24610,1260
2099,1262
20944,1263
16047_17202_17203,1263
20010,1263
2708,1263
2099,1263
5485,1265
24294_24295,1266
21680,1266
21201,1266
2021,1268
5328,1269
7197,1270
6678,1270
1176,1271
3409,1272
3409,1273
2519,1274
21234,1275
1279,1275
11057,1277
15374_3346_100248,1277
43494,1277
16642,1279
18882,1280
6918,1280
1898,1280
1286,1281
2156,1282
5133,1282
2263,1283
5133,1284
5020,1284
5133,1285
20591,1285
3432_4753_20252,1286
5133,1287
5133,1288
4980,1290
6794,1290
17133,1290
20576,1290
5560,1291
2602,1292
3620,1292
2352,1293
933,1293
1300,1294
1292,1295
6873,4588_4587_1296
1370,1297
3767,1298
20674,1298
1300,1299
6626,1299
1292,1300
5244,1300
8187_2050_5618_5451_5371_100081_5383_1942_1098_3265_11924_12384,1301
5267,1302
2285,1303
24633_1105,1304
4382,1305
1515,1306
5227,1307
4903_3085_1465_33821,1307
23865,1307
942,1308
3546,1309
15368,1309
2782,1309
942,1310
2738,1312_2737
1312_2737,1313
21202,1313
5066,10917_7319_1314
5578,10917_7319_1314
3117,1315
8187_2050_5618_5451_5371_100081_5383_1942_1098_3265_11924_12384,1315
21680,1316
6670,1316
15599_4768_25431,1317
4298,1318
1187,1319
1321,1320
1269,1321
1340,1322
21381,1322
1571,1323
15327,1324
15898,1324
2145,1324
5836,1325
6895,1325
3394,1326
1592,1327
44980,1328
45046,1328
926,1329
926,1330
4892,1330
6170,1331
3366_18015,1332
2254,1332
5554,1332
19280,1334
3382,1334
13017_11452_10206_11549_13649_7805_14384_13650_13514_14027_14390_7806_32649_11932_18914_3037,1335
3382,1335
2525,1336
21187_11237_11470,1336
8420,1337
2405,1339
831,1339
4634,1339
21209,1340
3274,1340
2100,1340
1342,1341
3804,1342
3739,1342
5240,1343
7079_2491_4938_2046_5367_5689_4456_5186,1345
16106,8031_8030_1347
100137,8031_8030_1347
5276,1349
1108,1350
2715,1351
45044,1352
1351,1352
637,1352
2087,1352
37872,1353
1436,1355
5328,1355
6873,1356
1357_387,1356
2280,1357_387
651,1358
270,1358
4390,1360
4843,1361
4884,1363
11284,1364_1831
5172,1365
3276,1365
2332,1366
1515,1368
474,1370
6873,1371
41154,1372
1187,1372
1187,1373
18078,1374
1187,1374
1380,1375
1187,1376
4860_44137,1377
4884,1377
1187,1378
8627,1379
1380,1379
1187,1380
5062,1381
1187,1381
2254,1382
5154,1382
14411_11300_14982_14183_12021_12045_8053_12995_13604_13508_32941_12154_9713_14177_1384_12227_12228_12229_12230_12388_12389_12469_12932_13603,1383
24237,1383
4884,1383
3847,14411_11300_14982_14183_12021_12045_8053_12995_13604_13508_32941_12154_9713_14177_1384_12227_12228_12229_12230_12388_12389_12469_12932_13603
4892,14411_11300_14982_14183_12021_12045_8053_12995_13604_13508_32941_12154_9713_14177_1384_12227_12228_12229_12230_12388_12389_12469_12932_13603
3584,1385
1941,1385
3584,1386
17768,1386
1325,1387
18078,1387
1325,1388
5010,1389
5453,1389
4892,1390
5124,1391
1286,1392
5059,1394
4903_3085_1465_33821,1395
4588_4587_1296,1396
5244,1397
4180,1398
21111,1398
1398,1399_2222
1572,1399_2222
638,1400
1398,1400
56804,1400
4820,1400
4379,1401
1416,1402
21050,1402
1528,1403
2898,1403
4592,1404
4678_18335,1405
21248,1406
3620,1406
21210,1407
376,1407
5244,1408
21166,1409
3749,1409
2234,1410
18234,1411
1331,1412
18077,1413
2933,1414
2329,1415
21148,1416
2149,1416
5062,1417
1407,1417
18078,1418
1407,1418
10150_4958_5096_6082_500_514,1419
3184,1419
3543,1420
2633,1420
21374,1421
5495,1422
5084,2326_1423
24891,1424
45047,1424
16755,1426
3098,1426
4298,1427
4298,1428
6816,1429
6713,1430
5885,1431
2263,1433
3937,1434
4579,1435
2279,1436
5275,12580_1437_18483
2771,1438
1269,1439
15599_4768_25431,15290_1440
8187_2050_5618_5451_5371_100081_5383_1942_1098_3265_11924_12384,1441
8187_2050_5618_5451_5371_100081_5383_1942_1098_3265_11924_12384,1442
3648,1443
100120,1444
940,1444
6026,1446
6026,1447
24318,1449
4796,1449
5650,1449
100120,1449
9976_4580_1451_1455,1452
9976_4580_1451_1455,1453
9976_4580_1451_1455,1454
9976_4580_1451_1455,1456
9976_4580_1451_1455,20248_1457
7006,1458
24334_6940,1458
44967,1459
6683,1459
1397,1459
5397,1460
4678_18335,1461
21063,1462
1462,1463
6971,1464
21063,1464
4903_3085_1465_33821,1466
15599_4768_25431,1466
56799,1468
44967,1468
6816,1468
4298,1469
7108_2941_3199_4707,1470
10150_4958_5096_6082_500_514,1470
5341_2529_2656_2939_2956_4091,1470
2099,1471
6764,1471
5447,1472
5495,1473
3617,1172_1171_1474
1609,1475
5328,1476
4892,1478
2922,5504_1479
21201,5504_1479
5447,1480
44967,1481
2800,1481
21138,1482
5447,1482
5059,1482
5090_13498_8414_10897_33312_10943_11552_14092_12054_11960_11280_11294_11295_11298_11307_11498_12879_13089_13506,1484
8187_2050_5618_5451_5371_100081_5383_1942_1098_3265_11924_12384,1485
3059,1487
1308,1717_1488
3847,7377_11855_1490
764,7377_11855_1490
4979,1491
1493,1492
4596,1493
3150,1495
3150,1496
3150,1497
45003,1498
4869,1498
5062,1499
5941,1499
2025,1500
18078,1501
5941,1501
5941,1502
4993,1502
4390,1503
596,1504
2251,1505
43693_13209_4790_21104,1505
5280,1506
6032,1506
5113_5550_5108,2008_1507_2006
21666,2008_1507_2006
4866,1508
4751,1509
4751,1510
1509,1511
4751,1512
4751,1513
4184_1926,1514
1592,1514
942,1515
3182,8455_9673_10056_9672_11585_11436_9669_19079_1516_16224_14753_18218
20128_20129,8455_9673_10056_9672_11585_11436_9669_19079_1516_16224_14753_18218
5336,8455_9673_10056_9672_11585_11436_9669_19079_1516_16224_14753_18218
20683,1517
916,1517
1519,1518
3382,1519
1162,1520
1162,1521
1162,1522
1524,1523
5328,1524
3240,1525
1528,1526
2898,1526
3432_4753_20252,1527
1416,1528
643_21049_2198,1528
2280,1529
1343,24570_7767_6964_1530_1741_10837_16166_12406_21132
5570,1531
5745,1532
2183,1533
6170,1534
2639,1535
647,1536
1572,1536
6845,1537
4779,1537
43218,1538
5053,1538
5283,1538
8375,1539
4553,1540
44967,1541
1543,1541
4797,1542
1543,1542
6960,1543
24334_6940,1543
1829,1543
4797,1544
5095_43377,1546
3648,1547
1711,1548
19737,1549
3689,1549
21181,1549
2187,1551
4681,1552
1554,1553
7179,1553
11129_9277_5041,1554
10138,1555
4184_1926,3329_1556
44967,1557
2183,1557
2471,1557
2254,1558
5881,1558
1592,1559
1561,1560_100239_1878
5020,1560_100239_1878
4298,1561
7721,1562
3569,1563
2453,1563
3620,1563
21084,1564
1564,1565
5557,1566
5240,1567
2123,1567
4750_1276,1568
2546,1569
1100,1571
2145,1571
6106,1572
5385,1574
3617,21159_1575_1837
21658,1576
5294,1576
24352,1577
5856,1577
2263,1578
942,1579
2460,1580
2043,1582
5016,1583
6626,1583
3569,1584
7079_2491_4938_2046_5367_5689_4456_5186,1585
2320,10674_9659_9660_9661_11093_9662_16316_16315_18937_18938_1586_19249_19302_17171_17172
19058,10674_9659_9660_9661_11093_9662_16316_16315_18937_18938_1586_19249_19302_17171_17172
19706,10674_9659_9660_9661_11093_9662_16316_16315_18937_18938_1586_19249_19302_17171_17172
20279,10674_9659_9660_9661_11093_9662_16316_16315_18937_18938_1586_19249_19302_17171_17172
4804_4800_4812,1588
6496,1590
1519,1591
2263,1592
24634,1593
44967,1594
4857,1594
45004,1594
2471,1594
17646,1595
3117,1596
1142,1597
586,1598
1142,1598
1142,1600
5136,1601
5215,1602
1526,1602
5341_2529_2656_2939_2956_4091,1602
1604,1603
3382,1604
5059,1606
3641,1606
21138,1607
18935,1607
1082,1607
17814,1607
1535,1608
2638,1608
3785,1609
20683,4926_1610_4925
4926_1610_4925,1611
5269,1612
20674,1613
1082,1614
23865,1615
43541,1615
43479,1615
15599_4768_25431,1615
2040,1616
1152,1617
6672,1618
21164,1618
19633,1620
6956,1621
19633,1621
25294,1621
1604,1622
1604,1623
20683,1123_1624
3282,1625
11129_9277_5041,1626
2039,1627
24487,1628
4678_18335,1628
7179,1629
2254,1631
5264,1631
473,1631
20674,1631
2277,1632
5269,2303_6948_6951_2089_41093_1630_1633_2088
20673,2303_6948_6951_2089_41093_1630_1633_2088
384,1634
1572,1634
1825,1635
384,1635
1519,1636
1519,1637
1639,1638
2280,1639
3937,1640
4277,1640
5081,1641
5800,1642
1509,1643
1835,1643
3425,1643
20683,3134_1644_3139
3134_1644_3139,2462_3137_1645_1871_3135_3138
1646_1151,1647
24633_1105,1647
1649,1648
2026,1648
43424,1649
1409,1649
100120,1649
2041,1649
20683,1650
5247,1650
6032,1650
10150_4958_5096_6082_500_514,1651
2650,1651
5105_5012,1652
3319,1652
2898,1653
2149,1653
5836,1654
4843,1655
3749,1656
2714,1657
21211,1657
5397,1658
5266,1660
5266,1661
2175,1663
7886,1664
18077,1665
43218,1666
12398_12507_8374_19118,1666
1898,1666
21678,1667
1670,1668
2220,1670
5020,1671
2807,1672
376,1672
3274,1672
4335,1673
4235,1674
3409,1674
19142,60729_8319_1676
2520_19800,60729_8319_1676
2269,1678
5768,1678
1704,1680
21078,1680
647,1680
6032,1681
4522,1682
2356,1683
2356,1684
1214_6668_2314_5808_4811,1685
4744,1686
11015_12527_14799_14673_12489_12260_12665_11104_14565_14075_13484_7279_7287_14111_13744_10544_32735_12395_13411_10948_7278_12688_14110_12336_7288_7282_7280_7283_7286_11547_12437_7290_11413_12701_7281_7285_13859_7284_11162_5129_45050_11587_11591_11808_13067_12175,1687
5885,1688
1165,1689
1214_6668_2314_5808_4811,1690
2129,1691
2352,1691
596,1692
1500,1693
4902,1694
2043,1695
4681,1697
4678_18335,1698
4678_18335,1699
44990,1699
2281,1700
43424,1701
5119,1701
5215,1702
5341_2529_2656_2939_2956_4091,1702
1403,1702
1941,1703
24276,1704
21050,1704
2280,1705
5560,1706
45047,1706
19338,1707
16345,1707
19338,1708
17028,1708
19338,1709
2887_2886,1710
5560,1711
685,1712
2039,1712
3847,1713
15909,1713
4497_6718_5976_2897_2896,1714
5042,1715
1258,1715
942,1716
1269,1718
4277,1719
2471,1719
2400,1720
41903,1720
5218,1721
4184_1926,1721
1723,1722
1055,1723
4427,1724
2352,1724
6672,1725
594,15681_1726
7972,1727
7972,1728
7972,1729
4184_1926,1730
647,1731
6032,1732
2303_6948_6951_2089_41093_1630_1633_2088,1733
42983,8612_13199_19341_1734
426,8612_13199_19341_1734
24237,8612_13199_19341_1734
15356,8612_13199_19341_1734
2436,1735
5087,1735
24654,1735
6849,1736
5526,1737
2008_1507_2006,1739
2466,1740
10150_4958_5096_6082_500_514,1740
3802,1740
1223,24570_7767_6964_1530_1741_10837_16166_12406_21132
20669,1743
17814,1743
11129_9277_5041,1868_1744_1742_1864
7886,1745
2135,1746
2183,1747
2131,1748
6850,1748
6181,1748
380,1748
4847,45051_1749
24570_7767_6964_1530_1741_10837_16166_12406_21132,1750
2887_2886,1751
6858,1752
777,1752
4934,1752
23369,1752
4553,1752
2654,1753
45048,1754
1757,1756
380,1756
5289,1757
18078,1758
380,1758
4903_3085_1465_33821,1760
43459,1760
5775,1761
5854_3900_16663,1762
2325,1762
1764,1763
380,1763
5289,1764
1824_3335_4224_4372_6645,1765
1854,1766
1854,1767
3382,1767
1854,1768
3382,1768
44984,1769
1933,1770
21669,1771
2127,1771
1593,1772
6009_19956_20069,1773
1718,1804_1774
2688,1775
4828,1776
3105,1776
1650,1777
21160,1777
2531,1778
10921_2378_15380_40700,1778
1806,1779
1825,1779
647,1779
595,1780
4230,1781
21525,1781
2373_6674,1781
11015_12527_14799_14673_12489_12260_12665_11104_14565_14075_13484_7279_7287_14111_13744_10544_32735_12395_13411_10948_7278_12688_14110_12336_7288_7282_7280_7283_7286_11547_12437_7290_11413_12701_7281_7285_13859_7284_11162_5129_45050_11587_11591_11808_13067_12175,1782
21525,1783
44335,1783
4526,1783
6846_1785_1133,1784
24633_1105,1784
959,1784
2654,1786
2405,1787
2405,1788
16755,1789
21234,1789
21506,1790
3844,1790
5247,1791
1793,1792
1854,1793
3472,1794
21201,1794
5113_5550_5108,1795
24666,1795
24294_24295,1795
44989,1795
6926,1797
5323,1797
314,1797
6816,1798
1321,1799
1321,1800
1321,1801
24616,1802
3648,1803
4379,1805
21050,1806
2532,1806
2654,1808
2654,1809
3569,1810
3620,1810
11015_12527_14799_14673_12489_12260_12665_11104_14565_14075_13484_7279_7287_14111_13744_10544_32735_12395_13411_10948_7278_12688_14110_12336_7288_7282_7280_7283_7286_11547_12437_7290_11413_12701_7281_7285_13859_7284_11162_5129_45050_11587_11591_11808_13067_12175,1811
4785,1812
20947,1812
4785,1813
5395,1815
4903_3085_1465_33821,1816
1718,1816
20683,1966_1817
1868_1744_1742_1864,1966_1817
16374,1818
2098,1818
2782,1819
2008_1507_2006,1820
947,1821
2525,1822
469,1823
2254,1823
5244,1824_3335_4224_4372_6645
2363,1825
253,1827
306,1827
1703,1828
24432,1829
3117,1830
43424,1832
1409,1832
100120,1832
44984,1833
21084,1834
5560,1834
44987,1835
6496,1835
2263,1836
3619_1173,21159_1575_1837
20683,1838
21161,1838
7886,1841
7886,1842
7886,1843
7886,1844
7886,1845
7886,1846
3288,1846
11015_12527_14799_14673_12489_12260_12665_11104_14565_14075_13484_7279_7287_14111_13744_10544_32735_12395_13411_10948_7278_12688_14110_12336_7288_7282_7280_7283_7286_11547_12437_7290_11413_12701_7281_7285_13859_7284_11162_5129_45050_11587_11591_11808_13067_12175,1847
4847,1847
45049,1848
4751,1849
4379,1850
1854,1851_2124
4699,1852
956,1852
462,1854
5328,1854
5283,1855
473,1856
2254,1858
6816,1858
5569,1858
19369_11441_20572,1859
6873,1860
6294,1861
6294,1862
5561,1863
45033_2312,1867
44083,1867
1528,1869
2219,1869
2462_3137_1645_1871_3135_3138,1870
20683,2462_3137_1645_1871_3135_3138
21260_16172_16173_16174,1873
21166,1873
2098,1873
2008_1507_2006,1874
2614,1875
44967,1875
21166,1875
2286,1876
980,1876
5372,1877
3046,1879
6519,1879
6771,1880
315,1881
2254,1881
2118,1882
5568,1883
20594,1884
2633,1884
1592,1885
1592,1886
2263,1887
45043,1887
2166,1888
1879,1888
5558,1889
3394,1890
2325,1890
2571,1892
3544,1892
16747,1893
3544,1893
2217,1894
3544,1894
20683,24335_1895
1150,1896
2467,1897_3567
5552,1898
2661,1898
5009,1899
6955,1899
45045,1901
15697,1901
9332,1902
14083_13288_12987_13287_13289_20729_14840_13290_11096_16462_15977,1902
4857,1903
1824_3335_4224_4372_6645,1904
4855,1905
1176,1906_2310
1524,1906_2310
6022,8369_11422_9967_8368_15827_17828_1909_18440_17829
21568,8369_11422_9967_8368_15827_17828_1909_18440_17829
6510,8369_11422_9967_8368_15827_17828_1909_18440_17829
5569,1910
45022,1910
2567,1911
20683,1121_1120_1912
5372,1913
40699,1914
4751,1915
18077,1916
2246,1917_2240
1793,1918
2175,1919
21204,1920_1031
1920_1031,1921
4184_1926,1922
5247,1922
5227,1922
12398_12507_8374_19118,1923
12398_12507_8374_19118,1924
12398_12507_8374_19118,1925
44965,4184_1926
2118,4184_1926
3628,1927
4789_1929_1930_1931,1928
20683,4789_1929_1930_1931
2356,1933
6816,1935
1804_1774,1936
2187,1938
3110,1939
21169,1939
986,1940
5249,1940
21084,1941
5136,1943
5136,1944
17635,1945
11764_11658_13625_8199_14604_11613_14233_11562_8200_14796_17279_5180_6966_828_10796_10360_11737_13167,1945
1889,1946
4126,1947
4126,1948
4126,1949
20683,1949
942,1950
4525,1951
2731,1952
21373,1952
2118,1953
2800,1954
2428,1955
1517,1955
24270,1955
2254,1956
1574,1956
15938,1956
1824_3335_4224_4372_6645,1957
2467,1959_2106
1933,1962
5975,1964
1804_1774,1965
4903_3085_1465_33821,1965
2146,1967
19499,1969
20537_20535,1971
4553,1971
5683,1972
6500_3096_2323,1974
3155,1975
24575,1976
1595,1976
5062,1977
8627,1977
6481,1978
2254,1979
4566,1979
6025,11871_11873_9757_9756_18982_1982_20384
19255,11871_11873_9757_9756_18982_1982_20384
17133,11871_11873_9757_9756_18982_1982_20384
15531_17025_18310_17036_17029,11871_11873_9757_9756_18982_1982_20384
1515,1983_2449
2026,1984
2303_6948_6951_2089_41093_1630_1633_2088,1985
1303,1986
5559,1987
1670,1988
6771,1989
17827,1990
3354,1990
1340,1991
20589,1991
3113,1991
5447,1992
4970,1992
3562,1992
2790,1993
5447,1993
4970,1993
4047,1994
380,1994
1994,1995
44705,1995
4744,4930_1996
1670,1997
2003,1998
1493,1999_5149
24389,2000
6670,2000
5420_16412_15777,2002
2135,2003
5240,2004
5568,2004
21166,2008_1507_2006
2467,2008_1507_2006
8187_2050_5618_5451_5371_100081_5383_1942_1098_3265_11924_12384,2009_12050_12100
3847,10297_10318_10590_2010_10316_10366
2254,10297_10318_10590_2010_10316_10366
688,2012
16230_24291,2013
36976,2013
36870,2013
629,2013
6025,2014
17314,2014
412,7366_42499_11593_10021_11904_17615_7365_11990_14903_15637_11140_2016_12965
5559,8122_17135_2017
2635,2021
44992,2021
44987,2022
5071,2025
45033_2312,2026
2028_1156,2027
2025,2028_1156
2030,2029
21157,2029
2345,2030
3409,2031
24331,2032
24479,2032
21063,2032
5694,2033
21063,2033
2035,2034
2033,2034
24656,2035
21063,2035
3150,2036
270,2037
5627,2038
4993,2038
2025,2039
254,2040
5113_5550_5108,2041
2043,2042
3382,2043
2043,2044
1150,2045
21698_21699,7079_2491_4938_2046_5367_5689_4456_5186
5275,2047
5100,2047
10120_8555_14837_8556_30867_14536_12775_10743_2049_4680,2048
2245,10120_8555_14837_8556_30867_14536_12775_10743_2049_4680
21199,2051
24505,2051
4928,2052
21166,2052
3448,2055
620,2055
620,2056
21046,2056
620,2057
1572,2057
4972,2058
36976,2058
620,2058
2363,2060
2488,2061
40675,2062
620,2062
21098,2063
620,2063
2363,2063
1574,2064
2657,2064
36976,2066_2065
620,2066_2065
2483,2066_2065
4379,2067
4379,2068
4379,2069
3847,13746_13749_13748_2070
2078,13746_13749_13748_2070
1657,2071
5462,2072
3113,2073
3249,2073
3000,2073
6816,2074
2076,2075
2037,2076
5918,2077
5453,2078
21199,2081
5070,2082
5151,2082
24882,2083
21058,2083
5395,2085
2093,2086
6901_650,2087
4992,2087
2311,2303_6948_6951_2089_41093_1630_1633_2088
20672,2303_6948_6951_2089_41093_1630_1633_2088
2381,2090
21501,2092
1572,2092
24666,2093
21080,2095
2100,2095
3454,2096
6325,2096
3569,2098
3620,2098
18312,2099
24757,2100
4992,2100
2633,2101
2098,2101
4748,2102
21166,2102
2025,2103
3117,2104
1273,2105
2467,2107
21069,2108
15074,2108
2132,2109
3766,2109
17611,2109
21069,2109
383,2110
6362,2112
6901_650,2112
2373_6674,2112
4993,2113
2087,2113
9831,2114
4699,2114
21076,2116
9831,2116
18078,2117
9831,2117
21199,2118
631,2119
19496,2120
4993,2120
21069,2120
2122,2121
1397,2121
5244,2122
21166,2122
5557,2123
5027,2125
3329_1556,2127
3607,2128
19060,2129
2176,2129
2121,2130
3607,2130
2132,2131
2516,2131
21580,2131
5627,2132
24653,2132
2129,2132
5039,2134
2602,2135
24458,2135
3569,2135
2137,2136
4785,2137
5551,2138
6525,2138
2137,2138
3409,2139
18078,2140
1402,2140
2142,2141
6414,2141
21054,2142
18078,2142
5509,2142
5744,2143
16094,2143
2259,2145
19755,2145
2259,2146
6054,2149
4992,2149
3081,2150
3432_4753_20252,2152
4907,2153
2428,2154
15509,2155
5281_12365_12366,2155
4789_1929_1930_1931,2155
2263,2156
44965,2156
21092_645,2158
1416,2158
2158,2159
5058,2159
2158,2162
5636,2162
21512,2163
5106,2163
4674,2164_1393
5335,2165
1593,2165
24656,2166
6519,2166
45070,2167
3646,2167
44937,2167
2120,2167
6519,2168
5089,2168
44937,2169
5008,2169
21204,1064_2170
5070,2171
4866,2172
5441,2172
3620,2173
2175,2174
11285_13406_12767_12540_7932_14189_3004_5150_5417_14207_12659_14266_13420_13409_12419_13416_12674_100114,2175
654_21581_44334,2176
637,2176
1933,2177
2908,2177
21218,2178
2715,2178
2185,2181
592,2182
2081,2183
5854_3900_16663,2183
2251,2184
5359,2184
833,2185
20683,5842_2186_1122
2263,2187
21489,2188
643_21049_2198,2188
2189,2188
24666,2188
2805,2189
21489,2190
643_21049_2198,2190
2191,2190
2381,2191
643_21049_2198,2192
3954,2192
626,2193
652,2193
21114,2193
643_21049_2198,2194
1825,2194
2195,2194
643_21049_2198,2195
2532,2195
6807,2196
4177,2197
36976,2197
643_21049_2198,2197
4972,2197
626,2197
2219,2197
24276,643_21049_2198
643_21049_2198,2199
2090,2200
21043,2200
643_21049_2198,2201
20593,2201
2203,2202
4880,2203
1429,2204
5578,2204
1528,2205
6320,2205
21069,2205
2381,2206
2898,2206
8177,2207
24336,2207
2181,2209
44989,2209
3778,2211
33541_14280_13500_14278_10296_33542_32723_14597_14727_8856_54696_32599_20849_32763_30858_30013_10504_14453_12426_10386_32803_14491_13427_14222_14981_13953_21094_30898_30973_30981,2211
4805,2211
18077,2212
2999,2214
1657,2214
2217,2216
1657,2216
2714,2217
18078,2217
21372,2218
2731,2218
643_21049_2198,2219
6999,2220
4177,2221_4044
4041,2221_4044
4177,1399_2222
6292,2223
8170,2223
8170,2224
3282,2224
18078,2225
8170,2225
6877,2226
6002,2226
5062,2227
8170,2227
5626,2229
21068,2229
8170,2230
8679_11112_14779_11056_8680_8683_6058,2230
2436,2232
4867,2232
5276,2233
5854_3900_16663,2233
21166,2234
1433,2234
3382,2235
21220,2235
2531,2235
5627,2236
649,2236
21220,2236
2922,2237
21063,2238
1933,2239
4795_1051,1917_2240
5066,2241
2242,2241
44976,2241
1531,2242
5570,2243
2243,2244
2242,2244
5570,2245
44979,2245
4795_1051,2246
2243,2247
2242,2247
44976,2247
2245,2249
1631,2250
5042,2250
21166,2251
5154,2251
2251,2252
836,2253
1,2254
2256,2255
2654,2256
6816,2257
4867,2258
21059,2258
21166,2258
5039,2259
5151,2259
24467,2260
21166,2260
942,2261
2013,2262
24286,2262
1574,2262
5039,2263
592,2265
4553,2266
15243,2266
266,2266
5275,2267
1318,2268
21166,2269
5020,2269
43424,2270
5001_4966,2270
5113_5550_5108,2270
2032,2271
5008,2271
2273,2272
19052,2273
4960,2274
2273,2274
5311,2275
473,2277
5401,2278
21444,2278
226,2279
5570,2280
2280,2281
5763,2282
100120,2282
5559,2283
2289,2285
5561,2286
5240,2286
6030,2287
2661,2289
1528,2290
24877,2290
2300,2291
6235,2291
5033,2293
2898,2293
2300,2295
18327,2295
24481,2297
2531,2297
2295,2299_2298
18327,2299_2298
21154,2300
2531,2300
44705,2301
1756,2301
2602,2303_6948_6951_2089_41093_1630_1633_2088
4634,2303_6948_6951_2089_41093_1630_1633_2088
3804,2304
8559_8560_2305,2304
1531,8559_8560_2305
4785,2307_1853_2306
3799,2307_1853_2306
2307_1853_2306,2309_2308
3799,2309_2308
20676,2311
5552,2311
43218,2311
5283,2311
2041,45033_2312
1214_6668_2314_5808_4811,2313
5244,2316
5560,2317
21517,2318
1572,2318
226,2319
5071,2320
5244,2321
4335,2322
5385,2322
3110,6500_3096_2323
2407,6500_3096_2323
6999,2325
2328,2327
3155,2327
3641,2327
21451,2328
3241,2328
2259,2329
3150,2329
2326_1423,2330
5485,2330
21698_21699,2330
5240,2331
4335,2332
5570,2332
44965,2332
5833,2332
43424,2333
2332,2333
5227,2333
5070,2334
5570,2334
1824_3335_4224_4372_6645,20347_7691_3334_16169_2335_6702
21166,20347_7691_3334_16169_2335_6702
5244,2336
21166,2336
44965,2337
6500_3096_2323,2337
5027,2338
17768,2340
43494,12105_15943_2341
3816,2342
2337,2343
21500,2343
2256,2345
5303,2347
3847,2350
5377,2350
2352,2351
2353,2351
21071_2354,2352
376,2352
21071_2354,2353
382,21071_2354
2358,2355
2351,2355
4335,2356
5151,2356
2238,2357
2352,2358
4993,2358
2360,2359
631,2359
5569,2360
654_21581_44334,2360
24470,2360
636,2360
21063,2361
2363,2362
21096,2363
36976,2363
5094,2365
21163,2365
1292,2366
6130,2366
1406,2366
6295,2367
21163,2367
5074,2368
24621,2368
4972,2369
24276,2369
21077,2369
24235,2370
2229,2370
2056,2371
3331,2372
5165,2373_6674
5065,2373_6674
4972,2375
21634,2375
6963,2375
5966,2376
16982,2376
2056,2377
2379_4099,10921_2378_15380_40700
2601,2379_4099
5626,2380
6615,2381
2297,2381
5165,2382
6854,2382
16755,2383
2513,2385
3272,2386
21163,2386
2405,2387
2397,2387
16982,2387
21097_21099_4253,2388
4972,2395
36976,2395
2513,2395
2513,2396
21045,2396
18078,2397
2691,2397
24338,2398
36976,2398
6071,2398
24715,2399
2522,2399
56799,2400
5578,2400
43786,2400
2403,2401
2402,2401
2522,2401
2171,2402
4992,2402
2528,2403
2176,2403
2337,2404
627,2404
4721,2404
21223_385_6180,2404
5385,2405
5154,2405
21166,2406
5093,2406
24288,2408
17755,2408
21199,2409
6938,2410
2028_1156,2411
19214,9294_13291_10598_13091_10362_9868_9295_9293_9290_9291_2413_2412
19243,9294_13291_10598_13091_10362_9868_9295_9293_9290_9291_2413_2412
44976,9294_13291_10598_13091_10362_9868_9295_9293_9290_9291_2413_2412
19743,9294_13291_10598_13091_10362_9868_9295_9293_9290_9291_2413_2412
2337,2414
21449,2414
2129,2415
4993,2415
1763,2416
44705,2416
1763,2418
4970,2418
5395,2419
2420,2419
592,2420
2415,2422
6971,2423
2032,2424
44937,2424
2425,2424
2423,2425
6519,2425
1464,2425
18078,2426
8903,2426
5560,2427
5135,2428
5249,2429
17027,2429
21221,2432
2433,2432
4532,2432
5627,2433
21089,2433
2633,2433
2435,2434
2433,2434
3546,2435
2633,2435
44987,2436
24623_18751,2436
16541,2437
5571,20115_2438_4563
16541,2440
100316_12738_14550_14548_13279_12737_13062_12736_11377_32915_13370_13367_13372_2442_32756,2441
2254,100316_12738_14550_14548_13279_12737_13062_12736_11377_32915_13370_13367_13372_2442_32756
5453,100316_12738_14550_14548_13279_12737_13062_12736_11377_32915_13370_13367_13372_2442_32756
3406,2443
8187_2050_5618_5451_5371_100081_5383_1942_1098_3265_11924_12384,2444
11962,2447
5213,2447
18078,2448
2352,2448
4972,2450
21510,2450
36976,2450
4180,2451
21510,2451
37002,2451
21102,2451
21510,2452
1572,2452
2409,2453
4972,2454
15074,2454
5131,2455
15218_15217_20145,2457
20158,2457
12516_9559_14608_15483,2457
24623_18751,2457
426,2457
20157,2457
15334,2457
20167,2457
43008,2457
20253,2457
18454,2457
19589,2457
15321,2457
7179,2459_7004_25512
1854,2460
2236,2460
2462_3137_1645_1871_3135_3138,14005_18013_18904_2461
19722_19724_15163,2462_3137_1645_1871_3135_3138
1166,2462_3137_1645_1871_3135_3138
2466,2463
2464,2463
21222,2464
2460,2464
5275,2465
2038,2466
2236,2466
21205,2467
2409,2467
2211,2468
44971,2468
2472,2469
2463,2469
43459,2470
15327,2470
21190,2470
19052,2470
18053,2470
56802,2471
21166,2471
6816,2471
2380,2472
5853,2472
4993,2472
5240,2473
17703,9824_13327_9823_2474
19743,9824_13327_9823_2474
4970,2475
2463,2475
5240,2476
21259,2477
19496,2477
21043,2478
3125,2479_379
5626,2480
21148,2480
8170,2481
19496,2481
21069,2481
21100,2482
2380,2483
21100,2483
21100,2485
19496,2485
4658,2486
6235,2487
21100,2487
21100,2488
37003,2489
7254,2489
21047,2489
18078,2490
7254,2490
2494,7079_2491_4938_2046_5367_5689_4456_5186
20683,2492
1106,2492
4965,2493
5082,2493
2025,2494
2271,2495
44336,2495
2271,2496
40677,2496
18177,2501
5499,2501
21636,2503
21636,2505
21079,2505
2021,2507
2021,2508
4842,2508
6882,2509
1854,2511
4970,2512
6509,2512
4180,2513
21163,2513
2515,2514
21223_385_6180,2514
4335,2515
21223_385_6180,2516
4992,2516
4855,2517
21096,2518
21253,2518
1593,2519
37939,2520_19800
5154,2520_19800
2528,2522
654_21581_44334,2522
2171,2522
24876,2522
5093,2523
19052,2525
3155,2526
21634,2527
56799,2528
6424,2528
6816,2528
10150_4958_5096_6082_500_514,5341_2529_2656_2939_2956_4091
5070,2531
5093,2531
5626,2532
4972,2533
21096,2533
2363,2534
21092_645,2534
2363,2535
24666,2536
2363,2536
2363,2537
6517,2544_16695_18744_2543_2540
2544_16695_18744_2543_2540,2541
2542,2541
100342,2542
3544,2542
5499,2544_16695_18744_2543_2540
2602,2545
21637,2546
16752,2546
2547,2546
1406,2547
2546,2548
2550,2549
2546,2549
2633,2550
1810,2550
2553,2551
2545,2552
21211,2553
2546,2554
2366,2554
2546,2555
1420,2555
2546,2556
2546,2558
2546,2559
44969,2561
19052,2561
5559,2562
21147,2562
15064,2563
4251,2564
2545,2565
5156,2565
4867,2567
270,2567
2567,2568
4298,2569
2602,2570
2714,2571
17207,2571
4949,2571
621,2571
3641,2571
17343,2571
6389,2574
9993_2579,2574
2577,2576
9993_2579,2576
24658,2577
2849,2577
9993_2579,2578_3992_4012
2580,9993_2579
4943,2580
5212,2580
5212,2581
2927,2581
5059,2582
6859,2583
5183,2583
5219,2585
621,2586
5197,2586
3274,2586
21069,2586
10127_6456_16974_16975_2588_6458_6459,2587
10127_6456_16974_16975_2588_6458_6459,2590
10127_6456_16974_16975_2588_6458_6459,2592
6451,2592
40677,2592
5113_5550_5108,2594
5113_5550_5108,2595
19060,2597
5564,2597
6290,2598
20580,2598
15864,2599
21656,2601
5071,2602
6359,2603
2616,2604
2603,2605
4721,2605
2603,2606
2243,2610
5384,2612
2028_1156,2613
5381,2614
19245,2615
5070,2616
21054,2617
24499,2617
16982,2617
21054,2618
21054,2619
5164,2619
9807,2631_2628_2620
18078,2621_4176
9807,2621_4176
9807,2622
6517,2623
9807,2623
21054,2624
5058,2624
21054,2625
12817,2625
21123,2625
2633,2626
2636,2626
2631_2628_2620,2627
2629,2631_2628_2620
21054,2629
9807,2629
6974,2630
2129,2630
2629,2632
3569,2633
1406,2633
5586,2633
5060_4510_3591,2634
21054,2634
6999,2635
3569,2636
3620,2636
5833,2637
2633,2638
2639,2638
3569,2639
3620,2639
2135,2640
6130,2640
2633,2640
473,2641
7002,2642
2633,2642
19056,2643
2467,2643
24417,2643
21167,2644
15144,2645
24352,2646
4777,2646
4382,2647_1369
21166,2647_1369
4988,2648
21165,2648
21165,2649
2650,2649
21112,2650
4993,2650
8177,2651
2652,2651
2169,2652
7108_2941_3199_4707,2652
8177,2653
18351,2653
2263,2654
5341_2529_2656_2939_2956_4091,2655
21165,2655
21634,5341_2529_2656_2939_2956_4091
2898,5341_2529_2656_2939_2956_4091
4993,5341_2529_2656_2939_2956_4091
651,2657
2659,2658
21224,2658
21225,2659
2236,2659
3382,2660
5328,2661
5092,2664
2665,2664
3193,2665
3090,2665
5092,2666
5184,2666
5092,2667
6215,2667
2670,2669
2664,2669
17590,2670
6186,2670
2665,2670
5092,2671
4988,2671
6256,2671
5092,2672
2493,2672
5240,2674
16755,2675
2677,2676
5164,2677
2676,2678
6517,2678
5394,2679
5583,2680
5429,2680
2095,2681
16717,2681
20676,2681
43218,2681
2682,2681
1657,2682
16717,2683
16717,9837_2684
16718,2685
24744,2685
2071,2685
6517,2685
5561,2687
2254,2687
2688,2687
4565_2803_2801,2688
2866,2688
2516,2691
24477,2691
4721,2691
21069,2691
2907_2692,2693
2907_2692,2694
2907_2692,2695
6055,2696_20809
8170,2697
10768,2697
5447,2698
10768,2698
5858,2701
5601,2701
2702,2701
2752,2702
5596,2702
5858,2703
18330,2703
5858,2705
4988,2705
2256,2706
5133,2706
4957,2707
4953,2707
6918,2708
5283,2708
6085,2710
4075,2710
2713,2712
6085,2712
5070,2713
812,2713
6130,2714
5872,2714
1416,2715
21353,2715
21234,2716
21079,2716
2718_3731_3732_3734_3875_3958,2717
21506,2717
19500,2718_3731_3732_3734_3875_3958
20574,2718_3731_3732_3734_3875_3958
2601,2718_3731_3732_3734_3875_3958
16738,2718_3731_3732_3734_3875_3958
21234,2719
2785,2720
3381,2721
2727,2722
2633,2722
21211,2722
5170,2724
2724,19314_19023_2726
3569,2727
3620,2727
5560,2727
18078,2728
5564,2728
2930,2729
2728,2729
21163,2730
21079,2730
2071,2731
21374,2731
634,2732
21117,2732
382,2732
2652,2734
2748,2734
2652,2735
7108_2941_3199_4707,2735
2670,2736
2739,2736
20683,2738
21206_1212,2738
4957,2739
2665,2739
2741,2740
2742,2740
16275,2741
3612,2741
4957,2742
5153,2742
2746,2744
2745,2744
4957,2744
21092_645,2745
24338,2745
4970,2746
6206,2746
5461,2747
4957,2747
2169,2748
4957,2748
5072,2749
2751,2750
4986,2751
4970,2751
5140,2752
4970,2752
5615,2754
5615,2755
621,2756
5615,2756
3985,2756
1312_2737,2757
6006,2758
24609,2758
2760,2759
6006,2759
4986,2760
10150_4958_5096_6082_500_514,2760
6006,2761
6143,2761
16285,2761
6006,2762
5580,2762
6006,2763
2764,2763
10150_4958_5096_6082_500_514,2764
21327,2764
6006,2765
44989,2765
5341_2529_2656_2939_2956_4091,2765
5595,2766
6006,2766
2145,2768
2770,2769
1433,2770
15925_17031_17030_17034,2771
21322,2772
642,2772
2682,2772
5558,2775
21205,2776
2409,2776
1279,2778
6423,2779
628,2779
2782,2781
2639,2781
3569,2782
18882,2783
3159,2783
24653,2785
2071,2786
18907,2787
18907,2788
2604,2789
21348,2790
7959_2797_2794_517,2791
7959_2797_2794_517,2792
3260,7959_2797_2794_517
640,2795
7959_2797_2794_517,2796
3263,7959_2797_2794_517
640,2798
6517,2798
7959_2797_2794_517,2799
4625,2800
2802,4565_2803_2801
3409,2802
4567,4565_2803_2801
3686,2804
21110,2805
1672,2806
5138,2806
20641,2807
21350,2807
1358,2807
5177,2808
2809,2808
21076,2809
2369,2809
21076,2810
1672,2811
21669,2812
2008_1507_2006,2812
21666,2812
2176,2813
21354,2813
2817,2814
1502,2814
20683,2815
4496,2815
5495,2816
21227,2817
5941,2817
21069,2817
12004_15075_5034_5075_24622_6467,2821
4970,2822
4994,2824
6474,2828
2829,2828
653,2829
5215,2829
21114,2829
44787,2831
2447,2832
6474,2832
6474,2833
6206,2833
6474,2834
5159,2834
21327,2836
40679,2836
6406,2837
6474,2837
45054,2839
4298,2839
5001_4966,2840
16129,2840
43424,2842
5001_4966,2842
5113_5550_5108,2842
43424,2843
5001_4966,2843
2041,2843
5001_4966,2844
5001_4966,2845
5001_4966,2846
2848,2847
5864,2847
20120,2848
5070,2848
5212,2849
2397,2849
2217,2850
5212,2850
2852,2851
5212,2851
18078,2852
37743,2852
2168,2853
5212,2853
18078,2854
8315,2854
5089,2855
5872,2855
5212,2856
2857,2856
18078,2857
5411,2857
5212,2858
2225,2858
5212,2859
2490,2859
5212,2860
2861,2860
18078,2861
5447,2861
3059,2862
2397,2862
5212,2863
2853,2864
2865,2864
2168,2865
1879,2865
18078,2865
24635,2866
6047,2867
5596,2867
3420,2868
5267,2869
471,2870
20674,2870
6447,2871
2872,2871
2874,2871
5070,2872
10274_10108,2874
24610,2875
16277,2876
5636,2876
6485,2877
16277,2877
2879,2878
5636,2878
16255,2879
5853,2879
6003,2879
8170,2880
5636,2880
1402,2881
5636,2881
2883,2882
5401,2882
21118,2883
24503,2883
44967,2884
2051,2884
2922,2885
4868,2887_2886
24611,2888
16642,2888
2132,2889
24611,2889
2132,2892
2785,2892
8978,2892
8978,2894
653,2898
2531,2898
5072,2899
2731,2900
5072,2900
3142,2900
5570,2901
4750_1276,2903
4730,2903
4730,2904
4730,2905
11057,2907_2692
831,2907_2692
5066,2908
2908,2909
1397,2910
2912,2911
5499,2911
21228,2912
3107,2912
21211,2913
2427,2913
2912,2914
6517,2914
2915,2914
37736,2915
21079,2915
2918,2916
2051,2917
16642,2918
24653,2919
16642,2919
2370,2920
18364,2920
5336,2921_19952_18701
5093,2922
5210,2923
6745,2923
6975,2924
5864,2924
18078,2926
20663,2927
5089,2927
5853,2928
5275,2929
2367,2930
18078,2930
6170,2931
833,2933
6646,2934
24296,2934
629,2934
5341_2529_2656_2939_2956_4091,2935
18352,2935
1651,2936
5341_2529_2656_2939_2956_4091,2936
5341_2529_2656_2939_2956_4091,2937
5341_2529_2656_2939_2956_4091,2938
5341_2529_2656_2939_2956_4091,2940
1470,2940
44965,7108_2941_3199_4707
5341_2529_2656_2939_2956_4091,7108_2941_3199_4707
5341_2529_2656_2939_2956_4091,2942
5341_2529_2656_2939_2956_4091,2943
3501,2943
2038,2944
3574,2944
5341_2529_2656_2939_2956_4091,2945
2263,2946
5341_2529_2656_2939_2956_4091,2947
5341_2529_2656_2939_2956_4091,2948
5341_2529_2656_2939_2956_4091,2949
5341_2529_2656_2939_2956_4091,2950
5341_2529_2656_2939_2956_4091,2951
5341_2529_2656_2939_2956_4091,2952
5341_2529_2656_2939_2956_4091,2953
5341_2529_2656_2939_2956_4091,2954
5341_2529_2656_2939_2956_4091,2955
24609,2955
5341_2529_2656_2939_2956_4091,2957
21663,2957
5341_2529_2656_2939_2956_4091,2958
3620,2959
6915_16170_22768,2960
2093,2961
2093,2962
2093,2963
24652,2965
4699,4107_2966
1023,4107_2966
17814,4107_2966
4678_18335,2967
44999,2967
5833,2968
21229,2969
2658,2969
2289,2970
5105_5012,2971_5208
5843,2972
5105_5012,2973
21230_632_42487,2974
2715,2974
5105_5012,2975
2485,2975
7254,2975
21069,2975
4298,2976
7179,2977
5071,2977
2580,9994_2978
10150_4958_5096_6082_500_514,2979
6509,2979
18271,2981
2129,2981
21123,2981
18271,2982
21039,2982
2637,2984
2406,2987
544,2988
2974,2988
21069,2988
5509,2989_2990
1416,2991
5853,2991
2994,2993
5626,2994
19954,2994
386,2995
18510,2995
24499,2996
2998,2996
21080,2996
43218,2996
4634,2996
24653,2997
16642,2997
2785,2998
16642,2998
2714,2999
15935,2999
3000,2999
6130,3000
18201,3000
6290,3001
20580,3001
6290,3002
20580,3002
16280,3003
11655,3003
9976_4580_1451_1455,11285_13406_12767_12540_7932_14189_3004_5150_5417_14207_12659_14266_13420_13409_12419_13416_12674_100114
11285_13406_12767_12540_7932_14189_3004_5150_5417_14207_12659_14266_13420_13409_12419_13416_12674_100114,3005
4037,3005
5549,3007
36511,3007
3847,3008
5549,3008
6640,3009
5005,3010
21568,3011
5086,3011
6406,3012
5549,3012
2232,3014_4514
20579,3014_4514
37737,3017
2176,3017
2087,3017
5137,3019
226,3019
2217,3021
43218,3021
16982,3021
16982,3022
6517,3022
4539,3023
16982,3023
16982,3024
2490,3024
16982,3025
18729,3026
2857,3026
16982,3026
3028,3027
16982,3027
18078,3028
2108,3028
16982,3029
6414,3029
3031,3030
16280,3030
6745,3030
21148,3031
40676,3032
16982,3032
4634,3032
2854,3033
16982,3033
2852,3034
16982,3034
2225,3035
16982,3035
4957,3036
6720,3036
3847,13017_11452_10206_11549_13649_7805_14384_13650_13514_14027_14390_7806_32649_11932_18914_3037
2917,13017_11452_10206_11549_13649_7805_14384_13650_13514_14027_14390_7806_32649_11932_18914_3037
599,3038
598,3039
1152,3040
6853_3042,3041
6517,3041
3046,3045
2165,3046
2519,3046
5057,3047
19964_20516,3047
5140,3049
5057,3049
2481,3049
5232,3050
5233,3050
24279_4265_918,3051
24279_4265_918,3052
2681,3053
2772,3053
16642,3054
21527,3054
16642,3055
16642,3056
16642,3057
21079,3057
16642,3058
21662,3059
3060,3059
5304,3060
2691,3060
21545,3061
636,3061
21118,3062
21223_385_6180,3062
5605,3064
2537,3064
4756,3065
6969,3066
3067,3066
1597,3066
2052,3067
21059,3067
5042,3068
2052,3068
2052,3069
2052,3070
21231,3072
2236,3072
8380_3075,3073
8380_3075,3076
8380_3075,3077
8380_3075,3078
2724,3079
5560,3081
4903_3085_1465_33821,3082
24239,3083
6500_3096_2323,3083
5244,3084
7008,3084
21166,4903_3085_1465_33821
942,4903_3085_1465_33821
3209,3086
3036,3086
4988,3087
6256,3087
3036,3087
6500_3096_2323,3088
2739,3089
3036,3089
21321,3090
5496,3090
5341_2529_2656_2939_2956_4091,3091
3036,3091
3036,3092
2475,3092
5028_3186_3550,3093
3036,3093
2358,3095
3036,3095
3098,3097
21079,3097
21386,3098
1406,3098
1406,3100
24432,3100
1406,3103
21379,3104
1322,3104
3150,3105
1657,3107
21234,3108
2998,3109
24666,3110
21085,3111
24503,3111
3113,3112
1056,3112
6290,3113
18201,3113
21530,3115
6500_3096_2323,3115
2025,3117
21348,3118
24235,3118
15864,3120
3510,3120
24653,3121
16642,3121
17663,14889_10774_3122
7803,14889_10774_3122
24237,14889_10774_3122
3125,6266_3124_36990
21348,3125
6055,3125
18191,3125
620,3126
6500_3096_2323,3126
5564,3127
5933,3128
5933,3129
2367,3130
2462_3137_1645_1871_3135_3138,3133
2462_3137_1645_1871_3135_3138,3136
2462_3137_1645_1871_3135_3138,3140
2553,3141
3107,3141
640,3142
1657,3142
3110,3143
16713,3144
2071,3145
8015,3147
5039,3150
3153,3152
24797,3153
2911,3153
56804,3154
3241,3154
2334,3155
6500_3096_2323,3155
3159,3155
2254,3157
2380,3158
4993,3158
2243,3159
5385,3159
19781,3163
3164,3163
3103,3164
21631_21633,3165
2913,3165
638,3168
16691_4000_3999,3168
21499,3168
3165,3168
5499,3169
21631_21633,3169
2786,3169
21636,3170
3169,3171
3249,3171
6500_3096_2323,3172
21631_21633,3173
2911,3173
19781,3174
2542,3174
521,3175
4971,3175
4971,3177
5082,3177
5524,3180
4971,3180
4971,3181
5061,3181
2545,3182
4993,3184
1407,3184
4971,3185
4988,3185
6256,3185
4971,5028_3186_3550
4971,3187
3853,3187
3190,3189
4970,3189
2038,3190
3275,3190
2752,3191
3192,3191
21068,3192
5496,3193
18532,3193
2732,3194
6500_3096_2323,3194
5278,3195
2113,3195
6029,3196
18511,3196
1235,3196
3252,3197
4970,3197
5522,3198
4970,3198
44937,7108_2941_3199_4707
1879,7108_2941_3199_4707
21327,3200
4970,3200
17582,3202
4970,3204
5519,3205
5086,3205
6500_3096_2323,3206
4953,3208
6451,3209
4970,3209
1487,3210
19087,3210
44925_3212_371,3211
4970,3211
1128,44925_3212_371
2038,44925_3212_371
5524,3214
3215,3214
2206,3215
3686,3215
4970,3216
6481,3216
4647,3218
4970,3218
6181,3219
4970,3219
5411,3220
6181,3220
2714,3222
21143,3222
5094,3223
21322,3223
5172,3225
5046,3225
5570,3225
5638,3227
17373,3231
21698_21699,11986_4982_5003_6515_3232
17663,3233
2433,24649_3234_3931
3235_3932,24649_3234_3931
16167,3235_3932
2640,3235_3932
5635,3236
5635,3237
21525,3237
5635,3238
5151,3240
628,3241
43218,3241
6500_3096_2323,3241
5004,7256_18902_16216_3243
6424,3244
7256_18902_16216_3243,3245
29001,3245
7256_18902_16216_3243,3246
24890,3248
3766,3249
21232,3249
21069,3249
6235,3250
56804,3250
6235,3251
21355,3251
6235,3252
21089,3252
6235,3253
643_21049_2198,3253
3250,3254
21508,3254
6235,3255
21386,3255
6235,3256
3257,3256
17611,3257
6500_3096_2323,3258
2913,3260
642,3261
21088_4373,3261
2913,3261
16642,3262
2915,3263
2913,3263
5341_2529_2656_2939_2956_4091,3264
5084,8187_2050_5618_5451_5371_100081_5383_1942_1098_3265_11924_12384
21042,3266
21043,3268
21042,3268
5420_16412_15777,3271
21043,3272
2129,3273
3274,3273
21578,3273
21350,3274
4992,3274
3277,3275
4532,3275
21366,3275
21205,3276
2409,3276
5627,3277
21233,3277
649,3277
24320,3278
3277,3278
4532,3278
2329,3279
6873,3280
11366,3281
2379_4099,3281
5558,3282
24582,3283
21521,3284
1572,3284
1572,3285
21092_645,3285
4723,3286
21223_385_6180,3286
21385,3286
628,3287
1572,3287
1572,3288
1572,3289
5384,3290
2300,3291
21440,3291
1572,3291
4125,3292
21469,3292
2732,3293
1572,3293
21514,3294
1572,3294
1572,3295
1572,3296
17127,3297
21503,3297
1572,3297
643_21049_2198,3298
1572,3298
5335,3299
21444,3299
1572,3299
1092,3300
21465,3300
654_21581_44334,3301
3291,3301
16755,3302
16755,3303
19117,3303
5411,3303
21089,3303
16755,3304
16755,3305
16755,3306
2173,3307
21065,3308
5065,3308
2277,3310
21251,3311
37742,3312
21068,3312
3314,3313
2140,3313
6745,3313
37742,3314
21050,3314
2447,3315
4710,3315
19004_24675,3316
19004_24675,3317
19004_24675,3318
24582,3319
45003,3319
19004_24675,3320
3847,3321
19004_24675,3321
19004_24675,3322
5035,3327_3325
5035,3326
1406,3327_3325
4230,3328
2373_6674,3328
21092_645,3328
3330,3329_1556
2118,3330
5602,3331
6980_3333,3332
18369,3332
6444,3332
646,6980_3333
2562,20347_7691_3334_16169_2335_6702
6009_19956_20069,3336
6009_19956_20069,3337
18327,3340
4992,3340
17588,3341
2295,3341
5165,3342
2604,3342
2311,3343
16748,3343
21541,3343
3210,3345
2602,15374_3346_100248
18882,15374_3346_100248
43218,15374_3346_100248
5058,3347
5058,3348
2217,3349
5058,3349
37740,3349
5058,3350
3252,3350
5058,3351
3352,3351
5089,3352
21063,3352
5058,3353
3354,3353
1340,3354
18078,3354
5058,3355
2225,3355
5058,3356
5058,3357
2426,3357
3379,3358
2865,3358
5058,3359
3361,3360
5058,3360
18506,3360
18078,3361
956,3361
5058,3362
6414,3362
2300,3363
2898,3363
17127,3364
5058,3364
2857,3364
5058,3365
1204,3365
6816,3366_18015
5058,3367
1056,3367
5058,3368
2854,3368
5058,3369
2140,3369
5058,3370
1501,3370
5058,3371
2490,3371
5058,3372
5214,3372
2930,3373
5058,3373
5058,3374
2448,3374
2852,3376
5058,3376
3378,3377
3090,3377
24658,3377
5058,3378
2397,3378
5058,3379
2168,3379
100070,3381
5560,3381
462,3382
5328,3382
5004,3383
2746,3383
2741,3384
6135,3384
5004,3386
2751,3386
5004,3387
3200,3387
2670,3388
4081,3388
4993,3389
5004,3390
4953,3390
45055,3390
5214,3391
11655,3391
5040,3392
21092_645,3392
651,3393
5570,3393
5046,3393
5151,3393
6999,3394
5854_3900_16663,3394
3125,3395
6036,3395
2507,3396
5079,3396
2507,3397
1152,3398
3401,3399
2073,3399
5744,3400
4479,3400
2714,3401
3750,3401
20574,3401
3400,3401
16739,3401
3403,3402
5744,3402
2874,3402
6447,3403
3510,3403
5744,3404
44878,3404
3000,3405
44878,3405
8187_2050_5618_5451_5371_100081_5383_1942_1098_3265_11924_12384,3406
18171,3408
24634,3409
24888,3410
5086,3410
5613,3410
5153,3410
21100,3411
5094,3411
5094,3412
24645,3412
2917,3413
2297,3413
6973,3414
3432_4753_20252,3417
3425,3417
4972,3419
36976,3419
643_21049_2198,3419
2193,3419
6108,3420
2369,3420
4972,3421
21043,3421
4972,3422
2732,3422
36976,3422
4972,3423
21482,3423
36976,3423
4972,3424
10795,3424
6496,3425
1584,3425
4972,3426
2533,3427
3422,3427
2807,3427
2328,3428
3604,3429
6373,3429
17611,10911_3430_6388
4972,3431
1584,3432_4753_20252
4972,3433
1704,3434
4972,3434
4972,3435
8433,3437
8433,3438
6167,3438
502,3439
4987,3439
5395,7495_7496_13928_13813_12789_10983_14019_14033_14627_3441_44807
3443,3442
4987,3442
21096,3443
24337,3443
6108,3444
6108,3445
21385,3445
2805,3446
2805,3447
3426,3447
21489,3448
2090,3450
2533,3450
21110,3450
2467,3452
24654,3452
20204,3453
24475,3453
20204,3454
2236,3454
21662,3455
2060,3455
627,3455
21525,3458
6071,3458
644,3459
6071,3460
24886,3461
21092_645,3461
6071,3462
646,3463
6071,3464
10434,3465
5067,3466
2927,3466
2852,3467
10434,3467
10434,3468
5067,3469
16698,3470
3472,3471
2875,3472
21191,3473
21546,3473
16698,3474
16698,3475
16698,3476
21191,3477
2911,3477
4245,3477
16698,3478
21079,3478
3002,3480
2073,3480
3408,3481
3002,3481
3472,3482
6102,3486
10150_4958_5096_6082_500_514,3486
10150_4958_5096_6082_500_514,3487
17590,3490
18509,3490
6203,3490
10150_4958_5096_6082_500_514,3492
2463,3492
6451,3493
10150_4958_5096_6082_500_514,3493
5140,3494
3495,3494
10150_4958_5096_6082_500_514,3494
2532,3495
2229,3495
5519,3497
10150_4958_5096_6082_500_514,3497
5056,3499
5341_2529_2656_2939_2956_4091,3499
5496,3500
18534,3500
10150_4958_5096_6082_500_514,3501
2944,3501
10150_4958_5096_6082_500_514,3502
6481,3502
10150_4958_5096_6082_500_514,3503
6206,3503
7108_2941_3199_4707,3504
3646,3504
2120,3504
21579,3505
952,3505
40676,3506
5207,3506
6290,3506
473,3506
18171,3507
5207,3507
5207,3508
3403,3508
2871,3508
16740,3509
2073,3509
6290,3510
5447,3510
10274_10108,3510
6424,3512
21386,3512
21085,3513
2601,3513
6290,3514
2601,3514
2601,3515
3392,3515
2601,3516
44878,3516
2601,3517
2601,3518
20539,3518
21067,3518
2206,3519
2191,3519
40674,3522
386,3523
15062,3524
3523,3524
19954,3525
3523,3525
20120,3528
44967,3528
20683,3529
6939_1110,3529
44789,3530
2512,3531
24240,3531
2512,3532
5590,3532
2512,3534
3209,3534
2512,3535
2746,3535
24615,3538_3537
5157,3538_3537
3541_870,3539
5525_3540,3539
3394,3542
3569,3543
3620,3543
2714,3544
21234,3544
2713,3545
3569,3546
3620,3546
6056,3548
6074,3548
56815,3549
3500,3549
6074,5028_3186_3550
5580,5028_3186_3550
3493,3551
6074,3551
3490,3553
6202,3553
6157,3554
18513,3554
4053,3555
6074,3555
6074,3556
6198,3556
16642,3557
2640,3557
993,3558
6074,3558
2402,3561
2142,3561
21348,3562
2771,3563
2771,3564
502,3565
21239,3565
5560,3568
5042,3569
5071,3569
4993,3570
5232,3572
6406,3573
3277,3574
4532,3574
21235,3574
4993,3575
3113,3578
20539,3578
1834,3579
5283,3579
16096,3581
5440,3581
16419,3582
16248,3582
426,3582
18364,3582
20573,3582
15356,3582
44996,3584
1834,3584
5060_4510_3591,3585
5060_4510_3591,3586
1204,3586
5060_4510_3591,3587
6517,3587
5060_4510_3591,3588
2448,3588
5060_4510_3591,3589
2225,3589
5060_4510_3591,3590
2930,5060_4510_3591
5060_4510_3591,3592
1056,3592
5060_4510_3591,3593
2490,3593
5060_4510_3591,3594
5103,3595
5103,3596
2927,3596
44967,3598
6683,3598
5060_4510_3591,3599
5214,3599
5060_4510_3591,3600
6414,3600
2852,3601
5060_4510_3591,3601
5060_4510_3591,3602
17611,19613_17822_3603
21119,19613_17822_3603
21120,3604
17611,3604
2817,3606
21237,3606
44967,3607
2122,3607
2135,9786_15011_12543_10698_14571_24569_8133_33549_3608_11536
2790,3609
2369,3609
5183,3610
4005,3610
21091,3611
21629,3611
21629,3612
2974,3612
637,3612
3295,3614
5244,3615
3617,3616
3619_1173,3617
3619_1173,3618
2156,3619_1173
922,3619_1173
5071,3620
19960,3621
2995,3621
19960,3622
4965,3624
4953,3624
3631,3626
2741,3626
603,3627
3628,3627
5554,3627
2869,3628
5278,3629
5213,3629
6003,3629
2867,3630
24621,3630
2810,3630
5278,3631
5153,3631
21166,3632
2345,3632
6854,3633
4992,3633
5240,3634
4988,3635
6962,3635
6256,3635
6962,3636
24336,3636
2732,3637
20581,3637
20588,3637
16642,3638
8903,3638
21322,3638
21117,3639
5236,3640
44881,3641
6130,3641
3155,3643
24479,3644
2278,3644
3155,3644
44987,3645
3155,3645
5586,3645
2883,3646
24476,3646
3648,3647
3276,3648
386,3649
21355,3649
18666,3650
18666,3651
8171,3652
16231,3653
2623,3654
6817,3654
2731,3655
2571,3655
3634,3656
5062,3658
5062,3659
6517,3659
5062,3660
5062,3661
7254,3661
2741,3663
3665,3663
4139,3664
5153,3665
5026,3665
2746,3666
5026,3666
3113,3668
3001,3668
3510,3669
2874,3669
3001,3669
5068,3670
3939,3671
5068,3671
5068,6652_3678_1090_3672_3673_3676_3677_3679_6803
5068,3674_990
5068,3675
21054,3680
515,3680
8977,3681_3899
8977,3682
21054,3684
515,3684
5040,3685
24645,3685
2381,3686
24467,3686
1340,3687
21378,3687
5065,3688_6364
3847,3689
3664,3689
16700,3690
3633,3691
6517,3691
3633,3692
3460,3693
3464,3693
3695,3694
3693,3694
3460,3695
646,3695
3698,3697
4433,3698
6006,3698
8187_2050_5618_5451_5371_100081_5383_1942_1098_3265_11924_12384,3699
3100,3700
6683,3700
12004_15075_5034_5075_24622_6467,3701
3614,3702
21230_632_42487,3702
7886,3704
3295,3704
3153,3705
2503,3706
3153,3706
3173,3706
3090,3707
15072,3708
402,3708
2665,3708
3699,3709
3408,3710
15864,3710
3143,3712
3143,3713
2760,3714
3715,3714
4986,3715
3717,5221_3777_3716
6350,5221_3777_3716
3443,3717
3719,3717
11057,3718
21163,3719
2930,3720
5164,3720
2930,3721
2621_4176,3721
24320,3722
3121,3722
3724,3723
3725,3723
5219,3724
2657,3725
3724,3726
3725,3726
12000,3727
5164,3728
2490,3728
3730,3729
5059,3730
3405,2718_3731_3732_3734_3875_3958
3516,2718_3731_3732_3734_3875_3958
3733,2718_3731_3732_3734_3875_3958
3517,3733
3735,2718_3731_3732_3734_3875_3958
600,3736
377,3737
5447,3737
6266_3124_36990,3737
1342,3738
2211,3739
600,3740
3395,3741
5164,3742
3354,3742
5094,3743
21209,3743
6427,3744
20663,3744
6486,3744
3744,3745
3878,3745
3912,3746
4188,3746
2299_2298,3747
12000,3748
44991,3749
651,3749
3751,3750
3000,3750
5040,3751
21079,3751
6353_3923_4327_4457,3752
21483,3752
1825,3753
21475,3753
2254,3754
3757,3754
24337,3755
2229,3756
6496,3757
37250,3758
20577,3758
10274_10108,3758
6344,3759
3760,3759
3400,3759
20577,3759
11366,3760
3751,3760
3762,3761_3765
16747,3761_3765
16642,3762
21322,3762
8187_2050_5618_5451_5371_100081_5383_1942_1098_3265_11924_12384,3763
3761_3765,3764
3057,3764
42494,3764
3081,3766
2786,3766
2869,3767
5092,3768
2742,3768
2270,3769
5794,3769
1279,3770
24653,3771
16642,3771
21322,3772
2731,3772
642,3772
3772,3773
3772,3774
2772,3775
3772,3775
21109,3776
5221_3777_3716,3776
21467,5221_3777_3716
4041,5221_3777_3716
9453,3778
33541_14280_13500_14278_10296_33542_32723_14597_14727_8856_54696_32599_20849_32763_30858_30013_10504_14453_12426_10386_32803_14491_13427_14222_14981_13953_21094_30898_30973_30981,3780
21925,3781_5607_18597
1358,3781_5607_18597
16262,3782
3356,3782
3785,3783
44925_3212_371,3784
4647,3784
4805,3785
3508,3786
3758,3786
4479,3786
3120,3787
3758,3787
4479,3787
3758,3788
6446,3788
4479,3788
17884,3789
3008,3789
3791,3790
2834,3790
2836,3790
4197,3791
3812,3792
2928,3792
5140,3792
5140,3795
2481,3795
402,3795
2168,3796
24659,3796
21166,3799
6170,3799
9330,3800
24475,3801
21238,3801
653,3802
2236,3802
21238,3802
5561,32783_24523_13902_3803
45001,32783_24523_13902_3803
2869,32783_24523_13902_3803
5570,3804
6292,3805
1322,3805
5626,3806
15074,3806
2852,3808
2621_4176,3808
9330,3809
21386,3809
3386,3810
21043,3811
2229,3811
2480,3812
18364,3812
21096,3813
2229,3813
5569,3816
6816,3816
3819,3818
3820,3818
3760,3819
5602,3819
3517,3820
3821,3820
5602,3821
3755,3822
3442,3822
3847,3824
3825,3824
36976,3825
2513,3825
10795,3825
6298,3826
3668,3826
16463,3827_15698
2038,3828
2415,3828
19927,3828
2109,3828
2533,3829
2395,3829
3829,3830_3831
15136,3832
33541_14280_13500_14278_10296_33542_32723_14597_14727_8856_54696_32599_20849_32763_30858_30013_10504_14453_12426_10386_32803_14491_13427_14222_14981_13953_21094_30898_30973_30981,3832
4950,3834
1063,3834
5036,3835
3834,3835
3837,3836
3429,3837
24282,3839
2991,3839
21508,3840
3841,3840
5106,3841
21450,3841
3165,3842
3263,3842
2505,3842
21497,3843
3844,3843
628,3844
5106,3844
3843,3845
43424,3846
5113_5550_5108,3846
1409,3846
1,3847
3393,3848
2892,3849
6145,3850
3849,3850
3820,3851
3820,3852
24336,3853
2829,3853
9330,3856
37740,3857
5094,3857
24648,3858
24648,3859
2640,3859
2553,3860
642,3860
24240,3861
24336,3861
3863,3862
17827,3863
4948_872_4963_20511_4947_814,3864
5105_5012,3865
2397,3866
2621_4176,3866
3222,3867
3109,3868
2911,3869
2914,3869
3869,3870
2505,3870
3173,3870
2533,3872
5183,3872
3813,3872
2362,3873
646,3873
3813,3873
2512,3874
5211,3874
3813,3874
3750,2718_3731_3732_3734_3875_3958
2466,3876
21313,3876
5341_2529_2656_2939_2956_4091,3876
6700,3878
6486,3878
8170,3879
2991,3879
3214,3880
2944,3880
3214,3881
24336,3881
2217,3882
5164,3882
3885,3884
21462,3884
5106,3885
21444,3885
3464,3886
2398,3886
646,3887
2398,3887
2229,3887
3787,3888
3890,3889
5611,3890
40678,3890
5092,3891
2751,3891
5061,3892
4972,3893
3562,3893
2558,3894
2631_2628_2620,3895
3126,3896
2407,3896
21169,3897
3126,3897
3681_3899,3898
6517,3898
1,5854_3900_16663
16748,3901
2328,3901
21499,3901
16748,3902
21507,3902
2328,3902
1731,3903
5097,3904
6344,3905
6344,3906
6344,3907
2919,3908_4503_4511
2998,3908_4503_4511
5635,3909
36976,3909
643_21049_2198,3909
2193,3909
6486,3910
3910,3911
3912,3911
4064,3912
2969,3912
3878,3913
3910,3913
10127_6456_16974_16975_2588_6458_6459,3915
5137,3916
1340,3917
5062,3917
16642,3918
3109,3921
548,3922
21515,6353_3923_4327_4457
4972,3924
36976,3924
21511,3924
36591,3924
2537,3925
6353_3923_4327_4457,3925
4820,3926
21065,3926
6486,3927
16262,3928
3359,3928
2194,3929
5611,3930
4071,24649_3234_3931
21079,3235_3932
21323,3933
2129,3933
3214,3934
5590,3934
4988,3935
6256,3935
5606,3936
4953,3936
45002,3937
21166,3937
2751,3938
5218,3939
5380,3940
45002,3940
5095_43377,3940
17885,3941
17885,3942
21168,3943
3844,3943
3293,3944
2807,3944
21169,3945
502,3946
3434,3946
2468,11985_11971_11735_10626_11528_3947
44980,11985_11971_11735_10626_11528_3947
21497,3948
3428,3948
2482,3950
4989,3950
21472,3951
3110,3951
3405,3952
16740,3952
16740,3953
3750,3953
4479,3953
3143,3954
2063,3955
5381,3956
812,3956
3248,3957
16722,3957
5057,3959
2485,3959
6256,3959
3050,3960
5057,3960
5454,3960
2254,3962
2150,3962
2254,3963
21167,3964_21929
2254,3965
4359,3965
3508,3966
2622,3967
2622,3968
7079_2491_4938_2046_5367_5689_4456_5186,3969
4950,3970
4950,3971
4950,3972
3669,3973
4197,3975
21327,3975
10127_6456_16974_16975_2588_6458_6459,3976
6451,3976
2032,3978
2882,3978
402,3978
3420,3979
3444,3979
24653,3980
4820,3980
4989,3982
3982,3983
24320,3984
21474,3984
5106,3984
5062,3985
21323,3985
5062,3987
8903,3987
3273,3988
17814,3988
16096,3989
15863,3989
3158,3990
6256,3990
2483,3990
5461,3991
6192,3991
3204,3991
6517,2578_3992_4012
2578_3992_4012,3993
3994,3993
16095,3994
2578_3992_4012,3994
2578_3992_4012,3995_4013
5214,3995_4013
5560,3996
3352,3997
24659,3997
3434,3998
24660,3998
2505,16691_4000_3999
2254,4001
2316,4004
2122,4004
646,4005
36976,4005
2229,4005
4972,4005
24276,4005
3192,4005
646,4006
3192,4006
3464,4006
2488,4007
4007,4008
5221_3777_3716,4009
2837,4009
40678,4010_20654_381
3994,3995_4013
1764,4014
2718_3731_3732_3734_3875_3958,4015_4016
21232,4015_4016
3733,4015_4016
3514,4017
3735,4017
24746,4017
4015_4016,4017
3578,4017
2073,4017
5461,4019
6192,4019
3658,4020
4021,4020
5062,4021
5843,4021
3772,4022
640,4024
3544,4024
2749,4024
60765,4026
6603,4026
3361,4028
5164,4028
6481,4030
4010_20654_381,4030
5140,4031
3811,4032
5853,4032
18364,4032
5140,4033
16248,4033
5062,4034
2236,4034
3342,4035
5283,4037
2220,4038
2665,4039
21109,4040
44906,4040
4180,4041
3443,4041
5605,4041
3755,4041
21109,4042
2221_4044,4042
21109,4043
2221_4044,4043
1398,2221_4044
3077,4045
6517,4045
3057,4046
642,4046
5289,4047
2785,4047
23369,4047
3112,4048
3578,4048
3513,4048
3514,4048
3763,4049
2629,4050
7896_4600_4614_875,4051
3729,4051
18515,4052
2829,4053
24609,4053
4055_4923,4054
1854,4055_4923
5611,4056
6350,4056
3442,4056
3890,4057
1933,4058
2220,4059
6486,4062
4062,4063
4064,4063
6486,4064
2658,4064
3878,4065
4062,4065
4063,4066
3912,4066
6215,4067
4957,4067
19243,4069
44970,4069
15327,4069
2731,4071
5499,4071
21631_21633,4071
2505,4071
6517,4071
3887,4074
3886,4074
5106,4075
24876,4076
5106,4076
24715,4076
5106,4077
812,4077
44965,4077
3210,4078
2739,4078
3427,4079
5595,4080
2355,4080
5004,4081
2665,4081
3819,4082
20577,4082
18369,4082
4479,4082
5341_2529_2656_2939_2956_4091,4083
3878,4085
6200,4085
6200,4086
3912,4086
3050,4087
6102,4087
6143,4088
3486,4088
20656,4089
3486,4089
24609,4090
3486,4090
5056,5341_2529_2656_2939_2956_4091
3486,5341_2529_2656_2939_2956_4091
3493,4092
3486,4092
5580,4093
3486,4093
2998,4094
5062,4095
4805,4095
2718_3731_3732_3734_3875_3958,4096
21234,4096
10921_2378_15380_40700,4096
2852,4098
3863,4098
3516,2379_4099
5454,4100
12004_15075_5034_5075_24622_6467,4101
12004_15075_5034_5075_24622_6467,4102
12004_15075_5034_5075_24622_6467,4103
4107_2966,4104
4699,4104
17814,4104
18935,4104
6517,17387_4060_4105_4521
3402,4106
21138,4107_2966
5966,4107_2966
5059,4107_2966
2720,4108
2998,4108
4427,4109
21358,4109
18935,4110
4111,4110
44881,4111
6032,4112
4986,4114
402,4114
19086,4116
3649,4116
402,4116
24500,4117
15072,4117
402,4117
17590,4117
6032,4118
56816,4120
2829,4120
402,4120
19964_20516,4122
402,4122
44337,4124
2854,4124
3299,4125
21462,4125
3240,4126
21166,4126
5061,4127
3050,4128
7108_2941_3199_4707,4129
10150_4958_5096_6082_500_514,4130
3486,4130
43424,4131
27026,4131
10150_4958_5096_6082_500_514,4131
7108_2941_3199_4707,4132
10150_4958_5096_6082_500_514,4132
6373,4133
2531,4134
4126,4135
5183,4136
2280,4139
3514,4140
5105_5012,4141
3960,4142
6167,4142
16642,4143
16642,4144
16642,4145
16642,4146
10127_6456_16974_16975_2588_6458_6459,4147
2512,4148
6215,4148
2518,4148
6215,4149
2056,4150
21322,4151
3544,4151
3864,4152
18843,4153
3750,4153
4479,4153
18843,4155
3405,4155
5858,4156
2867,4156
4156,4158
4156,4159
6026,4160
7886,4161
7886,4162
3296,4162
5611,4163
3715,4163
2493,4164
3739,4165
3847,4166
6206,4166
3669,4168
2263,4169
1269,4170
2991,4172
2879,4172
1869,4173
24336,4173
5461,4174
6192,4174
5461,4175
6192,4175
2623,2621_4176
4180,4177
21239,4177
3402,4178
5165,4180
21066,4180
3725,4181
4986,4182
5244,4183
3464,4185
5182,4185
6340,4185
4187,4186
24653,4186
6209,4187
19296,4187
4830,4187
6424,4187
3744,4188
4064,4188
5768,4189
3749,4189
384,4190
4191,4190
2513,4191
6295,4192
21239,4192
3481,4193
3760,4193
20577,4193
4479,4193
5558,4194
3393,4195
6406,4196
44937,4196
4192,4197
3402,4198
5056,4199
24609,4199
4986,4200
3381,4201
2814,4202
3606,4202
4192,4203
1825,4204
2536,4204
6407,4205
40676,4206
5058,4206
16982,4206
4634,4206
40676,4207
5058,4207
473,4207
16982,4207
5058,4208
3032,4208
2731,4209
3145,4209
15067,4210
4211,4210
386,4211
24609,4212
24609,4213
3464,4214
3463,4214
24294_24295,4215
5119,4215
16738,4216
2214,4216
2073,4216
4452,4217
2214,4217
3750,4218
3402,4219
5461,4220
6192,4220
6359,4221
4526,4221
6045,4222
2702,4222
21366,4223
5079,4223
4960,4225
21098,4226_4254
21473,4227
4230,4227
2373_6674,4227
6056,4229
5065,4230
6056,4231
20663,4231
21663,4231
6056,4232
5056,4232
6517,17386_4233_4513
5169,4234
21166,4235
5020,4235
15063,4236
3050,4237
16642,4238
5056,4239
6143,4239
4192,4240
18381,4241
2614,4241
4247,4242
5214,4243
4244,4243
17387_4060_4105_4521,4244
5499,4245
3266,4245
4335,4247
43839,4247
20685,4248
6517,4248
2915,4248
21191,4249
20687,4249
6517,4249
3478,4249
3445,4250
2533,4250
3455,4250
24635,4251
21118,4251
2995,4252
4211,4252
2060,21097_21099_4253
2063,21097_21099_4253
5626,4255
21629,4255
1279,4256
3750,4257
16742,4257
4479,4257
40674,4258
21309,4259
5131,4259
4247,4260
4262,4261
2483,4262
16715,4263
3142,4263
3107,4263
2798,4263
2915,4263
24279_4265_918,4264
20683,24279_4265_918
2652,4266
21098,4267
2482,4268
3208,4269
2058,4270
2058,4271
5247,4272
6002,4272
6026,4272
2058,4273
24666,4273
2804,4273
21489,4273
21110,4273
6043,4274
2415,4275
2629,4275
21165,4275
2804,4276
5323,4277
314,4277
2837,4278
3890,4278
2316,4279
2639,4279
4004,4280
6189,4281
3861,4281
6245,4283
24336,4283
5192,4285
2116,4286
5184,4287
4953,4288
2766,4289
4080,4289
2766,4290
4291,4290
5595,4291
4358,4291
2766,4292
4293,4292
5595,4293
4357,4293
16096,4294
3507,4294
20550,4294
5138,4295
6143,4296
6451,4297
4335,4298
3890,4299
2631_2628_2620,4301
6890,4302
6890,4303
3421,4304
6890,4304
3424,4305
6890,4305
2623,4306
2631_2628_2620,4306
4308,4307
4309,4307
2217,4308
21322,4308
5089,4309
2795,4310
16715,4310
5836,4311
3975,4311
23369,4312
2998,4312
16642,4313
2291,4314
3363,4314
3252,4314
3210,4315
2176,4315
5056,4316
5341_2529_2656_2939_2956_4091,4316
1279,4317
3795,4318
3795,4319
2503,4320
5461,4321
3408,4322
3507,4322
5336,4323
3125,4324
5167,4324
3125,4325
37252,4325
6353_3923_4327_4457,4326
2537,4326
21477,6353_3923_4327_4457
1748,4328
4970,4328
4286,4329
4285,4329
3762,4330
4308,4330
1378,4331
2751,4331
3715,4331
3639,4332
8903,4332
23206,4333
19954,4334
21119,4334
21199,4335
2169,4336
44336,4336
2655,4337
7108_2941_3199_4707,4337
2651,4337
24341,4338
3072,4338
2720,4339
23369,4339
5184,4340
5184,4341
4957,4341
6346,4343
2867,4343
9330,4344
17827,4345
6517,4345
3210,4346
2664,4346
2311,4348
4034,4349
3072,4349
3078,4350
6517,4350
17207,4351
4034,4351
4245,4352
3455,4353
4355,4354
21138,4355
6517,4355
5059,4355
2730,4356
2358,4357
1724,4357
2358,4358
1293,4358
5485,4359
2621_4176,4360
2490,4360
3473,4361
20690,4363
2542,4363
3878,4364
4365,4364
6486,4365
3268,4366
2998,4367
2998,4368
5240,4369
2998,4370
2918,4371
3262,21088_4373
2129,4374
2621_4176,4374
5300,4375
2482,4376
4334,4377
2994,4377
2731,4378
16715,4378
3142,4378
2798,4378
4989,4379
621,4380_19482
5089,4380_19482
6247,4380_19482
4805,4380_19482
4286,4381
4867,4382
2999,4383
3405,4383
2537,4384
6353_3923_4327_4457,4384
3236,4386
3237,4386
24575,4387
5558,4387
2875,4389
5328,4390
2217,12825_4392
3268,4393
1748,4394
44705,4394
10150_4958_5096_6082_500_514,4394
1279,4396
4398,4397
21521,4398
4820,4398
3098,4398
638,4398
56804,4398
10127_6456_16974_16975_2588_6458_6459,4400
36501,4401
3510,4401
3402,4402
6517,4403
3538_3537,4403
4111,4404
3538_3537,4404
5028_3186_3550,4405
3405,4406
16742,4406
3327_3325,4407
3327_3325,4408
3950,4409
18352,4410
21663,4410
3523,4411
15063,4411
24882,4412
24240,4412
6143,4413
931,4414
3890,4415
3890,4416
3890,4417
3890,4418
3890,4419
4412,4420
4988,4420
21097_21099_4253,4421
2997,4422
2217,4423
2621_4176,4423
37740,4423
17127,4424
2299_2298,4424
3240,4425
3774,4426
21071_2354,4427
3422,4428
16642,4429_24663
2898,4429_24663
21322,4429_24663
18352,4430
44967,4431
6816,4431
3517,4432
21381,4432
18352,4433
2979,4433
2397,4435
5164,4435
13280,4436
3589,4436
4989,4438
16642,4439
642,4440
21232,4440
20577,4441
3760,4441
3581,4441
4479,4441
15863,4442
3510,4442
6351,4443
21388,4443
3386,4444
3386,4445
2997,4446
642,4446
2997,4447
3257,4447
642,4447
2998,4447
3752,4448
2537,4448
4262,4449
3718,4450
5269,4450
3210,4451
2999,4452
3750,4452
4479,4452
3402,4453
21484,6353_3923_4327_4457
2751,4458
2751,4459
6243,4459
5032,4460
24661,4461
3434,4461
3445,4462
3420,4462
9692,4463
4177,4464
4191,4464
2670,4465
21166,4466
44979,4466
5071,4466
3517,4467
3513,4467
2651,4468
2735,4468
5056,4469
5341_2529_2656_2939_2956_4091,4469
42485,4471
5113_5550_5108,4471
2707,4472
4357,4473
4109,4473
5216,4473
5411,4474
4699,4474
6451,4475
6076,4477
3327_3325,4477
21089,4477
3864,4478
6290,4479
3751,4479
6517,4479
4286,4481
6047,4481
4285,4481
44967,4482
3424,4483
5032,4483
45070,4484
5411,4484
24502,4484
18961,4484
4496,4485
3238,4486
3238,4487
3238,4488
3392,4489
20550,4489
6206,4489
20550,4490
4491,4490
5207,4491
16273,4491
43707,4492
21166,4492
3402,4493
3402,4494
20225,4495
11266_8056_16107,4495
24643,4496
24636,4496
591,4496
1279,4498
5138,4499
4332,4499
6883,4500
3464,4501
3461,4501
16642,4502
1325,4504
4197,4504
21097_21099_4253,4505
21097_21099_4253,4506
21097_21099_4253,4507
5076_5593,4508
3455,4509
5103,5060_4510_3591
6097,5060_4510_3591
4141,4512
16747,4512
4197,4516
4184_1926,4517
5247,4517
6002,4517
4192,4518
24715,4519
6500_3096_2323,4519
6446,4520
4335,4522
20591,4522
43786,4522
5056,4523
5341_2529_2656_2939_2956_4091,4523
5032,4524
4389,4525
21201,4525
6424,4526
21254,4526
2320,4527
6235,4527
40675,4528
24339,4528
44965,4528
37745,4529
5153,4530
2585,4531
3725,4531
649,4532
2409,4532
6500_3096_2323,4533
3725,4534
4322,4535
3760,4535
20577,4535
4479,4535
2742,4537
6254,4537
2742,4538
40676,4539
5561,4539
17827,4540
3669,4541
6134,4542
3402,4543
45056,4544
4345,4545
3100,4546
1829,4546
3402,4547
3395,4548
4553,4549
6325,4550
3802,4550
43579,7955_954_4551
1229,7955_954_4551
6143,4552
15925_17031_17030_17034,4553
771,4553
4555,4554
2730,4554
20581,4555
2513,4555
2603,4555
44925_3212_371,4556
2678,4557
5032,4558
17827,4559
3413,4560
6325,4561
3072,4561
4658,4562
3240,4564
5020,4565_2803_2801
1318,4566
5020,4566
4567,4568
6683,4569
4565_2803_2801,4570
4565_2803_2801,4571
8187_2050_5618_5451_5371_100081_5383_1942_1098_3265_11924_12384,4572
6873,4573
42976,4574
6873,4575
43839,4577
4903_3085_1465_33821,4577
4579,4578
9976_4580_1451_1455,4579
5283,9976_4580_1451_1455
22519,4582
6955,4582
2303_6948_6951_2089_41093_1630_1633_2088,4583
45033_2312,4584
17853,4584
5766,4584
24575,4585
7179,4586
5275,4586
19117,4588_4587_1296
1941,4588_4587_1296
5283,4588_4587_1296
24575,4591
4592,4591
2922,4592
24294_24295,4592
21680,4592
5545,4592
21201,4592
2263,4593
2051,4593
5279,4594
4596,4595
5009,4596
4595,4597
20683,4598
4595,4598
7079_2491_4938_2046_5367_5689_4456_5186,4599
5059,7896_4600_4614_875
4605,4601
5854_3900_16663,4603
44971,4603
9348,4604
5093,4605
4608,4607
5517,4608
21364,4608
5794,4609
4608,4611
5515,4611
5286,4611
2637,4612
20675,4613
1014,7896_4600_4614_875
44987,4615
5507,4615
4609,4616
5898,4616
24487,4616
24294_24295,4616
3406,4617
5071,4618
5857,4619
4952,4620
44987,4621
6834,4621
20674,4622
5020,4622
4611,4624
18882,4625
4634,4625
4952,4626
2866,4627
43579,4627
24415,4628
1126,4628
5001_4966,4628
45057,4629
5485,4630
21240,4631
649,4631
5515,4631
9348,4633
5385,4634
5806,4635
21333,4636
44925_3212_371,4636
2352,4637
5806,4637
612,4638
15760_18908_15759,4638
5313,4639
5001_4966,4640
4647,4641
5341_2529_2656_2939_2956_4091,4641
3939,4642
5864,4642
6998,4642
20076,18874_4643
5059,18874_4643
7896_4600_4614_875,4644
5515,4645
21241,4645
4605,4646
21074,4647
20665,4647
4993,4647
11057,4648
1627,4648
4652,4649
265,4649
24389,4649
2714,4650
2095,4650
21089,4650
21069,4650
5627,4650
21053_6104,4650
5113_5550_5108,4651
5249,4652
5113_5550_5108,4652
18874_4643,4653
6311,4653
5113_5550_5108,4656
4674,4657
4989,4658
4647,4658
2466,4659
4647,4659
5138,4660
4647,4660
1419,4661
4693,4661
4664,4662
2032,4663
4698,4663
5135,4664
9348,4665
4664,4666
21242,4667
44743,4667
4664,4668
5515,4669
21357,4669
7179,4670_5282_19561
5554,4670_5282_19561
18352,4671
4693,4671
4664,4672
6834,4673
20283_6651,4674
9637,4675
24268,4677
24268,4678_18335
21201,4678_18335
1433,4679
43243,4679
602,10120_8555_14837_8556_30867_14536_12775_10743_2049_4680
592,4681
37744,4682
5515,4682
2131,4682
16037,4684
44989,4684
4608,4685
621,4685
44986,4685
20213,12044_20791_7380_32904_18102_4686
1661,4687
19052,4689
6998,4690
426,33281_8263_33004_13131_9889_4691_20642
18407_20091,33281_8263_33004_13131_9889_4691_20642
4647,4693
10150_4958_5096_6082_500_514,4693
5154,4694
2691,4695
4699,4695
2358,4696
4647,4696
43243,4697
3749,4697
5814,4698
4647,4698
6181,4698
5062,4699
2516,4699
21243,4700
44743,4700
2654,4701
5079,4701
2256,4702
43243,4702
4647,4703
6111,4703
3930,4703
5167,4705
16238,4705
4721,4705
2137,19558_4706
4725,7108_2941_3199_4707
4647,4708
19086,4708
21374,4709
4647,4710
5213,4710
4609,4712
21201,4712
5507,4713
3939,4714
19056,4714
4647,4715
18531,4715
4950,4716
4647,4716
2405,4717
2137,4718
5515,4719
5286,4719
4651,4720
2082,4721
2514,4721
5154,4721
627,4723
4721,4723
1572,4723
21244,4724
6284,4724
4698,4725
44937,4725
15798,4726
4721,4726
5515,4727
5266,4728
3749,4729
2182,4730
5296,4731
2254,4731
5206,4732
4647,4732
5806,4733
37871,4736
688,4736
19222,4737
4736,4737
37871,9345_4738
4736,4739
17307,10162_10160_10161_4741
4737,4743
11129_9277_5041,4744
5362,4745
5294,4745
462,4746
24458,4746
5336,4746
20120,4746
14772_13378_10927_7335_12142_13466_10906_358_29145_11276_12022_12478_13023,4747
2051,4748
6858,4748
1340,4749
637,4749
21380,4749
2182,4750_1276
462,4751
1340,4752
16755,4752
21089,4752
1593,4754
4664,4755
2232,4756
20641,4756
5586,4756
5756,4757
6031,4757
5328,4758
596,4759
4184_1926,4760
2654,4762
5269,4763
2183,4764
4979,4765
4979,4766
6882,4767
3799,15599_4768_25431
4903_3085_1465_33821,15599_4768_25431
21167,4769
1849,4769
5328,4770
2254,4771
4773,4772
20283_6651,4773
2970,4773
6814,4773
4853,4774
17210,4774
4773,4775
20683,4777
2647_1369,4777
4779,4778
6882,4778
5113_5550_5108,4779
21166,4779
3150,4779
19050_4781_44348_44349,4780
20683,19050_4781_44348_44349
5068,19050_4781_44348_44349
5240,4782
4979,4784
771,4784
21166,4785
3382,4785
4789_1929_1930_1931,4786
644,4787
2363,4787
644,4788
1825,4788
21166,4789_1929_1930_1931
6322,4789_1929_1930_1931
5154,43693_13209_4790_21104
2158,4792
15599_4768_25431,4794
21669,4795_1051
2776,4795_1051
21666,4795_1051
21108,4796
24619,4796
2121,4797
44967,4797
4785,4799
2467,4801
15691,4802
4603,4803
15691,4803
24625,4804_4800_4812
21166,4804_4800_4812
5570,4805
5046,4805
44979,4805
2051,4808
2657,4808
5756,4810
20683,4810
20683,4804_4800_4812
2076,4813
9693,4815
4959,4816
4111,4816
9693,4817
5235,4819
2546,4820
4867,4821
20592,4821
3847,4822
5002,4822
1358,4822
2026,4824
4828,4826
4184_1926,4826
21459,4827
1825,4827
24647,4828
5092,4829
2752,4829
24879,4829
2081,4830
5854_3900_16663,4830
21166,4830
4830,4831
21459,4832
1572,4832
4830,4833
4830,4834
4830,4835
4187,4836
16755,4837
21355,4837
5240,4838
2473,4840
5240,4841
44992,4842
20579,4842
1584,4843
44992,4844
43243,4844
5318,4845
5917,4846
11015_12527_14799_14673_12489_12260_12665_11104_14565_14075_13484_7279_7287_14111_13744_10544_32735_12395_13411_10948_7278_12688_14110_12336_7288_7282_7280_7283_7286_11547_12437_7290_11413_12701_7281_7285_13859_7284_11162_5129_45050_11587_11591_11808_13067_12175,4847
4842,4848
5002,4849
2815,4851
4853,4852
23865,4852
24294_24295,4852
21201,4852
16047_17202_17203,4853
4277,4853
15455,4854
24876,4855
6816,4855
4857,4855
3799,4856
21167,4857
100010,4857
5281_12365_12366,4858
5281_12365_12366,4859
5328,4861
4860_44137,4862
4863,4862
16047_17202_17203,4863
4865,4864
2738,4865
3276,4866
5087,4867
2515,4868
8638,4869
44965,4869
4872_4873,4871
4869,4872_4873
6816,4874
2155,4875
5068,4876
24277,4877
4379,4878
4885,4879
5020,4880
21167,4881
4885,4882
11782,4882
24237,4882
4885,4883
5328,4884
5559,4884
4884,4885
43218,4885
1898,4885
4885,4886
4883,4888_4898
10557,4889
8982,4889
8982,4890
4892,4891
5328,4892
3432_4753_20252,4893
3432_4753_20252,4894
4896,4895
3432_4753_20252,4896
3432_4753_20252,4897
3432_4753_20252,4899
2643,4900
5395,4901
5854_3900_16663,4902
4903_3085_1465_33821,4902
2175,4904
37792_45015_224,4905
15188,4905
20598,4905
19278,4907
4184_1926,4909
3767,4910
4497_6718_5976_2897_2896,4911
4896,4913
2254,4914
45044,4914
473,4914
5728,4914
5854_3900_16663,4917
6607,4917
5800,4917
4577,4918
4920,4919
3150,4920
592,4922
21166,4055_4923
5631,4924
4055_4923,4924
43885,4924
4055_4923,4926_1610_4925
21166,4926_1610_4925
44984,4926_1610_4925
4055_4923,4927
5833,4928
4751,4929
11129_9277_5041,4930_1996
4930_1996,4931
4967,4932
5453,9433_13752_4933
3847,9433_13752_4933
19820,9433_13752_4933
5584,9433_13752_4933
2254,9433_13752_4933
5381,4934
21166,4934
6504,4935
21162,4935
2654,4936
3916,4937_6798
5303,4939
922,4940
15691,4941
2889,4942
2889,4943
5089,4943
4497_6718_5976_2897_2896,4944
2908,4946
15760_18908_15759,4948_872_4963_20511_4947_814
4967,4948_872_4963_20511_4947_814
4949,4948_872_4963_20511_4947_814
17594,4948_872_4963_20511_4947_814
1014,4948_872_4963_20511_4947_814
4095,4949
6181,4950
1056,4950
15979,4951
5062,4952
17343,4952
5590,4953
6256,4953
5066,4955
2254,4955
5159,4956
20596,4957
4970,4957
44710,10150_4958_5096_6082_500_514
44925_3212_371,10150_4958_5096_6082_500_514
4949,4959
5570,4960
5026,4961
5026,4962
5062,4964
5169,4964
4970,4965
21166,5001_4966
4298,5001_4966
5168,4967
5402,4967
3538_3537,4967
15760_18908_15759,4967
5336,4969
24276,4970
4993,4970
4970,4971
5626,4972
56806,4973
6074,4973
21072,4974
21237,4974
5574,11913_7088_11743_12153_7089_11194_12321_15140_4975_11561_11647_11777_12344_12609_12630_12631_14265_10422_14036_14316_100088
1627,11913_7088_11743_12153_7089_11194_12321_15140_4975_11561_11647_11777_12344_12609_12630_12631_14265_10422_14036_14316_100088
3182,12945_11691_12077_8780_11196_27694_11951_10459_11223_11632_14223_12790_12753_13715_7103_13264_13891_14181_4976_5145_11952
20128_20129,12945_11691_12077_8780_11196_27694_11951_10459_11223_11632_14223_12790_12753_13715_7103_13264_13891_14181_4976_5145_11952
430,4977
32783_24523_13902_3803,4978
1358,4979
24255,4980
5271,4980
2406,4980
7263,4981
2356,11986_4982_5003_6515_3232
21166,11986_4982_5003_6515_3232
17143,4983
5372,4983
5494,4984
4953,4984
8187_2050_5618_5451_5371_100081_5383_1942_1098_3265_11924_12384,4985_693_24613_1866
1187,4986
4993,4986
6026,4987
21066,4987
653,4988
4989,4988
4970,4988
7254,4989
4993,4989
6116,4990
5061,4991
5070,4992
5626,4993
4992,4993
3939,4994
5267,4994
21199,4995
11118,4996
4355,4996
631,4997
24470,4997
2267,5002
2567,5002
4970,5004
5004,5005
5549,5005
7763,5005
2930,5006
2926,5006
2271,5007
4957,5007
24331,5008
4970,5008
5252,5009
5267,5010
473,5010
9960_12845_33643_11471_12831_12875_12941_13153_8617_54849_5265_12832_12610_12840_11087_11521_11661_11699_11700_11701_12040_12829_12837_12838_12841_12852_12886_12887_12940_12973_13012,5011_5535
21583,5105_5012
2898,5105_5012
21069,5105_5012
21054,5013
515,5013
1933,5015
2908,5015
5066,5016
5300,5016
5036,7648_5017
21652,7648_5017
5100,5019
4335,5020
591,11482_14396_11702_11003_14100_13479_11400_12808_11095_13848_13261_12745_12704_13371_32592_12744_7269_11840_13168_10951_12362_13373_12667_12062_13147_10542_11541_13339_14073_12746_14095_13262_11094_5021_11425_11567_12364_13030_13198_13211_5200
4658,5023
5590,5023
3218,5023
4007,5023
470,5025_6669
24636,5025_6669
1416,5026
4970,5026
5560,5027
19086,5028_3186_3550
4970,5028_3186_3550
16635,8554_13794_11173_5029_10301
2095,8554_13794_11173_5029_10301
24499,8554_13794_11173_5029_10301
20076,8554_13794_11173_5029_10301
5917,5030
6209,5031
2454,5032
36976,5032
6107,5032
21089,5033
6316,5033
640,5033
44993,5033
2366,5033
16729,5033
15447,12004_15075_5034_5075_24622_6467
6316,5035
4950,5036
4970,5036
6254,5037
5814,5037
5036,5037
21145,5039
5070,5040
5328,11129_9277_5041
21059,5042
45024,5043
473,5044
591,13412_13200_12112_7268_11843_13474_13475_13477_10946_12799_8647_12804_13455_14883_13852_13197_7267_13195_12111_13369_7266_13476_5045
21199,5046
5039,5047
19954,5048
11057,5049
6306,5050
4953,5050
552,5051
6256,5051
2254,5052
5020,5052
5385,5053
5187,5055
16982,5055
15157,5055
10150_4958_5096_6082_500_514,5056
5232,5057
2120,5057
18078,5058
17345,5058
2924,5058
5374,5059
44881,5059
2813,5060_4510_3591
18078,5060_4510_3591
5233,5061
4970,5061
15757,5062
5157,5062
4953,5063
6856,5065
21195,5066
24297,5066
10434,5067
24643,5068
23370,5070
21199,5071
21635,5072
6316,5072
21583,5073_44794
21440,5073_44794
2512,5074
5596,5074
6349,5074
2512,12004_15075_5034_5075_24622_6467
2635,5076_5593
21166,5076_5593
5087,5077
37872,5077
21045,5078
45024,5079
2405,1200_1134_15512_5080_100078
1200_1134_15512_5080_100078,5081
45048,5081
5159,5082
4970,5082
24255,5083
44999,5083
5046,5083
2406,5083
2025,5084
5560,5084
21452,5085_1054
6105,5085_1054
5206,5086
4970,5086
21199,5087
4992,5089
5485,5090_13498_8414_10897_33312_10943_11552_14092_12054_11960_11280_11294_11295_11298_11307_11498_12879_13089_13506
5087,5091
20753,5091
4970,5092
2051,5093
2789,5094
6816,5095_43377
5046,5095_43377
4993,10150_4958_5096_6082_500_514
2532,10150_4958_5096_6082_500_514
5138,5097
10150_4958_5096_6082_500_514,5097
11057,5098
20676,5099
43218,5099
5560,5099
19722_19724_15163,5100
19340,5100
30701,5100
5087,5100
16345,5100
17841,5100
5292,5101
2397,5102
5089,5104
19496,5105_5012
21143,5105_5012
44983,5106
100321,5113_5550_5108
22034,5109
21682,5109
4994,5110
5794,5111_286
6294,5112
6292,5112
3308,5112
21680,5114
11506_19448_17704_13981,5115
5113_5550_5108,5116
5020,5116
20010,5116
43424,5116
5395,5116
5113_5550_5108,5117
25303,5118
16003,5118
4805,5118
314,5119
6923,5119
5583,5120
5113_5550_5108,5120
5113_5550_5108,5121
5113_5550_5108,5122
20590,5124
18407_20091,5124
314,5124
16104,5124
5124,5125
5124,5126
5124,5127
3847,11015_12527_14799_14673_12489_12260_12665_11104_14565_14075_13484_7279_7287_14111_13744_10544_32735_12395_13411_10948_7278_12688_14110_12336_7288_7282_7280_7283_7286_11547_12437_7290_11413_12701_7281_7285_13859_7284_11162_5129_45050_11587_11591_11808_13067_12175
1176,11015_12527_14799_14673_12489_12260_12665_11104_14565_14075_13484_7279_7287_14111_13744_10544_32735_12395_13411_10948_7278_12688_14110_12336_7288_7282_7280_7283_7286_11547_12437_7290_11413_12701_7281_7285_13859_7284_11162_5129_45050_11587_11591_11808_13067_12175
3847,5130
24635,5130
588,5130
20598,5130
2974,5131
5213,5131
5794,5132
931,5133
568,20640_5134
5156,20640_5134
6704,20640_5134
5113_5550_5108,5135
2428,5136
44347,5136
100120,5136
5154,5136
43424,5136
24297,5137
8903,5138
4993,5138
11122,5139
18364,5140
5113_5550_5108,5141
40732,5142
40732,5143
24257,5144
12945_11691_12077_8780_11196_27694_11951_10459_11223_11632_14223_12790_12753_13715_7103_13264_13891_14181_4976_5145_11952,5144
5379,5146
5015,11123_12919_7454_5147_10861_10862_10863_10864_10950_11016_11033_11068_11167_11168_11302_11572_12422_12920_12921_12961_13078
569,11123_12919_7454_5147_10861_10862_10863_10864_10950_11016_11033_11068_11167_11168_11302_11572_12422_12920_12921_12961_13078
5015,5148
5044,1999_5149
12398_12507_8374_19118,11285_13406_12767_12540_7932_14189_3004_5150_5417_14207_12659_14266_13420_13409_12419_13416_12674_100114
21199,5151
3381,19591_5152
16275,5153
2515,5154
44965,5154
5151,5154
5154,5155
2602,5156
21166,5156
44881,5157
8315,5159
4993,5159
5561,5160
5113_5550_5108,5161
22034,5163
6209,5164
18078,5164
2176,5164
5070,5165
631,5166
6209,5167
5157,5168
24615,5169
44881,5170
2081,5172
611,5173
2531,5173
5468,5174
20683,5174
1933,5175
5046,5175
1933,5176
5046,5176
2369,5177
5578,5178_6629_5416_6630_6631_6632
4972,5179
21095,11764_11658_13625_8199_14604_11613_14233_11562_8200_14796_17279_5180_6966_828_10796_10360_11737_13167
510,11764_11658_13625_8199_14604_11613_14233_11562_8200_14796_17279_5180_6966_828_10796_10360_11737_13167
24237,11764_11658_13625_8199_14604_11613_14233_11562_8200_14796_17279_5180_6966_828_10796_10360_11737_13167
9637,8003_16810_5181
5167,5182
2369,5183
646,5183
36976,5183
2229,5183
6047,5184
8383,5185
5303,7079_2491_4938_2046_5367_5689_4456_5186
5794,5187
5055,5188
11057,5189
2273,5190
5105_5012,5191
2116,5192
6181,5192
21259,5193
24474,5193
43424,5194
5939,5194
43424,5195
4522,5195
5113_5550_5108,5195
2334,5197
21350,5197
2082,5197
3393,5197
2195,5198_6274
21674,11482_14396_11702_11003_14100_13479_11400_12808_11095_13848_13261_12745_12704_13371_32592_12744_7269_11840_13168_10951_12362_13373_12667_12062_13147_10542_11541_13339_14073_12746_14095_13262_11094_5021_11425_11567_12364_13030_13198_13211_5200
591,5201
5271,5202
21178,5203
7140,5204
2367,5206
4993,5206
5040,5207
2872,5207
5089,5210
6003,5210
2752,5211
5278,5211
24885,5211
18078,5212
16123,5212
2847,5212
4993,5213
2715,5213
1528,5214
18078,5214
1528,5215
4993,5215
2038,5216
21345,5216
5806,5216
3847,5217
4994,5217
2081,5218
2657,5219
5086,5220
5519,5221_3777_3716
11118,5223
15667,5223
11118,5224
15667,5224
5113_5550_5108,5227
5113_5550_5108,5229
6617,5230
24294_24295,5230
5763,5231
6011,5231
4993,5232
5138,5233
9693,5235
5066,5236
20561,5238
44965,5240
2118,5240
5113_5550_5108,5242
3620,5244
19056,5244
3225,5246
2614,5246
2118,5247
5113_5550_5108,5247
24355,5249
43905_2572_1255_3479_43919,5249
45013,5250
21166,5250
5267,5252
5252,5253
5252,5254
5254,5255
5254,5256
5254,5257
594,5258
19117,5259
5258,5259
5258,5260
5258,5261
5560,5262
8187_2050_5618_5451_5371_100081_5383_1942_1098_3265_11924_12384,5263
5299,5264
3847,9960_12845_33643_11471_12831_12875_12941_13153_8617_54849_5265_12832_12610_12840_11087_11521_11661_11699_11700_11701_12040_12829_12837_12838_12841_12852_12886_12887_12940_12973_13012
5046,9960_12845_33643_11471_12831_12875_12941_13153_8617_54849_5265_12832_12610_12840_11087_11521_11661_11699_11700_11701_12040_12829_12837_12838_12841_12852_12886_12887_12940_12973_13012
5020,9960_12845_33643_11471_12831_12875_12941_13153_8617_54849_5265_12832_12610_12840_11087_11521_11661_11699_11700_11701_12040_12829_12837_12838_12841_12852_12886_12887_12940_12973_13012
2311,5266
5066,5266
651,5267
4995,5267
11057,5269
473,5269
605,5271
19453,5272
651,5275
270,5275
2220,5276
43218,5277
5560,5277
17181,5277
4970,5278
473,5279
21166,5280
3105,5280
2515,5281_12365_12366
44965,5281_12365_12366
3847,5281_12365_12366
5328,5283
5071,5283
5301,5284_451_450
44987,5286
21245,5286
5071,5287
5079,5288
5020,5288
24653,5289
1735,5289
5218,5290
6693,5291
2269,5292
9960_12845_33643_11471_12831_12875_12941_13153_8617_54849_5265_12832_12610_12840_11087_11521_11661_11699_11700_11701_12040_12829_12837_12838_12841_12852_12886_12887_12940_12973_13012,5292
3409,5292
5172,5293
5385,5294
2277,5295
5294,5295
5087,5296
3406,5296
5247,5297
21166,5297
4184_1926,5297
837,5298
11057,5299
5053,5299
5240,5300
568,5301
2562,5301
5560,5301
6704,5301
7743,5302
2326_1423,5303
4868,5304
4721,5304
3937,5306_20655
8383,5306_20655
37847,5306_20655
5095_43377,5306_20655
5218,5307
3847,5308
21197,5308
37747,5309
5315,5309
5479,5310
2277,5311
24635,5312
9172,5313
5020,5313
5301,5314
21178,5315
23557,5316
6706,5316
4842,5318
44967,5319
5172,5319
5315,5319
44967,5320
5172,5320
5315,5320
3847,5321
12200_13027_54832_12199_7378_20364_20214,5321
766,5321
44967,5322
5172,5322
5315,5322
21681,5323
5113_5550_5108,5323
5315,5325
5093,5326
44967,5327
5172,5327
5315,5327
24458,5328
2022,5328
3240,5333
3847,5334
1166,5334
24634,5335
21118,5335
3939,5336
44974,5336
11129_9277_5041,5338
21208,7184_5339_10410_12899
4907,7082_12551_5340
20804,5341_2529_2656_2939_2956_4091
2462_3137_1645_1871_3135_3138,5342
5334,5342
5786,5344
6011,5344
3847,5345
15933_15932_15619_15934,5345
5281_12365_12366,5346
5066,5347
6603,5348
24623_18751,12697_14264_11999_12797_12696_8164_5349_11586_12121
37940,12697_14264_11999_12797_12696_8164_5349_11586_12121
2467,12697_14264_11999_12797_12696_8164_5349_11586_12121
5160,5350
8187_2050_5618_5451_5371_100081_5383_1942_1098_3265_11924_12384,5351_33926
592,5352
5231,5354
6715,5355
5010,5356
5429,7403_5357_7012
18087,5358
5502,5358
5154,5359
1409,5361_5407
18438,5361_5407
2134,5362
2036,5362
3847,11303_14451_14539_14462_11390_13589_13191_5363
490,11303_14451_14539_14462_11390_13589_13191_5363
5397,5364
5623,5364
1104,5364
21945,5365_20677
5344,5366
5530,7079_2491_4938_2046_5367_5689_4456_5186
19496,5369
5047,5372
3150,5372
5113_5550_5108,18059_5373
2334,5374
3225,5374
20641,5375
21246,5375
4821,5375
5586,5375
2462_3137_1645_1871_3135_3138,5376_13860
2331,5377
2254,5377
8187_2050_5618_5451_5371_100081_5383_1942_1098_3265_11924_12384,5379
5381,5380
5854_3900_16663,5381
5172,5381
23603,5382
2185,5382
5027,5384
4995,5385
473,5386
5294,5386
5558,5387_19852_19851
15509,7193_5388_13079_13080_13636_13637
7329,7193_5388_13079_13080_13636_13637
19117,5391
836,5392
5066,5393
11057,5394
5071,5395
5160,5396
3240,5397
5070,5398
5385,5399
5335,5401
3409,5401
5157,5402
5059,5402
33541_14280_13500_14278_10296_33542_32723_14597_14727_8856_54696_32599_20849_32763_30858_30013_10504_14453_12426_10386_32803_14491_13427_14222_14981_13953_21094_30898_30973_30981,5404
2254,5404
19117,5404
5218,5404
4979,5405
24575,5406
5015,5406
11015_12527_14799_14673_12489_12260_12665_11104_14565_14075_13484_7279_7287_14111_13744_10544_32735_12395_13411_10948_7278_12688_14110_12336_7288_7282_7280_7283_7286_11547_12437_7290_11413_12701_7281_7285_13859_7284_11162_5129_45050_11587_11591_11808_13067_12175,5408
20547_13730,5410_20546
2516,5411
21253,5411
4247,5412
2866,5412
100086,5413
54868,5413
5090_13498_8414_10897_33312_10943_11552_14092_12054_11960_11280_11294_11295_11298_11307_11498_12879_13089_13506,5414
4994,5418
5303,5419
3240,5420_16412_15777
19297,5424
5424,5425
5394,5426
5560,5429
24619,5429
5044,5430
5303,5432
5303,5433
5567,5433
6597,5434
7179,15492_5435
5010,5436
45001,5436
1967,5437
2329,5437
1082,5438
1336,11374_7750_5439
14412_7761_7762_18473_37748,11374_7750_5439
3578,5440
21166,5441
3276,5441
5016,5442
7179,5442
5016,5443
3847,5445
11989_5446,5445
24610,11989_5446
21348,5447
5836,5447
21674,5448
5155,5448
3939,5449
24643,5449
2025,8187_2050_5618_5451_5371_100081_5383_1942_1098_3265_11924_12384
5137,8187_2050_5618_5451_5371_100081_5383_1942_1098_3265_11924_12384
8187_2050_5618_5451_5371_100081_5383_1942_1098_3265_11924_12384,5452
5267,5453
24239,5453
19496,5454
21117,5454
100120,5459
940,5459
5812,5460
2447,5461
4970,5461
16708,5462
32783_24523_13902_3803,5463
8375,5464
5485,5465
3406,5466
5084,5467
473,5468
5468,20751_5469_15914_21272
5468,5470
5468,5471
5042,5473
6816,5473
5277,5475
5449,5476
7263,5477
5477,5478
7263,5479
2406,5480
5480,5481
5042,5482
5042,5483
4907,5483
5335,5484
21223_385_6180,5484
5084,5485
2039,5485
19183,14999_14901_7881_7129_14749_11477_5486_11265_12583
5485,5487
1697,5489
473,5490
5098,5490
21669,5491
4994,5491
2406,5492
29001,5493
5560,5493
6513,5494
616,5494
618,5494
44965,5495
5151,5495
3059,5496
18531,5496
5381,5497
21147,5497
20010,5498
20125,5498
24388,5498
314,5498
100342,5499
1657,5499
5763,5502
100120,5502
18093,5502
5084,5503
314,5504_1479
21211,5505
16729,5505
2090,5506
2206,5506
2129,5507
5515,5507
21086,5507
19060,5508
2181,5508
19708,5508
12123_54559_8909_26765_14904_11291_26729_30043_15286_18292_18293_5500_5501,5508
15356,5508
17742,5508
5070,5509
5240,5510
3330,5510
15974,5511
6292,5512
6362,5512
2087,5512
12409_12605_13293_12604_13377_9631_14050_13130_62,5514
16764,5514
5627,5515
2516,5515
21245,5515
5497,5516
2516,5517
376,5517
21246,5517
20592,5517
21310,5517
24665,5518
5206,5519
44919,5519
833,5520
956,5522
6181,5522
2525,5523
2206,5524
6973,5524
4970,5524
5402,5525_3540
4805,5525_3540
20010,5526
24388,5526
314,5526
5071,5527_43512
24298,5528
19052,5528
5303,5530
5530,5531
24634,5532
5011_5535,5532
5101,5533
709_21207,5534
5292,5534
6858,5011_5535
5101,5536
2269,5537
24634,5537
5011_5535,5537
9960_12845_33643_11471_12831_12875_12941_13153_8617_54849_5265_12832_12610_12840_11087_11521_11661_11699_11700_11701_12040_12829_12837_12838_12841_12852_12886_12887_12940_12973_13012,5538
21166,5538
2519,5538
5011_5535,5539
43579,5539
45002,5541
836,5541
2254,5542
24644,5542
44996,5544
24313,5545
24317,5546
21167,5546
2254,5546
7959_2797_2794_517,16711_5547
5086,5549
1,5113_5550_5108
5328,5551
5271,5551
5328,5552
5385,5552
5854_3900_16663,5554
926,5555
30700,5556
226,5557
2259,5558
2263,5558
2602,5559
2602,5560
473,5561
20678,5562_12910_13068
5617,5563
5070,5564
5564,5565
4992,5565
5567,5566
2494,5567
2254,5567
5084,5567
5385,5568
5854_3900_16663,5569
5172,5569
21199,5570
3225,5571
16541,5572
5559,5574
5335,5575
5814,5575
2459_7004_25512,5576_19606
2614,5578
21166,5578
6816,5578
19117,5579
5027,5579
10150_4958_5096_6082_500_514,5580
19086,5580
5583,5581
8187_2050_5618_5451_5371_100081_5383_1942_1098_3265_11924_12384,5582
1,5583
19512,5584
5044,5585
5070,5586
21059,5586
4842,5588
11986_4982_5003_6515_3232,5589
4988,5590
5276,5591
5276,5592
5093,5594
2358,5595
10150_4958_5096_6082_500_514,5595
21077,5596
4970,5596
5086,5597
5072,5598
6292,5599
2752,5601
4957,5601
24282,5601
11366,5602
6233,5602
5606,5603
6047,5603
2363,5605
4970,5606
5002,3781_5607_18597
5794,5608
6617,5609
21674,5609
24294_24295,5609
5608,5609
5516,5610
4986,5611
40679,5611
4970,5613
18521,5614
6074,5614
16180,5615
4959,5615
27772,5616
3036,5616
4993,5617
827,5619
18634,11583_5620
20144,11583_5620
18787,11583_5620
11057,11583_5620
20142,11583_5620
11057,43510_5621
4126,5623
569,5623
5623,5624
5560,5625
5136,5625
24619,5625
5070,5626
5586,5627
4992,5627
4989,5628
21747,5629
2428,5629
24315,5629
23865,5629
315,6636_5630
5583,6636_5630
315,5631
6921,5631
2254,5632
5275,5632
24618,5634
1214_6668_2314_5808_4811,5634
43541,5634
624,5635
1416,5636
5853,5636
24417,5638
5109,5639
5560,5640
25371,5641
5551,5642
1214_6668_2314_5808_4811,5642
5985,5643
2428,5644
5973,5645
5161,5647
21682,5647
20674,5648
32783_24523_13902_3803,5648
1674,5649
5292,5649
56798,5649
5113_5550_5108,5650
18087,5651
5650,5651
5113_5550_5108,5652
5656,5654_5655
5943,5656
45033_2312,5657_240
5113_5550_5108,5658
3014_4514,5659
5896,5660
2428,5661
2428,5662
24270,5662
5704,5662
5113_5550_5108,5662
2254,5663
5071,5663
6924,5664
314,5664
2098,5665
2782,5665
1835,5665
2887_2886,5667
15509,5667
2866,5667
5218,5667
5281_12365_12366,5667
20537_20535,5668
4553,5668
253,5669
5136,5670
5644,5671
24270,5671
308_256,5672
20598,5673
21054,5674
5583,5675
5156,5676
24318,5676
5856,5676
1195,5677
5087,5678
5583,5679
19362,5680
5249,5682
314,5683
15141,5684
341,5684
5113_5550_5108,5687
43424,5688
2269,5688
314,5688
15926,5690
5914,5691
2052,5692
5664,5692
2254,5693
3620,5693
5401,5694
2031,5694
15374_3346_100248,5695
24318,5695
5109,5695
368,5696
24619,5696
5046,5989_5697
2256,5698
5042,5699
5631,5699
6617,5700
24294_24295,5700
5608,5700
315,5701
21697,5701
5113_5550_5108,5704
4664,5705
5135,5706
308_256,5706
2428,5707
100120,5708
6009_19956_20069,5708
5939,5708
15659,5708
1040,5709
5062,5710
15215,5711
15879,5711
5728,5711
2320,12015_9762_8654_8106_13903_5712
19117,12015_9762_8654_8106_13903_5712
4843,12015_9762_8654_8106_13903_5712
4656,5713
4497_6718_5976_2897_2896,5714_5821_333
16511,5714_5821_333
2320,5715
15659,5715
16511,5715
5989_5697,5715
5249,5716
5113_5550_5108,5717
5876,5718
5718,5719
5113_5550_5108,5720
5747,5721
3781_5607_18597,5722
263,5722
4777,5722
6764,5723
5724,5723
5135,5724
45033_2312,5724
5707,5725
20120,5728
5087,5728
651,5728
4664,5729
25082,5730
5994,5730
5943,5731
16075,5731
5583,5734
6009_19956_20069,5736_19380
15659,5736_19380
18087,5737
5762,5737
42488,5738
4664,5739
5747,5740
2155,5742
6032,5742
5846,5743
3578,5744
5871,5745
5943,5746
43424,5747
5914,5747
5583,5748
5249,5748
5249,19122_5749_44972_15927_4806_17363
5583,5750
5747,5751
6130,5752
4867,5753_41366
20592,5753_41366
20579,5753_41366
100030,5754
415,5754
5113_5550_5108,5755
5961,5756
23369,5756
24294_24295,5757
2040,5757
2146,5758
4664,5759
1812,5761
100120,5761
5424,5761
16075,5761
5856,5762
5113_5550_5108,5763
20082,5764
17345,5764
4380_19482,5764
5583,5765
24355,5766
2041,5766
5275,5766
315,5767
23149,5767
24294_24295,5767
6617,5767
5229,5767
43424,5768
18076,5768
5609,5769
21666,5769
4609,5770
21682,5770
3150,5770
1989,5771
45033_2312,5772
5071,5773
314,5774
43953,5774
19214,5775
44976,5775
4664,5776
30603,5777
5323,5777
314,5777
5994,5778
5747,5779
24294_24295,5779
21641,5780
1370,5783
5780,5784
5240,5784
5896,5785
5113_5550_5108,5786
6743,5787
2251,5787
5768,5787
369,5787
6011,5788
5344,5789
21674,5789
5914,5790
6011,5790
5721,5791
43424,5792
4609,5792
4842,5792
5113_5550_5108,5794
24571,5796
24571,5797
5109,5797
11303_14451_14539_14462_11390_13589_13191_5363,5798
24571,5798
5113_5550_5108,5799
4785,5800
43885,5800
24294_24295,5800
5545,5800
21184,5801
4664,5802
19214,5803_18619
6793,5804
19147,5805
5517,5806
21358,5806
3780,14226_5807
3783,14226_5807
5701,1214_6668_2314_5808_4811
5583,5809
5111_286,5810
5583,5811
24352,5812
5889,5812
4380_19482,5813
2516,5814
21118,5814
1933,5815
21040,5815
24503,5815
5084,5817
1162,5817
15659,5817
20067,5817
2254,5817
24355,5819
18076,5819
2647_1369,5819
100120,5820
44750,5820
5651,5820
4497_6718_5976_2897_2896,5822_40923_40922
314,5823
4652,5824
5823,5824
314,5825
21839,5825
43905_2572_1255_3479_43919,5826
5148,5827
314,5828
100120,5828
5583,5829
25294,5829
5763,5829
5113_5550_5108,5830
4928,5831
368,5831
5833,5832
18882,5832
44986,5833
5701,5834
5833,5834
5777,5834
426,5835
18630,5835
24582,5836
2149,5836
2131,5837
16075,5838
21580,5841
23369,5842_2186_1122
5961,5842_2186_1122
6858,5842_2186_1122
21386,5843
3274,5843
4917,5844
6009_19956_20069,5845
5135,5846
45033_2312,5846
5275,5847
368,5848
5271,5849
5113_5550_5108,5850
568,5851
2427,5851
16494,5851
3767,5852
21043,5853
4992,5853
589,5854_3900_16663
19722_19724_15163,5854_3900_16663
774,5854_3900_16663
5172,5854_3900_16663
16177,5854_3900_16663
15928,5854_3900_16663
5113_5550_5108,5855
5113_5550_5108,5856
5896,5857
4957,5858
5596,5858
11989_5446,5859
2254,5862
5046,5862
637,5864
4553,5865
100120,5866
314,5866
20590,5866
4652,5867
12197,5868
4664,5870
4664,5871
21248,5872
4992,5872
5657_240,5873
15254,5874
24619,5874
5113_5550_5108,5875
5113_5550_5108,5876
17137,5878
20947,5878
20947,5879
5989_5697,5879
5973,5880
5917,5881
5609,5883
20010,5883
3543,5883
4664,5884
5156,5885
2135,5885
5328,5885
43424,5886
2026,5886
6858,5886
21166,5887
5768,5887
6858,5887
314,5888
5113_5550_5108,5889
837,5890
5994,5891
21206_1212,5892
5815,5893
6181,5893
9831,5893
2120,5893
308_256,5894
4664,5895
5856,5896
2884,5898
5093,5898
44987,5899
1142,5899
5899,5900
21166,5900
5113_5550_5108,5901
5271,5902
5904,5903
368,5903
474,5904
21166,5904
3406,5905
43424,5906
20592,5906
5227,5906
44986,5906
2254,5907
5583,5908
5857,5908
5763,5909
3778,5910
24627,5910
4805,5910
43479,5911
5303,5912
7079_2491_4938_2046_5367_5689_4456_5186,5912
5113_5550_5108,5913
100120,5913
5113_5550_5108,5914
24294_24295,5915
24268,5915
6547,5915
5917,5916
2654,5917
24575,5917
5917,5918
5917,5919
5136,5920
5136,5921
24355,5922
986,5922
368,5922
2041,5923
5113_5550_5108,5925
5113_5550_5108,5927
945,5928
8187_2050_5618_5451_5371_100081_5383_1942_1098_3265_11924_12384,5929
5113_5550_5108,5932
5565,5933
6279,5933
15119,5933
5249,5936
5084,5937
3406,5937
5247,5938
5240,5938
369,5938
6002,5938
5113_5550_5108,5939
5896,5940
24645,5941
4992,5941
15938,5942
2254,5942
5560,5942
5871,5943
5856,5944
30603,5945
314,5945
307,5946
6927,5947
41850,5947
5794,5949
43424,5950
2269,5950
827,5950
21680,5952
4970,5953
2176,5953
19147,5954
19095,5956
5570,5956
5943,5957
16075,5957
4553,5959
15926,5960
1735,5961
21166,5961
5172,5962
368,5962
42488,5963
5961,5964
23369,5964
836,5965
812,5965
2516,5966
612,5966
36696,5966
43424,5967
2332,5967
369,5967
2041,5968
20601,5969
5763,5969
15659,5969
4652,18183_5970
24313,18183_5970
24313,5971
314,5971
4652,5972
5114,5972
5871,5973
5943,5974
5973,5974
5441,5975
7000,4497_6718_5976_2897_2896
314,4497_6718_5976_2897_2896
20010,5977
4944,5977
2428,5978
2254,5979
5385,5979
2875,5980
5980,5981
20010,5981
21201,5982
254,5983
21201,5983
4678_18335,5984
44989,5984
5113_5550_5108,5985
5876,5986
5656,5987
5656,5988
5707,5989_5697
5113_5550_5108,5990
2567,5990
20579,5990
24355,5990
21925,5990
100120,5991
5664,5991
5745,5992
2154,5993
2118,5993
21681,5993
5973,5994
5994,5995
5745,5996
5561,5997
471,5997
4389,5998
5922,5999
5242,5999
18667,5999
4522,6000
5768,6000
369,6000
5247,6001
15254,6001
6026,6001
21145,6002
368,6002
21254,6003
2715,6003
11786_5324_24332,6004
24318,6005
5643,6005
5156,6005
18087,6005
100120,6005
2979,6006
4184_1926,8653_12573_13356_10755_14422_6007_13682_13683_13684_14161
6026,8653_12573_13356_10755_14422_6007_13682_13683_13684_14161
2122,6008
1563,6008
20067,6009_19956_20069
24318,6009_19956_20069
5944,6010
24934,6010
43424,6011
2251,6011
5113_5550_5108,6011
24352,6012
5249,6012
5583,6013
22034,6013
879,6014
23557,6014
7019,6014
2254,6015
19801_15128_43370,6015
17767,6018
2254,6018
4497_6718_5976_2897_2896,6019
5356,6021
41261,6022
429,6025
2118,6026
10434,6027
2490,6027
2271,6028
6029,6028
2032,6029
2033,6029
6032,6030
5961,6031
21166,6032
6026,6032
3869,6033
6230,6034
6074,6034
5606,6035
5036,6035
6055,6036
2082,6036
19117,9365_13585_6037
24623_18751,9365_13585_6037
23603,9365_13585_6037
15220,9365_13585_6037
6025,9365_13585_6037
15335,9365_13585_6037
5292,6038
43424,6039
5292,6039
5066,6040
5369,6041
5454,6041
5696,6042
6670,6042
6256,6043
2286,6044
5004,6045
2752,6045
548,6045
5211,6046
24621,6046
2702,6046
4970,6047
5192,6047
2512,6049
5061,6049
4953,6050
5583,6051
5087,6052
18076,6052
2513,6053
1572,6053
5039,6054
25370,6054
6054,6055
6043,6056
10150_4958_5096_6082_500_514,6056
5853,8679_11112_14779_11056_8680_8683_6058
5564,8679_11112_14779_11056_8680_8683_6058
44925_3212_371,6059
10150_4958_5096_6082_500_514,6059
10150_4958_5096_6082_500_514,6060
21059,6061
473,6061
2493,6066
2493,6067
4957,6067
45058,6068
6373,6068
17582,6069
45058,6069
624,6071
5167,6071
5515,6073
10150_4958_5096_6082_500_514,6074
21511,6075
3606,6076
551,6076
5872,6076
5043,6077
5495,6077
5062,6078
17341,6078
2038,6079
2415,6079
21192,6079
6181,6079
2167,6081
7108_2941_3199_4707,6081
18515,10150_4958_5096_6082_500_514
7108_2941_3199_4707,10150_4958_5096_6082_500_514
5106,6085
44335,6086
3196,6087
6028,6087
527,6088
18511,6088
21659,6089
3196,6089
6249,6090
21400,6090
56798,6090
15066,6091
6126,6091
6088,6092
525,6092
6155,6093
18271,6094
3274,6094
5369,6095
5043,6096
931,6096
21354,6097
653,6098
5043,6098
2486,6098
4993,6102
21468,6103
36976,6103
56804,6103
4974,6103
24286,21053_6104
627,21053_6104
56804,21053_6104
20204,6105
21454,6105
6975,6106
3061,6106
627,6107
15074,6107
21662,6108
21223_385_6180,6108
6292,6109
4987,6111
15798,6112
4987,6112
11996,6115
4989,6116
653,18905_17601_6117_6268_6428
621,18905_17601_6117_6268_6428
3661,18905_17601_6117_6268_6428
3724,6118
21100,6118
2051,6118
653,6119
7650,6119
3240,6120
5043,6120
5165,6121
2691,6122
36688,6123
21450,6123
6155,6126
5694,6126
20325,6128
20633,6128
44887,6128
2602,6130
21248,6130
16726,6131
2913,6131
5131,6132
16286,6133
6074,6134
5153,6134
6143,6134
5004,6135
5153,6135
5153,6137
5057,6138
5131,6138
5153,6139
2742,6140
2742,6141
3204,6141
5131,6142
402,6142
10150_4958_5096_6082_500_514,6143
5131,6143
2974,6144
8679_11112_14779_11056_8680_8683_6058,6144
8978,6145
5070,6146
20076,6147
1014,6147
21091,6149
621,6150
7243,6150
2035,6150
3409,6151
5401,6152
21400,6152
5401,6153
6161,6153
21400,6153
2035,6154
6162,6155
15067,6155
527,6164_6156
21400,6164_6156
6165,6157
6074,6157
24656,6158
621,6158
18905_17601_6117_6268_6428,6158
5335,6159
21392,6160
5335,6160
6231,6160
6160,6161
6258,6161
5335,6162
21533,6162
5008,6163
5484,6164_6156
24331,6165
10150_4958_5096_6082_500_514,6165
5043,6166
5138,6167
5853,6167
2120,6167
5454,6167
5043,41161_6169_6410_6193
462,6170
5328,6170
6105,6172
5073_44794,6172
3454,6173
2466,6173
10150_4958_5096_6082_500_514,6173
3924,6174
4993,6176
16238,6178
17795,6179
4972,21223_385_6180
2516,6181
4993,6181
6181,6182
15682,6183
3295,6183
6901_650,6183
4658,6184
5070,6185
21335,6186
3198,6186
21303,6187
502,6187
21375,6187
5169,6188
4805,6188
24240,6189
21096,6190
24320,6190
5004,6191
5461,6191
5026,6192
4701,6195
931,6195
5278,6196
2447,6197
402,6197
2447,6198
10150_4958_5096_6082_500_514,6198
2447,6199
5617,6199
2973,6200
6486,6200
1763,6201
6352,6201
3549,6202
6203,6202
3090,6203
3500,6203
2158,6206
4993,6206
2928,6207
6206,6207
5278,6208
2746,6208
2616,6209
654_21581_44334,6209
7256_18902_16216_3243,6210_891
24478,6211
24483,6212
21343,6213
44964,6213
4970,6214
3220,6215
4970,6215
21416,6216
21253,6216
17128,6216
21223_385_6180,6216
6220,6217
6074,6217
21253,6218
3220,6219
24502,6219
402,6219
10150_4958_5096_6082_500_514,6220
3220,6220
21085,6221
8277,6221
21223_385_6180,6221
3112,6222
5207,6222
3578,6222
18905_17601_6117_6268_6428,6223
21085,6224
6231,6224
18876_6430,6225
621,6225
42493,6225
42493,6226
7650,6226
15062,6227_24642
5369,6227_24642
2512,6228
5036,6228
3111,6229
4950,6229
402,6229
4950,6230
10150_4958_5096_6082_500_514,6230
21223_385_6180,6231
6499,6231
24292,6231
2402,6232
5089,6232
2601,6233
5193,6234
4647,6234
5159,6234
2547,6235
6861,6237
19927,6238
6373,6238
32767_32771_8192_7273_11544_11121_13602_448,6239
5586,6239
4721,6241
18532,6243
6116,6244
5004,6245
5524,6245
2631_2628_2620,6246
15757,6247
44881,6247
3847,6248_20549_16785
21218,6248_20549_16785
16784,6248_20549_16785
4335,6249
5079,6249
6155,6250
15065,6250
540,6250
5031,6251
4970,6254
18078,6255
2927,6255
4989,6256
40677,6256
6155,6257
15064,6257
540,6257
6231,6258
5086,6260
4971,6262
2475,6262
2358,6264
4971,6264
2038,6265
2358,6265
15070,6265
402,6265
6055,6266_3124_36990
3155,6267
2404,6267
7256_18902_16216_3243,18905_17601_6117_6268_6428
4695,18905_17601_6117_6268_6428
4988,6270
3218,6270
2486,6270
9807,6271
5164,6272
6272,6273
6279,6275
5138,6276
15798,6276
5138,6277_11705
20588,6277_11705
17027,6277_11705
2732,6278
2363,6278
6406,6279
3050,6279
3194,6280
5092,6281
5061,6281
5089,6282
4993,6282
3050,6283
521,6284
44743,6284
6403,6285
6284,6285
21009,6286
6284,6286
2402,6287
21054,6287
2714,6288
21089,6288
2120,6288
4202,6288
4974,6288
5040,6290
4992,6290
2714,6291
2095,6291
21089,6291
21069,6291
2132,6291
21064,6291
21310,6291
15119,6292
376,6292
5065,6292
21065,6294
376,6294
3274,6294
21066,6295
4992,6295
1748,6297
6352,6297
3113,6298
5843,6298
21067,6298
7959_2797_2794_517,6300
2395,6301
4970,6302
10150_4958_5096_6082_500_514,6303
3190,6303
4970,6304
45069,6304
5853,6306
4988,6306
4972,6307
4957,6309
5036,6309
20076,6311
3342,6312
1572,6312
21230_632_42487,6313
2232,6314
5079,6314
5462,6316
2547,6317
5105_5012,6320
3924,6321
21119,6321
5151,6322
2887_2886,6322
5070,6323
6116,6324
5105_5012,6325
2236,6325
21069,6325
6325,6326
2466,6327
6962,6327
5070,6328
3142,6329
2433,6329
2722,6329
2749,6329
37745,6330
3812,6335
2752,6335
5461,6335
5026,6335
6335,6336
5133,6337
5558,6337
24387,6339
646,6340
24886,6340
5140,6343
6474,6343
16096,6344
5744,6344
44990,6345
5307,6345
16037,6345
4965,6346
6047,6346
5057,6347
5893,6347
5192,6347
5893,6348
402,6348
21096,6349
21077,6349
6474,6350
6509,6350
2380,6351
4971,6352
380,6352
631,6353_3923_4327_4457
21078,6353_3923_4327_4457
5289,6353_3923_4327_4457
382,6353_3923_4327_4457
633,6353_3923_4327_4457
5043,6354
1223,6354
4965,6355
21331,6355
45063,6356
21331,6356
6285,6357
21331,6357
44740,6358
21331,6358
6424,6359
1325,6360
4993,6360
16037,6361
6895,6361
6901_650,6362
5065,6362
15683,6363
6362,6363
6362,3688_6364
6231,6365
6224,6366
6365,6366
2038,6367
5517,6367
4971,6367
21345,6367
5070,6368
24890,6369
3257,6372
16685,6372
3169,6372
2109,6372
4972,6373
17611,6373
2178,6374
20550,6374
21498,6375
6500_3096_2323,6375
6109,6377
5599,6378
5112,6378
6407,6380
5112,6380
17795,6381
4970,6382
18905_17601_6117_6268_6428,6383
15818,6383
10150_4958_5096_6082_500_514,6385
5278,6386
15686,6386
20644,6387
621,6387
18905_17601_6117_6268_6428,6387
17582,10911_3430_6388
5212,6389
2854,6389
2477,6390
402,6390
5159,6390
6221,6391
21398,6392
530,6393
24660,6394
530,6394
24662,6395
530,6395
502,6396
530,6396
5549,6397
24645,6398
15798,6398
4965,6400
44740,6401
6074,6401
44740,6402
5341_2529_2656_2939_2956_4091,6402
4970,6402
521,6403
2472,6403
5232,6404
521,6404
5617,6404
521,6405
402,6405
20633,6406
4993,6406
6292,6407
3924,6408
5092,6409
5036,6409
5617,6411
5833,6412
18078,6414
3363,6414
621,6416
1852,6416
7243,6416
621,6417
18905_17601_6117_6268_6428,6417
1852,6417
621,6418
1852,6418
19473,6418
4805,6418
24474,6419
5335,6419
4251,6419
1852,6420
7650,6420
21303,6421
24660,6421
21303,6422
24661,6422
2360,6423
44335,6423
654_21581_44334,6424
640,6426
3544,6426
5105_5012,6427
20664,6427
4952,6429
19004_24675,6432
4724,6435
4970,6435
45063,6436
4724,6436
5089,6438
24876,6442
5167,6442
2601,6444
3403,6446
5440,6446
5564,6446
2874,6446
10274_10108,6447
5040,18193_6448
20076,6450
2586,6451
18079,6451
4993,6451
6406,6452
6451,6452
5617,6455
6451,6455
18079,10127_6456_16974_16975_2588_6458_6459
5070,6460
621,6462
18905_17601_6117_6268_6428,6462
19962,6462
12004_15075_5034_5075_24622_6467,6463
3036,6463
7650,6464
4970,6465
12004_15075_5034_5075_24622_6467,6466
10150_4958_5096_6082_500_514,12004_15075_5034_5075_24622_6467
5232,6468
5617,6468
12004_15075_5034_5075_24622_6467,6468
2422,6469
952,6469
535,6470
4971,6471
3184,6471
4993,6474
5549,6475
5617,6476
3220,6476
5140,6477
5617,6477
5184,6478
5617,6478
6478,6479
2142,6480
8627,6481
4993,6481
6481,6482
402,6482
24337,6483
5043,6484
4007,6484
2928,6485
2715,6485
6325,6486
2659,6486
20653,6487
4971,6487
37746,6488
544,6489
21050,6489
1806,6490
15867,6490
10150_4958_5096_6082_500_514,6490
1938,6491
7899,6491
21460,6493
36976,6493
21223_385_6180,6493
2602,6496
44996,6497
6496,6497
527,6498
21400,6498
5070,6499
36976,6500_3096_2323
24286,6500_3096_2323
19063,6500_3096_2323
1208,6502
2254,6502
17027,6502
5066,6504
11057,6505
3996,6505
19050_4781_44348_44349,6506
3689,6506
1436,6507
17763,6507
4689,6507
21096,6509
4993,6509
5240,6510
4989,6512
4989,6513
4980,6514
20683,11986_4982_5003_6515_3232
5218,6516
21079,6517
4992,6517
7403_5357_7012,16079_18686_6518_34976
5575,6519
2165,6519
2254,6520
5093,6520
2406,6521
6566,6522
2406,6523
6523,6524
4980,6525
5480,6525
4980,6526
5492,6526
6615,6527
24294_24295,6528
6547,6528
6566,6530
6533,6531
6530,6532
2776,6532
6530,6533
3276,6533
19945_6599,6534
27766,13225_12923_12071_10020_6536
20087,13225_12923_12071_10020_6536
1331,6537
6600_19288,6537
6574,6539
6615,6540
6617,6541
6541,9179_7552_15553_11398_7549_9178_15552_17608_6543
25371,6544
24294_24295,6544
6619,6544
5093,6545_44719
5093,6546
5093,6547
5093,6548
60766,6549
60765,6549
60765,6550
4184_1926,6550
19286,6551
4907,6551
21653,6551
2917,6552
2406,6552
6615,6553
2406,6554
2406,6555
44990,6556
5093,6556
652,6557
19296,6557
6500_3096_2323,6557
24575,6558
6594,6558
2260,6559
6615,6560
6600_19288,6561
3382,6561
8420,6563
5480,6564
45011,6566
5093,6566
1240,6567
6819,6567
6584,6567
5093,6569
5093,6570
6570,6571
6570,18056_6572_16767_43923_16769_16770
2406,18056_6572_16767_43923_16769_16770
5066,6573
5093,6573
44983,6574
43424,6576
5230,6576
6858,6576
23369,6577
6530,6577
1735,6577
6858,6577
6574,6578
8420,6579
6615,6580
2254,6580
6580,6581
5093,6582
21154,6583
6600_19288,6584
2406,6585
2406,6586
5480,6589
6566,6590
21166,6591
5854_3900_16663,6591
2051,6591
5083,6592
6574,6593
19337,6594
6584,6595
6525,6596
6597,6596
43771,6597
6597,6598
6564,6598
5492,19945_6599
21195,6600_19288
6547,6601
2406,6601
19268,6602
24255,6602
6566,6602
5093,6603
5093,6604
5093,6605
2523,6606
24481,6607
2917,6607
5093,6607
2406,6608_6609
44999,6608_6609
5093,6610
19338,6611
5093,6611
6574,6612
1308,6613
6600_19288,6613
19337,6614
5093,6615
6525,6616
5093,6617
19945_6599,6618
6547,6619
60765,6620
21396,6620
6563,6621
6622,6621
5341_2529_2656_2939_2956_4091,6622
8420,6622
5215,6622
15950,6622
2195,6622
6026,6624
5087,6625
5244,6626
2155,6633
6032,6633
6373,6634
6878,6635
5113_5550_5108,6636_5630
2492,6637
2708,6638
2814,6639
2095,6639
15077,6639
21312,6639
5086,6639
2816,6640
4566,6641
5433,6642
7079_2491_4938_2046_5367_5689_4456_5186,6642
21698_21699,6643
2824,6643
43693_13209_4790_21104,6644
5155,6644
3342,6646
2679,6647
4001,6648
5218,6648
2135,6649_498_499
2254,6650
473,6650
15926,6653
15926,6654
32783_24523_13902_3803,6655
5561,6656
18882,6656
5523,9025_6657
15905,9025_6657
21661,6658
21661,6659
2459_7004_25512,6660
6873,6661
37792_45015_224,6661
45022,6661
21108,6662
5087,6663
3847,7172_13750_13770_12654_13123_11938_13011_7173_13567_6664
17131,7172_13750_13770_12654_13123_11938_13011_7173_13567_6664
20294,7172_13750_13770_12654_13123_11938_13011_7173_13567_6664
2078,7172_13750_13770_12654_13123_11938_13011_7173_13567_6664
5001_4966,6665
3240,6666
5113_5550_5108,1214_6668_2314_5808_4811
43885,1214_6668_2314_5808_4811
5113_5550_5108,5025_6669
4796,6670
5113_5550_5108,6670
24389,6671
6705,6671
2036,6672
21166,6672
6373,6673
4805,6673
3641,6673
42976,6676_24182_24183
4868,6677
4828,6678
6026,6678
6026,6679
5073_44794,6680
21839,6681
2122,6682
6683,6682
24432,6683
5560,6684
5299,6685
5394,6686
2254,6687
6858,6687
15926,6688
2907_2692,6690
5269,6690
2562,6692
6808,6693
5311,6694
2256,6696
5281_12365_12366,6698
5346,6699
2887_2886,6699
15509,6699
21258,6700
2095,6700
2659,6700
43218,6700
6373,6701
6915_16170_22768,20347_7691_3334_16169_2335_6702
7179,6704
21678,6705
5113_5550_5108,6706
21678,6708
2887_2886,6709
21385,6709
5384,6710
5904,6711
942,6712
4903_3085_1465_33821,6713
5010,6714
5010,6715
5010,6716
831,6716
2300,6717
2989_2990,6717
24294_24295,4497_6718_5976_2897_2896
5626,6720
6816,6721
6999,6722
4842,6723
5728,6726
5009,6727
37847,6728
5569,6728
5578,6728
6987,17727_6729_20394
5485,6730
2326_1423,6730
5071,6731
5071,6732
1854,6733
2254,6733
15599_4768_25431,6733
21375,6734
21501,6734
7186,6735
2866,6735
5039,6736
24575,6737
21489,6738
4989,6739
2254,6740
3381,6740
5560,6741
6873,6742
5397,6742
18076,6743
5151,6743
4900,6744
11962,6745
5089,6745
3311,6745
5201,6746
5583,6747
5027,6748
5105_5012,6749
21679,6751
6751,6752
6670,6753
3749,6754
3240,6755
2254,6755
1751,6757
6322,6757
5039,6758
44967,6759
24334_6940,6759
1397,6759
1245,6760
3847,6761
473,6761
24913,6762
17975,6762
5854_3900_16663,6763
5218,6763
2041,6764
4796,6764
24389,6925_6765
665,6766
21658,6767
1574,6767
1318,6769
5674,6770
21166,6771
1165,6771
6054,6773
5039,6774
1165,6777
5073_44794,6778
5267,6779
5583,6780
16003,6780
21678,6781
2654,6782
2076,6783
1531,6784
5137,6784
6794,6785
2405,6786
21489,6787
365,6788
5570,6789
2220,6790
24575,6791
2610,6792
5093,6792
24468,6793
18882,6794
605,6794
2332,6795
6810,6796
5283,6797
21211,6799
2150,6799
665,6800
4251,6801
45072,6802
3381,6802
4988,6804
6256,6804
5010,6805
20283_6651,6806
5020,6807
11057,6808
11057,6809
5044,6810
43218,6810
5560,6810
5560,6811_18624
11057,6812
5073_44794,6813
2289,6814
20283_6651,6814
956,6815
2564,6815
5172,6816
2631_2628_2620,6817
5560,6819
5240,6820
5240,6821
2320,6823
16999,6823
19117,6823
5027,6823
17143,6823
20090,6823
17975,6823
4993,6824
17641,6825
18926,6825
5429,6825
1371,6826
2254,6827
6686,6827
2436,6828
5586,6828
4959,6829
2036,6830
43243,6830
4805,6831
5100,6832
5397,6833
653,6834
21249,6834
5515,6834
2462_3137_1645_1871_3135_3138,6835
5828,6836
6670,6836
2135,6837
5338,6837
18076,6838
7172_13750_13770_12654_13123_11938_13011_7173_13567_6664,6839
21658,6840
5833,6840
2013,6841
6359,6842
5283,6843
6873,6844
18407_20091,6845
6002,6845
5044,6846_1785_1133
5157,6847
1371,6848
21166,6849
2657,6849
5289,6850
5841,6850
24263,6851
6974,6853_3042
8977,6853_3042
5070,6854
5294,6855
5070,6856
6693,6857
2679,6857
4335,6858
5042,6858
24338,6859
2369,6859
5089,6861
15667,6861
5336,6862
18078,6863
1142,6864
2508,6865
9688_18325,6866_18326
5020,6868
5397,6869
5207,6871
5137,6873
1751,6874
6322,6874
5044,6875
5328,6875
18076,6876
5558,6877
21166,6877
21678,6878
2708,6879
5885,6879
6858,6880
5230,6881
1230,6881
21166,6882
2329,6882
24813,6883
8903,6883
4863,6884
1718,6884
12004_15075_5034_5075_24622_6467,6886
2654,6887
922,6887
43786,6887
45043,6887
18215,6888
1824_3335_4224_4372_6645,6888
6904,6889
4972,6890
36976,6890
21463,6890
5384,6891
5384,6892
40998,6893
5229,6893
44967,6894
6816,6894
24582,6895
2036,6895
1409,6896
44782,6896
4247,6896
4508,6897
5578,6898
2471,6898
2021,6899
5076_5593,6899
21166,6900
5854_3900_16663,6900
5240,6900
5070,6901_650
20591,6901_650
3620,6903
2036,6904
5073_44794,6905
2400,6906
5554,6906
2093,6907
19832,6908
1259,6908
5495,6909
5020,6912
15659,6913
1316,6913
5114,6913
1824_3335_4224_4372_6645,6915_16170_22768
2562,6915_16170_22768
4868,6916
6026,6916
6693,6917
2679,6917
20283_6651,6918
6873,6919
5015,6920
24389,6921
21679,6921
6956,6922
21678,6922
21679,6923
21678,6924
21678,6925_6765
5113_5550_5108,6926
6956,6927
21678,6927
4860_44137,6928
20246,6928
5113_5550_5108,6929
3569,6930
5275,6931
1208,6932
5275,6933
6936,6935
3628,6936
43424,6937
21166,6937
3394,6937
5113_5550_5108,6937
1166,6938
1786,6939_1110
5247,6939_1110
6938,6939_1110
6682,24334_6940
1459,24334_6940
3607,24334_6940
100120,6941
5113_5550_5108,6941
5240,6944
2286,6945
24570_7767_6964_1530_1741_10837_16166_12406_21132,6946
5520,6946
24633_1105,6947
2175,6949
2311,6950
18882,6950
2708,6950
5283,6952
2901,6953
5267,6955
21166,6955
5113_5550_5108,6956
2233,6957
1397,6960
5429,6961
6973,6962
4970,6962
37735,6962
6607,6963
2297,6963
6816,16620_6965
5559,11764_11658_13625_8199_14604_11613_14233_11562_8200_14796_17279_5180_6966_828_10796_10360_11737_13167
6816,6968
2052,6969
1142,6969
1142,6970
5401,6971
5275,6972
5341_2529_2656_2939_2956_4091,6973
2297,6973
5089,6974
21545,6975
19954,6976
5369,6976
3150,6977
2332,6978
20674,6978
5583,6979
6873,6979
2372,6980_3333
565,6981
4126,6982
2254,6983
11057,6983
5242,6984
24619,6984
5397,6986
4978,6987
3804,6988
4508,6989
20283_6651,6990
4497_6718_5976_2897_2896,6992
5009,6993
2254,6994
6997,6994
2545,6995
2254,6995
4425,6996
1397,6997
21250,6998
4685,6998
5172,6999
6858,6999
21678,7000
5323,7000
21839,7000
5561,7001
20289,7001
3569,7002
3620,7002
9960_12845_33643_11471_12831_12875_12941_13153_8617_54849_5265_12832_12610_12840_11087_11521_11661_11699_11700_11701_12040_12829_12837_12838_12841_12852_12886_12887_12940_12973_13012,7005
44967,7006
6683,7006
1397,7006
5297,7007
1106,7008
4184_1926,7009
6026,7009
19338,7011
5362,7013
5113_5550_5108,7014
4796,7015
6662,7015
24298,7016
4860_44137,7017
20246,7017
2187,7018
21166,7018
7018,7019
2234,7019
21698_21699,7020
5560,7020
6939_1110,7022
5113_5550_5108,7023
7023,7024
4497_6718_5976_2897_2896,7025
2251,7027
43693_13209_4790_21104,7027
5218,7028
15495,7029
24623_18751,7029
426,7029
23603,7029
15334,7029
15501,7029
43008,7029
15620,7029
19721_19720,7029
19589,7029
21005,7030
426,7030
3847,24521_7031_12343_12751_13716
5350,24521_7031_12343_12751_13716
15620,7032
18559,7032
20594,7033
2782,7033
17432,13895_14124_13635_14459_24506_14703_7034
19294,13895_14124_13635_14459_24506_14703_7034
18454,13895_14124_13635_14459_24506_14703_7034
24255,13895_14124_13635_14459_24506_14703_7034
6600_19288,7035
2406,7035
3847,7036
2254,7036
5516,7037
18232,7037
19685,7037
3847,7038
19589,7039_7245_18975_21061_8075
8709_19796_78,7040
8709_19796_78,7041
24623_18751,7041
15322,7041
20253,7041
8709_19796_78,7042
15945,7042
20158,7042
20253,7042
20253,7043_19661_19659_19660
8709_19796_78,7043_19661_19659_19660
19797,17240_7044_13822
2320,7045
14651_8673_18237_21764,7045
19117,7045
15159,7045
15334,7045
43005,7045
508,7045
24255,7046
6566,7046
17676,7858_7047_13980_8292_19332_16518_17675
19292,7858_7047_13980_8292_19332_16518_17675
19271,7858_7047_13980_8292_19332_16518_17675
6566,7048
19271,7048
3847,7049
3847,7050
43007,7051
17824,7052
6238,7052
5391,7053
3847,7054
19695_19696,7055
19707,7056
5554,7057
426,7057
23603,7057
7056,7057
15620,7057
19721_19720,7057
15929,7058
17434,7058
19721_19720,7059
43008,7059
4983,33622_14365_14366_30844_32859_14961_32744_20851_32739_7161_54723_20852_54726_11720_54730_32863_7060_33673_14970_32845_54725_30938_14847_54724_54615_30846_14172_54732_54729_32686_30868_33671_9776_13505_29147_54728_54731_54727_10052_20855_32896_29148_14037_32748_13504_32898_54733_13070_13901_30926_30989
15746,33622_14365_14366_30844_32859_14961_32744_20851_32739_7161_54723_20852_54726_11720_54730_32863_7060_33673_14970_32845_54725_30938_14847_54724_54615_30846_14172_54732_54729_32686_30868_33671_9776_13505_29147_54728_54731_54727_10052_20855_32896_29148_14037_32748_13504_32898_54733_13070_13901_30926_30989
3847,7061
19236,7064
17855,7064
3847,7066
16789,7067
44976,7068
19213,7068
15919,7068
19236,7068
4736,7068
6574,7070
652,7070
19296,7070
9410,7071
17432,7072
15336,7072
426,7072
20197,7072
18454,7072
17432,7073
15334,7073
17139,7073
43007,7073
23603,7074
19627_20194,11105_7075
19290,7077
24255,7077
20276_20270,7077
19589,7077
16565,7078_12911_12912_8749_11301_19992_16165_1220
20232,7078_12911_12912_8749_11301_19992_16165_1220
23603,7078_12911_12912_8749_11301_19992_16165_1220
24255,7078_12911_12912_8749_11301_19992_16165_1220
21154,7078_12911_12912_8749_11301_19992_16165_1220
19695_19696,7078_12911_12912_8749_11301_19992_16165_1220
2326_1423,7079_2491_4938_2046_5367_5689_4456_5186
1200_1134_15512_5080_100078,7080
13359_11576_14875_16525,7080
5,7082_12551_5340
17666_17670_20093_20096_18250,7083_8923
10001_19287_23046_23048,7083_8923
5,7084
21034,7085
19117,7085
508,7085
426,7086
18965,7086
3847,7090
3847,7091
426,7094_10521_15008_21547_7538_8770_8772_14560_32717_14540_8771_7092_19507_15047_15048
7094_10521_15008_21547_7538_8770_8772_14560_32717_14540_8771_7092_19507_15047_15048,7093
10001_19287_23046_23048,7095
3847,7096
20127,7097
20215,7097
18634,7097
11583_5620,7098
19722_19724_15163,7099
18634,7099
20127,7100
17132,7100
24522_54765_13502_15301,7101
24255,7101
18634,7101
3847,7102
5559,7104
5144,14640_14395_30872_30875_14641_7105_13501_10936_30923
17161,14640_14395_30872_30875_14641_7105_13501_10936_30923
3847,7106
3847,7107
405,7108_2941_3199_4707
18516,7108_2941_3199_4707
16483,7111_12194_10468_12053_12443_12752_12810_12811_12949_12950_13654_32891
18771,7112
2320,7113
19117,7113
5027,7113
508,7113
19040_20226,7113
19695_19696,7114
19803,7115
2320,7116
15145,7116
21211,7116
18729,7116
20063,7116
15658,7116
15953,7116
21154,7118
19296,7118
6527,7118
3847,7119
15218_15217_20145,7119
24507_14937_14938_19172,7119
20148,7120
3847,7121
3847,7122
15218_15217_20145,7123
15335,7123
20156,7123
15218_15217_20145,7124
17432,7124
24623_18751,7124
10001_19287_23046_23048,7124
15501,7124
20156,7124
18454,7124
3847,7125
1165,7125
18454,7127
2185,7127
3847,7128
19285,7131
10001_19287_23046_23048,7131
3847,7132
3847,7133
19285,7134
19066,7134
19211,8798_8060_7135_11595_7867_7900_11852_13592_8125
18916_19938_15733_15731_15732,7136
24623_18751,7137
3847,7139
7179,7140
2254,7140
3847,7141
15495,54581_54582_7142
24623_18751,54581_54582_7142
426,54581_54582_7142
17434,54581_54582_7142
15246,54581_54582_7142
15334,54581_54582_7142
43008,54581_54582_7142
15620,54581_54582_7142
19721_19720,54581_54582_7142
19589,54581_54582_7142
2320,7143
15159,7143
508,7143
3847,7144
19294,7145_21908
5296,7147
2254,7147
20573,7148
3847,7150
1515,7150
3847,7151
3847,7153
15145,7154
18729,7154
648,7154
15953,7154
1256,7154
3847,7155
3847,7156
15240,7157_14028_16675_7364_32750_20820_30847_32751_13698
19942,7158
19942,7159
19589,7159
19686_19687,11493_13590_13666_7160_19354
22800,11493_13590_13666_7160_19354
18393,33622_14365_14366_30844_32859_14961_32744_20851_32739_7161_54723_20852_54726_11720_54730_32863_7060_33673_14970_32845_54725_30938_14847_54724_54615_30846_14172_54732_54729_32686_30868_33671_9776_13505_29147_54728_54731_54727_10052_20855_32896_29148_14037_32748_13504_32898_54733_13070_13901_30926_30989
3847,7162
16227,11682_30064_12755_11681_8047_7163_14476_13464_12982
17846,7164_13776_12651_7165_12664_13354_17845
100309,7166
15322,7168_7167_9727_389
24623_18751,7168_7167_9727_389
19690,7168_7167_9727_389
19700,7168_7167_9727_389
2320,7168_7167_9727_389
19117,7168_7167_9727_389
15159,7168_7167_9727_389
43005,7168_7167_9727_389
508,7168_7167_9727_389
20573,7169
15385,7170
15110,7172_13750_13770_12654_13123_11938_13011_7173_13567_6664
15110,7174
2254,7174
3847,7175
12398_12507_8374_19118,7176
19700,7177
3847,7178
605,7179
3847,7180
42973,7181
20380_19792_19793_19794_16163,7182_17174_17176_17175_42964_42965
11487_11299_11671_15548,7182_17174_17176_17175_42964_42965
3847,7183
5,7184_5339_10410_12899
19715,7185
3847,7186
3749,7186
4298,7186
2320,7187
19117,7187
426,7187
20063,7187
42983,7187
16756,7187
15356,7187
15141,7188
19117,7188
3847,7189
20573,13108_7190_12318_12934_12935_12936_13109
17957,7191
19722_19724_15163,7191
15657,7191
17261,7191
17370,7191
19293,7191
17260,7191
15374_3346_100248,7191
17259,7191
15488,7191
3847,7192
19625_17311,7194
32783_24523_13902_3803,7194
16229,7194
17131,7194
20286,7194
110,7195
3847,7197
6026,7197
15331,7198
43008,7198
3847,7199
2320,7200
15503,7200
19117,7200
15159,7200
43005,7200
18562,7200
508,7200
426,7201
20162,7201
8537,7201
5387_19852_19851,7201
20236,7202
16229,7203
24255,7203
19293,7203
15356,7203
16230_24291,7203
2254,7203
19703,7205
19060,7205
3847,7206
10001_19287_23046_23048,7207
5516,7208
19690,7208
19700,7208
19698_19699,7209
3847,7210
1200_1134_15512_5080_100078,7211
19066,7211
15110,7212
7702_15284_16432,7212
19066,7212
19066,7213
19066,7214
19066,14798_7217_7218_14032_7219_20701_7222_7216_7221_7223_11757_7220_12658_13244_19679_19677_7215_19676_21004_19678_22599
19695_19696,14798_7217_7218_14032_7219_20701_7222_7216_7221_7223_11757_7220_12658_13244_19679_19677_7215_19676_21004_19678_22599
14798_7217_7218_14032_7219_20701_7222_7216_7221_7223_11757_7220_12658_13244_19679_19677_7215_19676_21004_19678_22599,7224
18454,7225
19054,7225
2254,7226
15159,7226
17434,7227
3847,7228
3847,7229
19066,7230
43007,7230
15770_16553,7231
43008,7231
19066,7231
426,7232
23603,7232
18240,7232
15262,7232
15476,7233_15376_15377_15378
24623_18751,7233_15376_15377_15378
3847,7234
24623_18751,7235
426,7235
23603,7235
43008,7235
15335,7235
7029,12575_7236
3847,7237
15852,7237
15855,7238
17266,7239
5449,7240_7701_11474_19490
3847,7241
3847,7242
4949,7243
17595,7243
17343,7243
2614,7244
2185,7244
19702,7244
19289,7039_7245_18975_21061_8075
3847,7246
13059_12471_14007_12472_9165_14367_12429_18866,24538_7247_14628_14004_14204_11692
8947,24538_7247_14628_14004_14204_11692
10962_7758_14622_19272_6588_18865_17667_17673_17672_44663,7248
19066,7249
17428,7250
20042,7251
23603,7251
5516,7251
19698_19699,7251
43007,7251
19942,7252
24623_18751,7252
23603,7252
43008,7252
15335,7252
3847,7253
21100,7254
3274,7254
18532,7256_18902_16216_3243
15279,13503_14230_7257_14642_11880_13140
3847,7258
43005,7259
15159,7259
100237,7259
3847,7260
3847,7261
5267,7263
7263,7264
24573,13412_13200_12112_7268_11843_13474_13475_13477_10946_12799_8647_12804_13455_14883_13852_13197_7267_13195_12111_13369_7266_13476_5045
2254,11482_14396_11702_11003_14100_13479_11400_12808_11095_13848_13261_12745_12704_13371_32592_12744_7269_11840_13168_10951_12362_13373_12667_12062_13147_10542_11541_13339_14073_12746_14095_13262_11094_5021_11425_11567_12364_13030_13198_13211_5200
15470,11482_14396_11702_11003_14100_13479_11400_12808_11095_13848_13261_12745_12704_13371_32592_12744_7269_11840_13168_10951_12362_13373_12667_12062_13147_10542_11541_13339_14073_12746_14095_13262_11094_5021_11425_11567_12364_13030_13198_13211_5200
19150,7270_12900_54838_12306
19292,7271
17760,7272
2714,32767_32771_8192_7273_11544_11121_13602_448
17366,32767_32771_8192_7273_11544_11121_13602_448
21089,32767_32771_8192_7273_11544_11121_13602_448
6295,32767_32771_8192_7273_11544_11121_13602_448
2817,32767_32771_8192_7273_11544_11121_13602_448
3847,7274
20127,20730_30883_7275
3615,20730_30883_7275
15218_15217_20145,7276
15246,7276
16998,7276
15620,7276
20253,7276
19721_19720,7276
15218_15217_20145,7277
20225,7277
43008,7277
11060,11015_12527_14799_14673_12489_12260_12665_11104_14565_14075_13484_7279_7287_14111_13744_10544_32735_12395_13411_10948_7278_12688_14110_12336_7288_7282_7280_7283_7286_11547_12437_7290_11413_12701_7281_7285_13859_7284_11162_5129_45050_11587_11591_11808_13067_12175
20374,11015_12527_14799_14673_12489_12260_12665_11104_14565_14075_13484_7279_7287_14111_13744_10544_32735_12395_13411_10948_7278_12688_14110_12336_7288_7282_7280_7283_7286_11547_12437_7290_11413_12701_7281_7285_13859_7284_11162_5129_45050_11587_11591_11808_13067_12175
20375,11015_12527_14799_14673_12489_12260_12665_11104_14565_14075_13484_7279_7287_14111_13744_10544_32735_12395_13411_10948_7278_12688_14110_12336_7288_7282_7280_7283_7286_11547_12437_7290_11413_12701_7281_7285_13859_7284_11162_5129_45050_11587_11591_11808_13067_12175
20377_20376_20373_20372_20379_20378_21548_18610_18611,11015_12527_14799_14673_12489_12260_12665_11104_14565_14075_13484_7279_7287_14111_13744_10544_32735_12395_13411_10948_7278_12688_14110_12336_7288_7282_7280_7283_7286_11547_12437_7290_11413_12701_7281_7285_13859_7284_11162_5129_45050_11587_11591_11808_13067_12175
11060,7289
3847,7292
100196,7294
12277_14993_33620_12215_13061_14922_11076_12130_12289_18943_30927,7294
100150,7294
15765,7294
11506_19448_17704_13981,7295_15587
2254,7295_15587
414,7295_15587
11583_5620,7297
18591,7297
2216,7300
18454,7301
43007,7301
3847,7302
5381,7303
23603,7303
3847,7304
3847,7305
16520,7306
2320,14866_12012_33850_11890_11687_12014_13758_11569_13753_10550_12640_11903_8961_14154_10877_10699_32728_7790_11527_14665_11633_12231_13644_11066_11091_11916_14735_14467_11085_11889_12096_11570_11894_10949_36484_14733_14117_14012_10549_10551_14736_11113_7311_11534_11901_10995_13338_14208_14726_13212_7307_14074_12250_11902_14566_14511_10479_7309_10689_11475_14836_54833_11674_13959_11909_7308_11675_19011_18993_15626_18995_18994_18778_44640
16950,14866_12012_33850_11890_11687_12014_13758_11569_13753_10550_12640_11903_8961_14154_10877_10699_32728_7790_11527_14665_11633_12231_13644_11066_11091_11916_14735_14467_11085_11889_12096_11570_11894_10949_36484_14733_14117_14012_10549_10551_14736_11113_7311_11534_11901_10995_13338_14208_14726_13212_7307_14074_12250_11902_14566_14511_10479_7309_10689_11475_14836_54833_11674_13959_11909_7308_11675_19011_18993_15626_18995_18994_18778_44640
14866_12012_33850_11890_11687_12014_13758_11569_13753_10550_12640_11903_8961_14154_10877_10699_32728_7790_11527_14665_11633_12231_13644_11066_11091_11916_14735_14467_11085_11889_12096_11570_11894_10949_36484_14733_14117_14012_10549_10551_14736_11113_7311_11534_11901_10995_13338_14208_14726_13212_7307_14074_12250_11902_14566_14511_10479_7309_10689_11475_14836_54833_11674_13959_11909_7308_11675_19011_18993_15626_18995_18994_18778_44640,7310
19589,14866_12012_33850_11890_11687_12014_13758_11569_13753_10550_12640_11903_8961_14154_10877_10699_32728_7790_11527_14665_11633_12231_13644_11066_11091_11916_14735_14467_11085_11889_12096_11570_11894_10949_36484_14733_14117_14012_10549_10551_14736_11113_7311_11534_11901_10995_13338_14208_14726_13212_7307_14074_12250_11902_14566_14511_10479_7309_10689_11475_14836_54833_11674_13959_11909_7308_11675_19011_18993_15626_18995_18994_18778_44640
3847,7312
5093,7313
3847,7314
17369,7315
19708,7315
426,7315
43008,7315
15356,7315
17957,7315
19117,7316_8816_115_22715_22716
18075,7316_8816_115_22715_22716
3847,7317
15218_15217_20145,7318
5267,7318
15509,7318
15945,7318
15214,7318
43008,7318
15620,7318
19721_19720,7318
17133,10917_7319_1314
5554,10917_7319_1314
23603,10917_7319_1314
19052,10917_7319_1314
10917_7319_1314,7320
426,10823_7321_9112_26782_8972_14743_15776_15775_19701_8973
2254,10823_7321_9112_26782_8972_14743_15776_15775_19701_8973
23603,10823_7321_9112_26782_8972_14743_15776_15775_19701_8973
10823_7321_9112_26782_8972_14743_15776_15775_19701_8973,7322
3847,7323
17663,7325
24237,7325
1595,7325
18637,7327
3847,7328
3847,7329
5155,7329
100137,7329
18454,7330
3847,7331
18050,7332_12537
15218_15217_20145,7334
17435,7334
14376_13657_54837_30918_20847_13820_14486_13805_30917_12947_7974_13581_14855_30910_14858_30911_14482_14599_12869_30914_13658_30922_13819_14699_30920_13821_12960_30919_13656_14357_14580_30913_30916_13266_13509_14842_14678_13655_14617_12946_30912_100172,7334
24623_18751,7334
23603,7334
20156,7334
43007,7334
16044_16064,7336
24623_18751,7337
43008,7337
23603,7337
15335,7337
16044_16064,7338_15092
15336,7339
20161_20463,7339
24623_18751,7339
426,7339
23603,7339
10001_19287_23046_23048,7339
43008,7339
15335,7339
5516,7340
18230,7340
2254,7340
20018,7340
19697,7341
16046,7342
19284,7343
17429,7343
43537,7344
19117,7344
20286,7345
16229,7345
20225,7346
19589,7346
1476,7350_9002
1476,7351
20242,7351
15218_15217_20145,7352
426,7352
19721_19720,7352
15620,7352
20242,7353
19117,7354
1476,7354
1834,7354
2320,7355
15159,7355
15335,7355
508,7355
5835,7356
3847,7357
3847,7358
3847,7359
15,7361
18727,7361
27749,7361
13274_10761_10945_8378_12796_910_11272_13611_14692_10827_13175_44314_32604_33563_13469_13468_13052_14618_14687_14871_12943_54708_13402_14400_12363_10259_19200_13610_12523_14323_13780_8377_13437_44320_13425_10723_30071_11935_13413_12625_13414_13436_13314_12477_10320_13516_13395_11630_14653_14256_13407_13263_32689_11075_14093_10818_12463_10227_8379_13328_14345_32834_11137_14929_32940_13315_13447_10828_13405_13429_11974_12024_12367_15013_36482_10806_13312_32577_12813_10374_11259,12983_14669_12464_13002_7362_14427_10905_11987_10969_13348_14153_14372_11355_12483_11395_13786_11564_11143_14068_15993
2320,7363
8779,7363
19942,7363
17310,7363
19942,7157_14028_16675_7364_32750_20820_30847_32751_13698
16027_15642_18981,7366_42499_11593_10021_11904_17615_7365_11990_14903_15637_11140_2016_12965
17762,7368
19142,7369
2520_19800,7369
3847,7370
3847,7371
18888,7372
3847,7373
20213,7374
764,7375
20212,7375
763,7375
20213,7376
20213,7377_11855_1490
3847,7379
20212,7379
763,7379
20212,7381
43005,7382
15159,7382
19589,7382
508,7382
20215,7383
10001_19287_23046_23048,7383
20127,7384
15368,7384
24471,7385
15929,7388
3847,7390
3847,7391
19700,7392
3847,7393
43008,7395
19589,7395
19703,7396
15465,7397
15503,7398
24623_18751,7398
18971,7399
18113,7399
18114,7399
18112,7399
8709_19796_78,7400
17121,7401
16349,7401
15704,7401
3847,7402
17234,7403_5357_7012
17662,7403_5357_7012
17663,7403_5357_7012
20165,7404
761,7404
20253,7404
16887,7404
20253,7405
15338,7405
3847,7406
22904,7406
19722_19724_15163,7407
15491,7407
43218,7407
17038,7407
16177,7407
3847,7408
43008,7409
20153_20360_20361,7410
15218_15217_20145,7410
19571,7411_14706_13751
426,7412
24255,7412
43008,7412
15338,7412
21154,7412
20120,7413
43008,7413
24499,7414
5554,7414
631,7414
2013,7414
16524,7414
1085,7416
5334,7416
19268,7417
3847,7418
14376_13657_54837_30918_20847_13820_14486_13805_30917_12947_7974_13581_14855_30910_14858_30911_14482_14599_12869_30914_13658_30922_13819_14699_30920_13821_12960_30919_13656_14357_14580_30913_30916_13266_13509_14842_14678_13655_14617_12946_30912_100172,7420
17922,7420
19589,7421
19589,11396_7422
17666_17670_20093_20096_18250,11396_7422
3847,7423
3847,7425
3847,7426
3847,7427
43008,7428
19589,7428
14720_20250_16646,7429
3847,7430
3847,7431
18787,7432
15368,7432
15547,7432
2254,7432
20144,7432
3847,7433
19183,7434
20380_19792_19793_19794_16163,7435
11487_11299_11671_15548,7435
19183,7438
3847,7439
4985_693_24613_1866,7440_10648_12685_694_12881_12319_12642_12686_12877_12882
19117,7440_10648_12685_694_12881_12319_12642_12686_12877_12882
18923,7443
3847,7444
17666_17670_20093_20096_18250,7445
19289,7445
10001_19287_23046_23048,7445
24255,7446
2406,7446
24255,7447
426,7447
6618,7447
19945_6599,7448
15336,7449
10001_19287_23046_23048,7449
19117,7450
426,7450
4782,7450
3381,7450
19846_15790,7450
16383,7451
3847,7456
3847,7457
15240,7458
3847,7459
3847,7460
43008,7461
20573,21571_7462_12956_12957_12958_13893
3847,7463
3847,7465
3847,7466
3847,7467
3847,7469
44990,7469
19704,7470
16420,7471
6949,7471
20245,7471
6949,7472
43218,7472
1898,7472
20253,7473
2254,7473
20132,7473
15083,7473
3847,7474
3847,7475
16037,7476
2531,7476
19698_19699,7477
23603,7477
15329,7477
43008,7477
6025,7477
426,7478
16516,7478
3847,7479
3847,7480
5516,7481
19697,7481
15620,7482
19697,7482
19721_19720,7482
118,24524_14169_7483_736_12993
15780,13521_13522_14690_7485
100137,13521_13522_14690_7485
20215,7486
20212,7486
20573,7487_10843_12168_10348_11418_11689_11747
510,7488
1627,7488
19708,7489
19708,7490
3847,7491
15990,12895_11264_11200_7493_11886_9141_44811_44843_44870_44816_44817
100184,7495_7496_13928_13813_12789_10983_14019_14033_14627_3441_44807
19213,7495_7496_13928_13813_12789_10983_14019_14033_14627_3441_44807
16812,7495_7496_13928_13813_12789_10983_14019_14033_14627_3441_44807
17756,7495_7496_13928_13813_12789_10983_14019_14033_14627_3441_44807
21095,7495_7496_13928_13813_12789_10983_14019_14033_14627_3441_44807
18329,7495_7496_13928_13813_12789_10983_14019_14033_14627_3441_44807
3847,7497
3847,7498
3847,7499
3847,7500
3847,7501
3847,7502
10920,7503
19589,7504
3847,7505
19268,7507
426,7508
16044_16064,7508
10001_19287_23046_23048,7508
4747,7508
16619_16535_15884,9147_15024_7509_13983_13982
44975,7510
17666_17670_20093_20096_18250,7510
10001_19287_23046_23048,7510
15336,7511
10001_19287_23046_23048,7511
3847,7512
3847,7513
15998,7514_9152
3847,7515
3847,7516
3847,7517
3847,7518
43009,7519
10004,7520_11428
426,19567_19568_7522
19183,19567_19568_7522
15216,19567_19568_7522
7842_20066_20521_20522,19567_19568_7522
15880,19567_19568_7522
7842_20066_20521_20522,7523
426,7524
17314,7524
7842_20066_20521_20522,7525
19704,14139_20682_7526
12123_54559_8909_26765_14904_11291_26729_30043_15286_18292_18293_5500_5501,14139_20682_7526
7842_20066_20521_20522,14139_20682_7526
17742,14139_20682_7526
7842_20066_20521_20522,7527
7842_20066_20521_20522,7528
19292,7529
3847,7530
3847,7531
3847,7532
17319,54780_12731_7533
15620,7534
16329,7534
15945,7534
24623_18751,7534
23603,7534
15501,7534
19721_19720,7534
15496,7534
17891,7534
19716,7534
3847,7535
4849,7535
20023_15222_15221,7536
15930,7536
4849,7536
18075,7537
2254,7539
19117,7539
5560,7539
16365,12552_8234_8082_7540_19003_17169
426,12552_8234_8082_7540_19003_17169
18538,12552_8234_8082_7540_19003_17169
15077,12552_8234_8082_7540_19003_17169
20573,7541
19703,7542_11690
2254,7542_11690
3847,7543
3847,7544
3847,7545
19452,7546
3847,7547
9179_7552_15553_11398_7549_9178_15552_17608_6543,7548
3847,7553
7554_7551_7555_7550_14661_9181_18747_15551_19276_15550_17610_11869,7556
3847,7557
20072,7558
15643,7559_12304_12305
17768,7560
22800,54680_10844_10964_9189_13591_7561_7562_12558_11109_11765_16648
19686_19687,54680_10844_10964_9189_13591_7561_7562_12558_11109_11765_16648
3413,7564
11512,7565
15356,7566
19625_17311,7568_13418_12730_14514_14187_14950_11770
3847,7569
19299,7570
16028,7571
1115,7572
17893,7573
17858,7573
24255,13594_13485_14867_12246_11781_11833_33482_33479_14417_8119_14475_8120_10062_7298_11540_11694_11819_12116_7574_8457_12449_33481_13486_7296_11834_14776_14410_8458_14626_10847_11464_10848_12247_11529_11330_12450_13241_11439_32526_12103_33480_12098_16809_561
19270,13594_13485_14867_12246_11781_11833_33482_33479_14417_8119_14475_8120_10062_7298_11540_11694_11819_12116_7574_8457_12449_33481_13486_7296_11834_14776_14410_8458_14626_10847_11464_10848_12247_11529_11330_12450_13241_11439_32526_12103_33480_12098_16809_561
2516,7576
3274,7576
21355,7576
3847,7577
3847,7578_7579
3847,7580
3847,7581
3847,7583
19708,7584
5508,7586_7585_10846
43008,7587
18562,7587
18454,7587
15159,7588
19289,7588
15329,7588
15496,7590
3847,7591
20127,7592
3847,7593
100240,7594
21181,7595
3847,7597
3847,7598
3847,7599
100238,7600
18088,7601
2254,7603
8383,7603
15822,7603
17432,7604
24623_18751,7604
43008,7604
18454,7604
15335,7604
3847,7605
19296,7606
23603,7606
18231,7606
17891,7607
426,7607
21163,7607
15950,7607
5031,7608
6424,7608
16070,33493_7609_11563_12378_12598
15336,7610
10001_19287_23046_23048,7610
19280,7610
15336,7612
19589,7612
20158,14538_12262_11181_21083_7614
19117,14538_12262_11181_21083_7614
16106,14538_12262_11181_21083_7614
1584,14538_12262_11181_21083_7614
20259,14538_12262_11181_21083_7614
4746,14538_12262_11181_21083_7614
20253,14538_12262_11181_21083_7614
17434,7615
3847,7616
14376_13657_54837_30918_20847_13820_14486_13805_30917_12947_7974_13581_14855_30910_14858_30911_14482_14599_12869_30914_13658_30922_13819_14699_30920_13821_12960_30919_13656_14357_14580_30913_30916_13266_13509_14842_14678_13655_14617_12946_30912_100172,33492_32702_32912_32791_14838_7617_54831_15452
15329,7618
15331,7619
24255,7619
426,7619
18999,7620
2320,7621
15159,7621
15329,7621
508,7621
2242,7622
21181,7622
3847,7623
426,7624
19303,7624
3847,7625
19117,7626_20256
15083,7626_20256
3847,7629
20242,7630
2254,7631
761,7631
3847,7633
3847,7634
20042,7635
15945,7635
426,7635
19722_19724_15163,7635
2254,7635
15961,7636
16643,7636
15412_15415_15418_15411,7636
5321,7637_13203_12425_13204_13206_14228_13205_13207
3847,7638
16420,7639
20244,7640
4868,7642
3847,7643
1341,7644
3847,7645
2254,7646
19601,7646
3847,7647
15617,7648_5017
18502,7648_5017
3847,7649
4949,7650
17604,7650
19289,7651
3847,7652
5001_4966,7652
15111,7652
3847,7653_19411_19680
3847,7654
1165,7655
17234,7656
3847,7657
2119,7660
23603,7660
17663,7661
2254,7661
2420,7661
19628,15017_10015_15016_7138_7662_24456_19503
18174,7663
7665_20367_1094,11311_12515_12357_13134_8328_7664_11222_11704_12101_12102_12337_12645_12646
18174,7665_20367_1094
15218_15217_20145,7666
16697,7667
3847,7668
15620,7669
19721_19720,7669
14589_18911_10894_11668_12818_7452_13240_12348_12513_13242_7453_14674_11667,7669
15327,7669
19520,7670
19313,7670
3847,7671
19722_19724_15163,7671
15145,7672
16229,7672
16230_24291,7672
15953,7672
3847,7673
3847,7674
3847,7675
3847,7676
3847,7677
2118,7677
2320,7679
15218_15217_20145,7679
19117,7679
20218,7679
508,7679
43008,7680
334,7681
15356,7681
3847,7682
19704,7683
18305,7684
3847,7685
2254,7686
20117,7686
3847,7687
2320,7688
15159,7688
19695_19696,7688
508,7688
3847,7689
5039,7690
19052,7690
44976,7690
5046,20347_7691_3334_16169_2335_6702
3847,7692
10001_19287_23046_23048,7693
19280,7693
3847,7694
3847,7695
19054,7696
3847,7697
43008,7698
426,7698
19066,7698
15846,7698
5623,7699
17307,7700
7732,7702_15284_16432
20573,8143_7704_11923_12893_12894_12568
3664,7705
15331,7706
21501,7707
6500_3096_2323,7707
3847,7708
16629,7708
3847,7709
2254,7710
15657,7710
2098,7710
15144,7710
24623_18751,7711
23603,7711
43008,7711
2254,7711
15335,7711
43008,7712
18454,7712
15334,7712
16375,7713
3847,7715
2320,7716
19117,7716
19050_4781_44348_44349,7716
16894,7716
16513,7716
508,7716
577,7716
3847,7717
7256_18902_16216_3243,7718
5711,7719
3847,7720
4298,7721
3847,7722
18309,10834_7723_13383_10833_13384_11741_11742_12042_12710
2320,7724
15159,7724
508,7724
15531_17025_18310_17036_17029,7725
19692,7726
17953,7727
17370,7727
17369,7727
3847,7730
17432,7732
15110,7732
426,7732
43008,7732
2254,7732
20158,7735
3847,7736
1411,7737
17429,7737
17742,11335_7738
12123_54559_8909_26765_14904_11291_26729_30043_15286_18292_18293_5500_5501,11335_7738
14701_12716_32835_8472_32721_8471_12019_10073_19667_16761,11335_7738
19700,11335_7738
17646,7739
167,7739
17663,7739
20248_1457,7740
20208,7740
19721_19720,7741
5510,7741
3847,7742
592,7743
15903,7744
2408,7745
2254,7745
3847,7746
6025,7747
21026_19277,7747
16352,7748_11802
6025,20739_7749
19743,20739_7749
14851_212,20739_7749
5151,20739_7749
11374_7750_5439,11369_7751
3847,7752
1292,7753
19117,7753
3847,7754
3847,7755
19268,7756
24255,7757
426,7757
19289,7757
17666_17670_20093_20096_18250,10962_7758_14622_19272_6588_18865_17667_17673_17672_44663
1336,7759
3847,7760
1336,14412_7761_7762_18473_37748
15902,14412_7761_7762_18473_37748
5086,7763
19703,7764
19703,7765
23603,7765
19589,7765
20018,7766
15027,24570_7767_6964_1530_1741_10837_16166_12406_21132
17891,7768
21163,7768
16365,7768
3847,7769
6600_19288,7769
3847,7770
13648,7771
3847,7773
3847,7774
3847,7775
3847,7776
17853,7776
4553,7776
3847,7777
426,7779
17138,7779
43008,7780
16643,7780
1200_1134_15512_5080_100078,7781
3847,7782
18493,11163_7783_7939_10893_7940_11164
34217,7784
4425,7784
3847,7785
5333,7785
16381,7787
5347,7788
15902,7788
1336,7788
3847,7789
5516,7793
18232,7793
19685,7793
15770_16553,7794_9239_9223_13912_13961_7844_13946_14105_13910_14102_12880_14461_9482_30010_14107_13914_10635_14106_13911_12528_13926_13913_12988_14103_13915
15620,7795
43008,7795
15846,7795
761,7797
16892,7797
15620,7797
19721_19720,7797
19589,7797
15895,7797
3847,7799
2254,7800
761,7800
16896,7800
5345,7802
17641,7803
510,7803
20751_5469_15914_21272,7803
19827,7804
17434,7804
15246,7804
15620,7804
19721_19720,7804
43007,7804
19575,13017_11452_10206_11549_13649_7805_14384_13650_13514_14027_14390_7806_32649_11932_18914_3037
21034,13017_11452_10206_11549_13649_7805_14384_13650_13514_14027_14390_7806_32649_11932_18914_3037
18631,13017_11452_10206_11549_13649_7805_14384_13650_13514_14027_14390_7806_32649_11932_18914_3037
3847,7807
17266,7808
17266,7809
426,7810
24304,7810
15947_17262_17263,7810
17274,7811
17778,7812
17266,7813
17339,7813
15517,7814
3778,7815
3847,7816
4980,7817
19305,7818
426,7818
18037,7818
24255,7818
12322_12562_7999_7733_13642_12563_7734_9349_16355_19756_16296_11616_12267,7819
15336,7819
17219,7819
19183,7820
3847,7821
3847,7822
3847,7823
3847,7824
3847,7825
3847,7826
21167,7827
3847,7828
19072,13995_7829
3847,7830
3847,7831
3847,7832
3847,7833
3847,7834
1933,7834
3847,7835
4565_2803_2801,7835
17432,7836
18454,7836
2320,7837
19117,7837
15159,7837
10001_19287_23046_23048,7837
43005,7837
508,7837
20158,7838
16910,7838
18795,7838
2254,7838
9332,7838
19117,7839
24623_18751,7839
23603,7839
43008,7839
17121,7839
15335,7839
3847,7840
19712,7841
18800,7794_9239_9223_13912_13961_7844_13946_14105_13910_14102_12880_14461_9482_30010_14107_13914_10635_14106_13911_12528_13926_13913_12988_14103_13915
15979,7845
2320,7846
15159,7846
15336,7846
508,7846
3847,7847
426,7848
4903_3085_1465_33821,7848
12044_20791_7380_32904_18102_4686,7848
3847,7849
426,7850
18781,7850
17666_17670_20093_20096_18250,7852
19589,7852
15360,7853
17666_17670_20093_20096_18250,7853
19268,7854
3847,7855
15617,7856
10962_7758_14622_19272_6588_18865_17667_17673_17672_44663,7856
17666_17670_20093_20096_18250,7857
10962_7758_14622_19272_6588_18865_17667_17673_17672_44663,7859
10962_7758_14622_19272_6588_18865_17667_17673_17672_44663,7860
11481_10903_10929_44315_14705_15467_15337_15469,7861
2254,7863
4617,7863
19716,7864
16229,7864
20063,7864
23603,7864
24255,7864
19293,7864
16235,7864
2254,7864
16524,7864
3847,7865
17666_17670_20093_20096_18250,7866
19589,7866
19284,8798_8060_7135_11595_7867_7900_11852_13592_8125
3847,7869
3847,7870
15503,7871
20195,7871
18562,7871
15503,7872
15336,7872
426,7872
17434,7872
43008,7872
18562,7872
20197,7872
3847,7873
2320,8596_8597_7874_19176_17951
14376_13657_54837_30918_20847_13820_14486_13805_30917_12947_7974_13581_14855_30910_14858_30911_14482_14599_12869_30914_13658_30922_13819_14699_30920_13821_12960_30919_13656_14357_14580_30913_30916_13266_13509_14842_14678_13655_14617_12946_30912_100172,8596_8597_7874_19176_17951
15159,8596_8597_7874_19176_17951
16907,8596_8597_7874_19176_17951
43005,8596_8597_7874_19176_17951
508,8596_8597_7874_19176_17951
24623_18751,7875
426,7875
23603,7875
19690,7875
15335,7875
19700,7875
2320,7877_7876
15504,7877_7876
18562,7877_7876
10639,7877_7876
3847,7877_7876
15504,7878
18562,7878
15504,7879
18562,7879
15504,7880
2254,7880
18562,7880
3847,7882
3847,7883
3847,7884
18381,7885
19686_19687,7885
22800,7885
17127,7886
23603,7886
5167,7886
21525,7886
1572,7886
10641,7887
17127,7888
15950,7888
3295,7888
17891,7888
6053,7888
3291,7888
3847,7889
3847,7890
19289,7891
2320,7892
19703,7892
15159,7892
508,7892
15331,7893
20297,7893
15945,7893
426,7893
20063,7893
43008,7893
19589,7893
19715,7894
19694,7895
19686_19687,7895
22800,7895
11118,7896_4600_4614_875
3847,7898
24255,7899
2406,7899
3847,7901
24255,7902
18056_6572_16767_43923_16769_16770,7902
43008,7904
3847,7905
15333,14098_11448_12072_7906_13478_20088
15327,14098_11448_12072_7906_13478_20088
6105,7907
21630,7907
6574,7908
652,7908
19296,7908
652,7909_8792
19296,7909_8792
5106,7909_8792
3847,7910
3847,7911
3847,7912
3847,7913
3847,7914
19737,7915
19722_19724_15163,7915
4670_5282_19561,7915
15939,7915
19520,7917
16235,7917
19313,7918
12398_12507_8374_19118,7918
19520,7918
17119,7918
43218,7918
19313,14393_14797_13278_7919_12765
7495_7496_13928_13813_12789_10983_14019_14033_14627_3441_44807,7920
486,7920
19313,7920
43218,7920
19520,7921
17017,7921
19285,7921
19313,7921
19520,7922
20162,7922
19313,7922
3847,7923
2320,7924
15185,7924
14376_13657_54837_30918_20847_13820_14486_13805_30917_12947_7974_13581_14855_30910_14858_30911_14482_14599_12869_30914_13658_30922_13819_14699_30920_13821_12960_30919_13656_14357_14580_30913_30916_13266_13509_14842_14678_13655_14617_12946_30912_100172,7924
16229,7924
15159,7924
17623,7924
18188,7924
43005,7924
43218,7924
16235,7924
508,7924
19716,7924
18881,7925
2281,7925
16904,7925
577,7925
15496,7927
9276,7930
11979,24561_14508_7931_7933_14509_390
20242,7934
3005,7935
20244,7935
20242,7936
12044_20791_7380_32904_18102_4686,7936
17625_17626,9550_7937_12717_13480
16674_10765,10218_13120_9301_13410_10226_10442_20712_14634_100250_30049_7938_60489_13066_14480
17143,10218_13120_9301_13410_10226_10442_20712_14634_100250_30049_7938_60489_13066_14480
3847,7941
3847,7942
15218_15217_20145,7943
14651_8673_18237_21764,7943
24623_18751,7943
20157,7943
15334,7943
20167,7943
43008,7943
15321,7943
2457,7944
3847,7945
20158,7946
3569,7946
20236,7947
20208,7947
20211,7947
19625_17311,7947
426,7947
23603,7947
20272,7947
17310,7947
19755,7947
3847,7948
15218_15217_20145,7949
20208,7949
23603,7949
10001_19287_23046_23048,7949
19686_19687,7949
43008,7949
14701_12716_32835_8472_32721_8471_12019_10073_19667_16761,7949
19044,7950
2724,7950
4805,7950
3847,7951
3847,7952
2232,7953
24623_18751,7953
23603,7953
15501,7953
43008,7953
19589,7953
3847,7955_954_4551
839,7955_954_4551
24623_18751,7956
15335,7956
16643,7956
3847,7957
15277,7958_17896
12552_8234_8082_7540_19003_17169,7958_17896
25511,7958_17896
16708,7959_2797_2794_517
2913,7959_2797_2794_517
15620,7960
19721_19720,7960
21189,7960
16608,7961
3847,7962
18453,14368_14056_12183_7963_13133_11954_13510
24462,14368_14056_12183_7963_13133_11954_13510
24462,7964
426,7964
20573,7964
18961,7965
20573,7966
16756,7967
19117,7967
15356,7967
3847,7968
2254,7969
2102,7969
5492,7969
2098,7969
17198,7970
18230,7971
20018,7971
24623_18751,7972
19117,7972
37940,7972
6744,7972
3847,7973
20127,7975
23757,7975
3847,7976
19697,11530_8620_7977_23599
19708,7979
3847,7980
9591_17730_17729_18868,7981
19693,9594_7982_9597_9596_138
19693,7983
19693,7984
3847,7985
18240,7986
14701_12716_32835_8472_32721_8471_12019_10073_19667_16761,7986
12713_12185_9593_10738_8479_16763,7987
15318,7987
24623_18751,7987
22800,7987
19686_19687,7987
14701_12716_32835_8472_32721_8471_12019_10073_19667_16761,7987
14376_13657_54837_30918_20847_13820_14486_13805_30917_12947_7974_13581_14855_30910_14858_30911_14482_14599_12869_30914_13658_30922_13819_14699_30920_13821_12960_30919_13656_14357_14580_30913_30916_13266_13509_14842_14678_13655_14617_12946_30912_100172,54593_54716_12106_13923_11437_14623_11488_14484_9617_14473_12989_54806_14173_12029_54804_32583_14908_32694_13849_14660_7988_14730_54805_54761_30929_30928_16660
16056,54593_54716_12106_13923_11437_14623_11488_14484_9617_14473_12989_54806_14173_12029_54804_32583_14908_32694_13849_14660_7988_14730_54805_54761_30929_30928_16660
43007,54593_54716_12106_13923_11437_14623_11488_14484_9617_14473_12989_54806_14173_12029_54804_32583_14908_32694_13849_14660_7988_14730_54805_54761_30929_30928_16660
11119,7989
19299,20738_7990
43005,7991
15159,7991
19589,7991
508,7991
15218_15217_20145,7992
15210,7993
15160,7993
8547_8546_17042,7994
16764,7995_169
3847,12709_13376_14059_14635_12408_13783_7996_9630_21129_170_11589_24549
3847,7997
15218_15217_20145,7998
20235,7998
3847,8001
16558,8002_32641_13790_14478
16797,8003_16810_5181
426,8003_16810_5181
17131,8004
19817,8004
42966,8004
4910,8004
19589,8005
43007,8006
2098,8006
15499,8006
23603,8006
15334,8006
20253,8006
20132,8006
15083,8006
19183,8007
2257,8007
2220,8007
16565,8008
426,8009
19281,8009
3847,8010
3847,8011
3847,8012
761,8013
16891,8013
3847,8014
24623_18751,8015
37940,8015
2467,8015
19942,8016
19305,8017
426,8018
18630,8018
17965,8019
15830_15831,8019
3847,8020
3847,8022
100309,8023
20240,8023
24237,8023
4884,8023
15355_15352_18894,8024_8025_14259_12080_15353_8451_13884_60585_11879_13243_75
3847,8027
11486_12279_19950_20121_23595_18281,8028
19117,34022_24530_8029
5307,34022_24530_8029
16106,34022_24530_8029
11486_12279_19950_20121_23595_18281,34022_24530_8029
10311,8034
3847,8035
9688_18325,8036
3847,8037
15141,8038
19117,8038
20010,8039
5801,8039
20076,8040
16022,8041
3847,8042
100309,8043
19589,8043
903,8044_14620_11844
17663,8045
24257,8045
100036,8045
426,8046
866,8046
16117,8046
19052,8046
20127,11682_30064_12755_11681_8047_7163_14476_13464_12982
426,8048_15705_18947
2921_19952_18701,8048_15705_18947
18949,8049_14877
16195,8050
18949,8050
2921_19952_18701,8050
3847,8051
2921_19952_18701,8051
3847,8052
18010_20122,8054_16367_1907
17021,8054_16367_1907
20158,11266_8056_16107
20232,11266_8056_16107
16329,11266_8056_16107
20259,11266_8056_16107
15285,8057_11525
2921_19952_18701,8058
17666_17670_20093_20096_18250,8059
19289,8059
10001_19287_23046_23048,8059
19285,8061
426,8061
19722_19724_15163,8061
19712,8061
20274,8061
16158,13652_12179_8062_21107
3847,8063
3847,8064
3847,8065
3847,8066
15459,11775_14902_8067
3847,8068
9723,8069
100084,11539_12237_15736_15739_15738_8070_12538_12240_14138_14326_14513_12239_9725_15737_18958
15735,11539_12237_15736_15739_15738_8070_12538_12240_14138_14326_14513_12239_9725_15737_18958
1200_1134_15512_5080_100078,8071
5342,13496_8072_14786
19236,14891_13128_8073_13643_608
19741,14891_13128_8073_13643_608
3847,8074
2320,7039_7245_18975_21061_8075
2546,7039_7245_18975_21061_8075
20063,7039_7245_18975_21061_8075
15950,7039_7245_18975_21061_8075
6683,8076
17362,8076
7039_7245_18975_21061_8075,8078
3847,8079
7039_7245_18975_21061_8075,8080
7039_7245_18975_21061_8075,8081
6295,12552_8234_8082_7540_19003_17169
3847,8084
3847,8085
44976,9751_24309_13142_11961_13337_13839_10688_14671_8086_11002_9746_12092_13381_13634_14286_14244_19941_18213_19551
2320,8087
16895,8087
15359_15361,8087
3847,8088
3847,8089
15134,8090
3847,8091
4805,8092
15950,8093
5073_44794,8093
16231,8094
21658,8094
19293,8094
3847,8095
21658,8095
3847,8096
2320,8097
19117,8097
20063,8097
20179,8097
15950,8097
20205,8097
6105,8097
6499,8097
19697,8098
13183_14026_14614_13450_32811_14872_9758_10241_13807_10690_16293,8099_12497_12498
3847,8100
3847,8101
15854,8101
12061,8102
3847,8103
3847,8105
12015_9762_8654_8106_13903_5712,8107
15218_15217_20145,8108
15650,8108
15220,8108
18746,8109
3847,8110
15336,8111
20277,8111
23603,8111
10001_19287_23046_23048,8111
19703,8111
43007,8111
15620,8113
43008,8113
19117,8114_1158
8187_2050_5618_5451_5371_100081_5383_1942_1098_3265_11924_12384,8114_1158
20158,8116
4746,8116
16106,8116
15336,8118
11487_11299_11671_15548,13594_13485_14867_12246_11781_11833_33482_33479_14417_8119_14475_8120_10062_7298_11540_11694_11819_12116_7574_8457_12449_33481_13486_7296_11834_14776_14410_8458_14626_10847_11464_10848_12247_11529_11330_12450_13241_11439_32526_12103_33480_12098_16809_561
3847,8121
3847,8122_17135_2017
426,8123
17136,8123
3847,8124
19015,8124
15218_15217_20145,8127
20215,8127
3847,8128
3847,8129
2320,8130
15159,8130
508,8130
14720_20250_16646,9788_8131
20478,8132
2320,9786_15011_12543_10698_14571_24569_8133_33549_3608_11536
16799,9786_15011_12543_10698_14571_24569_8133_33549_3608_11536
14720_20250_16646,9786_15011_12543_10698_14571_24569_8133_33549_3608_11536
2320,8134
16799,8134
14720_20250_16646,8134
43878,8135
20249,8136
2320,9793_9642_33045_8267_13035_10702_9794_14932_10336_33375_54770_10176_9795_14413_8137_15375_12049_15421_15422
19117,9793_9642_33045_8267_13035_10702_9794_14932_10336_33375_54770_10176_9795_14413_8137_15375_12049_15421_15422
508,9793_9642_33045_8267_13035_10702_9794_14932_10336_33375_54770_10176_9795_14413_8137_15375_12049_15421_15422
20195,8138
19715,8139
19060,8139
3847,8140
3847,8141
18385,8142
19060,8145
19708,8145
20063,8145
23603,8145
15356,8145
19716,8145
19183,13924_12592_14672_13460_12591_12536_30861_8146_8148_32846_13459_44329_14544_9805_49223_9804_14086_8147_13515_14029_12581_19019
13924_12592_14672_13460_12591_12536_30861_8146_8148_32846_13459_44329_14544_9805_49223_9804_14086_8147_13515_14029_12581_19019,8149
19708,8150
19708,8151
19704,8151
19707,8152
19721_19720,8152
21154,8153
18231,8153
21522,8154
5166,8154
17198,8155
20249,9816_11877_12679_14040_9817_12676_20848_8156_9818_12859_9815_19026_20645
20244,9816_11877_12679_14040_9817_12676_20848_8156_9818_12859_9815_19026_20645
21106,8157
24255,8157
19292,8157
17198,8157
19703,8158
5298,8159
3847,8160
16910,8161
15336,8161
20573,8162
3847,14254_24532_8163
15334,14254_24532_8163
8493_14737_17910_20102,8165
17319,8165
3847,8166
3281,8167
10921_2378_15380_40700,8167
5167,8168
646,8168
3847,8169
1416,8170
21068,8170
24647,8171
5240,8171
9799,13756_8172_24546
19707,8175
5382,8176_11656_14792
21165,8177
19117,8179
15504,8180
18562,8180
3847,8181
15218_15217_20145,8182
43008,8182
20157,8182
15213,8183
14406_24547_9832,8184
5015,8185
11986_4982_5003_6515_3232,8185
19052,8185
3847,8186
19117,8187_2050_5618_5451_5371_100081_5383_1942_1098_3265_11924_12384
3847,8188
3847,8189
21227,32767_32771_8192_7273_11544_11121_13602_448
9830,8193
3847,8194
16120,8195
19119,8195
19698_19699,8196
18240,8196
18230,8198
20018,8198
18466,11764_11658_13625_8199_14604_11613_14233_11562_8200_14796_17279_5180_6966_828_10796_10360_11737_13167
17635,8201
2254,8201
3847,8202
3847,8203
15227,8205_17472_17473
19712,8205_17472_17473
5395,8206
19712,8207
44967,8207
2342,8207
3847,8208
20158,8209
43218,8209
24266_14878_11827,8209
43007,8209
5495,8211
3847,8212
3847,8213
426,8214
21106,8214
2320,8215
16956,8215
21106,8215
19046,8215
3847,8216
17432,8217
18454,8217
19268,8218
6594,8218
6594,8219
19313,8221
19058,8221
19520,8221
19232,8221
508,8221
24255,8221
43218,8221
19301,8221
19171,8222
19117,8222
19119,8222
995,8222
3019,13234_42979_8223
995,13234_42979_8223
995,8224
995,8225
19183,8226_12051
5076_5593,8226_12051
19695_19696,8227
3847,8228
6873,8228
1700,8228
3847,8229
3847,8230
3847,8231
2036,8231
3847,8232
24627,8232
17366,8233
21511,8233
3847,8235
3847,8236
17432,8237
18454,8237
19589,8237
3847,8238
3847,8239
3847,8240
3847,8241
3847,8242
44996,8243
24238,8243
17276,8243
426,8244
21635,8244
19290,8244
24255,8244
20276_20270,8244
19290,8245
12398_12507_8374_19118,8246
15335,8247
3847,8248
3847,8249
50,10615_13006_8250_32569_9876_32567
19270,8251
6547,8251
3847,8252
3847,8253
3847,8254
3847,8255
3847,8256
3847,8257
3847,8258
2076,8259
7554_7551_7555_7550_14661_9181_18747_15551_19276_15550_17610_11869,8260
16382,8261
15856,8262
19066,8262
426,8264_19511
19741,8264_19511
15509,8265_14860
447,8265_14860
17434,8268
17425,8269_17524
17425,8270_17525_17526
17425,8271_17528
17425,8272_8286_17529_17530
19052,8272_8286_17529_17530
15327,8272_8286_17529_17530
5093,8273
845,8274
19707,8275
426,8276
17380,8276
5079,8277
4298,8277
17380,8278
15185,8280
15945,8280
20063,8280
17128,8280
18188,8280
21118,8280
3847,8281
147,8281
3847,8282
4335,8283
15185,8283
10001_19287_23046_23048,8283
3847,8284
147,8284
3847,8285
17434,8272_8286_17529_17530
2254,8287
17434,8287
3847,8288
20496,8289
19141,8290
7858_7047_13980_8292_19332_16518_17675,8291
6602,8291
19141,12874_13868_8293_14479_11900_12857
19212,12874_13868_8293_14479_11900_12857
19142,8294
2520_19800,8294
15104,8295
6504,8295
15104,8296
19142,8296
19142,8297
2520_19800,8297
17432,8298
18454,8298
3847,8299
16565,8300
100038,8300
15770_16553,8300
18398,8300
19040_20226,8300
43007,8300
15620,8301
17434,8301
19165_88_15791_15714,8302
19165_88_15791_15714,8303
3847,8304
18454,8305
15246,8305
15846,8305
11583_5620,8306
18591,8306
3847,8307
3847,8308
9,8309
15331,8310
21106,8310
20732,8310
23603,8310
6025,8310
19707,8310
2254,8310
15331,8311
15333,8311
43008,8312
3847,8313_13124
82,8313_13124
3847,8314
21259,8315
5836,8315
19145,8316
3847,8317
2320,8318
19117,8318
16229,8318
24623_18751,8318
23603,8318
17623,8318
15501,8318
15651,8318
43218,8318
16235,8318
19716,8318
19263,60729_8319_1676
3847,8320
3847,8321
5516,8322
19692,8322
1200_1134_15512_5080_100078,20854_29132_20607_8323
2254,20854_29132_20607_8323
6510,20854_29132_20607_8323
3847,8324
3847,8325
3847,8326
1554,8327
2254,8327
2289,8327
18174,8327
5338,11311_12515_12357_13134_8328_7664_11222_11704_12101_12102_12337_12645_12646
18174,11311_12515_12357_13134_8328_7664_11222_11704_12101_12102_12337_12645_12646
3847,8330
16629,8332
19565,8332
9,8332
100091,8333
20573,8334_13554_11084_11387_11434_11542_11573_11926_12542_12896_12959_13057
43008,8335
3847,8336
19117,8337
5085_1054,8337
426,8338
20937,8338
19942,8338
21154,8339
20158,8340
728,8340
20158,8341
3847,8342
3847,8343
16581,8343
3847,8344
2771,8345
2429,8345
100137,8345
1436,8346_20553
15925_17031_17030_17034,8346_20553
15926,8346_20553
15924,8347
1999_5149,8347
5087,8348
3847,8349
3847,8350
3847,8351
3847,8352
24575,8353
5492,8353
3847,8354
1560_100239_1878,8355_10411_12457_12785_12922
3847,8356
15620,8357
43008,8357
15503,8358
18562,8358
17432,8359
18454,8359
3847,8361
3847,8362
3847,8363
3847,8364
5294,8364
16998,8365
3847,8366
3847,8367
426,8369_11422_9967_8368_15827_17828_1909_18440_17829
19052,8369_11422_9967_8368_15827_17828_1909_18440_17829
12123_54559_8909_26765_14904_11291_26729_30043_15286_18292_18293_5500_5501,14301_14307_24534_14130_8371
17747,14301_14307_24534_14130_8371
118,14301_14307_24534_14130_8371
19289,14301_14307_24534_14130_8371
13453_11415_8765_13454_12056_14145_12990_60650_11473_13613_32794_12723_13449_12525_13446_11458_8764_13231_13457_18998,8372
18790_18789_18788,8373
13129_11193_455,12398_12507_8374_19118
19117,8375
5283,8375
3847,8376
4338,8380_3075
13274_10761_10945_8378_12796_910_11272_13611_14692_10827_13175_44314_32604_33563_13469_13468_13052_14618_14687_14871_12943_54708_13402_14400_12363_10259_19200_13610_12523_14323_13780_8377_13437_44320_13425_10723_30071_11935_13413_12625_13414_13436_13314_12477_10320_13516_13395_11630_14653_14256_13407_13263_32689_11075_14093_10818_12463_10227_8379_13328_14345_32834_11137_14929_32940_13315_13447_10828_13405_13429_11974_12024_12367_15013_36482_10806_13312_32577_12813_10374_11259,8381
4579,8382
426,8382
12398_12507_8374_19118,8382
589,8383
5578,8383
5554,8383
24280_18456,8384
3847,8385
15017_10015_15016_7138_7662_24456_19503,8386_11233_11097_19187
21220,8387
19281,8388
14376_13657_54837_30918_20847_13820_14486_13805_30917_12947_7974_13581_14855_30910_14858_30911_14482_14599_12869_30914_13658_30922_13819_14699_30920_13821_12960_30919_13656_14357_14580_30913_30916_13266_13509_14842_14678_13655_14617_12946_30912_100172,14819_24455_14591_8389
19978,14819_24455_14591_8389
15950,8390
3847,8391
15359_15361,8392
19188,8393
15945,20796_30116_14663_30118_20795_8394
19040_20226,20796_30116_14663_30118_20795_8394
15329,20796_30116_14663_30118_20795_8394
43007,20796_30116_14663_30118_20795_8394
2320,8395
43005,8395
15159,8395
20119,8395
20215,8396
15336,8396
20195,8397
3847,8398
20573,8399_12888_12889
3847,8400
21043,8401
17168,8401
21223_385_6180,8401
15335,8402
24255,8403
19294,8403
17434,8403
43008,8404
19294,8404
10001_19287_23046_23048,8404
15853,8404
3847,8405
6025,8406_14676
16830,8406_14676
24257,8407
16187,8407
8455_9673_10056_9672_11585_11436_9669_19079_1516_16224_14753_18218,8408_10058
426,8408_10058
24257,8408_10058
727,8409
16195,8409
18549,8409
18385,8410
17432,8411
15246,8411
15853,8411
18454,8411
43007,8411
24271,8412
15254,8412
17666_17670_20093_20096_18250,8416
19629,8417
5100,8418
20573,8419_12115_11820_12826_12827
24255,8420
6566,8420
43008,8421
426,8422_14804_8785_16828_15194
19157_20099,8422_14804_8785_16828_15194
12061,8423
3847,8424
2320,8425
15159,8425
15216,8425
508,8425
2320,8426
19117,8426
15159,8426
43005,8426
508,8426
17310,8426
15338,8426
3847,8427
15218_15217_20145,8428
18609,8428
19827,8428
13099,8428
15220,8428
15368,8428
429,8428
15310,8428
15710,8429
15135,8429
18782,8429
19704,8429
3847,8430
3847,8431
3847,8432
5138,8433
5454,8433
402,8433
15119,8433
2320,8434
16565,8434
19117,8434
15159,8434
761,8434
43005,8434
508,8434
16895,8434
3847,8435
15939,8436
603,8436
473,8436
20676,8436
17841,8436
19293,8436
17914_17915,14302_12928_14568_12867_12766_13132_13239_11489_11785_11339_14304_10044_13962_11408_14018_12213_14644_12448_12787_14282_11532_12866_11445_14015_12639_12181_14295_8438_13552_14020_10043_11803_13165_13551_13342_11006_10047_14882_14016_12476_10287_12256_13048_10418_13179_14729_13401_10046_14303_11992_13737_11522_14024_12334_12453_8437_12643_10733_11862_14305_10878_19064
14376_13657_54837_30918_20847_13820_14486_13805_30917_12947_7974_13581_14855_30910_14858_30911_14482_14599_12869_30914_13658_30922_13819_14699_30920_13821_12960_30919_13656_14357_14580_30913_30916_13266_13509_14842_14678_13655_14617_12946_30912_100172,8439
15087,8439
508,8439
15087,8440
14376_13657_54837_30918_20847_13820_14486_13805_30917_12947_7974_13581_14855_30910_14858_30911_14482_14599_12869_30914_13658_30922_13819_14699_30920_13821_12960_30919_13656_14357_14580_30913_30916_13266_13509_14842_14678_13655_14617_12946_30912_100172,8440
508,8440
15620,8440
19721_19720,8440
19589,8440
3847,8441
15087,8442
15087,8443
3847,8444
2320,8445
15159,8445
508,8445
3847,8446
12277_14993_33620_12215_13061_14922_11076_12130_12289_18943_30927,8448
2545,859_8449
17059,859_8449
14866_12012_33850_11890_11687_12014_13758_11569_13753_10550_12640_11903_8961_14154_10877_10699_32728_7790_11527_14665_11633_12231_13644_11066_11091_11916_14735_14467_11085_11889_12096_11570_11894_10949_36484_14733_14117_14012_10549_10551_14736_11113_7311_11534_11901_10995_13338_14208_14726_13212_7307_14074_12250_11902_14566_14511_10479_7309_10689_11475_14836_54833_11674_13959_11909_7308_11675_19011_18993_15626_18995_18994_18778_44640,8024_8025_14259_12080_15353_8451_13884_60585_11879_13243_75
15362,8024_8025_14259_12080_15353_8451_13884_60585_11879_13243_75
8455_9673_10056_9672_11585_11436_9669_19079_1516_16224_14753_18218,8452
8455_9673_10056_9672_11585_11436_9669_19079_1516_16224_14753_18218,14121_8453_8026_18190
8813,8454
3847,8456
5144,13594_13485_14867_12246_11781_11833_33482_33479_14417_8119_14475_8120_10062_7298_11540_11694_11819_12116_7574_8457_12449_33481_13486_7296_11834_14776_14410_8458_14626_10847_11464_10848_12247_11529_11330_12450_13241_11439_32526_12103_33480_12098_16809_561
3847,8459
17432,8460
18454,8460
15214,8460
15334,8460
3847,8461
3847,8462
3847,8463
14651_8673_18237_21764,8465
15334,8465
17432,8466
18454,8466
2320,8467
19117,8467
43008,8467
508,8467
15620,8467
14701_12716_32835_8472_32721_8471_12019_10073_19667_16761,8469
23603,8470_30074
14701_12716_32835_8472_32721_8471_12019_10073_19667_16761,8470_30074
19686_19687,14701_12716_32835_8472_32721_8471_12019_10073_19667_16761
22800,14701_12716_32835_8472_32721_8471_12019_10073_19667_16761
23603,14701_12716_32835_8472_32721_8471_12019_10073_19667_16761
19589,14701_12716_32835_8472_32721_8471_12019_10073_19667_16761
18240,8473_8476_11198_10275_10068_32571_12108_32885_60702_11252_19666_13014_10076
14701_12716_32835_8472_32721_8471_12019_10073_19667_16761,8473_8476_11198_10275_10068_32571_12108_32885_60702_11252_19666_13014_10076
14701_12716_32835_8472_32721_8471_12019_10073_19667_16761,8474
426,8474
23603,8474
23603,8475
836,8475
19686_19687,8473_8476_11198_10275_10068_32571_12108_32885_60702_11252_19666_13014_10076
12713_12185_9593_10738_8479_16763,8473_8476_11198_10275_10068_32571_12108_32885_60702_11252_19666_13014_10076
22800,8473_8476_11198_10275_10068_32571_12108_32885_60702_11252_19666_13014_10076
12713_12185_9593_10738_8479_16763,8477
18240,8477
12713_12185_9593_10738_8479_16763,8478
19686_19687,8478
19686_19687,12713_12185_9593_10738_8479_16763
3847,8481
15929,8482
723,8483_12232_13841_13844
19589,8484
19286,8485
21029,8486
15336,8486
3847,8487
2254,8487
5151,8487
2320,8488
15159,8488
508,8488
15620,8488
19721_19720,8488
3847,8489
15318,8490
24623_18751,8490
43008,8490
44206_8975,8490
15335,8490
19589,8490
2254,8491
5071,8491
5015,8491
19299,8492
8493_14737_17910_20102,8494
18795,8495
3847,8496
18795,8497
3847,8498
43007,8499
3847,8500
2320,8501
42983,8501
15501,8501
15658,8501
5328,8501
3847,8502
6988,8502
5071,8503
20286,8504
17131,8504
4978,8504
3847,8505
20733_8509_14125_8511_151,8506
3847,8506
3847,8507
20733_8509_14125_8511_151,8508
3847,8508
17429,20733_8509_14125_8511_151
19715,8510
17434,8510
19715,20733_8509_14125_8511_151
426,20733_8509_14125_8511_151
19530,8514_8512_8515_8516_10669_19683_21002_17460
762,8514_8512_8515_8516_10669_19683_21002_17460
8514_8512_8515_8516_10669_19683_21002_17460,8513_11984_21651_12447
17434,8517
1411,8518
8521,8518
19066,8520
19715,8521
426,8521
3847,8522
15939,8523
17133,8523
17369,8523
1708,8523
17023,8523
17370,8523
17261,8523
17259,8523
3847,8524
3847,8526
3847,8527
3847,8528
3847,8529
3847,8530
3847,8532
3847,8533
19293,8534
19180,10880_8535_14217_12532_10996
3847,8536
20163,8537
5042,16848_8538
19722_19724_15163,16848_8538
15374_3346_100248,16848_8538
12105_15943_2341,16848_8538
15488,16848_8538
19054,8540
3847,8541
2329,8541
3847,8542
16581,8542
5453,8542
3847,8543
17432,8544
18454,8544
19402_16486,8545
426,8547_8546_17042
23603,8547_8546_17042
3847,8548
3847,8549
15930,8551
15929,8551
19691,8551
9,14078_13623_13597_32765_13622_14518_14386_11588_12354_12031_54577_8553_14830_8552_30996
21181,14078_13623_13597_32765_13622_14518_14386_11588_12354_12031_54577_8553_14830_8552_30996
2249,8554_13794_11173_5029_10301
15679,10120_8555_14837_8556_30867_14536_12775_10743_2049_4680
100241,10120_8555_14837_8556_30867_14536_12775_10743_2049_4680
16910,8557
20117,8557
9332,8557
18896_43768,8558_19098
10120_8555_14837_8556_30867_14536_12775_10743_2049_4680,8558_19098
100240,8559_8560_2305
2242,8559_8560_2305
3847,8561
19054,8562
19066,8563
18923,8564
761,8564
21635,8564
1222,8564
4335,8564
15476,8565
24623_18751,8565
15074,8565
5586,8565
6460,8565
19859,8565
17895,11653_14681_14682_8566_8567
12004_15075_5034_5075_24622_6467,11653_14681_14682_8566_8567
7958_17896,11653_14681_14682_8566_8567
3847,8568
44975,8568
9043,10131_8569
34217,10131_8569
19201,8570_13193_13908
9800_17194,8571
3847,8572
3847,8573
20573,8575
3847,8576
3847,8577
3847,8578
3847,8579
3847,8580
3847,8581
15336,8582
10001_19287_23046_23048,8582
5031,8583
23603,8583
17127,8583
3847,8584
2254,8585
1641,8585
16629,8585
15207,8586
5087,8587
17663,8588
3847,8589
3233,30027_14756_13888_8590_11201_12671
5395,8591
15336,8592
23603,8592
10001_19287_23046_23048,8592
19703,8592
19282,8592
3847,8593
15950,8594
3847,8595
19282,8598
2602,8599
3543,8599
16374,8599
3847,8600
18065,8603_13774_156
3847,8604
3847,8605
17434,8606
17434,8607
20051,8608
3847,8609
1703,10565_8610
17432,8611
18454,8611
3847,8613
3847,8614
3847,8615
3847,8616
19697,8618
19693,8619
19281,14989_20736_14990_8621
10001_19287_23046_23048,8622
3847,8623
19708,8624
3847,8625
3847,8626
6295,8627
21111,8627
3847,8628
4184_1926,8628
6026,8628
3847,8629
3847,8630
24255,8632
5492,8632
29001,8632
426,8633
16168,8633
19722_19724_15163,8633
24255,8634
5492,8634
3847,8635
15620,8636_23005
19721_19720,8636_23005
15846,8636_23005
16044_16064,8637
4634,8638
3847,8639
24255,8640_12352
18882,8640_12352
17133,8640_12352
19723,8641
15939,8641
18787,8641
12398_12507_8374_19118,8641
603,8641
24623_18751,8641
18782,8641
2311,8641
100014,8641
15161,8642
15246,8642
15620,8642
15208,8642
19721_19720,8642
3847,8643
18923,8644
761,8644
24623_18751,8645
43008,8645
23603,8645
15335,8645
15110,8648
5477,8648
3847,8649
2254,8650
43008,8650
3847,8651
17427,8652_17546_17547
17329,8653_12573_13356_10755_14422_6007_13682_13683_13684_14161
3847,8655
24623_18751,8656
19117,8656
37940,8656
4900,8656
3847,8658
19220,8659
426,17324_13219_9430_8660_44_24300
17841,8661
2406,8661
20248_1457,8662
20248_1457,8663
20248_1457,8664
20158,8665
3847,8666
2320,8667
15218_15217_20145,8667
15079,8667
20063,8667
42983,8667
19741,8667
16756,8667
15953,8667
17891,8667
19565,8668_13304_10191_15628_15629_15630_15631
7019,8669
5271,8669
11035,8672
43008,14651_8673_18237_21764
15334,14651_8673_18237_21764
10001_19287_23046_23048,14651_8673_18237_21764
15134,8674
2320,8675
19942,8675
43008,8675
8779,8675
2254,8675
15748,8676_14346
3847,8677
2320,8678
15218_15217_20145,8678
5267,8678
15159,8678
761,8678
1200_1134_15512_5080_100078,8678
16906,8678
15329,8678
17656,8678
17663,8678
20165,8678
43005,8678
43218,8678
508,8678
3321,8679_11112_14779_11056_8680_8683_6058
16565,8681
20042,8681
15945,8681
761,8681
16893,8681
20148,8681
15620,8681
17891,8681
19721_19720,8681
15945,8682
426,8682
20042,8682
19722_19724_15163,8682
2320,8684
19117,8684
16886,8684
15159,8684
761,8684
5027,8684
15216,8684
43005,8684
508,8684
15880,8684
3847,8685
992,8685
19281,8686
3847,8687
1713,8688
8493_14737_17910_20102,8689
10214_10215_10216_10210_10211_12531_10212_10213_19600,8690
3847,8691
20127,8692
20103,8692
19058,8692
15180,8692
20044_20046_15244_20047,8692
17774,8692
15188,8692
20281,8692
15218_15217_20145,8693
20154,8693
24623_18751,8693
23603,8693
15335,8693
43007,8693
2320,8694
15159,8694
15333,8694
508,8694
16987,8695
19268,8695
20127,8695
19058,8695
24255,8695
15656_16401,8695
17646,8695
20142,8695
19268,8696
5015,8696
7035,8696
3847,8698
19635,8698
3749,8698
6025,8699
15208,8699
5516,8700
17421,8700
19686_19687,8702_10966_8701_19648
22800,8702_10966_8701_19648
8702_10966_8701_19648,11275_8703_12274
19695_19696,11275_8703_12274
17855,8704
2561,8705
43008,8706
15336,8706
10001_19287_23046_23048,8706
43008,8707
19117,8708
15159,8708
17434,8708
15220,8708
43005,8708
508,8708
15338,8709_19796_78
19012,8710
8709_19796_78,8711
43007,8711
14651_8673_18237_21764,8712
43008,8712
15180,8713
17764,8713
4689,8713
24255,8713
19301,8713
15188,8713
2320,8714
14651_8673_18237_21764,8714
19117,8714
15159,8714
15334,8714
43005,8714
508,8714
14651_8673_18237_21764,8715
24255,8716
19303,8716
19695_19696,8717
16375,8718
19119,8718
15657,8718
6025,8719
7059,8719
19591_5152,8720
19824,8720
17714,8721
44976,8721
17714,8722
16117,8722
44976,8722
20531,8723
24623_18751,8724
15501,8724
23603,8724
32778_8823_100218_60486_15168,8724
19595,8725_17972_17973
5387_19852_19851,8725_17972_17973
21124,8725_17972_17973
17143,8725_17972_17973
18479_19847_23601_60783,8725_17972_17973
8803,8726
19595,8727
19593,8727
18479_19847_23601_60783,8727
44976,8727
44976,8728
15327,8728
5372,8728
19593,8728
17143,8728
21124,8728
18479_19847_23601_60783,8728
19593,8729
18479_19847_23601_60783,8729
15327,8729
19595,8730
5372,8730
5387_19852_19851,8730
17143,8730
21124,8730
18479_19847_23601_60783,8730
15770_16553,8731
15129_15130,8731
20042,8731
18398,8731
10264,8732
3847,8733
15129_15130,8733
6639,8734
18729,8734
3008,8734
8733,8735
18598,13967_13950_13931_13952_18264_54549_30899_13942_13938_13948_8736_13949_13937_13945_13930_13933_11683_9959_13936_8745_8746_13932_8953_13951_14127_11101_8954_13939_13943_14070_11749_8747_13927_18910_18135_19234_20275
19174,13967_13950_13931_13952_18264_54549_30899_13942_13938_13948_8736_13949_13937_13945_13930_13933_11683_9959_13936_8745_8746_13932_8953_13951_14127_11101_8954_13939_13943_14070_11749_8747_13927_18910_18135_19234_20275
15096_14452_16638,8737_18060
3847,8738
3847,8739
2320,8740
15159,8740
508,8740
20042,8741
15846,8741
43008,8741
17965,8741
15880,8741
426,8742_18542_28226
2320,8743
15159,8743
508,8743
43008,8744
40653,13967_13950_13931_13952_18264_54549_30899_13942_13938_13948_8736_13949_13937_13945_13930_13933_11683_9959_13936_8745_8746_13932_8953_13951_14127_11101_8954_13939_13943_14070_11749_8747_13927_18910_18135_19234_20275
16501,13558_14885_30903_13555_8748_13559_13560_13556_13606_11997_13557_19312
43008,8750
20489_11754,8751
45012,8751
19046,8752_18209_18210
24255,8753
20203,8753
17307,8753
19301,8753
2320,8754
19117,8754
10001_19287_23046_23048,8754
508,8754
15650,8755
19289,8755
508,8755
21034,8756
19117,8756
508,8756
5,8757_19080
16402,14039_14198_8758_33545_32815_9504_9636_12792_13350_11283_14175_32932_18158
19058,14039_14198_8758_33545_32815_9504_9636_12792_13350_11283_14175_32932_18158
16808,14039_14198_8758_33545_32815_9504_9636_12792_13350_11283_14175_32932_18158
2254,14039_14198_8758_33545_32815_9504_9636_12792_13350_11283_14175_32932_18158
24237,14039_14198_8758_33545_32815_9504_9636_12792_13350_11283_14175_32932_18158
16403,14039_14198_8758_33545_32815_9504_9636_12792_13350_11283_14175_32932_18158
16403,8759
19058,8759
16790,8759
16402,8759
6025,8760
19229,8760
19215,8760
6025,8762
18965,8762
16565,8763
16337,8763
22410,8763
5015,8763
20240,8763
15327,8763
19052,8763
6025,8763
22409,8763
15962,8763
19589,8763
12398_12507_8374_19118,8766
8956_15674_19261,8768_9745_8769_14147_12588_9744_10830_12188_13866_11144_12414_8767_8083_19260_19262_16295
15336,7094_10521_15008_21547_7538_8770_8772_14560_32717_14540_8771_7092_19507_15047_15048
19743,7094_10521_15008_21547_7538_8770_8772_14560_32717_14540_8771_7092_19507_15047_15048
3847,8773
17351,8774
3847,8775
3847,8776
20212,8777
763,8777
12044_20791_7380_32904_18102_4686,8777
3847,8778
17663,8779
8781_17593,12945_11691_12077_8780_11196_27694_11951_10459_11223_11632_14223_12790_12753_13715_7103_13264_13891_14181_4976_5145_11952
12945_11691_12077_8780_11196_27694_11951_10459_11223_11632_14223_12790_12753_13715_7103_13264_13891_14181_4976_5145_11952,8782
20127,8783
1822,8783
19058,8783
11393_17773_32766,8783
8422_14804_8785_16828_15194,8786
104,8787
17763,8787
20098,8787
20098,8788
1245,8788
105,8789
105,8790
15159,8791
17059,8791
819,8791
508,8791
3847,8793
24255,8794
6527,8794
2320,8795
19117,8795
20148,8795
508,8795
2320,8796
19117,8796
15159,8796
43005,8796
20148,8796
508,8796
15620,8796
19721_19720,8796
19183,8797
19827,8799
15208,8799
12413_10261_13734_10671_14229_16073,8799
43007,8799
6025,8800
15218_15217_20145,8800
43007,8800
3847,8801
3847,8802
11679,8803
15338,8803
43007,8803
17432,8806
18454,8806
4731,8807
15331,8808
19294,8808
5020,8808
19520,8808
19175,8808
15364_15358,8809
18637,8810
1336,8810
17118,8811
5015,8812
10001_19287_23046_23048,8812
15327,8812
19052,8812
15620,8812
19721_19720,8812
17104,8813
4739,8814
4739,8815
17069,7316_8816_115_22715_22716
18870,8817_13768
23603,8818
100237,8818
19625_17311,8818
3847,8819
3847,8820
3847,8821
20023_15222_15221,100103_100102_100104_100101_8824
43008,100103_100102_100104_100101_8824
15929,100103_100102_100104_100101_8824
32778_8823_100218_60486_15168,100103_100102_100104_100101_8824
24623_18751,8825
15501,8825
23603,8825
32778_8823_100218_60486_15168,8825
32778_8823_100218_60486_15168,8826
14701_12716_32835_8472_32721_8471_12019_10073_19667_16761,8827
6025,8828
23603,8828
17133,8828
5554,8828
19175,8829
2320,8830
19058,8830
16397,8830
19706,8830
19251,8830
18770,8831_13441_13717_13127_12644
15620,8832
17131,8832
19721_19720,8832
18677,8832
3847,8834
3847,8835
3847,8836
3847,8837
20768,8838
19589,8838
16612,8838
3847,8839
2320,8840
15331,8840
15707,8840
15945,8840
42983,8840
15327,8840
16756,8840
24255,8840
20045,8840
19293,8840
5387_19852_19851,8840
43218,8840
15131,8840
8840,8841
11457_18266,14557_14084_8842
15620,8843
19721_19720,8843
15650,8843
19589,8843
3847,8844
3847,8845
17763,8846
20098,8846
4689,8846
4907,8847
3847,8848
18855_21036,8849
43008,8850
1292,8852
2254,8852
21635,8852
15218_15217_20145,8853
1334,8853
20162,8853
20154,8853
10001_19287_23046_23048,8853
43008,8853
20159,8853
18814,8855
19146,33541_14280_13500_14278_10296_33542_32723_14597_14727_8856_54696_32599_20849_32763_30858_30013_10504_14453_12426_10386_32803_14491_13427_14222_14981_13953_21094_30898_30973_30981
43008,8857
18609,8858
3847,8859
3847,8860
18950,8861
4739,8861
18950,8862
15905,20747_20748_8863
2320,8864
15159,8864
15329,8864
508,8864
16420,8865
110,8866
6025,8866
1751,8867
15213,8867
6322,8867
3847,8868
14031_9616_17950,8870
5516,8871_8872_8873_60
16994,8871_8872_8873_60
14031_9616_17950,8871_8872_8873_60
16565,8871_8872_8873_60
15126,8874
15218_15217_20145,8875
43008,8875
20158,8875
15951,8876
15945,8876
15329,8876
15327,8876
19044,8876
15950,8876
20628_20629,8876
6025,8876
9332,8876
19216,8877
19718_22723,8878
15159,8879
17119,8879
43005,8879
508,8879
6025,8879
3847,8880
19698_19699,8881
17427,8882
19698_19699,8882
3847,8883
10001_19287_23046_23048,8884
2320,8885
19117,8885
15159,8885
43005,8885
508,8885
15620,8885
3847,8886
18956,13087_8887_13112
20023_15222_15221,8888
15930,8888
15489,8889
19722_19724_15163,8889
5294,8889
5560,8890
6496,8890
2782,8890
13867_24537,8890
24257,8891
44975,8891
15762_17290_18804,14381_14884_11156_8892_11214
2320,8893
19117,8893
15159,8893
43005,8893
508,8893
15338,8893
2320,8894
15218_15217_20145,8894
19117,8894
508,8894
10001_19287_23046_23048,8894
20225,8894
19280,8894
5385,8895
19313,8896
19520,8896
23603,8896
19698_19699,8896
43218,8896
43007,8896
43008,8898_8899_12759_111
17432,8898_8899_12759_111
18454,8898_8899_12759_111
6025,8900
43005,8900
15159,8900
18454,8900
20120,8901
3847,8902
21117,8903
376,8903
3274,8903
2254,8904
15279,8905
18288,8907
12123_54559_8909_26765_14904_11291_26729_30043_15286_18292_18293_5500_5501,8907
15656_16401,8907
15919,8907
18284,8907
17740,8907
2320,8908
5267,8908
15919,8908
18284,8908
18296,8908
12123_54559_8909_26765_14904_11291_26729_30043_15286_18292_18293_5500_5501,8908
17740,8908
3847,12123_54559_8909_26765_14904_11291_26729_30043_15286_18292_18293_5500_5501
3847,8910
10771,8911
3847,8912
3847,8913
3847,8914
16337,8915
3847,8916
6025,8917
43008,8917
5453,8917
16328,8918
17716,8918
16336,8919
16117,8919
17716,8919
4736,8919
3847,8920
9351,8921
16327,8922
15905,8922
14039_14198_8758_33545_32815_9504_9636_12792_13350_11283_14175_32932_18158,8922
16801,8922
20231,8922
18120_18118_18119_18117,8922
6025,7083_8923
15218_15217_20145,8924
17274,8924
20233,8924
11060,8925
12413_10261_13734_10671_14229_16073,8926
15327,8926
21190,8926
19052,8926
6025,8926
15218_15217_20145,8927
100309,8928
19589,8928
2320,8929
15218_15217_20145,8929
19117,8929
15159,8929
15770_16553,8929
20225,8929
43005,8929
508,8929
20573,8930_11793_12339_12340_12341_12702_12776_12777_12778_12779_12780_12781_12782
17434,8931
3847,8932
3847,8933
10001_19287_23046_23048,8934
15770_16553,8935
24237,8935
3847,8936
3847,8937
20044_20046_15244_20047,8938
17114_15915,8939
19703,8940
19117,8940
17118,8940
23603,8940
15508,8941
19117,8941
19741,8941
508,8941
20043,12235_13645_32923_33115_14159_8943_14530_13905_32706_14339_14311_33116_14934_13687_13392_14503_14601_14845
8942_114,8945
24237,8945
3847,8946
17663,8947
17662,8947
3996,8947
15547,8947
20127,8948
20143,8948
15905,8948
19058,8948
20280,8948
19213,8948
19296,8948
20044_20046_15244_20047,8948
45016,8948
22687_4742,8948
2615,8948
16397,8948
16405,8948
19046,8948
15581,8948
4884,8948
3847,8949
10714_17221_17223_17222_17226,8950
3847,8951
2320,8952
19117,8952
15159,8952
43005,8952
508,8952
18454,8952
19609,13967_13950_13931_13952_18264_54549_30899_13942_13938_13948_8736_13949_13937_13945_13930_13933_11683_9959_13936_8745_8746_13932_8953_13951_14127_11101_8954_13939_13943_14070_11749_8747_13927_18910_18135_19234_20275
8926,12554_8955_12553_14696
3847,8957
16520,8958
3847,8959
15359_15361,8960
19589,8960
508,8960
19213,12220_11872_8962_18306
15144,12220_11872_8962_18306
2320,8963
20127,8963
18042,8963
19305,8963
20118,8963
15134,8963
17305,8963
17739,8963
24237,8963
4884,8963
15178,10036_14808_8964_45032_15170
15218_15217_20145,8965
5267,8965
43007,8965
24623_18751,8965
20237,8965
23603,8965
21635,8965
18036,8965
15770_16553,8965
15501,8965
18398,8965
15620,8965
19721_19720,8965
19589,8965
19520,8966
19175,8966
5154,8966
13681,15015_11906_13439_14564_8967_9339_18841
19213,15015_11906_13439_14564_8967_9339_18841
3847,8968
3847,8969
19702,8970
9943,8971
23603,8971
13967_13950_13931_13952_18264_54549_30899_13942_13938_13948_8736_13949_13937_13945_13930_13933_11683_9959_13936_8745_8746_13932_8953_13951_14127_11101_8954_13939_13943_14070_11749_8747_13927_18910_18135_19234_20275,10823_7321_9112_26782_8972_14743_15776_15775_19701_8973
4884,10823_7321_9112_26782_8972_14743_15776_15775_19701_8973
19240,8974
10823_7321_9112_26782_8972_14743_15776_15775_19701_8973,8974
23603,8974
21106,8974
19686_19687,44206_8975
23603,44206_8975
14701_12716_32835_8472_32721_8471_12019_10073_19667_16761,44206_8975
3847,8976
5089,8977
2176,8977
2597,8978
1595,8979
15770_16553,8980
100309,8980
508,8981
3847,8982
1898,8982
3847,8983
32914_12748_14030_14215_14193_13854_14123_12978_12088_32664_13174_9484_32757_32874_32637_14192_13979_12906_14465_13434_14909_32872_13525_14202_14750_14910_54843_13940_14211_14216_32924_12918_14378_14203_12979_12085_12571_14657_13435_11718_33204_16575_12087_12844,8984
32914_12748_14030_14215_14193_13854_14123_12978_12088_32664_13174_9484_32757_32874_32637_14192_13979_12906_14465_13434_14909_32872_13525_14202_14750_14910_54843_13940_14211_14216_32924_12918_14378_14203_12979_12085_12571_14657_13435_11718_33204_16575_12087_12844,8985
3847,8986
3847,8989
16060_19764_17220_19761_19762_19763,8990
24623_18751,8991
43008,8991
23603,8991
15335,8991
24623_18751,8992
43008,8992
23603,8992
15335,8992
15336,8993
7340,8994
18230,8995
2254,8995
15369,8996
15508,8996
17118,8996
43007,8996
2320,8999
16565,8999
20208,8999
15159,8999
20240,8999
43005,8999
15134,8999
508,8999
19292,9000
2320,9001
15218_15217_20145,9001
24623_18751,9001
20242,9001
15335,9001
3847,9004
15699,9005
15,9005
15699,9006
15,9006
15336,9007
43008,9008
15938,9009
2242,9009
17133,9009
21181,9009
20286,9010
15167,9011
2320,9012
19117,9012
24623_18751,9012
23603,9012
15501,9012
32778_8823_100218_60486_15168,9012
3847,9013
18888,9014_733
20215,9015
19589,9015
2261,9016
12044_20791_7380_32904_18102_4686,9016
1515,9016
3847,9017
20213,9018
12200_13027_54832_12199_7378_20364_20214,9018
12200_13027_54832_12199_7378_20364_20214,9019
766,9019
20213,9020
20242,9020
24623_18751,9021
23603,9021
15220,9021
15335,9021
43007,9021
2320,9022
19117,9022
2320,9024
15159,9024
15368,9024
508,9024
1200_1134_15512_5080_100078,9025_6657
5495,9025_6657
2320,9026
15331,9026
20297,9026
14376_13657_54837_30918_20847_13820_14486_13805_30917_12947_7974_13581_14855_30910_14858_30911_14482_14599_12869_30914_13658_30922_13819_14699_30920_13821_12960_30919_13656_14357_14580_30913_30916_13266_13509_14842_14678_13655_14617_12946_30912_100172,9026
15945,9026
15159,9026
24255,9026
43005,9026
508,9026
19292,9026
3847,9027
2320,9028
15159,9028
15335,9028
508,9028
3847,9029
3847,9030
20018,9031
2185,9031
15465,9031
11679,21093_13323_13719_13573_9032
10001_19287_23046_23048,21093_13323_13719_13573_9032
15461,21093_13323_13719_13573_9032
15338,21093_13323_13719_13573_9032
15962,21093_13323_13719_13573_9032
19117,9033
15159,9033
15220,9033
43005,9033
508,9033
20018,9034
6025,9035
15465,9035
2320,9036
19117,9036
15159,9036
43005,9036
508,9036
15338,9036
3847,9037
15338,9038
15338,9039
15246,9039
3847,9040
2320,9041
19117,9041
16044_16064,9041
4747,9041
1476,9041
19741,9041
508,9041
18838,9042
15338,9042
1328,9043
4425,9043
2408,21020_11725_9044
2254,21020_11725_9044
2320,9045
19721_19720,9045
15620,9045
508,9045
15620,54738_54737_54739_9046
15218_15217_20145,54738_54737_54739_9046
20153_20360_20361,54738_54737_54739_9046
15246,54738_54737_54739_9046
43008,54738_54737_54739_9046
6025,54738_54737_54739_9046
19721_19720,54738_54737_54739_9046
19589,54738_54737_54739_9046
3847,9047
3150,9047
839,9047
3847,9048
20529,9049
5372,9049
17824,9050
3429,9050
21227,9050
20528,9050
9960_12845_33643_11471_12831_12875_12941_13153_8617_54849_5265_12832_12610_12840_11087_11521_11661_11699_11700_11701_12040_12829_12837_12838_12841_12852_12886_12887_12940_12973_13012,9051
17569,9053
100237,9053
100126,9053
15327,9053
9052_13051_13754_19572_18163_27462_27451_19573,9054
16231,9055
19293,9055
3847,9056
3847,9057
19222,9058
4736,9058
3847,9059
3847,9060
6025,9061
5087,9061
15617,9062
19117,9063
19741,9063
15220,9063
16239,9064
20281,9064
20279,9064
19743,100151_9066_18467
2254,9067_19745_19746
19216,9067_19745_19746
15962,9067_19745_19746
4736,9067_19745_19746
16805,9068
66,9068
9723,9069
17703,9070
15962,9071
20134,9072
20130,9072
19117,9072
2427,9072
15159,9074
17121,9074
508,9074
19117,9075
17121,9075
17434,9075
3847,9077
19171,24540_12871_9078
19589,24540_12871_9078
2441,24540_12871_9078
17922,9079
17432,9080
43008,9080
17434,9080
19589,9080
19290,9081
24255,9081
20208,9082
19589,9082
19589,9083
10001_19287_23046_23048,9084
19589,9085
19589,9086
3847,9087
3847,9088
15336,9089
19589,9089
10779,9090
19827,9091
13099,9091
6025,9092
19046,9092
19707,9092
23603,9092
19046,9093
24255,9093
19292,9093
20215,9094
21154,9094
10001_19287_23046_23048,9095
19046,9096
6025,9097_19631_12653
3847,9098
2254,9099
15962,9099
11123_12919_7454_5147_10861_10862_10863_10864_10950_11016_11033_11068_11167_11168_11302_11572_12422_12920_12921_12961_13078,9100
3847,9102
5711,9103_12431
6025,9104
15880,9104
15216,9104
43007,9104
15135,9105
19126,9105
18782,9105
15508,9105
15710,9105
18075,9106
5516,9107
19688,9107
18232,9107
19216,9108
19216,9109
4736,9109
19216,9110
4736,9110
19238,9111
17688,9113
20106,9113
3689,9113
15181,9114
17706,9114
4905,9114
15181,9115
15188,9115
17706,9115
3847,9118
3847,9119
15212,9120
43008,9121
3847,9122
20158,9123
20751_5469_15914_21272,9123
17759,9123
19058,9123
2320,9124
20158,9124
19117,9124
15159,9124
10001_19287_23046_23048,9124
15329,9124
43005,9124
508,9124
3847,9125
15211,9126
1045,9126
15209,9126
3847,9127
3847,9128
3847,9129
2254,9130
14701_12716_32835_8472_32721_8471_12019_10073_19667_16761,9130
20751_5469_15914_21272,9131
15366,9131
19627_20194,9131
21635,9131
24255,9131
15368,9131
21154,9131
3847,9132
20043,12430_24542_14104_13188_9133
2254,12430_24542_14104_13188_9133
17749,14285_9134_7109_9135_13355_19403_20337
15780,14076_13519_9136_14600_13520_27353
3847,9137
17198,9138
14701_12716_32835_8472_32721_8471_12019_10073_19667_16761,9139
19689,9140
14701_12716_32835_8472_32721_8471_12019_10073_19667_16761,9140
3847,9142
5561,9144
20289,9144
15336,9145
15945,9145
10001_19287_23046_23048,9145
17666_17670_20093_20096_18250,9145
6025,9145
10001_19287_23046_23048,9146
19589,9146
7124,9148
10001_19287_23046_23048,9149
15778,9150
10001_19287_23046_23048,9150
14772_13378_10927_7335_12142_13466_10906_358_29145_11276_12022_12478_13023,9151
24623_18751,9151
23603,9151
10001_19287_23046_23048,9151
6025,9151
15335,9151
15998,9153
2320,9155
17432,9155
10001_19287_23046_23048,9155
20242,9155
18454,9155
17434,9156_23052
7842_20066_20521_20522,9158
9,9158
21181,9158
9332,9158
16629,9158
5267,9159
7842_20066_20521_20522,9159
7842_20066_20521_20522,9161
15620,9162
5267,9162
10001_19287_23046_23048,9162
18770,9162
6025,9162
19721_19720,9162
3847,9163
3847,9164
2320,9167
15159,9167
508,9167
19117,9168
15220,9168
470,9169
3847,9170
3847,9171
3847,9172
15181,9173
3847,9174
5020,9174
4830,9175
18010_20122,9175
15135,9176
24255,9176
19305,9176
19308_9182_17612,9177
7554_7551_7555_7550_14661_9181_18747_15551_19276_15550_17610_11869,9179_7552_15553_11398_7549_9178_15552_17608_6543
19308_9182_17612,9180_19307_16673
2320,7554_7551_7555_7550_14661_9181_18747_15551_19276_15550_17610_11869
15331,7554_7551_7555_7550_14661_9181_18747_15551_19276_15550_17610_11869
16198,7554_7551_7555_7550_14661_9181_18747_15551_19276_15550_17610_11869
12127_13390_14144_12193_13161_9676_14977_30014_12248_14900_11787_14474_12652_12699_29136_11028_14788_11968_29133_11170_9683_11423_9675_14129_13162_13440_9677_14142_14782_13297_12034_15152_15151_16971,7554_7551_7555_7550_14661_9181_18747_15551_19276_15550_17610_11869
2254,7554_7551_7555_7550_14661_9181_18747_15551_19276_15550_17610_11869
19308_9182_17612,12807_9183
3847,9184
15336,9185
10001_19287_23046_23048,9185
3847,9186
100029,9187
15657,9187
2320,9188
15159,9188
15650,9188
508,9188
19688,54680_10844_10964_9189_13591_7561_7562_12558_11109_11765_16648
3847,9190
19692,9191
5015,9192
23603,9192
19052,9192
14701_12716_32835_8472_32721_8471_12019_10073_19667_16761,9192
6025,9192
2254,9192
3847,9193
3847,9194
5113_5550_5108,9194
21674,9194
3847,9195
19589,9196
20113,9197
19299,9198
3847,9199
17434,9200
3847,9201
43009,9202
17432,9204
18454,9204
43007,9204
15159,9205
19721_19720,9205
18175,9206
18175,9207
3847,9208
6025,9209
43008,9209
21005,9209
16628,9210
20586,9210
21181,9210
15722,9211
2244,9211
2247,9212
15722,9212
19391,14986_14987_10351_10953_13565_9213_12565_13248_12187_13499_14108_44325_54748_11325_9214_14985_9215_11584_12186_13566_14638
19226,9216
9294_13291_10598_13091_10362_9868_9295_9293_9290_9291_2413_2412,9216
19743,9216
3847,9217
2254,9217
19058,9218
19296,9218
19255,9218
16397,9218
20244,9218
8492,9219
43693_13209_4790_21104,9220
18454,9221
19054,9221
17432,9222
17434,9222
9384_19155,7794_9239_9223_13912_13961_7844_13946_14105_13910_14102_12880_14461_9482_30010_14107_13914_10635_14106_13911_12528_13926_13913_12988_14103_13915
9417_18555,7794_9239_9223_13912_13961_7844_13946_14105_13910_14102_12880_14461_9482_30010_14107_13914_10635_14106_13911_12528_13926_13913_12988_14103_13915
17143,7794_9239_9223_13912_13961_7844_13946_14105_13910_14102_12880_14461_9482_30010_14107_13914_10635_14106_13911_12528_13926_13913_12988_14103_13915
16555,9224
15323,9224
16677,9224
3847,9225
16824,9227_14122
2254,9228
15336,9228
43008,9228
19707,9229
23603,9229
18848,9230
17133,9230
6025,9231
17432,9231
18454,9231
19695_19696,9231
17432,9232
24623_18751,9232
17434,9232
15335,9232
19721_19720,9233
43008,9233
16628,9234
2242,9234
12398_12507_8374_19118,9235
16420,9236
3847,9237
5113_5550_5108,9237
5043,9237
20111,9238
17313,9238
18035,9238
15179,9238
15188,9238
20111,9240
17313,9240
43005,9241
15159,9241
19589,9241
508,9241
942,13605_24543_9242
20272,13605_24543_9242
23603,13605_24543_9242
7842_20066_20521_20522,13605_24543_9242
6025,13605_24543_9242
3847,9243
3847,9244
3847,9246
15218_15217_20145,9247
16643,9247
20157,9247
15334,9247
43008,9247
20156,9247
15412_15415_15418_15411,9247
3847,9248
17689,9249_21759
19743,9249_21759
15178,9249_21759
15188,9249_21759
17706,9249_21759
3847,9250
17689,9251
19225,9251
17689,9252
2320,9253
15159,9253
15216,9253
508,9253
19251,9254
16326,9254
19706,9254
30105_18116,9255
3847,9256
30105_18116,9257
30105_18116,9258
5387_19852_19851,9258
40566,9259
20105,9259
3689,9259
15905,9260_9261_9262_18149
2320,9263
19117,9263
15336,9263
18609,9263
15159,9263
10001_19287_23046_23048,9263
43005,9263
508,9263
15215,9264
18241,9264
20143,9266_9265_9267_18150
16341,9266_9265_9267_18150
17037,9266_9265_9267_18150
18373_18374_18384_18379,9266_9265_9267_18150
19058,9266_9265_9267_18150
44976,9266_9265_9267_18150
17024,9266_9265_9267_18150
16397,9266_9265_9267_18150
9266_9265_9267_18150,9268
20042,9270
24623_18751,9270
23603,9270
43008,9270
15335,9270
23603,9271
100237,9271
19704,9271
19175,9272
19520,9272
16009,9272
6248_20549_16785,32746_32747_9273_13671
18944,32746_32747_9273_13671
19703,9274
6507,9275
2254,9276
16361,9276
20366,11129_9277_5041
2320,9278
19058,9278
19213,9278
15624_17186_19265_15625_17187,9278
15656_16401,9278
17715,9278
2320,9279
20127,9279
19627_20194,9279
15129_15130,9279
6025,9279
15208,9279
3847,9280
129,9281
19058,9281
19213,9281
16328,9282
16327,9282
16117,9282
9637,9282
17714,9282
129,9282
129,9283
15656_16401,9283
17753,9283
17909,9284
19241,9285
44976,9285
3847,9286
9294_13291_10598_13091_10362_9868_9295_9293_9290_9291_2413_2412,9288_9287
44975,9288_9287
15134,9288_9287
23258,9288_9287
16326,9294_13291_10598_13091_10362_9868_9295_9293_9290_9291_2413_2412
16341,9294_13291_10598_13091_10362_9868_9295_9293_9290_9291_2413_2412
17738,9294_13291_10598_13091_10362_9868_9295_9293_9290_9291_2413_2412
16118,9294_13291_10598_13091_10362_9868_9295_9293_9290_9291_2413_2412
16325,9294_13291_10598_13091_10362_9868_9295_9293_9290_9291_2413_2412
24573,9294_13291_10598_13091_10362_9868_9295_9293_9290_9291_2413_2412
16333,9292
16118,9292
9294_13291_10598_13091_10362_9868_9295_9293_9290_9291_2413_2412,9292
3689,9294_13291_10598_13091_10362_9868_9295_9293_9290_9291_2413_2412
17688,9294_13291_10598_13091_10362_9868_9295_9293_9290_9291_2413_2412
20106,9294_13291_10598_13091_10362_9868_9295_9293_9290_9291_2413_2412
2561,9296
19226,9297
6510,9297
19743,9297
3847,9298
18402,9299
5387_19852_19851,9299
17143,9299
1967,9299
17961,9299
20042,9302
17035,9303
19722_19724_15163,9303
30703,9303
15490,9303
3847,9305
18814,9306
19305,9306
24255,9306
18305,9307
18305,13507_9308_9310_9309
3847,9311
20087,9312
508,9313
2242,9315
16632,9315
21181,9315
2243,9315
429,9315
19282,9316
19117,9316
508,9316
3847,9318
19303,9318
16987,9319_16305_16304
15905,9319_16305_16304
17760,9319_16305_16304
20240,9319_16305_16304
13674_54764_12444_14290_10476_24457_54763_18307,9319_16305_16304
18120_18118_18119_18117,9319_16305_16304
20281,9319_16305_16304
4884,9319_16305_16304
2320,9320
15159,9320
508,9320
17434,9321
3847,9323
19058,9324
19213,9324
15951,9324
17687,9324
19743,9324
44975,9324
4736,9324
19589,9325
15336,9325
10001_19287_23046_23048,9325
465,9326
3847,9327
19512,9327
3847,9328
5094,9330
16238,9330
15496,9331
15945,9331
19716,9331
23603,9331
5570,9332
19520,9333
19175,9333
17319,9334
20573,9335
8346_20553,9336
16256,14454_9337_32564
19514,9338
18035,9338
20106,9340
2320,9341
15159,9341
15653,9341
508,9341
15212,9341
43008,9342
15246,9342
19589,9342
21189,9342
3847,9343
19285,9344
15246,9344
21189,9344
19228,9346
9345_4738,9346
3847,9347
24627,9347
4952,9348
24623_18751,9350
23603,9350
43008,9350
2254,9350
15335,9350
19232,9351
698,9351
2320,9352
15218_15217_20145,9352
20236,9352
19058,9352
19213,9352
15327,9352
16399,9352
20280,9352
4737,9352
20127,9353
4737,9353
17313,9353
18964,9354
3847,9355
6025,9356
7737,9356
7737,9357
3847,9358
15620,9359
19117,9359
43009,9359
15220,9359
6025,9359
19721_19720,9359
6025,9360_14085
16349,9360_14085
6025,9361
16349,9361
20023_15222_15221,9362
15930,9362
43008,9363
11688_12138_171_18276_172_173,13904_14683_14101_14071_14120_13158_14022_14140_13157_9667_9364_13154_9678_13835
2045,9366
43008,9367
463,14049_9368
15193_18221,9369
37870,9371
4736,9371
19215,9371
17350,9372
19058,9372
19213,9372
17351,9373
3847,9374
3847,9375
4739,9376
4739,9377
19238,9378
19117,9378
16399,9378
2408,9379
2408,9380
2254,9380
2408,9381
2408,9382
2408,9383
5154,9383
3847,100058_9385
3847,9386
18637,9387
1336,9387
14412_7761_7762_18473_37748,9387
17351,9388
9388,9389
3847,9390
3847,9391
3847,9392
2254,9393
5113_5550_5108,9393
4739,9393
5382,9394
19703,9394
19703,9395
2185,9395
3847,9396
23603,9397
19705,9397
19060,9397
16365,9397
16596,13628_14780_9398_14457_14318_13882
3847,9399
19213,9400_9401_23419
19058,9400_9401_23419
16399,9400_9401_23419
15620,9402
43008,9402
8715,9402
3847,9403
2320,9404
19117,9404
24623_18751,9404
15159,9404
23603,9404
15334,9404
43005,9404
508,9404
6025,9404
15335,9404
19117,9405
17121,9405
19280,9405
5516,9406
18454,9406
43007,9406
3847,9407
3847,9408
3847,9409
4,9410
15129_15130,9410
18242,16423_16422_9411_10012_17278
15709,16423_16422_9411_10012_17278
5495,16423_16422_9411_10012_17278
7078_12911_12912_8749_11301_19992_16165_1220,16423_16422_9411_10012_17278
24298,9412
15517,13285_9413_13286_13283_13284_11864_14697_14260_13862_54691
17693,9414
5154,9414
3847,9415
19716,9416
5151,9416
15218_15217_20145,9417_18555
20225,9417_18555
3847,9418
5015,9419
7495_7496_13928_13813_12789_10983_14019_14033_14627_3441_44807,9419
15770_16553,9419
13674_54764_12444_14290_10476_24457_54763_18307,9419
508,9419
5372,9420
3847,9421
2146,9421
3847,9422
3847,9423
100343,11822_100344_9424_909_10503_11242_15231
20018,9425
43007,9425
2320,9426
19117,9426
15159,9426
43005,9426
508,9426
6025,9426
15895,9426
7798_9428_18570,9427
3847,9429
17324_13219_9430_8660_44_24300,9431
3847,9432
11476,9434
2320,9435
15159,9435
15620,9435
508,9435
7804,9436
15778,9437
15335,9437
9071,9438
12208_19306,11026_11218_14011_33091_11680_14009_9441_15018_12847_11485_33092_9439_14010_13495_9443_17265
17267_17268,11026_11218_14011_33091_11680_14009_9441_15018_12847_11485_33092_9439_14010_13495_9443_17265
18781,9440
3847,9442
2320,9444
19117,9444
10001_19287_23046_23048,9444
508,9444
17272,9444
17274,9445
100309,9445
15620,9446
19721_19720,9446
17274,9446
3847,9447
17687,9448
32914_12748_14030_14215_14193_13854_14123_12978_12088_32664_13174_9484_32757_32874_32637_14192_13979_12906_14465_13434_14909_32872_13525_14202_14750_14910_54843_13940_14211_14216_32924_12918_14378_14203_12979_12085_12571_14657_13435_11718_33204_16575_12087_12844,9449
32914_12748_14030_14215_14193_13854_14123_12978_12088_32664_13174_9484_32757_32874_32637_14192_13979_12906_14465_13434_14909_32872_13525_14202_14750_14910_54843_13940_14211_14216_32924_12918_14378_14203_12979_12085_12571_14657_13435_11718_33204_16575_12087_12844,9450
1222,9451
18036,9451
16337,9452
19117,9452
18035,9452
15220,9452
19290,9452
24255,9452
20225,9452
43008,9452
6025,9452
3847,9453
5046,9453
3847,9455
9973,9456
3847,9457
23603,9458
19722_19724_15163,9458
15708,9458
15877,9458
14701_12716_32835_8472_32721_8471_12019_10073_19667_16761,9458
15366,9459
3847,9460
4983,9461
18394,9461
3847,9462
3847,9463
3778,9464
6025,9465
15211,9465
18035,9465
17574,9466
858,9466
15336,9467
11057,9468
6810,9468
15762_17290_18804,11559_9469_19008
17579,13812_9470
9852,9471
3847,9472
43007,9473
3847,9474
19215,9475
18241,9476
15211,9476
15218_15217_20145,9477
19117,9477
15159,9477
43009,9477
15220,9477
32914_12748_14030_14215_14193_13854_14123_12978_12088_32664_13174_9484_32757_32874_32637_14192_13979_12906_14465_13434_14909_32872_13525_14202_14750_14910_54843_13940_14211_14216_32924_12918_14378_14203_12979_12085_12571_14657_13435_11718_33204_16575_12087_12844,9477
508,9477
15620,9477
22409,9477
19721_19720,9477
15212,9477
18814,9478
18037,9478
15778,9479
19827,9479
15159,9479
15246,9479
15329,9479
10001_19287_23046_23048,9479
43005,9479
508,9479
6025,9479
19589,9479
15369,9480
20240,9480
17118,9480
3847,9481
2320,9483
15159,9483
15335,9483
508,9483
2320,9485
15159,9485
15218_15217_20145,9485
508,9485
6025,9486
16516,9486
3847,9487
3847,9488
17666_17670_20093_20096_18250,9489
17739,9490
15336,9490
19183,9490
10001_19287_23046_23048,9490
15327,9490
2635,9490
17666_17670_20093_20096_18250,9490
6025,9490
15978,9490
17739,9491
15336,9491
15327,9491
17666_17670_20093_20096_18250,9491
6025,9491
19229,9492
100309,9493
19589,9493
3847,9494
2320,9495
19117,9495
15159,9495
19066,9495
10823_7321_9112_26782_8972_14743_15776_15775_19701_8973,9495
43005,9495
508,9495
3847,9496
3847,9497
19718_22723,9498
20127,9499
19058,9499
44976,9499
19255,9499
16397,9499
19046,9499
20244,9499
4884,9499
6825,9500
20123,9501
19169,9502
19169,9503
16796,14039_14198_8758_33545_32815_9504_9636_12792_13350_11283_14175_32932_18158
6040,14039_14198_8758_33545_32815_9504_9636_12792_13350_11283_14175_32932_18158
3847,9505
24626,44207_44208_9506
15978,44207_44208_9506
15495,9507
15159,9507
15334,9507
3847,9508
2254,9509
414,9509
20072,9509
17742,9511
5267,9511
12123_54559_8909_26765_14904_11291_26729_30043_15286_18292_18293_5500_5501,9511
19700,9511
19755,9512
19700,9512
20023_15222_15221,9513
15930,9513
19308_9182_17612,9513
2320,9514
15218_15217_20145,9514
15159,9514
20240,9514
15770_16553,9514
43005,9514
508,9514
6025,9514
20244,9514
1822,9515
3689,9515
18999,9515
17432,9516
18454,9516
5015,9517
15327,9517
43008,9517
15333,9517
19052,9517
19280,9517
6025,9517
2254,9517
15979,9518_11860_12358_12595_13185_13257
15531_17025_18310_17036_17029,9519
17713,9520
19215,9520
3847,9521
10001_19287_23046_23048,9522
15134,9523
2320,9524
17432,9524
15159,9524
508,9524
16961,11535_10736_9157_8464_9525_16576_11709
43007,11535_10736_9157_8464_9525_16576_11709
17432,9526
17434,9526
6025,9527
18637,9527
1336,9527
15180,9528
15188,9528
17774,9528
15905,9529
9563_17051_17053_23692_23691_23693,9529
18424,9529
19169,9529
15331,9530
2525,9530
15327,9530
24255,9530
21154,9530
16895,9532
14992_30031_13527_15148_15146,9532
19313,9533
19520,9533
10001_19287_23046_23048,9533
43008,9533
15895,9533
15279,9534
19313,9535
15279,9536
2429,9537
3847,9538
4967,9539
15279,9540_9645
3847,9541
3847,9542
20598,9542
2320,9543
15159,9543
508,9543
16608,9544
3847,9545
3847,9546
24623_18751,9547
43008,9547
23603,9547
15335,9547
17624,9548
20242,9548
10819_11370_19353,9549
1567,9550_7937_12717_13480
17624,9550_7937_12717_13480
6510,9550_7937_12717_13480
3847,9551
17666_17670_20093_20096_18250,9552
5136,9553
3847,9555
17717,9556
12074_16584,9557
21106,9557
2457,30067_9558_13385
3847,12516_9559_14608_15483
43007,9560
2320,9561_17732_17733
19058,9561_17732_17733
44976,9561_17732_17733
20228,9561_17732_17733
19706,9561_17732_17733
20280,9561_17732_17733
19251,9561_17732_17733
20279,9561_17732_17733
2320,9562
20127,9562
16326,9562
19706,9562
19251,9562
19242,9563_17051_17053_23692_23691_23693
2320,9564
19117,9564
24623_18751,9564
5308,9564
15159,9564
23603,9564
43005,9564
15501,9564
32778_8823_100218_60486_15168,9564
508,9564
2320,9565
15159,9565
508,9565
2320,9566
15159,9566
508,9566
2320,9567
15218_15217_20145,9567
20044_20046_15244_20047,9567
20229,9567
20165,9567
16136,9567
17914_17915,9568
43007,9569
2320,9570
15159,9570
508,9570
18921,12626_14164_11821_9571_13630_12695_33044_13609_13482_11296_12848
6025,9572
18088,9572
3847,9573
3847,9574
5015,9575
152,9575
15327,9575
20112,9575
577,9575
6025,9575
19589,9575
3847,9576
942,9576
2320,9577
15218_15217_20145,9577
508,9577
16756,9578
648,9578
42983,9578
5073_44794,9578
18233,9579
15802_19502_509,14832_13705_14876_12612_9580_12623_15020_14996_14930_12618_13706_13785_14962_13704_14409_12615_12619_14499_14524_54861_13173_14430_12617_32605_12614_13694_14759_13702_13629_14815_13528_13703_13708_13624_13707_14354_11828_13697_20850_14348_12613_30915_14649_44313_12037_13651_20846_13709
2320,9581
15159,9581
508,9581
20215,9582
43007,9582
734,9583
2320,9584
15159,9584
508,9584
24237,9585
3847,9586
3847,9587
19697,9588
24623_18751,9589
23603,9589
19697,9589
43008,9589
15335,9589
9591_17730_17729_18868,9590
19693,9592
19694,12713_12185_9593_10738_8479_16763
19693,9595
23603,9595
10001_19287_23046_23048,9595
15708,9595
6025,9595
3847,9594_7982_9597_9596_138
19693,9598
19693,9599
23603,9599
19589,9599
508,9599
3847,9600
9595,9601
3847,9602
19058,9603
19213,9603
37870,9603
19215,9603
4736,9603
18963,9604
18963,9605
18963,9606
19222,9607
19058,9607
19213,9607
3847,9608
18964,9609
19737,9609
21181,9609
17390,9612
19743,9612
17390,9615
16337,9618
15159,9618
17119,9618
43005,9618
508,9618
3847,9619
2320,9620
19117,9620
15132,9620
15159,9620
43005,9620
508,9620
17119,9621
43005,9621
15159,9621
508,9621
17119,9622
43005,9622
15159,9622
15707,9623
15945,9623
15327,9623
43008,9623
6025,9623
2254,14592_9624_14516_181
15368,14592_9624_14516_181
12398_12507_8374_19118,14592_9624_14516_181
6025,30044_20789_18828_9626
19117,30044_20789_18828_9626
19117,33005_33008_33009_33007_32693_32691_32692_9627
19722_19724_15163,33005_33008_33009_33007_32693_32691_32692_9627
15220,33005_33008_33009_33007_32693_32691_32692_9627
508,33005_33008_33009_33007_32693_32691_32692_9627
6025,33005_33008_33009_33007_32693_32691_32692_9627
3847,9628
3847,9632
3847,9633
3847,9634
2254,9634
19126,9635
10036_14808_8964_45032_15170,9635
15182,9635
19236,14039_14198_8758_33545_32815_9504_9636_12792_13350_11283_14175_32932_18158
4069,9637
2921_19952_18701,9637
9637,9638
19589,9793_9642_33045_8267_13035_10702_9794_14932_10336_33375_54770_10176_9795_14413_8137_15375_12049_15421_15422
31178,9646_30801
10674_9659_9660_9661_11093_9662_16316_16315_18937_18938_1586_19249_19302_17171_17172,9647
19117,9648
20751_5469_15914_21272,9648
19706,18931_9650_9653_19248
18931_9650_9653_19248,9652
2320,18931_9650_9653_19248
20279,18931_9650_9653_19248
16397,18931_9650_9653_19248
44975,18931_9650_9653_19248
20244,18931_9650_9653_19248
10674_9659_9660_9661_11093_9662_16316_16315_18937_18938_1586_19249_19302_17171_17172,9654
10674_9659_9660_9661_11093_9662_16316_16315_18937_18938_1586_19249_19302_17171_17172,9656_9657_9655_9658
44976,9656_9657_9655_9658
44976,10674_9659_9660_9661_11093_9662_16316_16315_18937_18938_1586_19249_19302_17171_17172
2254,10674_9659_9660_9661_11093_9662_16316_16315_18937_18938_1586_19249_19302_17171_17172
3847,9663
6025,9664
2254,9664
15329,9664
20127,9665
15454,9665
17760,9665
44976,9665
19213,9665
100033,9665
15454,9666
44976,9666
19213,9666
100033,9666
19242,9666
18939,13904_14683_14101_14071_14120_13158_14022_14140_13157_9667_9364_13154_9678_13835
2254,9668
15159,9668
17415,9668
20023_15222_15221,14570_12656_14549_9670_14670_14965_13965_11868_14569_17436
43008,14570_12656_14549_9670_14670_14965_13965_11868_14569_17436
15929,14570_12656_14549_9670_14670_14965_13965_11868_14569_17436
2921_19952_18701,9671
508,9671
3847,9674
16152,12127_13390_14144_12193_13161_9676_14977_30014_12248_14900_11787_14474_12652_12699_29136_11028_14788_11968_29133_11170_9683_11423_9675_14129_13162_13440_9677_14142_14782_13297_12034_15152_15151_16971
16145,12127_13390_14144_12193_13161_9676_14977_30014_12248_14900_11787_14474_12652_12699_29136_11028_14788_11968_29133_11170_9683_11423_9675_14129_13162_13440_9677_14142_14782_13297_12034_15152_15151_16971
16143,12127_13390_14144_12193_13161_9676_14977_30014_12248_14900_11787_14474_12652_12699_29136_11028_14788_11968_29133_11170_9683_11423_9675_14129_13162_13440_9677_14142_14782_13297_12034_15152_15151_16971
16334,12127_13390_14144_12193_13161_9676_14977_30014_12248_14900_11787_14474_12652_12699_29136_11028_14788_11968_29133_11170_9683_11423_9675_14129_13162_13440_9677_14142_14782_13297_12034_15152_15151_16971
2320,9679
19117,9679
32778_8823_100218_60486_15168,9679
11486_12279_19950_20121_23595_18281,9679
11486_12279_19950_20121_23595_18281,9680
100225,9681_14654_355
11486_12279_19950_20121_23595_18281,9682
16153,12127_13390_14144_12193_13161_9676_14977_30014_12248_14900_11787_14474_12652_12699_29136_11028_14788_11968_29133_11170_9683_11423_9675_14129_13162_13440_9677_14142_14782_13297_12034_15152_15151_16971
3847,9684
16145,9685
16109,9685
3847,9686
14542_18940_12518_14587_14052_14983_14582_11600_14468_14586_14585_14588_14543_14590_14583_14581_14745_14939_9690_11088_44299_13620_9689_14584_11281_12157_14578_13883,9687
44980,9688_18325
18743,9688_18325
44977,9688_18325
21016,9688_18325
590,9688_18325
20345,14542_18940_12518_14587_14052_14983_14582_11600_14468_14586_14585_14588_14543_14590_14583_14581_14745_14939_9690_11088_44299_13620_9689_14584_11281_12157_14578_13883
20344,14542_18940_12518_14587_14052_14983_14582_11600_14468_14586_14585_14588_14543_14590_14583_14581_14745_14939_9690_11088_44299_13620_9689_14584_11281_12157_14578_13883
607,9691_15821_45071
15610,9692
20076,9692
5170,9693
16180,9693
4959,9693
24626,9694
15978,9694
20076,9695
100030,9696_14545_12904_14521_14685_13526_30936_30034_12721_10682_18126_20074
11506_19448_17704_13981,9696_14545_12904_14521_14685_13526_30936_30034_12721_10682_18126_20074
414,9696_14545_12904_14521_14685_13526_30936_30034_12721_10682_18126_20074
415,9696_14545_12904_14521_14685_13526_30936_30034_12721_10682_18126_20074
17663,9697
9696_14545_12904_14521_14685_13526_30936_30034_12721_10682_18126_20074,9697
17663,9698
9696_14545_12904_14521_14685_13526_30936_30034_12721_10682_18126_20074,9698
9696_14545_12904_14521_14685_13526_30936_30034_12721_10682_18126_20074,9699
19722_19724_15163,9699
24623_18751,9700
23603,9700
15335,9700
43007,9700
3847,9701
3847,9702
16117,9703
15515,9704
37858,9705
17716,9705
17718,9706
9637,9706
20123,9706
3847,9707
18889,12018_9708
8048_15705_18947,14418_9709_13736
2921_19952_18701,8055_9715_9710
19119,8055_9715_9710
16121,8055_9715_9710
2921_19952_18701,9711
17939_18948,9712
100150,9712
100225,9714
6025,8055_9715_9710
19117,8055_9715_9710
43008,9716
23603,9716
14701_12716_32835_8472_32721_8471_12019_10073_19667_16761,9716
19689,9717
20208,9717
16106,9717
23603,9717
14701_12716_32835_8472_32721_8471_12019_10073_19667_16761,9717
6025,9717
16151,9717
16121,9717
5420_16412_15777,9718
17129,9719
43008,9720
15218_15217_20145,9721
20225,9721
2320,9722
15335,9722
2921_19952_18701,9722
19058,9723
20265,9723
20257,9723
16578,9723
20253,9723
20244,9723
16403,9723
19722_19724_15163,9724
6025,9726
17370,9726
17369,9726
18782,9726
19688,7168_7167_9727_389
19697,7168_7167_9727_389
22409,11456_13444_9728_14374_13916_14537_11752_14997_13718_11190_14158_13917_12680_13442_13302_19005
2254,11456_13444_9728_14374_13916_14537_11752_14997_13718_11190_14158_13917_12680_13442_13302_19005
19589,9729
15620,9731
43008,9731
19721_19720,9731
19589,9731
2350,9732
19722_19724_15163,9732
2350,14817_9733_33280_32582_32581_32580_14099_14373_10974_14752_26726_33262_32826_14257_33203_30895_13619_12546_14818_30962
5803_18619,12382_11153_9734
17271,9735
18037,9735
20267,9735
11026_11218_14011_33091_11680_14009_9441_15018_12847_11485_33092_9439_14010_13495_9443_17265,9735
2320,9737
20279,9737
19058,9737
19706,9737
19251,9737
20282,9737
20244,9737
2320,9738_19346_17734
20280,9738_19346_17734
15159,9738_19346_17734
19743,9738_19346_17734
43005,9738_19346_17734
19706,9738_19346_17734
15919,9738_19346_17734
2320,9740
15159,9740
508,9740
15620,9740
19721_19720,9740
20573,9741_13083_13084_13085_13086_14774
2320,9742
15331,9742
19289,9742
15651,9742
19716,9742
20276_20270,9742
3847,9743
15366,9751_24309_13142_11961_13337_13839_10688_14671_8086_11002_9746_12092_13381_13634_14286_14244_19941_18213_19551
16808,9747
15366,9748_15354
18416_18423_14975_14827_14702_18417_18418_18419_18421_18422_18644_15089_15091_15090_18420,9748_15354
3847,9750
15364_15358,9751_24309_13142_11961_13337_13839_10688_14671_8086_11002_9746_12092_13381_13634_14286_14244_19941_18213_19551
3847,9752
8742_18542_28226,9754
15950,9755
5073_44794,9755
19058,11871_11873_9757_9756_18982_1982_20384
20282,11871_11873_9757_9756_18982_1982_20384
16397,11871_11873_9757_9756_18982_1982_20384
19520,9760
43218,9760
19313,9760
15204,9760
18720_18717,9761
3847,9763
15368,9764
3847,9765
3847,9766
15336,9767
17305,9767
15327,9767
6025,9768
8111,9768
2320,9769
15159,9769
15335,9769
508,9769
2320,9771
20240,9771
10001_19287_23046_23048,9771
3847,9772
20253,9772
19722_19724_15163,9772
6025,9773_17134
17666_17670_20093_20096_18250,9773_17134
15336,9773_17134
10001_19287_23046_23048,9773_17134
15216,9774
17919,9774
15246,9774
15620,9774
2320,9777
19117,9777
15159,9777
17434,9777
43005,9777
508,9777
3847,9778
6025,9779
17136,9779
2320,9780
15159,9780
15216,9780
508,9780
15335,9780
3847,9781
3847,9782
3847,9784
19694,9785
8455_9673_10056_9672_11585_11436_9669_19079_1516_16224_14753_18218,9786_15011_12543_10698_14571_24569_8133_33549_3608_11536
18609,44724_9787_12435_9611_44723_9610_17359
3847,9788_8131
20573,9789
3847,9790
3847,9791
15331,9792
43008,9792
17274,9792
15929,9793_9642_33045_8267_13035_10702_9794_14932_10336_33375_54770_10176_9795_14413_8137_15375_12049_15421_15422
19691,9793_9642_33045_8267_13035_10702_9794_14932_10336_33375_54770_10176_9795_14413_8137_15375_12049_15421_15422
20127,9796
17356,9796
1898,9796
43218,9796
20280,9796
20281,9796
20241,9796
19238,9797
20112,9797
508,9798
24255,9799
21154,9799
16620_6965,9799
18454,9801
3847,9802
19704,9803
5089,9807
45052,9808
631,9808
18104,9809
2254,9809
19707,9810
3847,9811
3847,9812
17954,9813
17370,9813
5246,9813
19704,9814
508,9814
10866,9816_11877_12679_14040_9817_12676_20848_8156_9818_12859_9815_19026_20645
8369_11422_9967_8368_15827_17828_1909_18440_17829,9816_11877_12679_14040_9817_12676_20848_8156_9818_12859_9815_19026_20645
6025,9820
19704,9820
20247,9820
508,9820
19702,9821
19285,9822
43008,9822
18454,9822
17753,9824_13327_9823_2474
19241,9825
44976,9825
3847,9826
8174_14325_14324_8173_16471,9827
3847,9828
3847,9829
11764_11658_13625_8199_14604_11613_14233_11562_8200_14796_17279_5180_6966_828_10796_10360_11737_13167,9830
2516,9831
21040,9831
3847,14406_24547_9832
15213,14406_24547_9832
6025,44205_44204_9833
2254,44205_44204_9833
4619,9835
6009_19956_20069,9835
15659,9835
3847,9836
44764,9837_2684
2363,9837_2684
2254,9838
19299,9838
20488,9839
3847,9840
15650,9841
19313,9841
18609,9841
19520,9841
43218,9841
24237,9841
4884,9841
3847,9842
10714_17221_17223_17222_17226,14732_33486_12824_54791_54782_9843_12905_54817_14506_12514_14666_33657_12125_14813_14632_32730
3847,9844
17432,9845
18454,9845
18605,9846
1370,9847
3847,9847
19296,9848
17369,9849
17708,9849
19183,9850
5076_5593,9850
3847,9851
19220,9852
20109,9852
19220,100157_100156_9853
15179,100157_100156_9853
19743,100157_100156_9853
20109,100157_100156_9853
15188,100157_100156_9853
3847,9854
19233,9855
2320,9856
15218_15217_20145,9856
5267,9856
15159,9856
43005,9856
17747,9856
15919,9856
18284,9856
18296,9856
5518,9857
18407_20091,9857
17969,9857
2320,9858
15159,9858
508,9858
43008,9859
3847,9860
19058,9861_19259_16366_19258
19213,9861_19259_16366_19258
17306,9861_19259_16366_19258
16399,9861_19259_16366_19258
6025,9861_19259_16366_19258
45014,9862
16543,9862
44976,9862
16543,9863
17320,9864
16118,9865
9294_13291_10598_13091_10362_9868_9295_9293_9290_9291_2413_2412,9865
17320,9866
16325,9867
13412_13200_12112_7268_11843_13474_13475_13477_10946_12799_8647_12804_13455_14883_13852_13197_7267_13195_12111_13369_7266_13476_5045,9867
9294_13291_10598_13091_10362_9868_9295_9293_9290_9291_2413_2412,9867
18251,9294_13291_10598_13091_10362_9868_9295_9293_9290_9291_2413_2412
15218_15217_20145,9869
15501,9869
19281,9870
19282,9871
6025,9872
19281,9872
17718,9872
15336,9873
10001_19287_23046_23048,9873
2254,9874
19280,9874
19052,9874
5015,9874
6025,9877
15892,9877
19591_5152,13518_24464_9878
50,9879
19827,9880
13099,9880
3847,9881
3847,9882
16628,9883
2242,9883
3847,9884
16629,9885
9,9885
21181,9885
3847,9886
2429,9887
3847,9888
6025,33281_8263_33004_13131_9889_4691_20642
12117,9890
20703,9891
5571,9891
16540,9892
1115,9892
19662,36483_14915_14577_54565_9894_14214_13569_44328_9964_14284_14907_33485_14287_14688
18770,36483_14915_14577_54565_9894_14214_13569_44328_9964_14284_14907_33485_14287_14688
15336,9895
3847,9896
9292,9897
20127,9897
3847,9898
3847,9899
43008,9900
17435,9901
24623_18751,9901
43009,9901
23603,9901
10001_19287_23046_23048,9901
20585,9902
19142,9902
3689,9902
15218_15217_20145,9903
14651_8673_18237_21764,9903
20162,9903
24623_18751,9903
20157,9903
15334,9903
15501,9903
43008,9903
2254,9904
6510,9904
15962,9904
2320,9905
15159,9905
508,9905
8882,9906
3847,9907
16543,9908
3847,9909
2320,9910
15331,9910
20162,9910
19117,9910
20732,9910
15159,9910
15327,9910
43005,9910
20087,9910
508,9910
3847,9911
3847,9912
3847,9913
19755,9914
19700,9914
17965,9915
19596,9916
21124,9916
5372,9916
44976,9916
7640,9918
19233,9919
16398,9919
15218_15217_20145,9920
20158,9920
2320,9921
15159,9921
508,9921
3847,9922
2525,9923
20041,9923
15327,9923
17143,9923
5372,9923
17323,33640_20723_10931_10186_19642_9924_24299
2320,9925
15331,9925
16340,9925
20272,9925
1200_1134_15512_5080_100078,9925
23603,9925
24255,9925
100091,9925
15953,9925
6025,9925
19292,9925
6025,9926
2254,9926
43008,9926
17415,9926
5275,9928
15052,9929
20023_15222_15221,9930
1256,9930
20291,9931
16229,9931
20287,9931
3847,9932
20023_15222_15221,9933
6840,9933
17017,9933
19175,9933
15930,9933
17017,9934
7130_17705_20295_20453,9934
8347,9935
15930,9936
20023_15222_15221,9936
18554,9329_20713_9937
1200_1134_15512_5080_100078,9329_20713_9937
17865,9938
16229,9938
3847,9939
5516,9940
17198,9940
2561,9940
3847,9941
19718_22723,9942
5516,9943
19703,9943
3847,9944
100033,9945
19058,9945
15656_16401,9945
19237,9945
19238,9946
20107,9946
3689,9946
17909,9947
3847,9948
19225,9949
17688,9950
20106,9950
6506,9950
3847,9951
2320,9952
19117,9952
15159,9952
19715,9952
5287,9952
17985,9952
43005,9952
508,9952
1411,9952
17749,7293_13016_9953_17570
15656_16401,7293_13016_9953_17570
15919,7293_13016_9953_17570
18284,7293_13016_9953_17570
12123_54559_8909_26765_14904_11291_26729_30043_15286_18292_18293_5500_5501,7293_13016_9953_17570
19708,9954
15336,9954
17432,9955
24623_18751,9955
43008,9955
6025,9955
18454,9955
15335,9955
3847,9956
3847,9957
20127,9958_21665
19058,9958_21665
11026_11218_14011_33091_11680_14009_9441_15018_12847_11485_33092_9439_14010_13495_9443_17265,9958_21665
20044_20046_15244_20047,9958_21665
19046,9958_21665
22687_4742,9958_21665
20228,9958_21665
17272,9958_21665
20281,9958_21665
17753,9958_21665
4884,9958_21665
3847,9961
2320,9963
15159,9963
508,9963
15620,9963
19721_19720,9963
22410,36483_14915_14577_54565_9894_14214_13569_44328_9964_14284_14907_33485_14287_14688
20240,36483_14915_14577_54565_9894_14214_13569_44328_9964_14284_14907_33485_14287_14688
19741,36483_14915_14577_54565_9894_14214_13569_44328_9964_14284_14907_33485_14287_14688
19695_19696,36483_14915_14577_54565_9894_14214_13569_44328_9964_14284_14907_33485_14287_14688
19716,9965
15945,9965
2254,9965
17891,9965
18921,9966
17121,9966
8369_11422_9967_8368_15827_17828_1909_18440_17829,9968_11268
19721_19720,9969
15161,9969
3847,9970
17609,9970
100131,9971
17016,9971
3847,9972
17855,9973
19117,11337_11336_13135_9974_12146_15541_15542_33557
15144,11337_11336_13135_9974_12146_15541_15542_33557
20082,9975
5089,9975
612,9975
3847,9976_4580_1451_1455
2320,9977
20248_1457,9977
15218_15217_20145,9977
12398_12507_8374_19118,9978
3847,9980
3847,9982_10775
20240,9983
19589,9983
13274_10761_10945_8378_12796_910_11272_13611_14692_10827_13175_44314_32604_33563_13469_13468_13052_14618_14687_14871_12943_54708_13402_14400_12363_10259_19200_13610_12523_14323_13780_8377_13437_44320_13425_10723_30071_11935_13413_12625_13414_13436_13314_12477_10320_13516_13395_11630_14653_14256_13407_13263_32689_11075_14093_10818_12463_10227_8379_13328_14345_32834_11137_14929_32940_13315_13447_10828_13405_13429_11974_12024_12367_15013_36482_10806_13312_32577_12813_10374_11259,9984
15126,9985
3847,9986
13274_10761_10945_8378_12796_910_11272_13611_14692_10827_13175_44314_32604_33563_13469_13468_13052_14618_14687_14871_12943_54708_13402_14400_12363_10259_19200_13610_12523_14323_13780_8377_13437_44320_13425_10723_30071_11935_13413_12625_13414_13436_13314_12477_10320_13516_13395_11630_14653_14256_13407_13263_32689_11075_14093_10818_12463_10227_8379_13328_14345_32834_11137_14929_32940_13315_13447_10828_13405_13429_11974_12024_12367_15013_36482_10806_13312_32577_12813_10374_11259,9987
4579,9988
12398_12507_8374_19118,9988
2320,9990
12398_12507_8374_19118,9990
15780,9990
866,9992
20504,9992
5212,9993_2579
5212,9994_2978
19697,9996
100253,9997
24623_18751,9998
43008,9998
23603,9998
15335,9998
6025,9999
19978,9999
3847,10000
20277,10001_19287_23046_23048
15951,16369_16368_10002
100137,16369_16368_10002
20277,16369_16368_10002
16382,16369_16368_10002
15333,16369_16368_10002
15356,16369_16368_10002
20233,16369_16368_10002
3847,10003
20160,10004
17432,10004
24623_18751,10004
426,10004
15501,10004
15620,10004
19721_19720,10004
20197,10004
18454,10004
17351,10005
20127,10006_17723_17722_17721
20143,10006_17723_17722_17721
17720,10006_17723_17722_17721
20282,10006_17723_17722_17721
4884,10006_17723_17722_17721
2320,10007
15159,10007
15335,10007
508,10007
45020,10008
19239,10008
44976,10008
15945,10010
10001_19287_23046_23048,10010
15620,10010
19721_19720,10010
43007,10010
17103,10011
15655,10011
5516,10013
17744,10013
19694,10013
12123_54559_8909_26765_14904_11291_26729_30043_15286_18292_18293_5500_5501,10013
19703,10014
15218_15217_20145,15017_10015_15016_7138_7662_24456_19503
20225,15017_10015_15016_7138_7662_24456_19503
19629,15017_10015_15016_7138_7662_24456_19503
15905,10017
19255,10017
17133,10017
15531_17025_18310_17036_17029,10017
3847,10018
1341,10019
18883,13225_12923_12071_10020_6536
3847,10022
18814,10023
18770,10024
3847,10025
15218_15217_20145,10026
5015,10026
15329,10026
15327,10026
43008,10026
15333,10026
20087,10026
43007,10026
20210,10026
19706,10027
19366,10027
19366,10028
17736,10028
17131,10029
18677,10029
1142,10030
15939,10030
586,10030
24625,10030
2254,10030
15905,10031
19058,10031
20280,10031
11026_11218_14011_33091_11680_14009_9441_15018_12847_11485_33092_9439_14010_13495_9443_17265,10031
19046,10031
18120_18118_18119_18117,10031
17272,10031
20281,10031
20244,10031
4884,10031
3847,10032
14555_54852_24548_14923_11937_19347,10033
3847,10034
2320,10035
15218_15217_20145,10035
20158,10035
15905,10035
20280,10035
20227,10035
44976,10035
15159,10035
17971,10035
17434,10035
15329,10035
20165,10035
43005,10035
15620,10035
15919,10035
19721_19720,10035
45017,10035
3847,10037
15892,10038
2320,10039
15159,10039
508,10039
3847,10040
17847,10041
20044_20046_15244_20047,10041
3847,10042_11858
15087,14302_12928_14568_12867_12766_13132_13239_11489_11785_11339_14304_10044_13962_11408_14018_12213_14644_12448_12787_14282_11532_12866_11445_14015_12639_12181_14295_8438_13552_14020_10043_11803_13165_13551_13342_11006_10047_14882_14016_12476_10287_12256_13048_10418_13179_14729_13401_10046_14303_11992_13737_11522_14024_12334_12453_8437_12643_10733_11862_14305_10878_19064
15362,14302_12928_14568_12867_12766_13132_13239_11489_11785_11339_14304_10044_13962_11408_14018_12213_14644_12448_12787_14282_11532_12866_11445_14015_12639_12181_14295_8438_13552_14020_10043_11803_13165_13551_13342_11006_10047_14882_14016_12476_10287_12256_13048_10418_13179_14729_13401_10046_14303_11992_13737_11522_14024_12334_12453_8437_12643_10733_11862_14305_10878_19064
18416_18423_14975_14827_14702_18417_18418_18419_18421_18422_18644_15089_15091_15090_18420,14302_12928_14568_12867_12766_13132_13239_11489_11785_11339_14304_10044_13962_11408_14018_12213_14644_12448_12787_14282_11532_12866_11445_14015_12639_12181_14295_8438_13552_14020_10043_11803_13165_13551_13342_11006_10047_14882_14016_12476_10287_12256_13048_10418_13179_14729_13401_10046_14303_11992_13737_11522_14024_12334_12453_8437_12643_10733_11862_14305_10878_19064
3847,10048
18416_18423_14975_14827_14702_18417_18418_18419_18421_18422_18644_15089_15091_15090_18420,10049
508,10049
3847,10050
20240,10051
508,10051
3847,10054
3847,10055
8455_9673_10056_9672_11585_11436_9669_19079_1516_16224_14753_18218,10057
6025,8408_10058
2320,10060
16808,10060
20044_20046_15244_20047,10060
20044_20046_15244_20047,10061
100309,13594_13485_14867_12246_11781_11833_33482_33479_14417_8119_14475_8120_10062_7298_11540_11694_11819_12116_7574_8457_12449_33481_13486_7296_11834_14776_14410_8458_14626_10847_11464_10848_12247_11529_11330_12450_13241_11439_32526_12103_33480_12098_16809_561
20215,10063
4884,10063
17847,10064
20215,10064
13594_13485_14867_12246_11781_11833_33482_33479_14417_8119_14475_8120_10062_7298_11540_11694_11819_12116_7574_8457_12449_33481_13486_7296_11834_14776_14410_8458_14626_10847_11464_10848_12247_11529_11330_12450_13241_11439_32526_12103_33480_12098_16809_561,10065
15135,10066
15213,10066
3847,10067
2320,10069
19117,10069
15246,10069
15846,10069
508,10069
15620,10069
18454,10069
18662,10070
6025,10072
14701_12716_32835_8472_32721_8471_12019_10073_19667_16761,10072
23603,10072
508,14701_12716_32835_8472_32721_8471_12019_10073_19667_16761
18662,10074
14701_12716_32835_8472_32721_8471_12019_10073_19667_16761,10077
19686_19687,10078
14701_12716_32835_8472_32721_8471_12019_10073_19667_16761,10078
22800,10078
17686,10079_17831_17830
19058,10079_17831_17830
19046,10079_17831_17830
16399,10079_17831_17830
2254,10080_16394_15518
14889_10774_3122,10080_16394_15518
16229,10081
20392,10081
20215,10082
698,10083
19058,10083
15656_16401,10083
19213,10083
3847,10084
16428,10085
19066,10087
2320,10088
15905,10088
19058,10088
15327,10088
17273,10088
16397,10088
19255,10088
19706,10088
19358,10089
15338,10090
2320,10092
19117,10092
15159,10092
17434,10092
43005,10092
508,10092
3847,10093
19694,10094
19690,10094
100309,10095
3847,10096
2242,10097
21181,10097
19183,10098
17720,10099
20127,10100
20143,10100
44976,10100
17720,10100
20282,10100
4884,10100
18454,10101
10001_19287_23046_23048,10101
15336,10102
10001_19287_23046_23048,10102
3847,10103
15336,10104
4015_4016,10105
3847,10106
17966,10107
20090,10107
18202,10274_10108
18191,10274_10108
21348,10274_10108
3847,10109
17432,10110
43008,10110
18454,10110
15335,10111
24623_18751,10111
23603,10111
9263,10111
3847,10112
3847,10113
8547_8546_17042,10114
15929,10115
15929,10116
19691,10116
7477,10117_13039_13627
3847,10118
17432,10121
18795,10121
761,10121
2254,10121
18454,10121
9332,10121
100241,10122_19740
18896_43768,10122_19740
9,10122_19740
21181,10122_19740
18035,10123
3847,10124
2320,10125
15159,10125
508,10125
3847,10126
3847,10127_6456_16974_16975_2588_6458_6459
19721_19720,10128
19721_19720,10129
43008,10129
19238,10130
18385,10130
5066,20716_10132
19856,20716_10132
20716_10132,10135_10133_10136_11792_10137
6025,10134
15778,10134
19589,10134
5364,10138
19824,10139
32819_9154_26731_26732_24264_45,10139
44331_16408_19858_18612_16410_15792_16409,10139
44331_16408_19858_18612_16410_15792_16409,10140
3847,10141
19856,10142
32819_9154_26731_26732_24264_45,10142
44980,10142
15331,10143
21106,10143
43007,10143
16240,10144_17490_17491
3847,10145
5093,10146
3847,10147
5087,10148
19220,10149
20109,10149
18035,10149
2038,10150_4958_5096_6082_500_514
16790,10151
10001_19287_23046_23048,10152
15336,10153
10001_19287_23046_23048,10153
43008,10154
15611,10155
17274,10155
15905,10155
18416_18423_14975_14827_14702_18417_18418_18419_18421_18422_18644_15089_15091_15090_18420,10156
3847,10157
3847,10158
16756,30841_30843_10159_30840_31219
19117,30841_30843_10159_30840_31219
15356,30841_30843_10159_30840_31219
20279,10162_10160_10161_4741
10962_7758_14622_19272_6588_18865_17667_17673_17672_44663,10162_10160_10161_4741
15945,10162_10160_10161_4741
20127,10162_10160_10161_4741
19743,10162_10160_10161_4741
3847,10163
17432,10164
18454,10164
17432,10165
18454,10165
3847,10166
19058,10167
19228,10167
19213,10167
2320,10172
20119,10172
15159,10172
15246,10172
43005,10172
17771,10173
3847,10174
3847,10175
12078_32570_12855_14297_12432_11963_12849_12694_13896_14664_13608_8944_14927_13764_14288_14771_13745_14928_33311_10431_32902_33310_33308_13763_33309_13824_14724_12539_13994_14770_18772_30933,9793_9642_33045_8267_13035_10702_9794_14932_10336_33375_54770_10176_9795_14413_8137_15375_12049_15421_15422
17118,9793_9642_33045_8267_13035_10702_9794_14932_10336_33375_54770_10176_9795_14413_8137_15375_12049_15421_15422
15938,10177
17133,10177
18801,10178
3847,10179
20291,10179
6025,7389_10180_15826_359
12123_54559_8909_26765_14904_11291_26729_30043_15286_18292_18293_5500_5501,7389_10180_15826_359
17747,7389_10180_15826_359
20158,10181
21189,10181
7272,10182
16826,10184_10183_10185_10657_13925
20127,10184_10183_10185_10657_13925
20281,10184_10183_10185_10657_13925
15722,10187_11837
17760,10187_11837
20127,10188
19058,10188
17760,10188
20044_20046_15244_20047,10188
5528,10188
20281,10188
3847,10189
19518,10841_8671_13201_12698_13202_12144_10192_7862_8670_19517_18094_11697
2320,10193
15159,10193
19716,10193
508,10193
15331,10196
15945,10196
20277,10196
16382,10196
24255,10196
15333,10196
6025,10196
8675,10197
6873,10198
2254,10198
43008,10199
5267,10199
20127,10200
19058,10200
16400,10200
7495_7496_13928_13813_12789_10983_14019_14033_14627_3441_44807,10200
19743,10200
20257,10200
4689,10200
20280,10200
17762,10200
20279,10200
18104,10201
2320,10203
15159,10203
508,10203
19245,10204
15905,10204
19148,10205
8686,13017_11452_10206_11549_13649_7805_14384_13650_13514_14027_14390_7806_32649_11932_18914_3037
18558,10207
9052_13051_13754_19572_18163_27462_27451_19573,10208
18106,10209_11346_721
16354,10214_10215_10216_10210_10211_12531_10212_10213_19600
8926,10214_10215_10216_10210_10211_12531_10212_10213_19600
3847,10217
2254,10217
100249_16281_17576,10218_13120_9301_13410_10226_10442_20712_14634_100250_30049_7938_60489_13066_14480
3847,10219
5087,10220
18407_20091,10220
15218_15217_20145,10221
5267,10221
15905,10221
17748,10221
15159,10221
10001_19287_23046_23048,10221
43005,10221
15656_16401,10221
15919,10221
18284,10221
12123_54559_8909_26765_14904_11291_26729_30043_15286_18292_18293_5500_5501,10221
19589,10221
18296,10221
425,10222
17138,10222
10622_17264,10223
18496,10224
19586,10238_10228_10577_10484
5,10229
8757_19080,10229
10283_10460_30908_10427_10407_15601_10417_10661_10355_10306_10658_10319_10285_10286_10277_10500_10574_10398_10270_10664_10409_10461_10501_10402_10483_10729_19422_19423_19420_19421_19769_19766_19181_100284_17616,10363_10506_10251_10352_10313_10347_10250_10322_10326_10487_10447_10453_10510_10236_10660_10361_10656_49222_10300_10488_10307_10324_10429_10451_10289_10508_30907_10497_10430_10230_10329_10266_10393_10509_10452_10256_10231_10344_10450_10489_10413_10309
17574,10232
14097,10232
14966_32588_30061_14240_20341,10233
20119,10235
2320,10237
20119,10237
15159,10237
43005,10237
15338,10237
20491,10239
20119,10239
14992_30031_13527_15148_15146,10239
44749,13183_14026_14614_13450_32811_14872_9758_10241_13807_10690_16293
100103_100102_100104_100101_8824,10242
425,10243
15132,10243
3847,10244
16160,10632_33369_33371_10472_14477_32598_10396_32768_33361_13389_14859_14392_33373_32752_32657_14593_32663_14947_13388_14377_32808_14895_30059_13387_32880_33363_32678_13989_33366_10375_13277_33362_14917_14921_14933_14942_30054_14607_14595_14133_33370_14201_32918_14949_32813_14533_14598_10246_33368_15025_14371_54845_14360_13056_13801_14718_14719_32812_32858_30072_14505_14199_14003_14328_15000_33367_33372_15002_12245_30856_32710_32725_33364_33365_14868_29138_32822_12812_32895_14625_34106_33374_100079_14916_14647_100062_25353
100148,10632_33369_33371_10472_14477_32598_10396_32768_33361_13389_14859_14392_33373_32752_32657_14593_32663_14947_13388_14377_32808_14895_30059_13387_32880_33363_32678_13989_33366_10375_13277_33362_14917_14921_14933_14942_30054_14607_14595_14133_33370_14201_32918_14949_32813_14533_14598_10246_33368_15025_14371_54845_14360_13056_13801_14718_14719_32812_32858_30072_14505_14199_14003_14328_15000_33367_33372_15002_12245_30856_32710_32725_33364_33365_14868_29138_32822_12812_32895_14625_34106_33374_100079_14916_14647_100062_25353
15920,18544_10247
425,10248_10737
23603,10248_10737
14701_12716_32835_8472_32721_8471_12019_10073_19667_16761,10248_10737
11845_12441_11851_11847_8000_12440_11850_12715_100246_13344_12210_12303_12331,10253
11123_12919_7454_5147_10861_10862_10863_10864_10950_11016_11033_11068_11167_11168_11302_11572_12422_12920_12921_12961_13078,10255
23122,10257_10405
2320,10258
20119,10258
16565,10258
3847,10260
2320,12413_10261_13734_10671_14229_16073
20119,12413_10261_13734_10671_14229_16073
15336,12413_10261_13734_10671_14229_16073
15159,12413_10261_13734_10671_14229_16073
43005,12413_10261_13734_10671_14229_16073
3847,10262
2320,10263
20119,10263
17007,10263
15159,10263
3689,10263
43005,10263
577,10263
4,10264
15770_16553,10264
15129_15130,10264
18398,10264
7087_13900_16241,10264
425,10264
3847,10267
18838,10268
18496,10268
20042,10268
20216,10269
20247,10269
4348,10269
15953,10269
2320,10283_10460_30908_10427_10407_15601_10417_10661_10355_10306_10658_10319_10285_10286_10277_10500_10574_10398_10270_10664_10409_10461_10501_10402_10483_10729_19422_19423_19420_19421_19769_19766_19181_100284_17616
43005,10283_10460_30908_10427_10407_15601_10417_10661_10355_10306_10658_10319_10285_10286_10277_10500_10574_10398_10270_10664_10409_10461_10501_10402_10483_10729_19422_19423_19420_19421_19769_19766_19181_100284_17616
15159,10283_10460_30908_10427_10407_15601_10417_10661_10355_10306_10658_10319_10285_10286_10277_10500_10574_10398_10270_10664_10409_10461_10501_10402_10483_10729_19422_19423_19420_19421_19769_19766_19181_100284_17616
20119,10283_10460_30908_10427_10407_15601_10417_10661_10355_10306_10658_10319_10285_10286_10277_10500_10574_10398_10270_10664_10409_10461_10501_10402_10483_10729_19422_19423_19420_19421_19769_19766_19181_100284_17616
2320,10271
20042,10271
10683,10271
17007,10271
4952,10273
3847,10276
20119,10278
15159,10278
43005,10278
15655,10278
16612,10278
19690,10279
19289,10279
19695_19696,10279
8340,10280
16326,10281
17738,10281
15920,10281
16118,10281
16325,10281
9294_13291_10598_13091_10362_9868_9295_9293_9290_9291_2413_2412,10281
17010,10283_10460_30908_10427_10407_15601_10417_10661_10355_10306_10658_10319_10285_10286_10277_10500_10574_10398_10270_10664_10409_10461_10501_10402_10483_10729_19422_19423_19420_19421_19769_19766_19181_100284_17616
2320,10284
43005,10284
15159,10284
20119,10284
17916,14302_12928_14568_12867_12766_13132_13239_11489_11785_11339_14304_10044_13962_11408_14018_12213_14644_12448_12787_14282_11532_12866_11445_14015_12639_12181_14295_8438_13552_14020_10043_11803_13165_13551_13342_11006_10047_14882_14016_12476_10287_12256_13048_10418_13179_14729_13401_10046_14303_11992_13737_11522_14024_12334_12453_8437_12643_10733_11862_14305_10878_19064
15129_15130,10288
334,10290_11635
3847,10292
16619_16535_15884,10293
18035,10293
425,10294
8742_18542_28226,10294
17198,10295
19313,10295
18035,10295
19520,10295
10001_19287_23046_23048,10295
14083_13288_12987_13287_13289_20729_14840_13290_11096_16462_15977,33541_14280_13500_14278_10296_33542_32723_14597_14727_8856_54696_32599_20849_32763_30858_30013_10504_14453_12426_10386_32803_14491_13427_14222_14981_13953_21094_30898_30973_30981
16088,10298
16088,10299
19111,8554_13794_11173_5029_10301
2320,10302
19117,10302
10001_19287_23046_23048,10302
19290,10302
15651,10302
20276_20270,10302
5364,10304_11314
2320,10305
15159,10305
15327,10305
43005,10305
456,10305
15920,10305
100241,10308
17198,10310
11482_14396_11702_11003_14100_13479_11400_12808_11095_13848_13261_12745_12704_13371_32592_12744_7269_11840_13168_10951_12362_13373_12667_12062_13147_10542_11541_13339_14073_12746_14095_13262_11094_5021_11425_11567_12364_13030_13198_13211_5200,10311
16899,10311
3847,10312
20340,10314
44200,10315
10283_10460_30908_10427_10407_15601_10417_10661_10355_10306_10658_10319_10285_10286_10277_10500_10574_10398_10270_10664_10409_10461_10501_10402_10483_10729_19422_19423_19420_19421_19769_19766_19181_100284_17616,10317
16160,10283_10460_30908_10427_10407_15601_10417_10661_10355_10306_10658_10319_10285_10286_10277_10500_10574_10398_10270_10664_10409_10461_10501_10402_10483_10729_19422_19423_19420_19421_19769_19766_19181_100284_17616
100146,10283_10460_30908_10427_10407_15601_10417_10661_10355_10306_10658_10319_10285_10286_10277_10500_10574_10398_10270_10664_10409_10461_10501_10402_10483_10729_19422_19423_19420_19421_19769_19766_19181_100284_17616
20836,10440_10341_10342_10321_10449
2320,10323
43005,10323
15159,10323
20119,10323
20119,10325
15920,10327
19213,10327
16513,10328
5087,10330
20240,10330
3847,10331_11817_12009_12010_12147_12585_12628_12788_13765
5010,10331_11817_12009_12010_12147_12585_12628_12788_13765
2320,10332
43005,10332
15159,10332
20119,10332
15218_15217_20145,10333
20119,10333
15159,10333
15220,10333
43005,10333
7495_7496_13928_13813_12789_10983_14019_14033_14627_3441_44807,10334
761,10334
19589,10334
508,10334
20119,10337
17118,10337
8455_9673_10056_9672_11585_11436_9669_19079_1516_16224_14753_18218,10338
18451,10338
17663,10339
20119,10339
15653,10339
20573,10340_10343
19117,7487_10843_12168_10348_11418_11689_11747
5489,7487_10843_12168_10348_11418_11689_11747
9299,54850_13689_20857_10349_32590_54666_24463
5387_19852_19851,12689_12861_10350_30870_44777_54862_14322_44317_13065_14844_10706_10373_32881_44776_30939_14843_14321_12169_30985
20768,10353
20119,10353
15159,10353
43005,10353
19589,10353
2320,10354
15778,10354
15150,10354
20119,10354
5420_16412_15777,10354
17916,10354
10714_17221_17223_17222_17226,10354
15962,10356
20605,10619_10358_20720
2320,10364
761,10364
20119,10364
17004,10364
9711,10365
19697,10367
3778,10368
12015_9762_8654_8106_13903_5712,10435_10369_10693
12398_12507_8374_19118,10371
44330_13827_13828_7868_21022_17658,10632_33369_33371_10472_14477_32598_10396_32768_33361_13389_14859_14392_33373_32752_32657_14593_32663_14947_13388_14377_32808_14895_30059_13387_32880_33363_32678_13989_33366_10375_13277_33362_14917_14921_14933_14942_30054_14607_14595_14133_33370_14201_32918_14949_32813_14533_14598_10246_33368_15025_14371_54845_14360_13056_13801_14718_14719_32812_32858_30072_14505_14199_14003_14328_15000_33367_33372_15002_12245_30856_32710_32725_33364_33365_14868_29138_32822_12812_32895_14625_34106_33374_100079_14916_14647_100062_25353
15920,10632_33369_33371_10472_14477_32598_10396_32768_33361_13389_14859_14392_33373_32752_32657_14593_32663_14947_13388_14377_32808_14895_30059_13387_32880_33363_32678_13989_33366_10375_13277_33362_14917_14921_14933_14942_30054_14607_14595_14133_33370_14201_32918_14949_32813_14533_14598_10246_33368_15025_14371_54845_14360_13056_13801_14718_14719_32812_32858_30072_14505_14199_14003_14328_15000_33367_33372_15002_12245_30856_32710_32725_33364_33365_14868_29138_32822_12812_32895_14625_34106_33374_100079_14916_14647_100062_25353
14411_11300_14982_14183_12021_12045_8053_12995_13604_13508_32941_12154_9713_14177_1384_12227_12228_12229_12230_12388_12389_12469_12932_13603,10685_10377
15364_15358,10378
19586,10378
21944,10378
19213,10379
20605,10379
19219,10379
15920,10379
4736,10379
3847,10380
3847,10381
2254,10382
16612,10382
2320,10383_23178_23179_23180
16565,10383_23178_23179_23180
20119,10383_23178_23179_23180
15159,10383_23178_23179_23180
5027,10383_23178_23179_23180
17656,10383_23178_23179_23180
17663,10383_23178_23179_23180
43005,10383_23178_23179_23180
20253,10383_23178_23179_23180
5345,10423_10384_10458
20605,10385
10627,10385
425,33541_14280_13500_14278_10296_33542_32723_14597_14727_8856_54696_32599_20849_32763_30858_30013_10504_14453_12426_10386_32803_14491_13427_14222_14981_13953_21094_30898_30973_30981
10389_17905,33541_14280_13500_14278_10296_33542_32723_14597_14727_8856_54696_32599_20849_32763_30858_30013_10504_14453_12426_10386_32803_14491_13427_14222_14981_13953_21094_30898_30973_30981
20590,33541_14280_13500_14278_10296_33542_32723_14597_14727_8856_54696_32599_20849_32763_30858_30013_10504_14453_12426_10386_32803_14491_13427_14222_14981_13953_21094_30898_30973_30981
7295_15587,10388
17304,10390_18138
19589,10390_18138
15327,10390_18138
19803,10391
19213,10392
3689,10392
17688,10392
20106,10392
15920,10392
16118,10392
9294_13291_10598_13091_10362_9868_9295_9293_9290_9291_2413_2412,10392
15920,18463_10395_18464
19236,18463_10395_18464
44976,18463_10395_18464
19743,18463_10395_18464
100039,10632_33369_33371_10472_14477_32598_10396_32768_33361_13389_14859_14392_33373_32752_32657_14593_32663_14947_13388_14377_32808_14895_30059_13387_32880_33363_32678_13989_33366_10375_13277_33362_14917_14921_14933_14942_30054_14607_14595_14133_33370_14201_32918_14949_32813_14533_14598_10246_33368_15025_14371_54845_14360_13056_13801_14718_14719_32812_32858_30072_14505_14199_14003_14328_15000_33367_33372_15002_12245_30856_32710_32725_33364_33365_14868_29138_32822_12812_32895_14625_34106_33374_100079_14916_14647_100062_25353
17746,10632_33369_33371_10472_14477_32598_10396_32768_33361_13389_14859_14392_33373_32752_32657_14593_32663_14947_13388_14377_32808_14895_30059_13387_32880_33363_32678_13989_33366_10375_13277_33362_14917_14921_14933_14942_30054_14607_14595_14133_33370_14201_32918_14949_32813_14533_14598_10246_33368_15025_14371_54845_14360_13056_13801_14718_14719_32812_32858_30072_14505_14199_14003_14328_15000_33367_33372_15002_12245_30856_32710_32725_33364_33365_14868_29138_32822_12812_32895_14625_34106_33374_100079_14916_14647_100062_25353
18097,10632_33369_33371_10472_14477_32598_10396_32768_33361_13389_14859_14392_33373_32752_32657_14593_32663_14947_13388_14377_32808_14895_30059_13387_32880_33363_32678_13989_33366_10375_13277_33362_14917_14921_14933_14942_30054_14607_14595_14133_33370_14201_32918_14949_32813_14533_14598_10246_33368_15025_14371_54845_14360_13056_13801_14718_14719_32812_32858_30072_14505_14199_14003_14328_15000_33367_33372_15002_12245_30856_32710_32725_33364_33365_14868_29138_32822_12812_32895_14625_34106_33374_100079_14916_14647_100062_25353
15653,10397
20070,10397
17004,10399
761,10399
10613,10399
15327,10399
727,10400
18549,10400
16830,10401
18222,10283_10460_30908_10427_10407_15601_10417_10661_10355_10306_10658_10319_10285_10286_10277_10500_10574_10398_10270_10664_10409_10461_10501_10402_10483_10729_19422_19423_19420_19421_19769_19766_19181_100284_17616
43209,10403
15327,10403
19290,10403
24255,10403
19589,10403
16612,10404
10283_10460_30908_10427_10407_15601_10417_10661_10355_10306_10658_10319_10285_10286_10277_10500_10574_10398_10270_10664_10409_10461_10501_10402_10483_10729_19422_19423_19420_19421_19769_19766_19181_100284_17616,10406
43008,10408
17434,10408
15246,10408
20119,10412
19948,10415_10414
3847,10416
17118,10283_10460_30908_10427_10407_15601_10417_10661_10355_10306_10658_10319_10285_10286_10277_10500_10574_10398_10270_10664_10409_10461_10501_10402_10483_10729_19422_19423_19420_19421_19769_19766_19181_100284_17616
17912,14302_12928_14568_12867_12766_13132_13239_11489_11785_11339_14304_10044_13962_11408_14018_12213_14644_12448_12787_14282_11532_12866_11445_14015_12639_12181_14295_8438_13552_14020_10043_11803_13165_13551_13342_11006_10047_14882_14016_12476_10287_12256_13048_10418_13179_14729_13401_10046_14303_11992_13737_11522_14024_12334_12453_8437_12643_10733_11862_14305_10878_19064
425,10420
60729_8319_1676,10420
14083_13288_12987_13287_13289_20729_14840_13290_11096_16462_15977,10421
12580_1437_18483,13712_24465_10424
20212,10425
763,10425
12200_13027_54832_12199_7378_20364_20214,10426
766,10426
2320,10428
19117,10428
15159,10428
5027,10428
43005,10428
762,10428
508,10428
17009,10428
100240,10432
20573,12369_12835_10433_11138_11520_11560_11807_11942_11943_11944_12036_12361_12403_12404_12584_12834_12836_12884_13152
18078,10434
762,10436
10283_10460_30908_10427_10407_15601_10417_10661_10355_10306_10658_10319_10285_10286_10277_10500_10574_10398_10270_10664_10409_10461_10501_10402_10483_10729_19422_19423_19420_19421_19769_19766_19181_100284_17616,10436
2320,10437
30020_33570_14775_33533_32712_14781_54741_33534_30006_32679_54654_30008_20727_33631_54742_32726_30017_30007_54677_54781_33537_33569_14269_732_33566,10437
18157,10437
19058,10437
3847,10439
15220,10441
508,10441
12983_14669_12464_13002_7362_14427_10905_11987_10969_13348_14153_14372_11355_12483_11395_13786_11564_11143_14068_15993,10443
14285_9134_7109_9135_13355_19403_20337,10444
16361,10444
100089,10444
20208,10446
13542_9649_11784_16820_12122,10448
43007,10448
10283_10460_30908_10427_10407_15601_10417_10661_10355_10306_10658_10319_10285_10286_10277_10500_10574_10398_10270_10664_10409_10461_10501_10402_10483_10729_19422_19423_19420_19421_19769_19766_19181_100284_17616,10454
18814,10455
17886,10456
2320,10457
15333,10457
100124,10457
44976,10457
19627_20194,10283_10460_30908_10427_10407_15601_10417_10661_10355_10306_10658_10319_10285_10286_10277_10500_10574_10398_10270_10664_10409_10461_10501_10402_10483_10729_19422_19423_19420_19421_19769_19766_19181_100284_17616
20119,10462
20119,10463
20119,10464
17118,10464
2320,13563_10466_14165_100247
15905,13563_10466_14165_100247
17748,13563_10466_14165_100247
10632_33369_33371_10472_14477_32598_10396_32768_33361_13389_14859_14392_33373_32752_32657_14593_32663_14947_13388_14377_32808_14895_30059_13387_32880_33363_32678_13989_33366_10375_13277_33362_14917_14921_14933_14942_30054_14607_14595_14133_33370_14201_32918_14949_32813_14533_14598_10246_33368_15025_14371_54845_14360_13056_13801_14718_14719_32812_32858_30072_14505_14199_14003_14328_15000_33367_33372_15002_12245_30856_32710_32725_33364_33365_14868_29138_32822_12812_32895_14625_34106_33374_100079_14916_14647_100062_25353,13563_10466_14165_100247
15656_16401,13563_10466_14165_100247
18284,13563_10466_14165_100247
18296,13563_10466_14165_100247
762,10467
17010,10467
20836,10469
14343_9629_15426,10470
12123_54559_8909_26765_14904_11291_26729_30043_15286_18292_18293_5500_5501,10632_33369_33371_10472_14477_32598_10396_32768_33361_13389_14859_14392_33373_32752_32657_14593_32663_14947_13388_14377_32808_14895_30059_13387_32880_33363_32678_13989_33366_10375_13277_33362_14917_14921_14933_14942_30054_14607_14595_14133_33370_14201_32918_14949_32813_14533_14598_10246_33368_15025_14371_54845_14360_13056_13801_14718_14719_32812_32858_30072_14505_14199_14003_14328_15000_33367_33372_15002_12245_30856_32710_32725_33364_33365_14868_29138_32822_12812_32895_14625_34106_33374_100079_14916_14647_100062_25353
15656_16401,10632_33369_33371_10472_14477_32598_10396_32768_33361_13389_14859_14392_33373_32752_32657_14593_32663_14947_13388_14377_32808_14895_30059_13387_32880_33363_32678_13989_33366_10375_13277_33362_14917_14921_14933_14942_30054_14607_14595_14133_33370_14201_32918_14949_32813_14533_14598_10246_33368_15025_14371_54845_14360_13056_13801_14718_14719_32812_32858_30072_14505_14199_14003_14328_15000_33367_33372_15002_12245_30856_32710_32725_33364_33365_14868_29138_32822_12812_32895_14625_34106_33374_100079_14916_14647_100062_25353
18288,10632_33369_33371_10472_14477_32598_10396_32768_33361_13389_14859_14392_33373_32752_32657_14593_32663_14947_13388_14377_32808_14895_30059_13387_32880_33363_32678_13989_33366_10375_13277_33362_14917_14921_14933_14942_30054_14607_14595_14133_33370_14201_32918_14949_32813_14533_14598_10246_33368_15025_14371_54845_14360_13056_13801_14718_14719_32812_32858_30072_14505_14199_14003_14328_15000_33367_33372_15002_12245_30856_32710_32725_33364_33365_14868_29138_32822_12812_32895_14625_34106_33374_100079_14916_14647_100062_25353
18284,10632_33369_33371_10472_14477_32598_10396_32768_33361_13389_14859_14392_33373_32752_32657_14593_32663_14947_13388_14377_32808_14895_30059_13387_32880_33363_32678_13989_33366_10375_13277_33362_14917_14921_14933_14942_30054_14607_14595_14133_33370_14201_32918_14949_32813_14533_14598_10246_33368_15025_14371_54845_14360_13056_13801_14718_14719_32812_32858_30072_14505_14199_14003_14328_15000_33367_33372_15002_12245_30856_32710_32725_33364_33365_14868_29138_32822_12812_32895_14625_34106_33374_100079_14916_14647_100062_25353
17740,10632_33369_33371_10472_14477_32598_10396_32768_33361_13389_14859_14392_33373_32752_32657_14593_32663_14947_13388_14377_32808_14895_30059_13387_32880_33363_32678_13989_33366_10375_13277_33362_14917_14921_14933_14942_30054_14607_14595_14133_33370_14201_32918_14949_32813_14533_14598_10246_33368_15025_14371_54845_14360_13056_13801_14718_14719_32812_32858_30072_14505_14199_14003_14328_15000_33367_33372_15002_12245_30856_32710_32725_33364_33365_14868_29138_32822_12812_32895_14625_34106_33374_100079_14916_14647_100062_25353
15110,10473
20119,10473
10672,24552_10494_10474
15778,10475
425,10475
44331_16408_19858_18612_16410_15792_16409,10475
43005,10477
100000,10477
734,10477
17749,10478
15220,10478
15656_16401,10478
18284,10478
12123_54559_8909_26765_14904_11291_26729_30043_15286_18292_18293_5500_5501,10478
18296,10478
105,10480
5492,10481
19293,10481
17635,10482
100146,10482
15159,10485
12413_10261_13734_10671_14229_16073,10485
15329,10485
43005,10485
425,10485
2320,10490
15159,10490
15327,10490
43005,10490
12123_54559_8909_26765_14904_11291_26729_30043_15286_18292_18293_5500_5501,10490
15656_16401,10490
18284,10490
17740,10490
17009,10491
425,10491
17581,10491
762,10491
17824,10492
14394_13217_32668_12529_32669_44309_12937_13216_13964_12938_12925_7110_14245_12924_60662_32670_44310_12939_15253_11636,11639_10493
18053,14841_32806_10495_21013
2320,10496
20119,10496
15159,10496
15329,10496
43005,10496
2320,10498
19117,10498
15905,10498
19240,10498
508,10498
20119,10502
3778,33541_14280_13500_14278_10296_33542_32723_14597_14727_8856_54696_32599_20849_32763_30858_30013_10504_14453_12426_10386_32803_14491_13427_14222_14981_13953_21094_30898_30973_30981
2320,10505
15159,10505
19695_19696,10505
508,10505
2320,10507
20119,10507
15159,10507
43005,10507
762,10507
17010,10507
18801,10511
20119,10512_30909
18814,10514
3847,10515
10263,10516
32914_12748_14030_14215_14193_13854_14123_12978_12088_32664_13174_9484_32757_32874_32637_14192_13979_12906_14465_13434_14909_32872_13525_14202_14750_14910_54843_13940_14211_14216_32924_12918_14378_14203_12979_12085_12571_14657_13435_11718_33204_16575_12087_12844,10517
18035,10518
15945,10518
19305,10518
20118,10518
24255,10518
15131,10518
425,10518
20042,10519
19050_4781_44348_44349,10519
16513,10519
16980,10519
577,10519
20768,10520
18965,10520
7094_10521_15008_21547_7538_8770_8772_14560_32717_14540_8771_7092_19507_15047_15048,10522
15135,10523
20215,10523
18782,10523
24255,10523
15938,10523
15710,10523
2320,10524_20721
19157_20099,10524_20721
16612,10524_20721
577,10524_20721
16803,10524_20721
19351,10525
2320,10526
20127,10526
15905,10526
19313,10526
44976,10526
19520,10526
16326,10526
16341,10526
15327,10526
19743,10526
20228,10526
24255,10526
19293,10526
16397,10526
19255,10526
43218,10526
20279,10526
2320,10527
20119,10527
15159,10527
12413_10261_13734_10671_14229_16073,10527
43005,10527
3847,10528
20119,10529_10548_10534
16612,10529_10548_10534
2320,10531
19117,10531
24623_18751,10531
23603,10531
10001_19287_23046_23048,10531
508,10531
15335,10531
2320,10532
8455_9673_10056_9672_11585_11436_9669_19079_1516_16224_14753_18218,10532
24257,10532
32778_8823_100218_60486_15168,10532
20768,10533
20119,10533
15327,10533
16612,10533
19236,10533
19589,10533
2320,10535
15331,10535
19117,10535
20175,10535
15950,10535
3847,10536
2320,10537
16565,10537
20158,10537
20119,10537
15159,10537
43005,10537
19066,10538
2320,10539
14651_8673_18237_21764,10539
12516_9559_14608_15483,10539
20119,10539
24623_18751,10539
15159,10539
15334,10539
43005,10539
19268,10540
24255,10540
20119,10540
19703,10541
16335,10543
15905,10543
44724_9787_12435_9611_44723_9610_17359,10543
15134,10543
9637,10543
18120_18118_18119_18117,10543
20233,10545
20119,10545
15336,10545
43007,10545
3847,10546
20119,10547
16612,10547
3847,10552
3847,10553
24623_18751,10554
23603,10554
43008,10554
15620,10554
15335,10554
20232,10555_20603_10556
15905,10555_20603_10556
19240,10555_20603_10556
23603,10555_20603_10556
10823_7321_9112_26782_8972_14743_15776_15775_19701_8973,10555_20603_10556
425,10555_20603_10556
20241,10557
425,10557
43218,10557
1898,10557
16565,10558
19589,10558
20241,10558
17140,10559
20339,10559
24623_18751,10560
16044_16064,10560
15335,10560
2320,10561
16565,10561
20119,10561
5027,10561
23603,10561
5392,10561
15211,10562
20605,10563
10566_10335_10245_21155,10563
14677_9003_13465_9875_18852,10563
14,10564
5328,10565_8610
13129_11193_455,10567
425,10567
19117,10568
15368,10568
15945,10568
15220,10568
15655,10568
2254,10568
17140,10569
2320,10570
14651_8673_18237_21764,10570
20119,10570
16643,10570
21635,10570
17762,10572
100237,10572
43007,10572
15327,10572
3847,10573
17121,10283_10460_30908_10427_10407_15601_10417_10661_10355_10306_10658_10319_10285_10286_10277_10500_10574_10398_10270_10664_10409_10461_10501_10402_10483_10729_19422_19423_19420_19421_19769_19766_19181_100284_17616
19589,10575
24623_18751,10576
19586,10576
2467,10576
20768,10578
20119,10578
18609,10578
16802,10578
20265,10578
24237,10578
19589,10578
4884,10578
20215,10579
16423_16422_9411_10012_17278,10580
19126,10580
15709,10580
19787_15174_33862,10580
16383,10581
425,10581
10248_10737,10583
9130,10583
100152,10584
425,10584
425,10585
16619_16535_15884,10585
425,10586
7842_20066_20521_20522,10586
425,10587
9176,10587
11592_7589_33123_13218_14652_11151_19516,10588
425,10588
21005,10589
19313,10589
10297_10318_10590_2010_10316_10366,10589
19520,10589
425,10589
2320,10297_10318_10590_2010_10316_10366
15159,10297_10318_10590_2010_10316_10366
15246,10297_10318_10590_2010_10316_10366
43005,10297_10318_10590_2010_10316_10366
100000,10297_10318_10590_2010_10316_10366
2921_19952_18701,10591
15218_15217_20145,10592
19294,10592
20119,10592
20237,10592
20063,10592
23603,10592
10001_19287_23046_23048,10592
20272,10592
43007,10592
3847,10594
21145,10594
4983,10595
18393,10595
14005_18013_18904_2461,10596
3847,10597
20693,9294_13291_10598_13091_10362_9868_9295_9293_9290_9291_2413_2412
3847,10599
18305,10600
44976,10604_10602_15720_15719_18660_15721_15715_15716_15717
21181,10604_10602_15720_15719_18660_15721_15715_15716_15717
2243,10604_10602_15720_15719_18660_15721_15715_15716_15717
425,10604_10602_15720_15719_18660_15721_15715_15716_15717
10604_10602_15720_15719_18660_15721_15715_15716_15717,10603
3847,10605
5711,10606
18677,10607
3847,10608
15220,10610
16349,10611
17140,10611
20119,10612
19227,10613
44976,10613
16381,10614
2320,10617
15159,10617
508,10617
7796_16390_20798,10618
20604,10619_10358_20720
9071,10620
2320,10621
15331,10621
19117,10621
631,10621
10555_20603_10556,10621
21454,10621
43008,10621
17269,10621
15950,10621
5073_44794,10621
19256,10622_17264
20605,10622_17264
15947_17262_17263,10622_17264
44976,10622_17264
3847,10623
3778,10625
425,11985_11971_11735_10626_11528_3947
15975,11985_11971_11735_10626_11528_3947
33541_14280_13500_14278_10296_33542_32723_14597_14727_8856_54696_32599_20849_32763_30858_30013_10504_14453_12426_10386_32803_14491_13427_14222_14981_13953_21094_30898_30973_30981,10627
11337_11336_13135_9974_12146_15541_15542_33557,10627
425,10627
13081_14054_16537,10627
3847,10628
3847,10629
3847,10630
2320,10631
10001_19287_23046_23048,10631
15651,10631
6600_19288,10631
20247,10631
20233,10631
20276_20270,10631
19117,10633
18174,10633
5283,10633
3847,10634
3847,10636
136,10637
19268,10638
24255,10638
20119,10638
5087,10639
20119,10639
10788,10640
17007,10641
19723,10641
10298,10642
5059,10643
3634,10644
2320,10645
15218_15217_20145,10645
19216,10645
20230,10645
15327,10645
20280,10645
15920,10645
15962,10645
425,10646
20242,10646
4983,56795_10647_25354
18393,56795_10647_25354
20219,10649
9576,10649
2320,10650
15218_15217_20145,10650
20119,10650
23603,10650
18233,10650
43008,10650
16400,10651
15920,10651
4689,10651
19282,10651
17762,10651
20119,10652
2320,10653
20119,10653
15159,10653
15246,10653
43005,10653
17663,10654
15921,10654
20119,10654
2320,10655
43005,10655
15159,10655
100000,10655
10283_10460_30908_10427_10407_15601_10417_10661_10355_10306_10658_10319_10285_10286_10277_10500_10574_10398_10270_10664_10409_10461_10501_10402_10483_10729_19422_19423_19420_19421_19769_19766_19181_100284_17616,10184_10183_10185_10657_13925
19213,10184_10183_10185_10657_13925
20119,10659
18609,10283_10460_30908_10427_10407_15601_10417_10661_10355_10306_10658_10319_10285_10286_10277_10500_10574_10398_10270_10664_10409_10461_10501_10402_10483_10729_19422_19423_19420_19421_19769_19766_19181_100284_17616
2320,10662
43005,10662
15159,10662
20119,10662
16980,10663
2320,10665
20119,10665
16565,10665
20119,10667
2320,10668
19694,10668
20119,10668
23603,10668
15246,10668
20119,10670
18924,12413_10261_13734_10671_14229_16073
2320,10672
15331,10672
19294,10672
20119,10672
12413_10261_13734_10671_14229_16073,10672
15246,10672
24255,10672
3847,10673
20158,10674_9659_9660_9661_11093_9662_16316_16315_18937_18938_1586_19249_19302_17171_17172
16326,10674_9659_9660_9661_11093_9662_16316_16315_18937_18938_1586_19249_19302_17171_17172
15920,10674_9659_9660_9661_11093_9662_16316_16315_18937_18938_1586_19249_19302_17171_17172
11486_12279_19950_20121_23595_18281,10675
11486_12279_19950_20121_23595_18281,10676
11486_12279_19950_20121_23595_18281,10677
11486_12279_19950_20121_23595_18281,10678
20259,10679
11482_14396_11702_11003_14100_13479_11400_12808_11095_13848_13261_12745_12704_13371_32592_12744_7269_11840_13168_10951_12362_13373_12667_12062_13147_10542_11541_13339_14073_12746_14095_13262_11094_5021_11425_11567_12364_13030_13198_13211_5200,10679
16899,10679
16830,10680
425,10680
21106,10680
16196,10680
3847,10681
16022,9696_14545_12904_14521_14685_13526_30936_30034_12721_10682_18126_20074
20605,9696_14545_12904_14521_14685_13526_30936_30034_12721_10682_18126_20074
16154,10683
8048_15705_18947,10683
20119,10683
2921_19952_18701,10683
16106,10684
16112,10684
43005,10686
15159,10686
15356,10686
19589,10686
8171,10687
15218_15217_20145,10691
20768,10691
20119,10691
20225,10691
20247,10691
19589,10691
3847,10692
12015_9762_8654_8106_13903_5712,10694
3847,10695
3847,10696
19015,10696
3847,10697
43878,9786_15011_12543_10698_14571_24569_8133_33549_3608_11536
20119,9786_15011_12543_10698_14571_24569_8133_33549_3608_11536
18609,9786_15011_12543_10698_14571_24569_8133_33549_3608_11536
4884,9786_15011_12543_10698_14571_24569_8133_33549_3608_11536
19236,14866_12012_33850_11890_11687_12014_13758_11569_13753_10550_12640_11903_8961_14154_10877_10699_32728_7790_11527_14665_11633_12231_13644_11066_11091_11916_14735_14467_11085_11889_12096_11570_11894_10949_36484_14733_14117_14012_10549_10551_14736_11113_7311_11534_11901_10995_13338_14208_14726_13212_7307_14074_12250_11902_14566_14511_10479_7309_10689_11475_14836_54833_11674_13959_11909_7308_11675_19011_18993_15626_18995_18994_18778_44640
18609,14866_12012_33850_11890_11687_12014_13758_11569_13753_10550_12640_11903_8961_14154_10877_10699_32728_7790_11527_14665_11633_12231_13644_11066_11091_11916_14735_14467_11085_11889_12096_11570_11894_10949_36484_14733_14117_14012_10549_10551_14736_11113_7311_11534_11901_10995_13338_14208_14726_13212_7307_14074_12250_11902_14566_14511_10479_7309_10689_11475_14836_54833_11674_13959_11909_7308_11675_19011_18993_15626_18995_18994_18778_44640
15327,14866_12012_33850_11890_11687_12014_13758_11569_13753_10550_12640_11903_8961_14154_10877_10699_32728_7790_11527_14665_11633_12231_13644_11066_11091_11916_14735_14467_11085_11889_12096_11570_11894_10949_36484_14733_14117_14012_10549_10551_14736_11113_7311_11534_11901_10995_13338_14208_14726_13212_7307_14074_12250_11902_14566_14511_10479_7309_10689_11475_14836_54833_11674_13959_11909_7308_11675_19011_18993_15626_18995_18994_18778_44640
3847,10700
20768,9793_9642_33045_8267_13035_10702_9794_14932_10336_33375_54770_10176_9795_14413_8137_15375_12049_15421_15422
33281_8263_33004_13131_9889_4691_20642,9793_9642_33045_8267_13035_10702_9794_14932_10336_33375_54770_10176_9795_14413_8137_15375_12049_15421_15422
20119,9793_9642_33045_8267_13035_10702_9794_14932_10336_33375_54770_10176_9795_14413_8137_15375_12049_15421_15422
21029,9793_9642_33045_8267_13035_10702_9794_14932_10336_33375_54770_10176_9795_14413_8137_15375_12049_15421_15422
10001_19287_23046_23048,9793_9642_33045_8267_13035_10702_9794_14932_10336_33375_54770_10176_9795_14413_8137_15375_12049_15421_15422
15620,9793_9642_33045_8267_13035_10702_9794_14932_10336_33375_54770_10176_9795_14413_8137_15375_12049_15421_15422
22409,9793_9642_33045_8267_13035_10702_9794_14932_10336_33375_54770_10176_9795_14413_8137_15375_12049_15421_15422
19721_19720,9793_9642_33045_8267_13035_10702_9794_14932_10336_33375_54770_10176_9795_14413_8137_15375_12049_15421_15422
15920,10703
4739,10703
19213,10703
3847,10705
3847,10707
2320,10708
15650,10708
20119,10708
24623_18751,10708
15159,10708
23603,10708
43005,10708
15335,10708
17635,10709
20119,10709
15335,10710
5267,10711
18187,10711
19591_5152,10712
18727,10713
19046,10714_17221_17223_17222_17226
20119,10714_17221_17223_17222_17226
18609,10714_17221_17223_17222_17226
4884,10714_17221_17223_17222_17226
43005,10716
425,10716
9668,10716
19169,10717
17432,10718
18454,10718
3847,10719
19154,10720
17143,10720
3847,10721
12398_12507_8374_19118,10722
2320,10725
4579,10725
20248_1457,10725
425,10725
15218_15217_20145,10725
20244,10725
20119,10726
17656,10726
17663,10726
594,10726
100148,10726
20796_30116_14663_30118_20795_8394,10727
2320,10728
20119,10728
100237,10728
15159,10728
43005,10728
15338,10728
15131,10730
2320,20602_10265_10731
15620,20602_10265_10731
20119,20602_10265_10731
15945,20602_10265_10731
15159,20602_10265_10731
24623_18751,20602_10265_10731
23603,20602_10265_10731
15216,20602_10265_10731
43005,20602_10265_10731
15501,20602_10265_10731
19721_19720,20602_10265_10731
15496,20602_10265_10731
19716,20602_10265_10731
15880,20602_10265_10731
19589,10732
15150,14302_12928_14568_12867_12766_13132_13239_11489_11785_11339_14304_10044_13962_11408_14018_12213_14644_12448_12787_14282_11532_12866_11445_14015_12639_12181_14295_8438_13552_14020_10043_11803_13165_13551_13342_11006_10047_14882_14016_12476_10287_12256_13048_10418_13179_14729_13401_10046_14303_11992_13737_11522_14024_12334_12453_8437_12643_10733_11862_14305_10878_19064
18609,14302_12928_14568_12867_12766_13132_13239_11489_11785_11339_14304_10044_13962_11408_14018_12213_14644_12448_12787_14282_11532_12866_11445_14015_12639_12181_14295_8438_13552_14020_10043_11803_13165_13551_13342_11006_10047_14882_14016_12476_10287_12256_13048_10418_13179_14729_13401_10046_14303_11992_13737_11522_14024_12334_12453_8437_12643_10733_11862_14305_10878_19064
1835,14302_12928_14568_12867_12766_13132_13239_11489_11785_11339_14304_10044_13962_11408_14018_12213_14644_12448_12787_14282_11532_12866_11445_14015_12639_12181_14295_8438_13552_14020_10043_11803_13165_13551_13342_11006_10047_14882_14016_12476_10287_12256_13048_10418_13179_14729_13401_10046_14303_11992_13737_11522_14024_12334_12453_8437_12643_10733_11862_14305_10878_19064
19046,14302_12928_14568_12867_12766_13132_13239_11489_11785_11339_14304_10044_13962_11408_14018_12213_14644_12448_12787_14282_11532_12866_11445_14015_12639_12181_14295_8438_13552_14020_10043_11803_13165_13551_13342_11006_10047_14882_14016_12476_10287_12256_13048_10418_13179_14729_13401_10046_14303_11992_13737_11522_14024_12334_12453_8437_12643_10733_11862_14305_10878_19064
4884,14302_12928_14568_12867_12766_13132_13239_11489_11785_11339_14304_10044_13962_11408_14018_12213_14644_12448_12787_14282_11532_12866_11445_14015_12639_12181_14295_8438_13552_14020_10043_11803_13165_13551_13342_11006_10047_14882_14016_12476_10287_12256_13048_10418_13179_14729_13401_10046_14303_11992_13737_11522_14024_12334_12453_8437_12643_10733_11862_14305_10878_19064
3847,10734
16113_16115_16114,10735
24257,10735
17143,10735
5372,10735
3847,10739
3847,10740
14999_14901_7881_7129_14749_11477_5486_11265_12583,10741
15216,10742
43008,10742
15880,10742
17057,10120_8555_14837_8556_30867_14536_12775_10743_2049_4680
3847,10744
100089,10745
16492,10745
3847,10746
477,10747
17635,10747
18329,10747
15620,10748
2320,10749
20119,10749
15159,10749
43005,10749
15338,10749
18454,10750
19054,10750
3847,10751
10172,10752
43008,10752
8642,10752
15989,10753
24255,10754
20119,10754
19271,10754
19565,10756
3847,10757
2320,10758
20119,10758
15159,10758
43005,10758
25445,10758
18454,10759
15334,10759
3847,10760
428,13274_10761_10945_8378_12796_910_11272_13611_14692_10827_13175_44314_32604_33563_13469_13468_13052_14618_14687_14871_12943_54708_13402_14400_12363_10259_19200_13610_12523_14323_13780_8377_13437_44320_13425_10723_30071_11935_13413_12625_13414_13436_13314_12477_10320_13516_13395_11630_14653_14256_13407_13263_32689_11075_14093_10818_12463_10227_8379_13328_14345_32834_11137_14929_32940_13315_13447_10828_13405_13429_11974_12024_12367_15013_36482_10806_13312_32577_12813_10374_11259
4952,10762
15607,10767_10763
10595,10767_10763
33304,27048_10764
17966,16674_10765
16329,16674_10765
1967,16674_10765
4983,10767_10763
2259,10768
5853,10768
2478,10768
5565,10768
2149,10768
3847,10769
3847,10770
15110,10771
16335,10771
10788,10772
20478,10772
5015,10773
9637,10773
16117,10773
16794,10773
12662_29141_10169_13935_11186_13788_10984_10168_11748_32841_10170_14001_10171_11195_11558_19501_16484_16485_12968,9982_10775
3847,10776
3847,10777
100070,10778
2320,10779
16298,10779
16297,10779
16793,10779
9637,10780
16794,10780
3847,10781
11913_7088_11743_12153_7089_11194_12321_15140_4975_11561_11647_11777_12344_12609_12630_12631_14265_10422_14036_14316_100088,10783
3847,10784
5015,10785
20265,10785
19589,10785
16793,10785
19126,10786
15188,10786
16792,10786
16335,10787
16402,10787
19058,10787
19589,10787
20240,10787
20265,10787
20259,10787
8003_16810_5181,10787
16792,10787
20253,10787
16403,10787
15895,10787
2320,10788
16335,10788
16327,10788
20265,10788
16793,10788
20249,10788
43878,10788
4884,10788
16335,10789
16327,10789
16402,10789
19058,10789
4675,10789
19589,10789
20265,10789
16793,10789
16403,10789
16335,10790
16327,10790
19058,10790
4675,10790
16022,10790
20265,10790
16793,10790
9696_14545_12904_14521_14685_13526_30936_30034_12721_10682_18126_20074,10790
16403,10790
2254,10790
414,10790
16402,10790
866,10791
20504,10791
9637,10792
16794,10792
3847,10793
16402,10794
19058,10794
20265,10794
16793,10794
20281,10794
16403,10794
24276,10795
19157_20099,10797
16792,10797
15134,10797
577,10797
15188,10797
15895,10797
16795,10798
19743,10798
2320,10799
16298,10799
16793,10799
11502_9101_18105,10800
19694,10801
5015,10802
19705,10803
19692,10803
17919,10805
17234,10808
13600,10808
11996,10809
33640_20723_10931_10186_19642_9924_24299,10810
45012,10810
44976,10810
5043,10811
3105,10811
3847,10812
3847,10813
2254,10814
18232,10814
20042,10814
14701_12716_32835_8472_32721_8471_12019_10073_19667_16761,10815
23603,10815
508,10816
11764_11658_13625_8199_14604_11613_14233_11562_8200_14796_17279_5180_6966_828_10796_10360_11737_13167,10820_13060
2254,10821
16226,10821
2320,10824
20042,10824
508,10824
15218_15217_20145,10825
43008,10825
5267,10825
20158,10825
19117,11876_10826
414,11876_10826
20072,11876_10826
18831,10829
914_14768,10829
18639,10831
19117,10831
15220,10831
2320,10835
15159,10835
508,10835
5514,14426_12299_10836_12754
3847,10838
15362,10839
15655,10840
508,10840
16230_24291,10842
16229,10842
426,10842
15627,54680_10844_10964_9189_13591_7561_7562_12558_11109_11765_16648
10962_7758_14622_19272_6588_18865_17667_17673_17672_44663,10849
15824,10850_15416_15417
15412_15415_15418_15411,10850_15416_15417
2320,10851
15218_15217_20145,10851
19117,10851
15159,10851
43005,10851
508,10851
15338,10851
761,10852
3847,10853
10001_19287_23046_23048,10854
43008,10855
16894,10856
19741,10856
17160,10857
15059,10857
2320,10858
15150,10858
17914_17915,10858
15159,10858
43005,10858
508,10858
2320,10865
19117,10865
15159,10865
43005,10865
508,10865
15338,10865
17198,10866
24623_18751,10867
43008,10867
23603,10867
15335,10867
24257,10869
16191,10870
16108,10870
3847,10871
3847,10872
20491,10873
3847,10874
3847,10875
19294,10876
15360,14866_12012_33850_11890_11687_12014_13758_11569_13753_10550_12640_11903_8961_14154_10877_10699_32728_7790_11527_14665_11633_12231_13644_11066_11091_11916_14735_14467_11085_11889_12096_11570_11894_10949_36484_14733_14117_14012_10549_10551_14736_11113_7311_11534_11901_10995_13338_14208_14726_13212_7307_14074_12250_11902_14566_14511_10479_7309_10689_11475_14836_54833_11674_13959_11909_7308_11675_19011_18993_15626_18995_18994_18778_44640
2316,14866_12012_33850_11890_11687_12014_13758_11569_13753_10550_12640_11903_8961_14154_10877_10699_32728_7790_11527_14665_11633_12231_13644_11066_11091_11916_14735_14467_11085_11889_12096_11570_11894_10949_36484_14733_14117_14012_10549_10551_14736_11113_7311_11534_11901_10995_13338_14208_14726_13212_7307_14074_12250_11902_14566_14511_10479_7309_10689_11475_14836_54833_11674_13959_11909_7308_11675_19011_18993_15626_18995_18994_18778_44640
14302_12928_14568_12867_12766_13132_13239_11489_11785_11339_14304_10044_13962_11408_14018_12213_14644_12448_12787_14282_11532_12866_11445_14015_12639_12181_14295_8438_13552_14020_10043_11803_13165_13551_13342_11006_10047_14882_14016_12476_10287_12256_13048_10418_13179_14729_13401_10046_14303_11992_13737_11522_14024_12334_12453_8437_12643_10733_11862_14305_10878_19064,14866_12012_33850_11890_11687_12014_13758_11569_13753_10550_12640_11903_8961_14154_10877_10699_32728_7790_11527_14665_11633_12231_13644_11066_11091_11916_14735_14467_11085_11889_12096_11570_11894_10949_36484_14733_14117_14012_10549_10551_14736_11113_7311_11534_11901_10995_13338_14208_14726_13212_7307_14074_12250_11902_14566_14511_10479_7309_10689_11475_14836_54833_11674_13959_11909_7308_11675_19011_18993_15626_18995_18994_18778_44640
43008,10879
2254,10879
23603,10879
14701_12716_32835_8472_32721_8471_12019_10073_19667_16761,10879
23603,10881
16907,10881
19695_19696,10881
17432,10882
17434,10882
43008,10883
19285,10883
8031_8030_1347,10884
3847,10885
2320,10886
19117,10886
16901,10886
19066,10886
508,10886
19280,10887
5133,10888
24471,10889
2320,10890
15159,10890
15335,10890
508,10890
15620,10891
3664,10891
577,10891
6025,10895
24255,10895
3847,10896
5328,10896
5115,10898
30,12474_14002_11545_10899_11297_20300
11715_13871_14350_13922_13443_8869_14991_14767_13358_19342,10900
2254,10901
14701_12716_32835_8472_32721_8471_12019_10073_19667_16761,10902
3847,10904
16044_16064,14772_13378_10927_7335_12142_13466_10906_358_29145_11276_12022_12478_13023
23603,14772_13378_10927_7335_12142_13466_10906_358_29145_11276_12022_12478_13023
17350,10907
4907,10908
21147,10908
19117,10910_10941_22
17824,10911_3430_6388
21148,10911_3430_6388
17143,10911_3430_6388
21124,10911_3430_6388
5372,10911_3430_6388
14538_12262_11181_21083_7614,10912
15509,10913_18808
15213,10913_18808
6322,10913_18808
15515,10914
33281_8263_33004_13131_9889_4691_20642,10916
5579,10918
3847,10919
18562,10920
19755,10920
2436,10921_2378_15380_40700
24623_18751,10921_2378_15380_40700
15939,10922
17133,10922
5020,10922
44338,10922
17841,10922
5387_19852_19851,10922
588,10922
21034,10922
3847,10923
16110,10923
9370_16001,14072_13345_24554_10924
24623_18751,10925
43008,10925
23603,10925
15335,10925
16043,14772_13378_10927_7335_12142_13466_10906_358_29145_11276_12022_12478_13023
7336,14772_13378_10927_7335_12142_13466_10906_358_29145_11276_12022_12478_13023
3847,10928
2254,10930
43008,10930
12398_12507_8374_19118,10932
17160,14640_14395_30872_30875_14641_7105_13501_10936_30923
3847,10937
44200,10938
2155,10939
3847,10940
20573,10940
3847,10944
2405,10947
20280,10952
20225,10952
33541_14280_13500_14278_10296_33542_32723_14597_14727_8856_54696_32599_20849_32763_30858_30013_10504_14453_12426_10386_32803_14491_13427_14222_14981_13953_21094_30898_30973_30981,10954
3847,11177_13976_13975_13313_32804_13973_13974_44305_10955_23040_23041_23042
3847,10956
3847,10957
19171,10958
24623_18751,10959
23603,10959
43008,10959
15501,10959
32778_8823_100218_60486_15168,10959
3847,10960
15825,10961
15770_16553,10961
19688,8702_10966_8701_19648
20366,10968
3847,10970
19721_19720,10971
43007,10972
19006,14817_9733_33280_32582_32581_32580_14099_14373_10974_14752_26726_33262_32826_14257_33203_30895_13619_12546_14818_30962
7554_7551_7555_7550_14661_9181_18747_15551_19276_15550_17610_11869,10976
16110,10977
16199,10977
3847,10978
19171,10979
426,10979
3847,10980
17432,10981
43008,10981
17434,10981
3847,10982
16058_43969,7495_7496_13928_13813_12789_10983_14019_14033_14627_3441_44807
21944,11160_13119_13978_12060_12327_12670_13210_11067_12903_12293_12376_12375_11767_10965_12460_10967_11602_12002_11762_13386_14363_10933_12452_13365_13250_13826_12445_12326_11360_11392_13985_14739_11351_13489_12421_9076_13738_11279_14675_11286_13249_12485_10986_12420_14428_12170_12091_12442_11364_13984_12418_14237_13010_12355_912_14469_12273_13269_12602_11774_10807_12977_12003_12370_11192_10987_11991_12333_10860_13929_13471_11912_13537_13963_11799_13215_11553_14182_19588_14849
15331,10988
24255,10988
7145_21908,10988
20208,10988
17771,10989
15246,10989
3847,10990
18677,10991
15159,10992
43005,10992
20225,10992
508,10992
19589,10992
2320,10993
15159,10993
508,10993
12713_12185_9593_10738_8479_16763,10994
14701_12716_32835_8472_32721_8471_12019_10073_19667_16761,10994
12123_54559_8909_26765_14904_11291_26729_30043_15286_18292_18293_5500_5501,10998
15656_16401,10998
15919,10998
18284,10998
17740,10998
2320,10999
15159,10999
508,10999
3847,11000
2316,9751_24309_13142_11961_13337_13839_10688_14671_8086_11002_9746_12092_13381_13634_14286_14244_19941_18213_19551
14992_30031_13527_15148_15146,11004
3847,11005
20225,14302_12928_14568_12867_12766_13132_13239_11489_11785_11339_14304_10044_13962_11408_14018_12213_14644_12448_12787_14282_11532_12866_11445_14015_12639_12181_14295_8438_13552_14020_10043_11803_13165_13551_13342_11006_10047_14882_14016_12476_10287_12256_13048_10418_13179_14729_13401_10046_14303_11992_13737_11522_14024_12334_12453_8437_12643_10733_11862_14305_10878_19064
15216,11007
43008,11007
15880,11007
24623_18751,11008
43008,11008
23603,11008
15335,11008
3847,11009
20023_15222_15221,11010
12413_10261_13734_10671_14229_16073,11010
15929,11010
15216,11010
43008,11010
15930,11010
15880,11010
2320,11011
19117,11011
19066,11011
508,11011
6507,11012
5933,11014_20555_20556_20557
6517,11014_20555_20556_20557
100080,11017
5217,11017
18558,11017
17666_17670_20093_20096_18250,11017
16587,11017
6025,11017
15336,11018
4907,11019
19704,11020
17574,11021
858,11021
16893,11022
43007,11022
15185,11023
18188,11023
24255,11024
15614_6565,11024
20043,11025
17778,11026_11218_14011_33091_11680_14009_9441_15018_12847_11485_33092_9439_14010_13495_9443_17265
5148,14488_11027_11072_11363_11955
19052,14488_11027_11072_11363_11955
16144,12127_13390_14144_12193_13161_9676_14977_30014_12248_14900_11787_14474_12652_12699_29136_11028_14788_11968_29133_11170_9683_11423_9675_14129_13162_13440_9677_14142_14782_13297_12034_15152_15151_16971
3847,11029
3847,11030
19285,11034
15336,11034
21060,11035
20063,11035
19289,11035
17118,11036
3847,11037
18609,11038
14720_20250_16646,11038
20380_19792_19793_19794_16163,11038
20142,11038
19589,11038
3847,11039
3847,11040
15336,11041
10001_19287_23046_23048,11041
3847,11042
3847,11043
3847,11044
2320,11045
19117,11045
15159,11045
12413_10261_13734_10671_14229_16073,11045
43005,11045
508,11045
19708,11046
19589,11047
2320,11048
15159,11048
508,11048
2320,11049
19117,11049
15159,11049
43005,11049
20225,11049
508,11049
43008,11050
5267,11050
3847,11051
3847,11052
2254,11052
2320,11053
15159,11053
508,11053
6025,11054
17432,11054
18454,11054
16892,11055
20676,11057
43218,11057
5560,11057
15338,11059
19117,11059
15220,11059
15218_15217_20145,11060
17663,11061
24237,11061
1595,11061
17090,11062
10001_19287_23046_23048,11063
19718_22723,11064_15424
15338,11065
3847,11069
20118,11071
18796,11071
15356,11071
16340,12277_14993_33620_12215_13061_14922_11076_12130_12289_18943_30927
16187,12277_14993_33620_12215_13061_14922_11076_12130_12289_18943_30927
16112,12277_14993_33620_12215_13061_14922_11076_12130_12289_18943_30927
16334,12277_14993_33620_12215_13061_14922_11076_12130_12289_18943_30927
16108,12277_14993_33620_12215_13061_14922_11076_12130_12289_18943_30927
3847,11077
3847,11078
19697,11079
19589,11080
43008,11081
16643,11082
19282,11083
15336,11083
10001_19287_23046_23048,11083
5083,8334_13554_11084_11387_11434_11542_11573_11926_12542_12896_12959_13057
17855,11086
3847,11089
23603,11090
15499,11090
20132,11090
3847,11092
24573,11482_14396_11702_11003_14100_13479_11400_12808_11095_13848_13261_12745_12704_13371_32592_12744_7269_11840_13168_10951_12362_13373_12667_12062_13147_10542_11541_13339_14073_12746_14095_13262_11094_5021_11425_11567_12364_13030_13198_13211_5200
14152_11403_14042_14163_18901_12285,11482_14396_11702_11003_14100_13479_11400_12808_11095_13848_13261_12745_12704_13371_32592_12744_7269_11840_13168_10951_12362_13373_12667_12062_13147_10542_11541_13339_14073_12746_14095_13262_11094_5021_11425_11567_12364_13030_13198_13211_5200
23122,11098_12758_12597_12741_13872_11270_12093_12094_12244_12300_12470_12620_12768_12769_12770
6025,11099
19589,11099
3847,11100
15218_15217_20145,11106
20236,11106
2320,11107
20244,11107
13017_11452_10206_11549_13649_7805_14384_13650_13514_14027_14390_7806_32649_11932_18914_3037,11107
10001_19287_23046_23048,11107
19698_19699,11108
2254,11110
5328,11110
3847,11111
11512,42977_11114_12800
3847,11115
20023_15222_15221,11116
15930,11116
3847,11117
19460,11118
20217,11119
15017_10015_15016_7138_7662_24456_19503,11119
19351,11120
3916,11122
14701_12716_32835_8472_32721_8471_12019_10073_19667_16761,11124
2470,14619_14615_11125
3847,11126
19942,11128
3847,11130
10001_19287_23046_23048,11131
18035,11132
15974,11132
19290,11133
24255,11133
19589,11133
15338,11134
43007,11134
15220,11134
3847,11135
20117,11136
16018,11139
3847,11141
2320,14236_20681_11142
5267,14236_20681_11142
19942,14236_20681_11142
18284,14236_20681_11142
19743,14236_20681_11142
7842_20066_20521_20522,14236_20681_11142
17742,14236_20681_11142
12123_54559_8909_26765_14904_11291_26729_30043_15286_18292_18293_5500_5501,14236_20681_11142
18296,14236_20681_11142
16565,11145
43005,11145
15159,11145
12413_10261_13734_10671_14229_16073,11145
2320,11146_18030_13668_18028_19525_30502_19864
19117,11146_18030_13668_18028_19525_30502_19864
5027,11146_18030_13668_18028_19525_30502_19864
15246,11146_18030_13668_18028_19525_30502_19864
15216,11146_18030_13668_18028_19525_30502_19864
19717,11146_18030_13668_18028_19525_30502_19864
16933,11146_18030_13668_18028_19525_30502_19864
15880,11146_18030_13668_18028_19525_30502_19864
2320,11147
19117,11147
24623_18751,11147
761,11147
5027,11147
23603,11147
16916,11147
15501,11147
2254,11147
19040_20226,11147
3847,11148
19303,11149
15333,11150
18491,11152
508,11152
19010,12382_11153_9734
14651_8673_18237_21764,11154
15334,11154
3847,11155
11559_9469_19008,14381_14884_11156_8892_11214
17118,11157
508,11157
3847,11161
7671,11165_24527
19520,11166
19175,11166
15947_17262_17263,11169
10962_7758_14622_19272_6588_18865_17667_17673_17672_44663,11169
17666_17670_20093_20096_18250,11169
16192,12127_13390_14144_12193_13161_9676_14977_30014_12248_14900_11787_14474_12652_12699_29136_11028_14788_11968_29133_11170_9683_11423_9675_14129_13162_13440_9677_14142_14782_13297_12034_15152_15151_16971
15336,11171
10001_19287_23046_23048,11171
3847,11172
3847,11174
17625_17626,11176
19071,11177_13976_13975_13313_32804_13973_13974_44305_10955_23040_23041_23042
16027_15642_18981,11178
2254,11178
12629_7326_15427,11178
3847,11179
3847,11180
3847,11182
5382,11183
19117,11184
16226,11184
764,11185
20212,11185
6500_3096_2323,11191
12983_14669_12464_13002_7362_14427_10905_11987_10969_13348_14153_14372_11355_12483_11395_13786_11564_11143_14068_15993,13129_11193_455
15359_15361,11197
13433_18646_18647,11199
477,12895_11264_11200_7493_11886_9141_44811_44843_44870_44816_44817
7495_7496_13928_13813_12789_10983_14019_14033_14627_3441_44807,12895_11264_11200_7493_11886_9141_44811_44843_44870_44816_44817
20240,11202
15962,11202
2254,11203
3847,11205
3847,11206
18328,11207
24255,11208
15938,11208
19293,11208
17133,11208
3847,11209
3847,11210
12713_12185_9593_10738_8479_16763,11211
3847,11212
2320,11213
19117,11213
15159,11213
19296,11213
43005,11213
508,11213
19698_19699,11215
45017,11217
23603,11217
19702,11217
21034,11026_11218_14011_33091_11680_14009_9441_15018_12847_11485_33092_9439_14010_13495_9443_17265
17271,11026_11218_14011_33091_11680_14009_9441_15018_12847_11485_33092_9439_14010_13495_9443_17265
10001_19287_23046_23048,11219
11764_11658_13625_8199_14604_11613_14233_11562_8200_14796_17279_5180_6966_828_10796_10360_11737_13167,14742_11220
3847,11221
20366,11311_12515_12357_13134_8328_7664_11222_11704_12101_12102_12337_12645_12646
20128_20129,11224
21190,11225
19052,11225
17855,11225
23603,11227
15329,11227
19697,11227
43008,11227
18562,11227
19589,11227
3847,11228
16803,11229
5172,11230
23603,11230
18925_700,11232_12320_20756
18454,11235
15624_17186_19265_15625_17187,11236
5803_18619,11236
17688,11236
10823_7321_9112_26782_8972_14743_15776_15775_19701_8973,11238
20146,11239
15945,11240
3847,11241
43008,11243
19716,11244
43007,11244
18781,11245
19117,11246
18120_18118_18119_18117,11246
11486_12279_19950_20121_23595_18281,11246
3847,11247
15246,11248
16911,11248
7492_100016,11249
3847,11250
3847,11251
15338,11253
3847,11254
24623_18751,11255
18454,11255
12516_9559_14608_15483,11255
15334,11255
3847,11256
19313,11257
19520,11257
18291,11257
12123_54559_8909_26765_14904_11291_26729_30043_15286_18292_18293_5500_5501,11257
18288,11257
17740,11257
3847,11260
2114,11260
2320,11261
15335,11261
14701_12716_32835_8472_32721_8471_12019_10073_19667_16761,11261
508,11261
20158,11262
43008,11262
18454,11262
3847,11263
18303_476,12895_11264_11200_7493_11886_9141_44811_44843_44870_44816_44817
3847,11267
19052,9968_11268
15327,9968_11268
5083,11269
17939_18948,11271
19951,11271
100100,11271
11123_12919_7454_5147_10861_10862_10863_10864_10950_11016_11033_11068_11167_11168_11302_11572_12422_12920_12921_12961_13078,11273
4382,11273
6412,11273
19289,11273
15327,11273
24255,11273
17841,11273
19052,11273
2977,11273
19589,11273
15338,11274
3847,11278
20346,14542_18940_12518_14587_14052_14983_14582_11600_14468_14586_14585_14588_14543_14590_14583_14581_14745_14939_9690_11088_44299_13620_9689_14584_11281_12157_14578_13883
3847,11282
4892,11284
18230,11287
15338,11287
3847,11288
3847,11289
3847,11290
18291,12123_54559_8909_26765_14904_11291_26729_30043_15286_18292_18293_5500_5501
15656_16401,12123_54559_8909_26765_14904_11291_26729_30043_15286_18292_18293_5500_5501
18284,12123_54559_8909_26765_14904_11291_26729_30043_15286_18292_18293_5500_5501
17740,12123_54559_8909_26765_14904_11291_26729_30043_15286_18292_18293_5500_5501
4980,11292
3847,11293
17234,11487_11299_11671_15548
167,11487_11299_11671_15548
17663,11487_11299_11671_15548
17646,11487_11299_11671_15548
19006,11303_14451_14539_14462_11390_13589_13191_5363
31037,20724_11305_11304_16054_820
3847,11306
17718,11308
24664,11309
1200_1134_15512_5080_100078,11309
4425,11309
3847,11310
17895,11312
19375,14408_11313_14407
3847,11315
3847,11316
3847,11317
3847,11318
3847,11319
19715,11320
3847,11321
3847,11322
3847,11323
8988_16603_15991,11326
17663,11327
17662,11327
24237,11327
15547,11327
16215,11329_14862_13033
2037,11331
17017,11331
3847,11332
3847,11333
17432,11334
20197,11334
18454,11334
15853,11334
426,11335_7738
10075_32724_19675_18254,11335_7738
15974,11338
15088,14302_12928_14568_12867_12766_13132_13239_11489_11785_11339_14304_10044_13962_11408_14018_12213_14644_12448_12787_14282_11532_12866_11445_14015_12639_12181_14295_8438_13552_14020_10043_11803_13165_13551_13342_11006_10047_14882_14016_12476_10287_12256_13048_10418_13179_14729_13401_10046_14303_11992_13737_11522_14024_12334_12453_8437_12643_10733_11862_14305_10878_19064
18562,11340
15505,11340
3847,11341
17749,11342
19743,11342
15656_16401,11342
15919,11342
18284,11342
12123_54559_8909_26765_14904_11291_26729_30043_15286_18292_18293_5500_5501,11342
3847,11343
3847,11344
3847,11345
11481_10903_10929_44315_14705_15467_15337_15469,11347
19714,11348
21003,11348
3847,11349
3847,11352
3847,11353
10029,11354
3847,11356
3847,11357
3847,11358
14651_8673_18237_21764,11359
16643,11359
8315,11361
16112,11362
100175,11362
16106,11362
16108,11362
15778,11365
734,11365
5040,11366
21068,11366
3847,11367
17895,11368
24255,11371
18024,11371
54593_54716_12106_13923_11437_14623_11488_14484_9617_14473_12989_54806_14173_12029_54804_32583_14908_32694_13849_14660_7988_14730_54805_54761_30929_30928_16660,11372
3847,11373
18328,11374_7750_5439
13924_12592_14672_13460_12591_12536_30861_8146_8148_32846_13459_44329_14544_9805_49223_9804_14086_8147_13515_14029_12581_19019,11375
15110,13063_11376
100234,13063_11376
19171,100316_12738_14550_14548_13279_12737_13062_12736_11377_32915_13370_13367_13372_2442_32756
8264_19511,11379_20726
19046,11380
19402_16486,11381
19747,11382
15770_16553,11382
17146,11382
18373_18374_18384_18379,11382
6025,11382
7781,11384_11440_11815_12109_12458_12459_12587_12599
3847,11385
812,11385
19046,24555_13058_13490_137_11391
100189,11393_17773_32766
15947_17262_17263,11396_7422
10962_7758_14622_19272_6588_18865_17667_17673_17672_44663,11396_7422
3406,11397
20380_19792_19793_19794_16163,11397
19589,11397
17144,11399
984_44210,11399
19747,11399
11913_7088_11743_12153_7089_11194_12321_15140_4975_11561_11647_11777_12344_12609_12630_12631_14265_10422_14036_14316_100088,11401
2320,11402
15218_15217_20145,11402
16949,11402
15159,11402
20044_20046_15244_20047,11402
20229,11402
20165,11402
43005,11402
508,11402
15359_15361,11402
16136,11402
3847,11404
24255,11405
15134,11405
16382,11405
3847,11406
17627,24466_11407_13880
93,11409
3847,11410
19589,11411
15220,11411
9696_14545_12904_14521_14685_13526_30936_30034_12721_10682_18126_20074,11412
15017_10015_15016_7138_7662_24456_19503,11414
942,11414
20220,11414
6507,11216_21001_11631_11417_13220_14225_19257
3847,11419
15892,11420
6909,11420
14471,11421_14091_13546_13547
66,11421_14091_13546_13547
6025,8369_11422_9967_8368_15827_17828_1909_18440_17829
16142,12127_13390_14144_12193_13161_9676_14977_30014_12248_14900_11787_14474_12652_12699_29136_11028_14788_11968_29133_11170_9683_11423_9675_14129_13162_13440_9677_14142_14782_13297_12034_15152_15151_16971
15079,11424
21058,11424
17763,11426
12398_12507_8374_19118,11426
20098,11426
13674_54764_12444_14290_10476_24457_54763_18307,11426
20281,11426
4884,11426
3847,11427
5578,11429_19433
5554,11429_19433
11060,11430
17133,11431
5854_3900_16663,11431
17393,11432
3847,11433
54593_54716_12106_13923_11437_14623_11488_14484_9617_14473_12989_54806_14173_12029_54804_32583_14908_32694_13849_14660_7988_14730_54805_54761_30929_30928_16660,11435
15363,8455_9673_10056_9672_11585_11436_9669_19079_1516_16224_14753_18218
24255,11438
6607,11438
2406,11438
2254,19369_11441_20572
7473,11444
508,14302_12928_14568_12867_12766_13132_13239_11489_11785_11339_14304_10044_13962_11408_14018_12213_14644_12448_12787_14282_11532_12866_11445_14015_12639_12181_14295_8438_13552_14020_10043_11803_13165_13551_13342_11006_10047_14882_14016_12476_10287_12256_13048_10418_13179_14729_13401_10046_14303_11992_13737_11522_14024_12334_12453_8437_12643_10733_11862_14305_10878_19064
3847,11446
19366,11449
44975,11449
3582,12933_11450_13253_13669
15487,14668_14667_11451_14051
3847,11453
7702_15284_16432,11454
5267,11454
3847,11455
15945,11457_18266
16756,11457_18266
24255,11457_18266
20045,11457_18266
19293,11457_18266
43218,11457_18266
12983_14669_12464_13002_7362_14427_10905_11987_10969_13348_14153_14372_11355_12483_11395_13786_11564_11143_14068_15993,13453_11415_8765_13454_12056_14145_12990_60650_11473_13613_32794_12723_13449_12525_13446_11458_8764_13231_13457_18998
11231_11443_7367_24566_11891_12707_12224_12226_32_12681_12972,32777_12346_14517_11416_13470_11461_18214_12846_13448
17369,11462
17133,11462
19299,11462
24255,11462
17954,11462
17370,11462
19601,11463
15950,11465
5341_2529_2656_2939_2956_4091,11465
16108,11466
15360,11468
2316,11468
1713,11469
18796,11469
7554_7551_7555_7550_14661_9181_18747_15551_19276_15550_17610_11869,11472
10001_19287_23046_23048,11472
18814,11476
3847,11478
20751_5469_15914_21272,11479
19117,11479
992,11479
15338,11481_10903_10929_44315_14705_15467_15337_15469
3847,11483
17662,11487_11299_11671_15548
5002,11490
1358,11490
5579,32827_11892_13919_11875_11491_14734_13103_12113_32699_12627_13032_11753_12338_12760
3847,11492
3847,11494
19686_19687,11496
14701_12716_32835_8472_32721_8471_12019_10073_19667_16761,11496
22800,11496
15762_17290_18804,11497
2320,11499
15159,11499
508,11499
21148,11500
20063,11500
620,11500
15853,11500
15950,11500
5073_44794,11500
383,11500
23603,11501
15877,11501
19704,11501
15660_23142,11504
17119,11504
17774,14252_11505
17663,11506_19448_17704_13981
16022,11506_19448_17704_13981
19486,11506_19448_17704_13981
15653,11506_19448_17704_13981
3847,11507
15760_18908_15759,11508
3847,11509
2320,11510
15159,11510
508,11510
3847,11511
426,11512
20180,11512
15950,11512
11913_7088_11743_12153_7089_11194_12321_15140_4975_11561_11647_11777_12344_12609_12630_12631_14265_10422_14036_14316_100088,11513
3847,11514
20289,11514
5453,11514
3847,11516
24664,11517
1200_1134_15512_5080_100078,11517
2320,11518
15159,11518
508,11518
13081_14054_16537,11524
33352,14866_12012_33850_11890_11687_12014_13758_11569_13753_10550_12640_11903_8961_14154_10877_10699_32728_7790_11527_14665_11633_12231_13644_11066_11091_11916_14735_14467_11085_11889_12096_11570_11894_10949_36484_14733_14117_14012_10549_10551_14736_11113_7311_11534_11901_10995_13338_14208_14726_13212_7307_14074_12250_11902_14566_14511_10479_7309_10689_11475_14836_54833_11674_13959_11909_7308_11675_19011_18993_15626_18995_18994_18778_44640
6025,11985_11971_11735_10626_11528_3947
15976,11985_11971_11735_10626_11528_3947
15336,11533
18284,11533
12123_54559_8909_26765_14904_11291_26729_30043_15286_18292_18293_5500_5501,11533
19066,11533
6025,11533
15919,11533
17742,11533
19589,11533
426,11537
19117,11537
15220,11537
3847,11538
17302,11539_12237_15736_15739_15738_8070_12538_12240_14138_14326_14513_12239_9725_15737_18958
2921_19952_18701,11539_12237_15736_15739_15738_8070_12538_12240_14138_14326_14513_12239_9725_15737_18958
16337,11482_14396_11702_11003_14100_13479_11400_12808_11095_13848_13261_12745_12704_13371_32592_12744_7269_11840_13168_10951_12362_13373_12667_12062_13147_10542_11541_13339_14073_12746_14095_13262_11094_5021_11425_11567_12364_13030_13198_13211_5200
18677,14762_14967_13887_11546_13403_11659
153,14762_14967_13887_11546_13403_11659
397,11548
3847,11550
17307,11551
19213,11551
16812,11551
17756,11551
100064,11551
6025,11551
3847,11554
19715,14758_24558_11555
9332,14758_24558_11555
18795,14758_24558_11555
15950,11556_13876_13101_13102_13104_13105_13106
5341_2529_2656_2939_2956_4091,11556_13876_13101_13102_13104_13105_13106
24237,11557
4955,11565
14352_32837_816,11565
19052,11565
14352_32837_816,11566
19601,14866_12012_33850_11890_11687_12014_13758_11569_13753_10550_12640_11903_8961_14154_10877_10699_32728_7790_11527_14665_11633_12231_13644_11066_11091_11916_14735_14467_11085_11889_12096_11570_11894_10949_36484_14733_14117_14012_10549_10551_14736_11113_7311_11534_11901_10995_13338_14208_14726_13212_7307_14074_12250_11902_14566_14511_10479_7309_10689_11475_14836_54833_11674_13959_11909_7308_11675_19011_18993_15626_18995_18994_18778_44640
21106,14866_12012_33850_11890_11687_12014_13758_11569_13753_10550_12640_11903_8961_14154_10877_10699_32728_7790_11527_14665_11633_12231_13644_11066_11091_11916_14735_14467_11085_11889_12096_11570_11894_10949_36484_14733_14117_14012_10549_10551_14736_11113_7311_11534_11901_10995_13338_14208_14726_13212_7307_14074_12250_11902_14566_14511_10479_7309_10689_11475_14836_54833_11674_13959_11909_7308_11675_19011_18993_15626_18995_18994_18778_44640
7441_7442_18849,11571
3847,11574
15159,11575
15220,11575
508,11575
36591,13359_11576_14875_16525
15077,13359_11576_14875_16525
7827,11577
5206,11578
17891,11578
7958_17896,11578
12398_12507_8374_19118,11579
8935,11580
16337,11581
100080,11581
18558,11581
10001_19287_23046_23048,11581
10962_7758_14622_19272_6588_18865_17667_17673_17672_44663,11581
17338,14611_33282_14132_13675_11582_54785
17891,14986_14987_10351_10953_13565_9213_12565_13248_12187_13499_14108_44325_54748_11325_9214_14985_9215_11584_12186_13566_14638
3847,11590
3847,11594
4980,11596_11597_11598_11608_11609_13107_13294_13295
19541_17634,11599
16602,11601
18795,11603
17749,11603
16112,11603
7827,11603
16109,11603
16200,11603
18284,11603
20225,11604
20247,11604
19704,11604
15950,11605
7037,11606
23603,11606
16158,11607_12898_13020_13639
19239,11610
44976,11610
3847,11611
19058,11612
19213,11612
19239,11612
16399,11612
45020,11612
17713,11614
16628,11615
2242,11615
3847,11617
3847,11618
3847,11619
19703,11620
17434,11621
20573,11622
19231,11624
3847,11626
20836,11824_14017_30004_11627_11956_12801_13265_13258_12261_12533_12566_12567_12578_12600_12601_14041
19215,11628
15656_16401,11629
18288,11629
18284,11629
12123_54559_8909_26765_14904_11291_26729_30043_15286_18292_18293_5500_5501,11629
17740,11629
16110,19947_10868_20704_21142_11634
2254,14394_13217_32668_12529_32669_44309_12937_13216_13964_12938_12925_7110_14245_12924_60662_32670_44310_12939_15253_11636
3847,11637
17763,11638
11487_11299_11671_15548,11638
13674_54764_12444_14290_10476_24457_54763_18307,11638
2320,11640
19117,11640
15159,11640
19712,11640
43005,11640
508,11640
3847,11641
3847,11642
44976,11642
4674,11644
6806,11644
2970,11644
3847,18815_11645
3847,11646
16642,11648
13747_13769_10859_20290,11649
20573,11650
3847,11651
16920,11652
3847,11654
18078,11655
19117,11662
1162,11662
18155,11663
15709,11664
2254,11669
16538,11669
15216,11670
19183,11670
15880,11670
7842_20066_20521_20522,11670
16987,11487_11299_11671_15548
15757,11672
14711_20558_19548_17058_16431_17937,14866_12012_33850_11890_11687_12014_13758_11569_13753_10550_12640_11903_8961_14154_10877_10699_32728_7790_11527_14665_11633_12231_13644_11066_11091_11916_14735_14467_11085_11889_12096_11570_11894_10949_36484_14733_14117_14012_10549_10551_14736_11113_7311_11534_11901_10995_13338_14208_14726_13212_7307_14074_12250_11902_14566_14511_10479_7309_10689_11475_14836_54833_11674_13959_11909_7308_11675_19011_18993_15626_18995_18994_18778_44640
5267,11676
17118,11676
43007,11676
3847,11677
761,11678
6025,11679
11481_10903_10929_44315_14705_15467_15337_15469,11679
7179,11684
3847,11685
18814,11686
15945,11686
2254,11686
43008,11686
20573,11693
6486,11695_11696
351,11698
17234,11703
6359,6277_11705
11764_11658_13625_8199_14604_11613_14233_11562_8200_14796_17279_5180_6966_828_10796_10360_11737_13167,11706
17635,11706
13674_54764_12444_14290_10476_24457_54763_18307,11706
5395,11707
18453,11713
3847,11714
3337,11716
19383,11716
15624_17186_19265_15625_17187,11717
5803_18619,11717
4739,11717
18506,11719
17128,11719
17173,33622_14365_14366_30844_32859_14961_32744_20851_32739_7161_54723_20852_54726_11720_54730_32863_7060_33673_14970_32845_54725_30938_14847_54724_54615_30846_14172_54732_54729_32686_30868_33671_9776_13505_29147_54728_54731_54727_10052_20855_32896_29148_14037_32748_13504_32898_54733_13070_13901_30926_30989
16145,11721
16109,11721
2320,11722
16565,11722
19117,11722
15159,11722
43005,11722
508,11722
15496,11723
188,11724
15656_16401,11724
3847,11726
3847,11727
20573,11727
477,11728
3847,11729
16403,11730
19058,11730
16790,11730
16402,11730
19226,11731
15178,11731
15188,11731
18240,11732
19066,11732
3847,11733_100226
3847,11734
3847,11736
13907_17091_17092_87,11738
20573,32867_11739_13235_13685_13236
15079,11740
15356,11740
631,11744
16223,11744
24499,11744
16524,11744
3847,11745
3847,11746
3847,11751
5002,11751
18541,20489_11754
10674_9659_9660_9661_11093_9662_16316_16315_18937_18938_1586_19249_19302_17171_17172,11758
44976,11758
16326,11758
16341,11758
2254,11758
16326,11759
2254,11759
10674_9659_9660_9661_11093_9662_16316_16315_18937_18938_1586_19249_19302_17171_17172,11759
2254,11760
10674_9659_9660_9661_11093_9662_16316_16315_18937_18938_1586_19249_19302_17171_17172,11760
3847,11763
20042,11766
16674_10765,11766
9688_18325,11768
15363,11771
8455_9673_10056_9672_11585_11436_9669_19079_1516_16224_14753_18218,11771
17749,11772
12123_54559_8909_26765_14904_11291_26729_30043_15286_18292_18293_5500_5501,11772
18288,11772
18284,11772
17121,11772
23603,30019_54560_54561_11773
14701_12716_32835_8472_32721_8471_12019_10073_19667_16761,30019_54560_54561_11773
17259,11776
16168,11776
54680_10844_10964_9189_13591_7561_7562_12558_11109_11765_16648,11778
3847,11779
17662,13594_13485_14867_12246_11781_11833_33482_33479_14417_8119_14475_8120_10062_7298_11540_11694_11819_12116_7574_8457_12449_33481_13486_7296_11834_14776_14410_8458_14626_10847_11464_10848_12247_11529_11330_12450_13241_11439_32526_12103_33480_12098_16809_561
19117,11782
5283,11782
18284,11783
12123_54559_8909_26765_14904_11291_26729_30043_15286_18292_18293_5500_5501,11783
17740,11783
3014_4514,11786_5324_24332
771,11786_5324_24332
17745,12127_13390_14144_12193_13161_9676_14977_30014_12248_14900_11787_14474_12652_12699_29136_11028_14788_11968_29133_11170_9683_11423_9675_14129_13162_13440_9677_14142_14782_13297_12034_15152_15151_16971
18284,12127_13390_14144_12193_13161_9676_14977_30014_12248_14900_11787_14474_12652_12699_29136_11028_14788_11968_29133_11170_9683_11423_9675_14129_13162_13440_9677_14142_14782_13297_12034_15152_15151_16971
16156,12127_13390_14144_12193_13161_9676_14977_30014_12248_14900_11787_14474_12652_12699_29136_11028_14788_11968_29133_11170_9683_11423_9675_14129_13162_13440_9677_14142_14782_13297_12034_15152_15151_16971
15338,11788
16642,11789_16995
19117,11789_16995
20573,11789_16995
17119,11790
152,11790
15327,11790
5130,8930_11793_12339_12340_12341_12702_12776_12777_12778_12779_12780_12781_12782
43008,11795
3847,11796
20128_20129,11797
3847,11798
20127,11801_20770_18996_20771
20045,11801_20770_18996_20771
2320,14302_12928_14568_12867_12766_13132_13239_11489_11785_11339_14304_10044_13962_11408_14018_12213_14644_12448_12787_14282_11532_12866_11445_14015_12639_12181_14295_8438_13552_14020_10043_11803_13165_13551_13342_11006_10047_14882_14016_12476_10287_12256_13048_10418_13179_14729_13401_10046_14303_11992_13737_11522_14024_12334_12453_8437_12643_10733_11862_14305_10878_19064
18157,14302_12928_14568_12867_12766_13132_13239_11489_11785_11339_14304_10044_13962_11408_14018_12213_14644_12448_12787_14282_11532_12866_11445_14015_12639_12181_14295_8438_13552_14020_10043_11803_13165_13551_13342_11006_10047_14882_14016_12476_10287_12256_13048_10418_13179_14729_13401_10046_14303_11992_13737_11522_14024_12334_12453_8437_12643_10733_11862_14305_10878_19064
100309,14302_12928_14568_12867_12766_13132_13239_11489_11785_11339_14304_10044_13962_11408_14018_12213_14644_12448_12787_14282_11532_12866_11445_14015_12639_12181_14295_8438_13552_14020_10043_11803_13165_13551_13342_11006_10047_14882_14016_12476_10287_12256_13048_10418_13179_14729_13401_10046_14303_11992_13737_11522_14024_12334_12453_8437_12643_10733_11862_14305_10878_19064
10940,11805_12607_12067_12379_12577_12666_12771_13180
18230,11806
23603,11806
20253,11810
19117,11810
15220,11810
20044_20046_15244_20047,11811
17432,11812
426,11812
15246,11812
20253,11812
18454,11812
45017,11816
43008,11823
7495_7496_13928_13813_12789_10983_14019_14033_14627_3441_44807,11823
19589,11823
3847,11825
8733,12214_11826_24536_13874_40502
16229,24266_14878_11827
18758,24266_14878_11827
5453,24266_14878_11827
16816,13838_11829_33615_14754
14992_30031_13527_15148_15146,11830
16402,11835
9696_14545_12904_14521_14685_13526_30936_30034_12721_10682_18126_20074,11835
9637,11835
16798,11835
16403,11835
12004_15075_5034_5075_24622_6467,11836
12398_12507_8374_19118,11838
12983_14669_12464_13002_7362_14427_10905_11987_10969_13348_14153_14372_11355_12483_11395_13786_11564_11143_14068_15993,11839
19058,11841
152,11841
3996,11841
19806,11842
17276,11842
16333,13412_13200_12112_7268_11843_13474_13475_13477_10946_12799_8647_12804_13455_14883_13852_13197_7267_13195_12111_13369_7266_13476_5045
5452,11846_12461
3847,11848
2254,11849
8383,11849
3847,11853
3847,11854
12713_12185_9593_10738_8479_16763,11856
5124,9518_11860_12358_12595_13185_13257
3847,11861
3847,11863
3847,11867
20702_44742,11870
17024,11871_11873_9757_9756_18982_1982_20384
20127,11871_11873_9757_9756_18982_1982_20384
19305,12220_11872_8962_18306
18042,12220_11872_8962_18306
15134,12220_11872_8962_18306
13433_18646_18647,11874
15509,11874
17271,11874
9696_14545_12904_14521_14685_13526_30936_30034_12721_10682_18126_20074,32827_11892_13919_11875_11491_14734_13103_12113_32699_12627_13032_11753_12338_12760
11876_10826,32827_11892_13919_11875_11491_14734_13103_12113_32699_12627_13032_11753_12338_12760
100030,11876_10826
20573,11876_10826
2185,11878
10962_7758_14622_19272_6588_18865_17667_17673_17672_44663,11881_13034
6025,11882
17666_17670_20093_20096_18250,11882
18558,11882
17666_17670_20093_20096_18250,11883
15336,11883
10001_19287_23046_23048,11883
15336,11884
10001_19287_23046_23048,11884
10962_7758_14622_19272_6588_18865_17667_17673_17672_44663,11884
2254,11885
5240,11885
17259,11885
3847,11887
15979,11888
33541_14280_13500_14278_10296_33542_32723_14597_14727_8856_54696_32599_20849_32763_30858_30013_10504_14453_12426_10386_32803_14491_13427_14222_14981_13953_21094_30898_30973_30981,11888
11876_10826,11231_11443_7367_24566_11891_12707_12224_12226_32_12681_12972
15691,11895
18466,13340_12466_13653_11896
13722_17333,11897
14866_12012_33850_11890_11687_12014_13758_11569_13753_10550_12640_11903_8961_14154_10877_10699_32728_7790_11527_14665_11633_12231_13644_11066_11091_11916_14735_14467_11085_11889_12096_11570_11894_10949_36484_14733_14117_14012_10549_10551_14736_11113_7311_11534_11901_10995_13338_14208_14726_13212_7307_14074_12250_11902_14566_14511_10479_7309_10689_11475_14836_54833_11674_13959_11909_7308_11675_19011_18993_15626_18995_18994_18778_44640,11898_14906
15218_15217_20145,54637_54588_11899
20297,54637_54588_11899
10908,54637_54588_11899
21034,54637_54588_11899
43007,54637_54588_11899
5516,11907
19695_19696,11907
43008,11911
7670,11914
8004,12569_11915
20573,12931_11917
19117,11918
8187_2050_5618_5451_5371_100081_5383_1942_1098_3265_11924_12384,11918
20573,11919_13303_12027_12028_12263
15385,11921
15822,11922
100228,11925
11486_12279_19950_20121_23595_18281,11925
15950,11927
18729,11927
3110,11927
15246,11928
15220,11928
2320,11929
16337,11929
16883,11929
19117,11929
761,11929
5027,11929
8170,11931
18288,11933
12123_54559_8909_26765_14904_11291_26729_30043_15286_18292_18293_5500_5501,11933
15656_16401,11933
15919,11933
18284,11933
17740,11933
17127,11934_23273
23603,11934_23273
6414,11934_23273
15950,11934_23273
5164,11934_23273
12413_10261_13734_10671_14229_16073,11936
17339,14555_54852_24548_14923_11937_19347
15135,11939
12713_12185_9593_10738_8479_16763,11939
15709,11939
18782,11939
17273,11945
15905,11945
44976,11945
9266_9265_9267_18150,11945
19694,11946
18454,11946
3847,11947
3847,11949
20044_20046_15244_20047,11950
17161,12945_11691_12077_8780_11196_27694_11951_10459_11223_11632_14223_12790_12753_13715_7103_13264_13891_14181_4976_5145_11952
166,11953
20242,12139_11957
3847,11958
2254,11959
5554,11959
5093,11959
21251,11962
2715,11962
9480,12078_32570_12855_14297_12432_11963_12849_12694_13896_14664_13608_8944_14927_13764_14288_14771_13745_14928_33311_10431_32902_33310_33308_13763_33309_13824_14724_12539_13994_14770_18772_30933
22410,12078_32570_12855_14297_12432_11963_12849_12694_13896_14664_13608_8944_14927_13764_14288_14771_13745_14928_33311_10431_32902_33310_33308_13763_33309_13824_14724_12539_13994_14770_18772_30933
12123_54559_8909_26765_14904_11291_26729_30043_15286_18292_18293_5500_5501,11964
15656_16401,11964
15919,11964
18284,11964
17740,11964
5115,13741_11965_12705_12706_14639_14308_14650_15586_100032
14966_32588_30061_14240_20341,11966
14966_32588_30061_14240_20341,11967
16141,12127_13390_14144_12193_13161_9676_14977_30014_12248_14900_11787_14474_12652_12699_29136_11028_14788_11968_29133_11170_9683_11423_9675_14129_13162_13440_9677_14142_14782_13297_12034_15152_15151_16971
18288,11969
18291,11969
19743,11969
12123_54559_8909_26765_14904_11291_26729_30043_15286_18292_18293_5500_5501,11969
15919,11969
18284,11969
17740,11969
20072,11970
5558,11972
3847,11973
43005,11975
16779,11975
19117,11975
20057,11975
19705,11976
23603,11976
15327,11976
15333,11976
20087,11976
19589,11976
43008,11977
16907,11977
6025,11978
15978,11988
2428,11989_5446
100120,11989_5446
3847,11993
20225,11995
19117,11995
15220,11995
18874_4643,11996
2320,13558_14885_30903_13555_8748_13559_13560_13556_13606_11997_13557_19312
18042,13558_14885_30903_13555_8748_13559_13560_13556_13606_11997_13557_19312
15134,13558_14885_30903_13555_8748_13559_13560_13556_13606_11997_13557_19312
20244,13558_14885_30903_13555_8748_13559_13560_13556_13606_11997_13557_19312
15359_15361,11998
19117,12000
3699,12000
3847,12001
4970,12004_15075_5034_5075_24622_6467
21311,12004_15075_5034_5075_24622_6467
3847,12005
11481_10903_10929_44315_14705_15467_15337_15469,12006
3847,12007
10001_19287_23046_23048,12008
3847,12011_12586
5010,12011_12586
10194_13899_18096,12013
16231,20783_20785_12016
16229,20783_20785_12016
7864,12017
18239,14701_12716_32835_8472_32721_8471_12019_10073_19667_16761
762,12020
16972,12020
7179,11919_13303_12027_12028_12263
43008,12032
1200_1134_15512_5080_100078,12032
1999_5149,12032
20238,12033
15338,12035
3847,12038
20573,12039_12058
6025,18426_12041_14630_18812_16613
21056_44300_21055,18426_12041_14630_18812_16613
16362_21057,18426_12041_14630_18812_16613
764,12043
20212,12043
12697_14264_11999_12797_12696_8164_5349_11586_12121,12046
3847,12047
19117,12048
2009_12050_12100,12048
19117,2009_12050_12100
12123_54559_8909_26765_14904_11291_26729_30043_15286_18292_18293_5500_5501,12052
15656_16401,12052
15919,12052
18284,12052
17740,12052
19700,12055
15979,12057
3847,12039_12058
5068,12039_12058
15110,12061
1823,12061
19066,12063
15503,12064
43008,12064
18562,12064
19589,12064
3847,12068
19231,12073
19046,12073
21106,12074_16584
15945,12075
15336,12075
3847,12076
16364,12078_32570_12855_14297_12432_11963_12849_12694_13896_14664_13608_8944_14927_13764_14288_14771_13745_14928_33311_10431_32902_33310_33308_13763_33309_13824_14724_12539_13994_14770_18772_30933
5259,12079_12082_12119_12377
2320,12081
19117,12081
5027,12081
762,12081
16965,12081
2254,12081
17759,12084
19058,12084
43905_2572_1255_3479_43919,12089
17274,12089
2320,12095
19117,12095
24623_18751,12095
15159,12095
18187,12095
19066,12095
43005,12095
508,12095
7389_10180_15826_359,12097_13366_14694_12349_20692
2320,12099
15159,12099
15327,12099
43005,12099
20242,12099
15919,12099
19236,12099
15333,12104_19599_19193_20089_27767_19194
15327,12104_19599_19193_20089_27767_19194
19722_19724_15163,12105_15943_2341
5046,12105_15943_2341
15657,12105_15943_2341
2462_3137_1645_1871_3135_3138,12105_15943_2341
16177,12105_15943_2341
15374_3346_100248,12105_15943_2341
15492_5435,12105_15943_2341
3847,12107
15892,12110
7842_20066_20521_20522,12114
12123_54559_8909_26765_14904_11291_26729_30043_15286_18292_18293_5500_5501,12117
15656_16401,12117
18288,12117
18284,12117
17740,12117
2320,12118
5267,12118
15656_16401,12118
18284,12118
12123_54559_8909_26765_14904_11291_26729_30043_15286_18292_18293_5500_5501,12118
17750,12118
18296,12118
19169,12120
17749,12123_54559_8909_26765_14904_11291_26729_30043_15286_18292_18293_5500_5501
5087,12124
20042,12124
18373_18374_18384_18379,12126
19686_19687,12126
16191,12127_13390_14144_12193_13161_9676_14977_30014_12248_14900_11787_14474_12652_12699_29136_11028_14788_11968_29133_11170_9683_11423_9675_14129_13162_13440_9677_14142_14782_13297_12034_15152_15151_16971
3847,12129
20343,12277_14993_33620_12215_13061_14922_11076_12130_12289_18943_30927
3847,12131
20573,14038_12820_12953_12132_12673_12821_12822_12823_12951_12952_12954
3847,12133
9696_14545_12904_14521_14685_13526_30936_30034_12721_10682_18126_20074,12655_13665_60671_12134
5391,12135_12492_12493_12636_12641_13022_14079
15515,12136
15285,12137
7702_15284_16432,12137
20573,12141
15420,14772_13378_10927_7335_12142_13466_10906_358_29145_11276_12022_12478_13023
8493_14737_17910_20102,12143
19117,12143
508,12143
11285_13406_12767_12540_7932_14189_3004_5150_5417_14207_12659_14266_13420_13409_12419_13416_12674_100114,12145
20573,10331_11817_12009_12010_12147_12585_12628_12788_13765
19117,13076_12149_12150_12151_12152_12862_12863
7743,13076_12149_12150_12151_12152_12862_12863
20573,11913_7088_11743_12153_7089_11194_12321_15140_4975_11561_11647_11777_12344_12609_12630_12631_14265_10422_14036_14316_100088
2232,12155_15312_15313
15503,12155_15312_15313
24623_18751,12155_15312_15313
14542_18940_12518_14587_14052_14983_14582_11600_14468_14586_14585_14588_14543_14590_14583_14581_14745_14939_9690_11088_44299_13620_9689_14584_11281_12157_14578_13883,12156
8903,12159_12942_12955_13631
12713_12185_9593_10738_8479_16763,12160
18814,12161
15974,12163
20042,12164
15846,12164
15620,12165
15246,12165
43008,12165
110,12165
19721_19720,12165
100311,12166
100309,12166
3847,12171
2525,12172
9637,12172
20127,12173
16328,12173
15905,12173
17715,12173
20281,12173
15895,12173
3847,12174
15216,12176
15880,12176
16998,12176
20044_20046_15244_20047,12177
3847,12178
3847,12468_12182
20573,14368_14056_12183_7963_13133_11954_13510
6025,12184
13621,12184
19723,12190
19589,12190
30020_33570_14775_33533_32712_14781_54741_33534_30006_32679_54654_30008_20727_33631_54742_32726_30017_30007_54677_54781_33537_33569_14269_732_33566,12191
18157,12191
19117,12192
100164_16391,12192
17118,12192
15327,12192
19052,12192
19942,12195
14854_14293_14470_12380_11832_14603_14853_11761_11032_14594_12975_10973_12090_14740_12902_10915_11058_14283_11519_12083_7424_11673_11389_13632_11103_11226_11102_12974_12086_11159_11074_11031_10963_13823_11660_11893_13305_11708_11994_12030_11625_11350_13114_12023_11568_11920_12976_14738_14291_10817_11480_13593_11657_19587,12196
21944,12196
15610,12197
20127,12198
426,12198
21189,12198
19290,12198
24255,12198
19046,12198
20276_20270,12198
19589,12198
4884,12198
21024,12202
1200_1134_15512_5080_100078,12203
4425,12203
8493_14737_17910_20102,12204
17635,12205
14835_211,12205
19686_19687,12206
14701_12716_32835_8472_32721_8471_12019_10073_19667_16761,12206
22800,12206
3847,12207
15947_17262_17263,12208_19306
19589,12209
43007,12209
17749,12211
12123_54559_8909_26765_14904_11291_26729_30043_15286_18292_18293_5500_5501,12211
15656_16401,12211
15919,12211
18284,12211
16201,12277_14993_33620_12215_13061_14922_11076_12130_12289_18943_30927
12127_13390_14144_12193_13161_9676_14977_30014_12248_14900_11787_14474_12652_12699_29136_11028_14788_11968_29133_11170_9683_11423_9675_14129_13162_13440_9677_14142_14782_13297_12034_15152_15151_16971,12277_14993_33620_12215_13061_14922_11076_12130_12289_18943_30927
7628_44203,12216
20249,12216
20238,12216
3847,12218
14701_12716_32835_8472_32721_8471_12019_10073_19667_16761,12219
3847,12223
20044_20046_15244_20047,12235_13645_32923_33115_14159_8943_14530_13905_32706_14339_14311_33116_14934_13687_13392_14503_14601_14845
100108,11539_12237_15736_15739_15738_8070_12538_12240_14138_14326_14513_12239_9725_15737_18958
100196,11539_12237_15736_15739_15738_8070_12538_12240_14138_14326_14513_12239_9725_15737_18958
3847,12242
3847,12243
16022,10632_33369_33371_10472_14477_32598_10396_32768_33361_13389_14859_14392_33373_32752_32657_14593_32663_14947_13388_14377_32808_14895_30059_13387_32880_33363_32678_13989_33366_10375_13277_33362_14917_14921_14933_14942_30054_14607_14595_14133_33370_14201_32918_14949_32813_14533_14598_10246_33368_15025_14371_54845_14360_13056_13801_14718_14719_32812_32858_30072_14505_14199_14003_14328_15000_33367_33372_15002_12245_30856_32710_32725_33364_33365_14868_29138_32822_12812_32895_14625_34106_33374_100079_14916_14647_100062_25353
16185_16184,12127_13390_14144_12193_13161_9676_14977_30014_12248_14900_11787_14474_12652_12699_29136_11028_14788_11968_29133_11170_9683_11423_9675_14129_13162_13440_9677_14142_14782_13297_12034_15152_15151_16971
15919,12127_13390_14144_12193_13161_9676_14977_30014_12248_14900_11787_14474_12652_12699_29136_11028_14788_11968_29133_11170_9683_11423_9675_14129_13162_13440_9677_14142_14782_13297_12034_15152_15151_16971
11688_12138_171_18276_172_173,12127_13390_14144_12193_13161_9676_14977_30014_12248_14900_11787_14474_12652_12699_29136_11028_14788_11968_29133_11170_9683_11423_9675_14129_13162_13440_9677_14142_14782_13297_12034_15152_15151_16971
5835,12249_13699_13725_13695_13710_13196
19270,12251
15327,12251
508,12251
17272,12251
17762,12251
19589,12251
16473,12252_13224
54680_10844_10964_9189_13591_7561_7562_12558_11109_11765_16648,12253
54680_10844_10964_9189_13591_7561_7562_12558_11109_11765_16648,12254
3847,12255
19721_19720,12257
19741,12257
7554_7551_7555_7550_14661_9181_18747_15551_19276_15550_17610_11869,12258
3847,12259
5081,13817_12266_12264_12265
3780,12268
5109,12268
16902,12269
761,12269
14538_12262_11181_21083_7614,12270
19530,12271
3847,12272
2254,12275
15323,12275
18262,12275
11506_19448_17704_13981,12276
16190,12277_14993_33620_12215_13061_14922_11076_12130_12289_18943_30927
2320,12280
20158,12280
15159,12280
15246,12280
21189,12280
508,12280
15335,12280
19715,12282
20225,12282
3847,12283
3847,12284
10684,12286
11493_13590_13666_7160_19354,12287
3847,12288
16189,12277_14993_33620_12215_13061_14922_11076_12130_12289_18943_30927
17666_17670_20093_20096_18250,12290
17273,12290
19117,12290
508,12290
1341,12291
3847,12292_12488
15700,12295
15,12295
17059,12296
18550,12297
3847,12298
12409_12605_13293_12604_13377_9631_14050_13130_62,14426_12299_10836_12754
19238,12301
14039_14198_8758_33545_32815_9504_9636_12792_13350_11283_14175_32932_18158,12301
15704,12307
22409,12308
12078_32570_12855_14297_12432_11963_12849_12694_13896_14664_13608_8944_14927_13764_14288_14771_13745_14928_33311_10431_32902_33310_33308_13763_33309_13824_14724_12539_13994_14770_18772_30933,12308
17118,12308
19741,12308
14538_12262_11181_21083_7614,12310
3847,12311
15110,12313_12314_12312_453
16909,12315
761,12315
17369,12316
17133,12316
17954,12316
17370,12316
17397,12316
17574,12317
19757,12322_12562_7999_7733_13642_12563_7734_9349_16355_19756_16296_11616_12267
17218,12322_12562_7999_7733_13642_12563_7734_9349_16355_19756_16296_11616_12267
19758,12322_12562_7999_7733_13642_12563_7734_9349_16355_19756_16296_11616_12267
17219,12322_12562_7999_7733_13642_12563_7734_9349_16355_19756_16296_11616_12267
7554_7551_7555_7550_14661_9181_18747_15551_19276_15550_17610_11869,12323
16912,12324
43008,12324
3847,12325
3847,12328
3847,12329
19707,12330
5420_16412_15777,12332
15825,12335
16958,12342
14555_54852_24548_14923_11937_19347,12345
3847,12347
16244,12350
14005_18013_18904_2461,12350
5334,12350
8514_8512_8515_8516_10669_19683_21002_17460,12351_17543_17544_17545
3847,8640_12352
16599,54802_33483_12353_54801_12729
16629,14078_13623_13597_32765_13622_14518_14386_11588_12354_12031_54577_8553_14830_8552_30996
8264_19511,12356
18814,12359
32819_9154_26731_26732_24264_45,13757_12360
19995,13757_12360
17686,12368
19058,12368
4736,12368
3847,12373
3847,12374
5803_18619,12381
17182,12381
9278,12382_11153_9734
33541_14280_13500_14278_10296_33542_32723_14597_14727_8856_54696_32599_20849_32763_30858_30013_10504_14453_12426_10386_32803_14491_13427_14222_14981_13953_21094_30898_30973_30981,12383
18035,12383
3847,12385
3847,12386
19703,12387
17274,12387
5387_19852_19851,12387
23603,12387
3847,12390
15905,12391
8768_9745_8769_14147_12588_9744_10830_12188_13866_11144_12414_8767_8083_19260_19262_16295,12391
17663,12391
15653,12391
19213,12392
19058,12392
19215,12392
16399,12392
19058,12393
17352,12393
15624_17186_19265_15625_17187,12396
5803_18619,12396
17706,12396
3847,12397
14677_9003_13465_9875_18852,12398_12507_8374_19118
15159,13541_14171_14170_32866_14116_32578_12399_14337_14341_904
15220,13541_14171_14170_32866_14116_32578_12399_14337_14341_904
43005,13541_14171_14170_32866_14116_32578_12399_14337_14341_904
16162,13541_14171_14170_32866_14116_32578_12399_14337_14341_904
15650,12400
16377,12400
20213,12401
3847,12402
11023,12405_42486
19058,12407
17760,12407
100033,12407
15656_16401,12407
19237,12407
16764,12409_12605_13293_12604_13377_9631_14050_13130_62
16108,12410
14866_12012_33850_11890_11687_12014_13758_11569_13753_10550_12640_11903_8961_14154_10877_10699_32728_7790_11527_14665_11633_12231_13644_11066_11091_11916_14735_14467_11085_11889_12096_11570_11894_10949_36484_14733_14117_14012_10549_10551_14736_11113_7311_11534_11901_10995_13338_14208_14726_13212_7307_14074_12250_11902_14566_14511_10479_7309_10689_11475_14836_54833_11674_13959_11909_7308_11675_19011_18993_15626_18995_18994_18778_44640,9749_12411_128
15700,12412
15,12412
3847,12416
16337,12417
426,12417
7702_15284_16432,12417
2320,12423
16565,12423
12398_12507_8374_19118,12423
15703,33541_14280_13500_14278_10296_33542_32723_14597_14727_8856_54696_32599_20849_32763_30858_30013_10504_14453_12426_10386_32803_14491_13427_14222_14981_13953_21094_30898_30973_30981
3847,12428
16337,44724_9787_12435_9611_44723_9610_17359
19052,12436
100164_16391,12436
19741,12436
7318,12439
17998,13674_54764_12444_14290_10476_24457_54763_18307
19268,12446
2320,13594_13485_14867_12246_11781_11833_33482_33479_14417_8119_14475_8120_10062_7298_11540_11694_11819_12116_7574_8457_12449_33481_13486_7296_11834_14776_14410_8458_14626_10847_11464_10848_12247_11529_11330_12450_13241_11439_32526_12103_33480_12098_16809_561
18157,13594_13485_14867_12246_11781_11833_33482_33479_14417_8119_14475_8120_10062_7298_11540_11694_11819_12116_7574_8457_12449_33481_13486_7296_11834_14776_14410_8458_14626_10847_11464_10848_12247_11529_11330_12450_13241_11439_32526_12103_33480_12098_16809_561
20142,13594_13485_14867_12246_11781_11833_33482_33479_14417_8119_14475_8120_10062_7298_11540_11694_11819_12116_7574_8457_12449_33481_13486_7296_11834_14776_14410_8458_14626_10847_11464_10848_12247_11529_11330_12450_13241_11439_32526_12103_33480_12098_16809_561
3847,13260_12451
5361_5407,13260_12451
19117,12454
21698_21699,12454
44976,12454
2320,27407_54701_12455
19117,27407_54701_12455
15159,27407_54701_12455
43005,27407_54701_12455
508,27407_54701_12455
1176,12456
15017_10015_15016_7138_7662_24456_19503,12456
20573,11846_12461
15572,12462
17748,12465
16632,12465
43218,12465
15656_16401,12465
21181,12465
18284,12465
20573,13340_12466_13653_11896
3847,12473
13129_11193_455,12475
15182,12479
13825_824,12479
2320,12481
20280,12481
19053,12481
17708,12481
19376,12482
3227,12484
19117,12484
3847,12486
8756,21035_13492_12487_30009
13183_14026_14614_13450_32811_14872_9758_10241_13807_10690_16293,33543_12490
100280,100281_12491
3847,12494
14701_12716_32835_8472_32721_8471_12019_10073_19667_16761,12495
15159,12496
426,8099_12497_12498
3847,12499
18827,12500_13739_19557
3847,12501
18891,12502
44976,12503
210,12503
18454,12504
429,12504
19685,12504
12983_14669_12464_13002_7362_14427_10905_11987_10969_13348_14153_14372_11355_12483_11395_13786_11564_11143_14068_15993,12398_12507_8374_19118
2320,12508
19117,12508
1902,12508
15159,12508
19305,12508
24255,12508
43005,12508
508,12508
16463,12508
30020_33570_14775_33533_32712_14781_54741_33534_30006_32679_54654_30008_20727_33631_54742_32726_30017_30007_54677_54781_33537_33569_14269_732_33566,14397_12510_13977_14856_14728_12534_13570_14547_14636_13811_14684_13986_14398_13969_13987_13306_14190_14525_33187
18157,14397_12510_13977_14856_14728_12534_13570_14547_14636_13811_14684_13986_14398_13969_13987_13306_14190_14525_33187
3847,12511
2263,12511
30020_33570_14775_33533_32712_14781_54741_33534_30006_32679_54654_30008_20727_33631_54742_32726_30017_30007_54677_54781_33537_33569_14269_732_33566,12512
18157,12512
19046,14732_33486_12824_54791_54782_9843_12905_54817_14506_12514_14666_33657_12125_14813_14632_32730
20225,14732_33486_12824_54791_54782_9843_12905_54817_14506_12514_14666_33657_12125_14813_14632_32730
4884,14732_33486_12824_54791_54782_9843_12905_54817_14506_12514_14666_33657_12125_14813_14632_32730
508,14732_33486_12824_54791_54782_9843_12905_54817_14506_12514_14666_33657_12125_14813_14632_32730
2320,12516_9559_14608_15483
14651_8673_18237_21764,12516_9559_14608_15483
14376_13657_54837_30918_20847_13820_14486_13805_30917_12947_7974_13581_14855_30910_14858_30911_14482_14599_12869_30914_13658_30922_13819_14699_30920_13821_12960_30919_13656_14357_14580_30913_30916_13266_13509_14842_14678_13655_14617_12946_30912_100172,12516_9559_14608_15483
24623_18751,12516_9559_14608_15483
15159,12516_9559_14608_15483
15334,12516_9559_14608_15483
43005,12516_9559_14608_15483
508,12516_9559_14608_15483
15335,12516_9559_14608_15483
9266_9265_9267_18150,12517
18144,14542_18940_12518_14587_14052_14983_14582_11600_14468_14586_14585_14588_14543_14590_14583_14581_14745_14939_9690_11088_44299_13620_9689_14584_11281_12157_14578_13883
19188,12519
761,12519
16894,12519
5015,16464_12520
15979,12521
4609,12521
6009_19956_20069,12521
19117,12521
20489_11754,12524
33947,12526_15053_19623_15054
6025,12530
17666_17670_20093_20096_18250,12530
17965,12530
3847,12535
19589,12541
429,12544
17434,12544
15611,12545
8742_18542_28226,12548
15356,12548
20044_20046_15244_20047,12549
3847,12550
8757_19080,7082_12551_5340
15356,12552_8234_8082_7540_19003_17169
18289,12556
17749,12556
17274,12556
12123_54559_8909_26765_14904_11291_26729_30043_15286_18292_18293_5500_5501,12556
16327,12557
16329,12557
6040,12557
16801,12557
6025,12557
3847,54680_10844_10964_9189_13591_7561_7562_12558_11109_11765_16648
15134,12559
3847,12564
5178_6629_5416_6630_6631_6632,8143_7704_11923_12893_12894_12568
19292,12570
3847,12572
2320,12574
19117,12574
508,12574
762,12574
16950,12574
17027,12579
7179,12579
12580_1437_18483,12579
15052,12580_1437_18483
15133,12580_1437_18483
12580_1437_18483,12582
2320,12589
15159,12589
15653,12589
508,12589
3847,12590
2254,12590
2320,12593
15778,12593
15052,12593
508,12593
17646,12593
3832,12594
18727,12594
18162,12596
508,12596
16116,12608
17663,12611
15653,12611
508,12611
16913,12621
19589,12621
17143,12621
18395,12621
2320,12622
15919,12622
18157,12622
19046,12622
16336,12624
16327,12624
17718,12624
16328,12624
20018,12634
15656_16401,12635
15919,12635
18284,12635
12123_54559_8909_26765_14904_11291_26729_30043_15286_18292_18293_5500_5501,12635
17750,12635
5267,12637
19589,12637
12123_54559_8909_26765_14904_11291_26729_30043_15286_18292_18293_5500_5501,12637
15919,12637
18284,12637
18454,12637
17750,12637
2320,12638
12413_10261_13734_10671_14229_16073,12638
508,12638
24237,12638
4884,12638
16337,12648
19215,12648
18814,12650
15945,12650
17847,7164_13776_12651_7165_12664_13354_17845
18416_18423_14975_14827_14702_18417_18418_18419_18421_18422_18644_15089_15091_15090_18420,7164_13776_12651_7165_12664_13354_17845
16157,12127_13390_14144_12193_13161_9676_14977_30014_12248_14900_11787_14474_12652_12699_29136_11028_14788_11968_29133_11170_9683_11423_9675_14129_13162_13440_9677_14142_14782_13297_12034_15152_15151_16971
3847,12657
5445,12660_12661_21012
5136,12663
2320,7164_13776_12651_7165_12664_13354_17845
18157,7164_13776_12651_7165_12664_13354_17845
3847,12668
24255,12669
20063,12669
19289,12669
20297,12669
6026,12672
5281_12365_12366,12672
5575,14038_12820_12953_12132_12673_12821_12822_12823_12951_12952_12954
5495,12675
17898,12682
18157,16759_11948_14874_9166_11866_14351_12683_14349_54844_13990_54669_14485_13438_10190_12890_32831_14370_12438_12891_13853_13993_32643_20135_16396
15218_15217_20145,12687
7893,13380_12691_100082
3847,12692
24573,12693
17693,12693
16325,12693
18289,12127_13390_14144_12193_13161_9676_14977_30014_12248_14900_11787_14474_12652_12699_29136_11028_14788_11968_29133_11170_9683_11423_9675_14129_13162_13440_9677_14142_14782_13297_12034_15152_15151_16971
20101,12700
8369_11422_9967_8368_15827_17828_1909_18440_17829,12700
14992_30031_13527_15148_15146,12703
18155,12708
3847,12711
3847,12712
100175,12714
16334,12714
18101,9550_7937_12717_13480
30020_33570_14775_33533_32712_14781_54741_33534_30006_32679_54654_30008_20727_33631_54742_32726_30017_30007_54677_54781_33537_33569_14269_732_33566,12718
18157,12718
19058,12719
19255,12719
16397,12719
2254,12720
8768_9745_8769_14147_12588_9744_10830_12188_13866_11144_12414_8767_8083_19260_19262_16295,9696_14545_12904_14521_14685_13526_30936_30034_12721_10682_18126_20074
18284,9696_14545_12904_14521_14685_13526_30936_30034_12721_10682_18126_20074
3847,12722
15905,12725
19722_19724_15163,12725
19723,12726
18790_18789_18788,12726
15489,12727
2052,12727
3847,12732
11285_13406_12767_12540_7932_14189_3004_5150_5417_14207_12659_14266_13420_13409_12419_13416_12674_100114,12733
12398_12507_8374_19118,12733
9299,12734
17965,12734
2320,12735
19117,12735
19285,12735
15159,12735
43005,12735
508,12735
15218_15217_20145,12739
16920,12740
761,12740
17688,12747
20106,12747
9294_13291_10598_13091_10362_9868_9295_9293_9290_9291_2413_2412,12747
3689,12747
3847,12749
32778_8823_100218_60486_15168,12750
761,12756
16894,12756
44200,12757
17965,12757
17015,12757
2320,8898_8899_12759_111
19117,8898_8899_12759_111
15159,8898_8899_12759_111
43005,8898_8899_12759_111
508,8898_8899_12759_111
16954,12761
762,12761
20573,20759_12843_12763
15707,12764
20045,12764
3847,12772
3847,12773
2320,12774
16913,12774
19117,12774
15159,12774
761,12774
5027,12774
43005,12774
508,12774
18288,12783
12123_54559_8909_26765_14904_11291_26729_30043_15286_18292_18293_5500_5501,12783
15656_16401,12783
15919,12783
18284,12783
18296,12783
19589,12783
17740,12783
20044_20046_15244_20047,12784
18151,12784
20225,12786
17706,12786
19743,12786
18120_18118_18119_18117,14302_12928_14568_12867_12766_13132_13239_11489_11785_11339_14304_10044_13962_11408_14018_12213_14644_12448_12787_14282_11532_12866_11445_14015_12639_12181_14295_8438_13552_14020_10043_11803_13165_13551_13342_11006_10047_14882_14016_12476_10287_12256_13048_10418_13179_14729_13401_10046_14303_11992_13737_11522_14024_12334_12453_8437_12643_10733_11862_14305_10878_19064
15905,14302_12928_14568_12867_12766_13132_13239_11489_11785_11339_14304_10044_13962_11408_14018_12213_14644_12448_12787_14282_11532_12866_11445_14015_12639_12181_14295_8438_13552_14020_10043_11803_13165_13551_13342_11006_10047_14882_14016_12476_10287_12256_13048_10418_13179_14729_13401_10046_14303_11992_13737_11522_14024_12334_12453_8437_12643_10733_11862_14305_10878_19064
17635,7495_7496_13928_13813_12789_10983_14019_14033_14627_3441_44807
16796,12791
2254,12791
9071,12793_20728
19117,12794
19827,12794
15770_16553,12794
508,12794
21034,12794
3847,12795
3847,12798
12413_10261_13734_10671_14229_16073,12802
15181,12803
15188,12803
17706,12803
188,12805
12629_7326_15427,12805
10293,20740_12806
7554_7551_7555_7550_14661_9181_18747_15551_19276_15550_17610_11869,12807_9183
3847,12809
5509,12809
3847,12814
18787,12815
20247,12815
100137,12815
21038,12817
5089,12817
5148,12819
19052,12819
18078,12825_4392
16909,12830
761,12830
11303_14451_14539_14462_11390_13589_13191_5363,12833
426,12833
15338,12833
20253,12833
15979,12839
24462,12842
1343,12850_12851_79_16579
43008,12853
15333,12853
10001_19287_23046_23048,12853
24623_18751,12854
23603,12854
15335,12854
19589,12854
14376_13657_54837_30918_20847_13820_14486_13805_30917_12947_7974_13581_14855_30910_14858_30911_14482_14599_12869_30914_13658_30922_13819_14699_30920_13821_12960_30919_13656_14357_14580_30913_30916_13266_13509_14842_14678_13655_14617_12946_30912_100172,12856
508,12856
20101,12858
20127,12858
18727,12858
15132,9816_11877_12679_14040_9817_12676_20848_8156_9818_12859_9815_19026_20645
19145,12860
2320,12864
19117,12864
16901,12864
761,12864
100147,12864
3847,12865
426,12868
19144,12868
15802_19502_509,14376_13657_54837_30918_20847_13820_14486_13805_30917_12947_7974_13581_14855_30910_14858_30911_14482_14599_12869_30914_13658_30922_13819_14699_30920_13821_12960_30919_13656_14357_14580_30913_30916_13266_13509_14842_14678_13655_14617_12946_30912_100172
761,12870
100316_12738_14550_14548_13279_12737_13062_12736_11377_32915_13370_13367_13372_2442_32756,24540_12871_9078
100240,12872
23603,12873
14701_12716_32835_8472_32721_8471_12019_10073_19667_16761,12873
7842_20066_20521_20522,12873
100240,12876
11118,12883
20078,12883
2320,12885
15218_15217_20145,12885
17749,12885
15327,12885
12123_54559_8909_26765_14904_11291_26729_30043_15286_18292_18293_5500_5501,12885
15919,12885
18284,12885
19338,8399_12888_12889
15938,12892
19589,12892
17133,12892
16628,12897
429,12897
20587,12897
21181,12897
16628,12901
2242,12901
44744,12901
21181,12901
5328,12907
19755,12907
15700,12908
15,12908
3847,12909
19117,5562_12910_13068
37940,5562_12910_13068
18373_18374_18384_18379,7078_12911_12912_8749_11301_19992_16165_1220
8681,12913
16900,12914
761,12914
16952,12915
762,12915
761,12916
16884,12916
7094_10521_15008_21547_7538_8770_8772_14560_32717_14540_8771_7092_19507_15047_15048,13906_12926_14385_13181
12322_12562_7999_7733_13642_12563_7734_9349_16355_19756_16296_11616_12267,12927
761,12927
16900,12927
2921_19952_18701,12929
8742_18542_28226,12930
16542,9960_12845_33643_11471_12831_12875_12941_13153_8617_54849_5265_12832_12610_12840_11087_11521_11661_11699_11700_11701_12040_12829_12837_12838_12841_12852_12886_12887_12940_12973_13012
18050,12944
2320,12948
15218_15217_20145,12948
19117,12948
16888,12948
15159,12948
761,12948
43005,12948
11119,12948
508,12948
5301,21571_7462_12956_12957_12958_13893
24237,21571_7462_12956_12957_12958_13893
16913,12964
761,12964
20107,12967
43009,12980
18454,12980
20127,12984
15905,12984
18120_18118_18119_18117,12984
20240,12984
15327,12984
6025,12984
19589,12984
13907_17091_17092_87,12986
6025,12991
14285_9134_7109_9135_13355_19403_20337,12992
23603,12992
1684,12992
9068,12992
577,12992
16578,12992
18230,12992
19213,12994
45014,12994
44976,12994
16812,12994
17756,12994
456,12996
19058,12996
45018,12996
44976,12996
15335,12997
3847,12998
456,12999
15919,12999
45018,12999
44976,12999
2520_19800,13000
15497,13003
3847,13004
15922,13005
100309,13005
17663,13005
508,13005
15962,13005
19589,13005
15695,13007
15695,13008
3847,13009
14312_11234_13845_107,13013
18239,8473_8476_11198_10275_10068_32571_12108_32885_60702_11252_19666_13014_10076
9816_11877_12679_14040_9817_12676_20848_8156_9818_12859_9815_19026_20645,7293_13016_9953_17570
136,13018
17954,13021
17370,13021
17369,13021
17133,13021
1999_5149,13024
16905,13025
761,13025
20212,13026
763,13026
20213,12200_13027_54832_12199_7378_20364_20214
19236,13028
9637,13028
20380_19792_19793_19794_16163,13029
14966_32588_30061_14240_20341,13031
2320,13036
15159,13036
508,13036
3847,13037
18729,13038
19296,13038
15950,13038
629,13038
16235,13038
5073_44794,13038
2254,13038
16244,13040
16244,13041
16244,13042
16244,13043
1549,13044
16118,13046
9294_13291_10598_13091_10362_9868_9295_9293_9290_9291_2413_2412,13046
16118,13047
16527,13047
17241,14302_12928_14568_12867_12766_13132_13239_11489_11785_11339_14304_10044_13962_11408_14018_12213_14644_12448_12787_14282_11532_12866_11445_14015_12639_12181_14295_8438_13552_14020_10043_11803_13165_13551_13342_11006_10047_14882_14016_12476_10287_12256_13048_10418_13179_14729_13401_10046_14303_11992_13737_11522_14024_12334_12453_8437_12643_10733_11862_14305_10878_19064
18289,13049
17749,13049
11688_12138_171_18276_172_173,13049
12123_54559_8909_26765_14904_11291_26729_30043_15286_18292_18293_5500_5501,13049
18284,13049
43009,13050
43008,13053
5267,13053
15329,13053
3847,13054
3847,13055
2320,10632_33369_33371_10472_14477_32598_10396_32768_33361_13389_14859_14392_33373_32752_32657_14593_32663_14947_13388_14377_32808_14895_30059_13387_32880_33363_32678_13989_33366_10375_13277_33362_14917_14921_14933_14942_30054_14607_14595_14133_33370_14201_32918_14949_32813_14533_14598_10246_33368_15025_14371_54845_14360_13056_13801_14718_14719_32812_32858_30072_14505_14199_14003_14328_15000_33367_33372_15002_12245_30856_32710_32725_33364_33365_14868_29138_32822_12812_32895_14625_34106_33374_100079_14916_14647_100062_25353
16801,10632_33369_33371_10472_14477_32598_10396_32768_33361_13389_14859_14392_33373_32752_32657_14593_32663_14947_13388_14377_32808_14895_30059_13387_32880_33363_32678_13989_33366_10375_13277_33362_14917_14921_14933_14942_30054_14607_14595_14133_33370_14201_32918_14949_32813_14533_14598_10246_33368_15025_14371_54845_14360_13056_13801_14718_14719_32812_32858_30072_14505_14199_14003_14328_15000_33367_33372_15002_12245_30856_32710_32725_33364_33365_14868_29138_32822_12812_32895_14625_34106_33374_100079_14916_14647_100062_25353
20070,10632_33369_33371_10472_14477_32598_10396_32768_33361_13389_14859_14392_33373_32752_32657_14593_32663_14947_13388_14377_32808_14895_30059_13387_32880_33363_32678_13989_33366_10375_13277_33362_14917_14921_14933_14942_30054_14607_14595_14133_33370_14201_32918_14949_32813_14533_14598_10246_33368_15025_14371_54845_14360_13056_13801_14718_14719_32812_32858_30072_14505_14199_14003_14328_15000_33367_33372_15002_12245_30856_32710_32725_33364_33365_14868_29138_32822_12812_32895_14625_34106_33374_100079_14916_14647_100062_25353
17998,10820_13060
18466,10820_13060
18329,10820_13060
2320,13069
18609,13069
16799,13069
43878,13069
4884,13069
10962_7758_14622_19272_6588_18865_17667_17673_17672_44663,13073
17127,13074
19296,13074
23603,13074
15950,13074
6574,13074
21440,13074
12521,14680_13075_24563_13921_13920
20068,14680_13075_24563_13921_13920
166,14680_13075_24563_13921_13920
20573,13076_12149_12150_12151_12152_12862_12863
3847,13077
16536,13081_14054_16537
15246,13082
21189,13082
5072,9741_13083_13084_13085_13086_14774
18906,13088
2320,13090
16917,13090
19117,13090
15159,13090
761,13090
43005,13090
508,13090
19117,13098
37940,13098
5365_20677,13098
19591_5152,13099
15789,13099
19117,13099
15770_16553,13099
18398,13099
4967,13108_7190_12318_12934_12935_12936_13109
5528,13110
24237,13110
17313,13110
14659_32844_24568_23,13111
18157,13111
100237,13115
16578,13116
20225,13116
9637,13116
19589,13116
15945,13118
15707,13118
43008,13118
15327,13118
365,13122_14998_13121
14555_54852_24548_14923_11937_19347,8313_13124
19716,13125
16235,13125
15962,14891_13128_8073_13643_608
4907,13136
8982,13151_13137_24539
4900,13138
8742_18542_28226,32899_42490_13139
18373_18374_18384_18379,13143
100240,13143
16632,13143
18373_18374_18384_18379,13144
100240,13144
16632,13144
3847,13149
17635,54835_54836_13150
2254,54835_54836_13150
18329,54835_54836_13150
11688_12138_171_18276_172_173,13156_13159_13160_13155_14141_33556
18277,13156_13159_13160_13155_14141_33556
18279,13156_13159_13160_13155_14141_33556
16182,12127_13390_14144_12193_13161_9676_14977_30014_12248_14900_11787_14474_12652_12699_29136_11028_14788_11968_29133_11170_9683_11423_9675_14129_13162_13440_9677_14142_14782_13297_12034_15152_15151_16971
11456_13444_9728_14374_13916_14537_11752_14997_13718_11190_14158_13917_12680_13442_13302_19005,13163
19238,13164
19058,13164
15656_16401,13164
19058,13166
19213,13166
44976,13166
698,13166
17684,13166
15656_16401,13166
2320,13169
19117,13169
15159,13169
16942,13169
43005,13169
762,13169
508,13169
6025,13170
100237,13170
18814,13171
19236,13171
18609,13172
13541_14171_14170_32866_14116_32578_12399_14337_14341_904,13172
15220,13172
508,13172
15310,13172
15331,13176
17274,13176
10194_13899_18096,13176
16150,13177
11486_12279_19950_20121_23595_18281,13177
11486_12279_19950_20121_23595_18281,13178
2320,13182
19117,13182
15159,13182
508,13182
43005,13182
762,13182
16950,13182
19126,14375_13184
10036_14808_8964_45032_15170,14375_13184
15182,14375_13184
18029,13187_13190
19117,13189
1162,13189
3847,13194
17635,13208
17766,13208
19117,13208
14864_214,13208
3847,13213
3847,13214
9685,13222_24545_13221
19694,13223
12713_12185_9593_10738_8479_16763,13223
19117,12252_13224
20560,12252_13224
15110,13225_12923_12071_10020_6536
5015,13225_12923_12071_10020_6536
16110,13225_12923_12071_10020_6536
18035,13226
43007,13226
16628,13227
2242,13227
14701_12716_32835_8472_32721_8471_12019_10073_19667_16761,13228
23224,13229
13229,24508_13230
14701_12716_32835_8472_32721_8471_12019_10073_19667_16761,13232
14701_12716_32835_8472_32721_8471_12019_10073_19667_16761,13233
20573,13237
16915,13238
761,13238
2320,13245
19126,13245
19787_15174_33862,13245
19117,13245
15939,13245
17133,13245
568,13245
15159,13245
5087,13245
43005,13245
15709,13245
508,13245
43693_13209_4790_21104,13246
7600,14275_13247_30056_24525_1083
3847,13251
15945,13252
43008,13252
10632_33369_33371_10472_14477_32598_10396_32768_33361_13389_14859_14392_33373_32752_32657_14593_32663_14947_13388_14377_32808_14895_30059_13387_32880_33363_32678_13989_33366_10375_13277_33362_14917_14921_14933_14942_30054_14607_14595_14133_33370_14201_32918_14949_32813_14533_14598_10246_33368_15025_14371_54845_14360_13056_13801_14718_14719_32812_32858_30072_14505_14199_14003_14328_15000_33367_33372_15002_12245_30856_32710_32725_33364_33365_14868_29138_32822_12812_32895_14625_34106_33374_100079_14916_14647_100062_25353,13254
1149,13254
16913,13256
19117,13256
761,13256
43005,13256
44699,13256
16195,11482_14396_11702_11003_14100_13479_11400_12808_11095_13848_13261_12745_12704_13371_32592_12744_7269_11840_13168_10951_12362_13373_12667_12062_13147_10542_11541_13339_14073_12746_14095_13262_11094_5021_11425_11567_12364_13030_13198_13211_5200
16565,13267
761,13267
16894,13267
21034,13268
16643,13268
17746,13270
100040,13270
15335,13271
24623_18751,13271
15334,13271
16643,13271
16912,13272
761,13272
762,13273
16949,13273
17688,13275
20106,13275
6506,13275
17368,13276
19722_19724_15163,13276
15939,13276
20561,13280
18288,13281
15656_16401,13281
15919,13281
18284,13281
12123_54559_8909_26765_14904_11291_26729_30043_15286_18292_18293_5500_5501,13281
17750,13281
5087,13282
2254,13282
2273,13282
19743,13282
761,13292
16903,13292
881,13296
15688,13296
2320,13298
19117,13298
16967,13298
15159,13298
43005,13298
762,13298
508,13298
761,13299
15412_15415_15418_15411,13300
5387_19852_19851,13301
17143,13301
17962,13301
21124,13301
24575,13301
5372,13301
19394,11456_13444_9728_14374_13916_14537_11752_14997_13718_11190_14158_13917_12680_13442_13302_19005
44655,14397_12510_13977_14856_14728_12534_13570_14547_14636_13811_14684_13986_14398_13969_13987_13306_14190_14525_33187
15945,13308
21060,13308
761,13309
19595,13310
19593,13310
18479_19847_23601_60783,13310
8514_8512_8515_8516_10669_19683_21002_17460,13311
17434,13311
10001_19287_23046_23048,13311
13311,11177_13976_13975_13313_32804_13973_13974_44305_10955_23040_23041_23042
11285_13406_12767_12540_7932_14189_3004_5150_5417_14207_12659_14266_13420_13409_12419_13416_12674_100114,13316
20242,13316
15110,13317
3847,13318
3847,13319
761,13320
16894,13320
3847,13321
15503,13324
2013,13324
18729,13324
18562,13324
5586,13324
15919,13325
18284,13325
12123_54559_8909_26765_14904_11291_26729_30043_15286_18292_18293_5500_5501,13325
17750,13325
16046,13329
762,13329
16967,13329
3847,13330
18175,13331
3847,13332
5497,13333
23603,13333
19054,13334
3847,13335
2320,13336
19117,13336
16897,13336
15159,13336
761,13336
43005,13336
508,13336
11764_11658_13625_8199_14604_11613_14233_11562_8200_14796_17279_5180_6966_828_10796_10360_11737_13167,13340_12466_13653_11896
19220,13341
2012,13341
19058,14302_12928_14568_12867_12766_13132_13239_11489_11785_11339_14304_10044_13962_11408_14018_12213_14644_12448_12787_14282_11532_12866_11445_14015_12639_12181_14295_8438_13552_14020_10043_11803_13165_13551_13342_11006_10047_14882_14016_12476_10287_12256_13048_10418_13179_14729_13401_10046_14303_11992_13737_11522_14024_12334_12453_8437_12643_10733_11862_14305_10878_19064
2561,14302_12928_14568_12867_12766_13132_13239_11489_11785_11339_14304_10044_13962_11408_14018_12213_14644_12448_12787_14282_11532_12866_11445_14015_12639_12181_14295_8438_13552_14020_10043_11803_13165_13551_13342_11006_10047_14882_14016_12476_10287_12256_13048_10418_13179_14729_13401_10046_14303_11992_13737_11522_14024_12334_12453_8437_12643_10733_11862_14305_10878_19064
15699,13343
12123_54559_8909_26765_14904_11291_26729_30043_15286_18292_18293_5500_5501,13349
15656_16401,13349
15919,13349
18284,13349
17740,13349
17119,13351
508,13352
3847,13353
16915,13357
761,13357
7039_7245_18975_21061_8075,13357
15262,13360
6025,13361
15722,13361
24307,13361
2320,13362
15159,13362
508,13362
762,13363
23603,13363
11530_8620_7977_23599,13363
19188,13364
17432,13368
15852,13368
18454,13368
3847,13374
16520,13375
20127,13382
152,13382
17385,10632_33369_33371_10472_14477_32598_10396_32768_33361_13389_14859_14392_33373_32752_32657_14593_32663_14947_13388_14377_32808_14895_30059_13387_32880_33363_32678_13989_33366_10375_13277_33362_14917_14921_14933_14942_30054_14607_14595_14133_33370_14201_32918_14949_32813_14533_14598_10246_33368_15025_14371_54845_14360_13056_13801_14718_14719_32812_32858_30072_14505_14199_14003_14328_15000_33367_33372_15002_12245_30856_32710_32725_33364_33365_14868_29138_32822_12812_32895_14625_34106_33374_100079_14916_14647_100062_25353
16198,12127_13390_14144_12193_13161_9676_14977_30014_12248_14900_11787_14474_12652_12699_29136_11028_14788_11968_29133_11170_9683_11423_9675_14129_13162_13440_9677_14142_14782_13297_12034_15152_15151_16971
19046,13391
19233,13391
16906,13393
761,13393
19117,13394
15220,13394
16883,13396
761,13396
43007,13396
15129_15130,13400
19595,13400
19213,13404
351,13404
508,13404
15709,13408
761,13415
15,13417
15699,13419
15,13419
15700,13421
15,13421
15700,13422
15,13422
44209,13423
19117,13424
16885,13424
761,13424
43005,13424
17393,13424
12212_12427_13897_18954,13426
15979,33541_14280_13500_14278_10296_33542_32723_14597_14727_8856_54696_32599_20849_32763_30858_30013_10504_14453_12426_10386_32803_14491_13427_14222_14981_13953_21094_30898_30973_30981
18283_18282,12127_13390_14144_12193_13161_9676_14977_30014_12248_14900_11787_14474_12652_12699_29136_11028_14788_11968_29133_11170_9683_11423_9675_14129_13162_13440_9677_14142_14782_13297_12034_15152_15151_16971
15700,13445
15,13445
21189,13452
21145,13452
19625_17311,13452
15953,13452
17313,13456
20111,13456
15656_16401,13456
19213,13456
18157,13458
1200_1134_15512_5080_100078,13458
15962,13458
1999_5149,13458
3847,13461
3847,13462
44209,13467
18779,13472
3847,13473
5015,14098_11448_12072_7906_13478_20088
15218_15217_20145,13481
20165,13481
761,13481
16911,13481
3847,13483
18727,13487
3847,13488
24555_13058_13490_137_11391,13491
3847,13493
3847,13497
15279,33541_14280_13500_14278_10296_33542_32723_14597_14727_8856_54696_32599_20849_32763_30858_30013_10504_14453_12426_10386_32803_14491_13427_14222_14981_13953_21094_30898_30973_30981
14411_11300_14982_14183_12021_12045_8053_12995_13604_13508_32941_12154_9713_14177_1384_12227_12228_12229_12230_12388_12389_12469_12932_13603,5090_13498_8414_10897_33312_10943_11552_14092_12054_11960_11280_11294_11295_11298_11307_11498_12879_13089_13506
19117,5090_13498_8414_10897_33312_10943_11552_14092_12054_11960_11280_11294_11295_11298_11307_11498_12879_13089_13506
3847,13511
11399,13512
19402_16486,13517
13099,13518_24464_9878
6025,14076_13519_9136_14600_13520_27353
426,13521_13522_14690_7485
6025,13523
19707,13523
23603,13523
20732,13523
18796,13524
20573,13524
15204,14992_30031_13527_15148_15146
18162,13531
508,13531
3847,13532
15903,13533
19052,13534
3847,13535
17754,13536
3847,13538
19052,13539
21248,13540
19313,13540
42982,13540
19520,13540
18729,13540
19044,13540
43218,13540
9332,13540
19589,13540
3847,13543
17718,11421_14091_13546_13547
3847,13548
3847,13549
16108,13550
16502,13558_14885_30903_13555_8748_13559_13560_13556_13606_11997_13557_19312
19700,13561
15979,13562
15919,13563_10466_14165_100247
3847,13564
20573,13568
19664,36483_14915_14577_54565_9894_14214_13569_44328_9964_14284_14907_33485_14287_14688
17753,13571
20087,13572
19755,13574
3847,13575
15132,13576
19296,13577
2320,13578
14376_13657_54837_30918_20847_13820_14486_13805_30917_12947_7974_13581_14855_30910_14858_30911_14482_14599_12869_30914_13658_30922_13819_14699_30920_13821_12960_30919_13656_14357_14580_30913_30916_13266_13509_14842_14678_13655_14617_12946_30912_100172,13578
15159,13578
43005,13578
508,13578
19242,13579
19169,13580
15572,13583
15905,13584
15327,13584
9751_24309_13142_11961_13337_13839_10688_14671_8086_11002_9746_12092_13381_13634_14286_14244_19941_18213_19551,13584
20142,13584
3406,13584
24237,13584
19589,13584
3847,13586
16527,13587
16647,11493_13590_13666_7160_19354
19577,8798_8060_7135_11595_7867_7900_11852_13592_8125
5154,13595
3847,13598
3939,13598
15279,13599
19787_15174_33862,13599
16423_16422_9411_10012_17278,13599
33541_14280_13500_14278_10296_33542_32723_14597_14727_8856_54696_32599_20849_32763_30858_30013_10504_14453_12426_10386_32803_14491_13427_14222_14981_13953_21094_30898_30973_30981,13599
17841,13599
15709,13599
5084,13600
8187_2050_5618_5451_5371_100081_5383_1942_1098_3265_11924_12384,13600
24626,13601
19052,13601
44976,13601
42982,13607
15133,13607
19589,13614
15338,13615
15336,13615
19716,13617
3847,13618
100121,14542_18940_12518_14587_14052_14983_14582_11600_14468_14586_14585_14588_14543_14590_14583_14581_14745_14939_9690_11088_44299_13620_9689_14584_11281_12157_14578_13883
2350,13621
19722_19724_15163,13621
19138,14078_13623_13597_32765_13622_14518_14386_11588_12354_12031_54577_8553_14830_8552_30996
5083,13626
20068,32742_13633
166,32742_13633
16991,32742_13633
5267,13640
20238,13640
15953,13640
2320,13646
19117,13646
15159,13646
761,13646
16907,13646
43005,13646
508,13646
19289,13648
17119,13659
3847,13660
2012,13661
19215,13661
3749,13662
3847,13663
18618,13664
19597,13664
15905,13664
16674_10765,13664
16951,11146_18030_13668_18028_19525_30502_19864
14411_11300_14982_14183_12021_12045_8053_12995_13604_13508_32941_12154_9713_14177_1384_12227_12228_12229_12230_12388_12389_12469_12932_13603,13670
761,13672
19589,13673
18609,13673
18609,13674_54764_12444_14290_10476_24457_54763_18307
4884,13674_54764_12444_14290_10476_24457_54763_18307
20211,13678
3847,13680
20127,13681
17753,13681
16108,13686
18446,12235_13645_32923_33115_14159_8943_14530_13905_32706_14339_14311_33116_14934_13687_13392_14503_14601_14845
6499,13688
19289,13688
11500,13688
16377,13690
15356,13692
2320,13696
5090_13498_8414_10897_33312_10943_11552_14092_12054_11960_11280_11294_11295_11298_11307_11498_12879_13089_13506,13696
761,13696
19117,13696
17709,13700
19589,13711
15362,13711
16108,13711
15979,13713
44209,13714
15699,13720
15,13720
15699,13721
15,13721
19046,13722_17333
19505,13722_17333
5046,20547_13730
2921_19952_18701,13731
3847,13732
3847,13733
17119,13735
43005,13735
15159,13735
508,13735
15338,13740
13742,13741_11965_12705_12706_14639_14308_14650_15586_100032
11506_19448_17704_13981,13742
11231_11443_7367_24566_11891_12707_12224_12226_32_12681_12972,13742
18782,13743
7915,13743
21181,13743
17569,13755
100237,13755
19722_19724_15163,14866_12012_33850_11890_11687_12014_13758_11569_13753_10550_12640_11903_8961_14154_10877_10699_32728_7790_11527_14665_11633_12231_13644_11066_11091_11916_14735_14467_11085_11889_12096_11570_11894_10949_36484_14733_14117_14012_10549_10551_14736_11113_7311_11534_11901_10995_13338_14208_14726_13212_7307_14074_12250_11902_14566_14511_10479_7309_10689_11475_14836_54833_11674_13959_11909_7308_11675_19011_18993_15626_18995_18994_18778_44640
24462,13759
15356,13759
20573,13759
18120_18118_18119_18117,13760
17272,13760
15905,13760
19058,13760
152,13761
19169,13762
15905,13762
18424,13762
24255,7349_13766_12724_14498_18768
25513,7349_13766_12724_14498_18768
15939,7349_13766_12724_14498_18768
15508,13771
20225,13772
19058,13772
20496,13773_17410
16628,13775
100240,13775
2242,13775
14039_14198_8758_33545_32815_9504_9636_12792_13350_11283_14175_32932_18158,7164_13776_12651_7165_12664_13354_17845
33541_14280_13500_14278_10296_33542_32723_14597_14727_8856_54696_32599_20849_32763_30858_30013_10504_14453_12426_10386_32803_14491_13427_14222_14981_13953_21094_30898_30973_30981,13779
15653,13784
3847,13787
18288,13789
18284,13789
12123_54559_8909_26765_14904_11291_26729_30043_15286_18292_18293_5500_5501,13789
17740,13789
19144,13791
5049,13792
3847,13793
762,13796
16967,13796
16915,13797
761,13797
761,13798
3847,13799
7842_20066_20521_20522,13800
18614,10632_33369_33371_10472_14477_32598_10396_32768_33361_13389_14859_14392_33373_32752_32657_14593_32663_14947_13388_14377_32808_14895_30059_13387_32880_33363_32678_13989_33366_10375_13277_33362_14917_14921_14933_14942_30054_14607_14595_14133_33370_14201_32918_14949_32813_14533_14598_10246_33368_15025_14371_54845_14360_13056_13801_14718_14719_32812_32858_30072_14505_14199_14003_14328_15000_33367_33372_15002_12245_30856_32710_32725_33364_33365_14868_29138_32822_12812_32895_14625_34106_33374_100079_14916_14647_100062_25353
19058,13802
12398_12507_8374_19118,13802
16790,13802
24237,13802
4884,13802
6025,13803
18787,13803
24255,13806
19293,13806
15356,13806
24499,13808
19708,13808
18729,13808
20063,13808
23603,13808
19293,13808
15950,13808
15356,13808
16235,13808
19716,13808
3847,13809
18284,13810
12123_54559_8909_26765_14904_11291_26729_30043_15286_18292_18293_5500_5501,13810
17750,13810
3847,13814
19698_19699,13815
9105,24541_13818
21189,13825_824
19006,13836
18151,13836
19589,13836
18151,13837
16327,13840
18151,13840
21189,13843
54868,13843
3847,13846
2320,13847
19117,13847
16949,13847
762,13847
508,13847
30015_20856_14887_32573_159,13851
1713,13851
15979,13855
3847,13856
3847,13857
20133,13858
19722_19724_15163,5376_13860
19126,13863
19787_15174_33862,13863
16423_16422_9411_10012_17278,13863
15517,13863
18814,13863
30020_33570_14775_33533_32712_14781_54741_33534_30006_32679_54654_30008_20727_33631_54742_32726_30017_30007_54677_54781_33537_33569_14269_732_33566,13865
16327,13865
18157,13865
8891,13867_24537
19236,13869
4736,13869
19743,13869
2320,13870
19704,13870
12123_54559_8909_26765_14904_11291_26729_30043_15286_18292_18293_5500_5501,13870
18288,13870
18284,13870
17740,13870
15620,13873
15129_15130,13873
19698_19699,13873
15905,13875
19058,13875
19213,13875
17718,13875
44724_9787_12435_9611_44723_9610_17359,13875
18120_18118_18119_18117,13875
19589,13875
20573,11556_13876_13101_13102_13104_13105_13106
2320,13877
19058,13877
4069,13877
19213,13877
16789,13877
6025,13877
8345,13878_32865_14613_13879_14612_148
19308_9182_17612,13881
19723,13881
17016,13881
7299_14951_19349,13885
20380_19792_19793_19794_16163,13886
18609,13889
15329,13889
8048_15705_18947,13890
15765,13890
14005_18013_18904_2461,13892
19698_19699,13894
19741,13898
1085,13898
5334,13898
18189,12235_13645_32923_33115_14159_8943_14530_13905_32706_14339_14311_33116_14934_13687_13392_14503_14601_14845
18764,13907_17091_17092_87
3847,13909
5187,13909
12433_14579_13326_12225_11755_14712_9962_11756_17842,11456_13444_9728_14374_13916_14537_11752_14997_13718_11190_14158_13917_12680_13442_13302_19005
17806,13918
15990,7495_7496_13928_13813_12789_10983_14019_14033_14627_3441_44807
18814,13934
19708,13941
17956,13944
15363,13947
8455_9673_10056_9672_11585_11436_9669_19079_1516_16224_14753_18218,13947
17897,13954
17897,13955
17899,13956
33541_14280_13500_14278_10296_33542_32723_14597_14727_8856_54696_32599_20849_32763_30858_30013_10504_14453_12426_10386_32803_14491_13427_14222_14981_13953_21094_30898_30973_30981,13956
17899,13957
15110,13960
19589,13960
18289,13968
18288,13968
12123_54559_8909_26765_14904_11291_26729_30043_15286_18292_18293_5500_5501,13968
17740,13968
2320,14397_12510_13977_14856_14728_12534_13570_14547_14636_13811_14684_13986_14398_13969_13987_13306_14190_14525_33187
19058,14397_12510_13977_14856_14728_12534_13570_14547_14636_13811_14684_13986_14398_13969_13987_13306_14190_14525_33187
6025,13970
19213,13970
19242,13970
16399,13970
2320,13971
30020_33570_14775_33533_32712_14781_54741_33534_30006_32679_54654_30008_20727_33631_54742_32726_30017_30007_54677_54781_33537_33569_14269_732_33566,13971
18157,13971
19046,13971
10001_19287_23046_23048,11177_13976_13975_13313_32804_13973_13974_44305_10955_23040_23041_23042
17651,11506_19448_17704_13981
3847,14000_60663_32913_13988_14344_119
20075,13991
15770_16553,13991
15825,13992
15770_16553,13992
19012,13998
20249,13999
19512,14000_60663_32913_13988_14344_119
2350,14005_18013_18904_2461
16244,14005_18013_18904_2461
5334,14005_18013_18904_2461
2320,14006
14376_13657_54837_30918_20847_13820_14486_13805_30917_12947_7974_13581_14855_30910_14858_30911_14482_14599_12869_30914_13658_30922_13819_14699_30920_13821_12960_30919_13656_14357_14580_30913_30916_13266_13509_14842_14678_13655_14617_12946_30912_100172,14006
15159,14006
43005,14006
508,14006
3847,14008
17760,14013
7554_7551_7555_7550_14661_9181_18747_15551_19276_15550_17610_11869,14014
44655,14302_12928_14568_12867_12766_13132_13239_11489_11785_11339_14304_10044_13962_11408_14018_12213_14644_12448_12787_14282_11532_12866_11445_14015_12639_12181_14295_8438_13552_14020_10043_11803_13165_13551_13342_11006_10047_14882_14016_12476_10287_12256_13048_10418_13179_14729_13401_10046_14303_11992_13737_11522_14024_12334_12453_8437_12643_10733_11862_14305_10878_19064
18319,14021
18288,14023_24607_18278
17749,14023_24607_18278
11688_12138_171_18276_172_173,14023_24607_18278
12123_54559_8909_26765_14904_11291_26729_30043_15286_18292_18293_5500_5501,14023_24607_18278
15656_16401,14023_24607_18278
15919,14023_24607_18278
18284,14023_24607_18278
8455_9673_10056_9672_11585_11436_9669_19079_1516_16224_14753_18218,14025
2320,14034
14376_13657_54837_30918_20847_13820_14486_13805_30917_12947_7974_13581_14855_30910_14858_30911_14482_14599_12869_30914_13658_30922_13819_14699_30920_13821_12960_30919_13656_14357_14580_30913_30916_13266_13509_14842_14678_13655_14617_12946_30912_100172,14034
15159,14034
43005,14034
508,14034
2320,14035
14376_13657_54837_30918_20847_13820_14486_13805_30917_12947_7974_13581_14855_30910_14858_30911_14482_14599_12869_30914_13658_30922_13819_14699_30920_13821_12960_30919_13656_14357_14580_30913_30916_13266_13509_14842_14678_13655_14617_12946_30912_100172,14035
15159,14035
43005,14035
508,14035
54593_54716_12106_13923_11437_14623_11488_14484_9617_14473_12989_54806_14173_12029_54804_32583_14908_32694_13849_14660_7988_14730_54805_54761_30929_30928_16660,14043
14031_9616_17950,14043
19589,14044
43007,14044
3847,14053
17052,14057
15331,14058
15329,14058
18035,14058
17760,14060
12398_12507_8374_19118,14060
19705,14061
16797,14062
12238_24528_12415_20845_14898_14656_12241_13117_9783_90,14062
2320,14067
15159,14067
508,14067
17434,14069
18869,14077
13141_15372,14078_13623_13597_32765_13622_14518_14386_11588_12354_12031_54577_8553_14830_8552_30996
17198,14080
44201,14081
18814,14082
20044_20046_15244_20047,14557_14084_8842
17666_17670_20093_20096_18250,14089
20212,14089
30020_33570_14775_33533_32712_14781_54741_33534_30006_32679_54654_30008_20727_33631_54742_32726_30017_30007_54677_54781_33537_33569_14269_732_33566,11421_14091_13546_13547
104,14094
19157_20099,14094
20098,14094
17119,14096
43005,14096
15159,14096
18241,14097
15211,14097
5201,11482_14396_11702_11003_14100_13479_11400_12808_11095_13848_13261_12745_12704_13371_32592_12744_7269_11840_13168_10951_12362_13373_12667_12062_13147_10542_11541_13339_14073_12746_14095_13262_11094_5021_11425_11567_12364_13030_13198_13211_5200
13412_13200_12112_7268_11843_13474_13475_13477_10946_12799_8647_12804_13455_14883_13852_13197_7267_13195_12111_13369_7266_13476_5045,11482_14396_11702_11003_14100_13479_11400_12808_11095_13848_13261_12745_12704_13371_32592_12744_7269_11840_13168_10951_12362_13373_12667_12062_13147_10542_11541_13339_14073_12746_14095_13262_11094_5021_11425_11567_12364_13030_13198_13211_5200
19117,14109
44976,14109
45010,14109
19214,14109
508,14109
19046,14115
8742_18542_28226,14118
20253,14119
508,14119
18113,14128
18114,14128
16187,12127_13390_14144_12193_13161_9676_14977_30014_12248_14900_11787_14474_12652_12699_29136_11028_14788_11968_29133_11170_9683_11423_9675_14129_13162_13440_9677_14142_14782_13297_12034_15152_15151_16971
6025,14131
17666_17670_20093_20096_18250,14131
19117,14131
508,14131
17148,14136_24533_14134_14135
19165_88_15791_15714,14137
17663,12127_13390_14144_12193_13161_9676_14977_30014_12248_14900_11787_14474_12652_12699_29136_11028_14788_11968_29133_11170_9683_11423_9675_14129_13162_13440_9677_14142_14782_13297_12034_15152_15151_16971
18243,12127_13390_14144_12193_13161_9676_14977_30014_12248_14900_11787_14474_12652_12699_29136_11028_14788_11968_29133_11170_9683_11423_9675_14129_13162_13440_9677_14142_14782_13297_12034_15152_15151_16971
21124,14148
16072_15860,14148
17143,14148
5151,14148
14570_12656_14549_9670_14670_14965_13965_11868_14569_17436,14149
2921_19952_18701,14149
5579,14150
16532,14150
16025,14150
20573,14151
15470,14152_11403_14042_14163_18901_12285
15333,14157
19589,14157
18814,14160
30020_33570_14775_33533_32712_14781_54741_33534_30006_32679_54654_30008_20727_33631_54742_32726_30017_30007_54677_54781_33537_33569_14269_732_33566,14162
16327,14162
18157,14162
19698_19699,13563_10466_14165_100247
19117,13563_10466_14165_100247
12123_54559_8909_26765_14904_11291_26729_30043_15286_18292_18293_5500_5501,13563_10466_14165_100247
508,13563_10466_14165_100247
44200,14168
18394,33622_14365_14366_30844_32859_14961_32744_20851_32739_7161_54723_20852_54726_11720_54730_32863_7060_33673_14970_32845_54725_30938_14847_54724_54615_30846_14172_54732_54729_32686_30868_33671_9776_13505_29147_54728_54731_54727_10052_20855_32896_29148_14037_32748_13504_32898_54733_13070_13901_30926_30989
18297,14777_24567_14176
8178_507,14179_14178
7554_7551_7555_7550_14661_9181_18747_15551_19276_15550_17610_11869,14180
16902,14185
761,14185
13274_10761_10945_8378_12796_910_11272_13611_14692_10827_13175_44314_32604_33563_13469_13468_13052_14618_14687_14871_12943_54708_13402_14400_12363_10259_19200_13610_12523_14323_13780_8377_13437_44320_13425_10723_30071_11935_13413_12625_13414_13436_13314_12477_10320_13516_13395_11630_14653_14256_13407_13263_32689_11075_14093_10818_12463_10227_8379_13328_14345_32834_11137_14929_32940_13315_13447_10828_13405_13429_11974_12024_12367_15013_36482_10806_13312_32577_12813_10374_11259,14186
16327,14397_12510_13977_14856_14728_12534_13570_14547_14636_13811_14684_13986_14398_13969_13987_13306_14190_14525_33187
2320,14195
15218_15217_20145,14195
12398_12507_8374_19118,14195
15335,14196
15159,14196
15220,14196
508,14196
18814,14197
13359_11576_14875_16525,14200
15159,10632_33369_33371_10472_14477_32598_10396_32768_33361_13389_14859_14392_33373_32752_32657_14593_32663_14947_13388_14377_32808_14895_30059_13387_32880_33363_32678_13989_33366_10375_13277_33362_14917_14921_14933_14942_30054_14607_14595_14133_33370_14201_32918_14949_32813_14533_14598_10246_33368_15025_14371_54845_14360_13056_13801_14718_14719_32812_32858_30072_14505_14199_14003_14328_15000_33367_33372_15002_12245_30856_32710_32725_33364_33365_14868_29138_32822_12812_32895_14625_34106_33374_100079_14916_14647_100062_25353
43005,10632_33369_33371_10472_14477_32598_10396_32768_33361_13389_14859_14392_33373_32752_32657_14593_32663_14947_13388_14377_32808_14895_30059_13387_32880_33363_32678_13989_33366_10375_13277_33362_14917_14921_14933_14942_30054_14607_14595_14133_33370_14201_32918_14949_32813_14533_14598_10246_33368_15025_14371_54845_14360_13056_13801_14718_14719_32812_32858_30072_14505_14199_14003_14328_15000_33367_33372_15002_12245_30856_32710_32725_33364_33365_14868_29138_32822_12812_32895_14625_34106_33374_100079_14916_14647_100062_25353
20071,10632_33369_33371_10472_14477_32598_10396_32768_33361_13389_14859_14392_33373_32752_32657_14593_32663_14947_13388_14377_32808_14895_30059_13387_32880_33363_32678_13989_33366_10375_13277_33362_14917_14921_14933_14942_30054_14607_14595_14133_33370_14201_32918_14949_32813_14533_14598_10246_33368_15025_14371_54845_14360_13056_13801_14718_14719_32812_32858_30072_14505_14199_14003_14328_15000_33367_33372_15002_12245_30856_32710_32725_33364_33365_14868_29138_32822_12812_32895_14625_34106_33374_100079_14916_14647_100062_25353
2320,14205
15159,14205
508,14205
15052,14206
12580_1437_18483,14206
15150,14209
18609,14209
1835,14209
4884,14209
508,14210
2320,14213
14376_13657_54837_30918_20847_13820_14486_13805_30917_12947_7974_13581_14855_30910_14858_30911_14482_14599_12869_30914_13658_30922_13819_14699_30920_13821_12960_30919_13656_14357_14580_30913_30916_13266_13509_14842_14678_13655_14617_12946_30912_100172,14213
15159,14213
43005,14213
508,14213
19268,14218
24255,14218
18037,14218
5271,14218
6025,14219
19627_20194,14219
13028,14220
19058,14221
19213,14221
15656_16401,14221
3689,14221
2908,14221
17688,14221
20106,14221
18338,33541_14280_13500_14278_10296_33542_32723_14597_14727_8856_54696_32599_20849_32763_30858_30013_10504_14453_12426_10386_32803_14491_13427_14222_14981_13953_21094_30898_30973_30981
508,14224
18814,14226_5807
426,14227
18321,14231
11764_11658_13625_8199_14604_11613_14233_11562_8200_14796_17279_5180_6966_828_10796_10360_11737_13167,14231
20573,14232
24255,14234
19289,14234
118,14234
762,14235
2320,14238
15159,14238
508,14238
16674_10765,14239
3847,14241
4948_872_4963_20511_4947_814,14241
20573,14241
8300,14243
15365,9751_24309_13142_11961_13337_13839_10688_14671_8086_11002_9746_12092_13381_13634_14286_14244_19941_18213_19551
17629,14246
18319,14246
18319,14247
2254,14247
2320,14248
19942,14248
15656_16401,14248
15919,14248
18284,14248
18296,14248
17740,14248
620,14249
19117,14250
5804,14250
17143,14250
21124,14250
5372,14250
15979,14251
3847,14255
18318,14258
19058,14258
2320,14261
30020_33570_14775_33533_32712_14781_54741_33534_30006_32679_54654_30008_20727_33631_54742_32726_30017_30007_54677_54781_33537_33569_14269_732_33566,14261
16799,14261
19058,14261
12212_12427_13897_18954,14262
5267,14263
15159,14263
16907,14263
15329,14263
43005,14263
19721_19720,14263
44201,14267
18814,14268
15356,14268
18337,30020_33570_14775_33533_32712_14781_54741_33534_30006_32679_54654_30008_20727_33631_54742_32726_30017_30007_54677_54781_33537_33569_14269_732_33566
12123_54559_8909_26765_14904_11291_26729_30043_15286_18292_18293_5500_5501,14270
15656_16401,14270
15919,14270
18284,14270
17740,14270
12123_54559_8909_26765_14904_11291_26729_30043_15286_18292_18293_5500_5501,14271
15656_16401,14271
15919,14271
18284,14271
17740,14271
17666_17670_20093_20096_18250,14272
2320,14273
15159,14273
508,14273
5570,14274
18814,14276
19087,14281
15149,14302_12928_14568_12867_12766_13132_13239_11489_11785_11339_14304_10044_13962_11408_14018_12213_14644_12448_12787_14282_11532_12866_11445_14015_12639_12181_14295_8438_13552_14020_10043_11803_13165_13551_13342_11006_10047_14882_14016_12476_10287_12256_13048_10418_13179_14729_13401_10046_14303_11992_13737_11522_14024_12334_12453_8437_12643_10733_11862_14305_10878_19064
18342,12078_32570_12855_14297_12432_11963_12849_12694_13896_14664_13608_8944_14927_13764_14288_14771_13745_14928_33311_10431_32902_33310_33308_13763_33309_13824_14724_12539_13994_14770_18772_30933
2320,14289
15159,14289
508,14289
19046,14292
16913,14294
761,14294
18550,14302_12928_14568_12867_12766_13132_13239_11489_11785_11339_14304_10044_13962_11408_14018_12213_14644_12448_12787_14282_11532_12866_11445_14015_12639_12181_14295_8438_13552_14020_10043_11803_13165_13551_13342_11006_10047_14882_14016_12476_10287_12256_13048_10418_13179_14729_13401_10046_14303_11992_13737_11522_14024_12334_12453_8437_12643_10733_11862_14305_10878_19064
2320,14298
19117,14298
15159,14298
761,14298
43005,14298
508,14298
7039_7245_18975_21061_8075,24517_14299
17662,14300
16110,14300
15489,14306
15135,14306
18782,14306
15710,14306
20075,14309
16382,14310
17027,14310
15135,14313
18075,14314
17400,14315
30015_20856_14887_32573_159,14317
1713,14317
18470,24519_14319_24520
18609,14320
508,14320
10962_7758_14622_19272_6588_18865_17667_17673_17672_44663,14327
15617,14331
13542_9649_11784_16820_12122,14331
19225,14332
4739,14332
20340,14333
17855,14334
17119,14335
15655,14335
2320,14336
14376_13657_54837_30918_20847_13820_14486_13805_30917_12947_7974_13581_14855_30910_14858_30911_14482_14599_12869_30914_13658_30922_13819_14699_30920_13821_12960_30919_13656_14357_14580_30913_30916_13266_13509_14842_14678_13655_14617_12946_30912_100172,14336
15159,14336
43005,14336
508,14336
18814,14338
16542,14338
15517,14338
33565_33564_20837_32696_32810_21574_21573_30925_21575_14769,14342
18444,14342
13747_13769_10859_20290,14000_60663_32913_13988_14344_119
3847,14347
4955,14352_32837_816
19052,14352_32837_816
15919,14353
17749,14353
11581,14355
14376_13657_54837_30918_20847_13820_14486_13805_30917_12947_7974_13581_14855_30910_14858_30911_14482_14599_12869_30914_13658_30922_13819_14699_30920_13821_12960_30919_13656_14357_14580_30913_30916_13266_13509_14842_14678_13655_14617_12946_30912_100172,14358
508,14358
2320,14361
14376_13657_54837_30918_20847_13820_14486_13805_30917_12947_7974_13581_14855_30910_14858_30911_14482_14599_12869_30914_13658_30922_13819_14699_30920_13821_12960_30919_13656_14357_14580_30913_30916_13266_13509_14842_14678_13655_14617_12946_30912_100172,14361
15159,14361
43005,14361
508,14361
3847,14362
19827,14369
426,14369
2254,14369
17434,14369
16589,16759_11948_14874_9166_11866_14351_12683_14349_54844_13990_54669_14485_13438_10190_12890_32831_14370_12438_12891_13853_13993_32643_20135_16396
508,10632_33369_33371_10472_14477_32598_10396_32768_33361_13389_14859_14392_33373_32752_32657_14593_32663_14947_13388_14377_32808_14895_30059_13387_32880_33363_32678_13989_33366_10375_13277_33362_14917_14921_14933_14942_30054_14607_14595_14133_33370_14201_32918_14949_32813_14533_14598_10246_33368_15025_14371_54845_14360_13056_13801_14718_14719_32812_32858_30072_14505_14199_14003_14328_15000_33367_33372_15002_12245_30856_32710_32725_33364_33365_14868_29138_32822_12812_32895_14625_34106_33374_100079_14916_14647_100062_25353
15368,10632_33369_33371_10472_14477_32598_10396_32768_33361_13389_14859_14392_33373_32752_32657_14593_32663_14947_13388_14377_32808_14895_30059_13387_32880_33363_32678_13989_33366_10375_13277_33362_14917_14921_14933_14942_30054_14607_14595_14133_33370_14201_32918_14949_32813_14533_14598_10246_33368_15025_14371_54845_14360_13056_13801_14718_14719_32812_32858_30072_14505_14199_14003_14328_15000_33367_33372_15002_12245_30856_32710_32725_33364_33365_14868_29138_32822_12812_32895_14625_34106_33374_100079_14916_14647_100062_25353
13825_824,14375_13184
2320,14379
14376_13657_54837_30918_20847_13820_14486_13805_30917_12947_7974_13581_14855_30910_14858_30911_14482_14599_12869_30914_13658_30922_13819_14699_30920_13821_12960_30919_13656_14357_14580_30913_30916_13266_13509_14842_14678_13655_14617_12946_30912_100172,14379
15159,14379
43005,14379
508,14379
19697,14380
12413_10261_13734_10671_14229_16073,14380
23603,14380
15329,14380
2320,14382
15159,14382
508,14382
8051,14383_24531
20506,14387
14772_13378_10927_7335_12142_13466_10906_358_29145_11276_12022_12478_13023,14388
15961,14388
23603,14388
15412_15415_15418_15411,14388
14526_192_18348,14389
44201,14391
11457_18266,14399
15331,14399
15327,14399
15333,14399
508,14399
19589,14399
18454,14401
20087,14402
24237,14402
19824,14403
3847,14404
15135,14405
18782,14405
17370,14405
15490,14405
15710,14405
6025,14412_7761_7762_18473_37748
18637,14412_7761_7762_18473_37748
15159,9793_9642_33045_8267_13035_10702_9794_14932_10336_33375_54770_10176_9795_14413_8137_15375_12049_15421_15422
17119,9793_9642_33045_8267_13035_10702_9794_14932_10336_33375_54770_10176_9795_14413_8137_15375_12049_15421_15422
43005,9793_9642_33045_8267_13035_10702_9794_14932_10336_33375_54770_10176_9795_14413_8137_15375_12049_15421_15422
44980,14414
15939,14414
17133,14414
8558_19098,14414
20108_16450_19532,14414
100241,14414
3689,14414
14861_213,14414
2334,14414
9,14414
11158_13767_14253_11804_11383_17979,14414
3847,14415
9049,20735_14416
18120_18118_18119_18117,13594_13485_14867_12246_11781_11833_33482_33479_14417_8119_14475_8120_10062_7298_11540_11694_11819_12116_7574_8457_12449_33481_13486_7296_11834_14776_14410_8458_14626_10847_11464_10848_12247_11529_11330_12450_13241_11439_32526_12103_33480_12098_16809_561
17118,14419
508,14419
15892,14420
15898,14421
19593,14421
15327,14421
17855,14423
18652,14424
18652,14425
17899,14429
14352_32837_816,14431
14098_11448_12072_7906_13478_20088,14431
13274_10761_10945_8378_12796_910_11272_13611_14692_10827_13175_44314_32604_33563_13469_13468_13052_14618_14687_14871_12943_54708_13402_14400_12363_10259_19200_13610_12523_14323_13780_8377_13437_44320_13425_10723_30071_11935_13413_12625_13414_13436_13314_12477_10320_13516_13395_11630_14653_14256_13407_13263_32689_11075_14093_10818_12463_10227_8379_13328_14345_32834_11137_14929_32940_13315_13447_10828_13405_13429_11974_12024_12367_15013_36482_10806_13312_32577_12813_10374_11259,14439_14436_10832_14447_14440_14438_14433_14434_14441_14443_14445_44308_14446_14435_11523_8854_14432_14442_14444_14926_14437_15229
3847,14448
5333,14448
4425,14448
5570,14449
15855,14450
20127,14455
19058,14455
18157,14455
23603,14455
20225,14455
15514,14455
14701_12716_32835_8472_32721_8471_12019_10073_19667_16761,14455
19589,14455
8742_18542_28226,14456
100238,14458
14589_18911_10894_11668_12818_7452_13240_12348_12513_13242_7453_14674_11667,14458
19052,14458
19289,14460
10001_19287_23046_23048,14460
10962_7758_14622_19272_6588_18865_17667_17673_17672_44663,14460
18120_18118_18119_18117,14464
19046,14464
19058,14464
16578,14866_12012_33850_11890_11687_12014_13758_11569_13753_10550_12640_11903_8961_14154_10877_10699_32728_7790_11527_14665_11633_12231_13644_11066_11091_11916_14735_14467_11085_11889_12096_11570_11894_10949_36484_14733_14117_14012_10549_10551_14736_11113_7311_11534_11901_10995_13338_14208_14726_13212_7307_14074_12250_11902_14566_14511_10479_7309_10689_11475_14836_54833_11674_13959_11909_7308_11675_19011_18993_15626_18995_18994_18778_44640
30020_33570_14775_33533_32712_14781_54741_33534_30006_32679_54654_30008_20727_33631_54742_32726_30017_30007_54677_54781_33537_33569_14269_732_33566,14471
44971,14471
17953,14472
11715_13871_14350_13922_13443_8869_14991_14767_13358_19342,54593_54716_12106_13923_11437_14623_11488_14484_9617_14473_12989_54806_14173_12029_54804_32583_14908_32694_13849_14660_7988_14730_54805_54761_30929_30928_16660
16155,12127_13390_14144_12193_13161_9676_14977_30014_12248_14900_11787_14474_12652_12699_29136_11028_14788_11968_29133_11170_9683_11423_9675_14129_13162_13440_9677_14142_14782_13297_12034_15152_15151_16971
18574,14376_13657_54837_30918_20847_13820_14486_13805_30917_12947_7974_13581_14855_30910_14858_30911_14482_14599_12869_30914_13658_30922_13819_14699_30920_13821_12960_30919_13656_14357_14580_30913_30916_13266_13509_14842_14678_13655_14617_12946_30912_100172
12398_12507_8374_19118,14483
15132,14487
19157_20099,14487
19058,14489
17745,14489
16155,14489
12127_13390_14144_12193_13161_9676_14977_30014_12248_14900_11787_14474_12652_12699_29136_11028_14788_11968_29133_11170_9683_11423_9675_14129_13162_13440_9677_14142_14782_13297_12034_15152_15151_16971,14489
11688_12138_171_18276_172_173,14489
18579,14490
18558,14492
10962_7758_14622_19272_6588_18865_17667_17673_17672_44663,14492
11158_13767_14253_11804_11383_17979,14493
20573,14494
20240,14495
508,14495
2320,14497
15778,14497
5015,14497
15770_16553,14497
19052,14497
508,14497
15359_15361,14497
15110,14500
5449,14500
11285_13406_12767_12540_7932_14189_3004_5150_5417_14207_12659_14266_13420_13409_12419_13416_12674_100114,14501
12398_12507_8374_19118,14501
17897,14502
508,12235_13645_32923_33115_14159_8943_14530_13905_32706_14339_14311_33116_14934_13687_13392_14503_14601_14845
2320,14507
19117,14507
24623_18751,14507
15159,14507
17434,14507
43005,14507
508,14507
15335,14507
15905,14510
19058,14510
16398,14510
17986,14510
508,14510
20280,14510
18580,14512
43005,14512
14376_13657_54837_30918_20847_13820_14486_13805_30917_12947_7974_13581_14855_30910_14858_30911_14482_14599_12869_30914_13658_30922_13819_14699_30920_13821_12960_30919_13656_14357_14580_30913_30916_13266_13509_14842_14678_13655_14617_12946_30912_100172,14512
11285_13406_12767_12540_7932_14189_3004_5150_5417_14207_12659_14266_13420_13409_12419_13416_12674_100114,14515
6025,14592_9624_14516_181
16361,14078_13623_13597_32765_13622_14518_14386_11588_12354_12031_54577_8553_14830_8552_30996
3847,14519
5387_19852_19851,14520
17961,14520
17663,9696_14545_12904_14521_14685_13526_30936_30034_12721_10682_18126_20074
13274_10761_10945_8378_12796_910_11272_13611_14692_10827_13175_44314_32604_33563_13469_13468_13052_14618_14687_14871_12943_54708_13402_14400_12363_10259_19200_13610_12523_14323_13780_8377_13437_44320_13425_10723_30071_11935_13413_12625_13414_13436_13314_12477_10320_13516_13395_11630_14653_14256_13407_13263_32689_11075_14093_10818_12463_10227_8379_13328_14345_32834_11137_14929_32940_13315_13447_10828_13405_13429_11974_12024_12367_15013_36482_10806_13312_32577_12813_10374_11259,14522
5015,14523
100309,14523
15327,14523
19052,14523
19589,14523
508,14397_12510_13977_14856_14728_12534_13570_14547_14636_13811_14684_13986_14398_13969_13987_13306_14190_14525_33187
16118,14526_192_18348
9294_13291_10598_13091_10362_9868_9295_9293_9290_9291_2413_2412,14526_192_18348
19058,14526_192_18348
15333,14527
15356,14527
15110,14528
2254,14528
5020,14528
19117,14529
15159,14529
19183,14529
17118,14529
43005,14529
508,14529
5144,14531
2320,14532
19058,14532
9637,14532
16799,14532
20123,14532
15204,14534
3847,14535
2320,14541
19117,14541
16565,14541
508,14541
18120_18118_18119_18117,9696_14545_12904_14521_14685_13526_30936_30034_12721_10682_18126_20074
20120,14546
16199,14546
3847,14551
17119,14552
18921,14552
17118,14552
32778_8823_100218_60486_15168,14552
3847,14553
15778,14554
15159,14554
2356,14554
43005,14554
15359_15361,14554
19589,14554
3847,14556
7495_7496_13928_13813_12789_10983_14019_14033_14627_3441_44807,14557_14084_8842
20127,14557_14084_8842
2320,14558
5267,14558
14376_13657_54837_30918_20847_13820_14486_13805_30917_12947_7974_13581_14855_30910_14858_30911_14482_14599_12869_30914_13658_30922_13819_14699_30920_13821_12960_30919_13656_14357_14580_30913_30916_13266_13509_14842_14678_13655_14617_12946_30912_100172,14558
15159,14558
43005,14558
508,14558
15338,14558
17663,14559
508,14559
20228,14561
15919,14561
44724_9787_12435_9611_44723_9610_17359,14561
19213,14561
16327,14562
18151,14562
16815,14563
18416_18423_14975_14827_14702_18417_18418_18419_18421_18422_18644_15089_15091_15090_18420,14567
508,14567
17049,14570_12656_14549_9670_14670_14965_13965_11868_14569_17436
20044_20046_15244_20047,14572
19589,14572
15947_17262_17263,14574
7858_7047_13980_8292_19332_16518_17675,14574
8429,14575_24535
18424,14576
18838,14596_19450_15034_15035_15036_15037_15038_15039
16532,10632_33369_33371_10472_14477_32598_10396_32768_33361_13389_14859_14392_33373_32752_32657_14593_32663_14947_13388_14377_32808_14895_30059_13387_32880_33363_32678_13989_33366_10375_13277_33362_14917_14921_14933_14942_30054_14607_14595_14133_33370_14201_32918_14949_32813_14533_14598_10246_33368_15025_14371_54845_14360_13056_13801_14718_14719_32812_32858_30072_14505_14199_14003_14328_15000_33367_33372_15002_12245_30856_32710_32725_33364_33365_14868_29138_32822_12812_32895_14625_34106_33374_100079_14916_14647_100062_25353
15159,12235_13645_32923_33115_14159_8943_14530_13905_32706_14339_14311_33116_14934_13687_13392_14503_14601_14845
17118,12235_13645_32923_33115_14159_8943_14530_13905_32706_14339_14311_33116_14934_13687_13392_14503_14601_14845
43005,12235_13645_32923_33115_14159_8943_14530_13905_32706_14339_14311_33116_14934_13687_13392_14503_14601_14845
2320,14602
14376_13657_54837_30918_20847_13820_14486_13805_30917_12947_7974_13581_14855_30910_14858_30911_14482_14599_12869_30914_13658_30922_13819_14699_30920_13821_12960_30919_13656_14357_14580_30913_30916_13266_13509_14842_14678_13655_14617_12946_30912_100172,14602
15159,14602
43005,14602
508,14602
14376_13657_54837_30918_20847_13820_14486_13805_30917_12947_7974_13581_14855_30910_14858_30911_14482_14599_12869_30914_13658_30922_13819_14699_30920_13821_12960_30919_13656_14357_14580_30913_30916_13266_13509_14842_14678_13655_14617_12946_30912_100172,14605
15159,14605
15220,14605
43005,14605
508,14605
2320,14606
14376_13657_54837_30918_20847_13820_14486_13805_30917_12947_7974_13581_14855_30910_14858_30911_14482_14599_12869_30914_13658_30922_13819_14699_30920_13821_12960_30919_13656_14357_14580_30913_30916_13266_13509_14842_14678_13655_14617_12946_30912_100172,14606
15159,14606
43005,14606
508,14606
21034,12516_9559_14608_15483
18454,12516_9559_14608_15483
19589,12516_9559_14608_15483
2320,14609
16565,14609
5267,14609
19117,14609
15159,14609
19066,14609
15329,14609
43005,14609
508,14609
15905,14611_33282_14132_13675_11582_54785
18609,14611_33282_14132_13675_11582_54785
19046,14611_33282_14132_13675_11582_54785
4884,14611_33282_14132_13675_11582_54785
6025,13183_14026_14614_13450_32811_14872_9758_10241_13807_10690_16293
3847,14616
24458,14624
19117,14624
23603,14624
462,14624
20120,14624
100010,14624
3432_4753_20252,14624
17020,14629
19722_19724_15163,14629
15939,14629
17133,14629
18101,20787_20788_14631
16025,14633
19589,14397_12510_13977_14856_14728_12534_13570_14547_14636_13811_14684_13986_14398_13969_13987_13306_14190_14525_33187
18814,14637
2320,14643
19117,14643
15159,14643
43005,14643
20225,14643
508,14643
18814,14645
17749,10632_33369_33371_10472_14477_32598_10396_32768_33361_13389_14859_14392_33373_32752_32657_14593_32663_14947_13388_14377_32808_14895_30059_13387_32880_33363_32678_13989_33366_10375_13277_33362_14917_14921_14933_14942_30054_14607_14595_14133_33370_14201_32918_14949_32813_14533_14598_10246_33368_15025_14371_54845_14360_13056_13801_14718_14719_32812_32858_30072_14505_14199_14003_14328_15000_33367_33372_15002_12245_30856_32710_32725_33364_33365_14868_29138_32822_12812_32895_14625_34106_33374_100079_14916_14647_100062_25353
19238,10632_33369_33371_10472_14477_32598_10396_32768_33361_13389_14859_14392_33373_32752_32657_14593_32663_14947_13388_14377_32808_14895_30059_13387_32880_33363_32678_13989_33366_10375_13277_33362_14917_14921_14933_14942_30054_14607_14595_14133_33370_14201_32918_14949_32813_14533_14598_10246_33368_15025_14371_54845_14360_13056_13801_14718_14719_32812_32858_30072_14505_14199_14003_14328_15000_33367_33372_15002_12245_30856_32710_32725_33364_33365_14868_29138_32822_12812_32895_14625_34106_33374_100079_14916_14647_100062_25353
15802_19502_509,14648
18002,12238_24528_12415_20845_14898_14656_12241_13117_9783_90
19268,14658
426,14658
23603,14658
24255,14658
19685,14658
18232,14658
3847,7554_7551_7555_7550_14661_9181_18747_15551_19276_15550_17610_11869
15366,14662
19505,14732_33486_12824_54791_54782_9843_12905_54817_14506_12514_14666_33657_12125_14813_14632_32730
21106,8406_14676
20340,14679
18575,14686
18342,36483_14915_14577_54565_9894_14214_13569_44328_9964_14284_14907_33485_14287_14688
1029,14689
18454,14689
2921_19952_18701,14689
18340,13521_13522_14690_7485
577,13521_13522_14690_7485
5328,14698
19589,14698
508,14698
18681,14700
19213,18416_18423_14975_14827_14702_18417_18418_18419_18421_18422_18644_15089_15091_15090_18420
100126,18416_18423_14975_14827_14702_18417_18418_18419_18421_18422_18644_15089_15091_15090_18420
508,18416_18423_14975_14827_14702_18417_18418_18419_18421_18422_18644_15089_15091_15090_18420
18230,14704
18971,11481_10903_10929_44315_14705_15467_15337_15469
18113,11481_10903_10929_44315_14705_15467_15337_15469
18114,11481_10903_10929_44315_14705_15467_15337_15469
100126,7411_14706_13751
15327,7411_14706_13751
762,14707
16964,14707
20573,14707
2320,14708
19117,14708
5027,14708
18186,14708
15327,14709_24544_100229
9325,14709_24544_100229
17897,14710
19212,14713
17119,14714
15368,14714
15135,14715
2320,14716
15159,14716
508,14716
9696_14545_12904_14521_14685_13526_30936_30034_12721_10682_18126_20074,14717
32827_11892_13919_11875_11491_14734_13103_12113_32699_12627_13032_11753_12338_12760,10632_33369_33371_10472_14477_32598_10396_32768_33361_13389_14859_14392_33373_32752_32657_14593_32663_14947_13388_14377_32808_14895_30059_13387_32880_33363_32678_13989_33366_10375_13277_33362_14917_14921_14933_14942_30054_14607_14595_14133_33370_14201_32918_14949_32813_14533_14598_10246_33368_15025_14371_54845_14360_13056_13801_14718_14719_32812_32858_30072_14505_14199_14003_14328_15000_33367_33372_15002_12245_30856_32710_32725_33364_33365_14868_29138_32822_12812_32895_14625_34106_33374_100079_14916_14647_100062_25353
19058,10632_33369_33371_10472_14477_32598_10396_32768_33361_13389_14859_14392_33373_32752_32657_14593_32663_14947_13388_14377_32808_14895_30059_13387_32880_33363_32678_13989_33366_10375_13277_33362_14917_14921_14933_14942_30054_14607_14595_14133_33370_14201_32918_14949_32813_14533_14598_10246_33368_15025_14371_54845_14360_13056_13801_14718_14719_32812_32858_30072_14505_14199_14003_14328_15000_33367_33372_15002_12245_30856_32710_32725_33364_33365_14868_29138_32822_12812_32895_14625_34106_33374_100079_14916_14647_100062_25353
19236,10632_33369_33371_10472_14477_32598_10396_32768_33361_13389_14859_14392_33373_32752_32657_14593_32663_14947_13388_14377_32808_14895_30059_13387_32880_33363_32678_13989_33366_10375_13277_33362_14917_14921_14933_14942_30054_14607_14595_14133_33370_14201_32918_14949_32813_14533_14598_10246_33368_15025_14371_54845_14360_13056_13801_14718_14719_32812_32858_30072_14505_14199_14003_14328_15000_33367_33372_15002_12245_30856_32710_32725_33364_33365_14868_29138_32822_12812_32895_14625_34106_33374_100079_14916_14647_100062_25353
24237,10632_33369_33371_10472_14477_32598_10396_32768_33361_13389_14859_14392_33373_32752_32657_14593_32663_14947_13388_14377_32808_14895_30059_13387_32880_33363_32678_13989_33366_10375_13277_33362_14917_14921_14933_14942_30054_14607_14595_14133_33370_14201_32918_14949_32813_14533_14598_10246_33368_15025_14371_54845_14360_13056_13801_14718_14719_32812_32858_30072_14505_14199_14003_14328_15000_33367_33372_15002_12245_30856_32710_32725_33364_33365_14868_29138_32822_12812_32895_14625_34106_33374_100079_14916_14647_100062_25353
2320,14720_20250_16646
16797,14720_20250_16646
15360,14720_20250_16646
10248_10737,14722
15132,14722
20119,14722
2320,14723
16967,14723
14376_13657_54837_30918_20847_13820_14486_13805_30917_12947_7974_13581_14855_30910_14858_30911_14482_14599_12869_30914_13658_30922_13819_14699_30920_13821_12960_30919_13656_14357_14580_30913_30916_13266_13509_14842_14678_13655_14617_12946_30912_100172,14723
15359_15361,14723
508,14723
18162,14725
508,14725
15919,14397_12510_13977_14856_14728_12534_13570_14547_14636_13811_14684_13986_14398_13969_13987_13306_14190_14525_33187
18284,14731
17742,14731
15656_16401,14731
508,14731
18760,14741
20044_20046_15244_20047,14744
15508,14744
19601,14744
15159,14746
17118,14746
15327,14746
43005,14746
15919,14746
12123_54559_8909_26765_14904_11291_26729_30043_15286_18292_18293_5500_5501,14746
17740,14746
2320,14747
20225,14747
20240,14747
15218_15217_20145,14747
2320,14748
15159,14748
15329,14748
14701_12716_32835_8472_32721_8471_12019_10073_19667_16761,14748
508,14748
2320,14751
15159,14751
15335,14751
508,14751
6025,8455_9673_10056_9672_11585_11436_9669_19079_1516_16224_14753_18218
20249,8455_9673_10056_9672_11585_11436_9669_19079_1516_16224_14753_18218
43878,8455_9673_10056_9672_11585_11436_9669_19079_1516_16224_14753_18218
4884,8455_9673_10056_9672_11585_11436_9669_19079_1516_16224_14753_18218
18151,13838_11829_33615_14754
20738_7990,14755
2320,14757
19117,14757
19313,14757
18795,14757
19520,14757
15159,14757
43005,14757
43218,14757
508,14757
9332,14757
18814,14760
23603,14761
17957,14761
17133,14761
3847,14763
2320,14764
15159,14764
15653,14764
18416_18423_14975_14827_14702_18417_18418_18419_18421_18422_18644_15089_15091_15090_18420,14764
17663,14764
43005,14764
508,14764
8686,14765
3847,14766
17143,33565_33564_20837_32696_32810_21574_21573_30925_21575_14769
2320,14773
5267,14773
17131,14773
15159,14773
508,14773
16801,30020_33570_14775_33533_32712_14781_54741_33534_30006_32679_54654_30008_20727_33631_54742_32726_30017_30007_54677_54781_33537_33569_14269_732_33566
18157,30020_33570_14775_33533_32712_14781_54741_33534_30006_32679_54654_30008_20727_33631_54742_32726_30017_30007_54677_54781_33537_33569_14269_732_33566
3847,14778
15110,12127_13390_14144_12193_13161_9676_14977_30014_12248_14900_11787_14474_12652_12699_29136_11028_14788_11968_29133_11170_9683_11423_9675_14129_13162_13440_9677_14142_14782_13297_12034_15152_15151_16971
20253,14784
5267,14784
20259,14784
2921_19952_18701,14784
20573,13496_8072_14786
19117,14787
15159,14787
17118,14787
43005,14787
508,14787
17749,14789
12123_54559_8909_26765_14904_11291_26729_30043_15286_18292_18293_5500_5501,14789
17749,14790
12123_54559_8909_26765_14904_11291_26729_30043_15286_18292_18293_5500_5501,14790
3847,14791
19268,14793
15905,14793
19240,14793
24255,14793
20225,14793
3847,14795
19297,14393_14797_13278_7919_12765
100084,14800
16106,14800
43008,14801
23603,14801
15246,14801
14701_12716_32835_8472_32721_8471_12019_10073_19667_16761,14801
2320,14803
7164_13776_12651_7165_12664_13354_17845,14803
18424,14803
16801,8422_14804_8785_16828_15194
577,8422_14804_8785_16828_15194
2320,14805
19117,14805
761,14805
16894,14805
508,14805
15356,14809
18035,14810
15517,14810
3847,14811
3847,14812
17432,14816
19285,14816
17434,14816
43008,14816
19589,14816
14039_14198_8758_33545_32815_9504_9636_12792_13350_11283_14175_32932_18158,14820
19704,14821
16913,14822
761,14822
14777_24567_14176,14823
2320,14824
19117,14824
15159,14824
15329,14824
43005,14824
508,14824
18454,14824
761,14825
210,14826
18796,14078_13623_13597_32765_13622_14518_14386_11588_12354_12031_54577_8553_14830_8552_30996
15938,14831
17133,14831
15905,14832_13705_14876_12612_9580_12623_15020_14996_14930_12618_13706_13785_14962_13704_14409_12615_12619_14499_14524_54861_13173_14430_12617_32605_12614_13694_14759_13702_13629_14815_13528_13703_13708_13624_13707_14354_11828_13697_20850_14348_12613_30915_14649_44313_12037_13651_20846_13709
17748,14832_13705_14876_12612_9580_12623_15020_14996_14930_12618_13706_13785_14962_13704_14409_12615_12619_14499_14524_54861_13173_14430_12617_32605_12614_13694_14759_13702_13629_14815_13528_13703_13708_13624_13707_14354_11828_13697_20850_14348_12613_30915_14649_44313_12037_13651_20846_13709
15656_16401,14832_13705_14876_12612_9580_12623_15020_14996_14930_12618_13706_13785_14962_13704_14409_12615_12619_14499_14524_54861_13173_14430_12617_32605_12614_13694_14759_13702_13629_14815_13528_13703_13708_13624_13707_14354_11828_13697_20850_14348_12613_30915_14649_44313_12037_13651_20846_13709
508,14832_13705_14876_12612_9580_12623_15020_14996_14930_12618_13706_13785_14962_13704_14409_12615_12619_14499_14524_54861_13173_14430_12617_32605_12614_13694_14759_13702_13629_14815_13528_13703_13708_13624_13707_14354_11828_13697_20850_14348_12613_30915_14649_44313_12037_13651_20846_13709
18284,14832_13705_14876_12612_9580_12623_15020_14996_14930_12618_13706_13785_14962_13704_14409_12615_12619_14499_14524_54861_13173_14430_12617_32605_12614_13694_14759_13702_13629_14815_13528_13703_13708_13624_13707_14354_11828_13697_20850_14348_12613_30915_14649_44313_12037_13651_20846_13709
3847,14833
3847,14834
20076,10120_8555_14837_8556_30867_14536_12775_10743_2049_4680
23603,10120_8555_14837_8556_30867_14536_12775_10743_2049_4680
18795,10120_8555_14837_8556_30867_14536_12775_10743_2049_4680
3847,14839
18446,14846
20215,14848
19285,14848
43007,14848
15159,14848
5027,14848
17118,14848
16908,14848
15329,14848
19066,14848
20240,14848
19712,14848
20274,14848
15620,14848
15368,14848
19589,14848
3847,14850
3847,14857
3847,14863
6025,14864_214
17766,14864_214
18329,14864_214
8742_18542_28226,14865
18157,14869
14570_12656_14549_9670_14670_14965_13965_11868_14569_17436,14870
15929,14870
23603,14870
19691,14870
15950,14873
5073_44794,14873
7473,14880
2320,14881
5267,14881
19117,14881
15159,14881
15329,14881
15327,14881
19231,14881
43005,14881
508,14881
2320,14886
15159,14886
19289,14886
508,14886
3847,14888
2254,14888
7495_7496_13928_13813_12789_10983_14019_14033_14627_3441_44807,14889_10774_3122
12467_10091_15526,14890
100337,14891_13128_8073_13643_608
2320,14892
14376_13657_54837_30918_20847_13820_14486_13805_30917_12947_7974_13581_14855_30910_14858_30911_14482_14599_12869_30914_13658_30922_13819_14699_30920_13821_12960_30919_13656_14357_14580_30913_30916_13266_13509_14842_14678_13655_14617_12946_30912_100172,14892
15159,14892
43005,14892
508,14892
3847,14893
11486_12279_19950_20121_23595_18281,14896
3847,14897
16797,14899
12238_24528_12415_20845_14898_14656_12241_13117_9783_90,14899
18529,12127_13390_14144_12193_13161_9676_14977_30014_12248_14900_11787_14474_12652_12699_29136_11028_14788_11968_29133_11170_9683_11423_9675_14129_13162_13440_9677_14142_14782_13297_12034_15152_15151_16971
20573,11775_14902_8067
13726_54865,14905
18609,14905
508,14905
6025,14911
15508,14911
17953,14912
5046,14912
3847,14914
21093_13323_13719_13573_9032,36483_14915_14577_54565_9894_14214_13569_44328_9964_14284_14907_33485_14287_14688
2320,14918
19117,14918
15159,14918
43005,14918
508,14918
15620,14918
19721_19720,14918
15524,14919
3847,14931
20380_19792_19793_19794_16163,12235_13645_32923_33115_14159_8943_14530_13905_32706_14339_14311_33116_14934_13687_13392_14503_14601_14845
19117,14936
15159,14936
15220,14936
43005,14936
508,14936
3847,14940
19942,14941
14039_14198_8758_33545_32815_9504_9636_12792_13350_11283_14175_32932_18158,14943
2320,14944
16565,14944
19117,14944
15159,14944
23603,14944
43005,14944
508,14944
19695_19696,14944
18949,14945
3847,14946
3847,14948
508,14952
6025,14953
15110,14953
7527,14954_20684
8370_9979_18973,14955
3847,14956
3847,14957
3847,14958
14039_14198_8758_33545_32815_9504_9636_12792_13350_11283_14175_32932_18158,14959
24237,20781_14960
19058,20781_14960
3847,14963
3847,14968
19231,14969
7094_10521_15008_21547_7538_8770_8772_14560_32717_14540_8771_7092_19507_15047_15048,14971
761,14972
3847,14973
3847,14974
2320,14976
19058,14976
5217,14976
30020_33570_14775_33533_32712_14781_54741_33534_30006_32679_54654_30008_20727_33631_54742_32726_30017_30007_54677_54781_33537_33569_14269_732_33566,14976
20225,14976
16578,14976
16343,14976
17742,12127_13390_14144_12193_13161_9676_14977_30014_12248_14900_11787_14474_12652_12699_29136_11028_14788_11968_29133_11170_9683_11423_9675_14129_13162_13440_9677_14142_14782_13297_12034_15152_15151_16971
3847,14979
3847,20780_20778_14980
3847,14984
18575,11715_13871_14350_13922_13443_8869_14991_14767_13358_19342
15327,11715_13871_14350_13922_13443_8869_14991_14767_13358_19342
18838,14992_30031_13527_15148_15146
3847,14994
3847,14995
20366,13122_14998_13121
2320,15003
15905,15003
19058,15003
18609,15003
19213,15003
18329,15003
18424,15003
24237,15003
4884,15003
18329,15004
9945,15005
426,15006
7554_7551_7555_7550_14661_9181_18747_15551_19276_15550_17610_11869,15006
2320,15007
15087,15007
16565,15007
3847,15009
11612,15010
2320,15012
19117,15012
10674_9659_9660_9661_11093_9662_16316_16315_18937_18938_1586_19249_19302_17171_17172,15012
15159,15012
5087,15012
43005,15012
508,15012
18454,15012
3847,15014
3847,15019
3847,15021
3847,15022
11539_12237_15736_15739_15738_8070_12538_12240_14138_14326_14513_12239_9725_15737_18958,15023
10001_19287_23046_23048,9147_15024_7509_13983_13982
12815,24564_15026
15356,15027
16365,15027
2320,15028
19117,15028
17006,15028
508,15028
15620,15028
17975,15028
15031,15029
15031,15030
19404,15031
19404,15032
11583_5620,17949_17947_17946_15033
19454,15040
19454,15041
5615,15042
5615,15043
19464,15044
19464,15045
19464,15046
24477,15049
19619,15050
19619,15051
17016,15052
33946,12526_15053_19623_15054
19624_15055_15056,15057
17663,15059
17643,15059
11842,15059
20051,15060
5979,15061
3111,15062
386,15062
2995,15063
24500,15063
2995,15064
2564,15064
6801,15065
2995,15065
15067,15066
24501,15066
18511,15066
2882,15067
386,15067
24479,15067
3646,15068
386,15068
15068,15069
3504,15069
21071_2354,15070
24623_18751,15070
15081,15070
5586,15070
21366,15071
15081,15071
15081,15072
2120,15072
18531,15072
386,15073
15509,15073
24502,15073
15081,15073
21385,15073
3240,15074
2082,15074
2108,12004_15075_5034_5075_24622_6467
4993,12004_15075_5034_5075_24622_6467
21227,15077
15126,15079
19496,15081
4907,15082
1309,15083
3847,15084
2254,15084
11026_11218_14011_33091_11680_14009_9441_15018_12847_11485_33092_9439_14010_13495_9443_17265,15085
15338,15086
426,15087
15150,15087
426,15088
15149,15088
6025,18416_18423_14975_14827_14702_18417_18418_18419_18421_18422_18644_15089_15091_15090_18420
15150,18416_18423_14975_14827_14702_18417_18418_18419_18421_18422_18644_15089_15091_15090_18420
15149,18416_18423_14975_14827_14702_18417_18418_18419_18421_18422_18644_15089_15091_15090_18420
15087,18416_18423_14975_14827_14702_18417_18418_18419_18421_18422_18644_15089_15091_15090_18420
16292,15093
16292,15094
11414,15095
17735,15097
13907_17091_17092_87,15099_17093
19453,15100
7946,15101
19788,15102
21053_6104,15102
20064_20110_43187,15103
2520_19800,15104
2406,15104
19817,15109
3767,15109
3847,15110
7263,15110
4335,15111
20641,15119
5151,15126
5151,15127
5495,19801_15128_43370
19801_15128_43370,15129_15130
15823,15131
33541_14280_13500_14278_10296_33542_32723_14597_14727_8856_54696_32599_20849_32763_30858_30013_10504_14453_12426_10386_32803_14491_13427_14222_14981_13953_21094_30898_30973_30981,15131
15823,15132
15135,15133
24627,15133
15133,15134
9332,15134
1475,15134
3778,15135
15135,15136
19751,15137
426,11913_7088_11743_12153_7089_11194_12321_15140_4975_11561_11647_11777_12344_12609_12630_12631_14265_10422_14036_14316_100088
24237,11913_7088_11743_12153_7089_11194_12321_15140_4975_11561_11647_11777_12344_12609_12630_12631_14265_10422_14036_14316_100088
15547,11913_7088_11743_12153_7089_11194_12321_15140_4975_11561_11647_11777_12344_12609_12630_12631_14265_10422_14036_14316_100088
17233_100087,11913_7088_11743_12153_7089_11194_12321_15140_4975_11561_11647_11777_12344_12609_12630_12631_14265_10422_14036_14316_100088
5560,15141
5156,15144
5560,15144
20676,15145
2254,15150
426,12127_13390_14144_12193_13161_9676_14977_30014_12248_14900_11787_14474_12652_12699_29136_11028_14788_11968_29133_11170_9683_11423_9675_14129_13162_13440_9677_14142_14782_13297_12034_15152_15151_16971
19117,12127_13390_14144_12193_13161_9676_14977_30014_12248_14900_11787_14474_12652_12699_29136_11028_14788_11968_29133_11170_9683_11423_9675_14129_13162_13440_9677_14142_14782_13297_12034_15152_15151_16971
6025,12127_13390_14144_12193_13161_9676_14977_30014_12248_14900_11787_14474_12652_12699_29136_11028_14788_11968_29133_11170_9683_11423_9675_14129_13162_13440_9677_14142_14782_13297_12034_15152_15151_16971
20049,15153
20639,15153
17341,15157
15137,15158
19042,15159
19042,15160
19042,15161
19457,15164
19457,15165
20078,15166
17421,15167
3847,32778_8823_100218_60486_15168
15225,32778_8823_100218_60486_15168
15181,15169
15188,15169
44751,15169
17706,15169
13825_824,10036_14808_8964_45032_15170
15182,15171
19126,19787_15174_33862
11986_4982_5003_6515_3232,15175_17227_17228
17287,15175_17227_17228
569,15175_17227_17228
9960_12845_33643_11471_12831_12875_12941_13153_8617_54849_5265_12832_12610_12840_11087_11521_11661_11699_11700_11701_12040_12829_12837_12838_12841_12852_12886_12887_12940_12973_13012,15176
19693,13113_15177
44975,15178
5020,15178
20598,15179
20598,15180
44976,15181
5020,15181
21147,15182
5020,15182
5020,15183
18538,15185
5066,15188
5020,15188
17574,15191
17574,15192
19755,15193_18221
2280,8422_14804_8785_16828_15194
18559,15195
3948,15196
15145,15196
4634,15196
1256,15196
5561,15197
651,15197
20293,15197
2320,15198
19117,15198
20148,15198
508,15198
2320,15199
19117,15199
20148,15199
508,15199
24271,15200
5656,15200
15218_15217_20145,15201_22457
15501,15201_22457
15246,15201_22457
20156,15201_22457
19512,15203_19825_22869
18838,15204
14992_30031_13527_15148_15146,15205
15160,15206
19513,15207
2254,15208
19513,15208
19998,15209
2254,15210
19998,15210
19999,15211
2254,15212
19999,15212
20020,15213
20020,15214
20021,15215
2254,15216
20021,15216
2254,15218_15217_20145
20022,15219
20022,15220
2254,20023_15222_15221
19054,15225
19054,15227
2254,15228
17002,15228
16565,14439_14436_10832_14447_14440_14438_14433_14434_14441_14443_14445_44308_14446_14435_11523_8854_14432_14442_14444_14926_14437_15229
15218_15217_20145,14439_14436_10832_14447_14440_14438_14433_14434_14441_14443_14445_44308_14446_14435_11523_8854_14432_14442_14444_14926_14437_15229
22410,14439_14436_10832_14447_14440_14438_14433_14434_14441_14443_14445_44308_14446_14435_11523_8854_14432_14442_14444_14926_14437_15229
20240,14439_14436_10832_14447_14440_14438_14433_14434_14441_14443_14445_44308_14446_14435_11523_8854_14432_14442_14444_14926_14437_15229
21189,14439_14436_10832_14447_14440_14438_14433_14434_14441_14443_14445_44308_14446_14435_11523_8854_14432_14442_14444_14926_14437_15229
19741,14439_14436_10832_14447_14440_14438_14433_14434_14441_14443_14445_44308_14446_14435_11523_8854_14432_14442_14444_14926_14437_15229
15770_16553,14439_14436_10832_14447_14440_14438_14433_14434_14441_14443_14445_44308_14446_14435_11523_8854_14432_14442_14444_14926_14437_15229
18398,14439_14436_10832_14447_14440_14438_14433_14434_14441_14443_14445_44308_14446_14435_11523_8854_14432_14442_14444_14926_14437_15229
6025,14439_14436_10832_14447_14440_14438_14433_14434_14441_14443_14445_44308_14446_14435_11523_8854_14432_14442_14444_14926_14437_15229
22409,14439_14436_10832_14447_14440_14438_14433_14434_14441_14443_14445_44308_14446_14435_11523_8854_14432_14442_14444_14926_14437_15229
20244,14439_14436_10832_14447_14440_14438_14433_14434_14441_14443_14445_44308_14446_14435_11523_8854_14432_14442_14444_14926_14437_15229
43007,14439_14436_10832_14447_14440_14438_14433_14434_14441_14443_14445_44308_14446_14435_11523_8854_14432_14442_14444_14926_14437_15229
2254,15230
43008,15230
2254,11822_100344_9424_909_10503_11242_15231
6510,11822_100344_9424_909_10503_11242_15231
15962,11822_100344_9424_909_10503_11242_15231
18454,15232
19054,15232
43005,15233
15159,15233
19589,15233
508,15233
2320,15234
15159,15234
508,15234
43007,15235
20023_15222_15221,15236
22606,15236
15930,15236
20292,15236
15503,15237
15503,15238
43008,15238
18562,15238
16581,15239
43008,15240
19942,15240
32778_8823_100218_60486_15168,15241
771,15243
5657_240,15243
6025,20044_20046_15244_20047
100310,20044_20046_15244_20047
2254,15246
18916_19938_15733_15731_15732,15246
18215,15247
5395,15247
15144,15247
2320,15248
43005,15248
15159,15248
100309,15248
19817,15249
3767,15249
5453,15249
16116,15250
2320,15252
43005,15252
15159,15252
100309,15252
1705,14394_13217_32668_12529_32669_44309_12937_13216_13964_12938_12925_7110_14245_12924_60662_32670_44310_12939_15253_11636
1713,14394_13217_32668_12529_32669_44309_12937_13216_13964_12938_12925_7110_14245_12924_60662_32670_44310_12939_15253_11636
4664,15254
100120,15254
15218_15217_20145,15255
19715,15255
20158,15255
15336,15256
15110,15257
2320,15259
15159,15259
508,15259
42488,15260
4907,15261
5516,15262
19694,15262
15110,13015_11001_13146_12743_13145_13148_14621_12742_12728_15263
2254,13015_11001_13146_12743_13145_13148_14621_12742_12728_15263
992,13015_11001_13146_12743_13145_13148_14621_12742_12728_15263
2429,15264
15925_17031_17030_17034,15265
5249,15265
2465,15265
20023_15222_15221,8115_13691_15267
14376_13657_54837_30918_20847_13820_14486_13805_30917_12947_7974_13581_14855_30910_14858_30911_14482_14599_12869_30914_13658_30922_13819_14699_30920_13821_12960_30919_13656_14357_14580_30913_30916_13266_13509_14842_14678_13655_14617_12946_30912_100172,8115_13691_15267
15210,8115_13691_15267
19066,8115_13691_15267
15208,8115_13691_15267
43007,8115_13691_15267
2473,15268
19721_19720,15268
5071,15269
19253,15270
16105,15271
19054,15272
17131,15273
13747_13769_10859_20290,15273
15926,15274
13747_13769_10859_20290,15275
2120,15277
12004_15075_5034_5075_24622_6467,15277
3847,15278
5192,15278
15979,15279
19305,15279
24255,15279
2320,7265_14114_14112_14113_15280
19117,7265_14114_14112_14113_15280
20297,7265_14114_14112_14113_15280
15159,7265_14114_14112_14113_15280
10001_19287_23046_23048,7265_14114_14112_14113_15280
43005,7265_14114_14112_14113_15280
508,7265_14114_14112_14113_15280
15110,14329_7171_15281
16340,14329_7171_15281
16337,15282
16327,15283
15110,7702_15284_16432
43008,7702_15284_16432
426,15285
24322,12123_54559_8909_26765_14904_11291_26729_30043_15286_18292_18293_5500_5501
19052,12123_54559_8909_26765_14904_11291_26729_30043_15286_18292_18293_5500_5501
4609,15288
20950,15288
23865,15288
20950,15289
23865,15289
5328,15290_1440
15288,15291
15288,15292
18729,15293
17623,15293
15950,15293
629,15293
16235,15293
5073_44794,15293
19716,15293
5093,15294
15503,15295
18562,15295
19126,15295
5267,15296
942,15298
2263,15299
15218_15217_20145,15300
20225,15300
21154,24522_54765_13502_15301
19065,24522_54765_13502_15301
24522_54765_13502_15301,15302
24522_54765_13502_15301,15303
4796,8450_15304
315,15306
5229,15306
20128_20129,15307
21187_11237_11470,15308
5015,15308
20249,15310
2254,15311
15504,15314
5071,15315
2320,15316
15504,15316
15504,15317
16223,15317
5586,15317
18187,15318
18187,15320
18187,15321
18187,15322
15501,15323
2320,15324
15218_15217_20145,15324
19117,15324
15159,15324
15246,15324
43005,15324
20225,15324
508,15324
43005,15325
15159,15325
19589,15325
508,15325
43008,15326
5066,15327
19755,15327
19755,15329
19755,15330
19755,15331
19303,15333
19755,15333
19755,15334
15501,15335
19755,15336
2254,15338
20127,15339
18544_10247,15339
17396,15340
5492,15340
5073_44794,15341
2565,15342_19529_21553
15141,15342_19529_21553
15342_19529_21553,15343
15342_19529_21553,15344
20072,15345
20072,15346
2254,15347
15531_17025_18310_17036_17029,15347
19046,15348
19046,15349
2320,15350
16967,15350
19117,15350
508,15350
19589,15351
15359_15361,15351
15362,15355_15352_18894
3847,15356
7078_12911_12912_8749_11301_19992_16165_1220,15357
20127,15364_15358
426,15359_15361
18776,15359_15361
426,15360
18775,15360
6025,15359_15361
8455_9673_10056_9672_11585_11436_9669_19079_1516_16224_14753_18218,15362
426,15362
6025,15363
15355_15352_18894,15363
2321,15364_15358
15364_15358,15365
426,15365
6025,15366
15364_15358,15366
43008,15367
15334,15367
17139,15367
5328,15368
20043,15369
21154,15371
16361,13141_15372
15489,15374_3346_100248
17133,15374_3346_100248
15953,15374_3346_100248
24623_18751,9793_9642_33045_8267_13035_10702_9794_14932_10336_33375_54770_10176_9795_14413_8137_15375_12049_15421_15422
17434,9793_9642_33045_8267_13035_10702_9794_14932_10336_33375_54770_10176_9795_14413_8137_15375_12049_15421_15422
15334,9793_9642_33045_8267_13035_10702_9794_14932_10336_33375_54770_10176_9795_14413_8137_15375_12049_15421_15422
15501,9793_9642_33045_8267_13035_10702_9794_14932_10336_33375_54770_10176_9795_14413_8137_15375_12049_15421_15422
15498,9793_9642_33045_8267_13035_10702_9794_14932_10336_33375_54770_10176_9795_14413_8137_15375_12049_15421_15422
15476,15379
21351,15379
10921_2378_15380_40700,15379
15476,10921_2378_15380_40700
5586,10921_2378_15380_40700
44987,10921_2378_15380_40700
15476,15381
6858,15381
15476,15382
4748,15382
15476,15383
15476,15384
1165,15384
18562,15385
19755,15385
19500,15386
24623_18751,15386
5586,15386
15503,15387
20195,15387
44984,15387
15503,15388
15503,15389
15503,15390
19500,15391
2601,15391
5375,15391
15503,15392
5586,15392
16733,15393
24623_18751,15393
5586,15393
15503,16020_15394
16057,16020_15394
15504,15395
4382,15395
15504,15396
7712,15397
24623_18751,15397
21635,15397
2254,15397
15482,15397
15397,15398
17139,15399
15500,15400
15500,15401
15500,15402
15145,15405_15406_15407
1256,15405_15406_15407
2013,15408
15501,15409
15476,15410
19755,15412_15415_15418_15411
23369,15412_15415_15418_15411
15412_15415_15418_15411,15413
15478,15414
8866,15414
15961,15412_15415_15418_15411
15412_15415_15418_15411,15419
16034,15420
19718_22723,15425
5516,14343_9629_15426
23603,14343_9629_15426
19755,14343_9629_15426
19700,14343_9629_15426
16058_43969,12629_7326_15427
10001_19287_23046_23048,15428
20241,15429_22737
18186,15430
2320,15431
19117,15431
18186,15431
508,15431
18186,15432
18186,15433
18186,15434
18186,15435
2320,15436
19117,15436
5027,15436
18186,15436
18186,15437
18186,15438
18186,15439
18186,15440
18186,15441
18186,15443
7345,15445
426,15445
7345,15446
16805,15448
66,15448
44971,15448
19512,15449
20294,15450
19820,15451
2320,33492_32702_32912_32791_14838_7617_54831_15452
19117,33492_32702_32912_32791_14838_7617_54831_15452
15159,33492_32702_32912_32791_14838_7617_54831_15452
19066,33492_32702_32912_32791_14838_7617_54831_15452
43005,33492_32702_32912_32791_14838_7617_54831_15452
508,33492_32702_32912_32791_14838_7617_54831_15452
30703,15453
5328,15453
587,15453
15488,15453
20698,15454
19214,15454
24255,15454
19215,15454
19301,15454
4277,15455
1214_6668_2314_5808_4811,15455
15220,15457
19117,15458
15159,15458
15220,15458
43005,15458
508,15458
2038,15459
21315,15459
21345,15459
17344,15459
2254,15461
15929,15461
19691,15461
19698_19699,15462
2320,15463
15159,15463
508,15463
15856,15464
16643,15464
19703,15465
42973,15465
16620_6965,15466
17434,11481_10903_10929_44315_14705_15467_15337_15469
15338,15468
1411,11481_10903_10929_44315_14705_15467_15337_15469
20018,11481_10903_10929_44315_14705_15467_15337_15469
18454,11481_10903_10929_44315_14705_15467_15337_15469
16147,15470
16333,15470
20073,15471
2320,15473
15159,15473
508,15473
5707,15474
24270,15474
24623_18751,15476
19755,15476
15476,15477
15412_15415_15418_15411,15478
16044_16064,15479
15412_15415_15418_15411,15480
15412_15415_15418_15411,15481
15961,15482
24623_18751,15482
19755,15482
23369,15482
15482,12516_9559_14608_15483
367,15484
18174,15485
3847,13832_13831_7851_54771_13833_13830_15486_12069_12158_12236
942,13832_13831_7851_54771_13833_13830_15486_12069_12158_12236
16578,15487
5217,15487
9637,15487
18882,15488
18882,15489
18882,15490
15490,15491
15490,15492_5435
17038,15492_5435
20087,15493
7495_7496_13928_13813_12789_10983_14019_14033_14627_3441_44807,15494
15482,15495
15961,15496
19755,15496
23369,15496
15961,15497
19755,15497
23369,15497
15497,15498
15961,15499
19755,15499
23369,15499
1256,15500
15961,15501
24623_18751,15501
19755,15501
23369,15501
24623_18751,15503
19755,15503
24623_18751,15504
19755,15504
24623_18751,15505
19755,15505
3847,15508
5154,15508
3847,15509
4868,15509
5154,15509
3847,1200_1134_15512_5080_100078
5240,1200_1134_15512_5080_100078
5151,15514
17716,15515
16117,15515
17424,15516_17520
16463,15517
15356,15517
17641,10080_16394_15518
11380,15519
11380,15520
11380,15521
17131,15522
18677,15522
2095,15523
18729,15523
21121,15523
15185,15524
18188,15524
15227,15525
18454,15525
18431,12467_10091_15526
21580,15528
6424,15528
21086,15528
6499,15528
3396,15528
15530,15529
3543,15530
43218,15530
17181,15530
15938,15531_17025_18310_17036_17029
2637,15531_17025_18310_17036_17029
15531_17025_18310_17036_17029,15532
15531_17025_18310_17036_17029,15533
15531_17025_18310_17036_17029,15534_24617_4385
15531_17025_18310_17036_17029,15535
15531_17025_18310_17036_17029,15536
15531_17025_18310_17036_17029,15537
6247,15538
15531_17025_18310_17036_17029,15538
15531_17025_18310_17036_17029,15539
2254,15540
5833,15540
15710,11337_11336_13135_9974_12146_15541_15542_33557
15540,11337_11336_13135_9974_12146_15541_15542_33557
11337_11336_13135_9974_12146_15541_15542_33557,15543
11337_11336_13135_9974_12146_15541_15542_33557,15544
15938,15545
11337_11336_13135_9974_12146_15541_15542_33557,15545
16909,15546
19117,15547
1627,15547
15547,11487_11299_11671_15548
19316,15554
19316,15555
19316,15556
20331,15557
20331,15558
20333,15559
20334,15561
16915,15562
15757,15564
13081_14054_16537,15564
15157,15564
9960_12845_33643_11471_12831_12875_12941_13153_8617_54849_5265_12832_12610_12840_11087_11521_11661_11699_11700_11701_12040_12829_12837_12838_12841_12852_12886_12887_12940_12973_13012,15565
16901,15566
19040_20226,15566
15218_15217_20145,15567
20225,15567
15503,15568
15503,15569
15604,15570
16904,15571
15655,15572
4670_5282_19561,15573
4670_5282_19561,15574
9369,15579
11399,15579
577,15579
16906,15580
19218,15581
15762_17290_18804,15581
11669,15583
20072,15584
15657,15584
20072,15585
11506_19448_17704_13981,13741_11965_12705_12706_14639_14308_14650_15586_100032
20119,7295_15587
20072,7295_15587
6009_19956_20069,15588
15657,15588
18215,15589_15594_15590
15588,15589_15594_15590
15589_15594_15590,15591
15591,15592
21670,15592
20068,15592
15589_15594_15590,15592
15591,15593
15589_15594_15590,15595
15589_15594_15590,15596
19268,15597
2406,15597
19299,15597
19268,15598
19299,15598
5328,15599_4768_25431
20119,15600
24623_18751,15604
19755,15604
20042,15605
16891,15605
17004,15606
18391,15607
20061,15607
17143,15607
19457,15608
19117,11442_14814_14088_15609
24361,11442_14814_14088_15609
15909,15610
18120_18118_18119_18117,15611
19245,15611
16117,15611
6510,10225_10359_15612
15962,10225_10359_15612
15668,7437_7436_15613
2220,7437_7436_15613
19337,15614_6565
15111,15617
19356,15933_15932_15619_15934
21145,15620
2254,15620
19356,15620
20568,15622
19147,15623
19010,15624_17186_19265_15625_17187
20127,14866_12012_33850_11890_11687_12014_13758_11569_13753_10550_12640_11903_8961_14154_10877_10699_32728_7790_11527_14665_11633_12231_13644_11066_11091_11916_14735_14467_11085_11889_12096_11570_11894_10949_36484_14733_14117_14012_10549_10551_14736_11113_7311_11534_11901_10995_13338_14208_14726_13212_7307_14074_12250_11902_14566_14511_10479_7309_10689_11475_14836_54833_11674_13959_11909_7308_11675_19011_18993_15626_18995_18994_18778_44640
2320,15632
16799,15632
19058,15632
15945,15633
24255,15633
1414,15634
8157,15634
24482,15635
24247,15635
5073_44794,15635
5943,15636
16075,15636
7366_42499_11593_10021_11904_17615_7365_11990_14903_15637_11140_2016_12965,15638
7366_42499_11593_10021_11904_17615_7365_11990_14903_15637_11140_2016_12965,15639
16027_15642_18981,15640
16027_15642_18981,15641
20071,16027_15642_18981
23224,15643
43459,15643
17768,15644
17768,15645
17768,15646
17768,15647
17768,15648
17768,15649
5027,15650
42983,15651
5027,15653
17656,15653
5027,15654
5027,15655
20724_11305_11304_16054_820,15655
5066,15656_16401
5027,15656_16401
5027,15657
5027,15658
5027,15659
24619,15659
20724_11305_11304_16054_820,15660_23142
18677,15661
5453,15661
2254,15663
5151,15663
20287,15664
18432_19446_19447_19578,15665
20294,15666
18874_4643,15667
19183,15668
18731,15672
9696_14545_12904_14521_14685_13526_30936_30034_12721_10682_18126_20074,8956_15674_19261
44976,8956_15674_19261
5135,15675
19512,15677
19692,15678
17057,15679
5070,15682
15682,15683
15683,15686
20076,15687
15756,15688
15688,15689
15688,15690
19122_5749_44972_15927_4806_17363,15691
2254,15691
16345,15691
18881,15692
4111,15692
5105_5012,15694
21016,15695
18035,15695
14083_13288_12987_13287_13289_20729_14840_13290_11096_16462_15977,15696
17769,15696
15132,15697
3832,15699
3832,15700
44971,15700
44200,15701
21147,15701
44200,15702
44200,15703
15338,15704
6025,8048_15705_18947
100175,8048_15705_18947
20051,15706
19052,15707
18035,15707
21190,15707
18035,15708
15710,15709
15823,15710
15132,15711
16961,15712
19165_88_15791_15714,15713
20051,15718
16628,15722
2242,15722
21181,15722
2320,15723
19117,15723
5027,15723
16933,15723
16963,15724
20051,15725
15218_15217_20145,15726
16964,15726
20165,15726
20051,15727
17806,15728
20051,15729
20051,15730
18916_19938_15733_15731_15732,15734
16193,15735
16194,15735
2921_19952_18701,15735
16193,11539_12237_15736_15739_15738_8070_12538_12240_14138_14326_14513_12239_9725_15737_18958
17303,11539_12237_15736_15739_15738_8070_12538_12240_14138_14326_14513_12239_9725_15737_18958
16194,11539_12237_15736_15739_15738_8070_12538_12240_14138_14326_14513_12239_9725_15737_18958
16951,15740
16968,15741
6741,15742
24623_18751,15743
16969,15744
19117,15745
21147,15745
508,15745
18394,15746
15950,15748
5073_44794,15748
16905,15749
18354,15749
19183,15750
15338,15751
19117,15751
15220,15751
20225,15752
19117,15752
508,15752
100084,15753
100108,15753
2921_19952_18701,15755
19044,15756
19044,15757
18898,15758
15760_18908_15759,15758
4095,15760_18908_15759
16947,15761
2254,15762_17290_18804
17755,15762_17290_18804
20051,15763
20051,15764
2921_19952_18701,15765
314,15766
7014,15766
16941,15767
19717,15768
16942,15768
16943,15769
19824,15770_16553
16072_15860,15770_16553
9417_18555,15770_16553
17143,15770_16553
21124,15770_16553
5372,15770_16553
20051,15771
16959,15772
17434,15773
15212,15774
20232,10823_7321_9112_26782_8972_14743_15776_15775_19701_8973
15905,10823_7321_9112_26782_8972_14743_15776_15775_19701_8973
19058,10823_7321_9112_26782_8972_14743_15776_15775_19701_8973
16398,10823_7321_9112_26782_8972_14743_15776_15775_19701_8973
17986,10823_7321_9112_26782_8972_14743_15776_15775_19701_8973
20280,10823_7321_9112_26782_8972_14743_15776_15775_19701_8973
2254,15778
44331_16408_19858_18612_16410_15792_16409,15778
17005,15779
17143,15779
1967,15779
20090,15779
17975,15779
15356,15780
10001_19287_23046_23048,15780
2320,15781
15159,15781
508,15781
15335,15782
20301,15784_15783
8300,15785
8300,15786
10604_10602_15720_15719_18660_15721_15715_15716_15717,15787_15788
18762,15789
15127,19846_15790
100070,19846_15790
17939_18948,15793
17939_18948,15794
24477,15795
5275,15796
6025,10909_13829_13834_15797
21190,10909_13829_13834_15797
19052,10909_13829_13834_15797
15951,10909_13829_13834_15797
6424,15798
23603,11814_14087_15799
14701_12716_32835_8472_32721_8471_12019_10073_19667_16761,11814_14087_15799
15338,15800
16628,15801
2242,15801
16468,15803
15806_15805,15804
16468,15806_15805
20238,15807
21655,15808
9691_15821_45071,15808
9691_15821_45071,15809
15816,15810
15817,15811
15817,15812
15819,15813
15819,15814
15758,15816
15758,15817
15820,15818
621,15818
17595,15818
15820,15819
621,15819
17594,15819
18898,15820
15816,9691_15821_45071
1475,15822
17769,15822
3778,15823
24623_18751,15824
18454,15824
15335,15824
20075,15825
426,7389_10180_15826_359
2263,15828
15828,15829
15933_15932_15619_15934,15829
19128,15830_15831
15830_15831,15832
15830_15831,15833
15842,15834
15834,15835
15834,15836
15842,15837
15837,15838
18403_18414,15839_15840_15841
15829,15839_15840_15841
15829,15842
15829,15843
18403_18414,15844
15829,15844
18403_18414,15845
15829,15845
2254,15846
15828,15846
15933_15932_15619_15934,15848
21124,15848
15848,15849
15848,15850
2263,15852
2657,15852
2263,15853
2657,15853
15852,15854
3847,15855
15853,15855
15853,15856
2263,16072_15860
3578,15863
6290,15864
1402,15867
4993,15867
620,15871
37002,15871
21047,15871
620,15872
2648,15873
3950,15873
21100,15874
19183,15877
15336,15877
651,15879
651,15880
10001_19287_23046_23048,15883
426,16619_16535_15884
2254,15892
15514,15892
7078_12911_12912_8749_11301_19992_16165_1220,15895
2254,15895
45012,15898
5495,15898
5495,15900
21187_11237_11470,15902
21187_11237_11470,15903
14412_7761_7762_18473_37748,15903
2525,15905
2254,15905
19693,15907
2040,15908
255,15908
2280,15909
100137,15909
2254,15912
18795,15912
19722_19724_15163,15912
5071,20751_5469_15914_21272
20133,17114_15915
19058,15919
508,15919
20119,15920
19058,15920
15653,15921
21016,15922
15653,15922
5244,15923
1999_5149,15924
5275,15925_17031_17030_17034
17027,15926
17033,19122_5749_44972_15927_4806_17363
17035,15928
20001,15929
20001,15930
2263,15933_15932_15619_15934
3150,15933_15932_15619_15934
3113,15935
2598,15935
20012,15938
7179,15939
15938,15939
2320,15941
15159,15941
508,15941
23603,14935_24550_15942
20119,14935_24550_15942
18233,14935_24550_15942
43007,14935_24550_15942
2254,12105_15943_2341
15620,15944
19721_19720,15944
15246,15944
15356,15945
24255,15947_17262_17263
19269,15947_17262_17263
24255,15950
2531,15950
24255,15951
20676,15953
19117,15953
43218,15953
21059,15961
21147,15961
3847,15962
21568,15962
5015,15967
19052,15967
15131,15974
18814,15975
2211,14083_13288_12987_13287_13289_20729_14840_13290_11096_16462_15977
15132,14083_13288_12987_13287_13289_20729_14840_13290_11096_16462_15977
15133,15978
20573,15979
19708,15985
18470,15986
2254,15987
20292,15987
7130_17705_20295_20453,15987
2473,15988_19982_19981
19721_19720,15988_19982_19981
17131,15989
20289,15989
15494,15990
4739,8988_16603_15991
20244,12983_14669_12464_13002_7362_14427_10905_11987_10969_13348_14153_14372_11355_12483_11395_13786_11564_11143_14068_15993
20120,15994
8157,15995
20236,15997
12398_12507_8374_19118,15997
20236,15998
3847,12505_14359_12509_13616_15999
20529,12505_14359_12509_13616_15999
7796_16390_20798,16000
19213,9370_16001
19058,9370_16001
16399,9370_16001
6025,16002
20272,16002
23603,16002
7842_20066_20521_20522,16002
6922,16003
25294,16003
314,16003
15323,16004
16677,16004
15323,16005
16677,16005
15331,19570_19569_16006_8998
15951,19570_19569_16006_8998
15945,19570_19569_16006_8998
20240,19570_19569_16006_8998
15327,19570_19569_16006_8998
15333,19570_19569_16006_8998
19052,19570_19569_16006_8998
508,19570_19569_16006_8998
6025,19570_19569_16006_8998
21190,19570_19569_16006_8998
24237,19570_19569_16006_8998
19589,19570_19569_16006_8998
4884,19570_19569_16006_8998
15323,16007
16677,16007
2254,16008
15323,16008
18262,16008
15323,16009
18262,16009
2254,16010
15323,16010
16677,16010
2320,16011
15323,16011
16677,16011
2254,16011
408_21720,16011
18403_18414,16012
15829,16012
16677,16012
15323,16013
16677,16013
15323,16014
16677,16014
15323,16015
18262,16015
15323,16016
16677,16016
2254,16017
15323,16017
16677,16017
16678,16018
100028,16019
20068,16019
15657,16019
2320,16022
19117,16022
16801,16022
100022,16022
412,16022
17432,16024
18454,16024
15929,16024
2254,16025
20072,16025
20071,16026
412,16027_15642_18981
19117,16027_15642_18981
20070,16027_15642_18981
19299,16028
5294,16028
24255,16028
43218,16028
15365,16028
16713,16029
2254,16030
20108_16450_19532,16030
8558_19098,16030
10120_8555_14837_8556_30867_14536_12775_10743_2049_4680,16030
43008,16031
19713,16032
2320,13864_10471_7387_12555_10370_16033
17432,13864_10471_7387_12555_10370_16033
19117,13864_10471_7387_12555_10370_16033
15159,13864_10471_7387_12555_10370_16033
15329,13864_10471_7387_12555_10370_16033
15216,13864_10471_7387_12555_10370_16033
43005,13864_10471_7387_12555_10370_16033
508,13864_10471_7387_12555_10370_16033
18454,13864_10471_7387_12555_10370_16033
15880,13864_10471_7387_12555_10370_16033
19755,16034
23369,16034
3429,16035
16037,16036
5031,16037
5167,16038
16037,16038
16037,16039
1292,16040
15209,16041
19832,16042
23603,16043
16034,16043
4747,16043
16034,16044_16064
17006,16045
17975,16045
18454,16046
19054,16046
21166,16047_17202_17203
1524,16047_17202_17203
43885,16047_17202_17203
17625_17626,16048
16145,16049
11486_12279_19950_20121_23595_18281,16049
5527_43512,16050
2320,16051
24623_18751,16051
20240,16051
43008,16051
15335,16051
594,16052
20130,16053
20022,20724_11305_11304_16054_820
19117,16056
1149,16056
20724_11305_11304_16054_820,16056
17078,16057
20065,16058_43969
24623_18751,16059
23603,16059
15335,16059
19589,16059
15504,16060_19764_17220_19761_19762_19763
20023_15222_15221,16060_19764_17220_19761_19762_19763
15930,16060_19764_17220_19761_19762_19763
15207,16060_19764_17220_19761_19762_19763
12350,16061
18727,16061
15412_15415_15418_15411,16062
15185,12878_14047_8021_14046_14048_14045_14802_16063
426,12878_14047_8021_14046_14048_14045_14802_16063
17623,12878_14047_8021_14046_14048_14045_14802_16063
23603,16044_16064
19755,16044_16064
23369,16044_16064
2320,16065
15159,16065
15335,16065
508,16065
15929,16066
15879,16066
19282,16067
5516,13795_9226_16068
19697,13795_9226_16068
23603,13795_9226_16068
19686_19687,13795_9226_16068
2507,16070
19183,16070
21147,16070
19060,16071
15336,16071
2300,16071
17127,16071
9229,16071
6424,16071
15950,16071
3847,16072_15860
15218_15217_20145,12413_10261_13734_10671_14229_16073
12709_13376_14059_14635_12408_13783_7996_9630_21129_170_11589_24549,12413_10261_13734_10671_14229_16073
20147,12413_10261_13734_10671_14229_16073
4664,16075
16581,16077
20296,16078
15930,16080
15213,16080
20023_15222_15221,16080
15203_19825_22869,16081
19285,16083
2254,7204_14573_16085
13924_12592_14672_13460_12591_12536_30861_8146_8148_32846_13459_44329_14544_9805_49223_9804_14086_8147_13515_14029_12581_19019,7204_14573_16085
43008,7204_14573_16085
18381,16086
43008,16087
18454,16087
15920,16088
19236,16088
20112,16088
19743,16088
9499,16089
9499,16090
20143,16091
9499,16091
646,16092
2229,16093
6290,16094
1402,16094
5212,16095
2140,16095
3408,16096
21656,16096
16147,16097
16899,16097
18010_20122,16098
18010_20122,18011_16099
18743,16100
19947_10868_20704_21142_11634,16100
16180,16101
16146,16103
16147,16103
15923,16104
20010,16104
20120,16105
11486_12279_19950_20121_23595_18281,16106
16120,11266_8056_16107
19117,11266_8056_16107
16106,11266_8056_16107
426,16108
19117,16108
18949,16108
6025,16109
19117,16109
18949,16109
20120,16110
5336,16110
16110,16112
8455_9673_10056_9672_11585_11436_9669_19079_1516_16224_14753_18218,16113_16115_16114
16113_16115_16114,16116
20123,16117
20123,16118
20120,16120
2254,16120
16120,16121
20120,16122
2848,16123
5113_5550_5108,16125
16105,16125
5336,16125
21167,16126
5113_5550_5108,16126
16125,16126
21167,16127
16125,16127
5113_5550_5108,16127
16125,16128
2269,16129
15111,16129
18438,16129
21167,16130
2041,16130
16125,16130
20127,16136
15923,16137_16102
19117,16139
44971,16140
16139,16140
16140,16141
16140,16142
16140,16143
16140,16144
16139,16145
16139,16146
16139,16147
4603,16148
23603,16148
16139,16148
16139,16149
16139,16150
16139,16151
16139,16152
16139,16153
16139,16154
18283_18282,16155
17741,16155
16155,16156
16155,16157
5560,16158
20044_20046_15244_20047,16159
19589,16159
17663,16160
20119,16160
15653,16160
15220,16161
13907_17091_17092_87,16162
18745,16164
3847,7078_12911_12912_8749_11301_19992_16165_1220
3847,24570_7767_6964_1530_1741_10837_16166_12406_21132
19833,16167
1834,16167
17611,16167
16749,16167
21042,16167
17953,16168
17370,16168
17369,16168
15923,20347_7691_3334_16169_2335_6702
16178,16176_16171
6915_16170_22768,16176_16171
15923,21260_16172_16173_16174
18215,21260_16172_16173_16174
16181,21260_16172_16173_16174
15331,16175
15216,16175
19292,16175
15880,16175
20159,16175
15923,16177
21166,16177
15923,16178
15923,16179
5570,16180
15923,16181
16155,16182
16155,16183
16155,16185_16184
16139,16186
16186,16187
16186,16188
16186,16189
16186,16190
16139,16191
16139,16192
16139,16193
16139,16194
16139,16195
16139,16196
16139,16197
16139,16198
16139,16199
16139,16200
16139,16201
426,16202
12287,16202
5464,16202
19218,16203
11374_7750_5439,16203
5154,16204
20676,16205
5328,16205
17255,16206
19541_17634,16207
5020,16208
16210,16209
19117,16210
40679,16211
5725,16212
19285,16213
19289,16213
17027,16214
396,16215
19117,16215
24623_18751,16217
774,16218
2254,16218
16137_16102,16218
43008,16219
16221,16220
23369,16221
20664,16222
6500_3096_2323,16222
6500_3096_2323,16223
426,8455_9673_10056_9672_11585_11436_9669_19079_1516_16224_14753_18218
5071,16225
16225,16226
100309,16227
3847,16229
21147,16229
19063,16229
19063,16230_24291
16230_24291,16231
19063,16235
6424,16236
21121,16236
24296,16237
6209,16238
19246,16239
19713,16240
16210,7087_13900_16241
1170,7087_13900_16241
2280,16242
19050_4781_44348_44349,16242
2280,16243
19050_4781_44348_44349,16243
2254,16244
1549,16244
3832,16244
3847,16248
8170,16248
16248,16249
7254,16251
4992,16254
21043,16255
21254,16255
2320,16256
19117,16256
19313,16256
18035,16256
19520,16256
15159,16256
43005,16256
43218,16256
508,16256
2879,16258
6485,16259
2879,16259
5212,16260
5210,16260
4526,16260
5058,16262
5210,16262
4526,16262
5462,16263
21254,16263
586,16264_5543_21176_21177
2251,16264_5543_21176_21177
588,16264_5543_21176_21177
569,16264_5543_21176_21177
10150_4958_5096_6082_500_514,16266
5213,16266
6003,16266
5617,16267
5213,16267
6003,16267
5213,16268
6509,16268
6003,16268
21650,16269
21069,16269
6003,16269
21650,16270
21069,16270
6003,16270
4971,16271
5213,16271
6003,16271
6474,16272
5213,16272
6003,16272
6290,16273
6003,16273
4970,16275
5131,16275
2974,16276
2974,16277
2974,16280
5089,16280
18402,100249_16281_17576
17961,100249_16281_17576
16280,16282
5212,16282
5058,16283
16280,16283
16280,16284
6509,16285
5131,16285
16275,16286
4971,16286
6143,16287
2951,16287
6290,16289
2974,16289
2320,16290
19117,16290
15159,16290
508,16290
43005,16290
7842_20066_20521_20522,16290
15338,16291
15572,16292
508,16292
4588_4587_1296,13183_14026_14614_13450_32811_14872_9758_10241_13807_10690_16293
20241,13183_14026_14614_13450_32811_14872_9758_10241_13807_10690_16293
43008,16294
15246,16294
21189,16294
19058,8768_9745_8769_14147_12588_9744_10830_12188_13866_11144_12414_8767_8083_19260_19262_16295
24237,8768_9745_8769_14147_12588_9744_10830_12188_13866_11144_12414_8767_8083_19260_19262_16295
19245,8768_9745_8769_14147_12588_9744_10830_12188_13866_11144_12414_8767_8083_19260_19262_16295
16397,8768_9745_8769_14147_12588_9744_10830_12188_13866_11144_12414_8767_8083_19260_19262_16295
20244,8768_9745_8769_14147_12588_9744_10830_12188_13866_11144_12414_8767_8083_19260_19262_16295
4884,8768_9745_8769_14147_12588_9744_10830_12188_13866_11144_12414_8767_8083_19260_19262_16295
19827,12322_12562_7999_7733_13642_12563_7734_9349_16355_19756_16296_11616_12267
15159,12322_12562_7999_7733_13642_12563_7734_9349_16355_19756_16296_11616_12267
43005,12322_12562_7999_7733_13642_12563_7734_9349_16355_19756_16296_11616_12267
17090,12322_12562_7999_7733_13642_12563_7734_9349_16355_19756_16296_11616_12267
15655,12322_12562_7999_7733_13642_12563_7734_9349_16355_19756_16296_11616_12267
508,12322_12562_7999_7733_13642_12563_7734_9349_16355_19756_16296_11616_12267
19497,16297
19497,16298
15220,16299
153,16301
12128_13463_19443,16302
12128_13463_19443,16303
11871_11873_9757_9756_18982_1982_20384,16306_16307_16308_16309_16310
16230_24291,16311
19293,16311
29000,16312
15589_15594_15590,16317
20067,16318
15364_15358,16319
17019,16321
17019,16322
5043,16322
12580_1437_18483,16323
17032,16323
13412_13200_12112_7268_11843_13474_13475_13477_10946_12799_8647_12804_13455_14883_13852_13197_7267_13195_12111_13369_7266_13476_5045,16325
24573,16326
2561,16326
24573,16327
4069,16327
24573,16328
17713,16328
24573,16329
2254,16329
13412_13200_12112_7268_11843_13474_13475_13477_10946_12799_8647_12804_13455_14883_13852_13197_7267_13195_12111_13369_7266_13476_5045,16330
15331,16331
9229,16331
16330,16332
5217,16333
11482_14396_11702_11003_14100_13479_11400_12808_11095_13848_13261_12745_12704_13371_32592_12744_7269_11840_13168_10951_12362_13373_12667_12062_13147_10542_11541_13339_14073_12746_14095_13262_11094_5021_11425_11567_12364_13030_13198_13211_5200,16333
16333,16334
19117,16334
19056,16334
16333,16335
4069,16335
16333,16336
17713,16336
16333,16337
11482_14396_11702_11003_14100_13479_11400_12808_11095_13848_13261_12745_12704_13371_32592_12744_7269_11840_13168_10951_12362_13373_12667_12062_13147_10542_11541_13339_14073_12746_14095_13262_11094_5021_11425_11567_12364_13030_13198_13211_5200,16338
5201,16340
5217,16340
16340,16341
2561,16341
5217,16342_17401_17402_17403
16587,16342_17401_17402_17403
4994,16343
17103,16344
819,16344
5201,16345
16565,16346
7263,16348
2320,16349
1150,16349
19117,16349
21147,16349
19721_19720,16350
16349,16350
5046,16351
15962,16352
7853,16353
15331,16354
15951,16354
15945,16354
20240,16354
15327,16354
20045,16354
15333,16354
508,16354
19589,16354
5100,16356
19703,16357
5100,16358
5100,16359
18795,16360
18796,16361
15369,16364
20253,16364
20240,16364
17118,16364
24570_7767_6964_1530_1741_10837_16166_12406_21132,16365
21360,16365
2320,9861_19259_16366_19258
15323,9861_19259_16366_19258
24623_18751,9861_19259_16366_19258
23603,9861_19259_16366_19258
15327,9861_19259_16366_19258
16678,9861_19259_16366_19258
5854_3900_16663,8054_16367_1907
2406,8054_16367_1907
17841,8054_16367_1907
19127,8054_16367_1907
17368,8054_16367_1907
15945,16369_16368_10002
20273,16369_16368_10002
5559,16370
16374,16371
16374,16372
2639,16372
16375,16373
15923,16374
3569,16374
21667,16374
15923,16375
16435_16434_16436,16376
2320,16377
15159,16377
15653,16377
508,16377
16678,16378
15323,16378
5093,16379
19280,16380
10001_19287_23046_23048,16381
19280,16381
19268,16382
15962,16383
4782,16383
1343,16383
15770_16553,16384
5372,16385
15770_16553,16386
20240,16386
4069,16387
7078_12911_12912_8749_11301_19992_16165_1220,7796_16390_20798
19052,7796_16390_20798
5015,100164_16391
17118,16392
15770_16553,16393
11323,16393
20244,16395
24257,16759_11948_14874_9166_11866_14351_12683_14349_54844_13990_54669_14485_13438_10190_12890_32831_14370_12438_12891_13853_13993_32643_20135_16396
15802_19502_509,16759_11948_14874_9166_11866_14351_12683_14349_54844_13990_54669_14485_13438_10190_12890_32831_14370_12438_12891_13853_13993_32643_20135_16396
15219,16759_11948_14874_9166_11866_14351_12683_14349_54844_13990_54669_14485_13438_10190_12890_32831_14370_12438_12891_13853_13993_32643_20135_16396
16113_16115_16114,16759_11948_14874_9166_11866_14351_12683_14349_54844_13990_54669_14485_13438_10190_12890_32831_14370_12438_12891_13853_13993_32643_20135_16396
19117,16397
15656_16401,16397
2561,16397
15656_16401,16398
15656_16401,16399
15656_16401,16400
19243,15656_16401
19117,15656_16401
2320,16402
100033,16402
15656_16401,16402
4069,16402
2320,16403
20127,16403
4069,16403
19256,16405
19117,16405
15656_16401,16405
19721_19720,16407
15514,44331_16408_19858_18612_16410_15792_16409
44331_16408_19858_18612_16410_15792_16409,16411
44331_16408_19858_18612_16410_15792_16409,5420_16412_15777
16555,16413
508,16414
15933_15932_15619_15934,16416
17272,16417
7803,16418
3847,16419
4989,16419
20242,16420
29000,16421
15778,16423_16422_9411_10012_17278
11123_12919_7454_5147_10861_10862_10863_10864_10950_11016_11033_11068_11167_11168_11302_11572_12422_12920_12921_12961_13078,16423_16422_9411_10012_17278
5420_16412_15777,16423_16422_9411_10012_17278
15110,16424
16329,16424
19589,16424
15488,16425
45033_2312,16426
5071,16428
16428,16429
16428,16430
2562,16430
18454,7702_15284_16432
19054,7702_15284_16432
2320,16433
15159,16433
20042,16433
508,16433
19292,16435_16434_16436
16435_16434_16436,16437
16435_16434_16436,16438
16435_16434_16436,16439
16435_16434_16436,16440
24308,16441
16435_16434_16436,16441
16435_16434_16436,16442
16435_16434_16436,16443
16435_16434_16436,16444
19292,16445
16175,16446
16435_16434_16436,16446
16435_16434_16436,16447
16435_16434_16436,16448
16435_16434_16436,16449
5498,16453
19601,16454
5113_5550_5108,16455
24294_24295,16455
2320,16456
19117,16456
15159,16456
5027,16456
43005,16456
2254,16456
16904,16456
20158,16457
20195,16457
16959,16458
2320,16459
19117,16459
15159,16459
5027,16459
16901,16459
43005,16459
508,16459
5267,16460
43007,16460
16956,16461
2254,16463
14083_13288_12987_13287_13289_20729_14840_13290_11096_16462_15977,16463
15926,16466
15323,16467
24623_18751,16467
23603,16467
16677,16467
9473,16467
5498,16468
5385,16469
7842_20066_20521_20522,16469
7842_20066_20521_20522,16470
23603,16470
19704,16470
15331,8174_14325_14324_8173_16471
19285,8174_14325_14324_8173_16471
10962_7758_14622_19272_6588_18865_17667_17673_17672_44663,8174_14325_14324_8173_16471
5943,16472
16075,16472
17127,16473
2728,16473
15356,16473
17368,16474
4670_5282_19561,16474
15939,16474
7534,16475
7534,16476
16893,16477
19717,16477
7534,16477
19717,16478
16998,16478
7534,16478
20796_30116_14663_30118_20795_8394,16479
16944,16479
20796_30116_14663_30118_20795_8394,16480
20796_30116_14663_30118_20795_8394,16481
16948,16481
20796_30116_14663_30118_20795_8394,16482
20056,16482
15145,16483
5291,16483
15953,16483
13517,16487
17145,16488
16488,16489
16488,16490
16488,16491
17145,16492
16218,16493
16493,16494
16493,16495
16494,16496
16495,16497
16495,16498
16495,16499
16495,16500
17024,16501
19268,16503
1422,16504
3924,16505
1422,16505
1422,16506
15218_15217_20145,16509
15334,16510
5113_5550_5108,16511
19755,16511
2320,10465_7843_16512
19117,10465_7843_16512
20161_20463,10465_7843_16512
15159,10465_7843_16512
15246,10465_7843_16512
15329,10465_7843_16512
15216,10465_7843_16512
43005,10465_7843_16512
508,10465_7843_16512
15880,10465_7843_16512
20159,10465_7843_16512
17144,16513
7554_7551_7555_7550_14661_9181_18747_15551_19276_15550_17610_11869,16514
15770_16553,16515
43007,16515
19698_19699,16516
23603,16516
15329,16516
15895,16516
1029,16520
15778,16521
15220,16522
15930,16523
20023_15222_15221,16523
5381,16524
3009,13359_11576_14875_16525
3847,13359_11576_14875_16525
1422,13359_11576_14875_16525
16946,16526
9294_13291_10598_13091_10362_9868_9295_9293_9290_9291_2413_2412,16527
44976,16527
15216,16528
15933_15932_15619_15934,16529
19721_19720,16529
15504,16530
15211,16531
2254,16532
414,16532
20072,16532
7099,16533
19835_21156,16534
19627_20194,16619_16535_15884
10001_19287_23046_23048,16619_16535_15884
18814,16536
15710,13081_14054_16537
15356,13081_14054_16537
18246,16538
19216,16538
15962,16538
4069,16538
11669,16539
20115_2438_4563,16540
20115_2438_4563,16541
15710,16542
23603,16542
5554,16542
6025,16543
17756,16543
17287,16544
6025,16545
5395,16546
7534,16547
19721_19720,16548
18960_16550_16551,16549
18960_16550_16551,16552
18398,15770_16553
16556,16554
44331_16408_19858_18612_16410_15792_16409,16555
44331_16408_19858_18612_16410_15792_16409,16556
19284,16557
17663,16558
18174,16559
9633,16559
2320,16560
15159,16560
508,16560
16900,16561
20488,16562
20488,16563
20488,16564
2254,16565
19182,16565
15330,16565
16075,16566
5071,16567
15246,16568
19589,16568
17207,16570
15119,16570
15159,16571
17121,16571
17094,16572
24575,16573
6600_19288,16574
5087,32914_12748_14030_14215_14193_13854_14123_12978_12088_32664_13174_9484_32757_32874_32637_14192_13979_12906_14465_13434_14909_32872_13525_14202_14750_14910_54843_13940_14211_14216_32924_12918_14378_14203_12979_12085_12571_14657_13435_11718_33204_16575_12087_12844
2254,32914_12748_14030_14215_14193_13854_14123_12978_12088_32664_13174_9484_32757_32874_32637_14192_13979_12906_14465_13434_14909_32872_13525_14202_14750_14910_54843_13940_14211_14216_32924_12918_14378_14203_12979_12085_12571_14657_13435_11718_33204_16575_12087_12844
5308,32914_12748_14030_14215_14193_13854_14123_12978_12088_32664_13174_9484_32757_32874_32637_14192_13979_12906_14465_13434_14909_32872_13525_14202_14750_14910_54843_13940_14211_14216_32924_12918_14378_14203_12979_12085_12571_14657_13435_11718_33204_16575_12087_12844
18454,11535_10736_9157_8464_9525_16576_11709
17423,11535_10736_9157_8464_9525_16576_11709
15214,16577
16387,16578
19705,12850_12851_79_16579
15962,12850_12851_79_16579
15930,16580_17248_17249_17250_17251_17252
20023_15222_15221,16580_17248_17249_17250_17251_17252
20285,16581
20288,16582
15212,16583
8666,16583
23603,12074_16584
15327,12074_16584
43008,12074_16584
15333,12074_16584
20087,12074_16584
19707,12074_16584
7950,16586
591,16587
18020,16588
19117,16589
15220,16589
16592,16591
16593,16592
100308,16593
5559,16594
5119,16595
2320,16596
19117,16596
15905,16596
17748,16596
12123_54559_8909_26765_14904_11291_26729_30043_15286_18292_18293_5500_5501,16596
19066,16596
508,16596
19268,16597
13626,16597
16540,16598
16540,16599
426,16599
1115,16599
20683,16600
8988_16603_15991,16600
8988_16603_15991,16601
8988_16603_15991,16602
15335,16604
9427,16605
7798_9428_18570,16606
7798_9428_18570,16607
20724_11305_11304_16054_820,16608
18010_20122,16609
18010_20122,16610
44983,16611
44335,16611
425,16612
100310,16612
20044_20046_15244_20047,16614
11429_19433,16615
11429_19433,16616
19432,16617
19432,16618
6025,16619_16535_15884
19703,16620_6965
2254,16620_6965
23603,16620_6965
7739,16621
18454,16622
3847,16624
1639,16624
1639,16625
20106,16626
2243,16628
2243,16629
18796,16630
1531,16632
831,16632
1531,16635
831,16635
15620,16639
17432,16641
18454,16641
16743,16642
18454,16643
19806,16644
16799,14720_20250_16646
6025,16647
19692,16647
5516,54680_10844_10964_9189_13591_7561_7562_12558_11109_11765_16648
23603,54680_10844_10964_9189_13591_7561_7562_12558_11109_11765_16648
19692,54680_10844_10964_9189_13591_7561_7562_12558_11109_11765_16648
15159,13641_13638_10822_14296_16649
12413_10261_13734_10671_14229_16073,13641_13638_10822_14296_16649
43005,13641_13638_10822_14296_16649
18838,13641_13638_10822_14296_16649
6025,13641_13638_10822_14296_16649
20057,16650
20056,16651
16901,16652
16901,16653
18186,16654
16888,16655
16906,16656
16890,16657
15620,16658
16890,16658
16945,16659
6025,54593_54716_12106_13923_11437_14623_11488_14484_9617_14473_12989_54806_14173_12029_54804_32583_14908_32694_13849_14660_7988_14730_54805_54761_30929_30928_16660
15368,54593_54716_12106_13923_11437_14623_11488_14484_9617_14473_12989_54806_14173_12029_54804_32583_14908_32694_13849_14660_7988_14730_54805_54761_30929_30928_16660
17955,16661
17370,16661
17957,16662
15939,5854_3900_16663
18640,16664
18882,16665
15938,16666
17146,16667
16667,16668
16667,16669
16667,16670
16667,16671
16667,16672
18402,16674_10765
20090,16674_10765
8691,16676
17764,16676
19755,16677
19755,16678
100342,16680
21636,16680
2501,16681
2501,16682
5499,16683
16680,16683
19781,16684
20633,16684
16680,16684
19781,16685
21638,16685
16685,16686
21639,16686
16686,16687
16686,16688
16686,16689
16685,16690
16685,16691_4000_3999
16691_4000_3999,16692
16685,16693
7667,16693
21639,2544_16695_18744_2543_2540
21640,16696
20633,16696
2544_16695_18744_2543_2540,16696
16698,16697
21639,16698
3266,16698
3266,16699
21640,16700
20633,16700
3266,16700
5853,16701_16702
3268,16701_16702
100342,16701_16702
21639,16701_16702
21640,16703
20633,16703
16701_16702,16703
21042,16704
16704,16705
21637,16705
16704,16706
5499,16706
2786,16706
2682,16706
21639,16706
16704,16707
21193_17046,16708
5564,16708
7959_2797_2794_517,16709
7959_2797_2794_517,16710
7959_2797_2794_517,16712
2714,16713
21038,16713
16708,16713
640,16715
16713,16715
21211,16717
2681,16718
4993,16718
2320,16719
15159,16719
508,16719
21193_17046,16721
21232,16721
16721,16722
3249,16722
16708,16722
16721,16723
24890,16723
627,16723
21451,16723
16721,16724
16721,16725
21193_17046,16726
16726,16727
16729,16727
21193_17046,16729
16729,16730
16729,16731_22963_22965
16729,16733
16733,16734
16729,16735
16729,16736
21248,16738
18201,16738
5744,16739
16738,16739
5872,16739
2714,16740
5207,16740
20574,16740
3578,16740
16738,16740
2714,16742
524,16742
16738,16742
3000,16742
6130,16743
16743,16744
16744,16745
3222,16746
21322,16746
16744,16746
3222,16747
21322,16747
21069,16747
16744,16747
6320,16747
648,16748
43218,16748
2407,16748
21248,16749
2320,16750
15159,16750
15335,16750
508,16750
21089,16751
19404,16751
16749,16752
2546,16754
16752,16755
2547,16755
5071,16756
17827,16757
17119,16758
15218_15217_20145,16760
15159,16760
17119,16760
43005,16760
508,16760
5516,14701_12716_32835_8472_32721_8471_12019_10073_19667_16761
18230,14701_12716_32835_8472_32721_8471_12019_10073_19667_16761
15218_15217_20145,16762
18230,12713_12185_9593_10738_8479_16763
23603,12713_12185_9593_10738_8479_16763
15218_15217_20145,16764
20147,16764
16897,16765
18056_6572_16767_43923_16769_16770,16771_16772_16773
18056_6572_16767_43923_16769_16770,16774
18056_6572_16767_43923_16769_16770,16775
18056_6572_16767_43923_16769_16770,16776
4907,16776
5498,16777
5498,16778
2320,16779
15159,16779
508,16779
16912,16780
14541,16780
16779,16781
14541,16782
16779,16783
21148,16784
24575,16784
6248_20549_16785,16786
18944,16787
18652,16788
19243,16789
688,16789
19243,16790
16387,16791
16791,16792
16791,16793
16793,16794
16791,16795
2320,16796
19058,16796
18121,16797
16797,16798
16578,16799
4069,16800
16800,16801
16800,16802
4069,16803
16387,16805
16793,16806
16794,16807
11835,13594_13485_14867_12246_11781_11833_33482_33479_14417_8119_14475_8120_10062_7298_11540_11694_11819_12116_7574_8457_12449_33481_13486_7296_11834_14776_14410_8458_14626_10847_11464_10848_12247_11529_11330_12450_13241_11439_32526_12103_33480_12098_16809_561
6025,8003_16810_5181
14064_7415_14496_14065_14194_14364_14063_14066_14356_20811,16811
17718,16811
18329,16812
19058,16812
9723,16814
16793,16814
9723,16815
9723,16816
18151,16816
15334,13431_33046_14794_9143_13428_13430_13432_14894_16817
14031_9616_17950,13431_33046_14794_9143_13428_13430_13432_14894_16817
19712,13431_33046_14794_9143_13428_13430_13432_14894_16817
6025,13431_33046_14794_9143_13428_13430_13432_14894_16817
43007,13431_33046_14794_9143_13428_13430_13432_14894_16817
2254,16818
15770_16553,16819
18791,13542_9649_11784_16820_12122
6693,13542_9649_11784_16820_12122
15953,13542_9649_11784_16820_12122
508,16821
15938,16822
19296,16823
5113_5550_5108,16823
3342,16824
17127,16824
23603,16824
16123,16824
15950,16824
44335,16824
21440,16824
9637,16825
19589,16825
19220,16826
2012,16826
19215,16826
20109,16826
4737,16826
2320,16827
15620,16827
508,16827
6025,8422_14804_8785_16828_15194
20754,16829
7960,16829
16106,16830
16334,16830
5073_44794,16831_19319
16958,16832
16912,16833
16949,16834
16964,16835
16894,16836
16949,16837
16914,16838
16895,16839
16950,16840
16898,16841
16918,16842
16918,16843
16938,16844
16919,16845
16972,16846
16952,16847
17004,16850
17011,16851
17011,16852
20061,16853
17006,16854
17663,16855
43005,16855
9341,16855
16901,16855
9341,16856
16902,16857
7201,16857
7201,16858_16859
21056_44300_21055,16860
16904,16860
16898,16861
7318,16861
7318,16862
16918,16863
11812,16863
11812,16864
27407_54701_12455,16865
20054,16866
20054,16867
20054,16868
20054,16869
20054,16870
20054,16871
20054,16872
20054,16873
20054,16874
20054,16875
20054,16876
17277,16877
20054,16878
20054,16879
20054,16880
20054,16881
20054,16882
16866,16883
16867,16884
16868,16885
16869,16886
16870,16887
16871,16888
16872,16889
16873,16890
16874,16891
16875,16892
16876,16893
16878,16894
16879,16895
16880,16896
16881,16897
16882,16898
16106,16899
16334,16899
16866,16900
16867,16901
16868,16902
16869,16903
16870,16904
16871,16905
16872,16906
16873,16907
16874,16908
16875,16909
16876,16910
20054,16911
20054,16912
20054,16913
16878,16914
16879,16915
16880,16916
16881,16917
16882,16918
20054,16919
20054,16920
20052,16921
20052,16922
20052,16923
20052,16924
20052,16925
20052,16927
20052,16928
20052,16929
20052,16930
20052,16931
20052,16932
42968,16933
20052,16934
20052,16935
20052,16936
20052,16937
20052,16938
16922,16939
16923,16940
16924,16941
16925,16942
16927,16943
16928,16944
16929,16945
16930,16946
16931,16947
16932,16948
16934,16949
16935,16950
16936,16951
16921,16952
16922,16953
16923,16954
762,16955
16924,16955
16925,16956
16927,16957
16928,16958
16929,16959
16930,16960
16931,16961
16932,16962
20052,16963
20052,16964
20052,16965
16934,16966
16935,16967
16936,16968
16937,16969
16938,16970
16106,12127_13390_14144_12193_13161_9676_14977_30014_12248_14900_11787_14474_12652_12699_29136_11028_14788_11968_29133_11170_9683_11423_9675_14129_13162_13440_9677_14142_14782_13297_12034_15152_15151_16971
20052,16972
4805,10127_6456_16974_16975_2588_6458_6459
19964_20516,16976
19964_20516,16977
19964_20516,16978
20225,16979
12398_12507_8374_19118,16979
2320,16980
43005,16980
15159,16980
20119,16980
19117,16981
17578,16981
508,16981
2095,16982
18078,16982
11822_100344_9424_909_10503_11242_15231,16983
15895,16983
5073_44794,16984
5073_44794,16985
6499,16986
17663,16987
17662,16987
15624_17186_19265_15625_17187,16988
19541_17634,16989
16628,16990
24307,16990
20067,16991
10033,16993
14031_9616_17950,16994
16743,11789_16995
5020,16996
20049,16998
20059,16999
16999,17002
20062,17003
17003,17004
20059,17005
20059,17006
17003,17007
20062,17008
17008,17009
17008,17010
20062,17011
16921,17012
16945,17013
15925_17031_17030_17034,17014
17014,17015
17015,17016
17015,17017
17017,17018
17015,17019
17014,17020
17020,17021
17020,17022
17020,17023
17020,17024
17020,15531_17025_18310_17036_17029
21079,15531_17025_18310_17036_17029
21117,15531_17025_18310_17036_17029
15925_17031_17030_17034,17026
17026,17027
17026,17028
17028,15531_17025_18310_17036_17029
15925_17031_17030_17034,17032
15925_17031_17030_17034,17033
15925_17031_17030_17034,17035
17035,15531_17025_18310_17036_17029
17035,17037
17035,17038
17040,17039
15925_17031_17030_17034,17040
20240,17041
19589,17041
5516,8547_8546_17042
18232,8547_8546_17042
19685,8547_8546_17042
5564,17043_4454_4455
3130,17043_4454_4455
36511,17043_4454_4455
19741,17044
2320,17045
15159,17045
15126,17045
508,17045
20127,17047
18330,17048
15682,17048
32778_8823_100218_60486_15168,17049
5564,17050
21220,17050
9563_17051_17053_23692_23691_23693,17052
9563_17051_17053_23692_23691_23693,17054
16677,17055
13578,17056
16919,17056
18796,17057
6025,14711_20558_19548_17058_16431_17937
18075,17059
18968,17060
18968,17061
19351,17062
17062,17063
17062,17064
17062,17065
17062,17066
17062,17067
17062,17068
19351,17069
19773,17070
19773,17071
19773,17072
19773,17073
19773,17074
19773,17075
17069,17076
17069,17077
17059,17078
17078,17079
1147,17079
5560,17079
16057,17080
16057,17081
16057,17082
17059,17084
18075,17086
18075,17087
18075,17088
19117,17089
15219,17089
16608,17089
19117,17090
20724_11305_11304_16054_820,17090
15572,17094
15134,17100
19589,17100
20724_11305_11304_16054_820,17103
15219,17104
17104,17105
20134,17106
20130,17107_17108_17109
9072,17110_17111
20131,17112_17113
16349,17116
16349,17117
2254,17118
15220,17118
2254,17119
19117,17119
15220,17119
17118,17121
17755,13255_8822_17123
15327,13255_8822_17123
17273,13255_8822_17123
15620,13255_8822_17123
19721_19720,13255_8822_17123
32778_8823_100218_60486_15168,13255_8822_17123
43424,17124
5318,17124
5113_5550_5108,17124
4848,17124
19721_19720,17126
3847,17127
2616,17127
3847,17128
21223_385_6180,17128
3847,17129
21209,17129
21147,17131
18634,17132
3847,17133
20012,17133
19589,8122_17135_2017
19697,17136
23603,17136
5943,17137
100120,17137
16075,17137
20023_15222_15221,17138
8537,17138
15159,17138
15246,17138
43005,17138
15620,17138
18454,17139
15498,17139
20119,17140
21147,17140
16629,17141
9,17141
21181,17141
3847,17143
5047,17143
2280,17144
19050_4781_44348_44349,17144
2280,17145
19050_4781_44348_44349,17145
2280,17146
19050_4781_44348_44349,17146
8347,17147
8347,17148
1200_1134_15512_5080_100078,17148
15924,17149
15924,17150
17150,17151
17150,17152
17150,17153
17150,17154
17150,17155
17150,17156
1999_5149,17157
1999_5149,17158
17663,17160
17643,17160
17276,17160
24237,17161
15547,17161
17663,17161
17643,17161
20137,17161
18454,17162
3664,17163
17163,17164
15581,17165
21223_385_6180,17167
5586,17167
21223_385_6180,17168
5586,17168
3847,12552_8234_8082_7540_19003_17169
21635,12552_8234_8082_7540_19003_17169
15079,12552_8234_8082_7540_19003_17169
21058,12552_8234_8082_7540_19003_17169
5071,17170
18395,17173
19716,17177
15501,17177
20063,17177
18383,17178
18239,17178
15589_15594_15590,17179
16961,17180
21146,17181
2177,17182
5803_18619,17182
19052,17182
15624_17186_19265_15625_17187,17183
15624_17186_19265_15625_17187,17184
5803_18619,17184
12382_11153_9734,17185
15624_17186_19265_15625_17187,17185
12382_11153_9734,15624_17186_19265_15625_17187
12382_11153_9734,17188
15624_17186_19265_15625_17187,17188
17182,17189
32767_32771_8192_7273_11544_11121_13602_448,17190
17190,17191
17190,17192
43007,17193
5516,9800_17194
19698_19699,9800_17194
2254,9806_12217_17195
19183,9806_12217_17195
23603,9806_12217_17195
19704,9806_12217_17195
13924_12592_14672_13460_12591_12536_30861_8146_8148_32846_13459_44329_14544_9805_49223_9804_14086_8147_13515_14029_12581_19019,17196
5287,17196
5283,17196
43878,17196
4884,17196
19703,17197
19289,17197
19703,17198
42973,17198
19704,17199
2263,17200
5328,17201
20683,16047_17202_17203
5328,17204
17207,17205
4034,17205
5062,17207
16047_17202_17203,17209
1280,17209
16047_17202_17203,17210
4773,17210
16047_17202_17203,17211
17255,17211
21073,17212
19541_17634,17212
15938,17213
19220,9614_9613_17214_17685
17390,9614_9613_17214_17685
19743,9614_9613_17214_17685
15938,17215
2254,17215
2123,17215
5385,17215
19293,17216
17215,17216
17215,17217
17090,17219
10714_17221_17223_17222_17226,17224
10714_17221_17223_17222_17226,17225
17848,17229
5015,17230
14098_11448_12072_7906_13478_20088,17230
19142,17231
508,17232
17234,17233_100087
18926,17234
15547,17234
24237,17234
5429,17234
15216,17235
2462_3137_1645_1871_3135_3138,17236_1184
19722_19724_15163,17236_1184
15359_15361,17237
19050_4781_44348_44349,17238
2280,17238
13511,17238
7771,17239
14651_8673_18237_21764,17240_7044_13822
24623_18751,17240_7044_13822
12516_9559_14608_15483,17240_7044_13822
15126,17240_7044_13822
18416_18423_14975_14827_14702_18417_18418_18419_18421_18422_18644_15089_15091_15090_18420,17241
508,17241
19293,17242
19315_17243,17244
17843,17245
17843,17246
17843,17247
20283_6651,17255
20283_6651,17256_17257
19541_17634,17256_17257
17255,17258
15938,17259
15938,17260
15938,17261
2254,15947_17262_17263
20215,10622_17264
15905,10622_17264
17269,10622_17264
20279,10622_17264
6025,11026_11218_14011_33091_11680_14009_9441_15018_12847_11485_33092_9439_14010_13495_9443_17265
15947_17262_17263,11026_11218_14011_33091_11680_14009_9441_15018_12847_11485_33092_9439_14010_13495_9443_17265
15947_17262_17263,17266
425,17269
15947_17262_17263,17269
15947_17262_17263,17270
17270,17271
17270,17272
17270,17273
17270,17274
15087,17275
20137,17276
24237,17276
15547,17276
20054,17277
2254,16423_16422_9411_10012_17278
15126,16423_16422_9411_10012_17278
569,16423_16422_9411_10012_17278
17635,11764_11658_13625_8199_14604_11613_14233_11562_8200_14796_17279_5180_6966_828_10796_10360_11737_13167
20751_5469_15914_21272,11764_11658_13625_8199_14604_11613_14233_11562_8200_14796_17279_5180_6966_828_10796_10360_11737_13167
2051,17280
5135,17280
15620,17281
19721_19720,17281
19589,17281
5738,17282
16892,17283
43005,17283
14741,17283
19117,17283
2320,17284
19117,17284
15159,17284
43005,17284
508,17284
17009,17284
15933_15932_15619_15934,17285
2254,17286
15938,17286
15939,17287
2254,17288
11014_20555_20556_20557,17289
15509,15762_17290_18804
19072,15762_17290_18804
19052,15762_17290_18804
21146,17291
5606,17292
5061,17292
15119,17292
15920,17294
10613,17294
18459,17295
18459,17296
5071,17297
5328,17298
5328,17299
19512,17300
15216,17301
16139,17302
16139,17303
18134,17304
13967_13950_13931_13952_18264_54549_30899_13942_13938_13948_8736_13949_13937_13945_13930_13933_11683_9959_13936_8745_8746_13932_8953_13951_14127_11101_8954_13939_13943_14070_11749_8747_13927_18910_18135_19234_20275,17304
19290,17305
24255,17305
18134,17305
13967_13950_13931_13952_18264_54549_30899_13942_13938_13948_8736_13949_13937_13945_13930_13933_11683_9959_13936_8745_8746_13932_8953_13951_14127_11101_8954_13939_13943_14070_11749_8747_13927_18910_18135_19234_20275,17305
4736,17306
19235,17306
4736,17307
19235,17307
17310,17309
19625_17311,17309
15938,17310
17133,17310
5385,19625_17311
18157,9300_13588_14126_14504_33047_13972_17312
18402,9300_13588_14126_14504_33047_13972_17312
17965,9300_13588_14126_14504_33047_13972_17312
5387_19852_19851,9300_13588_14126_14504_33047_13972_17312
17143,9300_13588_14126_14504_33047_13972_17312
6025,9300_13588_14126_14504_33047_13972_17312
19589,9300_13588_14126_14504_33047_13972_17312
17758,17313
19625_17311,17314
7842_20066_20521_20522,17314
2320,17315
15159,17315
508,17315
19589,17316
2320,17317
19117,17317
20063,17317
42983,17317
648,17317
15950,17317
5073_44794,17317
2320,17318
15218_15217_20145,17318
20063,17318
42983,17318
19289,17318
20101,17319
19225,17320
10001_19287_23046_23048,17321
19705,17322
5151,17322
17322,17323
5520,17323
6025,17324_13219_9430_8660_44_24300
20072,17325
508,17325
5113_5550_5108,17326
24294_24295,17326
18171,17327
5440,17328
3847,17329
15933_15932_15619_15934,17329
21145,17329
24575,17330
15335,17331
17954,17332
17370,17332
16877,17334
16962,17335
43005,17335
15159,17335
16327,17336
17718,17336
15129_15130,17337
2320,17338
2319,17338
19058,17338
19213,17338
17718,17338
18424,17338
11026_11218_14011_33091_11680_14009_9441_15018_12847_11485_33092_9439_14010_13495_9443_17265,17339
24623_18751,17340
5586,17340
5070,17341
21674,17341
17341,17342
17342,17343
17342,17344
17342,17345
18905_17601_6117_6268_6428,17346
17343,17346
18905_17601_6117_6268_6428,17347
17343,17347
17344,17348
2604,17349
17345,17349
4736,17350
37938,17351
19189,17352
11612,17353
11612,17354
19230,17355
4736,17355
19230,17356
4736,17356
5087,17357
19058,17357
19215,44724_9787_12435_9611_44723_9610_17359
9612,17360_19267
2320,17361
16511,17361
15659,17361
15923,17362
771,19122_5749_44972_15927_4806_17363
20347_7691_3334_16169_2335_6702,17364
16180,17364
16178,17364
2254,17364
4805,17364
8260,17365
5495,17366
15938,17368
15135,17369
23603,17369
19751,17369
17368,17370
19751,17370
2254,17372
17381_42971,17372
5608,17372
2565,17373
24618,17373
20128_20129,17373
24318,17373
3182,17373
20683,17373
5747,17375
16511,17375
5578,17376
5554,17376
2320,17377
15159,17377
508,17377
508,17379
15185,17380
18188,17380
4609,17381_42971
7342,17382
7342,17383
19712,17383
17396,17384
2406,17384
15922,17385
20070,17385
5212,17386_4233_4513
18078,17387_4060_4105_4521
44965,17388
9861_19259_16366_19258,17389
2012,17390
19215,17390
20212,17391
20213,17392
2320,17393
15159,17393
508,17393
4868,17394
29000,17394
17396,17395
5093,17396
2280,17397
2320,9927_9554_9770_17398
19117,9927_9554_9770_17398
15159,9927_9554_9770_17398
43005,9927_9554_9770_17398
508,9927_9554_9770_17398
10857,17399
15214,17400
15212,17400
2320,17404
19117,17404
17010,17404
508,17404
2320,17405
16883,17405
19117,17405
508,17405
17119,17406
15770_16553,17406
19589,17406
19827,17407
13285_9413_13286_13283_13284_11864_14697_14260_13862_54691,17407
16565,17408
2320,17409
24318,17409
17381_42971,17409
15659,17409
5132,17409
2254,17409
17103,13773_17410
15655,13773_17410
19268,13693_14481_17411
24255,13693_14481_17411
9960_12845_33643_11471_12831_12875_12941_13153_8617_54849_5265_12832_12610_12840_11087_11521_11661_11699_11700_11701_12040_12829_12837_12838_12841_12852_12886_12887_12940_12973_13012,13693_14481_17411
17369,13693_14481_17411
16953,17412
17749,17413
12123_54559_8909_26765_14904_11291_26729_30043_15286_18292_18293_5500_5501,17413
19700,17413
15225,17415
17373,17416
15214,14174_8833_17417
19741,14174_8833_17417
5020,17418
19713,17419
19713,17420
19713,17421
17421,17422
18234,17423
17421,17424
14798_7217_7218_14032_7219_20701_7222_7216_7221_7223_11757_7220_12658_13244_19679_19677_7215_19676_21004_19678_22599,17424
11348,17425
11348,17426
15227,17427
17427,17428
18454,17429
15227,17430
15227,17431
19054,17432
18234,17432
18454,17434
19054,17434
2254,17435
15501,17435
15225,17435
3847,14570_12656_14549_9670_14670_14965_13965_11868_14569_17436
15225,14570_12656_14549_9670_14670_14965_13965_11868_14569_17436
44967,17437_17478_17479_17480_17481
17419,17437_17478_17479_17480_17481
44967,17438
17419,17438
17419,17439
19713,17440_17482_17483_17485
17420,17441
17420,17442
17421,17443
17421,17444
17421,17445
17421,17446
17422,17447
17422,7062_17448_17506_17507_17508
17423,17449
17423,17450
17424,17451
44990,17451
17424,17452
44989,17452
25371,17453
15323,17453
16511,17453
17434,17454
19714,17455_17521_17522
11348,17456_17535_17536_17538
11348,17457
17428,17461
15525,17462
15525,17463
15525,17464
15525,17465
15525,17466
17429,17467
17430,17471_17469_17468_17563
17430,17470
17431,17474
17431,17475
17431,17476_17477
17438,17437_17478_17479_17480_17481
16032,17484
16032,17440_17482_17483_17485
19671,17486
19671,17487
19670,17488
19670,17489
17442,17496
17442,17497
17443,17498
17443,17499
17444,17500
17444,17501
17445,17502
17445,17503
17446,17504
17446,17505
17447,7062_17448_17506_17507_17508
17449,17511
17449,17512
17450,17513
17450,17514
17451,17515
17451,17516
17452,17517
17452,17518
15516_17520,17519
8269_17524,17523
8271_17528,17527
17457,17537
17457,17456_17535_17536_17538
7737,17983_19782_17548_17549_17550_17551_17552_17553
17985,17554_17555
17471_17469_17468_17563,17558
17471_17469_17468_17563,17559
17470,17560
17470,17561
17471_17469_17468_17563,17562
17474,17564
17474,17565
17475,17566
17475,17567
19066,17568
6025,17569
19303,17569
6025,7293_13016_9953_17570
15978,7293_13016_9953_17570
15950,17571
6009_19956_20069,17572
5763,17572
25294,17572
15659,17572
17965,17573
15246,17573
15846,17573
21189,17574
4565_2803_2801,17574
20158,17575
16402,17575
20265,17575
19238,17575
9637,17575
18121,17575
15188,17575
16403,17575
2145,100249_16281_17576
5071,17577
17758,17578
20158,17579
18838,17579
15159,17579
43005,17579
2320,17580
19117,17580
15159,17580
43005,17580
19717,17580
508,17580
16948,17580
5151,17581
2038,17582
2415,17582
4970,17582
2109,17582
17434,17583
5381,17584
16752,17585
17588,17586
17588,17587
2884,17588
5070,17588
2356,17589
4868,17589
21335,17590
919,17590
3090,17590
2429,17591
24313,17592
5144,8781_17593
15760_18908_15759,17594
15760_18908_15759,17595
18905_17601_6117_6268_6428,17596
44887,17596
18905_17601_6117_6268_6428,17597
18897,17598
20325,17598
607,17598
20633,17598
17604,17599
18935,17600
17343,18905_17601_6117_6268_6428
20325,17602
20325,17603
5966,17604
4699,17604
17594,17604
5665,17606
24318,17606
16104,17606
5608,17606
19721_19720,17607
18075,17607
15331,9179_7552_15553_11398_7549_9178_15552_17608_6543
19721_19720,17609
6799,17611
3381,17611
2082,17611
2720,17611
15331,19308_9182_17612
7554_7551_7555_7550_14661_9181_18747_15551_19276_15550_17610_11869,19308_9182_17612
508,17613
2320,17614
20119,17614
15159,17614
17274,17614
43005,17614
17269,17614
19117,7366_42499_11593_10021_11904_17615_7365_11990_14903_15637_11140_2016_12965
15654,7366_42499_11593_10021_11904_17615_7365_11990_14903_15637_11140_2016_12965
413,7366_42499_11593_10021_11904_17615_7365_11990_14903_15637_11140_2016_12965
17769,17617
9114,17618
9114,17619
9114,17620
9114,17621
9114,17622
15945,17623
20063,17623
18100,17624
18100,17625_17626
23603,17627
15499,17627
20132,17627
23369,17628
20127,17629
426,17629
21016,17629
20605,17630
17140,17630
20283_6651,19541_17634
21095,17635
17635,17636
29000,17638
21095,17639
29000,17639
21095,17640
29000,17640
5395,17641
508,17642
17662,17643
5395,17646
5559,17646
21669,17647
5395,17647
2977,17647
17647,17648
7495_7496_13928_13813_12789_10983_14019_14033_14627_3441_44807,17649
17663,17651
5395,17656
5395,44330_13827_13828_7868_21022_17658
44330_13827_13828_7868_21022_17658,17659
17641,17662
5395,17663
19117,17663
2320,17668
15159,17668
508,17668
10962_7758_14622_19272_6588_18865_17667_17673_17672_44663,7858_7047_13980_8292_19332_16518_17675
17676,17677
19270,32801_33012_33015_33014_33010_33013_30941_17851_17681
2320,17682
15159,17682
508,17682
18964,17683
19189,17684
44976,17686
19213,17686
19216,17687
16789,17688
19214,17688
19254,17688
19214,17689
19214,17690
9257,17691
9257,17692
9294_13291_10598_13091_10362_9868_9295_9293_9290_9291_2413_2412,17693
44976,17693
9294_13291_10598_13091_10362_9868_9295_9293_9290_9291_2413_2412,17694
9292,17695
9292,17696
9292,17697
9292,17698
9292,17699
9292,17700
9292,17701
19214,17703
20073,11506_19448_17704_13981
15922,11506_19448_17704_13981
5384,11506_19448_17704_13981
15654,11506_19448_17704_13981
20072,11506_19448_17704_13981
19214,17706
17370,17708
17953,17708
15905,17708
19240,17708
2356,17709
2525,17709
18185,17710
13700,17711
13700,17712
37858,17713
19223,17713
17713,17714
17713,17715
19223,17716
19223,17717
16578,17718
19255,17719
16397,17719
17719,17720
24237,17720
19058,17720
10100,17726_17724_17725
20286,17727_6729_20394
10100,17728
2561,17731
19251,9738_19346_17734
42981,17735
2561,17736
19366,17737
2561,17738
19052,17739
45010,17740
12123_54559_8909_26765_14904_11291_26729_30043_15286_18292_18293_5500_5501,17741
45010,17741
17741,17742
17741,17743
17741,17744
17741,17745
20119,17746
17656,17746
17663,17746
594,17746
100148,17746
17741,17747
2525,17748
24321,17748
12123_54559_8909_26765_14904_11291_26729_30043_15286_18292_18293_5500_5501,17748
17749,17750
44971,17750
17749,17752
19053,17753
19052,17754
37821,17754
24431,17755
17754,17755
19219,17756
19052,17757
17757,17758
19219,17759
17758,17760
17757,17761
17761,17762
17761,17763
17761,17764
17761,17765
17761,17766
5854_3900_16663,17767
5172,17767
15938,17767
5113_5550_5108,17767
100036,17768
5046,17769
43007,17770
15846,17771
18403_18414,17771
15830_15831,17771
15620,17771
19721_19720,17771
5093,17772
5066,11393_17773_32766
1822,17774
314,17775
43953,17775
316,17776
20162,17778
19269,17778
20267,17778
2320,12222_12221_17779_19264
19058,12222_12221_17779_19264
44976,12222_12221_17779_19264
16397,12222_12221_17779_19264
19251,12222_12221_17779_19264
2320,17780
19117,17780
15159,17780
43005,17780
16898,17780
508,17780
17848,17781
508,17782
2356,17783
4950,17784
17344,17784
15950,17785
5073_44794,17785
2320,17786
16953,17786
19117,17786
508,17786
19305,17787
43008,17788
5328,17789
18502,17790
19703,17791
2320,17792
19117,17792
15159,17792
43005,17792
508,17792
16944,17792
19755,17793
17010,17794
36976,17795
21192,17795
636,17795
15216,17798
646,17799
21058,17799
646,17800
646,17801
646,17802
5559,17803
20240,17804
18787,17804
2320,17805
19117,17805
15159,17805
1560_100239_1878,17805
43005,17805
508,17805
2320,17806
19117,17806
15159,17806
43005,17806
19717,17806
508,17806
16965,17806
21058,17807
17090,17808
5151,17808
8768_9745_8769_14147_12588_9744_10830_12188_13866_11144_12414_8767_8083_19260_19262_16295,17809
11706,17809
18634,19440_17810_18590
18580,17811
43005,17811
19117,17811
16904,17811
19716,17812
2320,14242_11070_17813
19117,14242_11070_17813
15159,14242_11070_17813
43005,14242_11070_17813
508,14242_11070_17813
17207,17814
2129,17814
13773_17410,17815
19438,17816_17817
5385,17818
7437_7436_15613,17819
3429,19613_17822_3603
19613_17822_3603,17823
19117,17824
23603,17824
6373,17824
19613_17822_3603,17825
19613_17822_3603,17826
18078,17827
21089,17827
16749,17827
2547,17827
15962,8369_11422_9967_8368_15827_17828_1909_18440_17829
20590,17832
15691,17833
15691,17834
17834,17835
19270,17836
21181,17837
16628,17837
2242,17837
17274,17837
19703,13679_10016_17838
23603,13679_10016_17838
2185,13679_10016_17838
8728,17839
8728,17840
7179,17841
5093,17841
20238,12433_14579_13326_12225_11755_14712_9962_11756_17842
22410,12433_14579_13326_12225_11755_14712_9962_11756_17842
6025,12433_14579_13326_12225_11755_14712_9962_11756_17842
22409,12433_14579_13326_12225_11755_14712_9962_11756_17842
15962,12433_14579_13326_12225_11755_14712_9962_11756_17842
15930,17843
20023_15222_15221,17843
15817,17844
607,17844
100309,7164_13776_12651_7165_12664_13354_17845
426,17846
6025,17847
17277,17848
5087,17849
10831,17850
15947_17262_17263,32801_33012_33015_33014_33010_33013_30941_17851_17681
10962_7758_14622_19272_6588_18865_17667_17673_17672_44663,32801_33012_33015_33014_33010_33013_30941_17851_17681
20071,17852
17040,17853
771,17853
15974,17855
20119,17856
15620,17857
15220,17857
20703,17858
15667,17858
29000,17859
29000,17860
29000,17861
29000,17862
29000,17863
20292,17864
20287,17865
17865,17866
2320,17867
19117,17867
15159,17867
43005,17867
508,17867
16895,17867
19117,9625_20762_33211_17868
20724_11305_11304_16054_820,9625_20762_33211_17868
23603,17869
5328,17869
10001_19287_23046_23048,17869
19704,17869
17865,17870
19801_15128_43370,17871
5651,17872
100120,17874
5651,17874
100120,17875
5651,17875
100120,17876
5651,17876
5651,17877
5651,17878
24352,17879
5780,17879
18087,17879
100120,17879
2254,17879
5275,17879
18087,17880
100120,17880
18087,17881
5763,17881
18087,17882
25294,17882
5763,17882
2512,17884
5549,17884
5549,17885
5086,17886
5549,17887
5549,17890
5240,17891
15356,17891
2320,17892
19117,17892
32778_8823_100218_60486_15168,17892
11486_12279_19950_20121_23595_18281,17892
11118,17893
23603,17893
20078,17894
7958_17896,17895
15447,17895
3847,7958_17896
12004_15075_5034_5075_24622_6467,7958_17896
20636,17897
20637,17898
20637,17899
6025,17900
33541_14280_13500_14278_10296_33542_32723_14597_14727_8856_54696_32599_20849_32763_30858_30013_10504_14453_12426_10386_32803_14491_13427_14222_14981_13953_21094_30898_30973_30981,17900
17897,17900
20590,17900
33541_14280_13500_14278_10296_33542_32723_14597_14727_8856_54696_32599_20849_32763_30858_30013_10504_14453_12426_10386_32803_14491_13427_14222_14981_13953_21094_30898_30973_30981,17901
17898,17901
6025,17902
33541_14280_13500_14278_10296_33542_32723_14597_14727_8856_54696_32599_20849_32763_30858_30013_10504_14453_12426_10386_32803_14491_13427_14222_14981_13953_21094_30898_30973_30981,17902
17898,17902
20590,17902
17899,17903
15336,17904
15327,17904
19146,10389_17905
24522_54765_13502_15301,17906
3454,17907
17207,17907
4034,17907
24626,17909
40566,17909
20105,17909
3689,17909
15149,17912
14302_12928_14568_12867_12766_13132_13239_11489_11785_11339_14304_10044_13962_11408_14018_12213_14644_12448_12787_14282_11532_12866_11445_14015_12639_12181_14295_8438_13552_14020_10043_11803_13165_13551_13342_11006_10047_14882_14016_12476_10287_12256_13048_10418_13179_14729_13401_10046_14303_11992_13737_11522_14024_12334_12453_8437_12643_10733_11862_14305_10878_19064,17913
17913,17914_17915
17913,17916
15150,17917
15220,17918
508,17918
5240,17919
19356,17919
20021,17919
15159,17920
43005,17920
508,17920
15620,17920
19589,17920
19589,17921
19285,17922
10001_19287_23046_23048,17922
19589,17922
508,17922
19715,13064_8519_54752_12394_17923
19589,13064_8519_54752_12394_17923
8369_11422_9967_8368_15827_17828_1909_18440_17829,17924
19589,17924
508,17924
15135,17925
17190,17926
19698_19699,17927
2320,17928
19117,17928
16891,17928
508,17928
20132,17929
19703,17930
16112,17931
15159,17932
16327,17933
8369_11422_9967_8368_15827_17828_1909_18440_17829,17933
16793,17933
2320,17934
15159,17934
508,17934
15624_17186_19265_15625_17187,17935
2921_19952_18701,17936
100175,17939_18948
14866_12012_33850_11890_11687_12014_13758_11569_13753_10550_12640_11903_8961_14154_10877_10699_32728_7790_11527_14665_11633_12231_13644_11066_11091_11916_14735_14467_11085_11889_12096_11570_11894_10949_36484_14733_14117_14012_10549_10551_14736_11113_7311_11534_11901_10995_13338_14208_14726_13212_7307_14074_12250_11902_14566_14511_10479_7309_10689_11475_14836_54833_11674_13959_11909_7308_11675_19011_18993_15626_18995_18994_18778_44640,17940_18567_44625
18093,17941
100120,17941
5643,17941
6009_19956_20069,17942
5785,17942
17841,17943
827,17944
11583_5620,17945
11583_5620,17948
19698_19699,14031_9616_17950
15159,14031_9616_17950
23603,14031_9616_17950
17119,14031_9616_17950
43005,14031_9616_17950
508,14031_9616_17950
23603,8596_8597_7874_19176_17951
10001_19287_23046_23048,8596_8597_7874_19176_17951
19695_19696,8596_8597_7874_19176_17951
16338,17952
15137,17953
23603,17953
17133,17953
19751,17954
19751,17955
23603,17956
19751,17956
17133,17956
19751,17957
17957,17958
20039,17962
2263,17962
19608,17963
19608,17964
100249_16281_17576,17965
20040,17966
17966,18846_17967
20090,18846_17967
17966,17968
20040,17969
17969,17970
19594,17971
5372,8725_17972_17973
17969,17974
2145,17975
15709,11158_13767_14253_11804_11383_17979
2459_7004_25512,11158_13767_14253_11804_11383_17979
13081_14054_16537,11158_13767_14253_11804_11383_17979
21058,11158_13767_14253_11804_11383_17979
18454,17980
15335,17981
17429,17983_19782_17548_17549_17550_17551_17552_17553
11481_10903_10929_44315_14705_15467_15337_15469,17984
17429,17985
839,17985
2525,17986
19053,17986
2545,8525_20509_20508_17987_18257_20510
16348,17988
15110,17989
20575,14191_12762_11484_13966_13529_17990
8648,14191_12762_11484_13966_13529_17990
992,14191_12762_11484_13966_13529_17990
2254,17991
43494,17991
15488,17991
19722_19724_15163,17991
15135,17992
17956,17992
18035,17992
20676,17993
43218,17993
5560,17993
20075,17994
2320,17995
19117,17995
15159,17995
43005,17995
508,17995
18454,17995
15159,17997
15905,17999
18609,17999
18416_18423_14975_14827_14702_18417_18418_18419_18421_18422_18644_15089_15091_15090_18420,17999
13674_54764_12444_14290_10476_24457_54763_18307,17999
1835,17999
18120_18118_18119_18117,17999
4884,17999
17432,18000
16635,18000
21181,18000
18454,18000
9332,18000
18718,18001
24499,18001
16524,18001
19058,18002
16792,18002
9637,18002
19589,18002
15589_15594_15590,18003
18872,18004
19708,18005
15087,18005
23603,18005
16108,18006
20055,18007
4994,18008
15111,18009
17714,18014
23603,3366_18015
17133,3366_18015
5554,3366_18015
15066,18016
15066,18017
3196,18017
2120,18017
16345,18018
19065,18018
29000,18019
29000,18020
21034,18021
19285,18021
19589,18021
32801_33012_33015_33014_33010_33013_30941_17851_17681,18021
16488,18022
18963,18023
2406,18024
5093,18025
19934,18026
2320,18027
19117,18027
5027,18027
16998,18027
16942,11146_18030_13668_18028_19525_30502_19864
16628,18029
2241,18029
16946,11146_18030_13668_18028_19525_30502_19864
9691_15821_45071,18031
17432,18034
2254,18034
16677,18034
15823,18035
18035,18036
2468,18037
18035,18037
15132,18039
1342,18039
11337_11336_13135_9974_12146_15541_15542_33557,18042
33541_14280_13500_14278_10296_33542_32723_14597_14727_8856_54696_32599_20849_32763_30858_30013_10504_14453_12426_10386_32803_14491_13427_14222_14981_13953_21094_30898_30973_30981,18042
6600_19288,18042
5267,18043
24623_18751,18043
23603,18043
43008,18043
19721_19720,18043
15335,18043
5466,18044_16451_16452
19117,18045
17118,18045
10584,18045
15335,18046
16632,18047
21181,18047
16632,18048
17432,18050
24623_18751,18050
18454,18050
15335,18050
5093,18051
18454,18052
19054,18052
8572,18052
10001_19287_23046_23048,18053
18390,18053
17143,18053
17271,18053
19282,18053
4981,13544_15001_12828_14156_13545_12677_13513_14155_12816_11857_13530_12678_14340_12066_18054_12167_13100
15110,13544_15001_12828_14156_13545_12677_13513_14155_12816_11857_13530_12678_14340_12066_18054_12167_13100
7256_18902_16216_3243,18055
6517,18055
15930,18058
15505,18058
20023_15222_15221,18058
6670,18059_5373
15659,18059_5373
16628,8737_18060
2242,8737_18060
15336,18061
10001_19287_23046_23048,18061
15336,18062
10001_19287_23046_23048,18062
6591,18063
19296,18063
15338,18064
11481_10903_10929_44315_14705_15467_15337_15469,18065
20253,18065
2254,18066
5387_19852_19851,18066
17002,18066
16565,18067
19934,18067
2320,18068
15246,18068
15216,18068
20247,18068
15620,18068
20253,18068
19721_19720,18068
20051,18068
16967,18069
15950,18070
15246,18071
15216,18071
15620,18071
19721_19720,18071
20051,18071
16581,18072
5453,18072
20022,18075
314,18076
20590,18076
314,18077
100120,18077
24637,18078
5089,18078
5626,18079
5197,18079
18087,18081
5780,18081
20293,18082
17307,18083
16343,18084
15212,18085
18855_21036,18086
5113_5550_5108,18087
19722_19724_15163,18088
17953,18088
17369,18088
16581,18089
17131,18089
13746_13749_13748_2070,18089
16581,18090
2320,18091
19117,18091
15159,18091
19066,18091
43005,18091
508,18091
17255,18092
2254,18092
2977,18092
31012,18092
5113_5550_5108,18093
15218_15217_20145,10841_8671_13201_12698_13202_12144_10192_7862_8670_19517_18094_11697
15331,10841_8671_13201_12698_13202_12144_10192_7862_8670_19517_18094_11697
426,10841_8671_13201_12698_13202_12144_10192_7862_8670_19517_18094_11697
19290,10841_8671_13201_12698_13202_12144_10192_7862_8670_19517_18094_11697
24255,10841_8671_13201_12698_13202_12144_10192_7862_8670_19517_18094_11697
43008,10841_8671_13201_12698_13202_12144_10192_7862_8670_19517_18094_11697
20253,10841_8671_13201_12698_13202_12144_10192_7862_8670_19517_18094_11697
19589,10841_8671_13201_12698_13202_12144_10192_7862_8670_19517_18094_11697
2320,18095
15159,18095
15335,18095
508,18095
15218_15217_20145,10194_13899_18096
19066,10194_13899_18096
20235,10194_13899_18096
43008,10194_13899_18096
429,10194_13899_18096
19695_19696,10194_13899_18096
100022,18097
413,18097
508,18097
12127_13390_14144_12193_13161_9676_14977_30014_12248_14900_11787_14474_12652_12699_29136_11028_14788_11968_29133_11170_9683_11423_9675_14129_13162_13440_9677_14142_14782_13297_12034_15152_15151_16971,18098
16187,18098
15962,18100
17765,18100
4689,18100
17625_17626,18101
942,12044_20791_7380_32904_18102_4686
4907,18103
18298,18104
19589,11502_9101_18105
18609,11502_9101_18105
19236,18106
19743,18106
5113_5550_5108,18107
5132,18108
2251,18109
5113_5550_5108,18110
5113_5550_5108,18111
11481_10903_10929_44315_14705_15467_15337_15469,18112
20253,18112
20253,18113
20253,18114
5073_44794,18115
20228,30105_18116
20280,30105_18116
17690,30105_18116
19743,30105_18116
2525,18120_18118_18119_18117
16578,18121
2320,18122
20119,18122
17434,18122
2320,18123
19117,18123
16565,18123
508,18123
21073,18124
1068,18124
5151,18124
15655,18125
15653,18125
20071,9696_14545_12904_14521_14685_13526_30936_30034_12721_10682_18126_20074
17017,18127
16914,18127
19707,18128
20044_20046_15244_20047,18129
19255,18129
18329,18130
19219,18130
18681,18131
16908,18131
18869,18132
20127,18133
24237,18133
19189,18134
13967_13950_13931_13952_18264_54549_30899_13942_13938_13948_8736_13949_13937_13945_13930_13933_11683_9959_13936_8745_8746_13932_8953_13951_14127_11101_8954_13939_13943_14070_11749_8747_13927_18910_18135_19234_20275,18136
13967_13950_13931_13952_18264_54549_30899_13942_13938_13948_8736_13949_13937_13945_13930_13933_11683_9959_13936_8745_8746_13932_8953_13951_14127_11101_8954_13939_13943_14070_11749_8747_13927_18910_18135_19234_20275,18137
10841_8671_13201_12698_13202_12144_10192_7862_8670_19517_18094_11697,10390_18138
5093,18139
9949,18141
9949,18142
9949,18143
18284,18144
17740,18144
15145,18145
20676,18146_18147
20676,18148
19058,9260_9261_9262_18149
44976,9260_9261_9262_18149
17719,9260_9261_9262_18149
19706,9260_9261_9262_18149
15368,9260_9261_9262_18149
20282,9260_9261_9262_18149
20244,9260_9261_9262_18149
20279,9266_9265_9267_18150
19255,9266_9265_9267_18150
16403,18151
16578,18151
19058,18151
16402,18151
19541_17634,18152
17955,18153
15531_17025_18310_17036_17029,18153
7481,18154_17556_17557
17429,18154_17556_17557
24257,18155
16902,18156
16578,18157
18121,14039_14198_8758_33545_32815_9504_9636_12792_13350_11283_14175_32932_18158
16244,18159
19117,18160
8380_3075,18160
15356,18160
8380_3075,18161
421,18162
19058,18162
19213,18162
2320,9052_13051_13754_19572_18163_27462_27451_19573
19213,9052_13051_13754_19572_18163_27462_27451_19573
12123_54559_8909_26765_14904_11291_26729_30043_15286_18292_18293_5500_5501,9052_13051_13754_19572_18163_27462_27451_19573
17752,9052_13051_13754_19572_18163_27462_27451_19573
15656_16401,9052_13051_13754_19572_18163_27462_27451_19573
15919,9052_13051_13754_19572_18163_27462_27451_19573
18284,9052_13051_13754_19572_18163_27462_27451_19573
5979,18164
5979,18165
23369,18166
6858,18166
508,18168_19033_18167
2320,18169
15218_15217_20145,18169
7354,18169
20249,18169
5377,18170
19722_19724_15163,18170
18202,18171
11366,18171
6290,18171
18365,18171
18365,18172
21657,18172
29000,18173
3847,18174
11129_9277_5041,18174
16628,18175
2242,18175
16680,18177
5020,7916_19574_18178
17592,18180
315,18181
17592,18181
24294_24295,18181
5545,18181
17592,18182
24294_24295,18182
5087,18183_5970
17592,18183_5970
7648_5017,18184
19512,18185
19063,18185
15153,18186
15501,18187
3847,18188
147,18188
5020,18188
20044_20046_15244_20047,18189
19216,18189
5070,18191
18191,18192
10274_10108,18193_6448
2320,18197
16808,18197
15962,18197
19058,18197
20072,18198
15657,18198
20073,18199
20072,18199
15657,18199
5040,18201
5040,18202
3847,18203
5267,18203
19303,18203
2320,18204
19117,18204
15159,18204
16970,18204
43005,18204
508,18204
2320,18205
16900,18205
19117,18205
508,18205
11577,18206
20259,18206
16112,18206
2320,18207
19117,18207
16884,18207
15159,18207
43005,18207
508,18207
7039_7245_18975_21061_8075,18208
5071,18211
6061,18212
15953,18212
18120_18118_18119_18117,9751_24309_13142_11961_13337_13839_10688_14671_8086_11002_9746_12092_13381_13634_14286_14244_19941_18213_19551
19117,32777_12346_14517_11416_13470_11461_18214_12846_13448
5027,32777_12346_14517_11416_13470_11461_18214_12846_13448
21073,18215
5071,18215
12496,18216
16915,18216
43005,18216
12496,18217
24237,8455_9673_10056_9672_11585_11436_9669_19079_1516_16224_14753_18218
2320,18222
43005,18222
15159,18222
20119,18222
3659,18223
430,18223
6188,18223
621,18223
17343,18223
430,18224
17343,18224
6188,18224
18905_17601_6117_6268_6428,18225
18329,18226
19722_19724_15163,18227
15491,18227
15227,18228
18454,18228
19810,18229
5594,18229
2254,18229
5497,18230
18230,18231
18230,18232
18230,18233
19690,18233
5497,18234
19066,14651_8673_18237_21764
5381,18239
5381,18240
15183,18241
7078_12911_12912_8749_11301_19992_16165_1220,18242
569,18242
5395,18243
508,18243
20075,18244
18246,18245
16884,18246
2320,18247
19058,18247
15327,18247
19046,18247
19053,18247
2320,18248
16565,18248
19117,18248
15159,18248
43005,18248
16998,18248
508,18248
17434,18249
44976,18251
10962_7758_14622_19272_6588_18865_17667_17673_17672_44663,18252
2320,18253
15159,18253
508,18253
14701_12716_32835_8472_32721_8471_12019_10073_19667_16761,10075_32724_19675_18254
12713_12185_9593_10738_8479_16763,18255
20078,18256
19117,8525_20509_20508_17987_18257_20510
5073_44794,18258
5073_44794,18259
5073_44794,18260
5073_44794,18261
16677,18262
18262,18263
18329,11457_18266
18329,18267
20117,18268
20117,18269
18078,18270
21039,18270
12817,18270
5462,18271
21089,18271
21038,18271
2320,18273
18284,18273
15159,18273
43005,18273
15919,18273
17742,18273
18296,18273
15905,18274
44976,18274
17748,18274
18120_18118_18119_18117,18274
15656_16401,18274
6600_19288,18274
6025,18274
15919,18274
18284,18274
12123_54559_8909_26765_14904_11291_26729_30043_15286_18292_18293_5500_5501,18274
11486_12279_19950_20121_23595_18281,11688_12138_171_18276_172_173
17745,18277
15919,18277
18284,18277
11688_12138_171_18276_172_173,18277
17745,14023_24607_18278
17745,18279
18284,18279
11688_12138_171_18276_172_173,18279
18283_18282,18280
18132,18280
16139,18283_18282
19058,18284
12123_54559_8909_26765_14904_11291_26729_30043_15286_18292_18293_5500_5501,18288
16333,18289
12123_54559_8909_26765_14904_11291_26729_30043_15286_18292_18293_5500_5501,18289
15188,18291
5381,12123_54559_8909_26765_14904_11291_26729_30043_15286_18292_18293_5500_5501
23603,12123_54559_8909_26765_14904_11291_26729_30043_15286_18292_18293_5500_5501
18296,12123_54559_8909_26765_14904_11291_26729_30043_15286_18292_18293_5500_5501
24255,12123_54559_8909_26765_14904_11291_26729_30043_15286_18292_18293_5500_5501
19301,12123_54559_8909_26765_14904_11291_26729_30043_15286_18292_18293_5500_5501
15327,18296
2320,18297
15159,18297
43005,18297
508,18297
24237,18297
19707,18298
5854_3900_16663,18301
6030,18301
5093,18302
15494,18303_476
25513,18304
2459_7004_25512,18304
15158,18304
9960_12845_33643_11471_12831_12875_12941_13153_8617_54849_5265_12832_12610_12840_11087_11521_11661_11699_11700_11701_12040_12829_12837_12838_12841_12852_12886_12887_12940_12973_13012,18305
17133,18305
15181,18305
21166,18305
19305,18305
24255,18305
17023,18305
24626,18305
44971,18305
17260,18305
17261,18305
17259,18305
5910,18305
15978,18305
17305,12220_11872_8962_18306
19058,13674_54764_12444_14290_10476_24457_54763_18307
17662,13674_54764_12444_14290_10476_24457_54763_18307
24237,13674_54764_12444_14290_10476_24457_54763_18307
17663,13674_54764_12444_14290_10476_24457_54763_18307
20142,13674_54764_12444_14290_10476_24457_54763_18307
2283,13674_54764_12444_14290_10476_24457_54763_18307
2279,13674_54764_12444_14290_10476_24457_54763_18307
24478,18308
4721,18308
3847,18309
21635,18309
21189,18309
20082,15531_17025_18310_17036_17029
4805,15531_17025_18310_17036_17029
19289,18311
308_256,18312
20071,18314
15653,18314
19704,18315
24237,18316
15144,18316
15508,18317
19189,18318
20127,18319
5015,18320
508,18320
17635,18321
10327,18323_18322
9688_18325,18324
18356,6866_18326
6424,18327
2604,18327
20065,18329
5007,18330
6087,18330
9282,18332
9282,18333
1292,18334
2041,4678_18335
17718,18337
14083_13288_12987_13287_13289_20729_14840_13290_11096_16462_15977,18338
17234,18339
15365,18339
43424,18339
5020,18339
1713,18340
2320,18341
19117,18341
16902,18341
15159,18341
43005,18341
508,18341
15369,18342
15461,18342
23603,18342
16793,18343
995,18343
9637,18343
19119,18344
16122,18344
15508,18346
24237,18346
19052,18346
20119,18347
16334,14526_192_18348
15919,18349
18284,18349
17740,18349
6360,18351
4970,18351
6360,18352
10150_4958_5096_6082_500_514,18352
5020,18353
16565,18354
15770_16553,18354
18398,18354
43007,18354
18354,18355
15939,18356
21008,18357
18356,18357
20108_16450_19532,18358
18356,18358
8054_16367_1907,18359
18356,18359
7915,18360
18356,18360
19340,18361
18356,18361
5071,18362
10001_19287_23046_23048,9203_7627_13997_13996_18363
8170,18364
4993,18364
2229,18364
8170,18365
5211,18368
3195,18368
6386,18368
16096,18369
3821,18369
3514,18369
16108,18370
16109,18371
5380,18373_18374_18384_18379
18373_18374_18384_18379,18376_18375
18373_18374_18384_18379,18378
18373_18374_18384_18379,18380
5380,18381
5380,18382
5380,18383
23603,18383
18383,18373_18374_18384_18379
18381,18385
18383,18385
5372,18389
18389,18390
18390,18391
21147,18391
18391,18392
18392,18393
18392,18394
18390,18395
21124,18398
21124,18402
21147,18403_18414
21124,18403_18414
17143,18407_20091
44346,18408
17143,18403_18414
37858,18424
4069,18424
56803,18424
17646,18425
17663,18425
11487_11299_11671_15548,18425
2320,18428
19117,18428
15159,18428
16908,18428
43005,18428
508,18428
2320,18429
16912,18429
19117,18429
15159,18429
43005,18429
508,18429
15655,18430
17118,18430
15364_15358,18431
2523,18432_19446_19447_19578
21154,18432_19446_19447_19578
20078,18433
20078,18434
20078,18435
20078,18436
20078,18437
5020,18438
16129,18439
702,18439
19589,8369_11422_9967_8368_15827_17828_1909_18440_17829
16677,18442
2320,18443
15159,18443
508,18443
21124,18444
17891,18445
19716,18445
20044_20046_15244_20047,18446
15653,18446
508,18446
631,18447
24470,18447
7763,18448
5086,18449
18451,18450
425,18451
15355_15352_18894,18451
17954,18452
17370,18452
17369,18452
17133,18452
15950,18453
15356,18453
23603,18454
18234,18454
11429_19433,24280_18456
19705,18458_7791_10926_7792
5151,18458_7791_10926_7792
23603,18458_7791_10926_7792
17024,18458_7791_10926_7792
19052,18458_7791_10926_7792
1566,18458_7791_10926_7792
10613,18459
5283,18460
7113,18461
7113,18462
5803_18619,18465
569,18465
17635,18466
20751_5469_15914_21272,18466
18438,18468
20590,18469
24355,18469
5275,18469
3847,18470
19721_19720,18470
2527,18471
8593,18472
21027,18472
2320,18474
19268,18474
19117,18474
16911,18474
15159,18474
24255,18474
43005,18474
508,18474
24237,18475
15547,18475
18329,18476
19058,18477
17755,18477
15898,18479_19847_23601_60783
5523,18479_19847_23601_60783
15514,18479_19847_23601_60783
15129_15130,18479_19847_23601_60783
19086,18480
5617,18481
5580,18481
15925_17031_17030_17034,12580_1437_18483
24623_18751,18484
9294_13291_10598_13091_10362_9868_9295_9293_9290_9291_2413_2412,18485
5328,18486
8742_18542_28226,18487
568,18489
3406,18489
5560,18489
2320,18490
15159,18490
15329,18490
14701_12716_32835_8472_32721_8471_12019_10073_19667_16761,18490
508,18490
18162,18491
17891,18492
5005,18492
3008,18492
19117,18493
19119,18493
15159,18494
15329,18494
15920,18495
19236,18495
12398_12507_8374_19118,18495
2320,18496
20119,18496
15921,18496
17663,18496
15620,18496
18089,18498
18089,18499
5135,18500
4950,18502
17128,18502
4950,18503
5617,18504
4950,18504
4251,18506
19601,18507
5522,18509
10150_4958_5096_6082_500_514,18509
2883,18510
4251,18510
1236,18511
24479,18511
2032,18513
6165,18513
6165,18515
44937,18515
5626,18516
24634,18516
21118,18516
10150_4958_5096_6082_500_514,18521
5192,18521
6859,18523
20596,18523
2809,18523
5192,18523
5192,18525
5192,18527
100150,18528
16139,18529
2691,18531
6181,18531
4970,18532
18531,18532
5617,18533
18531,18533
10150_4958_5096_6082_500_514,18534
18531,18534
3060,18535
5596,18535
18532,18535
18918,18536
2665,18536
18918,18537
6203,18537
15356,18538
7179,18540
15158,18540
15900,18541
15134,8742_18542_28226
7796_16390_20798,14146_11013_18543
426,14146_11013_18543
5557,14146_11013_18543
19058,18544_10247
20142,18544_10247
16398,18544_10247
15129_15130,18544_10247
19233,18544_10247
19046,18544_10247
425,18544_10247
5071,18546
29000,18547
29000,18548
16106,18549
18609,18550
15364_15358,18550
18416_18423_14975_14827_14702_18417_18418_18419_18421_18422_18644_15089_15091_15090_18420,18550
1835,18550
4884,18550
18565,18551
18565,18552
18565,18553
5087,18554
1999_5149,18554
3847,9417_18555
2146,9417_18555
44980,9417_18555
18215,18556
18743,18556
19282,18558
5240,18559
19356,18559
18559,19640_18560
16072_15860,18561
19165_88_15791_15714,18561
24623_18751,18562
15961,18562
17421,18563_17509_17510
2320,18564
19117,18564
16885,18564
508,18564
15933_15932_15619_15934,18565
19721_19720,18565
18230,18566
18239,18566
11468,17940_18567_44625
18284,18568
17750,18568
2320,18569
43005,18569
15159,18569
20119,18569
19705,7798_9428_18570
426,7798_9428_18570
23603,7798_9428_18570
15327,7798_9428_18570
19052,7798_9428_18570
24623_18751,18571
15320,18571
23603,18571
16904,18571
43007,18571
2320,18572
20253,18572
15159,18572
508,18572
5015,18573
508,18574
5015,18575
5387_19852_19851,18575
19052,18575
2320,18576
20127,18576
19058,18576
19046,18576
16799,18576
24255,18577
19292,18577
20240,18577
19223,18579
2320,18580
15159,18580
508,18580
8491,18581
21040,18582
5113_5550_5108,18583
5299,18585
473,18585
5098,18585
19268,18586
15923,18587
19065,18588
19722_19724_15163,18589
19065,18589
19065,19440_17810_18590
18634,18591
24237,18591
19170_18593_18592_18596_18594,18595
5087,3781_5607_18597
5833,3781_5607_18597
16398,18598
15129_15130,18598
20281,18598
4884,18598
15083,18599
15083,18600
19697,18601
23603,18601
19589,18601
19686_19687,18601
5113_5550_5108,18602
12580_1437_18483,18603
17032,18603
18630,18604_23113
19214,18605
2135,18606
5328,18606
21220,18607
1292,18608
7803,18608
20249,18609
2254,18609
19722_19724_15163,18613
19065,18613
20071,18614
20070,18614
15530,18615
5283,18616
1292,18617
17970,18618
3847,5803_18619
5151,5803_18619
16756,18620
5151,18620
17594,18621
24575,18623
5485,18623
44013,18623
21146,6811_18624
8491,18625
827,18626
20529,18627
24571,18628
17341,18628
8491,18629
18538,18630
4907,18631
2320,18632
19117,18632
16910,18632
15159,18632
43005,18632
508,18632
2320,18633
19117,18633
16918,18633
15159,18633
43005,18633
508,18633
19052,18634
17133,18634
19065,18634
5380,18635
15709,18636
15939,18636
17133,18636
15902,18637
6510,7772_8329_13781_13778_13777_9917_13782_19162_19161_18638_19643
15620,18639
19054,18639
15246,18639
18882,18640
18814,18642
44980,18642
15978,18643
13433_18646_18647,18645
17287,18645
569,18645
4789_1929_1930_1931,13433_18646_18647
21192,18648
20676,18649
21084,18649
43218,18649
18652,18651
3847,18652
16362_21057,18653
16105,18654
19117,18655
21147,18655
100309,18656
24237,18656
18609,18656
4884,18656
19183,18657
10001_19287_23046_23048,18657
17666_17670_20093_20096_18250,18657
15356,18657
6600_19288,18657
6025,18657
21034,18657
13336,18658
18659,18658
16937,18659
2242,10604_10602_15720_15719_18660_15721_15715_15716_15717
5763,18661
100120,18661
6025,18662
23603,18662
15262,18662
12713_12185_9593_10738_8479_16763,18663
19512,18664
17581,18665
5564,18666
7256_18902_16216_3243,18666
2037,18667
2041,18668
29000,18669
10383_23178_23179_23180,18670
12689_12861_10350_30870_44777_54862_14322_44317_13065_14844_10706_10373_32881_44776_30939_14843_14321_12169_30985,18670
19722_19724_15163,18671
17287,18671
17287,18672
568,18673
17287,18673
15144,18673
17287,18674
587,18674
5328,18675
17287,18675
17287,18676
587,18676
3847,18677
2254,18677
20284,18677
839,18677
5570,18678
17287,18679
17841,18679
17287,18680
17841,18680
2320,18681
19117,18681
15159,18681
43005,18681
508,18681
18454,18681
15366,18682
508,18682
24304,18683
16348,18684
16348,18685
12945_11691_12077_8780_11196_27694_11951_10459_11223_11632_14223_12790_12753_13715_7103_13264_13891_14181_4976_5145_11952,18687
19337,18688
15760_18908_15759,18689
4967,18689
4959,18689
2254,18690
17641,18692
18926,18692
20023_15222_15221,18694
15930,18694
15207,18694
5812,18695
24237,18696
15547,18696
17663,18696
17643,18696
20137,18696
16883,18697
15159,18697
15329,18697
43005,18697
19589,18697
25511,18698
18538,18698
17128,18698
18510,18698
15938,18702
16629,18702
15213,18703
18609,18705
19601,18705
508,18705
24237,18705
4884,18705
18157,18706
19589,18706
10150_4958_5096_6082_500_514,18708
20119,18709
2320,18710
19117,18710
15159,18710
43005,18710
14863,18710
508,18710
19716,18710
2320,18711
15159,18711
15329,18711
508,18711
21121,18712
21121,18713
21121,18714
6500_3096_2323,15403_15404_18715_18716
24296,18718
2013,18720_18717
15159,18724
17118,18724
14701_12716_32835_8472_32721_8471_12019_10073_19667_16761,18724
508,18724
19117,18725
15159,18725
15220,18725
43005,18725
508,18725
15136,18727
16229,18729
24296,18729
19042,18731
13578,18733
3110,18734
2334,18735
2013,18735
16629,18735
24296,18736
16632,18737
603,18737
7140,18737
2513,18738
15822,18739
1117,18740
19050_4781_44348_44349,18740
29000,18741
15062,18742
20125,18743
100342,2544_16695_18744_2543_2540
19337,18745
19337,18746
6541,7554_7551_7555_7550_14661_9181_18747_15551_19276_15550_17610_11869
19337,7554_7551_7555_7550_14661_9181_18747_15551_19276_15550_17610_11869
19337,18748
16488,18749
17688,18750
20106,18750
10480,18750
3847,24623_18751
5071,18752
29000,18754
29000,18755
7179,18756
15503,18757
17131,18758
19822,18758
16106,18759
2320,18760
15159,18760
508,18760
20641,18761
18078,18761
376,18761
19824,18762
19117,18763
17118,18763
14031_9616_17950,18764
5020,18765
5020,18766
11182,18767
19189,18767
16168,7349_13766_12724_14498_18768
5707,18769
15461,18770
22409,18770
23603,18770
15962,18770
19512,18771
5267,18771
15369,12078_32570_12855_14297_12432_11963_12849_12694_13896_14664_13608_8944_14927_13764_14288_14771_13745_14928_33311_10431_32902_33310_33308_13763_33309_13824_14724_12539_13994_14770_18772_30933
5308,12078_32570_12855_14297_12432_11963_12849_12694_13896_14664_13608_8944_14927_13764_14288_14771_13745_14928_33311_10431_32902_33310_33308_13763_33309_13824_14724_12539_13994_14770_18772_30933
2254,12078_32570_12855_14297_12432_11963_12849_12694_13896_14664_13608_8944_14927_13764_14288_14771_13745_14928_33311_10431_32902_33310_33308_13763_33309_13824_14724_12539_13994_14770_18772_30933
20130,12078_32570_12855_14297_12432_11963_12849_12694_13896_14664_13608_8944_14927_13764_14288_14771_13745_14928_33311_10431_32902_33310_33308_13763_33309_13824_14724_12539_13994_14770_18772_30933
12277_14993_33620_12215_13061_14922_11076_12130_12289_18943_30927,18773
15362,18773
16337,18774
19270,18774
19183,18774
24255,18774
14866_12012_33850_11890_11687_12014_13758_11569_13753_10550_12640_11903_8961_14154_10877_10699_32728_7790_11527_14665_11633_12231_13644_11066_11091_11916_14735_14467_11085_11889_12096_11570_11894_10949_36484_14733_14117_14012_10549_10551_14736_11113_7311_11534_11901_10995_13338_14208_14726_13212_7307_14074_12250_11902_14566_14511_10479_7309_10689_11475_14836_54833_11674_13959_11909_7308_11675_19011_18993_15626_18995_18994_18778_44640,18775
15364_15358,18775
14866_12012_33850_11890_11687_12014_13758_11569_13753_10550_12640_11903_8961_14154_10877_10699_32728_7790_11527_14665_11633_12231_13644_11066_11091_11916_14735_14467_11085_11889_12096_11570_11894_10949_36484_14733_14117_14012_10549_10551_14736_11113_7311_11534_11901_10995_13338_14208_14726_13212_7307_14074_12250_11902_14566_14511_10479_7309_10689_11475_14836_54833_11674_13959_11909_7308_11675_19011_18993_15626_18995_18994_18778_44640,18776
15364_15358,18776
17434,18777
19280,18777
15364_15358,14866_12012_33850_11890_11687_12014_13758_11569_13753_10550_12640_11903_8961_14154_10877_10699_32728_7790_11527_14665_11633_12231_13644_11066_11091_11916_14735_14467_11085_11889_12096_11570_11894_10949_36484_14733_14117_14012_10549_10551_14736_11113_7311_11534_11901_10995_13338_14208_14726_13212_7307_14074_12250_11902_14566_14511_10479_7309_10689_11475_14836_54833_11674_13959_11909_7308_11675_19011_18993_15626_18995_18994_18778_44640
20343,18779
2320,18780
18779,18780
15329,18780
17666_17670_20093_20096_18250,18781
17274,18781
10001_19287_23046_23048,18781
19589,18781
23603,18782
19751,18782
17133,18782
5554,18783
16428,18784
18790_18789_18788,32814_18786
15953,18787
18787,18790_18789_18788
20676,18791
16221,18793
16629,18794
21181,18794
9,18794
5020,18794
17141,18795
100241,18795
17141,18796
100241,18796
2254,18800
9417_18555,18800
18407_20091,18801
15933_15932_15619_15934,18801
2887_2886,18805
4868,18806
4868,18807
2251,18809
19117,18810
43009,18810
15220,18810
15216,18810
15880,18810
17710,18811
17595,18813
15131,18814
19060,18815_11645
13433_18646_18647,18816
15509,18816
16494,18818
15110,18820
508,18820
19052,18820
15656_16401,18820
24237,18820
2320,18821
20119,18821
15159,18821
15329,18821
43005,18821
15159,18822
5328,18822
17118,18822
508,18822
2320,18823
43005,18823
15159,18823
20119,18823
2922,18824
17954,18824
17370,18824
17119,18825
43005,18825
15159,18825
508,18825
20347_7691_3334_16169_2335_6702,18826
24255,18827
15939,18827
18782,18827
18782,30044_20789_18828_9626
10011,18829
18790_18789_18788,18829
15938,18830
5093,18830
18787,18831
18831,18832
16109,18834
5154,18835
100137,18835
21669,18837
18640,18837
19117,18838
15655,18838
15220,18838
508,18838
10011,18839
15509,18840
7329,18840
5523,15015_11906_13439_14564_8967_9339_18841
15581,15015_11906_13439_14564_8967_9339_18841
18905_17601_6117_6268_6428,18842
17343,18842
15157,18842
2714,18843
5440,18843
20574,18843
16738,18843
18565,18844
18010_20122,18845
15933_15932_15619_15934,18846_17967
20040,18846_17967
15215,18847
17287,18848
15668,7441_7442_18849
3413,18850
15950,18851
2527,18851
19117,14677_9003_13465_9875_18852
20208,14677_9003_13465_9875_18852
1703,14677_9003_13465_9875_18852
17666_17670_20093_20096_18250,18853
32801_33012_33015_33014_33010_33013_30941_17851_17681,18853
809,18854
16632,18854
19268,18855_21036
24522_54765_13502_15301,18856
20568,18857
18056_6572_16767_43923_16769_16770,18858
4907,18858
15655,18860
508,18860
2320,18861
15919,18861
16799,18861
15938,18864
2052,18864
15135,13059_12471_14007_12472_9165_14367_12429_18866
508,13059_12471_14007_12472_9165_14367_12429_18866
18782,13059_12471_14007_12472_9165_14367_12429_18866
15710,13059_12471_14007_12472_9165_14367_12429_18866
6025,13059_12471_14007_12472_9165_14367_12429_18866
19046,13059_12471_14007_12472_9165_14367_12429_18866
20127,9591_17730_17729_18868
19058,9591_17730_17729_18868
19255,9591_17730_17729_18868
16397,9591_17730_17729_18868
19046,9591_17730_17729_18868
20142,9591_17730_17729_18868
20244,9591_17730_17729_18868
4884,9591_17730_17729_18868
18838,18869
3847,18870
5385,18870
11118,11908_18871_20311
15667,11908_18871_20311
11118,18872
15667,18872
15923,18873
20683,18874_4643
16756,12233_7903_18875
426,12233_7903_18875
19117,12233_7903_18875
15356,12233_7903_18875
17595,18876_6430
7639,18877
43008,12025_7360_11258_18878
19589,12025_7360_11258_18878
18056_6572_16767_43923_16769_16770,18879
4907,18879
15756,18881
21058,18881
20012,18882
21166,18882
5385,18882
5015,18883
15333,18883
20087,18883
15327,18883
19296,18884
21220,18885
16195,18889
2921_19952_18701,18889
19810,18890
2082,18891
15950,18891
2123,18891
19052,18891
3110,18892
42983,18892
20182,18892
19293,18892
43218,18892
21605,18892
15405_15406_15407,18892
15145,18893
18729,18893
3110,18893
648,18893
15950,18893
15356,18893
19293,18893
15953,18893
1256,18893
20127,15355_15352_18894
24257,15355_15352_18894
16625,18895
2254,18895
15111,18895
16635,18896_43768
8559_8560_2305,18896_43768
15816,18897
17207,18898
2898,18898
24237,18899
15547,18899
5093,18900
5217,14152_11403_14042_14163_18901_12285
591,14152_11403_14042_14163_18901_12285
5453,14152_11403_14042_14163_18901_12285
16343,14152_11403_14042_14163_18901_12285
2254,14152_11403_14042_14163_18901_12285
36976,7256_18902_16216_3243
4721,7256_18902_16216_3243
21223_385_6180,7256_18902_16216_3243
4972,7256_18902_16216_3243
627,7256_18902_16216_3243
24477,7256_18902_16216_3243
5707,18903
19722_19724_15163,14005_18013_18904_2461
4949,18905_17601_6117_6268_6428
17595,18905_17601_6117_6268_6428
4949,18906
17594,18906
36976,18907
2532,18907
631,18907
23369,18907
628,18907
2720,18907
5062,15760_18908_15759
19290,13967_13950_13931_13952_18264_54549_30899_13942_13938_13948_8736_13949_13937_13945_13930_13933_11683_9959_13936_8745_8746_13932_8953_13951_14127_11101_8954_13939_13943_14070_11749_8747_13927_18910_18135_19234_20275
24255,13967_13950_13931_13952_18264_54549_30899_13942_13938_13948_8736_13949_13937_13945_13930_13933_11683_9959_13936_8745_8746_13932_8953_13951_14127_11101_8954_13939_13943_14070_11749_8747_13927_18910_18135_19234_20275
18134,13967_13950_13931_13952_18264_54549_30899_13942_13938_13948_8736_13949_13937_13945_13930_13933_11683_9959_13936_8745_8746_13932_8953_13951_14127_11101_8954_13939_13943_14070_11749_8747_13927_18910_18135_19234_20275
5015,14589_18911_10894_11668_12818_7452_13240_12348_12513_13242_7453_14674_11667
2254,18912
29001,18912
5495,18912
5020,18913
4907,13017_11452_10206_11549_13649_7805_14384_13650_13514_14027_14390_7806_32649_11932_18914_3037
21385,18918
15945,18919
23603,18919
19708,18919
24575,18920
16338,18920
15218_15217_20145,18921
24623_18751,18921
20237,18921
43009,18921
15214,18921
17434,18921
20229,18921
15220,18921
19741,18921
15620,18921
22409,18921
19721_19720,18921
15335,18921
20108_16450_19532,18922
5267,18923
43007,18923
24623_18751,18923
15320,18923
23603,18923
15246,18923
15334,18923
18036,18923
16920,18923
15620,18923
19721_19720,18923
19589,18923
15895,18923
20237,18924
100124,18924
43007,18924
5475,18925_700
20676,18925_700
5559,18926
24619,18926
2254,18927
15530,18927
18381,18929
20053,18930
16338,18932
16330,18932
19060,18933
17127,18933
19708,18933
23603,18933
6424,18933
4948_872_4963_20511_4947_814,18935
631,18936
16397,10674_9659_9660_9661_11093_9662_16316_16315_18937_18938_1586_19249_19302_17171_17172
20208,18939
16156,18939
17745,18939
16185_16184,18939
16182,18939
15656_16401,18939
15919,18939
18132,18939
18284,18939
18296,18939
16157,18939
20124,14542_18940_12518_14587_14052_14983_14582_11600_14468_14586_14585_14588_14543_14590_14583_14581_14745_14939_9690_11088_44299_13620_9689_14584_11281_12157_14578_13883
2254,14542_18940_12518_14587_14052_14983_14582_11600_14468_14586_14585_14588_14543_14590_14583_14581_14745_14939_9690_11088_44299_13620_9689_14584_11281_12157_14578_13883
19117,14542_18940_12518_14587_14052_14983_14582_11600_14468_14586_14585_14588_14543_14590_14583_14581_14745_14939_9690_11088_44299_13620_9689_14584_11281_12157_14578_13883
20158,14542_18940_12518_14587_14052_14983_14582_11600_14468_14586_14585_14588_14543_14590_14583_14581_14745_14939_9690_11088_44299_13620_9689_14584_11281_12157_14578_13883
20568,18941
16105,18942
3847,12277_14993_33620_12215_13061_14922_11076_12130_12289_18943_30927
16110,12277_14993_33620_12215_13061_14922_11076_12130_12289_18943_30927
2921_19952_18701,12277_14993_33620_12215_13061_14922_11076_12130_12289_18943_30927
2872,18944
16784,18944
16987,18945
16337,18945
20103,18945
19058,18945
15656_16401,18945
20142,18945
17114_15915,18946
3847,8048_15705_18947
16197,17939_18948
15765,17939_18948
11486_12279_19950_20121_23595_18281,18949
19215,18950
44976,18950
16108,18951
29000,18952
19117,12309_8197_12302_18953
23603,12309_8197_12302_18953
18075,12309_8197_12302_18953
18230,12309_8197_12302_18953
20018,12309_8197_12302_18953
17310,12212_12427_13897_18954
426,12212_12427_13897_18954
2254,12212_12427_13897_18954
19625_17311,12212_12427_13897_18954
5087,18955
21098,18955
24623_18751,18955
5586,18955
4822,18956
15923,18957
44965,18957
21667,18957
3847,11539_12237_15736_15739_15738_8070_12538_12240_14138_14326_14513_12239_9725_15737_18958
16110,11539_12237_15736_15739_15738_8070_12538_12240_14138_14326_14513_12239_9725_15737_18958
16120,18959
19119,18959
15933_15932_15619_15934,18960_16550_16551
19721_19720,18960_16550_16551
5105_5012,18961
25511,18961
15211,18962
1117,18963
2280,18963
19050_4781_44348_44349,18963
19058,18964
19213,18964
19220,18964
6025,18964
20109,18964
4737,18964
20237,18965
20230,18965
19723,18965
19589,18965
10615_13006_8250_32569_9876_32567,18967
14083_13288_12987_13287_13289_20729_14840_13290_11096_16462_15977,18967
17059,18968
17059,18969
20253,18971
20242,8370_9979_18973
21073,18974
19337,18974
1200_1134_15512_5080_100078,7039_7245_18975_21061_8075
21635,7039_7245_18975_21061_8075
15651,7039_7245_18975_21061_8075
20266,7039_7245_18975_21061_8075
43218,7039_7245_18975_21061_8075
21060,7039_7245_18975_21061_8075
15220,18976
16178,18977
20347_7691_3334_16169_2335_6702,18977
5087,18978
17287,18978
20347_7691_3334_16169_2335_6702,18979
14651_8673_18237_21764,18980
15334,18980
2254,18983
15083,18983
1584,18983
5664,18984
2263,18987
20215,18988
2356,18989
5154,18991
5420_16412_15777,18992
17287,18992
569,18992
20768,14866_12012_33850_11890_11687_12014_13758_11569_13753_10550_12640_11903_8961_14154_10877_10699_32728_7790_11527_14665_11633_12231_13644_11066_11091_11916_14735_14467_11085_11889_12096_11570_11894_10949_36484_14733_14117_14012_10549_10551_14736_11113_7311_11534_11901_10995_13338_14208_14726_13212_7307_14074_12250_11902_14566_14511_10479_7309_10689_11475_14836_54833_11674_13959_11909_7308_11675_19011_18993_15626_18995_18994_18778_44640
20119,14866_12012_33850_11890_11687_12014_13758_11569_13753_10550_12640_11903_8961_14154_10877_10699_32728_7790_11527_14665_11633_12231_13644_11066_11091_11916_14735_14467_11085_11889_12096_11570_11894_10949_36484_14733_14117_14012_10549_10551_14736_11113_7311_11534_11901_10995_13338_14208_14726_13212_7307_14074_12250_11902_14566_14511_10479_7309_10689_11475_14836_54833_11674_13959_11909_7308_11675_19011_18993_15626_18995_18994_18778_44640
15359_15361,14866_12012_33850_11890_11687_12014_13758_11569_13753_10550_12640_11903_8961_14154_10877_10699_32728_7790_11527_14665_11633_12231_13644_11066_11091_11916_14735_14467_11085_11889_12096_11570_11894_10949_36484_14733_14117_14012_10549_10551_14736_11113_7311_11534_11901_10995_13338_14208_14726_13212_7307_14074_12250_11902_14566_14511_10479_7309_10689_11475_14836_54833_11674_13959_11909_7308_11675_19011_18993_15626_18995_18994_18778_44640
15218_15217_20145,14143_11531_14693_13186_8104_12371_14691_13379_12690_32786_12547_32839_33669_18997
20158,14143_11531_14693_13186_8104_12371_14691_13379_12690_32786_12547_32839_33669_18997
19313,14143_11531_14693_13186_8104_12371_14691_13379_12690_32786_12547_32839_33669_18997
20297,14143_11531_14693_13186_8104_12371_14691_13379_12690_32786_12547_32839_33669_18997
19520,14143_11531_14693_13186_8104_12371_14691_13379_12690_32786_12547_32839_33669_18997
15945,14143_11531_14693_13186_8104_12371_14691_13379_12690_32786_12547_32839_33669_18997
20167,14143_11531_14693_13186_8104_12371_14691_13379_12690_32786_12547_32839_33669_18997
43218,14143_11531_14693_13186_8104_12371_14691_13379_12690_32786_12547_32839_33669_18997
15620,14143_11531_14693_13186_8104_12371_14691_13379_12690_32786_12547_32839_33669_18997
19721_19720,14143_11531_14693_13186_8104_12371_14691_13379_12690_32786_12547_32839_33669_18997
43007,14143_11531_14693_13186_8104_12371_14691_13379_12690_32786_12547_32839_33669_18997
20211,13453_11415_8765_13454_12056_14145_12990_60650_11473_13613_32794_12723_13449_12525_13446_11458_8764_13231_13457_18998
12398_12507_8374_19118,13453_11415_8765_13454_12056_14145_12990_60650_11473_13613_32794_12723_13449_12525_13446_11458_8764_13231_13457_18998
20210,13453_11415_8765_13454_12056_14145_12990_60650_11473_13613_32794_12723_13449_12525_13446_11458_8764_13231_13457_18998
19743,18999
20279,18999
11393_17773_32766,18999
5071,19000
19117,19002
17118,19002
16729,19002
12004_15075_5034_5075_24622_6467,12552_8234_8082_7540_19003_17169
2367,19004_24675
8679_11112_14779_11056_8680_8683_6058,19004_24675
6025,11456_13444_9728_14374_13916_14537_11752_14997_13718_11190_14158_13917_12680_13442_13302_19005
15962,11456_13444_9728_14374_13916_14537_11752_14997_13718_11190_14158_13917_12680_13442_13302_19005
2350,19006
44765,19006
18170,19006
15933_15932_15619_15934,19007
21124,19007
17755,11559_9469_19008
17094,11818_19009_17095_17096_17097_17098_17101_17102
19716,19010
17182,19010
7834,19010
15327,19010
16565,19012
8709_19796_78,19012
43007,19012
12526_15053_19623_15054,19013
6526,19013
17133,19013
15215,19015
20158,19016
20265,19016
20259,19016
16792,19016
9637,19016
20253,19016
5015,19017
16343,19018
5516,13924_12592_14672_13460_12591_12536_30861_8146_8148_32846_13459_44329_14544_9805_49223_9804_14086_8147_13515_14029_12581_19019
23603,13924_12592_14672_13460_12591_12536_30861_8146_8148_32846_13459_44329_14544_9805_49223_9804_14086_8147_13515_14029_12581_19019
19704,13924_12592_14672_13460_12591_12536_30861_8146_8148_32846_13459_44329_14544_9805_49223_9804_14086_8147_13515_14029_12581_19019
17647,19020
17663,19022
19589,19022
2300,19314_19023_2726
5492,19314_19023_2726
7950,19314_19023_2726
621,19024
7950,19024
5089,19024
16586,19025
3079,19025
6025,9816_11877_12679_14040_9817_12676_20848_8156_9818_12859_9815_19026_20645
17198,9816_11877_12679_14040_9817_12676_20848_8156_9818_12859_9815_19026_20645
20768,10704_10571_19027
20119,10704_10571_19027
15336,10704_10571_19027
24623_18751,10704_10571_19027
15159,10704_10571_19027
23603,10704_10571_19027
18233,10704_10571_19027
15334,10704_10571_19027
43005,10704_10571_19027
15501,10704_10571_19027
19589,10704_10571_19027
5135,19028
1,19029
14285_9134_7109_9135_13355_19403_20337,19031
16361,19031
10308,19031
100089,19031
20119,19032
21154,18168_19033_18167
15213,19034
2116,19035
5135,19036
24237,10997_12278_19037_12576
15547,10997_12278_19037_12576
17663,10997_12278_19037_12576
20257,10997_12278_19037_12576
2254,10997_12278_19037_12576
17643,10997_12278_19037_12576
20137,10997_12278_19037_12576
4884,10997_12278_19037_12576
3847,19040_20226
19755,19040_20226
19755,19042
2334,19044
24237,19046
3847,19050_4781_44348_44349
3847,19052
5066,19052
100033,19053
19117,19053
19052,19053
19755,19054
5071,19056
19117,19058
5560,19058
5381,19060
654_21581_44334,19060
5385,19063
3757,14302_12928_14568_12867_12766_13132_13239_11489_11785_11339_14304_10044_13962_11408_14018_12213_14644_12448_12787_14282_11532_12866_11445_14015_12639_12181_14295_8438_13552_14020_10043_11803_13165_13551_13342_11006_10047_14882_14016_12476_10287_12256_13048_10418_13179_14729_13401_10046_14303_11992_13737_11522_14024_12334_12453_8437_12643_10733_11862_14305_10878_19064
24237,14302_12928_14568_12867_12766_13132_13239_11489_11785_11339_14304_10044_13962_11408_14018_12213_14644_12448_12787_14282_11532_12866_11445_14015_12639_12181_14295_8438_13552_14020_10043_11803_13165_13551_13342_11006_10047_14882_14016_12476_10287_12256_13048_10418_13179_14729_13401_10046_14303_11992_13737_11522_14024_12334_12453_8437_12643_10733_11862_14305_10878_19064
15938,19065
21179,19065
2254,19066
19054,19066
18170,19067
19722_19724_15163,19068
10001_19287_23046_23048,19071
24575,19072
1751,19072
7670,19073
19722_19724_15163,19073
11119,19074
5267,19075
11099,19075
43007,19075
19268,19076
2093,19077
19268,19077
19117,9073_30864_10499_19078
15159,9073_30864_10499_19078
43005,9073_30864_10499_19078
508,9073_30864_10499_19078
17121,9073_30864_10499_19078
20127,8455_9673_10056_9672_11585_11436_9669_19079_1516_16224_14753_18218
24257,8455_9673_10056_9672_11585_11436_9669_19079_1516_16224_14753_18218
4907,8757_19080
19337,19082
9723,19083
5538,19084
20211,19085
7576,19086
6181,19086
18536,19087
20083,19088
17343,19088
15760_18908_15759,19088
15930,19091
20023_15222_15221,19091
5087,19092
15711,19093
5113_5550_5108,19094
16511,19094
7023,19095
314,19095
100120,19095
7179,8558_19098
16629,8558_19098
5301,19100
16428,19100
15145,19101
18729,19101
21231,19101
654_21581_44334,19101
20247,19101
15953,19101
15877,19102
19589,19102
2254,19103
5395,19104
2254,19104
15111,19104
19721_19720,19105
8493_14737_17910_20102,19107
24623_18751,19108
16178,19109
20347_7691_3334_16169_2335_6702,19109
16635,19111
2249,19111
21181,19111
18215,19112
5283,19112
16058_43969,19113
5395,19114
15825,19115
3847,19117
5071,19117
9976_4580_1451_1455,12398_12507_8374_19118
20238,12398_12507_8374_19118
21016,19119
3939,19119
19056,19119
19281,19120
5249,19121
45033_2312,19121
5923,19121
5766,19121
4802,19122_5749_44972_15927_4806_17363
9509,19123
19722_19724_15163,19124
43218,19124
16177,19124
43494,19124
15492_5435,19124
589,19125
2342,19125
15939,19125
19722_19724_15163,19125
5020,19126
21167,19127
19722_19724_15163,19127
18010_20122,19127
15828,19128
508,19129
16337,19130
19705,19131
15929,19131
508,19131
16113_16115_16114,19132
17121,19132
2320,19133
15159,19133
508,19133
16726,19134
2682,19134
16729,19134
45033_2312,19136
24361,19137
16629,19138
9,19138
21181,19138
20599,19139
10604_10602_15720_15719_18660_15721_15715_15716_15717,19139
16628,19139
29000,19140
6602,19141
17754,19142
37939,19142
19301,19142
15951,19142
4664,19143
2304,19144
16632,19144
18373_18374_18384_18379,19144
100240,19144
44976,19145
16632,19145
18373_18374_18384_18379,19145
100240,19145
19052,19145
15979,19146
2875,19147
10204,19148
10204,19149
16340,19150
12398_12507_8374_19118,19151
13183_14026_14614_13450_32811_14872_9758_10241_13807_10690_16293,19152_9775_13259
2320,19153
15159,19153
5267,19153
508,19153
17969,19154
44980,19154
5372,19154
17970,9384_19155
5372,9384_19155
16524,19156
16235,19156
18881,19157_20099
16345,19158
16345,19159
17635,19160
15962,7772_8329_13781_13778_13777_9917_13782_19162_19161_18638_19643
1200_1134_15512_5080_100078,7772_8329_13781_13778_13777_9917_13782_19162_19161_18638_19643
16905,19164
15246,19164
3847,19165_88_15791_15714
19722_19724_15163,19167
17022,19167
15491,19167
16127,19168
16402,19169
19213,19169
44976,19169
16789,19169
19214,19169
44971,19169
15920,19169
16403,19169
43494,19170_18593_18592_18596_18594
15110,19171
2289,24507_14937_14938_19172
20146,24507_14937_14938_19172
20010,19173
5944,19173
2320,19174
16398,19174
20044_20046_15244_20047,19174
15327,19174
22687_4742,19174
20281,19174
20244,19174
4884,19174
16230_24291,19175
19297,19175
426,8596_8597_7874_19176_17951
13722_17333,19177
24623_18751,19178
43008,19178
23603,19178
15335,19178
16908,19179
2320,19180
15145,19180
15331,19180
17133,19180
1576,19180
426,19180
16229,19180
20063,19180
16231,19180
24255,19180
15938,19180
19293,19180
15953,19180
15802_19502_509,10283_10460_30908_10427_10407_15601_10417_10661_10355_10306_10658_10319_10285_10286_10277_10500_10574_10398_10270_10664_10409_10461_10501_10402_10483_10729_19422_19423_19420_19421_19769_19766_19181_100284_17616
3847,19182
11122,19182
5151,19182
3847,19183
6999,19183
314,19186
100120,19186
15218_15217_20145,8386_11233_11097_19187
19827,8386_11233_11097_19187
15246,8386_11233_11097_19187
43008,8386_11233_11097_19187
11119,8386_11233_11097_19187
2320,19188
15218_15217_20145,19188
16565,19188
14376_13657_54837_30918_20847_13820_14486_13805_30917_12947_7974_13581_14855_30910_14858_30911_14482_14599_12869_30914_13658_30922_13819_14699_30920_13821_12960_30919_13656_14357_14580_30913_30916_13266_13509_14842_14678_13655_14617_12946_30912_100172,19188
15945,19188
15159,19188
20237,19188
19066,19188
15329,19188
16756,19188
43005,19188
508,19188
15620,19188
19721_19720,19188
20244,19188
19052,19189
17380,19190
1854,19191
18675,19191
587,19191
14098_11448_12072_7906_13478_20088,19192
5015,12104_19599_19193_20089_27767_19194
27766,12104_19599_19193_20089_27767_19194
6573,12104_19599_19193_20089_27767_19194
11577,19195
16112,19195
15145,19196
1256,19196
100033,19197
19253,19197
19058,19197
19541_17634,19198
17255,19198
5554,19199
5093,19199
12398_12507_8374_19118,13274_10761_10945_8378_12796_910_11272_13611_14692_10827_13175_44314_32604_33563_13469_13468_13052_14618_14687_14871_12943_54708_13402_14400_12363_10259_19200_13610_12523_14323_13780_8377_13437_44320_13425_10723_30071_11935_13413_12625_13414_13436_13314_12477_10320_13516_13395_11630_14653_14256_13407_13263_32689_11075_14093_10818_12463_10227_8379_13328_14345_32834_11137_14929_32940_13315_13447_10828_13405_13429_11974_12024_12367_15013_36482_10806_13312_32577_12813_10374_11259
995,19201
18078,19202
16123,19202
2847,19202
8345,19203
2429,19204
15336,19205
10001_19287_23046_23048,19205
10001_19287_23046_23048,19206
15650,19207
19117,19207
100164_16391,19207
20640_5134,19208
21670,19208
20068,19208
16494,19208
20601,19209
5763,19209
15659,19209
5341_2529_2656_2939_2956_4091,19210
3363,19210
21635,19210
15081,19210
2120,19210
5872,19210
17341,19210
15331,19211
19284,19211
6602,19212
19117,19213
688,19213
5560,19213
37792_45015_224,19214
19052,19214
688,19215
19189,19216
19256,19218
688,19218
19250,19219
17758,19220
56803,19222
688,19222
19243,19223
19250,19224
4736,19224
19214,19225
2908,19225
37792_45015_224,19226
17706,19226
19214,19227
37807,19227
9345_4738,19228
4736,19228
19223,19229
19189,19230
18605,19231
19189,19232
17753,19233
20127,13967_13950_13931_13952_18264_54549_30899_13942_13938_13948_8736_13949_13937_13945_13930_13933_11683_9959_13936_8745_8746_13932_8953_13951_14127_11101_8954_13939_13943_14070_11749_8747_13927_18910_18135_19234_20275
19058,13967_13950_13931_13952_18264_54549_30899_13942_13938_13948_8736_13949_13937_13945_13930_13933_11683_9959_13936_8745_8746_13932_8953_13951_14127_11101_8954_13939_13943_14070_11749_8747_13927_18910_18135_19234_20275
6025,13967_13950_13931_13952_18264_54549_30899_13942_13938_13948_8736_13949_13937_13945_13930_13933_11683_9959_13936_8745_8746_13932_8953_13951_14127_11101_8954_13939_13943_14070_11749_8747_13927_18910_18135_19234_20275
19046,13967_13950_13931_13952_18264_54549_30899_13942_13938_13948_8736_13949_13937_13945_13930_13933_11683_9959_13936_8745_8746_13932_8953_13951_14127_11101_8954_13939_13943_14070_11749_8747_13927_18910_18135_19234_20275
2254,13967_13950_13931_13952_18264_54549_30899_13942_13938_13948_8736_13949_13937_13945_13930_13933_11683_9959_13936_8745_8746_13932_8953_13951_14127_11101_8954_13939_13943_14070_11749_8747_13927_18910_18135_19234_20275
19053,13967_13950_13931_13952_18264_54549_30899_13942_13938_13948_8736_13949_13937_13945_13930_13933_11683_9959_13936_8745_8746_13932_8953_13951_14127_11101_8954_13939_13943_14070_11749_8747_13927_18910_18135_19234_20275
19189,19235
37829,19236
19254,19236
5528,19237
19250,19237
37937,19238
19254,19238
4736,19239
19256,19240
15327,19240
19189,19241
688,19242
19052,19243
2525,19245
2561,19245
2561,19246
17731,18931_9650_9653_19248
15327,18931_9650_9653_19248
19214,10674_9659_9660_9661_11093_9662_16316_16315_18937_18938_1586_19249_19302_17171_17172
5328,10674_9659_9660_9661_11093_9662_16316_16315_18937_18938_1586_19249_19302_17171_17172
2561,10674_9659_9660_9661_11093_9662_16316_16315_18937_18938_1586_19249_19302_17171_17172
15327,10674_9659_9660_9661_11093_9662_16316_16315_18937_18938_1586_19249_19302_17171_17172
19052,19250
19214,19251
17731,19251
15327,19251
19117,19253
19250,19253
15656_16401,19253
19052,19254
19245,19255
2525,19256
45012,19256
20143,8768_9745_8769_14147_12588_9744_10830_12188_13866_11144_12414_8767_8083_19260_19262_16295
20143,8956_15674_19261
20071,8956_15674_19261
17954,19266
17370,19266
5093,19268
19268,19269
19268,19270
19268,19271
19268,10962_7758_14622_19272_6588_18865_17667_17673_17672_44663
24255,10962_7758_14622_19272_6588_18865_17667_17673_17672_44663
6590,10962_7758_14622_19272_6588_18865_17667_17673_17672_44663
19268,7554_7551_7555_7550_14661_9181_18747_15551_19276_15550_17610_11869
24255,7554_7551_7555_7550_14661_9181_18747_15551_19276_15550_17610_11869
24481,21026_19277
5093,21026_19277
2917,19278
21026_19277,19278
21027,19280
21027,19281
2254,19282
21027,19282
2884,19283
21026_19277,19283
21028,19284
2254,19285
21028,19285
6607,19286
21026_19277,19286
15331,10001_19287_23046_23048
2254,10001_19287_23046_23048
21026_19277,10001_19287_23046_23048
5093,6600_19288
6600_19288,19289
6600_19288,19290
21154,19292
5385,19293
5093,19293
21154,19294
2051,19296
5833,19297
5093,19299
5066,19301
5093,19301
24255,10674_9659_9660_9661_11093_9662_16316_16315_18937_18938_1586_19249_19302_17171_17172
19301,10674_9659_9660_9661_11093_9662_16316_16315_18937_18938_1586_19249_19302_17171_17172
21147,19303
5046,19305
5093,19305
19308_9182_17612,19309
9179_7552_15553_11398_7549_9178_15552_17608_6543,19310_19522
8093,19311
19281,19311
2297,19311
17739,13558_14885_30903_13555_8748_13559_13560_13556_13606_11997_13557_19312
20118,13558_14885_30903_13555_8748_13559_13560_13556_13606_11997_13557_19312
2254,13558_14885_30903_13555_8748_13559_13560_13556_13606_11997_13557_19312
17305,13558_14885_30903_13555_8748_13559_13560_13556_13606_11997_13557_19312
16229,19313
19175,19313
19314_19023_2726,19315_17243
19314_19023_2726,19316
10535,19317
16831_19319,19318
16831_19319,19320
15333,19321
21106,19321
8219,19322
18745,19323
18745,19324
17318,19325
17318,19326
17318,19327
18720_18717,19328_19329
19281,19330
12382_11153_9734,19333
15624_17186_19265_15625_17187,19333
12382_11153_9734,19334
15624_17186_19265_15625_17187,19334
9861_19259_16366_19258,19335
21056_44300_21055,19336
20273,19336
21220,19336
6617,19337
17841,19337
2406,19337
15938,19338
17955,19338
17005,19339
2254,19339
17368,19340
15939,19340
5554,19340
19117,8612_13199_19341_1734
15945,8612_13199_19341_1734
16756,8612_13199_19341_1734
15651,8612_13199_19341_1734
17891,8612_13199_19341_1734
6025,11715_13871_14350_13922_13443_8869_14991_14767_13358_19342
14031_9616_17950,11715_13871_14350_13922_13443_8869_14991_14767_13358_19342
18010_20122,19344
24634,19345
314,19345
1517,19345
19058,9738_19346_17734
20282,9738_19346_17734
15947_17262_17263,14555_54852_24548_14923_11937_19347
15945,7299_14951_19349
20229,7299_14951_19349
19717,7299_14951_19349
6025,7299_14951_19349
16904,7299_14951_19349
43007,7299_14951_19349
20101,12985_10053_8447_913_12981_19350_94
859_8449,19351
15219,19351
16420,10819_11370_19353
11285_13406_12767_12540_7932_14189_3004_5150_5417_14207_12659_14266_13420_13409_12419_13416_12674_100114,10819_11370_19353
15218_15217_20145,11493_13590_13666_7160_19354
20232,11493_13590_13666_7160_19354
15318,11493_13590_13666_7160_19354
20208,11493_13590_13666_7160_19354
24623_18751,11493_13590_13666_7160_19354
20248_1457,11493_13590_13666_7160_19354
14701_12716_32835_8472_32721_8471_12019_10073_19667_16761,11493_13590_13666_7160_19354
19589,11493_13590_13666_7160_19354
19722_19724_15163,19355
19751,19355
5578,19355
19755,19356
15141,19357
2320,19358
15218_15217_20145,19358
20236,19358
19058,19358
19213,19358
44976,19358
15327,19358
19222,19358
16399,19358
1195,19359
1195,19360
1246,19362
1195,19364
1246,19365
19058,19366
19246,19366
16397,19366
1,19367
1,19368
24317,19369_11441_20572
2263,19370
18056_6572_16767_43923_16769_16770,19370
13652_12179_8062_21107,19371
5560,19371
19060,19372
6974,19373
18078,19373
15683,19373
20043,19374
18609,19374
11348,19375
16349,19375
15219,19375
15220,19375
2282,19376
20601,19376
15659,19376
20067,19377
5113_5550_5108,19377
15659,19377
21641,19378
20601,19378
15659,19378
20601,5736_19380
5643,5736_19380
16428,19383
20068,19383
15659,19383
17635,19384
6009_19956_20069,19384
20068,19384
15659,19384
20640_5134,19385
100029,19385
20068,19385
20648,19386
6009_19956_20069,19386
15659,19386
43008,19387
19117,19388
21248,19388
18718,19388
18729,19388
15246,19388
15220,19388
19299,19388
43008,19388
15950,19388
43218,19388
20676,19390
603,19390
2254,19390
15939,19390
17432,19391
19747,19391
15945,19391
1713,19391
19289,19391
15327,19391
24255,19391
43008,19391
19052,19391
577,19391
21190,19391
18454,19391
21110,19392
19218,19393
15180,19393
15188,19393
15962,19394
6026,19395
19722_19724_15163,19396
19046,19397
11271,19398
16112,19398
16375,19399
19119,19399
44765,19401
18170,19401
984_44210,19402_16486
19747,19402_16486
19844,19402_16486
17145,19402_16486
17397,14285_9134_7109_9135_13355_19403_20337
3689,14285_9134_7109_9135_13355_19403_20337
16749,19404
2547,19404
24237,19405
19695_19696,19406
14376_13657_54837_30918_20847_13820_14486_13805_30917_12947_7974_13581_14855_30910_14858_30911_14482_14599_12869_30914_13658_30922_13819_14699_30920_13821_12960_30919_13656_14357_14580_30913_30916_13266_13509_14842_14678_13655_14617_12946_30912_100172,19407
14031_9616_17950,19407
10823_7321_9112_26782_8972_14743_15776_15775_19701_8973,19408
5554,19409
19704,19409
5298,19409
19708,7653_19411_19680
23603,7653_19411_19680
19708,19412
18454,19413
2320,19414
20119,19414
100213,19414
15159,19414
43005,19414
16629,19415
2320,19416
43005,19416
15159,19416
20119,19416
20119,19417
2320,19418
43005,19418
15159,19418
20119,19418
20119,19419
20119,19424
2320,19425
43005,19425
15159,19425
20119,19425
20119,19426
21147,19426
20119,19427
24237,19427
2320,19428
43005,19428
15159,19428
20119,19428
20119,19429
24237,19429
20119,19430
16612,19430
5154,19431
24280_18456,19432
17259,19432
17259,11429_19433
11429_19433,19434
19751,19434
24280_18456,19435
11849,19436
11429_19433,19436
17259,19437
11429_19433,19437
19722_19724_15163,19438
16179,19438
6504,19438
16345,19438
19065,19438
16330,19438
19722_19724_15163,19439
16179,19439
6504,19439
16345,19439
19065,19439
7100,19441
16340,19441
3847,12128_13463_19443
17131,12128_13463_19443
5453,12128_13463_19443
153,12128_13463_19443
16128,19444
5135,19444
21539,19445
11930_14055_14167_10985_54847_54846_13322_160,11506_19448_17704_13981
14992_30031_13527_15148_15146,19449
20076,19451
1014,19451
20076,19452
18881,19453
4111,19453
44881,19454
18881,19454
15667,19455
11118,19456
18874_4643,19457
11118,19458
15667,19458
18874_4643,19460
4949,19461
17595,19461
1023,19461
17604,19462
19722_19724_15163,19463
21163,19463
4959,19463
4959,19464
17604,19465
18905_17601_6117_6268_6428,19466
17343,19466
5170,19467
2898,19467
15760_18908_15759,19467
5525_3540,19468
1023,19468
430,19468
4948_872_4963_20511_4947_814,19468
3538_3537,19468
430,19469
5402,19469
15822,19469
1014,19469
430,19470
4948_872_4963_20511_4947_814,19470
1014,19470
4805,19470
3538_3537,19470
3660,19471
5525_3540,19471
24294_24295,19471
15817,19471
17341,19471
17814,19471
21138,19471
5801,19471
15817,19472
17343,19472
15760_18908_15759,19473
15760_18908_15759,19474
15816,19475
621,19475
15950,19475
4805,19475
15817,19476
3660,44778_19478
20081,19479
20082,19480
4380_19482,19480
20082,4380_19482
5062,19483
20083,19483
15655,19484
20072,19485
20071,19485
15657,19485
100022,19486
17663,19487
20072,19487
20071,19488
17666_17670_20093_20096_18250,19489
15110,7240_7701_11474_19490
992,7240_7701_11474_19490
21209,19493
21209,19494
2082,19496
19117,19497
37940,19497
5365_20677,19497
2875,19498
100120,19498
15218_15217_20145,19499
16999,19499
18402,19499
20165,19499
5387_19852_19851,19499
17143,19499
15620,19499
19721_19720,19499
1967,19499
17975,19499
20539,19500
6025,12662_29141_10169_13935_11186_13788_10984_10168_11748_32841_10170_14001_10171_11195_11558_19501_16484_16485_12968
20240,12662_29141_10169_13935_11186_13788_10984_10168_11748_32841_10170_14001_10171_11195_11558_19501_16484_16485_12968
19589,12662_29141_10169_13935_11186_13788_10984_10168_11748_32841_10170_14001_10171_11195_11558_19501_16484_16485_12968
6025,15802_19502_509
19117,15802_19502_509
3847,15017_10015_15016_7138_7662_24456_19503
5328,19504
15770_16553,19505
15778,19506
19183,7094_10521_15008_21547_7538_8770_8772_14560_32717_14540_8771_7092_19507_15047_15048
4038,7094_10521_15008_21547_7538_8770_8772_14560_32717_14540_8771_7092_19507_15047_15048
24623_18751,7333_11712_19508
23603,7333_11712_19508
15501,7333_11712_19508
43008,7333_11712_19508
2254,7333_11712_19508
15491,19509
24239,19512
3749,19513
20019,19513
2405,19514
2311,11592_7589_33123_13218_14652_11151_19516
20248_1457,11592_7589_33123_13218_14652_11151_19516
15953,11592_7589_33123_13218_14652_11151_19516
21635,19518
20276_20270,19518
21189,19518
19297,19520
2254,19520
9179_7552_15553_11398_7549_9178_15552_17608_6543,19521
19589,19524
5387_19852_19851,11146_18030_13668_18028_19525_30502_19864
17002,11146_18030_13668_18028_19525_30502_19864
15491,19526
15939,19527
17287,19528
19714,19530
20105,19531
20108_16450_19532,10438_14166_19533_100245_100243_100244
20108_16450_19532,19534
20108_16450_19532,19535
1549,19536
2280,19537
19050_4781_44348_44349,19537
16632,19538
16541,19538
5087,19540
1280,19541_17634
20683,19542
100192,19542
5099,19543
29000,19544
29000,19545
5093,19547
426,14711_20558_19548_17058_16431_17937
19601,19549
19601,19550
18775,9751_24309_13142_11961_13337_13839_10688_14671_8086_11002_9746_12092_13381_13634_14286_14244_19941_18213_19551
12104_19599_19193_20089_27767_19194,19552
12104_19599_19193_20089_27767_19194,19553
12104_19599_19193_20089_27767_19194,19554
6591,19555
12104_19599_19193_20089_27767_19194,19555
12104_19599_19193_20089_27767_19194,19556
603,12500_13739_19557
17841,12500_13739_19557
19293,12500_13739_19557
15574,12500_13739_19557
15574,19558_4706
15574,19559
15574,19560
6591,4670_5282_19561
19340,19562
6832,19563
774,19563
16358,19563
2254,19563
16177,19563
16628,19565
24574,19565
21181,19565
426,19571
100237,19571
6025,9052_13051_13754_19572_18163_27462_27451_19573
100237,9052_13051_13754_19572_18163_27462_27451_19573
5385,9052_13051_13754_19572_18163_27462_27451_19573
19704,9052_13051_13754_19572_18163_27462_27451_19573
23603,9052_13051_13754_19572_18163_27462_27451_19573
17355,9052_13051_13754_19572_18163_27462_27451_19573
15327,9052_13051_13754_19572_18163_27462_27451_19573
4907,19575
19316,19576
19211,19577
18432_19446_19447_19578,19579
18432_19446_19447_19578,19580
18432_19446_19447_19578,19581
18432_19446_19447_19578,19582
18432_19446_19447_19578,19583
18432_19446_19447_19578,19584
18432_19446_19447_19578,19585
20768,19586
16298,19586
16297,19586
16297,14854_14293_14470_12380_11832_14603_14853_11761_11032_14594_12975_10973_12090_14740_12902_10915_11058_14283_11519_12083_7424_11673_11389_13632_11103_11226_11102_12974_12086_11159_11074_11031_10963_13823_11660_11893_13305_11708_11994_12030_11625_11350_13114_12023_11568_11920_12976_14738_14291_10817_11480_13593_11657_19587
426,14854_14293_14470_12380_11832_14603_14853_11761_11032_14594_12975_10973_12090_14740_12902_10915_11058_14283_11519_12083_7424_11673_11389_13632_11103_11226_11102_12974_12086_11159_11074_11031_10963_13823_11660_11893_13305_11708_11994_12030_11625_11350_13114_12023_11568_11920_12976_14738_14291_10817_11480_13593_11657_19587
16298,14854_14293_14470_12380_11832_14603_14853_11761_11032_14594_12975_10973_12090_14740_12902_10915_11058_14283_11519_12083_7424_11673_11389_13632_11103_11226_11102_12974_12086_11159_11074_11031_10963_13823_11660_11893_13305_11708_11994_12030_11625_11350_13114_12023_11568_11920_12976_14738_14291_10817_11480_13593_11657_19587
6025,11160_13119_13978_12060_12327_12670_13210_11067_12903_12293_12376_12375_11767_10965_12460_10967_11602_12002_11762_13386_14363_10933_12452_13365_13250_13826_12445_12326_11360_11392_13985_14739_11351_13489_12421_9076_13738_11279_14675_11286_13249_12485_10986_12420_14428_12170_12091_12442_11364_13984_12418_14237_13010_12355_912_14469_12273_13269_12602_11774_10807_12977_12003_12370_11192_10987_11991_12333_10860_13929_13471_11912_13537_13963_11799_13215_11553_14182_19588_14849
16298,11160_13119_13978_12060_12327_12670_13210_11067_12903_12293_12376_12375_11767_10965_12460_10967_11602_12002_11762_13386_14363_10933_12452_13365_13250_13826_12445_12326_11360_11392_13985_14739_11351_13489_12421_9076_13738_11279_14675_11286_13249_12485_10986_12420_14428_12170_12091_12442_11364_13984_12418_14237_13010_12355_912_14469_12273_13269_12602_11774_10807_12977_12003_12370_11192_10987_11991_12333_10860_13929_13471_11912_13537_13963_11799_13215_11553_14182_19588_14849
16297,11160_13119_13978_12060_12327_12670_13210_11067_12903_12293_12376_12375_11767_10965_12460_10967_11602_12002_11762_13386_14363_10933_12452_13365_13250_13826_12445_12326_11360_11392_13985_14739_11351_13489_12421_9076_13738_11279_14675_11286_13249_12485_10986_12420_14428_12170_12091_12442_11364_13984_12418_14237_13010_12355_912_14469_12273_13269_12602_11774_10807_12977_12003_12370_11192_10987_11991_12333_10860_13929_13471_11912_13537_13963_11799_13215_11553_14182_19588_14849
2320,19589
19117,19589
5365_20677,19589
37940,19589
2254,19589
19755,19589
20039,19593
2263,19593
17970,19594
45012,19594
15327,19594
19594,19595
19594,19596
19596,19597
8730,19597
19296,12104_19599_19193_20089_27767_19194
2320,10214_10215_10216_10210_10211_12531_10212_10213_19600
15331,10214_10215_10216_10210_10211_12531_10212_10213_19600
15951,10214_10215_10216_10210_10211_12531_10212_10213_19600
15945,10214_10215_10216_10210_10211_12531_10212_10213_19600
15327,10214_10215_10216_10210_10211_12531_10212_10213_19600
20045,10214_10215_10216_10210_10211_12531_10212_10213_19600
15333,10214_10215_10216_10210_10211_12531_10212_10213_19600
6025,19601
18775,19601
2320,19603
15159,19603
508,19603
19747,19604
19722_19724_15163,19605_19991
15939,5576_19606
603,5576_19606
774,5576_19606
16632,5576_19606
43218,5576_19606
16178,5576_19606
11429_19433,19607
20039,19608
2320,19609
16398,19609
20227,19609
15327,19609
19743,19609
20280,19609
20281,19609
20244,19609
4884,19609
1770,19610
21058,19610
3837,19611
3429,19612
6373,19613_17822_3603
19833,19614
15077,19615
17611,19615
19833,19615
19834,19617
2254,19618
19841,19618
15207,19619
15207,19620
17019,19621
21166,19621
2429,19622
24255,12526_15053_19623_15054
10481,12526_15053_19623_15054
10481,19624_15055_15056
3847,19625_17311
20155,19626
15501,19626
15218_15217_20145,19626
11119,19628
20219,19629
942,19629
11119,19630
4860_44137,9097_19631_12653
20225,9097_19631_12653
20247,9097_19631_12653
25294,19632
314,19632
21839,19632
16104,19632
6681,19633
314,19633
100120,19633
24623_18751,19634
15111,19635
18470,19636
19721_19720,19637
19721_19720,19638
19721_19720,19639_19646_19647
2462_3137_1645_1871_3135_3138,19641_19988_19989
19722_19724_15163,19641_19988_19989
19638,19644
19638,19645
5516,8702_10966_8701_19648
19694,8702_10966_8701_19648
23603,8702_10966_8701_19648
19067,19649
19067,19650
19067,19651
19006,19652
19006,19653
19006,19654
19401,19655
19401,19656
15461,19662
15461,19664
15246,19664
845,19665
19688,8473_8476_11198_10275_10068_32571_12108_32885_60702_11252_19666_13014_10076
23603,8473_8476_11198_10275_10068_32571_12108_32885_60702_11252_19666_13014_10076
21040,19668
8702_10966_8701_19648,19669
19686_19687,19669
16240,19670
16240,19671
16240,19672_17492_17493
23603,10075_32724_19675_18254
9738_19346_17734,19681
9738_19346_17734,19682
5381,19685
4603,19686_19687
5381,19686_19687
5381,19688
5381,19689
5381,19690
18230,19691
18230,19692
18230,19693
18230,19694
18230,19695_19696
5516,19695_19696
18230,19697
18230,19698_19699
18230,19700
18230,10823_7321_9112_26782_8972_14743_15776_15775_19701_8973
5516,19702
19703,19702
19705,19703
19705,19704
18230,19705
5381,19706
23603,19706
2561,19706
18230,19707
18230,19708
18454,19712
15227,19713
18454,19713
15227,19714
18454,19714
18454,19715
19054,19715
15330,19716
19716,19717
19040_20226,19717
18230,19718_22723
3847,27676_32646_12561_19719
5240,27676_32646_12561_19719
19755,27676_32646_12561_19719
5240,19721_19720
19356,19721_19720
5240,19722_19724_15163
19722_19724_15163,19723
7915,19725
7407,19726_19727
19463,19728
19463,19729
19463,19730
7099,19731
7099,19732
7099,19733
18010_20122,19734
19127,19734
17021,19734
2254,19735
5336,19735
5554,19735
14005_18013_18904_2461,19736
1531,19737
5240,19737
16244,19738
9335,19738
16244,19739
9335,19739
1198,10122_19740
2473,19741
3847,19741
11456_13444_9728_14374_13916_14537_11752_14997_13718_11190_14158_13917_12680_13442_13302_19005,19742
5240,19743
5570,19747
5240,19747
2254,19751
44971,19751
5554,19751
15564,19752
21079,19752
15564,19753
15564,19754
21147,19755
839,19755
17919,19759
9011,19760
15215,19765
16066,19765
10653,10283_10460_30908_10427_10407_15601_10417_10661_10355_10306_10658_10319_10285_10286_10277_10500_10574_10398_10270_10664_10409_10461_10501_10402_10483_10729_19422_19423_19420_19421_19769_19766_19181_100284_17616
10653,19767
10653,19768
16160,19770
477,19771
15990,19771
15990,19772
17069,19773
10663,19774
10663,19775
15620,19776
10663,19776
10663,19777
10663,19778
10663,19779
18562,19780
19755,19780
21636,19781
11129_9277_5041,19783
2320,19784
19117,19784
23603,19784
19703,19784
508,19784
16877,19784
2320,19786
15159,19786
508,19786
588,19787_15174_33862
20598,19787_15174_33862
32767_32771_8192_7273_11544_11121_13602_448,19788
6591,19789
19296,19789
2254,19790
5071,19790
2320,19791
16798,19791
20044_20046_15244_20047,19791
20018,19795
19715,8709_19796_78
24623_18751,19797
18454,19797
12516_9559_14608_15483,19797
19695_19696,19797
15104,19799
15183,19802
2300,19803
16231,19803
19293,19803
3110,19803
2567,19804
20023_15222_15221,19804
18562,19804
15505,19804
15930,19804
1240,19805
5046,19805
5559,19806
20284,19807
17735,19808
5453,19808
32783_24523_13902_3803,19808
20286,19809
5648,19809
17396,19810
20289,19811
20289,19813
20289,19814
20289,19815
20289,19816
16582,19817
16582,19818
19818,19819
19512,19820
20293,19821
20292,19822
19822,19823
15127,19824
15514,19824
15203_19825_22869,19826
18762,19827
19824,19828
2254,19828
17710,19829_19830
17710,19831
19591_5152,19832
15127,19832
19832,19833
19832,19834
568,19835_21156
19832,19835_21156
569,19835_21156
17710,19836
20294,19837
24468,19838
19835_21156,19838
19835_21156,19839
19721_19720,19840
17434,19840
15856,19840
19832,19841
19832,19843
15127,19844
19832,19845
15933_15932_15619_15934,19848
15933_15932_15619_15934,19849
16072_15860,5387_19852_19851
15514,5387_19852_19851
44331_16408_19858_18612_16410_15792_16409,19853
19853,19854
9043,19854
19853,19855
9043,19855
44331_16408_19858_18612_16410_15792_16409,19856
16555,19857
3240,19859
19853,19860
9043,19860
19859,19860
19853,19861
9043,19861
19859,19861
18677,19862
20052,11146_18030_13668_18028_19525_30502_19864
20051,19865
20051,19866
20051,19867
20051,19868
20051,19869
17012,19870
16939,19871
16940,19872
16941,19873
19717,19873
16944,19874
19717,19875
16948,19875
7534,19875
16998,19876
16953,19877
16954,19878
16955,19879
16956,19880
16957,19881
16959,19882
16960,19883
16961,19884
16962,19885
16963,19886
16966,19887
16970,19888
16972,19889
16960,19890
20053,19891
16889,19892
16897,19893
16903,19895
5027,19896
16908,19896
27407_54701_12455,19896
16877,19897
16912,19898
16918,19899
16877,19900
16918,19901
15246,19902
16911,19902
18186,19903
18186,19904
18186,19905
18186,19906
15246,19907
18186,19907
18186,19908
18186,19909
20056,19910
20056,19911
20056,19912
20796_30116_14663_30118_20795_8394,19913
20056,19913
20056,19914
14541,19915
20056,19915
15246,19916
20056,19916
20056,19917
20056,19918
20056,19919
20057,19920
20057,19921
20057,19922
20057,19923
19717,19923
7534,19923
20057,19924
20057,19925
20062,19926
5387_19852_19851,19926
5626,19927
17611,19927
2320,19928
16999,19928
19117,19928
17143,19928
508,19928
15620,19928
20090,19928
17975,19928
2320,19929
16999,19929
19117,19929
17143,19929
508,19929
15620,19929
20090,19929
17975,19929
9384_19155,19930_19931
15933_15932_15619_15934,19932
21124,19932
6793,19933
21124,19933
19040_20226,19934
20061,19935
20019,18916_19938_15733_15731_15732
5090_13498_8414_10897_33312_10943_11552_14092_12054_11960_11280_11294_11295_11298_11307_11498_12879_13089_13506,19939
43008,19940
19280,19940
3847,19942
3939,19942
15225,19942
2254,19943
16110,19943
2254,19944
17152,19944
5093,19945_6599
1214_6668_2314_5808_4811,19946
2921_19952_18701,19948
100084,19949
16197,19951
16187,19951
11486_12279_19950_20121_23595_18281,19951
16110,2921_19952_18701
20134,19953
5815,19954
386,19954
19954,19955
20683,6009_19956_20069
15144,6009_19956_20069
19954,19957
19954,19959
19954,19960
17207,19962
2108,19962
15081,19963
2807,19963
15119,19963
5197,19964_20516
19496,19964_20516
18381,19967
18381,19969
18381,19970
6424,19971
15145,19972
1256,19972
5283,19973
6873,19975
5093,19975
1627,19976
17635,19977
1627,19977
19697,19978
23603,19978
15329,19978
43007,19978
19637,19979
19637,19980
21163,19983
17609,19984
17609,19985
19401,19986
19605_19991,19990
2462_3137_1645_1871_3135_3138,19605_19991
15327,7078_12911_12912_8749_11301_19992_16165_1220
15962,7078_12911_12912_8749_11301_19992_16165_1220
4689,7078_12911_12912_8749_11301_19992_16165_1220
5240,19993
5385,19993
20056,19994
5420_16412_15777,19995
20019,19998
20019,19999
5087,20001
20287,20007
5113_5550_5108,20010
5071,20010
1,20012
19755,20018
19755,20019
19755,20020
19755,20021
2320,20022
19755,20022
19755,20023_15222_15221
100249_16281_17576,20039
2145,20040
17970,20041
20040,20042
20044_20046_15244_20047,20043
20044_20046_15244_20047,20045
19052,20045
21190,20045
15145,20048
19063,20048
19040_20226,20049
20049,20050
20050,20051
20050,20052
15153,20053
15153,20054
20049,20055
20055,20056
20055,20057
19040_20226,20058
20058,20059
20058,20060
20060,20061
20060,20062
19755,20063
16581,20064_20110_43187
20287,20064_20110_43187
7495_7496_13928_13813_12789_10983_14019_14033_14627_3441_44807,20065
15331,7842_20066_20521_20522
17133,7842_20066_20521_20522
24255,7842_20066_20521_20522
15938,7842_20066_20521_20522
2254,7842_20066_20521_20522
19292,7842_20066_20521_20522
24619,20067
20067,20068
21669,20068
15650,20070
15650,20071
15650,20072
15650,20073
100036,9696_14545_12904_14521_14685_13526_30936_30034_12721_10682_18126_20074
20073,9696_14545_12904_14521_14685_13526_30936_30034_12721_10682_18126_20074
19117,9696_14545_12904_14521_14685_13526_30936_30034_12721_10682_18126_20074
20072,9696_14545_12904_14521_14685_13526_30936_30034_12721_10682_18126_20074
19182,20075
5170,20076
21138,20076
15756,20076
15756,20077_20313
18874_4643,20078
6247,20081
6247,20082
15757,20083
20083,20084
24255,20087
6573,20087
19052,20087
12104_19599_19193_20089_27767_19194,20087
21106,14098_11448_12072_7906_13478_20088
20087,14098_11448_12072_7906_13478_20088
12104_19599_19193_20089_27767_19194,14098_11448_12072_7906_13478_20088
6504,12104_19599_19193_20089_27767_19194
18389,20090
5372,18407_20091
5372,20092
426,17666_17670_20093_20096_18250
6025,17666_17670_20093_20096_18250
16624,20098
3847,19157_20099
3689,20101
20101,8493_14737_17910_20102
20101,20103
56803,20105
20585,20105
3664,20105
37792_45015_224,20106
20107,20106
45022,20106
5066,20107
20585,20107
3664,20107
602,20108_16450_19532
3664,20108_16450_19532
424,20109
1700,20109
16624,20109
15930,20064_20110_43187
20023_15222_15221,20064_20110_43187
5528,20111
688,20111
1700,20111
16624,20111
16624,20112
1700,20112
15610,20113
16361,20117
44969,20117
44969,20118
18795,20118
508,20119
3939,20120
20120,11486_12279_19950_20121_23595_18281
19056,11486_12279_19950_20121_23595_18281
5336,11486_12279_19950_20121_23595_18281
589,18010_20122
16105,18010_20122
15939,18010_20122
16110,20123
21017,20124
19056,20124
20124,20125
5244,20127
19117,20127
19056,20128_20129
5559,20128_20129
44979,20128_20129
17114_15915,20130
17114_15915,20131
19117,20132
20022,20132
20022,20133
17104,20134
20133,20134
19117,16759_11948_14874_9166_11866_14351_12683_14349_54844_13990_54669_14485_13438_10190_12890_32831_14370_12438_12891_13853_13993_32643_20135_16396
20133,16759_11948_14874_9166_11866_14351_12683_14349_54844_13990_54669_14485_13438_10190_12890_32831_14370_12438_12891_13853_13993_32643_20135_16396
5559,20137
24237,20138
15547,20138
15547,20142
19052,20142
19245,20143
5560,20143
20142,20143
1627,20144
5328,15218_15217_20145
19755,15218_15217_20145
15218_15217_20145,20146
20146,20147
15218_15217_20145,20148
20225,20148
24507_14937_14938_19172,20148
11119,20148
3382,20153_20360_20361
3382,20154
3382,20155
20155,20156
20155,20157
2254,20157
3382,20158
20158,20159
1519,20159
20159,20160
20158,20161_20463
2043,20161_20463
20158,20162
3382,20163
20163,20164
20164,20165
2254,20165
20163,20167
2235,20172
20172,20173
21605,20173
20172,20174
21074,20174
20172,20175
21313,20175
6963,20176
2235,20176
2235,20177
21582,20178
20177,20178
20173,20178
20173,20179
5073_44794,20179
20177,20179
2235,20180
2235,20181
2235,20182
2235,20183
1854,20193
20193,19627_20194
1854,20195
1854,20196
20196,20197
10001_19287_23046_23048,20197
6170,20203
21220,20204
6170,20204
20204,20205
2254,20208
14411_11300_14982_14183_12021_12045_8053_12995_13604_13508_32941_12154_9713_14177_1384_12227_12228_12229_12230_12388_12389_12469_12932_13603,20208
2254,20210
4891,20210
2254,20211
13832_13831_7851_54771_13833_13830_15486_12069_12158_12236,20211
12044_20791_7380_32904_18102_4686,20212
12044_20791_7380_32904_18102_4686,12200_13027_54832_12199_7378_20364_20214
2254,20215
12044_20791_7380_32904_18102_4686,20215
18174,20216
21635,20217
20216,20217
20217,20218
20217,20219
20217,20220
2254,20225
11015_12527_14799_14673_12489_12260_12665_11104_14565_14075_13484_7279_7287_14111_13744_10544_32735_12395_13411_10948_7278_12688_14110_12336_7288_7282_7280_7283_7286_11547_12437_7290_11413_12701_7281_7285_13859_7284_11162_5129_45050_11587_11591_11808_13067_12175,20225
15938,20227
20225,20227
17133,20227
20227,20228
19117,20229
20227,20229
5240,20230
20227,20230
5267,20231
20227,20231
2081,20232
20227,20232
20227,20233
5328,20235
1176,20236
5328,20237
19117,20238
23603,20238
4860_44137,20238
5283,20238
13274_10761_10945_8378_12796_910_11272_13611_14692_10827_13175_44314_32604_33563_13469_13468_13052_14618_14687_14871_12943_54708_13402_14400_12363_10259_19200_13610_12523_14323_13780_8377_13437_44320_13425_10723_30071_11935_13413_12625_13414_13436_13314_12477_10320_13516_13395_11630_14653_14256_13407_13263_32689_11075_14093_10818_12463_10227_8379_13328_14345_32834_11137_14929_32940_13315_13447_10828_13405_13429_11974_12024_12367_15013_36482_10806_13312_32577_12813_10374_11259,20240
2254,20240
12398_12507_8374_19118,20241
12398_12507_8374_19118,20242
20242,20244
20238,20245
20238,20246
20246,20247
1377,20248_1457
24237,20248_1457
20246,20248_1457
5328,20249
20249,14720_20250_16646
426,14720_20250_16646
43878,14720_20250_16646
4884,14720_20250_16646
15368,3432_4753_20252
15368,20253
1146,7626_20256
1309,20257
15368,20259
5336,20259
20278,20265
5328,20266
20266,20267
20266,20276_20270
5854_3900_16663,20272
5328,20272
20266,20273
20266,20274
43209,13967_13950_13931_13952_18264_54549_30899_13942_13938_13948_8736_13949_13937_13945_13930_13933_11683_9959_13936_8745_8746_13932_8953_13951_14127_11101_8954_13939_13943_14070_11749_8747_13927_18910_18135_19234_20275
20276_20270,13967_13950_13931_13952_18264_54549_30899_13942_13938_13948_8736_13949_13937_13945_13930_13933_11683_9959_13936_8745_8746_13932_8953_13951_14127_11101_8954_13939_13943_14070_11749_8747_13927_18910_18135_19234_20275
5328,20277
5328,20278
20278,20279
20278,20280
20278,20281
20278,20282
21166,20283_6651
2661,20283_6651
19512,20284
19512,20285
5561,20286
20292,20286
20285,20286
20292,20287
473,20287
20285,20287
19512,20288
2869,20288
20288,20289
471,20289
3847,13747_13769_10859_20290
20288,13747_13769_10859_20290
2078,13747_13769_10859_20290
2254,20291
19820,20291
19512,20292
19063,20292
20292,20293
19512,20294
18185,7130_17705_20295_20453
5453,7130_17705_20295_20453
16230_24291,20296
24239,20296
16329,20297
21060,20297
15329,20297
20056,20298
8300,20298
11506_19448_17704_13981,12474_14002_11545_10899_11297_20300
2612,12474_14002_11545_10899_11297_20300
16913,20301
8300,20301
16913,20302
7113,20302
7113,20303
20057,20303
19935,20304_20305
17432,20306
18454,20306
8572,20306
7558,20307
7558,20308
11506_19448_17704_13981,24556_14925_54776_14924_20310
100036,24556_14925_54776_14924_20310
20077_20313,11908_18871_20311
6311,11908_18871_20311
1014,11908_18871_20311
20077_20313,20312
6311,20312
19453,20315
20078,20316
20078,20317
11118,20320
15667,20320
11118,20321
4967,20322
20743,20322
17814,20322
18905_17601_6117_6268_6428,20323
951,20323
18905_17601_6117_6268_6428,20324
430,20325
18897,20326
9348,20327
9348,20328
9348,20329
9348,20330
16586,20331
16586,20332
16586,20333
16586,20334
5059,20334
16830,20336_13072_13071_13677_21569
426,20336_13072_13071_13677_21569
21106,20336_13072_13071_13677_21569
1705,20338
20113,20338
15150,20339
13907_17091_17092_87,20340
16292,14966_32588_30061_14240_20341
19117,14966_32588_30061_14240_20341
16193,20342
100084,20342
16188,20343
568,20347_7691_3334_16169_2335_6702
16218,20347_7691_3334_16169_2335_6702
568,20348
20347_7691_3334_16169_2335_6702,20348
16218,20348
568,20349
20347_7691_3334_16169_2335_6702,20349
16218,20349
20134,20351
17635,20352
7803,20352
11414,20353
15218_15217_20145,20353
7350_9002,20354
1476,20355
7350_9002,20356
20155,20357
1476,20357
1476,20358
7410,20359
7946,20362
20212,20363
3847,12200_13027_54832_12199_7378_20364_20214
766,12200_13027_54832_12199_7378_20364_20214
12200_13027_54832_12199_7378_20364_20214,20365
15485,20366
15485,7665_20367_1094
20218,20368
18988,20369
18988,20370
18988,20371
20377_20376_20373_20372_20379_20378_21548_18610_18611,20374
20377_20376_20373_20372_20379_20378_21548_18610_18611,20375
11060,20377_20376_20373_20372_20379_20378_21548_18610_18611
426,20380_19792_19793_19794_16163
22687_4742,20380_19792_19793_19794_16163
20138,20380_19792_19793_19794_16163
100310,20380_19792_19793_19794_16163
15368,20380_19792_19793_19794_16163
4884,20380_19792_19793_19794_16163
11285_13406_12767_12540_7932_14189_3004_5150_5417_14207_12659_14266_13420_13409_12419_13416_12674_100114,14920_8210_12162_20381
8370_9979_18973,14920_8210_12162_20381
8370_9979_18973,20382
8370_9979_18973,20383
12128_13463_19443,20385
18089,20386
18089,20387
18089,20388
20064_20110_43187,20389
15239,20390
15239,20391
17727_6729_20394,20392
17727_6729_20394,20393
17865,20395
19816,20396
19816,20397
5852,20398
19817,20398
42966,20398
19817,20399
19817,20400
19817,20401
19817,20402
19817,20403
2254,20404
19817,20404
19818,20405
15273,20406
15273,20407
15273,20408
15451,20409
18082,20410
18082,20411
19822,20412
15236,20413
15236,20414
15236,20415
15236,20416
15236,20417
15236,20418
20287,20419
20287,20420
19826,20421
19826,20422
19826,20423
19826,20424
19826,20425
19826,20426
18771,20427
19512,20428
15450,20429
15450,20430
19837,20431
19837,20432
19837,20433
7172_13750_13770_12654_13123_11938_13011_7173_13567_6664,20434
2254,20435
7172_13750_13770_12654_13123_11938_13011_7173_13567_6664,20435
7172_13750_13770_12654_13123_11938_13011_7173_13567_6664,20436
7172_13750_13770_12654_13123_11938_13011_7173_13567_6664,20437
20294,20438
7172_13750_13770_12654_13123_11938_13011_7173_13567_6664,20439
19829_19830,20440
19829_19830,20441_20448
19829_19830,20442
19829_19830,20443
19829_19830,20444
19829_19830,20445
19831,20446
19831,20447
19829_19830,20449
19829_19830,20450
19829_19830,20451
19829_19830,20452
17300,20454_20455
17300,20456
20105,20457
19236,20458
20107,20458
3689,20458
19050_4781_44348_44349,20459
20599,20460
16628,20460
24574,20460
20158,20461
20159,20462
20161_20463,20464
3382,20465
19499,20466
19499,20467
20057,20468
2320,20469
19117,20469
17005,20469
17143,20469
508,20469
15620,20469
20090,20469
17005,20470
43008,20470
19499,20472
10823_7321_9112_26782_8972_14743_15776_15775_19701_8973,20473
19708,20474
10001_19287_23046_23048,20475
11506_19448_17704_13981,20476
23603,20477
17133,20477
5554,20477
16335,20478
16327,20478
20265,20478
16793,20478
20249,20478
6793,20479
19927,20479
19358,9643_9644_14212_20480
17760,9643_9644_14212_20480
4689,9643_9644_14212_20480
18959,20481
18959,20482
18959,20483
15218_15217_20145,20485
100150,20485
15329,20485
43007,20485
5823,20487
10997_12278_19037_12576,20488
20051,20490
2254,20491
15572,20491
15655,20492
21189,20493
8852,20493
16910,20494
15336,20494
19117,20495
18790_18789_18788,20496
16756,20497
21056_44300_21055,20497
19117,20497
21248,20497
6009_19956_20069,20499
5785,20499
18087,20500
5762,20500
18087,20501
100120,20501
5763,20502
100120,20502
18093,20502
44331_16408_19858_18612_16410_15792_16409,20503
19052,20504
19046,20505
11380,20506
11380,20507
17595,4948_872_4963_20511_4947_814
4967,20512
3669,20513
6451,19964_20516
2120,19964_20516
15531_17025_18310_17036_17029,20517
15531_17025_18310_17036_17029,20518
15531_17025_18310_17036_17029,20519
15531_17025_18310_17036_17029,20520
20517,20520
3847,20523
6890,20523
16365,20524
100164_16391,20525_12522_30089_30088_11073_12480_30087_100165
18872,20526
20528,20527
6793,20528
18912,20528
18912,20529
33541_14280_13500_14278_10296_33542_32723_14597_14727_8856_54696_32599_20849_32763_30858_30013_10504_14453_12426_10386_32803_14491_13427_14222_14981_13953_21094_30898_30973_30981,20530
17897,20530
16328,20531
17717,20531
44976,20531
314,20532
6941,20532
1667,20533
314,20533
6941,20533
17853,20537_20535
18171,20538
21656,20539
18201,20539
21657,20540
23283,20541
18172,20541
21069,20541
36595,20542
18172,20542
18172,20543
1881,20544
21680,20544
17592,20545
1881,20545
20683,5410_20546
5328,20548
18944,6248_20549_16785
5207,20550
1416,20550
3578,20550
18944,20550
5207,20552
18944,20552
8346_20553,20554
11224,20559
2217,20560
2728,20560
16708,20560
5060_4510_3591,20561
5060_4510_3591,20562
5060_4510_3591,20563
19092,20567
19147,20568
19207,20569
19362,20571
42489,20573
20539,20574
3000,20574
5477,20575
18882,20576
2406,20576
18202,20577
3751,20577
21166,20579
5040,20580
44335,20581
6359,20581
21629,20582
644,20582
636,20582
19040_20226,20583
2280,20584
44976,20584
20584,20585
2242,20586
10604_10602_15720_15719_18660_15721_15715_15716_15717,20587
21117,20588
6359,20588
21209,20589
18201,20589
5113_5550_5108,20590
44965,20591
4335,20592
5087,20592
24623_18751,20592
24666,20593
3569,20594
3620,20594
44965,20595
24338,20596
4993,20596
3954,20597
3951,20597
5020,20598
2242,20599
20683,20600
2258,20600
6009_19956_20069,20601
100120,20601
425,20604
425,20605
3847,20606
15650,20632_20631_20630_20627
19117,20632_20631_20630_20627
6025,20628_20629
15707,20628_20629
4992,20633
16642,20634
20665,20635
21322,20635
20633,20635
20634,20635
19146,20636
19146,20637
5105_5012,20638
19040_20226,20639
6009_19956_20069,20640_5134
5070,20641
5087,20641
19741,33281_8263_33004_13131_9889_4691_20642
20836,20643
3987,20644
15760_18908_15759,20644
426,9816_11877_12679_14040_9817_12676_20848_8156_9818_12859_9815_19026_20645
462,20646
15760_18908_15759,20646
5586,20646
3847,20647
21674,20648
20068,20648
4433,20649
20656,20649
5040,20650
643_21049_2198,20650
1528,20651
20650,20651
15864,20651
24746,20652
20650,20652
1704,20653
15867,20653
4970,20653
40679,4010_20654_381
20657,20656
18352,20656
10150_4958_5096_6082_500_514,20657
17341,20657
4010_20654_381,20658
4030,20658
4010_20654_381,20659
2631_2628_2620,20660
18078,20661
16093,20662
37255,20662
20664,20663
4992,20663
5070,20664
4992,20665
19338,20666
8803,20667
2132,20669
5289,20669
649,20669
376,20669
100240,20670
5385,20672
20672,20673
473,20673
5385,20674
5053,20675
5020,20675
5385,20676
20683,5365_20677
5365_20677,20678
5365_20677,20679
20683,20680
2465,20680
1,20683
4245,20685
20683,20686
1039,20686
4245,20687
5098,20688
21674,20689
1627,20689
18177,20690
4320,20690
18251,20693
5154,20693
521,20694
3389,20694
6497,20695
5066,20696
42976,20696
5138,20697
3389,20697
461,20698
5528,20698
688,20698
56803,20699
45022,20699
426,20702_44742
7239,20702_44742
20076,20703
16146,19947_10868_20704_21142_11634
20573,20705
2181,20706
5365_20677,20707
5559,20708
4678_18335,20709
45013,20710
21166,20710
1328,20711
9637,20714
20573,20715
8686,20717
14097,20718
425,10619_10358_20720
17324_13219_9430_8660_44_24300,10619_10358_20720
17754,10524_20721
425,10524_20721
20573,20722
2280,20725
5113_5550_5108,20731
100120,20731
3847,20732
15333,20732
13028,20734
8455_9673_10056_9672_11585_11436_9669_19079_1516_16224_14753_18218,20737
9945,20741
19460,20743
15110,20745
426,20745
20937,20746
9926,20746
9092,20750_20749
9696_14545_12904_14521_14685_13526_30936_30034_12721_10682_18126_20074,20752
5718,20753
5020,20754
18925_700,20757
11876_10826,20759_12843_12763
4641,20760
4693,20760
5341_2529_2656_2939_2956_4091,20760
20760,20761
4993,20764
33352,20765_20766
5693,20767
19117,20768
425,20768
37940,20768
5365_20677,20768
20044_20046_15244_20047,11801_20770_18996_20771
11876_10826,20772
43327,20773
3847,20769_20763_20774
21678,20776
5569,20779
21147,20779
6025,20781_14960
44976,20781_14960
2508,20782
11810,54602_20790
7379,12044_20791_7380_32904_18102_4686
3847,20792
5008,20794
2570,20797
5626,20799
2562,20800
2169,20801
20794,20801
20799,20804
4993,20804
36976,20805
20799,20805
992,20806
21657,20807
3125,20808
2696_20809,20808
24988,2696_20809
19289,20810
15448,14064_7415_14496_14065_14194_14364_14063_14066_14356_20811
3394,20812
21447,20813
20808,20813
2696_20809,20813
6580,20814
6328,20815
6580,20816
6580,20817
3394,20818
426,7157_14028_16675_7364_32750_20820_30847_32751_13698
11128,7157_14028_16675_7364_32750_20820_30847_32751_13698
6580,20823
21166,20830
5728,20830
15620,20831
5267,20831
43008,20831
6025,20831
19721_19720,20831
19589,20831
18963,20835
20573,20836
5504_1479,20838
3847,20840
3847,20841
5504_1479,1217_20843
3847,20853
66,20858_32869
21059,20860
5504_1479,20860
24355,20863
4382,20863
5504_1479,20863
24355,20866
43424,20866
5504_1479,20866
4821,20866
5113_5550_5108,20920
11348,60550_9893_29130_8266_11187_14090_32603_32785_19673_19674_20927_11813_12059_17531_17532_17533_17534
3847,20937
17415,20937
2041,20944
43885,20944
5135,20947
43885,20947
5113_5550_5108,20950
43885,20950
5838,20959
5943,20959
5297,20971
4277,20971
4382,20974
5280,20977
21539,20979
20979,20980
5267,20983
19050_4781_44348_44349,20989
18454,8514_8512_8515_8516_10669_19683_21002_17460
18454,21003
839,21003
18454,14798_7217_7218_14032_7219_20701_7222_7216_7221_7223_11757_7220_12658_13244_19679_19677_7215_19676_21004_19678_22599
15620,21005
15329,21005
7140,21008
521,21009
44964,21009
6282,21010
5341_2529_2656_2939_2956_4091,21010
6414,21010
1595,21011
44975,21016
21197,21017
12127_13390_14144_12193_13161_9676_14977_30014_12248_14900_11787_14474_12652_12699_29136_11028_14788_11968_29133_11170_9683_11423_9675_14129_13162_13440_9677_14142_14782_13297_12034_15152_15151_16971,21018
20605,21019
17304,21019
15465,21021
17663,44330_13827_13828_7868_21022_17658
19058,44330_13827_13828_7868_21022_17658
19253,44330_13827_13828_7868_21022_17658
19154,21023
15979,21024
7329,21025
24255,21026_19277
19278,21027
21026_19277,21027
19283,21028
21026_19277,21028
19286,21029
21026_19277,21029
20950,21033_21032
3382,21033_21032
21201,21033_21032
5608,21033_21032
21027,21034
4907,21034
5093,18855_21036
5564,21038
21038,21039
2356,21040
21223_385_6180,21040
21065,21041
16238,21041
21193_17046,21042
5070,21043
21043,21045
21100,21046
21045,21046
5078,21047
21046,21047
5165,21048
3079,21048
2187,643_21049_2198
21148,643_21049_2198
21148,21050
1433,21050
32767_32771_8192_7273_11544_11121_13602_448,21052
44995,21052
18729,21053_6104
473,21053_6104
21052,21053_6104
21080,21053_6104
43218,21053_6104
6239,21053_6104
2129,21054
5089,21054
16362_21057,21056_44300_21055
18188,16362_21057
15185,16362_21057
21118,16362_21057
17128,16362_21057
2254,21058
23370,21058
24505,21059
44980,21060
19117,7039_7245_18975_21061_8075
426,7039_7245_18975_21061_8075
42983,7039_7245_18975_21061_8075
16756,7039_7245_18975_21061_8075
15356,7039_7245_18975_21061_8075
5401,21063
5575,21063
21257,21064
24499,21064
18729,21064
23603,21064
21052,21064
2785,21064
43218,21064
6239,21064
2037,21065
20641,21065
5070,21066
2118,21066
21386,21067
18201,21067
21148,21068
5558,21068
2082,21069
4992,21069
4667,21070
6284,21070
20641,21071_2354
4382,21071_2354
5626,21072
44993,21072
32767_32771_8192_7273_11544_11121_13602_448,21072
2254,21073
45024,21074
21074,21075
5079,21075
21040,21076
5070,21077
24276,21078
2363,21078
5070,21079
24296,21080
5385,21080
21016,21081
44980,21081
19385,21081
44977,21081
6801,21082
24417,21084
24458,21084
21223_385_6180,21085
4298,21085
2021,21086
21192,21086
16642,21088_4373
1406,21089
5872,21089
3570,21090
3982,21090
6349,21091
2533,21091
2369,21091
2156,21092_645
21148,21092_645
3847,33541_14280_13500_14278_10296_33542_32723_14597_14727_8856_54696_32599_20849_32763_30858_30013_10504_14453_12426_10386_32803_14491_13427_14222_14981_13953_21094_30898_30973_30981
5046,33541_14280_13500_14278_10296_33542_32723_14597_14727_8856_54696_32599_20849_32763_30858_30013_10504_14453_12426_10386_32803_14491_13427_14222_14981_13953_21094_30898_30973_30981
3996,21095
5626,21096
652,21097_21099_4253
620,21097_21099_4253
2061,21097_21099_4253
21096,21098
21098,21097_21099_4253
21350,21100
2657,21100
4210,21101
15066,21101
21259,21102
5078,21102
21066,21102
43693_13209_4790_21104,21105
3847,21106
21197,21106
19117,13652_12179_8062_21107
3406,13652_12179_8062_21107
5156,21108
3064,21109
4041,21109
4972,21110
2381,21110
21634,21110
4184_1926,21111
21066,21111
5836,21112
3319,21112
5275,21113
643_21049_2198,21114
2051,21114
4990,21115
4990,21116
20641,21117
21350,21117
5275,21117
21223_385_6180,21118
5020,21118
2082,21119
2082,21120
21080,21121
19060,21123
21038,21123
2263,21124
5047,21124
5328,12709_13376_14059_14635_12408_13783_7996_9630_21129_170_11589_24549
2525,21130
2731,21131
1421,21131
4245,21131
18029,21133
6504,21133
20599,21133
2247,21134
20599,21134
5374,21138
621,21138
2129,21138
16105,19947_10868_20704_21142_11634
5070,21143
21635,21143
2229,21144
21199,21145
21668,21146
1,21147
2263,21148
6054,21148
5093,21154
12983_14669_12464_13002_7362_14427_10905_11987_10969_13348_14153_14372_11355_12483_11395_13786_11564_11143_14068_15993,10566_10335_10245_21155
425,10566_10335_10245_21155
3381,19835_21156
15144,19835_21156
21166,21157
4277,21157
2345,21157
4778,21158_1125
4277,21158_1125
4277,21159_1575_1837
5247,21160
6032,21160
4277,21160
5280,21161
4277,21161
5066,21162
5240,21163
21066,21163
2036,21164
21166,21164
4970,21165
1,21166
21166,21167
5336,21167
5106,21168
6500_3096_2323,21169
10979,21171
10979,21172
23557,21175
7019,21175
5608,21175
1,21178
5066,21179
10209_11346_721,21180
6504,21180
3847,21181
1531,21181
21184,21183
5113_5550_5108,21184
5066,21187_11237_11470
5020,21189
5066,21190
100342,21191
16698,21191
6999,21192
21223_385_6180,21192
5586,21192
21248,21193_17046
1,21194
21194,21195
21194,21196
21194,21197
1,21199
24294_24295,21201
2406,21201
5441,21202
5271,21202
21206_1212,21203
5441,21204
5042,21205
24623_18751,21205
21204,21206_1212
44980,21208
4907,21208
24757,21209
21350,21209
5267,21209
20641,21210
2567,21210
6130,21211
5560,21211
5917,21218
21353,21218
5328,21220
5586,21220
2633,21221
1563,21221
24625,21222
21220,21222
4335,21223_385_6180
5070,21223_385_6180
21225,21224
2289,21224
21220,21225
2661,21225
2082,21227
5495,21227
21211,21228
21224,21229
2970,21229
2256,21230_632_42487
21248,21231
21220,21231
5283,21231
21211,21232
2082,21232
3081,21232
100070,21232
21205,21233
5586,21233
2545,21234
6130,21234
2776,21235
21233,21235
21227,21237
21220,21238
942,21238
21066,21239
4184_1926,21239
5586,21240
21223_385_6180,21240
1165,21240
21223_385_6180,21241
44992,21241
44987,21241
5586,21241
21368,21242
5899,21243
21368,21243
21368,21244
1597,21244
21223_385_6180,21245
6858,21245
5586,21245
21223_385_6180,21246
5070,21248
5071,21248
21223_385_6180,21249
4748,21249
5586,21249
21246,21250
20592,21250
44986,21250
5586,21250
931,21251
21353,21251
2514,21253
5281_12365_12366,21253
21353,21254
21080,21257
4634,21257
21351,21257
21225,21258
24296,21258
1898,21258
6054,21259
3105,21259
5071,21260_16172_16173_16174
502,21271
527,21271
19117,20751_5469_15914_21272
21486,21273
1572,21273
21605,21275
2536,21275
2363,21276
21524,21276
6286,21279
4724,21279
6286,21280
21331,21280
21541,21281
3645,21281
3514,21282
3510,21282
6298,21283
3578,21283
3518,21283
3514,21283
4647,21284
6481,21284
4647,21285
21327,21285
4473,21287
4696,21287
21288,21287
372,21288
5216,21288
4663,21289
6029,21289
21289,21290
3196,21290
3970,21291
4716,21291
3972,21292
4716,21292
4716,21294
3834,21294
4732,21296
5519,21296
372,21297
15459,21297
372,21298
44926,21298
374,21299
3090,21299
44926,21300
4971,21300
2482,21301
2058,21301
4251,21303
21223_385_6180,21303
2974,21309
5627,21310
21351,21310
21360,21311
21069,21311
36591,21312
2817,21312
2898,21313
2236,21313
2235,21313
5517,21315
5375,21315
4669,21316
4727,21316
21370,21316
1657,21317
2913,21317
5627,21320
2516,21320
21383,21320
3059,21321
21385,21321
2714,21322
16743,21322
21388,21323
3274,21323
7576,21324
7576,21325
7576,21326
4993,21327
4192,21327
44926,21329
44925_3212_371,21329
4611,21329
4700,21331
6284,21331
6834,21333
44925_3212_371,21333
5046,21334
5522,21335
920,21335
44926,21337
6998,21337
44925_3212_371,21339
4719,21339
2406,21340
2038,21343
21320,21343
6181,21343
21246,21345
6181,21345
24582,21348
2329,21348
5070,21350
651,21350
5586,21351
2654,21353
21148,21353
2616,21354
654_21581_44334,21354
21350,21355
21223_385_6180,21355
3749,21355
21223_385_6180,21357
1142,21357
5586,21357
21246,21358
20592,21358
5586,21358
2082,21360
1223,21360
21246,21364
20592,21364
5586,21364
21233,21366
3276,21366
11996,21367
21357,21368
44992,21370
21357,21370
21374,21372
21374,21373
21211,21374
4251,21375
2866,21375
18056_6572_16767_43923_16769_16770,21377
470,21378
21209,21378
21209,21379
21381,21379
21209,21380
24643,21380
21350,21381
474,21381
24757,21381
21223_385_6180,21383
6858,21383
5586,21383
21662,21385
43707,21386
21350,21386
21350,21388
21350,21389
18729,21389
21052,21389
5561,21389
21080,21389
43218,21389
21111,21390
5079,21390
24634,21392
5079,21392
1433,21394
5079,21394
2263,21396
5079,21396
21392,21398
1593,21398
21392,21400
3409,21400
21235,21402
5079,21402
23369,21404
1735,21404
5079,21404
1735,21408
5079,21408
23369,21412
1735,21412
6858,21412
5079,21412
5281_12365_12366,21416
5079,21416
1735,21418
5079,21418
4382,21420
5079,21420
5094,21424
2531,21424
21333,21427
10150_4958_5096_6082_500_514,21427
21343,21429
10150_4958_5096_6082_500_514,21429
4645,21431
10150_4958_5096_6082_500_514,21431
5106,21437
21449,21437
631,21439
627,21439
21451,21439
17611,21439
652,21440
2531,21440
21076,21441
21470,21441
24339,21443
630,21443
3062,21444
24634,21444
5165,21445
21245,21445
4109,21446
21071_2354,21446
21461,21446
21348,21447
625,21447
21085,21449
21223_385_6180,21449
21209,21450
629,21450
634,21450
21211,21451
628,21451
652,21452
21454,21452
21238,21452
21231,21453
21454,21453
21220,21454
633,21454
5165,21455
21351,21455
21578,21456
636,21456
634,21456
21065,21457
382,21457
625,21458
6895,21458
21355,21459
21223_385_6180,21459
634,21459
5165,21460
21357,21460
21358,21461
21523,21461
382,21461
21444,21462
2165,21462
627,21463
21360,21463
5694,21464
2278,21464
21464,21465
1236,21465
2513,21467
3719,21467
21511,21468
21237,21468
3046,21469
21462,21469
5165,21470
21040,21470
21251,21471
21230_632_42487,21471
3319,21472
625,21472
3283,21473
625,21473
21233,21474
633,21474
4756,21475
633,21475
382,21475
21240,21476
633,21476
631,21477
4047,21477
633,21477
382,21477
5375,21478
21523,21478
382,21478
21523,21479
21364,21479
21223_385_6180,21479
382,21479
21445,21480
5286,21480
21244,21481
21492,21481
21474,21482
21366,21482
1757,21483
631,21483
633,21483
382,21483
631,21484
6850,21484
633,21484
382,21484
21454,21485
21224,21485
21485,21486
21229,21486
21258,21487
21454,21487
43218,21487
629,21487
21222,21488
21454,21488
2381,21489
21440,21489
6963,21490
21440,21490
636,21491
21086,21491
21368,21492
21460,21492
21460,21493
21370,21493
21243,21494
21492,21494
21242,21495
21492,21495
21249,21496
652,21496
21451,21497
21374,21497
21218,21498
21230_632_42487,21498
21451,21499
2913,21499
36696,21500
630,21500
3062,21501
4251,21501
21253,21503
21223_385_6180,21503
21450,21505
21378,21505
628,21506
21234,21506
21228,21507
21451,21507
21514,21508
21379,21508
21450,21508
21380,21509
636,21509
21450,21509
21259,21510
625,21510
627,21511
21227,21511
627,21512
5197,21512
630,21512
634,21512
21250,21513
21523,21513
382,21513
629,21514
21381,21514
634,21514
631,21515
1764,21515
633,21515
382,21515
2353,21516
21071_2354,21516
21210,21517
382,21517
21445,21518
5286,21518
5165,21520
21383,21520
21386,21521
634,21521
631,21522
21580,21522
5165,21523
21246,21523
5165,21524
21241,21524
21254,21525
21230_632_42487,21525
628,21527
16743,21527
620,21528
21388,21529
634,21529
21071_2354,21530
933,21530
5167,21531
21117,21531
5167,21532
21510,21532
2883,21533
5369,21533
386,21533
15068,21534
6162,21534
19954,21535
5369,21535
5617,21537
15459,21537
6006,21538
10150_4958_5096_6082_500_514,21538
6499,21539
2297,21539
6499,21540
21117,21540
43218,21541
21453,21541
6500_3096_2323,21541
21487,21542
6500_3096_2323,21542
21491,21543
6500_3096_2323,21543
2616,21545
3939,21545
3266,21546
2542,21546
3664,21559
21166,21562
5240,21568
12127_13390_14144_12193_13161_9676_14977_30014_12248_14900_11787_14474_12652_12699_29136_11028_14788_11968_29133_11170_9683_11423_9675_14129_13162_13440_9677_14142_14782_13297_12034_15152_15151_16971,20336_13072_13071_13677_21569
21092_645,21576
21251,21576
21089,21577
3098,21577
5843,21577
21350,21578
5172,21578
44967,21579
19060,21579
23369,21580
24653,21580
21223_385_6180,21580
6858,21580
5070,654_21581_44334
5854_3900_16663,654_21581_44334
21440,21582
21143,21583
2531,21583
6327,21588
3876,21588
20176,21588
21454,21605
21440,21605
2235,21605
8420,21607
3382,21607
21605,21627
3110,21627
43218,21627
2407,21627
21230_632_42487,21629
45044,21629
44987,21630
5106,21630
5586,21630
19781,21631_21633
21632,21631_21633
21211,21632
21374,21631_21633
5626,21634
2531,21634
21195,21635
21147,21635
21042,21636
21042,21637
21637,21638
21636,21638
21637,21639
100342,21640
5113_5550_5108,21641
2263,21642
4869,21642
8638,21643
1221,21644
1221,21645
21254,21650
19496,21650
21003,8513_11984_21651_12447
4970,21652
2523,21653
2523,21654
2523,21655
5040,21656
6055,21657
21068,21657
5385,21658
4993,21659
21201,21660
5010,21661
5311,21661
5304,21662
2887_2886,21662
6406,21663
10150_4958_5096_6082_500_514,21663
20592,21664
5042,21664
473,21664
15236,21664
5113_5550_5108,21666
21166,21666
21205,21666
5244,21667
21668,21667
1,21668
1,21669
21669,21670
2254,21670
21669,21673
21669,21674
100321,21674
21674,21677
21667,21677
5113_5550_5108,21678
5113_5550_5108,21679
21679,21680
5113_5550_5108,21681
5039,21681
21681,21682
5113_5550_5108,21682
20776,21697
5323,21697
2494,21698_21699
21698_21699,21702
1152,21702
1824_3335_4224_4372_6645,21718
2122,21718
21698_21699,408_21720
2263,21722
21668,21722
1433,21723
21668,21723
44965,21726
9761,21726
473,21727
24278,21736
6547,21739
5113_5550_5108,21742
44013,21742
6909,21745
5287,21745
6032,21746
6938,21746
5113_5550_5108,21747
5240,21750
2254,21752
1609,21758
2254,21761
18230,21762
21166,21765
5071,21765
6955,21777
24355,21783
2258,21783
21680,21783
24355,21804
5960,21804
6052,21804
19695_19696,21805
21809,21808
44872,21809
6625,21811
21489,21812
18687,21824
5631,21826
2254,21829
5516,21834
2254,21836
2320,21838
14720_20250_16646,21838
18609,21838
7315,21838
5113_5550_5108,21839
8797,21845
2254,21849
4907,21851
8661,21851
1476,21856
5240,21856
20325,21879
2254,21895
6862,21895
5473,21895
20688,21896
473,21896
5267,21902
2254,21905
7145_21908,21907
29001,21913
5093,21913
2254,21915
4736,21915
2254,21918
2254,21921
5240,21921
942,21921
4323,21921
1044,21923
9047,21923
21166,21925
270,21925
8779,21927
5027,21927
24610,21932
21201,21932
5459,21932
5657_240,21935
5459,21941
18076,21943
19117,21944
37940,21944
5365_20677,21944
24417,21945
2409,21945
24294_24295,21948
18076,21948
601,21950
6877,21950
569,21950
17841,21952
2406,21952
24355,21953
2771,21953
6052,21953
20377_20376_20373_20372_20379_20378_21548_18610_18611,21957
4184_1926,21960
21166,21960
2254,21962
2254,21964
16608,21964
5287,21964
1150,21966
2254,21966
2254,21969
6499,21977
2884,21979
13017_11452_10206_11549_13649_7805_14384_13650_13514_14027_14390_7806_32649_11932_18914_3037,21979
14798_7217_7218_14032_7219_20701_7222_7216_7221_7223_11757_7220_12658_13244_19679_19677_7215_19676_21004_19678_22599,21994
29000,22007
2254,22011
2254,22013
5381,22018
2254,22018
6816,22018
5093,22018
2320,22020
19117,22020
24255,22020
43005,22020
508,22020
17341,22022
8779,22025
2562,22025
24237,22025
5113_5550_5108,22034
15760_18908_15759,22037
1029,22055
21192,22057
2531,22057
1836,22060
1476,22060
9022,22060
508,22067
2254,22070
2254,22071
2254,22089
508,22094
2407,22096
2076,22098
5280,22103
2917,22109
21034,22113
2254,22140
5287,22151
24467,22171
19040_20226,22173
19040_20226,22174
19040_20226,22177
19040_20226,22178
19040_20226,22180
5001_4966,22196
5083,22205
6816,22208
2254,22220
5560,22236
2036,22293
5385,22293
5559,22308_22880
7405,22311
6025,22316
2254,22316
4736,22321
6525,22323
15188,22330
19052,22330
19052,22333
2254,22337
2637,22338
8428,22349
2254,22357
19512,22357
2254,22380
6736,22394_42491
22410,22397
2254,22398
22410,22399
22410,22400
2254,22401
2254,22402
2254,22403
22410,22404
22410,22405
22410,22407
5308,22409
5240,22409
5308,22410
19117,22410
5283,22410
2254,22413
2254,22414
2254,22417
10962_7758_14622_19272_6588_18865_17667_17673_17672_44663,22417
9561_17732_17733,22424
2254,22425
2254,22428
24239,22430
10001_19287_23046_23048,22432
2254,22435
19065,22444
6499,22453
5627,22454
44999,22454
16982,22454
2254,22456
2254,15201_22457
2254,22458
2254,22461
2254,22462
2254,22465
19052,22468
2254,22470
2254,22471
42981,22471
32783_24523_13902_3803,22471
19052,22481
2254,22496
2254,22500
2254,22504
2254,22509
2254,22510
2254,22513
587,22518
2467,22518
4496,22519
30701,22519
5784,22529
5269,22535
2021,22538
4844,22538
2254,22545
2254,22546
2254,22551
7405,22552
2254,22553
2254,22555
2254,22556
2320,22557
12413_10261_13734_10671_14229_16073,22557
19117,22557
2427,22557
15374_3346_100248,22559
1572,22560
20225,22567
2254,22568
15986,22572
8867,22573_22574
2254,22575
2254,22576
2254,22577
4986,22578
2254,22580
18230,22586
18230,22587
2254,22587
2254,22598
2254,14798_7217_7218_14032_7219_20701_7222_7216_7221_7223_11757_7220_12658_13244_19679_19677_7215_19676_21004_19678_22599
2254,22602
2254,22603
2254,22605
21147,22606
24235,22607
21050,22607
11375,22608
2254,22608
5070,22609
2254,22610
10001_19287_23046_23048,22611
2254,22612
2254,22613
2254,22615
6687,22618
15974,22620
12123_54559_8909_26765_14904_11291_26729_30043_15286_18292_18293_5500_5501,22622
5105_5012,22623
2254,22633
2254,22634
2026,22636
2254,22639
5369,22642
21079,22642
2355,22643
2254,22644
2254,22645
2254,22646
2254,22647
2254,22648
2254,22650
4994,22653
2254,22654
2254,22655
19052,22655
2254,22656
2254,22662
2254,22666
20225,22672_22673
2254,22675
2254,22682
2254,22685
2427,22687_4742
5559,22687_4742
2254,22691
2254,22693
2254,22694
6497,22697
1168,22699
1169,22700
2254,22712
19142,22714
2254,19718_22723
19718_22723,22729
2254,22733
2254,22734
5262,22735
5275,22736
10557,15429_22737
2254,22739
2254,22740
4979,22742
15926,22745
19040_20226,22746
5093,22749
19040_20226,22752
19188,22752
20583,22754
8434,22754
19040_20226,22755
19040_20226,22756
19040_20226,22757
19040_20226,22758
19040_20226,22759
19040_20226,22760
2254,22761
19040_20226,22761
19040_20226,22762
2254,22765
2254,22769
2254,22770
2254,22771
5055,22772_23067
2254,22775
2254,22776
2254,22777
2254,22778
2254,22779
2254,22780
2254,22781
2254,22782
2254,22785
2254,22786
2254,22787
2254,22790
2254,22791
21668,22792
812,22792
20639,22794
19052,22795
2254,22798
5492,22799
2254,22800
2254,22802
2254,22803
2254,22804
2254,22805
2254,22809
2254,22810
2254,22812
44980,22812
3832,22812
44977,22812
2254,22815
2254,22817
2254,22818
2254,22819
2254,22820
2254,22821
2254,22822
2254,22823
2254,22824
2254,22825
22825,22826
2254,22831
2254,22832
5109,22839
13017_11452_10206_11549_13649_7805_14384_13650_13514_14027_14390_7806_32649_11932_18914_3037,22841
989,22843
2254,22843
10634,22846
2254,22849
2254,22851
2254,22854
2254,22855
2254,22858
5267,22859
2254,22862
2254,22863
2254,22865
2254,22866
2254,15203_19825_22869
2254,22871
5560,22871
2254,22872
5560,22872
2254,22873
5560,22873
2254,22874
5560,22874
2254,22875
2254,22876
2254,22308_22880
24238,22308_22880
2254,22883
2254,22884
2254,22887
11015_12527_14799_14673_12489_12260_12665_11104_14565_14075_13484_7279_7287_14111_13744_10544_32735_12395_13411_10948_7278_12688_14110_12336_7288_7282_7280_7283_7286_11547_12437_7290_11413_12701_7281_7285_13859_7284_11162_5129_45050_11587_11591_11808_13067_12175,22888
2254,22889
11481_10903_10929_44315_14705_15467_15337_15469,22890
11481_10903_10929_44315_14705_15467_15337_15469,22891
11481_10903_10929_44315_14705_15467_15337_15469,22892
11481_10903_10929_44315_14705_15467_15337_15469,22893_22895
11481_10903_10929_44315_14705_15467_15337_15469,22894
11481_10903_10929_44315_14705_15467_15337_15469,22896
11481_10903_10929_44315_14705_15467_15337_15469,22897
11481_10903_10929_44315_14705_15467_15337_15469,22898
2254,22899
15778,22900
1409,22901
5011_5535,22901
5576_19606,22904
5093,22907
2254,22908
2254,22909
18168_19033_18167,22912
2254,22913
2254,22916
44980,22919
44977,22919
2254,22926
17121,22930
19589,22932
508,22934
2254,22936
2254,22937
2254,22938
2254,22941
2254,22942
2254,22945
2254,22946
14275_13247_30056_24525_1083,22948
19052,22949
19052,22953
44976,22953
2254,22960
2254,22968
2254,22971
620,22972
2254,22975
2254,22977
2254,22978
2254,22981
2254,22982
5380,22983
24476,22985
21462,22985
6500_3096_2323,22985
5070,22986
2254,22989
2254,22990
19934,22991
4782,22993
40870,22993
2320,22998
8779,22998
19942,22998
2254,22999
2254,23000
2254,23002
3847,23003
44989,23003
2254,8636_23005
4994,23006
3225,23007
2254,23007
5275,23011
2254,23013
2254,23015
2254,23016
2254,23017
2254,23018
2254,23019
2254,23020
2254,23021
2254,23022
4926_1610_4925,23023
2254,23030
2254,23031
2254,23035
21668,23035
2254,23038
24240,23039
21034,23043
10001_19287_23046_23048,23043
10001_19287_23046_23048,23045
2254,23050
2254,9156_23052
6496,23054
508,23059
2254,23061
2254,23062
2254,23066
2254,23068
2254,23069
2467,23069
24654,23069
5747,23071
6032,23073
6617,23076
6552,23076
2254,23079
2254,23083
2254,23084
5070,23089
2254,23091
21146,23093
1910,23094
2254,23098
19040_20226,23099
2254,23100
2254,23101
2254,23102
5516,23106
2254,23111
5575,18604_23113
17128,18604_23113
9692,23119
3847,23121
3847,23122
5159,23122
2254,23124
12516_9559_14608_15483,23129
2254,23133
24250,23134
2254,23137
2254,23138
2254,23140
2254,15660_23142
17375,23143
2254,23143
2254,23147
42974_100197_100203_100204_100205,23147
16511,23147
2254,23148
16677,23148
24388,23149
5569,23152
5385,23152
18076,23153
2254,23154
2254,23155
2254,23157
2254,23158
922,23158
5113_5550_5108,23161
4496,23161
5904,23164
5113_5550_5108,23164
2654,23165
1283,23165
2254,23167
2254,23170
2254,23171
1819,23171
2254,23175
29000,23176
7534,23182
2254,23186
2254,23188
16086,23188
44989,23188
2254,23193
2254,23194
2254,23196
2254,23197
2254,23199
2254,23200
2254,23201
2254,23203
2254,23204
11486_12279_19950_20121_23595_18281,23204
19954,23206
21120,23206
2254,23208
14250,23209
9256,23209
2254,23212
2254,23214
2254,23221
19117,23224
17768,23224
2254,23226
4782,23227
2254,23230
2815,23232
5073_44794,23235
6499,23238
2254,23240
11481_10903_10929_44315_14705_15467_15337_15469,23243
426,23243
6602,23246
8383,23249
9114,23250
2254,23255
9294_13291_10598_13091_10362_9868_9295_9293_9290_9291_2413_2412,23258
2908,23263
2254,23267
2254,23272
2367,23275
19721_19720,23275
8903,23275
21540,23275
19835_21156,23282
6036,23283
21657,23283
2771,23286
15926,23286
2254,23288
2254,23290
5083,23297
29000,23305
2254,23368
44987,23369
24654,23369
45024,23370
5093,23388
2026,23415
17355,9400_9401_23419
19718_22723,23472
21167,23483
16125,23483
2254,23510
8475,23510
9162,23513
2884,23521
20215,23521
6548,23521
21670,23528
5044,23530
12709_13376_14059_14635_12408_13783_7996_9630_21129_170_11589_24549,23538
13099,23538
2254,23540
2254,23541
2917,23543
508,23543
5240,23551
5372,23554
5113_5550_5108,23557
2234,23557
15778,23558
5218,23558
19269,23561
508,23561
13558_14885_30903_13555_8748_13559_13560_13556_13606_11997_13557_19312,23563
2254,23567
2254,23569
9022,23569
20225,23571
19117,23571
508,23571
2254,23573
8547_8546_17042,23573
2254,23575
1008,23575
2254,23577
1008,23577
2254,23579
2254,23581
16044_16064,23581
4747,23581
11266_8056_16107,11486_12279_19950_20121_23595_18281
18955,23597
21071_2354,23597
2363,23597
5516,11530_8620_7977_23599
3847,23603
5854_3900_16663,23603
2254,23605
2254,23607
2254,23609
5105_5012,23619
2254,23628
44965,23628
5218,23628
2519,23628
1584,23642
2038,23644
6591,23646
17841,23646
19562,23646
2406,23646
2343,23650
5093,23679
6239,23682
24623_18751,23682
37940,23682
15071,23682
2254,23696
7041,23699
7339,23704
6298,23726
5744,23726
3615,23757
2254,23809
2146,23820
8006,23820
1280,23833
16047_17202_17203,23865
4903_3085_1465_33821,23865
5283,23868
2254,24171
5071,6676_24182_24183
6580,24227
6580,24228
6580,24229
2254,24234
37254,24235
6054,24235
19117,24237
5559,24237
5560,24238
5559,24238
4995,24239
21147,24239
5524,24240
5506,24240
24240,24245
24247,24246
24666,24246
21110,24246
2090,24247
21489,24247
6592,24249
19293,24249
6547,24249
24249,24250
18020,24251
15368,24252
15653,24252
508,24252
3847,24255
5093,24255
20128_20129,24257
24237,24257
24263,24262
2254,24263
5275,24263
7473,24265
254,24268
43424,24270
5135,24270
5020,24270
4664,24271
24270,24271
5644,24275
1955,24275
5626,24276
10120_8555_14837_8556_30867_14536_12775_10743_2049_4680,24277
5292,24278
5538,24278
5578,24280_18456
24280_18456,24281
3756,24282
18364,24282
17280,24283
21201,24283
6552,24283
24610,24283
6607,24284
17280,24284
24610,24284
19464,24285
21080,24286
629,24286
16230_24291,24287
24431,24288
2025,24290
24239,16230_24291
4335,24292
5079,24292
147,24293
5113_5550_5108,24294_24295
5093,24294_24295
24757,24296
1,24297
6873,24298
44980,33640_20723_10931_10186_19642_9924_24299
5520,33640_20723_10931_10186_19642_9924_24299
5520,17324_13219_9430_8660_44_24300
6504,24301
226,24301
43424,1191_24302_24303
44991,1191_24302_24303
2875,1191_24302_24303
19269,24304
5804,24305
6504,24305
6504,24306
6040,24306
2243,24307
2051,24308
2322,24310
4298,24310
44967,24311
2129,24311
24311,24312
5113_5550_5108,24313
5570,24314
5135,24314
16047_17202_17203,24315
20947,24315
3117,24316
21668,24317
5113_5550_5108,24318
24619,24318
21233,24320
2467,24320
24322,24321
5066,24322
18327,24323_24325
2295,24323_24325
4230,24326
21457,24326
2373_6674,24326
3308,24326
5300,24327
1106,24327
5441,24330
21666,24330
5575,24331
6181,24331
6960,24333
21667,24333
5244,24334_6940
5885,24335_1895
5215,24336
4970,24336
643_21049_2198,24336
37254,24337
21066,24337
24276,24338
2334,24339
4928,24339
21231,24340
5072,24340
21231,24341
6547,24343
6547,24344
6547,24345
6547,24346
6547,24348
6547,24349
6547,24350
24255,24351
8251,24351
24355,24352
5113_5550_5108,24352
5132,24354
6012,24354
5087,24355
5113_5550_5108,24355
4731,24356
4731,24357
7147,24358
4731,24358
4731,24359
4731,24360
3406,24361
5937,24363
24361,24363
3406,24376
24361,24377
24361,24378
24361,24379
24361,24381
24361,24382
3050,24386
646,24387
24988,24387
21657,24387
24389,24388
21679,24388
5113_5550_5108,24389
6672,24392
24389,24392
24389,24410
6706,24410
21679,24410
24389,24412
24389,24414
5230,24414
4627,24415
6922,24416
5071,24417
2254,24418
21166,24419
2183,24419
2254,24421
21945,24422
2254,24429
21084,24429
24417,24430
5066,24431
5244,24432
1829,24454
2289,15017_10015_15016_7138_7662_24456_19503
20127,13674_54764_12444_14290_10476_24457_54763_18307
21199,24458
43424,24459
5117,24459
5020,24459
24286,24461
15950,24462
5105_5012,24462
18961,24462
11090,24466_11407_13880
6615,24467
3381,24468
2616,24469
5165,24470
24469,24470
5385,24471
5677,24472
5677,24473
5626,24474
21074,24474
24474,24475
2532,24475
5626,24476
2165,24476
2514,24477
6499,24478
5401,24479
5626,24479
3382,24480
2051,24481
2090,24482
21539,24482
5043,24483
2118,24483
24483,24485
2884,24487
5113_5550_5108,24487
19060,24499
24296,24499
21375,24500
18510,24500
2882,24501
1236,24501
25511,24502
21253,24502
21223_385_6180,24503
19496,24503
21535,24504
1,24505
20573,7126_8468_24512_13192
24255,13398_7728_13397_24516
6559,13398_7728_13397_24516
2249,24518
8004,24529
100225,34022_24530_8029
20605,24551
10627,24551
11457_18266,24557
19625_17311,24559
24266_14878_11827,24560
12061,24562
13311,24565
21674,24571
24572,24571
5046,24572
5217,24573
2242,24574
1,24575
3150,24582
6054,24582
11486_12279_19950_20121_23595_18281,14023_24607_18278
2428,24608
24270,24608
5215,24609
10150_4958_5096_6082_500_514,24609
2195,24609
5135,24610
24294_24295,24610
23369,24611
24653,24611
2022,24611
4985_693_24613_1866,24612
8187_2050_5618_5451_5371_100081_5383_1942_1098_3265_11924_12384,24614
5157,24615
3648,24616
5441,24616
5747,24618
2602,24619
20010,24619
24618,24620
4796,24620
24318,24620
5278,24621
5596,24621
21059,24623_18751
1854,24625
21195,24626
24627,24626
44979,24627
24627,24630
24627,24632
5020,24634
5020,24635
5267,24636
21166,24636
6424,24637
4992,24637
23206,24638
3525,24638
15062,24639
2081,24643
5267,24643
24643,24644
5053,24644
5070,24645
20595,24645
2118,24647
642,24648
1834,24648
3169,24649_3234_3931
16167,24649_3234_3931
649,24649_3234_3931
2109,24649_3234_3931
5298,24650
24650,24651
2156,24652
19060,24653
24654,24653
5586,24653
5381,24654
5042,24654
5904,24655_2133
6955,24655_2133
5575,24656
4699,24656
21321,24658
2862,24658
43424,24659
5055,24659
24634,24659
5814,24659
4972,24660
4972,24661
24661,24662
5484,24662
3363,4429_24663
24575,24664
5044,24664
2145,24665
36976,24666
21634,24666
21440,24666
2013,24673
24666,24673
24882,24674
21058,24674
36511,24676
19004_24675,24676
23206,24677
5048,24677
18874_4643,24685
24715,24686
2522,24686
2367,24711
5853,24711
2386,24711
2528,24715
44335,24715
16717,24744
21079,24744
2601,24746
5070,24757
4995,24757
21228,24797
21117,24813
3578,24857
3514,24857
24746,24857
15864,24861
3927,24863
3927,24864
24879,24868
4202,24868
5215,24873
2290,24873
100010,24876
643_21049_2198,24877
24881,24878
4993,24878
24878,24879
24880,24879
24883,24880
24881,24880
24882,24881
4992,24881
23370,24882
24882,24883
2415,24884
24879,24884
18364,24885
37255,24885
6071,24886
5626,24888
21163,24888
24888,24889
36976,24889
2513,24889
21193_17046,24890
21232,24890
21108,24891
6424,24892
19065,24892
5988,24893
5583,24905
5583,24912
5583,24913
5583,24919
5583,24934
5583,24935
5583,24945
2251,24945
5583,24950
5583,24953
5988,24954
18500,24954
5583,24965
5583,24969
5135,24969
5583,24971
5678,24973
5583,24981
5583,24982
827,24982
5583,24985
6055,24988
383,24988
5583,24990
5583,25003
5583,25013
5583,25028
4842,25028
5944,25028
43424,25028
5583,25030
24294_24295,25030
24990,25061
5747,25062
24990,25062
24990,25066
4664,25082
24969,25082
24945,25085
6011,25085
24919,25086
5909,25087
24990,25087
5794,25089
24913,25089
24905,25095
5136,25095
5794,25096
24913,25096
24913,25100
25013,25102
24905,25113
2428,25114
24969,25114
24990,25129
6751,25129
5747,25130
24990,25130
24905,25135
18076,25135
18076,25136
24913,25136
5687,25138
24990,25138
24965,25139
24913,25149
5429,25149
25013,25152
5909,25155
24913,25155
4652,25159
24990,25159
24913,25163
24905,25167
20158,20793_30134_25193
19117,20793_30134_25193
16106,20793_30134_25193
18949,20793_30134_25193
25082,25263
5973,25263
24950,25263
25114,25270
5989_5697,25270
25114,25271
940,25271
24913,25271
25113,25293
100120,25294
44746,25303
6922,25303
25294,25303
21641,25369
24985,25369
25294,25369
5070,25370
21145,25370
5113_5550_5108,25371
24950,25376
5939,25376
25294,25377
24990,25377
24905,25381
24905,25382
5089,25382
24985,25385
5939,25385
5683,25389
24913,25389
5857,25397
24919,25397
20753,25404
25113,25404
24912,25412
25371,25412
24905,25417
24934,25419
20753,25420
24990,25420
25085,25425
24919,25425
5583,15599_4768_25431
20120,25445
32778_8823_100218_60486_15168,25445
5583,25449
24985,25453
24985,25457
4970,25457
5583,25459
5583,25478
25370,25478
5113_5550_5108,25481
5583,25483
25102,25484
21674,25484
5046,25484
24912,25485
22034,25485
24981,25487
24912,25488
5059,25488
5059,25489
24913,25489
24912,25491
20753,25491
5876,25494
24990,25494
5583,25505
25371,25505
5113_5550_5108,25506
24990,25506
5583,25510
3847,25511
19496,25511
5492,25513
17841,25513
44967,25514
18882,25514
5093,25514
4784,25556
5701,25598
41850,25598
942,25667
5558,25956
5093,26045
100224_100223,32608_32631_32612_26720_32609_32619_32624_32630_32635_32620_30902_32613_32621_32617_32628_32910_32626_32629_26721_32606_32623_32615_32611_32625_32622_32634_32618_32610_32632_32627_32616_32633_33560_32636_30997
3847,26722
10283_10460_30908_10427_10407_15601_10417_10661_10355_10306_10658_10319_10285_10286_10277_10500_10574_10398_10270_10664_10409_10461_10501_10402_10483_10729_19422_19423_19420_19421_19769_19766_19181_100284_17616,26723
20119,26724
3847,26727
20119,26730
20119,26733
25445,26762
12322_12562_7999_7733_13642_12563_7734_9349_16355_19756_16296_11616_12267,26763
20605,26763
20119,26763
33541_14280_13500_14278_10296_33542_32723_14597_14727_8856_54696_32599_20849_32763_30858_30013_10504_14453_12426_10386_32803_14491_13427_14222_14981_13953_21094_30898_30973_30981,26767
3847,26768
10632_33369_33371_10472_14477_32598_10396_32768_33361_13389_14859_14392_33373_32752_32657_14593_32663_14947_13388_14377_32808_14895_30059_13387_32880_33363_32678_13989_33366_10375_13277_33362_14917_14921_14933_14942_30054_14607_14595_14133_33370_14201_32918_14949_32813_14533_14598_10246_33368_15025_14371_54845_14360_13056_13801_14718_14719_32812_32858_30072_14505_14199_14003_14328_15000_33367_33372_15002_12245_30856_32710_32725_33364_33365_14868_29138_32822_12812_32895_14625_34106_33374_100079_14916_14647_100062_25353,26771
3847,26777
17269,10823_7321_9112_26782_8972_14743_15776_15775_19701_8973
6006,27026
2149,27026
5647,27026
5949,27029
6009_19956_20069,27029
100134,27068
14471,27069
6969,27091
1,27749
27749,27750
27749,27751
6573,27766
4957,27772
5061,27772
6025,8742_18542_28226
24503,28618
29001,29000
45028,29001
3847,29131
6025,29134
13081_14054_16537,29134
15974,29134
12127_13390_14144_12193_13161_9676_14977_30014_12248_14900_11787_14474_12652_12699_29136_11028_14788_11968_29133_11170_9683_11423_9675_14129_13162_13440_9677_14142_14782_13297_12034_15152_15151_16971,29135
11688_12138_171_18276_172_173,29135
100228,12127_13390_14144_12193_13161_9676_14977_30014_12248_14900_11787_14474_12652_12699_29136_11028_14788_11968_29133_11170_9683_11423_9675_14129_13162_13440_9677_14142_14782_13297_12034_15152_15151_16971
14854_14293_14470_12380_11832_14603_14853_11761_11032_14594_12975_10973_12090_14740_12902_10915_11058_14283_11519_12083_7424_11673_11389_13632_11103_11226_11102_12974_12086_11159_11074_11031_10963_13823_11660_11893_13305_11708_11994_12030_11625_11350_13114_12023_11568_11920_12976_14738_14291_10817_11480_13593_11657_19587,32911_33258_32917_33668_33665_30058_33260_32802_33259_29137_30998
2525,40500_32824_60724_60627_29140
24321,40500_32824_60724_60627_29140
12123_54559_8909_26765_14904_11291_26729_30043_15286_18292_18293_5500_5501,40500_32824_60724_60627_29140
11160_13119_13978_12060_12327_12670_13210_11067_12903_12293_12376_12375_11767_10965_12460_10967_11602_12002_11762_13386_14363_10933_12452_13365_13250_13826_12445_12326_11360_11392_13985_14739_11351_13489_12421_9076_13738_11279_14675_11286_13249_12485_10986_12420_14428_12170_12091_12442_11364_13984_12418_14237_13010_12355_912_14469_12273_13269_12602_11774_10807_12977_12003_12370_11192_10987_11991_12333_10860_13929_13471_11912_13537_13963_11799_13215_11553_14182_19588_14849,33202_32776_30905_33670_33200_32740_32732_33201_54860_32761_32639_29142_32762_33198_32749_33199
3847,29143
3847,29144
44976,29144
3847,30005
3847,30012
3847,30018
3847,30024
3847,30025
3847,30026
3847,30028
3847,30029
3847,30030
3847,30032
3847,30033
3847,30035
3847,30036
3847,30037
3847,30038
3847,30042
3847,30045
3847,30046
3847,30047
3847,30048
3847,10218_13120_9301_13410_10226_10442_20712_14634_100250_30049_7938_60489_13066_14480
3847,30051
3847,30055
100238,14275_13247_30056_24525_1083
3847,30057
3847,30060
16342_17401_17402_17403,30062
3847,30063
3847,30065
18305,30066
18037,30069
18677,30070
3847,13274_10761_10945_8378_12796_910_11272_13611_14692_10827_13175_44314_32604_33563_13469_13468_13052_14618_14687_14871_12943_54708_13402_14400_12363_10259_19200_13610_12523_14323_13780_8377_13437_44320_13425_10723_30071_11935_13413_12625_13414_13436_13314_12477_10320_13516_13395_11630_14653_14256_13407_13263_32689_11075_14093_10818_12463_10227_8379_13328_14345_32834_11137_14929_32940_13315_13447_10828_13405_13429_11974_12024_12367_15013_36482_10806_13312_32577_12813_10374_11259
3847,30073
3847,8470_30074
20831,30077_60555_60554
19040_20226,11146_18030_13668_18028_19525_30502_19864
4652,30602
30603,30602
5113_5550_5108,30603
4356,30604
24676,30604
2462_3137_1645_1871_3135_3138,30700
601,30700
603,30701
589,30701
4994,30701
603,30702
5311,30702
603,30703
6794,30703
5280,30705
2154,30705
5993,30706
6032,30706
2154,30707
1618,30707
2154,30708
2345,30708
23557,30720
7019,30720
5993,30720
16470,30854_30855
4983,30869
30015_20856_14887_32573_159,30894
2154,30906
2320,14376_13657_54837_30918_20847_13820_14486_13805_30917_12947_7974_13581_14855_30910_14858_30911_14482_14599_12869_30914_13658_30922_13819_14699_30920_13821_12960_30919_13656_14357_14580_30913_30916_13266_13509_14842_14678_13655_14617_12946_30912_100172
43005,14376_13657_54837_30918_20847_13820_14486_13805_30917_12947_7974_13581_14855_30910_14858_30911_14482_14599_12869_30914_13658_30922_13819_14699_30920_13821_12960_30919_13656_14357_14580_30913_30916_13266_13509_14842_14678_13655_14617_12946_30912_100172
15159,14376_13657_54837_30918_20847_13820_14486_13805_30917_12947_7974_13581_14855_30910_14858_30911_14482_14599_12869_30914_13658_30922_13819_14699_30920_13821_12960_30919_13656_14357_14580_30913_30916_13266_13509_14842_14678_13655_14617_12946_30912_100172
15220,14376_13657_54837_30918_20847_13820_14486_13805_30917_12947_7974_13581_14855_30910_14858_30911_14482_14599_12869_30914_13658_30922_13819_14699_30920_13821_12960_30919_13656_14357_14580_30913_30916_13266_13509_14842_14678_13655_14617_12946_30912_100172
508,14376_13657_54837_30918_20847_13820_14486_13805_30917_12947_7974_13581_14855_30910_14858_30911_14482_14599_12869_30914_13658_30922_13819_14699_30920_13821_12960_30919_13656_14357_14580_30913_30916_13266_13509_14842_14678_13655_14617_12946_30912_100172
15802_19502_509,30921
24237,14640_14395_30872_30875_14641_7105_13501_10936_30923
9726,30931_54700_30924_54699_54698
14376_13657_54837_30918_20847_13820_14486_13805_30917_12947_7974_13581_14855_30910_14858_30911_14482_14599_12869_30914_13658_30922_13819_14699_30920_13821_12960_30919_13656_14357_14580_30913_30916_13266_13509_14842_14678_13655_14617_12946_30912_100172,30934
100294_31230,30935_30937_30974
33541_14280_13500_14278_10296_33542_32723_14597_14727_8856_54696_32599_20849_32763_30858_30013_10504_14453_12426_10386_32803_14491_13427_14222_14981_13953_21094_30898_30973_30981,30971
100325_31169,31010
587,31012
20283_6651,31012
568,31013
590,31013
5885,31013
5001_4966,31014
588,31014
15145,31037
16229,31037
15953,31037
16230_24291,31037
12713_12185_9593_10738_8479_16763,100325_31169
15877,100325_31169
3847,31178
19052,30841_30843_10159_30840_31219
21190,30841_30843_10159_30840_31219
9637,100294_31230
3847,30876_30877_31386
17666_17670_20093_20096_18250,10486_30961_30965_100296_31421
3847,100297_31439_30953
100328,31481
15802_19502_509,32795_32485_32919
3847,32565
19058,32566
3847,32568
3847,32572
3847,32574
13825_824,32575
3847,32579
10001_19287_23046_23048,32584
13825_824,32586
24570_7767_6964_1530_1741_10837_16166_12406_21132,32591
3847,11482_14396_11702_11003_14100_13479_11400_12808_11095_13848_13261_12745_12704_13371_32592_12744_7269_11840_13168_10951_12362_13373_12667_12062_13147_10542_11541_13339_14073_12746_14095_13262_11094_5021_11425_11567_12364_13030_13198_13211_5200
19117,32594
1071,32594
14542_18940_12518_14587_14052_14983_14582_11600_14468_14586_14585_14588_14543_14590_14583_14581_14745_14939_9690_11088_44299_13620_9689_14584_11281_12157_14578_13883,32596
14542_18940_12518_14587_14052_14983_14582_11600_14468_14586_14585_14588_14543_14590_14583_14581_14745_14939_9690_11088_44299_13620_9689_14584_11281_12157_14578_13883,32597
3847,32600
3847,32601
3847,32607
9176,32614_32666_32644_32667
3847,32642
3847,32645
3847,32647
3847,32648
3847,32650
3847,32651
3847,32653
18037,32654
3847,32655
3847,32656
3847,32658
3847,32659
14121_8453_8026_18190,32660
3847,32661
15802_19502_509,32860_32715_32665_32729_32662_32789
3847,32672
8947,32673_32938
14542_18940_12518_14587_14052_14983_14582_11600_14468_14586_14585_14588_14543_14590_14583_14581_14745_14939_9690_11088_44299_13620_9689_14584_11281_12157_14578_13883,32675
18838,32677
3847,32680
3847,32681
3847,32684
3847,32685
3847,32687
3847,32688
3847,32690
3847,32697
3847,32698
3847,32703
3847,32705
3847,32707
3847,32714
3847,32716
6025,10075_32724_19675_18254
3847,32733
3847,32736
14302_12928_14568_12867_12766_13132_13239_11489_11785_11339_14304_10044_13962_11408_14018_12213_14644_12448_12787_14282_11532_12866_11445_14015_12639_12181_14295_8438_13552_14020_10043_11803_13165_13551_13342_11006_10047_14882_14016_12476_10287_12256_13048_10418_13179_14729_13401_10046_14303_11992_13737_11522_14024_12334_12453_8437_12643_10733_11862_14305_10878_19064,32905_32737_33614_32906
3847,32738
3847,32741
3847,32745
7164_13776_12651_7165_12664_13354_17845,32753
3847,32755
3847,32758
3847,32759
3847,32760
3847,32764
19052,11393_17773_32766
3847,32770
3847,32772
19052,32773
3847,32774
3847,32775
3847,32779
3847,32780
3847,32781
33541_14280_13500_14278_10296_33542_32723_14597_14727_8856_54696_32599_20849_32763_30858_30013_10504_14453_12426_10386_32803_14491_13427_14222_14981_13953_21094_30898_30973_30981,32782
3847,32784
12322_12562_7999_7733_13642_12563_7734_9349_16355_19756_16296_11616_12267,32787
3847,60551_32788
3847,32790
9751_24309_13142_11961_13337_13839_10688_14671_8086_11002_9746_12092_13381_13634_14286_14244_19941_18213_19551,32792
3847,32793
18037,32796
3847,32797
3847,32798
14039_14198_8758_33545_32815_9504_9636_12792_13350_11283_14175_32932_18158,32799
19978,32800
3847,32805
3847,32807
3847,32809
3847,32814_18786
3847,32816
3847,32817
3847,32818
3847,32820
3847,32821
15802_19502_509,32823
3847,40500_32824_60724_60627_29140
3847,32828
3847,32829
3847,32830
3847,32832_44319
3847,32833
3847,32836
3847,32838
3847,12662_29141_10169_13935_11186_13788_10984_10168_11748_32841_10170_14001_10171_11195_11558_19501_16484_16485_12968
3847,32842
3847,32843
33541_14280_13500_14278_10296_33542_32723_14597_14727_8856_54696_32599_20849_32763_30858_30013_10504_14453_12426_10386_32803_14491_13427_14222_14981_13953_21094_30898_30973_30981,32848
3847,32849
3847,32850
3847,32851
3847,32852
3847,32853
3847,32855
13825_824,32857
3847,32862
3847,32864
3847,32867_11739_13235_13685_13236
3847,32868
14471,20858_32869
3847,32870
19046,32871
13274_10761_10945_8378_12796_910_11272_13611_14692_10827_13175_44314_32604_33563_13469_13468_13052_14618_14687_14871_12943_54708_13402_14400_12363_10259_19200_13610_12523_14323_13780_8377_13437_44320_13425_10723_30071_11935_13413_12625_13414_13436_13314_12477_10320_13516_13395_11630_14653_14256_13407_13263_32689_11075_14093_10818_12463_10227_8379_13328_14345_32834_11137_14929_32940_13315_13447_10828_13405_13429_11974_12024_12367_15013_36482_10806_13312_32577_12813_10374_11259,32873
3847,32875
3847,32876
3847,32877
3847,32878
3847,32879
3847,32882
3847,32883
3847,32884
3847,8473_8476_11198_10275_10068_32571_12108_32885_60702_11252_19666_13014_10076
3847,32886
3847,32887
3847,32888
3847,32889
3847,32890
3847,32892
3847,32893
3847,32894
3847,32897
3847,32900
3847,32901
32778_8823_100218_60486_15168,32903
19313,32907
3847,32908
14064_7415_14496_14065_14194_14364_14063_14066_14356_20811,32909
14191_12762_11484_13966_13529_17990,100316_12738_14550_14548_13279_12737_13062_12736_11377_32915_13370_13367_13372_2442_32756
3847,32916
3847,32920
3847,32921
3847,32922
3847,32925
3847,32926
3847,32927
3847,32928
3847,32930
3847,32931
3847,32933
3847,32934
3847,32935
3847,32936
3847,32937
15802_19502_509,32939
3847,32942
3847,32943
33005_33008_33009_33007_32693_32691_32692_9627,33006
17847,33043
19046,33043
15359_15361,33135
24237,14397_12510_13977_14856_14728_12534_13570_14547_14636_13811_14684_13986_14398_13969_13987_13306_14190_14525_33187
6025,14397_12510_13977_14856_14728_12534_13570_14547_14636_13811_14684_13986_14398_13969_13987_13306_14190_14525_33187
15905,14817_9733_33280_32582_32581_32580_14099_14373_10974_14752_26726_33262_32826_14257_33203_30895_13619_12546_14818_30962
19722_19724_15163,14817_9733_33280_32582_32581_32580_14099_14373_10974_14752_26726_33262_32826_14257_33203_30895_13619_12546_14818_30962
44765,14817_9733_33280_32582_32581_32580_14099_14373_10974_14752_26726_33262_32826_14257_33203_30895_13619_12546_14818_30962
18120_18118_18119_18117,14817_9733_33280_32582_32581_32580_14099_14373_10974_14752_26726_33262_32826_14257_33203_30895_13619_12546_14818_30962
3847,9625_20762_33211_17868
14854_14293_14470_12380_11832_14603_14853_11761_11032_14594_12975_10973_12090_14740_12902_10915_11058_14283_11519_12083_7424_11673_11389_13632_11103_11226_11102_12974_12086_11159_11074_11031_10963_13823_11660_11893_13305_11708_11994_12030_11625_11350_13114_12023_11568_11920_12976_14738_14291_10817_11480_13593_11657_19587,33261
428,33304
19497,33304
20127,33352
16136,13594_13485_14867_12246_11781_11833_33482_33479_14417_8119_14475_8120_10062_7298_11540_11694_11819_12116_7574_8457_12449_33481_13486_7296_11834_14776_14410_8458_14626_10847_11464_10848_12247_11529_11330_12450_13241_11439_32526_12103_33480_12098_16809_561
1115,54802_33483_12353_54801_12729
15802_19502_509,33492_32702_32912_32791_14838_7617_54831_15452
3847,33532
3847,33543_12490
3847,33544
3847,33546
3847,33547
3847,33548
33541_14280_13500_14278_10296_33542_32723_14597_14727_8856_54696_32599_20849_32763_30858_30013_10504_14453_12426_10386_32803_14491_13427_14222_14981_13953_21094_30898_30973_30981,33551
3847,33552
33541_14280_13500_14278_10296_33542_32723_14597_14727_8856_54696_32599_20849_32763_30858_30013_10504_14453_12426_10386_32803_14491_13427_14222_14981_13953_21094_30898_30973_30981,33554
33541_14280_13500_14278_10296_33542_32723_14597_14727_8856_54696_32599_20849_32763_30858_30013_10504_14453_12426_10386_32803_14491_13427_14222_14981_13953_21094_30898_30973_30981,33555
3847,33558
3847,33559
3847,32608_32631_32612_26720_32609_32619_32624_32630_32635_32620_30902_32613_32621_32617_32628_32910_32626_32629_26721_32606_32623_32615_32611_32625_32622_32634_32618_32610_32632_32627_32616_32633_33560_32636_30997
3847,33561
3847,33562
3847,30020_33570_14775_33533_32712_14781_54741_33534_30006_32679_54654_30008_20727_33631_54742_32726_30017_30007_54677_54781_33537_33569_14269_732_33566
3847,33572
3847,33613
3847,33618
3847,33619
3847,33621
3847,33630
33885,33637_33656_33651_33650_33635_33639_33652_33646_33638_33649_33654_33653_33655_33636_33645
23603,33640_20723_10931_10186_19642_9924_24299
3847,33641
3847,33642
3847,33644
3847,33658
3847,33662
3847,33664
3847,33667
6025,33672
20253,33672
18454,33672
19694,33682
15159,33682
23603,33682
43005,33682
15708,33682
17432,33683
19060,33683
15159,33683
43005,33683
19453,33683
15708,33683
18454,33683
9332,33683
20043,33717
20158,33809
15017_10015_15016_7138_7662_24456_19503,33810
942,33816
942,33818
20944,4903_3085_1465_33821
254,4903_3085_1465_33821
15923,33838
24432,33838
43459,33838
23369,33839
43735,33839
6858,33839
17762,14866_12012_33850_11890_11687_12014_13758_11569_13753_10550_12640_11903_8961_14154_10877_10699_32728_7790_11527_14665_11633_12231_13644_11066_11091_11916_14735_14467_11085_11889_12096_11570_11894_10949_36484_14733_14117_14012_10549_10551_14736_11113_7311_11534_11901_10995_13338_14208_14726_13212_7307_14074_12250_11902_14566_14511_10479_7309_10689_11475_14836_54833_11674_13959_11909_7308_11675_19011_18993_15626_18995_18994_18778_44640
15509,33853
20225,33853
426,33856
15938,33856
17133,33856
5395,33864
20253,33864
66,33885
5364,33925
27749,33946
19624_15055_15056,33948
19044,33954
15710,33967
6025,33968
33967,33968
17133,33968
33967,33969
3266,33980
7842_20066_20521_20522,34021
2320,34022_24530_8029
7842_20066_20521_20522,34022_24530_8029
7842_20066_20521_20522,34024
19601,34041
13081_14054_16537,34054
15974,34054
20127,34092
19058,34092
18609,34092
17718,34092
6025,34092
19589,34092
20071,34099
21669,34103
1549,34103
17356,34104
19058,34104
19213,34104
19589,10632_33369_33371_10472_14477_32598_10396_32768_33361_13389_14859_14392_33373_32752_32657_14593_32663_14947_13388_14377_32808_14895_30059_13387_32880_33363_32678_13989_33366_10375_13277_33362_14917_14921_14933_14942_30054_14607_14595_14133_33370_14201_32918_14949_32813_14533_14598_10246_33368_15025_14371_54845_14360_13056_13801_14718_14719_32812_32858_30072_14505_14199_14003_14328_15000_33367_33372_15002_12245_30856_32710_32725_33364_33365_14868_29138_32822_12812_32895_14625_34106_33374_100079_14916_14647_100062_25353
6025,34109
2921_19952_18701,34109
5240,34110
6025,34121
20781_14960,34121
19052,34121
44976,34121
19337,34127
15159,34142
15214,34142
15220,34142
19046,34143
17198,34143
19705,34145
5308,34145
19183,34145
15159,34145
23603,34145
43005,34145
20225,34145
19589,34145
17847,34146
19058,34146
17352,34146
19058,34147
17352,34147
16399,34147
15111,34150
6025,34186
19222,34186
16264_5543_21176_21177,34189
4789_1929_1930_1931,34189
19126,34204
2254,34204
10036_14808_8964_45032_15170,34204
29000,34212
1328,34216
19856,34216
1328,34217
5020,34846
21040,34987
18162,35004
508,35004
831,35008
4634,35008
831,35009
4634,35009
5020,35009
20078,35112
15653,35117
20380_19792_19793_19794_16163,35117
15688,35121
508,35122
19290,35124
15336,35124
10001_19287_23046_23048,35124
2320,35133
16565,35133
19117,35133
15159,35133
43005,35133
508,35133
2217,35136
21089,35136
100342,35136
2558,35136
20128_20129,35892
4992,36501
2367,36511
6517,36511
2730,36511
2816,36591
21227,36591
20807,36595
3061,36688
2334,36696
2332,36696
21223_385_6180,36696
21350,36779
36779,36781
634,36781
5833,36870
24296,36870
5385,36870
3756,36915
646,36915
36976,36915
19271,36918
5165,36976
5626,36976
24988,6266_3124_36990
5165,37002
5078,37002
5853,37003
5078,37003
21117,37105
18201,37105
21348,37250
21079,37250
2332,37251_1367
6055,37252
37252,37253
21657,37253
5626,37254
37256,37255
2229,37255
24276,37256
2898,37735
6963,37735
21211,37736
16238,37737
6901_650,37737
21089,37738
3164,37738
56804,37739
3164,37739
2714,37740
24637,37740
3244,37740
21148,37742
3512,37743
24637,37743
5843,37743
21580,37744
6424,37745
5853,37746
1402,37746
21178,37747
812,37747
5066,14412_7761_7762_18473_37748
5066,37792_45015_224
37792_45015_224,37807
5066,37821
5066,37829
6816,37847
812,37847
2525,37858
688,37858
37871,37870
45022,37871
21678,37872
5066,37937
4736,37938
37821,37939
3847,37940
2409,37940
15802_19502_509,40500_32824_60724_60627_29140
7842_20066_20521_20522,40501
7339,40503_54740
56803,40566
19241,40566
6025,40653
17304,40653
426,40654
13967_13950_13931_13952_18264_54549_30899_13942_13938_13948_8736_13949_13937_13945_13930_13933_11683_9959_13936_8745_8746_13932_8953_13951_14127_11101_8954_13939_13943_14070_11749_8747_13927_18910_18135_19234_20275,40654
5775,40671
3113,40673
2087,40673
947,40674
6209,40675
2095,40676
4993,40677
6295,40678
24337,40678
40677,40678
6295,40679
6474,40679
24337,40679
2471,40698
1718,40699
2022,10921_2378_15380_40700
5688,40728
5141,40732
18076,40753
1162,40870
40870,40871_40872
6019,40925
5901,40998
21677,41052
8187_2050_5618_5451_5371_100081_5383_1942_1098_3265_11924_12384,41086
1050,41095
40732,41095
5386,41114
5053,41114
6026,41154
931,41161_6169_6410_6193
100347,41167
6597,41182
4670_5282_19561,41186
5504_1479,41259
1114,41259
5066,41261
44996,41284
2612,41284
20683,41295
6821,41295
4777,5753_41366
29001,41403
1019,41403
24880,41447
24880,41448
21063,41448
24575,41526
1116,41535
7024,41535
7024,41536
19050_4781_44348_44349,41656
5124,41751
5124,41752
19805,41755
2289,41775
18076,41806_5861
21678,41825
6670,41825
4652,41850
21678,41850
18183_5970,41879
5545,41879
4277,41903
4471,41903
2887_2886,41959
23305,41996
2026,42233
45033_2312,42233
7023,42370
565,42433
2041,42433
24279_4265_918,42451
497,42451
6019,42452
19444,42458
5992,42458
308_256,42484
5968,42484
5113_5550_5108,42485
5578,42485
4710,21230_632_42487
5131,21230_632_42487
4664,42488
24475,22394_42491
21230_632_42487,22394_42491
1059,42493
15760_18908_15759,42493
5105_5012,42494
6517,42494
21069,42494
2311,42495
2277,42495
42497,42496
2041,42497
29000,42497
19269,42498
508,42498
2254,42600
2254,42601
2254,42602
2254,42603
2254,42604
5372,42605
2254,42705
2254,42717
2254,42724
2254,42726
2601,42727
812,42727
2254,42902
2254,42908
2254,42911
2254,42912
2254,42913
2254,42915
2254,42924
2254,42956
2254,42960
12878_14047_8021_14046_14048_14045_14802_16063,42961
2146,42962
2254,42962
4907,42962
2332,42963
3847,42966
3767,42966
3767,42967
5554,42967
20052,42968
42968,42969
44976,42970
5794,17381_42971
16511,17381_42971
18059_5373,42972
5229,42972
23603,42973
2933,42973
5940,42974_100197_100203_100204_100205
7037,42975
24298,42976
995,42980
20286,42981
20293,42981
33541_14280_13500_14278_10296_33542_32723_14597_14727_8856_54696_32599_20849_32763_30858_30013_10504_14453_12426_10386_32803_14491_13427_14222_14981_13953_21094_30898_30973_30981,42982
5071,42983
24255,43003
7035,43003
5825,43004
3847,43005
19042,43005
2320,43007
19117,43007
43005,43007
15160,43007
508,43007
43005,43008
15161,43008
18731,43009
43005,43009
15514,43069
508,43069
2320,43071
19117,43071
20148,43071
508,43071
2254,43073
2283,43075
8369_11422_9967_8368_15827_17828_1909_18440_17829,43075
2146,43077
2254,43077
19052,43077
5578,43079
1411,43083
19040_20226,43085
2254,43087
23833,43089
15947_17262_17263,43094
22357,43096
2320,43099
19117,43099
6936,43099
508,43099
15338,43099
2150,43101
44331_16408_19858_18612_16410_15792_16409,43103
11026_11218_14011_33091_11680_14009_9441_15018_12847_11485_33092_9439_14010_13495_9443_17265,43106
2254,43108
10001_19287_23046_23048,43110
5240,43112
2254,43114
5392,43116
11481_10903_10929_44315_14705_15467_15337_15469,43116
5307,43116
16044_16064,43116
20040,43120
8779,43123
18838,43123
728,43125
11481_10903_10929_44315_14705_15467_15337_15469,43127
728,43127
5453,43127
8797,43127
2254,43129
100249_16281_17576,43131
1386,43133
19117,43135
1941,43135
12709_13376_14059_14635_12408_13783_7996_9630_21129_170_11589_24549,43135
5042,43137
4907,43139
1386,43139
508,43139
15514,43141
8797,43141
12413_10261_13734_10671_14229_16073,43143
32778_8823_100218_60486_15168,43143
43009,43143
5578,43152
3282,43154
5377,43156
8428,43162
1150,43164
6574,43166
2688,43166
21470,43166
6734,43166
9692,43168
845,43168
2254,43170
2254,43172
508,43174
2254,43176
19254,43176
2254,43179
2254,43183
2254,43185
473,20064_20110_43187
9869,43191
2254,43193
2254,43195
2254,43197
2254,43199
2917,43206
6566,43206
18559,43207
3329_1556,43207
4736,43209
5385,43218
5071,43218
5475,43219
4648,43224
2679,43224
44013,43226
24575,43226
14250,43226
9256,43226
2657,43226
29000,43230
2406,43233
21668,43237
1165,43237
5578,43240
21074,43243
2243,43247
2254,43247
21223_385_6180,43251
6499,43251
6858,43251
5586,43251
6617,43254
5492,43254
19324,43257
6594,43257
5027,43264
30703,43267
8383,43267
21670,43275
20050,43277
5071,43280
5960,43283
2254,43287
5385,43287
15509,43291
5281_12365_12366,43291
19562,43294
7014,43297
2102,43300
21205,43303
24422,43303
1941,43310
24294_24295,43314
20590,43314
8054_16367_1907,43317
2254,43320
24333,43320
3615,43320
2602,43327
6757,43330
29000,43339
3409,43343
5062,43346
24461,43349
5113_5550_5108,43352
3150,43352
5001_4966,43355
2254,43358
5294,43361
6025,43364
4805,43364
4,19801_15128_43370
20678,43373
5365_20677,43373
4335,43424
5113_5550_5108,43424
20050,43452
21073,43455
1566,43455
21178,43458
43459,43458
45028,43459
4298,43465
6552,43468
5348,43468
21058,43472
5495,43472
2254,43475
8848,43475
5113_5550_5108,43479
18882,43494
473,43494
5560,43510_5621
44745,43510_5621
5560,5527_43512
21178,43519
29000,43523
5267,43529
15530,43537
5560,43537
3799,43541
20950,43541
1,43543
43543,43544
5113_5550_5108,43544
5240,43549
45031,43555
43494,43576
2269,43579
24635,43579
5327,43589
43424,43653
4609,43653
4748,43653
19040_20226,43678
5561,43683
2254,43683
21698_21699,43693_13209_4790_21104
21199,43707
651,43707
5322,43723
2254,43726
837,43731
5380,43735
43459,43735
755,43759
44965,43759
755,43762
2156,43762
5365_20677,43765
19737,18896_43768
10120_8555_14837_8556_30867_14536_12775_10743_2049_4680,18896_43768
5046,18896_43768
2610,18896_43768
2406,43771
43459,43771
6496,43775
5728,43775
21113,43775
6607,43777
6604,43777
5093,43783
21166,43786
2459_7004_25512,43789
2545,43797
44745,43797
37747,43797
5962,43836
812,43836
21178,43839
4382,43862
13081_14054_16537,43875
19052,43875
21058,43875
1084,43878
24237,43878
5113_5550_5108,43885
5328,43885
5113_5550_5108,43892
21178,43895
44989,43895
11989_5446,43904
21166,43905_2572_1255_3479_43919
5275,43905_2572_1255_3479_43919
15925_17031_17030_17034,43905_2572_1255_3479_43919
43459,43905_2572_1255_3479_43919
6858,18056_6572_16767_43923_16769_16770
21678,43953
5833,43959
8187_2050_5618_5451_5371_100081_5383_1942_1098_3265_11924_12384,16058_43969
1292,43975
7006,43982
568,43985
7915,43985
5609,43988
2155,43994
5365_20677,44001
1,44013
5623,44014
44013,44014
6796,44033
2254,44033
19293,44037
5294,44037
2026,44067
44067,44070
5252,44079
2254,44079
2041,44083
15188,44092
755,44098
5558,44098
755,44101
2654,44101
4670_5282_19561,44113
7915,44113
5854_3900_16663,4860_44137
5328,4860_44137
6806,44138
4860_44137,44138
8187_2050_5618_5451_5371_100081_5383_1942_1098_3265_11924_12384,44141_44144
3709,44141_44144
15974,44200
15974,44201
12629_7326_15427,7494_12603_44202
3847,7628_44203
3832,44209
13517,984_44210
5492,44211_44212_44213
20683,44211_44212_44213
19625_17311,44301
20573,44301
3847,44302
3847,44303
6025,44304
18329,44304
19058,44304
17756,44304
17663,44306
20225,44306
15653,44306
508,44306
3847,44311
3847,44312
3847,44316
508,44318
2320,32832_44319
15159,32832_44319
15653,32832_44319
508,32832_44319
3847,44321
508,44322
508,44323
508,44324
508,44326
447,44327
3847,44331_16408_19858_18612_16410_15792_16409
17646,44332
17663,44332
11487_11299_11671_15548,44332
21702,44333
10198,44333
6424,44335
654_21581_44334,44335
5092,44336
5008,44336
18078,44337
5387_19852_19851,44338
601,44338
569,44338
44965,44339
11385,44339
651,44342
11385,44342
21059,44343
11385,44343
15254,44344
15254,44345
5738,44346
5570,44347
44979,44347
44347,19050_4781_44348_44349
20524,44350
15254,44351
15531_17025_18310_17036_17029,44354
5554,44355
10001_19287_23046_23048,44406
19942,44406
19268,44617
18609,44617
19690,44617
24255,44617
18454,44617
20119,44618
15323,44619
16677,44619
2320,44621
19117,44621
16949,44621
15159,44621
43005,44621
508,44621
20127,44622
15111,44624
18444,44626
5283,44627
16643,44628
15225,44629
5154,44631
19063,44632
2429,44633
20240,44634
19589,44634
15329,44634
43007,44634
9332,44635
19589,44635
18795,44635
15990,44637
5216,44638
536,44638
2320,44641
19117,44641
19285,44641
15159,44641
5027,44641
16908,44641
19712,44641
43005,44641
508,44641
20274,44641
13722_17333,44642
18609,44642
4884,44642
20215,44643
15159,44643
17118,44643
508,44643
15620,44643
15933_15932_15619_15934,44644
18881,44645
2320,44646
18609,44646
15159,44646
43005,44646
508,44646
24237,44646
4884,44646
12277_14993_33620_12215_13061_14922_11076_12130_12289_18943_30927,44647
18416_18423_14975_14827_14702_18417_18418_18419_18421_18422_18644_15089_15091_15090_18420,44648
17432,44649
15880,44649
5267,44649
15216,44649
18454,44649
43007,44649
20044_20046_15244_20047,44651
22687_4742,44651
13674_54764_12444_14290_10476_24457_54763_18307,44651
508,44651
15363,44651
2320,44652
20127,44652
16327,44652
18609,44652
508,44652
16803,44652
2320,44655
19058,44655
18609,44655
18157,44655
508,44655
17266,44656
14866_12012_33850_11890_11687_12014_13758_11569_13753_10550_12640_11903_8961_14154_10877_10699_32728_7790_11527_14665_11633_12231_13644_11066_11091_11916_14735_14467_11085_11889_12096_11570_11894_10949_36484_14733_14117_14012_10549_10551_14736_11113_7311_11534_11901_10995_13338_14208_14726_13212_7307_14074_12250_11902_14566_14511_10479_7309_10689_11475_14836_54833_11674_13959_11909_7308_11675_19011_18993_15626_18995_18994_18778_44640,44657
16072_15860,44660
29001,10962_7758_14622_19272_6588_18865_17667_17673_17672_44663
19704,44675
32778_8823_100218_60486_15168,44682
15589_15594_15590,44683
3619_1173,44684
6670,44684
5328,44685
44685,44687
44685,44688
44685,44689
44685,44690
15159,44696
15220,44696
43005,44696
508,44696
19589,44696
2320,44699
15159,44699
508,44699
44699,44700
17662,44701
15159,44701
17118,44701
508,44701
20768,44702
18562,44702
19589,44702
44926,44704
536,44704
10150_4958_5096_6082_500_514,44705
380,44705
15604,44709
23644,44710
24623_18751,44710
2320,44714
100309,44714
9637,44714
16803,44714
20158,44715
15338,44715
43007,44715
16903,44717
43007,44717
19046,44718
17396,6545_44719
20044_20046_15244_20047,44720
24623_18751,44720
16136,44720
44200,44721
19058,44724_9787_12435_9611_44723_9610_17359
19213,44724_9787_12435_9611_44723_9610_17359
508,44724_9787_12435_9611_44723_9610_17359
16399,44724_9787_12435_9611_44723_9610_17359
15707,44725
17764,44726
15962,44726
24237,44726
6182,44727
5192,44727
18120_18118_18119_18117,44737
15905,44737
18416_18423_14975_14827_14702_18417_18418_18419_18421_18422_18644_15089_15091_15090_18420,44737
508,44737
2320,44738
15159,44738
508,44738
19810,44739
521,44740
17167,44740
10150_4958_5096_6082_500_514,44740
11026_11218_14011_33091_11680_14009_9441_15018_12847_11485_33092_9439_14010_13495_9443_17265,20702_44742
21368,44743
4669,44743
1531,44744
21178,44745
5071,44745
25481,44746
5113_5550_5108,44746
25303,44747
5583,44748
25303,44748
425,44749
5650,44750
1673,44751
44965,44753
5965,44753
16717,44764
21451,44764
20676,44764
629,44764
43218,44764
24296,44764
5377,44765
21079,44767
4974,44767
6239,44768
1608,44768
21052,44768
4952,44778_19478
44765,44781
43839,44782
3749,44782
3532,44783
44335,44784
6427,44785
20663,44785
5105_5012,44785
2116,44786
10150_4958_5096_6082_500_514,44787
56819,44787
3210,44788
44967,44789
3531,44789
18536,44791
15950,44792
5073_44794,44792
5073_44794,44793
44793,44795
44793,44796
20664,44796
5073_44794,44797_44800
44793,44797_44800
17663,7495_7496_13928_13813_12789_10983_14019_14033_14627_3441_44807
477,44871
7495_7496_13928_13813_12789_10983_14019_14033_14627_3441_44807,44871
1292,44872
18881,44873
44873,44874
4111,44874
5267,44875
2254,44876
18215,44877
22687_4742,44877
5040,44878
44880,44879
24338,44879
21076,44880
2334,44881
7650,44884
6998,44884
21513,44885
5106,44885
15760_18908_15759,44887
2571,44887
18905_17601_6117_6268_6428,44889
3225,44903
3822,44906
384,44906
4041,44906
24879,44907
10150_4958_5096_6082_500_514,44907
24880,44912
3544,44912
24880,44913
2236,44913
521,44915
6176,44915
2728,44916
6517,44916
873,44917
15760_18908_15759,44917
3538_3537,44917
2367,44919
3719,44919
60782,44921
13081_14054_16537,44921
18874_4643,44923
23644,44925_3212_371
5515,44925_3212_371
6181,44925_3212_371
2038,44926
4608,44926
21345,44926
24331,44937
24476,44937
6519,44937
380,44956
3036,44956
44925_3212_371,44964
3036,44964
24505,44965
24505,44967
21197,44969
44969,44970
21197,44971
4805,19122_5749_44972_15927_4806_17363
21197,44974
21196,44975
21196,44976
21196,44977
44969,44978
21197,44979
21195,44980
605,44981
44981,44982
654_21581_44334,44983
21354,44983
1854,44984
5046,44986
5042,44987
24505,44988
44967,44989
44967,44990
4335,44991
6858,44992
1292,44993
1292,44995
5560,44996
5560,44997
44990,44998
5042,44999
5267,45001
812,45002
3150,45003
5172,45004
45044,45004
19256,45008
19052,45010
2051,45011
21147,45011
5066,45012
5917,45013
17306,45014
45008,45016
19240,45017
45008,45017
37871,45018
2657,45019
21147,45019
37871,45020
5066,45022
6504,45023
15898,45023
1,45024
1,45028
1673,45030
1673,45031
43424,45031
249,10036_14808_8964_45032_15170
308_256,45033_2312
45033_2312,45037
254,302_45038_45039
45044,45043
2081,45044
1342,45045
3240,45046
19052,45046
19338,45047
5071,45047
24664,45048
11015_12527_14799_14673_12489_12260_12665_11104_14565_14075_13484_7279_7287_14111_13744_10544_32735_12395_13411_10948_7278_12688_14110_12336_7288_7282_7280_7283_7286_11547_12437_7290_11413_12701_7281_7285_13859_7284_11162_5129_45050_11587_11591_11808_13067_12175,45049
11015_12527_14799_14673_12489_12260_12665_11104_14565_14075_13484_7279_7287_14111_13744_10544_32735_12395_13411_10948_7278_12688_14110_12336_7288_7282_7280_7283_7286_11547_12437_7290_11413_12701_7281_7285_13859_7284_11162_5129_45050_11587_11591_11808_13067_12175,45051_1749
654_21581_44334,45052
45053,45052
2616,45053
45024,45054
4993,45055
16642,45056
2039,45057
17611,45058
4989,45059
6176,45059
45059,45060
5023,45060
3175,45063
6284,45063
6304,45068
3175,45068
521,45069
21316,45069
6320,45070
2516,45070
21069,45070
21058,45072
14411_11300_14982_14183_12021_12045_8053_12995_13604_13508_32941_12154_9713_14177_1384_12227_12228_12229_12230_12388_12389_12469_12932_13603,49221
12126,54551_54550
22800,54551_54550
2254,54573
2254,54591
17824,54601_54665
2254,54636
15159,54636
8048_15705_18947,54695
33541_14280_13500_14278_10296_33542_32723_14597_14727_8856_54696_32599_20849_32763_30858_30013_10504_14453_12426_10386_32803_14491_13427_14222_14981_13953_21094_30898_30973_30981,54697
447,54743
5144,54750_60670
166,54754
16349,54794
6025,54813
7842_20066_20521_20522,54813
23603,54813
19704,54813
426,14866_12012_33850_11890_11687_12014_13758_11569_13753_10550_12640_11903_8961_14154_10877_10699_32728_7790_11527_14665_11633_12231_13644_11066_11091_11916_14735_14467_11085_11889_12096_11570_11894_10949_36484_14733_14117_14012_10549_10551_14736_11113_7311_11534_11901_10995_13338_14208_14726_13212_7307_14074_12250_11902_14566_14511_10479_7309_10689_11475_14836_54833_11674_13959_11909_7308_11675_19011_18993_15626_18995_18994_18778_44640
24573,7270_12900_54838_12306
33281_8263_33004_13131_9889_4691_20642,54842
2320,13726_54865
16799,13726_54865
20127,13726_54865
19058,13726_54865
7264,54866
9264,54867
4567,54868
16120,54869
5240,56796
19117,56797
508,56797
2031,56798
2081,56799
56799,56802
226,56803
628,56804
1406,56804
3250,56805
5097,56806
5233,56806
4989,56813
5159,56814
6074,56815
18534,56815
5215,56816
2120,56816
18515,56817
6157,56817
6074,56818
5341_2529_2656_2939_2956_4091,56818
2038,56819
56820,56819
5586,56820
5249,56821
3847,56822_21170
425,60455
3689,60455
3847,60456
3847,60457
3847,60490
3847,60491
3847,60496
43005,60502
15159,60502
18609,60502
3847,60507
3847,60510
3847,60527
3847,60532
3847,60533
3847,60549
6025,60556
23603,60556
19755,60556
19700,60556
3847,60562
6025,60564
15962,60564
43005,60568
426,60568
15159,60568
3847,60577
3847,60578
19058,60582
18609,60582
17718,60582
6025,60582
19589,60582
3847,60583
3847,60589
3847,60591
3847,60592
2254,60592
3847,60593
3847,60596
3847,60611
3847,60621
3847,60622
3847,60624
19117,40500_32824_60724_60627_29140
15159,40500_32824_60724_60627_29140
17118,40500_32824_60724_60627_29140
43005,40500_32824_60724_60627_29140
6025,40500_32824_60724_60627_29140
3847,60629
3847,60631
2254,60631
3847,60640
3847,60641
3847,60642
3847,60659
3847,14394_13217_32668_12529_32669_44309_12937_13216_13964_12938_12925_7110_14245_12924_60662_32670_44310_12939_15253_11636
3847,60664
3847,60666
16883,60677
3847,60688
3847,60690
3847,60704
3847,60707
2254,60707
3847,60711
2254,60711
3847,60712
3847,60713
18891,60715_100252_60714
12123_54559_8909_26765_14904_11291_26729_30043_15286_18292_18293_5500_5501,20775_20777_60720
10110,60764_60732
3847,60733
3847,60745
3847,60752
13594_13485_14867_12246_11781_11833_33482_33479_14417_8119_14475_8120_10062_7298_11540_11694_11819_12116_7574_8457_12449_33481_13486_7296_11834_14776_14410_8458_14626_10847_11464_10848_12247_11529_11330_12450_13241_11439_32526_12103_33480_12098_16809_561,60758
3847,60759
19117,60760
508,60760
3847,60761
19117,60763
508,60763
5079,60765
24292,60766
21398,60766
2519,60766
60765,60768
3396,60768
60765,60774
21394,60774
751,60777
60765,60777
14275_13247_30056_24525_1083,60778
14275_13247_30056_24525_1083,60779
60779,60781
29001,60781
21074,60782
5570,60782
20119,100000
5271,100001
24278,100002
777,100002
21195,100004
4805,100004
100004,100005
100004,100006
9172,100008
2081,100010
5854_3900_16663,100010
100010,100011
4857,100012
100012,100013
2977,100014
587,100014
5283,100014
15990,100015
479,100015
18303_476,7492_100016
12629_7326_15427,100019
20072,100020
20072,100021
15650,100022
100022,100023_100024
100022,100025
100022,100026
100022,100027
5027,100028
100028,100029
15650,100030
100030,100031
10898,100031
100030,13741_11965_12705_12706_14639_14308_14650_15586_100032
5027,100033
5528,100034
100033,100034
19117,100034
5027,100035
5027,100036
5071,100038
20119,100039
17656,100039
17663,100039
594,100039
100148,100039
17663,100040
594,100040
15653,100040
508,100040
100004,100051
16227,100052
605,100053
100053,100054
100053,100056
100056,100057
19242,100058_9385
15691,100059
5244,100061
15922,10632_33369_33371_10472_14477_32598_10396_32768_33361_13389_14859_14392_33373_32752_32657_14593_32663_14947_13388_14377_32808_14895_30059_13387_32880_33363_32678_13989_33366_10375_13277_33362_14917_14921_14933_14942_30054_14607_14595_14133_33370_14201_32918_14949_32813_14533_14598_10246_33368_15025_14371_54845_14360_13056_13801_14718_14719_32812_32858_30072_14505_14199_14003_14328_15000_33367_33372_15002_12245_30856_32710_32725_33364_33365_14868_29138_32822_12812_32895_14625_34106_33374_100079_14916_14647_100062_25353
100038,10632_33369_33371_10472_14477_32598_10396_32768_33361_13389_14859_14392_33373_32752_32657_14593_32663_14947_13388_14377_32808_14895_30059_13387_32880_33363_32678_13989_33366_10375_13277_33362_14917_14921_14933_14942_30054_14607_14595_14133_33370_14201_32918_14949_32813_14533_14598_10246_33368_15025_14371_54845_14360_13056_13801_14718_14719_32812_32858_30072_14505_14199_14003_14328_15000_33367_33372_15002_12245_30856_32710_32725_33364_33365_14868_29138_32822_12812_32895_14625_34106_33374_100079_14916_14647_100062_25353
17663,10632_33369_33371_10472_14477_32598_10396_32768_33361_13389_14859_14392_33373_32752_32657_14593_32663_14947_13388_14377_32808_14895_30059_13387_32880_33363_32678_13989_33366_10375_13277_33362_14917_14921_14933_14942_30054_14607_14595_14133_33370_14201_32918_14949_32813_14533_14598_10246_33368_15025_14371_54845_14360_13056_13801_14718_14719_32812_32858_30072_14505_14199_14003_14328_15000_33367_33372_15002_12245_30856_32710_32725_33364_33365_14868_29138_32822_12812_32895_14625_34106_33374_100079_14916_14647_100062_25353
100022,10632_33369_33371_10472_14477_32598_10396_32768_33361_13389_14859_14392_33373_32752_32657_14593_32663_14947_13388_14377_32808_14895_30059_13387_32880_33363_32678_13989_33366_10375_13277_33362_14917_14921_14933_14942_30054_14607_14595_14133_33370_14201_32918_14949_32813_14533_14598_10246_33368_15025_14371_54845_14360_13056_13801_14718_14719_32812_32858_30072_14505_14199_14003_14328_15000_33367_33372_15002_12245_30856_32710_32725_33364_33365_14868_29138_32822_12812_32895_14625_34106_33374_100079_14916_14647_100062_25353
5579,10632_33369_33371_10472_14477_32598_10396_32768_33361_13389_14859_14392_33373_32752_32657_14593_32663_14947_13388_14377_32808_14895_30059_13387_32880_33363_32678_13989_33366_10375_13277_33362_14917_14921_14933_14942_30054_14607_14595_14133_33370_14201_32918_14949_32813_14533_14598_10246_33368_15025_14371_54845_14360_13056_13801_14718_14719_32812_32858_30072_14505_14199_14003_14328_15000_33367_33372_15002_12245_30856_32710_32725_33364_33365_14868_29138_32822_12812_32895_14625_34106_33374_100079_14916_14647_100062_25353
2604,100063
19058,100064
19219,100064
100064,100065
100064,100066
5381,100068
23603,100068
12123_54559_8909_26765_14904_11291_26729_30043_15286_18292_18293_5500_5501,100068
19589,100069
5071,100070
5151,100070
2254,100071
19589,100072
5545,100073
5687,100074
5315,100075
2254,100080
5071,8187_2050_5618_5451_5371_100081_5383_1942_1098_3265_11924_12384
11071,100083
16139,100084
2921_19952_18701,100084
24311,100085
1,100086
5570,100089
24308,100091
11506_19448_17704_13981,100092_100093
2254,100094
21668,100094
6025,100095
24237,100095
20753,100096
100318,100096
2921_19952_18701,100100
20496,100105
5579,100106
10632_33369_33371_10472_14477_32598_10396_32768_33361_13389_14859_14392_33373_32752_32657_14593_32663_14947_13388_14377_32808_14895_30059_13387_32880_33363_32678_13989_33366_10375_13277_33362_14917_14921_14933_14942_30054_14607_14595_14133_33370_14201_32918_14949_32813_14533_14598_10246_33368_15025_14371_54845_14360_13056_13801_14718_14719_32812_32858_30072_14505_14199_14003_14328_15000_33367_33372_15002_12245_30856_32710_32725_33364_33365_14868_29138_32822_12812_32895_14625_34106_33374_100079_14916_14647_100062_25353,100107
17303,100108
2921_19952_18701,100108
5240,100110
43479,100110
19233,100112
17666_17670_20093_20096_18250,100113
2565,100115
5087,100116
20753,100116
5113_5550_5108,100120
6025,100121
2921_19952_18701,100121
20119,100124
24417,100125
17356,100126
17355,100126
5113_5550_5108,100128
8813,100129
6502,100130
6502,100131
3549,100132
1487,100132
66,100133
44971,100133
100133,100134
10632_33369_33371_10472_14477_32598_10396_32768_33361_13389_14859_14392_33373_32752_32657_14593_32663_14947_13388_14377_32808_14895_30059_13387_32880_33363_32678_13989_33366_10375_13277_33362_14917_14921_14933_14942_30054_14607_14595_14133_33370_14201_32918_14949_32813_14533_14598_10246_33368_15025_14371_54845_14360_13056_13801_14718_14719_32812_32858_30072_14505_14199_14003_14328_15000_33367_33372_15002_12245_30856_32710_32725_33364_33365_14868_29138_32822_12812_32895_14625_34106_33374_100079_14916_14647_100062_25353,100135
19303,100137
2320,100138
19117,100138
20605,100138
19056,100138
9637,100138
6025,100144
17114_15915,100144
19117,100144
20119,100146
508,100147
19117,100148
425,100148
100038,100148
2921_19952_18701,100150
6025,100151_9066_18467
16239,100151_9066_18467
15780,100152
6025,100157_100156_9853
6022,100160
8369_11422_9967_8368_15827_17828_1909_18440_17829,100161
100096,100163
100320,100163
19052,100164_16391
6025,20525_12522_30089_30088_11073_12480_30087_100165
426,14376_13657_54837_30918_20847_13820_14486_13805_30917_12947_7974_13581_14855_30910_14858_30911_14482_14599_12869_30914_13658_30922_13819_14699_30920_13821_12960_30919_13656_14357_14580_30913_30916_13266_13509_14842_14678_13655_14617_12946_30912_100172
19117,14376_13657_54837_30918_20847_13820_14486_13805_30917_12947_7974_13581_14855_30910_14858_30911_14482_14599_12869_30914_13658_30922_13819_14699_30920_13821_12960_30919_13656_14357_14580_30913_30916_13266_13509_14842_14678_13655_14617_12946_30912_100172
1071,14376_13657_54837_30918_20847_13820_14486_13805_30917_12947_7974_13581_14855_30910_14858_30911_14482_14599_12869_30914_13658_30922_13819_14699_30920_13821_12960_30919_13656_14357_14580_30913_30916_13266_13509_14842_14678_13655_14617_12946_30912_100172
16191,100175
2921_19952_18701,100175
3847,100176
45014,100184
21166,100185
5046,100185
16543,100186
100184,100186
11393_17773_32766,100188
5154,100192
100192,100193
24575,100194
5298,100194
20119,10252_100195
17303,100196
2921_19952_18701,100196
5896,42974_100197_100203_100204_100205
3847,100209_26404_26426
3847,100210
15892,100210
6025,100211
100210,100211
18035,100211
3847,100212
15331,100212
21034,100213
100212,100213
10622_17264,100213
15327,100213
19117,100220_100215_100214
6025,100220_100215_100214
100210,100219
100212,100221
15710,100222
100133,100224_100223
2320,100224_100223
19058,100224_100223
16805,100224_100223
9637,100224_100223
16148,100225
8187_2050_5618_5451_5371_100081_5383_1942_1098_3265_11924_12384,11733_100226
16149,100228
11486_12279_19950_20121_23595_18281,100228
13967_13950_13931_13952_18264_54549_30899_13942_13938_13948_8736_13949_13937_13945_13930_13933_11683_9959_13936_8745_8746_13932_8953_13951_14127_11101_8954_13939_13943_14070_11749_8747_13927_18910_18135_19234_20275,14709_24544_100229
17986,100230
426,100230
100232,100231
20573,100232
100320,100233
190,100234
16175,100237
24255,100237
15962,100238
3847,1560_100239_1878
21181,100240
3847,100241
20573,14695_24498_13093_100242_13092_11800_13094_13095_13096_13097
2525,10438_14166_19533_100245_100243_100244
3689,10438_14166_19533_100245_100243_100244
12123_54559_8909_26765_14904_11291_26729_30043_15286_18292_18293_5500_5501,10438_14166_19533_100245_100243_100244
24321,10438_14166_19533_100245_100243_100244
3656,10438_14166_19533_100245_100243_100244
3664,10438_14166_19533_100245_100243_100244
6504,10438_14166_19533_100245_100243_100244
15610,10438_14166_19533_100245_100243_100244
20573,11845_12441_11851_11847_8000_12440_11850_12715_100246_13344_12210_12303_12331
43005,13563_10466_14165_100247
15159,13563_10466_14165_100247
20090,100249_16281_17576
17743,100251
12123_54559_8909_26765_14904_11291_26729_30043_15286_18292_18293_5500_5501,100251
18891,100251
6025,100253
2254,100253
15802_19502_509,100255
351,100255
19058,100255
19213,100255
16180,100280
432,100280
17594,100280
19052,100280
100253,100282
19117,10283_10460_30908_10427_10407_15601_10417_10661_10355_10306_10658_10319_10285_10286_10277_10500_10574_10398_10270_10664_10409_10461_10501_10402_10483_10729_19422_19423_19420_19421_19769_19766_19181_100284_17616
425,10283_10460_30908_10427_10407_15601_10417_10661_10355_10306_10658_10319_10285_10286_10277_10500_10574_10398_10270_10664_10409_10461_10501_10402_10483_10729_19422_19423_19420_19421_19769_19766_19181_100284_17616
1071,10283_10460_30908_10427_10407_15601_10417_10661_10355_10306_10658_10319_10285_10286_10277_10500_10574_10398_10270_10664_10409_10461_10501_10402_10483_10729_19422_19423_19420_19421_19769_19766_19181_100284_17616
8867,100285
1577,100286
2465,100286
20248_1457,100288
20248_1457,100289
21400,100290
15524,100290
4948_872_4963_20511_4947_814,100291
16805,100294_31230
2602,100308
19117,100309
100308,100309
17663,100310
100309,100310
437,100310
100308,100311
100311,100312
100321,100318
100320,100319
100318,100320
21674,100320
1,100321
16629,31332_100326_31009
9,31332_100326_31009
21181,31332_100326_31009
15581,31446_100327_31003
3847,100328
3847,100337
16329,11175_100340_100339
19058,11175_100340_100339
20044_20046_15244_20047,11175_100340_100339
15368,11175_100340_100339
16136,11175_100340_100339
2714,100342
20665,100342
21042,100342
19214,6065_100345
15188,6065_100345
5137,6065_100345
20598,6065_100345
2254,100347
2876,200000
3612,200000
12123_54559_8909_26765_14904_11291_26729_30043_15286_18292_18293_5500_5501,300000
43424,400000
24635,400000
5557,400002
5066,400003
19268,400004
5137,400005
18470,19637
4577,1306
2177,5803_18619
2615,5236
20236,1271
15661,10029
21187_11237_11470,5347
19280,7591
5098,5264
859_8449,1147
1147,19773
5292,9172
10643,4967
19269,12208_19306
3799,5642
6573,13225_12923_12071_10020_6536
1045,10562
20283_6651,1280
6500_3096_2323,11927
5166,9808
6292,3308
6292,6362
2598,3669
2598,3002
5044,6947
